arm,target,family,dimension,init,cell,seed,ed2,sw1,mode_coverage,mass_error,support_coverage,residual,event_time,censored,diverged,degenerate_rows,training_kernel_pairs,total_kernel_pairs,generator_forwards,wall_seconds,particle_spread,spread_ratio,tau,eta,sigma_ratio,sigma,gain,crossfit,mask,norm_clip,pq_p10,pq_median,delta_norm_median,ess_pos_median,ess_neg_median,field_norm_median,self_leverage_mean
paper,NCJT-gaussian-2d-aniso,gaussian,2,covered,NCJT-gaussian-2d-aniso/covered,0,0.008572429892265365,0.05606282744358546,nan,nan,0.9208984375,0.03781998700788875,1,0,0,0,2150400,2155776,0,0.20097510000050534,0.8401309173616854,1.2281951519501424,0.35,0.0525,0.0,0.0,paper,0,1,,0.23215015070621514,0.5863358044248721,0.06217448780576966,33.36739442381194,24.644809416891228,0.029721422694391115,nan
paper,NCJT-gaussian-2d-aniso,gaussian,2,covered,NCJT-gaussian-2d-aniso/covered,1,0.007105969876245344,0.04840331189934195,nan,nan,0.908203125,0.04138271951058597,1,0,0,0,2150400,2155776,0,0.21077399999194313,0.8190490747788274,1.172990786699601,0.35,0.0525,0.0,0.0,paper,0,1,,0.19045556310388442,0.5804455382563002,0.0748333563479752,33.04728943335084,25.348540522351346,0.03918312243812057,nan
paper,NCJT-gaussian-2d-aniso,gaussian,2,covered,NCJT-gaussian-2d-aniso/covered,2,0.007017739062236239,0.04778999096633131,nan,nan,0.8955078125,0.043723062270625564,1,0,0,0,2150400,2155776,0,0.20593530000769533,0.8275741132140626,1.1767980624302872,0.35,0.0525,0.0,0.0,paper,0,1,,0.19187327227936418,0.5708905277718487,0.07493697600071864,34.16900211368795,24.845338985076317,0.037767576913598486,nan
paper,NCJT-gaussian-2d-aniso,gaussian,2,covered,NCJT-gaussian-2d-aniso/covered,3,0.007294829037378214,0.051044703675050436,nan,nan,0.9111328125,0.058513185418401246,1,0,0,0,2150400,2155776,0,0.20000110000546556,0.8347823811367188,1.2008131515125988,0.35,0.0525,0.0,0.0,paper,0,1,,0.26576238697352295,0.5934075044880259,0.09959622567582305,30.88768843926845,25.24291928718324,0.047235156597788056,nan
paper,NCJT-gaussian-2d-aniso,gaussian,2,covered,NCJT-gaussian-2d-aniso/covered,4,0.010777108226109222,0.06310622791367258,nan,nan,0.8994140625,0.03794766352381966,1,0,0,0,2150400,2155776,0,0.19564820000960026,0.8740732228590418,1.2933080195644382,0.35,0.0525,0.0,0.0,paper,0,1,,0.20524938339180468,0.5978979396535529,0.0471203733494773,32.245453924912525,24.56124992028013,0.026627344982688077,nan
paper,NCJT-gaussian-2d-aniso,gaussian,2,covered,NCJT-gaussian-2d-aniso/covered,5,0.006737089458081269,0.04755726934727722,nan,nan,0.9072265625,0.03502009255258569,1,0,0,0,2150400,2155776,0,0.19878659999812953,0.8228658505846757,1.1961661632758949,0.35,0.0525,0.0,0.0,paper,0,1,,0.19484491887172078,0.5783162120427014,0.049953852783722746,37.161204718952106,24.98239982386543,0.02481649266751789,nan
normalized-only,NCJT-gaussian-2d-aniso,gaussian,2,covered,NCJT-gaussian-2d-aniso/covered,0,0.016548643310561495,0.09396416578003138,nan,nan,0.921875,0.09084122552053688,1,0,0,0,2150400,2155776,0,0.19959779999044258,0.9974407380217538,1.458167832512337,0.35,0.0525,0.0,0.0,constant,0,1,2.0,0.16703199460429885,0.5717292285143134,0.06660177419774296,32.082576327711216,24.313308875853597,0.06660177419774296,nan
normalized-only,NCJT-gaussian-2d-aniso,gaussian,2,covered,NCJT-gaussian-2d-aniso/covered,1,0.014532675411082496,0.08110563569582327,nan,nan,0.8935546875,0.12028804912920699,1,0,0,0,2150400,2155776,0,0.19879470000159927,0.9812390677707679,1.405269136474665,0.35,0.0525,0.0,0.0,constant,0,1,2.0,0.09868279002992017,0.59567109275324,0.0788946960720327,31.13849815038307,24.186379277708035,0.0788946960720327,nan
normalized-only,NCJT-gaussian-2d-aniso,gaussian,2,covered,NCJT-gaussian-2d-aniso/covered,2,0.01271555307013883,0.0746382201744673,nan,nan,0.880859375,0.14454560927359592,1,0,0,0,2150400,2155776,0,0.19822279999789316,0.9529498964266305,1.355080558709948,0.35,0.0525,0.0,0.0,constant,0,1,2.0,0.18012209077458294,0.5721335570658437,0.07379419966797825,33.91701075679517,24.878932137050136,0.07379419966797825,nan
normalized-only,NCJT-gaussian-2d-aniso,gaussian,2,covered,NCJT-gaussian-2d-aniso/covered,3,0.014154466402996446,0.0840469209979676,nan,nan,0.892578125,0.1250479956696592,1,0,0,0,2150400,2155776,0,0.19862869998905808,0.9963393332952446,1.4332087042386652,0.35,0.0525,0.0,0.0,constant,0,1,2.0,0.18718680274038196,0.5869900669246476,0.09998526999044935,30.487518327147626,23.843329568796925,0.09998526999044935,nan
normalized-only,NCJT-gaussian-2d-aniso,gaussian,2,covered,NCJT-gaussian-2d-aniso/covered,4,0.019392720752677173,0.1026014015445379,nan,nan,0.8916015625,0.10848799802541757,1,0,0,0,2150400,2155776,0,0.1944977000093786,1.0211915804000349,1.5109892694379385,0.35,0.0525,0.0,0.0,constant,0,1,2.0,0.1279391522177784,0.6006099805731596,0.05117267636454616,31.97917133577384,23.890394626165005,0.05117267636454616,nan
normalized-only,NCJT-gaussian-2d-aniso,gaussian,2,covered,NCJT-gaussian-2d-aniso/covered,5,0.015871942027229857,0.08876364461725875,nan,nan,0.9052734375,0.13993556125911952,1,0,0,0,2150400,2155776,0,0.19362200000614394,1.0095215110471725,1.4674998017669207,0.35,0.0525,0.0,0.0,constant,0,1,2.0,0.09291979927750298,0.575178892129836,0.055544701764931065,35.183834492305664,24.356146007138143,0.055544701764931065,nan
abc,NCJT-gaussian-2d-aniso,gaussian,2,covered,NCJT-gaussian-2d-aniso/covered,0,0.015654299307613195,0.09077899398932623,nan,nan,0.9267578125,0.0983189341723626,1,0,0,0,2150400,2155776,0,0.20492089999606833,0.9766975213259931,1.4278431323315715,0.35,0.0525,0.0,0.0,abc,0,1,2.0,0.14539514401669934,0.5772251811908035,0.06917052179897087,32.014864375715376,24.51222012089484,0.06959419757740702,nan
abc,NCJT-gaussian-2d-aniso,gaussian,2,covered,NCJT-gaussian-2d-aniso/covered,1,0.01577861045939921,0.08496851403391209,nan,nan,0.89453125,0.12346862327443917,1,0,0,0,2150400,2155776,0,0.22393549999105744,1.009933016654539,1.4463628129235173,0.35,0.0525,0.0,0.0,abc,0,1,2.0,0.11492044651440024,0.5973616174009313,0.08057543651797297,30.720782247173513,24.123035226841214,0.07908917118752003,nan
abc,NCJT-gaussian-2d-aniso,gaussian,2,covered,NCJT-gaussian-2d-aniso/covered,2,0.012412954342974292,0.07297491148709034,nan,nan,0.880859375,0.2305868759197149,1,0,0,0,2150400,2155776,0,0.20467760000610724,0.9393087204138909,1.3356830096025725,0.35,0.0525,0.0,0.0,abc,0,1,2.0,0.14861732695855553,0.5702090429288278,0.0728295286480227,34.04217063131704,25.04136425276114,0.07407656418638336,nan
abc,NCJT-gaussian-2d-aniso,gaussian,2,covered,NCJT-gaussian-2d-aniso/covered,3,0.014566475909161936,0.08530481293136624,nan,nan,0.9033203125,0.1266979230799222,1,0,0,0,2150400,2155776,0,0.20553099999960978,1.010235813883548,1.4531984369249873,0.35,0.0525,0.0,0.0,abc,0,1,2.0,0.1868200972242317,0.5844574580984014,0.10249833205365894,30.62504982624924,23.96084045037646,0.09803923044803925,nan
abc,NCJT-gaussian-2d-aniso,gaussian,2,covered,NCJT-gaussian-2d-aniso/covered,4,0.018896495390617885,0.10020556490357986,nan,nan,0.8935546875,0.11064378809414512,1,0,0,0,2150400,2155776,0,0.20585170001140796,1.0092127388121852,1.4932649741666757,0.35,0.0525,0.0,0.0,abc,0,1,2.0,0.15091664074442324,0.6015395619622383,0.05179350251481749,31.93148576702766,23.883652420251146,0.050163939274593075,nan
abc,NCJT-gaussian-2d-aniso,gaussian,2,covered,NCJT-gaussian-2d-aniso/covered,5,0.015277808538393223,0.08669361971962117,nan,nan,0.90234375,0.14419046989589548,1,0,0,0,2150400,2155776,0,0.2063170000037644,0.9931019332691405,1.4436313384695274,0.35,0.0525,0.0,0.0,abc,0,1,2.0,0.08694799188896778,0.5792156931071688,0.05422966281416798,35.24486071989208,24.435268702411868,0.05527746782940908,nan
normalized-crossfit,NCJT-gaussian-2d-aniso,gaussian,2,covered,NCJT-gaussian-2d-aniso/covered,0,0.0023479630451448408,0.029191805453957678,nan,nan,0.9404296875,0.13044570627050756,1,0,0,0,2150400,2155776,0,0.19548520000535063,0.6677501955979794,0.9761901817905886,0.35,0.0525,0.0,0.0,constant,1,0,2.0,0.37221354887116603,0.5604993002805074,0.11355594773982254,33.40453313293199,26.61485289146839,0.11355594773982254,nan
normalized-crossfit,NCJT-gaussian-2d-aniso,gaussian,2,covered,NCJT-gaussian-2d-aniso/covered,1,0.003718935519647859,0.042490262304525094,nan,nan,0.9169921875,0.19223871025024294,1,0,0,0,2150400,2155776,0,0.19628930000180844,0.6491423770481272,0.9296610557057857,0.35,0.0525,0.0,0.0,constant,1,0,2.0,0.37131323110238407,0.5594196215713425,0.1851245553296254,33.775149868786656,24.012812672091044,0.1851245553296254,nan
normalized-crossfit,NCJT-gaussian-2d-aniso,gaussian,2,covered,NCJT-gaussian-2d-aniso/covered,2,0.003973466033841189,0.04627847868438958,nan,nan,0.912109375,0.07627056224345005,1,0,0,0,2150400,2155776,0,0.19486529999994673,0.6509363491122604,0.9256217928636586,0.35,0.0525,0.0,0.0,constant,1,0,2.0,0.3861525312849259,0.5613828929916611,0.057012435160607416,35.38755947349509,25.302189274417213,0.057012435160607416,nan
normalized-crossfit,NCJT-gaussian-2d-aniso,gaussian,2,covered,NCJT-gaussian-2d-aniso/covered,3,0.0035000488527425766,0.03829411111765931,nan,nan,0.9130859375,0.17188712753097218,1,0,0,0,2150400,2155776,0,0.19658560000243597,0.6708511784511133,0.9650022999945039,0.35,0.0525,0.0,0.0,constant,1,0,2.0,0.4098062153759702,0.576347822988296,0.14625442462656624,31.712617887956313,25.496265216781595,0.14625442462656624,nan
normalized-crossfit,NCJT-gaussian-2d-aniso,gaussian,2,covered,NCJT-gaussian-2d-aniso/covered,4,0.0027610273606566427,0.02868231734524856,nan,nan,0.916015625,0.08536649057940032,1,0,0,0,2150400,2155776,0,0.19703929999377578,0.6767354060308489,1.0013203755173696,0.35,0.0525,0.0,0.0,constant,1,0,2.0,0.41378288575790206,0.5641387571177099,0.07065576775803148,33.21115921634579,24.539899303619514,0.07065576775803148,nan
normalized-crossfit,NCJT-gaussian-2d-aniso,gaussian,2,covered,NCJT-gaussian-2d-aniso/covered,5,0.0026244075302702674,0.0324059677963644,nan,nan,0.9169921875,0.13089494198984186,1,0,0,0,2150400,2155776,0,0.1930181000061566,0.6828533026275531,0.9926356945107198,0.35,0.0525,0.0,0.0,constant,1,0,2.0,0.3712227197703682,0.558845718704389,0.08871088527660029,37.97484865998628,24.918587024043433,0.08871088527660029,nan
paper,NCJT-gaussian-2d-aniso,gaussian,2,missing,NCJT-gaussian-2d-aniso/missing,0,0.006592259711387549,0.04614055064265695,nan,nan,0.9130859375,0.03029308098605013,1,0,0,0,2150400,2155776,0,0.1950566000014078,0.8085012686538016,1.1503838997777844,0.35,0.0525,0.0,0.0,paper,0,1,,0.18860690179406553,0.6222263240807449,0.04782068651753148,29.264406169374134,25.38374154872189,0.023621011238388716,nan
paper,NCJT-gaussian-2d-aniso,gaussian,2,missing,NCJT-gaussian-2d-aniso/missing,1,0.005293835371349087,0.04019818427837858,nan,nan,0.9013671875,0.03172771361403306,1,0,0,0,2150400,2155776,0,0.19385149999288842,0.8214401297285837,1.1612806002978653,0.35,0.0525,0.0,0.0,paper,0,1,,0.20796793568614627,0.5895271688652641,0.0537701250712672,32.52473878060681,25.007124688675308,0.028669511355889257,nan
paper,NCJT-gaussian-2d-aniso,gaussian,2,missing,NCJT-gaussian-2d-aniso/missing,2,0.0043631590213739635,0.03503970082795964,nan,nan,0.9033203125,0.02341582592055053,1,0,0,0,2150400,2155776,0,0.19528050000371877,0.7798987659147082,1.0876331987858097,0.35,0.0525,0.0,0.0,paper,0,1,,0.2622501577722893,0.5974309747025144,0.0345800499706425,33.576689221709586,25.57913339032759,0.02104784107151208,nan
paper,NCJT-gaussian-2d-aniso,gaussian,2,missing,NCJT-gaussian-2d-aniso/missing,3,0.0049140404199990995,0.03695778922188598,nan,nan,0.916015625,0.04553431408058028,1,0,0,0,2150400,2155776,0,0.19987330000731163,0.7920747963879301,1.1063105483162068,0.35,0.0525,0.0,0.0,paper,0,1,,0.2527911982233504,0.5848351489700473,0.07617953711491343,32.606979792990145,25.030175542183684,0.04279713234306501,nan
paper,NCJT-gaussian-2d-aniso,gaussian,2,missing,NCJT-gaussian-2d-aniso/missing,4,0.0046124670606572105,0.03807812353444943,nan,nan,0.90234375,0.038258549283190425,1,0,0,0,2150400,2155776,0,0.19781900000816677,0.7925078395323727,1.1023083183781395,0.35,0.0525,0.0,0.0,paper,0,1,,0.23766998408498272,0.5938542720548323,0.06503779618433328,34.061490193236,25.15985211379769,0.036249211350456306,nan
paper,NCJT-gaussian-2d-aniso,gaussian,2,missing,NCJT-gaussian-2d-aniso/missing,5,0.005287934561318153,0.04118544772300757,nan,nan,0.9150390625,0.025660697610582005,1,0,0,0,2150400,2155776,0,0.20180289998825174,0.805222416152259,1.1068325314666148,0.35,0.0525,0.0,0.0,paper,0,1,,0.19317743522536518,0.5895937104605398,0.04113180458817532,34.33760793271064,24.736585394592552,0.024365379021268757,nan
normalized-only,NCJT-gaussian-2d-aniso,gaussian,2,missing,NCJT-gaussian-2d-aniso/missing,0,0.016750200194059928,0.09639939447537361,nan,nan,0.916015625,0.0810764358522122,1,0,0,0,2150400,2155776,0,0.19429769999987911,1.0351063015199284,1.4728110764869307,0.35,0.0525,0.0,0.0,constant,0,1,2.0,0.0818368852194725,0.6240595754734652,0.04868069979083383,29.344710383201758,23.910890665747168,0.04868069979083383,nan
normalized-only,NCJT-gaussian-2d-aniso,gaussian,2,missing,NCJT-gaussian-2d-aniso/missing,1,0.013810019957976816,0.08077984542132255,nan,nan,0.9072265625,0.07995692633179574,1,0,0,0,2150400,2155776,0,0.19738080000388436,1.0131135734020154,1.4322518417488859,0.35,0.0525,0.0,0.0,constant,0,1,2.0,0.07694658982198943,0.5996306033370886,0.056987057947775754,32.24616307684202,24.862069998687254,0.056987057947775754,nan
normalized-only,NCJT-gaussian-2d-aniso,gaussian,2,missing,NCJT-gaussian-2d-aniso/missing,2,0.012827571075476163,0.07424186708822736,nan,nan,0.896484375,0.0824928555659696,1,0,0,0,2150400,2155776,0,0.1961388000054285,1.0054365602590334,1.4021642679844002,0.35,0.0525,0.0,0.0,constant,0,1,2.0,0.14817808454941567,0.5928716244980914,0.036309918286191935,33.57377477023189,24.04909463239099,0.036309918286191935,nan
normalized-only,NCJT-gaussian-2d-aniso,gaussian,2,missing,NCJT-gaussian-2d-aniso/missing,3,0.015012856585447043,0.08905574641434254,nan,nan,0.890625,0.12704334277128632,1,0,0,0,2150400,2155776,0,0.20279789999767672,1.050428504691155,1.4671595918609304,0.35,0.0525,0.0,0.0,constant,0,1,2.0,0.15495454783656806,0.5859284485547906,0.07360692313859132,32.092844148520186,24.07657596549878,0.07360692313859132,nan
normalized-only,NCJT-gaussian-2d-aniso,gaussian,2,missing,NCJT-gaussian-2d-aniso/missing,4,0.011731760503676636,0.07644562251132042,nan,nan,0.8896484375,0.08614834512765412,1,0,0,0,2150400,2155776,0,0.19898640000610612,0.9497678662377953,1.3210431080403366,0.35,0.0525,0.0,0.0,constant,0,1,2.0,0.09363996070307944,0.5903801240382928,0.06912781418535305,34.597973121748,24.39955872735703,0.06912781418535305,nan
normalized-only,NCJT-gaussian-2d-aniso,gaussian,2,missing,NCJT-gaussian-2d-aniso/missing,5,0.014412616233782094,0.08625527276922432,nan,nan,0.9091796875,0.12508813540490127,1,0,0,0,2150400,2155776,0,0.1979912999959197,1.026846716369304,1.4114700829345872,0.35,0.0525,0.0,0.0,constant,0,1,2.0,0.11099882333149863,0.5969662059694498,0.04462782898224842,33.88304765639798,24.1988738366004,0.04462782898224842,nan
abc,NCJT-gaussian-2d-aniso,gaussian,2,missing,NCJT-gaussian-2d-aniso/missing,0,0.016413420886782437,0.09415637243909857,nan,nan,0.9150390625,0.08830903310907305,1,0,0,0,2150400,2155776,0,0.21989560000656638,1.0180944608467595,1.4486056133976966,0.35,0.0525,0.0,0.0,abc,0,1,2.0,0.08794612626409283,0.6210405904344478,0.04683193200345147,29.37876206991616,23.97336721582916,0.04654870750991445,nan
abc,NCJT-gaussian-2d-aniso,gaussian,2,missing,NCJT-gaussian-2d-aniso/missing,1,0.014288917595512873,0.08258211515764427,nan,nan,0.9072265625,0.07759341602373751,1,0,0,0,2150400,2155776,0,0.20849090001138393,1.0223963611817612,1.4453750396243814,0.35,0.0525,0.0,0.0,abc,0,1,2.0,0.07997610355441502,0.6018030488497772,0.057486329505554865,32.12776039396844,24.867642763221436,0.055706969931485745,nan
abc,NCJT-gaussian-2d-aniso,gaussian,2,missing,NCJT-gaussian-2d-aniso/missing,2,0.0133126450840102,0.07600381270258763,nan,nan,0.9033203125,0.08985259731572116,1,0,0,0,2150400,2155776,0,0.20595920000050683,1.0149620917374955,1.4154484078302987,0.35,0.0525,0.0,0.0,abc,0,1,2.0,0.14888593531651367,0.5950884235832854,0.03619756569330773,33.46772763441932,24.030319008867803,0.03641060732173068,nan
abc,NCJT-gaussian-2d-aniso,gaussian,2,missing,NCJT-gaussian-2d-aniso/missing,3,0.014875264933155385,0.0876004395606333,nan,nan,0.8896484375,0.13903422588372014,1,0,0,0,2150400,2155776,0,0.2204356000002008,1.0368190577692933,1.4481509391995078,0.35,0.0525,0.0,0.0,abc,0,1,2.0,0.11195550906405011,0.5825043380023286,0.07345269424995843,32.02770348057625,24.09301664865228,0.07405251675082741,nan
abc,NCJT-gaussian-2d-aniso,gaussian,2,missing,NCJT-gaussian-2d-aniso/missing,4,0.012768769241197964,0.07954130775655756,nan,nan,0.8994140625,0.09414539788079666,1,0,0,0,2150400,2155776,0,0.20773900000494905,0.9896563867993143,1.376524512550738,0.35,0.0525,0.0,0.0,abc,0,1,2.0,0.10087352420163238,0.5876578567345614,0.06841552499858339,34.590965277099194,24.482182400625128,0.06827157330297934,nan
abc,NCJT-gaussian-2d-aniso,gaussian,2,missing,NCJT-gaussian-2d-aniso/missing,5,0.014189919091026404,0.08468893643002787,nan,nan,0.908203125,0.1351020785269779,1,0,0,0,2150400,2155776,0,0.21070280000276398,1.0087076460637798,1.3865367071343313,0.35,0.0525,0.0,0.0,abc,0,1,2.0,0.11169106441275929,0.6023300157223269,0.04501594242830313,33.96740479180963,24.212074535734374,0.045065668640922575,nan
normalized-crossfit,NCJT-gaussian-2d-aniso,gaussian,2,missing,NCJT-gaussian-2d-aniso/missing,0,0.0031007199705034294,0.04012062826843503,nan,nan,0.9365234375,0.075703545205282,1,0,0,0,2150400,2155776,0,0.1971205000008922,0.6688372911812878,0.9516616499898198,0.35,0.0525,0.0,0.0,constant,1,0,2.0,0.4065620475975063,0.5807207760682065,0.05800104693819105,31.77816836073201,24.50748093863612,0.05800104693819105,nan
normalized-crossfit,NCJT-gaussian-2d-aniso,gaussian,2,missing,NCJT-gaussian-2d-aniso/missing,1,0.002768378175170061,0.03714262280743495,nan,nan,0.9326171875,0.08671082204788734,1,0,0,0,2150400,2155776,0,0.19931580001139082,0.6698185359250177,0.9469311801782246,0.35,0.0525,0.0,0.0,constant,1,0,2.0,0.4178711390000274,0.5670713110600789,0.05969516511473498,35.61114182180444,25.32014507704907,0.05969516511473498,nan
normalized-crossfit,NCJT-gaussian-2d-aniso,gaussian,2,missing,NCJT-gaussian-2d-aniso/missing,2,0.003201057765816695,0.043268484765988234,nan,nan,0.9150390625,0.06594144304908345,1,0,0,0,2150400,2155776,0,0.1996142999996664,0.6474231479892522,0.9028850155823142,0.35,0.0525,0.0,0.0,constant,1,0,2.0,0.41697167461796714,0.5877896715666744,0.03825441958773447,36.467969312156605,24.930885856717087,0.03825441958773447,nan
normalized-crossfit,NCJT-gaussian-2d-aniso,gaussian,2,missing,NCJT-gaussian-2d-aniso/missing,3,0.003055406856162568,0.04084712861162888,nan,nan,0.9248046875,0.10714298689733533,1,0,0,0,2150400,2155776,0,0.20154200000979472,0.6576616565190051,0.9185723761796653,0.35,0.0525,0.0,0.0,constant,1,0,2.0,0.4069732953188953,0.5576166775851916,0.09844586117508636,33.65064581854848,26.075042602945274,0.09844586117508636,nan
normalized-crossfit,NCJT-gaussian-2d-aniso,gaussian,2,missing,NCJT-gaussian-2d-aniso/missing,4,0.0036801717239509646,0.04319379541177321,nan,nan,0.9013671875,0.08481743252418916,1,0,0,0,2150400,2155776,0,0.19397620001109317,0.6624756581236061,0.9214450535954022,0.35,0.0525,0.0,0.0,constant,1,0,2.0,0.38940815932230494,0.5550657485022532,0.06333198143163515,36.01385178242623,24.715328986340126,0.06333198143163515,nan
normalized-crossfit,NCJT-gaussian-2d-aniso,gaussian,2,missing,NCJT-gaussian-2d-aniso/missing,5,0.004728702342469471,0.05685977132819743,nan,nan,0.9140625,0.10275385611400333,1,0,0,0,2150400,2155776,0,0.20124280000163708,0.6683552038396204,0.9186993150533606,0.35,0.0525,0.0,0.0,constant,1,0,2.0,0.36546762344747724,0.5889374637845914,0.06254563965897361,34.54296598859304,24.410574087089138,0.06254563965897361,nan
paper,NCJT-gaussian-2d-aniso,gaussian,2,far,NCJT-gaussian-2d-aniso/far,0,11.21746873326133,4.469497873982821,nan,nan,0.0,0.0020830214969455546,400,1,0,0,2150400,2155776,0,0.1991078999999445,0.19941775273478476,0.27798987207894094,0.35,0.0525,0.0,0.0,paper,0,1,,0.00016095896798692922,0.00028172297670536696,5.966677586501852,48.213495699108634,43.51643684445686,0.001682457315102394,nan
paper,NCJT-gaussian-2d-aniso,gaussian,2,far,NCJT-gaussian-2d-aniso/far,1,11.130500359577942,3.880546939627516,nan,nan,0.0,0.0024511529017925784,400,1,0,0,2150400,2155776,0,0.19396119999873918,0.2099949049254425,0.29174734166253663,0.35,0.0525,0.0,0.0,paper,0,1,,0.0002082132549598686,0.000349667454136006,5.896234325573925,52.57261320802728,42.83406563354943,0.002057217977008602,nan
paper,NCJT-gaussian-2d-aniso,gaussian,2,far,NCJT-gaussian-2d-aniso/far,2,11.129827250658122,3.8924252171112537,nan,nan,0.0,0.002653376717933438,400,1,0,0,2150400,2155776,0,0.20173259999137372,0.21298782576471212,0.3032324684106241,0.35,0.0525,0.0,0.0,paper,0,1,,0.00018853562151378153,0.0003642525051261749,5.841508223969269,50.33422982557835,42.800531969858866,0.0021298562870898027,nan
paper,NCJT-gaussian-2d-aniso,gaussian,2,far,NCJT-gaussian-2d-aniso/far,3,11.096932125560174,3.3366114773075006,nan,nan,0.0,0.002312709418444709,400,1,0,0,2150400,2155776,0,0.19460590000380762,0.2127850280661307,0.3061904204137495,0.35,0.0525,0.0,0.0,paper,0,1,,0.000218946989579098,0.0003366059711471009,5.872882430159349,46.81381611618552,43.296831793643584,0.0019790643874844195,nan
paper,NCJT-gaussian-2d-aniso,gaussian,2,far,NCJT-gaussian-2d-aniso/far,4,11.074604731628833,4.105172873421305,nan,nan,0.0,0.002782809184334331,400,1,0,0,2150400,2155776,0,0.20159480000438634,0.24841229570631077,0.3624271189691834,0.35,0.0525,0.0,0.0,paper,0,1,,0.000170995362656652,0.0002869828197266814,5.946942432053076,48.68800513283891,41.49158274039969,0.0017066564793371537,nan
paper,NCJT-gaussian-2d-aniso,gaussian,2,far,NCJT-gaussian-2d-aniso/far,5,11.191011442126685,3.807989828397752,nan,nan,0.0,0.0024101767786302844,400,1,0,0,2150400,2155776,0,0.2166917000140529,0.22285818013460207,0.3360625089228802,0.35,0.0525,0.0,0.0,paper,0,1,,0.00020459621146091836,0.0003138661029812745,5.892141661694255,48.996208713832345,43.17612416348429,0.0018489206100342126,nan
normalized-only,NCJT-gaussian-2d-aniso,gaussian,2,far,NCJT-gaussian-2d-aniso/far,0,0.012699258487006482,0.07828957456842228,nan,nan,0.9052734375,0.10715230307398398,96,0,0,0,2150400,2155776,0,0.19460499999695458,1.0073333735924115,1.404230424952315,0.35,0.0525,0.0,0.0,constant,0,1,2.0,0.08172831622065999,0.5899427988662467,0.05113558434290295,31.714288228640925,23.71989290118742,0.05113558434290295,nan
normalized-only,NCJT-gaussian-2d-aniso,gaussian,2,far,NCJT-gaussian-2d-aniso/far,1,0.013735254755276038,0.07812576087319924,nan,nan,0.880859375,0.18683432420422993,97,0,0,0,2150400,2155776,0,0.202416500003892,1.0426817733174154,1.448604839595227,0.35,0.0525,0.0,0.0,constant,0,1,2.0,0.12138091042228825,0.5899708534611856,0.07568541218581457,36.30338255907554,23.894334227915344,0.07568541218581457,nan
normalized-only,NCJT-gaussian-2d-aniso,gaussian,2,far,NCJT-gaussian-2d-aniso/far,2,0.01357292867154114,0.0788833934840804,nan,nan,0.8984375,0.10600139421942405,96,0,0,0,2150400,2155776,0,0.1956793999997899,0.9820709046371117,1.398182189513223,0.35,0.0525,0.0,0.0,constant,0,1,2.0,0.09314071324323096,0.602152733730499,0.052891604273752814,34.022583422955364,23.526658206501672,0.052891604273752814,nan
normalized-only,NCJT-gaussian-2d-aniso,gaussian,2,far,NCJT-gaussian-2d-aniso/far,3,0.0134411257529512,0.08026496045911476,nan,nan,0.8818359375,0.09315963640609304,96,0,0,0,2150400,2155776,0,0.19564079999690875,0.9978881194610013,1.4359270743836874,0.35,0.0525,0.0,0.0,constant,0,1,2.0,0.16818449642657002,0.5816036379300913,0.037840767166252655,33.015131685879325,24.41975766735048,0.037840767166252655,nan
normalized-only,NCJT-gaussian-2d-aniso,gaussian,2,far,NCJT-gaussian-2d-aniso/far,4,0.01648525900660336,0.09508991266535965,nan,nan,0.900390625,0.14933628587717007,90,0,0,0,2150400,2155776,0,0.19575949999853037,1.018108300031097,1.4853936957095215,0.35,0.0525,0.0,0.0,constant,0,1,2.0,0.1484612152253647,0.582214218363308,0.08834449562177138,35.20487525457576,23.664848046835495,0.08834449562177138,nan
normalized-only,NCJT-gaussian-2d-aniso,gaussian,2,far,NCJT-gaussian-2d-aniso/far,5,0.0173652918254128,0.0953706100234874,nan,nan,0.916015625,0.10700946833307931,96,0,0,0,2150400,2155776,0,0.19480700000713114,0.9922052574269989,1.4962115726512542,0.35,0.0525,0.0,0.0,constant,0,1,2.0,0.06701386741854956,0.595133487753364,0.07813837526203288,31.20719329315383,24.09616703245432,0.07813837526203288,nan
abc,NCJT-gaussian-2d-aniso,gaussian,2,far,NCJT-gaussian-2d-aniso/far,0,0.013673115858109153,0.08277420630865107,nan,nan,0.9072265625,0.1087879825210268,96,0,0,0,2150400,2155776,0,0.2031663999950979,1.0196329375889943,1.4213761112071597,0.35,0.0525,0.0,0.0,abc,0,1,2.0,0.07887908772087977,0.5956721945414212,0.05767962223643261,31.790460199935776,23.574388525273612,0.056929321528215476,nan
abc,NCJT-gaussian-2d-aniso,gaussian,2,far,NCJT-gaussian-2d-aniso/far,1,0.013672013143250616,0.07739979707723525,nan,nan,0.873046875,0.19950121105554608,97,0,0,0,2150400,2155776,0,0.19984390000172425,1.0341538168433573,1.4367568919890523,0.35,0.0525,0.0,0.0,abc,0,1,2.0,0.10380897938859301,0.5903514783975794,0.07257718424730569,36.46989932351451,23.855515194100057,0.07489918436420595,nan
abc,NCJT-gaussian-2d-aniso,gaussian,2,far,NCJT-gaussian-2d-aniso/far,2,0.014363119874446273,0.08221283898998487,nan,nan,0.8994140625,0.12094941044935968,96,0,0,0,2150400,2155776,0,0.20570880000013858,0.9977390878544203,1.4204891070820373,0.35,0.0525,0.0,0.0,abc,0,1,2.0,0.08596206114768744,0.6034227587956413,0.05277840006667628,34.04111976435901,23.929503876323775,0.05307421096088856,nan
abc,NCJT-gaussian-2d-aniso,gaussian,2,far,NCJT-gaussian-2d-aniso/far,3,0.012970004108692867,0.07847919722117466,nan,nan,0.8779296875,0.11191482099802691,97,0,0,0,2150400,2155776,0,0.20595230000617448,0.9821360952890688,1.413260447190008,0.35,0.0525,0.0,0.0,abc,0,1,2.0,0.1709788690726106,0.5778639501899818,0.03886636815820271,33.00199853941014,24.472716097937173,0.038841324271739884,nan
abc,NCJT-gaussian-2d-aniso,gaussian,2,far,NCJT-gaussian-2d-aniso/far,4,0.016921120108517984,0.09699893678357367,nan,nan,0.896484375,0.15811883672179491,90,0,0,0,2150400,2155776,0,0.20238319999771193,1.0201047585660927,1.4883064771115957,0.35,0.0525,0.0,0.0,abc,0,1,2.0,0.09956616576010113,0.5782795394928516,0.08651894563817367,35.06938675942756,23.900348930676742,0.08535682263116601,nan
abc,NCJT-gaussian-2d-aniso,gaussian,2,far,NCJT-gaussian-2d-aniso/far,5,0.018597172024622743,0.1005566127229739,nan,nan,0.9169921875,0.11598506414077316,97,0,0,0,2150400,2155776,0,0.20167799999762792,1.0191650798267613,1.536866062202893,0.35,0.0525,0.0,0.0,abc,0,1,2.0,0.07133718985744301,0.590393395256064,0.08008037596330145,31.19818687120102,24.01494191462635,0.07835000060735331,nan
normalized-crossfit,NCJT-gaussian-2d-aniso,gaussian,2,far,NCJT-gaussian-2d-aniso/far,0,0.0033023317989478995,0.04027513260271622,nan,nan,0.9130859375,0.12384097491376765,98,0,0,0,2150400,2155776,0,0.19155410000530537,0.6692870819073156,0.9329913096099616,0.35,0.0525,0.0,0.0,constant,1,0,2.0,0.3836877391431035,0.5429272656852018,0.054953320164034605,33.09804430773922,25.814057444403353,0.054953320164034605,nan
normalized-crossfit,NCJT-gaussian-2d-aniso,gaussian,2,far,NCJT-gaussian-2d-aniso/far,1,0.0034230803340644655,0.04398843733198009,nan,nan,0.912109375,0.14687545573671287,98,0,0,0,2150400,2155776,0,0.19581630000902805,0.6630806895322141,0.9212224865525632,0.35,0.0525,0.0,0.0,constant,1,0,2.0,0.30245468460291136,0.6008556541547488,0.11804681489792053,38.65049261805866,26.019621904799493,0.11804681489792053,nan
normalized-crossfit,NCJT-gaussian-2d-aniso,gaussian,2,far,NCJT-gaussian-2d-aniso/far,2,0.0025697305443203033,0.035484054840370885,nan,nan,0.9208984375,0.16162823275917287,99,0,0,0,2150400,2155776,0,0.19739680000930093,0.6653910122777971,0.9473224978320302,0.35,0.0525,0.0,0.0,constant,1,0,2.0,0.3431223535850196,0.5780706910274569,0.13610918052895538,36.54068510957191,24.397103242269665,0.13610918052895538,nan
normalized-crossfit,NCJT-gaussian-2d-aniso,gaussian,2,far,NCJT-gaussian-2d-aniso/far,3,0.0031335528651547095,0.03748506030810261,nan,nan,0.8984375,0.09794598533136789,99,0,0,0,2150400,2155776,0,0.19783030000689905,0.6750583006625227,0.9713859417750516,0.35,0.0525,0.0,0.0,constant,1,0,2.0,0.35684651759574504,0.5728216778506173,0.0490110980989672,34.207295498357205,26.50409964111409,0.0490110980989672,nan
normalized-crossfit,NCJT-gaussian-2d-aniso,gaussian,2,far,NCJT-gaussian-2d-aniso/far,4,0.0033402641592654714,0.0351735247634428,nan,nan,0.9208984375,0.11319514456071378,92,0,0,0,2150400,2155776,0,0.19939890000387095,0.6784560289689382,0.9898498108853409,0.35,0.0525,0.0,0.0,constant,1,0,2.0,0.35552835424487345,0.5808550857243282,0.07731573214797492,36.25025558812371,25.97673967327512,0.07731573214797492,nan
normalized-crossfit,NCJT-gaussian-2d-aniso,gaussian,2,far,NCJT-gaussian-2d-aniso/far,5,0.002401800296443546,0.027493606420167873,nan,nan,0.9287109375,0.09407646518611187,99,0,0,0,2150400,2155776,0,0.19624990000738762,0.6664389342973843,1.004967105845515,0.35,0.0525,0.0,0.0,constant,1,0,2.0,0.42145989690803426,0.5673285334648144,0.08144380789418554,34.55714193999892,25.184127673905834,0.08144380789418554,nan
paper,NCJT-gaussian-2d-aniso,gaussian,2,concentrated,NCJT-gaussian-2d-aniso/concentrated,0,0.0035376054428132298,0.031201494288486484,nan,nan,0.921875,0.03932530944563038,128,0,0,0,2150400,2155776,0,0.19387990000541322,0.7162850909115088,1.0381597697489855,0.35,0.0525,0.0,0.0,paper,0,1,,0.30409802640293104,0.5725130502441602,0.07329224363575544,35.39660209874384,25.917991175405184,0.039423235460803716,nan
paper,NCJT-gaussian-2d-aniso,gaussian,2,concentrated,NCJT-gaussian-2d-aniso/concentrated,1,0.003803598924820184,0.03542858306299512,nan,nan,0.890625,0.027359872064591284,144,0,0,0,2150400,2155776,0,0.2108192999876337,0.7354906346666115,1.055207301045274,0.35,0.0525,0.0,0.0,paper,0,1,,0.2860848940872329,0.5794651686627685,0.03019355227168085,33.21833753085316,26.374616251177272,0.017576761941381316,nan
paper,NCJT-gaussian-2d-aniso,gaussian,2,concentrated,NCJT-gaussian-2d-aniso/concentrated,2,0.004128836862816954,0.03333301560751688,nan,nan,0.9267578125,0.041113495118824596,118,0,0,0,2150400,2155776,0,0.19393749999289867,0.7225692228826445,1.0594715837753024,0.35,0.0525,0.0,0.0,paper,0,1,,0.3098287629314255,0.573979391346355,0.06201196713009273,32.50538966351986,25.67780592083249,0.03738462074733388,nan
paper,NCJT-gaussian-2d-aniso,gaussian,2,concentrated,NCJT-gaussian-2d-aniso/concentrated,3,0.0027720993461194388,0.0312694152236453,nan,nan,0.90234375,0.03636217669564809,130,0,0,0,2150400,2155776,0,0.1985188999969978,0.7293780762537853,1.0068894565715365,0.35,0.0525,0.0,0.0,paper,0,1,,0.3242216497077409,0.5782534624653348,0.05563768606173919,33.2465378449834,26.570387642212268,0.03518893757408713,nan
paper,NCJT-gaussian-2d-aniso,gaussian,2,concentrated,NCJT-gaussian-2d-aniso/concentrated,4,0.0031037151901751603,0.030386149032605975,nan,nan,0.91015625,0.044998940492261816,142,0,0,0,2150400,2155776,0,0.193586299996241,0.7280379801386448,1.047352140791301,0.35,0.0525,0.0,0.0,paper,0,1,,0.3000831788084787,0.5806687423747026,0.08165381734465875,34.49778073458502,25.587236210992444,0.04858712469633898,nan
paper,NCJT-gaussian-2d-aniso,gaussian,2,concentrated,NCJT-gaussian-2d-aniso/concentrated,5,0.00310629684864705,0.028685642717622868,nan,nan,0.9248046875,0.025868137036896468,137,0,0,0,2150400,2155776,0,0.19580790000327397,0.7332450763793877,1.0436745706223434,0.35,0.0525,0.0,0.0,paper,0,1,,0.28572734269791433,0.5550627711112583,0.03334478748129882,33.975891048175356,26.10921859167251,0.019871067733836883,nan
normalized-only,NCJT-gaussian-2d-aniso,gaussian,2,concentrated,NCJT-gaussian-2d-aniso/concentrated,0,0.014876983264471288,0.08940898641345861,nan,nan,0.9111328125,0.10197393141314601,64,0,0,0,2150400,2155776,0,0.19506279999040999,1.0087924952377656,1.4621102656873912,0.35,0.0525,0.0,0.0,constant,0,1,2.0,0.10903210353866565,0.5771535953798343,0.07292491882874655,35.928582439412935,24.20032647039403,0.07292491882874655,nan
normalized-only,NCJT-gaussian-2d-aniso,gaussian,2,concentrated,NCJT-gaussian-2d-aniso/concentrated,1,0.01473278262755573,0.08756471573260845,nan,nan,0.904296875,0.07141364183903519,72,0,0,0,2150400,2155776,0,0.2015185000054771,1.0113058933245151,1.450919035440691,0.35,0.0525,0.0,0.0,constant,0,1,2.0,0.07248651047913646,0.5881812491529557,0.032899718099327804,31.002245303728024,24.552715767098313,0.032899718099327804,nan
normalized-only,NCJT-gaussian-2d-aniso,gaussian,2,concentrated,NCJT-gaussian-2d-aniso/concentrated,2,0.016987223053627654,0.09570474126952874,nan,nan,0.908203125,0.11168763534434453,60,0,0,0,2150400,2155776,0,0.1939894999959506,1.0090583614504074,1.4795380518181946,0.35,0.0525,0.0,0.0,constant,0,1,2.0,0.1464111575155066,0.5813085024057225,0.0679482318961531,31.49415132212461,23.618074888208255,0.0679482318961531,nan
normalized-only,NCJT-gaussian-2d-aniso,gaussian,2,concentrated,NCJT-gaussian-2d-aniso/concentrated,3,0.011566299888541853,0.07147684176986295,nan,nan,0.8837890625,0.0813456731752794,64,0,0,0,2150400,2155776,0,0.19558369999867864,0.992532815428658,1.3701684485628138,0.35,0.0525,0.0,0.0,constant,0,1,2.0,0.1127472596844491,0.5824487949541366,0.051790273476979995,31.4040826556631,23.656457921267346,0.051790273476979995,nan
normalized-only,NCJT-gaussian-2d-aniso,gaussian,2,concentrated,NCJT-gaussian-2d-aniso/concentrated,4,0.01472901224363432,0.08507785762997548,nan,nan,0.8994140625,0.07968917274516941,70,0,0,0,2150400,2155776,0,0.19008420000318438,1.0075334560014768,1.4494330664741533,0.35,0.0525,0.0,0.0,constant,0,1,2.0,0.07550676603129035,0.5821295438846648,0.07935987874086639,34.28234101594744,24.28512852432378,0.07935987874086639,nan
normalized-only,NCJT-gaussian-2d-aniso,gaussian,2,concentrated,NCJT-gaussian-2d-aniso/concentrated,5,0.015241397281465563,0.08534213934657957,nan,nan,0.904296875,0.11118104317213483,68,0,0,0,2150400,2155776,0,0.19800129999930505,1.0172885942176,1.4479718595747082,0.35,0.0525,0.0,0.0,constant,0,1,2.0,0.08904770644145878,0.5534847339943245,0.03198938605125823,33.483188620132225,23.74733288366728,0.03198938605125823,nan
abc,NCJT-gaussian-2d-aniso,gaussian,2,concentrated,NCJT-gaussian-2d-aniso/concentrated,0,0.015809234735405076,0.09408421277044138,nan,nan,0.90234375,0.11271935220383049,64,0,0,0,2150400,2155776,0,0.20460829998773988,1.016290467044321,1.4729775764593802,0.35,0.0525,0.0,0.0,abc,0,1,2.0,0.11789046920498064,0.5811187301638121,0.07095214531083513,35.87250638692208,24.284701278292204,0.07190287719974216,nan
abc,NCJT-gaussian-2d-aniso,gaussian,2,concentrated,NCJT-gaussian-2d-aniso/concentrated,1,0.014267690715054848,0.08359421201255607,nan,nan,0.9111328125,0.08093448514778458,72,0,0,0,2150400,2155776,0,0.20590690000972245,0.9942352415659627,1.4264277971839439,0.35,0.0525,0.0,0.0,abc,0,1,2.0,0.0592642025226813,0.5917560837512136,0.033812922209766866,31.108506730986623,24.734759342406086,0.033033504929090726,nan
abc,NCJT-gaussian-2d-aniso,gaussian,2,concentrated,NCJT-gaussian-2d-aniso/concentrated,2,0.017989282378604532,0.09990869514431322,nan,nan,0.90625,0.1311155414513634,60,0,0,0,2150400,2155776,0,0.21064130000013392,1.0180738991590037,1.492757139640129,0.35,0.0525,0.0,0.0,abc,0,1,2.0,0.15266490246999542,0.5850773457097596,0.0719255556201823,31.15664413335503,23.47992577452573,0.07005352373353577,nan
abc,NCJT-gaussian-2d-aniso,gaussian,2,concentrated,NCJT-gaussian-2d-aniso/concentrated,3,0.011954403986444428,0.07299345406004891,nan,nan,0.89453125,0.08804338656866313,63,0,0,0,2150400,2155776,0,0.20642949998728,1.0020760750543167,1.383342696338061,0.35,0.0525,0.0,0.0,abc,0,1,2.0,0.1174582085036616,0.5835833391307308,0.05211957168757772,31.538546961858497,23.625635707605365,0.05309450416515096,nan
abc,NCJT-gaussian-2d-aniso,gaussian,2,concentrated,NCJT-gaussian-2d-aniso/concentrated,4,0.01487142028279842,0.08555785152047927,nan,nan,0.9111328125,0.0812699733496246,70,0,0,0,2150400,2155776,0,0.20589319999271538,1.0086263940654143,1.451005362222789,0.35,0.0525,0.0,0.0,abc,0,1,2.0,0.08034318734686005,0.5845804455808321,0.08042817784503184,34.39403751134212,24.198074120681333,0.07913274648979751,nan
abc,NCJT-gaussian-2d-aniso,gaussian,2,concentrated,NCJT-gaussian-2d-aniso/concentrated,5,0.01597977407857676,0.0875107009075198,nan,nan,0.9072265625,0.11877561673783271,68,0,0,0,2150400,2155776,0,0.2020040999923367,1.0308209567204984,1.4672333358255365,0.35,0.0525,0.0,0.0,abc,0,1,2.0,0.0797920230328013,0.5573199304596216,0.034585433276368246,33.54310948344242,23.924846300364024,0.034688320609957544,nan
normalized-crossfit,NCJT-gaussian-2d-aniso,gaussian,2,concentrated,NCJT-gaussian-2d-aniso/concentrated,0,0.0029424211733376504,0.03696425185761878,nan,nan,0.923828125,0.08252138910658943,68,0,0,0,2150400,2155776,0,0.20183580000593793,0.6546279455426097,0.9487959554636706,0.35,0.0525,0.0,0.0,constant,1,0,2.0,0.38173437835434404,0.5700607356493264,0.06218265191042512,36.72325093371694,24.93690766066305,0.06218265191042512,nan
normalized-crossfit,NCJT-gaussian-2d-aniso,gaussian,2,concentrated,NCJT-gaussian-2d-aniso/concentrated,1,0.003218009985905823,0.0411974316851122,nan,nan,0.9111328125,0.12199158493885749,77,0,0,0,2150400,2155776,0,0.19342940000933595,0.6588347318456367,0.9452291932185509,0.35,0.0525,0.0,0.0,constant,1,0,2.0,0.41385261239166216,0.5813846551073847,0.08662688507556142,33.21988562116699,25.520698319973974,0.08662688507556142,nan
normalized-crossfit,NCJT-gaussian-2d-aniso,gaussian,2,concentrated,NCJT-gaussian-2d-aniso/concentrated,2,0.003217692284623319,0.03181820382340725,nan,nan,0.9365234375,0.10319872185958491,63,0,0,0,2150400,2155776,0,0.1949760999996215,0.6783986842520225,0.9947062588248461,0.35,0.0525,0.0,0.0,constant,1,0,2.0,0.3937928158851105,0.5802534028202605,0.07812751961695771,32.70776157851491,22.998833790427092,0.07812751961695771,nan
normalized-crossfit,NCJT-gaussian-2d-aniso,gaussian,2,concentrated,NCJT-gaussian-2d-aniso/concentrated,3,0.0027919312357078674,0.03982961757071449,nan,nan,0.9208984375,0.10144131092100785,67,0,0,0,2150400,2155776,0,0.1951645999943139,0.6644153145108923,0.9172098761204122,0.35,0.0525,0.0,0.0,constant,1,0,2.0,0.4067695827530863,0.5533592971046006,0.08799060818103893,32.800285227967564,24.567927042285177,0.08799060818103893,nan
normalized-crossfit,NCJT-gaussian-2d-aniso,gaussian,2,concentrated,NCJT-gaussian-2d-aniso/concentrated,4,0.002476484591011463,0.035933218062464634,nan,nan,0.9306640625,0.12497884728150281,75,0,0,0,2150400,2155776,0,0.1959359000029508,0.6515753044825533,0.9373532819078845,0.35,0.0525,0.0,0.0,constant,1,0,2.0,0.3863330307777403,0.5838235201249884,0.12216109907464183,35.71194803463841,24.864430230076692,0.12216109907464183,nan
normalized-crossfit,NCJT-gaussian-2d-aniso,gaussian,2,concentrated,NCJT-gaussian-2d-aniso/concentrated,5,0.0026128341332424254,0.03346780313005711,nan,nan,0.923828125,0.13320080499499137,72,0,0,0,2150400,2155776,0,0.19334789999993518,0.6707296148571578,0.9546923195806573,0.35,0.0525,0.0,0.0,constant,1,0,2.0,0.41652237958543686,0.5507995655149936,0.07043590487011103,35.079443874539685,24.05066194539317,0.07043590487011103,nan
paper,NCJT-student-5d,student,5,covered,NCJT-student-5d/covered,0,0.027816478217091767,0.07905830494452708,nan,nan,0.0009765625,0.04818687221811824,1,0,0,0,2150400,2155776,0,0.23803469999984372,1.1490401048237764,1.2438474619335,0.35,0.0525,0.0,0.0,paper,0,1,,0.10954330223474913,0.4410612703411594,0.10648237230983464,34.934654586181786,27.359809729440414,0.04352173113615901,nan
paper,NCJT-student-5d,student,5,covered,NCJT-student-5d/covered,1,0.028876979336671882,0.08382237184618624,nan,nan,0.0029296875,0.06862470054220952,1,0,0,0,2150400,2155776,0,0.2406806999933906,1.158604509383001,1.2180838197518362,0.35,0.0525,0.0,0.0,paper,0,1,,0.11496172446762451,0.4238764670561875,0.13110055830364956,32.17359312102751,27.032275552129242,0.06235550486525123,nan
paper,NCJT-student-5d,student,5,covered,NCJT-student-5d/covered,2,0.031128062536403434,0.08069209024766416,nan,nan,0.0,0.06468295100584992,1,0,0,0,2150400,2155776,0,0.2495850999985123,1.1515354417289083,1.2663579968590033,0.35,0.0525,0.0,0.0,paper,0,1,,0.10719825183773263,0.38720344618108843,0.12721069576234173,37.71541061887801,27.721839777150542,0.05114400673990077,nan
paper,NCJT-student-5d,student,5,covered,NCJT-student-5d/covered,3,0.031268659470881754,0.08821825332151467,nan,nan,0.00390625,0.08958728836922687,1,0,0,0,2150400,2155776,0,0.24682580000080634,1.1497294515679377,1.2212239625182457,0.35,0.0525,0.0,0.0,paper,0,1,,0.14919978059390301,0.46732805695775737,0.16596005653094953,30.093323409130875,27.163188682769437,0.07797946738621493,nan
paper,NCJT-student-5d,student,5,covered,NCJT-student-5d/covered,4,0.02540163120753869,0.07349374836132767,nan,nan,0.001953125,0.06907698495576635,1,0,0,0,2150400,2155776,0,0.24179529999673832,1.1215494571402764,1.2428887427704958,0.35,0.0525,0.0,0.0,paper,0,1,,0.1515215004515022,0.44692717982385194,0.1351612823060265,31.958730281326424,27.701512060158954,0.06826235260133544,nan
paper,NCJT-student-5d,student,5,covered,NCJT-student-5d/covered,5,0.025518249461483178,0.07639052211599955,nan,nan,0.0009765625,0.06492399407631148,1,0,0,0,2150400,2155776,0,0.2461741000006441,1.122486848589382,1.2231849130793677,0.35,0.0525,0.0,0.0,paper,0,1,,0.1425396148389538,0.4249422481626291,0.11394407836165837,32.94688107699942,27.73813350125765,0.06312413231551794,nan
normalized-only,NCJT-student-5d,student,5,covered,NCJT-student-5d/covered,0,0.16274442592496574,0.28526516083069864,nan,nan,0.001953125,0.3520646846353455,1,0,0,0,2150400,2155776,0,0.24043189999065362,2.0835297202518057,2.2554418627500263,0.35,0.0525,0.0,0.0,constant,0,1,2.0,0.0017890489937042807,0.2811019849246434,0.1307910397160384,33.07367663039336,20.933780840740617,0.1307910397160384,nan
normalized-only,NCJT-student-5d,student,5,covered,NCJT-student-5d/covered,1,0.1388566522825736,0.25166380770111235,nan,nan,0.0029296875,0.27921323522940955,1,0,0,0,2150400,2155776,0,0.25552970000717323,1.9122225183103485,2.0103903363533027,0.35,0.0525,0.0,0.0,constant,0,1,2.0,0.0052774961669362795,0.2840222223866976,0.16954827048530358,28.36257030672624,22.045725948663005,0.16954827048530358,nan
normalized-only,NCJT-student-5d,student,5,covered,NCJT-student-5d/covered,2,0.15883396432160968,0.27444482031501494,nan,nan,0.0,0.2795273430808653,1,0,0,0,2150400,2155776,0,0.2418720999994548,2.038572782952072,2.241844108588205,0.35,0.0525,0.0,0.0,constant,0,1,2.0,0.002158560844894322,0.2709626292974363,0.16661243968441553,31.80057772105189,21.916545851732575,0.16661243968441553,nan
normalized-only,NCJT-student-5d,student,5,covered,NCJT-student-5d/covered,3,0.16519198122486078,0.29880255171987735,nan,nan,0.0029296875,0.28764907912703563,1,0,0,0,2150400,2155776,0,0.24392680000164546,2.121998284870824,2.2539521366290236,0.35,0.0525,0.0,0.0,constant,0,1,2.0,0.0018856630673593287,0.28993224366651005,0.19103385204508783,24.854481862582478,21.746795387276258,0.19103385204508783,nan
normalized-only,NCJT-student-5d,student,5,covered,NCJT-student-5d/covered,4,0.14974906245285124,0.27456788768880064,nan,nan,0.0009765625,0.43661229852341227,1,0,0,0,2150400,2155776,0,0.23932009999407455,2.0154003006376047,2.233444392390671,0.35,0.0525,0.0,0.0,constant,0,1,2.0,0.002862843455627636,0.3070528960935598,0.15962960172512744,26.942116948010757,22.11095515509377,0.15962960172512744,nan
normalized-only,NCJT-student-5d,student,5,covered,NCJT-student-5d/covered,5,0.1623970406160593,0.29314508007959,nan,nan,0.001953125,0.3139550238021995,1,0,0,0,2150400,2155776,0,0.24029590000282042,2.1270311834354705,2.317846713747441,0.35,0.0525,0.0,0.0,constant,0,1,2.0,0.0015786575563200506,0.21284170736220986,0.13917207842980284,29.213266187223155,22.082717317126978,0.13917207842980284,nan
abc,NCJT-student-5d,student,5,covered,NCJT-student-5d/covered,0,0.1790770162681572,0.30130090638322704,nan,nan,0.001953125,0.3661508295624909,1,0,0,0,2150400,2155776,0,0.24771000001055654,2.123544895307733,2.2987586919217753,0.35,0.0525,0.0,0.0,abc,0,1,2.0,0.0027108967198716484,0.262622150511587,0.14552976722704175,31.8928594558678,20.684954125808503,0.15491509768035763,nan
abc,NCJT-student-5d,student,5,covered,NCJT-student-5d/covered,1,0.1548977961969975,0.26716273991697254,nan,nan,0.00390625,0.31843286740987975,1,0,0,0,2150400,2155776,0,0.25261999999929685,1.9495046174465833,2.049586387599828,0.35,0.0525,0.0,0.0,abc,0,1,2.0,0.007791843270780482,0.2537461824669437,0.17973933982386248,27.609703849370128,21.762590442986763,0.193611833098271,nan
abc,NCJT-student-5d,student,5,covered,NCJT-student-5d/covered,2,0.1772144120824053,0.2939002230581621,nan,nan,0.0,0.3176038356118494,1,0,0,0,2150400,2155776,0,0.25121639999269973,2.097330775575553,2.306461011500382,0.35,0.0525,0.0,0.0,abc,0,1,2.0,0.0019086070799665391,0.2729836635034335,0.17586178846408396,31.207753159823465,21.432355497043446,0.17946597622400648,nan
abc,NCJT-student-5d,student,5,covered,NCJT-student-5d/covered,3,0.18075773439506038,0.31469958790478636,nan,nan,0.0029296875,0.3366262249382913,1,0,0,0,2150400,2155776,0,0.25831099999777507,2.135506848875938,2.2683007140615308,0.35,0.0525,0.0,0.0,abc,0,1,2.0,0.00291196572845579,0.2687521546606566,0.1953868339764686,23.581366853174067,21.37928079965371,0.20904337020387231,nan
abc,NCJT-student-5d,student,5,covered,NCJT-student-5d/covered,4,0.1662402361243629,0.2918551975749012,nan,nan,0.0009765625,0.5269635195459433,1,0,0,0,2150400,2155776,0,0.24703490000683814,2.060826465816224,2.2837851677958856,0.35,0.0525,0.0,0.0,abc,0,1,2.0,0.004262470491377299,0.29550244210344023,0.16489789018347945,26.579554730432744,21.837772008192125,0.16752751563206653,nan
abc,NCJT-student-5d,student,5,covered,NCJT-student-5d/covered,5,0.1838785990977767,0.31459031756304273,nan,nan,0.001953125,0.3593729987948381,1,0,0,0,2150400,2155776,0,0.25059319999127183,2.1898958097890238,2.3863509128110394,0.35,0.0525,0.0,0.0,abc,0,1,2.0,0.0017575124278481308,0.1978087042497102,0.1413777686683662,28.805532435451845,21.49387931020754,0.14622828961361967,nan
normalized-crossfit,NCJT-student-5d,student,5,covered,NCJT-student-5d/covered,0,0.021777282381995944,0.08038796824223983,nan,nan,0.0107421875,0.11433676369368484,1,0,0,0,2150400,2155776,0,0.24628569999185856,0.6378969833593613,0.6905298956891198,0.35,0.0525,0.0,0.0,constant,1,0,2.0,0.4233252925386843,0.5364838683505312,0.09805738319446787,40.33837942998055,22.250883427119945,0.09805738319446787,nan
normalized-crossfit,NCJT-student-5d,student,5,covered,NCJT-student-5d/covered,1,0.0203877976570912,0.07771212912026522,nan,nan,0.001953125,0.1596127561377316,1,0,0,0,2150400,2155776,0,0.24261529999785125,0.6262801077520173,0.6584314662226027,0.35,0.0525,0.0,0.0,constant,1,0,2.0,0.45022133465345426,0.5260860705777881,0.1428094181431077,38.20768800300314,20.53588230965235,0.1428094181431077,nan
normalized-crossfit,NCJT-student-5d,student,5,covered,NCJT-student-5d/covered,2,0.01824225980168004,0.07399680265242171,nan,nan,0.0029296875,0.14274529935069602,1,0,0,0,2150400,2155776,0,0.2443238999985624,0.6338982778348776,0.6971059024688944,0.35,0.0525,0.0,0.0,constant,1,0,2.0,0.4287533476828511,0.5446990079983227,0.12325070946679095,40.87727310128379,19.99620062514856,0.12325070946679095,nan
normalized-crossfit,NCJT-student-5d,student,5,covered,NCJT-student-5d/covered,3,0.01945492000193849,0.07641378955684149,nan,nan,0.0078125,0.13822738562514694,1,0,0,0,2150400,2155776,0,0.2479304000007687,0.62953699804747,0.6686839814870512,0.35,0.0525,0.0,0.0,constant,1,0,2.0,0.4208603845531118,0.532536175888018,0.12229247906247395,38.02054032117519,20.42963132555907,0.12229247906247395,nan
normalized-crossfit,NCJT-student-5d,student,5,covered,NCJT-student-5d/covered,4,0.02126811295791331,0.08049827041394836,nan,nan,0.0068359375,0.13439731820514778,1,0,0,0,2150400,2155776,0,0.2503839999990305,0.6319422099362159,0.7003113895787788,0.35,0.0525,0.0,0.0,constant,1,0,2.0,0.41380402171690644,0.5257457944227614,0.10841074798241815,38.56646321006587,25.69197759204595,0.10841074798241815,nan
normalized-crossfit,NCJT-student-5d,student,5,covered,NCJT-student-5d/covered,5,0.020933568687593107,0.07761279962956658,nan,nan,0.001953125,0.14362298273790278,1,0,0,0,2150400,2155776,0,0.24754330000723712,0.629503488116735,0.685976116658184,0.35,0.0525,0.0,0.0,constant,1,0,2.0,0.4266250804069522,0.5586977050078681,0.13749572714264013,39.81050909072775,23.18633719369624,0.13749572714264013,nan
paper,NCJT-student-5d,student,5,missing,NCJT-student-5d/missing,0,0.015983898216189507,0.0522953444986732,nan,nan,0.005859375,0.06978358688799498,19,0,0,0,2150400,2155776,0,0.24191899999277666,1.012865535687842,1.1105912147350714,0.35,0.0525,0.0,0.0,paper,0,1,,0.20242627309093442,0.44039316769945,0.1302625726142304,34.952264514049496,28.108090025942218,0.06637563908022909,nan
paper,NCJT-student-5d,student,5,missing,NCJT-student-5d/missing,1,0.018086922428641516,0.05756270101483259,nan,nan,0.001953125,0.06414807710452912,6,0,0,0,2150400,2155776,0,0.2404272999992827,1.0213908058129995,1.0795107088833698,0.35,0.0525,0.0,0.0,paper,0,1,,0.1939724811843243,0.43863630362605865,0.11818383885394199,33.43480342196037,27.75256336437873,0.06045245757437218,nan
paper,NCJT-student-5d,student,5,missing,NCJT-student-5d/missing,2,0.016522250548984152,0.05295673728926128,nan,nan,0.00390625,0.044568498979927464,27,0,0,0,2150400,2155776,0,0.24257290000969078,0.983257638324048,1.0640561707970635,0.35,0.0525,0.0,0.0,paper,0,1,,0.22400440758614532,0.45826190382073845,0.08219070398077409,33.070270641661864,27.71297001265785,0.03819090725344814,nan
paper,NCJT-student-5d,student,5,missing,NCJT-student-5d/missing,3,0.01581494356954205,0.05100232446856255,nan,nan,0.001953125,0.05172427061870652,22,0,0,0,2150400,2155776,0,0.24267499998677522,1.0016474692442168,1.1023097606820869,0.35,0.0525,0.0,0.0,paper,0,1,,0.23504855828068502,0.48039163065533963,0.09109024055536985,34.06301344067545,28.283744229427693,0.04620987614164894,nan
paper,NCJT-student-5d,student,5,missing,NCJT-student-5d/missing,4,0.018673863339912167,0.05944067351686165,nan,nan,0.001953125,0.06661698547532154,34,0,0,0,2150400,2155776,0,0.24027209999621846,0.9798432596013418,1.1003298605363256,0.35,0.0525,0.0,0.0,paper,0,1,,0.21685387669456357,0.4625584635082113,0.1195857734719486,36.2616483197676,27.942953683039395,0.06275864794856954,nan
paper,NCJT-student-5d,student,5,missing,NCJT-student-5d/missing,5,0.018739239481268655,0.06156400597025491,nan,nan,0.00390625,0.06809785494589139,29,0,0,0,2150400,2155776,0,0.2438170999957947,1.01643015731289,1.1389818408130719,0.35,0.0525,0.0,0.0,paper,0,1,,0.2220184232225559,0.4032237525500727,0.12100058824257764,32.03878231916775,28.20686713160077,0.065325727291558,nan
normalized-only,NCJT-student-5d,student,5,missing,NCJT-student-5d/missing,0,0.12096894318646179,0.22688604309155286,nan,nan,0.001953125,0.42316121758529757,10,0,0,0,2150400,2155776,0,0.24351780000142753,1.8373118297183193,2.0145836786008022,0.35,0.0525,0.0,0.0,constant,0,1,2.0,0.0061020344390848875,0.3958485094677672,0.15759887854163404,30.406374590754695,22.47366534360053,0.15759887854163404,nan
normalized-only,NCJT-student-5d,student,5,missing,NCJT-student-5d/missing,1,0.13455078159013723,0.24947389800630887,nan,nan,0.0048828125,0.3528397810455531,3,0,0,0,2150400,2155776,0,0.23948130001372192,1.9234939546770675,2.0329459700721837,0.35,0.0525,0.0,0.0,constant,0,1,2.0,0.004689680436233468,0.33060544886158993,0.1662608851240683,29.286939683761386,22.540743646405183,0.1662608851240683,nan
normalized-only,NCJT-student-5d,student,5,missing,NCJT-student-5d/missing,2,0.11164711477626543,0.2132131919278277,nan,nan,0.0009765625,0.2658654554320305,14,0,0,0,2150400,2155776,0,0.2411065000051167,1.8197716364307013,1.9693101418322336,0.35,0.0525,0.0,0.0,constant,0,1,2.0,0.004544191443726147,0.31214674909566575,0.10143422966626539,30.90676539945862,23.314012580661377,0.10143422966626539,nan
normalized-only,NCJT-student-5d,student,5,missing,NCJT-student-5d/missing,3,0.11660716715933739,0.22920277399000985,nan,nan,0.001953125,0.3590922972173819,12,0,0,0,2150400,2155776,0,0.24369560000195634,1.8238100837881732,2.007097026369016,0.35,0.0525,0.0,0.0,constant,0,1,2.0,0.004567141579673044,0.4079376846537871,0.14889326774767092,31.273345714159976,23.314152056788856,0.14889326774767092,nan
normalized-only,NCJT-student-5d,student,5,missing,NCJT-student-5d/missing,4,0.13727256049797432,0.24844508135220994,nan,nan,0.0009765625,0.2971817018282965,18,0,0,0,2150400,2155776,0,0.2408955999999307,1.961751205902564,2.2029782923403203,0.35,0.0525,0.0,0.0,constant,0,1,2.0,0.001426892332624397,0.30718518668801065,0.15578272839394341,31.017747122177667,22.610130385321455,0.15578272839394341,nan
normalized-only,NCJT-student-5d,student,5,missing,NCJT-student-5d/missing,5,0.14071645137090583,0.2529560175252073,nan,nan,0.0029296875,0.3120713873353034,15,0,0,0,2150400,2155776,0,0.23778320000565145,1.9365335645551702,2.1700227490144894,0.35,0.0525,0.0,0.0,constant,0,1,2.0,0.0029417956974742494,0.32753860951692526,0.14137197037806276,27.643545784455416,22.796475931064762,0.14137197037806276,nan
abc,NCJT-student-5d,student,5,missing,NCJT-student-5d/missing,0,0.14026737795961441,0.2521501473763953,nan,nan,0.0029296875,0.4615042385966828,10,0,0,0,2150400,2155776,0,0.2504886999959126,1.9201942643033991,2.105462971520502,0.35,0.0525,0.0,0.0,abc,0,1,2.0,0.0047670746854859974,0.3754933565546644,0.1566453304956915,29.880295672063987,21.85459101354862,0.17057466564587864,nan
abc,NCJT-student-5d,student,5,missing,NCJT-student-5d/missing,1,0.15317619751856992,0.2708163524437704,nan,nan,0.0048828125,0.3745436002260356,3,0,0,0,2150400,2155776,0,0.26210000000719447,1.9925135014254927,2.105892915955347,0.35,0.0525,0.0,0.0,abc,0,1,2.0,0.0027061633119792755,0.300763586938449,0.16640173179762763,29.86859626734865,22.04774856239176,0.17508210806977853,nan
abc,NCJT-student-5d,student,5,missing,NCJT-student-5d/missing,2,0.132153448822796,0.24069012800335948,nan,nan,0.0,0.3249106184069121,14,0,0,0,2150400,2155776,0,0.2543177000043215,1.8989219983030485,2.05496463124423,0.35,0.0525,0.0,0.0,abc,0,1,2.0,0.005795017838586434,0.31441216571229885,0.11139127927955139,30.22623064360598,22.86970293426161,0.1117145524441373,nan
abc,NCJT-student-5d,student,5,missing,NCJT-student-5d/missing,3,0.13966841151416864,0.25939264431787984,nan,nan,0.001953125,0.39138532939159026,12,0,0,0,2150400,2155776,0,0.2506237999914447,1.9342818195582558,2.1286708099185696,0.35,0.0525,0.0,0.0,abc,0,1,2.0,0.0043849335528387805,0.38014346235224933,0.15080798431766587,31.014450640959073,22.49725424295945,0.16127028146669264,nan
abc,NCJT-student-5d,student,5,missing,NCJT-student-5d/missing,4,0.15702953645756224,0.27255815512716486,nan,nan,0.0009765625,0.3522396876288811,18,0,0,0,2150400,2155776,0,0.2547630000044592,2.0286033306345823,2.278050900496922,0.35,0.0525,0.0,0.0,abc,0,1,2.0,0.0013678384877337602,0.2925314025252032,0.16047287500415108,30.60111578126672,22.03123553640212,0.16420929437785364,nan
abc,NCJT-student-5d,student,5,missing,NCJT-student-5d/missing,5,0.16209270250936436,0.2790131337074151,nan,nan,0.0029296875,0.3414234483554422,15,0,0,0,2150400,2155776,0,0.25213110000186134,2.0148940428959667,2.2578312041507913,0.35,0.0525,0.0,0.0,abc,0,1,2.0,0.0033354888464178396,0.30488305970533275,0.14765754451974028,27.328307587959614,22.030827575771614,0.1532419756721431,nan
normalized-crossfit,NCJT-student-5d,student,5,missing,NCJT-student-5d/missing,0,0.021698208913660366,0.08191998441673982,nan,nan,0.0048828125,0.22660840524698506,19,0,0,0,2150400,2155776,0,0.24136669999279547,0.629796364294305,0.6905618609901129,0.35,0.0525,0.0,0.0,constant,1,0,2.0,0.42493159572546346,0.5149461970054374,0.2238949909269327,40.9464136449567,23.199888803590657,0.2238949909269327,nan
normalized-crossfit,NCJT-student-5d,student,5,missing,NCJT-student-5d/missing,1,0.021541802548407096,0.07944422849348534,nan,nan,0.005859375,0.1579044725002832,7,0,0,0,2150400,2155776,0,0.2495521000091685,0.6257633110542846,0.6613709382000176,0.35,0.0525,0.0,0.0,constant,1,0,2.0,0.43907361331893885,0.5309909997770345,0.14340374961458416,39.20470650285654,20.79196773069505,0.14340374961458416,nan
normalized-crossfit,NCJT-student-5d,student,5,missing,NCJT-student-5d/missing,2,0.02268474132656806,0.0810694722575961,nan,nan,0.0078125,0.1446929019544126,32,0,0,0,2150400,2155776,0,0.2450853000045754,0.6178004302884943,0.6685677634704581,0.35,0.0525,0.0,0.0,constant,1,0,2.0,0.4441440868312983,0.5312466369552513,0.14491978079124074,40.24521720130554,24.9366743469282,0.14491978079124074,nan
normalized-crossfit,NCJT-student-5d,student,5,missing,NCJT-student-5d/missing,3,0.023303512926450498,0.08118739144021898,nan,nan,0.0029296875,0.10252601493028568,20,0,0,0,2150400,2155776,0,0.2442950000113342,0.6195973604953431,0.6818648667701586,0.35,0.0525,0.0,0.0,constant,1,0,2.0,0.4449590583837096,0.5230952663265176,0.10000874484862729,39.89999861978276,21.66468000928416,0.10000874484862729,nan
normalized-crossfit,NCJT-student-5d,student,5,missing,NCJT-student-5d/missing,4,0.019833011957996804,0.07503829021343623,nan,nan,0.005859375,0.12755345501012,38,0,0,0,2150400,2155776,0,0.23668330001237337,0.6247613163303546,0.701585202868021,0.35,0.0525,0.0,0.0,constant,1,0,2.0,0.4450339977375272,0.5429541623439411,0.12500420131594606,40.58740345484759,20.9533034294849,0.12500420131594606,nan
normalized-crossfit,NCJT-student-5d,student,5,missing,NCJT-student-5d/missing,5,0.020077629285711662,0.07344894839851118,nan,nan,0.0078125,0.14986068288083934,31,0,0,0,2150400,2155776,0,0.2395427000010386,0.6266279416241738,0.702180903745364,0.35,0.0525,0.0,0.0,constant,1,0,2.0,0.4302707092802526,0.5193617198389103,0.12363751572664004,37.02627483905738,27.006500630205203,0.12363751572664004,nan
paper,NCJT-student-5d,student,5,far,NCJT-student-5d/far,0,4.495378548864867,1.1536748144945652,nan,nan,0.0,0.09605828912178736,400,1,0,0,2150400,2155776,0,0.2359327000012854,0.9205734410426938,0.9810540524100212,0.35,0.0525,0.0,0.0,paper,0,1,,0.001732941360337772,0.004247907043304193,2.9175948768182245,24.190230264743377,38.689424425299464,0.012399055154846964,nan
paper,NCJT-student-5d,student,5,far,NCJT-student-5d/far,1,3.9728902862682,1.326774075874212,nan,nan,0.0,0.14195393952008886,400,1,0,0,2150400,2155776,0,0.24038229999132454,1.3162902677154478,1.3687699024011595,0.35,0.0525,0.0,0.0,paper,0,1,,0.0022358127398882147,0.005032158667621312,2.9431818925150477,26.28931609795155,34.03165372570929,0.014848994954627876,nan
paper,NCJT-student-5d,student,5,far,NCJT-student-5d/far,2,4.593734283130108,1.2066711149064218,nan,nan,0.0,0.07386025171496821,400,1,0,0,2150400,2155776,0,0.24269270000513643,0.9081788443660755,1.000274046194908,0.35,0.0525,0.0,0.0,paper,0,1,,0.0017149143353204614,0.002930431880523829,3.096058316866686,36.8369964841834,39.736631094445755,0.009072635264861736,nan
paper,NCJT-student-5d,student,5,far,NCJT-student-5d/far,3,3.9796958620639664,1.313569589310706,nan,nan,0.0,0.24976260201618197,400,1,0,0,2150400,2155776,0,0.24063399998703972,1.0565845935825826,1.1138377142885092,0.35,0.0525,0.0,0.0,paper,0,1,,0.0010398545653380613,0.002489694588614465,3.0564924644059115,30.44635665782085,31.943421700466907,0.007608022510917866,nan
paper,NCJT-student-5d,student,5,far,NCJT-student-5d/far,4,4.359958764370116,1.068699587836591,nan,nan,0.0,0.09174290137536657,400,1,0,0,2150400,2155776,0,0.2425744000065606,1.0012780453697312,1.0897717978937418,0.35,0.0525,0.0,0.0,paper,0,1,,0.0018255969896710782,0.004159236294308201,2.93167181207462,27.26278405055328,38.09296811813513,0.012176828205657216,nan
paper,NCJT-student-5d,student,5,far,NCJT-student-5d/far,5,4.089363509795168,1.1155920260922452,nan,nan,0.0,0.05405278166993487,400,1,0,0,2150400,2155776,0,0.23891749999893364,1.2542223807928499,1.3877020976227534,0.35,0.0525,0.0,0.0,paper,0,1,,0.0014511967652538372,0.0039007336512622117,3.138674028324507,35.62855927179634,35.02779455441747,0.012242011076491349,nan
normalized-only,NCJT-student-5d,student,5,far,NCJT-student-5d/far,0,0.08252612170712448,0.17336752652446855,nan,nan,0.0009765625,0.37230590717180867,97,0,0,0,2150400,2155776,0,0.24366249999729916,1.6337826223522995,1.7411202528288667,0.35,0.0525,0.0,0.0,constant,0,1,2.0,0.017029518684581735,0.3163944601497739,0.1514911157723689,30.34376590418824,24.123704566618617,0.1514911157723689,nan
normalized-only,NCJT-student-5d,student,5,far,NCJT-student-5d/far,1,0.09083486319147638,0.19693460079277303,nan,nan,0.0048828125,0.42889486789197284,95,0,0,0,2150400,2155776,0,0.23923629999626428,1.7476068455203693,1.81728279092285,0.35,0.0525,0.0,0.0,constant,0,1,2.0,0.009680364072893478,0.35917838289372694,0.15007917473414134,28.4486217367442,23.939124092409983,0.15007917473414134,nan
normalized-only,NCJT-student-5d,student,5,far,NCJT-student-5d/far,2,0.11209118229662374,0.22808765396760952,nan,nan,0.0048828125,0.17716343457492717,100,0,0,0,2150400,2155776,0,0.2416957000095863,1.8555048234488454,2.043664999464807,0.35,0.0525,0.0,0.0,constant,0,1,2.0,0.003801098479881553,0.41841274472931445,0.13431075387066427,32.67775711606663,23.009687082100072,0.13431075387066427,nan
normalized-only,NCJT-student-5d,student,5,far,NCJT-student-5d/far,3,0.11296538323675231,0.22520679136731614,nan,nan,0.0009765625,0.23422371086861177,104,0,0,0,2150400,2155776,0,0.2391510999877937,1.860862068051044,1.9616965504448851,0.35,0.0525,0.0,0.0,constant,0,1,2.0,0.0032740852759084813,0.352971043142736,0.14863140194430002,28.39665751410556,22.81900560087034,0.14863140194430002,nan
normalized-only,NCJT-student-5d,student,5,far,NCJT-student-5d/far,4,0.10893997600444605,0.2201430818083484,nan,nan,0.001953125,0.27971728241959215,93,0,0,0,2150400,2155776,0,0.24162660000729375,1.7780748007136702,1.9352224702457956,0.35,0.0525,0.0,0.0,constant,0,1,2.0,0.005423888256983521,0.3354124118534608,0.11805876932886442,36.055497447979924,23.329597252170895,0.11805876932886442,nan
normalized-only,NCJT-student-5d,student,5,far,NCJT-student-5d/far,5,0.1085406369165538,0.2162466725550357,nan,nan,0.0029296875,0.2538679273339352,99,0,0,0,2150400,2155776,0,0.24644420000549871,1.7985819467468207,1.989994739744009,0.35,0.0525,0.0,0.0,constant,0,1,2.0,0.0036267716906361685,0.37903241119792086,0.15906001275274667,31.33869337301904,23.836597860872438,0.15906001275274667,nan
abc,NCJT-student-5d,student,5,far,NCJT-student-5d/far,0,0.0982507901702343,0.1962324242994886,nan,nan,0.0009765625,0.4109456644589481,97,0,0,0,2150400,2155776,0,0.2556534999894211,1.725631619951462,1.8390036234401177,0.35,0.0525,0.0,0.0,abc,0,1,2.0,0.012261722847083767,0.2995710507148292,0.1540674090578371,29.739930784428623,23.662483872162774,0.15692588786957262,nan
abc,NCJT-student-5d,student,5,far,NCJT-student-5d/far,1,0.11174284385246103,0.2275481639790499,nan,nan,0.0048828125,0.4721315908106797,94,0,0,0,2150400,2155776,0,0.2439180000073975,1.8724756339033033,1.9471300164778198,0.35,0.0525,0.0,0.0,abc,0,1,2.0,0.005307572363470264,0.3287214590732357,0.1546467426935199,27.66310346895783,23.235810448175688,0.15677573448726956,nan
abc,NCJT-student-5d,student,5,far,NCJT-student-5d/far,2,0.1323446683680609,0.2572903901686877,nan,nan,0.0048828125,0.20572195151713485,100,0,0,0,2150400,2155776,0,0.249958999993396,1.9613947868804913,2.160292889257964,0.35,0.0525,0.0,0.0,abc,0,1,2.0,0.0012696028154044277,0.3871879703831962,0.13864128903083334,32.06301599288017,22.377431945629155,0.14050750757772235,nan
abc,NCJT-student-5d,student,5,far,NCJT-student-5d/far,3,0.13250009984465883,0.25310860166728033,nan,nan,0.0009765625,0.264747959747608,103,0,0,0,2150400,2155776,0,0.24941030000627507,1.9519812707044395,2.0577532268602763,0.35,0.0525,0.0,0.0,abc,0,1,2.0,0.0019517459008790308,0.32542648770847393,0.15565918808619855,27.259976174443928,22.270569253104533,0.15819441513635524,nan
abc,NCJT-student-5d,student,5,far,NCJT-student-5d/far,4,0.12835132918747938,0.24508934239249064,nan,nan,0.001953125,0.31758555316741516,92,0,0,0,2150400,2155776,0,0.24866270000347868,1.8697488419878343,2.0349987364303206,0.35,0.0525,0.0,0.0,abc,0,1,2.0,0.004215529434847972,0.31079856571838427,0.12283738847859968,35.52326145430287,22.740115901229192,0.12419915523424191,nan
abc,NCJT-student-5d,student,5,far,NCJT-student-5d/far,5,0.12931467336490554,0.24497625209367802,nan,nan,0.001953125,0.284122264495788,98,0,0,0,2150400,2155776,0,0.2503941000031773,1.9079000937909436,2.110946992139206,0.35,0.0525,0.0,0.0,abc,0,1,2.0,0.003135386530434577,0.3551220695525116,0.17362784699434222,30.23724258234071,23.022909199686435,0.1770198933007428,nan
normalized-crossfit,NCJT-student-5d,student,5,far,NCJT-student-5d/far,0,0.02308515238223796,0.08494674253456175,nan,nan,0.005859375,0.17031615616251974,127,0,0,0,2150400,2155776,0,0.24435350000567269,0.6286170277896784,0.6699164401576578,0.35,0.0525,0.0,0.0,constant,1,0,2.0,0.4366712331044265,0.4996807597526086,0.1633305460696183,39.24891757974104,20.908062687893263,0.1633305460696183,nan
normalized-crossfit,NCJT-student-5d,student,5,far,NCJT-student-5d/far,1,0.024251048196192615,0.08716977644913973,nan,nan,0.005859375,0.08990146398334456,121,0,0,0,2150400,2155776,0,0.24098740000044927,0.6289909328508306,0.6540683912095614,0.35,0.0525,0.0,0.0,constant,1,0,2.0,0.4250492089700707,0.5265108928155664,0.07985607987743423,37.48664978640921,20.099698436724154,0.07985607987743423,nan
normalized-crossfit,NCJT-student-5d,student,5,far,NCJT-student-5d/far,2,0.02197192082764121,0.0802045342005862,nan,nan,0.005859375,0.14789338965433563,130,0,0,0,2150400,2155776,0,0.24263849999988452,0.6166948212934921,0.6792316601398798,0.35,0.0525,0.0,0.0,constant,1,0,2.0,0.43191076886869617,0.5566792326903918,0.13250741690474238,42.05437006023168,24.88487184523231,0.13250741690474238,nan
normalized-crossfit,NCJT-student-5d,student,5,far,NCJT-student-5d/far,3,0.020696111928393934,0.07737966628011596,nan,nan,0.0087890625,0.11490940544739123,136,0,0,0,2150400,2155776,0,0.2533932000078494,0.619427321252248,0.6529922127030638,0.35,0.0525,0.0,0.0,constant,1,0,2.0,0.4182741428595306,0.5313502787128654,0.10380176313322113,39.01974491132879,21.24840989065224,0.10380176313322113,nan
normalized-crossfit,NCJT-student-5d,student,5,far,NCJT-student-5d/far,4,0.020057530675273938,0.07686426933063772,nan,nan,0.005859375,0.1565981669183893,118,0,0,0,2150400,2155776,0,0.23775820000446402,0.6274166654766388,0.6828682509586989,0.35,0.0525,0.0,0.0,constant,1,0,2.0,0.42458080746955684,0.5532007491755657,0.13714648615748332,43.26889318520858,30.928616655493272,0.13714648615748332,nan
normalized-crossfit,NCJT-student-5d,student,5,far,NCJT-student-5d/far,5,0.020131854225705403,0.07582583968279169,nan,nan,0.0048828125,0.1443063747931837,128,0,0,0,2150400,2155776,0,0.25772259999939706,0.6222889930227594,0.6885156525426892,0.35,0.0525,0.0,0.0,constant,1,0,2.0,0.43231218382046466,0.5430001605177683,0.13498859294284787,40.98040227932773,21.24100742277387,0.13498859294284787,nan
paper,NCJT-student-5d,student,5,concentrated,NCJT-student-5d/concentrated,0,0.0220060114547469,0.07995954651619824,nan,nan,0.009765625,0.06217787362787185,350,0,0,0,2150400,2155776,0,0.24054210000031162,0.6180654930782623,0.6947799783603588,0.35,0.0525,0.0,0.0,paper,0,1,,0.3890717456663027,0.537127186571158,0.10400924448873398,41.326179980189934,34.581848662077554,0.05033614867079454,nan
paper,NCJT-student-5d,student,5,concentrated,NCJT-student-5d/concentrated,1,0.018992460050610394,0.0723571272203914,nan,nan,0.0048828125,0.07010431221051912,340,0,0,0,2150400,2155776,0,0.2380429000040749,0.6276073271430692,0.7117533078954748,0.35,0.0525,0.0,0.0,paper,0,1,,0.4047772683185338,0.5361684521339999,0.12388631089881459,40.40336468256021,34.63287822628593,0.06636844074603548,nan
paper,NCJT-student-5d,student,5,concentrated,NCJT-student-5d/concentrated,2,0.01816521926406156,0.07300280355401044,nan,nan,0.0078125,0.057777623090100566,340,0,0,0,2150400,2155776,0,0.23945789999561384,0.6237604730868176,0.6976834195480794,0.35,0.0525,0.0,0.0,paper,0,1,,0.39246826230275134,0.5233099081463755,0.09672907467555081,40.360355105415294,34.9327935295789,0.053398048690704844,nan
paper,NCJT-student-5d,student,5,concentrated,NCJT-student-5d/concentrated,3,0.02281213876877608,0.08146525866451598,nan,nan,0.005859375,0.06890597119832209,356,0,0,0,2150400,2155776,0,0.24325140001019463,0.6170911444268924,0.6894939730074281,0.35,0.0525,0.0,0.0,paper,0,1,,0.40615144593145447,0.5412629334248702,0.11400339808141623,41.87656025832584,34.694287624192796,0.06783077971703867,nan
paper,NCJT-student-5d,student,5,concentrated,NCJT-student-5d/concentrated,4,0.024318355685144732,0.08698789388724126,nan,nan,0.0078125,0.08879674588660973,332,0,0,0,2150400,2155776,0,0.250448700011475,0.6352701135084166,0.6859056188956161,0.35,0.0525,0.0,0.0,paper,0,1,,0.37775599449691266,0.5321993954183184,0.14610989631209165,40.237748676290195,34.336588473989124,0.08422183208381398,nan
paper,NCJT-student-5d,student,5,concentrated,NCJT-student-5d/concentrated,5,0.01797235511605111,0.06797256704668664,nan,nan,0.0068359375,0.08084392270660593,346,0,0,0,2150400,2155776,0,0.23882909999520052,0.6248226454909943,0.7200303242030803,0.35,0.0525,0.0,0.0,paper,0,1,,0.4000811195052413,0.5264876158985117,0.1320542199464915,40.31703022051184,34.01004942593599,0.07546691571385003,nan
normalized-only,NCJT-student-5d,student,5,concentrated,NCJT-student-5d/concentrated,0,0.0898533261299248,0.18844144949469968,nan,nan,0.0009765625,0.36673760648125797,165,0,0,0,2150400,2155776,0,0.24449830000230577,1.7334928350334236,1.9486545162291609,0.35,0.0525,0.0,0.0,constant,0,1,2.0,0.006572212122724849,0.41352918807552863,0.12096623398572864,33.86724658618463,23.612322285306334,0.12096623398572864,nan
normalized-only,NCJT-student-5d,student,5,concentrated,NCJT-student-5d/concentrated,1,0.0673318554380915,0.15580765132949165,nan,nan,0.0029296875,0.25499396035731287,159,0,0,0,2150400,2155776,0,0.24562400000286289,1.4812114940341425,1.679803811996081,0.35,0.0525,0.0,0.0,constant,0,1,2.0,0.029121170438475848,0.44545814579983956,0.12509600577086236,31.447966303471638,25.087187525810258,0.12509600577086236,nan
normalized-only,NCJT-student-5d,student,5,concentrated,NCJT-student-5d/concentrated,2,0.08470109323702024,0.18649938188688142,nan,nan,0.005859375,0.2326973061063064,162,0,0,0,2150400,2155776,0,0.24577739999222104,1.665458402313914,1.8628347953681985,0.35,0.0525,0.0,0.0,constant,0,1,2.0,0.008323899337389931,0.38033675822259694,0.12729473172068193,32.75809199995718,24.40281039868964,0.12729473172068193,nan
normalized-only,NCJT-student-5d,student,5,concentrated,NCJT-student-5d/concentrated,3,0.06002551711116211,0.14179557239413665,nan,nan,0.005859375,0.17206033077151603,167,0,0,0,2150400,2155776,0,0.2391778000019258,1.453170916584121,1.6236703407321933,0.35,0.0525,0.0,0.0,constant,0,1,2.0,0.021677968441853344,0.38302431430400363,0.14785876070787868,33.28047338690406,25.221270924853577,0.14785876070787868,nan
normalized-only,NCJT-student-5d,student,5,concentrated,NCJT-student-5d/concentrated,4,0.08984694864153164,0.19375057770571733,nan,nan,0.001953125,0.28407048060571205,154,0,0,0,2150400,2155776,0,0.23825790001137648,1.833620486003159,1.9797729619701592,0.35,0.0525,0.0,0.0,constant,0,1,2.0,0.006206318809088938,0.4138278429698484,0.1628123019394424,33.150432420421964,23.674525844755365,0.1628123019394424,nan
normalized-only,NCJT-student-5d,student,5,concentrated,NCJT-student-5d/concentrated,5,0.07772081641730888,0.17094789063122806,nan,nan,0.0009765625,0.3284159956280575,164,0,0,0,2150400,2155776,0,0.24143230001209304,1.5743207369710905,1.8142086859706572,0.35,0.0525,0.0,0.0,constant,0,1,2.0,0.013763332774616376,0.46748814106838843,0.14828772688859326,30.354488277484364,24.781830386939525,0.14828772688859326,nan
abc,NCJT-student-5d,student,5,concentrated,NCJT-student-5d/concentrated,0,0.10928271949836854,0.21796563780578854,nan,nan,0.0009765625,0.4004868074845305,164,0,0,0,2150400,2155776,0,0.2544329999946058,1.860036815910087,2.090905176199251,0.35,0.0525,0.0,0.0,abc,0,1,2.0,0.0045488750127857195,0.38477793437721564,0.13176575139690466,33.294607431550496,23.10963343382624,0.134069239191837,nan
abc,NCJT-student-5d,student,5,concentrated,NCJT-student-5d/concentrated,1,0.08120987637279109,0.17631794023148262,nan,nan,0.0029296875,0.3613257434981386,158,0,0,0,2150400,2155776,0,0.2554773000010755,1.5765954003027036,1.7879762438185096,0.35,0.0525,0.0,0.0,abc,0,1,2.0,0.01826497485264493,0.43410485945787325,0.12899339230431103,30.332659298546638,24.39027763123874,0.12947941194961582,nan
abc,NCJT-student-5d,student,5,concentrated,NCJT-student-5d/concentrated,2,0.10128104399064242,0.2116350301757273,nan,nan,0.0048828125,0.28154101687288063,161,0,0,0,2150400,2155776,0,0.26025349998963065,1.7701818816771255,1.9799692377408058,0.35,0.0525,0.0,0.0,abc,0,1,2.0,0.0035276018891553817,0.3535219336043166,0.13237786815119051,32.61824887207089,23.648133098198798,0.1348952791329986,nan
abc,NCJT-student-5d,student,5,concentrated,NCJT-student-5d/concentrated,3,0.07234646811433221,0.16134435441395703,nan,nan,0.0048828125,0.18508801870159444,165,0,0,0,2150400,2155776,0,0.25359779999416787,1.5439306201928782,1.7250788104458474,0.35,0.0525,0.0,0.0,abc,0,1,2.0,0.01316028273080691,0.3699682980526271,0.14866046084684012,32.966498102534075,24.784764017748238,0.15452371810442367,nan
abc,NCJT-student-5d,student,5,concentrated,NCJT-student-5d/concentrated,4,0.10709196980963487,0.21991462592824923,nan,nan,0.001953125,0.3285723162901362,152,0,0,0,2150400,2155776,0,0.2529450000001816,1.9470851177230801,2.10228152452917,0.35,0.0525,0.0,0.0,abc,0,1,2.0,0.003394499631649706,0.39936791792562276,0.16729322251534237,32.167038521540036,23.148978225119848,0.1664249443308221,nan
abc,NCJT-student-5d,student,5,concentrated,NCJT-student-5d/concentrated,5,0.09253080107750034,0.19413497680428576,nan,nan,0.001953125,0.3801804495490205,162,0,0,0,2150400,2155776,0,0.25527779999538325,1.6739457582029256,1.9290141221275496,0.35,0.0525,0.0,0.0,abc,0,1,2.0,0.009534895459422469,0.44333200325914585,0.1512799225542273,30.072879191895943,24.17636077914309,0.15346865255677783,nan
normalized-crossfit,NCJT-student-5d,student,5,concentrated,NCJT-student-5d/concentrated,0,0.02035681586179816,0.07781349234407152,nan,nan,0.0107421875,0.14059166965750355,207,0,0,0,2150400,2155776,0,0.24658039999485482,0.6209805895687374,0.698056897552989,0.35,0.0525,0.0,0.0,constant,1,0,2.0,0.41490090536300755,0.5271394111097858,0.1309628509513052,40.610729200265766,24.94646598935732,0.1309628509513052,nan
normalized-crossfit,NCJT-student-5d,student,5,concentrated,NCJT-student-5d/concentrated,1,0.01907037803688283,0.07224015528408746,nan,nan,0.0048828125,0.16211207270160197,199,0,0,0,2150400,2155776,0,0.24728609999874607,0.6196641487617321,0.7027451538417989,0.35,0.0525,0.0,0.0,constant,1,0,2.0,0.3998675427215354,0.5294488813450902,0.15618790283076867,39.47041022212997,26.402905227773907,0.15618790283076867,nan
normalized-crossfit,NCJT-student-5d,student,5,concentrated,NCJT-student-5d/concentrated,2,0.01877990960207332,0.07379943396589156,nan,nan,0.0048828125,0.12402907841238461,200,0,0,0,2150400,2155776,0,0.2474864000105299,0.6143083333607103,0.6871110901833765,0.35,0.0525,0.0,0.0,constant,1,0,2.0,0.4261256319182353,0.533287373355273,0.11438935845996019,40.15588244732656,21.702378990662886,0.11438935845996019,nan
normalized-crossfit,NCJT-student-5d,student,5,concentrated,NCJT-student-5d/concentrated,3,0.022319741846205776,0.07987967365043436,nan,nan,0.001953125,0.12544359123378238,213,0,0,0,2150400,2155776,0,0.24528240000654478,0.6115885374445862,0.6833457493869899,0.35,0.0525,0.0,0.0,constant,1,0,2.0,0.41539478213139536,0.5560956619475744,0.11531773544277374,40.92652896908328,22.533494775515955,0.11531773544277374,nan
normalized-crossfit,NCJT-student-5d,student,5,concentrated,NCJT-student-5d/concentrated,4,0.025556830794603913,0.0888516366818434,nan,nan,0.0048828125,0.15526171698664348,189,0,0,0,2150400,2155776,0,0.24290620000101626,0.6203249933292998,0.6697692673060325,0.35,0.0525,0.0,0.0,constant,1,0,2.0,0.39221798762266924,0.5399555080123435,0.14632877165822006,39.502006860710225,23.3146730282187,0.14632877165822006,nan
normalized-crossfit,NCJT-student-5d,student,5,concentrated,NCJT-student-5d/concentrated,5,0.017733515269891864,0.06800545855967667,nan,nan,0.0048828125,0.14665556743332472,211,0,0,0,2150400,2155776,0,0.2429512000089744,0.6192371849582263,0.7135937761886079,0.35,0.0525,0.0,0.0,constant,1,0,2.0,0.443029282116808,0.5197139086089935,0.13894875754528246,38.80908912768936,24.15324999169333,0.13894875754528246,nan
paper,NCJT-gmix-1d-K7-uneq,gauss_mixture,1,covered,NCJT-gmix-1d-K7-uneq/covered,0,0.0032512996989964016,0.05226170972362904,1.0,0.059523809523809514,1.0,0.058828828458228705,1,0,0,0,2150400,2155776,0,0.09845170000335202,1.2380636960197962,1.0484854620308195,0.35,0.0525,0.0,0.0,paper,0,1,,0.38852951969625266,0.5193916200454116,0.08590547209465899,19.18538798242797,14.54405521207362,0.04464811532716484,nan
paper,NCJT-gmix-1d-K7-uneq,gauss_mixture,1,covered,NCJT-gmix-1d-K7-uneq/covered,1,0.018502935207857396,0.16718898239824492,1.0,0.11309523809523808,0.9951171875,0.023284802954420765,1,0,0,0,2150400,2155776,0,0.09992480000073556,1.2181964846537736,1.0385816427880166,0.35,0.0525,0.0,0.0,paper,0,1,,0.4929788610449293,0.568639567230246,0.030591051163233907,21.20189885056191,15.665330257174034,0.017693016722131083,nan
paper,NCJT-gmix-1d-K7-uneq,gauss_mixture,1,covered,NCJT-gmix-1d-K7-uneq/covered,2,0.00913875164590694,0.10871514299386956,1.0,0.10714285714285715,0.998046875,0.017566358409682677,1,0,0,0,2150400,2155776,0,0.09656840001116507,1.2121760511773831,1.037188918556021,0.35,0.0525,0.0,0.0,paper,0,1,,0.486191824075774,0.5622432067756467,0.01978383468965883,21.34071163325015,16.27287898220523,0.01099659762066868,nan
paper,NCJT-gmix-1d-K7-uneq,gauss_mixture,1,covered,NCJT-gmix-1d-K7-uneq/covered,3,0.011248385540506112,0.1255724108758255,1.0,0.16666666666666669,0.9970703125,0.022237392888415492,1,0,0,0,2150400,2155776,0,0.09316309999849182,1.2132121975529349,1.045600362322562,0.35,0.0525,0.0,0.0,paper,0,1,,0.498146025994375,0.5573387812130763,0.03648430482125242,21.378850019656795,16.28024752302563,0.01952705307643343,nan
paper,NCJT-gmix-1d-K7-uneq,gauss_mixture,1,covered,NCJT-gmix-1d-K7-uneq/covered,4,0.010382293086317329,0.12399076752520513,1.0,0.11904761904761904,0.9951171875,0.025278064004398155,1,0,0,0,2150400,2155776,0,0.09624820000317413,1.2133910014619953,1.026819977944302,0.35,0.0525,0.0,0.0,paper,0,1,,0.48366806942993634,0.5662865310520613,0.026904085909594366,19.110232109851133,15.860470801161927,0.014514295951069567,nan
paper,NCJT-gmix-1d-K7-uneq,gauss_mixture,1,covered,NCJT-gmix-1d-K7-uneq/covered,5,0.004812740476157318,0.07702419230781264,1.0,0.0714285714285714,0.9990234375,0.05005450048326453,1,0,0,0,2150400,2155776,0,0.1135779000032926,1.2244772504661665,1.0462701125567226,0.35,0.0525,0.0,0.0,paper,0,1,,0.42400046174890893,0.5608554337171685,0.07442885786887721,18.916228489747766,15.54887474234889,0.0420762177129721,nan
normalized-only,NCJT-gmix-1d-K7-uneq,gauss_mixture,1,covered,NCJT-gmix-1d-K7-uneq/covered,0,0.0050127987569912325,0.07094910723095207,1.0,0.041666666666666664,1.0,0.11871829769592762,1,0,0,0,2150400,2155776,0,0.09555240000190679,1.2850278444032794,1.0882582354148094,0.35,0.0525,0.0,0.0,constant,0,1,2.0,0.37738913372204874,0.5269322770500533,0.0871365506177402,19.197602647318767,14.950111339647165,0.0871365506177402,nan
normalized-only,NCJT-gmix-1d-K7-uneq,gauss_mixture,1,covered,NCJT-gmix-1d-K7-uneq/covered,1,0.009242076680270106,0.11229744089440456,1.0,0.08333333333333331,0.9990234375,0.05559894657209377,1,0,0,0,2150400,2155776,0,0.09845240000868216,1.2703161485630323,1.0830166143598001,0.35,0.0525,0.0,0.0,constant,0,1,2.0,0.48859608128596416,0.5679770818130037,0.027504537765180803,19.886646718283664,15.294208685240232,0.027504537765180803,nan
normalized-only,NCJT-gmix-1d-K7-uneq,gauss_mixture,1,covered,NCJT-gmix-1d-K7-uneq/covered,2,0.003896001314027453,0.06527659975573327,1.0,0.07142857142857137,1.0,0.03996007154790813,1,0,0,0,2150400,2155776,0,0.09631539999099914,1.2639174093292525,1.0814610053160523,0.35,0.0525,0.0,0.0,constant,0,1,2.0,0.4899144988847688,0.5636954891955533,0.01574195643639742,21.17993486801919,15.47491002825846,0.01574195643639742,nan
normalized-only,NCJT-gmix-1d-K7-uneq,gauss_mixture,1,covered,NCJT-gmix-1d-K7-uneq/covered,3,0.004662989299220044,0.06773802388408856,1.0,0.08333333333333331,1.0,0.03692185851643342,1,0,0,0,2150400,2155776,0,0.09441789999254979,1.2627412400853828,1.0882866994051215,0.35,0.0525,0.0,0.0,constant,0,1,2.0,0.48745668716680085,0.5531304442277103,0.03094840272910082,21.189818704597528,15.548991269903237,0.03094840272910082,nan
normalized-only,NCJT-gmix-1d-K7-uneq,gauss_mixture,1,covered,NCJT-gmix-1d-K7-uneq/covered,4,0.007767335365617134,0.10730343736837747,1.0,0.0595238095238095,1.0,0.05309357550423996,1,0,0,0,2150400,2155776,0,0.10188269999343902,1.2624147470783011,1.0683058315000231,0.35,0.0525,0.0,0.0,constant,0,1,2.0,0.46321457297598156,0.571851929869118,0.0244354521975767,19.461144789699798,15.397614827341398,0.0244354521975767,nan
normalized-only,NCJT-gmix-1d-K7-uneq,gauss_mixture,1,covered,NCJT-gmix-1d-K7-uneq/covered,5,0.004074245483678851,0.06691645524680156,1.0,0.03571428571428569,0.9990234375,0.09853986746994425,1,0,0,0,2150400,2155776,0,0.09703149998676963,1.2554621313905645,1.072745536938829,0.35,0.0525,0.0,0.0,constant,0,1,2.0,0.414025251087177,0.5594228185317041,0.0815971009294425,17.942199012260645,15.370006226584557,0.0815971009294425,nan
abc,NCJT-gmix-1d-K7-uneq,gauss_mixture,1,covered,NCJT-gmix-1d-K7-uneq/covered,0,0.004893906821234584,0.07330133027341647,1.0,0.041666666666666664,1.0,0.11422825439061726,1,0,0,0,2150400,2155776,0,0.10580019999179058,1.268977510585032,1.0746656054691326,0.35,0.0525,0.0,0.0,abc,0,1,2.0,0.37886567065675114,0.5296601460449137,0.09030392630115014,19.18509740457117,14.998364739308167,0.0873226351725726,nan
abc,NCJT-gmix-1d-K7-uneq,gauss_mixture,1,covered,NCJT-gmix-1d-K7-uneq/covered,1,0.010371178098721678,0.1261996997480683,1.0,0.08333333333333331,0.9990234375,0.05296419681093209,1,0,0,0,2150400,2155776,0,0.10822910000570118,1.2523043454246117,1.0676605299114101,0.35,0.0525,0.0,0.0,abc,0,1,2.0,0.4884413014057186,0.5690349361289933,0.02921838708075241,20.619029457366754,15.51906997871443,0.026420406106732908,nan
abc,NCJT-gmix-1d-K7-uneq,gauss_mixture,1,covered,NCJT-gmix-1d-K7-uneq/covered,2,0.004320354705691809,0.07178984047023809,1.0,0.0892857142857143,1.0,0.034815380277716995,1,0,0,0,2150400,2155776,0,0.10882420001144055,1.2464092867726013,1.0664803177477398,0.35,0.0525,0.0,0.0,abc,0,1,2.0,0.4811048627540636,0.5652619506584079,0.0177287985505013,21.060265841170168,15.60642480689906,0.015424684158375501,nan
abc,NCJT-gmix-1d-K7-uneq,gauss_mixture,1,covered,NCJT-gmix-1d-K7-uneq/covered,3,0.0052487368276255,0.07739121991437393,1.0,0.0892857142857143,1.0,0.0366819698575058,1,0,0,0,2150400,2155776,0,0.11527009999554139,1.244636192799944,1.0726829624498673,0.35,0.0525,0.0,0.0,abc,0,1,2.0,0.4775405906260067,0.5511409555927926,0.030589469767114852,21.32137754797761,15.688149732680078,0.03153951531187804,nan
abc,NCJT-gmix-1d-K7-uneq,gauss_mixture,1,covered,NCJT-gmix-1d-K7-uneq/covered,4,0.008656703062150273,0.11641867039730129,1.0,0.07738095238095236,1.0,0.04897058545182357,1,0,0,0,2150400,2155776,0,0.10990070000116248,1.2462134005441496,1.0545956043178362,0.35,0.0525,0.0,0.0,abc,0,1,2.0,0.46327328111415017,0.5709431539640171,0.023171421149325466,19.496777262006173,15.486833728714242,0.024654386738278966,nan
abc,NCJT-gmix-1d-K7-uneq,gauss_mixture,1,covered,NCJT-gmix-1d-K7-uneq/covered,5,0.004350568232976526,0.07316972569719842,1.0,0.0714285714285714,0.9990234375,0.09612612514203682,1,0,0,0,2150400,2155776,0,0.10625019999861252,1.2397927017974935,1.0593565941407488,0.35,0.0525,0.0,0.0,abc,0,1,2.0,0.4191198886337619,0.5597422255518587,0.08219561397535502,18.35617824543381,15.468976555215331,0.07808473666878102,nan
normalized-crossfit,NCJT-gmix-1d-K7-uneq,gauss_mixture,1,covered,NCJT-gmix-1d-K7-uneq/covered,0,0.002588289944232214,0.04659504256969848,1.0,0.059523809523809514,1.0,0.10996095721914756,1,0,0,0,2150400,2155776,0,0.09757730001001619,1.21294385410006,1.0272120904377195,0.35,0.0525,0.0,0.0,constant,1,0,2.0,0.4121022372413856,0.5079240266610661,0.06026683771436203,19.18058416332824,13.710000853524967,0.06026683771436203,nan
normalized-crossfit,NCJT-gmix-1d-K7-uneq,gauss_mixture,1,covered,NCJT-gmix-1d-K7-uneq/covered,1,0.0076434661364621626,0.10482916586337032,1.0,0.08333333333333334,1.0,0.09011808086273863,1,0,0,0,2150400,2155776,0,0.09720290001132526,1.1933440338540806,1.0173935179624967,0.35,0.0525,0.0,0.0,constant,1,0,2.0,0.42385701514115076,0.5842633795314736,0.06753030345598676,20.339616776953953,16.084329748924745,0.06753030345598676,nan
normalized-crossfit,NCJT-gmix-1d-K7-uneq,gauss_mixture,1,covered,NCJT-gmix-1d-K7-uneq/covered,2,0.002346409175753683,0.04974485898453696,1.0,0.07142857142857137,1.0,0.05841370524278582,1,0,0,0,2150400,2155776,0,0.09785389999160543,1.2041527099676763,1.0303238096599834,0.35,0.0525,0.0,0.0,constant,1,0,2.0,0.48033474919115365,0.5519898374715027,0.0376233052002094,21.175339432052958,16.236924234893632,0.0376233052002094,nan
normalized-crossfit,NCJT-gmix-1d-K7-uneq,gauss_mixture,1,covered,NCJT-gmix-1d-K7-uneq/covered,3,0.004365360035783361,0.07310644229875758,1.0,0.08333333333333331,1.0,0.09954423997317455,1,0,0,0,2150400,2155776,0,0.09747140000399668,1.1899065450974,1.0255145119652855,0.35,0.0525,0.0,0.0,constant,1,0,2.0,0.44635034672112645,0.5527687392761186,0.08503700452757909,20.885547746114824,15.678574547623283,0.08503700452757909,nan
normalized-crossfit,NCJT-gmix-1d-K7-uneq,gauss_mixture,1,covered,NCJT-gmix-1d-K7-uneq/covered,4,0.005732285559566508,0.09406610082522898,1.0,0.0595238095238095,1.0,0.04330124930147811,1,0,0,0,2150400,2155776,0,0.1003121999965515,1.1862918317706903,1.0038875771013687,0.35,0.0525,0.0,0.0,constant,1,0,2.0,0.4244743385404245,0.5378861448660514,0.029278232988615156,19.264004826668973,15.179437089457071,0.029278232988615156,nan
normalized-crossfit,NCJT-gmix-1d-K7-uneq,gauss_mixture,1,covered,NCJT-gmix-1d-K7-uneq/covered,5,0.0026546596810246292,0.05671793652557711,1.0,0.03571428571428569,1.0,0.06558792955784669,1,0,0,0,2150400,2155776,0,0.0957784000056563,1.1865266577290534,1.013842747393722,0.35,0.0525,0.0,0.0,constant,1,0,2.0,0.41458952296324725,0.5605601916988643,0.05431168967291517,17.20416639621436,14.595036300069477,0.05431168967291517,nan
paper,NCJT-gmix-1d-K7-uneq,gauss_mixture,1,missing,NCJT-gmix-1d-K7-uneq/missing,0,0.04280645716937248,0.27224011524917474,1.0,0.25595238095238093,0.9775390625,0.028884244412032998,290,0,0,0,2150400,2155776,0,0.09713370000827126,1.075017908777974,0.9342401450824867,0.35,0.0525,0.0,0.0,paper,0,1,,0.47363718965581353,0.5589164121614825,0.03838443078534204,22.82260754763944,18.04143146357501,0.02212839532301203,nan
paper,NCJT-gmix-1d-K7-uneq,gauss_mixture,1,missing,NCJT-gmix-1d-K7-uneq/missing,1,0.061869234706137144,0.33522313079488036,1.0,0.21428571428571425,0.9677734375,0.0451288596374916,363,0,0,0,2150400,2155776,0,0.09929450000345241,1.0944143939210584,0.9239639862934477,0.35,0.0525,0.0,0.0,paper,0,1,,0.47110724189269293,0.5474749782449212,0.04916798355331267,24.12452586203939,19.331820120791903,0.02616446498046121,nan
paper,NCJT-gmix-1d-K7-uneq,gauss_mixture,1,missing,NCJT-gmix-1d-K7-uneq/missing,2,0.03582897079192837,0.24224773778403297,1.0,0.2797619047619047,0.9775390625,0.03325475616274736,329,0,0,0,2150400,2155776,0,0.0953291000041645,1.0816959310516039,0.9343394019050734,0.35,0.0525,0.0,0.0,paper,0,1,,0.488218286071533,0.5570873565361807,0.05115527279437401,23.326728364143722,19.15719362359343,0.02702041535243712,nan
paper,NCJT-gmix-1d-K7-uneq,gauss_mixture,1,missing,NCJT-gmix-1d-K7-uneq/missing,3,0.03999009086013139,0.2715529788615462,1.0,0.23809523809523808,0.970703125,0.02464050437361175,272,0,0,0,2150400,2155776,0,0.09378149999247398,1.0857667420891992,0.9160029041086063,0.35,0.0525,0.0,0.0,paper,0,1,,0.4880493154178472,0.5663419475384164,0.011233202106787243,23.644750023737764,18.976895435120475,0.005956344570207495,nan
paper,NCJT-gmix-1d-K7-uneq,gauss_mixture,1,missing,NCJT-gmix-1d-K7-uneq/missing,4,0.06564827972637466,0.3392325331870507,0.8571428571428571,0.22023809523809526,0.970703125,0.046201700221189405,238,0,0,0,2150400,2155776,0,0.09518210000533145,1.0834580901107298,0.9305134023608904,0.35,0.0525,0.0,0.0,paper,0,1,,0.4603039379876866,0.5403352296212828,0.06287255287952859,22.38532875789508,18.445645941708662,0.034859915776496414,nan
paper,NCJT-gmix-1d-K7-uneq,gauss_mixture,1,missing,NCJT-gmix-1d-K7-uneq/missing,5,0.04860439943040418,0.29669785947494504,1.0,0.23809523809523808,0.966796875,0.04807686642303979,269,0,0,0,2150400,2155776,0,0.09904970000206959,1.0843594485595955,0.918921798262616,0.35,0.0525,0.0,0.0,paper,0,1,,0.43687255154240134,0.554408616279986,0.08577314265060954,21.54245687355329,18.615050799453805,0.042710213582592804,nan
normalized-only,NCJT-gmix-1d-K7-uneq,gauss_mixture,1,missing,NCJT-gmix-1d-K7-uneq/missing,0,0.00682795192583896,0.09074568685497146,1.0,0.08928571428571433,1.0,0.04813477906900246,130,0,0,0,2150400,2155776,0,0.09970020000764634,1.243769072534787,1.0808926895877373,0.35,0.0525,0.0,0.0,constant,0,1,2.0,0.43915179948096816,0.5762304668802447,0.018960621008806466,22.222342555344994,16.20080537102281,0.018960621008806466,nan
normalized-only,NCJT-gmix-1d-K7-uneq,gauss_mixture,1,missing,NCJT-gmix-1d-K7-uneq/missing,1,0.011091380892532365,0.12491181938132132,1.0,0.12500000000000003,1.0,0.08121467096893539,169,0,0,0,2150400,2155776,0,0.09651400000439025,1.2818104939209345,1.0821739372347732,0.35,0.0525,0.0,0.0,constant,0,1,2.0,0.43888893331483525,0.563053056438803,0.045552000316131824,22.14978577705412,16.12425466637493,0.045552000316131824,nan
normalized-only,NCJT-gmix-1d-K7-uneq,gauss_mixture,1,missing,NCJT-gmix-1d-K7-uneq/missing,2,0.004982909754503995,0.0802095667712315,1.0,0.12500000000000003,1.0,0.05496320720652302,151,0,0,0,2150400,2155776,0,0.10053440000046976,1.2521277904639236,1.0815537872213472,0.35,0.0525,0.0,0.0,constant,0,1,2.0,0.490077318690348,0.5717420129971329,0.049052683495048544,22.08339766754269,16.108497701176553,0.049052683495048544,nan
normalized-only,NCJT-gmix-1d-K7-uneq,gauss_mixture,1,missing,NCJT-gmix-1d-K7-uneq/missing,3,0.005787949893859556,0.08761291733097062,1.0,0.13095238095238096,1.0,0.051294036654237644,125,0,0,0,2150400,2155776,0,0.09624759999860544,1.260571313828276,1.0634761036066445,0.35,0.0525,0.0,0.0,constant,0,1,2.0,0.46544283189791197,0.5787665215246345,0.019030494816870025,22.433642134610402,15.693730316347231,0.019030494816870025,nan
normalized-only,NCJT-gmix-1d-K7-uneq,gauss_mixture,1,missing,NCJT-gmix-1d-K7-uneq/missing,4,0.01262710571780623,0.13574793785775596,1.0,0.0892857142857143,1.0,0.05987552132004224,102,0,0,0,2150400,2155776,0,0.09514149998722132,1.2583756332291722,1.0807389806877044,0.35,0.0525,0.0,0.0,constant,0,1,2.0,0.4677039328123558,0.5615601638396683,0.04894506552758704,21.16669743048586,16.110465502236732,0.04894506552758704,nan
normalized-only,NCJT-gmix-1d-K7-uneq,gauss_mixture,1,missing,NCJT-gmix-1d-K7-uneq/missing,5,0.006723186427777472,0.0962365399215514,1.0,0.10119047619047616,1.0,0.07517597918130194,128,0,0,0,2150400,2155776,0,0.10192499999538995,1.2644694984973004,1.071552967930364,0.35,0.0525,0.0,0.0,constant,0,1,2.0,0.45941337469654125,0.5494449182195802,0.06390493085458326,20.694458777169302,16.02677586615092,0.06390493085458326,nan
abc,NCJT-gmix-1d-K7-uneq,gauss_mixture,1,missing,NCJT-gmix-1d-K7-uneq/missing,0,0.007790601217223081,0.09969480527910597,1.0,0.10119047619047619,1.0,0.04756782373896431,135,0,0,0,2150400,2155776,0,0.10662769999180455,1.2238205904148762,1.06355653855462,0.35,0.0525,0.0,0.0,abc,0,1,2.0,0.43624405264238125,0.5770090500900237,0.019578656301547537,22.383007723946683,16.396151290623184,0.017645340123092546,nan
abc,NCJT-gmix-1d-K7-uneq,gauss_mixture,1,missing,NCJT-gmix-1d-K7-uneq/missing,1,0.013238348108381759,0.14358544605230272,1.0,0.12500000000000003,1.0,0.07381971869258629,179,0,0,0,2150400,2155776,0,0.10702549999405164,1.2613618581946109,1.0649100899344246,0.35,0.0525,0.0,0.0,abc,0,1,2.0,0.4479171934452655,0.5613307042408078,0.04256976717346833,22.111946277401398,16.364109026352466,0.04127369814698523,nan
abc,NCJT-gmix-1d-K7-uneq,gauss_mixture,1,missing,NCJT-gmix-1d-K7-uneq/missing,2,0.005641564640089358,0.08786807116622744,1.0,0.12500000000000003,1.0,0.05483154822606606,158,0,0,0,2150400,2155776,0,0.10480210000241641,1.2328185722371392,1.064875011891455,0.35,0.0525,0.0,0.0,abc,0,1,2.0,0.48843889458248363,0.5737554902458918,0.048153620246707274,22.1012055110412,16.414270498673957,0.046743334153119154,nan
abc,NCJT-gmix-1d-K7-uneq,gauss_mixture,1,missing,NCJT-gmix-1d-K7-uneq/missing,3,0.007058556878691391,0.10413963301151674,1.0,0.14285714285714285,0.9990234375,0.04952718320987667,131,0,0,0,2150400,2155776,0,0.10471889999462292,1.2396058124364167,1.0457886396085454,0.35,0.0525,0.0,0.0,abc,0,1,2.0,0.4713908077884285,0.5745545358064067,0.018754272046750564,22.70897634745858,15.911207482623416,0.019173873232107008,nan
abc,NCJT-gmix-1d-K7-uneq,gauss_mixture,1,missing,NCJT-gmix-1d-K7-uneq/missing,4,0.015492715421592695,0.1559683458738325,1.0,0.10119047619047616,1.0,0.05882461310271179,106,0,0,0,2150400,2155776,0,0.1080394000018714,1.2366206250665444,1.0620549846489402,0.35,0.0525,0.0,0.0,abc,0,1,2.0,0.46952242040197034,0.5525875164047155,0.05042995040978715,21.660752926928467,16.27891568838409,0.04581784182187565,nan
abc,NCJT-gmix-1d-K7-uneq,gauss_mixture,1,missing,NCJT-gmix-1d-K7-uneq/missing,5,0.008320943730695696,0.11341190591367409,1.0,0.130952380952381,1.0,0.06898434814267142,133,0,0,0,2150400,2155776,0,0.10496499999135267,1.2438908725079132,1.0541139646320936,0.35,0.0525,0.0,0.0,abc,0,1,2.0,0.4565724536492932,0.5624720653604616,0.06525416326932554,20.896018562397654,16.07170175820459,0.061852827098034746,nan
normalized-crossfit,NCJT-gmix-1d-K7-uneq,gauss_mixture,1,missing,NCJT-gmix-1d-K7-uneq/missing,0,0.006373504025949828,0.0963344135159941,1.0,0.08928571428571425,0.998046875,0.040168219554347476,143,0,0,0,2150400,2155776,0,0.09781609999481589,1.1426303683079913,0.9929984908597316,0.35,0.0525,0.0,0.0,constant,1,0,2.0,0.46039712827159335,0.552094945346848,0.01590045529850881,22.342379046621105,15.853439772493054,0.01590045529850881,nan
normalized-crossfit,NCJT-gmix-1d-K7-uneq,gauss_mixture,1,missing,NCJT-gmix-1d-K7-uneq/missing,1,0.00843844091244561,0.10762811025989812,1.0,0.12500000000000003,1.0,0.12918148758297987,175,0,0,0,2150400,2155776,0,0.0976684000052046,1.2069332687643186,1.018958522833627,0.35,0.0525,0.0,0.0,constant,1,0,2.0,0.4143981939662624,0.5514940636017208,0.07222838301284573,22.001067555752712,16.170053638034144,0.07222838301284573,nan
normalized-crossfit,NCJT-gmix-1d-K7-uneq,gauss_mixture,1,missing,NCJT-gmix-1d-K7-uneq/missing,2,0.00409893473298073,0.07822817826463271,1.0,0.11309523809523811,1.0,0.12752009365451214,161,0,0,0,2150400,2155776,0,0.09940259999711998,1.1533637188122412,0.9962440795782476,0.35,0.0525,0.0,0.0,constant,1,0,2.0,0.4663579866189646,0.5831655504259964,0.035820695029633254,22.03990212233046,18.742880246141425,0.035820695029633254,nan
normalized-crossfit,NCJT-gmix-1d-K7-uneq,gauss_mixture,1,missing,NCJT-gmix-1d-K7-uneq/missing,3,0.004569320556057299,0.07787926966239479,1.0,0.13095238095238096,1.0,0.06879393976140667,129,0,0,0,2150400,2155776,0,0.09933830000227317,1.191050063286607,1.004824770014591,0.35,0.0525,0.0,0.0,constant,1,0,2.0,0.4501298639951251,0.5728992046124128,0.04086908112419556,22.517831059021397,17.88774428254606,0.04086908112419556,nan
normalized-crossfit,NCJT-gmix-1d-K7-uneq,gauss_mixture,1,missing,NCJT-gmix-1d-K7-uneq/missing,4,0.010610951724091988,0.12425385989646986,1.0,0.0892857142857143,1.0,0.10028618705763594,106,0,0,0,2150400,2155776,0,0.09527579999121372,1.1724128923796877,1.0069110373697063,0.35,0.0525,0.0,0.0,constant,1,0,2.0,0.48595114218142227,0.5252005643782792,0.06089666890372617,21.41902546846743,14.540105946312275,0.06089666890372617,nan
normalized-crossfit,NCJT-gmix-1d-K7-uneq,gauss_mixture,1,missing,NCJT-gmix-1d-K7-uneq/missing,5,0.005160642743808896,0.08870278890574146,1.0,0.08928571428571425,0.99609375,0.09837649040142052,134,0,0,0,2150400,2155776,0,0.0974796999944374,1.1613355497339162,0.9841538736674205,0.35,0.0525,0.0,0.0,constant,1,0,2.0,0.46610657672555056,0.5571574701431765,0.08113360726668406,20.946146651638024,15.420161577495804,0.08113360726668406,nan
paper,NCJT-gmix-1d-K7-uneq,gauss_mixture,1,far,NCJT-gmix-1d-K7-uneq/far,0,14.797382185721789,8.167008445806767,0.14285714285714285,1.9285714285714286,0.0,0.0005560166372583314,400,1,0,0,2150400,2155776,0,0.09378149999247398,0.18967727311234797,0.1625357423923843,0.35,0.0525,0.0,0.0,paper,0,1,,3.0464671726988887e-05,5.481601663948275e-05,6.426487888745993,14.03661301652675,43.5859242982456,0.0003522744299274781,nan
paper,NCJT-gmix-1d-K7-uneq,gauss_mixture,1,far,NCJT-gmix-1d-K7-uneq/far,1,14.823487024933199,8.200577120402972,0.14285714285714285,1.9285714285714286,0.0,0.0007123569202559078,400,1,0,0,2150400,2155776,0,0.09606110000459012,0.19387691972084692,0.16227202607146535,0.35,0.0525,0.0,0.0,paper,0,1,,4.215944864803947e-05,8.227746724743525e-05,6.07726364613527,13.132970293588821,42.2522172956387,0.0005000116758752201,nan
paper,NCJT-gmix-1d-K7-uneq,gauss_mixture,1,far,NCJT-gmix-1d-K7-uneq/far,2,15.056753100434488,8.282705840135092,0.14285714285714285,1.9285714285714286,0.0,0.0004934498044891224,400,1,0,0,2150400,2155776,0,0.09843990000081249,0.1621867895702232,0.13906264445376584,0.35,0.0525,0.0,0.0,paper,0,1,,3.393053677723172e-05,5.495483802600842e-05,6.294695668759866,11.20168999580223,44.38686592013583,0.00034592374635109815,nan
paper,NCJT-gmix-1d-K7-uneq,gauss_mixture,1,far,NCJT-gmix-1d-K7-uneq/far,3,14.853171148075734,8.212338811731259,0.14285714285714285,1.9285714285714286,0.0,0.0005150491071372655,400,1,0,0,2150400,2155776,0,0.09492070000851527,0.20030877704628988,0.16957809170448607,0.35,0.0525,0.0,0.0,paper,0,1,,2.8821460698254692e-05,6.09180100432959e-05,6.310349024084269,11.411618578665813,42.28059953014015,0.0003843927536245256,nan
paper,NCJT-gmix-1d-K7-uneq,gauss_mixture,1,far,NCJT-gmix-1d-K7-uneq/far,4,14.809764722097356,8.174574097292957,0.14285714285714285,1.9285714285714286,0.0,0.000342244475163802,400,1,0,0,2150400,2155776,0,0.09543729999859352,0.18398441132464613,0.15608330121411007,0.35,0.0525,0.0,0.0,paper,0,1,,2.422868228780355e-05,4.1467166512902975e-05,6.267367763560447,7.7530879541157764,43.338934485181795,0.0002598898524134778,nan
paper,NCJT-gmix-1d-K7-uneq,gauss_mixture,1,far,NCJT-gmix-1d-K7-uneq/far,5,14.786899135626935,8.185835190164468,0.14285714285714285,1.9285714285714286,0.0,0.0006398617004853542,400,1,0,0,2150400,2155776,0,0.09405600000172853,0.20061751293444688,0.16735588628855663,0.35,0.0525,0.0,0.0,paper,0,1,,3.377651588043667e-05,7.906134853177008e-05,6.194066013695227,15.006230706490973,42.41135095588775,0.0004897111835508198,nan
normalized-only,NCJT-gmix-1d-K7-uneq,gauss_mixture,1,far,NCJT-gmix-1d-K7-uneq/far,0,0.03370873209609093,0.23011152979667765,1.0,0.1607142857142857,1.0,0.05158341008617549,276,0,0,0,2150400,2155776,0,0.10086970000702422,1.3487120752455006,1.155720529015397,0.35,0.0525,0.0,0.0,constant,0,1,2.0,0.48322770941506754,0.5782416041782696,0.036646940472131455,20.627122760930234,14.400035437215777,0.036646940472131455,nan
normalized-only,NCJT-gmix-1d-K7-uneq,gauss_mixture,1,far,NCJT-gmix-1d-K7-uneq/far,1,0.020198476215659067,0.16636421527768475,1.0,0.16071428571428573,0.998046875,0.07825349764708202,359,0,0,0,2150400,2155776,0,0.09611889999359846,1.312396226172263,1.0984556332757682,0.35,0.0525,0.0,0.0,constant,0,1,2.0,0.4796123140358987,0.5665334577875581,0.03482441665245614,19.890954168280942,14.913841100497695,0.03482441665245614,nan
normalized-only,NCJT-gmix-1d-K7-uneq,gauss_mixture,1,far,NCJT-gmix-1d-K7-uneq/far,2,0.03400754673967343,0.2372708272358454,1.0,0.13690476190476192,1.0,0.043342833891061354,240,0,0,0,2150400,2155776,0,0.09712340000260156,1.3332271571838898,1.143139306393961,0.35,0.0525,0.0,0.0,constant,0,1,2.0,0.47257447387884305,0.5716600344227167,0.03668625314124102,18.35662754673062,14.263313767668738,0.03668625314124102,nan
normalized-only,NCJT-gmix-1d-K7-uneq,gauss_mixture,1,far,NCJT-gmix-1d-K7-uneq/far,3,0.02693997893539568,0.19607492958520406,1.0,0.2142857142857143,1.0,0.05824001108825745,298,0,0,0,2150400,2155776,0,0.09576870000455528,1.305838333044787,1.1055010961458198,0.35,0.0525,0.0,0.0,constant,0,1,2.0,0.4783673244477283,0.5709000353426028,0.05493152303523474,18.984248535455244,14.440536131339172,0.05493152303523474,nan
normalized-only,NCJT-gmix-1d-K7-uneq,gauss_mixture,1,far,NCJT-gmix-1d-K7-uneq/far,4,0.02240745500035235,0.18664874207451324,1.0,0.13690476190476192,1.0,0.11623916035596782,254,0,0,0,2150400,2155776,0,0.09572500000649597,1.339015091345122,1.1359543687854978,0.35,0.0525,0.0,0.0,constant,0,1,2.0,0.3745282104050964,0.4993044048919233,0.08782040701407515,16.842907305690815,13.629420956479915,0.08782040701407515,nan
normalized-only,NCJT-gmix-1d-K7-uneq,gauss_mixture,1,far,NCJT-gmix-1d-K7-uneq/far,5,0.023682982577509115,0.18588714669747328,1.0,0.17857142857142858,1.0,0.05532052844283805,267,0,0,0,2150400,2155776,0,0.09962500000256114,1.2852898567053577,1.0721936483027916,0.35,0.0525,0.0,0.0,constant,0,1,2.0,0.4901069680498355,0.573019681701433,0.04622215963617593,19.020471124052293,14.632840492609173,0.04622215963617593,nan
abc,NCJT-gmix-1d-K7-uneq,gauss_mixture,1,far,NCJT-gmix-1d-K7-uneq/far,0,0.04246681922165729,0.260218615963339,1.0,0.20238095238095238,1.0,0.053864766273895935,291,0,0,0,2150400,2155776,0,0.10482809999666642,1.3296567482452566,1.1393918900082354,0.35,0.0525,0.0,0.0,abc,0,1,2.0,0.47910709006438773,0.5706547566516258,0.03825797801647163,20.39684453154497,14.638961484008925,0.04033822990450979,nan
abc,NCJT-gmix-1d-K7-uneq,gauss_mixture,1,far,NCJT-gmix-1d-K7-uneq/far,1,0.02585061801513011,0.19183585724183783,1.0,0.20238095238095236,0.998046875,0.07237441578100005,377,0,0,0,2150400,2155776,0,0.10897709999699146,1.2931646262683212,1.0823590773499683,0.35,0.0525,0.0,0.0,abc,0,1,2.0,0.48263843140588303,0.5627143467636567,0.0406925314061336,19.50982066442353,14.941252159495985,0.03889503192760456,nan
abc,NCJT-gmix-1d-K7-uneq,gauss_mixture,1,far,NCJT-gmix-1d-K7-uneq/far,2,0.04249654210430509,0.26722611674724095,1.0,0.1607142857142857,1.0,0.04464102003397401,254,0,0,0,2150400,2155776,0,0.10567999999329913,1.3139304624240906,1.1265938811492437,0.35,0.0525,0.0,0.0,abc,0,1,2.0,0.47696673559174896,0.5703829376174203,0.03724369045120024,18.802482012291904,14.434686340183136,0.03848505122513629,nan
abc,NCJT-gmix-1d-K7-uneq,gauss_mixture,1,far,NCJT-gmix-1d-K7-uneq/far,3,0.034576717743280305,0.22774777196961055,1.0,0.20238095238095244,1.0,0.05729182911736522,321,0,0,0,2150400,2155776,0,0.10809189999417868,1.2951727533483506,1.0964717930942325,0.35,0.0525,0.0,0.0,abc,0,1,2.0,0.4729080580283972,0.5721453661827465,0.05293352905104695,18.763325739616512,14.58129342892666,0.05208953721751741,nan
abc,NCJT-gmix-1d-K7-uneq,gauss_mixture,1,far,NCJT-gmix-1d-K7-uneq/far,4,0.02868630566660957,0.21500981187041532,1.0,0.16071428571428575,1.0,0.1161181125422459,271,0,0,0,2150400,2155776,0,0.11185330001171678,1.3229725067893636,1.1223446312026168,0.35,0.0525,0.0,0.0,abc,0,1,2.0,0.37296213753961727,0.49108303013452753,0.0923145024041172,17.116953561444898,13.90356806319329,0.08588053518329336,nan
abc,NCJT-gmix-1d-K7-uneq,gauss_mixture,1,far,NCJT-gmix-1d-K7-uneq/far,5,0.03022028100937657,0.21294003965319894,1.0,0.17857142857142858,0.9990234375,0.052182079332714404,284,0,0,0,2150400,2155776,0,0.10864779999246821,1.277615682541765,1.065791823258233,0.35,0.0525,0.0,0.0,abc,0,1,2.0,0.4818133410175616,0.5699494983109308,0.04999473753639806,19.100562126273225,14.7113403554787,0.04271679234058112,nan
normalized-crossfit,NCJT-gmix-1d-K7-uneq,gauss_mixture,1,far,NCJT-gmix-1d-K7-uneq/far,0,0.03691756957146142,0.23399489732782003,1.0,0.1607142857142857,1.0,0.08766243200612575,285,0,0,0,2150400,2155776,0,0.09638200000335928,1.2274612742007347,1.051819894848175,0.35,0.0525,0.0,0.0,constant,1,0,2.0,0.469547841753363,0.566299863597737,0.058537620972486826,20.48791956744712,14.99639510670057,0.058537620972486826,nan
normalized-crossfit,NCJT-gmix-1d-K7-uneq,gauss_mixture,1,far,NCJT-gmix-1d-K7-uneq/far,1,0.02158471939851614,0.17657184865076292,1.0,0.20238095238095236,0.998046875,0.08163227457616494,363,0,0,0,2150400,2155776,0,0.097477200004505,1.1881470919480046,0.9944610021601807,0.35,0.0525,0.0,0.0,constant,1,0,2.0,0.4112167512164293,0.5665818828903673,0.03940136944492334,19.837223318430347,14.455014221347266,0.03940136944492334,nan
normalized-crossfit,NCJT-gmix-1d-K7-uneq,gauss_mixture,1,far,NCJT-gmix-1d-K7-uneq/far,2,0.03707847677095466,0.23942080459788406,1.0,0.13690476190476192,1.0,0.06945622898889799,245,0,0,0,2150400,2155776,0,0.09986630000639707,1.2244721611080682,1.049890297692704,0.35,0.0525,0.0,0.0,constant,1,0,2.0,0.4829110912775037,0.5487893038148592,0.058503743168498976,18.430764485414038,15.62027324291986,0.058503743168498976,nan
normalized-crossfit,NCJT-gmix-1d-K7-uneq,gauss_mixture,1,far,NCJT-gmix-1d-K7-uneq/far,3,0.028105985094981634,0.19880957579137276,1.0,0.1785714285714286,1.0,0.08871601414752593,298,0,0,0,2150400,2155776,0,0.09663870000804309,1.2342553510741345,1.0449001296774625,0.35,0.0525,0.0,0.0,constant,1,0,2.0,0.44462329665105305,0.523403818310328,0.05120789965096423,18.986489416109798,13.059848306123488,0.05120789965096423,nan
normalized-crossfit,NCJT-gmix-1d-K7-uneq,gauss_mixture,1,far,NCJT-gmix-1d-K7-uneq/far,4,0.02178122311399422,0.18152809953157364,1.0,0.13690476190476192,1.0,0.10683692254936795,253,0,0,0,2150400,2155776,0,0.11686090000148397,1.2447668482998824,1.0559988073212523,0.35,0.0525,0.0,0.0,constant,1,0,2.0,0.35978519778548657,0.4779833874173799,0.08617482090218631,16.726343103838353,13.752328315740197,0.08617482090218631,nan
normalized-crossfit,NCJT-gmix-1d-K7-uneq,gauss_mixture,1,far,NCJT-gmix-1d-K7-uneq/far,5,0.024125640521223124,0.18686103608425841,1.0,0.17857142857142858,1.0,0.1470369542284284,260,0,0,0,2150400,2155776,0,0.09637739999743644,1.1930401090765208,0.9952385607408981,0.35,0.0525,0.0,0.0,constant,1,0,2.0,0.3063430336147846,0.577505136486475,0.08728756906158537,18.96037418435226,14.01536870957759,0.08728756906158537,nan
paper,NCJT-gmix-1d-K7-uneq,gauss_mixture,1,concentrated,NCJT-gmix-1d-K7-uneq/concentrated,0,0.014149272230470133,0.1578660111624551,1.0,0.08928571428571425,0.9658203125,0.023994445989455,145,0,0,0,2150400,2155776,0,0.09741010000288952,1.1421931930466274,0.9667192553865778,0.35,0.0525,0.0,0.0,paper,0,1,,0.4981327672834417,0.5536128544046978,0.02613709935182862,22.20188118518078,16.216373488947973,0.015678270345215573,nan
paper,NCJT-gmix-1d-K7-uneq,gauss_mixture,1,concentrated,NCJT-gmix-1d-K7-uneq/concentrated,1,0.014993015045051683,0.15321240503998784,1.0,0.13095238095238096,0.974609375,0.03228736521585177,158,0,0,0,2150400,2155776,0,0.10283190000336617,1.1431921206447735,0.9868607815376342,0.35,0.0525,0.0,0.0,paper,0,1,,0.46816557489867244,0.5599213565687936,0.041284644729322695,22.61005599563321,16.848053175674266,0.024957361439225167,nan
paper,NCJT-gmix-1d-K7-uneq,gauss_mixture,1,concentrated,NCJT-gmix-1d-K7-uneq/concentrated,2,0.010696884315975819,0.13047883951938077,1.0,0.13095238095238093,0.9794921875,0.030811311571168745,129,0,0,0,2150400,2155776,0,0.09621760000300128,1.1467971403450914,0.9771797855715405,0.35,0.0525,0.0,0.0,paper,0,1,,0.48853355388759295,0.5570898591610554,0.02138518048287119,22.044828706495863,16.694151329296325,0.011833295978298611,nan
paper,NCJT-gmix-1d-K7-uneq,gauss_mixture,1,concentrated,NCJT-gmix-1d-K7-uneq/concentrated,3,0.021476045436454427,0.20042216167388027,1.0,0.13690476190476192,0.9599609375,0.03057029206029044,112,0,0,0,2150400,2155776,0,0.09337930000037886,1.1356248759131435,0.9412416739999424,0.35,0.0525,0.0,0.0,paper,0,1,,0.48971207483525864,0.557067247726367,0.02991645150629152,21.477489499046005,17.09406327157811,0.014308843846255859,nan
paper,NCJT-gmix-1d-K7-uneq,gauss_mixture,1,concentrated,NCJT-gmix-1d-K7-uneq/concentrated,4,0.012364124542172839,0.14039943414561884,1.0,0.13095238095238096,0.9697265625,0.02772103203869713,138,0,0,0,2150400,2155776,0,0.09555529999488499,1.1362283942665055,0.977760144695335,0.35,0.0525,0.0,0.0,paper,0,1,,0.4673647776141023,0.5691187893221032,0.045679845856376966,24.289108417648738,17.08159347428355,0.02625102654949755,nan
paper,NCJT-gmix-1d-K7-uneq,gauss_mixture,1,concentrated,NCJT-gmix-1d-K7-uneq/concentrated,5,0.008058180688750305,0.10945138395429245,1.0,0.09523809523809526,0.9853515625,0.029566505332092877,131,0,0,0,2150400,2155776,0,0.09587140000076033,1.1397675103070117,1.003470048316416,0.35,0.0525,0.0,0.0,paper,0,1,,0.47442709663925664,0.5588442890269809,0.05063167094905452,20.70520245637931,16.446352208046317,0.027695044376153666,nan
normalized-only,NCJT-gmix-1d-K7-uneq,gauss_mixture,1,concentrated,NCJT-gmix-1d-K7-uneq/concentrated,0,0.004860797710224407,0.07567918761498114,1.0,0.08333333333333331,1.0,0.032128295931057024,66,0,0,0,2150400,2155776,0,0.09799690000363626,1.265081112821898,1.0707280334325044,0.35,0.0525,0.0,0.0,constant,0,1,2.0,0.4937095376389621,0.5672091302464708,0.01865486596147231,20.89192995297386,15.432321070110149,0.01865486596147231,nan
normalized-only,NCJT-gmix-1d-K7-uneq,gauss_mixture,1,concentrated,NCJT-gmix-1d-K7-uneq/concentrated,1,0.0063135694869291825,0.08675717176245708,1.0,0.0595238095238095,1.0,0.06989448433864039,74,0,0,0,2150400,2155776,0,0.09693739999784157,1.2669169598342334,1.0936662688158907,0.35,0.0525,0.0,0.0,constant,0,1,2.0,0.4209164871396634,0.5457474084623717,0.04916954075507146,21.68011254933338,15.214034411545198,0.04916954075507146,nan
normalized-only,NCJT-gmix-1d-K7-uneq,gauss_mixture,1,concentrated,NCJT-gmix-1d-K7-uneq/concentrated,2,0.003741951221942541,0.06666201710588543,1.0,0.0595238095238095,1.0,0.054292104623025673,59,0,0,0,2150400,2155776,0,0.09648829999787267,1.2629079449260083,1.0761171888238517,0.35,0.0525,0.0,0.0,constant,0,1,2.0,0.48197993870553857,0.5821868090029252,0.01749100061806235,21.047058040984084,15.532489693123253,0.01749100061806235,nan
normalized-only,NCJT-gmix-1d-K7-uneq,gauss_mixture,1,concentrated,NCJT-gmix-1d-K7-uneq/concentrated,3,0.008311017793290798,0.12463851531300814,1.0,0.0714285714285714,1.0,0.04859966270684456,50,0,0,0,2150400,2155776,0,0.09487530001206324,1.2526331854239758,1.038221847164362,0.35,0.0525,0.0,0.0,constant,0,1,2.0,0.4739397449462662,0.5611962368151802,0.0248215645495784,20.13587362298238,15.456863510260566,0.0248215645495784,nan
normalized-only,NCJT-gmix-1d-K7-uneq,gauss_mixture,1,concentrated,NCJT-gmix-1d-K7-uneq/concentrated,4,0.0042645622610490985,0.06928173731963264,1.0,0.0654761904761905,1.0,0.051033490697544315,64,0,0,0,2150400,2155776,0,0.09828299999935552,1.2534567656784037,1.0786388324419918,0.35,0.0525,0.0,0.0,constant,0,1,2.0,0.43529672574565403,0.5710616616284858,0.04988739248423002,23.554461787513493,15.449158428377604,0.04988739248423002,nan
normalized-only,NCJT-gmix-1d-K7-uneq,gauss_mixture,1,concentrated,NCJT-gmix-1d-K7-uneq/concentrated,5,0.005241515449975642,0.07090151291944552,1.0,0.0595238095238095,1.0,0.045690039784721505,58,0,0,0,2150400,2155776,0,0.09510880000016186,1.2741892260931933,1.1218171361347038,0.35,0.0525,0.0,0.0,constant,0,1,2.0,0.4826091651069213,0.5629507707972233,0.04472568174687369,19.06217994350594,15.269691046020544,0.04472568174687369,nan
abc,NCJT-gmix-1d-K7-uneq,gauss_mixture,1,concentrated,NCJT-gmix-1d-K7-uneq/concentrated,0,0.005321254020096422,0.08489112008316232,1.0,0.0892857142857143,0.9990234375,0.030584553881135665,67,0,0,0,2150400,2155776,0,0.10788560000946745,1.2472462564672158,1.0556331272817014,0.35,0.0525,0.0,0.0,abc,0,1,2.0,0.4895785133071224,0.5679334445440025,0.020847472635995068,21.131824381710626,15.566216769654002,0.018247236872401207,nan
abc,NCJT-gmix-1d-K7-uneq,gauss_mixture,1,concentrated,NCJT-gmix-1d-K7-uneq/concentrated,1,0.00678627439968249,0.09284011442051157,1.0,0.0654761904761905,1.0,0.06893891092076751,75,0,0,0,2150400,2155776,0,0.10539909999351948,1.2458751257829987,1.0755019021956287,0.35,0.0525,0.0,0.0,abc,0,1,2.0,0.4281518442904135,0.5556353830395198,0.05108977856127361,21.72506297537258,15.43194854292286,0.043601686715183524,nan
abc,NCJT-gmix-1d-K7-uneq,gauss_mixture,1,concentrated,NCJT-gmix-1d-K7-uneq/concentrated,2,0.004086476189831378,0.07318998109152546,1.0,0.0595238095238095,1.0,0.04769583662874941,59,0,0,0,2150400,2155776,0,0.1037676999985706,1.2453265535501856,1.061136178102543,0.35,0.0525,0.0,0.0,abc,0,1,2.0,0.47236748202780526,0.5807800909230016,0.023455023974170618,21.268813168308835,15.748023747406082,0.021140643344572496,nan
abc,NCJT-gmix-1d-K7-uneq,gauss_mixture,1,concentrated,NCJT-gmix-1d-K7-uneq/concentrated,3,0.009561090920712667,0.13566927660804118,1.0,0.0654761904761905,0.9990234375,0.04603904545327676,50,0,0,0,2150400,2155776,0,0.10557869999320246,1.2358158718915402,1.0242831278943005,0.35,0.0525,0.0,0.0,abc,0,1,2.0,0.46859493521426315,0.5622713110125113,0.02795505536678705,20.58121067518892,15.577448956722277,0.023665151831227305,nan
abc,NCJT-gmix-1d-K7-uneq,gauss_mixture,1,concentrated,NCJT-gmix-1d-K7-uneq/concentrated,4,0.004568431566797981,0.07554206187954984,1.0,0.08928571428571433,1.0,0.04823449050357235,65,0,0,0,2150400,2155776,0,0.10818769999605138,1.2353830620138913,1.0630858439764972,0.35,0.0525,0.0,0.0,abc,0,1,2.0,0.4319724512457614,0.5720638739452624,0.05117145842092796,23.340572394408454,15.59256656435091,0.04759160482720792,nan
abc,NCJT-gmix-1d-K7-uneq,gauss_mixture,1,concentrated,NCJT-gmix-1d-K7-uneq/concentrated,5,0.005121692951099321,0.07251586466229894,1.0,0.0595238095238095,0.9990234375,0.04380618039594929,59,0,0,0,2150400,2155776,0,0.11027850001119077,1.2565067457296806,1.1062491898085722,0.35,0.0525,0.0,0.0,abc,0,1,2.0,0.4792282715952662,0.5669565588710183,0.04675299343309941,19.655212369067616,15.368060173737426,0.04222140746895103,nan
normalized-crossfit,NCJT-gmix-1d-K7-uneq,gauss_mixture,1,concentrated,NCJT-gmix-1d-K7-uneq/concentrated,0,0.0037820016658896005,0.06963369575509434,1.0,0.08333333333333331,1.0,0.046810534379648036,68,0,0,0,2150400,2155776,0,0.09487519999674987,1.1886822717398102,1.0060662658673583,0.35,0.0525,0.0,0.0,constant,1,0,2.0,0.47222492930841176,0.5276608337103544,0.03381541163974788,20.638569281855705,14.531870243541562,0.03381541163974788,nan
normalized-crossfit,NCJT-gmix-1d-K7-uneq,gauss_mixture,1,concentrated,NCJT-gmix-1d-K7-uneq/concentrated,1,0.00553794643720984,0.08423626216946302,1.0,0.0595238095238095,1.0,0.06125215407865941,78,0,0,0,2150400,2155776,0,0.09640320000471547,1.1850498398511056,1.0229944643573214,0.35,0.0525,0.0,0.0,constant,1,0,2.0,0.39311332872518007,0.5753899979902081,0.020422345746825575,21.559312428214938,16.514445384282403,0.020422345746825575,nan
normalized-crossfit,NCJT-gmix-1d-K7-uneq,gauss_mixture,1,concentrated,NCJT-gmix-1d-K7-uneq/concentrated,2,0.0024204524288993223,0.05688669004661741,1.0,0.0595238095238095,1.0,0.06971971890389395,60,0,0,0,2150400,2155776,0,0.09495959999912884,1.1792183619938856,1.0048057372801422,0.35,0.0525,0.0,0.0,constant,1,0,2.0,0.4554024075716371,0.5627855281088986,0.06303838201551187,20.905147046452694,15.298492347530061,0.06303838201551187,nan
normalized-crossfit,NCJT-gmix-1d-K7-uneq,gauss_mixture,1,concentrated,NCJT-gmix-1d-K7-uneq/concentrated,3,0.006544884963276543,0.12282944252857216,1.0,0.11904761904761908,1.0,0.04278181873672285,51,0,0,0,2150400,2155776,0,0.09606379999604542,1.141985807878479,0.9465138148082687,0.35,0.0525,0.0,0.0,constant,1,0,2.0,0.4586568532378165,0.5362208217713864,0.019941120194065243,20.610127121590896,15.792760005644052,0.019941120194065243,nan
normalized-crossfit,NCJT-gmix-1d-K7-uneq,gauss_mixture,1,concentrated,NCJT-gmix-1d-K7-uneq/concentrated,4,0.0027301352546442725,0.06552768272286026,1.0,0.06547619047619048,1.0,0.06774690462436454,68,0,0,0,2150400,2155776,0,0.09764619999623392,1.1523006236469158,0.9915908018095776,0.35,0.0525,0.0,0.0,constant,1,0,2.0,0.40844381927221624,0.5951947221560581,0.05652837841363488,23.826594120421568,17.061945226533105,0.05652837841363488,nan
normalized-crossfit,NCJT-gmix-1d-K7-uneq,gauss_mixture,1,concentrated,NCJT-gmix-1d-K7-uneq/concentrated,5,0.0032979147483991333,0.05777284308961819,1.0,0.0595238095238095,1.0,0.0900404367083601,59,0,0,0,2150400,2155776,0,0.09448910001083277,1.181817859321349,1.0404918666921417,0.35,0.0525,0.0,0.0,constant,1,0,2.0,0.4194106571632633,0.5558813989724611,0.06354607510948818,18.655956581956595,18.67836519449153,0.06354607510948818,nan
paper,NCJT-gmix-2d-K4-hetero,gauss_mixture,2,covered,NCJT-gmix-2d-K4-hetero/covered,0,0.007527193801251109,0.056494481907780086,1.0,0.10833333333333328,0.9443359375,0.0352574037724313,1,0,0,0,2150400,2155776,0,0.20037459999730345,1.0848369870554537,1.0698390467492562,0.35,0.0525,0.0,0.0,paper,0,1,,0.31949336905190273,0.5813677660377707,0.06402410272225828,20.69501194160128,14.34483727932538,0.03341588799866995,nan
paper,NCJT-gmix-2d-K4-hetero,gauss_mixture,2,covered,NCJT-gmix-2d-K4-hetero/covered,1,0.007122361578532743,0.054652180070480096,1.0,0.02500000000000001,0.935546875,0.03560103123257973,1,0,0,0,2150400,2155776,0,0.20593139999255072,1.0892377430710527,1.076721912667575,0.35,0.0525,0.0,0.0,paper,0,1,,0.25882559404482836,0.5879213779929842,0.05164667250937434,19.142976556574013,14.738636967986288,0.027103452142710774,nan
paper,NCJT-gmix-2d-K4-hetero,gauss_mixture,2,covered,NCJT-gmix-2d-K4-hetero/covered,2,0.00631624168908651,0.051283835242313204,1.0,0.06666666666666664,0.9453125,0.03372050665730784,1,0,0,0,2150400,2155776,0,0.20168480000575073,1.0881306357496485,1.062941133703812,0.35,0.0525,0.0,0.0,paper,0,1,,0.2461378976611781,0.5787417847683329,0.045682495576133554,20.03350466307179,14.476188882626523,0.026331625681792883,nan
paper,NCJT-gmix-2d-K4-hetero,gauss_mixture,2,covered,NCJT-gmix-2d-K4-hetero/covered,3,0.007286508809845271,0.056378345491877986,1.0,0.15833333333333338,0.9462890625,0.025877333532885294,1,0,0,0,2150400,2155776,0,0.2104655000002822,1.0731628808483527,1.0658255716330216,0.35,0.0525,0.0,0.0,paper,0,1,,0.28795892765909975,0.5877360948475752,0.041904986552178905,20.280150231764395,15.616631129563775,0.02356283425700917,nan
paper,NCJT-gmix-2d-K4-hetero,gauss_mixture,2,covered,NCJT-gmix-2d-K4-hetero/covered,4,0.00995899392066213,0.07100422342064464,1.0,0.07500000000000005,0.9482421875,0.05295776666364711,1,0,0,0,2150400,2155776,0,0.20298990000446793,1.0716249752111497,1.0495795704563196,0.35,0.0525,0.0,0.0,paper,0,1,,0.273869201821242,0.547878133213547,0.09801997080745292,17.81554289809491,15.922489911303686,0.04207689496045494,nan
paper,NCJT-gmix-2d-K4-hetero,gauss_mixture,2,covered,NCJT-gmix-2d-K4-hetero/covered,5,0.007038474723868093,0.051791894996444744,1.0,0.09166666666666667,0.9521484375,0.023498749164554012,1,0,0,0,2150400,2155776,0,0.2030627999920398,1.0754855611343153,1.076442721945131,0.35,0.0525,0.0,0.0,paper,0,1,,0.33577355169696693,0.5431151709577317,0.039737861756269546,19.77582193008002,15.253042320146179,0.020995277063524147,nan
normalized-only,NCJT-gmix-2d-K4-hetero,gauss_mixture,2,covered,NCJT-gmix-2d-K4-hetero/covered,0,0.008659295197684491,0.05775803213354489,1.0,0.02500000000000001,0.9501953125,0.06695175270172726,1,0,0,0,2150400,2155776,0,0.20887040000525303,1.1572226555851992,1.1412239788102165,0.35,0.0525,0.0,0.0,constant,0,1,2.0,0.16792712461901343,0.5798266799718941,0.056662053034145385,21.26605693274916,14.61618183981619,0.056662053034145385,nan
normalized-only,NCJT-gmix-2d-K4-hetero,gauss_mixture,2,covered,NCJT-gmix-2d-K4-hetero/covered,1,0.010075901430525835,0.06387930222828812,1.0,0.02500000000000001,0.9443359375,0.06871949038842541,1,0,0,0,2150400,2155776,0,0.21171239999239333,1.1758841852053008,1.1623727483038704,0.35,0.0525,0.0,0.0,constant,0,1,2.0,0.13787014107673437,0.5922751535072747,0.04862809653320957,19.012671924157143,14.628231834610109,0.04862809653320957,nan
normalized-only,NCJT-gmix-2d-K4-hetero,gauss_mixture,2,covered,NCJT-gmix-2d-K4-hetero/covered,2,0.00794196061999175,0.05887920958544394,1.0,0.07500000000000002,0.935546875,0.07918759268773276,1,0,0,0,2150400,2155776,0,0.2124108999996679,1.1374253766987579,1.1110947341159385,0.35,0.0525,0.0,0.0,constant,0,1,2.0,0.1938045005458755,0.5835064117990572,0.04838184288056281,20.331090976171392,14.979689932275086,0.04838184288056281,nan
normalized-only,NCJT-gmix-2d-K4-hetero,gauss_mixture,2,covered,NCJT-gmix-2d-K4-hetero/covered,3,0.009132012660248101,0.06563236902105066,1.0,0.1166666666666667,0.953125,0.049525862370319966,1,0,0,0,2150400,2155776,0,0.2152094000048237,1.116132451625963,1.1085013556674712,0.35,0.0525,0.0,0.0,constant,0,1,2.0,0.23984967946684102,0.6121791007303488,0.044729548446921105,20.269425810889032,15.434609561833877,0.044729548446921105,nan
normalized-only,NCJT-gmix-2d-K4-hetero,gauss_mixture,2,covered,NCJT-gmix-2d-K4-hetero/covered,4,0.010447260646907264,0.06942500130954306,1.0,0.033333333333333395,0.94140625,0.10967636841332473,1,0,0,0,2150400,2155776,0,0.20668109999678563,1.1406493012467407,1.1171839321941541,0.35,0.0525,0.0,0.0,constant,0,1,2.0,0.20420387438489201,0.5767285131743705,0.10446962954753103,18.286715105800912,15.485310714442608,0.10446962954753103,nan
normalized-only,NCJT-gmix-2d-K4-hetero,gauss_mixture,2,covered,NCJT-gmix-2d-K4-hetero/covered,5,0.01033956165330796,0.06488346612931291,1.0,0.05000000000000003,0.951171875,0.0471469978618418,1,0,0,0,2150400,2155776,0,0.20736349999788217,1.159899646421022,1.160931934092892,0.35,0.0525,0.0,0.0,constant,0,1,2.0,0.2158629093083664,0.5601765388711164,0.036442810445188406,19.26895850685245,14.124974179385948,0.036442810445188406,nan
abc,NCJT-gmix-2d-K4-hetero,gauss_mixture,2,covered,NCJT-gmix-2d-K4-hetero/covered,0,0.008830195081865888,0.05939413016326858,1.0,0.02500000000000001,0.951171875,0.06766548431641098,1,0,0,0,2150400,2155776,0,0.21706000000995118,1.1565641763904175,1.1405746031321606,0.35,0.0525,0.0,0.0,abc,0,1,2.0,0.16272699654254494,0.5838593374904162,0.05414032730949296,21.126677413818296,14.706999700038782,0.05723380522167214,nan
abc,NCJT-gmix-2d-K4-hetero,gauss_mixture,2,covered,NCJT-gmix-2d-K4-hetero/covered,1,0.010227756665912802,0.06428509174371917,1.0,0.033333333333333395,0.951171875,0.06641897541948509,1,0,0,0,2150400,2155776,0,0.21770690000266768,1.1736064696338597,1.160121204706345,0.35,0.0525,0.0,0.0,abc,0,1,2.0,0.14196161095376403,0.588825947975177,0.04937418060632534,19.04752937387955,14.739422766818969,0.04559723531894187,nan
abc,NCJT-gmix-2d-K4-hetero,gauss_mixture,2,covered,NCJT-gmix-2d-K4-hetero/covered,2,0.008277588806888447,0.061043911468468014,1.0,0.07500000000000002,0.9384765625,0.07604735456910243,1,0,0,0,2150400,2155776,0,0.2110506000026362,1.1386806220982473,1.1123209214175125,0.35,0.0525,0.0,0.0,abc,0,1,2.0,0.19207738292608895,0.5790136903634042,0.0496594659056097,20.57934740156362,14.981636911438795,0.048399221630089126,nan
abc,NCJT-gmix-2d-K4-hetero,gauss_mixture,2,covered,NCJT-gmix-2d-K4-hetero/covered,3,0.009254208306351819,0.066395757114582,1.0,0.1166666666666667,0.955078125,0.05027934668254578,1,0,0,0,2150400,2155776,0,0.21706059999996796,1.1130689972422563,1.1054588463914283,0.35,0.0525,0.0,0.0,abc,0,1,2.0,0.1939055743727074,0.6150899726032208,0.044044771614568226,20.264709440601578,15.568826278273608,0.04445322985935633,nan
abc,NCJT-gmix-2d-K4-hetero,gauss_mixture,2,covered,NCJT-gmix-2d-K4-hetero/covered,4,0.011415683125620468,0.07539667899525108,1.0,0.07500000000000005,0.9423828125,0.10840690493740351,1,0,0,0,2150400,2155776,0,0.21296540000184905,1.1355699130284387,1.1122090368458109,0.35,0.0525,0.0,0.0,abc,0,1,2.0,0.17794634730845563,0.5690425147083953,0.10513904764369605,18.301107924867203,15.570344391256885,0.09392879717878772,nan
abc,NCJT-gmix-2d-K4-hetero,gauss_mixture,2,covered,NCJT-gmix-2d-K4-hetero/covered,5,0.010501035730820174,0.06507548093608853,1.0,0.05000000000000003,0.9482421875,0.04891616505736165,1,0,0,0,2150400,2155776,0,0.2172397000103956,1.160205958676534,1.1612385189602341,0.35,0.0525,0.0,0.0,abc,0,1,2.0,0.21383289463195496,0.5602805820789634,0.03837677470450997,19.598379107053297,14.402677072659207,0.03750527407536386,nan
normalized-crossfit,NCJT-gmix-2d-K4-hetero,gauss_mixture,2,covered,NCJT-gmix-2d-K4-hetero/covered,0,0.0026581156108884674,0.03818192003597529,1.0,0.05000000000000003,0.95703125,0.12105978033179232,1,0,0,0,2150400,2155776,0,0.21072410000488162,1.0004873019451732,0.9866555013975069,0.35,0.0525,0.0,0.0,constant,1,0,2.0,0.42037417719702785,0.5606539081044116,0.08854789842932165,22.274645160176966,14.038627511394168,0.08854789842932165,nan
normalized-crossfit,NCJT-gmix-2d-K4-hetero,gauss_mixture,2,covered,NCJT-gmix-2d-K4-hetero/covered,1,0.003573532816281366,0.04449166062943283,1.0,0.049999999999999975,0.9521484375,0.10403914582773528,1,0,0,0,2150400,2155776,0,0.2114265999989584,1.005119936490833,0.993570657428206,0.35,0.0525,0.0,0.0,constant,1,0,2.0,0.43405447260303265,0.5567415729138723,0.0949938536867548,19.116228903259326,15.973827669068195,0.0949938536867548,nan
normalized-crossfit,NCJT-gmix-2d-K4-hetero,gauss_mixture,2,covered,NCJT-gmix-2d-K4-hetero/covered,2,0.0018479212650712729,0.029125038046029113,1.0,0.05000000000000003,0.9560546875,0.11854838946638994,1,0,0,0,2150400,2155776,0,0.21257889999833424,1.0085618734472046,0.9852143354403836,0.35,0.0525,0.0,0.0,constant,1,0,2.0,0.4008911905191056,0.5538280888814506,0.09948430949091458,20.373792420128105,13.492838326061658,0.09948430949091458,nan
normalized-crossfit,NCJT-gmix-2d-K4-hetero,gauss_mixture,2,covered,NCJT-gmix-2d-K4-hetero/covered,3,0.0042704043597627805,0.0473160316341757,1.0,0.07500000000000005,0.9462890625,0.06964302915976131,1,0,0,0,2150400,2155776,0,0.2074062000028789,0.9927116168220321,0.9859243599906027,0.35,0.0525,0.0,0.0,constant,1,0,2.0,0.41746726328706785,0.5477806699399788,0.06343446738395968,20.23370085116089,15.952240286785344,0.06343446738395968,nan
normalized-crossfit,NCJT-gmix-2d-K4-hetero,gauss_mixture,2,covered,NCJT-gmix-2d-K4-hetero/covered,4,0.006574157722119445,0.06256830644114679,1.0,0.07500000000000005,0.9462890625,0.10262084996336254,1,0,0,0,2150400,2155776,0,0.21424249999108724,0.9909147906811868,0.9705297510045869,0.35,0.0525,0.0,0.0,constant,1,0,2.0,0.3888731496723898,0.5389901507659323,0.09919786860342969,18.10813275506952,14.563025308448061,0.09919786860342969,nan
normalized-crossfit,NCJT-gmix-2d-K4-hetero,gauss_mixture,2,covered,NCJT-gmix-2d-K4-hetero/covered,5,0.0024712799577555344,0.030113694856305953,1.0,0.02500000000000001,0.9609375,0.10168593220601965,1,0,0,0,2150400,2155776,0,0.21301960000710096,1.0082303846149472,1.0091276896530634,0.35,0.0525,0.0,0.0,constant,1,0,2.0,0.42617705286262647,0.555412485068767,0.08632663011003175,19.61132643698316,12.910474713089751,0.08632663011003175,nan
paper,NCJT-gmix-2d-K4-hetero,gauss_mixture,2,missing,NCJT-gmix-2d-K4-hetero/missing,0,0.011421291692415236,0.07712813429901864,1.0,0.09999999999999998,0.947265625,0.05160418376805769,131,0,0,0,2150400,2155776,0,0.2122328999976162,1.0748748744574521,1.0616151483022525,0.35,0.0525,0.0,0.0,paper,0,1,,0.2898476595738138,0.5174273642374266,0.07449038831683497,22.15310734466882,13.986370937922892,0.04704172746747663,nan
paper,NCJT-gmix-2d-K4-hetero,gauss_mixture,2,missing,NCJT-gmix-2d-K4-hetero/missing,1,0.00996623083705317,0.06805267603959915,1.0,0.09166666666666667,0.9384765625,0.034082568882907005,143,0,0,0,2150400,2155776,0,0.2089509000070393,1.0749499481563982,1.0795372754303538,0.35,0.0525,0.0,0.0,paper,0,1,,0.32641511284919994,0.5865426585615547,0.04497066632481207,22.23760271597675,14.138586434523596,0.02523063527978528,nan
paper,NCJT-gmix-2d-K4-hetero,gauss_mixture,2,missing,NCJT-gmix-2d-K4-hetero/missing,2,0.01236333733090933,0.07108794607397254,1.0,0.09999999999999998,0.951171875,0.024486568073884135,150,0,0,0,2150400,2155776,0,0.2020124999980908,1.0733549136822809,1.065127617431492,0.35,0.0525,0.0,0.0,paper,0,1,,0.30753145195048165,0.565078293340467,0.040058751919066854,21.014622052892342,13.546478736846613,0.019783886454051807,nan
paper,NCJT-gmix-2d-K4-hetero,gauss_mixture,2,missing,NCJT-gmix-2d-K4-hetero/missing,3,0.008867175389636328,0.0646310484358782,1.0,0.125,0.9462890625,0.05041742256770791,163,0,0,0,2150400,2155776,0,0.20401430000492837,1.076926759805228,1.050621582193111,0.35,0.0525,0.0,0.0,paper,0,1,,0.3259542152088967,0.5359568633054299,0.08014683951173267,19.437541353099718,14.8994215935267,0.039421604775352725,nan
paper,NCJT-gmix-2d-K4-hetero,gauss_mixture,2,missing,NCJT-gmix-2d-K4-hetero/missing,4,0.014250877206580581,0.09266028092774506,1.0,0.12500000000000003,0.94921875,0.044518306517449445,148,0,0,0,2150400,2155776,0,0.20996509998803958,1.0749352211855538,1.048209782483998,0.35,0.0525,0.0,0.0,paper,0,1,,0.3202551056986902,0.5993918061463865,0.0746897270459245,18.66156898615928,14.532027537741797,0.042924986808541434,nan
paper,NCJT-gmix-2d-K4-hetero,gauss_mixture,2,missing,NCJT-gmix-2d-K4-hetero/missing,5,0.011851619051779672,0.07537432829680628,1.0,0.13333333333333336,0.951171875,0.04344402641507117,146,0,0,0,2150400,2155776,0,0.21865619999880437,1.0767780538712313,1.0682630277737568,0.35,0.0525,0.0,0.0,paper,0,1,,0.2868507316356476,0.5096511722905931,0.06797130016997562,22.160372645106374,13.506834710917964,0.03570101403193723,nan
normalized-only,NCJT-gmix-2d-K4-hetero,gauss_mixture,2,missing,NCJT-gmix-2d-K4-hetero/missing,0,0.008657128992793917,0.0610021207193966,1.0,0.041666666666666644,0.94921875,0.10912538859870712,54,0,0,0,2150400,2155776,0,0.21220330000505783,1.1265286676994046,1.1126317370011076,0.35,0.0525,0.0,0.0,constant,0,1,2.0,0.22460992642338823,0.5543850800384262,0.08014299179863071,21.93700844030708,14.680789579045609,0.08014299179863071,nan
normalized-only,NCJT-gmix-2d-K4-hetero,gauss_mixture,2,missing,NCJT-gmix-2d-K4-hetero/missing,1,0.010679270701800414,0.06881556335754652,1.0,0.02500000000000001,0.955078125,0.06578892448023012,57,0,0,0,2150400,2155776,0,0.212527499999851,1.14585186115751,1.150741760918532,0.35,0.0525,0.0,0.0,constant,0,1,2.0,0.2160134223593121,0.5705348103520284,0.03931041253160264,22.121460028347855,14.903864507565393,0.03931041253160264,nan
normalized-only,NCJT-gmix-2d-K4-hetero,gauss_mixture,2,missing,NCJT-gmix-2d-K4-hetero/missing,2,0.010912231361192681,0.06879192437392855,1.0,0.05000000000000002,0.9482421875,0.051137319554491814,58,0,0,0,2150400,2155776,0,0.21605519999866374,1.1643868536448407,1.1554617949588974,0.35,0.0525,0.0,0.0,constant,0,1,2.0,0.16538247531799488,0.5760926217405758,0.038401323012897406,20.87707937822678,14.066243700652159,0.038401323012897406,nan
normalized-only,NCJT-gmix-2d-K4-hetero,gauss_mixture,2,missing,NCJT-gmix-2d-K4-hetero/missing,3,0.01001033148316699,0.06979935252501702,1.0,0.058333333333333334,0.9287109375,0.10386223947676748,62,0,0,0,2150400,2155776,0,0.2076604000030784,1.2091013334685918,1.1795676395211123,0.35,0.0525,0.0,0.0,constant,0,1,2.0,0.12589316896292474,0.5958037722286218,0.08018189851377613,18.99816655638456,14.22648288079137,0.08018189851377613,nan
normalized-only,NCJT-gmix-2d-K4-hetero,gauss_mixture,2,missing,NCJT-gmix-2d-K4-hetero/missing,4,0.01164318649581575,0.0835158739089118,1.0,0.041666666666666644,0.962890625,0.08735723940708498,59,0,0,0,2150400,2155776,0,0.203055799996946,1.1461842067870596,1.1176873493435064,0.35,0.0525,0.0,0.0,constant,0,1,2.0,0.22819037732536945,0.600214715537372,0.07337350140140311,18.864359673605584,14.87857239879593,0.07337350140140311,nan
normalized-only,NCJT-gmix-2d-K4-hetero,gauss_mixture,2,missing,NCJT-gmix-2d-K4-hetero/missing,5,0.008679792859921598,0.06460942714284001,1.0,0.02500000000000001,0.947265625,0.0834634172317728,59,0,0,0,2150400,2155776,0,0.2060471000004327,1.1330416437905753,1.1240816922650814,0.35,0.0525,0.0,0.0,constant,0,1,2.0,0.21109077701959,0.5902873761070045,0.057650882084224545,23.099843176499654,14.324658640156954,0.057650882084224545,nan
abc,NCJT-gmix-2d-K4-hetero,gauss_mixture,2,missing,NCJT-gmix-2d-K4-hetero/missing,0,0.009009683576115313,0.06306522620556602,1.0,0.041666666666666644,0.9482421875,0.10406177828516196,55,0,0,0,2150400,2155776,0,0.21327849999943282,1.126713858764502,1.1128146435372166,0.35,0.0525,0.0,0.0,abc,0,1,2.0,0.22667929118456,0.5503293597607679,0.08018973184047949,21.93164357536081,14.705370586043848,0.07856397510213464,nan
abc,NCJT-gmix-2d-K4-hetero,gauss_mixture,2,missing,NCJT-gmix-2d-K4-hetero/missing,1,0.010608927465870277,0.06816797124460754,1.0,0.02500000000000001,0.951171875,0.06539463980001149,58,0,0,0,2150400,2155776,0,0.21481209999183193,1.1423043596519018,1.1471791205216304,0.35,0.0525,0.0,0.0,abc,0,1,2.0,0.2162445562612754,0.5774973425573974,0.0398548335558995,22.279408591030144,14.973606815732204,0.04012078157368843,nan
abc,NCJT-gmix-2d-K4-hetero,gauss_mixture,2,missing,NCJT-gmix-2d-K4-hetero/missing,2,0.011361364862220835,0.07115299745561077,1.0,0.05000000000000002,0.9443359375,0.04850565305203007,59,0,0,0,2150400,2155776,0,0.21402149999630637,1.166004921030787,1.1570674598118433,0.35,0.0525,0.0,0.0,abc,0,1,2.0,0.18454143358938804,0.5784640880218757,0.03642264614311724,20.827227147175563,14.100461494900086,0.03694726723407728,nan
abc,NCJT-gmix-2d-K4-hetero,gauss_mixture,2,missing,NCJT-gmix-2d-K4-hetero/missing,3,0.010140537624950152,0.07024408581579601,1.0,0.05000000000000002,0.935546875,0.10597663063614576,63,0,0,0,2150400,2155776,0,0.2207020000059856,1.2063762985302366,1.1769091667026041,0.35,0.0525,0.0,0.0,abc,0,1,2.0,0.11963176130693726,0.597944534279224,0.07820393337653309,19.343857734577135,14.504533752715211,0.07390568108002657,nan
abc,NCJT-gmix-2d-K4-hetero,gauss_mixture,2,missing,NCJT-gmix-2d-K4-hetero/missing,4,0.011895123316576495,0.08541813385339794,1.0,0.041666666666666644,0.9580078125,0.08499989949248975,59,0,0,0,2150400,2155776,0,0.2165946999884909,1.1379279295615965,1.1096363427488156,0.35,0.0525,0.0,0.0,abc,0,1,2.0,0.22230045356348638,0.5993845622943789,0.07274978803156443,18.867432502611777,15.260260057030006,0.06991924923842711,nan
abc,NCJT-gmix-2d-K4-hetero,gauss_mixture,2,missing,NCJT-gmix-2d-K4-hetero/missing,5,0.008805748824158854,0.06449863220356229,1.0,0.07500000000000004,0.947265625,0.0840328436317427,60,0,0,0,2150400,2155776,0,0.21549500001128763,1.1336333151879725,1.124668684799112,0.35,0.0525,0.0,0.0,abc,0,1,2.0,0.18714891491947833,0.579706289250441,0.05814471104960072,23.011237630923684,14.498904890672016,0.05546612257705679,nan
normalized-crossfit,NCJT-gmix-2d-K4-hetero,gauss_mixture,2,missing,NCJT-gmix-2d-K4-hetero/missing,0,0.0035566400992612657,0.04466275298433802,1.0,0.041666666666666644,0.955078125,0.11803484327657845,56,0,0,0,2150400,2155776,0,0.21440630000142846,0.9890366225386521,0.9768358026255942,0.35,0.0525,0.0,0.0,constant,1,0,2.0,0.3268315623736584,0.5456379288274869,0.10583012140057739,22.291196482994774,16.037407598864647,0.10583012140057739,nan
normalized-crossfit,NCJT-gmix-2d-K4-hetero,gauss_mixture,2,missing,NCJT-gmix-2d-K4-hetero/missing,1,0.0032573535397750764,0.03724169184906806,1.0,0.02500000000000001,0.9638671875,0.10394173266213395,60,0,0,0,2150400,2155776,0,0.20811639999737963,1.0013874450414448,1.0056608458135587,0.35,0.0525,0.0,0.0,constant,1,0,2.0,0.43221431504908303,0.5548915765200287,0.08950531921683418,22.27623766187821,13.050690765384026,0.08950531921683418,nan
normalized-crossfit,NCJT-gmix-2d-K4-hetero,gauss_mixture,2,missing,NCJT-gmix-2d-K4-hetero/missing,2,0.005298319819592612,0.0452232674090786,1.0,0.08333333333333331,0.9453125,0.08074773607364218,60,0,0,0,2150400,2155776,0,0.20412179999402724,0.9982898579808029,0.99063793753858,0.35,0.0525,0.0,0.0,constant,1,0,2.0,0.4390289646050478,0.5409622024932961,0.07530779974872322,21.69785749465654,13.014181808718888,0.07530779974872322,nan
normalized-crossfit,NCJT-gmix-2d-K4-hetero,gauss_mixture,2,missing,NCJT-gmix-2d-K4-hetero/missing,3,0.002384078388071753,0.035831095043573596,1.0,0.041666666666666644,0.94140625,0.13850529574387507,62,0,0,0,2150400,2155776,0,0.2096824999898672,1.003419659933636,0.9789099779764174,0.35,0.0525,0.0,0.0,constant,1,0,2.0,0.4044571959713372,0.5593068579950107,0.1316574961286726,19.343965240244053,13.147639358251224,0.1316574961286726,nan
normalized-crossfit,NCJT-gmix-2d-K4-hetero,gauss_mixture,2,missing,NCJT-gmix-2d-K4-hetero/missing,4,0.0073547224678067735,0.07429845187107958,1.0,0.041666666666666644,0.9580078125,0.10483125668511882,59,0,0,0,2150400,2155776,0,0.20659109999542125,0.9958532090191047,0.9710939366752007,0.35,0.0525,0.0,0.0,constant,1,0,2.0,0.43310990101844554,0.5628941300440224,0.08937824026101332,19.011118963220454,13.395615973932838,0.08937824026101332,nan
normalized-crossfit,NCJT-gmix-2d-K4-hetero,gauss_mixture,2,missing,NCJT-gmix-2d-K4-hetero/missing,5,0.0027425871112400912,0.033570001457684795,1.0,0.07500000000000004,0.94921875,0.14160727659039543,61,0,0,0,2150400,2155776,0,0.20638259999395814,1.0006781314606645,0.9927648940261482,0.35,0.0525,0.0,0.0,constant,1,0,2.0,0.36957870334411186,0.4972654864375159,0.11196155224286508,23.599471370240288,11.835906089281405,0.11196155224286508,nan
paper,NCJT-gmix-2d-K4-hetero,gauss_mixture,2,far,NCJT-gmix-2d-K4-hetero/far,0,11.065406303119325,4.2055180504671625,0.5,1.4,0.0,0.003074623735915652,400,1,0,0,2150400,2155776,0,0.20708890000241809,0.1914659250781817,0.18991075580092132,0.35,0.0525,0.0,0.0,paper,0,1,,0.00026275264229661785,0.00041759119868700715,5.458136368131693,35.063612147391275,43.566244983679134,0.002279260676171421,nan
paper,NCJT-gmix-2d-K4-hetero,gauss_mixture,2,far,NCJT-gmix-2d-K4-hetero/far,1,10.798597512183733,4.482492451266304,0.5,1.4,0.0,0.002601524537715432,400,1,0,0,2150400,2155776,0,0.20364589999371674,0.2414785694651209,0.24074256996890722,0.35,0.0525,0.0,0.0,paper,0,1,,0.00016619120530066785,0.00032152555347964907,5.625173627986333,25.805778261990675,41.86954547978894,0.0018085447517220813,nan
paper,NCJT-gmix-2d-K4-hetero,gauss_mixture,2,far,NCJT-gmix-2d-K4-hetero/far,2,10.84417280216882,3.6715840439147422,0.5,1.4,0.0,0.002771515101714432,400,1,0,0,2150400,2155776,0,0.20634279999649152,0.22305638483752369,0.22123687631283992,0.35,0.0525,0.0,0.0,paper,0,1,,0.0002367502550207441,0.00038063096071217173,5.5104399435872295,29.315964668057504,42.59723349805175,0.002097078942679393,nan
paper,NCJT-gmix-2d-K4-hetero,gauss_mixture,2,far,NCJT-gmix-2d-K4-hetero/far,3,10.90412789826609,3.8830384148674493,0.5,1.4,0.0,0.0033478973131754993,400,1,0,0,2150400,2155776,0,0.21274740000080783,0.20329812390645102,0.19980316936684644,0.35,0.0525,0.0,0.0,paper,0,1,,0.00026867936474680873,0.0005183168390526852,5.384502875710489,33.80395830931405,43.281077831142184,0.0027908856917269386,nan
paper,NCJT-gmix-2d-K4-hetero,gauss_mixture,2,far,NCJT-gmix-2d-K4-hetero/far,4,10.919203249493124,4.050411917865047,0.5,1.4,0.0,0.0029124120623256204,400,1,0,0,2150400,2155776,0,0.21414450000156648,0.18107856282869944,0.17724118960235197,0.35,0.0525,0.0,0.0,paper,0,1,,0.00030978438654524537,0.0004211884520745283,5.453204127562715,33.95920594055016,43.86025416509128,0.0022968139052590335,nan
paper,NCJT-gmix-2d-K4-hetero,gauss_mixture,2,far,NCJT-gmix-2d-K4-hetero/far,5,10.800789390095911,3.8372128374661965,0.5,1.4,0.0,0.0036608887419985726,400,1,0,0,2150400,2155776,0,0.2265317999990657,0.21010261072253644,0.20814851602164955,0.35,0.0525,0.0,0.0,paper,0,1,,0.000274844456712151,0.0005463390332845132,5.362604724237254,36.585088009237765,43.76272286914148,0.0029294764010040055,nan
normalized-only,NCJT-gmix-2d-K4-hetero,gauss_mixture,2,far,NCJT-gmix-2d-K4-hetero/far,0,0.013954654027027447,0.08383914304591662,1.0,0.06666666666666664,0.939453125,0.08629971502574922,126,0,0,0,2150400,2155776,0,0.2186271999962628,1.151836017567817,1.1424803059119077,0.35,0.0525,0.0,0.0,constant,0,1,2.0,0.19725670374529722,0.5627978817916596,0.06054973840751744,18.29444666885218,14.332295564179372,0.06054973840751744,nan
normalized-only,NCJT-gmix-2d-K4-hetero,gauss_mixture,2,far,NCJT-gmix-2d-K4-hetero/far,1,0.012532623622873329,0.07624826091551813,1.0,0.06666666666666664,0.947265625,0.1188194727830891,120,0,0,0,2150400,2155776,0,0.21895360000780784,1.1431142187813308,1.1396301353241474,0.35,0.0525,0.0,0.0,constant,0,1,2.0,0.18938746759158534,0.557284982897523,0.066883143294305,21.264384872165756,14.262744249901072,0.066883143294305,nan
normalized-only,NCJT-gmix-2d-K4-hetero,gauss_mixture,2,far,NCJT-gmix-2d-K4-hetero/far,2,0.010327752331655837,0.06853354788503016,1.0,0.09166666666666667,0.955078125,0.06338065010664455,113,0,0,0,2150400,2155776,0,0.2180936000077054,1.1440236765768999,1.134691682635153,0.35,0.0525,0.0,0.0,constant,0,1,2.0,0.17380713180122231,0.6014772408083853,0.05862647072124963,19.7345614614949,14.48260863361432,0.05862647072124963,nan
normalized-only,NCJT-gmix-2d-K4-hetero,gauss_mixture,2,far,NCJT-gmix-2d-K4-hetero/far,3,0.014201555783878161,0.09045359418226548,1.0,0.06666666666666664,0.94140625,0.04298041974503566,122,0,0,0,2150400,2155776,0,0.2109072000021115,1.1591226334414046,1.1391958341583548,0.35,0.0525,0.0,0.0,constant,0,1,2.0,0.2606780497957478,0.5928323060692131,0.03422209731900032,18.55880576478421,14.15747959163211,0.03422209731900032,nan
normalized-only,NCJT-gmix-2d-K4-hetero,gauss_mixture,2,far,NCJT-gmix-2d-K4-hetero/far,4,0.010134846987189805,0.06747404058928352,1.0,0.06666666666666664,0.9365234375,0.07381730080409686,122,0,0,0,2150400,2155776,0,0.20777200000884477,1.1194938926436233,1.095769848098637,0.35,0.0525,0.0,0.0,constant,0,1,2.0,0.2715607155620139,0.5647936888002245,0.07334256594531999,19.121168451922443,14.42933344704974,0.07334256594531999,nan
normalized-only,NCJT-gmix-2d-K4-hetero,gauss_mixture,2,far,NCJT-gmix-2d-K4-hetero/far,5,0.011269912461446818,0.07387173492477436,1.0,0.10833333333333328,0.9287109375,0.053419755080125135,125,0,0,0,2150400,2155776,0,0.22610200000053737,1.1369909654048886,1.12641618952365,0.35,0.0525,0.0,0.0,constant,0,1,2.0,0.2437144654161656,0.5853654692117166,0.03810597432888394,19.412906434623732,14.773098005130608,0.03810597432888394,nan
abc,NCJT-gmix-2d-K4-hetero,gauss_mixture,2,far,NCJT-gmix-2d-K4-hetero/far,0,0.01482379887364571,0.08785804498732262,1.0,0.06666666666666664,0.9443359375,0.08572196675755445,130,0,0,0,2150400,2155776,0,0.21720849999110214,1.1500799448381827,1.1407384967665464,0.35,0.0525,0.0,0.0,abc,0,1,2.0,0.1799410472778291,0.5961121456923013,0.06132284026937364,18.077643441664662,14.219044078590784,0.06220355688636592,nan
abc,NCJT-gmix-2d-K4-hetero,gauss_mixture,2,far,NCJT-gmix-2d-K4-hetero/far,1,0.01379105079831433,0.08092437664216055,1.0,0.06666666666666664,0.94921875,0.11226753970257676,124,0,0,0,2150400,2155776,0,0.2274108999990858,1.1484151584059976,1.144914918281571,0.35,0.0525,0.0,0.0,abc,0,1,2.0,0.18822213322585,0.5718157843115911,0.06816368679006479,21.14366230565387,14.497510866898072,0.06576436745002529,nan
abc,NCJT-gmix-2d-K4-hetero,gauss_mixture,2,far,NCJT-gmix-2d-K4-hetero/far,2,0.01111178756894593,0.0725266789594581,1.0,0.09166666666666666,0.947265625,0.06348611777400053,116,0,0,0,2150400,2155776,0,0.2407253999990644,1.1369630719772148,1.1276886725771704,0.35,0.0525,0.0,0.0,abc,0,1,2.0,0.1917075153324332,0.5865600473514103,0.06009677261024987,19.733021037814467,14.441424591131199,0.05690552858039745,nan
abc,NCJT-gmix-2d-K4-hetero,gauss_mixture,2,far,NCJT-gmix-2d-K4-hetero/far,3,0.015155653708790018,0.09480036712577386,1.0,0.06666666666666664,0.931640625,0.04101633954331121,125,0,0,0,2150400,2155776,0,0.22309749999840278,1.160445670263331,1.1404961262866362,0.35,0.0525,0.0,0.0,abc,0,1,2.0,0.23025444379910293,0.5920495461476221,0.0335635447761311,18.613219900044534,14.283052835984298,0.032030128562329424,nan
abc,NCJT-gmix-2d-K4-hetero,gauss_mixture,2,far,NCJT-gmix-2d-K4-hetero/far,4,0.01144942834124918,0.07421969687708711,1.0,0.09166666666666666,0.9404296875,0.07698419068924715,126,0,0,0,2150400,2155776,0,0.22609209999791346,1.121733752974107,1.0979622418492634,0.35,0.0525,0.0,0.0,abc,0,1,2.0,0.21938956680940122,0.5813527354704033,0.07324590395412858,19.19703322366826,14.468899156759745,0.07229891747979403,nan
abc,NCJT-gmix-2d-K4-hetero,gauss_mixture,2,far,NCJT-gmix-2d-K4-hetero/far,5,0.011647068679386141,0.07654657873190053,1.0,0.10833333333333328,0.931640625,0.052831357915302954,130,0,0,0,2150400,2155776,0,0.22519900000770576,1.1350632142602537,1.1245063677530642,0.35,0.0525,0.0,0.0,abc,0,1,2.0,0.2343605741101076,0.5934770221630633,0.03738740645361625,19.562978405711036,14.764825462401426,0.03581594047274907,nan
normalized-crossfit,NCJT-gmix-2d-K4-hetero,gauss_mixture,2,far,NCJT-gmix-2d-K4-hetero/far,0,0.00901873644307205,0.06806838330932045,1.0,0.08333333333333336,0.9521484375,0.059081969831389164,126,0,0,0,2150400,2155776,0,0.2139142000087304,1.0149701967402662,1.0067261686362532,0.35,0.0525,0.0,0.0,constant,1,0,2.0,0.39253542233033495,0.5605217172922042,0.04703119114924998,18.691889768454345,14.069874058986045,0.04703119114924998,nan
normalized-crossfit,NCJT-gmix-2d-K4-hetero,gauss_mixture,2,far,NCJT-gmix-2d-K4-hetero/far,1,0.008679356181807485,0.06017009391299253,1.0,0.10833333333333335,0.935546875,0.1091338593986024,122,0,0,0,2150400,2155776,0,0.22201189999759663,1.0113748077862925,1.0082922512237673,0.35,0.0525,0.0,0.0,constant,1,0,2.0,0.3734560669423841,0.5545888510633912,0.07903746225205864,21.824731005775398,13.994632211100797,0.07903746225205864,nan
normalized-crossfit,NCJT-gmix-2d-K4-hetero,gauss_mixture,2,far,NCJT-gmix-2d-K4-hetero/far,2,0.00522826767148854,0.05209439269463031,1.0,0.09999999999999999,0.94140625,0.06678860642045717,115,0,0,0,2150400,2155776,0,0.20993899999302812,1.0084017078614211,1.0001760051759947,0.35,0.0525,0.0,0.0,constant,1,0,2.0,0.44712081118586255,0.5472855925514025,0.05502576127840165,20.392591664456653,13.435363607190293,0.05502576127840165,nan
normalized-crossfit,NCJT-gmix-2d-K4-hetero,gauss_mixture,2,far,NCJT-gmix-2d-K4-hetero/far,3,0.014526407595554458,0.09105699973717618,1.0,0.1083333333333333,0.923828125,0.07694667575111713,120,0,0,0,2150400,2155776,0,0.21558010000444483,1.0112723644491663,0.993887300224301,0.35,0.0525,0.0,0.0,constant,1,0,2.0,0.42873613291708856,0.5421280615849547,0.06744405188760753,18.678659832319617,12.205115780708462,0.06744405188760753,nan
normalized-crossfit,NCJT-gmix-2d-K4-hetero,gauss_mixture,2,far,NCJT-gmix-2d-K4-hetero/far,4,0.006513122885118072,0.05780375724429228,1.0,0.09166666666666666,0.94921875,0.120305929808822,121,0,0,0,2150400,2155776,0,0.21933290000015404,1.0163321636433005,0.994794297576128,0.35,0.0525,0.0,0.0,constant,1,0,2.0,0.4319010529562599,0.5615998308176858,0.11407553643471084,19.396108731074612,16.158628655730116,0.11407553643471084,nan
normalized-crossfit,NCJT-gmix-2d-K4-hetero,gauss_mixture,2,far,NCJT-gmix-2d-K4-hetero/far,5,0.007727590333850287,0.06462344964121669,1.0,0.10833333333333335,0.9326171875,0.07882494967716551,123,0,0,0,2150400,2155776,0,0.20287379999354016,1.0051088676112707,0.9957606833823399,0.35,0.0525,0.0,0.0,constant,1,0,2.0,0.40042071474245994,0.5572555908927795,0.0593848372726648,19.486522012882748,14.539302282092706,0.0593848372726648,nan
paper,NCJT-gmix-2d-K4-hetero,gauss_mixture,2,concentrated,NCJT-gmix-2d-K4-hetero/concentrated,0,0.006983621965211961,0.057848940291170686,1.0,0.0666666666666667,0.9482421875,0.04925142218119525,154,0,0,0,2150400,2155776,0,0.2013946999941254,1.052879294975642,1.0485982219811105,0.35,0.0525,0.0,0.0,paper,0,1,,0.34600671685163265,0.5022146928926194,0.08408642933231325,16.695511208746804,15.719640824500754,0.043957964207374245,nan
paper,NCJT-gmix-2d-K4-hetero,gauss_mixture,2,concentrated,NCJT-gmix-2d-K4-hetero/concentrated,1,0.012761979025814219,0.07809905197770749,1.0,0.14166666666666666,0.888671875,0.030716265177604226,153,0,0,0,2150400,2155776,0,0.21381569998629857,1.036453061263054,1.0196303306467458,0.35,0.0525,0.0,0.0,paper,0,1,,0.37785359469898766,0.5314013447064049,0.05100683085466484,21.40718311451446,16.06482388779039,0.027046054055592305,nan
paper,NCJT-gmix-2d-K4-hetero,gauss_mixture,2,concentrated,NCJT-gmix-2d-K4-hetero/concentrated,2,0.007577283298473514,0.05825055783792569,1.0,0.11666666666666663,0.908203125,0.03425315596907958,151,0,0,0,2150400,2155776,0,0.22591660000034608,1.044297002065631,1.0396331851563576,0.35,0.0525,0.0,0.0,paper,0,1,,0.3657690545026183,0.5319465922860758,0.05177469941718786,18.367267979848677,16.14981150169153,0.0283546224111833,nan
paper,NCJT-gmix-2d-K4-hetero,gauss_mixture,2,concentrated,NCJT-gmix-2d-K4-hetero/concentrated,3,0.014292226783021444,0.08901585818081144,1.0,0.10833333333333332,0.9140625,0.044776913731082994,166,0,0,0,2150400,2155776,0,0.23350879999634344,1.0435536306440993,1.0312539315034361,0.35,0.0525,0.0,0.0,paper,0,1,,0.36423095948295753,0.5703141532687592,0.07579675147523934,21.710856015517265,16.014084332692068,0.03365766760976394,nan
paper,NCJT-gmix-2d-K4-hetero,gauss_mixture,2,concentrated,NCJT-gmix-2d-K4-hetero/concentrated,4,0.015728238437054953,0.09579037102057225,1.0,0.10000000000000002,0.9560546875,0.03589218927932405,207,0,0,0,2150400,2155776,0,0.2326524999953108,1.0537834266639459,1.0432899570417165,0.35,0.0525,0.0,0.0,paper,0,1,,0.3417643958872608,0.5637098421037386,0.052901949274126,21.035339620341585,16.060753539414918,0.02540854722223028,nan
paper,NCJT-gmix-2d-K4-hetero,gauss_mixture,2,concentrated,NCJT-gmix-2d-K4-hetero/concentrated,5,0.011280410570124522,0.07565756122678977,1.0,0.14166666666666666,0.9423828125,0.03569803099520553,142,0,0,0,2150400,2155776,0,0.22959960000298452,1.0538636019900605,1.0475460985015115,0.35,0.0525,0.0,0.0,paper,0,1,,0.31392937392775894,0.5484397488123561,0.06182427504004695,22.865034494401186,16.228360020647152,0.03482026336873642,nan
normalized-only,NCJT-gmix-2d-K4-hetero,gauss_mixture,2,concentrated,NCJT-gmix-2d-K4-hetero/concentrated,0,0.008853323296748483,0.06149932955849113,1.0,0.033333333333333395,0.9296875,0.09853592228454301,68,0,0,0,2150400,2155776,0,0.2219286000035936,1.1353485565986279,1.1307321584338723,0.35,0.0525,0.0,0.0,constant,0,1,2.0,0.1934587617707758,0.5473947382326627,0.07315695819250505,16.84507174709391,15.414901121796426,0.07315695819250505,nan
normalized-only,NCJT-gmix-2d-K4-hetero,gauss_mixture,2,concentrated,NCJT-gmix-2d-K4-hetero/concentrated,1,0.008832478617962991,0.06425686684486984,1.0,0.0666666666666667,0.9384765625,0.055606931551573584,69,0,0,0,2150400,2155776,0,0.2324676999996882,1.1477679600917943,1.129138470803467,0.35,0.0525,0.0,0.0,constant,0,1,2.0,0.17719231087078016,0.5853933340639188,0.046213973114422026,20.653939179556374,15.460978132603895,0.046213973114422026,nan
normalized-only,NCJT-gmix-2d-K4-hetero,gauss_mixture,2,concentrated,NCJT-gmix-2d-K4-hetero/concentrated,2,0.0098114391441817,0.0640420431760902,1.0,0.033333333333333395,0.9560546875,0.06774112558675241,67,0,0,0,2150400,2155776,0,0.2225412999978289,1.1631589000615346,1.157964247452604,0.35,0.0525,0.0,0.0,constant,0,1,2.0,0.213195091747544,0.5620738503402055,0.05064769108498131,16.589832613273163,14.886958701840005,0.05064769108498131,nan
normalized-only,NCJT-gmix-2d-K4-hetero,gauss_mixture,2,concentrated,NCJT-gmix-2d-K4-hetero/concentrated,3,0.010461070399049088,0.07200568927016648,1.0,0.041666666666666644,0.9443359375,0.08786648157303255,71,0,0,0,2150400,2155776,0,0.21162960000219755,1.1400272424619045,1.1265904705675969,0.35,0.0525,0.0,0.0,constant,0,1,2.0,0.24785534576426463,0.6172557651534436,0.07962359014884152,22.31452984528679,15.243278332921918,0.07962359014884152,nan
normalized-only,NCJT-gmix-2d-K4-hetero,gauss_mixture,2,concentrated,NCJT-gmix-2d-K4-hetero/concentrated,4,0.010741368825853304,0.07386085380830013,1.0,0.041666666666666644,0.94921875,0.05884764394859943,95,0,0,0,2150400,2155776,0,0.21187990000180434,1.153003505063887,1.141522011857057,0.35,0.0525,0.0,0.0,constant,0,1,2.0,0.19118074032917726,0.588789323959784,0.050675161908549995,20.220897101429152,14.879232402878925,0.050675161908549995,nan
normalized-only,NCJT-gmix-2d-K4-hetero,gauss_mixture,2,concentrated,NCJT-gmix-2d-K4-hetero/concentrated,5,0.01154575012780712,0.07391721143076713,1.0,0.033333333333333395,0.935546875,0.06996940008159688,61,0,0,0,2150400,2155776,0,0.21392199999536388,1.1927088975468259,1.1855590703710444,0.35,0.0525,0.0,0.0,constant,0,1,2.0,0.12683874550141772,0.5760154289655602,0.06353377445270564,22.083075546955452,14.765172841938153,0.06353377445270564,nan
abc,NCJT-gmix-2d-K4-hetero,gauss_mixture,2,concentrated,NCJT-gmix-2d-K4-hetero/concentrated,0,0.009011228694340456,0.06339420924856098,1.0,0.041666666666666644,0.92578125,0.09657540668715932,68,0,0,0,2150400,2155776,0,0.22096849999797996,1.1335708739604506,1.128961703964367,0.35,0.0525,0.0,0.0,abc,0,1,2.0,0.18620854132929768,0.540829261494232,0.074589604845474,16.82894577560488,15.529827479229459,0.07126445448071134,nan
abc,NCJT-gmix-2d-K4-hetero,gauss_mixture,2,concentrated,NCJT-gmix-2d-K4-hetero/concentrated,1,0.009299763368590064,0.06769928331633937,1.0,0.0666666666666667,0.939453125,0.056762253524468835,68,0,0,0,2150400,2155776,0,0.2325797999947099,1.1375674811003218,1.1191035563866427,0.35,0.0525,0.0,0.0,abc,0,1,2.0,0.16264633125267539,0.5753577421193315,0.04674980259624094,20.52641069184437,15.627258797824563,0.0439040558478956,nan
abc,NCJT-gmix-2d-K4-hetero,gauss_mixture,2,concentrated,NCJT-gmix-2d-K4-hetero/concentrated,2,0.010145196473049234,0.0660109135760229,1.0,0.033333333333333395,0.9580078125,0.06452119120147835,67,0,0,0,2150400,2155776,0,0.22813600000517908,1.1686869345507462,1.16346759381126,0.35,0.0525,0.0,0.0,abc,0,1,2.0,0.19060795412699827,0.5623087600668327,0.05309558693605933,16.38740172118569,14.84644164621728,0.050715129517558896,nan
abc,NCJT-gmix-2d-K4-hetero,gauss_mixture,2,concentrated,NCJT-gmix-2d-K4-hetero/concentrated,3,0.011247898435421844,0.07577742866337085,1.0,0.041666666666666644,0.94140625,0.08808859208153896,71,0,0,0,2150400,2155776,0,0.22545340000942815,1.1360526588986903,1.1226627328785204,0.35,0.0525,0.0,0.0,abc,0,1,2.0,0.24154628798331143,0.6209742370395384,0.0841159814520284,22.94171496483216,15.627900357564002,0.08046710767544615,nan
abc,NCJT-gmix-2d-K4-hetero,gauss_mixture,2,concentrated,NCJT-gmix-2d-K4-hetero/concentrated,4,0.011515016039870263,0.07759434576339508,1.0,0.041666666666666644,0.9443359375,0.06256657125290789,96,0,0,0,2150400,2155776,0,0.256399899997632,1.1518163030735813,1.1403466319050426,0.35,0.0525,0.0,0.0,abc,0,1,2.0,0.18786204484139862,0.5753113694728228,0.051497311546703395,20.686526304307634,15.244992298277918,0.05063243674864373,nan
abc,NCJT-gmix-2d-K4-hetero,gauss_mixture,2,concentrated,NCJT-gmix-2d-K4-hetero/concentrated,5,0.011702922697532925,0.07445550713667858,1.0,0.07500000000000004,0.935546875,0.07154413325074231,61,0,0,0,2150400,2155776,0,0.26030930000706576,1.186726660855434,1.1796126948680417,0.35,0.0525,0.0,0.0,abc,0,1,2.0,0.12263921441720038,0.5711156230322554,0.06529906618579168,22.085731691705206,14.910388489725579,0.06377671820286673,nan
normalized-crossfit,NCJT-gmix-2d-K4-hetero,gauss_mixture,2,concentrated,NCJT-gmix-2d-K4-hetero/concentrated,0,0.002261347514311396,0.030896319271004877,1.0,0.05833333333333336,0.955078125,0.08700140073847926,73,0,0,0,2150400,2155776,0,0.23895189999893773,1.0005870641790193,0.9965186146619895,0.35,0.0525,0.0,0.0,constant,1,0,2.0,0.37041564439787744,0.5884704885706411,0.05390882539150835,17.124691917820293,12.935436707351705,0.05390882539150835,nan
normalized-crossfit,NCJT-gmix-2d-K4-hetero,gauss_mixture,2,concentrated,NCJT-gmix-2d-K4-hetero/concentrated,1,0.005491912958287548,0.05531997054092269,1.0,0.10000000000000002,0.94921875,0.0875409485172646,72,0,0,0,2150400,2155776,0,0.23816819999774452,0.9828839313141793,0.9669306843977712,0.35,0.0525,0.0,0.0,constant,1,0,2.0,0.4168744426482356,0.5924195770148121,0.0836806509280589,21.311445268349896,15.473617740178787,0.0836806509280589,nan
normalized-crossfit,NCJT-gmix-2d-K4-hetero,gauss_mixture,2,concentrated,NCJT-gmix-2d-K4-hetero/concentrated,2,0.0033411412536747953,0.0417170658487314,1.0,0.041666666666666644,0.955078125,0.10824176683032546,70,0,0,0,2150400,2155776,0,0.2413918999955058,0.9957855240861601,0.9913383588103272,0.35,0.0525,0.0,0.0,constant,1,0,2.0,0.42207215733125447,0.5527196675910726,0.09932247322162152,17.137361319715524,14.42921740183382,0.09932247322162152,nan
normalized-crossfit,NCJT-gmix-2d-K4-hetero,gauss_mixture,2,concentrated,NCJT-gmix-2d-K4-hetero/concentrated,3,0.007156600057953932,0.06305846897944771,1.0,0.10000000000000002,0.9560546875,0.11125323383753202,78,0,0,0,2150400,2155776,0,0.24690579999878537,0.9845787229606424,0.9729741233338464,0.35,0.0525,0.0,0.0,constant,1,0,2.0,0.424527946843423,0.5923100657741053,0.09202543887639814,22.49335250352476,13.991344648896336,0.09202543887639814,nan
normalized-crossfit,NCJT-gmix-2d-K4-hetero,gauss_mixture,2,concentrated,NCJT-gmix-2d-K4-hetero/concentrated,4,0.00561335462529855,0.05533974497524339,1.0,0.041666666666666644,0.9560546875,0.08046716008801766,108,0,0,0,2150400,2155776,0,0.2535572000051616,0.9966080977569995,0.9866839743228435,0.35,0.0525,0.0,0.0,constant,1,0,2.0,0.4172108662606549,0.5664580530350103,0.08088350418495543,20.78865258602734,13.187607520545614,0.08088350418495543,nan
normalized-crossfit,NCJT-gmix-2d-K4-hetero,gauss_mixture,2,concentrated,NCJT-gmix-2d-K4-hetero/concentrated,5,0.004240841246085036,0.04546565980467949,1.0,0.10000000000000002,0.94921875,0.12902082485679303,64,0,0,0,2150400,2155776,0,0.25600769999437034,1.0013136339746895,0.9953111471596772,0.35,0.0525,0.0,0.0,constant,1,0,2.0,0.32379538679495995,0.5687015693036308,0.09450020825407643,22.266397646871134,15.381767590685099,0.09450020825407643,nan
paper,NCJT-gmix-5d-K5-uneq,gauss_mixture,5,covered,NCJT-gmix-5d-K5-uneq/covered,0,0.0255190505052183,0.0659752075157474,1.0,0.10666666666666666,0.0224609375,0.05249058362462865,1,0,0,0,2150400,2155776,0,0.27410159999271855,1.065916523337497,1.2245274487617364,0.35,0.0525,0.0,0.0,paper,0,1,,0.26915013008033645,0.49481109299535314,0.0946202797600606,22.474593417400612,17.975246721257072,0.04658997058528183,nan
paper,NCJT-gmix-5d-K5-uneq,gauss_mixture,5,covered,NCJT-gmix-5d-K5-uneq/covered,1,0.029260223535818586,0.07558318292349038,1.0,0.185,0.0244140625,0.04521592039245465,1,0,0,0,2150400,2155776,0,0.27208429999882355,1.0659656737554235,1.247902403814996,0.35,0.0525,0.0,0.0,paper,0,1,,0.29770072954170695,0.5027896418588307,0.08991115261904278,23.623326732763324,18.222274600843967,0.039210005785103294,nan
paper,NCJT-gmix-5d-K5-uneq,gauss_mixture,5,covered,NCJT-gmix-5d-K5-uneq/covered,2,0.025664208830814328,0.0676798529304091,1.0,0.10166666666666668,0.0166015625,0.05146769025606671,1,0,0,0,2150400,2155776,0,0.2634403999982169,1.0787578359331593,1.24378146471372,0.35,0.0525,0.0,0.0,paper,0,1,,0.2526214511661343,0.5440834270570284,0.08333617633767271,24.791523172155763,18.279945597420735,0.04273974675833685,nan
paper,NCJT-gmix-5d-K5-uneq,gauss_mixture,5,covered,NCJT-gmix-5d-K5-uneq/covered,3,0.023361143990445754,0.0665463174498442,1.0,0.07166666666666666,0.0263671875,0.0687839713411082,1,0,0,0,2150400,2155776,0,0.25771930000337306,1.0594832342627616,1.2233404135607668,0.35,0.0525,0.0,0.0,paper,0,1,,0.2818978792024052,0.4381930618522461,0.09201067437959116,24.322574066430935,18.228844370237333,0.0483019527557296,nan
paper,NCJT-gmix-5d-K5-uneq,gauss_mixture,5,covered,NCJT-gmix-5d-K5-uneq/covered,4,0.022633699714172284,0.06240386679873099,1.0,0.02999999999999997,0.0146484375,0.05343984446500606,1,0,0,0,2150400,2155776,0,0.27753829999710433,1.0519719724335217,1.2105557567063985,0.35,0.0525,0.0,0.0,paper,0,1,,0.3264842226844933,0.4710008153315153,0.08722776775291527,21.483843349035574,18.538671801336108,0.043759058644279245,nan
paper,NCJT-gmix-5d-K5-uneq,gauss_mixture,5,covered,NCJT-gmix-5d-K5-uneq/covered,5,0.025612237052830222,0.0711121075113974,1.0,0.10833333333333331,0.017578125,0.05179020641017642,1,0,0,0,2150400,2155776,0,0.2650197000039043,1.0542105506689587,1.239800148248578,0.35,0.0525,0.0,0.0,paper,0,1,,0.2730066289769997,0.49014902201124877,0.06880049204292688,20.636283962754664,18.05102498501443,0.0354497742017606,nan
normalized-only,NCJT-gmix-5d-K5-uneq,gauss_mixture,5,covered,NCJT-gmix-5d-K5-uneq/covered,0,0.04074838238422851,0.09383505823639583,1.0,0.11833333333333333,0.0224609375,0.10068120688363386,1,0,0,0,2150400,2155776,0,0.2854116999951657,1.1741300082727104,1.3488433588054511,0.35,0.0525,0.0,0.0,constant,0,1,2.0,0.17706270675783475,0.4511393175307816,0.09505007990346565,22.253879066651646,18.354419453723146,0.09505007990346565,nan
normalized-only,NCJT-gmix-5d-K5-uneq,gauss_mixture,5,covered,NCJT-gmix-5d-K5-uneq/covered,1,0.04560871143811274,0.10101531362585194,1.0,0.185,0.02734375,0.09414969229777279,1,0,0,0,2150400,2155776,0,0.30791770000359975,1.178764889153569,1.3799539468519135,0.35,0.0525,0.0,0.0,constant,0,1,2.0,0.14743794362215232,0.4569366199143151,0.09269877662520248,23.660627894412144,18.081603564733847,0.09269877662520248,nan
normalized-only,NCJT-gmix-5d-K5-uneq,gauss_mixture,5,covered,NCJT-gmix-5d-K5-uneq/covered,2,0.04009442150235776,0.09485581822520589,1.0,0.14333333333333337,0.0302734375,0.11422261307971611,1,0,0,0,2150400,2155776,0,0.2680775999906473,1.1880496637580233,1.3697922756346537,0.35,0.0525,0.0,0.0,constant,0,1,2.0,0.16168637781078876,0.5167378994375853,0.08568435618300392,24.25927555510739,17.942889127894766,0.08568435618300392,nan
normalized-only,NCJT-gmix-5d-K5-uneq,gauss_mixture,5,covered,NCJT-gmix-5d-K5-uneq/covered,3,0.04008099688851696,0.09705920080522079,1.0,0.1066666666666667,0.0322265625,0.1438341081635747,1,0,0,0,2150400,2155776,0,0.2610982000041986,1.178640239150385,1.3609259599137686,0.35,0.0525,0.0,0.0,constant,0,1,2.0,0.16014420424625764,0.44077588042515203,0.09370669644281085,23.29415774860597,18.092170522169702,0.09370669644281085,nan
normalized-only,NCJT-gmix-5d-K5-uneq,gauss_mixture,5,covered,NCJT-gmix-5d-K5-uneq/covered,4,0.04025114445304534,0.09343265611640966,1.0,0.035,0.0234375,0.10376830355010322,1,0,0,0,2150400,2155776,0,0.27550399999017827,1.1866596537596144,1.3655474791660405,0.35,0.0525,0.0,0.0,constant,0,1,2.0,0.15871638906845942,0.4533820134339159,0.09132330344221641,22.686018999695865,18.896850047381378,0.09132330344221641,nan
normalized-only,NCJT-gmix-5d-K5-uneq,gauss_mixture,5,covered,NCJT-gmix-5d-K5-uneq/covered,5,0.04529827286695287,0.10504033145159437,1.0,0.1016666666666667,0.037109375,0.10363419637566829,1,0,0,0,2150400,2155776,0,0.26759400000446476,1.1826542101943356,1.3908558059823222,0.35,0.0525,0.0,0.0,constant,0,1,2.0,0.1570271920896858,0.4556657405984162,0.07400875031446782,21.38191201794197,18.035190197280922,0.07400875031446782,nan
abc,NCJT-gmix-5d-K5-uneq,gauss_mixture,5,covered,NCJT-gmix-5d-K5-uneq/covered,0,0.042204780876183845,0.09557164903993552,1.0,0.16000000000000003,0.0234375,0.10227869856268047,1,0,0,0,2150400,2155776,0,0.26566279999678954,1.1765094203233908,1.3515768330543065,0.35,0.0525,0.0,0.0,abc,0,1,2.0,0.19329916901546587,0.4431187150555901,0.09284335521765433,22.288322832160432,18.767925107915303,0.09505707327762011,nan
abc,NCJT-gmix-5d-K5-uneq,gauss_mixture,5,covered,NCJT-gmix-5d-K5-uneq/covered,1,0.0475272765595538,0.10309005613526606,1.0,0.185,0.0234375,0.09666582028038773,1,0,0,0,2150400,2155776,0,0.2692282000061823,1.1856892507438488,1.3880601435955218,0.35,0.0525,0.0,0.0,abc,0,1,2.0,0.13530949432835707,0.4448951364277942,0.09395904404518668,23.7367020386085,18.48260424786381,0.09298649648458382,nan
abc,NCJT-gmix-5d-K5-uneq,gauss_mixture,5,covered,NCJT-gmix-5d-K5-uneq/covered,2,0.04104625991564603,0.09596393660952658,1.0,0.14333333333333337,0.0322265625,0.11345855711957173,1,0,0,0,2150400,2155776,0,0.2823272999958135,1.1872444232661967,1.3688638529942707,0.35,0.0525,0.0,0.0,abc,0,1,2.0,0.16663585010674453,0.47188422753905623,0.08761488093962132,24.260575586527366,18.317356431520842,0.08592548903172718,nan
abc,NCJT-gmix-5d-K5-uneq,gauss_mixture,5,covered,NCJT-gmix-5d-K5-uneq/covered,3,0.04260166342439664,0.10153411049488341,1.0,0.1066666666666667,0.0361328125,0.1426027420118727,1,0,0,0,2150400,2155776,0,0.27503650001017377,1.1922455925909174,1.3766354852430327,0.35,0.0525,0.0,0.0,abc,0,1,2.0,0.15405821170795994,0.4380346475544749,0.09433623330690047,23.525881641733903,18.411457638602187,0.09441083811916823,nan
abc,NCJT-gmix-5d-K5-uneq,gauss_mixture,5,covered,NCJT-gmix-5d-K5-uneq/covered,4,0.04280626382217356,0.09745203302331466,1.0,0.07666666666666669,0.0234375,0.10409633848366838,1,0,0,0,2150400,2155776,0,0.2744237000006251,1.2020629246141907,1.3832727785977168,0.35,0.0525,0.0,0.0,abc,0,1,2.0,0.15663713806446108,0.44867753341806027,0.0900228341967117,22.643462537208876,18.966523063899473,0.08919568223587528,nan
abc,NCJT-gmix-5d-K5-uneq,gauss_mixture,5,covered,NCJT-gmix-5d-K5-uneq/covered,5,0.04722145911095166,0.10793198553097469,1.0,0.1016666666666667,0.033203125,0.104528042256802,1,0,0,0,2150400,2155776,0,0.2781041999987792,1.1902230991664007,1.3997571679196399,0.35,0.0525,0.0,0.0,abc,0,1,2.0,0.1565874280928244,0.4602552329648648,0.07785387636542335,21.65764762715881,18.71903636604314,0.0784841347726371,nan
normalized-crossfit,NCJT-gmix-5d-K5-uneq,gauss_mixture,5,covered,NCJT-gmix-5d-K5-uneq/covered,0,0.009730163323027785,0.04534699001522436,1.0,0.065,0.1103515625,0.15216585226120366,1,0,0,0,2150400,2155776,0,0.2627073999901768,0.8044666883134647,0.9241732536145179,0.35,0.0525,0.0,0.0,constant,1,0,2.0,0.4364490914283062,0.5518899058054425,0.13341130330204676,22.713934181783827,16.496170402987588,0.13341130330204676,nan
normalized-crossfit,NCJT-gmix-5d-K5-uneq,gauss_mixture,5,covered,NCJT-gmix-5d-K5-uneq/covered,1,0.006866323356836013,0.03722638313148321,1.0,0.06666666666666668,0.111328125,0.1123662065058112,1,0,0,0,2150400,2155776,0,0.26049490000877995,0.8138672477118152,0.9527763602628874,0.35,0.0525,0.0,0.0,constant,1,0,2.0,0.4554185910784253,0.5743908683293102,0.10837950959855713,22.884621211718454,14.750869918956617,0.10837950959855713,nan
normalized-crossfit,NCJT-gmix-5d-K5-uneq,gauss_mixture,5,covered,NCJT-gmix-5d-K5-uneq/covered,2,0.007788684750808628,0.04157614052713406,1.0,0.024999999999999967,0.1279296875,0.19297882585812065,1,0,0,0,2150400,2155776,0,0.2630934999906458,0.8026072290811481,0.925386552685235,0.35,0.0525,0.0,0.0,constant,1,0,2.0,0.4432729123455818,0.5688020133084146,0.13643529517587888,25.104407189300595,16.454209779972988,0.13643529517587888,nan
normalized-crossfit,NCJT-gmix-5d-K5-uneq,gauss_mixture,5,covered,NCJT-gmix-5d-K5-uneq/covered,3,0.006381266318388867,0.03699518178842132,1.0,0.05500000000000002,0.1123046875,0.1705839759630112,1,0,0,0,2150400,2155776,0,0.2618609000055585,0.8068288489690274,0.9316110966657692,0.35,0.0525,0.0,0.0,constant,1,0,2.0,0.4248630532479112,0.5620674191090204,0.1117486339268961,22.418882439372325,15.029438931235504,0.1117486339268961,nan
normalized-crossfit,NCJT-gmix-5d-K5-uneq,gauss_mixture,5,covered,NCJT-gmix-5d-K5-uneq/covered,4,0.0073371917748072946,0.04168547843947599,1.0,0.054999999999999966,0.115234375,0.22336807010877396,1,0,0,0,2150400,2155776,0,0.2719180999993114,0.7955966432187778,0.9155320880239908,0.35,0.0525,0.0,0.0,constant,1,0,2.0,0.4356265059210412,0.583714082833173,0.1306042286575913,22.048062645224597,16.304888907615357,0.1306042286575913,nan
normalized-crossfit,NCJT-gmix-5d-K5-uneq,gauss_mixture,5,covered,NCJT-gmix-5d-K5-uneq/covered,5,0.006422638923627932,0.037878379646062214,1.0,0.04166666666666663,0.1103515625,0.08982164278311108,1,0,0,0,2150400,2155776,0,0.26157550000061747,0.8132048946451987,0.9563663997650347,0.35,0.0525,0.0,0.0,constant,1,0,2.0,0.47272664362177697,0.5679369243862469,0.07065455397786403,20.841618904424582,14.586627581873822,0.07065455397786403,nan
paper,NCJT-gmix-5d-K5-uneq,gauss_mixture,5,missing,NCJT-gmix-5d-K5-uneq/missing,0,0.023189359786995434,0.06247461320631587,1.0,0.06666666666666665,0.0205078125,0.06220318501920524,85,0,0,0,2150400,2155776,0,0.26386099999945145,1.0570812877943971,1.2154888063880374,0.35,0.0525,0.0,0.0,paper,0,1,,0.2951192269255307,0.501894941897749,0.10818760123081095,24.201103713184356,18.950169137333226,0.05592327328388132,nan
paper,NCJT-gmix-5d-K5-uneq,gauss_mixture,5,missing,NCJT-gmix-5d-K5-uneq/missing,1,0.023376071727812642,0.06351417295113758,1.0,0.06,0.0166015625,0.05331655742812775,88,0,0,0,2150400,2155776,0,0.27047430000675377,1.0562857152194869,1.2155419859507082,0.35,0.0525,0.0,0.0,paper,0,1,,0.31092174002118056,0.5191367050397826,0.09891720107201746,22.69797845406726,19.124232550314144,0.04969854828377424,nan
paper,NCJT-gmix-5d-K5-uneq,gauss_mixture,5,missing,NCJT-gmix-5d-K5-uneq/missing,2,0.020417075503774695,0.05664409633518759,1.0,0.060000000000000026,0.009765625,0.061969529001762516,89,0,0,0,2150400,2155776,0,0.2535471999872243,1.0436137552879308,1.1858030228754295,0.35,0.0525,0.0,0.0,paper,0,1,,0.33727798026289396,0.5158243246148767,0.09295571399937057,21.28407897588521,18.939156591985828,0.052381769703101475,nan
paper,NCJT-gmix-5d-K5-uneq,gauss_mixture,5,missing,NCJT-gmix-5d-K5-uneq/missing,3,0.026132126165565595,0.06949681327701787,1.0,0.10666666666666666,0.01953125,0.06203964676898826,87,0,0,0,2150400,2155776,0,0.2882346999977017,1.0568030226191938,1.233717280993936,0.35,0.0525,0.0,0.0,paper,0,1,,0.28734613503927736,0.5185049555089472,0.12065394878588562,23.076332686037905,17.91346527548489,0.05592501424484275,nan
paper,NCJT-gmix-5d-K5-uneq,gauss_mixture,5,missing,NCJT-gmix-5d-K5-uneq/missing,4,0.024802290324185128,0.06728477654220531,1.0,0.035,0.0224609375,0.05635348283321631,85,0,0,0,2150400,2155776,0,0.27539229999820236,1.0511014960122849,1.2176509531124744,0.35,0.0525,0.0,0.0,paper,0,1,,0.29364883187648555,0.5226893414670404,0.11014520651206924,23.95226175799236,18.98213709522245,0.04458775815613024,nan
paper,NCJT-gmix-5d-K5-uneq,gauss_mixture,5,missing,NCJT-gmix-5d-K5-uneq/missing,5,0.02378099814034118,0.06449157250931471,1.0,0.07166666666666664,0.0146484375,0.05433394355278279,79,0,0,0,2150400,2155776,0,0.24931949999881908,1.0453673488270678,1.2066138144825633,0.35,0.0525,0.0,0.0,paper,0,1,,0.3053509074675028,0.5232579674628652,0.09708047912832132,25.6291271205414,19.189109388627372,0.053099467964812366,nan
normalized-only,NCJT-gmix-5d-K5-uneq,gauss_mixture,5,missing,NCJT-gmix-5d-K5-uneq/missing,0,0.040182710263408694,0.09399210329560412,1.0,0.10166666666666668,0.0263671875,0.13144027129034858,47,0,0,0,2150400,2155776,0,0.25067130000388715,1.1935893218572817,1.3724530713895247,0.35,0.0525,0.0,0.0,constant,0,1,2.0,0.14741802618658686,0.4967556605783442,0.11075443562145751,23.465351904931275,18.120977603906624,0.11075443562145751,nan
normalized-only,NCJT-gmix-5d-K5-uneq,gauss_mixture,5,missing,NCJT-gmix-5d-K5-uneq/missing,1,0.03928715569883878,0.09313926978373768,1.0,0.1016666666666667,0.015625,0.10962455398594863,48,0,0,0,2150400,2155776,0,0.2445566999958828,1.1741053586787877,1.3511253052468175,0.35,0.0525,0.0,0.0,constant,0,1,2.0,0.17666414399246333,0.4570867318577063,0.09952004411880909,22.792599683642976,18.293803640582922,0.09952004411880909,nan
normalized-only,NCJT-gmix-5d-K5-uneq,gauss_mixture,5,missing,NCJT-gmix-5d-K5-uneq/missing,2,0.03903270207039311,0.09124533853253577,1.0,0.10833333333333328,0.0185546875,0.12588373077234935,47,0,0,0,2150400,2155776,0,0.25490759999956936,1.20648056195794,1.3708599471415164,0.35,0.0525,0.0,0.0,constant,0,1,2.0,0.1270497821438527,0.5303499201250357,0.09842928476522925,22.4003593248562,18.563868134487933,0.09842928476522925,nan
normalized-only,NCJT-gmix-5d-K5-uneq,gauss_mixture,5,missing,NCJT-gmix-5d-K5-uneq/missing,3,0.04762086041568314,0.10615342234888767,1.0,0.16000000000000003,0.0244140625,0.12771186271695079,46,0,0,0,2150400,2155776,0,0.25115380001079757,1.2030160999608572,1.4044071790760244,0.35,0.0525,0.0,0.0,constant,0,1,2.0,0.16198628892524847,0.5066161988239335,0.11966768966408642,23.994938213431617,18.128323246495093,0.11966768966408642,nan
normalized-only,NCJT-gmix-5d-K5-uneq,gauss_mixture,5,missing,NCJT-gmix-5d-K5-uneq/missing,4,0.04239504029529928,0.0967903302052519,1.0,0.060000000000000026,0.013671875,0.110537636993714,46,0,0,0,2150400,2155776,0,0.2540268000011565,1.1882961359481639,1.3765844002758807,0.35,0.0525,0.0,0.0,constant,0,1,2.0,0.14018844150864873,0.5109088567612928,0.1028592585068226,21.963087190739213,18.457669341556528,0.1028592585068226,nan
normalized-only,NCJT-gmix-5d-K5-uneq,gauss_mixture,5,missing,NCJT-gmix-5d-K5-uneq/missing,5,0.037259410724405084,0.09135269808303557,1.0,0.07666666666666666,0.03515625,0.1213484998676047,43,0,0,0,2150400,2155776,0,0.2589335999946343,1.1576182650007063,1.3361792790012397,0.35,0.0525,0.0,0.0,constant,0,1,2.0,0.16450198163898122,0.5119062643535051,0.10074386771026711,25.22571133433243,18.781477157651874,0.10074386771026711,nan
abc,NCJT-gmix-5d-K5-uneq,gauss_mixture,5,missing,NCJT-gmix-5d-K5-uneq/missing,0,0.041353796521729214,0.09508844947072499,1.0,0.10166666666666668,0.025390625,0.13081005135491283,46,0,0,0,2150400,2155776,0,0.27945159999944735,1.1938652888136465,1.3727703930092217,0.35,0.0525,0.0,0.0,abc,0,1,2.0,0.14861914056624698,0.5031968171639997,0.1125542087017177,23.51399016631293,18.30780718516749,0.11184195256863796,nan
abc,NCJT-gmix-5d-K5-uneq,gauss_mixture,5,missing,NCJT-gmix-5d-K5-uneq/missing,1,0.04069600724997913,0.09503467093709378,1.0,0.1016666666666667,0.017578125,0.11092863818920695,48,0,0,0,2150400,2155776,0,0.2782260999956634,1.178432260695162,1.3561045745810665,0.35,0.0525,0.0,0.0,abc,0,1,2.0,0.16631860425879882,0.46256174874899625,0.09872054899571664,22.97720107011273,18.52823973210933,0.10055370273120101,nan
abc,NCJT-gmix-5d-K5-uneq,gauss_mixture,5,missing,NCJT-gmix-5d-K5-uneq/missing,2,0.039635962199776165,0.09233520843056281,1.0,0.10833333333333328,0.0205078125,0.12024427921650668,46,0,0,0,2150400,2155776,0,0.281943299996783,1.2034520042106043,1.3674187574163459,0.35,0.0525,0.0,0.0,abc,0,1,2.0,0.1279970603524583,0.5263095713964008,0.10099146724813653,22.768843715075377,17.797071119006375,0.10070114142614073,nan
abc,NCJT-gmix-5d-K5-uneq,gauss_mixture,5,missing,NCJT-gmix-5d-K5-uneq/missing,3,0.04896764580326041,0.10820387000970301,1.0,0.11833333333333336,0.0205078125,0.12850729248146156,45,0,0,0,2150400,2155776,0,0.30211489999783225,1.2051268270953606,1.4068712527828213,0.35,0.0525,0.0,0.0,abc,0,1,2.0,0.1367296501593157,0.4631604670708508,0.12141875847024572,23.77872517911882,18.02793066519751,0.12150421845054378,nan
abc,NCJT-gmix-5d-K5-uneq,gauss_mixture,5,missing,NCJT-gmix-5d-K5-uneq/missing,4,0.04491097206110006,0.10063820614898658,1.0,0.07666666666666669,0.01171875,0.11189499015815284,46,0,0,0,2150400,2155776,0,0.2820579999970505,1.2028719535033545,1.3934697897514028,0.35,0.0525,0.0,0.0,abc,0,1,2.0,0.13759319102588682,0.5053536879615574,0.10060392602864263,21.892330426878715,18.52720994370593,0.10360975609685422,nan
abc,NCJT-gmix-5d-K5-uneq,gauss_mixture,5,missing,NCJT-gmix-5d-K5-uneq/missing,5,0.039301873394077536,0.09499781920641155,1.0,0.07666666666666666,0.0283203125,0.1228214584496972,43,0,0,0,2150400,2155776,0,0.2706684000004316,1.1700025027520469,1.350473768272758,0.35,0.0525,0.0,0.0,abc,0,1,2.0,0.12704077598450642,0.5002490004161139,0.10005638507007464,24.6955777974091,18.941186518689875,0.10093312307573103,nan
normalized-crossfit,NCJT-gmix-5d-K5-uneq,gauss_mixture,5,missing,NCJT-gmix-5d-K5-uneq/missing,0,0.007628118044365806,0.04052503385253274,1.0,0.07666666666666667,0.109375,0.15134000936359074,55,0,0,0,2150400,2155776,0,0.2587774999992689,0.7952176028059637,0.9143838851505403,0.35,0.0525,0.0,0.0,constant,1,0,2.0,0.4684632738920461,0.5631345785473774,0.1381977587530512,24.949452050270086,15.698248265393136,0.1381977587530512,nan
normalized-crossfit,NCJT-gmix-5d-K5-uneq,gauss_mixture,5,missing,NCJT-gmix-5d-K5-uneq/missing,1,0.007305512860050767,0.039816386486582575,1.0,0.059999999999999956,0.1162109375,0.1355317545964684,56,0,0,0,2150400,2155776,0,0.25968759998795576,0.793164989936936,0.9127505306215182,0.35,0.0525,0.0,0.0,constant,1,0,2.0,0.4876656808675111,0.5576910394183037,0.11514664954454493,23.780163842268646,15.097839384265153,0.11514664954454493,nan
normalized-crossfit,NCJT-gmix-5d-K5-uneq,gauss_mixture,5,missing,NCJT-gmix-5d-K5-uneq/missing,2,0.00915736193846084,0.04476136290738027,1.0,0.09000000000000001,0.1103515625,0.11384554037924106,55,0,0,0,2150400,2155776,0,0.25045749999117106,0.8075023774429011,0.9175221726420282,0.35,0.0525,0.0,0.0,constant,1,0,2.0,0.5004160624321108,0.5646595153518765,0.10485217973495095,21.664733568900022,16.199436408873332,0.10485217973495095,nan
normalized-crossfit,NCJT-gmix-5d-K5-uneq,gauss_mixture,5,missing,NCJT-gmix-5d-K5-uneq/missing,3,0.006772136270025264,0.03799434066369641,1.0,0.09000000000000001,0.1015625,0.16171687353188266,52,0,0,0,2150400,2155776,0,0.25702790000650566,0.810418428616214,0.9460866394399494,0.35,0.0525,0.0,0.0,constant,1,0,2.0,0.4516378388020557,0.5568708768814733,0.14936575650665312,23.825537347089266,14.995138171887907,0.14936575650665312,nan
normalized-crossfit,NCJT-gmix-5d-K5-uneq,gauss_mixture,5,missing,NCJT-gmix-5d-K5-uneq/missing,4,0.00834342655174547,0.04298151558611776,1.0,0.065,0.1083984375,0.1379576885123938,54,0,0,0,2150400,2155776,0,0.29912049999984447,0.8039461471373859,0.9313332689819501,0.35,0.0525,0.0,0.0,constant,1,0,2.0,0.3856765992508089,0.5636510676217814,0.1301163072925885,26.115161914162332,15.61616769300822,0.1301163072925885,nan
normalized-crossfit,NCJT-gmix-5d-K5-uneq,gauss_mixture,5,missing,NCJT-gmix-5d-K5-uneq/missing,5,0.007109758287802137,0.03909860248011072,1.0,0.07166666666666661,0.11328125,0.1824015966708025,49,0,0,0,2150400,2155776,0,0.2511559999984456,0.8029410177522429,0.9267935576155227,0.35,0.0525,0.0,0.0,constant,1,0,2.0,0.4630579666900443,0.5554747270651277,0.14844751944504064,24.098480122420682,14.09514385822121,0.14844751944504064,nan
paper,NCJT-gmix-5d-K5-uneq,gauss_mixture,5,far,NCJT-gmix-5d-K5-uneq/far,0,5.750051014251321,1.4758817983365156,0.2,1.7566666666666668,0.0,0.018975501693579422,400,1,0,0,2150400,2155776,0,0.27044320000277366,1.00410688657825,1.1605031184690655,0.35,0.0525,0.0,0.0,paper,0,1,,0.0005972932561925038,0.0012121115840052167,3.6625082846175845,39.25514513552203,39.029218341599204,0.004438468189072487,nan
paper,NCJT-gmix-5d-K5-uneq,gauss_mixture,5,far,NCJT-gmix-5d-K5-uneq/far,1,5.631436750775902,1.4301848620954105,0.2,1.7566666666666668,0.0009765625,0.03594297111850342,400,1,0,0,2150400,2155776,0,0.27055790000304114,0.810597113209196,0.9326336785742902,0.35,0.0525,0.0,0.0,paper,0,1,,0.000592097632973857,0.0013617069538220726,3.5332534434154006,32.37100607441283,37.232793023923136,0.004812831510548071,nan
paper,NCJT-gmix-5d-K5-uneq,gauss_mixture,5,far,NCJT-gmix-5d-K5-uneq/far,2,5.461402947322149,1.4187757203865166,0.2,1.715,0.0,0.09033643982801069,400,1,0,0,2150400,2155776,0,0.2561418999976013,0.9389080462945237,1.087591902928014,0.35,0.0525,0.0,0.0,paper,0,1,,0.000502644529248539,0.0009986125686484593,3.567102874115105,35.96382557477844,38.32735727487853,0.0035620927082344405,nan
paper,NCJT-gmix-5d-K5-uneq,gauss_mixture,5,far,NCJT-gmix-5d-K5-uneq/far,3,5.626948611226974,1.450446462300196,0.2,1.7566666666666668,0.0,0.061772506606820016,400,1,0,0,2150400,2155776,0,0.2618367999966722,0.9350777811612437,1.0772636834731018,0.35,0.0525,0.0,0.0,paper,0,1,,0.0004845911693299791,0.0009942262575766555,3.6752196365426957,39.81767678584252,37.93714752280414,0.00365399750527417,nan
paper,NCJT-gmix-5d-K5-uneq,gauss_mixture,5,far,NCJT-gmix-5d-K5-uneq/far,4,6.026874628395865,1.6453297357453827,0.2,1.7983333333333333,0.0,0.01276983905493547,400,1,0,0,2150400,2155776,0,0.25483589999203105,0.5622037601775501,0.6512398407199729,0.35,0.0525,0.0,0.0,paper,0,1,,0.0004965563579648951,0.0011861463215514527,3.6433548502851,35.148504038054256,41.43658693690612,0.0043197371483475085,nan
paper,NCJT-gmix-5d-K5-uneq,gauss_mixture,5,far,NCJT-gmix-5d-K5-uneq/far,5,5.598465908867864,1.4871786729002858,0.2,1.756666666666667,0.0,0.13187501908039742,400,1,0,0,2150400,2155776,0,0.26601099999970756,1.0542790831883195,1.20885751173315,0.35,0.0525,0.0,0.0,paper,0,1,,0.0006085321051701392,0.0012257086885358605,3.7276389134762344,40.58065434908259,39.02084892939534,0.004568336709221415,nan
normalized-only,NCJT-gmix-5d-K5-uneq,gauss_mixture,5,far,NCJT-gmix-5d-K5-uneq/far,0,0.040536098099417384,0.0980204436133786,1.0,0.06666666666666662,0.0146484375,0.14069653796900533,89,0,0,0,2150400,2155776,0,0.2695142000011401,1.1976239941516018,1.3841617845113754,0.35,0.0525,0.0,0.0,constant,0,1,2.0,0.12016075806911268,0.5131798862798019,0.11949716036376569,23.4403288552759,18.79051612607259,0.11949716036376569,nan
normalized-only,NCJT-gmix-5d-K5-uneq,gauss_mixture,5,far,NCJT-gmix-5d-K5-uneq/far,1,0.03898159221127662,0.09563362884526964,1.0,0.11833333333333332,0.0205078125,0.09261516730134955,89,0,0,0,2150400,2155776,0,0.2724683999986155,1.1816831771084724,1.3595872849988906,0.35,0.0525,0.0,0.0,constant,0,1,2.0,0.14608206781343186,0.4989891144461645,0.0868527961156103,23.569738134012205,18.254243381395938,0.0868527961156103,nan
normalized-only,NCJT-gmix-5d-K5-uneq,gauss_mixture,5,far,NCJT-gmix-5d-K5-uneq/far,2,0.044762901004118394,0.10723191379836237,1.0,0.11833333333333333,0.04296875,0.12379992454182036,98,0,0,0,2150400,2155776,0,0.2632664999982808,1.2176072119639056,1.4104253871345502,0.35,0.0525,0.0,0.0,constant,0,1,2.0,0.10284119984796718,0.4855269684686953,0.07332533165713767,24.421987131906953,17.970616774932182,0.07332533165713767,nan
normalized-only,NCJT-gmix-5d-K5-uneq,gauss_mixture,5,far,NCJT-gmix-5d-K5-uneq/far,3,0.04303083895841109,0.10093740556514424,1.0,0.14999999999999997,0.017578125,0.11066881296955473,85,0,0,0,2150400,2155776,0,0.27190669999981765,1.2104282547808074,1.394483353786629,0.35,0.0525,0.0,0.0,constant,0,1,2.0,0.1283330959685348,0.5116020804223552,0.10708993077882767,23.77814704668569,17.72757656158054,0.10708993077882767,nan
normalized-only,NCJT-gmix-5d-K5-uneq,gauss_mixture,5,far,NCJT-gmix-5d-K5-uneq/far,4,0.04263374346340432,0.09737176586433145,1.0,0.11833333333333332,0.017578125,0.1458598735856941,90,0,0,0,2150400,2155776,0,0.26173179999750573,1.2181954639671837,1.4111208001690303,0.35,0.0525,0.0,0.0,constant,0,1,2.0,0.10704270696236057,0.5581153273244004,0.12225271710820945,23.77122137279781,18.50737935075044,0.12225271710820945,nan
normalized-only,NCJT-gmix-5d-K5-uneq,gauss_mixture,5,far,NCJT-gmix-5d-K5-uneq/far,5,0.03815904248602897,0.08906274201375144,1.0,0.02999999999999997,0.0146484375,0.09807570075150884,83,0,0,0,2150400,2155776,0,0.26117990000057034,1.193357405134345,1.3683275011170357,0.35,0.0525,0.0,0.0,constant,0,1,2.0,0.11498066911581253,0.4483896434966731,0.06775884978312105,24.49546690043221,19.170385312194917,0.06775884978312105,nan
abc,NCJT-gmix-5d-K5-uneq,gauss_mixture,5,far,NCJT-gmix-5d-K5-uneq/far,0,0.04292508566709907,0.10167108838813002,1.0,0.06666666666666662,0.01953125,0.14370513753852393,89,0,0,0,2150400,2155776,0,0.2745876000117278,1.2114773684264086,1.4001729126712652,0.35,0.0525,0.0,0.0,abc,0,1,2.0,0.12239538584712141,0.5015197240873003,0.12070466769634391,23.655706004120574,18.871537839401153,0.11807408136184974,nan
abc,NCJT-gmix-5d-K5-uneq,gauss_mixture,5,far,NCJT-gmix-5d-K5-uneq/far,1,0.04049198401445819,0.09813232122048884,1.0,0.11833333333333332,0.021484375,0.09596090059136696,88,0,0,0,2150400,2155776,0,0.2710314999858383,1.1875521771448507,1.3663398714617387,0.35,0.0525,0.0,0.0,abc,0,1,2.0,0.13673502344812727,0.4788286030437773,0.08275921292775286,23.640904809589813,18.292359408412885,0.08620649661126054,nan
abc,NCJT-gmix-5d-K5-uneq,gauss_mixture,5,far,NCJT-gmix-5d-K5-uneq/far,2,0.04710368359393824,0.11047080475663687,1.0,0.11833333333333333,0.0419921875,0.12766368114450183,98,0,0,0,2150400,2155776,0,0.27735829999437556,1.226555294536468,1.420790472609169,0.35,0.0525,0.0,0.0,abc,0,1,2.0,0.11375706038260715,0.4563348171318288,0.0732859759147835,24.669085863742637,17.819427435248365,0.07171535433402892,nan
abc,NCJT-gmix-5d-K5-uneq,gauss_mixture,5,far,NCJT-gmix-5d-K5-uneq/far,3,0.04334724786549593,0.10109786042079084,1.0,0.14999999999999997,0.0146484375,0.11108414290133334,85,0,0,0,2150400,2155776,0,0.26542029999836814,1.204423745503915,1.387565811833017,0.35,0.0525,0.0,0.0,abc,0,1,2.0,0.14339197838735357,0.5179887531935735,0.10649612974267321,23.73286684031935,17.982838151654697,0.10805180502866879,nan
abc,NCJT-gmix-5d-K5-uneq,gauss_mixture,5,far,NCJT-gmix-5d-K5-uneq/far,4,0.04481614489656316,0.10100583283966937,1.0,0.11833333333333332,0.01953125,0.14592111773149566,90,0,0,0,2150400,2155776,0,0.2721994000021368,1.229587714450058,1.4243172387477514,0.35,0.0525,0.0,0.0,abc,0,1,2.0,0.10778859549194965,0.5583654872929722,0.12434115276532301,23.90005242484995,18.453831506839975,0.12285540436895309,nan
abc,NCJT-gmix-5d-K5-uneq,gauss_mixture,5,far,NCJT-gmix-5d-K5-uneq/far,5,0.040345880813968504,0.09295474406810217,1.0,0.02999999999999997,0.0146484375,0.09933253075221973,83,0,0,0,2150400,2155776,0,0.27602079999633133,1.2037596173822767,1.380254886014521,0.35,0.0525,0.0,0.0,abc,0,1,2.0,0.11030291491966973,0.4784741051260408,0.06748774636120816,24.496866901386788,19.281603204980186,0.06818370878522209,nan
normalized-crossfit,NCJT-gmix-5d-K5-uneq,gauss_mixture,5,far,NCJT-gmix-5d-K5-uneq/far,0,0.007948466548526767,0.0419796382464278,1.0,0.06000000000000001,0.09765625,0.1144520676917099,102,0,0,0,2150400,2155776,0,0.2761828999937279,0.8056815960266231,0.9311717877648136,0.35,0.0525,0.0,0.0,constant,1,0,2.0,0.418141216013502,0.5912043762761808,0.10777660396429047,22.426178411639277,14.63461757351461,0.10777660396429047,nan
normalized-crossfit,NCJT-gmix-5d-K5-uneq,gauss_mixture,5,far,NCJT-gmix-5d-K5-uneq/far,1,0.007005990650726268,0.037603399636422286,1.0,0.059999999999999956,0.11328125,0.18578215525133807,99,0,0,0,2150400,2155776,0,0.26058539999939967,0.8064726699593134,0.9278882944401425,0.35,0.0525,0.0,0.0,constant,1,0,2.0,0.48116497881797254,0.5675524973677364,0.10119270978754052,23.407930323967804,15.232476606207168,0.10119270978754052,nan
normalized-crossfit,NCJT-gmix-5d-K5-uneq,gauss_mixture,5,far,NCJT-gmix-5d-K5-uneq/far,2,0.0073078023029014005,0.03606285635439888,1.0,0.02999999999999997,0.12890625,0.17120490491507548,111,0,0,0,2150400,2155776,0,0.26489640001091175,0.7907720880147966,0.9159973901390858,0.35,0.0525,0.0,0.0,constant,1,0,2.0,0.40415754433939854,0.5687393065779811,0.13225681157647795,24.34523832719682,16.955677630064084,0.13225681157647795,nan
normalized-crossfit,NCJT-gmix-5d-K5-uneq,gauss_mixture,5,far,NCJT-gmix-5d-K5-uneq/far,3,0.007848229172406462,0.040410744639161784,1.0,0.10833333333333334,0.0966796875,0.13891487647890272,96,0,0,0,2150400,2155776,0,0.2540414000104647,0.8090815991299656,0.9321087948712126,0.35,0.0525,0.0,0.0,constant,1,0,2.0,0.4784537699996483,0.5445696579814989,0.12292502478847203,24.313027277796593,14.333491707701697,0.12292502478847203,nan
normalized-crossfit,NCJT-gmix-5d-K5-uneq,gauss_mixture,5,far,NCJT-gmix-5d-K5-uneq/far,4,0.00835470506999103,0.040461988321864435,1.0,0.11833333333333332,0.1015625,0.1461188800646789,100,0,0,0,2150400,2155776,0,0.25801450001017656,0.8030652890837425,0.9302465547108224,0.35,0.0525,0.0,0.0,constant,1,0,2.0,0.39104373705488255,0.5725370787914184,0.12849267102040196,25.254566500656658,14.767272861830476,0.12849267102040196,nan
normalized-crossfit,NCJT-gmix-5d-K5-uneq,gauss_mixture,5,far,NCJT-gmix-5d-K5-uneq/far,5,0.009127418963396527,0.045158116767908055,1.0,0.10666666666666667,0.0986328125,0.11212318922593195,93,0,0,0,2150400,2155776,0,0.26062659999297466,0.8047877311507364,0.9227857307100419,0.35,0.0525,0.0,0.0,constant,1,0,2.0,0.39539336790417995,0.544044540608159,0.09963259930269305,23.041679571649574,15.893414259218236,0.09963259930269305,nan
paper,NCJT-gmix-5d-K5-uneq,gauss_mixture,5,concentrated,NCJT-gmix-5d-K5-uneq/concentrated,0,0.008110011991152355,0.038801023242793234,1.0,0.1066666666666666,0.0458984375,0.0778179735581346,240,0,0,0,2150400,2155776,0,0.2609789999987697,0.8875728142106396,1.0344815939627785,0.35,0.0525,0.0,0.0,paper,0,1,,0.3692973652981701,0.5644245601711101,0.09700024402326678,24.37251455255113,19.64060285607529,0.05235031098268437,nan
paper,NCJT-gmix-5d-K5-uneq,gauss_mixture,5,concentrated,NCJT-gmix-5d-K5-uneq/concentrated,1,0.008998920346976025,0.03751723657564763,0.8,0.21500000000000002,0.05078125,0.07926304044435258,225,0,0,0,2150400,2155776,0,0.2621614999952726,0.8964246875499552,1.0317473360750244,0.35,0.0525,0.0,0.0,paper,0,1,,0.3806158632905889,0.5405496668266557,0.11094509690606053,24.049106440048984,21.47947167204852,0.05849158377035418,nan
paper,NCJT-gmix-5d-K5-uneq,gauss_mixture,5,concentrated,NCJT-gmix-5d-K5-uneq/concentrated,2,0.011176880052340632,0.04376074747766235,1.0,0.10666666666666666,0.0341796875,0.07008239539427438,227,0,0,0,2150400,2155776,0,0.2597620000015013,0.8963669427437156,1.0358830254753062,0.35,0.0525,0.0,0.0,paper,0,1,,0.3547813241051249,0.5720121637189854,0.09610498945999763,26.47297016862505,19.889765232157984,0.05766047814797576,nan
paper,NCJT-gmix-5d-K5-uneq,gauss_mixture,5,concentrated,NCJT-gmix-5d-K5-uneq/concentrated,3,0.007926626707615014,0.037021490192357724,1.0,0.13166666666666665,0.041015625,0.0808556659522458,238,0,0,0,2150400,2155776,0,0.2524061000003712,0.8944500498390341,1.0381543080985896,0.35,0.0525,0.0,0.0,paper,0,1,,0.3822046897665471,0.5356411158911688,0.11580725159696548,22.206290330589297,20.524787145420035,0.05803719585920169,nan
paper,NCJT-gmix-5d-K5-uneq,gauss_mixture,5,concentrated,NCJT-gmix-5d-K5-uneq/concentrated,4,0.009693239283907085,0.04063898320750828,1.0,0.14833333333333337,0.0390625,0.06037340511405375,245,0,0,0,2150400,2155776,0,0.2565778999996837,0.8734661508469888,1.0060501160001203,0.35,0.0525,0.0,0.0,paper,0,1,,0.35830979393141005,0.5496828150423925,0.10846294359612096,26.587240138276726,20.601920745408947,0.055252736228443816,nan
paper,NCJT-gmix-5d-K5-uneq,gauss_mixture,5,concentrated,NCJT-gmix-5d-K5-uneq/concentrated,5,0.008959464064966616,0.03836359622720496,1.0,0.21500000000000002,0.0400390625,0.045760615650776666,220,0,0,0,2150400,2155776,0,0.25551329999871086,0.8963085188819289,1.026128499946159,0.35,0.0525,0.0,0.0,paper,0,1,,0.40220438476101517,0.5489049399184573,0.07630989192891785,27.627884571448252,20.956465668136055,0.040851775227067025,nan
normalized-only,NCJT-gmix-5d-K5-uneq,gauss_mixture,5,concentrated,NCJT-gmix-5d-K5-uneq/concentrated,0,0.03439809606423494,0.08630118823340707,1.0,0.07666666666666669,0.0419921875,0.13957232484137425,110,0,0,0,2150400,2155776,0,0.2617099000053713,1.1498153123705894,1.3401297989977112,0.35,0.0525,0.0,0.0,constant,0,1,2.0,0.15771138222528353,0.5003881825157613,0.10534361831568613,22.279721908482337,18.512357329613,0.10534361831568613,nan
normalized-only,NCJT-gmix-5d-K5-uneq,gauss_mixture,5,concentrated,NCJT-gmix-5d-K5-uneq/concentrated,1,0.034361706690139604,0.08504319130055103,1.0,0.10166666666666668,0.0380859375,0.14725395665034732,104,0,0,0,2150400,2155776,0,0.25361010000051465,1.1806333692308675,1.3588596459949083,0.35,0.0525,0.0,0.0,constant,0,1,2.0,0.14625325081507898,0.4789895025101628,0.10950551358087622,22.476075478679704,18.93802460017207,0.10950551358087622,nan
normalized-only,NCJT-gmix-5d-K5-uneq,gauss_mixture,5,concentrated,NCJT-gmix-5d-K5-uneq/concentrated,2,0.03290662704805358,0.08139844371189366,1.0,0.07666666666666669,0.017578125,0.15549021304594215,107,0,0,0,2150400,2155776,0,0.2618098000093596,1.1498883602389787,1.328864080950115,0.35,0.0525,0.0,0.0,constant,0,1,2.0,0.14415290216650206,0.5538068416311458,0.0954454276054624,25.142540898990603,17.96311657318619,0.0954454276054624,nan
normalized-only,NCJT-gmix-5d-K5-uneq,gauss_mixture,5,concentrated,NCJT-gmix-5d-K5-uneq/concentrated,3,0.03787466091358338,0.0971860923191694,1.0,0.07666666666666666,0.025390625,0.15443152281097602,110,0,0,0,2150400,2155776,0,0.25966429999971297,1.1920552050601145,1.383573344142821,0.35,0.0525,0.0,0.0,constant,0,1,2.0,0.1286028461893875,0.4429960342580494,0.11957241669723907,23.364295254559508,18.533626202716356,0.11957241669723907,nan
normalized-only,NCJT-gmix-5d-K5-uneq,gauss_mixture,5,concentrated,NCJT-gmix-5d-K5-uneq/concentrated,4,0.034712949214341204,0.08630261924414812,1.0,0.07666666666666669,0.0302734375,0.11877701721041369,116,0,0,0,2150400,2155776,0,0.2577162999950815,1.176644348951905,1.3552479195742964,0.35,0.0525,0.0,0.0,constant,0,1,2.0,0.15909452204234242,0.5281367235305753,0.10948209301187269,25.116260142064434,18.683755803309978,0.10948209301187269,nan
normalized-only,NCJT-gmix-5d-K5-uneq,gauss_mixture,5,concentrated,NCJT-gmix-5d-K5-uneq/concentrated,5,0.033813420545536044,0.08069321817548604,1.0,0.060000000000000026,0.013671875,0.08383062368638869,102,0,0,0,2150400,2155776,0,0.28402389999246225,1.180910850349728,1.3519522060898053,0.35,0.0525,0.0,0.0,constant,0,1,2.0,0.17420062236135064,0.4969632075004399,0.07218952350962038,22.06834816115736,18.128778768677222,0.07218952350962038,nan
abc,NCJT-gmix-5d-K5-uneq,gauss_mixture,5,concentrated,NCJT-gmix-5d-K5-uneq/concentrated,0,0.03718690420967663,0.09032678811236408,1.0,0.07666666666666669,0.0419921875,0.13991947489471038,109,0,0,0,2150400,2155776,0,0.2769325999979628,1.1688156887614491,1.362275069042051,0.35,0.0525,0.0,0.0,abc,0,1,2.0,0.15447640313887118,0.506825085395903,0.10799332255054243,22.11603935200816,18.754852903065895,0.10844528902924164,nan
abc,NCJT-gmix-5d-K5-uneq,gauss_mixture,5,concentrated,NCJT-gmix-5d-K5-uneq/concentrated,1,0.03662114760309709,0.08854930044483639,1.0,0.10166666666666668,0.037109375,0.14965885935276232,103,0,0,0,2150400,2155776,0,0.2594505999877583,1.193475885133106,1.373640844855964,0.35,0.0525,0.0,0.0,abc,0,1,2.0,0.14333259392218667,0.47685171923571407,0.11363208624888152,21.631051722042137,18.88100484522333,0.113249276688484,nan
abc,NCJT-gmix-5d-K5-uneq,gauss_mixture,5,concentrated,NCJT-gmix-5d-K5-uneq/concentrated,2,0.03500954124944933,0.08556210071401743,1.0,0.07666666666666669,0.0146484375,0.15509983542984293,105,0,0,0,2150400,2155776,0,0.2642846999951871,1.162583031333592,1.343534628996711,0.35,0.0525,0.0,0.0,abc,0,1,2.0,0.14698057633089598,0.5641944657540496,0.09779856095642278,25.117977777767564,18.02572182468145,0.09670065127425354,nan
abc,NCJT-gmix-5d-K5-uneq,gauss_mixture,5,concentrated,NCJT-gmix-5d-K5-uneq/concentrated,3,0.04034438690446929,0.10085994728090007,1.0,0.10166666666666668,0.0234375,0.15479853751009928,109,0,0,0,2150400,2155776,0,0.26429570000618696,1.2035326357339844,1.396894763379284,0.35,0.0525,0.0,0.0,abc,0,1,2.0,0.11606389151076836,0.4451855854087027,0.11811820292129967,23.269073685071294,18.545247534097044,0.11925899846391497,nan
abc,NCJT-gmix-5d-K5-uneq,gauss_mixture,5,concentrated,NCJT-gmix-5d-K5-uneq/concentrated,4,0.03717078919820782,0.0904938848779516,1.0,0.1016666666666667,0.029296875,0.11857057125250531,115,0,0,0,2150400,2155776,0,0.27209949999814853,1.1941935505362489,1.37546092527866,0.35,0.0525,0.0,0.0,abc,0,1,2.0,0.1514772913626149,0.5400889607300363,0.11345691497163027,24.922584893979156,18.77944177779831,0.11105156948395045,nan
abc,NCJT-gmix-5d-K5-uneq,gauss_mixture,5,concentrated,NCJT-gmix-5d-K5-uneq/concentrated,5,0.03604874772219091,0.08444380566297416,1.0,0.060000000000000026,0.0166015625,0.08616662117512917,100,0,0,0,2150400,2155776,0,0.26592890000029,1.1923972075234974,1.3651022300026299,0.35,0.0525,0.0,0.0,abc,0,1,2.0,0.1697018263080726,0.4822756051344471,0.07168681663760074,22.315999165922538,18.26734881204635,0.07207556499298766,nan
normalized-crossfit,NCJT-gmix-5d-K5-uneq,gauss_mixture,5,concentrated,NCJT-gmix-5d-K5-uneq/concentrated,0,0.007659470366415233,0.038903016025685876,1.0,0.07666666666666666,0.123046875,0.1833514926948447,128,0,0,0,2150400,2155776,0,0.2585271999996621,0.7943925373536996,0.9258783562502901,0.35,0.0525,0.0,0.0,constant,1,0,2.0,0.4100500006868718,0.5477881607771395,0.16535089879335627,22.65101184053219,14.883931634769151,0.16535089879335627,nan
normalized-crossfit,NCJT-gmix-5d-K5-uneq,gauss_mixture,5,concentrated,NCJT-gmix-5d-K5-uneq/concentrated,1,0.008528654536300584,0.04200573266254002,1.0,0.13166666666666665,0.1162109375,0.16679014050190888,117,0,0,0,2150400,2155776,0,0.2647566999949049,0.796994724143609,0.9173076053365534,0.35,0.0525,0.0,0.0,constant,1,0,2.0,0.45988268708630337,0.5519510740316219,0.1296804611829762,23.26238521611422,15.906329253386238,0.1296804611829762,nan
normalized-crossfit,NCJT-gmix-5d-K5-uneq,gauss_mixture,5,concentrated,NCJT-gmix-5d-K5-uneq/concentrated,2,0.009634179636501816,0.043626935190740325,1.0,0.13166666666666665,0.111328125,0.13154661383750318,120,0,0,0,2150400,2155776,0,0.26707210000313353,0.8033577753174133,0.9283973372418833,0.35,0.0525,0.0,0.0,constant,1,0,2.0,0.4084357060704961,0.577345441690289,0.0812054080582569,25.974842050995722,15.53163074159248,0.0812054080582569,nan
normalized-crossfit,NCJT-gmix-5d-K5-uneq,gauss_mixture,5,concentrated,NCJT-gmix-5d-K5-uneq/concentrated,3,0.008349653322526462,0.04160967871742253,1.0,0.0766666666666666,0.12109375,0.11790285732190534,126,0,0,0,2150400,2155776,0,0.25714180000068154,0.7860600209142109,0.9123501052775531,0.35,0.0525,0.0,0.0,constant,1,0,2.0,0.4467169282857847,0.5824967856516594,0.09906197645275462,22.61984942312873,15.254875064677513,0.09906197645275462,nan
normalized-crossfit,NCJT-gmix-5d-K5-uneq,gauss_mixture,5,concentrated,NCJT-gmix-5d-K5-uneq/concentrated,4,0.009407137748743688,0.043491482849772195,1.0,0.10666666666666666,0.0986328125,0.14557438918630286,129,0,0,0,2150400,2155776,0,0.2574622000101954,0.7940740389165223,0.9146070264886504,0.35,0.0525,0.0,0.0,constant,1,0,2.0,0.412883143446092,0.575057128715033,0.13186023367395736,25.666798035277274,16.112154479185524,0.13186023367395736,nan
normalized-crossfit,NCJT-gmix-5d-K5-uneq,gauss_mixture,5,concentrated,NCJT-gmix-5d-K5-uneq/concentrated,5,0.009080233265950532,0.0448538119498669,1.0,0.09000000000000001,0.107421875,0.11247291119553882,111,0,0,0,2150400,2155776,0,0.25278210001124535,0.7986611688487725,0.9143380542431215,0.35,0.0525,0.0,0.0,constant,1,0,2.0,0.4493584920522007,0.5746860246063816,0.09286754706289117,24.178245704521927,15.980816926931528,0.09286754706289117,nan
paper,NCJT-gmix-2d-overlap,gauss_mixture,2,covered,NCJT-gmix-2d-overlap/covered,0,0.005051123246288092,0.03695977741775562,1.0,0.041666666666666685,0.787109375,0.04694914503977842,1,0,0,0,2150400,2155776,0,0.21511540000210516,0.6187248415161621,1.1506228021908123,0.35,0.0525,0.0,0.0,paper,0,1,,0.21852783657885966,0.5723470358579377,0.08214587716318024,42.49384046291347,28.081990529065774,0.048824747001772376,nan
paper,NCJT-gmix-2d-overlap,gauss_mixture,2,covered,NCJT-gmix-2d-overlap/covered,1,0.0048160662681431265,0.034677425964222866,1.0,0.041666666666666685,0.8125,0.022097106762053006,1,0,0,0,2150400,2155776,0,0.2178801999980351,0.6281067738127324,1.1586358045411405,0.35,0.0525,0.0,0.0,paper,0,1,,0.23321866483074433,0.593004914583456,0.03748303972991843,39.8478170195673,28.96898934049745,0.018895987989603416,nan
paper,NCJT-gmix-2d-overlap,gauss_mixture,2,covered,NCJT-gmix-2d-overlap/covered,2,0.005238539578345747,0.037638557147525904,1.0,0.0,0.794921875,0.02056783508199001,1,0,0,0,2150400,2155776,0,0.21783600001072045,0.633937031894911,1.179275644533997,0.35,0.0525,0.0,0.0,paper,0,1,,0.21315446731146903,0.5878724003774092,0.032972184199750704,39.544108746406565,28.985470026942725,0.017915366607136593,nan
paper,NCJT-gmix-2d-overlap,gauss_mixture,2,covered,NCJT-gmix-2d-overlap/covered,3,0.006025478646199511,0.04038611439058047,1.0,0.041666666666666685,0.8212890625,0.032155326256502886,1,0,0,0,2150400,2155776,0,0.21313409999129362,0.6310251889423955,1.190982040280551,0.35,0.0525,0.0,0.0,paper,0,1,,0.26427064594007543,0.6112927082392934,0.05253373825381181,38.71100185954905,29.03136138472955,0.03010233734201911,nan
paper,NCJT-gmix-2d-overlap,gauss_mixture,2,covered,NCJT-gmix-2d-overlap/covered,4,0.005049531517861694,0.036007943454820605,1.0,0.08333333333333337,0.79296875,0.020418336901640487,1,0,0,0,2150400,2155776,0,0.20991910000157077,0.6231310541909184,1.1676627037785696,0.35,0.0525,0.0,0.0,paper,0,1,,0.27927788523905844,0.6026043316928245,0.03044177557478172,38.0840534940153,28.566174984160767,0.016730173264375446,nan
paper,NCJT-gmix-2d-overlap,gauss_mixture,2,covered,NCJT-gmix-2d-overlap/covered,5,0.005031994018160124,0.03614767394274737,1.0,0.041666666666666685,0.798828125,0.022540454726729966,1,0,0,0,2150400,2155776,0,0.21311299999069888,0.6295520142651554,1.1654112685945057,0.35,0.0525,0.0,0.0,paper,0,1,,0.2645460344669469,0.6044685848000373,0.0386750914370635,37.56309791658131,28.75656730763646,0.02115270536304276,nan
normalized-only,NCJT-gmix-2d-overlap,gauss_mixture,2,covered,NCJT-gmix-2d-overlap/covered,0,0.00809779708697822,0.050735428616125636,1.0,0.041666666666666685,0.787109375,0.0911011447209487,1,0,0,0,2150400,2155776,0,0.20973420000518672,0.6932711642092689,1.2892542146616215,0.35,0.0525,0.0,0.0,constant,0,1,2.0,0.1578383522389956,0.5743841003620348,0.08483073579847634,42.54767544479347,27.649076314706612,0.08483073579847634,nan
normalized-only,NCJT-gmix-2d-overlap,gauss_mixture,2,covered,NCJT-gmix-2d-overlap/covered,1,0.0073864128523915,0.048037219760017964,1.0,0.08333333333333331,0.81640625,0.05524055920683198,1,0,0,0,2150400,2155776,0,0.21597160000237636,0.7015342187985761,1.2940835824406642,0.35,0.0525,0.0,0.0,constant,0,1,2.0,0.1534313363846477,0.5996621391069817,0.03758907220184404,39.98465964778262,28.57033240096485,0.03758907220184404,nan
normalized-only,NCJT-gmix-2d-overlap,gauss_mixture,2,covered,NCJT-gmix-2d-overlap/covered,2,0.009376061926499979,0.05707912758802474,1.0,0.0,0.8154296875,0.06815046231138719,1,0,0,0,2150400,2155776,0,0.2162867000006372,0.7508989677921144,1.3968530306173257,0.35,0.0525,0.0,0.0,constant,0,1,2.0,0.13388692528667598,0.5878436574644427,0.03255929557682475,39.08569692593682,28.206410460997283,0.03255929557682475,nan
normalized-only,NCJT-gmix-2d-overlap,gauss_mixture,2,covered,NCJT-gmix-2d-overlap/covered,3,0.009206255655281326,0.055415845385168284,1.0,0.041666666666666685,0.8125,0.07347211276514364,1,0,0,0,2150400,2155776,0,0.2211310999991838,0.7152187183377536,1.3498869194752514,0.35,0.0525,0.0,0.0,constant,0,1,2.0,0.21170059722328666,0.6027732195107203,0.05386020669198899,38.86981177361709,28.343107132105104,0.05386020669198899,nan
normalized-only,NCJT-gmix-2d-overlap,gauss_mixture,2,covered,NCJT-gmix-2d-overlap/covered,4,0.010888940197834596,0.06519342831831057,1.0,0.0,0.80859375,0.05691813164025492,1,0,0,0,2150400,2155776,0,0.21296049999364186,0.7725976483045617,1.4477427386821717,0.35,0.0525,0.0,0.0,constant,0,1,2.0,0.16997957973455577,0.5941104672298468,0.03184630643237024,37.53207026593544,27.42198660842795,0.03184630643237024,nan
normalized-only,NCJT-gmix-2d-overlap,gauss_mixture,2,covered,NCJT-gmix-2d-overlap/covered,5,0.010299850210229944,0.06361070945835723,1.0,0.041666666666666685,0.8076171875,0.05803754638035589,1,0,0,0,2150400,2155776,0,0.21446950000245124,0.7896378355852338,1.4617582198887447,0.35,0.0525,0.0,0.0,constant,0,1,2.0,0.27133364017636913,0.6129928190677361,0.03972843520905482,37.46824338123584,27.81270628635315,0.03972843520905482,nan
abc,NCJT-gmix-2d-overlap,gauss_mixture,2,covered,NCJT-gmix-2d-overlap/covered,0,0.008207705070596205,0.05152125181229869,1.0,0.041666666666666685,0.78515625,0.09522268940995005,1,0,0,0,2150400,2155776,0,0.23190899999463,0.695493619363204,1.2933872434417457,0.35,0.0525,0.0,0.0,abc,0,1,2.0,0.14849635419197016,0.5782746361337296,0.08364004499590436,42.497236848684324,27.633336386925336,0.08405363986620047,nan
abc,NCJT-gmix-2d-overlap,gauss_mixture,2,covered,NCJT-gmix-2d-overlap/covered,1,0.007572359864951528,0.0488557973703727,1.0,0.08333333333333331,0.8232421875,0.060679866699218356,1,0,0,0,2150400,2155776,0,0.2268019000039203,0.7061263623370849,1.302554470106803,0.35,0.0525,0.0,0.0,abc,0,1,2.0,0.1477617572387441,0.6004399711104693,0.03823644954130268,40.18791946767828,28.64311590589851,0.0387197328599899,nan
abc,NCJT-gmix-2d-overlap,gauss_mixture,2,covered,NCJT-gmix-2d-overlap/covered,2,0.009637552777291725,0.0583004975853018,1.0,0.041666666666666685,0.8115234375,0.0755373672475116,1,0,0,0,2150400,2155776,0,0.22197220000089146,0.7552843738542778,1.4050109426816242,0.35,0.0525,0.0,0.0,abc,0,1,2.0,0.1261917819851122,0.5911297884931803,0.0319144213702008,39.22321490942902,28.2262338475179,0.03229707528147242,nan
abc,NCJT-gmix-2d-overlap,gauss_mixture,2,covered,NCJT-gmix-2d-overlap/covered,3,0.009381476091937735,0.05634419328114321,1.0,0.041666666666666685,0.8154296875,0.07502501724462128,1,0,0,0,2150400,2155776,0,0.23303689999738708,0.7175265722065779,1.35424270836851,0.35,0.0525,0.0,0.0,abc,0,1,2.0,0.19667887108122512,0.6028967367683132,0.05432994528820448,38.84482113045169,28.481333491358217,0.053781358091574805,nan
abc,NCJT-gmix-2d-overlap,gauss_mixture,2,covered,NCJT-gmix-2d-overlap/covered,4,0.010982161610980534,0.06567630984713284,1.0,0.0,0.8095703125,0.05971302057831414,1,0,0,0,2150400,2155776,0,0.2413253000122495,0.7723354332476683,1.4472513833882181,0.35,0.0525,0.0,0.0,abc,0,1,2.0,0.16831539658642622,0.5956603215382135,0.03223928386806592,37.45756605848014,27.48825064003085,0.03206729343079269,nan
abc,NCJT-gmix-2d-overlap,gauss_mixture,2,covered,NCJT-gmix-2d-overlap/covered,5,0.01050571590284799,0.06485060476524462,1.0,0.0,0.8095703125,0.06090815172844024,1,0,0,0,2150400,2155776,0,0.22570439999981318,0.7906308672031993,1.4635964956966592,0.35,0.0525,0.0,0.0,abc,0,1,2.0,0.25835324876859916,0.6142251230029827,0.039965052381716354,37.49087823737135,27.984477762170812,0.039552952331989376,nan
normalized-crossfit,NCJT-gmix-2d-overlap,gauss_mixture,2,covered,NCJT-gmix-2d-overlap/covered,0,0.002280161376108536,0.02694847157004704,1.0,0.041666666666666685,0.8466796875,0.17245945367893536,1,0,0,0,2150400,2155776,0,0.24285120000422467,0.5254739646664706,0.9772071284890482,0.35,0.0525,0.0,0.0,constant,1,0,2.0,0.35571090121052285,0.5667127094386097,0.15456760428304364,43.07641253151645,28.87634184199326,0.15456760428304364,nan
normalized-crossfit,NCJT-gmix-2d-overlap,gauss_mixture,2,covered,NCJT-gmix-2d-overlap/covered,1,0.0028145890782045324,0.03331355615717668,1.0,0.041666666666666685,0.8515625,0.0438186759088103,1,0,0,0,2150400,2155776,0,0.22106550000899006,0.5089713853182084,0.9388729673092201,0.35,0.0525,0.0,0.0,constant,1,0,2.0,0.39554270585661816,0.5658626504033779,0.024991539059644845,40.72145985124133,28.530068122112542,0.024991539059644845,nan
normalized-crossfit,NCJT-gmix-2d-overlap,gauss_mixture,2,covered,NCJT-gmix-2d-overlap/covered,2,0.0023928077723284202,0.030306455807028388,1.0,0.0,0.8720703125,0.07890632907756495,1,0,0,0,2150400,2155776,0,0.2104449000034947,0.5098407587580016,0.9484266719627661,0.35,0.0525,0.0,0.0,constant,1,0,2.0,0.40183529959259123,0.5486593365004044,0.05447798551842499,40.288965314534906,29.7911925786723,0.05447798551842499,nan
normalized-crossfit,NCJT-gmix-2d-overlap,gauss_mixture,2,covered,NCJT-gmix-2d-overlap/covered,3,0.0022009052438910492,0.02350630497251458,1.0,0.041666666666666685,0.8720703125,0.10041834109221798,1,0,0,0,2150400,2155776,0,0.2130448000098113,0.5220875036241054,0.9853756255171913,0.35,0.0525,0.0,0.0,constant,1,0,2.0,0.38097567971183854,0.5791786843586657,0.09081038913070716,39.944369399817546,27.000492490005755,0.09081038913070716,nan
normalized-crossfit,NCJT-gmix-2d-overlap,gauss_mixture,2,covered,NCJT-gmix-2d-overlap/covered,4,0.0020243591816868634,0.02657204531829521,1.0,0.08333333333333331,0.8369140625,0.10616394057957985,1,0,0,0,2150400,2155776,0,0.2159854999918025,0.514933396185569,0.9649150329004512,0.35,0.0525,0.0,0.0,constant,1,0,2.0,0.39902620438773034,0.5780389773929173,0.08573601219565882,39.3964146404233,29.666729340539586,0.08573601219565882,nan
normalized-crossfit,NCJT-gmix-2d-overlap,gauss_mixture,2,covered,NCJT-gmix-2d-overlap/covered,5,0.002086626007499204,0.028662153765027586,1.0,0.0,0.8583984375,0.07425661530001225,1,0,0,0,2150400,2155776,0,0.21602190000703558,0.5151176342830279,0.9535731473211349,0.35,0.0525,0.0,0.0,constant,1,0,2.0,0.4293670095320353,0.5862546651864817,0.055693805916926034,38.48400506311394,28.180026166328908,0.055693805916926034,nan
paper,NCJT-gmix-2d-overlap,gauss_mixture,2,missing,NCJT-gmix-2d-overlap/missing,0,0.005973437462734599,0.04010750492314598,1.0,0.041666666666666685,0.8115234375,0.04572381887322521,23,0,0,0,2150400,2155776,0,0.20246149999729823,0.6153783359547446,1.1552883184460694,0.35,0.0525,0.0,0.0,paper,0,1,,0.22712378999799598,0.5880786309899102,0.07631152778749414,37.43166906897318,28.34206713032771,0.0411084304955865,nan
paper,NCJT-gmix-2d-overlap,gauss_mixture,2,missing,NCJT-gmix-2d-overlap/missing,1,0.004565767930850839,0.03395900405454062,1.0,0.0,0.8125,0.034910276718624914,29,0,0,0,2150400,2155776,0,0.20734629999788012,0.6190958722894181,1.144974468174999,0.35,0.0525,0.0,0.0,paper,0,1,,0.2873153738694504,0.5644837510503864,0.05702165281702582,38.58251078082246,28.666593356247034,0.028930248207707336,nan
paper,NCJT-gmix-2d-overlap,gauss_mixture,2,missing,NCJT-gmix-2d-overlap/missing,2,0.0060636023227914615,0.03943158692947511,1.0,0.041666666666666685,0.8271484375,0.02381619110610863,34,0,0,0,2150400,2155776,0,0.20951540001260582,0.6128526868078848,1.1571498648477208,0.35,0.0525,0.0,0.0,paper,0,1,,0.24053784497655342,0.5932155351130979,0.031744293809327154,37.9253411999088,30.39242799126344,0.020216922780831776,nan
paper,NCJT-gmix-2d-overlap,gauss_mixture,2,missing,NCJT-gmix-2d-overlap/missing,3,0.0051019359157312705,0.0357764421689699,1.0,0.0,0.814453125,0.03040603064212818,25,0,0,0,2150400,2155776,0,0.20529790000000503,0.621252801409151,1.1656369627538614,0.35,0.0525,0.0,0.0,paper,0,1,,0.25081822172221063,0.6046676123748915,0.05299485433083266,37.308229047458866,28.54449056216091,0.028736569435119673,nan
paper,NCJT-gmix-2d-overlap,gauss_mixture,2,missing,NCJT-gmix-2d-overlap/missing,4,0.004467859019387288,0.032421487956325636,1.0,0.041666666666666685,0.8125,0.06598377015878575,19,0,0,0,2150400,2155776,0,0.20459609999670647,0.6023713330158533,1.1389350439395807,0.35,0.0525,0.0,0.0,paper,0,1,,0.25873402422609804,0.5938776969960349,0.11450636398546067,39.39930751180994,28.95365590385458,0.06521331547173263,nan
paper,NCJT-gmix-2d-overlap,gauss_mixture,2,missing,NCJT-gmix-2d-overlap/missing,5,0.0060300622475812915,0.03913620797659554,1.0,0.08333333333333337,0.7998046875,0.01997893828374966,21,0,0,0,2150400,2155776,0,0.22188950001145713,0.6304810308641046,1.1828257634638895,0.35,0.0525,0.0,0.0,paper,0,1,,0.205769417223165,0.6007929076564189,0.03483415973262438,38.78326344451824,28.39232125261049,0.016984121861804057,nan
normalized-only,NCJT-gmix-2d-overlap,gauss_mixture,2,missing,NCJT-gmix-2d-overlap/missing,0,0.012389429659807716,0.07138060961028024,1.0,0.041666666666666685,0.826171875,0.10772646573882207,14,0,0,0,2150400,2155776,0,0.20210199999564793,0.7742598856089454,1.4535666093893602,0.35,0.0525,0.0,0.0,constant,0,1,2.0,0.12474741564856559,0.5798773054137409,0.07638166808248574,37.5073876165998,27.438851468894427,0.07638166808248574,nan
normalized-only,NCJT-gmix-2d-overlap,gauss_mixture,2,missing,NCJT-gmix-2d-overlap/missing,1,0.011667530047165808,0.06792409025921296,1.0,0.041666666666666685,0.8125,0.07271032602011887,17,0,0,0,2150400,2155776,0,0.205885200004559,0.8056797354932381,1.4900482590110005,0.35,0.0525,0.0,0.0,constant,0,1,2.0,0.17500511198128582,0.562873127669081,0.057899603011333595,39.04149325647394,26.98580334823713,0.057899603011333595,nan
normalized-only,NCJT-gmix-2d-overlap,gauss_mixture,2,missing,NCJT-gmix-2d-overlap/missing,2,0.012179165100828282,0.0691620071508476,1.0,0.041666666666666685,0.845703125,0.07216455536380864,19,0,0,0,2150400,2155776,0,0.20239229999424424,0.7607387612738019,1.4363790413932747,0.35,0.0525,0.0,0.0,constant,0,1,2.0,0.09024856777634353,0.590932094464699,0.032556335052041044,37.84780274116321,28.081199784289495,0.032556335052041044,nan
normalized-only,NCJT-gmix-2d-overlap,gauss_mixture,2,missing,NCJT-gmix-2d-overlap/missing,3,0.011586149684434721,0.06726956412149762,1.0,0.0,0.8310546875,0.058889310728655886,14,0,0,0,2150400,2155776,0,0.20280709999497049,0.7675303733681137,1.4400929399510745,0.35,0.0525,0.0,0.0,constant,0,1,2.0,0.08107827859800995,0.6139665006004067,0.05684806496863868,36.96430946883433,27.190810810493364,0.05684806496863868,nan
normalized-only,NCJT-gmix-2d-overlap,gauss_mixture,2,missing,NCJT-gmix-2d-overlap/missing,4,0.009290751215179971,0.05677634903588936,1.0,0.0,0.845703125,0.12291020142902839,11,0,0,0,2150400,2155776,0,0.23110459999588784,0.7342779260742159,1.3883377514168518,0.35,0.0525,0.0,0.0,constant,0,1,2.0,0.1392271690918486,0.58937679417787,0.11770685615850782,38.876985468819974,28.148635104430486,0.11770685615850782,nan
normalized-only,NCJT-gmix-2d-overlap,gauss_mixture,2,missing,NCJT-gmix-2d-overlap/missing,5,0.012451766887631721,0.07000843315086828,1.0,0.041666666666666685,0.8095703125,0.05940684381223286,13,0,0,0,2150400,2155776,0,0.20894830000179354,0.7856261085165573,1.473888596346297,0.35,0.0525,0.0,0.0,constant,0,1,2.0,0.12686473630235287,0.6093713329791822,0.036591096872847235,38.616470100180706,27.420899252229376,0.036591096872847235,nan
abc,NCJT-gmix-2d-overlap,gauss_mixture,2,missing,NCJT-gmix-2d-overlap/missing,0,0.012710637794716817,0.07316020671496529,1.0,0.08333333333333337,0.826171875,0.10967667295514096,14,0,0,0,2150400,2155776,0,0.22168319999764208,0.7796596056696313,1.4637038422825377,0.35,0.0525,0.0,0.0,abc,0,1,2.0,0.12081717869689718,0.5844325580000074,0.07665492195722981,37.480841334402186,27.5606773292768,0.07561064723320549,nan
abc,NCJT-gmix-2d-overlap,gauss_mixture,2,missing,NCJT-gmix-2d-overlap/missing,1,0.011660821218381079,0.06810732185088679,1.0,0.041666666666666685,0.8134765625,0.07949265244374831,17,0,0,0,2150400,2155776,0,0.2242596999858506,0.7974751532395037,1.474874458598104,0.35,0.0525,0.0,0.0,abc,0,1,2.0,0.1520070599050835,0.5657023007287625,0.057200192325975036,39.3128185273815,27.041626302168822,0.05717479322479231,nan
abc,NCJT-gmix-2d-overlap,gauss_mixture,2,missing,NCJT-gmix-2d-overlap/missing,2,0.012618553550328482,0.07121698104181486,1.0,0.041666666666666685,0.83984375,0.07857453726867394,19,0,0,0,2150400,2155776,0,0.2304681000096025,0.767908692415039,1.449916854035109,0.35,0.0525,0.0,0.0,abc,0,1,2.0,0.082273815274252,0.5912529416520387,0.03295548826788365,38.017096586675706,28.093299886042914,0.032193108503593415,nan
abc,NCJT-gmix-2d-overlap,gauss_mixture,2,missing,NCJT-gmix-2d-overlap/missing,3,0.011965574038667715,0.06884563227471215,1.0,0.0,0.8310546875,0.06020287909378841,14,0,0,0,2150400,2155776,0,0.23060170000826474,0.7732242873546324,1.45077625049772,0.35,0.0525,0.0,0.0,abc,0,1,2.0,0.07848511533230343,0.6147048371219492,0.05701586810459847,37.01042742450437,27.249662835483846,0.056539905199905455,nan
abc,NCJT-gmix-2d-overlap,gauss_mixture,2,missing,NCJT-gmix-2d-overlap/missing,4,0.009757473044853082,0.05884270980767129,1.0,0.0,0.8427734375,0.12507019718733975,11,0,0,0,2150400,2155776,0,0.22988990000158083,0.7442387236645075,1.407171153372375,0.35,0.0525,0.0,0.0,abc,0,1,2.0,0.135223637711004,0.5882324487389539,0.11778552207697207,38.98029402834214,28.254082054497474,0.11667962633324416,nan
abc,NCJT-gmix-2d-overlap,gauss_mixture,2,missing,NCJT-gmix-2d-overlap/missing,5,0.012645075396106598,0.07099515364064472,1.0,0.041666666666666685,0.8115234375,0.06350381237635676,13,0,0,0,2150400,2155776,0,0.23197829999844544,0.7867058459423586,1.4759142579958848,0.35,0.0525,0.0,0.0,abc,0,1,2.0,0.11189675833747165,0.6098931048695837,0.03653004374672984,38.539271098709186,27.526094231919323,0.0368853105090981,nan
normalized-crossfit,NCJT-gmix-2d-overlap,gauss_mixture,2,missing,NCJT-gmix-2d-overlap/missing,0,0.0036096004448910035,0.03499352856998286,1.0,0.041666666666666685,0.8564453125,0.07750389023978872,15,0,0,0,2150400,2155776,0,0.21922410000115633,0.5217960196988012,0.9796003709399552,0.35,0.0525,0.0,0.0,constant,1,0,2.0,0.40036854307758313,0.5788946065430092,0.04842162168241371,38.57053324161225,28.52674177441448,0.04842162168241371,nan
normalized-crossfit,NCJT-gmix-2d-overlap,gauss_mixture,2,missing,NCJT-gmix-2d-overlap/missing,1,0.00278718782544507,0.0325667579730925,1.0,0.041666666666666685,0.8662109375,0.07018406459554348,18,0,0,0,2150400,2155776,0,0.210412999993423,0.5089439058204634,0.9412561187700429,0.35,0.0525,0.0,0.0,constant,1,0,2.0,0.37330280973433694,0.5808752481903792,0.051662192530830625,39.789824890600315,28.65737457555804,0.051662192530830625,nan
normalized-crossfit,NCJT-gmix-2d-overlap,gauss_mixture,2,missing,NCJT-gmix-2d-overlap/missing,2,0.0028318558490803003,0.030618435266609158,1.0,0.08333333333333331,0.8701171875,0.08971831754337256,20,0,0,0,2150400,2155776,0,0.21317259999341331,0.5079662941573222,0.9591099807246216,0.35,0.0525,0.0,0.0,constant,1,0,2.0,0.39170310473805847,0.5684991328037841,0.06306120774318599,38.95682300279039,30.24493610747901,0.06306120774318599,nan
normalized-crossfit,NCJT-gmix-2d-overlap,gauss_mixture,2,missing,NCJT-gmix-2d-overlap/missing,3,0.002660015877380628,0.029970344261387644,1.0,0.0,0.861328125,0.12356470531886357,15,0,0,0,2150400,2155776,0,0.20952679999754764,0.5165568030892754,0.9691991757253722,0.35,0.0525,0.0,0.0,constant,1,0,2.0,0.4003055323605616,0.5712243268168724,0.12169262103603586,39.71103046453513,28.763875912978854,0.12169262103603586,nan
normalized-crossfit,NCJT-gmix-2d-overlap,gauss_mixture,2,missing,NCJT-gmix-2d-overlap/missing,4,0.002035385426812364,0.026047811776537925,1.0,0.0,0.873046875,0.15062158894794916,12,0,0,0,2150400,2155776,0,0.20686579999164678,0.5057433153312961,0.9562353875393328,0.35,0.0525,0.0,0.0,constant,1,0,2.0,0.3942188008414161,0.5809561844190794,0.1418519683911961,39.411140936593995,28.60908145007222,0.1418519683911961,nan
normalized-crossfit,NCJT-gmix-2d-overlap,gauss_mixture,2,missing,NCJT-gmix-2d-overlap/missing,5,0.0023424058950891613,0.030579283867407412,1.0,0.041666666666666685,0.8681640625,0.10947334723655346,14,0,0,0,2150400,2155776,0,0.2130364000040572,0.5077952779463258,0.9526588555678257,0.35,0.0525,0.0,0.0,constant,1,0,2.0,0.4160743244448207,0.5705977997830571,0.07685127117141893,39.57356192283087,31.104505406832633,0.07685127117141893,nan
paper,NCJT-gmix-2d-overlap,gauss_mixture,2,far,NCJT-gmix-2d-overlap/far,0,6.053932203639717,1.9830110358304804,0.3333333333333333,1.3333333333333335,0.0068359375,0.01529750694051324,400,1,0,0,2150400,2155776,0,0.2123083000042243,0.4990731535165064,0.9522279615873339,0.35,0.0525,0.0,0.0,paper,0,1,,0.0008055189644757617,0.001605593212702671,3.357121871764665,43.69767380668398,41.22970734387116,0.005387779362281344,nan
paper,NCJT-gmix-2d-overlap,gauss_mixture,2,far,NCJT-gmix-2d-overlap/far,1,5.901189676900101,2.1240969260611804,0.3333333333333333,1.3333333333333335,0.0078125,0.016850065207428915,400,1,0,0,2150400,2155776,0,0.20990139999776147,0.5099057360145509,0.9376759970520759,0.35,0.0525,0.0,0.0,paper,0,1,,0.0006657487806712186,0.001583013620799023,3.4448796578535155,49.54066919388389,39.02962083682969,0.0054532044420657925,nan
paper,NCJT-gmix-2d-overlap,gauss_mixture,2,far,NCJT-gmix-2d-overlap/far,2,6.137730939952512,2.176816958327965,0.3333333333333333,1.3333333333333335,0.052734375,0.03240902735750249,400,1,0,0,2150400,2155776,0,0.20765789999859408,0.5990679624507927,1.100917438396627,0.35,0.0525,0.0,0.0,paper,0,1,,0.0006272157459108871,0.0010705590512842412,3.3660275414274405,31.720600359251613,41.72247081963343,0.0036022979645631585,nan
paper,NCJT-gmix-2d-overlap,gauss_mixture,2,far,NCJT-gmix-2d-overlap/far,3,5.914284035195733,2.033232542294965,0.3333333333333333,1.3333333333333335,0.0302734375,0.055017372689739545,400,1,0,0,2150400,2155776,0,0.21376459999009967,0.5897238659146963,1.080120524702643,0.35,0.0525,0.0,0.0,paper,0,1,,0.0005335854994278523,0.0013505629657191648,3.43658040865223,45.53249419010972,37.026495009825894,0.004641210162697644,nan
paper,NCJT-gmix-2d-overlap,gauss_mixture,2,far,NCJT-gmix-2d-overlap/far,4,5.984190309522285,2.6212922529532867,0.3333333333333333,1.2916666666666665,0.0361328125,0.016323327098368322,400,1,0,0,2150400,2155776,0,0.21694540001044516,0.6858964320555672,1.2422353167610547,0.35,0.0525,0.0,0.0,paper,0,1,,0.0006787507692299724,0.0010549399540026323,3.358462375950946,24.351958017053306,40.31063947736665,0.003543010068902566,nan
paper,NCJT-gmix-2d-overlap,gauss_mixture,2,far,NCJT-gmix-2d-overlap/far,5,5.754193288802368,2.2398315667992987,0.3333333333333333,1.2916666666666665,0.021484375,0.03769138728281732,400,1,0,0,2150400,2155776,0,0.21177750000788365,0.7155837112079337,1.3304719648936412,0.35,0.0525,0.0,0.0,paper,0,1,,0.0007616730451567426,0.0019126691012209518,3.2366576290023334,26.539158962871127,38.86811432636141,0.006190530223713339,nan
normalized-only,NCJT-gmix-2d-overlap,gauss_mixture,2,far,NCJT-gmix-2d-overlap/far,0,0.009609026326693915,0.058680207715276246,1.0,0.041666666666666685,0.8203125,0.09854195050010034,95,0,0,0,2150400,2155776,0,0.21141089999582618,0.7167536818883622,1.3675608328272821,0.35,0.0525,0.0,0.0,constant,0,1,2.0,0.17708391703751092,0.6008375062115314,0.0821817371538237,38.41956843972228,28.46874330667155,0.0821817371538237,nan
normalized-only,NCJT-gmix-2d-overlap,gauss_mixture,2,far,NCJT-gmix-2d-overlap/far,1,0.008339130292825292,0.05209744014325379,1.0,0.0,0.7998046875,0.06309358588453812,87,0,0,0,2150400,2155776,0,0.21615870000096038,0.7297725137023446,1.3419934726671097,0.35,0.0525,0.0,0.0,constant,0,1,2.0,0.13705306733433284,0.5935383088646276,0.04589410602745823,38.92153844663978,28.42788476479626,0.04589410602745823,nan
normalized-only,NCJT-gmix-2d-overlap,gauss_mixture,2,far,NCJT-gmix-2d-overlap/far,2,0.008443430054570489,0.05400992367097193,1.0,0.041666666666666685,0.8154296875,0.06932121222183575,85,0,0,0,2150400,2155776,0,0.2143902999960119,0.719732323275992,1.322664397593024,0.35,0.0525,0.0,0.0,constant,0,1,2.0,0.0881820029655543,0.6066204166976021,0.06340826933050828,35.01976818323399,28.097063271852452,0.06340826933050828,nan
normalized-only,NCJT-gmix-2d-overlap,gauss_mixture,2,far,NCJT-gmix-2d-overlap/far,3,0.008924367407443512,0.05569472760998767,1.0,0.08333333333333331,0.78515625,0.07222642967608887,86,0,0,0,2150400,2155776,0,0.21935739999753423,0.7495616185324493,1.3728745528222235,0.35,0.0525,0.0,0.0,constant,0,1,2.0,0.18258563785145446,0.5956064713938481,0.05185021160725662,39.943644941983116,28.105636811204327,0.05185021160725662,nan
normalized-only,NCJT-gmix-2d-overlap,gauss_mixture,2,far,NCJT-gmix-2d-overlap/far,4,0.00781763728397078,0.05092047721821571,1.0,0.041666666666666685,0.7978515625,0.06766325757144138,92,0,0,0,2150400,2155776,0,0.21454970000195317,0.7289134879997319,1.3201440266179947,0.35,0.0525,0.0,0.0,constant,0,1,2.0,0.10435036502551506,0.5832971146441588,0.03934171680058733,39.60326289250757,27.945749655583988,0.03934171680058733,nan
normalized-only,NCJT-gmix-2d-overlap,gauss_mixture,2,far,NCJT-gmix-2d-overlap/far,5,0.009115646162415225,0.056719255635422565,1.0,0.08333333333333331,0.8271484375,0.06119481889896525,94,0,0,0,2150400,2155776,0,0.21001340000657365,0.7414918309303811,1.378642467399403,0.35,0.0525,0.0,0.0,constant,0,1,2.0,0.12450562537186043,0.5946944622087389,0.04720685413529785,37.39616159229047,28.825426702131978,0.04720685413529785,nan
abc,NCJT-gmix-2d-overlap,gauss_mixture,2,far,NCJT-gmix-2d-overlap/far,0,0.009935800325743926,0.06026287031563226,1.0,0.041666666666666685,0.81640625,0.09991134387239631,95,0,0,0,2150400,2155776,0,0.21371609999914654,0.723406054016316,1.3802535106571512,0.35,0.0525,0.0,0.0,abc,0,1,2.0,0.16789392358458285,0.6013873396021023,0.08179760863079734,38.46544265997353,28.60029113938868,0.08125789663838902,nan
abc,NCJT-gmix-2d-overlap,gauss_mixture,2,far,NCJT-gmix-2d-overlap/far,1,0.00868044927424072,0.05381238339870002,1.0,0.0,0.7998046875,0.06498672868000026,87,0,0,0,2150400,2155776,0,0.22718669999449048,0.7374000068726612,1.3560198245167394,0.35,0.0525,0.0,0.0,abc,0,1,2.0,0.12358934053342661,0.592217391475133,0.04568114897949736,38.996616857748506,28.40828123818262,0.04573065311883791,nan
abc,NCJT-gmix-2d-overlap,gauss_mixture,2,far,NCJT-gmix-2d-overlap/far,2,0.008744568769455174,0.05554489339174369,1.0,0.041666666666666685,0.814453125,0.06905459632686499,85,0,0,0,2150400,2155776,0,0.22954830000526272,0.7258016634847573,1.3338181278777417,0.35,0.0525,0.0,0.0,abc,0,1,2.0,0.0837536903776071,0.6085303455892936,0.06146466540215119,34.92162274306361,28.18656603548701,0.06162082707636979,nan
abc,NCJT-gmix-2d-overlap,gauss_mixture,2,far,NCJT-gmix-2d-overlap/far,3,0.009157704416948631,0.05707923630798371,1.0,0.08333333333333331,0.783203125,0.07421491050268982,86,0,0,0,2150400,2155776,0,0.22113469999749213,0.7522978082382739,1.377886075725671,0.35,0.0525,0.0,0.0,abc,0,1,2.0,0.1636656271800206,0.5925665769228008,0.05453991034476857,39.94727747489446,28.17988604465148,0.053474931898183684,nan
abc,NCJT-gmix-2d-overlap,gauss_mixture,2,far,NCJT-gmix-2d-overlap/far,4,0.008145539875957342,0.05317597325182631,1.0,0.041666666666666685,0.798828125,0.07237376204336783,92,0,0,0,2150400,2155776,0,0.22091940000245813,0.7365208889293597,1.3339218823727232,0.35,0.0525,0.0,0.0,abc,0,1,2.0,0.09126521476754954,0.5844411686877432,0.038784824236601276,39.793565284915246,28.114767004398484,0.038261246326610106,nan
abc,NCJT-gmix-2d-overlap,gauss_mixture,2,far,NCJT-gmix-2d-overlap/far,5,0.009505016205275996,0.05847274480297612,1.0,0.08333333333333331,0.8232421875,0.06419099184246402,94,0,0,0,2150400,2155776,0,0.21528720000060275,0.7484799995615444,1.3916354440478198,0.35,0.0525,0.0,0.0,abc,0,1,2.0,0.11821394212643793,0.5930476801742823,0.045983243589497416,37.413140345750946,28.86288122442639,0.04733189579570405,nan
normalized-crossfit,NCJT-gmix-2d-overlap,gauss_mixture,2,far,NCJT-gmix-2d-overlap/far,0,0.002366252748816744,0.026589489979628813,1.0,0.041666666666666685,0.8525390625,0.12499565614315589,99,0,0,0,2150400,2155776,0,0.2220174000103725,0.5097256819224092,0.9725529086181073,0.35,0.0525,0.0,0.0,constant,1,0,2.0,0.3445844006198986,0.5750148425891042,0.11506013989733235,40.14431281043986,29.90830103921105,0.11506013989733235,nan
normalized-crossfit,NCJT-gmix-2d-overlap,gauss_mixture,2,far,NCJT-gmix-2d-overlap/far,1,0.0030110232712279306,0.03503427820081919,1.0,0.08333333333333331,0.8408203125,0.09012230492136447,91,0,0,0,2150400,2155776,0,0.20776170000317506,0.5081479199288279,0.9344435134097121,0.35,0.0525,0.0,0.0,constant,1,0,2.0,0.3863602105041612,0.5797218561136493,0.06973414190276703,40.283142979239315,30.28130982795171,0.06973414190276703,nan
normalized-crossfit,NCJT-gmix-2d-overlap,gauss_mixture,2,far,NCJT-gmix-2d-overlap/far,2,0.002564304272847928,0.030856379507000167,1.0,0.08333333333333337,0.8603515625,0.11719756468228539,89,0,0,0,2150400,2155776,0,0.20298030000412837,0.5185707446740847,0.9529863248210647,0.35,0.0525,0.0,0.0,constant,1,0,2.0,0.37573185084545846,0.6004315091719566,0.09753306772106923,36.01464900251612,29.04790165061074,0.09753306772106923,nan
normalized-crossfit,NCJT-gmix-2d-overlap,gauss_mixture,2,far,NCJT-gmix-2d-overlap/far,3,0.002952019325715427,0.031898252557091916,1.0,0.08333333333333331,0.8603515625,0.08678329648809625,90,0,0,0,2150400,2155776,0,0.23279499998898245,0.5108693345571708,0.9356929328958165,0.35,0.0525,0.0,0.0,constant,1,0,2.0,0.3427110902870534,0.5738254973240663,0.05910137570829435,41.00573294694469,28.31054085277958,0.05910137570829435,nan
normalized-crossfit,NCJT-gmix-2d-overlap,gauss_mixture,2,far,NCJT-gmix-2d-overlap/far,4,0.0023541792409700335,0.03208423699420739,1.0,0.08333333333333331,0.8369140625,0.07780363552535614,97,0,0,0,2150400,2155776,0,0.220039200008614,0.5097564882823489,0.9232261360431242,0.35,0.0525,0.0,0.0,constant,1,0,2.0,0.35169025031066303,0.5804685326705531,0.06105053154597995,42.23907308930293,29.74568011059592,0.06105053154597995,nan
normalized-crossfit,NCJT-gmix-2d-overlap,gauss_mixture,2,far,NCJT-gmix-2d-overlap/far,5,0.0021224865655706804,0.02842435592160389,1.0,0.041666666666666685,0.859375,0.0947972988440563,98,0,0,0,2150400,2155776,0,0.2130581999954302,0.5144119848236833,0.9564369807382722,0.35,0.0525,0.0,0.0,constant,1,0,2.0,0.38947703274503864,0.5901297517072344,0.07058871393637245,39.25761504950775,27.513998653694742,0.07058871393637245,nan
paper,NCJT-gmix-2d-overlap,gauss_mixture,2,concentrated,NCJT-gmix-2d-overlap/concentrated,0,0.0031413785719719423,0.030580231337899257,1.0,0.08333333333333337,0.814453125,0.026705645842428204,182,0,0,0,2150400,2155776,0,0.20841120000113733,0.5472738008607596,1.017621612946191,0.35,0.0525,0.0,0.0,paper,0,1,,0.3465453659537885,0.5757402891235056,0.04158394151909814,38.17871610028063,28.280114906956562,0.025721264331457307,nan
paper,NCJT-gmix-2d-overlap,gauss_mixture,2,concentrated,NCJT-gmix-2d-overlap/concentrated,1,0.0031238238408890506,0.02718771709886059,1.0,0.041666666666666685,0.83203125,0.029121043959011553,185,0,0,0,2150400,2155776,0,0.20826979998673778,0.5538915433737219,1.0555138287266206,0.35,0.0525,0.0,0.0,paper,0,1,,0.3426313074458567,0.5775694393203104,0.04418704687700971,37.231148336530495,28.893228201200728,0.025629527822765542,nan
paper,NCJT-gmix-2d-overlap,gauss_mixture,2,concentrated,NCJT-gmix-2d-overlap/concentrated,2,0.0031998010749779704,0.027356428087660953,1.0,0.08333333333333331,0.80859375,0.031994911836815514,172,0,0,0,2150400,2155776,0,0.20578499999828637,0.5576462667162221,1.0272764803626275,0.35,0.0525,0.0,0.0,paper,0,1,,0.32908913819016034,0.5709623838452502,0.051480677903475824,40.19282053310467,28.89184234924037,0.031090332246986548,nan
paper,NCJT-gmix-2d-overlap,gauss_mixture,2,concentrated,NCJT-gmix-2d-overlap/concentrated,3,0.00315246499687849,0.02870114304612645,1.0,0.041666666666666685,0.7734375,0.04329762775411671,196,0,0,0,2150400,2155776,0,0.20406409999122843,0.5634520424980501,1.031490995509997,0.35,0.0525,0.0,0.0,paper,0,1,,0.29759277525105116,0.5844684622459093,0.07230355213099453,37.26738464968108,30.352616860886982,0.04602290200404935,nan
paper,NCJT-gmix-2d-overlap,gauss_mixture,2,concentrated,NCJT-gmix-2d-overlap/concentrated,4,0.0025713269215120738,0.026202284243871825,1.0,0.041666666666666685,0.814453125,0.03645334488302233,182,0,0,0,2150400,2155776,0,0.20707809999294113,0.5504191588011765,1.0111858826568374,0.35,0.0525,0.0,0.0,paper,0,1,,0.33860133912585993,0.5920888575677354,0.06074717405596254,38.58128497956263,29.222685461355837,0.03750012303899816,nan
paper,NCJT-gmix-2d-overlap,gauss_mixture,2,concentrated,NCJT-gmix-2d-overlap/concentrated,5,0.003569197150436243,0.02837580801455504,1.0,0.041666666666666685,0.8212890625,0.03693682462719166,172,0,0,0,2150400,2155776,0,0.20129690000612754,0.5587355403653179,1.0637460396410388,0.35,0.0525,0.0,0.0,paper,0,1,,0.27494991833730403,0.5762578955878035,0.059370152525255904,40.93899221118832,29.18374542586546,0.034819801825184654,nan
normalized-only,NCJT-gmix-2d-overlap,gauss_mixture,2,concentrated,NCJT-gmix-2d-overlap/concentrated,0,0.010368732930816638,0.06352832899939632,1.0,0.041666666666666685,0.82421875,0.04663728300542554,95,0,0,0,2150400,2155776,0,0.20908290000807028,0.7744519887981157,1.4400453315152142,0.35,0.0525,0.0,0.0,constant,0,1,2.0,0.12710776743189053,0.5975692028002655,0.03751195622447885,37.16169877317384,26.99530736666609,0.03751195622447885,nan
normalized-only,NCJT-gmix-2d-overlap,gauss_mixture,2,concentrated,NCJT-gmix-2d-overlap/concentrated,1,0.009544300080538859,0.05619059769106349,1.0,0.08333333333333337,0.8212890625,0.06792757897470122,98,0,0,0,2150400,2155776,0,0.20628990000113845,0.7257353586040929,1.382985019660503,0.35,0.0525,0.0,0.0,constant,0,1,2.0,0.17101581222957227,0.6049227504820702,0.04414367845555467,37.20433706456966,27.69388357004319,0.04414367845555467,nan
normalized-only,NCJT-gmix-2d-overlap,gauss_mixture,2,concentrated,NCJT-gmix-2d-overlap/concentrated,2,0.009749694813916743,0.059145796123781715,1.0,0.041666666666666685,0.8046875,0.09461927492215172,90,0,0,0,2150400,2155776,0,0.2069580999959726,0.750171529323147,1.3819397964399824,0.35,0.0525,0.0,0.0,constant,0,1,2.0,0.16169501451722348,0.5888021278730631,0.05070538665421177,38.8207721515826,27.603724602788184,0.05070538665421177,nan
normalized-only,NCJT-gmix-2d-overlap,gauss_mixture,2,concentrated,NCJT-gmix-2d-overlap/concentrated,3,0.00971051823196345,0.05913831143025444,1.0,0.041666666666666685,0.7822265625,0.07776848787035477,103,0,0,0,2150400,2155776,0,0.20458859999780543,0.7405750178660812,1.3557435323897353,0.35,0.0525,0.0,0.0,constant,0,1,2.0,0.12531325861682796,0.5804431450521232,0.06801471100258791,35.033742789855815,27.923089727299566,0.06801471100258791,nan
normalized-only,NCJT-gmix-2d-overlap,gauss_mixture,2,concentrated,NCJT-gmix-2d-overlap/concentrated,4,0.008969306285077305,0.05300332721121148,1.0,0.041666666666666685,0.806640625,0.06256507061783041,96,0,0,0,2150400,2155776,0,0.20331789999909233,0.7415186073664114,1.362258445235411,0.35,0.0525,0.0,0.0,constant,0,1,2.0,0.1450812036839185,0.5978828120646784,0.06051505754512647,37.48333239465557,27.776198850807937,0.06051505754512647,nan
normalized-only,NCJT-gmix-2d-overlap,gauss_mixture,2,concentrated,NCJT-gmix-2d-overlap/concentrated,5,0.011164717373089106,0.06460295061536235,1.0,0.0,0.8017578125,0.0772076105109107,90,0,0,0,2150400,2155776,0,0.20481610001297668,0.7412658780009173,1.4112555673994824,0.35,0.0525,0.0,0.0,constant,0,1,2.0,0.1183750283696242,0.5701968489124458,0.05288328210203484,40.539598693028836,27.535806710405524,0.05288328210203484,nan
abc,NCJT-gmix-2d-overlap,gauss_mixture,2,concentrated,NCJT-gmix-2d-overlap/concentrated,0,0.010756260327239087,0.06551807475400767,1.0,0.041666666666666685,0.82421875,0.04784264617564629,94,0,0,0,2150400,2155776,0,0.21683760000451002,0.7808870149541303,1.452010862636812,0.35,0.0525,0.0,0.0,abc,0,1,2.0,0.11400918069057045,0.6022080893656528,0.03996139041396256,37.463554594168016,27.11698740728398,0.03856066892537059,nan
abc,NCJT-gmix-2d-overlap,gauss_mixture,2,concentrated,NCJT-gmix-2d-overlap/concentrated,1,0.010052309232487122,0.05878397975590377,1.0,0.08333333333333337,0.8193359375,0.07134064264038631,97,0,0,0,2150400,2155776,0,0.2147662999923341,0.7368251678268987,1.4041181225804613,0.35,0.0525,0.0,0.0,abc,0,1,2.0,0.14588592176810378,0.6075543617345774,0.04484343659776704,37.34624415736451,27.737359713837147,0.04440201473690311,nan
abc,NCJT-gmix-2d-overlap,gauss_mixture,2,concentrated,NCJT-gmix-2d-overlap/concentrated,2,0.010210913729025384,0.06136037030263368,1.0,0.041666666666666685,0.8125,0.10415035071164926,89,0,0,0,2150400,2155776,0,0.2185676999943098,0.7603310507815288,1.400655312115166,0.35,0.0525,0.0,0.0,abc,0,1,2.0,0.14595511719989704,0.589820581833802,0.051685026176360255,38.76925042544353,27.597769720553316,0.05084249322579546,nan
abc,NCJT-gmix-2d-overlap,gauss_mixture,2,concentrated,NCJT-gmix-2d-overlap/concentrated,3,0.010127368174178697,0.061070454233319194,1.0,0.041666666666666685,0.7841796875,0.07802324229991926,102,0,0,0,2150400,2155776,0,0.21556039999995846,0.7492789039616657,1.371677417541232,0.35,0.0525,0.0,0.0,abc,0,1,2.0,0.1168454474420567,0.580841661982291,0.06797988282709565,35.06635485017793,27.890270008509795,0.0677027138782598,nan
abc,NCJT-gmix-2d-overlap,gauss_mixture,2,concentrated,NCJT-gmix-2d-overlap/concentrated,4,0.00937699673472947,0.05504391376884562,1.0,0.041666666666666685,0.8095703125,0.06404540920143982,95,0,0,0,2150400,2155776,0,0.2149953999905847,0.7496776753974789,1.3772476298899232,0.35,0.0525,0.0,0.0,abc,0,1,2.0,0.1343198878258807,0.6015222199608684,0.060444653102831966,37.59928256005823,27.668903148985436,0.06047746886529058,nan
abc,NCJT-gmix-2d-overlap,gauss_mixture,2,concentrated,NCJT-gmix-2d-overlap/concentrated,5,0.011483942335457131,0.06578492368719895,1.0,0.0,0.806640625,0.07915989554478663,89,0,0,0,2150400,2155776,0,0.2167473000008613,0.7468006189702432,1.4217928580517114,0.35,0.0525,0.0,0.0,abc,0,1,2.0,0.1134144100076627,0.5709604095121608,0.05501237134067957,40.61830741567907,27.656201096427708,0.0532317793276664,nan
normalized-crossfit,NCJT-gmix-2d-overlap,gauss_mixture,2,concentrated,NCJT-gmix-2d-overlap/concentrated,0,0.002327572047899462,0.028480117593217214,1.0,0.041666666666666685,0.8359375,0.11127223926133681,102,0,0,0,2150400,2155776,0,0.21581949999381322,0.5143720806634795,0.9564429094833168,0.35,0.0525,0.0,0.0,constant,1,0,2.0,0.419470985320702,0.5687186892979997,0.07588044708763911,38.841391808811935,28.148275687287963,0.07588044708763911,nan
normalized-crossfit,NCJT-gmix-2d-overlap,gauss_mixture,2,concentrated,NCJT-gmix-2d-overlap/concentrated,1,0.0026054889350809463,0.0287768430035066,1.0,0.041666666666666685,0.8671875,0.06540646113754287,105,0,0,0,2150400,2155776,0,0.20876130000397097,0.5102679842587002,0.9723833486623836,0.35,0.0525,0.0,0.0,constant,1,0,2.0,0.3748505796207157,0.5684625577551743,0.044301669498802286,38.38403291477681,28.853239217321466,0.044301669498802286,nan
normalized-crossfit,NCJT-gmix-2d-overlap,gauss_mixture,2,concentrated,NCJT-gmix-2d-overlap/concentrated,2,0.0030276539762157384,0.02983378806087156,1.0,0.041666666666666685,0.84375,0.10747556729967571,96,0,0,0,2150400,2155776,0,0.20589860000472981,0.5175386480317782,0.953391625720807,0.35,0.0525,0.0,0.0,constant,1,0,2.0,0.4282434142821074,0.5746288723800859,0.08746539815051019,40.728771405518245,29.328981795630042,0.08746539815051019,nan
normalized-crossfit,NCJT-gmix-2d-overlap,gauss_mixture,2,concentrated,NCJT-gmix-2d-overlap/concentrated,3,0.0027306949543240977,0.03204231754917437,1.0,0.041666666666666685,0.853515625,0.0878289518314946,110,0,0,0,2150400,2155776,0,0.20624150001094677,0.5189294798392198,0.9499851724482727,0.35,0.0525,0.0,0.0,constant,1,0,2.0,0.37662375669052045,0.5767546514271721,0.07633864045052188,36.82456621073294,28.83224354039872,0.07633864045052188,nan
normalized-crossfit,NCJT-gmix-2d-overlap,gauss_mixture,2,concentrated,NCJT-gmix-2d-overlap/concentrated,4,0.003342150943656197,0.03607020732895598,1.0,0.041666666666666685,0.826171875,0.09977092053933638,101,0,0,0,2150400,2155776,0,0.21618000000307802,0.511078994362989,0.9389132913685256,0.35,0.0525,0.0,0.0,constant,1,0,2.0,0.3931331919163394,0.5754925987643662,0.09160937986276166,39.58556544481617,27.573842087548012,0.09160937986276166,nan
normalized-crossfit,NCJT-gmix-2d-overlap,gauss_mixture,2,concentrated,NCJT-gmix-2d-overlap/concentrated,5,0.0028742858115339276,0.027833299985720088,1.0,0.041666666666666685,0.875,0.1430639615256665,96,0,0,0,2150400,2155776,0,0.2042275999992853,0.5155428808615604,0.9815138972957621,0.35,0.0525,0.0,0.0,constant,1,0,2.0,0.37790070302981066,0.5839996925650888,0.136575702991476,41.767323321153484,28.44156017104045,0.136575702991476,nan
paper,NCJT-grid-3x3,grid_mixture,2,covered,NCJT-grid-3x3/covered,0,0.0046094410125052665,0.03628852571339878,1.0,0.11858974358974356,0.88671875,0.0307661979305932,1,0,0,0,2150400,2155776,0,0.2011783999914769,0.755838260209813,1.0710921525228398,0.35,0.0525,0.0,0.0,paper,0,1,,0.3650453404390557,0.611932463873998,0.04982774924483403,25.135707821706198,17.556252648737306,0.02731880131151088,nan
paper,NCJT-grid-3x3,grid_mixture,2,covered,NCJT-grid-3x3/covered,1,0.0078599176165568,0.05123471237753943,1.0,0.1314102564102564,0.8134765625,0.03729021501761217,1,0,0,0,2150400,2155776,0,0.19854460000351537,0.7607046132235694,1.084721942683226,0.35,0.0525,0.0,0.0,paper,0,1,,0.35159560443855686,0.600870044761461,0.058486515698723304,24.799083927420018,17.74704022675874,0.03144244298311001,nan
paper,NCJT-grid-3x3,grid_mixture,2,covered,NCJT-grid-3x3/covered,2,0.005811214984170476,0.03973032566967973,1.0,0.1025641025641025,0.8935546875,0.02411802132207932,1,0,0,0,2150400,2155776,0,0.20537749999493826,0.7694210848313654,1.110518046436676,0.35,0.0525,0.0,0.0,paper,0,1,,0.3736801113181097,0.5950734795062383,0.04747333519009526,24.303268319792117,18.38345965728285,0.021871714620712964,nan
paper,NCJT-grid-3x3,grid_mixture,2,covered,NCJT-grid-3x3/covered,3,0.00532911441280659,0.04121531328689674,1.0,0.08974358974358969,0.8359375,0.033058984124997505,1,0,0,0,2150400,2155776,0,0.20179089999874122,0.7538656194532747,1.0746510092240502,0.35,0.0525,0.0,0.0,paper,0,1,,0.4039775762920567,0.6077482475722047,0.05845479372085012,24.195858156080583,17.355716064060765,0.03267104158090042,nan
paper,NCJT-grid-3x3,grid_mixture,2,covered,NCJT-grid-3x3/covered,4,0.006471015999488405,0.043489861381361725,1.0,0.16025641025641024,0.80859375,0.04356461439956837,1,0,0,0,2150400,2155776,0,0.20221859999583103,0.7683156606856033,1.1207782582155617,0.35,0.0525,0.0,0.0,paper,0,1,,0.32228753376768166,0.5812366748889904,0.07647066980118537,24.475456125629258,17.928756740015757,0.03986392002686352,nan
paper,NCJT-grid-3x3,grid_mixture,2,covered,NCJT-grid-3x3/covered,5,0.004604016732780769,0.03868296937507856,1.0,0.09294871794871792,0.833984375,0.040800935592289964,1,0,0,0,2150400,2155776,0,0.218633199998294,0.7654953001374146,1.0781108479873593,0.35,0.0525,0.0,0.0,paper,0,1,,0.3767633102248384,0.6047263065669681,0.06249234469803784,24.719618259627374,18.087495026233505,0.029215926059911815,nan
normalized-only,NCJT-grid-3x3,grid_mixture,2,covered,NCJT-grid-3x3/covered,0,0.005772508485856531,0.04337609382634695,1.0,0.11858974358974356,0.8291015625,0.06476480211917061,1,0,0,0,2150400,2155776,0,0.20199659999343567,0.777276853608139,1.1014726060655073,0.35,0.0525,0.0,0.0,constant,0,1,2.0,0.2998402006380589,0.6154476216038602,0.047986472565643055,25.13586376509656,18.06269569298896,0.047986472565643055,nan
normalized-only,NCJT-grid-3x3,grid_mixture,2,covered,NCJT-grid-3x3/covered,1,0.009299753666118904,0.05734716214023807,1.0,0.1314102564102564,0.828125,0.0812791098853164,1,0,0,0,2150400,2155776,0,0.21379229999729432,0.796538856560282,1.1358195558317326,0.35,0.0525,0.0,0.0,constant,0,1,2.0,0.3069964118161417,0.6081953067891416,0.06168917284793066,25.068445472063253,17.87515799721909,0.06168917284793066,nan
normalized-only,NCJT-grid-3x3,grid_mixture,2,covered,NCJT-grid-3x3/covered,2,0.0076102410553775535,0.04892683658694905,1.0,0.08974358974358969,0.8955078125,0.04404276040734415,1,0,0,0,2150400,2155776,0,0.20641169999726117,0.8191882390312838,1.1823477947349297,0.35,0.0525,0.0,0.0,constant,0,1,2.0,0.37069038325966375,0.6091405829948494,0.045829519643038476,24.421881084329257,18.081125081289155,0.045829519643038476,nan
normalized-only,NCJT-grid-3x3,grid_mixture,2,covered,NCJT-grid-3x3/covered,3,0.006320420280787831,0.04494927862461882,1.0,0.08974358974358969,0.822265625,0.0622368130600468,1,0,0,0,2150400,2155776,0,0.2096940000046743,0.788509606574856,1.124036728327082,0.35,0.0525,0.0,0.0,constant,0,1,2.0,0.34728896897332684,0.6196887178286143,0.05797061042033952,23.93597314648308,17.847614182484186,0.05797061042033952,nan
normalized-only,NCJT-grid-3x3,grid_mixture,2,covered,NCJT-grid-3x3/covered,4,0.007413394580317534,0.04673109681639933,1.0,0.08974358974358969,0.8681640625,0.08170017622245651,1,0,0,0,2150400,2155776,0,0.207222199998796,0.8010038835584216,1.1684621092291765,0.35,0.0525,0.0,0.0,constant,0,1,2.0,0.27520669589083874,0.5859132695872916,0.07727235106175034,24.159568488190573,17.883708141705604,0.07727235106175034,nan
normalized-only,NCJT-grid-3x3,grid_mixture,2,covered,NCJT-grid-3x3/covered,5,0.005478473830413888,0.042704536332222,1.0,0.07692307692307687,0.8681640625,0.074051625109681,1,0,0,0,2150400,2155776,0,0.2115434000006644,0.8006957772489202,1.127686614450501,0.35,0.0525,0.0,0.0,constant,0,1,2.0,0.3437671652531301,0.6110758281221287,0.06261396488938908,24.3368332539977,18.2277787789575,0.06261396488938908,nan
abc,NCJT-grid-3x3,grid_mixture,2,covered,NCJT-grid-3x3/covered,0,0.005720575571043329,0.04344408351979655,1.0,0.11858974358974356,0.833984375,0.06458603480579397,1,0,0,0,2150400,2155776,0,0.2341076000011526,0.7732112147935059,1.0957112228985095,0.35,0.0525,0.0,0.0,abc,0,1,2.0,0.29317266234050404,0.613431304903752,0.04472819966566509,25.21952629147581,18.288213787759226,0.04588516976572524,nan
abc,NCJT-grid-3x3,grid_mixture,2,covered,NCJT-grid-3x3/covered,1,0.009129312229591569,0.05626281184026128,1.0,0.1314102564102564,0.841796875,0.08061960216226269,1,0,0,0,2150400,2155776,0,0.21670019999146461,0.7931069807667758,1.1309258942013598,0.35,0.0525,0.0,0.0,abc,0,1,2.0,0.2948113286946501,0.6098384650277245,0.06348189724768369,25.17324251437268,18.21676259127553,0.060737040097831554,nan
abc,NCJT-grid-3x3,grid_mixture,2,covered,NCJT-grid-3x3/covered,2,0.007275884677300004,0.04755141832533278,1.0,0.08974358974358969,0.890625,0.043570287140538684,1,0,0,0,2150400,2155776,0,0.21434410000802018,0.8101807174813697,1.1693470914372817,0.35,0.0525,0.0,0.0,abc,0,1,2.0,0.36455088464876045,0.6128172392676448,0.046011856276180374,24.011742305391827,18.286740070070522,0.04597737271959306,nan
abc,NCJT-grid-3x3,grid_mixture,2,covered,NCJT-grid-3x3/covered,3,0.006238180400309656,0.0445967311792266,1.0,0.08974358974358969,0.826171875,0.061769190298410256,1,0,0,0,2150400,2155776,0,0.21383910000440665,0.7871754332221177,1.122134836659652,0.35,0.0525,0.0,0.0,abc,0,1,2.0,0.34044511895298135,0.6211751142222831,0.05844068947663848,24.069681843664167,18.152582839920818,0.05604792324156453,nan
abc,NCJT-grid-3x3,grid_mixture,2,covered,NCJT-grid-3x3/covered,4,0.007198654992938702,0.04609446045590286,1.0,0.08974358974358969,0.89453125,0.08096315347541946,1,0,0,0,2150400,2155776,0,0.2222427999950014,0.7957469445330991,1.1607935645595433,0.35,0.0525,0.0,0.0,abc,0,1,2.0,0.2637869494135129,0.5902887751800969,0.07663854829521978,24.295306456992865,18.106651437623995,0.0743440705650853,nan
abc,NCJT-grid-3x3,grid_mixture,2,covered,NCJT-grid-3x3/covered,5,0.005433471422300551,0.042582180113419986,1.0,0.07692307692307687,0.8779296875,0.07270218948551127,1,0,0,0,2150400,2155776,0,0.22037930000806227,0.798646180994738,1.1247999971776954,0.35,0.0525,0.0,0.0,abc,0,1,2.0,0.3450827089467734,0.6098697042177862,0.061870814164179465,24.59966625975838,18.37370483909588,0.06134953476295747,nan
normalized-crossfit,NCJT-grid-3x3,grid_mixture,2,covered,NCJT-grid-3x3/covered,0,0.003255486828469989,0.03739666660384089,1.0,0.1314102564102564,0.927734375,0.12349691706395112,1,0,0,0,2150400,2155776,0,0.2113662000047043,0.6832852686394761,0.9682779077246579,0.35,0.0525,0.0,0.0,constant,1,0,2.0,0.3792099834072188,0.5714614250139107,0.10287690592078583,24.86422445993658,17.88353067237567,0.10287690592078583,nan
normalized-crossfit,NCJT-grid-3x3,grid_mixture,2,covered,NCJT-grid-3x3/covered,1,0.008405530864199373,0.05196364497038703,1.0,0.08974358974358969,0.8583984375,0.11009317391956736,1,0,0,0,2150400,2155776,0,0.23678880000079516,0.6975800703189623,0.9947098990854935,0.35,0.0525,0.0,0.0,constant,1,0,2.0,0.3855815075421781,0.5459830776736779,0.0966638893417501,24.507675864344563,19.157498184110715,0.0966638893417501,nan
normalized-crossfit,NCJT-grid-3x3,grid_mixture,2,covered,NCJT-grid-3x3/covered,2,0.0029224710687243416,0.029309108669931198,1.0,0.1025641025641025,0.9013671875,0.1111095475528724,1,0,0,0,2150400,2155776,0,0.20384020000346936,0.6991767016542085,1.0091331783625934,0.35,0.0525,0.0,0.0,constant,1,0,2.0,0.45814431416297424,0.5693035711760055,0.09792098522853249,24.599389101629658,16.640267186757917,0.09792098522853249,nan
normalized-crossfit,NCJT-grid-3x3,grid_mixture,2,covered,NCJT-grid-3x3/covered,3,0.003365745499463446,0.03586439088991958,1.0,0.07692307692307687,0.88671875,0.1744786276487126,1,0,0,0,2150400,2155776,0,0.21913309999217745,0.6997877556320259,0.9975618975408138,0.35,0.0525,0.0,0.0,constant,1,0,2.0,0.37168025169946445,0.5762530458997338,0.12022350160615804,24.315365505675622,20.7883105904725,0.12022350160615804,nan
normalized-crossfit,NCJT-grid-3x3,grid_mixture,2,covered,NCJT-grid-3x3/covered,4,0.0029828973609387077,0.02872072237815499,1.0,0.11858974358974356,0.89453125,0.10610394864174455,1,0,0,0,2150400,2155776,0,0.22620129999995697,0.7017283438364306,1.0236442014518767,0.35,0.0525,0.0,0.0,constant,1,0,2.0,0.41007114953727214,0.5734014135203562,0.08780492637213845,24.176079954283956,17.240514487453012,0.08780492637213845,nan
normalized-crossfit,NCJT-grid-3x3,grid_mixture,2,covered,NCJT-grid-3x3/covered,5,0.0027252436983243866,0.03230000978210894,1.0,0.1314102564102564,0.8876953125,0.17698413038470182,1,0,0,0,2150400,2155776,0,0.2210876999888569,0.6954206311568255,0.9794188497692975,0.35,0.0525,0.0,0.0,constant,1,0,2.0,0.38177470149904585,0.5691857093921897,0.17791538812010932,24.985155713998026,19.492458042646483,0.17791538812010932,nan
paper,NCJT-grid-3x3,grid_mixture,2,missing,NCJT-grid-3x3/missing,0,0.0062159820189476855,0.046248245775361504,1.0,0.1442307692307692,0.8232421875,0.04521874412255155,126,0,0,0,2150400,2155776,0,0.21087470000202302,0.7602897933471625,1.0792916951310925,0.35,0.0525,0.0,0.0,paper,0,1,,0.34002531341117964,0.5722600083711273,0.06479826664375238,26.733600507364656,18.727844621613638,0.037569017615218706,nan
paper,NCJT-grid-3x3,grid_mixture,2,missing,NCJT-grid-3x3/missing,1,0.006702390935904412,0.044943590622852046,1.0,0.17628205128205132,0.7783203125,0.04152871374945427,119,0,0,0,2150400,2155776,0,0.2138664000085555,0.7663973433001616,1.0973834369458606,0.35,0.0525,0.0,0.0,paper,0,1,,0.361244792947593,0.5805818374663005,0.07576301768712232,25.992601679360575,18.9544133624042,0.03864518027760827,nan
paper,NCJT-grid-3x3,grid_mixture,2,missing,NCJT-grid-3x3/missing,2,0.0068629217915673335,0.04746039865937247,1.0,0.10576923076923074,0.7294921875,0.028493694566878055,107,0,0,0,2150400,2155776,0,0.20869900000980124,0.7676485153956878,1.0949218691619422,0.35,0.0525,0.0,0.0,paper,0,1,,0.3653765853844342,0.6145952557186549,0.04852619766807022,24.061021288586456,18.581062999404473,0.02775421630834113,nan
paper,NCJT-grid-3x3,grid_mixture,2,missing,NCJT-grid-3x3/missing,3,0.008168640703583807,0.05112997210588496,1.0,0.1474358974358974,0.70703125,0.02378877848290808,130,0,0,0,2150400,2155776,0,0.2193081000004895,0.7734046588287455,1.11434594446023,0.35,0.0525,0.0,0.0,paper,0,1,,0.342802049546595,0.5942333526438461,0.040960593366226095,25.11175595311522,19.24187406584972,0.0196768231366473,nan
paper,NCJT-grid-3x3,grid_mixture,2,missing,NCJT-grid-3x3/missing,4,0.007689286520712213,0.04470177238911856,1.0,0.11858974358974356,0.7744140625,0.04796696298843154,113,0,0,0,2150400,2155776,0,0.20210289998794906,0.7666218866009882,1.1124125367658888,0.35,0.0525,0.0,0.0,paper,0,1,,0.4340874847652338,0.5876308396856946,0.07559010738243349,25.43645964321768,18.161586547248827,0.043799267343027616,nan
paper,NCJT-grid-3x3,grid_mixture,2,missing,NCJT-grid-3x3/missing,5,0.006668319003746426,0.046306983510457325,1.0,0.11858974358974356,0.7841796875,0.045741517167405765,112,0,0,0,2150400,2155776,0,0.20517870000912808,0.7646434900502999,1.0838956095197125,0.35,0.0525,0.0,0.0,paper,0,1,,0.30151417765417515,0.5868727573929718,0.07454071870681675,27.273600095984712,19.056025013272087,0.039153766016703756,nan
normalized-only,NCJT-grid-3x3,grid_mixture,2,missing,NCJT-grid-3x3/missing,0,0.007439071351332149,0.05277635893478506,1.0,0.11858974358974356,0.8330078125,0.0946197418851623,71,0,0,0,2150400,2155776,0,0.22414890000072774,0.8207910327713094,1.165178005623496,0.35,0.0525,0.0,0.0,constant,0,1,2.0,0.27118959049334246,0.5767301169326495,0.06816205887441158,25.546013589159706,18.349237043417013,0.06816205887441158,nan
normalized-only,NCJT-grid-3x3,grid_mixture,2,missing,NCJT-grid-3x3/missing,1,0.007438946385536771,0.0480290111973701,1.0,0.1314102564102564,0.8515625,0.07437291555409914,65,0,0,0,2150400,2155776,0,0.22485810000216588,0.8222493775712697,1.177356440329357,0.35,0.0525,0.0,0.0,constant,0,1,2.0,0.3765074410544955,0.6005073232866212,0.06936691640302484,25.30786141649523,17.824738628122052,0.06936691640302484,nan
normalized-only,NCJT-grid-3x3,grid_mixture,2,missing,NCJT-grid-3x3/missing,2,0.007372214219863671,0.049710890336526814,1.0,0.1474358974358974,0.7490234375,0.050835509741502166,58,0,0,0,2150400,2155776,0,0.20887609999044798,0.7975998567371412,1.13764243461316,0.35,0.0525,0.0,0.0,constant,0,1,2.0,0.31034514978588706,0.6226665759618106,0.04867704848659712,24.504635276536483,18.75280133033703,0.04867704848659712,nan
normalized-only,NCJT-grid-3x3,grid_mixture,2,missing,NCJT-grid-3x3/missing,3,0.008415177324349932,0.05092033874116103,1.0,0.1314102564102564,0.736328125,0.044807868969021246,71,0,0,0,2150400,2155776,0,0.21980650001205504,0.8109968997007624,1.1685100365441128,0.35,0.0525,0.0,0.0,constant,0,1,2.0,0.35725037437535945,0.6075991683729149,0.040038435105443054,24.359196453629764,18.383661997046847,0.040038435105443054,nan
normalized-only,NCJT-grid-3x3,grid_mixture,2,missing,NCJT-grid-3x3/missing,4,0.00810873113541799,0.04921986503129375,1.0,0.10576923076923074,0.8310546875,0.08479819778557618,62,0,0,0,2150400,2155776,0,0.21688940000603907,0.8052469521411719,1.1684597327712227,0.35,0.0525,0.0,0.0,constant,0,1,2.0,0.40041913865117235,0.5927097781091153,0.08104532988268712,24.384831335586775,18.343415258392984,0.08104532988268712,nan
normalized-only,NCJT-grid-3x3,grid_mixture,2,missing,NCJT-grid-3x3/missing,5,0.006715989468490502,0.04632259748699543,1.0,0.10576923076923074,0.853515625,0.09300021021254606,59,0,0,0,2150400,2155776,0,0.2092791000031866,0.7919780992999913,1.1226428993864301,0.35,0.0525,0.0,0.0,constant,0,1,2.0,0.25968519321000455,0.5989578848455268,0.070535727380677,25.413443438081064,18.18660574298584,0.070535727380677,nan
abc,NCJT-grid-3x3,grid_mixture,2,missing,NCJT-grid-3x3/missing,0,0.006947923331283468,0.05066928268059369,1.0,0.11858974358974356,0.841796875,0.09500656065821746,70,0,0,0,2150400,2155776,0,0.2335430999955861,0.8106777829365962,1.150821444937158,0.35,0.0525,0.0,0.0,abc,0,1,2.0,0.2708174954985803,0.5783425854433233,0.06604068662856363,25.711851438986056,18.427843428042756,0.06400900682790545,nan
abc,NCJT-grid-3x3,grid_mixture,2,missing,NCJT-grid-3x3/missing,1,0.006868881219455836,0.04606512084177102,1.0,0.1314102564102564,0.8564453125,0.0736589646742642,65,0,0,0,2150400,2155776,0,0.22228349999932107,0.8085385849334137,1.1577243305892668,0.35,0.0525,0.0,0.0,abc,0,1,2.0,0.37333185952678344,0.5943728194684696,0.06900585149941862,25.75848405202985,18.028720129410285,0.06868057376881923,nan
abc,NCJT-grid-3x3,grid_mixture,2,missing,NCJT-grid-3x3/missing,2,0.00700161554026113,0.04829638243849076,1.0,0.1474358974358974,0.7724609375,0.05093609144686594,58,0,0,0,2150400,2155776,0,0.2159317000041483,0.7919386958002949,1.1295677379384672,0.35,0.0525,0.0,0.0,abc,0,1,2.0,0.29719397099385636,0.6233378400130953,0.050110658938688706,24.56408664531007,18.95228040390181,0.04904076001964493,nan
abc,NCJT-grid-3x3,grid_mixture,2,missing,NCJT-grid-3x3/missing,3,0.007707053515825457,0.0480736664878581,1.0,0.1314102564102564,0.7685546875,0.04476923214297738,71,0,0,0,2150400,2155776,0,0.2154696000070544,0.7992522310190224,1.1515879456759945,0.35,0.0525,0.0,0.0,abc,0,1,2.0,0.3490044200808013,0.609176479978583,0.04013133597245759,24.4494361240001,18.27969450298121,0.0390966290338782,nan
abc,NCJT-grid-3x3,grid_mixture,2,missing,NCJT-grid-3x3/missing,4,0.00759112454184474,0.046998237017046425,1.0,0.10576923076923074,0.8408203125,0.08354279502892731,62,0,0,0,2150400,2155776,0,0.21139560001029167,0.7962767592346526,1.1554434659246513,0.35,0.0525,0.0,0.0,abc,0,1,2.0,0.4040158243074791,0.5942957325353511,0.08353447846497863,24.241129792236222,18.488970400833455,0.08003682263977827,nan
abc,NCJT-grid-3x3,grid_mixture,2,missing,NCJT-grid-3x3/missing,5,0.006453843673097426,0.045312987520397564,1.0,0.10576923076923074,0.8759765625,0.09210080421931488,59,0,0,0,2150400,2155776,0,0.23246369999833405,0.788144019049468,1.117208023128195,0.35,0.0525,0.0,0.0,abc,0,1,2.0,0.261813265905526,0.6030097606392903,0.06875200858216703,25.565407199883374,18.371803252406234,0.06887722064622234,nan
normalized-crossfit,NCJT-grid-3x3,grid_mixture,2,missing,NCJT-grid-3x3/missing,0,0.0029708538097006354,0.0336012078517298,1.0,0.1025641025641025,0.900390625,0.12528125182573963,75,0,0,0,2150400,2155776,0,0.2207699999999022,0.6971592762126437,0.9896729162801381,0.35,0.0525,0.0,0.0,constant,1,0,2.0,0.3492769639487765,0.6249845492297876,0.09542807136593591,25.21420104852824,19.58851099318282,0.09542807136593591,nan
normalized-crossfit,NCJT-grid-3x3,grid_mixture,2,missing,NCJT-grid-3x3/missing,1,0.002738120991160553,0.03235053079953093,1.0,0.13461538461538458,0.9013671875,0.14792872256709133,68,0,0,0,2150400,2155776,0,0.24721279999357648,0.6925103701616934,0.9915866968644396,0.35,0.0525,0.0,0.0,constant,1,0,2.0,0.4412314491748191,0.5653244132938011,0.1542075113179952,25.911948754703058,17.617552304868003,0.1542075113179952,nan
normalized-crossfit,NCJT-grid-3x3,grid_mixture,2,missing,NCJT-grid-3x3/missing,2,0.003630583729500869,0.03773289559285469,1.0,0.11858974358974356,0.822265625,0.10972045161825499,62,0,0,0,2150400,2155776,0,0.2146394000010332,0.6977394875156026,0.9952083649440623,0.35,0.0525,0.0,0.0,constant,1,0,2.0,0.3982720652513805,0.6038172184152824,0.0625212233056191,24.604284461362568,18.696940191919747,0.0625212233056191,nan
normalized-crossfit,NCJT-grid-3x3,grid_mixture,2,missing,NCJT-grid-3x3/missing,3,0.0038197948473853716,0.03606435798485912,1.0,0.11538461538461531,0.7900390625,0.09507156777473999,76,0,0,0,2150400,2155776,0,0.21135990000038873,0.7046820834810348,1.0153282798297132,0.35,0.0525,0.0,0.0,constant,1,0,2.0,0.4512098041072038,0.5763456744022877,0.05418017398689226,25.611557816736376,17.092257538486592,0.05418017398689226,nan
normalized-crossfit,NCJT-grid-3x3,grid_mixture,2,missing,NCJT-grid-3x3/missing,4,0.0034248344051280855,0.03244844235263432,1.0,0.10576923076923074,0.8857421875,0.15708029121873243,66,0,0,0,2150400,2155776,0,0.2058575999981258,0.6950877926647147,1.0086124440582345,0.35,0.0525,0.0,0.0,constant,1,0,2.0,0.4502102491007455,0.5607023709997558,0.12165279440848542,24.5915589246153,18.916828974663357,0.12165279440848542,nan
normalized-crossfit,NCJT-grid-3x3,grid_mixture,2,missing,NCJT-grid-3x3/missing,5,0.0032240948824252547,0.034684746949917265,1.0,0.08974358974358969,0.87890625,0.12109802190197506,63,0,0,0,2150400,2155776,0,0.21366510000370909,0.6993361477193776,0.9913213019594258,0.35,0.0525,0.0,0.0,constant,1,0,2.0,0.37104458591835016,0.5995001542680871,0.103345686467818,26.601894143485374,18.817302357123687,0.103345686467818,nan
paper,NCJT-grid-3x3,grid_mixture,2,far,NCJT-grid-3x3/far,0,4.145941964022024,1.7171688273711925,0.1111111111111111,1.6794871794871795,0.0498046875,0.07939395925545484,400,1,0,0,2150400,2155776,0,0.20442049999837764,1.0790588424970196,1.547085177294807,0.35,0.0525,0.0,0.0,paper,0,1,,0.001258103462509515,0.003308778014336728,2.8873617351728913,30.257321131416273,33.92831467668938,0.009553623374583913,nan
paper,NCJT-grid-3x3,grid_mixture,2,far,NCJT-grid-3x3/far,1,4.024813122250714,2.0392770825416395,0.1111111111111111,1.6794871794871793,0.0791015625,0.12406494810952698,400,1,0,0,2150400,2155776,0,0.2085393000015756,0.9535656102010454,1.3581207104884687,0.35,0.0525,0.0,0.0,paper,0,1,,0.0013078659030786731,0.0036204762897647635,2.7175488230158535,21.338494909999348,31.152686877615785,0.009838689238560003,nan
paper,NCJT-grid-3x3,grid_mixture,2,far,NCJT-grid-3x3/far,2,3.914071131392243,1.7262785747592828,0.1111111111111111,1.6378205128205128,0.0634765625,0.06556435425367034,400,1,0,0,2150400,2155776,0,0.2057700000004843,1.1383804897411725,1.6393512814413882,0.35,0.0525,0.0,0.0,paper,0,1,,0.0019413177610306193,0.005416306733273882,2.6252918562530683,30.034157551101703,32.559018935482925,0.014219288789290924,nan
paper,NCJT-grid-3x3,grid_mixture,2,far,NCJT-grid-3x3/far,3,4.065462467699769,1.7642841066493733,0.1111111111111111,1.5961538461538463,0.056640625,0.03982155079830586,400,1,0,0,2150400,2155776,0,0.20455070000025444,1.2123532277197961,1.7445535078692027,0.35,0.0525,0.0,0.0,paper,0,1,,0.0013856742045398821,0.002441203721362071,2.7541180846469366,17.207673437597897,35.74847967440064,0.006723298738847899,nan
paper,NCJT-grid-3x3,grid_mixture,2,far,NCJT-grid-3x3/far,4,3.9602622025172587,1.6608096616511319,0.1111111111111111,1.6794871794871795,0.0283203125,0.09518973028925595,400,1,0,0,2150400,2155776,0,0.209865600001649,1.0566893758670248,1.5141851050233104,0.35,0.0525,0.0,0.0,paper,0,1,,0.0025940167925125853,0.0065943350002607565,2.553938188460093,27.452343878073464,34.64128893066527,0.016826582460404707,nan
paper,NCJT-grid-3x3,grid_mixture,2,far,NCJT-grid-3x3/far,5,3.511701427411995,1.6578302612480111,0.2222222222222222,1.5961538461538463,0.060546875,0.07972867695065564,400,1,0,0,2150400,2155776,0,0.2218711000023177,1.2335980887778069,1.7816800328025386,0.35,0.0525,0.0,0.0,paper,0,1,,0.002255627864993552,0.007132304920141991,2.4274220687502432,23.061484469137636,29.308720357347475,0.01730907435719881,nan
normalized-only,NCJT-grid-3x3,grid_mixture,2,far,NCJT-grid-3x3/far,0,0.008473821476225774,0.055695858092093535,1.0,0.16025641025641024,0.849609375,0.11574905439106613,94,0,0,0,2150400,2155776,0,0.20832869999867398,0.8053415195890065,1.154646881659439,0.35,0.0525,0.0,0.0,constant,0,1,2.0,0.3625591040833843,0.5755274410626797,0.09314000506436088,25.92202572522088,18.438514647589116,0.09314000506436088,nan
normalized-only,NCJT-grid-3x3,grid_mixture,2,far,NCJT-grid-3x3/far,1,0.0070134468644136305,0.046327520920848124,1.0,0.08974358974358969,0.8623046875,0.08536995718411593,95,0,0,0,2150400,2155776,0,0.2022376999957487,0.8098265119612029,1.153399562684797,0.35,0.0525,0.0,0.0,constant,0,1,2.0,0.2860662662863121,0.5886521137140479,0.0723064601704175,26.521729091086165,17.74230070373583,0.0723064601704175,nan
normalized-only,NCJT-grid-3x3,grid_mixture,2,far,NCJT-grid-3x3/far,2,0.006898345440175868,0.04377526649046131,1.0,0.06410256410256406,0.8974609375,0.07222035013937773,97,0,0,0,2150400,2155776,0,0.20841990000917576,0.7847572650953134,1.1301079382052168,0.35,0.0525,0.0,0.0,constant,0,1,2.0,0.3328754685911717,0.585734854970817,0.07131819024325131,25.197202545103266,17.928872059386705,0.07131819024325131,nan
normalized-only,NCJT-grid-3x3,grid_mixture,2,far,NCJT-grid-3x3/far,3,0.007135164134308591,0.0473076098495825,1.0,0.1025641025641025,0.826171875,0.0822587631064425,102,0,0,0,2150400,2155776,0,0.21764509999775328,0.7946079526337859,1.1434259087636371,0.35,0.0525,0.0,0.0,constant,0,1,2.0,0.292504813330937,0.5874998373226193,0.07421307407321026,26.068828886405985,18.61033061467642,0.07421307407321026,nan
normalized-only,NCJT-grid-3x3,grid_mixture,2,far,NCJT-grid-3x3/far,4,0.009605025445710957,0.0604077055056167,1.0,0.13141025641025636,0.8134765625,0.08806935020828936,101,0,0,0,2150400,2155776,0,0.20608200000424404,0.8130157993701839,1.1650125776507005,0.35,0.0525,0.0,0.0,constant,0,1,2.0,0.27500245152559727,0.5951839083879635,0.05604552097190905,25.737329267434674,18.039508335442076,0.05604552097190905,nan
normalized-only,NCJT-grid-3x3,grid_mixture,2,far,NCJT-grid-3x3/far,5,0.006656228348519755,0.04503639944605707,1.0,0.06410256410256406,0.7998046875,0.09946034761261514,93,0,0,0,2150400,2155776,0,0.20549320000282023,0.7806493458708497,1.1274882514907787,0.35,0.0525,0.0,0.0,constant,0,1,2.0,0.32742187543468065,0.6055791186412701,0.08617675286747295,24.201286024656945,18.772090986966063,0.08617675286747295,nan
abc,NCJT-grid-3x3,grid_mixture,2,far,NCJT-grid-3x3/far,0,0.008001903830309742,0.053715832326647124,1.0,0.16025641025641024,0.8515625,0.11396048512856483,94,0,0,0,2150400,2155776,0,0.21539820000180043,0.7963403192211705,1.1417415394125652,0.35,0.0525,0.0,0.0,abc,0,1,2.0,0.3721363476879066,0.5743922562353762,0.09591888420073144,26.00798150926412,18.56617361689429,0.09112430780035757,nan
abc,NCJT-grid-3x3,grid_mixture,2,far,NCJT-grid-3x3/far,1,0.006883604755911099,0.04570536824806569,1.0,0.10576923076923074,0.857421875,0.083981831914524,95,0,0,0,2150400,2155776,0,0.21626870000909548,0.8087358849268844,1.1518462315381186,0.35,0.0525,0.0,0.0,abc,0,1,2.0,0.2989213429562584,0.5894856014569465,0.07264030410756173,26.78792673763064,17.896647184679466,0.06988629726469409,nan
abc,NCJT-grid-3x3,grid_mixture,2,far,NCJT-grid-3x3/far,2,0.006650405505735257,0.042869487635232045,1.0,0.06410256410256406,0.9111328125,0.07162869707010301,97,0,0,0,2150400,2155776,0,0.22555149999971036,0.7817617856246437,1.1257942283753073,0.35,0.0525,0.0,0.0,abc,0,1,2.0,0.3261939032094248,0.5856211436237271,0.07187141923398571,25.438421704153242,18.058730337367937,0.06888377380908153,nan
abc,NCJT-grid-3x3,grid_mixture,2,far,NCJT-grid-3x3/far,3,0.006824403912420229,0.04601387998003854,1.0,0.1025641025641025,0.8388671875,0.08046801485795632,102,0,0,0,2150400,2155776,0,0.22639579999668058,0.7897203864949522,1.136392792954244,0.35,0.0525,0.0,0.0,abc,0,1,2.0,0.29008170615363654,0.590612452805497,0.07449734752010578,25.884905529771565,18.786999239775774,0.07106764156807269,nan
abc,NCJT-grid-3x3,grid_mixture,2,far,NCJT-grid-3x3/far,4,0.009297081572089194,0.05931310749525779,1.0,0.13141025641025636,0.83203125,0.08691227579919579,102,0,0,0,2150400,2155776,0,0.23569729999871925,0.8075187770725767,1.157135608812826,0.35,0.0525,0.0,0.0,abc,0,1,2.0,0.26246146089456446,0.5952480453608046,0.05611671561747386,25.618109894129518,18.242925009595197,0.055686529929594095,nan
abc,NCJT-grid-3x3,grid_mixture,2,far,NCJT-grid-3x3/far,5,0.00639061028476573,0.043958554302755595,1.0,0.06410256410256406,0.8046875,0.09759987344071382,93,0,0,0,2150400,2155776,0,0.24469000000681262,0.7772589746631945,1.122591553984987,0.35,0.0525,0.0,0.0,abc,0,1,2.0,0.3126852275016475,0.6039998202880829,0.08807536568904972,24.2697689425044,18.938572319147625,0.08557644640344597,nan
normalized-crossfit,NCJT-grid-3x3,grid_mixture,2,far,NCJT-grid-3x3/far,0,0.005023711001212572,0.043552938292845754,1.0,0.11858974358974356,0.875,0.11520698171957781,98,0,0,0,2150400,2155776,0,0.23003939999034628,0.6932415443780245,0.9939251460192398,0.35,0.0525,0.0,0.0,constant,1,0,2.0,0.390632508517277,0.5813163461920905,0.08983054509952385,26.184994689592763,20.04110501566342,0.08983054509952385,nan
normalized-crossfit,NCJT-grid-3x3,grid_mixture,2,far,NCJT-grid-3x3/far,1,0.0024574372987489213,0.031170926149826788,1.0,0.10576923076923074,0.9091796875,0.1150071096988197,99,0,0,0,2150400,2155776,0,0.2279800999967847,0.6986406378200517,0.9950425112460136,0.35,0.0525,0.0,0.0,constant,1,0,2.0,0.4196796403424847,0.5596784356727329,0.1165127471756065,26.10044439582937,18.975786597206834,0.1165127471756065,nan
normalized-crossfit,NCJT-grid-3x3,grid_mixture,2,far,NCJT-grid-3x3/far,2,0.004744818342753088,0.039548764381391696,1.0,0.08974358974358969,0.9013671875,0.09835807533143576,100,0,0,0,2150400,2155776,0,0.21570269999210723,0.6994973724767665,1.0073274483080743,0.35,0.0525,0.0,0.0,constant,1,0,2.0,0.4510126032977211,0.5361987865141211,0.08053124408299787,25.09795664543511,17.63954528167288,0.08053124408299787,nan
normalized-crossfit,NCJT-grid-3x3,grid_mixture,2,far,NCJT-grid-3x3/far,3,0.003259969309532207,0.0322922282481936,1.0,0.157051282051282,0.87109375,0.11969977501244039,106,0,0,0,2150400,2155776,0,0.20746679999865592,0.700800195762794,1.0084383097926428,0.35,0.0525,0.0,0.0,constant,1,0,2.0,0.3820976082417832,0.5610477780442802,0.10265241606551465,26.255055144502553,19.17149742412797,0.10265241606551465,nan
normalized-crossfit,NCJT-grid-3x3,grid_mixture,2,far,NCJT-grid-3x3/far,4,0.006599265482015171,0.05087294094490012,1.0,0.1314102564102564,0.8994140625,0.09127646501008689,106,0,0,0,2150400,2155776,0,0.21389990000170656,0.694079718019669,0.99458288757927,0.35,0.0525,0.0,0.0,constant,1,0,2.0,0.4338657819190357,0.5809560371693583,0.06331377904307195,26.65608528100921,17.709652196181175,0.06331377904307195,nan
normalized-crossfit,NCJT-grid-3x3,grid_mixture,2,far,NCJT-grid-3x3/far,5,0.0029126180058562934,0.030778187346738796,1.0,0.11858974358974356,0.853515625,0.11300378386220558,97,0,0,0,2150400,2155776,0,0.23544920000131242,0.6953507875756177,1.004291936966631,0.35,0.0525,0.0,0.0,constant,1,0,2.0,0.5026731828311644,0.5668394874364304,0.09397970843856537,23.781684414793936,18.356370246021463,0.09397970843856537,nan
paper,NCJT-grid-3x3,grid_mixture,2,concentrated,NCJT-grid-3x3/concentrated,0,0.009533562543501461,0.05607237258244098,1.0,0.16025641025641024,0.8056640625,0.029327097434058716,177,0,0,0,2150400,2155776,0,0.2107259000040358,0.7562040708705151,1.0911119442135162,0.35,0.0525,0.0,0.0,paper,0,1,,0.3567883277540222,0.5808443935467202,0.04904845064427917,26.366867577726484,18.633671062121756,0.025287872735360074,nan
paper,NCJT-grid-3x3,grid_mixture,2,concentrated,NCJT-grid-3x3/concentrated,1,0.008343034002112892,0.051248280392702884,1.0,0.08974358974358969,0.7216796875,0.04668169166108041,179,0,0,0,2150400,2155776,0,0.21208699999260716,0.7537076925016606,1.092345642072451,0.35,0.0525,0.0,0.0,paper,0,1,,0.3806962461403335,0.5776801833672878,0.07810590322972077,26.254226224308184,18.98039743584641,0.04540109996066297,nan
paper,NCJT-grid-3x3,grid_mixture,2,concentrated,NCJT-grid-3x3/concentrated,2,0.007918853308659823,0.051028764232107615,1.0,0.11858974358974356,0.8095703125,0.055363814237084884,177,0,0,0,2150400,2155776,0,0.20614230001228862,0.7606270163231219,1.1046363293215788,0.35,0.0525,0.0,0.0,paper,0,1,,0.32616797628947203,0.5722624520642822,0.082505433831481,25.522522399064304,18.99734746351981,0.044357339903876206,nan
paper,NCJT-grid-3x3,grid_mixture,2,concentrated,NCJT-grid-3x3/concentrated,3,0.008793561324016652,0.05698512749479631,1.0,0.23076923076923078,0.7509765625,0.029682039429016253,189,0,0,0,2150400,2155776,0,0.2118793999979971,0.7529910002888088,1.0807327496059902,0.35,0.0525,0.0,0.0,paper,0,1,,0.36038446450489264,0.601464010132849,0.03991908985935174,24.63304114861705,18.622128878144583,0.0218536852983694,nan
paper,NCJT-grid-3x3,grid_mixture,2,concentrated,NCJT-grid-3x3/concentrated,4,0.007897829163570291,0.04836285063391116,1.0,0.1346153846153846,0.802734375,0.05083389767609635,183,0,0,0,2150400,2155776,0,0.20947050000540912,0.761774822463235,1.0973546217543446,0.35,0.0525,0.0,0.0,paper,0,1,,0.3720322532278038,0.5684227577599668,0.08635195498833859,26.58902661171436,18.25683413860154,0.04839787846856525,nan
paper,NCJT-grid-3x3,grid_mixture,2,concentrated,NCJT-grid-3x3/concentrated,5,0.007235718898973342,0.04763534526672891,1.0,0.1474358974358974,0.78125,0.034783902402900746,191,0,0,0,2150400,2155776,0,0.20702480000909418,0.7616234582024312,1.1062956042518082,0.35,0.0525,0.0,0.0,paper,0,1,,0.3476160437337019,0.58397659703401,0.05902590444660162,26.30401328705883,18.49142278080579,0.03066875598442871,nan
normalized-only,NCJT-grid-3x3,grid_mixture,2,concentrated,NCJT-grid-3x3/concentrated,0,0.009565046848996617,0.057222590951745166,1.0,0.08974358974358969,0.861328125,0.05478223237916883,89,0,0,0,2150400,2155776,0,0.22659969999222085,0.7812624904038592,1.1272682436955732,0.35,0.0525,0.0,0.0,constant,0,1,2.0,0.28704457038516745,0.609275325588149,0.047899430789556656,25.717299846434337,18.970342365969465,0.047899430789556656,nan
normalized-only,NCJT-grid-3x3,grid_mixture,2,concentrated,NCJT-grid-3x3/concentrated,1,0.008967093859808761,0.05362330842719948,1.0,0.10576923076923074,0.7958984375,0.07609721008252333,90,0,0,0,2150400,2155776,0,0.20719539999845438,0.8025465762878135,1.1631276473488128,0.35,0.0525,0.0,0.0,constant,0,1,2.0,0.36633688592040475,0.6014343879898736,0.07396548287510311,25.88123933508446,18.383163275224078,0.07396548287510311,nan
normalized-only,NCJT-grid-3x3,grid_mixture,2,concentrated,NCJT-grid-3x3/concentrated,2,0.008847353055078111,0.055900337068963184,1.0,0.13141025641025636,0.86328125,0.11355559296335269,89,0,0,0,2150400,2155776,0,0.21389739999722224,0.8195230100736686,1.190169255384138,0.35,0.0525,0.0,0.0,constant,0,1,2.0,0.29087293027806943,0.5866683659577725,0.07712284221206812,25.447414786533948,18.100543043666242,0.07712284221206812,nan
normalized-only,NCJT-grid-3x3,grid_mixture,2,concentrated,NCJT-grid-3x3/concentrated,3,0.008973131587063032,0.0577724799102074,1.0,0.1474358974358974,0.802734375,0.05072941412338145,94,0,0,0,2150400,2155776,0,0.20758840000780765,0.7907721781846831,1.1349583064255278,0.35,0.0525,0.0,0.0,constant,0,1,2.0,0.28882624545076857,0.6205884826390589,0.03716619843065528,24.51741165932888,18.22972856919042,0.03716619843065528,nan
normalized-only,NCJT-grid-3x3,grid_mixture,2,concentrated,NCJT-grid-3x3/concentrated,4,0.007000355062832919,0.04502658611872527,1.0,0.11858974358974356,0.82421875,0.09105494773361286,92,0,0,0,2150400,2155776,0,0.20732889999635518,0.7909645250391184,1.139403077655926,0.35,0.0525,0.0,0.0,constant,0,1,2.0,0.3804104955496481,0.5861829272674102,0.0798267915179581,25.794947053790835,18.390307798855723,0.0798267915179581,nan
normalized-only,NCJT-grid-3x3,grid_mixture,2,concentrated,NCJT-grid-3x3/concentrated,5,0.008393752013232558,0.052940647677345826,1.0,0.1891025641025641,0.8310546875,0.06614033116451815,95,0,0,0,2150400,2155776,0,0.204778899991652,0.817886934264524,1.188021075778548,0.35,0.0525,0.0,0.0,constant,0,1,2.0,0.31097238991197473,0.5949626574074516,0.05084312271832224,25.30890100046435,18.054668099261388,0.05084312271832224,nan
abc,NCJT-grid-3x3,grid_mixture,2,concentrated,NCJT-grid-3x3/concentrated,0,0.009333793232556564,0.05643570357420982,1.0,0.08974358974358969,0.8603515625,0.053783656555091514,88,0,0,0,2150400,2155776,0,0.21239770000101998,0.7786625185079362,1.123516795509113,0.35,0.0525,0.0,0.0,abc,0,1,2.0,0.3049953237182544,0.6108544950588675,0.046709458226337826,25.761209093945453,18.930558620443943,0.046811779805423274,nan
abc,NCJT-grid-3x3,grid_mixture,2,concentrated,NCJT-grid-3x3/concentrated,1,0.008448826552108102,0.05180917668407171,1.0,0.06410256410256406,0.8115234375,0.07490662367478754,89,0,0,0,2150400,2155776,0,0.2306100999994669,0.7956596621991123,1.1531464694107842,0.35,0.0525,0.0,0.0,abc,0,1,2.0,0.36160139308152156,0.6013968351499042,0.07698296835642245,25.853633741120312,18.434174689954013,0.07214086872839276,nan
abc,NCJT-grid-3x3,grid_mixture,2,concentrated,NCJT-grid-3x3/concentrated,2,0.008500638595842602,0.05505092443507407,1.0,0.13141025641025636,0.859375,0.11184041320461485,88,0,0,0,2150400,2155776,0,0.21718700000201352,0.8122165523663254,1.1795583009360588,0.35,0.0525,0.0,0.0,abc,0,1,2.0,0.29482572280873465,0.5873135550855741,0.07695096887049285,25.488315901637755,18.27681279724669,0.07656310982996997,nan
abc,NCJT-grid-3x3,grid_mixture,2,concentrated,NCJT-grid-3x3/concentrated,3,0.008800745180604364,0.0570939942049781,1.0,0.10576923076923074,0.8037109375,0.05040643729458928,93,0,0,0,2150400,2155776,0,0.21349510000436567,0.7874343316782663,1.1301676515156296,0.35,0.0525,0.0,0.0,abc,0,1,2.0,0.30051315777069443,0.6213464879727864,0.037276785364865214,24.688548112195065,18.235481337276184,0.03587269625889872,nan
abc,NCJT-grid-3x3,grid_mixture,2,concentrated,NCJT-grid-3x3/concentrated,4,0.006675417176834397,0.043964724282112996,1.0,0.10576923076923074,0.8232421875,0.08964006336220055,91,0,0,0,2150400,2155776,0,0.21865120000438765,0.7851032083556435,1.130959712553127,0.35,0.0525,0.0,0.0,abc,0,1,2.0,0.37495642545991403,0.5853913591298634,0.08129852967341776,25.734121104816886,18.509560468033083,0.07590632820880788,nan
abc,NCJT-grid-3x3,grid_mixture,2,concentrated,NCJT-grid-3x3/concentrated,5,0.007882907048197718,0.05093740383177429,1.0,0.1891025641025641,0.841796875,0.06505867593531685,94,0,0,0,2150400,2155776,0,0.22823649999918416,0.8099554386904511,1.1765001876096766,0.35,0.0525,0.0,0.0,abc,0,1,2.0,0.31700004800371856,0.5964706668959545,0.05137175193081372,25.343475361514976,18.216021100275196,0.05153332068706753,nan
normalized-crossfit,NCJT-grid-3x3,grid_mixture,2,concentrated,NCJT-grid-3x3/concentrated,0,0.006821882692033543,0.04820492282702085,1.0,0.10576923076923074,0.890625,0.07629830523206053,95,0,0,0,2150400,2155776,0,0.20678130000305828,0.7048855395903137,1.0170654472476057,0.35,0.0525,0.0,0.0,constant,1,0,2.0,0.45933441026862587,0.5665734696170505,0.07461370962382285,25.846598416229646,19.63482379819734,0.07461370962382285,nan
normalized-crossfit,NCJT-grid-3x3,grid_mixture,2,concentrated,NCJT-grid-3x3/concentrated,1,0.003551740612753207,0.03255542289316708,1.0,0.11538461538461531,0.828125,0.17266769112688424,94,0,0,0,2150400,2155776,0,0.20983179999166168,0.7002836501784925,1.0149183842718705,0.35,0.0525,0.0,0.0,constant,1,0,2.0,0.4460702379210435,0.580004916955311,0.14640341737531423,26.133947059552952,18.361767622247704,0.14640341737531423,nan
normalized-crossfit,NCJT-grid-3x3,grid_mixture,2,concentrated,NCJT-grid-3x3/concentrated,2,0.0036547953128281963,0.0326090914868436,1.0,0.08974358974358969,0.921875,0.0984307043040302,94,0,0,0,2150400,2155776,0,0.20876799999678042,0.7080205536772216,1.0282375049981027,0.35,0.0525,0.0,0.0,constant,1,0,2.0,0.42559320583009724,0.5653845292865719,0.06509184404726892,25.872595652015384,17.708144986371266,0.06509184404726892,nan
normalized-crossfit,NCJT-grid-3x3,grid_mixture,2,concentrated,NCJT-grid-3x3/concentrated,3,0.005148341065380313,0.04327709017568949,1.0,0.17628205128205127,0.8828125,0.09504576740951103,98,0,0,0,2150400,2155776,0,0.23752460000105202,0.6957757007259192,0.9986143072973628,0.35,0.0525,0.0,0.0,constant,1,0,2.0,0.4461838266686577,0.5658191609490428,0.0634051586529799,23.87322931356593,18.839643269907896,0.0634051586529799,nan
normalized-crossfit,NCJT-grid-3x3,grid_mixture,2,concentrated,NCJT-grid-3x3/concentrated,4,0.003112339871054526,0.033657922032242035,1.0,0.11858974358974356,0.8779296875,0.11588489369978822,97,0,0,0,2150400,2155776,0,0.23134600000048522,0.6900820198732012,0.9940794465335301,0.35,0.0525,0.0,0.0,constant,1,0,2.0,0.45025227224616177,0.5580315577317417,0.10630689512038002,25.696504784929424,18.41343109807663,0.10630689512038002,nan
normalized-crossfit,NCJT-grid-3x3,grid_mixture,2,concentrated,NCJT-grid-3x3/concentrated,5,0.0033263914607041256,0.033076028566626725,1.0,0.1314102564102564,0.87890625,0.09271150307600287,101,0,0,0,2150400,2155776,0,0.21439979999559,0.6952103766505201,1.0098273305997538,0.35,0.0525,0.0,0.0,constant,1,0,2.0,0.4020015181437892,0.5797730474889318,0.07973919955381825,25.750150623021916,17.820004936090644,0.07973919955381825,nan
paper,NCJT-ring-142,ring,2,covered,NCJT-ring-142/covered,0,0.009149585256428505,0.07407637627946156,nan,nan,0.79296875,0.06603530956165292,5,0,0,0,2150400,2155776,0,0.19838410000375006,1.4772340213551336,1.0399660071445218,0.35,0.0525,0.0,0.0,paper,0,1,,0.3316418946325345,0.5317941607838825,0.10452823920722243,11.989912799242884,9.033200280164266,0.05305559710987702,nan
paper,NCJT-ring-142,ring,2,covered,NCJT-ring-142/covered,1,0.008030583984450557,0.06095369174396076,nan,nan,0.8798828125,0.04900005247306554,1,0,0,0,2150400,2155776,0,0.19858080000267364,1.4743795792162284,1.0389852957563135,0.35,0.0525,0.0,0.0,paper,0,1,,0.4117183915102597,0.5621236990504791,0.06483723519991308,11.39201880939777,8.847737108379565,0.03354757834170094,nan
paper,NCJT-ring-142,ring,2,covered,NCJT-ring-142/covered,2,0.01118503442013119,0.07655300420197916,nan,nan,0.826171875,0.05995196892726121,1,0,0,0,2150400,2155776,0,0.19792389999201987,1.4695670071882443,1.0377146897901826,0.35,0.0525,0.0,0.0,paper,0,1,,0.37846664745917036,0.5345048837156137,0.05703879190259102,12.244220377560598,8.92706841233465,0.031345601532839884,nan
paper,NCJT-ring-142,ring,2,covered,NCJT-ring-142/covered,3,0.017973564544511378,0.12246240283731563,nan,nan,0.787109375,0.05130570083383093,59,0,0,0,2150400,2155776,0,0.19638510000368115,1.4776772997459193,1.0395125046809028,0.35,0.0525,0.0,0.0,paper,0,1,,0.3943269131470591,0.542342378719066,0.07741106647713097,12.147948799634154,9.042751577031144,0.0428979664703968,nan
paper,NCJT-ring-142,ring,2,covered,NCJT-ring-142/covered,4,0.008687483560671616,0.07020450672169522,nan,nan,0.7724609375,0.055730063530626504,1,0,0,0,2150400,2155776,0,0.1994764999981271,1.4743952600228258,1.0374706205242576,0.35,0.0525,0.0,0.0,paper,0,1,,0.4029574856229935,0.5504312517539183,0.0704321608024227,11.531648256634519,8.957297401491413,0.038284664179979014,nan
paper,NCJT-ring-142,ring,2,covered,NCJT-ring-142/covered,5,0.010272873667202198,0.08296885197851052,nan,nan,0.798828125,0.05707199805341138,1,0,0,0,2150400,2155776,0,0.20120029999816325,1.4720795309141652,1.0345901971297404,0.35,0.0525,0.0,0.0,paper,0,1,,0.4212665906099919,0.54274034891906,0.09398559889361535,11.933172174120141,9.051298873002128,0.05068892114603908,nan
normalized-only,NCJT-ring-142,ring,2,covered,NCJT-ring-142/covered,0,0.008257702972958247,0.06097999072327833,nan,nan,0.794921875,0.13140195519342085,3,0,0,0,2150400,2155776,0,0.1990488000010373,1.5054069476468595,1.0597996186384584,0.35,0.0525,0.0,0.0,constant,0,1,2.0,0.2833133654550874,0.5455728997446856,0.09851239093764844,12.243610140192398,9.139141336694307,0.09851239093764844,nan
normalized-only,NCJT-ring-142,ring,2,covered,NCJT-ring-142/covered,1,0.010346744474082348,0.07412684920078963,nan,nan,0.841796875,0.09246110173247009,1,0,0,0,2150400,2155776,0,0.19994550000410527,1.5145322057820725,1.0672805795326143,0.35,0.0525,0.0,0.0,constant,0,1,2.0,0.30521496730525927,0.5791913749977708,0.07828466091121225,11.636932630605276,9.038990085988694,0.07828466091121225,nan
normalized-only,NCJT-ring-142,ring,2,covered,NCJT-ring-142/covered,2,0.012378901528045327,0.08248057021195457,nan,nan,0.84375,0.1199929617877479,1,0,0,0,2150400,2155776,0,0.19998320000013337,1.4899920296574825,1.0521375407060973,0.35,0.0525,0.0,0.0,constant,0,1,2.0,0.3263852880069371,0.5391817459257738,0.06079123002989579,12.084224171231817,9.19993972007752,0.06079123002989579,nan
normalized-only,NCJT-ring-142,ring,2,covered,NCJT-ring-142/covered,3,0.009779224443541068,0.07532459743423645,nan,nan,0.8671875,0.09044895739316358,29,0,0,0,2150400,2155776,0,0.19834040000569075,1.5062790530152088,1.0596331901542038,0.35,0.0525,0.0,0.0,constant,0,1,2.0,0.3059417063208008,0.5656262219145093,0.08115161761121897,12.290909199420133,9.081955631342783,0.08115161761121897,nan
normalized-only,NCJT-ring-142,ring,2,covered,NCJT-ring-142/covered,4,0.008173210210500104,0.06220863807292566,nan,nan,0.7978515625,0.11373623360067925,1,0,0,0,2150400,2155776,0,0.2038477000023704,1.4933321646909308,1.0507957327038255,0.35,0.0525,0.0,0.0,constant,0,1,2.0,0.343966818318969,0.5723621382960591,0.07170107134784898,12.007613403962743,9.135094128226232,0.07170107134784898,nan
normalized-only,NCJT-ring-142,ring,2,covered,NCJT-ring-142/covered,5,0.008286071571010911,0.06360290766188027,nan,nan,0.8974609375,0.1144449232742165,1,0,0,0,2150400,2155776,0,0.19792840001173317,1.5021098500834125,1.0556957645781828,0.35,0.0525,0.0,0.0,constant,0,1,2.0,0.3159466739951692,0.5543100530061512,0.09911620075870768,12.12926466520775,9.055264095560023,0.09911620075870768,nan
abc,NCJT-ring-142,ring,2,covered,NCJT-ring-142/covered,0,0.008207526234669693,0.061952309004687255,nan,nan,0.7802734375,0.12462807094104003,3,0,0,0,2150400,2155776,0,0.2137967999879038,1.4983186229080503,1.0548094703820563,0.35,0.0525,0.0,0.0,abc,0,1,2.0,0.2839515239829099,0.5412493857475399,0.09949797490822851,12.139028686685304,9.1347172114154,0.09342361946539868,nan
abc,NCJT-ring-142,ring,2,covered,NCJT-ring-142/covered,1,0.01009913522707162,0.07244694459297953,nan,nan,0.81640625,0.09077009437502552,1,0,0,0,2150400,2155776,0,0.21554900000046473,1.5066185119028035,1.0617038530969105,0.35,0.0525,0.0,0.0,abc,0,1,2.0,0.2936349438035392,0.569912386189547,0.07669812463184614,11.64410451363882,9.13965792549158,0.07259814557231478,nan
abc,NCJT-ring-142,ring,2,covered,NCJT-ring-142/covered,2,0.012389546293663845,0.08214951907588747,nan,nan,0.8525390625,0.11639850810098488,1,0,0,0,2150400,2155776,0,0.2127872999990359,1.4891769901174565,1.0515620116561746,0.35,0.0525,0.0,0.0,abc,0,1,2.0,0.33695070745800076,0.5378061611737182,0.06053613649100903,12.247744029413251,9.22552520414768,0.054991383926788776,nan
abc,NCJT-ring-142,ring,2,covered,NCJT-ring-142/covered,3,0.010058189814963647,0.07849272399894465,nan,nan,0.8642578125,0.08689415199516042,32,0,0,0,2150400,2155776,0,0.2099037000007229,1.4999674720682181,1.0551931359422113,0.35,0.0525,0.0,0.0,abc,0,1,2.0,0.33166120716787073,0.5622899658543724,0.07947910628022364,12.313748319055659,9.097055516127808,0.07753118736021272,nan
abc,NCJT-ring-142,ring,2,covered,NCJT-ring-142/covered,4,0.008185408459899568,0.06265005679747956,nan,nan,0.8017578125,0.1095514941516368,1,0,0,0,2150400,2155776,0,0.21384760001092218,1.491026454980395,1.049173300681017,0.35,0.0525,0.0,0.0,abc,0,1,2.0,0.3323197765386865,0.5684591887736059,0.07507531774849649,12.010316884656008,9.17315084183355,0.0703570124499488,nan
abc,NCJT-ring-142,ring,2,covered,NCJT-ring-142/covered,5,0.008410706981547333,0.06568879463419063,nan,nan,0.8876953125,0.11000740181299516,1,0,0,0,2150400,2155776,0,0.2190217000024859,1.4957791506904878,1.0512464944162456,0.35,0.0525,0.0,0.0,abc,0,1,2.0,0.34249069085646855,0.5531119156780198,0.09962112343286156,12.199656550255401,9.087712928442292,0.09659337367753111,nan
normalized-crossfit,NCJT-ring-142,ring,2,covered,NCJT-ring-142/covered,0,0.001959799261380679,0.02915851305732016,nan,nan,1.0,0.24831229577926983,2,0,0,0,2150400,2155776,0,0.21508999999787193,1.4168876877963474,0.9974824638130656,0.35,0.0525,0.0,0.0,constant,1,0,2.0,0.30838866682502214,0.47392886089913605,0.17644721398554128,11.297348128090011,8.522745205677584,0.17644721398554128,nan
normalized-crossfit,NCJT-ring-142,ring,2,covered,NCJT-ring-142/covered,1,0.005032313511527553,0.05335091662627762,nan,nan,0.9990234375,0.22010890575912087,1,0,0,0,2150400,2155776,0,0.21512920000532176,1.4166150515487317,0.9982790246515941,0.35,0.0525,0.0,0.0,constant,1,0,2.0,0.30897845101822546,0.5587500682389988,0.12833695505268805,10.501109178180165,8.493608819464601,0.12833695505268805,nan
normalized-crossfit,NCJT-ring-142,ring,2,covered,NCJT-ring-142/covered,2,0.0073988887290281635,0.061590623251133715,nan,nan,0.9951171875,0.19903770419876565,1,0,0,0,2150400,2155776,0,0.21618770000350196,1.420834702732064,1.0033030379538617,0.35,0.0525,0.0,0.0,constant,1,0,2.0,0.3305725675448714,0.4931254305322442,0.14396444466534744,10.832555734759962,8.555629517427912,0.14396444466534744,nan
normalized-crossfit,NCJT-ring-142,ring,2,covered,NCJT-ring-142/covered,3,0.004308299407037586,0.05428274272425714,nan,nan,0.9990234375,0.16330746460422346,28,0,0,0,2150400,2155776,0,0.20625269999436568,1.4215059699894017,0.9999972467172767,0.35,0.0525,0.0,0.0,constant,1,0,2.0,0.40152595259054635,0.551572978788592,0.09683819566018276,10.600773280171053,7.475499842343449,0.09683819566018276,nan
normalized-crossfit,NCJT-ring-142,ring,2,covered,NCJT-ring-142/covered,4,0.003262390878455923,0.04279657289196159,nan,nan,0.998046875,0.14163174105239354,1,0,0,0,2150400,2155776,0,0.20847900000808295,1.4175690543564705,0.9974843831473142,0.35,0.0525,0.0,0.0,constant,1,0,2.0,0.3861061167563008,0.5045642306516016,0.0852988561039563,10.800538012353877,7.525316913734343,0.0852988561039563,nan
normalized-crossfit,NCJT-ring-142,ring,2,covered,NCJT-ring-142/covered,5,0.004007737281929602,0.052242979964381535,nan,nan,0.998046875,0.15073265580930129,1,0,0,0,2150400,2155776,0,0.21027470000262838,1.4189135347077362,0.9972246762182104,0.35,0.0525,0.0,0.0,constant,1,0,2.0,0.445809558283714,0.5352948552556032,0.12036294947369008,10.913778633091267,7.894312489921729,0.12036294947369008,nan
paper,NCJT-ring-142,ring,2,missing,NCJT-ring-142/missing,0,0.00883708742813094,0.06975018818023856,nan,nan,0.8359375,0.04988913676955969,66,0,0,0,2150400,2155776,0,0.21485070000926498,1.48740853214177,1.0455803228250218,0.35,0.0525,0.0,0.0,paper,0,1,,0.3493629821771367,0.5700611666328896,0.07826745851497173,11.825994021580483,8.737815712292507,0.041702283469324225,nan
paper,NCJT-ring-142,ring,2,missing,NCJT-ring-142/missing,1,0.008717852785784519,0.06645901258081412,nan,nan,0.8369140625,0.07351126612222567,68,0,0,0,2150400,2155776,0,0.20763350000197534,1.4863086313771265,1.0470511287949267,0.35,0.0525,0.0,0.0,paper,0,1,,0.37637307547186,0.5322530570459283,0.08379411180459531,11.151358282848248,8.92948048362388,0.04130537898417416,nan
paper,NCJT-ring-142,ring,2,missing,NCJT-ring-142/missing,2,0.00791307559290777,0.06089410752534345,nan,nan,0.8974609375,0.05397511594948137,68,0,0,0,2150400,2155776,0,0.20413660000485834,1.4858238780307473,1.0456889487753844,0.35,0.0525,0.0,0.0,paper,0,1,,0.3755930182290782,0.5355975985850681,0.08211992068717602,12.079836653682875,8.92300359177727,0.04296930105928383,nan
paper,NCJT-ring-142,ring,2,missing,NCJT-ring-142/missing,3,0.0075044307080907036,0.06043576151233947,nan,nan,0.8505859375,0.04332373566034282,61,0,0,0,2150400,2155776,0,0.2043439999979455,1.4862999629310638,1.0453643233663963,0.35,0.0525,0.0,0.0,paper,0,1,,0.3592967993264413,0.573240756368298,0.06268926304194893,12.041485714046992,8.886023161489268,0.03127619988543439,nan
paper,NCJT-ring-142,ring,2,missing,NCJT-ring-142/missing,4,0.008436585444405287,0.06637432460528672,nan,nan,0.810546875,0.05363188746386119,68,0,0,0,2150400,2155776,0,0.20040780000272207,1.4848108384832122,1.0464901883310243,0.35,0.0525,0.0,0.0,paper,0,1,,0.3804200997509891,0.5382347753904657,0.08779673332209552,12.340111617150239,8.862731971899406,0.04355407767387884,nan
paper,NCJT-ring-142,ring,2,missing,NCJT-ring-142/missing,5,0.007448755233937732,0.05956530703467464,nan,nan,0.8046875,0.038270235541961815,61,0,0,0,2150400,2155776,0,0.19861110000056215,1.4854407197027564,1.0461963312528044,0.35,0.0525,0.0,0.0,paper,0,1,,0.38554912884782494,0.5610501879542056,0.06502338329157534,11.715845887258093,8.759135398137023,0.0308109959162038,nan
normalized-only,NCJT-ring-142,ring,2,missing,NCJT-ring-142/missing,0,0.009124085902857182,0.06630352021614873,nan,nan,0.896484375,0.09551890979911169,30,0,0,0,2150400,2155776,0,0.1971919999923557,1.5250416605378925,1.072034694765913,0.35,0.0525,0.0,0.0,constant,0,1,2.0,0.23924877452866106,0.5795756547280486,0.08024130525299308,12.014460254955612,9.096258771429937,0.08024130525299308,nan
normalized-only,NCJT-ring-142,ring,2,missing,NCJT-ring-142/missing,1,0.010332063461748087,0.07347989322137982,nan,nan,0.89453125,0.14087741144795815,30,0,0,0,2150400,2155776,0,0.20177980000153184,1.5100030527544799,1.0637429989257714,0.35,0.0525,0.0,0.0,constant,0,1,2.0,0.3094003383268336,0.5331769841019192,0.08492576755389311,11.081956157738194,9.09755049700834,0.08492576755389311,nan
normalized-only,NCJT-ring-142,ring,2,missing,NCJT-ring-142/missing,2,0.009386035177555874,0.06842547934653695,nan,nan,0.9453125,0.10684996810355242,30,0,0,0,2150400,2155776,0,0.20715809999092016,1.525369672106846,1.0735203764750998,0.35,0.0525,0.0,0.0,constant,0,1,2.0,0.25369976995521315,0.5581756246559644,0.09056180244294902,12.52468283290466,9.006792986477759,0.09056180244294902,nan
normalized-only,NCJT-ring-142,ring,2,missing,NCJT-ring-142/missing,3,0.008596968733911137,0.06354418864772608,nan,nan,0.84375,0.07823762172871886,28,0,0,0,2150400,2155776,0,0.20278150000376627,1.5195801674766427,1.0687714009240628,0.35,0.0525,0.0,0.0,constant,0,1,2.0,0.2984505960416001,0.5931459236593486,0.05759288922005393,11.992874920697908,9.004654847514235,0.05759288922005393,nan
normalized-only,NCJT-ring-142,ring,2,missing,NCJT-ring-142/missing,4,0.008871756859810898,0.06824346818829055,nan,nan,0.869140625,0.10396842985429644,30,0,0,0,2150400,2155776,0,0.20095230000151787,1.5031614662399297,1.0594236552746905,0.35,0.0525,0.0,0.0,constant,0,1,2.0,0.324092577234591,0.5447104521715123,0.08501905895780969,12.430431862794993,9.123110612772575,0.08501905895780969,nan
normalized-only,NCJT-ring-142,ring,2,missing,NCJT-ring-142/missing,5,0.008412999093322604,0.06240954352994852,nan,nan,0.861328125,0.07401383127641833,28,0,0,0,2150400,2155776,0,0.20632570001180284,1.5146668183938286,1.066780281067746,0.35,0.0525,0.0,0.0,constant,0,1,2.0,0.30490304457451456,0.5791300434323803,0.06835042030754056,11.68858158239436,9.092997555745555,0.06835042030754056,nan
abc,NCJT-ring-142,ring,2,missing,NCJT-ring-142/missing,0,0.008927840441321111,0.06592766175686049,nan,nan,0.884765625,0.09377087797620796,30,0,0,0,2150400,2155776,0,0.20983740000519902,1.515265087431564,1.0651622100088718,0.35,0.0525,0.0,0.0,abc,0,1,2.0,0.25973620487627697,0.5758567004947437,0.08073716308518754,11.970960324700656,9.08624809590559,0.07752398354968154,nan
abc,NCJT-ring-142,ring,2,missing,NCJT-ring-142/missing,1,0.010043174595991466,0.07254353246165832,nan,nan,0.890625,0.13623276235764098,30,0,0,0,2150400,2155776,0,0.2096122000075411,1.5029480283111982,1.058772987212814,0.35,0.0525,0.0,0.0,abc,0,1,2.0,0.315079153453402,0.5330897722896746,0.08697455958659396,11.073071022110284,9.116535522317726,0.08299777846586945,nan
abc,NCJT-ring-142,ring,2,missing,NCJT-ring-142/missing,2,0.009222378034381196,0.06807275332696697,nan,nan,0.9404296875,0.10438221998446982,30,0,0,0,2150400,2155776,0,0.2091465999983484,1.5171659261051096,1.0677467671937995,0.35,0.0525,0.0,0.0,abc,0,1,2.0,0.27746079282028774,0.55018438646119,0.08911245589116487,12.603461078001928,9.089112076962865,0.08898727026186579,nan
abc,NCJT-ring-142,ring,2,missing,NCJT-ring-142/missing,3,0.008395108205330848,0.06312278619551231,nan,nan,0.84375,0.0765028667604154,28,0,0,0,2150400,2155776,0,0.2133486999955494,1.5113588309348116,1.0629890608005588,0.35,0.0525,0.0,0.0,abc,0,1,2.0,0.2981598765523683,0.5910031311718934,0.056620444847589185,12.062951792784421,9.104815682710733,0.055786692336873195,nan
abc,NCJT-ring-142,ring,2,missing,NCJT-ring-142/missing,4,0.008814385859637452,0.0678578040381376,nan,nan,0.8720703125,0.10010114152959916,30,0,0,0,2150400,2155776,0,0.21135369999683462,1.4999499701915946,1.0571602025726077,0.35,0.0525,0.0,0.0,abc,0,1,2.0,0.32753965068392665,0.5447903181534872,0.0851878191650576,12.43197507211655,9.12760384105401,0.07854677811303326,nan
abc,NCJT-ring-142,ring,2,missing,NCJT-ring-142/missing,5,0.008165965308011724,0.06185448924177449,nan,nan,0.8623046875,0.07193482450406478,28,0,0,0,2150400,2155776,0,0.21419530001003295,1.504927122459154,1.0599206103860286,0.35,0.0525,0.0,0.0,abc,0,1,2.0,0.32398891436371785,0.5717537025783596,0.06742861867016416,11.758469364983206,9.138138978049735,0.06755456700317272,nan
normalized-crossfit,NCJT-ring-142,ring,2,missing,NCJT-ring-142/missing,0,0.00312355817374943,0.042285068604096886,nan,nan,0.9970703125,0.11709399398638436,32,0,0,0,2150400,2155776,0,0.2030926999868825,1.421779478024054,0.9994460926466502,0.35,0.0525,0.0,0.0,constant,1,0,2.0,0.3921484607950886,0.5361118979573622,0.08022490633016374,11.245201809270572,8.045970303512984,0.08022490633016374,nan
normalized-crossfit,NCJT-ring-142,ring,2,missing,NCJT-ring-142/missing,1,0.0036475952558752134,0.04162052491703459,nan,nan,0.9990234375,0.17555911458834925,32,0,0,0,2150400,2155776,0,0.20230950000404846,1.4169196203989622,0.9981690589899941,0.35,0.0525,0.0,0.0,constant,1,0,2.0,0.4004567576985062,0.5194898359380578,0.10244374793483876,10.425420509361146,7.93323570869854,0.10244374793483876,nan
normalized-crossfit,NCJT-ring-142,ring,2,missing,NCJT-ring-142/missing,2,0.0034653019155210796,0.042112196741313467,nan,nan,1.0,0.15438193393789865,31,0,0,0,2150400,2155776,0,0.20904249999148306,1.4192858406446753,0.9988609960169222,0.35,0.0525,0.0,0.0,constant,1,0,2.0,0.42743408169603286,0.5262512389447083,0.11537779211707691,11.77216936380406,7.589241604745278,0.11537779211707691,nan
normalized-crossfit,NCJT-ring-142,ring,2,missing,NCJT-ring-142/missing,3,0.002425655280717809,0.03577234447712854,nan,nan,0.9990234375,0.14077686855733543,31,0,0,0,2150400,2155776,0,0.19825240000500344,1.4184031097997833,0.9976102025950291,0.35,0.0525,0.0,0.0,constant,1,0,2.0,0.3364921061874488,0.5616166922976042,0.12898270821063076,11.18980418553509,7.663622661898228,0.12898270821063076,nan
normalized-crossfit,NCJT-ring-142,ring,2,missing,NCJT-ring-142/missing,4,0.0035872890233157317,0.045941618172333165,nan,nan,0.9970703125,0.1543340739480985,32,0,0,0,2150400,2155776,0,0.19546499999705702,1.4170880177939025,0.9987593491287314,0.35,0.0525,0.0,0.0,constant,1,0,2.0,0.373142257750975,0.5297142634875851,0.12075034554643851,11.459526521435471,8.262343693652065,0.12075034554643851,nan
normalized-crossfit,NCJT-ring-142,ring,2,missing,NCJT-ring-142/missing,5,0.0023038426019226232,0.033191118105432627,nan,nan,0.9873046875,0.1579113779426953,30,0,0,0,2150400,2155776,0,0.20344610000029206,1.4252755321991635,1.0038219721817865,0.35,0.0525,0.0,0.0,constant,1,0,2.0,0.3645192906673774,0.5334216875761529,0.14240568521997338,11.125108464123818,8.10482337659557,0.14240568521997338,nan
paper,NCJT-ring-142,ring,2,far,NCJT-ring-142/far,0,7.596141981760853,2.965330707230477,nan,nan,0.0,0.008584261622265598,400,1,0,0,2150400,2155776,0,0.19996929999615531,0.506914486355342,0.35704881052219595,0.35,0.0525,0.0,0.0,paper,0,1,,0.0003153810595753736,0.0006223578328586464,3.847241042203366,30.997434522790535,40.66378780292305,0.0023914081467757333,nan
paper,NCJT-ring-142,ring,2,far,NCJT-ring-142/far,1,7.507131167156335,3.193325153400937,nan,nan,0.0,0.019815433079012106,400,1,0,0,2150400,2155776,0,0.20589359999576118,0.46717496342197457,0.3280254818224253,0.35,0.0525,0.0,0.0,paper,0,1,,0.00039749125431987574,0.0007034835812086003,3.8799222190925784,29.241591107023126,40.04671460026922,0.002732864937409845,nan
paper,NCJT-ring-142,ring,2,far,NCJT-ring-142/far,2,7.757512828953289,3.116637559355214,nan,nan,0.0,0.03516397144944839,400,1,0,0,2150400,2155776,0,0.19978690000425559,0.3137937369746199,0.22077854714332776,0.35,0.0525,0.0,0.0,paper,0,1,,0.0013618245278069728,0.0029456169093105187,3.8781575993677952,26.576515927971897,40.72777186567677,0.01142341153268711,nan
paper,NCJT-ring-142,ring,2,far,NCJT-ring-142/far,3,7.719379010626686,2.9966331218143987,nan,nan,0.0,0.02662270227736636,400,1,0,0,2150400,2155776,0,0.20434650000242982,0.29090237750566894,0.20491367729096274,0.35,0.0525,0.0,0.0,paper,0,1,,0.0013649482158845214,0.003246553880188759,3.8188264156813654,23.82674721237322,39.76020707586456,0.012389153023507956,nan
paper,NCJT-ring-142,ring,2,far,NCJT-ring-142/far,4,7.743565005493001,2.97157744081819,nan,nan,0.0,0.045636463814969205,400,1,0,0,2150400,2155776,0,0.19537850000779144,0.32519022386257607,0.2291654556301495,0.35,0.0525,0.0,0.0,paper,0,1,,0.0012486822119774847,0.0028372894137534232,3.878354729488006,26.41024321403277,41.61082767209707,0.011004016249130472,nan
paper,NCJT-ring-142,ring,2,far,NCJT-ring-142/far,5,7.82268931709399,2.693991084925121,nan,nan,0.0,0.0050595459427204255,400,1,0,0,2150400,2155776,0,0.19852910000190604,0.499633267138768,0.35158870394802605,0.35,0.0525,0.0,0.0,paper,0,1,,0.00022352505016893254,0.00038268068703802157,3.9168371190503795,27.456692293481005,40.61514266585857,0.0015001974377057224,nan
normalized-only,NCJT-ring-142,ring,2,far,NCJT-ring-142/far,0,0.008081655452681025,0.05927316732852568,nan,nan,0.8525390625,0.1046660163185866,179,0,0,0,2150400,2155776,0,0.20952789999137167,1.5133850953782246,1.0659635159608234,0.35,0.0525,0.0,0.0,constant,0,1,2.0,0.3516339119142716,0.5817255654419038,0.08493383549102027,12.240454427498324,9.005315792417418,0.08493383549102027,nan
normalized-only,NCJT-ring-142,ring,2,far,NCJT-ring-142/far,1,0.010501682195250162,0.08104759179577047,nan,nan,0.89453125,0.08917954669322102,219,0,0,0,2150400,2155776,0,0.20431810000445694,1.5175292421825402,1.0655285488767121,0.35,0.0525,0.0,0.0,constant,0,1,2.0,0.3051271265638577,0.573026400030173,0.04727211419351883,11.629228824051278,8.955928718336754,0.04727211419351883,nan
normalized-only,NCJT-ring-142,ring,2,far,NCJT-ring-142/far,2,0.010883075365144546,0.08314773354829841,nan,nan,0.8525390625,0.10180912072821417,174,0,0,0,2150400,2155776,0,0.21417910000309348,1.495496707545196,1.0521994273460067,0.35,0.0525,0.0,0.0,constant,0,1,2.0,0.34487682490083155,0.5643847469650292,0.082098999913755,11.451971753529918,9.084402748642429,0.082098999913755,nan
normalized-only,NCJT-ring-142,ring,2,far,NCJT-ring-142/far,3,0.010654131156912161,0.07729684512452734,nan,nan,0.85546875,0.09752641750247436,241,0,0,0,2150400,2155776,0,0.21765099999902304,1.5088251628392928,1.062827038945428,0.35,0.0525,0.0,0.0,constant,0,1,2.0,0.3170974226685239,0.5623615735758486,0.06627865703451144,11.692114849475413,9.003011501521659,0.06627865703451144,nan
normalized-only,NCJT-ring-142,ring,2,far,NCJT-ring-142/far,4,0.011246133766527944,0.07754829057807906,nan,nan,0.88671875,0.08172523942946505,183,0,0,0,2150400,2155776,0,0.21510449999186676,1.528523352279498,1.0771687608126972,0.35,0.0525,0.0,0.0,constant,0,1,2.0,0.30836646879001584,0.5731454033733682,0.058773177521971205,12.22631031856614,8.918038242900806,0.058773177521971205,nan
normalized-only,NCJT-ring-142,ring,2,far,NCJT-ring-142/far,5,0.01097555994154975,0.07760609592237215,nan,nan,0.91015625,0.12034707996952049,253,0,0,0,2150400,2155776,0,0.21588180000253487,1.5083979542678208,1.0614499006760127,0.35,0.0525,0.0,0.0,constant,0,1,2.0,0.316025858360714,0.5755841996508649,0.10350968897501331,11.78748892696501,9.03870560803393,0.10350968897501331,nan
abc,NCJT-ring-142,ring,2,far,NCJT-ring-142/far,0,0.008063144519499854,0.06240048893817737,nan,nan,0.865234375,0.10224729067760806,191,0,0,0,2150400,2155776,0,0.23227929999120533,1.5039870618063633,1.059343944418872,0.35,0.0525,0.0,0.0,abc,0,1,2.0,0.33751457855243916,0.5872273606283634,0.0841351762008771,12.047808572834384,9.069331883936915,0.082623688068757,nan
abc,NCJT-ring-142,ring,2,far,NCJT-ring-142/far,1,0.011574334496853744,0.08731323021575627,nan,nan,0.8837890625,0.08498162985858565,232,0,0,0,2150400,2155776,0,0.22470310000062454,1.5065957829204635,1.057851653659215,0.35,0.0525,0.0,0.0,abc,0,1,2.0,0.3174235013745172,0.5734230163499587,0.047248593499309294,11.847588663037676,9.052005702742033,0.04476308472836002,nan
abc,NCJT-ring-142,ring,2,far,NCJT-ring-142/far,2,0.012493874166074503,0.09203794615526617,nan,nan,0.8583984375,0.09938306152713373,182,0,0,0,2150400,2155776,0,0.22845950000919402,1.4903312880465405,1.0485651489079026,0.35,0.0525,0.0,0.0,abc,0,1,2.0,0.341101789675036,0.5575003111062313,0.07560622741960851,11.164685152069772,9.146131215008825,0.07392269890192901,nan
abc,NCJT-ring-142,ring,2,far,NCJT-ring-142/far,3,0.010898697940200153,0.07902550774709295,nan,nan,0.865234375,0.0979145168194528,259,0,0,0,2150400,2155776,0,0.23166710000077728,1.4984822441417753,1.0555414143919177,0.35,0.0525,0.0,0.0,abc,0,1,2.0,0.32704732733811487,0.5551002631707624,0.0659387709320214,11.621575401533825,9.137274285548745,0.06322449028544425,nan
abc,NCJT-ring-142,ring,2,far,NCJT-ring-142/far,4,0.01258490335310114,0.08570898678659909,nan,nan,0.896484375,0.08108931083510681,193,0,0,0,2150400,2155776,0,0.22837529999378603,1.5185260587445377,1.070123548011418,0.35,0.0525,0.0,0.0,abc,0,1,2.0,0.3375070139393857,0.5624247588000577,0.05288215441489506,12.095203151780957,9.151895519662244,0.05434278860918944,nan
abc,NCJT-ring-142,ring,2,far,NCJT-ring-142/far,5,0.012246279718779007,0.08316199173934842,nan,nan,0.9150390625,0.11770698302423463,265,0,0,0,2150400,2155776,0,0.23875709999992978,1.501632851380948,1.0566893414568646,0.35,0.0525,0.0,0.0,abc,0,1,2.0,0.3250015162428209,0.5667911392757903,0.10267209645117178,11.645482833395665,9.200748356195469,0.09968715765734482,nan
normalized-crossfit,NCJT-ring-142,ring,2,far,NCJT-ring-142/far,0,0.0025853312981607424,0.03597666448447791,nan,nan,0.9912109375,0.10649406329351885,187,0,0,0,2150400,2155776,0,0.22492320000310428,1.420676000059619,1.0006632077252189,0.35,0.0525,0.0,0.0,constant,1,0,2.0,0.380609725194996,0.5985082638787387,0.062090641689280066,11.283742554877925,8.140681755981193,0.062090641689280066,nan
normalized-crossfit,NCJT-ring-142,ring,2,far,NCJT-ring-142/far,1,0.00639305725742223,0.06642671286027999,nan,nan,0.98046875,0.11104053007533733,223,0,0,0,2150400,2155776,0,0.22785489998932462,1.4145238722571953,0.9932036411963767,0.35,0.0525,0.0,0.0,constant,1,0,2.0,0.3825632193232296,0.5294340294948536,0.07900685903640825,11.03826081186845,7.932367899236654,0.07900685903640825,nan
normalized-crossfit,NCJT-ring-142,ring,2,far,NCJT-ring-142/far,2,0.0062774719578204685,0.06345543421245406,nan,nan,0.99609375,0.15775685575339135,174,0,0,0,2150400,2155776,0,0.2148899000021629,1.4152377246964905,0.9957309273709049,0.35,0.0525,0.0,0.0,constant,1,0,2.0,0.44971290456152585,0.5215231067961243,0.11141775798782755,10.83314074751604,8.186768309721138,0.11141775798782755,nan
normalized-crossfit,NCJT-ring-142,ring,2,far,NCJT-ring-142/far,3,0.006126245218525561,0.061298041738127036,nan,nan,0.9990234375,0.1421816373260669,262,0,0,0,2150400,2155776,0,0.2187127000070177,1.4175171345342008,0.9985090226864541,0.35,0.0525,0.0,0.0,constant,1,0,2.0,0.38388982944647093,0.5269242484655228,0.09719493130270282,11.176412940882306,8.39022845579808,0.09719493130270282,nan
normalized-crossfit,NCJT-ring-142,ring,2,far,NCJT-ring-142/far,4,0.0076302758332065235,0.06452607746361788,nan,nan,0.9931640625,0.13481868874210381,187,0,0,0,2150400,2155776,0,0.21557949999987613,1.4195967605787732,1.0004068836540383,0.35,0.0525,0.0,0.0,constant,1,0,2.0,0.4010290273779631,0.531117823135342,0.11393815054316174,11.501364358732534,7.434432949240488,0.11393815054316174,nan
normalized-crossfit,NCJT-ring-142,ring,2,far,NCJT-ring-142/far,5,0.007230459125022515,0.060112281584060866,nan,nan,0.9970703125,0.1896407362948935,262,0,0,0,2150400,2155776,0,0.2194599000067683,1.4158305740315382,0.9963108329123374,0.35,0.0525,0.0,0.0,constant,1,0,2.0,0.337521899524984,0.5388876065702877,0.12058126103682491,11.53922313439298,8.728435182939998,0.12058126103682491,nan
paper,NCJT-ring-142,ring,2,concentrated,NCJT-ring-142/concentrated,0,0.00780866776990119,0.0587087572706789,nan,nan,0.8134765625,0.04247168259115141,186,0,0,0,2150400,2155776,0,0.2230491000082111,1.4841429548510257,1.0467452856523347,0.35,0.0525,0.0,0.0,paper,0,1,,0.378436962175008,0.5441705036031443,0.058790108054998944,12.029436652606535,8.942317038963079,0.029804878237128872,nan
paper,NCJT-ring-142,ring,2,concentrated,NCJT-ring-142/concentrated,1,0.013106817258183634,0.088393987228625,nan,nan,0.796875,0.05995766775226479,179,0,0,0,2150400,2155776,0,0.2206886000058148,1.4788572732656284,1.045148413769636,0.35,0.0525,0.0,0.0,paper,0,1,,0.38486631101488517,0.5428132180581511,0.07671721298598622,12.407989858054552,8.580136983895816,0.03690594680026314,nan
paper,NCJT-ring-142,ring,2,concentrated,NCJT-ring-142/concentrated,2,0.014001543093969504,0.09892613206923685,nan,nan,0.80078125,0.05686204062182502,189,0,0,0,2150400,2155776,0,0.22481279999192338,1.4822122983631787,1.0441289304668417,0.35,0.0525,0.0,0.0,paper,0,1,,0.3583922671450466,0.5623070782285629,0.06643334262807493,12.446424762540914,8.712166606156885,0.03773821758350193,nan
paper,NCJT-ring-142,ring,2,concentrated,NCJT-ring-142/concentrated,3,0.010101410642161746,0.07600232113885207,nan,nan,0.7890625,0.036332150297721855,181,0,0,0,2150400,2155776,0,0.21522709999408107,1.4830117981206323,1.0454042248503663,0.35,0.0525,0.0,0.0,paper,0,1,,0.368110573794451,0.5764972901280307,0.05757699625093276,11.659167071631977,8.686803259233093,0.03290101240311197,nan
paper,NCJT-ring-142,ring,2,concentrated,NCJT-ring-142/concentrated,4,0.007896009332513332,0.06309640843661891,nan,nan,0.8076171875,0.04126713404740975,180,0,0,0,2150400,2155776,0,0.2279532999964431,1.4767729462924848,1.0378339251488922,0.35,0.0525,0.0,0.0,paper,0,1,,0.3536303585250581,0.5827355744712964,0.05392219488819969,12.185976781815148,8.560774643722484,0.03226476066623796,nan
paper,NCJT-ring-142,ring,2,concentrated,NCJT-ring-142/concentrated,5,0.009005062747273085,0.06775204152594508,nan,nan,0.822265625,0.03112595907074348,183,0,0,0,2150400,2155776,0,0.223043999998481,1.4814540751941285,1.0447214360525623,0.35,0.0525,0.0,0.0,paper,0,1,,0.3874494933059285,0.5652515270325986,0.049470701647594865,11.532805863865589,8.775315706142372,0.028380136837847236,nan
normalized-only,NCJT-ring-142,ring,2,concentrated,NCJT-ring-142/concentrated,0,0.00842504291353019,0.06094562603195624,nan,nan,0.8818359375,0.07628075046572035,57,0,0,0,2150400,2155776,0,0.22322309999435674,1.5057720526023406,1.061999986036891,0.35,0.0525,0.0,0.0,constant,0,1,2.0,0.3068249236606385,0.5594335306279183,0.06272994051269683,12.312888631241243,9.15840500124764,0.06272994051269683,nan
normalized-only,NCJT-ring-142,ring,2,concentrated,NCJT-ring-142/concentrated,1,0.012160814381556806,0.08307527227177068,nan,nan,0.8564453125,0.1188829516155149,56,0,0,0,2150400,2155776,0,0.22294379999220837,1.507000098977581,1.0650377095005834,0.35,0.0525,0.0,0.0,constant,0,1,2.0,0.3115871838641928,0.5616535786750024,0.07692168025458412,12.597964185060516,8.992452077718418,0.07692168025458412,nan
normalized-only,NCJT-ring-142,ring,2,concentrated,NCJT-ring-142/concentrated,2,0.013096435065928613,0.09412431970409978,nan,nan,0.857421875,0.11335467070446764,58,0,0,0,2150400,2155776,0,0.2190198999887798,1.511141715731436,1.0645079555559631,0.35,0.0525,0.0,0.0,constant,0,1,2.0,0.288727570033583,0.5573308087210959,0.06262125892737647,12.394545088672857,9.033035476947408,0.06262125892737647,nan
normalized-only,NCJT-ring-142,ring,2,concentrated,NCJT-ring-142/concentrated,3,0.009277530656686794,0.0670904457639265,nan,nan,0.916015625,0.06479434491958252,56,0,0,0,2150400,2155776,0,0.22858010001073126,1.5135316491041548,1.0669182689061256,0.35,0.0525,0.0,0.0,constant,0,1,2.0,0.3178589431966618,0.5846622998300206,0.05796613043713728,11.830627948553584,8.978447876680246,0.05796613043713728,nan
normalized-only,NCJT-ring-142,ring,2,concentrated,NCJT-ring-142/concentrated,4,0.00837745357676356,0.0650590848664297,nan,nan,0.9033203125,0.08209605364575512,56,0,0,0,2150400,2155776,0,0.22891050000907853,1.5060434012847277,1.0584043664423615,0.35,0.0525,0.0,0.0,constant,0,1,2.0,0.2882290323401682,0.5821824699472757,0.05499442953797243,11.971400084219276,8.975444971201425,0.05499442953797243,nan
normalized-only,NCJT-ring-142,ring,2,concentrated,NCJT-ring-142/concentrated,5,0.0090679184572664,0.06589602775205035,nan,nan,0.916015625,0.05891697799986715,60,0,0,0,2150400,2155776,0,0.22449649999907706,1.5140439940773565,1.067703847337948,0.35,0.0525,0.0,0.0,constant,0,1,2.0,0.29429235374623386,0.5820661735423505,0.05515920338442437,11.851739108866388,9.036983054115055,0.05515920338442437,nan
abc,NCJT-ring-142,ring,2,concentrated,NCJT-ring-142/concentrated,0,0.008185906480220329,0.060058984592258176,nan,nan,0.880859375,0.0746578824551977,57,0,0,0,2150400,2155776,0,0.23426650000328664,1.499689014903162,1.0577097045560888,0.35,0.0525,0.0,0.0,abc,0,1,2.0,0.3252332895134146,0.5602160639306396,0.06495260912927622,12.289646756711143,9.239665409470842,0.06569591824697037,nan
abc,NCJT-ring-142,ring,2,concentrated,NCJT-ring-142/concentrated,1,0.01195659917798575,0.0826490847823633,nan,nan,0.8583984375,0.11647797641400133,56,0,0,0,2150400,2155776,0,0.23762020000140183,1.5008642560380925,1.0607013434216683,0.35,0.0525,0.0,0.0,abc,0,1,2.0,0.31309759605198617,0.5583011053420563,0.07613784231378051,12.594659804645659,9.100708570713731,0.07311216938663127,nan
abc,NCJT-ring-142,ring,2,concentrated,NCJT-ring-142/concentrated,2,0.013130894747237054,0.09451829777285249,nan,nan,0.853515625,0.10868462599302622,57,0,0,0,2150400,2155776,0,0.23793259999365546,1.5052409904167727,1.0603512514059694,0.35,0.0525,0.0,0.0,abc,0,1,2.0,0.3093661008193649,0.5625459944358753,0.06209451301669733,12.43774357093115,9.084935076336944,0.06144343639209745,nan
abc,NCJT-ring-142,ring,2,concentrated,NCJT-ring-142/concentrated,3,0.009116100372083213,0.06686561873740211,nan,nan,0.9072265625,0.06483282618091334,56,0,0,0,2150400,2155776,0,0.235788699996192,1.5066725010110928,1.0620831203223797,0.35,0.0525,0.0,0.0,abc,0,1,2.0,0.31312344509873496,0.578345814457434,0.059035653448803654,11.816142485023242,9.100195558961593,0.05755120493825379,nan
abc,NCJT-ring-142,ring,2,concentrated,NCJT-ring-142/concentrated,4,0.008373520858784955,0.0655080769974703,nan,nan,0.8955078125,0.08220372173766753,55,0,0,0,2150400,2155776,0,0.23941190000914503,1.5019931641616104,1.0555579752609536,0.35,0.0525,0.0,0.0,abc,0,1,2.0,0.2923315463006313,0.5722862173944003,0.05534538842125945,12.078641238643698,9.07558745602415,0.05204953469127914,nan
abc,NCJT-ring-142,ring,2,concentrated,NCJT-ring-142/concentrated,5,0.009046648795497436,0.06641761290633261,nan,nan,0.8984375,0.057951850868970124,60,0,0,0,2150400,2155776,0,0.2410911000042688,1.5071986261864212,1.0628764937985624,0.35,0.0525,0.0,0.0,abc,0,1,2.0,0.32597173195993856,0.5806383876088839,0.05437528711479175,11.835266440565714,9.124226379770382,0.05289997918080514,nan
normalized-crossfit,NCJT-ring-142,ring,2,concentrated,NCJT-ring-142/concentrated,0,0.0028488027146418293,0.038064906200906655,nan,nan,0.99609375,0.16056104229083668,60,0,0,0,2150400,2155776,0,0.22461099999782164,1.4230523091534613,1.0036589069632944,0.35,0.0525,0.0,0.0,constant,1,0,2.0,0.38634744407571076,0.5531505013632276,0.09421679769330238,11.403436084253617,7.738580486441662,0.09421679769330238,nan
normalized-crossfit,NCJT-ring-142,ring,2,concentrated,NCJT-ring-142/concentrated,1,0.00571421462452415,0.056414689567103056,nan,nan,0.9990234375,0.1410970363979849,59,0,0,0,2150400,2155776,0,0.2342544999992242,1.417368453830182,1.001692602813915,0.35,0.0525,0.0,0.0,constant,1,0,2.0,0.364091581708127,0.5440850041591523,0.11214385547370455,11.6852696922628,8.403665824799361,0.11214385547370455,nan
normalized-crossfit,NCJT-ring-142,ring,2,concentrated,NCJT-ring-142/concentrated,2,0.006037790448111258,0.062400841173233426,nan,nan,1.0,0.1360810312819237,60,0,0,0,2150400,2155776,0,0.22817380000196863,1.4210381142898214,1.0010354171697031,0.35,0.0525,0.0,0.0,constant,1,0,2.0,0.3754403956443919,0.5785146777731541,0.09338182186028944,12.146386169426561,7.976708228327001,0.09338182186028944,nan
normalized-crossfit,NCJT-ring-142,ring,2,concentrated,NCJT-ring-142/concentrated,3,0.0035651386392199225,0.045479152205000574,nan,nan,0.9990234375,0.13630276510364805,58,0,0,0,2150400,2155776,0,0.22912859999632929,1.4203661800081615,1.0012440948189447,0.35,0.0525,0.0,0.0,constant,1,0,2.0,0.35534732611501707,0.5099649996577322,0.11863433426569259,11.027778922125854,7.319826366997068,0.11863433426569259,nan
normalized-crossfit,NCJT-ring-142,ring,2,concentrated,NCJT-ring-142/concentrated,4,0.0038348982324865055,0.047580320100464625,nan,nan,0.998046875,0.11838825752186163,59,0,0,0,2150400,2155776,0,0.2244135999935679,1.4224234437164776,0.9996386441952715,0.35,0.0525,0.0,0.0,constant,1,0,2.0,0.3382335667800342,0.5690916057475341,0.08414703901471593,11.651359844748416,8.195035893303903,0.08414703901471593,nan
normalized-crossfit,NCJT-ring-142,ring,2,concentrated,NCJT-ring-142/concentrated,5,0.002742306304666098,0.03839398534201488,nan,nan,1.0,0.11912726075579279,63,0,0,0,2150400,2155776,0,0.2305015000019921,1.422163255220596,1.0029095489177107,0.35,0.0525,0.0,0.0,constant,1,0,2.0,0.4525150648275699,0.5582235768836403,0.09819229443866032,10.751647106452126,8.033176211099494,0.09819229443866032,nan
paper,NCJT-circles-036-131,circles,2,covered,NCJT-circles-036-131/covered,0,0.010365716844874973,0.06404179788994242,nan,nan,0.7119140625,0.03533623503550132,1,0,0,0,2150400,2155776,0,0.21734800000558607,1.0050484010682883,1.205197025290251,0.35,0.0525,0.0,0.0,paper,0,1,,0.19501937436544003,0.584581785345212,0.06498302632877903,33.332972701833825,23.278472433154434,0.03549959283947962,nan
paper,NCJT-circles-036-131,circles,2,covered,NCJT-circles-036-131/covered,1,0.00946289225471042,0.05831044729633737,nan,nan,0.697265625,0.031244604474513923,1,0,0,0,2150400,2155776,0,0.22631830000318587,0.9846033907012803,1.190305309836685,0.35,0.0525,0.0,0.0,paper,0,1,,0.17526618732092933,0.5982900981533315,0.04290680204462928,34.111969251730144,24.067119699292377,0.02584060592425899,nan
paper,NCJT-circles-036-131,circles,2,covered,NCJT-circles-036-131/covered,2,0.012503945012509177,0.0722183458493625,nan,nan,0.677734375,0.053484635102745634,1,0,0,0,2150400,2155776,0,0.2149422000074992,1.0031004985441696,1.2242227660179532,0.35,0.0525,0.0,0.0,paper,0,1,,0.18587955112707083,0.5443083813915792,0.1057263939808552,32.378368126625446,24.365324552277677,0.051888718316318326,nan
paper,NCJT-circles-036-131,circles,2,covered,NCJT-circles-036-131/covered,3,0.009443651160628175,0.06183483865970306,nan,nan,0.6708984375,0.05885012029296833,1,0,0,0,2150400,2155776,0,0.2251029000035487,1.0076193644407005,1.1794106583821382,0.35,0.0525,0.0,0.0,paper,0,1,,0.16073939141356955,0.6045353219339862,0.11512916056218954,35.05933211699252,23.925864049292596,0.056402213396538746,nan
paper,NCJT-circles-036-131,circles,2,covered,NCJT-circles-036-131/covered,4,0.011386760680951014,0.07573163515099746,nan,nan,0.68359375,0.03185083410124658,1,0,0,0,2150400,2155776,0,0.22808200000145007,0.9944193923213442,1.1823076612288639,0.35,0.0525,0.0,0.0,paper,0,1,,0.17146772190215412,0.5686140497434146,0.05829200907229613,33.16051020069176,23.95119634272813,0.030912283179788076,nan
paper,NCJT-circles-036-131,circles,2,covered,NCJT-circles-036-131/covered,5,0.00989946087649951,0.06310382001741596,nan,nan,0.685546875,0.046861994624605524,1,0,0,0,2150400,2155776,0,0.23696760000893846,0.9965408526348191,1.1898029337941127,0.35,0.0525,0.0,0.0,paper,0,1,,0.20611162439113387,0.5724179026623343,0.09254828088000627,32.194985263353885,23.850928227988625,0.04811691703342508,nan
normalized-only,NCJT-circles-036-131,circles,2,covered,NCJT-circles-036-131/covered,0,0.011822865351587941,0.07462906425224597,nan,nan,0.7373046875,0.0905325967071982,1,0,0,0,2150400,2155776,0,0.22249290000763722,1.0325600957815475,1.2381874888279973,0.35,0.0525,0.0,0.0,constant,0,1,2.0,0.1637960733263872,0.607521523093556,0.06559709606927136,32.61801836078281,23.58682608740778,0.06559709606927136,nan
normalized-only,NCJT-circles-036-131,circles,2,covered,NCJT-circles-036-131/covered,1,0.010771062493922567,0.06581105331127357,nan,nan,0.73046875,0.10660647320836732,1,0,0,0,2150400,2155776,0,0.22575969999888912,1.0109613141917453,1.222169892655787,0.35,0.0525,0.0,0.0,constant,0,1,2.0,0.17146560578005265,0.5946231354145237,0.04714676976307658,33.36627543687851,23.972528337804942,0.04714676976307658,nan
normalized-only,NCJT-circles-036-131,circles,2,covered,NCJT-circles-036-131/covered,2,0.013556389946688285,0.07926134069003749,nan,nan,0.7587890625,0.11408994277478209,1,0,0,0,2150400,2155776,0,0.22262359999876935,1.0251514924282483,1.2511346544731887,0.35,0.0525,0.0,0.0,constant,0,1,2.0,0.15312809401789323,0.5501984293687758,0.09994525310187256,32.74436117055412,24.1301506821123,0.09994525310187256,nan
normalized-only,NCJT-circles-036-131,circles,2,covered,NCJT-circles-036-131/covered,3,0.009680206801076618,0.061940263377445196,nan,nan,0.724609375,0.142744743805901,1,0,0,0,2150400,2155776,0,0.22374249999120366,1.0314663851364534,1.20732341132416,0.35,0.0525,0.0,0.0,constant,0,1,2.0,0.1500941425804834,0.6146741884576923,0.10907537189636472,34.770230203166626,23.752073946789675,0.10907537189636472,nan
normalized-only,NCJT-circles-036-131,circles,2,covered,NCJT-circles-036-131/covered,4,0.012105848147677678,0.07552072223640674,nan,nan,0.740234375,0.08598891794312942,1,0,0,0,2150400,2155776,0,0.22295320000557695,1.0190614356696943,1.2116056383842344,0.35,0.0525,0.0,0.0,constant,0,1,2.0,0.1520686870811225,0.5894750347655702,0.060262429529409,32.225395175223724,24.385295283876452,0.060262429529409,nan
normalized-only,NCJT-circles-036-131,circles,2,covered,NCJT-circles-036-131/covered,5,0.011110419835376417,0.0687934292000391,nan,nan,0.7509765625,0.11660098460208099,1,0,0,0,2150400,2155776,0,0.221939700000803,1.031820701539433,1.231924706945248,0.35,0.0525,0.0,0.0,constant,0,1,2.0,0.1690126100812332,0.5655514874568859,0.09321939625737378,31.87719096506183,23.741157863018742,0.09321939625737378,nan
abc,NCJT-circles-036-131,circles,2,covered,NCJT-circles-036-131/covered,0,0.012122683790290578,0.07604436239711551,nan,nan,0.7353515625,0.08962091915306793,1,0,0,0,2150400,2155776,0,0.23617299999750685,1.0388724114136931,1.2457568596309048,0.35,0.0525,0.0,0.0,abc,0,1,2.0,0.14740105957517535,0.6095603463629051,0.06553319000178298,32.68520212754984,23.685001547864054,0.06465503420672285,nan
abc,NCJT-circles-036-131,circles,2,covered,NCJT-circles-036-131/covered,1,0.011019394604866672,0.06694857064017212,nan,nan,0.712890625,0.10497280148390821,1,0,0,0,2150400,2155776,0,0.23592760000610724,1.0127037550053783,1.2242763616890353,0.35,0.0525,0.0,0.0,abc,0,1,2.0,0.16995831691536054,0.597420118354625,0.04604478367009531,33.427855328128445,24.057037263079827,0.046385893390555905,nan
abc,NCJT-circles-036-131,circles,2,covered,NCJT-circles-036-131/covered,2,0.013726577577737875,0.08025299456739911,nan,nan,0.7568359375,0.11299064765228455,1,0,0,0,2150400,2155776,0,0.24271270001190715,1.0311718343877803,1.2584821133736368,0.35,0.0525,0.0,0.0,abc,0,1,2.0,0.14731779359303604,0.5602600507013646,0.10291287116893272,32.722074343962866,24.155767238809855,0.09841966829621712,nan
abc,NCJT-circles-036-131,circles,2,covered,NCJT-circles-036-131/covered,3,0.00935893560115475,0.06094217512494992,nan,nan,0.72265625,0.1346516494989977,1,0,0,0,2150400,2155776,0,0.23825429999851622,1.0258998460419746,1.2008078204472683,0.35,0.0525,0.0,0.0,abc,0,1,2.0,0.1304823569157217,0.6139888585352983,0.10968897829487154,34.70937305548918,23.954802904485426,0.10864546308650694,nan
abc,NCJT-circles-036-131,circles,2,covered,NCJT-circles-036-131/covered,4,0.012344923804723518,0.0756400528736744,nan,nan,0.697265625,0.08821101805600316,1,0,0,0,2150400,2155776,0,0.23142100000404753,1.0194208544339272,1.2120329666944254,0.35,0.0525,0.0,0.0,abc,0,1,2.0,0.15860546360367367,0.5920788419338552,0.061571329282752246,32.142072454074274,24.30687921520448,0.06113705196369621,nan
abc,NCJT-circles-036-131,circles,2,covered,NCJT-circles-036-131/covered,5,0.011009321830319108,0.06867730290411456,nan,nan,0.7451171875,0.11396564009589709,1,0,0,0,2150400,2155776,0,0.233781299990369,1.032278615408961,1.232471425390306,0.35,0.0525,0.0,0.0,abc,0,1,2.0,0.16682185695466156,0.5652533400380293,0.09189140777468466,31.699647409996253,23.904749047922486,0.09030517749968692,nan
normalized-crossfit,NCJT-circles-036-131,circles,2,covered,NCJT-circles-036-131/covered,0,0.0026811316351773584,0.03951330423982074,nan,nan,0.8154296875,0.14071330820891276,1,0,0,0,2150400,2155776,0,0.2273731999885058,0.8360675580560581,1.0025647847803323,0.35,0.0525,0.0,0.0,constant,1,0,2.0,0.28780138086353524,0.5563380172821683,0.054455316818856625,34.04321017980717,24.817468389320712,0.054455316818856625,nan
normalized-crossfit,NCJT-circles-036-131,circles,2,covered,NCJT-circles-036-131/covered,1,0.0026120658511326056,0.04269207841036914,nan,nan,0.853515625,0.1945620532664826,1,0,0,0,2150400,2155776,0,0.2125263000052655,0.8181412137733803,0.9890660951889191,0.35,0.0525,0.0,0.0,constant,1,0,2.0,0.23546913336956224,0.6099975227791348,0.05957324620408713,33.93361898033483,26.28519863628636,0.05957324620408713,nan
normalized-crossfit,NCJT-circles-036-131,circles,2,covered,NCJT-circles-036-131/covered,2,0.004006024131441022,0.04733073987239584,nan,nan,0.791015625,0.18914603189272464,1,0,0,0,2150400,2155776,0,0.22136179999506567,0.8243751182862346,1.0060993778883187,0.35,0.0525,0.0,0.0,constant,1,0,2.0,0.24172180097693263,0.5805645736350444,0.1364998477155893,33.63991428037011,25.331662431641682,0.1364998477155893,nan
normalized-crossfit,NCJT-circles-036-131,circles,2,covered,NCJT-circles-036-131/covered,3,0.0032417603122969485,0.04768418672696287,nan,nan,0.806640625,0.25018733354420497,1,0,0,0,2150400,2155776,0,0.21932969999033958,0.8304174124185602,0.9719971466171683,0.35,0.0525,0.0,0.0,constant,1,0,2.0,0.23109816356502141,0.606909593376151,0.14006146728621766,35.337343941940915,23.512897146134286,0.14006146728621766,nan
normalized-crossfit,NCJT-circles-036-131,circles,2,covered,NCJT-circles-036-131/covered,4,0.004707316566259001,0.050806883596293546,nan,nan,0.8583984375,0.2124010208167411,1,0,0,0,2150400,2155776,0,0.22731370000110473,0.8399151416987563,0.9986109628196677,0.35,0.0525,0.0,0.0,constant,1,0,2.0,0.32312214595054983,0.5875852394432426,0.06298556341005067,32.12863137434948,23.83097241519806,0.06298556341005067,nan
normalized-crossfit,NCJT-circles-036-131,circles,2,covered,NCJT-circles-036-131/covered,5,0.0032228792277855245,0.03805729431939654,nan,nan,0.8095703125,0.1693006662892443,1,0,0,0,2150400,2155776,0,0.22402599999622907,0.8473596149349003,1.0116905425026708,0.35,0.0525,0.0,0.0,constant,1,0,2.0,0.2948958300468656,0.579139499855132,0.11575850070844051,31.96052725820537,22.181759158563708,0.11575850070844051,nan
paper,NCJT-circles-036-131,circles,2,missing,NCJT-circles-036-131/missing,0,0.00925645023674071,0.06107820156938888,nan,nan,0.7080078125,0.03507204899783149,14,0,0,0,2150400,2155776,0,0.23124249999818858,0.9974852544056103,1.1749481650898752,0.35,0.0525,0.0,0.0,paper,0,1,,0.1360746156648515,0.6002593604773128,0.045057895802991924,34.20823241666328,24.143386069597135,0.02642308718748227,nan
paper,NCJT-circles-036-131,circles,2,missing,NCJT-circles-036-131/missing,1,0.008679481146306012,0.060981140446838576,nan,nan,0.7080078125,0.03219092980197259,9,0,0,0,2150400,2155776,0,0.23221280000871047,0.9810408270036509,1.1444273153511264,0.35,0.0525,0.0,0.0,paper,0,1,,0.14035379122998418,0.5820102258864441,0.043577608862623414,34.86731144799366,23.79066174154012,0.02342965149872762,nan
paper,NCJT-circles-036-131,circles,2,missing,NCJT-circles-036-131/missing,2,0.010317245450557344,0.0629995417330886,nan,nan,0.7275390625,0.042744225220542574,11,0,0,0,2150400,2155776,0,0.21662399999331683,1.0070332577379544,1.182819768080851,0.35,0.0525,0.0,0.0,paper,0,1,,0.18619711091616753,0.5976391007077089,0.07228329592818541,32.23354983750341,24.256396859166955,0.0378916507921669,nan
paper,NCJT-circles-036-131,circles,2,missing,NCJT-circles-036-131/missing,3,0.008901537344796484,0.06350201951296254,nan,nan,0.662109375,0.042885023758381845,38,0,0,0,2150400,2155776,0,0.2196879999974044,0.9714073945351124,1.1445722934414282,0.35,0.0525,0.0,0.0,paper,0,1,,0.15865773326012433,0.5426583657254691,0.06852947988492061,33.928654352219,24.447400123135047,0.04133305015863287,nan
paper,NCJT-circles-036-131,circles,2,missing,NCJT-circles-036-131/missing,4,0.010501564625034154,0.06587435886662522,nan,nan,0.6923828125,0.02944636943178338,23,0,0,0,2150400,2155776,0,0.22435840000980534,0.9728079210626343,1.1771932376522731,0.35,0.0525,0.0,0.0,paper,0,1,,0.15873261844987163,0.597820130715339,0.044168442809489575,33.99797981699302,24.25513073579853,0.020838018995140706,nan
paper,NCJT-circles-036-131,circles,2,missing,NCJT-circles-036-131/missing,5,0.008565854026789221,0.06360476608208097,nan,nan,0.6796875,0.046295856620462095,22,0,0,0,2150400,2155776,0,0.22135969999362715,0.9881698806056373,1.1432122217146725,0.35,0.0525,0.0,0.0,paper,0,1,,0.16483772365401803,0.5538636290090415,0.06716334420432625,32.60157659494507,24.195044273761717,0.034910851031092816,nan
normalized-only,NCJT-circles-036-131,circles,2,missing,NCJT-circles-036-131/missing,0,0.011027944834193892,0.06845244561217236,nan,nan,0.734375,0.09772293441496537,7,0,0,0,2150400,2155776,0,0.22888320000492968,1.0350888688279403,1.2192418502056432,0.35,0.0525,0.0,0.0,constant,0,1,2.0,0.15218619436742992,0.5908702231817904,0.04385287593432395,33.95915551281602,24.140962148767017,0.04385287593432395,nan
normalized-only,NCJT-circles-036-131,circles,2,missing,NCJT-circles-036-131/missing,1,0.011586062114987472,0.07258179371239643,nan,nan,0.728515625,0.1343396866743165,4,0,0,0,2150400,2155776,0,0.2245240000047488,1.0471699821574618,1.2215698861962765,0.35,0.0525,0.0,0.0,constant,0,1,2.0,0.13382136914076923,0.5803045135622862,0.043838983881332345,34.07034218072516,23.959115245590212,0.043838983881332345,nan
normalized-only,NCJT-circles-036-131,circles,2,missing,NCJT-circles-036-131/missing,2,0.013070643444611507,0.07709026459061909,nan,nan,0.7568359375,0.11081783908156559,5,0,0,0,2150400,2155776,0,0.2215841999859549,1.0584284313685444,1.2431864212048618,0.35,0.0525,0.0,0.0,constant,0,1,2.0,0.17008732739238708,0.5961629927610907,0.06725541901783329,31.52154370213499,23.564799810157922,0.06725541901783329,nan
normalized-only,NCJT-circles-036-131,circles,2,missing,NCJT-circles-036-131/missing,3,0.01183911916889091,0.07344109736751302,nan,nan,0.728515625,0.12368525021054341,17,0,0,0,2150400,2155776,0,0.2309051000047475,1.045897309528902,1.232340919995379,0.35,0.0525,0.0,0.0,constant,0,1,2.0,0.15959739161290754,0.5700643129318042,0.0697655300424931,32.451882940412204,24.023982868111176,0.0697655300424931,nan
normalized-only,NCJT-circles-036-131,circles,2,missing,NCJT-circles-036-131/missing,4,0.014926131992389013,0.08952225086150924,nan,nan,0.7646484375,0.11205274627058777,12,0,0,0,2150400,2155776,0,0.22721260000253096,1.0549054727946456,1.2765393476440203,0.35,0.0525,0.0,0.0,constant,0,1,2.0,0.16658922313238114,0.6139128790548596,0.03650271316028361,32.654079034722784,23.45263655953576,0.03650271316028361,nan
normalized-only,NCJT-circles-036-131,circles,2,missing,NCJT-circles-036-131/missing,5,0.009072637516232884,0.05850189710680447,nan,nan,0.720703125,0.12718438940953355,10,0,0,0,2150400,2155776,0,0.2282021999999415,1.022173446065174,1.1825508945260643,0.35,0.0525,0.0,0.0,constant,0,1,2.0,0.17103612209933206,0.5577045707981327,0.06463160523133005,32.285517246627606,24.01804863487766,0.06463160523133005,nan
abc,NCJT-circles-036-131,circles,2,missing,NCJT-circles-036-131/missing,0,0.010918594995703357,0.06848537338661836,nan,nan,0.732421875,0.09409917315321163,7,0,0,0,2150400,2155776,0,0.2333775000006426,1.035073399710172,1.2192236289723395,0.35,0.0525,0.0,0.0,abc,0,1,2.0,0.1439014752198659,0.5919234867165148,0.043756853336331655,34.03452295780565,24.252533602963435,0.04426970599042752,nan
abc,NCJT-circles-036-131,circles,2,missing,NCJT-circles-036-131/missing,1,0.010939424461225311,0.06842155578897467,nan,nan,0.70703125,0.13300959957395722,4,0,0,0,2150400,2155776,0,0.23518499999772757,1.0358154572678857,1.2083243330258204,0.35,0.0525,0.0,0.0,abc,0,1,2.0,0.12979130596646135,0.5815787150226626,0.04376765786915777,34.04981179347908,24.116443938361144,0.044019481551867065,nan
abc,NCJT-circles-036-131,circles,2,missing,NCJT-circles-036-131/missing,2,0.012792218251288956,0.07619403647139426,nan,nan,0.76171875,0.10517277486100193,5,0,0,0,2150400,2155776,0,0.22983989999920595,1.0544180661419027,1.2384760114633295,0.35,0.0525,0.0,0.0,abc,0,1,2.0,0.15062932705674115,0.5961471797582141,0.06704119230076887,31.706697502482108,23.71049055264102,0.06386016006274209,nan
abc,NCJT-circles-036-131,circles,2,missing,NCJT-circles-036-131/missing,3,0.01171558220295732,0.07368419728850278,nan,nan,0.73046875,0.12470813288566689,17,0,0,0,2150400,2155776,0,0.23539729999902193,1.0446032161887968,1.230816139156213,0.35,0.0525,0.0,0.0,abc,0,1,2.0,0.14488834413861582,0.565035850861733,0.0707796825687339,32.608669592344626,24.188729673962662,0.06990083665773458,nan
abc,NCJT-circles-036-131,circles,2,missing,NCJT-circles-036-131/missing,4,0.01456153602460919,0.08772858094210961,nan,nan,0.7509765625,0.10930458871539356,12,0,0,0,2150400,2155776,0,0.23368069999560248,1.0503102556235082,1.2709786830335825,0.35,0.0525,0.0,0.0,abc,0,1,2.0,0.16039745230585725,0.6150719066235912,0.03823140702023413,32.679963315866125,23.5721641818741,0.03886916063802265,nan
abc,NCJT-circles-036-131,circles,2,missing,NCJT-circles-036-131/missing,5,0.009029227502955983,0.05885138462136721,nan,nan,0.724609375,0.12088200764120156,10,0,0,0,2150400,2155776,0,0.23311720001220237,1.0276699244401089,1.1889097619414168,0.35,0.0525,0.0,0.0,abc,0,1,2.0,0.15966068248978782,0.5647914485650096,0.06796141037564346,32.24569841248821,24.156979601110635,0.06780754050275428,nan
normalized-crossfit,NCJT-circles-036-131,circles,2,missing,NCJT-circles-036-131/missing,0,0.004952391298909564,0.05215347465240645,nan,nan,0.79296875,0.1736530443299347,8,0,0,0,2150400,2155776,0,0.2271420000033686,0.8392824382118246,0.9885994368475685,0.35,0.0525,0.0,0.0,constant,1,0,2.0,0.29823348150928214,0.5708296300748927,0.048252309005330216,33.85535888487001,23.592045493736613,0.048252309005330216,nan
normalized-crossfit,NCJT-circles-036-131,circles,2,missing,NCJT-circles-036-131/missing,1,0.004078442704979146,0.04653448542945533,nan,nan,0.74609375,0.2183046330175342,5,0,0,0,2150400,2155776,0,0.22504699999990407,0.8636097437862331,1.0074387868351933,0.35,0.0525,0.0,0.0,constant,1,0,2.0,0.29599723825064983,0.5623975451925567,0.09852618952089158,34.62795486916805,22.155077528321314,0.09852618952089158,nan
normalized-crossfit,NCJT-circles-036-131,circles,2,missing,NCJT-circles-036-131/missing,2,0.004700431316724263,0.04806321392832985,nan,nan,0.7626953125,0.17972974705060796,7,0,0,0,2150400,2155776,0,0.2193472000071779,0.8585152468270599,1.008376632393305,0.35,0.0525,0.0,0.0,constant,1,0,2.0,0.26369748136446164,0.5688484058875226,0.0926486264083618,32.039107697287406,22.90874904083796,0.0926486264083618,nan
normalized-crossfit,NCJT-circles-036-131,circles,2,missing,NCJT-circles-036-131/missing,3,0.004535754828268512,0.05592204425357847,nan,nan,0.7646484375,0.2141652729378481,23,0,0,0,2150400,2155776,0,0.223387999998522,0.8225119233285179,0.9691344370685797,0.35,0.0525,0.0,0.0,constant,1,0,2.0,0.3016691185852309,0.5579404187773482,0.10669472847999019,33.84629487122781,23.960141100176678,0.10669472847999019,nan
normalized-crossfit,NCJT-circles-036-131,circles,2,missing,NCJT-circles-036-131/missing,4,0.004599204552883984,0.04882465973805504,nan,nan,0.771484375,0.22516484074320187,14,0,0,0,2150400,2155776,0,0.23092539999925066,0.8339919025553783,1.0092122059126751,0.35,0.0525,0.0,0.0,constant,1,0,2.0,0.16609429917741111,0.6379668853756559,0.04542725270833678,33.338092285182064,26.575598598023802,0.04542725270833678,nan
normalized-crossfit,NCJT-circles-036-131,circles,2,missing,NCJT-circles-036-131/missing,5,0.004951630182609357,0.06083124250302189,nan,nan,0.76953125,0.17101886725685558,12,0,0,0,2150400,2155776,0,0.2279707999987295,0.8387181094737328,0.9703116965436541,0.35,0.0525,0.0,0.0,constant,1,0,2.0,0.3507732353828048,0.5496142772885813,0.10557613699246096,32.18292530369722,22.49995251368547,0.10557613699246096,nan
paper,NCJT-circles-036-131,circles,2,far,NCJT-circles-036-131/far,0,7.208229105791017,2.9175056575571414,nan,nan,0.0,0.03623553128254284,400,1,0,0,2150400,2155776,0,0.22384540000348352,0.5249624489792214,0.6384042060670062,0.35,0.0525,0.0,0.0,paper,0,1,,0.0003103276164694733,0.0005505958560000205,4.059289884402494,36.27247170822996,39.421039829634104,0.0022441689385998146,nan
paper,NCJT-circles-036-131,circles,2,far,NCJT-circles-036-131/far,1,7.41326196621496,2.8377880924340007,nan,nan,0.0,0.06196333889866873,400,1,0,0,2150400,2155776,0,0.22031359998800326,0.2949540370452902,0.34902844356547846,0.35,0.0525,0.0,0.0,paper,0,1,,0.0022795633296339318,0.004573671726874502,3.727120161979867,29.64116509850777,41.63760287345174,0.017048082648890565,nan
paper,NCJT-circles-036-131,circles,2,far,NCJT-circles-036-131/far,2,7.245740423196553,3.0938013368273682,nan,nan,0.0,0.027562554782094455,400,1,0,0,2150400,2155776,0,0.2266016000066884,0.5386694993534422,0.6359478333692513,0.35,0.0525,0.0,0.0,paper,0,1,,0.00022009181353319082,0.0004994948733056155,3.9589337230470854,28.045941465091786,40.61431735750912,0.001978062571470768,nan
paper,NCJT-circles-036-131,circles,2,far,NCJT-circles-036-131/far,3,7.456749721666151,3.0851465420595883,nan,nan,0.0,0.03641285332700832,400,1,0,0,2150400,2155776,0,0.22298250001040287,0.4565519160679741,0.5237218977197023,0.35,0.0525,0.0,0.0,paper,0,1,,0.00033626541884209033,0.0007075052391009758,4.048665425558108,34.156257133868664,42.4820545969129,0.0028639516297168767,nan
paper,NCJT-circles-036-131,circles,2,far,NCJT-circles-036-131/far,4,7.475804105419346,3.1943046689518533,nan,nan,0.0048828125,0.009459255884610052,400,1,0,0,2150400,2155776,0,0.21042210000450723,0.5153932904045502,0.6091335520203323,0.35,0.0525,0.0,0.0,paper,0,1,,0.00033988347070176334,0.0005740885442199522,3.7094754231159506,28.891776750040194,40.73538368043407,0.002129137453348501,nan
paper,NCJT-circles-036-131,circles,2,far,NCJT-circles-036-131/far,5,7.323862040303499,2.6076326262457656,nan,nan,0.03125,0.026740849812672454,400,1,0,0,2150400,2155776,0,0.25691250000090804,0.7244669522143731,0.854546155758501,0.35,0.0525,0.0,0.0,paper,0,1,,0.0001851533356743473,0.00037932015282568054,3.5752370727850495,10.776768812219867,41.16527879424008,0.001356489466524798,nan
normalized-only,NCJT-circles-036-131,circles,2,far,NCJT-circles-036-131/far,0,0.015423171474889141,0.08710978140983631,nan,nan,0.7509765625,0.21733691093746116,91,0,0,0,2150400,2155776,0,0.2324605000030715,1.0632472895028975,1.2930097057949006,0.35,0.0525,0.0,0.0,constant,0,1,2.0,0.10777628265124546,0.5899929432882685,0.09153070822023614,35.75745382969134,23.787390631905765,0.09153070822023614,nan
normalized-only,NCJT-circles-036-131,circles,2,far,NCJT-circles-036-131/far,1,0.011829220038529487,0.0708910558104109,nan,nan,0.7529296875,0.1445404693497113,94,0,0,0,2150400,2155776,0,0.2262458999903174,1.0511262464712692,1.2438309421761098,0.35,0.0525,0.0,0.0,constant,0,1,2.0,0.13748130508901857,0.5794822644706301,0.06783308690218376,30.52557450992498,24.206318734467217,0.06783308690218376,nan
normalized-only,NCJT-circles-036-131,circles,2,far,NCJT-circles-036-131/far,2,0.011613426922972181,0.06990850832145472,nan,nan,0.7216796875,0.08832949069306542,92,0,0,0,2150400,2155776,0,0.21685460000298917,1.0401168414447353,1.2279515594656654,0.35,0.0525,0.0,0.0,constant,0,1,2.0,0.10169615467717763,0.5908410788185281,0.04783097734018951,34.9845510075534,23.671329623428882,0.04783097734018951,nan
normalized-only,NCJT-circles-036-131,circles,2,far,NCJT-circles-036-131/far,3,0.009990342192267354,0.06237602558544321,nan,nan,0.7197265625,0.1365530237192325,95,0,0,0,2150400,2155776,0,0.2163056000135839,1.0464726328226102,1.200434416952468,0.35,0.0525,0.0,0.0,constant,0,1,2.0,0.1479296759625206,0.6016997313176395,0.03967958158248628,32.25447503620805,23.930920128812218,0.03967958158248628,nan
normalized-only,NCJT-circles-036-131,circles,2,far,NCJT-circles-036-131/far,4,0.012992511072835056,0.07600828645457222,nan,nan,0.7421875,0.1325248279785806,93,0,0,0,2150400,2155776,0,0.2206436999986181,1.069088933562536,1.2635359280975755,0.35,0.0525,0.0,0.0,constant,0,1,2.0,0.13393868565362899,0.5315595883449716,0.05504343843799598,29.803287428986472,24.066446934878613,0.05504343843799598,nan
normalized-only,NCJT-circles-036-131,circles,2,far,NCJT-circles-036-131/far,5,0.012388033910914586,0.07436539382582476,nan,nan,0.751953125,0.11964581783121804,94,0,0,0,2150400,2155776,0,0.21849859999201726,1.0554200434009828,1.2449224054210584,0.35,0.0525,0.0,0.0,constant,0,1,2.0,0.1485754567372877,0.584202668019242,0.06243180523254148,30.97015924873476,23.133501766152165,0.06243180523254148,nan
abc,NCJT-circles-036-131,circles,2,far,NCJT-circles-036-131/far,0,0.014601039366431534,0.08370487831269977,nan,nan,0.7587890625,0.2171551728101829,91,0,0,0,2150400,2155776,0,0.24425519999931566,1.054336462724898,1.282173293960738,0.35,0.0525,0.0,0.0,abc,0,1,2.0,0.10526020893577388,0.5941189754579627,0.0886523588053918,35.893451468724166,23.92789276088117,0.08854505236282668,nan
abc,NCJT-circles-036-131,circles,2,far,NCJT-circles-036-131/far,1,0.010828860884929625,0.06610987129516573,nan,nan,0.751953125,0.14318887647632508,94,0,0,0,2150400,2155776,0,0.2342034000030253,1.0343710875702277,1.2240040325616304,0.35,0.0525,0.0,0.0,abc,0,1,2.0,0.14309910878246196,0.5665309561652434,0.06762834572599893,30.783159947993163,24.473959705974025,0.06661161665582604,nan
abc,NCJT-circles-036-131,circles,2,far,NCJT-circles-036-131/far,2,0.01083308275738526,0.0669811580289076,nan,nan,0.7236328125,0.08586032411072259,92,0,0,0,2150400,2155776,0,0.2508862999966368,1.029885469699668,1.2158725041237892,0.35,0.0525,0.0,0.0,abc,0,1,2.0,0.11069291878033696,0.5919163682099298,0.049870163945422596,35.01608966127374,23.97156771900186,0.0485201594915725,nan
abc,NCJT-circles-036-131,circles,2,far,NCJT-circles-036-131/far,3,0.009820315347963238,0.06198874074467438,nan,nan,0.724609375,0.13157738502681218,95,0,0,0,2150400,2155776,0,0.2315602000016952,1.045343479116231,1.1991391370486728,0.35,0.0525,0.0,0.0,abc,0,1,2.0,0.13645098196013752,0.6001318075066384,0.04038671704791082,31.89866273323102,23.97929866379269,0.03853790339899718,nan
abc,NCJT-circles-036-131,circles,2,far,NCJT-circles-036-131/far,4,0.01244206831372896,0.07374806171288639,nan,nan,0.7412109375,0.13181230568994937,93,0,0,0,2150400,2155776,0,0.22700189999886788,1.0601212193802094,1.2529371568386483,0.35,0.0525,0.0,0.0,abc,0,1,2.0,0.1385281447636308,0.5450510223588927,0.055480154793642336,29.96512564995249,24.2585742989704,0.056168829764160974,nan
abc,NCJT-circles-036-131,circles,2,far,NCJT-circles-036-131/far,5,0.012101232331655387,0.07322311402788793,nan,nan,0.7470703125,0.11699250141212886,94,0,0,0,2150400,2155776,0,0.2252965000079712,1.0544639167563408,1.2437946047034414,0.35,0.0525,0.0,0.0,abc,0,1,2.0,0.14515627179476034,0.5846353804790776,0.06431937380205488,30.93402476711804,23.32925948096065,0.05906715367324064,nan
normalized-crossfit,NCJT-circles-036-131,circles,2,far,NCJT-circles-036-131/far,0,0.004801826704759593,0.05015685082180705,nan,nan,0.74609375,0.24549830587526067,95,0,0,0,2150400,2155776,0,0.22365590000117663,0.8320235605223828,1.0118196865645903,0.35,0.0525,0.0,0.0,constant,1,0,2.0,0.1833345492228632,0.5941236673377459,0.09063743515978454,36.75743455895216,24.90021803785078,0.09063743515978454,nan
normalized-crossfit,NCJT-circles-036-131,circles,2,far,NCJT-circles-036-131/far,1,0.004171372631444736,0.05562252127035211,nan,nan,0.787109375,0.2645135712998695,98,0,0,0,2150400,2155776,0,0.21907269999792334,0.8223030508663164,0.9730572154838649,0.35,0.0525,0.0,0.0,constant,1,0,2.0,0.24770193848210792,0.5635666862085593,0.1719763497938293,31.674480410156896,24.801985068179597,0.1719763497938293,nan
normalized-crossfit,NCJT-circles-036-131,circles,2,far,NCJT-circles-036-131/far,2,0.004391615606143873,0.05077933025366921,nan,nan,0.7509765625,0.15519043949293412,99,0,0,0,2150400,2155776,0,0.22676289999799337,0.8496541105221757,1.0030931607384745,0.35,0.0525,0.0,0.0,constant,1,0,2.0,0.3271921378505115,0.5642644078516095,0.07448851723623295,34.935251937553275,22.54566904557755,0.07448851723623295,nan
normalized-crossfit,NCJT-circles-036-131,circles,2,far,NCJT-circles-036-131/far,3,0.00518022081380165,0.06226623293059573,nan,nan,0.78125,0.23023660073182003,100,0,0,0,2150400,2155776,0,0.22257800000079442,0.8377248015879737,0.9609746611800296,0.35,0.0525,0.0,0.0,constant,1,0,2.0,0.1887906250103244,0.6093581444763084,0.05549715264189077,32.58881392974028,24.0965753081607,0.05549715264189077,nan
normalized-crossfit,NCJT-circles-036-131,circles,2,far,NCJT-circles-036-131/far,4,0.004473824499869883,0.04953048885376583,nan,nan,0.7763671875,0.205031526548967,97,0,0,0,2150400,2155776,0,0.22271529999852646,0.8518252705319977,1.006756126632058,0.35,0.0525,0.0,0.0,constant,1,0,2.0,0.24769614849680732,0.5781993196032813,0.10983341024134854,30.89007580074458,24.067812508996234,0.10983341024134854,nan
normalized-crossfit,NCJT-circles-036-131,circles,2,far,NCJT-circles-036-131/far,5,0.004937287034625815,0.05643765920135502,nan,nan,0.744140625,0.23309711886533757,100,0,0,0,2150400,2155776,0,0.21925439999904484,0.8376002681489841,0.9879927400707783,0.35,0.0525,0.0,0.0,constant,1,0,2.0,0.24166081901358524,0.5883054508733965,0.12390023499119245,32.03866139090627,24.991244674195684,0.12390023499119245,nan
paper,NCJT-circles-036-131,circles,2,concentrated,NCJT-circles-036-131/concentrated,0,0.0070192216611970615,0.07437468198143,nan,nan,0.6748046875,0.08290927371375562,193,0,0,0,2150400,2155776,0,0.22469650000857655,0.8143410674657753,0.9417154831059171,0.35,0.0525,0.0,0.0,paper,0,1,,0.19978410114205342,0.558912775777338,0.14849883176351653,32.790277890189984,25.64939114335785,0.08092917750350309,nan
paper,NCJT-circles-036-131,circles,2,concentrated,NCJT-circles-036-131/concentrated,1,0.009672396469559752,0.08938985507374914,nan,nan,0.66796875,0.04281080547794664,212,0,0,0,2150400,2155776,0,0.21921780001139268,0.7898736172539988,0.9103515663172482,0.35,0.0525,0.0,0.0,paper,0,1,,0.19307966025417314,0.5768520407579134,0.028970964492946165,33.43781014719309,26.221177232260075,0.01888807288298837,nan
paper,NCJT-circles-036-131,circles,2,concentrated,NCJT-circles-036-131/concentrated,2,0.008273962387472578,0.0795096699316033,nan,nan,0.6748046875,0.05922814471736698,210,0,0,0,2150400,2155776,0,0.21921039999870118,0.8239493349331083,0.9471540877144732,0.35,0.0525,0.0,0.0,paper,0,1,,0.20077153413446983,0.5671415177336009,0.07753738134524041,32.37424911606357,26.12219288197248,0.0433342962757222,nan
paper,NCJT-circles-036-131,circles,2,concentrated,NCJT-circles-036-131/concentrated,3,0.007646113616013306,0.06683863558897955,nan,nan,0.6982421875,0.05944768244203953,194,0,0,0,2150400,2155776,0,0.22599380000610836,0.7912539452152856,0.9433258287600288,0.35,0.0525,0.0,0.0,paper,0,1,,0.2785686595385257,0.5714406434813022,0.05637954162783856,32.90918499541753,26.585547018742567,0.03637259274226315,nan
paper,NCJT-circles-036-131,circles,2,concentrated,NCJT-circles-036-131/concentrated,4,0.009220328524807364,0.08232775411586651,nan,nan,0.6513671875,0.05024079182151471,214,0,0,0,2150400,2155776,0,0.21779229999810923,0.789608990517561,0.9434111920990379,0.35,0.0525,0.0,0.0,paper,0,1,,0.17483710207936315,0.5471103310037695,0.07124234040274097,34.95288029470254,24.660312675655092,0.03820673613857834,nan
paper,NCJT-circles-036-131,circles,2,concentrated,NCJT-circles-036-131/concentrated,5,0.006254862133242334,0.06286852363797979,nan,nan,0.693359375,0.04611943101849242,187,0,0,0,2150400,2155776,0,0.23483940000005532,0.8462086074026405,1.0085871899040861,0.35,0.0525,0.0,0.0,paper,0,1,,0.2205153449809079,0.5798832205342046,0.06413933551547485,31.63969210437533,25.157392932668667,0.033495975049002875,nan
normalized-only,NCJT-circles-036-131,circles,2,concentrated,NCJT-circles-036-131/concentrated,0,0.010227114849127306,0.06371704615402203,nan,nan,0.734375,0.14634855881325054,91,0,0,0,2150400,2155776,0,0.2317040000052657,1.0636945448546196,1.230071357327187,0.35,0.0525,0.0,0.0,constant,0,1,2.0,0.12951125024514482,0.5728656218983483,0.12786079960272723,30.040662770288208,23.58023145646438,0.12786079960272723,nan
normalized-only,NCJT-circles-036-131,circles,2,concentrated,NCJT-circles-036-131/concentrated,1,0.009983303594675919,0.0599470264548275,nan,nan,0.7197265625,0.10562269318341372,97,0,0,0,2150400,2155776,0,0.22373839998908807,1.0609640827214497,1.222790954671457,0.35,0.0525,0.0,0.0,constant,0,1,2.0,0.11466183429807805,0.5810441308656387,0.031801560922821284,31.872465311392773,23.557682356946103,0.031801560922821284,nan
normalized-only,NCJT-circles-036-131,circles,2,concentrated,NCJT-circles-036-131/concentrated,2,0.011080629936624176,0.06873056313470881,nan,nan,0.7294921875,0.12351310431844534,99,0,0,0,2150400,2155776,0,0.22194610000588,1.0644799749098297,1.2236511600654392,0.35,0.0525,0.0,0.0,constant,0,1,2.0,0.16529063801427954,0.5759557509792971,0.07859903063283526,29.896299695052843,23.397412073824164,0.07859903063283526,nan
normalized-only,NCJT-circles-036-131,circles,2,concentrated,NCJT-circles-036-131/concentrated,3,0.012936409473381039,0.07898339994819649,nan,nan,0.72265625,0.1176143588367404,92,0,0,0,2150400,2155776,0,0.21675319998757914,1.0424675718160785,1.2428204523786555,0.35,0.0525,0.0,0.0,constant,0,1,2.0,0.16360634700289928,0.5985744585685631,0.062447653225800065,32.357620229403544,24.10154684028197,0.062447653225800065,nan
normalized-only,NCJT-circles-036-131,circles,2,concentrated,NCJT-circles-036-131/concentrated,4,0.013314876405115417,0.07701244362729434,nan,nan,0.7568359375,0.0935908085260752,102,0,0,0,2150400,2155776,0,0.23326290000113659,1.0609200471253937,1.2675689593203479,0.35,0.0525,0.0,0.0,constant,0,1,2.0,0.12582464941735513,0.5860737043181096,0.0718390883341452,33.1421052864818,24.00304444998052,0.0718390883341452,nan
normalized-only,NCJT-circles-036-131,circles,2,concentrated,NCJT-circles-036-131/concentrated,5,0.012816080884797021,0.07470891334448315,nan,nan,0.7275390625,0.0903268072295104,90,0,0,0,2150400,2155776,0,0.21783170000708196,1.0508587343933116,1.2525075361276778,0.35,0.0525,0.0,0.0,constant,0,1,2.0,0.1440732158981787,0.6041867085144615,0.06394137097812042,30.912974123936053,23.10966769066276,0.06394137097812042,nan
abc,NCJT-circles-036-131,circles,2,concentrated,NCJT-circles-036-131/concentrated,0,0.010087496917413619,0.06258523877788949,nan,nan,0.724609375,0.1405454946942469,90,0,0,0,2150400,2155776,0,0.23296409999602474,1.0612267674319464,1.2272175847487974,0.35,0.0525,0.0,0.0,abc,0,1,2.0,0.13472343912697224,0.5719758117348009,0.1295164709971527,30.143401744517718,23.858008984180973,0.12287403045510344,nan
abc,NCJT-circles-036-131,circles,2,concentrated,NCJT-circles-036-131/concentrated,1,0.009652589704163272,0.058421957509915676,nan,nan,0.705078125,0.10496982751558988,97,0,0,0,2150400,2155776,0,0.24112289999902714,1.0528085611785591,1.2133914866445143,0.35,0.0525,0.0,0.0,abc,0,1,2.0,0.13429562760097036,0.5926503412335185,0.031081563172061864,32.002237581854416,23.72816401381371,0.031210642731266947,nan
abc,NCJT-circles-036-131,circles,2,concentrated,NCJT-circles-036-131/concentrated,2,0.01097731234271504,0.06869474744963251,nan,nan,0.712890625,0.12037824036992413,99,0,0,0,2150400,2155776,0,0.23854580000624992,1.0615787183711247,1.2203160800142296,0.35,0.0525,0.0,0.0,abc,0,1,2.0,0.16019026325436145,0.5805035639669878,0.07858288907696157,29.843638657371464,23.55537523913051,0.07660850517283155,nan
abc,NCJT-circles-036-131,circles,2,concentrated,NCJT-circles-036-131/concentrated,3,0.01229200769919414,0.07563950157779141,nan,nan,0.7265625,0.11391530503933452,92,0,0,0,2150400,2155776,0,0.2330453999893507,1.0363295527248566,1.235502761286959,0.35,0.0525,0.0,0.0,abc,0,1,2.0,0.16445879700240001,0.5977736174453705,0.060721800584436464,32.40705154114406,24.18758359734307,0.06163318844919784,nan
abc,NCJT-circles-036-131,circles,2,concentrated,NCJT-circles-036-131/concentrated,4,0.01276186128321899,0.07457534958199488,nan,nan,0.7587890625,0.09314094058533375,101,0,0,0,2150400,2155776,0,0.2388203999871621,1.055174091043753,1.260703790177357,0.35,0.0525,0.0,0.0,abc,0,1,2.0,0.11960265095669056,0.5864686611798787,0.07309148442468326,33.05795550010275,24.054214324768967,0.06994368692098232,nan
abc,NCJT-circles-036-131,circles,2,concentrated,NCJT-circles-036-131/concentrated,5,0.012593615880011289,0.07369239694010624,nan,nan,0.7314453125,0.09501717740905444,89,0,0,0,2150400,2155776,0,0.2365225000103237,1.054542651392793,1.2568983582746556,0.35,0.0525,0.0,0.0,abc,0,1,2.0,0.1352078512647306,0.6018543577680942,0.0661808416821476,30.86083132301164,23.55487069257915,0.06278109836243903,nan
normalized-crossfit,NCJT-circles-036-131,circles,2,concentrated,NCJT-circles-036-131/concentrated,0,0.004686099682371658,0.06031617570621523,nan,nan,0.7470703125,0.20542491001821087,98,0,0,0,2150400,2155776,0,0.22956829999748152,0.8264524706141531,0.9557212803358898,0.35,0.0525,0.0,0.0,constant,1,0,2.0,0.3028401449324651,0.5543084233067385,0.1449144855281082,32.61551000763457,22.375945933410918,0.1449144855281082,nan
normalized-crossfit,NCJT-circles-036-131,circles,2,concentrated,NCJT-circles-036-131/concentrated,1,0.00614373335847862,0.07228467924160091,nan,nan,0.7001953125,0.18602553943120426,107,0,0,0,2150400,2155776,0,0.2334024000010686,0.811939437021552,0.9357830444026931,0.35,0.0525,0.0,0.0,constant,1,0,2.0,0.23154369946025408,0.5813008759552701,0.03886163948414426,33.129120479886346,25.9483017671873,0.03886163948414426,nan
normalized-crossfit,NCJT-circles-036-131,circles,2,concentrated,NCJT-circles-036-131/concentrated,2,0.005888702740774576,0.06524821754239,nan,nan,0.71484375,0.1321804174530623,109,0,0,0,2150400,2155776,0,0.22280070000851993,0.8297161554311818,0.9537832181431171,0.35,0.0525,0.0,0.0,constant,1,0,2.0,0.35737512096639823,0.5665729577467378,0.055505907521224196,31.451453340587058,23.834228687406885,0.055505907521224196,nan
normalized-crossfit,NCJT-circles-036-131,circles,2,concentrated,NCJT-circles-036-131/concentrated,3,0.004058627333514142,0.04785013828497797,nan,nan,0.7880859375,0.23352344640321857,101,0,0,0,2150400,2155776,0,0.23310849998961203,0.8217132896718309,0.9796391849545942,0.35,0.0525,0.0,0.0,constant,1,0,2.0,0.23745536309583112,0.5738577854555109,0.12038517114562153,32.427840654031684,23.762773877958676,0.12038517114562153,nan
normalized-crossfit,NCJT-circles-036-131,circles,2,concentrated,NCJT-circles-036-131/concentrated,4,0.004751370751363337,0.05473296832574336,nan,nan,0.7509765625,0.20197349166984868,111,0,0,0,2150400,2155776,0,0.23619329999201,0.8319667302325933,0.9940194883558808,0.35,0.0525,0.0,0.0,constant,1,0,2.0,0.27268429537026967,0.5572094887905576,0.06915686292254652,34.319986309293625,25.056710022440342,0.06915686292254652,nan
normalized-crossfit,NCJT-circles-036-131,circles,2,concentrated,NCJT-circles-036-131/concentrated,5,0.004351694723858213,0.048836554724804436,nan,nan,0.7509765625,0.15657342827183127,98,0,0,0,2150400,2155776,0,0.23013999999966472,0.851924962579701,1.01540045386062,0.35,0.0525,0.0,0.0,constant,1,0,2.0,0.35125613815423334,0.5526703645711465,0.06744089633839738,31.335820243866472,21.96119029438018,0.06744089633839738,nan
paper,NCJT-moons-111,moons,2,covered,NCJT-moons-111/covered,0,0.006628059267452802,0.052506819953938834,nan,nan,0.96875,0.035105963840731565,1,0,0,0,2150400,2155776,0,0.23391830000036862,1.1929377491367505,1.0703192531614207,0.35,0.0525,0.0,0.0,paper,0,1,,0.37036702878562233,0.5853620437467627,0.0507979467963164,18.611559431576843,13.011827162840557,0.030258683972979785,nan
paper,NCJT-moons-111,moons,2,covered,NCJT-moons-111/covered,1,0.008636816907966471,0.06247487988337218,nan,nan,0.9375,0.03741049752448944,1,0,0,0,2150400,2155776,0,0.229553199998918,1.177904078441994,1.0455501895204677,0.35,0.0525,0.0,0.0,paper,0,1,,0.3654147999295345,0.5858495262946057,0.05353419775446529,17.258984895915642,13.111421342545047,0.03047453528826198,nan
paper,NCJT-moons-111,moons,2,covered,NCJT-moons-111/covered,2,0.008244957568634081,0.0672575727918038,nan,nan,0.958984375,0.045730484350550826,1,0,0,0,2150400,2155776,0,0.2304969999968307,1.1855862507986,1.0611560205163661,0.35,0.0525,0.0,0.0,paper,0,1,,0.3324510752040082,0.5754294207960209,0.0788907949794821,17.40541889611807,13.197097708312853,0.04425514816189628,nan
paper,NCJT-moons-111,moons,2,covered,NCJT-moons-111/covered,3,0.008473007306800673,0.06549596854913463,nan,nan,0.9755859375,0.04730640871542202,1,0,0,0,2150400,2155776,0,0.21694230000139214,1.1774290039695892,1.0791001499710386,0.35,0.0525,0.0,0.0,paper,0,1,,0.3685919172162286,0.5748320557948814,0.08052883347160013,16.877956856354356,13.432756652108186,0.04285767737867048,nan
paper,NCJT-moons-111,moons,2,covered,NCJT-moons-111/covered,4,0.00656424779616871,0.05031627686942007,nan,nan,0.9580078125,0.044873350614960575,1,0,0,0,2150400,2155776,0,0.22797400000854395,1.183167087102797,1.0720504610869175,0.35,0.0525,0.0,0.0,paper,0,1,,0.3649959889473632,0.5974554561122442,0.04764821925381907,17.653792805378085,13.226443355158176,0.027680037079373894,nan
paper,NCJT-moons-111,moons,2,covered,NCJT-moons-111/covered,5,0.007664092214849649,0.05676329665990419,nan,nan,0.9609375,0.0365875289777609,1,0,0,0,2150400,2155776,0,0.230748300004052,1.193884702210466,1.0884189806403402,0.35,0.0525,0.0,0.0,paper,0,1,,0.3464609047509126,0.5656599369946576,0.062496384630510035,18.402661141533258,13.417936364673345,0.029800543114215594,nan
normalized-only,NCJT-moons-111,moons,2,covered,NCJT-moons-111/covered,0,0.009573884245583919,0.0722504529462809,nan,nan,0.9765625,0.07883245388750051,1,0,0,0,2150400,2155776,0,0.22932709999440704,1.2325786065295266,1.1058855456272405,0.35,0.0525,0.0,0.0,constant,0,1,2.0,0.2575921469441694,0.5939572611453097,0.05038468917321001,18.865643633123966,13.622713445949719,0.05038468917321001,nan
normalized-only,NCJT-moons-111,moons,2,covered,NCJT-moons-111/covered,1,0.010188373641901505,0.07069603837047081,nan,nan,0.9609375,0.10279432107530011,1,0,0,0,2150400,2155776,0,0.2299193000071682,1.2141589860059656,1.077731354496733,0.35,0.0525,0.0,0.0,constant,0,1,2.0,0.256305421052824,0.592319536928295,0.054895479353621296,16.885581004087832,13.291634784010963,0.054895479353621296,nan
normalized-only,NCJT-moons-111,moons,2,covered,NCJT-moons-111/covered,2,0.008018747508881319,0.06024465309610528,nan,nan,0.970703125,0.09354788351470335,1,0,0,0,2150400,2155776,0,0.22528509999392554,1.2149734652283668,1.0874589735890314,0.35,0.0525,0.0,0.0,constant,0,1,2.0,0.2964593276873746,0.590568486570034,0.07520911087712265,17.761520226941244,13.59571265518041,0.07520911087712265,nan
normalized-only,NCJT-moons-111,moons,2,covered,NCJT-moons-111/covered,3,0.01119287083023135,0.07840016933106277,nan,nan,0.9892578125,0.09227064869919749,1,0,0,0,2150400,2155776,0,0.22764910000842065,1.236674754075127,1.1333981990325888,0.35,0.0525,0.0,0.0,constant,0,1,2.0,0.26006542813988126,0.5901946485978329,0.08197925887888799,17.058067725101616,13.37858375698608,0.08197925887888799,nan
normalized-only,NCJT-moons-111,moons,2,covered,NCJT-moons-111/covered,4,0.008569361269833431,0.058419658708001,nan,nan,0.970703125,0.12525049851515715,1,0,0,0,2150400,2155776,0,0.21920479999971576,1.2186297556630215,1.1041826684444216,0.35,0.0525,0.0,0.0,constant,0,1,2.0,0.23657061904975785,0.6080451232304729,0.05104447797656737,18.160825284580007,13.515333933696667,0.05104447797656737,nan
normalized-only,NCJT-moons-111,moons,2,covered,NCJT-moons-111/covered,5,0.009977279032043151,0.07035756779657554,nan,nan,0.9580078125,0.07515095566300602,1,0,0,0,2150400,2155776,0,0.22361429999000393,1.216960046001887,1.1094558882419558,0.35,0.0525,0.0,0.0,constant,0,1,2.0,0.2650730586527681,0.5755661105903807,0.06107223042400781,18.410569790331813,13.657513450290313,0.06107223042400781,nan
abc,NCJT-moons-111,moons,2,covered,NCJT-moons-111/covered,0,0.009378554346180845,0.07108797446216228,nan,nan,0.984375,0.08315146139304101,1,0,0,0,2150400,2155776,0,0.2366392999974778,1.2244398080035714,1.0985833098096254,0.35,0.0525,0.0,0.0,abc,0,1,2.0,0.258341497648503,0.5967449826431851,0.05014077068777774,18.92117589858195,13.709855359515807,0.05181202261944648,nan
abc,NCJT-moons-111,moons,2,covered,NCJT-moons-111/covered,1,0.010143819686107669,0.0699946316183207,nan,nan,0.9658203125,0.09554432813949665,1,0,0,0,2150400,2155776,0,0.2315630999946734,1.208421620454496,1.0726386616794863,0.35,0.0525,0.0,0.0,abc,0,1,2.0,0.24618377700272617,0.5949114792626077,0.05754153402409681,17.132901524868515,13.69816136618951,0.053706176683176524,nan
abc,NCJT-moons-111,moons,2,covered,NCJT-moons-111/covered,2,0.008030218275165257,0.06036428018526291,nan,nan,0.9697265625,0.09067186114032787,1,0,0,0,2150400,2155776,0,0.23703350000141654,1.2184002580916347,1.0905261160052577,0.35,0.0525,0.0,0.0,abc,0,1,2.0,0.3119269574802452,0.5902272791825888,0.07780831307482533,17.789834903305064,13.557893254546055,0.07762414596522071,nan
abc,NCJT-moons-111,moons,2,covered,NCJT-moons-111/covered,3,0.010974236835741946,0.07692309911237435,nan,nan,0.990234375,0.08811843745882002,1,0,0,0,2150400,2155776,0,0.2325727999996161,1.2278993445652822,1.1253556370724151,0.35,0.0525,0.0,0.0,abc,0,1,2.0,0.2633931452556938,0.5945674816047123,0.08227734949663858,17.055786469568865,13.902792806744209,0.07997637933229462,nan
abc,NCJT-moons-111,moons,2,covered,NCJT-moons-111/covered,4,0.008566496215585362,0.059697541313261986,nan,nan,0.9775390625,0.10514681718575816,1,0,0,0,2150400,2155776,0,0.23321230000874493,1.2154592627365677,1.1013099309919283,0.35,0.0525,0.0,0.0,abc,0,1,2.0,0.24250350362600764,0.6157333323543854,0.05048154914669707,18.42132517470993,14.19878787697009,0.0491751773576242,nan
abc,NCJT-moons-111,moons,2,covered,NCJT-moons-111/covered,5,0.009556255091584198,0.06818167639049776,nan,nan,0.9658203125,0.06981456705935,1,0,0,0,2150400,2155776,0,0.23583309999958146,1.20956522737834,1.102714315179365,0.35,0.0525,0.0,0.0,abc,0,1,2.0,0.2601363876967753,0.5728114781017037,0.0648471773618779,18.315428198823668,13.752401843209912,0.06223383504791627,nan
normalized-crossfit,NCJT-moons-111,moons,2,covered,NCJT-moons-111/covered,0,0.004764669692529422,0.05721161778082882,nan,nan,0.984375,0.28792511727236403,1,0,0,0,2150400,2155776,0,0.22905770000943448,1.10858090812707,0.9946331990199755,0.35,0.0525,0.0,0.0,constant,1,0,2.0,0.2174242166130042,0.5735892322848559,0.08131631845304121,18.3634148526607,14.073522084146603,0.08131631845304121,nan
normalized-crossfit,NCJT-moons-111,moons,2,covered,NCJT-moons-111/covered,1,0.005196145370363059,0.052771689200388945,nan,nan,0.984375,0.14299208335229086,1,0,0,0,2150400,2155776,0,0.22748879999562632,1.1041748937721385,0.9801055031358853,0.35,0.0525,0.0,0.0,constant,1,0,2.0,0.4617578719241951,0.5539393980592513,0.1293911861498109,16.962857825520047,11.591030102421385,0.1293911861498109,nan
normalized-crossfit,NCJT-moons-111,moons,2,covered,NCJT-moons-111/covered,2,0.003542808685345289,0.04696877535280203,nan,nan,0.982421875,0.11916641742934116,1,0,0,0,2150400,2155776,0,0.22817999999097083,1.107650703803938,0.9914000033139784,0.35,0.0525,0.0,0.0,constant,1,0,2.0,0.3875397863825187,0.5793571913082867,0.10345963527532293,17.640677720591206,12.288288384882176,0.10345963527532293,nan
normalized-crossfit,NCJT-moons-111,moons,2,covered,NCJT-moons-111/covered,3,0.0035206867728223568,0.04152579739723706,nan,nan,0.9775390625,0.14545548635065475,1,0,0,0,2150400,2155776,0,0.22039600000425708,1.1096501561880607,1.0169816149601578,0.35,0.0525,0.0,0.0,constant,1,0,2.0,0.4276422620540515,0.5217417001248659,0.102417323348689,16.685011709415896,10.890611199134097,0.102417323348689,nan
normalized-crossfit,NCJT-moons-111,moons,2,covered,NCJT-moons-111/covered,4,0.002426627644944279,0.03362952909955429,nan,nan,0.986328125,0.11740080614339674,1,0,0,0,2150400,2155776,0,0.22227600000042003,1.1010103757081833,0.9976094617622564,0.35,0.0525,0.0,0.0,constant,1,0,2.0,0.4070649878244746,0.570304266982719,0.06795924585822843,17.98465776216358,12.493806532284946,0.06795924585822843,nan
normalized-crossfit,NCJT-moons-111,moons,2,covered,NCJT-moons-111/covered,5,0.0027718705463637416,0.03490557729480756,nan,nan,0.994140625,0.09750652596816183,1,0,0,0,2150400,2155776,0,0.22378070000559092,1.1022795176657068,1.004906040572531,0.35,0.0525,0.0,0.0,constant,1,0,2.0,0.410586874856101,0.5383597964021754,0.0795080691661162,18.095769084462884,11.817312264996023,0.0795080691661162,nan
paper,NCJT-moons-111,moons,2,missing,NCJT-moons-111/missing,0,0.010386229612900921,0.06913524121737735,nan,nan,0.9345703125,0.056682119183849605,72,0,0,0,2150400,2155776,0,0.21916190000774805,1.1893983873813532,1.0912301620341711,0.35,0.0525,0.0,0.0,paper,0,1,,0.345665358708591,0.5765325302817201,0.10101606229231658,16.574196401692507,14.064948941825799,0.053610078911801556,nan
paper,NCJT-moons-111,moons,2,missing,NCJT-moons-111/missing,1,0.007909723096869659,0.05987232006309607,nan,nan,0.9765625,0.0422114485421181,54,0,0,0,2150400,2155776,0,0.22913719998905435,1.1916519237370309,1.0539840936819573,0.35,0.0525,0.0,0.0,paper,0,1,,0.36456094305196723,0.5781723252245359,0.052701120273610916,19.450218493825925,13.863295541037324,0.025285357514309402,nan
paper,NCJT-moons-111,moons,2,missing,NCJT-moons-111/missing,2,0.007750468140549804,0.05337724572003008,nan,nan,0.98046875,0.07132459335189296,64,0,0,0,2150400,2155776,0,0.21777620000648312,1.201356799361213,1.0982699480594402,0.35,0.0525,0.0,0.0,paper,0,1,,0.27575177622303404,0.5778109537541912,0.10819548538700453,17.31678681011701,13.617120371222175,0.062473909821899286,nan
paper,NCJT-moons-111,moons,2,missing,NCJT-moons-111/missing,3,0.005875387477100036,0.051356468166106166,nan,nan,0.9736328125,0.046212045846825575,71,0,0,0,2150400,2155776,0,0.22258049999072682,1.1795693863141583,1.042300646921868,0.35,0.0525,0.0,0.0,paper,0,1,,0.34929690094879506,0.5711636329928045,0.07981105402800381,17.73016775940796,13.496280878698377,0.03890761439611787,nan
paper,NCJT-moons-111,moons,2,missing,NCJT-moons-111/missing,4,0.009647943676366122,0.07127876309445286,nan,nan,0.943359375,0.04877442345808329,63,0,0,0,2150400,2155776,0,0.2198921000090195,1.1902704509394681,1.0545141590538196,0.35,0.0525,0.0,0.0,paper,0,1,,0.3506178736853872,0.5713947089738345,0.0892479443641385,18.518702759639737,13.654282492633907,0.046654431620397264,nan
paper,NCJT-moons-111,moons,2,missing,NCJT-moons-111/missing,5,0.009106972902446886,0.06240283624695763,nan,nan,0.9609375,0.041650576537639865,64,0,0,0,2150400,2155776,0,0.22314539999933913,1.1873635250430108,1.1008779762118222,0.35,0.0525,0.0,0.0,paper,0,1,,0.3565512984077707,0.5736794940542222,0.0661463532621947,17.065751224756,13.734947531014516,0.03437474326781747,nan
normalized-only,NCJT-moons-111,moons,2,missing,NCJT-moons-111/missing,0,0.010502070187784263,0.07187836337482494,nan,nan,0.9453125,0.10885350498485474,37,0,0,0,2150400,2155776,0,0.22349769998982083,1.2266670127286454,1.1254227828649888,0.35,0.0525,0.0,0.0,constant,0,1,2.0,0.2731712025566285,0.5761966265417577,0.10213100114877124,16.629166493125695,13.646815141137647,0.10213100114877124,nan
normalized-only,NCJT-moons-111,moons,2,missing,NCJT-moons-111/missing,1,0.008512664533129044,0.0612632795258995,nan,nan,0.974609375,0.09857599336360862,28,0,0,0,2150400,2155776,0,0.22665549999510404,1.2459868704793173,1.102041893494702,0.35,0.0525,0.0,0.0,constant,0,1,2.0,0.30370279484695495,0.587769310919176,0.050240346132757345,18.951800942103297,13.464754003605139,0.050240346132757345,nan
normalized-only,NCJT-moons-111,moons,2,missing,NCJT-moons-111/missing,2,0.010057861238773613,0.06280163187612897,nan,nan,0.98046875,0.1308577867163925,32,0,0,0,2150400,2155776,0,0.21918080000614282,1.2503794595337125,1.1430860380586931,0.35,0.0525,0.0,0.0,constant,0,1,2.0,0.22061243021387078,0.5795826510155215,0.10844014896727769,17.652514156353195,13.276672316613116,0.10844014896727769,nan
normalized-only,NCJT-moons-111,moons,2,missing,NCJT-moons-111/missing,3,0.006940345566966544,0.05685446585960261,nan,nan,0.9736328125,0.10412034797885023,36,0,0,0,2150400,2155776,0,0.2275629000068875,1.215839734033165,1.0743501450948676,0.35,0.0525,0.0,0.0,constant,0,1,2.0,0.22901348435419452,0.5825077334732515,0.08385142927319206,17.31349727126203,13.120857281307948,0.08385142927319206,nan
normalized-only,NCJT-moons-111,moons,2,missing,NCJT-moons-111/missing,4,0.009238508534083367,0.06998215016751498,nan,nan,0.96484375,0.09453414254683853,32,0,0,0,2150400,2155776,0,0.2313715000054799,1.2112984911779272,1.0731438462405483,0.35,0.0525,0.0,0.0,constant,0,1,2.0,0.25620906118867365,0.5744802776936179,0.08336235024506553,18.234808107814843,14.059013682280618,0.08336235024506553,nan
normalized-only,NCJT-moons-111,moons,2,missing,NCJT-moons-111/missing,5,0.010200275468912112,0.0632545389563364,nan,nan,0.9736328125,0.07304254834305433,32,0,0,0,2150400,2155776,0,0.22797469999932218,1.2293264801703259,1.139784420735417,0.35,0.0525,0.0,0.0,constant,0,1,2.0,0.21176058944635456,0.6005103257202564,0.07208658965504619,17.048110721218393,13.531195684662423,0.07208658965504619,nan
abc,NCJT-moons-111,moons,2,missing,NCJT-moons-111/missing,0,0.010239497660918584,0.0702519573209057,nan,nan,0.9560546875,0.10773103075055776,37,0,0,0,2150400,2155776,0,0.24905559999751858,1.2153347080136188,1.1150258016334729,0.35,0.0525,0.0,0.0,abc,0,1,2.0,0.2740680986516066,0.5702750450912921,0.09975166486054496,16.77104415797785,13.82816042426591,0.09815692291824718,nan
abc,NCJT-moons-111,moons,2,missing,NCJT-moons-111/missing,1,0.008130243763279976,0.05830854522912204,nan,nan,0.970703125,0.09115756108440895,29,0,0,0,2150400,2155776,0,0.23759059999429155,1.2128891314293848,1.072767833007251,0.35,0.0525,0.0,0.0,abc,0,1,2.0,0.3019949393223275,0.5872085811114364,0.04935300141479988,19.2046448507049,13.765510454033116,0.047643705852106796,nan
abc,NCJT-moons-111,moons,2,missing,NCJT-moons-111/missing,2,0.009274460692012543,0.059117985753840904,nan,nan,0.986328125,0.12866314071883933,33,0,0,0,2150400,2155776,0,0.2336187000037171,1.2317869454006887,1.1260889231782278,0.35,0.0525,0.0,0.0,abc,0,1,2.0,0.19454818236550306,0.5812622902052554,0.1137178060522781,17.751515824469113,13.555387455234893,0.10177854372433322,nan
abc,NCJT-moons-111,moons,2,missing,NCJT-moons-111/missing,3,0.006861187680021308,0.058190450648463815,nan,nan,0.96875,0.09768248496633913,37,0,0,0,2150400,2155776,0,0.2408826000028057,1.2082485765060873,1.0676423850485657,0.35,0.0525,0.0,0.0,abc,0,1,2.0,0.2457994925358113,0.5793471110099457,0.08504149764396542,17.47675591940346,13.700335979528187,0.07974238836759473,nan
abc,NCJT-moons-111,moons,2,missing,NCJT-moons-111/missing,4,0.009424195999763185,0.07058205624474709,nan,nan,0.966796875,0.09359697645555143,33,0,0,0,2150400,2155776,0,0.24055940000107512,1.2100574904421142,1.0720443878390746,0.35,0.0525,0.0,0.0,abc,0,1,2.0,0.25233236438940565,0.5753756896042035,0.0838786785224194,18.31861175502715,14.203275024082853,0.0849285476382099,nan
abc,NCJT-moons-111,moons,2,missing,NCJT-moons-111/missing,5,0.009889333911907272,0.06185938976184634,nan,nan,0.9755859375,0.07154306910672609,33,0,0,0,2150400,2155776,0,0.2408140000043204,1.2263572156657383,1.1370314324300625,0.35,0.0525,0.0,0.0,abc,0,1,2.0,0.22511427973478992,0.6009127677455185,0.07220289747834793,16.989437397390297,13.607516988421171,0.07132120050803052,nan
normalized-crossfit,NCJT-moons-111,moons,2,missing,NCJT-moons-111/missing,0,0.004002561680272798,0.04240965613262382,nan,nan,0.982421875,0.15531573138724483,40,0,0,0,2150400,2155776,0,0.223798999999417,1.1008706174415388,1.010009123094782,0.35,0.0525,0.0,0.0,constant,1,0,2.0,0.4375905042525449,0.5284604262739209,0.13939202643114948,16.115055484912453,12.037708327384305,0.13939202643114948,nan
normalized-crossfit,NCJT-moons-111,moons,2,missing,NCJT-moons-111/missing,1,0.0035462046727343655,0.047323713146756034,nan,nan,0.984375,0.1431024621406554,30,0,0,0,2150400,2155776,0,0.2245173999981489,1.1035936451573518,0.9760989133778489,0.35,0.0525,0.0,0.0,constant,1,0,2.0,0.4180080656856129,0.5104209380946516,0.11659404319534922,18.9899489657629,11.13548124002821,0.11659404319534922,nan
normalized-crossfit,NCJT-moons-111,moons,2,missing,NCJT-moons-111/missing,2,0.0026382233695483315,0.03227452801276918,nan,nan,0.9814453125,0.16173565165874934,35,0,0,0,2150400,2155776,0,0.23219109998899512,1.1045199653795186,1.009742555794406,0.35,0.0525,0.0,0.0,constant,1,0,2.0,0.4325005581760899,0.5639541989560397,0.1389063510026553,17.32592071085164,12.045847923823231,0.1389063510026553,nan
normalized-crossfit,NCJT-moons-111,moons,2,missing,NCJT-moons-111/missing,3,0.0033016833808368062,0.048356200788500996,nan,nan,0.9921875,0.18993675723053408,40,0,0,0,2150400,2155776,0,0.22607160000188742,1.0929928433643676,0.9657991814109683,0.35,0.0525,0.0,0.0,constant,1,0,2.0,0.42297999138451847,0.5785928663078612,0.11167655408781099,16.482183953944848,12.800103493526553,0.11167655408781099,nan
normalized-crossfit,NCJT-moons-111,moons,2,missing,NCJT-moons-111/missing,4,0.005268307148918128,0.0589371933010514,nan,nan,0.99609375,0.1068827393727747,35,0,0,0,2150400,2155776,0,0.23203499999362975,1.0976897429961006,0.972492743412987,0.35,0.0525,0.0,0.0,constant,1,0,2.0,0.43603128231256977,0.5605860530021634,0.10429782400176213,17.656938716485,11.952115037344448,0.10429782400176213,nan
normalized-crossfit,NCJT-moons-111,moons,2,missing,NCJT-moons-111/missing,5,0.0030790413395709315,0.032564402670615736,nan,nan,0.994140625,0.09578514512403251,37,0,0,0,2150400,2155776,0,0.2244602999999188,1.101519775029542,1.0212869396067203,0.35,0.0525,0.0,0.0,constant,1,0,2.0,0.48237327381748957,0.5549908815236012,0.07503871157311223,16.66267274634143,12.558419133207101,0.07503871157311223,nan
paper,NCJT-moons-111,moons,2,far,NCJT-moons-111/far,0,9.351333621924049,3.613881209668276,nan,nan,0.0,0.007205608579346471,400,1,0,0,2150400,2155776,0,0.23222540000278968,0.2540679107503768,0.22662323730391523,0.35,0.0525,0.0,0.0,paper,0,1,,0.0005644712592040519,0.0008294013874842349,5.044509049005399,38.59223620504255,41.25782551121934,0.00418620546172296,nan
paper,NCJT-moons-111,moons,2,far,NCJT-moons-111/far,1,9.466426888637661,3.7564437005905122,nan,nan,0.0,0.009206894322000126,400,1,0,0,2150400,2155776,0,0.22778349999862257,0.2551436010956663,0.23086264424516129,0.35,0.0525,0.0,0.0,paper,0,1,,0.00043320592952765194,0.0006774340994532386,5.208803885764746,45.04338858137489,42.16664491711369,0.0035285553769477795,nan
paper,NCJT-moons-111,moons,2,far,NCJT-moons-111/far,2,9.506862603564123,2.838517104789275,nan,nan,0.0,0.005997779923293069,400,1,0,0,2150400,2155776,0,0.2234580999938771,0.2427865423093137,0.21499668509995734,0.35,0.0525,0.0,0.0,paper,0,1,,0.0004996174137655758,0.0008748677282715332,5.0288939608150525,36.977396534350035,42.51738516698816,0.004414387508439187,nan
paper,NCJT-moons-111,moons,2,far,NCJT-moons-111/far,3,9.417998878566317,3.62019816997568,nan,nan,0.0,0.007443013329539596,400,1,0,0,2150400,2155776,0,0.2254698000033386,0.2539691029384057,0.22825946839747363,0.35,0.0525,0.0,0.0,paper,0,1,,0.0005883066129421862,0.0010347496133259703,4.911261887624546,35.06180758525746,40.6642245932749,0.005043600813512365,nan
paper,NCJT-moons-111,moons,2,far,NCJT-moons-111/far,4,9.4123515482749,3.3050331208187167,nan,nan,0.0,0.006802376446816243,400,1,0,0,2150400,2155776,0,0.23337240000546444,0.23614636768466712,0.2161758639414527,0.35,0.0525,0.0,0.0,paper,0,1,,0.0005486084574560585,0.0009587540179304733,4.967073812087942,39.19312048500912,42.439363862143324,0.004792950247449723,nan
paper,NCJT-moons-111,moons,2,far,NCJT-moons-111/far,5,9.387288685759053,3.694776031317978,nan,nan,0.0,0.005997678880748768,400,1,0,0,2150400,2155776,0,0.2242914000089513,0.2447462883621957,0.22164935595635962,0.35,0.0525,0.0,0.0,paper,0,1,,0.0004328532935866106,0.0007831974597329209,5.0868472129337485,38.178927398364216,41.366305674177895,0.0039920026328221815,nan
normalized-only,NCJT-moons-111,moons,2,far,NCJT-moons-111/far,0,0.008398023724289994,0.061345159812034165,nan,nan,0.9755859375,0.06933602549433199,101,0,0,0,2150400,2155776,0,0.22835119999945164,1.2286398069791653,1.0959208886935872,0.35,0.0525,0.0,0.0,constant,0,1,2.0,0.2729118668674223,0.5907258813173071,0.066048998875379,18.440941301014252,13.328044740041113,0.066048998875379,nan
normalized-only,NCJT-moons-111,moons,2,far,NCJT-moons-111/far,1,0.00981669912361438,0.06496881274534093,nan,nan,0.98046875,0.11977350775513541,104,0,0,0,2150400,2155776,0,0.22920270000759047,1.2553128795050887,1.135849966344599,0.35,0.0525,0.0,0.0,constant,0,1,2.0,0.28934098159996713,0.5815584074930208,0.07680739340271209,19.569442364837492,13.319494716372045,0.07680739340271209,nan
normalized-only,NCJT-moons-111,moons,2,far,NCJT-moons-111/far,2,0.009562563070562913,0.07144798094615679,nan,nan,0.9541015625,0.06373831560944668,95,0,0,0,2150400,2155776,0,0.23078279999026563,1.2428796104384296,1.1006170015887982,0.35,0.0525,0.0,0.0,constant,0,1,2.0,0.2823587260248316,0.596723379896052,0.055194741653006196,17.535832440057504,13.36967273348336,0.055194741653006196,nan
normalized-only,NCJT-moons-111,moons,2,far,NCJT-moons-111/far,3,0.008429271186572995,0.05943185935591634,nan,nan,0.9814453125,0.0971937769192544,113,0,0,0,2150400,2155776,0,0.22758109999995213,1.2406065285180603,1.1150182577864458,0.35,0.0525,0.0,0.0,constant,0,1,2.0,0.27948978377299666,0.5824725017069001,0.08046823569852501,15.977679873183526,13.233727272291901,0.08046823569852501,nan
normalized-only,NCJT-moons-111,moons,2,far,NCJT-moons-111/far,4,0.009798462536421804,0.06482767586885993,nan,nan,0.9775390625,0.08600020008208499,98,0,0,0,2150400,2155776,0,0.22224459999415558,1.231881416942251,1.1277032638355629,0.35,0.0525,0.0,0.0,constant,0,1,2.0,0.21595381054448987,0.5883919915064837,0.07583755739659176,17.952736045727683,13.175817789198819,0.07583755739659176,nan
normalized-only,NCJT-moons-111,moons,2,far,NCJT-moons-111/far,5,0.010147335468556395,0.06863502150431487,nan,nan,0.9853515625,0.07235373374058335,107,0,0,0,2150400,2155776,0,0.2233740000083344,1.2484389659549942,1.1306226321407635,0.35,0.0525,0.0,0.0,constant,0,1,2.0,0.29505523459025346,0.5946088017479536,0.06325889648317,17.764803903568843,13.342878680230974,0.06325889648317,nan
abc,NCJT-moons-111,moons,2,far,NCJT-moons-111/far,0,0.008129616121931527,0.06058688999161975,nan,nan,0.9521484375,0.07161601321377235,102,0,0,0,2150400,2155776,0,0.22958130000915844,1.2117896853514005,1.0808909342968647,0.35,0.0525,0.0,0.0,abc,0,1,2.0,0.2703773840621132,0.5896193277719479,0.0674746061130101,18.637606967244317,13.590448095551587,0.06834007838463865,nan
abc,NCJT-moons-111,moons,2,far,NCJT-moons-111/far,1,0.009300137131520225,0.06369638368902901,nan,nan,0.9775390625,0.12139871590881775,105,0,0,0,2150400,2155776,0,0.23147319999407046,1.2352958688431528,1.1177378914524467,0.35,0.0525,0.0,0.0,abc,0,1,2.0,0.2679678317653709,0.5809950395067636,0.07859360046820872,19.9031154861204,13.610921906730262,0.07641763319538779,nan
abc,NCJT-moons-111,moons,2,far,NCJT-moons-111/far,2,0.009221413763431663,0.0704519995059104,nan,nan,0.94921875,0.06553356790896131,96,0,0,0,2150400,2155776,0,0.23360929999034852,1.2308050066519247,1.0899244822946825,0.35,0.0525,0.0,0.0,abc,0,1,2.0,0.2734881647139077,0.6035568370998579,0.05719363655218408,17.646130359769955,13.635850804900468,0.053302123548933836,nan
abc,NCJT-moons-111,moons,2,far,NCJT-moons-111/far,3,0.007959581550187167,0.056842367314899216,nan,nan,0.9658203125,0.0973143259260537,116,0,0,0,2150400,2155776,0,0.23832170000241604,1.2251581342465725,1.1011337252854212,0.35,0.0525,0.0,0.0,abc,0,1,2.0,0.28132432291813037,0.5845874707446954,0.08011230442300543,16.335683769728874,13.335064381463967,0.07867049489810951,nan
abc,NCJT-moons-111,moons,2,far,NCJT-moons-111/far,4,0.009295838570719583,0.06220555607507007,nan,nan,0.970703125,0.08535547217842775,99,0,0,0,2150400,2155776,0,0.23278239999490324,1.2224077189568703,1.119030740659408,0.35,0.0525,0.0,0.0,abc,0,1,2.0,0.23716299678339267,0.590603814415715,0.0772462459050236,17.87070441361764,13.674837351105241,0.07562571182273468,nan
abc,NCJT-moons-111,moons,2,far,NCJT-moons-111/far,5,0.009967145580612291,0.06821892918864848,nan,nan,0.986328125,0.07320185349835684,108,0,0,0,2150400,2155776,0,0.23549639999691863,1.240967357322606,1.1238561260890927,0.35,0.0525,0.0,0.0,abc,0,1,2.0,0.3063748182011042,0.5935772967153218,0.06389421517532254,17.786655826676633,13.438915984573555,0.06344529084879202,nan
normalized-crossfit,NCJT-moons-111,moons,2,far,NCJT-moons-111/far,0,0.003453372831894397,0.048022942743913805,nan,nan,0.9931640625,0.08893367570755224,105,0,0,0,2150400,2155776,0,0.22123650000139605,1.0818238646515486,0.964964153386706,0.35,0.0525,0.0,0.0,constant,1,0,2.0,0.4241997893855013,0.5599121330168066,0.05736433630989221,18.24963179647271,12.756712551726029,0.05736433630989221,nan
normalized-crossfit,NCJT-moons-111,moons,2,far,NCJT-moons-111/far,1,0.0037184366400255797,0.045946169875845266,nan,nan,0.990234375,0.13734290532404772,107,0,0,0,2150400,2155776,0,0.2233150999963982,1.1050766528383333,0.9999110974066403,0.35,0.0525,0.0,0.0,constant,1,0,2.0,0.43707391937048373,0.544492743598098,0.08534212654677079,19.535392036691427,11.664286464756154,0.08534212654677079,nan
normalized-crossfit,NCJT-moons-111,moons,2,far,NCJT-moons-111/far,2,0.0042584832277194895,0.049373252439053536,nan,nan,0.9921875,0.15444104271506046,97,0,0,0,2150400,2155776,0,0.22081350001099054,1.1069688807627414,0.9802628992903181,0.35,0.0525,0.0,0.0,constant,1,0,2.0,0.4407494546407709,0.5409960708918963,0.1461947221701904,17.384507964438612,13.308713520842018,0.1461947221701904,nan
normalized-crossfit,NCJT-moons-111,moons,2,far,NCJT-moons-111/far,3,0.002391584120331025,0.031792387038121775,nan,nan,0.98046875,0.1534197177678257,118,0,0,0,2150400,2155776,0,0.243813199995202,1.1172113438223954,1.004114533925707,0.35,0.0525,0.0,0.0,constant,1,0,2.0,0.37837240503058395,0.540208429159603,0.09794031568855165,17.15684721981722,11.785607435431192,0.09794031568855165,nan
normalized-crossfit,NCJT-moons-111,moons,2,far,NCJT-moons-111/far,4,0.003748723570463408,0.0429209992163806,nan,nan,0.9892578125,0.16605575380827442,102,0,0,0,2150400,2155776,0,0.22188650000316557,1.1088064738267138,1.0150365630160358,0.35,0.0525,0.0,0.0,constant,1,0,2.0,0.44606856465028644,0.5315121188054442,0.14405384141140193,17.300131027093506,11.954262342626585,0.14405384141140193,nan
normalized-crossfit,NCJT-moons-111,moons,2,far,NCJT-moons-111/far,5,0.0033906419323717074,0.04054096601099849,nan,nan,0.9912109375,0.11221541562965744,111,0,0,0,2150400,2155776,0,0.2224545999924885,1.102694603380112,0.9986322991507635,0.35,0.0525,0.0,0.0,constant,1,0,2.0,0.44163827465942457,0.5694306582495918,0.0701374108974615,17.76181405371603,12.403262907282153,0.0701374108974615,nan
paper,NCJT-moons-111,moons,2,concentrated,NCJT-moons-111/concentrated,0,0.007841789980398195,0.05741072017870725,nan,nan,0.9072265625,0.052090324754173675,154,0,0,0,2150400,2155776,0,0.21954299999924842,1.1714039977265007,1.0706898129822813,0.35,0.0525,0.0,0.0,paper,0,1,,0.3485962692434286,0.5587862941519042,0.07486780147265859,18.992712227032072,13.326577812064826,0.04115868134782995,nan
paper,NCJT-moons-111,moons,2,concentrated,NCJT-moons-111/concentrated,1,0.006077277969516626,0.05069783978052877,nan,nan,0.9619140625,0.04198092757028595,154,0,0,0,2150400,2155776,0,0.2213822999910917,1.172198063208137,1.0555537342338466,0.35,0.0525,0.0,0.0,paper,0,1,,0.3716439935373817,0.5748243443373914,0.06460720847092952,17.79686085040842,13.723470701734675,0.03076471954523521,nan
paper,NCJT-moons-111,moons,2,concentrated,NCJT-moons-111/concentrated,2,0.006422255273203614,0.04938117368853112,nan,nan,0.939453125,0.0376628116796449,158,0,0,0,2150400,2155776,0,0.22835249999479856,1.1797504525315194,1.0628342419601855,0.35,0.0525,0.0,0.0,paper,0,1,,0.3996813625758924,0.5742460707914183,0.05348655607179584,17.022653562827337,13.387395218981712,0.03059334707782247,nan
paper,NCJT-moons-111,moons,2,concentrated,NCJT-moons-111/concentrated,3,0.0076137499059143465,0.05932444553024514,nan,nan,0.8955078125,0.03040244500047627,170,0,0,0,2150400,2155776,0,0.22273779999522958,1.1703834434512974,1.0594729773413134,0.35,0.0525,0.0,0.0,paper,0,1,,0.39412547890960026,0.5783531585824231,0.04792494009303827,17.471491270107755,14.085009712781229,0.025237813190840543,nan
paper,NCJT-moons-111,moons,2,concentrated,NCJT-moons-111/concentrated,4,0.0063469640844571185,0.05279484356382573,nan,nan,0.93359375,0.04948333336170222,147,0,0,0,2150400,2155776,0,0.22065920000022743,1.1504752782022019,1.044249938982705,0.35,0.0525,0.0,0.0,paper,0,1,,0.3776057785735964,0.5668695615906275,0.07453845796746002,18.943549091944583,14.375795167485638,0.04269673711787256,nan
paper,NCJT-moons-111,moons,2,concentrated,NCJT-moons-111/concentrated,5,0.008557385172914156,0.05940781643890035,nan,nan,0.9365234375,0.03270024246593572,160,0,0,0,2150400,2155776,0,0.2208766999974614,1.1785053141034532,1.0957968745358548,0.35,0.0525,0.0,0.0,paper,0,1,,0.31043216750464075,0.5916747725990297,0.05581631811949635,18.048115752983854,13.440051173465118,0.03213005152880133,nan
normalized-only,NCJT-moons-111,moons,2,concentrated,NCJT-moons-111/concentrated,0,0.010385031165748737,0.06755018957618043,nan,nan,0.9560546875,0.10601253286360551,67,0,0,0,2150400,2155776,0,0.2282956999988528,1.2483389991142062,1.1410101485859392,0.35,0.0525,0.0,0.0,constant,0,1,2.0,0.16132025507121692,0.5789811263755009,0.08457989838818789,19.191121198441778,13.462036298707407,0.08457989838818789,nan
normalized-only,NCJT-moons-111,moons,2,concentrated,NCJT-moons-111/concentrated,1,0.008610207112947021,0.05944854989491106,nan,nan,0.98828125,0.09129056077270563,68,0,0,0,2150400,2155776,0,0.21893339999951422,1.248323766377962,1.1241042401374024,0.35,0.0525,0.0,0.0,constant,0,1,2.0,0.29386139367828057,0.5880390580814693,0.06091320888070838,17.91706058227082,13.68700121815255,0.06091320888070838,nan
normalized-only,NCJT-moons-111,moons,2,concentrated,NCJT-moons-111/concentrated,2,0.009416398014255423,0.06104073139716239,nan,nan,0.95703125,0.060788685800115115,69,0,0,0,2150400,2155776,0,0.22051669999200385,1.269248256775555,1.1434625907153806,0.35,0.0525,0.0,0.0,constant,0,1,2.0,0.3604742558348652,0.5971567442563099,0.05210619633491233,16.36308264591669,13.359587178908201,0.05210619633491233,nan
normalized-only,NCJT-moons-111,moons,2,concentrated,NCJT-moons-111/concentrated,3,0.009787430110592688,0.06828505211149456,nan,nan,0.96484375,0.05789222710674787,75,0,0,0,2150400,2155776,0,0.22003650000260677,1.2455235134484326,1.1274924577286505,0.35,0.0525,0.0,0.0,constant,0,1,2.0,0.37757668603264843,0.5950511721549185,0.04829737830038282,16.89239522676148,13.428256980907332,0.04829737830038282,nan
normalized-only,NCJT-moons-111,moons,2,concentrated,NCJT-moons-111/concentrated,4,0.00797683315494302,0.056713518342112176,nan,nan,0.9716796875,0.09234217942811943,65,0,0,0,2150400,2155776,0,0.21765920000325423,1.2315271444439628,1.1178181485574938,0.35,0.0525,0.0,0.0,constant,0,1,2.0,0.2576460705616789,0.5889814886755175,0.07215751489166991,18.771712025296885,13.713724259450665,0.07215751489166991,nan
normalized-only,NCJT-moons-111,moons,2,concentrated,NCJT-moons-111/concentrated,5,0.01186950016774957,0.07548854482958749,nan,nan,0.9814453125,0.0626061555184849,70,0,0,0,2150400,2155776,0,0.2291611999971792,1.2580045937806175,1.16971683158277,0.35,0.0525,0.0,0.0,constant,0,1,2.0,0.23637351072827925,0.6023231956615802,0.057487056827818295,17.758832790121655,13.177750080747579,0.057487056827818295,nan
abc,NCJT-moons-111,moons,2,concentrated,NCJT-moons-111/concentrated,0,0.010035228859957224,0.06506442798356378,nan,nan,0.958984375,0.10198844332529432,67,0,0,0,2150400,2155776,0,0.23921280000649858,1.241286548150869,1.1345640485063275,0.35,0.0525,0.0,0.0,abc,0,1,2.0,0.16455338604491546,0.5726373618519182,0.08569322722015743,19.38964415779501,13.838497859197993,0.08408588529607001,nan
abc,NCJT-moons-111,moons,2,concentrated,NCJT-moons-111/concentrated,1,0.008173869937220912,0.05755685899202683,nan,nan,0.98828125,0.0880963205071619,68,0,0,0,2150400,2155776,0,0.2348310999950627,1.2355578965549876,1.1126086900376995,0.35,0.0525,0.0,0.0,abc,0,1,2.0,0.30276480606955675,0.5908926697934158,0.06133217503555051,17.965022250477062,13.897350952238035,0.0581279727296421,nan
abc,NCJT-moons-111,moons,2,concentrated,NCJT-moons-111/concentrated,2,0.008948025679712757,0.059506105126129805,nan,nan,0.970703125,0.06104645896697999,69,0,0,0,2150400,2155776,0,0.23675659998843912,1.257745332063682,1.1330996345154194,0.35,0.0525,0.0,0.0,abc,0,1,2.0,0.3487400525697893,0.6021831029102123,0.05470562853997518,16.625672874221685,13.595997625799468,0.0530719776905965,nan
abc,NCJT-moons-111,moons,2,concentrated,NCJT-moons-111/concentrated,3,0.009239153958710444,0.06613530505795755,nan,nan,0.9619140625,0.05773334927714104,75,0,0,0,2150400,2155776,0,0.2360593999910634,1.2305199782652518,1.1139107207516687,0.35,0.0525,0.0,0.0,abc,0,1,2.0,0.3803394318827464,0.5971452069330565,0.04841629327751591,16.97774420875585,13.51837148484277,0.04587958485276322,nan
abc,NCJT-moons-111,moons,2,concentrated,NCJT-moons-111/concentrated,4,0.007924774490788433,0.05626276923916745,nan,nan,0.9736328125,0.09172568007055455,65,0,0,0,2150400,2155776,0,0.24226119999366347,1.2254769065174407,1.11232653938926,0.35,0.0525,0.0,0.0,abc,0,1,2.0,0.30685229875155434,0.5908412663566265,0.07345905662232671,18.731059472000602,13.819214897345468,0.0688642760410689,nan
abc,NCJT-moons-111,moons,2,concentrated,NCJT-moons-111/concentrated,5,0.010780047742089183,0.07066273796696286,nan,nan,0.9677734375,0.06493667417643623,70,0,0,0,2150400,2155776,0,0.23428859999694396,1.2328778254042474,1.146353479780696,0.35,0.0525,0.0,0.0,abc,0,1,2.0,0.25773917221337855,0.602947747920785,0.0577991926071159,18.085359361368422,13.360858387842377,0.05782363698482011,nan
normalized-crossfit,NCJT-moons-111,moons,2,concentrated,NCJT-moons-111/concentrated,0,0.003701317396072934,0.04253936219513328,nan,nan,0.984375,0.11172834534488883,70,0,0,0,2150400,2155776,0,0.22439270000904799,1.0974407067304952,1.0030856880537637,0.35,0.0525,0.0,0.0,constant,1,0,2.0,0.39454872667066465,0.5501646621343437,0.09081634424763838,18.957590406143424,12.236892632260652,0.09081634424763838,nan
normalized-crossfit,NCJT-moons-111,moons,2,concentrated,NCJT-moons-111/concentrated,1,0.0022874831452970312,0.03173179770850109,nan,nan,0.9931640625,0.11807966218575526,73,0,0,0,2150400,2155776,0,0.2291620000032708,1.1158993827124122,1.0048572825889261,0.35,0.0525,0.0,0.0,constant,1,0,2.0,0.36470295288014976,0.5644817371206112,0.10754866819435493,17.357466773740803,11.600186239446412,0.10754866819435493,nan
normalized-crossfit,NCJT-moons-111,moons,2,concentrated,NCJT-moons-111/concentrated,2,0.0024700288358061595,0.03276506638558328,nan,nan,0.986328125,0.15039803061001028,73,0,0,0,2150400,2155776,0,0.22690680000232533,1.1219838558173179,1.0107924589732722,0.35,0.0525,0.0,0.0,constant,1,0,2.0,0.44157689973767233,0.5533764031408392,0.09786512426501816,16.230629470123503,12.835750823859655,0.09786512426501816,nan
normalized-crossfit,NCJT-moons-111,moons,2,concentrated,NCJT-moons-111/concentrated,3,0.003631831895412496,0.04128527701023714,nan,nan,0.986328125,0.09452528278899469,80,0,0,0,2150400,2155776,0,0.22182150000298861,1.1010494500988395,0.9967093653138948,0.35,0.0525,0.0,0.0,constant,1,0,2.0,0.4271742663590852,0.5548262977189933,0.07502019278053645,16.996167582020988,11.5235726858987,0.07502019278053645,nan
normalized-crossfit,NCJT-moons-111,moons,2,concentrated,NCJT-moons-111/concentrated,4,0.0026031668615540404,0.03797425307095974,nan,nan,0.98046875,0.10216555193122477,68,0,0,0,2150400,2155776,0,0.22431829999550246,1.090989881816084,0.9902569304205096,0.35,0.0525,0.0,0.0,constant,1,0,2.0,0.4292594523944414,0.5710400892295503,0.09081802009265712,18.797657795301305,12.013638773757222,0.09081802009265712,nan
normalized-crossfit,NCJT-moons-111,moons,2,concentrated,NCJT-moons-111/concentrated,5,0.0035363074145546847,0.035783137884580124,nan,nan,0.9951171875,0.12981580799406067,73,0,0,0,2150400,2155776,0,0.23274720000335947,1.1082027852101741,1.0304282329936418,0.35,0.0525,0.0,0.0,constant,1,0,2.0,0.4332378627630113,0.5741173829747364,0.11053894758322695,17.923459474486673,11.45955377554219,0.11053894758322695,nan
paper,NCJT-banana-083,banana,2,covered,NCJT-banana-083/covered,0,0.013666548514299937,0.08789824268634555,nan,nan,0.94140625,0.036518780718313174,1,0,0,0,2150400,2155776,0,0.2188962999935029,1.25266848792533,1.2893332047482289,0.35,0.0525,0.0,0.0,paper,0,1,,0.25610225254809976,0.5507937771458387,0.0483506026777097,30.108768924999367,21.11116179089516,0.028943090077650648,nan
paper,NCJT-banana-083,banana,2,covered,NCJT-banana-083/covered,1,0.0048612829465330964,0.037467728524372586,nan,nan,0.904296875,0.03840663963762677,1,0,0,0,2150400,2155776,0,0.219856499999878,1.1306571743349683,1.0495431770511445,0.35,0.0525,0.0,0.0,paper,0,1,,0.27759777937231644,0.5575478476702092,0.04631784127273854,31.191678970696604,22.982495556998344,0.027487836812513933,nan
paper,NCJT-banana-083,banana,2,covered,NCJT-banana-083/covered,2,0.006825361977784494,0.04937627931238723,nan,nan,0.9638671875,0.02964040894174357,1,0,0,0,2150400,2155776,0,0.21237850000034086,1.146680749645667,1.1531038038980426,0.35,0.0525,0.0,0.0,paper,0,1,,0.3102947582362724,0.5818539836826937,0.03963139041631529,29.890342212942286,21.21378173741932,0.021430702157050174,nan
paper,NCJT-banana-083,banana,2,covered,NCJT-banana-083/covered,3,0.011679833488920988,0.07391713180420471,nan,nan,0.9296875,0.039021395034713975,1,0,0,0,2150400,2155776,0,0.21844250000140164,1.2826290856886065,1.2666099084701672,0.35,0.0525,0.0,0.0,paper,0,1,,0.26226603841347723,0.5419889636471573,0.06471176939664755,29.474653120731418,20.945209197889042,0.029130564794678262,nan
paper,NCJT-banana-083,banana,2,covered,NCJT-banana-083/covered,4,0.005102684871192142,0.05216546941636336,nan,nan,0.896484375,0.029329508754951206,1,0,0,0,2150400,2155776,0,0.21645019999414217,1.1394464434787606,0.9923829849273154,0.35,0.0525,0.0,0.0,paper,0,1,,0.2505226643445446,0.5637788889878105,0.04571438066733146,29.294341767042432,21.35217407308498,0.02497161862000541,nan
paper,NCJT-banana-083,banana,2,covered,NCJT-banana-083/covered,5,0.0046069521147562575,0.04266019095891275,nan,nan,0.8857421875,0.04218096400030365,1,0,0,0,2150400,2155776,0,0.21533039999485482,1.1392673937890518,1.0430450604208694,0.35,0.0525,0.0,0.0,paper,0,1,,0.2140166855197881,0.569734248236679,0.04753516120420674,29.10950416375955,22.1437418688706,0.026567441308050218,nan
normalized-only,NCJT-banana-083,banana,2,covered,NCJT-banana-083/covered,0,0.051356555271875104,0.2368393984031596,nan,nan,0.9140625,0.4185132528474597,1,0,0,0,2150400,2155776,0,0.21371120000549126,1.830025268139523,1.8835888078005325,0.35,0.0525,0.0,0.0,constant,0,1,2.0,0.05793934193605762,0.5431085764275483,0.05203172801060718,28.063156293894686,19.126882605082802,0.05203172801060718,nan
normalized-only,NCJT-banana-083,banana,2,covered,NCJT-banana-083/covered,1,0.03348527784885258,0.1773909871809803,nan,nan,0.9091796875,0.3555384625448445,1,0,0,0,2150400,2155776,0,0.21884420000424143,1.7171868474445338,1.5939948733951406,0.35,0.0525,0.0,0.0,constant,0,1,2.0,0.05367443850451726,0.5575095988006182,0.05455880297007293,28.81248171586679,20.525919874301678,0.05455880297007293,nan
normalized-only,NCJT-banana-083,banana,2,covered,NCJT-banana-083/covered,2,0.039365922318258306,0.1942758020871549,nan,nan,0.9248046875,0.3546243081291485,1,0,0,0,2150400,2155776,0,0.22593120000965428,1.6877768083697196,1.6972307754040574,0.35,0.0525,0.0,0.0,constant,0,1,2.0,0.05223450199791801,0.5757250847149488,0.042445364869822325,27.27349946904934,18.630334179373932,0.042445364869822325,nan
normalized-only,NCJT-banana-083,banana,2,covered,NCJT-banana-083/covered,3,0.03369092280906627,0.1711785127873317,nan,nan,0.91015625,0.1642473079491189,1,0,0,0,2150400,2155776,0,0.22033739999460522,1.673840878937264,1.6529357287466548,0.35,0.0525,0.0,0.0,constant,0,1,2.0,0.06215903527481381,0.5350527362471482,0.06209018247766088,28.658661141997666,19.386134323873854,0.06209018247766088,nan
normalized-only,NCJT-banana-083,banana,2,covered,NCJT-banana-083/covered,4,0.024697775381416154,0.14363898159128746,nan,nan,0.931640625,0.23125376705234824,1,0,0,0,2150400,2155776,0,0.21587179999914952,1.688657048879218,1.470709336341482,0.35,0.0525,0.0,0.0,constant,0,1,2.0,0.10358615216418401,0.5662444245639896,0.05007737124246511,26.862984397814753,19.206158155176063,0.05007737124246511,nan
normalized-only,NCJT-banana-083,banana,2,covered,NCJT-banana-083/covered,5,0.028831046297039586,0.1522514574267366,nan,nan,0.9140625,0.37204185306497595,1,0,0,0,2150400,2155776,0,0.2333680000010645,1.713946265307128,1.5691866506507022,0.35,0.0525,0.0,0.0,constant,0,1,2.0,0.10645443591251168,0.5635028654686152,0.05245030477709545,27.750237222401445,19.100612320672646,0.05245030477709545,nan
abc,NCJT-banana-083,banana,2,covered,NCJT-banana-083/covered,0,0.05395632732456823,0.24231807571831487,nan,nan,0.91796875,0.41412258122394624,1,0,0,0,2150400,2155776,0,0.2366840000031516,1.824078334778154,1.8774678119240118,0.35,0.0525,0.0,0.0,abc,0,1,2.0,0.04824270047031844,0.5420176647453652,0.053704831224437505,28.178436374410197,19.194408364636466,0.050552115176390834,nan
abc,NCJT-banana-083,banana,2,covered,NCJT-banana-083/covered,1,0.0345630298384334,0.18244406988528425,nan,nan,0.884765625,0.35996467416768657,1,0,0,0,2150400,2155776,0,0.22659080001176335,1.6980947343992632,1.5762724395425105,0.35,0.0525,0.0,0.0,abc,0,1,2.0,0.07961995776012981,0.5563867176574278,0.051769281296255486,28.949942788163778,20.51146156180578,0.05541590341202684,nan
abc,NCJT-banana-083,banana,2,covered,NCJT-banana-083/covered,2,0.03924847908564422,0.18957721995186377,nan,nan,0.927734375,0.37890672347039545,1,0,0,0,2150400,2155776,0,0.21913040000072215,1.6462902132254462,1.6555117959178998,0.35,0.0525,0.0,0.0,abc,0,1,2.0,0.06998490992128804,0.5724102995713687,0.040639973577427865,27.300592656144747,18.87056709955678,0.04056164767080758,nan
abc,NCJT-banana-083,banana,2,covered,NCJT-banana-083/covered,3,0.03454913737501775,0.16783762128161842,nan,nan,0.9150390625,0.14659979735317777,1,0,0,0,2150400,2155776,0,0.22480320000613574,1.591949452284606,1.5720670711009193,0.35,0.0525,0.0,0.0,abc,0,1,2.0,0.13871067150706912,0.5380064010631433,0.06033698148731709,29.153782543128344,19.699266685709024,0.06141230914311563,nan
abc,NCJT-banana-083,banana,2,covered,NCJT-banana-083/covered,4,0.023347837098774304,0.13998046711697348,nan,nan,0.900390625,0.20704091306430333,1,0,0,0,2150400,2155776,0,0.22087280001142062,1.6645666057489419,1.449728143237876,0.35,0.0525,0.0,0.0,abc,0,1,2.0,0.1185944166150058,0.564887378490546,0.04972015765686718,27.406819072647025,19.370246958225394,0.04966599141099882,nan
abc,NCJT-banana-083,banana,2,covered,NCJT-banana-083/covered,5,0.030891266694978325,0.15745119124427406,nan,nan,0.90625,0.34813840108848965,1,0,0,0,2150400,2155776,0,0.2253333999979077,1.6900280188258066,1.5472885352633232,0.35,0.0525,0.0,0.0,abc,0,1,2.0,0.11185187498036109,0.5616779564563126,0.05277602042577261,28.15718938799693,19.62918882551397,0.05001838297271885,nan
normalized-crossfit,NCJT-banana-083,banana,2,covered,NCJT-banana-083/covered,0,0.006182455893779748,0.049003630859347745,nan,nan,0.984375,0.2965241036231409,1,0,0,0,2150400,2155776,0,0.218550999998115,1.0998265709111776,1.1320177133925728,0.35,0.0525,0.0,0.0,constant,1,0,2.0,0.3122613894755509,0.5860919275645233,0.04850974814953679,30.33504719892573,22.1381454781233,0.04850974814953679,nan
normalized-crossfit,NCJT-banana-083,banana,2,covered,NCJT-banana-083/covered,1,0.003000631781231222,0.02845943762773731,nan,nan,0.9755859375,0.3123798499341541,1,0,0,0,2150400,2155776,0,0.2184335999918403,1.0812371919007309,1.0036686126374448,0.35,0.0525,0.0,0.0,constant,1,0,2.0,0.426585858218629,0.5592487044527277,0.08779947092467713,30.121257344505324,19.914853841197193,0.08779947092467713,nan
normalized-crossfit,NCJT-banana-083,banana,2,covered,NCJT-banana-083/covered,2,0.006695881469731768,0.05129106844228561,nan,nan,0.9775390625,0.13456480219811898,1,0,0,0,2150400,2155776,0,0.21987489999446552,1.0783435787614684,1.0843838469976153,0.35,0.0525,0.0,0.0,constant,1,0,2.0,0.29736398270599457,0.6013256528381095,0.06824838230370496,26.681200238254057,21.68574419057512,0.06824838230370496,nan
normalized-crossfit,NCJT-banana-083,banana,2,covered,NCJT-banana-083/covered,3,0.002883088451453686,0.03164513792817702,nan,nan,0.97265625,0.13410706437937356,1,0,0,0,2150400,2155776,0,0.2136266000015894,1.0214672871983517,1.0087098457220547,0.35,0.0525,0.0,0.0,constant,1,0,2.0,0.32132843728892635,0.5995023870618248,0.0621774072396108,29.492714094101025,21.333841566579807,0.0621774072396108,nan
normalized-crossfit,NCJT-banana-083,banana,2,covered,NCJT-banana-083/covered,4,0.0031851461160898875,0.052509108175677145,nan,nan,0.95703125,0.2447707314116979,1,0,0,0,2150400,2155776,0,0.2170137000066461,1.0438027718224432,0.909083631183294,0.35,0.0525,0.0,0.0,constant,1,0,2.0,0.2934581285689295,0.5710197238284391,0.055842014220019026,29.210254210668616,22.47500468002999,0.055842014220019026,nan
normalized-crossfit,NCJT-banana-083,banana,2,covered,NCJT-banana-083/covered,5,0.0025741417644085107,0.03585578249033753,nan,nan,0.96875,0.2664111490359756,1,0,0,0,2150400,2155776,0,0.22065160000056494,1.0942995769100712,1.0018752178279586,0.35,0.0525,0.0,0.0,constant,1,0,2.0,0.2818868047292405,0.5928552814439962,0.03396824829353266,28.160570009579885,21.217482778626923,0.03396824829353266,nan
paper,NCJT-banana-083,banana,2,missing,NCJT-banana-083/missing,0,0.004491430641743843,0.05106278632095581,nan,nan,0.89453125,0.032988438101455755,4,0,0,0,2150400,2155776,0,0.2189871000009589,1.07102568750668,0.9916841166382926,0.35,0.0525,0.0,0.0,paper,0,1,,0.2723756149111931,0.5414429253462203,0.044667401720186545,31.087439429384485,23.061990080676104,0.023344357262949998,nan
paper,NCJT-banana-083,banana,2,missing,NCJT-banana-083/missing,1,0.005747618225818263,0.04285944813909477,nan,nan,0.9384765625,0.0585039236967818,6,0,0,0,2150400,2155776,0,0.22872309999365825,1.0604391766718668,1.0340233555859493,0.35,0.0525,0.0,0.0,paper,0,1,,0.2703832740111995,0.546382563149665,0.03865527846266913,31.00712292056592,22.31159081943943,0.018835932604242295,nan
paper,NCJT-banana-083,banana,2,missing,NCJT-banana-083/missing,2,0.005158518331486617,0.04406090210568617,nan,nan,0.921875,0.05284934347285972,4,0,0,0,2150400,2155776,0,0.22690090000105556,1.0779888385394814,1.054451416932175,0.35,0.0525,0.0,0.0,paper,0,1,,0.28164624245625586,0.5696421665017846,0.0642610235481329,28.158264859272045,22.312269736517475,0.03334602589054275,nan
paper,NCJT-banana-083,banana,2,missing,NCJT-banana-083/missing,3,0.005783950543561733,0.04613566786323111,nan,nan,0.935546875,0.03070872505279723,1,0,0,0,2150400,2155776,0,0.20452410000143573,1.105725788500169,1.0716696370553744,0.35,0.0525,0.0,0.0,paper,0,1,,0.2254245991847063,0.5701439603532223,0.03959211879490903,30.11483726164925,21.0119641984244,0.021761163716857025,nan
paper,NCJT-banana-083,banana,2,missing,NCJT-banana-083/missing,4,0.0048530320922137715,0.039377779242284014,nan,nan,0.9404296875,0.03028972252251078,1,0,0,0,2150400,2155776,0,0.21777459999429993,1.068482600091129,1.0232719903111496,0.35,0.0525,0.0,0.0,paper,0,1,,0.25219032375984085,0.5705821431091043,0.04488121489762722,34.059980712370105,23.485903192521015,0.024694680809068642,nan
paper,NCJT-banana-083,banana,2,missing,NCJT-banana-083/missing,5,0.0053503699112753544,0.05251627311717808,nan,nan,0.9150390625,0.05022700309438015,1,0,0,0,2150400,2155776,0,0.21652349999931175,1.0919616878267726,0.9890435515930569,0.35,0.0525,0.0,0.0,paper,0,1,,0.27957620270350764,0.570437695402795,0.06866355598670341,30.977317312406356,21.37721386807594,0.0314721168817595,nan
normalized-only,NCJT-banana-083,banana,2,missing,NCJT-banana-083/missing,0,0.030220634050828865,0.16825893841869347,nan,nan,0.900390625,0.23403378457044557,2,0,0,0,2150400,2155776,0,0.2193669999978738,1.7039765045718194,1.5777459443036663,0.35,0.0525,0.0,0.0,constant,0,1,2.0,0.11328094202048757,0.5519844526599754,0.039743569428829395,28.276389831186613,19.421351627665544,0.039743569428829395,nan
normalized-only,NCJT-banana-083,banana,2,missing,NCJT-banana-083/missing,1,0.03189659234078834,0.17279116416211507,nan,nan,0.927734375,0.35678991767955043,3,0,0,0,2150400,2155776,0,0.21583319999626838,1.614509689357634,1.5742918248786903,0.35,0.0525,0.0,0.0,constant,0,1,2.0,0.10349999671072153,0.5423857170912509,0.038178760161245315,30.580828567939466,19.384582646597806,0.038178760161245315,nan
normalized-only,NCJT-banana-083,banana,2,missing,NCJT-banana-083/missing,2,0.034860545176682356,0.176827827481894,nan,nan,0.9169921875,0.4546335192820891,2,0,0,0,2150400,2155776,0,0.2212926000065636,1.7108981962467893,1.6735414716383965,0.35,0.0525,0.0,0.0,constant,0,1,2.0,0.048473824329402185,0.567174472351061,0.06991454704754183,27.715965122407173,19.412348031205042,0.06991454704754183,nan
normalized-only,NCJT-banana-083,banana,2,missing,NCJT-banana-083/missing,3,0.032020349367282375,0.17664108523049324,nan,nan,0.9189453125,0.16809902802744656,1,0,0,0,2150400,2155776,0,0.22421939999912865,1.7075347512013337,1.6549429941048106,0.35,0.0525,0.0,0.0,constant,0,1,2.0,0.07646638828538795,0.5729274491460451,0.04454627008420339,28.643423129211698,18.86274227197712,0.04454627008420339,nan
normalized-only,NCJT-banana-083,banana,2,missing,NCJT-banana-083/missing,4,0.030845049861333962,0.1618496456010408,nan,nan,0.939453125,0.4341871993815907,1,0,0,0,2150400,2155776,0,0.22445090000110213,1.6396378892458365,1.5702600362187116,0.35,0.0525,0.0,0.0,constant,0,1,2.0,0.05534292861589307,0.555015108593248,0.04535108292157504,32.831788463794936,19.436373579679838,0.04535108292157504,nan
normalized-only,NCJT-banana-083,banana,2,missing,NCJT-banana-083/missing,5,0.02630983278926813,0.15240903911566103,nan,nan,0.90625,0.26546046226840925,1,0,0,0,2150400,2155776,0,0.23493360000429675,1.6980936372286746,1.538047150028447,0.35,0.0525,0.0,0.0,constant,0,1,2.0,0.046021458390168496,0.5704531032693909,0.0727883902516797,28.84363932659939,19.545097428484304,0.0727883902516797,nan
abc,NCJT-banana-083,banana,2,missing,NCJT-banana-083/missing,0,0.028682750618434616,0.16205289665585898,nan,nan,0.912109375,0.19256699762240648,2,0,0,0,2150400,2155776,0,0.23330850001366343,1.6256374536465434,1.5052102493886645,0.35,0.0525,0.0,0.0,abc,0,1,2.0,0.11697917234544063,0.5542853635044289,0.042965030387402986,28.26841975985702,19.601767661985644,0.042192580055535576,nan
abc,NCJT-banana-083,banana,2,missing,NCJT-banana-083/missing,1,0.034733335323128056,0.18445481857752688,nan,nan,0.91015625,0.39202922844626725,3,0,0,0,2150400,2155776,0,0.2306356000044616,1.6209723729869916,1.5805935213451408,0.35,0.0525,0.0,0.0,abc,0,1,2.0,0.1349413855529214,0.5409300763585816,0.03806329254662635,30.53918455235749,19.407374487916815,0.03720997015522558,nan
abc,NCJT-banana-083,banana,2,missing,NCJT-banana-083/missing,2,0.03857349858962311,0.19223363318383488,nan,nan,0.91796875,0.5320952871549781,2,0,0,0,2150400,2155776,0,0.24064540000108536,1.7756281050536065,1.7368580307891517,0.35,0.0525,0.0,0.0,abc,0,1,2.0,0.05704704784563619,0.5692286854619706,0.07131351015210324,27.9786746363635,19.65020718322917,0.07470751473905862,nan
abc,NCJT-banana-083,banana,2,missing,NCJT-banana-083/missing,3,0.03167338632057426,0.1786457254556746,nan,nan,0.900390625,0.14858710775262762,1,0,0,0,2150400,2155776,0,0.2371465000032913,1.6755322948557405,1.623926207543938,0.35,0.0525,0.0,0.0,abc,0,1,2.0,0.09411277293314717,0.5695672050381981,0.0442345259077403,28.783773391006537,18.95961612607099,0.04262071035053511,nan
abc,NCJT-banana-083,banana,2,missing,NCJT-banana-083/missing,4,0.028823491927149947,0.151842673447253,nan,nan,0.94921875,0.42040459067453706,1,0,0,0,2150400,2155776,0,0.23640809999778867,1.5893515599726211,1.5221014679496014,0.35,0.0525,0.0,0.0,abc,0,1,2.0,0.0411280473487238,0.5601067716785155,0.04470368160029131,33.07095322203776,19.781578613975732,0.04498736370197742,nan
abc,NCJT-banana-083,banana,2,missing,NCJT-banana-083/missing,5,0.024473524970974436,0.14439847292812927,nan,nan,0.8955078125,0.31224176667350484,1,0,0,0,2150400,2155776,0,0.22948280000127852,1.645527760012248,1.4904356427069678,0.35,0.0525,0.0,0.0,abc,0,1,2.0,0.07349066778450217,0.5677667327554998,0.07070641482419847,28.880859664177606,19.340958651443948,0.06837946222531588,nan
normalized-crossfit,NCJT-banana-083,banana,2,missing,NCJT-banana-083/missing,0,0.002555640493734579,0.029814504502257352,nan,nan,0.9619140625,0.3154597285208331,3,0,0,0,2150400,2155776,0,0.22310090000974014,1.1038379828692952,1.0220656775299841,0.35,0.0525,0.0,0.0,constant,1,0,2.0,0.4251550295346542,0.5697973006764074,0.05505484722379374,30.719929836819656,21.28096440286887,0.05505484722379374,nan
normalized-crossfit,NCJT-banana-083,banana,2,missing,NCJT-banana-083/missing,1,0.002964564514206014,0.032701521265001934,nan,nan,0.98046875,0.4376275256277435,3,0,0,0,2150400,2155776,0,0.2286616000055801,1.000083323498708,0.9751709827198024,0.35,0.0525,0.0,0.0,constant,1,0,2.0,0.23056930916316962,0.5877012019274594,0.030642530209905906,30.693970015606062,23.601117581899466,0.030642530209905906,nan
normalized-crossfit,NCJT-banana-083,banana,2,missing,NCJT-banana-083/missing,2,0.003020560041896214,0.030272295018827843,nan,nan,0.97265625,0.34333095525661916,2,0,0,0,2150400,2155776,0,0.2313434999960009,1.080804939167743,1.0572060292171381,0.35,0.0525,0.0,0.0,constant,1,0,2.0,0.3848613572412497,0.5586667260159628,0.10587050831179265,28.59464234688776,20.665528167173754,0.10587050831179265,nan
normalized-crossfit,NCJT-banana-083,banana,2,missing,NCJT-banana-083/missing,3,0.0019960183837048895,0.029557162728723135,nan,nan,0.974609375,0.14198443841493874,1,0,0,0,2150400,2155776,0,0.2445296999940183,1.0224886312448327,0.990996168973976,0.35,0.0525,0.0,0.0,constant,1,0,2.0,0.44992181571301426,0.5497965647442152,0.04326574483948001,30.24413883153953,20.295527419086213,0.04326574483948001,nan
normalized-crossfit,NCJT-banana-083,banana,2,missing,NCJT-banana-083/missing,4,0.0036151845028475904,0.03377894450817186,nan,nan,0.9794921875,0.34490925862523863,1,0,0,0,2150400,2155776,0,0.21774110000114888,1.0764774409633824,1.0309285461884974,0.35,0.0525,0.0,0.0,constant,1,0,2.0,0.2894766082920742,0.5911737235530226,0.05599160288122018,33.84543152913684,20.41566315027692,0.05599160288122018,nan
normalized-crossfit,NCJT-banana-083,banana,2,missing,NCJT-banana-083/missing,5,0.0023445775673671676,0.04159621702375543,nan,nan,0.96484375,0.29947916674139385,1,0,0,0,2150400,2155776,0,0.22641800000565127,1.0454355401479505,0.9469025251676818,0.35,0.0525,0.0,0.0,constant,1,0,2.0,0.3086610256345524,0.599973074502224,0.08705628825308745,30.261574537607633,20.97628618822005,0.08705628825308745,nan
paper,NCJT-banana-083,banana,2,far,NCJT-banana-083/far,0,13.923973217123445,4.5036208900288255,nan,nan,0.0,0.0007783278249264468,400,1,0,0,2150400,2155776,0,0.21443720000388566,0.2672256635390099,0.261227904386481,0.35,0.0525,0.0,0.0,paper,0,1,,5.2147372191127026e-05,9.55633584757278e-05,6.061598547958406,8.924845493795154,41.29766091772146,0.0005771485242102158,nan
paper,NCJT-banana-083,banana,2,far,NCJT-banana-083/far,1,13.613826060769568,5.31784367403806,nan,nan,0.0,0.0006149808860404364,400,1,0,0,2150400,2155776,0,0.22170389999519102,0.26634382027548226,0.23328987523605035,0.35,0.0525,0.0,0.0,paper,0,1,,3.545677484881169e-05,8.17067299520079e-05,6.475215222714882,14.752213691426242,40.83074111854131,0.0005290521126765032,nan
paper,NCJT-banana-083,banana,2,far,NCJT-banana-083/far,2,13.886207808422698,4.947350298906284,nan,nan,0.0,0.0005397222960495148,400,1,0,0,2150400,2155776,0,0.22606139999697916,0.28229703790302685,0.27009400303247416,0.35,0.0525,0.0,0.0,paper,0,1,,2.95861408273626e-05,6.382420883806994e-05,6.433946884431902,7.473084715218664,39.43445817637421,0.0004103912152466824,nan
paper,NCJT-banana-083,banana,2,far,NCJT-banana-083/far,3,13.80221761309966,5.64521188189252,nan,nan,0.0,0.0025277763902778532,400,1,0,0,2150400,2155776,0,0.22421590000158176,0.28310099642723013,0.2675218449597475,0.35,0.0525,0.0,0.0,paper,0,1,,0.00026086872944553033,0.0006145444989579397,3.890877424802687,3.1385369919034503,40.58026287095503,0.0023962736868974287,nan
paper,NCJT-banana-083,banana,2,far,NCJT-banana-083/far,4,13.743730239400008,4.717548269976097,nan,nan,0.0,0.0010313231172570552,400,1,0,0,2150400,2155776,0,0.22454860000289045,0.29036413497920677,0.27426701847279106,0.35,0.0525,0.0,0.0,paper,0,1,,6.157222531959766e-05,0.00013359867551528235,5.459040639027326,4.239336780772435,39.447164227270626,0.0007285070834768914,nan
paper,NCJT-banana-083,banana,2,far,NCJT-banana-083/far,5,13.765472697639416,4.628937375023017,nan,nan,0.0,0.0009495646175564274,400,1,0,0,2150400,2155776,0,0.21625540000968613,0.24897680056003746,0.2501587838053081,0.35,0.0525,0.0,0.0,paper,0,1,,7.268582104135238e-05,0.00014348421891315037,5.4822857485680885,5.184902893175856,41.508013767965934,0.0007860125012831963,nan
normalized-only,NCJT-banana-083,banana,2,far,NCJT-banana-083/far,0,0.040170492371235156,0.19768370658930207,nan,nan,0.9404296875,0.24012956087220655,143,0,0,0,2150400,2155776,0,0.22086280000803526,1.7108200727862872,1.6724214900529106,0.35,0.0525,0.0,0.0,constant,0,1,2.0,0.11616368105387484,0.5507595258877651,0.029155471666802896,28.08931318078197,20.004410758178828,0.029155471666802896,nan
normalized-only,NCJT-banana-083,banana,2,far,NCJT-banana-083/far,1,0.021879301925890715,0.12990388214722007,nan,nan,0.9033203125,0.27518588512255154,143,0,0,0,2150400,2155776,0,0.2270322000113083,1.6102859663557112,1.4104453852052357,0.35,0.0525,0.0,0.0,constant,0,1,2.0,0.11921040282140423,0.54392656953019,0.03141654641411951,27.419901071212973,19.187603292081917,0.03141654641411951,nan
normalized-only,NCJT-banana-083,banana,2,far,NCJT-banana-083/far,2,0.03374183090168614,0.17964137130463664,nan,nan,0.9228515625,0.2592235775009505,133,0,0,0,2150400,2155776,0,0.22804739999992307,1.7391992046318256,1.6640177266446203,0.35,0.0525,0.0,0.0,constant,0,1,2.0,0.051129459138284414,0.5771355936541402,0.05105960949598734,30.316911795370267,19.47826644959198,0.05105960949598734,nan
normalized-only,NCJT-banana-083,banana,2,far,NCJT-banana-083/far,3,0.034360910288616875,0.18322128138384708,nan,nan,0.93359375,0.3695945414408466,141,0,0,0,2150400,2155776,0,0.23043340000731405,1.691152389222052,1.598087654167127,0.35,0.0525,0.0,0.0,constant,0,1,2.0,0.10935700554319819,0.5603410919407974,0.03567136503414711,25.61464907703339,19.36794700887974,0.03567136503414711,nan
normalized-only,NCJT-banana-083,banana,2,far,NCJT-banana-083/far,4,0.0276413827309121,0.15830530554762076,nan,nan,0.9306640625,0.18669064158698453,170,0,0,0,2150400,2155776,0,0.21962999999232125,1.6349316105326033,1.5442947809646204,0.35,0.0525,0.0,0.0,constant,0,1,2.0,0.10308870168510278,0.5566435006372059,0.0247657396909805,27.679707346304507,20.079411304535896,0.0247657396909805,nan
normalized-only,NCJT-banana-083,banana,2,far,NCJT-banana-083/far,5,0.03672212856882351,0.18695452308331487,nan,nan,0.9091796875,0.19281039605737668,128,0,0,0,2150400,2155776,0,0.22270189999835566,1.7756202539692307,1.7840497678252765,0.35,0.0525,0.0,0.0,constant,0,1,2.0,0.061144882596450054,0.5537327104989339,0.06259413578929315,29.06970327592545,20.314801412751287,0.06259413578929315,nan
abc,NCJT-banana-083,banana,2,far,NCJT-banana-083/far,0,0.0345002327175179,0.17603958892724228,nan,nan,0.939453125,0.18394050064894327,161,0,0,0,2150400,2155776,0,0.22837650000292342,1.6166033204807657,1.5803193901388481,0.35,0.0525,0.0,0.0,abc,0,1,2.0,0.10160160445148733,0.535565323679867,0.028732542436537875,27.37076277627256,19.878133471532834,0.029381637318031194,nan
abc,NCJT-banana-083,banana,2,far,NCJT-banana-083/far,1,0.02474806040839761,0.14338744326212247,nan,nan,0.88671875,0.3141762887186985,156,0,0,0,2150400,2155776,0,0.24051419999159407,1.655730605769594,1.4502502293651134,0.35,0.0525,0.0,0.0,abc,0,1,2.0,0.09113178689217485,0.5398388974631968,0.030192705331126855,28.0177183316974,19.870032941183638,0.030162001031786734,nan
abc,NCJT-banana-083,banana,2,far,NCJT-banana-083/far,2,0.03273508187543084,0.17407560977723172,nan,nan,0.9267578125,0.2557667071832402,147,0,0,0,2150400,2155776,0,0.23584519998985343,1.6925706379687504,1.619404802898595,0.35,0.0525,0.0,0.0,abc,0,1,2.0,0.05787798609031544,0.5627532566014275,0.05250884457809478,29.387734698547817,19.652608790553344,0.05788376298025516,nan
abc,NCJT-banana-083,banana,2,far,NCJT-banana-083/far,3,0.03427552035723114,0.19341166763148787,nan,nan,0.908203125,0.37798697183372904,164,0,0,0,2150400,2155776,0,0.23483610000403132,1.6042396983198122,1.5159578004611545,0.35,0.0525,0.0,0.0,abc,0,1,2.0,0.10867337286433622,0.5566474729041933,0.03571557738682382,25.890556015969914,20.061360774176546,0.03531861742992642,nan
abc,NCJT-banana-083,banana,2,far,NCJT-banana-083/far,4,0.02906662753496625,0.16519260876082456,nan,nan,0.9169921875,0.16619345804848493,196,0,0,0,2150400,2155776,0,0.23281290000886656,1.6054540072525045,1.5164513478769375,0.35,0.0525,0.0,0.0,abc,0,1,2.0,0.10590113299834546,0.5470813261602057,0.026054628623871794,28.61767758098495,19.489415875752048,0.02356811671642782,nan
abc,NCJT-banana-083,banana,2,far,NCJT-banana-083/far,5,0.04180316454710087,0.2082101819107888,nan,nan,0.9130859375,0.16971353661637215,146,0,0,0,2150400,2155776,0,0.2289779999991879,1.779104584610763,1.7875506398490981,0.35,0.0525,0.0,0.0,abc,0,1,2.0,0.0837113286992891,0.5537372160615459,0.06404904634859815,28.38969566649429,20.031840983323207,0.06362365814796916,nan
normalized-crossfit,NCJT-banana-083,banana,2,far,NCJT-banana-083/far,0,0.006980790863404529,0.05369896605412702,nan,nan,0.96875,0.1652578654161835,139,0,0,0,2150400,2155776,0,0.22031319999950938,1.0696675229739798,1.045659319229194,0.35,0.0525,0.0,0.0,constant,1,0,2.0,0.44279573026782726,0.5790209236501341,0.040872318052891835,28.564782103221667,22.27967521398144,0.040872318052891835,nan
normalized-crossfit,NCJT-banana-083,banana,2,far,NCJT-banana-083/far,1,0.0026340021589490448,0.04514802151885864,nan,nan,0.9609375,0.10673517315332323,149,0,0,0,2150400,2155776,0,0.2150848000019323,1.0767162839948108,0.9430930565536222,0.35,0.0525,0.0,0.0,constant,1,0,2.0,0.4024646394972567,0.5392597239495165,0.08309511399797953,28.90365880647046,19.225229844098983,0.08309511399797953,nan
normalized-crossfit,NCJT-banana-083,banana,2,far,NCJT-banana-083/far,2,0.0036463741290477802,0.036279421436099545,nan,nan,0.970703125,0.23026783997362957,131,0,0,0,2150400,2155776,0,0.21860799999558367,1.0335661237020275,0.9888874988668267,0.35,0.0525,0.0,0.0,constant,1,0,2.0,0.21236464158294155,0.5855837903718697,0.11503746749655726,30.367503835888556,26.70763327224263,0.11503746749655726,nan
normalized-crossfit,NCJT-banana-083,banana,2,far,NCJT-banana-083/far,3,0.006802676639421579,0.06325931715946723,nan,nan,0.9619140625,0.14405006552975635,144,0,0,0,2150400,2155776,0,0.22350840001308825,1.057271858730666,0.9990898013117836,0.35,0.0525,0.0,0.0,constant,1,0,2.0,0.47996841783297756,0.5557549855279784,0.045215941148325015,28.026717594266536,21.816678124752528,0.045215941148325015,nan
normalized-crossfit,NCJT-banana-083,banana,2,far,NCJT-banana-083/far,4,0.0033024459354615843,0.04563300455031684,nan,nan,0.970703125,0.20341725695191062,169,0,0,0,2150400,2155776,0,0.23679499998979736,1.0103072368223354,0.9542981387993696,0.35,0.0525,0.0,0.0,constant,1,0,2.0,0.3342233540541384,0.5929295619008874,0.07519908813677872,30.016450252094415,21.166199309620453,0.07519908813677872,nan
normalized-crossfit,NCJT-banana-083,banana,2,far,NCJT-banana-083/far,5,0.004718009865924078,0.04199494634944581,nan,nan,0.9814453125,0.44440348661791435,130,0,0,0,2150400,2155776,0,0.22250950000307057,1.1049033034022495,1.1101486804386962,0.35,0.0525,0.0,0.0,constant,1,0,2.0,0.2292216058004095,0.5679837327219683,0.05411323309542788,29.953240175056557,25.785894689848654,0.05411323309542788,nan
paper,NCJT-banana-083,banana,2,concentrated,NCJT-banana-083/concentrated,0,0.0074294049294887365,0.08439239424964942,nan,nan,0.9248046875,0.0346985809690407,148,0,0,0,2150400,2155776,0,0.22526640001160558,0.884355386285417,0.8363785463491207,0.35,0.0525,0.0,0.0,paper,0,1,,0.32121752272940285,0.5592898274159617,0.039212792804885335,34.06339831364913,23.54274022288486,0.022342565268295717,nan
paper,NCJT-banana-083,banana,2,concentrated,NCJT-banana-083/concentrated,1,0.007611234744312245,0.08764201401424158,nan,nan,0.9306640625,0.038607114921022916,142,0,0,0,2150400,2155776,0,0.21681919999537058,0.8979130164558753,0.8524530452345913,0.35,0.0525,0.0,0.0,paper,0,1,,0.3915390391707072,0.5550867947446505,0.03535905982264406,30.319334625074077,24.45639236099513,0.01904990591076911,nan
paper,NCJT-banana-083,banana,2,concentrated,NCJT-banana-083/concentrated,2,0.005213641202899133,0.07125424591126443,nan,nan,0.953125,0.04119977875846067,154,0,0,0,2150400,2155776,0,0.2169477999996161,0.901021788057582,0.8828750751593698,0.35,0.0525,0.0,0.0,paper,0,1,,0.37024612387364186,0.5289967820298472,0.03824763082049096,30.451384673192806,24.93784381278973,0.019875147557629556,nan
paper,NCJT-banana-083,banana,2,concentrated,NCJT-banana-083/concentrated,3,0.012646524553938665,0.11935224427735794,nan,nan,0.9189453125,0.047215961626702566,146,0,0,0,2150400,2155776,0,0.21974869999394286,0.9007838897443958,0.8412931426267015,0.35,0.0525,0.0,0.0,paper,0,1,,0.34930620418390357,0.5297814631054888,0.06335302486052334,29.00643968069844,24.271482776804376,0.035717270977361756,nan
paper,NCJT-banana-083,banana,2,concentrated,NCJT-banana-083/concentrated,4,0.007181053527028691,0.07975888748234793,nan,nan,0.9453125,0.04725866738475916,169,0,0,0,2150400,2155776,0,0.21369839999533724,0.9005918092615856,0.8898079535051564,0.35,0.0525,0.0,0.0,paper,0,1,,0.2689578442118623,0.5600134377246786,0.027820707728786177,30.711105780899388,24.136097588794865,0.016962966946200742,nan
paper,NCJT-banana-083,banana,2,concentrated,NCJT-banana-083/concentrated,5,0.0060055825091884785,0.07357934099396511,nan,nan,0.943359375,0.05700728313389877,140,0,0,0,2150400,2155776,0,0.21630759999970905,0.9200642629105346,0.8911232644713206,0.35,0.0525,0.0,0.0,paper,0,1,,0.3814367784802228,0.5476191219364162,0.06527373515399236,27.405382576276608,23.754319331545673,0.03749955895687444,nan
normalized-only,NCJT-banana-083,banana,2,concentrated,NCJT-banana-083/concentrated,0,0.03461438779326875,0.18241397486254712,nan,nan,0.9111328125,0.3976338226056031,72,0,0,0,2150400,2155776,0,0.21953930000017863,1.6993231699810458,1.607133811505303,0.35,0.0525,0.0,0.0,constant,0,1,2.0,0.09180098427322855,0.5413036966728265,0.049244437964321874,31.067626702187706,19.245136278414243,0.049244437964321874,nan
normalized-only,NCJT-banana-083,banana,2,concentrated,NCJT-banana-083/concentrated,1,0.029895370563272516,0.15923883690209814,nan,nan,0.9248046875,0.32093306337051114,66,0,0,0,2150400,2155776,0,0.21971440000925213,1.6861665350191528,1.6007984862756144,0.35,0.0525,0.0,0.0,constant,0,1,2.0,0.1595361451772557,0.5869456068355392,0.03236453216459456,28.361782205146604,20.142365502635954,0.03236453216459456,nan
normalized-only,NCJT-banana-083,banana,2,concentrated,NCJT-banana-083/concentrated,2,0.04507907045447479,0.21858662051946182,nan,nan,0.9140625,0.544886541264294,75,0,0,0,2150400,2155776,0,0.21561169999768026,1.7237709037224107,1.6890539011962262,0.35,0.0525,0.0,0.0,constant,0,1,2.0,0.09489873273932332,0.5439785378808697,0.04475912889542227,25.809450151514227,19.93255780334281,0.04475912889542227,nan
normalized-only,NCJT-banana-083,banana,2,concentrated,NCJT-banana-083/concentrated,3,0.02778830210292771,0.16036531340382865,nan,nan,0.8984375,0.20536326431914023,70,0,0,0,2150400,2155776,0,0.21721430000616238,1.733020863765422,1.6185664345402149,0.35,0.0525,0.0,0.0,constant,0,1,2.0,0.0970719837800876,0.5367202890824483,0.06428248410841704,25.23949142355341,20.24212465236758,0.06428248410841704,nan
normalized-only,NCJT-banana-083,banana,2,concentrated,NCJT-banana-083/concentrated,4,0.035932959949530385,0.189956845245644,nan,nan,0.9169921875,0.1566482193394016,82,0,0,0,2150400,2155776,0,0.21300080000946764,1.6919934981977247,1.671733249728065,0.35,0.0525,0.0,0.0,constant,0,1,2.0,0.08735269416260466,0.5564799043541615,0.0274501208502078,28.73542229791194,19.63885651513128,0.0274501208502078,nan
normalized-only,NCJT-banana-083,banana,2,concentrated,NCJT-banana-083/concentrated,5,0.03950134283358331,0.19429280450337813,nan,nan,0.92578125,0.3282162805395928,65,0,0,0,2150400,2155776,0,0.21556849998887628,1.7639836900166288,1.708496860153165,0.35,0.0525,0.0,0.0,constant,0,1,2.0,0.09589671916894175,0.5592116311428733,0.06583662195389997,25.297182435253482,19.89002101739849,0.06583662195389997,nan
abc,NCJT-banana-083,banana,2,concentrated,NCJT-banana-083/concentrated,0,0.03428027091350838,0.17981636304628013,nan,nan,0.9033203125,0.3960425871580501,71,0,0,0,2150400,2155776,0,0.22544049999851268,1.700379477716416,1.6081328138768691,0.35,0.0525,0.0,0.0,abc,0,1,2.0,0.09151582630762944,0.5401956866761852,0.05469843454369252,31.419779759954743,19.500045836235323,0.05433999382475671,nan
abc,NCJT-banana-083,banana,2,concentrated,NCJT-banana-083/concentrated,1,0.038056832773199156,0.20297649599088688,nan,nan,0.9208984375,0.330037941055961,66,0,0,0,2150400,2155776,0,0.22341929998947307,1.7733799467986713,1.6835964155786052,0.35,0.0525,0.0,0.0,abc,0,1,2.0,0.06705374236805917,0.5851882114776827,0.03278027457444756,27.81252652538042,19.906782273047433,0.03185594120151031,nan
abc,NCJT-banana-083,banana,2,concentrated,NCJT-banana-083/concentrated,2,0.0471649168176953,0.2246636750837402,nan,nan,0.912109375,0.5854530728623392,75,0,0,0,2150400,2155776,0,0.2308972999890102,1.7311956141031521,1.6963290768049815,0.35,0.0525,0.0,0.0,abc,0,1,2.0,0.09033034783312828,0.5380255637780897,0.044880303806271074,25.86298381264574,19.997461015238237,0.04478238891741104,nan
abc,NCJT-banana-083,banana,2,concentrated,NCJT-banana-083/concentrated,3,0.028887688150780466,0.16819622726652628,nan,nan,0.8935546875,0.19130009427867553,70,0,0,0,2150400,2155776,0,0.2326967999979388,1.7153088943497445,1.6020242221611152,0.35,0.0525,0.0,0.0,abc,0,1,2.0,0.10872908678357714,0.5368660151015898,0.06431068483899247,25.362340108719746,20.39572761031102,0.06319324383152496,nan
abc,NCJT-banana-083,banana,2,concentrated,NCJT-banana-083/concentrated,4,0.038945324658983704,0.19919463225732387,nan,nan,0.916015625,0.1619138112500013,82,0,0,0,2150400,2155776,0,0.2299388999963412,1.6988705928807313,1.678527996785519,0.35,0.0525,0.0,0.0,abc,0,1,2.0,0.09107994110791605,0.5525359724596441,0.028948320627519404,28.885641208736445,19.572709051511154,0.0281720750564681,nan
abc,NCJT-banana-083,banana,2,concentrated,NCJT-banana-083/concentrated,5,0.034511312322976995,0.17935533408475002,nan,nan,0.9208984375,0.21200351597163428,65,0,0,0,2150400,2155776,0,0.2242649999971036,1.6874476930091433,1.634368334296586,0.35,0.0525,0.0,0.0,abc,0,1,2.0,0.09430588262680578,0.5584402328636433,0.06619999323534206,25.364196002633705,20.068163660523943,0.06945204937928898,nan
normalized-crossfit,NCJT-banana-083,banana,2,concentrated,NCJT-banana-083/concentrated,0,0.0024488863298879338,0.03733715281764716,nan,nan,0.966796875,0.15300706485960175,75,0,0,0,2150400,2155776,0,0.21866379999846686,1.0127860612422424,0.9578417758299873,0.35,0.0525,0.0,0.0,constant,1,0,2.0,0.3599204020467726,0.579944574701305,0.05437147580480774,32.10305527845106,23.038583737825387,0.05437147580480774,nan
normalized-crossfit,NCJT-banana-083,banana,2,concentrated,NCJT-banana-083/concentrated,1,0.003309533317558122,0.03363643474332832,nan,nan,0.9736328125,0.3765598757982015,72,0,0,0,2150400,2155776,0,0.22416929999599233,1.0511386113001169,0.997921061110352,0.35,0.0525,0.0,0.0,constant,1,0,2.0,0.3736520206142175,0.592100338681306,0.054499066819999914,29.903902914510507,20.540919603332025,0.054499066819999914,nan
normalized-crossfit,NCJT-banana-083,banana,2,concentrated,NCJT-banana-083/concentrated,2,0.005054572291681714,0.041921109299004645,nan,nan,0.96875,0.33305134818518717,80,0,0,0,2150400,2155776,0,0.2276899999997113,1.0526929446676994,1.0314915521042185,0.35,0.0525,0.0,0.0,constant,1,0,2.0,0.36216205021020753,0.5659523940883079,0.06472944804523467,27.38574146363267,19.560310823545972,0.06472944804523467,nan
normalized-crossfit,NCJT-banana-083,banana,2,concentrated,NCJT-banana-083/concentrated,3,0.0023571573234948406,0.045511343296941925,nan,nan,0.9541015625,0.1334472761667764,76,0,0,0,2150400,2155776,0,0.2210209000040777,1.0346061686930363,0.9662773557015106,0.35,0.0525,0.0,0.0,constant,1,0,2.0,0.35981902167613483,0.5776428533289683,0.047770902388062086,26.93637468484695,21.576337513967943,0.047770902388062086,nan
normalized-crossfit,NCJT-banana-083,banana,2,concentrated,NCJT-banana-083/concentrated,4,0.004674773712437741,0.04038273313850895,nan,nan,0.9775390625,0.18135779893745482,89,0,0,0,2150400,2155776,0,0.21875939999881666,1.0965997145062412,1.0834688232165761,0.35,0.0525,0.0,0.0,constant,1,0,2.0,0.3504739684094494,0.5806807482970863,0.10354905832945135,28.981969601419657,20.74780933098573,0.10354905832945135,nan
normalized-crossfit,NCJT-banana-083,banana,2,concentrated,NCJT-banana-083/concentrated,5,0.0037174716574559508,0.03333991940073083,nan,nan,0.9755859375,0.2946986576263155,70,0,0,0,2150400,2155776,0,0.2147442000132287,1.0572325084570704,1.0239768266415954,0.35,0.0525,0.0,0.0,constant,1,0,2.0,0.3744806662885244,0.5530027322228764,0.09064611099309611,24.93748716574507,21.02550278551493,0.09064611099309611,nan
paper,NCJT-spiral-21,spiral,2,covered,NCJT-spiral-21/covered,0,0.009491220945580414,0.05721636023312968,nan,nan,0.7236328125,0.043616349616022974,1,0,0,0,2150400,2155776,0,0.21497289999388158,0.8210429886383309,1.1551570056926854,0.35,0.0525,0.0,0.0,paper,0,1,,0.2603121362724599,0.5247002192173701,0.07980185400454423,29.658923788563236,23.171584707478203,0.03631153499561733,nan
paper,NCJT-spiral-21,spiral,2,covered,NCJT-spiral-21/covered,1,0.008269534001156043,0.05396869683681942,nan,nan,0.7275390625,0.03115472112181495,1,0,0,0,2150400,2155776,0,0.21533149998867884,0.8222636757273611,1.1680432073362192,0.35,0.0525,0.0,0.0,paper,0,1,,0.29147162940098836,0.5556554338149191,0.04549693674459149,28.988257911253136,23.15756707704789,0.02691168637313091,nan
paper,NCJT-spiral-21,spiral,2,covered,NCJT-spiral-21/covered,2,0.006381458060486511,0.04548314769606681,nan,nan,0.728515625,0.040692619598165246,1,0,0,0,2150400,2155776,0,0.21550720000232104,0.8092522988935645,1.1267218590683283,0.35,0.0525,0.0,0.0,paper,0,1,,0.27974973832410716,0.5645453152306033,0.06691468383241381,29.65326735674379,22.656079964625604,0.03343487834821538,nan
paper,NCJT-spiral-21,spiral,2,covered,NCJT-spiral-21/covered,3,0.00877653615377283,0.056386650390446436,nan,nan,0.7548828125,0.034373622288957184,1,0,0,0,2150400,2155776,0,0.23056440000073053,0.8273942410352525,1.1556295207374319,0.35,0.0525,0.0,0.0,paper,0,1,,0.2692298550617815,0.5593274352858073,0.05211933605388954,27.166906154928235,19.95419321639804,0.02672415193579089,nan
paper,NCJT-spiral-21,spiral,2,covered,NCJT-spiral-21/covered,4,0.007068179254229312,0.04647987611280881,nan,nan,0.7431640625,0.03710714765665012,1,0,0,0,2150400,2155776,0,0.2204799000028288,0.8282850490379193,1.1476545053622829,0.35,0.0525,0.0,0.0,paper,0,1,,0.26929605851905386,0.5517157744122023,0.05365741654962357,27.501998117150066,22.18965097448917,0.0345125183734549,nan
paper,NCJT-spiral-21,spiral,2,covered,NCJT-spiral-21/covered,5,0.00762943032890584,0.047770369574023246,nan,nan,0.7802734375,0.03822449234803363,1,0,0,0,2150400,2155776,0,0.21560220001265407,0.811698206609145,1.150736656327409,0.35,0.0525,0.0,0.0,paper,0,1,,0.29637898711544974,0.5402975651245592,0.05660336207383767,31.63033558656543,22.7006535991611,0.025897543320101947,nan
normalized-only,NCJT-spiral-21,spiral,2,covered,NCJT-spiral-21/covered,0,0.01034712794485082,0.062042849300048504,nan,nan,0.7880859375,0.09492883998497963,1,0,0,0,2150400,2155776,0,0.2226302999915788,0.8603115531816447,1.210405461697327,0.35,0.0525,0.0,0.0,constant,0,1,2.0,0.19489999830641183,0.5255542526148518,0.06860088922433516,29.276438732924333,21.933029169369433,0.06860088922433516,nan
normalized-only,NCJT-spiral-21,spiral,2,covered,NCJT-spiral-21/covered,1,0.008916539849425087,0.05624004957065832,nan,nan,0.7822265625,0.0986734181869764,1,0,0,0,2150400,2155776,0,0.22169740000390448,0.8471037946849851,1.203329129692221,0.35,0.0525,0.0,0.0,constant,0,1,2.0,0.24480094376964368,0.5541533841160775,0.04571757644324496,27.77528356636624,21.556075034588705,0.04571757644324496,nan
normalized-only,NCJT-spiral-21,spiral,2,covered,NCJT-spiral-21/covered,2,0.006955331003873799,0.04844011235057472,nan,nan,0.7734375,0.09958762407681288,1,0,0,0,2150400,2155776,0,0.23227110000152607,0.8297434871762013,1.1552517375597433,0.35,0.0525,0.0,0.0,constant,0,1,2.0,0.25027957270581946,0.5742687790530848,0.0732634401912162,29.500137536957034,22.093894204052248,0.0732634401912162,nan
normalized-only,NCJT-spiral-21,spiral,2,covered,NCJT-spiral-21/covered,3,0.00935099313315213,0.05873261753731402,nan,nan,0.80078125,0.08737178377321869,1,0,0,0,2150400,2155776,0,0.23600559998885728,0.8462709037817961,1.1819947377537066,0.35,0.0525,0.0,0.0,constant,0,1,2.0,0.23125214725285873,0.5506771074656996,0.05635435440567046,29.078146035310915,20.58033835383204,0.05635435440567046,nan
normalized-only,NCJT-spiral-21,spiral,2,covered,NCJT-spiral-21/covered,4,0.008436975711532568,0.05310076364950544,nan,nan,0.76171875,0.08381978591001141,1,0,0,0,2150400,2155776,0,0.22415330000512768,0.8651424040523912,1.1987232884910235,0.35,0.0525,0.0,0.0,constant,0,1,2.0,0.24704079577747634,0.5472610866267239,0.054366365614233636,28.650566234819276,21.340928716633552,0.054366365614233636,nan
normalized-only,NCJT-spiral-21,spiral,2,covered,NCJT-spiral-21/covered,5,0.009226078564964824,0.05566178078201032,nan,nan,0.77734375,0.09054016384822139,1,0,0,0,2150400,2155776,0,0.2218700999947032,0.8514262583502118,1.207058729051824,0.35,0.0525,0.0,0.0,constant,0,1,2.0,0.27126829842638955,0.5377211476647745,0.055568074568893164,30.459698974808965,22.380571863085873,0.055568074568893164,nan
abc,NCJT-spiral-21,spiral,2,covered,NCJT-spiral-21/covered,0,0.009694637408476092,0.05920973550494183,nan,nan,0.7978515625,0.09530519398323432,1,0,0,0,2150400,2155776,0,0.23340189999726135,0.8491951378699077,1.1947653488125693,0.35,0.0525,0.0,0.0,abc,0,1,2.0,0.1986000033269111,0.5269260176435582,0.07188276690499087,29.17623851535287,22.214795156084605,0.07178190392598632,nan
abc,NCJT-spiral-21,spiral,2,covered,NCJT-spiral-21/covered,1,0.008235452573218227,0.05281932193098003,nan,nan,0.7880859375,0.09877318309139907,1,0,0,0,2150400,2155776,0,0.2319224000093527,0.8315364295271748,1.1812153532170313,0.35,0.0525,0.0,0.0,abc,0,1,2.0,0.23876199916508428,0.5589592952790519,0.04523379249338381,27.6979362709381,21.71644654533089,0.04673907117859476,nan
abc,NCJT-spiral-21,spiral,2,covered,NCJT-spiral-21/covered,2,0.006734251875836317,0.04790743935310031,nan,nan,0.7783203125,0.09787655038230053,1,0,0,0,2150400,2155776,0,0.23347170000488404,0.8265982830961611,1.1508726703725911,0.35,0.0525,0.0,0.0,abc,0,1,2.0,0.2675504165329471,0.5693644418187155,0.07238201566015014,29.843256734360104,22.491994875033534,0.07086972761882315,nan
abc,NCJT-spiral-21,spiral,2,covered,NCJT-spiral-21/covered,3,0.008820319419481581,0.05685192162775304,nan,nan,0.798828125,0.0848020803459119,1,0,0,0,2150400,2155776,0,0.23803860000043642,0.8373171702336724,1.169488971704281,0.35,0.0525,0.0,0.0,abc,0,1,2.0,0.23687344010700423,0.5565820568884647,0.05615993868936772,28.795874028748194,21.488037875802625,0.05681227871752692,nan
abc,NCJT-spiral-21,spiral,2,covered,NCJT-spiral-21/covered,4,0.00794616056942088,0.05071851854718954,nan,nan,0.7607421875,0.08164264651224162,1,0,0,0,2150400,2155776,0,0.22836690000258386,0.8546707353598779,1.1842139625438954,0.35,0.0525,0.0,0.0,abc,0,1,2.0,0.26174408095622226,0.5516325310211991,0.05452788339027684,29.0128185578588,21.50538378793609,0.055469171050000446,nan
abc,NCJT-spiral-21,spiral,2,covered,NCJT-spiral-21/covered,5,0.008750448993464777,0.05402852284682345,nan,nan,0.7734375,0.09410879116817325,1,0,0,0,2150400,2155776,0,0.2380877999967197,0.8429119585922223,1.1949880890593965,0.35,0.0525,0.0,0.0,abc,0,1,2.0,0.2685928609439864,0.5367457311197005,0.059082764195445954,30.418524065399396,22.536391653548932,0.054136707454987804,nan
normalized-crossfit,NCJT-spiral-21,spiral,2,covered,NCJT-spiral-21/covered,0,0.004095959834381824,0.037710519620618464,nan,nan,0.8759765625,0.10363336769620463,1,0,0,0,2150400,2155776,0,0.2285045999888098,0.715007550140621,1.005971662991609,0.35,0.0525,0.0,0.0,constant,1,0,2.0,0.3112071990039613,0.5307111351121572,0.0643346358693996,33.8010023050344,21.493703583030488,0.0643346358693996,nan
normalized-crossfit,NCJT-spiral-21,spiral,2,covered,NCJT-spiral-21/covered,1,0.0032322581073929157,0.031665839025593875,nan,nan,0.91015625,0.104315440947484,1,0,0,0,2150400,2155776,0,0.22157519999018405,0.7233291523767414,1.0275045925560935,0.35,0.0525,0.0,0.0,constant,1,0,2.0,0.34908751087015844,0.5508791451246995,0.052099585659627204,34.049352178124494,22.50906032266436,0.052099585659627204,nan
normalized-crossfit,NCJT-spiral-21,spiral,2,covered,NCJT-spiral-21/covered,2,0.0035969287006833994,0.035281922411848216,nan,nan,0.9677734375,0.13444630392830673,1,0,0,0,2150400,2155776,0,0.21823589999985415,0.7026333672208066,0.9782763358730846,0.35,0.0525,0.0,0.0,constant,1,0,2.0,0.3426830870991885,0.5586211951200646,0.09115690396309074,30.048035746836742,25.515530655401086,0.09115690396309074,nan
normalized-crossfit,NCJT-spiral-21,spiral,2,covered,NCJT-spiral-21/covered,3,0.004975878374328002,0.04988143131723116,nan,nan,0.8603515625,0.18981790038088162,1,0,0,0,2150400,2155776,0,0.223583700004383,0.7080710897863349,0.9889697239298885,0.35,0.0525,0.0,0.0,constant,1,0,2.0,0.35492286852862326,0.5571340394173765,0.11719694272729433,30.6021229947047,21.55969517775967,0.11719694272729433,nan
normalized-crossfit,NCJT-spiral-21,spiral,2,covered,NCJT-spiral-21/covered,4,0.002810599454938556,0.03462869497990405,nan,nan,0.91796875,0.14153415700317867,1,0,0,0,2150400,2155776,0,0.21543969999765977,0.7263500913114851,1.0064155519071416,0.35,0.0525,0.0,0.0,constant,1,0,2.0,0.37577847013371035,0.5541283915779556,0.10161644911930742,30.70662730482826,20.378437519972493,0.10161644911930742,nan
normalized-crossfit,NCJT-spiral-21,spiral,2,covered,NCJT-spiral-21/covered,5,0.0030869900639270975,0.03243142169149509,nan,nan,0.904296875,0.18085291585693544,1,0,0,0,2150400,2155776,0,0.21780579999904148,0.7195234176520425,1.0200613541294632,0.35,0.0525,0.0,0.0,constant,1,0,2.0,0.31601947865091645,0.5161712697856002,0.1670292902876038,33.25013747690342,22.548323681198934,0.1670292902876038,nan
paper,NCJT-spiral-21,spiral,2,missing,NCJT-spiral-21/missing,0,0.008391552036019267,0.054514917316774825,nan,nan,0.6806640625,0.03972790558445702,10,0,0,0,2150400,2155776,0,0.21744379999290686,0.8308700889599108,1.148794906309702,0.35,0.0525,0.0,0.0,paper,0,1,,0.21710245515835333,0.5790383083999511,0.06341765144975164,30.533930995573176,21.691186369334993,0.03352540626471377,nan
paper,NCJT-spiral-21,spiral,2,missing,NCJT-spiral-21/missing,1,0.007793600491090458,0.05291971145629745,nan,nan,0.65625,0.04087119833240413,3,0,0,0,2150400,2155776,0,0.2151975000015227,0.8326943941854866,1.1444769737017408,0.35,0.0525,0.0,0.0,paper,0,1,,0.2604342142057499,0.5521107013107145,0.05741107339144758,32.99563827724951,23.356662138855725,0.025625679931552,nan
paper,NCJT-spiral-21,spiral,2,missing,NCJT-spiral-21/missing,2,0.00674880788829757,0.04645072160219209,nan,nan,0.7041015625,0.043931120701580874,29,0,0,0,2150400,2155776,0,0.20724340000015218,0.817480590215631,1.1322515170387548,0.35,0.0525,0.0,0.0,paper,0,1,,0.2825854961615322,0.5411193483451138,0.08066577008495934,28.505545167591727,22.773624963555655,0.039847555935142144,nan
paper,NCJT-spiral-21,spiral,2,missing,NCJT-spiral-21/missing,3,0.0073144646980590755,0.050344494869190175,nan,nan,0.7421875,0.036938272536861,3,0,0,0,2150400,2155776,0,0.2137975999939954,0.8232132727314028,1.1502025856458247,0.35,0.0525,0.0,0.0,paper,0,1,,0.19102996647390727,0.5821867073534389,0.06044452032047082,29.791102206021968,21.479293002136956,0.03833599983263673,nan
paper,NCJT-spiral-21,spiral,2,missing,NCJT-spiral-21/missing,4,0.008952585987194617,0.055444026028660984,nan,nan,0.697265625,0.014244322331539884,8,0,0,0,2150400,2155776,0,0.21421839999675285,0.8331095036364726,1.176799751004518,0.35,0.0525,0.0,0.0,paper,0,1,,0.2361122545661101,0.5719326504904474,0.02263899525532843,30.623197256342642,21.49344559724254,0.011523963682596398,nan
paper,NCJT-spiral-21,spiral,2,missing,NCJT-spiral-21/missing,5,0.009569523972464133,0.058117706050586464,nan,nan,0.7236328125,0.04696868840720002,15,0,0,0,2150400,2155776,0,0.2108818999986397,0.8450389550007034,1.1847978031990922,0.35,0.0525,0.0,0.0,paper,0,1,,0.24366633466898457,0.57650005764177,0.06773547515858513,30.753989139396992,23.49632505986453,0.03810464853814613,nan
normalized-only,NCJT-spiral-21,spiral,2,missing,NCJT-spiral-21/missing,0,0.009198341963580714,0.05617394051300183,nan,nan,0.7666015625,0.09778778092824779,5,0,0,0,2150400,2155776,0,0.21446419999119826,0.8687356118003895,1.201149324096421,0.35,0.0525,0.0,0.0,constant,0,1,2.0,0.20076800706641956,0.5771529386705898,0.06656380554041658,30.382725388733686,21.83988398789999,0.06656380554041658,nan
normalized-only,NCJT-spiral-21,spiral,2,missing,NCJT-spiral-21/missing,1,0.00848050955795665,0.05530051420982264,nan,nan,0.708984375,0.11388219331986456,2,0,0,0,2150400,2155776,0,0.21195680000528228,0.8569190167524358,1.177771929111652,0.35,0.0525,0.0,0.0,constant,0,1,2.0,0.23140958343905166,0.536462482293534,0.051105738586013846,31.951428802077025,22.472924905900655,0.051105738586013846,nan
normalized-only,NCJT-spiral-21,spiral,2,missing,NCJT-spiral-21/missing,2,0.008244268628496032,0.05191853930941148,nan,nan,0.6865234375,0.09444330268324047,15,0,0,0,2150400,2155776,0,0.21984380000503734,0.8628483868385113,1.1950881851698139,0.35,0.0525,0.0,0.0,constant,0,1,2.0,0.2563598194274082,0.5366773846637032,0.07093277622614705,27.692839977335158,22.070671449780434,0.07093277622614705,nan
normalized-only,NCJT-spiral-21,spiral,2,missing,NCJT-spiral-21/missing,3,0.008622731550833929,0.05611947577933924,nan,nan,0.7919921875,0.07718033816259642,2,0,0,0,2150400,2155776,0,0.21679360000416636,0.8502182709797484,1.1879342644701318,0.35,0.0525,0.0,0.0,constant,0,1,2.0,0.19122227302993305,0.5753495473128624,0.05882714017643654,28.927863948796965,21.946948332429763,0.05882714017643654,nan
normalized-only,NCJT-spiral-21,spiral,2,missing,NCJT-spiral-21/missing,4,0.010543996594559069,0.062455561700811284,nan,nan,0.74609375,0.03748873984046291,4,0,0,0,2150400,2155776,0,0.21045410000078846,0.8775538692390904,1.239579155328222,0.35,0.0525,0.0,0.0,constant,0,1,2.0,0.24773707633587772,0.5619497585603159,0.022508582726980614,29.85178810901936,22.551097206222686,0.022508582726980614,nan
normalized-only,NCJT-spiral-21,spiral,2,missing,NCJT-spiral-21/missing,5,0.010981824050238065,0.06453822860338385,nan,nan,0.7958984375,0.10844425123174951,7,0,0,0,2150400,2155776,0,0.21572710000327788,0.8785707691185203,1.2318115171456128,0.35,0.0525,0.0,0.0,constant,0,1,2.0,0.21411006752867884,0.5701891490912183,0.06806643595899026,29.283587370917004,23.186098563446514,0.06806643595899026,nan
abc,NCJT-spiral-21,spiral,2,missing,NCJT-spiral-21/missing,0,0.0086696346744638,0.05447066018020786,nan,nan,0.7802734375,0.09730972762900428,5,0,0,0,2150400,2155776,0,0.2218663999956334,0.8567624311759044,1.1845947157448884,0.35,0.0525,0.0,0.0,abc,0,1,2.0,0.19573225366289185,0.5716122228427479,0.06469596510479714,30.32559903060171,22.096852617184943,0.06603095560758485,nan
abc,NCJT-spiral-21,spiral,2,missing,NCJT-spiral-21/missing,1,0.007964982680295107,0.05272068105147633,nan,nan,0.724609375,0.11028938571137253,2,0,0,0,2150400,2155776,0,0.22148870000091847,0.849411693161562,1.1674536670411029,0.35,0.0525,0.0,0.0,abc,0,1,2.0,0.23244225400133053,0.5299846700495487,0.05056827017453606,32.00468059053679,22.413189618484395,0.05129458431060037,nan
abc,NCJT-spiral-21,spiral,2,missing,NCJT-spiral-21/missing,2,0.007660257114221913,0.050300232698162625,nan,nan,0.689453125,0.09321268209046907,15,0,0,0,2150400,2155776,0,0.22013249999145046,0.8485862315376559,1.1753343865244217,0.35,0.0525,0.0,0.0,abc,0,1,2.0,0.23657032254487154,0.5391673970682023,0.07324195699908678,27.629885621820478,22.551086260864203,0.07079179953946804,nan
abc,NCJT-spiral-21,spiral,2,missing,NCJT-spiral-21/missing,3,0.008312385438961845,0.05477356821964067,nan,nan,0.80078125,0.07878488273497501,2,0,0,0,2150400,2155776,0,0.21950969999306835,0.8463199992903444,1.1824875566421285,0.35,0.0525,0.0,0.0,abc,0,1,2.0,0.19810124598029147,0.5759808748985483,0.058596235281686476,28.929946152672407,22.16019640598762,0.05827266923394342,nan
abc,NCJT-spiral-21,spiral,2,missing,NCJT-spiral-21/missing,4,0.009766943692381957,0.05927434054079179,nan,nan,0.7509765625,0.03928718047858562,4,0,0,0,2150400,2155776,0,0.21858269999211188,0.8625708161271813,1.2184150069246578,0.35,0.0525,0.0,0.0,abc,0,1,2.0,0.24235391248157392,0.5661938695746851,0.023076483760434256,30.01999326667335,22.965965480855466,0.021188439771610612,nan
abc,NCJT-spiral-21,spiral,2,missing,NCJT-spiral-21/missing,5,0.010223787156707798,0.06108264745353697,nan,nan,0.796875,0.10618007660037967,7,0,0,0,2150400,2155776,0,0.21883289999095723,0.8669641050692819,1.2155382436040445,0.35,0.0525,0.0,0.0,abc,0,1,2.0,0.2112404815690896,0.5726512591545025,0.06722515093114512,29.341965379762694,23.320580165765854,0.06549938996006834,nan
normalized-crossfit,NCJT-spiral-21,spiral,2,missing,NCJT-spiral-21/missing,0,0.0039752188729218485,0.041900419654131875,nan,nan,0.84375,0.09493109318792867,6,0,0,0,2150400,2155776,0,0.20544530000188388,0.709016460159326,0.9803151043027493,0.35,0.0525,0.0,0.0,constant,1,0,2.0,0.33713490094823584,0.5799704407982149,0.0497227019667552,31.76281435150753,21.28481611027319,0.0497227019667552,nan
normalized-crossfit,NCJT-spiral-21,spiral,2,missing,NCJT-spiral-21/missing,1,0.003484950391641317,0.039392647815395615,nan,nan,0.8818359375,0.13378350476739181,2,0,0,0,2150400,2155776,0,0.213046699995175,0.7129166333138685,0.9798512836090265,0.35,0.0525,0.0,0.0,constant,1,0,2.0,0.35780121860723,0.5771445438526515,0.10267518193678832,32.71470368304816,19.51005813360395,0.10267518193678832,nan
normalized-crossfit,NCJT-spiral-21,spiral,2,missing,NCJT-spiral-21/missing,2,0.0030529659789751973,0.036018094658053675,nan,nan,0.8173828125,0.17194852670362987,18,0,0,0,2150400,2155776,0,0.22055810000165366,0.7172127412245883,0.9933755296585836,0.35,0.0525,0.0,0.0,constant,1,0,2.0,0.3604100249668907,0.5410584402931122,0.13193522080212663,29.9572299057411,20.993987095555127,0.13193522080212663,nan
normalized-crossfit,NCJT-spiral-21,spiral,2,missing,NCJT-spiral-21/missing,3,0.0036112690715198736,0.036251077660720214,nan,nan,0.8603515625,0.11443017581661838,2,0,0,0,2150400,2155776,0,0.2118324000039138,0.711615772891391,0.9942773386661491,0.35,0.0525,0.0,0.0,constant,1,0,2.0,0.3322636877924929,0.5439195920912148,0.07975242183432227,29.211509389600597,22.559307641778666,0.07975242183432227,nan
normalized-crossfit,NCJT-spiral-21,spiral,2,missing,NCJT-spiral-21/missing,4,0.003355071383188024,0.03807566658795976,nan,nan,0.8447265625,0.13217207190633784,4,0,0,0,2150400,2155776,0,0.2114008000062313,0.7052257733720424,0.9961589813628141,0.35,0.0525,0.0,0.0,constant,1,0,2.0,0.3084090897409623,0.5895998228953141,0.06092420274580704,31.510050537274573,21.354862958746104,0.06092420274580704,nan
normalized-crossfit,NCJT-spiral-21,spiral,2,missing,NCJT-spiral-21/missing,5,0.0037857876493564424,0.03803925358644839,nan,nan,0.8505859375,0.1316804786199352,8,0,0,0,2150400,2155776,0,0.21555050001188647,0.7196987291183616,1.0090629173703638,0.35,0.0525,0.0,0.0,constant,1,0,2.0,0.3696301615562658,0.5790349099573976,0.09210161785383841,31.773686842610395,20.36495806782881,0.09210161785383841,nan
paper,NCJT-spiral-21,spiral,2,far,NCJT-spiral-21/far,0,6.644506891488982,2.577442335123691,nan,nan,0.0,0.061652694676764645,400,1,0,0,2150400,2155776,0,0.22228970000287518,0.6519959972906735,0.9114830160907905,0.35,0.0525,0.0,0.0,paper,0,1,,0.0003299102789468112,0.0006819872148879716,3.5965018202388603,27.016053382395185,38.24025074224383,0.002452137545622969,nan
paper,NCJT-spiral-21,spiral,2,far,NCJT-spiral-21/far,1,6.945476427953617,2.757607757803124,nan,nan,0.0,0.0150040474286577,400,1,0,0,2150400,2155776,0,0.22476549999555573,0.5510899811866798,0.7842565154704384,0.35,0.0525,0.0,0.0,paper,0,1,,0.00031557318898043317,0.0006558803768923178,3.748561995299397,24.982162798695605,39.88492840663419,0.002461867131974077,nan
paper,NCJT-spiral-21,spiral,2,far,NCJT-spiral-21/far,2,6.8199972542891745,2.3804260913678874,nan,nan,0.0,0.030385103643518267,400,1,0,0,2150400,2155776,0,0.21721299999626353,0.566114425281474,0.7815097991824956,0.35,0.0525,0.0,0.0,paper,0,1,,0.00024853059602920793,0.0005744636815810228,3.9716940875495204,40.95260773673109,38.47043184174329,0.0022815950032225524,nan
paper,NCJT-spiral-21,spiral,2,far,NCJT-spiral-21/far,3,6.856017844699693,2.8869651061544235,nan,nan,0.0087890625,0.021794340323802557,400,1,0,0,2150400,2155776,0,0.22312439999950584,0.5369904296067598,0.7462134871425513,0.35,0.0525,0.0,0.0,paper,0,1,,0.0003757256970394307,0.0007094871053991147,3.8408934296315618,40.01935203167429,39.690518940102294,0.0027236319257335226,nan
paper,NCJT-spiral-21,spiral,2,far,NCJT-spiral-21/far,4,7.017905040841451,2.502311963050842,nan,nan,0.0,0.059130755927531684,400,1,0,0,2150400,2155776,0,0.21554160000232514,0.421958181777112,0.5903347451600444,0.35,0.0525,0.0,0.0,paper,0,1,,0.0008308597037134314,0.0019400369604232696,3.6941498026724613,41.45683088604028,40.71063155707355,0.0071666642822888985,nan
paper,NCJT-spiral-21,spiral,2,far,NCJT-spiral-21/far,5,6.902152344141335,2.7349707380632653,nan,nan,0.0068359375,0.017782921342345676,400,1,0,0,2150400,2155776,0,0.23199919999751728,0.5253739168908108,0.7180897340856821,0.35,0.0525,0.0,0.0,paper,0,1,,0.00032764320423791366,0.0007764387400304789,3.8431754131952562,36.664693925316136,39.51946301902963,0.0029820928073403833,nan
normalized-only,NCJT-spiral-21,spiral,2,far,NCJT-spiral-21/far,0,0.00865989492625141,0.0564138083167312,nan,nan,0.7216796875,0.0900809755024836,92,0,0,0,2150400,2155776,0,0.22969120000198018,0.8571101646233169,1.1982302977615384,0.35,0.0525,0.0,0.0,constant,0,1,2.0,0.19163772144246774,0.5698034790375652,0.0660481850214279,30.947710793357047,22.815520658850097,0.0660481850214279,nan
normalized-only,NCJT-spiral-21,spiral,2,far,NCJT-spiral-21/far,1,0.009315006381771296,0.05609874379976917,nan,nan,0.7685546875,0.09591864264604531,92,0,0,0,2150400,2155776,0,0.2215758999955142,0.8622790001778154,1.2271098135128506,0.35,0.0525,0.0,0.0,constant,0,1,2.0,0.20255664000640244,0.5379110637459998,0.08379102705634175,30.31009865834079,23.15163314113837,0.08379102705634175,nan
normalized-only,NCJT-spiral-21,spiral,2,far,NCJT-spiral-21/far,2,0.008250271388496544,0.052189641995736356,nan,nan,0.7880859375,0.08089047255201923,93,0,0,0,2150400,2155776,0,0.22680679999757558,0.867491179109155,1.1975544640840083,0.35,0.0525,0.0,0.0,constant,0,1,2.0,0.21779154753508614,0.522667575405843,0.04095339755167115,27.47224729410983,22.753309795271676,0.04095339755167115,nan
normalized-only,NCJT-spiral-21,spiral,2,far,NCJT-spiral-21/far,3,0.00970552601828567,0.05733843595521728,nan,nan,0.705078125,0.0644481661325548,90,0,0,0,2150400,2155776,0,0.24067939999804366,0.8650807401725489,1.202134861615215,0.35,0.0525,0.0,0.0,constant,0,1,2.0,0.2523128071472883,0.5656739594921771,0.04419105314680166,30.489458539251494,22.01905638076292,0.04419105314680166,nan
normalized-only,NCJT-spiral-21,spiral,2,far,NCJT-spiral-21/far,4,0.009854685812784925,0.05894581438767946,nan,nan,0.7333984375,0.11157984481984659,92,0,0,0,2150400,2155776,0,0.2265530000004219,0.8574687848880971,1.1996298175277256,0.35,0.0525,0.0,0.0,constant,0,1,2.0,0.20915608719151696,0.5610196609175184,0.09343965524058304,30.109422576870394,22.349520263341553,0.09343965524058304,nan
normalized-only,NCJT-spiral-21,spiral,2,far,NCJT-spiral-21/far,5,0.007986356844110754,0.052360681779878515,nan,nan,0.7763671875,0.09004362464105564,92,0,0,0,2150400,2155776,0,0.22030159999849275,0.8574244796826884,1.171941919495519,0.35,0.0525,0.0,0.0,constant,0,1,2.0,0.21221334903465094,0.5585596956562304,0.07036520629579801,29.19614279820616,23.200653091176548,0.07036520629579801,nan
abc,NCJT-spiral-21,spiral,2,far,NCJT-spiral-21/far,0,0.008195295560641802,0.054718290941099895,nan,nan,0.7216796875,0.08746169157626897,92,0,0,0,2150400,2155776,0,0.23541049999766983,0.847585239677835,1.184914560619864,0.35,0.0525,0.0,0.0,abc,0,1,2.0,0.21514294642504478,0.5769159265097672,0.06374608449749392,30.69415644637794,22.7404354121999,0.06341803350613748,nan
abc,NCJT-spiral-21,spiral,2,far,NCJT-spiral-21/far,1,0.008637641266438623,0.05318604523835784,nan,nan,0.78125,0.09521446828544428,92,0,0,0,2150400,2155776,0,0.23558960000809748,0.8495184078950445,1.2089502062242636,0.35,0.0525,0.0,0.0,abc,0,1,2.0,0.20313167508446361,0.5411601309589633,0.08408274240883391,30.976187205485274,23.44210169096992,0.08340454870666338,nan
abc,NCJT-spiral-21,spiral,2,far,NCJT-spiral-21/far,2,0.0074052443980631155,0.04885737115836412,nan,nan,0.78125,0.08516481450237638,93,0,0,0,2150400,2155776,0,0.2358519000117667,0.8488439811409784,1.1718123750493044,0.35,0.0525,0.0,0.0,abc,0,1,2.0,0.22884288301490907,0.514851681844139,0.04101518717813554,27.197892687170622,22.786493591726014,0.04085219957227962,nan
abc,NCJT-spiral-21,spiral,2,far,NCJT-spiral-21/far,3,0.009153685411019463,0.0555423696619652,nan,nan,0.712890625,0.06607778321655496,91,0,0,0,2150400,2155776,0,0.2348881999932928,0.8520436595072942,1.1840182530333776,0.35,0.0525,0.0,0.0,abc,0,1,2.0,0.237213901257168,0.568862030404687,0.044846755549560365,30.474850972683285,22.395167111316027,0.04446586430476946,nan
abc,NCJT-spiral-21,spiral,2,far,NCJT-spiral-21/far,4,0.009208931075359916,0.05584137772295268,nan,nan,0.7333984375,0.10804437636567225,92,0,0,0,2150400,2155776,0,0.23040060000494123,0.8464314585343763,1.1841881990885936,0.35,0.0525,0.0,0.0,abc,0,1,2.0,0.22581388617505485,0.5607263585427563,0.09117339791639995,29.9424342917145,22.598461475233208,0.08577449845197524,nan
abc,NCJT-spiral-21,spiral,2,far,NCJT-spiral-21/far,5,0.00771679072960163,0.05108031159397625,nan,nan,0.76953125,0.08818267155922102,92,0,0,0,2150400,2155776,0,0.2299085999984527,0.8513472762561574,1.1636354976267507,0.35,0.0525,0.0,0.0,abc,0,1,2.0,0.228881394536045,0.5566816786609996,0.07117937529114879,29.268240206543336,23.365972362327593,0.06986856921097763,nan
normalized-crossfit,NCJT-spiral-21,spiral,2,far,NCJT-spiral-21/far,0,0.0036908528376331518,0.041553136039027196,nan,nan,0.810546875,0.11944835763033652,97,0,0,0,2150400,2155776,0,0.22092949999205302,0.7058071188066338,0.986710354206992,0.35,0.0525,0.0,0.0,constant,1,0,2.0,0.3502782078060188,0.5714439880295883,0.070990755705551,31.865137944026046,24.095183633078392,0.070990755705551,nan
normalized-crossfit,NCJT-spiral-21,spiral,2,far,NCJT-spiral-21/far,1,0.0031970047810030433,0.035288547307066626,nan,nan,0.8916015625,0.13069485183744392,97,0,0,0,2150400,2155776,0,0.23036940000019968,0.7061889680441782,1.0049779858987906,0.35,0.0525,0.0,0.0,constant,1,0,2.0,0.35367785986421013,0.5143452524985694,0.09260314555204441,32.73111995728864,23.818192348877126,0.09260314555204441,nan
normalized-crossfit,NCJT-spiral-21,spiral,2,far,NCJT-spiral-21/far,2,0.0035713336276428365,0.03938046527042608,nan,nan,0.8125,0.1749624598856094,97,0,0,0,2150400,2155776,0,0.22208550000505056,0.7182563900393445,0.9915387809842505,0.35,0.0525,0.0,0.0,constant,1,0,2.0,0.2781034434259152,0.5333379367225725,0.08734319959753019,30.571860364166312,22.36282568045739,0.08734319959753019,nan
normalized-crossfit,NCJT-spiral-21,spiral,2,far,NCJT-spiral-21/far,3,0.004915642119156405,0.044436660777819756,nan,nan,0.8681640625,0.12652764916552522,95,0,0,0,2150400,2155776,0,0.22687980000046082,0.7152723392099092,0.9939578753559916,0.35,0.0525,0.0,0.0,constant,1,0,2.0,0.37836077018523195,0.5314640750223216,0.07624171444663028,32.42710431588795,24.636115041974463,0.07624171444663028,nan
normalized-crossfit,NCJT-spiral-21,spiral,2,far,NCJT-spiral-21/far,4,0.0035528398063257027,0.03758975999476168,nan,nan,0.8681640625,0.1428538722424355,94,0,0,0,2150400,2155776,0,0.22183059999952093,0.7175402644315785,1.0038647606293747,0.35,0.0525,0.0,0.0,constant,1,0,2.0,0.36151107577774977,0.5566316942170226,0.08831199325010976,32.576579279824166,20.708209658571704,0.08831199325010976,nan
normalized-crossfit,NCJT-spiral-21,spiral,2,far,NCJT-spiral-21/far,5,0.003959200844199762,0.04053319965042653,nan,nan,0.888671875,0.11035014622198122,94,0,0,0,2150400,2155776,0,0.22398529999190941,0.7224943153611907,0.9875171456293681,0.35,0.0525,0.0,0.0,constant,1,0,2.0,0.3652040617681154,0.5543063818216218,0.07272518679539934,31.62912759466954,22.48476681644818,0.07272518679539934,nan
paper,NCJT-spiral-21,spiral,2,concentrated,NCJT-spiral-21/concentrated,0,0.0053216038065792,0.0413283755957371,nan,nan,0.697265625,0.04554889572903406,176,0,0,0,2150400,2155776,0,0.21131400000012945,0.7813079759983887,1.0845063182766117,0.35,0.0525,0.0,0.0,paper,0,1,,0.23933506752025735,0.555481530105238,0.0762395260117163,29.92573274319814,26.102027416354645,0.041745750740792245,nan
paper,NCJT-spiral-21,spiral,2,concentrated,NCJT-spiral-21/concentrated,1,0.005666084642344527,0.043526474688441,nan,nan,0.6865234375,0.03310557737358441,183,0,0,0,2150400,2155776,0,0.21091159999195952,0.7712697834592205,1.0858521739653442,0.35,0.0525,0.0,0.0,paper,0,1,,0.248933611743119,0.5662369092922118,0.05364668642216393,36.451580399359656,26.406493661388872,0.026661779405883775,nan
paper,NCJT-spiral-21,spiral,2,concentrated,NCJT-spiral-21/concentrated,2,0.005761388336589124,0.04098170809700866,nan,nan,0.744140625,0.05708574526271687,206,0,0,0,2150400,2155776,0,0.2106913000025088,0.7791155190264544,1.1060219855262952,0.35,0.0525,0.0,0.0,paper,0,1,,0.24965291534856127,0.5539313177420607,0.10497351712758343,32.041843189192946,24.37255659382854,0.05473103112524314,nan
paper,NCJT-spiral-21,spiral,2,concentrated,NCJT-spiral-21/concentrated,3,0.005379252049680927,0.04264384483433419,nan,nan,0.697265625,0.04103504132045478,182,0,0,0,2150400,2155776,0,0.2059515000000829,0.7773324095271864,1.0552341035212773,0.35,0.0525,0.0,0.0,paper,0,1,,0.2166296883350107,0.5620316271733736,0.06666351621401602,31.49592942140871,24.97798607429374,0.03512797283563206,nan
paper,NCJT-spiral-21,spiral,2,concentrated,NCJT-spiral-21/concentrated,4,0.005888561568623607,0.04584526476452203,nan,nan,0.685546875,0.049467938176261696,187,0,0,0,2150400,2155776,0,0.20397139999840874,0.7688940809141435,1.0706539347162205,0.35,0.0525,0.0,0.0,paper,0,1,,0.26788367713221367,0.5698721559411518,0.061641232692452384,31.351622227237264,23.152402547642644,0.03302964399697614,nan
paper,NCJT-spiral-21,spiral,2,concentrated,NCJT-spiral-21/concentrated,5,0.006226256507583905,0.051134859801452784,nan,nan,0.61328125,0.02932387187562354,174,0,0,0,2150400,2155776,0,0.21205400000326335,0.7704449611713586,1.042300281876533,0.35,0.0525,0.0,0.0,paper,0,1,,0.27458519122790587,0.5334017716352362,0.046691560770418444,32.977723776693324,23.654740697883717,0.02609785850781913,nan
normalized-only,NCJT-spiral-21,spiral,2,concentrated,NCJT-spiral-21/concentrated,0,0.009157186951903706,0.05566909777611949,nan,nan,0.779296875,0.07633669860799443,86,0,0,0,2150400,2155776,0,0.21140159999777097,0.8735803448355279,1.2125863713163285,0.35,0.0525,0.0,0.0,constant,0,1,2.0,0.20310776305528222,0.5520670572668787,0.06724616816730501,28.21028001254045,22.929049752265506,0.06724616816730501,nan
normalized-only,NCJT-spiral-21,spiral,2,concentrated,NCJT-spiral-21/concentrated,1,0.008468495209045357,0.05458820318301224,nan,nan,0.7822265625,0.0879981333463923,87,0,0,0,2150400,2155776,0,0.21662520000245422,0.8535101469324476,1.2016364032716973,0.35,0.0525,0.0,0.0,constant,0,1,2.0,0.2121089858313799,0.5409389418502684,0.05346575009424491,29.910103929543915,23.104703284643996,0.05346575009424491,nan
normalized-only,NCJT-spiral-21,spiral,2,concentrated,NCJT-spiral-21/concentrated,2,0.010225097022380614,0.06142483828729012,nan,nan,0.7783203125,0.1025850782270991,99,0,0,0,2150400,2155776,0,0.21233850000135135,0.8645637777597522,1.227323192441104,0.35,0.0525,0.0,0.0,constant,0,1,2.0,0.21216131071707856,0.5443864784176523,0.0865845802526732,28.821961251502486,21.8933531145283,0.0865845802526732,nan
normalized-only,NCJT-spiral-21,spiral,2,concentrated,NCJT-spiral-21/concentrated,3,0.009079815233733912,0.056424669449273414,nan,nan,0.740234375,0.10330998453947737,89,0,0,0,2150400,2155776,0,0.2085458999936236,0.9192903188444161,1.2479429438322545,0.35,0.0525,0.0,0.0,constant,0,1,2.0,0.18621210785176753,0.5088283599322152,0.06724629581993732,27.8097080130784,21.864889669568058,0.06724629581993732,nan
normalized-only,NCJT-spiral-21,spiral,2,concentrated,NCJT-spiral-21/concentrated,4,0.010337637475180683,0.0619925197453459,nan,nan,0.7216796875,0.09566046366516859,91,0,0,0,2150400,2155776,0,0.2123311999894213,0.883550864446422,1.2303088722139737,0.35,0.0525,0.0,0.0,constant,0,1,2.0,0.19287838829594817,0.5555238251231447,0.06821232130192817,29.60110035708427,22.71058060084473,0.06821232130192817,nan
normalized-only,NCJT-spiral-21,spiral,2,concentrated,NCJT-spiral-21/concentrated,5,0.008288739090730024,0.05389109458768091,nan,nan,0.7138671875,0.0634644610161347,85,0,0,0,2150400,2155776,0,0.21275150000292342,0.8678136866044086,1.1740260443638735,0.35,0.0525,0.0,0.0,constant,0,1,2.0,0.20801793645749858,0.5244055099146582,0.04083031095477025,28.879367192436916,21.44511620114234,0.04083031095477025,nan
abc,NCJT-spiral-21,spiral,2,concentrated,NCJT-spiral-21/concentrated,0,0.008650569386192797,0.05338897724185838,nan,nan,0.783203125,0.07460955280346934,85,0,0,0,2150400,2155776,0,0.22157049999805167,0.8672301866447374,1.2037719384786654,0.35,0.0525,0.0,0.0,abc,0,1,2.0,0.20966748355473355,0.5538755871232233,0.06631112580006832,28.213364111154718,23.10006666507063,0.06408979526594946,nan
abc,NCJT-spiral-21,spiral,2,concentrated,NCJT-spiral-21/concentrated,1,0.00789645446599685,0.05286831236220851,nan,nan,0.78515625,0.08601207026353459,86,0,0,0,2150400,2155776,0,0.22193590000097174,0.8407089149996526,1.1836138567882657,0.35,0.0525,0.0,0.0,abc,0,1,2.0,0.21630424459752573,0.5421367947712658,0.05312080367953648,29.882385029119817,23.99253456090434,0.0526440738891415,nan
abc,NCJT-spiral-21,spiral,2,concentrated,NCJT-spiral-21/concentrated,2,0.009703355029132443,0.059395205779370505,nan,nan,0.7880859375,0.1008647945845842,99,0,0,0,2150400,2155776,0,0.22480060000088997,0.8575627261735664,1.217384593110159,0.35,0.0525,0.0,0.0,abc,0,1,2.0,0.2197353263999656,0.5455847232405273,0.08810622373008307,29.531548515934226,22.416538932205917,0.08616361736850522,nan
abc,NCJT-spiral-21,spiral,2,concentrated,NCJT-spiral-21/concentrated,3,0.008169539672299164,0.05253029076592399,nan,nan,0.7431640625,0.1057257236120885,89,0,0,0,2150400,2155776,0,0.22771300000022165,0.8927789115961767,1.211953525768881,0.35,0.0525,0.0,0.0,abc,0,1,2.0,0.18531092041984523,0.5043888360223944,0.06484893879494345,28.150619598133304,21.72723496189846,0.06367758473324617,nan
abc,NCJT-spiral-21,spiral,2,concentrated,NCJT-spiral-21/concentrated,4,0.00973678736302519,0.05956309151395874,nan,nan,0.71875,0.09325302849836746,90,0,0,0,2150400,2155776,0,0.23182879999512807,0.8713316582678804,1.2132941214194164,0.35,0.0525,0.0,0.0,abc,0,1,2.0,0.18541253080602269,0.5555243103894394,0.06870162922004289,29.516065183522812,22.74835433847244,0.06923281936904013,nan
abc,NCJT-spiral-21,spiral,2,concentrated,NCJT-spiral-21/concentrated,5,0.007995235834005188,0.052741412805032806,nan,nan,0.7119140625,0.0644775750466914,84,0,0,0,2150400,2155776,0,0.22311940000508912,0.8616786735719907,1.165726261595117,0.35,0.0525,0.0,0.0,abc,0,1,2.0,0.2055091573142193,0.5262887548978998,0.04231700500106213,29.26216808407086,21.75252667573751,0.040914321187080785,nan
normalized-crossfit,NCJT-spiral-21,spiral,2,concentrated,NCJT-spiral-21/concentrated,0,0.003838259100414909,0.038418025534385045,nan,nan,0.8349609375,0.1376840117147553,92,0,0,0,2150400,2155776,0,0.21227770000405144,0.7215163637785604,1.0015116692721806,0.35,0.0525,0.0,0.0,constant,1,0,2.0,0.37201162511774705,0.5461237763051295,0.10030511708994366,30.431718013884332,23.058005590639244,0.10030511708994366,nan
normalized-crossfit,NCJT-spiral-21,spiral,2,concentrated,NCJT-spiral-21/concentrated,1,0.002995455442798667,0.033680136504517504,nan,nan,0.859375,0.2337172398361249,93,0,0,0,2150400,2155776,0,0.2253878000046825,0.7077353819008985,0.9964036184362155,0.35,0.0525,0.0,0.0,constant,1,0,2.0,0.2659801070873979,0.5775648359947121,0.17596513068731695,36.07202878640829,22.265897229008203,0.17596513068731695,nan
normalized-crossfit,NCJT-spiral-21,spiral,2,concentrated,NCJT-spiral-21/concentrated,2,0.0026954952242959074,0.030324292798793083,nan,nan,0.9033203125,0.14822807591775403,109,0,0,0,2150400,2155776,0,0.2229088000021875,0.707597968010171,1.0044966252384557,0.35,0.0525,0.0,0.0,constant,1,0,2.0,0.38861470669516207,0.518590726624238,0.1255195021863592,31.863854084418037,23.413107419909288,0.1255195021863592,nan
normalized-crossfit,NCJT-spiral-21,spiral,2,concentrated,NCJT-spiral-21/concentrated,3,0.0036057806787628266,0.040773186660029104,nan,nan,0.830078125,0.11996516740821077,96,0,0,0,2150400,2155776,0,0.21891270000196528,0.7187545634337594,0.975714273714872,0.35,0.0525,0.0,0.0,constant,1,0,2.0,0.35630405685053107,0.581050150416248,0.08506308260338993,29.629807927979982,21.69999700502571,0.08506308260338993,nan
normalized-crossfit,NCJT-spiral-21,spiral,2,concentrated,NCJT-spiral-21/concentrated,4,0.0034375925835181675,0.038864678028002225,nan,nan,0.7998046875,0.1643786890870501,98,0,0,0,2150400,2155776,0,0.21213599998736754,0.7129840183639874,0.9928014320823255,0.35,0.0525,0.0,0.0,constant,1,0,2.0,0.32577499072688837,0.5787441653210856,0.08327335518406734,32.88872217301705,23.543670926627478,0.08327335518406734,nan
normalized-crossfit,NCJT-spiral-21,spiral,2,concentrated,NCJT-spiral-21/concentrated,5,0.004848896517035017,0.047501637161099945,nan,nan,0.8056640625,0.13035548686242007,91,0,0,0,2150400,2155776,0,0.21197590000519995,0.7199683413207544,0.9740127366916437,0.35,0.0525,0.0,0.0,constant,1,0,2.0,0.3606735647535227,0.5591520135537944,0.12044402288113717,32.379382050661945,21.151237762253544,0.12044402288113717,nan
paper,NCJT-sine-048,sine,2,covered,NCJT-sine-048/covered,0,0.01848671565871096,0.09615505507245882,nan,nan,1.0,0.025475672364924262,1,0,0,0,2150400,2155776,0,0.21168939999188296,1.1785156788504094,1.054683497645318,0.35,0.0525,0.0,0.0,paper,0,1,,0.3917199038620801,0.5805035455606466,0.032206545932988107,18.313735298660724,14.82118836619663,0.016266051769568,nan
paper,NCJT-sine-048,sine,2,covered,NCJT-sine-048/covered,1,0.007643882550843584,0.06560849684605839,nan,nan,0.9990234375,0.028443131418133316,1,0,0,0,2150400,2155776,0,0.21048599999630824,1.1738206793451442,1.0015511374906307,0.35,0.0525,0.0,0.0,paper,0,1,,0.4027827422210621,0.5795850906769425,0.040898949435166435,18.552970191156042,14.472917764215893,0.021929659830923785,nan
paper,NCJT-sine-048,sine,2,covered,NCJT-sine-048/covered,2,0.005265738199732306,0.03894090920941067,nan,nan,1.0,0.04295433938350145,1,0,0,0,2150400,2155776,0,0.20494899999175686,1.1762267353697142,1.0576725985476396,0.35,0.0525,0.0,0.0,paper,0,1,,0.4230218558788309,0.564209104555655,0.06506215157905795,18.333872859061607,14.853632657116853,0.03853996418728179,nan
paper,NCJT-sine-048,sine,2,covered,NCJT-sine-048/covered,3,0.0062929054820084485,0.05173420682175172,nan,nan,1.0,0.053212324552977606,1,0,0,0,2150400,2155776,0,0.20747719999053515,1.1752707888266918,1.0549544222216563,0.35,0.0525,0.0,0.0,paper,0,1,,0.3710550838184063,0.5652946288810572,0.08971992461519823,20.436076365583915,14.697706999472302,0.04077052651391416,nan
paper,NCJT-sine-048,sine,2,covered,NCJT-sine-048/covered,4,0.009734868488825654,0.07199565460155341,nan,nan,1.0,0.04990055908989719,1,0,0,0,2150400,2155776,0,0.20775040000444278,1.172804032351704,1.041377209991723,0.35,0.0525,0.0,0.0,paper,0,1,,0.38570954528075,0.571786905580578,0.08165477428519877,21.029692017045573,14.830379021680843,0.043499393419745305,nan
paper,NCJT-sine-048,sine,2,covered,NCJT-sine-048/covered,5,0.010683776183433524,0.07419455431803677,nan,nan,1.0,0.042740266888773595,1,0,0,0,2150400,2155776,0,0.21707640000386164,1.1783688466183997,1.0714569880786273,0.35,0.0525,0.0,0.0,paper,0,1,,0.3584178126909486,0.5761287511838861,0.048625620617892974,22.176548468226585,14.487009002543825,0.025385345675941386,nan
normalized-only,NCJT-sine-048,sine,2,covered,NCJT-sine-048/covered,0,0.013692708929016195,0.08100702731466884,nan,nan,1.0,0.047113821738988426,1,0,0,0,2150400,2155776,0,0.21578889999364037,1.2369147603475608,1.106946313183564,0.35,0.0525,0.0,0.0,constant,0,1,2.0,0.27625948887137813,0.5912916979034002,0.036070863560072455,18.149945198387694,14.646421824737557,0.036070863560072455,nan
normalized-only,NCJT-sine-048,sine,2,covered,NCJT-sine-048/covered,1,0.007874515689361372,0.06531258517911537,nan,nan,1.0,0.05019091127229991,1,0,0,0,2150400,2155776,0,0.21725879999576136,1.230938424989799,1.0502863013260635,0.35,0.0525,0.0,0.0,constant,0,1,2.0,0.33273240118754854,0.5938839842142434,0.04048672604985103,18.512481828723523,14.66506560039964,0.04048672604985103,nan
normalized-only,NCJT-sine-048,sine,2,covered,NCJT-sine-048/covered,2,0.007810334874115643,0.04976840049181866,nan,nan,0.9990234375,0.07934331576655963,1,0,0,0,2150400,2155776,0,0.21437149999837857,1.2351642846836077,1.1106697198171724,0.35,0.0525,0.0,0.0,constant,0,1,2.0,0.34295891132894857,0.5762590621786502,0.06714519778128406,18.310385782503182,14.733557761043134,0.06714519778128406,nan
normalized-only,NCJT-sine-048,sine,2,covered,NCJT-sine-048/covered,3,0.007605260354916155,0.054508959035225645,nan,nan,1.0,0.10463403491365433,1,0,0,0,2150400,2155776,0,0.22539340000366792,1.2322146502417148,1.1060687517781056,0.35,0.0525,0.0,0.0,constant,0,1,2.0,0.2536017697972979,0.579404418504452,0.08670521103856646,20.05708275828406,14.240912107079813,0.08670521103856646,nan
normalized-only,NCJT-sine-048,sine,2,covered,NCJT-sine-048/covered,4,0.007901456558306208,0.05655637577911846,nan,nan,1.0,0.09235327433357227,1,0,0,0,2150400,2155776,0,0.21775820000038948,1.2145010378757835,1.0784015636602595,0.35,0.0525,0.0,0.0,constant,0,1,2.0,0.31555270285019044,0.5814379156518203,0.08679103962075194,20.241587884188252,14.664896327073341,0.08679103962075194,nan
normalized-only,NCJT-sine-048,sine,2,covered,NCJT-sine-048/covered,5,0.011166070122047733,0.07525750767706227,nan,nan,1.0,0.10137915384434805,1,0,0,0,2150400,2155776,0,0.21939990000100806,1.2246688884568027,1.113556287901813,0.35,0.0525,0.0,0.0,constant,0,1,2.0,0.26503553087567516,0.5861464338676764,0.04430655872484346,21.907262076193167,14.550046276904734,0.04430655872484346,nan
abc,NCJT-sine-048,sine,2,covered,NCJT-sine-048/covered,0,0.013817764898692797,0.08137387776021462,nan,nan,1.0,0.0459137216770253,1,0,0,0,2150400,2155776,0,0.22837080000317656,1.230454833636551,1.1011651613326645,0.35,0.0525,0.0,0.0,abc,0,1,2.0,0.2722698537322816,0.5901027248051334,0.036483568072187805,18.26530444641026,14.718155599832379,0.03699384726035107,nan
abc,NCJT-sine-048,sine,2,covered,NCJT-sine-048/covered,1,0.007904622321822208,0.06624759007388262,nan,nan,1.0,0.04991750286663273,1,0,0,0,2150400,2155776,0,0.23230029999103863,1.2210491214838064,1.0418483487923405,0.35,0.0525,0.0,0.0,abc,0,1,2.0,0.32337096244883407,0.5936754478164714,0.04257321759678845,18.76798547680834,14.779730813558498,0.04007724282668562,nan
abc,NCJT-sine-048,sine,2,covered,NCJT-sine-048/covered,2,0.007625504278917727,0.04920507758614456,nan,nan,0.9990234375,0.0774406328468425,1,0,0,0,2150400,2155776,0,0.22705240000505,1.2264727880180617,1.1028542556833576,0.35,0.0525,0.0,0.0,abc,0,1,2.0,0.33293788332874885,0.5753638806486057,0.0653982238531985,18.37029610209568,14.832320376830738,0.06360164889919748,nan
abc,NCJT-sine-048,sine,2,covered,NCJT-sine-048/covered,3,0.007282022753536399,0.05222975206565466,nan,nan,1.0,0.10105206526116421,1,0,0,0,2150400,2155776,0,0.2293224999884842,1.2225680959545575,1.0974097472310789,0.35,0.0525,0.0,0.0,abc,0,1,2.0,0.24533933230759647,0.5791931959437262,0.08592117896821294,20.20919352008594,14.462351017340511,0.08077175598561184,nan
abc,NCJT-sine-048,sine,2,covered,NCJT-sine-048/covered,4,0.007852502100431202,0.057135921005686735,nan,nan,1.0,0.09147015486877848,1,0,0,0,2150400,2155776,0,0.2275934000062989,1.207990575265961,1.0726206768272073,0.35,0.0525,0.0,0.0,abc,0,1,2.0,0.3225684241593899,0.5828669949143813,0.08634862150655673,20.160457622499727,14.788918568854744,0.0851754274040062,nan
abc,NCJT-sine-048,sine,2,covered,NCJT-sine-048/covered,5,0.01111327908650983,0.07547831575497348,nan,nan,1.0,0.09898033640431704,1,0,0,0,2150400,2155776,0,0.22686889999022242,1.216638156576128,1.106254173782259,0.35,0.0525,0.0,0.0,abc,0,1,2.0,0.2433148822073231,0.5887974982113822,0.04425345282722065,21.978485316769948,14.69166021256605,0.04361477705662124,nan
normalized-crossfit,NCJT-sine-048,sine,2,covered,NCJT-sine-048/covered,0,0.008014720301901423,0.0592470838951599,nan,nan,1.0,0.07838124513056244,1,0,0,0,2150400,2155776,0,0.21969550001085736,1.1334206579286084,1.014326822510892,0.35,0.0525,0.0,0.0,constant,1,0,2.0,0.4109886064168228,0.5813546783359529,0.06392391141294648,18.04820650355658,12.718421379172526,0.06392391141294648,nan
normalized-crossfit,NCJT-sine-048,sine,2,covered,NCJT-sine-048/covered,1,0.0032999090589842517,0.04805700380451916,nan,nan,1.0,0.10153435449458902,1,0,0,0,2150400,2155776,0,0.21539189999748487,1.1368022622597762,0.9699655312797768,0.35,0.0525,0.0,0.0,constant,1,0,2.0,0.4943059318164788,0.5602430548573408,0.09052098514201484,17.953544783821528,13.502310314576414,0.09052098514201484,nan
normalized-crossfit,NCJT-sine-048,sine,2,covered,NCJT-sine-048/covered,2,0.0015206720149025799,0.025894592132177124,nan,nan,1.0,0.14058351192355592,1,0,0,0,2150400,2155776,0,0.21934009999677073,1.1120489045203614,0.9999633737167231,0.35,0.0525,0.0,0.0,constant,1,0,2.0,0.3169709838079102,0.5738216031449122,0.1371657079534528,17.44796441604273,13.64549357562491,0.1371657079534528,nan
normalized-crossfit,NCJT-sine-048,sine,2,covered,NCJT-sine-048/covered,3,0.0013657612990423118,0.02088989094604023,nan,nan,1.0,0.15773542078566463,1,0,0,0,2150400,2155776,0,0.21926909999456257,1.1202928716106373,1.0056047766395388,0.35,0.0525,0.0,0.0,constant,1,0,2.0,0.39183224443824677,0.5013481592521094,0.12831127068307427,19.23618631166954,13.034682475928474,0.12831127068307427,nan
normalized-crossfit,NCJT-sine-048,sine,2,covered,NCJT-sine-048/covered,4,0.002714127084411322,0.03964849644592032,nan,nan,0.9990234375,0.08191173804186629,1,0,0,0,2150400,2155776,0,0.21897449999232776,1.119634345233817,0.9941658269306238,0.35,0.0525,0.0,0.0,constant,1,0,2.0,0.3953732274419869,0.5592503347639108,0.07631410389127974,19.898739110384533,13.000294431663775,0.07631410389127974,nan
normalized-crossfit,NCJT-sine-048,sine,2,covered,NCJT-sine-048/covered,5,0.005012025457269864,0.048263323746203464,nan,nan,1.0,0.10682867913182018,1,0,0,0,2150400,2155776,0,0.21881479999865405,1.1322155761971957,1.0294911432946334,0.35,0.0525,0.0,0.0,constant,1,0,2.0,0.37545023666653715,0.6038775947693793,0.05418840462137324,21.67958778888037,14.492186440428352,0.05418840462137324,nan
paper,NCJT-sine-048,sine,2,missing,NCJT-sine-048/missing,0,0.0065125088794038,0.04866661228073988,nan,nan,0.9990234375,0.028642984323454555,54,0,0,0,2150400,2155776,0,0.2150273000006564,1.1963860812898273,1.057642319292769,0.35,0.0525,0.0,0.0,paper,0,1,,0.28797759875908413,0.5891082102248644,0.03987113287954232,18.963115881264088,14.611613835158767,0.02055277250674279,nan
paper,NCJT-sine-048,sine,2,missing,NCJT-sine-048/missing,1,0.007127903115015544,0.0509020817394417,nan,nan,1.0,0.04609889190208085,40,0,0,0,2150400,2155776,0,0.2211756000033347,1.1947077548969811,1.0748319568443017,0.35,0.0525,0.0,0.0,paper,0,1,,0.3843742832055402,0.5718141265406849,0.04278931601914353,19.688576884170914,14.471581735951572,0.02329360121023246,nan
paper,NCJT-sine-048,sine,2,missing,NCJT-sine-048/missing,2,0.006721028704912646,0.050858108059161716,nan,nan,1.0,0.04330910883356708,50,0,0,0,2150400,2155776,0,0.21571119999862276,1.1867498510412022,1.0613040559454863,0.35,0.0525,0.0,0.0,paper,0,1,,0.34598073056159273,0.5897431555724263,0.060565918562239154,20.35533422901485,14.852351004539809,0.0355957509996464,nan
paper,NCJT-sine-048,sine,2,missing,NCJT-sine-048/missing,3,0.007825127168840096,0.06019145790732772,nan,nan,0.9990234375,0.03757780488812654,52,0,0,0,2150400,2155776,0,0.219442200002959,1.1986341732441377,1.0527490575262173,0.35,0.0525,0.0,0.0,paper,0,1,,0.32084461077499293,0.5944647889968033,0.0682681808371242,18.758352742510294,14.587868617832484,0.027448412198007685,nan
paper,NCJT-sine-048,sine,2,missing,NCJT-sine-048/missing,4,0.007780523334154799,0.05478377088185962,nan,nan,0.9990234375,0.046644477404135805,31,0,0,0,2150400,2155776,0,0.22231040000042412,1.1820379191897288,1.0808568381970645,0.35,0.0525,0.0,0.0,paper,0,1,,0.32398871755142644,0.588029927741639,0.08184646942837663,19.841205657085485,15.266881747651732,0.041328224676295405,nan
paper,NCJT-sine-048,sine,2,missing,NCJT-sine-048/missing,5,0.008048168511524123,0.056491008243886566,nan,nan,0.9990234375,0.04872933392098004,52,0,0,0,2150400,2155776,0,0.2139102999935858,1.1942036779268044,1.0797150995403926,0.35,0.0525,0.0,0.0,paper,0,1,,0.2623707415091318,0.557470403611148,0.09086562232711617,18.815388569844295,14.689924238932043,0.046956731872040164,nan
normalized-only,NCJT-sine-048,sine,2,missing,NCJT-sine-048/missing,0,0.008448531047661634,0.057500437348412974,nan,nan,1.0,0.06237463131512527,27,0,0,0,2150400,2155776,0,0.21956939999654423,1.2463936920649548,1.1018505947563844,0.35,0.0525,0.0,0.0,constant,0,1,2.0,0.22932773277245092,0.5881602128699519,0.044452656439834225,18.679909773800652,14.380205390967621,0.044452656439834225,nan
normalized-only,NCJT-sine-048,sine,2,missing,NCJT-sine-048/missing,1,0.009456147421688543,0.06341936924251428,nan,nan,1.0,0.08797389198164143,21,0,0,0,2150400,2155776,0,0.21347729999979492,1.2633361056174461,1.1365742065263045,0.35,0.0525,0.0,0.0,constant,0,1,2.0,0.2537268952008932,0.6109512365540035,0.04589353884450832,19.78196865876529,14.330774871352123,0.04589353884450832,nan
normalized-only,NCJT-sine-048,sine,2,missing,NCJT-sine-048/missing,2,0.007885243191050106,0.05677616050930625,nan,nan,1.0,0.09424811492365417,25,0,0,0,2150400,2155776,0,0.21959310000238474,1.229637908026587,1.0996586163360142,0.35,0.0525,0.0,0.0,constant,0,1,2.0,0.2754034908157698,0.5915623081748997,0.06314734833665862,19.910162048783107,14.51256162771314,0.06314734833665862,nan
normalized-only,NCJT-sine-048,sine,2,missing,NCJT-sine-048/missing,3,0.008717338695738208,0.06044768237282969,nan,nan,1.0,0.06865699576476646,26,0,0,0,2150400,2155776,0,0.2051991999906022,1.2521795258057746,1.099777434242364,0.35,0.0525,0.0,0.0,constant,0,1,2.0,0.33107062028187534,0.6015230700149794,0.06808701475408398,18.80959057304689,14.281339053197183,0.06808701475408398,nan
normalized-only,NCJT-sine-048,sine,2,missing,NCJT-sine-048/missing,4,0.010700431207786965,0.06892463763552334,nan,nan,1.0,0.10407119973983896,16,0,0,0,2150400,2155776,0,0.20598600000084843,1.2644014878163365,1.1561701804538056,0.35,0.0525,0.0,0.0,constant,0,1,2.0,0.23056981357266193,0.5976906975907805,0.07211094465120377,20.25892598233979,14.621702444623217,0.07211094465120377,nan
normalized-only,NCJT-sine-048,sine,2,missing,NCJT-sine-048/missing,5,0.010053959570445414,0.0631826893639523,nan,nan,1.0,0.09202128898929675,27,0,0,0,2150400,2155776,0,0.20972309999342542,1.2647198148101042,1.1434708383322325,0.35,0.0525,0.0,0.0,constant,0,1,2.0,0.2710278047763969,0.55525379721126,0.08817965140122785,18.803852458008045,14.511091628159395,0.08817965140122785,nan
abc,NCJT-sine-048,sine,2,missing,NCJT-sine-048/missing,0,0.008050697555377573,0.055850108112931444,nan,nan,1.0,0.06055966544918599,27,0,0,0,2150400,2155776,0,0.22194889999809675,1.2373062283704195,1.0938169956292403,0.35,0.0525,0.0,0.0,abc,0,1,2.0,0.208850492454663,0.5886635083378332,0.0431207072793415,18.632870230728095,14.608890297632461,0.04328329096167764,nan
abc,NCJT-sine-048,sine,2,missing,NCJT-sine-048/missing,1,0.008865365358989852,0.06080453770998147,nan,nan,1.0,0.08644288812255181,22,0,0,0,2150400,2155776,0,0.219014900008915,1.2509771635033364,1.1254553484770575,0.35,0.0525,0.0,0.0,abc,0,1,2.0,0.2761367117856487,0.6111299276871247,0.049741354396637565,19.803082786440502,14.50536768683272,0.04532110960949397,nan
abc,NCJT-sine-048,sine,2,missing,NCJT-sine-048/missing,2,0.007586658194197016,0.05548927613792315,nan,nan,1.0,0.0937082501695542,25,0,0,0,2150400,2155776,0,0.21828950000053737,1.2190577796572002,1.0901968640206443,0.35,0.0525,0.0,0.0,abc,0,1,2.0,0.2749485289110374,0.5931607163541258,0.06255180383370165,20.43043391473397,14.705657851492909,0.06183606209560927,nan
abc,NCJT-sine-048,sine,2,missing,NCJT-sine-048/missing,3,0.008300501887977818,0.05999481570015851,nan,nan,1.0,0.06751995304460252,26,0,0,0,2150400,2155776,0,0.21999090000463184,1.2381885343040515,1.0874892787349737,0.35,0.0525,0.0,0.0,abc,0,1,2.0,0.3191509904817391,0.5989151774884922,0.07021101535974344,18.84481171452336,14.501290747916993,0.06453926433571502,nan
abc,NCJT-sine-048,sine,2,missing,NCJT-sine-048/missing,4,0.010113492561171444,0.06585404458501576,nan,nan,1.0,0.10294953160214225,16,0,0,0,2150400,2155776,0,0.21886090000043623,1.2504381773191056,1.1434021132118117,0.35,0.0525,0.0,0.0,abc,0,1,2.0,0.2266310994144368,0.5911340762382971,0.07190584048654869,20.244764482580987,14.804464368697968,0.07141365284043324,nan
abc,NCJT-sine-048,sine,2,missing,NCJT-sine-048/missing,5,0.00940328775236221,0.06108500547828267,nan,nan,1.0,0.09066987997003385,27,0,0,0,2150400,2155776,0,0.2225795999984257,1.247358115765156,1.1277736093259965,0.35,0.0525,0.0,0.0,abc,0,1,2.0,0.2583230249984862,0.5551405021629396,0.08823998220195967,18.75675441355317,14.679657169255162,0.08561438449364384,nan
normalized-crossfit,NCJT-sine-048,sine,2,missing,NCJT-sine-048/missing,0,0.002510477020289281,0.034424299568480664,nan,nan,1.0,0.10047135162207926,30,0,0,0,2150400,2155776,0,0.2088095999934012,1.1417855062674922,1.009373721300486,0.35,0.0525,0.0,0.0,constant,1,0,2.0,0.4439882622940456,0.5190565988031035,0.08416384289361868,18.548267858717786,12.23527210320226,0.08416384289361868,nan
normalized-crossfit,NCJT-sine-048,sine,2,missing,NCJT-sine-048/missing,1,0.0026635438114421817,0.02761089760549682,nan,nan,1.0,0.09651335755597835,24,0,0,0,2150400,2155776,0,0.2112563999980921,1.1489463686689467,1.0336622229861436,0.35,0.0525,0.0,0.0,constant,1,0,2.0,0.4127066381087606,0.5427182263186053,0.061908668091506094,19.13373829320694,14.750519253243889,0.061908668091506094,nan
normalized-crossfit,NCJT-sine-048,sine,2,missing,NCJT-sine-048/missing,2,0.0024003578969766792,0.03665969681471552,nan,nan,1.0,0.13078839164090073,29,0,0,0,2150400,2155776,0,0.2094407999975374,1.1230897338885055,1.0043731530455657,0.35,0.0525,0.0,0.0,constant,1,0,2.0,0.41767233326476305,0.5671469916695338,0.09350730758915451,19.533602866721598,12.388570958295837,0.09350730758915451,nan
normalized-crossfit,NCJT-sine-048,sine,2,missing,NCJT-sine-048/missing,3,0.002585548272117544,0.035142802270241434,nan,nan,1.0,0.11096643590113375,29,0,0,0,2150400,2155776,0,0.21052140000392683,1.1362083876555957,0.9979210804748024,0.35,0.0525,0.0,0.0,constant,1,0,2.0,0.49846187787060414,0.5376538706549134,0.08346384782411105,18.259143258717963,14.037115318960339,0.08346384782411105,nan
normalized-crossfit,NCJT-sine-048,sine,2,missing,NCJT-sine-048/missing,4,0.0023096018764816595,0.02439296803183629,nan,nan,1.0,0.13489368266415777,19,0,0,0,2150400,2155776,0,0.2157738999958383,1.1232705098890015,1.0271198512742097,0.35,0.0525,0.0,0.0,constant,1,0,2.0,0.43338728061897364,0.5693726610525667,0.10551059026645035,19.679315319146028,13.316122856306604,0.10551059026645035,nan
normalized-crossfit,NCJT-sine-048,sine,2,missing,NCJT-sine-048/missing,5,0.002992182469251592,0.03164628667880655,nan,nan,1.0,0.14733383723999277,29,0,0,0,2150400,2155776,0,0.21057529999234248,1.1359268859472715,1.0270253168708965,0.35,0.0525,0.0,0.0,constant,1,0,2.0,0.4332460197833524,0.5317000251299623,0.13878515274876776,18.83105803627179,13.220923014916135,0.13878515274876776,nan
paper,NCJT-sine-048,sine,2,far,NCJT-sine-048/far,0,11.098295774630163,4.633985200541309,nan,nan,0.0,0.0027287211262267755,400,1,0,0,2150400,2155776,0,0.2136568999994779,0.2654319768634765,0.23727250334445,0.35,0.0525,0.0,0.0,paper,0,1,,0.00016261868796912344,0.0003085288254647123,5.779188335018457,37.215317564745995,41.67520810676152,0.0017877917470719338,nan
paper,NCJT-sine-048,sine,2,far,NCJT-sine-048/far,1,11.22572257517268,4.328274066394136,nan,nan,0.0,0.0024148169614383475,400,1,0,0,2150400,2155776,0,0.20642190000216942,0.24504242055696931,0.22174911275996842,0.35,0.0525,0.0,0.0,paper,0,1,,0.00015603506929000294,0.00033953506958573807,5.778089188981925,38.52758721608766,42.22804475577732,0.0019613024857654746,nan
paper,NCJT-sine-048,sine,2,far,NCJT-sine-048/far,2,11.125583461517527,4.1115035018557515,nan,nan,0.0,0.0023881642436662277,400,1,0,0,2150400,2155776,0,0.2099642999964999,0.22959158819722197,0.20420514102903928,0.35,0.0525,0.0,0.0,paper,0,1,,0.00016879855809620432,0.0003149895112017164,5.750727246772978,38.331901685333904,43.04490666936971,0.0018177438097715434,nan
paper,NCJT-sine-048,sine,2,far,NCJT-sine-048/far,3,11.225609400759645,3.53807105930264,nan,nan,0.0,0.002283821941069821,400,1,0,0,2150400,2155776,0,0.22196370000892784,0.22830344229136276,0.20111228431947645,0.35,0.0525,0.0,0.0,paper,0,1,,0.00015430169289650382,0.0002797661523448746,5.798798125443383,37.228138970375326,43.21016741334004,0.0016235530100624559,nan
paper,NCJT-sine-048,sine,2,far,NCJT-sine-048/far,4,11.115598205281298,3.9817527023265127,nan,nan,0.0,0.0024159392047712006,400,1,0,0,2150400,2155776,0,0.20626020000781864,0.233228146484797,0.20591262558469292,0.35,0.0525,0.0,0.0,paper,0,1,,0.00017555596399389755,0.0002717971898443742,5.818050075877315,37.85803568932592,42.26610383054522,0.0015825284000647098,nan
paper,NCJT-sine-048,sine,2,far,NCJT-sine-048/far,5,11.163490949760723,3.9177101199249256,nan,nan,0.0,0.0023428108075478097,400,1,0,0,2150400,2155776,0,0.21534819999942556,0.2402224099251223,0.2152963166341967,0.35,0.0525,0.0,0.0,paper,0,1,,0.00016890143366875144,0.0003158513585423537,5.799182922372726,38.934757632331895,42.241063281863205,0.0018293740902963454,nan
normalized-only,NCJT-sine-048,sine,2,far,NCJT-sine-048/far,0,0.01071552382186347,0.07073613877207734,nan,nan,1.0,0.057418697959529634,173,0,0,0,2150400,2155776,0,0.20835210000223015,1.2430522748860726,1.1111778186466723,0.35,0.0525,0.0,0.0,constant,0,1,2.0,0.3146317079981069,0.585143266307159,0.049440956559550546,19.816130070914305,14.523289787055688,0.049440956559550546,nan
normalized-only,NCJT-sine-048,sine,2,far,NCJT-sine-048/far,1,0.01154575919524814,0.07383845762196108,nan,nan,1.0,0.05856075696158921,173,0,0,0,2150400,2155776,0,0.21615269999892917,1.2628159496068188,1.142774854116926,0.35,0.0525,0.0,0.0,constant,0,1,2.0,0.3349420769134324,0.5826519658837537,0.053080598093407684,21.17963970923183,14.922950024360057,0.053080598093407684,nan
normalized-only,NCJT-sine-048,sine,2,far,NCJT-sine-048/far,2,0.010234173036043126,0.0693610947727676,nan,nan,1.0,0.07636619944078935,173,0,0,0,2150400,2155776,0,0.21059670000977349,1.254562835072883,1.1158430614878654,0.35,0.0525,0.0,0.0,constant,0,1,2.0,0.28221637561516644,0.5807263442858385,0.0657932859072789,20.12609946208648,14.283553142461091,0.0657932859072789,nan
normalized-only,NCJT-sine-048,sine,2,far,NCJT-sine-048/far,3,0.011351039264331675,0.07425533747850321,nan,nan,1.0,0.0814715290666911,163,0,0,0,2150400,2155776,0,0.21490900000208057,1.2691428820602797,1.1179867529689151,0.35,0.0525,0.0,0.0,constant,0,1,2.0,0.3096015451569133,0.5741046968090715,0.07948764864195275,18.367830238516632,14.703272023391085,0.07948764864195275,nan
normalized-only,NCJT-sine-048,sine,2,far,NCJT-sine-048/far,4,0.00810819216785963,0.05691604223379914,nan,nan,1.0,0.08094580743521007,138,0,0,0,2150400,2155776,0,0.21460259999730624,1.2380066448071547,1.0930121538317614,0.35,0.0525,0.0,0.0,constant,0,1,2.0,0.31585393341016693,0.591179412075115,0.05890516453097924,20.392557849538743,14.661172422927997,0.05890516453097924,nan
normalized-only,NCJT-sine-048,sine,2,far,NCJT-sine-048/far,5,0.012309730798893304,0.08058172186458308,nan,nan,0.9990234375,0.08217728668978133,164,0,0,0,2150400,2155776,0,0.22412660000554752,1.2336330627894863,1.1056281326106336,0.35,0.0525,0.0,0.0,constant,0,1,2.0,0.3357768856271567,0.5825821311010255,0.07866764646726553,19.91976466273143,14.658095973914811,0.07866764646726553,nan
abc,NCJT-sine-048,sine,2,far,NCJT-sine-048/far,0,0.011150111961193643,0.07535592759464595,nan,nan,1.0,0.05830507001478874,178,0,0,0,2150400,2155776,0,0.2370653000107268,1.2248466227813057,1.0949035901194213,0.35,0.0525,0.0,0.0,abc,0,1,2.0,0.3014230840702542,0.584952130302776,0.04636258106430398,19.838724408154363,14.462325553617633,0.04927204898725364,nan
abc,NCJT-sine-048,sine,2,far,NCJT-sine-048/far,1,0.011458288277855555,0.07415142274487281,nan,nan,1.0,0.05933749173603924,178,0,0,0,2150400,2155776,0,0.21898779999173712,1.2393703321568257,1.1215579364263955,0.35,0.0525,0.0,0.0,abc,0,1,2.0,0.3266237752969896,0.5813955968292455,0.05392312994461259,21.170931437314383,14.987229659027161,0.052342283329806144,nan
abc,NCJT-sine-048,sine,2,far,NCJT-sine-048/far,2,0.010578738618487016,0.07154228826831065,nan,nan,1.0,0.07558355157511246,178,0,0,0,2150400,2155776,0,0.22714970000379253,1.2375610498727525,1.1007212010930685,0.35,0.0525,0.0,0.0,abc,0,1,2.0,0.2701813932375339,0.5852055340541878,0.0658471864600517,20.125037350954123,14.60431400166988,0.06413586930330069,nan
abc,NCJT-sine-048,sine,2,far,NCJT-sine-048/far,3,0.01156824285832636,0.0781403912772261,nan,nan,1.0,0.07890698917956156,166,0,0,0,2150400,2155776,0,0.23635340000328142,1.236471490586266,1.0892065554156547,0.35,0.0525,0.0,0.0,abc,0,1,2.0,0.29466467169568616,0.5763658415903318,0.0813446767520944,18.598682917893093,14.894396392052055,0.07588135493545847,nan
abc,NCJT-sine-048,sine,2,far,NCJT-sine-048/far,4,0.008020935787228511,0.05814887596374251,nan,nan,1.0,0.08058033881989672,142,0,0,0,2150400,2155776,0,0.23312350000196602,1.2193706690198032,1.076558810774574,0.35,0.0525,0.0,0.0,abc,0,1,2.0,0.24302154752082825,0.5943902098798305,0.06129482846836269,20.234946151735144,14.95396233582439,0.05953047747889152,nan
abc,NCJT-sine-048,sine,2,far,NCJT-sine-048/far,5,0.012999228254634732,0.08508234512946843,nan,nan,1.0,0.08012429653109114,168,0,0,0,2150400,2155776,0,0.23398350000206847,1.2222688857489539,1.095443131722631,0.35,0.0525,0.0,0.0,abc,0,1,2.0,0.3404206446554936,0.581287952366444,0.07814526271362719,19.86630501843787,14.806153305502141,0.07575364181534242,nan
normalized-crossfit,NCJT-sine-048,sine,2,far,NCJT-sine-048/far,0,0.006035235012651574,0.055598259270397264,nan,nan,1.0,0.09803956365699595,176,0,0,0,2150400,2155776,0,0.22488940000766888,1.1137658598546034,0.9956072995802211,0.35,0.0525,0.0,0.0,constant,1,0,2.0,0.47525718348601215,0.5543023563211575,0.07651217580710583,19.699584844001002,14.25964140988625,0.07651217580710583,nan
normalized-crossfit,NCJT-sine-048,sine,2,far,NCJT-sine-048/far,1,0.006205298615951538,0.05957715812062862,nan,nan,1.0,0.07292982547181455,177,0,0,0,2150400,2155776,0,0.22509310000168625,1.0977724920288954,0.9934201415673356,0.35,0.0525,0.0,0.0,constant,1,0,2.0,0.4558106997389002,0.5733849402041775,0.06273750214385299,20.697358834802756,13.393762591327555,0.06273750214385299,nan
normalized-crossfit,NCJT-sine-048,sine,2,far,NCJT-sine-048/far,2,0.005977741273336834,0.05538921369270361,nan,nan,1.0,0.1283128079202728,174,0,0,0,2150400,2155776,0,0.23866269999416545,1.099483666995025,0.9779113383064311,0.35,0.0525,0.0,0.0,constant,1,0,2.0,0.4538811794237985,0.55655202946822,0.06065271629209313,19.92304647044771,14.031309270472155,0.06065271629209313,nan
normalized-crossfit,NCJT-sine-048,sine,2,far,NCJT-sine-048/far,3,0.008708885289604895,0.07886669662742135,nan,nan,1.0,0.07243690561723531,169,0,0,0,2150400,2155776,0,0.22845389999565668,1.1235520548659585,0.9897359323104837,0.35,0.0525,0.0,0.0,constant,1,0,2.0,0.4507770014178826,0.5402006555118952,0.048199191981642645,18.25829310407706,14.578241264151071,0.048199191981642645,nan
normalized-crossfit,NCJT-sine-048,sine,2,far,NCJT-sine-048/far,4,0.003038602383040212,0.03963758888055077,nan,nan,1.0,0.11316058381710925,137,0,0,0,2150400,2155776,0,0.22104360000230372,1.128292489625864,0.9961476454193574,0.35,0.0525,0.0,0.0,constant,1,0,2.0,0.46285990826593687,0.5576404037209409,0.08924702264323064,19.624533536999603,13.511876879418814,0.08924702264323064,nan
normalized-crossfit,NCJT-sine-048,sine,2,far,NCJT-sine-048/far,5,0.01088660578822953,0.0811037788538726,nan,nan,1.0,0.09851116416710474,171,0,0,0,2150400,2155776,0,0.22739800000272226,1.1165925376975174,1.0007320325461662,0.35,0.0525,0.0,0.0,constant,1,0,2.0,0.4512813023490476,0.5593724805601545,0.078963422430842,19.757683150642507,14.103908148284269,0.078963422430842,nan
paper,NCJT-sine-048,sine,2,concentrated,NCJT-sine-048/concentrated,0,0.0056120909133638985,0.049122899171022374,nan,nan,0.9892578125,0.03507813601523022,172,0,0,0,2150400,2155776,0,0.22405930000240915,1.144135010711273,1.028752765001382,0.35,0.0525,0.0,0.0,paper,0,1,,0.4098814648981497,0.562171064320399,0.061220275586909234,21.13815175971321,15.047271439495645,0.03227397696103625,nan
paper,NCJT-sine-048,sine,2,concentrated,NCJT-sine-048/concentrated,1,0.006546279944341649,0.060737538291026065,nan,nan,0.99609375,0.03634413215398582,156,0,0,0,2150400,2155776,0,0.22884359999443404,1.1444232001092034,1.0055993265698757,0.35,0.0525,0.0,0.0,paper,0,1,,0.4487497402287893,0.580724672736875,0.05326333224110093,19.97287807275672,14.783119102334181,0.027395310523895107,nan
paper,NCJT-sine-048,sine,2,concentrated,NCJT-sine-048/concentrated,2,0.005656147782509446,0.045535696176112805,nan,nan,0.9970703125,0.048971569212442674,159,0,0,0,2150400,2155776,0,0.21673159999772906,1.1368018973898784,1.0287836908761012,0.35,0.0525,0.0,0.0,paper,0,1,,0.41317695331892257,0.5570810701878502,0.06546846087938045,18.102310458545766,14.981128077741129,0.03807339824399318,nan
paper,NCJT-sine-048,sine,2,concentrated,NCJT-sine-048/concentrated,3,0.0051883934515655206,0.04338545150847236,nan,nan,0.9853515625,0.03497917640940475,161,0,0,0,2150400,2155776,0,0.21835480000299867,1.1464157002847277,1.0370744654674438,0.35,0.0525,0.0,0.0,paper,0,1,,0.3983945635362503,0.5814568761373782,0.04911312461346884,19.936776039547155,15.490284669231528,0.023191599153060384,nan
paper,NCJT-sine-048,sine,2,concentrated,NCJT-sine-048/concentrated,4,0.005750698801596066,0.05108893312180132,nan,nan,0.9990234375,0.03157790209558143,156,0,0,0,2150400,2155776,0,0.22783780000463594,1.143334593786971,1.0173464041368598,0.35,0.0525,0.0,0.0,paper,0,1,,0.42607927511616095,0.5681067509090139,0.042416375496633955,19.498633324605493,15.030101419275681,0.020365089076615224,nan
paper,NCJT-sine-048,sine,2,concentrated,NCJT-sine-048/concentrated,5,0.007196316203576858,0.06166354825684866,nan,nan,0.9990234375,0.04045659899525939,141,0,0,0,2150400,2155776,0,0.21939630000269972,1.1501501775576461,1.0284695551586331,0.35,0.0525,0.0,0.0,paper,0,1,,0.3943490107022994,0.5782430364208009,0.05777041393941105,18.9486067633488,15.04336897022683,0.027996242642166116,nan
normalized-only,NCJT-sine-048,sine,2,concentrated,NCJT-sine-048/concentrated,0,0.009073109544597724,0.05891266967955171,nan,nan,0.9990234375,0.0673243943911261,80,0,0,0,2150400,2155776,0,0.2223381999938283,1.252567103168024,1.1262498382361403,0.35,0.0525,0.0,0.0,constant,0,1,2.0,0.30919394222563107,0.5819876810149005,0.06085779879792187,19.085930131419033,14.665309292122794,0.06085779879792187,nan
normalized-only,NCJT-sine-048,sine,2,concentrated,NCJT-sine-048/concentrated,1,0.007171915353320735,0.04975062792067047,nan,nan,1.0,0.06229502794121226,71,0,0,0,2150400,2155776,0,0.2282986000063829,1.2345453158844695,1.0847892092321743,0.35,0.0525,0.0,0.0,constant,0,1,2.0,0.3957848273166971,0.5877589253044737,0.05707159943718036,19.62565220204651,14.526853823006153,0.05707159943718036,nan
normalized-only,NCJT-sine-048,sine,2,concentrated,NCJT-sine-048/concentrated,2,0.009359276458602794,0.06031685421370107,nan,nan,1.0,0.08012049592024009,71,0,0,0,2150400,2155776,0,0.22445159999188036,1.2441290178400997,1.1259126553521466,0.35,0.0525,0.0,0.0,constant,0,1,2.0,0.3157059102731296,0.5755971169914884,0.053910994501072666,18.502485856038263,14.71245216660568,0.053910994501072666,nan
normalized-only,NCJT-sine-048,sine,2,concentrated,NCJT-sine-048/concentrated,3,0.00835701265292288,0.055095506558549896,nan,nan,1.0,0.06385003186170829,72,0,0,0,2150400,2155776,0,0.22297979998984374,1.2455813663091369,1.126782047158313,0.35,0.0525,0.0,0.0,constant,0,1,2.0,0.2901412775611386,0.6064211793141701,0.04890639057816852,19.945929866761396,14.731582710135875,0.04890639057816852,nan
normalized-only,NCJT-sine-048,sine,2,concentrated,NCJT-sine-048/concentrated,4,0.007757205131356137,0.05043896678802699,nan,nan,1.0,0.06042714770854103,69,0,0,0,2150400,2155776,0,0.2137975999939954,1.2386815574418686,1.1021867397191063,0.35,0.0525,0.0,0.0,constant,0,1,2.0,0.33867304171197543,0.5829094573313526,0.035745586603573964,19.354941439262678,14.678160722408764,0.035745586603573964,nan
normalized-only,NCJT-sine-048,sine,2,concentrated,NCJT-sine-048/concentrated,5,0.00959558282205264,0.06578342005654551,nan,nan,0.998046875,0.06814404669056569,63,0,0,0,2150400,2155776,0,0.21489800000563264,1.244265129506508,1.112627576131308,0.35,0.0525,0.0,0.0,constant,0,1,2.0,0.32051125711688633,0.594612669422405,0.05604660604002727,19.06796183958393,14.579335304726566,0.05604660604002727,nan
abc,NCJT-sine-048,sine,2,concentrated,NCJT-sine-048/concentrated,0,0.008463306814981086,0.05686952810517651,nan,nan,0.998046875,0.0673112070063318,81,0,0,0,2150400,2155776,0,0.23340759999700822,1.2354462843805682,1.1108555976073762,0.35,0.0525,0.0,0.0,abc,0,1,2.0,0.297387691473021,0.5817394074450272,0.05932705722732598,18.756804396347412,14.960039713672796,0.062296104967132906,nan
abc,NCJT-sine-048,sine,2,concentrated,NCJT-sine-048/concentrated,1,0.007138675500732994,0.05164095441427215,nan,nan,1.0,0.06095904207726837,72,0,0,0,2150400,2155776,0,0.2253670000063721,1.230150260625132,1.0809272946811537,0.35,0.0525,0.0,0.0,abc,0,1,2.0,0.3826732347199721,0.5938555864304254,0.05306087271391703,19.561716604901505,14.68745136507389,0.052862838878909094,nan
abc,NCJT-sine-048,sine,2,concentrated,NCJT-sine-048/concentrated,2,0.008729512397728678,0.05882890549998235,nan,nan,1.0,0.077542658126892,71,0,0,0,2150400,2155776,0,0.22044540000206325,1.2240707092451526,1.1077602747162405,0.35,0.0525,0.0,0.0,abc,0,1,2.0,0.2784743704734501,0.5725856792384781,0.05654953257556847,18.695262132068244,14.854778685486632,0.05232545711728117,nan
abc,NCJT-sine-048,sine,2,concentrated,NCJT-sine-048/concentrated,3,0.007948625198626047,0.05324812437240013,nan,nan,1.0,0.061399318080694085,72,0,0,0,2150400,2155776,0,0.2270151000120677,1.2334865642573174,1.11584080623697,0.35,0.0525,0.0,0.0,abc,0,1,2.0,0.27728428962778456,0.6051157706827095,0.051589892460426195,20.00169655806978,14.835295715273583,0.050236370359229024,nan
abc,NCJT-sine-048,sine,2,concentrated,NCJT-sine-048/concentrated,4,0.007560331804309595,0.049586781224469294,nan,nan,1.0,0.061155491288446516,70,0,0,0,2150400,2155776,0,0.22024310000415426,1.2287766909830713,1.0933733264540206,0.35,0.0525,0.0,0.0,abc,0,1,2.0,0.31479680728649806,0.5828875200922987,0.03609540548933218,19.55403513008163,14.809931441148361,0.03376387591745776,nan
abc,NCJT-sine-048,sine,2,concentrated,NCJT-sine-048/concentrated,5,0.009383723931567722,0.06494790603723435,nan,nan,1.0,0.06528615143432243,63,0,0,0,2150400,2155776,0,0.22046369999588933,1.2280443882439633,1.0981229150216971,0.35,0.0525,0.0,0.0,abc,0,1,2.0,0.31715864673276667,0.5942914219108596,0.05504798265785726,19.09865403966665,14.702840073516622,0.051856879749490783,nan
normalized-crossfit,NCJT-sine-048,sine,2,concentrated,NCJT-sine-048/concentrated,0,0.0019084790188688139,0.02696694758969326,nan,nan,1.0,0.06629141639228028,84,0,0,0,2150400,2155776,0,0.21531400000094436,1.1231811635087448,1.0099120442427219,0.35,0.0525,0.0,0.0,constant,1,0,2.0,0.47204927564286264,0.5479367222512873,0.06440199344817199,19.200381275478453,14.78008960667362,0.06440199344817199,nan
normalized-crossfit,NCJT-sine-048,sine,2,concentrated,NCJT-sine-048/concentrated,1,0.002214052996089677,0.03698471670328088,nan,nan,1.0,0.09949999508116866,74,0,0,0,2150400,2155776,0,0.21531689999392256,1.1196614416969293,0.9838412849802848,0.35,0.0525,0.0,0.0,constant,1,0,2.0,0.4826480693484493,0.5549288674719267,0.09039151580993887,18.650298387196067,13.197214195895267,0.09039151580993887,nan
normalized-crossfit,NCJT-sine-048,sine,2,concentrated,NCJT-sine-048/concentrated,2,0.0022830631865413675,0.029948939239965403,nan,nan,1.0,0.09414418095935591,74,0,0,0,2150400,2155776,0,0.21542829999816604,1.1092212969427084,1.0038237818631353,0.35,0.0525,0.0,0.0,constant,1,0,2.0,0.4149740273400329,0.5967598644397281,0.07777214171799027,17.32084661187278,14.713245564805089,0.07777214171799027,nan
normalized-crossfit,NCJT-sine-048,sine,2,concentrated,NCJT-sine-048/concentrated,3,0.0017488149374900175,0.026062893833456537,nan,nan,1.0,0.06380844626781479,75,0,0,0,2150400,2155776,0,0.21780990000115708,1.1113847308728677,1.0053846309086636,0.35,0.0525,0.0,0.0,constant,1,0,2.0,0.4732884854360136,0.5678546032648732,0.05882553676999634,19.37686862891534,13.95244666466639,0.05882553676999634,nan
normalized-crossfit,NCJT-sine-048,sine,2,concentrated,NCJT-sine-048/concentrated,4,0.0023567922353744386,0.033915579946398704,nan,nan,1.0,0.1143311355677162,72,0,0,0,2150400,2155776,0,0.21585409999534022,1.1182131248811336,0.9949931610907113,0.35,0.0525,0.0,0.0,constant,1,0,2.0,0.37514594895426057,0.5749002785331492,0.06600347103652845,18.948063153674823,14.372975919254658,0.06600347103652845,nan
normalized-crossfit,NCJT-sine-048,sine,2,concentrated,NCJT-sine-048/concentrated,5,0.005736965769564506,0.056228916956131914,nan,nan,1.0,0.12593798363445735,65,0,0,0,2150400,2155776,0,0.2138649999978952,1.1219369588807395,1.0032411658331208,0.35,0.0525,0.0,0.0,constant,1,0,2.0,0.443053807103427,0.5539033781870206,0.09351736009793038,18.65584233120336,14.057611875780017,0.09351736009793038,nan
paper,NCJT-contaminated-1d,contaminated,1,covered,NCJT-contaminated-1d/covered,0,0.007949337082049812,0.14272344146107882,nan,nan,0.98046875,0.014062321752642258,1,0,0,0,2150400,2155776,0,0.09114540000155102,1.6096062052210824,1.1633261993506678,0.35,0.0525,0.0,0.0,paper,0,1,,0.15296583001168454,0.5804181288362933,0.005596109024258666,34.85979720909437,25.960307843607872,0.0031753660434665,nan
paper,NCJT-contaminated-1d,contaminated,1,covered,NCJT-contaminated-1d/covered,1,0.006114203607496815,0.11283693999272465,nan,nan,0.9765625,0.02401854943577449,1,0,0,0,2150400,2155776,0,0.0916270000016084,1.3642106930578526,1.0324164935430147,0.35,0.0525,0.0,0.0,paper,0,1,,0.15042791860434407,0.5984083511716718,0.03778665673805634,35.984170331363586,26.590051478577223,0.022095901039665453,nan
paper,NCJT-contaminated-1d,contaminated,1,covered,NCJT-contaminated-1d/covered,2,0.010005150753205738,0.16452509089028414,nan,nan,0.984375,0.02039835710095497,1,0,0,0,2150400,2155776,0,0.08938900000066496,1.4989092391325003,1.1567345889474516,0.35,0.0525,0.0,0.0,paper,0,1,,0.18416878082935245,0.5942853830429127,0.028565935663696234,37.589501109897164,26.772030993350604,0.01725754846822441,nan
paper,NCJT-contaminated-1d,contaminated,1,covered,NCJT-contaminated-1d/covered,3,0.007142382377183676,0.13720136940679997,nan,nan,0.978515625,0.01867577354159701,1,0,0,0,2150400,2155776,0,0.0962433999957284,1.4395202983202917,1.075809159116262,0.35,0.0525,0.0,0.0,paper,0,1,,0.16202055006319155,0.6039031819322325,0.030097282951981233,39.330238089903716,27.283793097350458,0.017404626964595164,nan
paper,NCJT-contaminated-1d,contaminated,1,covered,NCJT-contaminated-1d/covered,4,0.007412611943171887,0.13526558154787824,nan,nan,0.98046875,0.021591805151974175,1,0,0,0,2150400,2155776,0,0.09106760000577196,1.4055637935147534,1.072184604996877,0.35,0.0525,0.0,0.0,paper,0,1,,0.18739864346642077,0.5772575789637399,0.029853343509438583,36.1293658480824,26.754826697580377,0.016693235113203676,nan
paper,NCJT-contaminated-1d,contaminated,1,covered,NCJT-contaminated-1d/covered,5,0.005981231681571941,0.12466988303050343,nan,nan,0.986328125,0.022501871656941567,1,0,0,0,2150400,2155776,0,0.0901426999917021,1.4250616518773014,1.1239842560393398,0.35,0.0525,0.0,0.0,paper,0,1,,0.17036330932967816,0.5997347169605309,0.035330945351356384,38.60047655030251,27.169366902878906,0.02040443582388864,nan
normalized-only,NCJT-contaminated-1d,contaminated,1,covered,NCJT-contaminated-1d/covered,0,0.014852288789431567,0.1602842838880527,nan,nan,0.98046875,0.2920204963718914,1,0,0,0,2150400,2155776,0,0.09213200000522193,2.3194204090026314,1.6763370570696785,0.35,0.0525,0.0,0.0,constant,0,1,2.0,0.10845519868978952,0.585726056182681,0.006237575336416168,34.87972043512353,24.951406930800033,0.006237575336416168,nan
normalized-only,NCJT-contaminated-1d,contaminated,1,covered,NCJT-contaminated-1d/covered,1,0.017943489783259325,0.20443777595306156,nan,nan,0.982421875,0.3517963800579665,1,0,0,0,2150400,2155776,0,0.09342550000292249,2.263236743001316,1.7127874412343742,0.35,0.0525,0.0,0.0,constant,0,1,2.0,0.06941591662503177,0.606039665536247,0.03718503148049378,35.740824339673395,25.752534633988773,0.03718503148049378,nan
normalized-only,NCJT-contaminated-1d,contaminated,1,covered,NCJT-contaminated-1d/covered,2,0.014496671338547262,0.1560762536244145,nan,nan,0.9775390625,0.1565654861736481,1,0,0,0,2150400,2155776,0,0.09694599999056663,2.2234757219099395,1.7158952710883755,0.35,0.0525,0.0,0.0,constant,0,1,2.0,0.08198465703948826,0.5983614387203424,0.029903981671489263,37.82965544930464,25.539120617020195,0.029903981671489263,nan
normalized-only,NCJT-contaminated-1d,contaminated,1,covered,NCJT-contaminated-1d/covered,3,0.01659391974825053,0.1809830402163973,nan,nan,0.978515625,0.35364669360561696,1,0,0,0,2150400,2155776,0,0.09716320000006817,2.347378648920678,1.7542867949618437,0.35,0.0525,0.0,0.0,constant,0,1,2.0,0.06372159029222112,0.6091866209894239,0.035546684329313946,38.26473268440909,26.19903838693746,0.035546684329313946,nan
normalized-only,NCJT-contaminated-1d,contaminated,1,covered,NCJT-contaminated-1d/covered,4,0.015848846179775222,0.17271934146061513,nan,nan,0.9814453125,0.2744234965012177,1,0,0,0,2150400,2155776,0,0.09457279999332968,2.260206599737119,1.724118628789253,0.35,0.0525,0.0,0.0,constant,0,1,2.0,0.10656463056832244,0.5860844711336459,0.03217251487619534,35.85070754481967,25.439949531461274,0.03217251487619534,nan
normalized-only,NCJT-contaminated-1d,contaminated,1,covered,NCJT-contaminated-1d/covered,5,0.015577816142452017,0.1688849702547282,nan,nan,0.9833984375,0.417055219404046,1,0,0,0,2150400,2155776,0,0.09324080000806134,2.2581344742074383,1.7810510820253032,0.35,0.0525,0.0,0.0,constant,0,1,2.0,0.11612529801798502,0.5996535290356909,0.03581053804284828,37.95334049301724,26.268097475138056,0.03581053804284828,nan
abc,NCJT-contaminated-1d,contaminated,1,covered,NCJT-contaminated-1d/covered,0,0.014369858289535298,0.15574439891262845,nan,nan,0.98046875,0.2943137533915234,1,0,0,0,2150400,2155776,0,0.1025179999996908,2.2988316477982824,1.6614567433361067,0.35,0.0525,0.0,0.0,abc,0,1,2.0,0.10656721469911475,0.5862015417691215,0.0068106068345571424,34.92306942111074,25.13775640591161,0.006566333882197753,nan
abc,NCJT-contaminated-1d,contaminated,1,covered,NCJT-contaminated-1d/covered,1,0.017159491882087208,0.19754961158899492,nan,nan,0.9814453125,0.3402637027137377,1,0,0,0,2150400,2155776,0,0.09705339999345597,2.2354027255620204,1.6917230273339958,0.35,0.0525,0.0,0.0,abc,0,1,2.0,0.06917023226947808,0.6057459823151694,0.03801617939447531,35.8763687382438,25.910303663332613,0.036802170704175824,nan
abc,NCJT-contaminated-1d,contaminated,1,covered,NCJT-contaminated-1d/covered,2,0.014146883533499688,0.15292147741562925,nan,nan,0.978515625,0.16685943169269835,1,0,0,0,2150400,2155776,0,0.10196719999657944,2.203320116926427,1.7003408366790687,0.35,0.0525,0.0,0.0,abc,0,1,2.0,0.07825293425747666,0.5983661424216811,0.03027992450270653,37.90248753289997,25.706847430125112,0.02957794524688062,nan
abc,NCJT-contaminated-1d,contaminated,1,covered,NCJT-contaminated-1d/covered,3,0.016088368590922997,0.17639950727859643,nan,nan,0.9765625,0.40816427829916446,1,0,0,0,2150400,2155776,0,0.10162640000635292,2.3236726117057653,1.7365703570679756,0.35,0.0525,0.0,0.0,abc,0,1,2.0,0.06071466251255719,0.6087624681125495,0.03602775970231262,38.39838311303247,26.344188717025958,0.034999319543403934,nan
abc,NCJT-contaminated-1d,contaminated,1,covered,NCJT-contaminated-1d/covered,4,0.01515556325890599,0.16742819963858013,nan,nan,0.9814453125,0.27172090789529646,1,0,0,0,2150400,2155776,0,0.10289220001141075,2.2291543192043255,1.7004314953479094,0.35,0.0525,0.0,0.0,abc,0,1,2.0,0.10267943878654166,0.5866940733649435,0.030529957235679795,35.95462489924356,25.62133901490194,0.03186715418250445,nan
abc,NCJT-contaminated-1d,contaminated,1,covered,NCJT-contaminated-1d/covered,5,0.014981389046733629,0.16320811561746498,nan,nan,0.9833984375,0.3992908408500954,1,0,0,0,2150400,2155776,0,0.09895750001305714,2.2292240260038594,1.7582486379534579,0.35,0.0525,0.0,0.0,abc,0,1,2.0,0.11456996373511225,0.5994751065959198,0.034149210392946674,38.08875376934203,26.41855767249815,0.03404822725545638,nan
normalized-crossfit,NCJT-contaminated-1d,contaminated,1,covered,NCJT-contaminated-1d/covered,0,0.006651029672061437,0.08785477786297712,nan,nan,0.9912109375,0.17837677183108572,1,0,0,0,2150400,2155776,0,0.09253970001009293,1.5222589878324866,1.1001969034403212,0.35,0.0525,0.0,0.0,constant,1,0,2.0,0.3474510681879506,0.5467523097444029,0.0389379641717022,34.85613928154263,22.181201076786706,0.0389379641717022,nan
normalized-crossfit,NCJT-contaminated-1d,contaminated,1,covered,NCJT-contaminated-1d/covered,1,0.009225819326957874,0.1111439240569019,nan,nan,0.9921875,0.2939597731774736,1,0,0,0,2150400,2155776,0,0.11069109999516513,1.460856615673602,1.1055568413279517,0.35,0.0525,0.0,0.0,constant,1,0,2.0,0.223403837170792,0.5939475870916336,0.030829916729999227,35.331778993633954,26.31343104973165,0.030829916729999227,nan
normalized-crossfit,NCJT-contaminated-1d,contaminated,1,covered,NCJT-contaminated-1d/covered,2,0.004755708945698878,0.0802976855119306,nan,nan,0.9912109375,0.22270156768964697,1,0,0,0,2150400,2155776,0,0.09251710001262836,1.3992432796999237,1.0798206173696812,0.35,0.0525,0.0,0.0,constant,1,0,2.0,0.3014860412803063,0.5861020275228656,0.024338735878842763,38.06856062922647,26.329837906221485,0.024338735878842763,nan
normalized-crossfit,NCJT-contaminated-1d,contaminated,1,covered,NCJT-contaminated-1d/covered,3,0.006322703521317141,0.0970386408490641,nan,nan,0.9921875,0.4254780604493821,1,0,0,0,2150400,2155776,0,0.09568620000209194,1.497359980283759,1.1190349890606375,0.35,0.0525,0.0,0.0,constant,1,0,2.0,0.20219350740734254,0.5569110600193155,0.019535713101484053,38.302969244285464,23.07053584496574,0.019535713101484053,nan
normalized-crossfit,NCJT-contaminated-1d,contaminated,1,covered,NCJT-contaminated-1d/covered,4,0.007106084508474053,0.09631651387244607,nan,nan,0.9951171875,0.26741498437021655,1,0,0,0,2150400,2155776,0,0.0928118000010727,1.4591601275529449,1.1130686719493428,0.35,0.0525,0.0,0.0,constant,1,0,2.0,0.21702007858997946,0.6209222925752508,0.06736775248155666,35.652849066444816,26.471890150101167,0.06736775248155666,nan
normalized-crossfit,NCJT-contaminated-1d,contaminated,1,covered,NCJT-contaminated-1d/covered,5,0.004848360325298451,0.07271664598512806,nan,nan,0.9912109375,0.19708240614535533,1,0,0,0,2150400,2155776,0,0.09474740001314785,1.395351651924029,1.10055118410844,0.35,0.0525,0.0,0.0,constant,1,0,2.0,0.24286442470508257,0.5976594125756736,0.08836502142909448,37.71518109809975,26.90307771078286,0.08836502142909448,nan
paper,NCJT-contaminated-1d,contaminated,1,missing,NCJT-contaminated-1d/missing,0,0.0023258603606659545,0.07383459198908027,nan,nan,0.9873046875,0.03746699249169096,1,0,0,0,2150400,2155776,0,0.09086260000185575,1.094702972245653,0.9296446183106445,0.35,0.0525,0.0,0.0,paper,0,1,,0.18903668608221014,0.5882676824421311,0.04510199684924025,35.51287990499917,26.99038400587842,0.023798990834303424,nan
paper,NCJT-contaminated-1d,contaminated,1,missing,NCJT-contaminated-1d/missing,1,0.0072762795782197465,0.12980259969489913,nan,nan,0.9814453125,0.025011077871969455,1,0,0,0,2150400,2155776,0,0.10221630000160076,1.2641316953514734,0.9635063129585463,0.35,0.0525,0.0,0.0,paper,0,1,,0.16195595385028444,0.5927409525407955,0.027629598312114936,36.789445838049545,26.046345876860986,0.01703016061690192,nan
paper,NCJT-contaminated-1d,contaminated,1,missing,NCJT-contaminated-1d/missing,2,0.0041560051776925455,0.05368218447061342,nan,nan,0.9873046875,0.029343637687091924,1,0,0,0,2150400,2155776,0,0.09434679998958018,1.2640025644411501,1.0538761207463507,0.35,0.0525,0.0,0.0,paper,0,1,,0.20264602652304833,0.6102429436442274,0.03130099123693743,40.38092296871941,26.939398453629472,0.01932103465698093,nan
paper,NCJT-contaminated-1d,contaminated,1,missing,NCJT-contaminated-1d/missing,3,0.0024209731550179914,0.05907296599083359,nan,nan,0.982421875,0.019793613015312465,1,0,0,0,2150400,2155776,0,0.09256599999207538,1.2649634392688875,0.9796497578541311,0.35,0.0525,0.0,0.0,paper,0,1,,0.18898757041837902,0.5966346101628526,0.02438794595208227,35.68669350342975,26.97142899080312,0.011067241890759208,nan
paper,NCJT-contaminated-1d,contaminated,1,missing,NCJT-contaminated-1d/missing,4,0.002444521443871306,0.13369805878171964,nan,nan,0.974609375,0.017597950308639004,1,0,0,0,2150400,2155776,0,0.0944692000048235,1.220265022785452,0.8499345798715084,0.35,0.0525,0.0,0.0,paper,0,1,,0.16064051504872986,0.5873573586828533,0.020862574049901925,37.30612727055153,27.005374349600768,0.012798016326188683,nan
paper,NCJT-contaminated-1d,contaminated,1,missing,NCJT-contaminated-1d/missing,5,0.0053304849440998225,0.09648846503872663,nan,nan,0.984375,0.025736232947967782,1,0,0,0,2150400,2155776,0,0.09367649999330752,1.2914757417478744,0.9737572166999308,0.35,0.0525,0.0,0.0,paper,0,1,,0.16326325105833334,0.6033289153931458,0.043606180401368544,38.79785242174254,26.267327509085234,0.020785390703480712,nan
normalized-only,NCJT-contaminated-1d,contaminated,1,missing,NCJT-contaminated-1d/missing,0,0.020602604476116504,0.22129383897702776,nan,nan,0.994140625,0.41368560230103585,1,0,0,0,2150400,2155776,0,0.09414549999928568,2.225842836013822,1.8902322056007086,0.35,0.0525,0.0,0.0,constant,0,1,2.0,0.12184362792117838,0.5907761821605768,0.04567493534718195,34.791699678118306,25.40064573051665,0.04567493534718195,nan
normalized-only,NCJT-contaminated-1d,contaminated,1,missing,NCJT-contaminated-1d/missing,1,0.017069336408556124,0.18737602843018153,nan,nan,0.98046875,0.45504871014244086,1,0,0,0,2150400,2155776,0,0.09566970000742003,2.3494892344653557,1.7907530662824733,0.35,0.0525,0.0,0.0,constant,0,1,2.0,0.11394364653954005,0.5994860274620112,0.024499960532938264,36.25552091267285,25.952318500772726,0.024499960532938264,nan
normalized-only,NCJT-contaminated-1d,contaminated,1,missing,NCJT-contaminated-1d/missing,2,0.02032965833005318,0.21153327688721943,nan,nan,0.9814453125,0.5681717797328933,1,0,0,0,2150400,2155776,0,0.09159310000541154,2.228483952186428,1.8580231470606907,0.35,0.0525,0.0,0.0,constant,0,1,2.0,0.06381829202923567,0.6159055785870308,0.027354506209641277,40.682353653531266,26.341243600271486,0.027354506209641277,nan
normalized-only,NCJT-contaminated-1d,contaminated,1,missing,NCJT-contaminated-1d/missing,3,0.014268602171845224,0.15975748664580078,nan,nan,0.984375,0.24860707888156033,1,0,0,0,2150400,2155776,0,0.0917872999998508,2.220290079661876,1.7195015850923214,0.35,0.0525,0.0,0.0,constant,0,1,2.0,0.11429060342848538,0.5985608745197061,0.018661346650261635,35.78735437264842,26.22541532807403,0.018661346650261635,nan
normalized-only,NCJT-contaminated-1d,contaminated,1,missing,NCJT-contaminated-1d/missing,4,0.010267753560771808,0.10189664525797741,nan,nan,0.974609375,0.21823600059910075,1,0,0,0,2150400,2155776,0,0.09439300000667572,2.2333169115570763,1.5555418171466648,0.35,0.0525,0.0,0.0,constant,0,1,2.0,0.09851912155935555,0.5904966087912658,0.020825995872333733,36.55014993517351,25.7791149690568,0.020825995872333733,nan
normalized-only,NCJT-contaminated-1d,contaminated,1,missing,NCJT-contaminated-1d/missing,5,0.01724328552360266,0.19233318191067372,nan,nan,0.9794921875,0.3141894639430317,1,0,0,0,2150400,2155776,0,0.09177540001110174,2.2318151199824814,1.682761827552182,0.35,0.0525,0.0,0.0,constant,0,1,2.0,0.11860710295684093,0.6034166683392564,0.043522243816016506,38.36561172494445,25.509178754745612,0.043522243816016506,nan
abc,NCJT-contaminated-1d,contaminated,1,missing,NCJT-contaminated-1d/missing,0,0.019935043693699805,0.21633888434507798,nan,nan,0.9931640625,0.4013706806819039,1,0,0,0,2150400,2155776,0,0.10214350000023842,2.198031800871882,1.8666144939429834,0.35,0.0525,0.0,0.0,abc,0,1,2.0,0.11740633302074163,0.5904140076443486,0.048055431476556484,34.84213659460517,25.573441956301274,0.04480246904369958,nan
abc,NCJT-contaminated-1d,contaminated,1,missing,NCJT-contaminated-1d/missing,1,0.016483256180594985,0.1823075943540378,nan,nan,0.978515625,0.45386463932666693,1,0,0,0,2150400,2155776,0,0.10147069999948144,2.320209181116743,1.7684361539315752,0.35,0.0525,0.0,0.0,abc,0,1,2.0,0.11691578256237181,0.5992533101974147,0.025403289669534118,36.33556743415258,26.118430090891508,0.024263175782803792,nan
abc,NCJT-contaminated-1d,contaminated,1,missing,NCJT-contaminated-1d/missing,2,0.01973643415854287,0.20762576419027723,nan,nan,0.9814453125,0.5690712148185306,1,0,0,0,2150400,2155776,0,0.10169850000238512,2.1973252039590143,1.8320441960419185,0.35,0.0525,0.0,0.0,abc,0,1,2.0,0.06555929595851534,0.6155183049071333,0.026575436136207248,40.78089116451381,26.46352055209008,0.02708166968242101,nan
abc,NCJT-contaminated-1d,contaminated,1,missing,NCJT-contaminated-1d/missing,3,0.013791905146120387,0.15527638353998338,nan,nan,0.9833984375,0.2580678394113526,1,0,0,0,2150400,2155776,0,0.10343259999353904,2.1940673457150988,1.6991934132007438,0.35,0.0525,0.0,0.0,abc,0,1,2.0,0.11478760207769757,0.5978739069444826,0.015089110057456827,35.904348424982174,26.361994208877118,0.018222989730012892,nan
abc,NCJT-contaminated-1d,contaminated,1,missing,NCJT-contaminated-1d/missing,4,0.009882724900457163,0.09756226849084425,nan,nan,0.97265625,0.2272669061218683,1,0,0,0,2150400,2155776,0,0.10368259999086149,2.21362279497684,1.5418245423014392,0.35,0.0525,0.0,0.0,abc,0,1,2.0,0.09354420125495458,0.591166154993183,0.022071933686453132,36.68487585555364,25.92165346925971,0.020645431536514852,nan
abc,NCJT-contaminated-1d,contaminated,1,missing,NCJT-contaminated-1d/missing,5,0.016654372274931717,0.18734886244480467,nan,nan,0.978515625,0.29927348791978386,1,0,0,0,2150400,2155776,0,0.10358219999761786,2.2085113407221604,1.6651910575426672,0.35,0.0525,0.0,0.0,abc,0,1,2.0,0.11428237166285941,0.6033918794536206,0.04283091320112833,38.66576678416247,25.666628314986298,0.0451555558163801,nan
normalized-crossfit,NCJT-contaminated-1d,contaminated,1,missing,NCJT-contaminated-1d/missing,0,0.010207859868259339,0.12172309829819658,nan,nan,0.9970703125,0.41225550995146715,1,0,0,0,2150400,2155776,0,0.09403260001272429,1.4600690650115389,1.239921132090652,0.35,0.0525,0.0,0.0,constant,1,0,2.0,0.21091847816201847,0.6101089338438828,0.06654313304155787,34.783306969216454,28.779957341952837,0.06654313304155787,nan
normalized-crossfit,NCJT-contaminated-1d,contaminated,1,missing,NCJT-contaminated-1d/missing,1,0.0069375982676176395,0.09342343074033976,nan,nan,0.9912109375,0.4490404659840149,1,0,0,0,2150400,2155776,0,0.091676699987147,1.50752424264008,1.1490172503885518,0.35,0.0525,0.0,0.0,constant,1,0,2.0,0.28744741247145494,0.5853140480313522,0.031078329788744863,36.16760103884465,24.47831924217466,0.031078329788744863,nan
normalized-crossfit,NCJT-contaminated-1d,contaminated,1,missing,NCJT-contaminated-1d/missing,2,0.0067504902652202325,0.09111405300707086,nan,nan,0.9931640625,0.5496716075133158,1,0,0,0,2150400,2155776,0,0.09268459999293555,1.3585502998256629,1.132706341028726,0.35,0.0525,0.0,0.0,constant,1,0,2.0,0.04240059713083485,0.6415281161694193,0.04935545066895902,40.38306433058152,29.55768421414318,0.04935545066895902,nan
normalized-crossfit,NCJT-contaminated-1d,contaminated,1,missing,NCJT-contaminated-1d/missing,3,0.004339449443926169,0.06739506513779711,nan,nan,0.98828125,0.46114367547595797,1,0,0,0,2150400,2155776,0,0.09266769999521784,1.4078036274645176,1.0902722086172654,0.35,0.0525,0.0,0.0,constant,1,0,2.0,0.1619262309393938,0.6496757017843673,0.039081623370256946,35.93753065943048,30.745731546892728,0.039081623370256946,nan
normalized-crossfit,NCJT-contaminated-1d,contaminated,1,missing,NCJT-contaminated-1d/missing,4,0.0025634072819293863,0.05063395073810877,nan,nan,0.990234375,0.3182786748648582,1,0,0,0,2150400,2155776,0,0.09387229999992996,1.5019732371436274,1.046148966374469,0.35,0.0525,0.0,0.0,constant,1,0,2.0,0.3687451811731232,0.5831660315017473,0.02003885965173648,36.909547443163476,28.133680879669903,0.02003885965173648,nan
normalized-crossfit,NCJT-contaminated-1d,contaminated,1,missing,NCJT-contaminated-1d/missing,5,0.008114080158974968,0.09559405279299865,nan,nan,0.9912109375,0.44766461919076544,1,0,0,0,2150400,2155776,0,0.09473159999470226,1.4643305513468312,1.104087669566568,0.35,0.0525,0.0,0.0,constant,1,0,2.0,0.2296396838009671,0.603760657869395,0.07734196765098633,38.71861375225493,25.09988450767429,0.07734196765098633,nan
paper,NCJT-contaminated-1d,contaminated,1,far,NCJT-contaminated-1d/far,0,48.67002013379789,25.20555264887623,nan,nan,0.0,9.149081060253483e-14,400,1,0,0,2150400,2155776,0,0.08962430000246968,0.5559468840560214,0.43964174266398187,0.35,0.0525,0.0,0.0,paper,0,1,,1.5969715569953607e-16,1.0104936716985515e-15,23.29038351833395,3.3345650535496603,26.617485084287786,2.352991704888848e-14,nan
paper,NCJT-contaminated-1d,contaminated,1,far,NCJT-contaminated-1d/far,1,48.19290122885568,25.068347400217647,nan,nan,0.0,2.145333896661175e-12,400,1,0,0,2150400,2155776,0,0.09195639999234118,0.6401503384368588,0.45629016413798784,0.35,0.0525,0.0,0.0,paper,0,1,,1.423072859842378e-15,5.177664843600811e-15,20.304170594928806,1.0993617921880998,24.534347227198495,1.0512407524177407e-13,nan
paper,NCJT-contaminated-1d,contaminated,1,far,NCJT-contaminated-1d/far,2,48.26879422915556,25.061834679286303,nan,nan,0.0,1.3967823151727082e-11,400,1,0,0,2150400,2155776,0,0.0913482999894768,0.6447374245647257,0.4922613850950481,0.35,0.0525,0.0,0.0,paper,0,1,,9.923684061156036e-15,8.308182833470272e-14,18.361423691564532,1.0120426670238345,27.867431368579314,1.5254742871874356e-12,nan
paper,NCJT-contaminated-1d,contaminated,1,far,NCJT-contaminated-1d/far,3,48.49187046185656,25.170833603474467,nan,nan,0.0,1.6582093278868804e-11,400,1,0,0,2150400,2155776,0,0.0927460999955656,0.6369854869698661,0.48018401844577574,0.35,0.0525,0.0,0.0,paper,0,1,,7.865815224003939e-15,9.501321202228068e-14,18.855415464989534,2.0440859924159094,25.10636718949711,1.7914518107815424e-12,nan
paper,NCJT-contaminated-1d,contaminated,1,far,NCJT-contaminated-1d/far,4,48.706073278251914,25.231868635172912,nan,nan,0.0,1.9110888328038571e-13,400,1,0,0,2150400,2155776,0,0.09075210000446532,0.5560701231604132,0.43186376385584463,0.35,0.0525,0.0,0.0,paper,0,1,,1.15643421392546e-16,6.758723753337886e-16,23.812288178386368,11.573626456281705,32.25781222067708,1.6094041080618163e-14,nan
paper,NCJT-contaminated-1d,contaminated,1,far,NCJT-contaminated-1d/far,5,48.51018804161331,25.136970758502734,nan,nan,0.0,1.5368936833676917e-12,400,1,0,0,2150400,2155776,0,0.0933766999951331,0.5309009976526756,0.4019073711736531,0.35,0.0525,0.0,0.0,paper,0,1,,9.043747012818332e-16,3.3363331901804264e-15,21.242666737513844,2.150476681341459,30.460691634565443,7.087038924375903e-14,nan
normalized-only,NCJT-contaminated-1d,contaminated,1,far,NCJT-contaminated-1d/far,0,0.11434302113293726,0.4883842824883924,nan,nan,0.9755859375,0.4332053495189113,356,0,0,0,2150400,2155776,0,0.09331810000003316,2.031877837495926,1.6068051444767453,0.35,0.0525,0.0,0.0,constant,0,1,2.0,0.1135788989221162,0.5794901753702241,0.08853234033139819,34.60399345907679,21.93814004386417,0.08853234033139819,nan
normalized-only,NCJT-contaminated-1d,contaminated,1,far,NCJT-contaminated-1d/far,1,0.28036355637774824,0.8047757319924694,nan,nan,0.9794921875,0.5888172822254943,385,0,0,0,2150400,2155776,0,0.09155010001268238,2.346374109586769,1.672462487806797,0.35,0.0525,0.0,0.0,constant,0,1,2.0,0.011512257414032591,0.5558297330942042,0.10752534489020808,27.016538742344874,17.376355317664782,0.10752534489020808,nan
normalized-only,NCJT-contaminated-1d,contaminated,1,far,NCJT-contaminated-1d/far,2,0.19285964143706735,0.7054339012910886,nan,nan,0.9873046875,0.6065200383493999,365,0,0,0,2150400,2155776,0,0.0909966000035638,2.448159488788521,1.869186330696145,0.35,0.0525,0.0,0.0,constant,0,1,2.0,0.010593612113855297,0.5625240983544484,0.09488816646019188,29.288174701040834,18.170620345095003,0.09488816646019188,nan
normalized-only,NCJT-contaminated-1d,contaminated,1,far,NCJT-contaminated-1d/far,3,0.22201553625990655,0.7311397260026425,nan,nan,0.9775390625,0.4871119017956013,386,0,0,0,2150400,2155776,0,0.09264830000756774,2.474094458014571,1.8650670119899642,0.35,0.0525,0.0,0.0,constant,0,1,2.0,0.14920198012465968,0.5674406027964487,0.06642400367724527,29.497134022739417,17.264294456358783,0.06642400367724527,nan
normalized-only,NCJT-contaminated-1d,contaminated,1,far,NCJT-contaminated-1d/far,4,0.15122458928134108,0.5770607943594094,nan,nan,0.9765625,0.3488977708478825,358,0,0,0,2150400,2155776,0,0.09237769999890588,2.3652920741910064,1.836969646872849,0.35,0.0525,0.0,0.0,constant,0,1,2.0,0.13692452407284497,0.5634962608394354,0.06855466607036612,32.987222996009976,20.459957174357303,0.06855466607036612,nan
normalized-only,NCJT-contaminated-1d,contaminated,1,far,NCJT-contaminated-1d/far,5,0.3936561008347086,0.9557400736565822,nan,nan,0.982421875,0.410520352887812,397,0,0,0,2150400,2155776,0,0.0922151999984635,2.4851534622101914,1.8813328650277528,0.35,0.0525,0.0,0.0,constant,0,1,2.0,0.05062976857459562,0.507542025596661,0.15881127516418495,27.286442354228626,14.423000619508416,0.15881127516418495,nan
abc,NCJT-contaminated-1d,contaminated,1,far,NCJT-contaminated-1d/far,0,0.25918210137876985,0.7429969039691202,nan,nan,0.97265625,0.45829736036635743,384,0,0,0,2150400,2155776,0,0.10258160000375938,2.173803857181745,1.7190399719638771,0.35,0.0525,0.0,0.0,abc,0,1,2.0,0.07218811349283166,0.5480016829968529,0.11598020287179497,28.342863032044015,18.002728908195557,0.11286548745261187,nan
abc,NCJT-contaminated-1d,contaminated,1,far,NCJT-contaminated-1d/far,1,0.6025831311666212,1.190412980746142,nan,nan,0.974609375,0.6930530519422451,400,1,0,0,2150400,2155776,0,0.09988629999861587,2.4819353413550367,1.7690886285432543,0.35,0.0525,0.0,0.0,abc,0,1,2.0,0.006994330822840743,0.4665260397639267,0.14148601083408852,20.778096785166696,11.764285076888953,0.17283294080183562,nan
abc,NCJT-contaminated-1d,contaminated,1,far,NCJT-contaminated-1d/far,2,0.4575885658567356,1.0815717356849992,nan,nan,0.9853515625,0.7247458597298352,400,1,0,0,2150400,2155776,0,0.1012514000030933,2.588080109833957,1.9760166713820237,0.35,0.0525,0.0,0.0,abc,0,1,2.0,0.004292674051115942,0.4838309907546998,0.15349034284909685,21.01289717623532,13.088220662469794,0.14580838921930905,nan
abc,NCJT-contaminated-1d,contaminated,1,far,NCJT-contaminated-1d/far,3,0.49353414039086996,1.0935714439332098,nan,nan,0.9755859375,0.4822321395650881,400,1,0,0,2150400,2155776,0,0.1007032000052277,2.5871218570289036,1.9502713875423128,0.35,0.0525,0.0,0.0,abc,0,1,2.0,0.09666463606030672,0.48908812948132974,0.10000790003311222,22.767343428479542,13.316585373675629,0.10968912494050861,nan
abc,NCJT-contaminated-1d,contaminated,1,far,NCJT-contaminated-1d/far,4,0.269672871180032,0.7632783334778792,nan,nan,0.9755859375,0.39820031667678774,378,0,0,0,2150400,2155776,0,0.09679690000484698,2.3821540130095156,1.8500652261186477,0.35,0.0525,0.0,0.0,abc,0,1,2.0,0.08073004589953497,0.5607523598253965,0.10181997142079163,32.02943502970202,17.904988612669715,0.09689234622608843,nan
abc,NCJT-contaminated-1d,contaminated,1,far,NCJT-contaminated-1d/far,5,0.7365116356575316,1.3082020329558945,nan,nan,0.98828125,0.4535899876897949,400,1,0,0,2150400,2155776,0,0.10099140000238549,2.5576974570953688,1.9362507619758593,0.35,0.0525,0.0,0.0,abc,0,1,2.0,0.03405007771517284,0.32193208302986237,0.28850324343038314,21.572746195942777,10.025494457956295,0.27288497262039235,nan
normalized-crossfit,NCJT-contaminated-1d,contaminated,1,far,NCJT-contaminated-1d/far,0,0.14975322400522106,0.6034602975996682,nan,nan,0.95703125,0.273363196207586,363,0,0,0,2150400,2155776,0,0.0934209999977611,1.2031636386478475,0.9514595260358989,0.35,0.0525,0.0,0.0,constant,1,0,2.0,0.13780501641565918,0.546298367528722,0.09757857896956813,35.42326617016815,20.632544708785808,0.09757857896956813,nan
normalized-crossfit,NCJT-contaminated-1d,contaminated,1,far,NCJT-contaminated-1d/far,1,0.33956904877509064,0.9523388100441273,nan,nan,0.95703125,0.6314720265912612,396,0,0,0,2150400,2155776,0,0.09360069999820553,1.5510217675404674,1.1055465168084693,0.35,0.0525,0.0,0.0,constant,1,0,2.0,0.020109875590282034,0.531624604189874,0.10880542963211856,27.56913001835594,16.386026147872915,0.10880542963211856,nan
normalized-crossfit,NCJT-contaminated-1d,contaminated,1,far,NCJT-contaminated-1d/far,2,0.21637246019618295,0.7482987512489103,nan,nan,0.974609375,0.49635199141456493,369,0,0,0,2150400,2155776,0,0.09330310000223108,1.5683431824168583,1.197440629108995,0.35,0.0525,0.0,0.0,constant,1,0,2.0,0.05150821557208793,0.577063876077014,0.04371228532561633,29.9279997880731,19.579454126627024,0.04371228532561633,nan
normalized-crossfit,NCJT-contaminated-1d,contaminated,1,far,NCJT-contaminated-1d/far,3,0.2735357671090948,0.8631963202380447,nan,nan,0.9775390625,0.2867814639095886,398,0,0,0,2150400,2155776,0,0.09264559998700861,1.6074157681664163,1.2117314737309979,0.35,0.0525,0.0,0.0,constant,1,0,2.0,0.1630766838938004,0.5109204646937079,0.034478893409966294,29.06427573626245,20.043427857389872,0.034478893409966294,nan
normalized-crossfit,NCJT-contaminated-1d,contaminated,1,far,NCJT-contaminated-1d/far,4,0.18119437992982723,0.6451478344751359,nan,nan,0.9736328125,0.3944877786086029,366,0,0,0,2150400,2155776,0,0.0943604000058258,1.2537036031850384,0.973670647424687,0.35,0.0525,0.0,0.0,constant,1,0,2.0,0.15923229250237794,0.6301538268862168,0.06358194956792432,33.75251086692451,24.934220798275188,0.06358194956792432,nan
normalized-crossfit,NCJT-contaminated-1d,contaminated,1,far,NCJT-contaminated-1d/far,5,0.43564349015235604,1.0478655764660123,nan,nan,0.966796875,0.3654689771292496,400,1,0,0,2150400,2155776,0,0.09474119999504182,1.5490371948353625,1.1726658446285043,0.35,0.0525,0.0,0.0,constant,1,0,2.0,0.06771020971038158,0.5280030586646549,0.13461563769280538,26.853223155830822,16.32273704700558,0.13461563769280538,nan
paper,NCJT-contaminated-1d,contaminated,1,concentrated,NCJT-contaminated-1d/concentrated,0,0.010590326206486811,0.1879552887318572,nan,nan,0.958984375,0.02488332252291666,1,0,0,0,2150400,2155776,0,0.09266339999157935,0.6416211574112709,0.5215686498523746,0.35,0.0525,0.0,0.0,paper,0,1,,0.36894235175088186,0.5681043039917888,0.017059520923134952,38.46974920266597,30.285868376229423,0.01041832719295166,nan
paper,NCJT-contaminated-1d,contaminated,1,concentrated,NCJT-contaminated-1d/concentrated,1,0.017496370415294393,0.28198115846945226,nan,nan,0.94921875,0.03730484763323134,1,0,0,0,2150400,2155776,0,0.09110439999494702,0.6905268399524644,0.49986561253774675,0.35,0.0525,0.0,0.0,paper,0,1,,0.3568759046638751,0.5560622905148513,0.019591996322045627,35.91214431927811,29.17222380668205,0.00934821090570083,nan
paper,NCJT-contaminated-1d,contaminated,1,concentrated,NCJT-contaminated-1d/concentrated,2,0.01125844885344418,0.22539642181770514,nan,nan,0.9541015625,0.0431726059562283,1,0,0,0,2150400,2155776,0,0.0897745000111172,0.6955096904383351,0.4990301736530662,0.35,0.0525,0.0,0.0,paper,0,1,,0.28852200622492497,0.5939322125976725,0.07550890566551557,38.3693317487021,29.284664550065084,0.04231450870338445,nan
paper,NCJT-contaminated-1d,contaminated,1,concentrated,NCJT-contaminated-1d/concentrated,3,0.011999682424053137,0.23345763979811174,nan,nan,0.951171875,0.02473069977594982,1,0,0,0,2150400,2155776,0,0.09156509999593254,0.6753160522735454,0.5136904019476362,0.35,0.0525,0.0,0.0,paper,0,1,,0.3293572669305703,0.5696408046516162,0.02888621802375655,38.66654451524906,29.476028786287344,0.017667906176688668,nan
paper,NCJT-contaminated-1d,contaminated,1,concentrated,NCJT-contaminated-1d/concentrated,4,0.015573801780235152,0.26333612553995156,nan,nan,0.9482421875,0.021706675163154623,1,0,0,0,2150400,2155776,0,0.09023809999052901,0.6719414820193961,0.5007878599733684,0.35,0.0525,0.0,0.0,paper,0,1,,0.32829788903925594,0.5911272125778573,0.014047880005390666,39.176071784710054,29.252211070344785,0.007587356820083609,nan
paper,NCJT-contaminated-1d,contaminated,1,concentrated,NCJT-contaminated-1d/concentrated,5,0.014243370500800268,0.2453640900950109,nan,nan,0.9443359375,0.023506261473883405,1,0,0,0,2150400,2155776,0,0.091144300007727,0.661342046772551,0.4808559004844971,0.35,0.0525,0.0,0.0,paper,0,1,,0.3297192985752762,0.5786379456296382,0.012165444890217758,37.91380295129211,29.781216799136715,0.006225346438707764,nan
normalized-only,NCJT-contaminated-1d,contaminated,1,concentrated,NCJT-contaminated-1d/concentrated,0,0.018582085566356765,0.2153618961636545,nan,nan,0.984375,0.5102777254844797,1,0,0,0,2150400,2155776,0,0.09314270000322722,2.232025567976911,1.814395533062961,0.35,0.0525,0.0,0.0,constant,0,1,2.0,0.09175913058294242,0.5790445339956212,0.02084026644225083,35.561369312952166,25.771465547048702,0.02084026644225083,nan
normalized-only,NCJT-contaminated-1d,contaminated,1,concentrated,NCJT-contaminated-1d/concentrated,1,0.012540890893436796,0.1324931954517372,nan,nan,0.9794921875,0.5027838063229538,1,0,0,0,2150400,2155776,0,0.09215830000175629,2.2843815649352526,1.6536414287747356,0.35,0.0525,0.0,0.0,constant,0,1,2.0,0.09922354664825021,0.5749326065129332,0.023707100087621488,33.63291147614909,25.187816109084373,0.023707100087621488,nan
normalized-only,NCJT-contaminated-1d,contaminated,1,concentrated,NCJT-contaminated-1d/concentrated,2,0.014709124452832789,0.16239880119873915,nan,nan,0.9736328125,0.5665318061861326,1,0,0,0,2150400,2155776,0,0.09179730000323616,2.317028476119745,1.6624744970388763,0.35,0.0525,0.0,0.0,constant,0,1,2.0,0.08844629588339488,0.609790686195222,0.07316855600817507,36.14518288861298,25.182196353762684,0.07316855600817507,nan
normalized-only,NCJT-contaminated-1d,contaminated,1,concentrated,NCJT-contaminated-1d/concentrated,3,0.013734955061005527,0.14491221305287164,nan,nan,0.9814453125,0.4838486859028476,1,0,0,0,2150400,2155776,0,0.09578750000218861,2.2278125095992616,1.6946226876544919,0.35,0.0525,0.0,0.0,constant,0,1,2.0,0.09104751231416139,0.58459760130177,0.030299467648577553,36.94495054374032,25.637341193616365,0.030299467648577553,nan
normalized-only,NCJT-contaminated-1d,contaminated,1,concentrated,NCJT-contaminated-1d/concentrated,4,0.01369599880547101,0.14476384053053457,nan,nan,0.9814453125,0.2909916740331637,1,0,0,0,2150400,2155776,0,0.09118210000451654,2.2048695214004916,1.6432560255459634,0.35,0.0525,0.0,0.0,constant,0,1,2.0,0.11535851161791741,0.6064072389723182,0.014838096674840796,38.19522694812234,25.385536271550734,0.014838096674840796,nan
normalized-only,NCJT-contaminated-1d,contaminated,1,concentrated,NCJT-contaminated-1d/concentrated,5,0.011605400177811198,0.13074368537545739,nan,nan,0.9794921875,0.4711100958630007,1,0,0,0,2150400,2155776,0,0.09256730000197422,2.206283078281097,1.6041687376569174,0.35,0.0525,0.0,0.0,constant,0,1,2.0,0.11354658607906769,0.6017355680661708,0.011170889195318723,35.42348288832912,25.85021202292586,0.011170889195318723,nan
abc,NCJT-contaminated-1d,contaminated,1,concentrated,NCJT-contaminated-1d/concentrated,0,0.018038822458547266,0.21092293145872462,nan,nan,0.984375,0.5110192255415515,1,0,0,0,2150400,2155776,0,0.10290180001175031,2.2071070306726552,1.7941394556129684,0.35,0.0525,0.0,0.0,abc,0,1,2.0,0.08764223963784289,0.5795660474804042,0.020692678353941958,35.689871432488815,25.93399293190133,0.02068171425262088,nan
abc,NCJT-contaminated-1d,contaminated,1,concentrated,NCJT-contaminated-1d/concentrated,1,0.012189973981744817,0.12967826218994086,nan,nan,0.9794921875,0.5031820288973363,1,0,0,0,2150400,2155776,0,0.09918420000758488,2.256464421696284,1.6334324823615713,0.35,0.0525,0.0,0.0,abc,0,1,2.0,0.0945073654202204,0.5746305721518266,0.02713252641140182,33.81723264668696,25.353570047187446,0.026967981575254624,nan
abc,NCJT-contaminated-1d,contaminated,1,concentrated,NCJT-contaminated-1d/concentrated,2,0.014096788176422237,0.1566119132952569,nan,nan,0.9736328125,0.5580747109656579,1,0,0,0,2150400,2155776,0,0.10356449999380857,2.2859397033978563,1.6401682145192364,0.35,0.0525,0.0,0.0,abc,0,1,2.0,0.08672978526482862,0.6092959249552878,0.073398637544294,36.23776829874298,25.333027330664727,0.0718504246866411,nan
abc,NCJT-contaminated-1d,contaminated,1,concentrated,NCJT-contaminated-1d/concentrated,3,0.013313800567259282,0.1414931571459725,nan,nan,0.9814453125,0.4982065743580632,1,0,0,0,2150400,2155776,0,0.10017279999738093,2.202627334284421,1.675465164614655,0.35,0.0525,0.0,0.0,abc,0,1,2.0,0.08865578657543859,0.584938100498938,0.030047849438571098,37.05340252408431,25.803171688844156,0.030075096549077363,nan
abc,NCJT-contaminated-1d,contaminated,1,concentrated,NCJT-contaminated-1d/concentrated,4,0.01324189439049217,0.14254780351730878,nan,nan,0.9794921875,0.2888049572051375,1,0,0,0,2150400,2155776,0,0.10002509999321774,2.178220162465969,1.623394659954463,0.35,0.0525,0.0,0.0,abc,0,1,2.0,0.1096609838152293,0.6061684530261218,0.014944311984568942,38.294599630318416,25.554807371721278,0.016252972543935276,nan
abc,NCJT-contaminated-1d,contaminated,1,concentrated,NCJT-contaminated-1d/concentrated,5,0.011229727951819202,0.12717340307590203,nan,nan,0.9775390625,0.4725183669402552,1,0,0,0,2150400,2155776,0,0.10095050001109485,2.180409768447124,1.58535648496643,0.35,0.0525,0.0,0.0,abc,0,1,2.0,0.10669754996275717,0.6008706268858894,0.013466988600892085,35.55135655188723,25.98889477469696,0.01100280322166583,nan
normalized-crossfit,NCJT-contaminated-1d,contaminated,1,concentrated,NCJT-contaminated-1d/concentrated,0,0.007605826285404849,0.09275674155636074,nan,nan,0.986328125,0.44826683356400343,1,0,0,0,2150400,2155776,0,0.09209050000936259,1.4143851551192237,1.1497422539854298,0.35,0.0525,0.0,0.0,constant,1,0,2.0,0.3084662479957051,0.5875123001755387,0.07320668684520329,36.81041120177774,25.38403249704556,0.07320668684520329,nan
normalized-crossfit,NCJT-contaminated-1d,contaminated,1,concentrated,NCJT-contaminated-1d/concentrated,1,0.0033566208123350094,0.05886334426729942,nan,nan,0.990234375,0.2618970593044331,1,0,0,0,2150400,2155776,0,0.09802909998688847,1.51436542280938,1.0962342893589838,0.35,0.0525,0.0,0.0,constant,1,0,2.0,0.27660613068611256,0.5780101662934284,0.020632933520272095,33.53195990479926,25.141442874242983,0.020632933520272095,nan
normalized-crossfit,NCJT-contaminated-1d,contaminated,1,concentrated,NCJT-contaminated-1d/concentrated,2,0.0051809275740624106,0.07087678711318805,nan,nan,0.990234375,0.4939098448604039,1,0,0,0,2150400,2155776,0,0.09400919999461621,1.5035642510133007,1.0788116105310177,0.35,0.0525,0.0,0.0,constant,1,0,2.0,0.2075347299314961,0.6328549303994715,0.08917216313578306,37.06947194367423,28.335231186084076,0.08917216313578306,nan
normalized-crossfit,NCJT-contaminated-1d,contaminated,1,concentrated,NCJT-contaminated-1d/concentrated,3,0.0041625275852521515,0.056561992365603206,nan,nan,0.9921875,0.2885366221995577,1,0,0,0,2150400,2155776,0,0.0956671999883838,1.5214895310701986,1.15734635085793,0.35,0.0525,0.0,0.0,constant,1,0,2.0,0.20288662769670762,0.6094706433541905,0.09653292313046014,37.20569835795486,28.463080233213745,0.09653292313046014,nan
normalized-crossfit,NCJT-contaminated-1d,contaminated,1,concentrated,NCJT-contaminated-1d/concentrated,4,0.00544425994507125,0.07641955809751053,nan,nan,0.9921875,0.43756314404384944,1,0,0,0,2150400,2155776,0,0.09197359999234322,1.4803908195249817,1.1033129673823838,0.35,0.0525,0.0,0.0,constant,1,0,2.0,0.22313221154107177,0.5828645612511888,0.06323488794629667,38.344851808293505,26.80802817862914,0.06323488794629667,nan
normalized-crossfit,NCJT-contaminated-1d,contaminated,1,concentrated,NCJT-contaminated-1d/concentrated,5,0.0031727001909025443,0.06751014866151629,nan,nan,0.986328125,0.3782049517249026,1,0,0,0,2150400,2155776,0,0.09014400000160094,1.371883776821765,0.9974844516283713,0.35,0.0525,0.0,0.0,constant,1,0,2.0,0.340804277082707,0.5869682057231135,0.02651190164803985,35.743424974013045,26.540296748176203,0.02651190164803985,nan
paper,NCJT-helix-3d,helix,3,covered,NCJT-helix-3d/covered,0,0.012438077729601815,0.05605300309280445,nan,nan,0.2470703125,0.041137106391494385,1,0,0,0,2150400,2155776,0,0.23211100000480656,1.0117556682834952,1.1199697778163427,0.35,0.0525,0.0,0.0,paper,0,1,,0.41068676354730194,0.5669582273973643,0.06946600862634542,17.50755019573993,14.246314503702354,0.036873558500537494,nan
paper,NCJT-helix-3d,helix,3,covered,NCJT-helix-3d/covered,1,0.012747350266246738,0.05659488457905154,nan,nan,0.13671875,0.05255348810041063,1,0,0,0,2150400,2155776,0,0.23755769999115728,1.0169957182682188,1.1281520964755611,0.35,0.0525,0.0,0.0,paper,0,1,,0.412194042566635,0.5420561978510092,0.09042233212970396,17.592379701331982,14.295811726495266,0.04968938746354121,nan
paper,NCJT-helix-3d,helix,3,covered,NCJT-helix-3d/covered,2,0.01025646010991954,0.047665602298400854,nan,nan,0.2568359375,0.07462306895908861,1,0,0,0,2150400,2155776,0,0.23896200000308454,1.0046243138605095,1.1074510866350842,0.35,0.0525,0.0,0.0,paper,0,1,,0.34667974788333494,0.5576936988768089,0.09914700003680085,19.350993904729044,13.997336484680256,0.060282652290783896,nan
paper,NCJT-helix-3d,helix,3,covered,NCJT-helix-3d/covered,3,0.011059349349616499,0.05186741921758396,nan,nan,0.298828125,0.06325451340491023,1,0,0,0,2150400,2155776,0,0.23504110000794753,1.0167979384511092,1.1199168757219502,0.35,0.0525,0.0,0.0,paper,0,1,,0.4101523079908249,0.5332411074417891,0.10239512498166434,17.31799421530627,14.178637851143296,0.05750738692976049,nan
paper,NCJT-helix-3d,helix,3,covered,NCJT-helix-3d/covered,4,0.01043123399555923,0.04867359700626507,nan,nan,0.2060546875,0.05352603688800083,1,0,0,0,2150400,2155776,0,0.22660049999831244,1.0066902877769068,1.1089221651210397,0.35,0.0525,0.0,0.0,paper,0,1,,0.3771065098491137,0.553273434588192,0.09394148870938324,17.803486194831343,14.240333143312705,0.04871325613884735,nan
paper,NCJT-helix-3d,helix,3,covered,NCJT-helix-3d/covered,5,0.010559943033279895,0.047686519648793786,nan,nan,0.283203125,0.07339376069845119,1,0,0,0,2150400,2155776,0,0.22665529999358114,1.0093202083815838,1.1197415624685707,0.35,0.0525,0.0,0.0,paper,0,1,,0.36969890182271536,0.5476605801758254,0.1254726073990621,17.549534021479367,14.177682190024056,0.06241203495744511,nan
normalized-only,NCJT-helix-3d,helix,3,covered,NCJT-helix-3d/covered,0,0.01628414889027785,0.06560606722595663,nan,nan,0.1826171875,0.07842270316197464,1,0,0,0,2150400,2155776,0,0.24357919998874422,1.051217853928034,1.1636527110322674,0.35,0.0525,0.0,0.0,constant,0,1,2.0,0.32632504811352747,0.5862949222912214,0.07129217761582626,17.517632370876782,15.129779765517135,0.07129217761582626,nan
normalized-only,NCJT-helix-3d,helix,3,covered,NCJT-helix-3d/covered,1,0.014553787264913742,0.06133512504942912,nan,nan,0.19921875,0.09904419439462148,1,0,0,0,2150400,2155776,0,0.23747130000265315,1.042952497665453,1.1569459198601943,0.35,0.0525,0.0,0.0,constant,0,1,2.0,0.3406069766374939,0.5671507610882816,0.09105903216267296,18.127020156979352,15.01730328179038,0.09105903216267296,nan
normalized-only,NCJT-helix-3d,helix,3,covered,NCJT-helix-3d/covered,2,0.013415880796809665,0.0562446298800184,nan,nan,0.2890625,0.1691696429288603,1,0,0,0,2150400,2155776,0,0.24294290000398178,1.0403529048860451,1.1468366225108004,0.35,0.0525,0.0,0.0,constant,0,1,2.0,0.2407941574328229,0.5584056880855457,0.10796521793541557,19.305001363618445,14.67783837871167,0.10796521793541557,nan
normalized-only,NCJT-helix-3d,helix,3,covered,NCJT-helix-3d/covered,3,0.013684057965378082,0.059452434910409774,nan,nan,0.3310546875,0.11554479274071516,1,0,0,0,2150400,2155776,0,0.2460620000056224,1.0593873261405746,1.1668254818435886,0.35,0.0525,0.0,0.0,constant,0,1,2.0,0.31915222644994146,0.5529869825047609,0.10454679166457473,17.670568235915507,14.803720685440643,0.10454679166457473,nan
normalized-only,NCJT-helix-3d,helix,3,covered,NCJT-helix-3d/covered,4,0.012783884284149227,0.05609255980971651,nan,nan,0.2470703125,0.09530663421891566,1,0,0,0,2150400,2155776,0,0.2397013000008883,1.034417866625294,1.1394655478708808,0.35,0.0525,0.0,0.0,constant,0,1,2.0,0.3335299075992009,0.566812369768368,0.0888635702187171,18.05507731580302,14.952915739251791,0.0888635702187171,nan
normalized-only,NCJT-helix-3d,helix,3,covered,NCJT-helix-3d/covered,5,0.013473195296583862,0.056982371298302824,nan,nan,0.3076171875,0.14522616021067267,1,0,0,0,2150400,2155776,0,0.24948899999435525,1.0489927805384434,1.1637543817554252,0.35,0.0525,0.0,0.0,constant,0,1,2.0,0.31897409098652846,0.5545986819748314,0.1311866338734472,17.570538537428085,14.846942173738924,0.1311866338734472,nan
abc,NCJT-helix-3d,helix,3,covered,NCJT-helix-3d/covered,0,0.016351667149739457,0.06621902069125765,nan,nan,0.171875,0.07829072851878732,1,0,0,0,2150400,2155776,0,0.2536113999958616,1.0481570916163991,1.1602645794965916,0.35,0.0525,0.0,0.0,abc,0,1,2.0,0.338238814841225,0.5891521736560642,0.07269596514912083,17.819742908482446,15.317255375143251,0.0705356476973123,nan
abc,NCJT-helix-3d,helix,3,covered,NCJT-helix-3d/covered,1,0.014485220144764055,0.06126309606363362,nan,nan,0.193359375,0.0975820430564819,1,0,0,0,2150400,2155776,0,0.2560953000065638,1.0400923952020011,1.153773211723554,0.35,0.0525,0.0,0.0,abc,0,1,2.0,0.3361498310324168,0.5768737051320398,0.09028460030690363,18.316459173283885,15.1838528203435,0.08830145330126715,nan
abc,NCJT-helix-3d,helix,3,covered,NCJT-helix-3d/covered,2,0.013642630234628195,0.05708190636461753,nan,nan,0.2802734375,0.16701558171266198,1,0,0,0,2150400,2155776,0,0.2527146000065841,1.0404575438438328,1.1469519716277863,0.35,0.0525,0.0,0.0,abc,0,1,2.0,0.2396180812355474,0.5654809598552674,0.1108488402819411,19.407804156021562,14.919263821018628,0.1076687118377269,nan
abc,NCJT-helix-3d,helix,3,covered,NCJT-helix-3d/covered,3,0.013733965850354801,0.060132453345265256,nan,nan,0.3369140625,0.11305451041272922,1,0,0,0,2150400,2155776,0,0.25327180000022054,1.0580706614921431,1.165375287165095,0.35,0.0525,0.0,0.0,abc,0,1,2.0,0.32044074066276435,0.5559154195374769,0.10537725363858702,17.833833528896612,15.177183874510034,0.10133443555452426,nan
abc,NCJT-helix-3d,helix,3,covered,NCJT-helix-3d/covered,4,0.012820562851268091,0.05606639521611367,nan,nan,0.2353515625,0.09335473616922517,1,0,0,0,2150400,2155776,0,0.24722679999831598,1.032235185867477,1.1370612105080247,0.35,0.0525,0.0,0.0,abc,0,1,2.0,0.34044399600995884,0.5576768128081534,0.08758591740800761,18.228022243659282,15.162054430809382,0.08834813221730793,nan
abc,NCJT-helix-3d,helix,3,covered,NCJT-helix-3d/covered,5,0.013704623663370441,0.05781567774257229,nan,nan,0.2685546875,0.14190249270954036,1,0,0,0,2150400,2155776,0,0.25125290000869427,1.048587476234758,1.1633047364689095,0.35,0.0525,0.0,0.0,abc,0,1,2.0,0.3230910003013906,0.5521683621899476,0.13287526675585742,17.7461227467724,15.092876784263341,0.1270141456204116,nan
normalized-crossfit,NCJT-helix-3d,helix,3,covered,NCJT-helix-3d/covered,0,0.004230459275476939,0.03238868170754416,nan,nan,0.84375,0.16020922973229612,1,0,0,0,2150400,2155776,0,0.24276039999676868,0.9054832817779903,1.0023308410318217,0.35,0.0525,0.0,0.0,constant,1,0,2.0,0.4011407122641398,0.5387183680700123,0.15059921050449482,15.741561385184147,12.605534504155349,0.15059921050449482,nan
normalized-crossfit,NCJT-helix-3d,helix,3,covered,NCJT-helix-3d/covered,1,0.0029771109741034696,0.027771580395409966,nan,nan,0.7587890625,0.13192202566146646,1,0,0,0,2150400,2155776,0,0.2448154000012437,0.9038882519855932,1.002682123572362,0.35,0.0525,0.0,0.0,constant,1,0,2.0,0.39118802081723913,0.5730364512901893,0.09646977783150362,16.487517418876987,12.080883478631073,0.09646977783150362,nan
normalized-crossfit,NCJT-helix-3d,helix,3,covered,NCJT-helix-3d/covered,2,0.004030531543721905,0.033719232033805814,nan,nan,0.8095703125,0.18609824435726927,1,0,0,0,2150400,2155776,0,0.23458169998775702,0.8924331081665995,0.9837767230521693,0.35,0.0525,0.0,0.0,constant,1,0,2.0,0.3767727514971657,0.580263247642344,0.13338699561741918,18.884160100316727,11.974863982892654,0.13338699561741918,nan
normalized-crossfit,NCJT-helix-3d,helix,3,covered,NCJT-helix-3d/covered,3,0.0032882219277445834,0.029644316569486438,nan,nan,0.8349609375,0.14114709311692425,1,0,0,0,2150400,2155776,0,0.24536369999987073,0.9043673497659759,0.9960840974930353,0.35,0.0525,0.0,0.0,constant,1,0,2.0,0.41985394738747106,0.5025614483445586,0.127633201855257,16.588079838227415,12.288892644443173,0.127633201855257,nan
normalized-crossfit,NCJT-helix-3d,helix,3,covered,NCJT-helix-3d/covered,4,0.0032194473043620775,0.027519560410966974,nan,nan,0.80078125,0.14027992833161892,1,0,0,0,2150400,2155776,0,0.2505678000015905,0.8991775338506873,0.9904912263213103,0.35,0.0525,0.0,0.0,constant,1,0,2.0,0.46163582292857736,0.5559832271616534,0.11403984791260674,17.06755313269388,11.663553755136046,0.11403984791260674,nan
normalized-crossfit,NCJT-helix-3d,helix,3,covered,NCJT-helix-3d/covered,5,0.003192358712068355,0.028292966134902574,nan,nan,0.8203125,0.18406994976633612,1,0,0,0,2150400,2155776,0,0.24777200000244193,0.9012696895494577,0.9998701323932466,0.35,0.0525,0.0,0.0,constant,1,0,2.0,0.40593519255784904,0.5279096378829311,0.1760052746658014,16.76687817702254,12.611228121630903,0.1760052746658014,nan
paper,NCJT-helix-3d,helix,3,missing,NCJT-helix-3d/missing,0,0.01327457228614115,0.059203423356984156,nan,nan,0.20703125,0.06448165930352918,45,0,0,0,2150400,2155776,0,0.24260329999378882,1.0263468186674771,1.1304073988079684,0.35,0.0525,0.0,0.0,paper,0,1,,0.35946988674724,0.5222878952965786,0.10901395229499125,18.087647032629,14.153249755443328,0.061256207688497266,nan
paper,NCJT-helix-3d,helix,3,missing,NCJT-helix-3d/missing,1,0.013382900632281203,0.05357350004933817,nan,nan,0.224609375,0.059418953283655256,50,0,0,0,2150400,2155776,0,0.24925530000473373,1.0192955870541802,1.131077310023134,0.35,0.0525,0.0,0.0,paper,0,1,,0.3910591337452679,0.5326219052980337,0.0955270005534743,17.773934945216997,14.660415499234393,0.049583467752267504,nan
paper,NCJT-helix-3d,helix,3,missing,NCJT-helix-3d/missing,2,0.014552896533448045,0.05975026349248343,nan,nan,0.2373046875,0.061366243344297536,52,0,0,0,2150400,2155776,0,0.24266350000107195,1.0240927819708092,1.134690959396841,0.35,0.0525,0.0,0.0,paper,0,1,,0.35963535790654755,0.5575318350347664,0.09118361617676968,18.4899784220125,14.55522105593814,0.05132702270819877,nan
paper,NCJT-helix-3d,helix,3,missing,NCJT-helix-3d/missing,3,0.013100095866771078,0.05374100829937861,nan,nan,0.19140625,0.060571416280526716,60,0,0,0,2150400,2155776,0,0.2410546000028262,1.0230414417227984,1.131905413472982,0.35,0.0525,0.0,0.0,paper,0,1,,0.33781853291201447,0.5510281899292813,0.09396507457990158,18.975960097603195,14.712240501193028,0.046990273384161646,nan
paper,NCJT-helix-3d,helix,3,missing,NCJT-helix-3d/missing,4,0.013022793264926502,0.05528972375310356,nan,nan,0.2138671875,0.047580014493008305,53,0,0,0,2150400,2155776,0,0.23882500000763685,1.0254743591394682,1.129617012017537,0.35,0.0525,0.0,0.0,paper,0,1,,0.3327188156735117,0.5592828659793777,0.07672308113711003,18.929104486901096,14.958184220469459,0.04166863202133066,nan
paper,NCJT-helix-3d,helix,3,missing,NCJT-helix-3d/missing,5,0.01615746434433052,0.06579174582851546,nan,nan,0.29296875,0.05008173074589732,62,0,0,0,2150400,2155776,0,0.23971150000579655,1.0386217350468034,1.149007084588272,0.35,0.0525,0.0,0.0,paper,0,1,,0.3742275506341136,0.5610528313172001,0.07522442649409616,17.75774219268186,14.575316601003959,0.03895988343984712,nan
normalized-only,NCJT-helix-3d,helix,3,missing,NCJT-helix-3d/missing,0,0.014444823970609644,0.061747865287395995,nan,nan,0.234375,0.11875326023976504,25,0,0,0,2150400,2155776,0,0.2466807000018889,1.0489086029683152,1.155256706507961,0.35,0.0525,0.0,0.0,constant,0,1,2.0,0.3006872468470898,0.5585067409032681,0.11102303882216202,17.945788254874138,14.722075316477769,0.11102303882216202,nan
normalized-only,NCJT-helix-3d,helix,3,missing,NCJT-helix-3d/missing,1,0.014591658415883169,0.05817000726351515,nan,nan,0.2744140625,0.10862916889713285,28,0,0,0,2150400,2155776,0,0.2451320999971358,1.0425413385026274,1.1568723221390633,0.35,0.0525,0.0,0.0,constant,0,1,2.0,0.34176763303170465,0.5441112995668487,0.09411812728494257,18.086197242041152,15.148076688844629,0.09411812728494257,nan
normalized-only,NCJT-helix-3d,helix,3,missing,NCJT-helix-3d/missing,2,0.01612876613381431,0.06543979002302198,nan,nan,0.283203125,0.10961972312987273,29,0,0,0,2150400,2155776,0,0.2402715999924112,1.0528512452349574,1.166555228774052,0.35,0.0525,0.0,0.0,constant,0,1,2.0,0.3186635424959206,0.5800865772808473,0.0888307036927874,18.648024948083346,15.066597200628571,0.0888307036927874,nan
normalized-only,NCJT-helix-3d,helix,3,missing,NCJT-helix-3d/missing,3,0.014296462677527044,0.05780437834848061,nan,nan,0.263671875,0.11164384965407151,33,0,0,0,2150400,2155776,0,0.24466539999411907,1.0470072538134898,1.1584214775710775,0.35,0.0525,0.0,0.0,constant,0,1,2.0,0.279099712828789,0.5447472080255562,0.09788083033558731,19.026772564614596,15.06608115702937,0.09788083033558731,nan
normalized-only,NCJT-helix-3d,helix,3,missing,NCJT-helix-3d/missing,4,0.013729875453631024,0.058307989197524605,nan,nan,0.2802734375,0.09623250529355508,29,0,0,0,2150400,2155776,0,0.24548789999971632,1.0435552237920611,1.149534089535394,0.35,0.0525,0.0,0.0,constant,0,1,2.0,0.3117409100870389,0.5727041923365858,0.07496547983472404,19.114241134710078,15.413091482945868,0.07496547983472404,nan
normalized-only,NCJT-helix-3d,helix,3,missing,NCJT-helix-3d/missing,5,0.017842957934337766,0.07275109835452546,nan,nan,0.2783203125,0.09491016111475314,34,0,0,0,2150400,2155776,0,0.24694989999989048,1.0703065045344498,1.1840593306431952,0.35,0.0525,0.0,0.0,constant,0,1,2.0,0.33761790181562673,0.55508609664135,0.07602123576591911,17.775422334578277,14.930328515928515,0.07602123576591911,nan
abc,NCJT-helix-3d,helix,3,missing,NCJT-helix-3d/missing,0,0.014255135483886017,0.06091144443694257,nan,nan,0.208984375,0.11678388289443048,25,0,0,0,2150400,2155776,0,0.23840139999811072,1.044357418776222,1.1502440809602348,0.35,0.0525,0.0,0.0,abc,0,1,2.0,0.3007406871814378,0.5435069713850531,0.1117172107678642,18.107146292248707,15.082606414554938,0.11119917113022189,nan
abc,NCJT-helix-3d,helix,3,missing,NCJT-helix-3d/missing,1,0.014541011419437533,0.058302919176774264,nan,nan,0.255859375,0.10590999939604204,28,0,0,0,2150400,2155776,0,0.2599989000009373,1.0405846455608672,1.1547010471750427,0.35,0.0525,0.0,0.0,abc,0,1,2.0,0.33928519696848086,0.5486231560152048,0.09470088981303129,18.281795862395402,15.520810388593395,0.09185269130812647,nan
abc,NCJT-helix-3d,helix,3,missing,NCJT-helix-3d/missing,2,0.015802426517612433,0.06455645174280565,nan,nan,0.28515625,0.10886043991847254,29,0,0,0,2150400,2155776,0,0.2549097000010079,1.0479250179809019,1.1610969874627968,0.35,0.0525,0.0,0.0,abc,0,1,2.0,0.31343919743119336,0.5769593985023103,0.09354996057386494,18.599896228346054,15.34110224074038,0.08748545164572308,nan
abc,NCJT-helix-3d,helix,3,missing,NCJT-helix-3d/missing,3,0.014057417447378207,0.05746215345922794,nan,nan,0.25390625,0.1080911133931272,33,0,0,0,2150400,2155776,0,0.2487392000039108,1.0435979701038027,1.1546494048771683,0.35,0.0525,0.0,0.0,abc,0,1,2.0,0.28113291757701564,0.5506965096889503,0.09977013500085588,18.962210555466637,15.283067695753338,0.09193054271980647,nan
abc,NCJT-helix-3d,helix,3,missing,NCJT-helix-3d/missing,4,0.01365494550707802,0.05769407085321712,nan,nan,0.2861328125,0.09525828711085006,29,0,0,0,2150400,2155776,0,0.2448556000017561,1.0418017017524115,1.1476024875316169,0.35,0.0525,0.0,0.0,abc,0,1,2.0,0.3003043071456981,0.5733023859625981,0.07528228389139568,19.3461062663013,15.527283674309018,0.07406028870178916,nan
abc,NCJT-helix-3d,helix,3,missing,NCJT-helix-3d/missing,5,0.017379654350957896,0.0715307008610156,nan,nan,0.287109375,0.09371115555159713,33,0,0,0,2150400,2155776,0,0.24179189999995288,1.0614277639750416,1.1742369521383573,0.35,0.0525,0.0,0.0,abc,0,1,2.0,0.3436863258553539,0.5531910087442095,0.07806457658598272,18.096576296510115,15.079202900587653,0.0753691002514003,nan
normalized-crossfit,NCJT-helix-3d,helix,3,missing,NCJT-helix-3d/missing,0,0.0036588769751235706,0.03090934913062363,nan,nan,0.7392578125,0.18158138800228524,28,0,0,0,2150400,2155776,0,0.2586001000017859,0.8994491273884103,0.9906436401013891,0.35,0.0525,0.0,0.0,constant,1,0,2.0,0.4355607971200571,0.5496130052286552,0.16819935395447672,17.226311689278532,12.51236141857634,0.16819935395447672,nan
normalized-crossfit,NCJT-helix-3d,helix,3,missing,NCJT-helix-3d/missing,1,0.0038873245472408335,0.030076258850799713,nan,nan,0.7392578125,0.175625572125078,32,0,0,0,2150400,2155776,0,0.24058859999058768,0.9091017266653363,1.0087989672414406,0.35,0.0525,0.0,0.0,constant,1,0,2.0,0.45617743178198905,0.537011569849023,0.16273522510511057,16.593933651333302,12.358810134770396,0.16273522510511057,nan
normalized-crossfit,NCJT-helix-3d,helix,3,missing,NCJT-helix-3d/missing,2,0.004683261656679427,0.034958089405447985,nan,nan,0.7744140625,0.16784694388225796,33,0,0,0,2150400,2155776,0,0.23618369999167044,0.902727534919563,1.0002187211012112,0.35,0.0525,0.0,0.0,constant,1,0,2.0,0.37032866273323806,0.542146642030392,0.15658231626287156,17.381370069015986,11.911096289796422,0.15658231626287156,nan
normalized-crossfit,NCJT-helix-3d,helix,3,missing,NCJT-helix-3d/missing,3,0.0033733615669657713,0.028556203453803056,nan,nan,0.71875,0.143193359171636,37,0,0,0,2150400,2155776,0,0.2363815999997314,0.9059669119340942,1.0023727389955144,0.35,0.0525,0.0,0.0,constant,1,0,2.0,0.40624721629734684,0.5570326043384213,0.12058405602074743,18.21110621042891,12.424392523587233,0.12058405602074743,nan
normalized-crossfit,NCJT-helix-3d,helix,3,missing,NCJT-helix-3d/missing,4,0.0031613504161907002,0.028501183613321192,nan,nan,0.7734375,0.14078396048433556,34,0,0,0,2150400,2155776,0,0.23725979999289848,0.8939026173616303,0.9846834244651929,0.35,0.0525,0.0,0.0,constant,1,0,2.0,0.4292395890978471,0.5644368891925782,0.11491473985075906,17.75977893637504,12.271607532583785,0.11491473985075906,nan
normalized-crossfit,NCJT-helix-3d,helix,3,missing,NCJT-helix-3d/missing,5,0.005048924868436666,0.035018474117283684,nan,nan,0.763671875,0.16316401952324067,39,0,0,0,2150400,2155776,0,0.2344814999960363,0.9093693858670893,1.006017717145007,0.35,0.0525,0.0,0.0,constant,1,0,2.0,0.4330732864022929,0.5575170515450658,0.11059857651182757,16.67510995367811,11.832290041549385,0.11059857651182757,nan
paper,NCJT-helix-3d,helix,3,far,NCJT-helix-3d/far,0,4.628304701344924,1.4226130409757152,nan,nan,0.0,0.05227407686579954,400,1,0,0,2150400,2155776,0,0.2358712999994168,0.9671475602538734,1.07445310763581,0.35,0.0525,0.0,0.0,paper,0,1,,0.0017930468905564647,0.004312358989223981,2.88410916709463,25.62328799342953,36.994934413739756,0.012437430307631904,nan
paper,NCJT-helix-3d,helix,3,far,NCJT-helix-3d/far,1,4.491564773808352,1.7143542154309535,nan,nan,0.0166015625,0.10454537816825114,400,1,0,0,2150400,2155776,0,0.23279729999194387,1.01508079468382,1.1260183743725425,0.35,0.0525,0.0,0.0,paper,0,1,,0.0011055022428306824,0.003186399520711429,3.0106342536967894,34.29312097432171,33.59494389881058,0.009593242002014515,nan
paper,NCJT-helix-3d,helix,3,far,NCJT-helix-3d/far,2,4.754890628028448,1.6862493253921473,nan,nan,0.0009765625,0.13319781960257357,400,1,0,0,2150400,2155776,0,0.24577619999763556,0.761201594901914,0.8417775774005011,0.35,0.0525,0.0,0.0,paper,0,1,,0.0011489161528069139,0.0025007410211610346,3.1073846878326767,30.310717896404043,36.95451030139583,0.007737034789068923,nan
paper,NCJT-helix-3d,helix,3,far,NCJT-helix-3d/far,3,5.3582992031605965,2.101655097278624,nan,nan,0.0,0.03352572540556682,400,1,0,0,2150400,2155776,0,0.2412287000042852,0.653824595842228,0.7235011616382142,0.35,0.0525,0.0,0.0,paper,0,1,,0.0012057402935824483,0.0027294274102667576,3.132108761899217,30.928210266148,41.17712653548211,0.008548880703136435,nan
paper,NCJT-helix-3d,helix,3,far,NCJT-helix-3d/far,4,4.7181497481357955,1.7317655955608438,nan,nan,0.0048828125,0.10831796619585114,400,1,0,0,2150400,2155776,0,0.22989919999963604,0.9152300867722947,1.0125003684601648,0.35,0.0525,0.0,0.0,paper,0,1,,0.0012432281769556752,0.002611764010043701,3.0457178434724184,33.348303900109016,37.60117574959057,0.007954672800928689,nan
paper,NCJT-helix-3d,helix,3,far,NCJT-helix-3d/far,5,4.721393420353709,1.4023571660740684,nan,nan,0.0,0.06388479864595907,400,1,0,0,2150400,2155776,0,0.23427600000286475,0.9901891166360608,1.0962754219736008,0.35,0.0525,0.0,0.0,paper,0,1,,0.0014499101377989905,0.0032502179207291983,3.03984699544894,31.046754321866445,38.07339607615866,0.00988022662327104,nan
normalized-only,NCJT-helix-3d,helix,3,far,NCJT-helix-3d/far,0,0.017302415073918498,0.0741930772529191,nan,nan,0.2529296875,0.10405657044607346,96,0,0,0,2150400,2155776,0,0.24898419999226462,1.0610364948749686,1.1787590705746718,0.35,0.0525,0.0,0.0,constant,0,1,2.0,0.27629875672369597,0.5807411927266419,0.06983313985931539,18.8527192838513,15.233736588135422,0.06983313985931539,nan
normalized-only,NCJT-helix-3d,helix,3,far,NCJT-helix-3d/far,1,0.014648334792267681,0.0609241505139866,nan,nan,0.23828125,0.1338836994772123,95,0,0,0,2150400,2155776,0,0.23756649999995716,1.037693357334141,1.1511022506208786,0.35,0.0525,0.0,0.0,constant,0,1,2.0,0.34042789979454346,0.5571665390023797,0.12137493315150324,18.5854076181028,14.872363781617034,0.12137493315150324,nan
normalized-only,NCJT-helix-3d,helix,3,far,NCJT-helix-3d/far,2,0.016985538674986422,0.06687104948506571,nan,nan,0.173828125,0.080311049520881,92,0,0,0,2150400,2155776,0,0.23182250000536442,1.067868247036946,1.1809060201581825,0.35,0.0525,0.0,0.0,constant,0,1,2.0,0.2855284435666269,0.5882699585254789,0.07401191525805592,18.796756248300895,15.383253065572626,0.07401191525805592,nan
normalized-only,NCJT-helix-3d,helix,3,far,NCJT-helix-3d/far,3,0.016953128000961604,0.06801157016623702,nan,nan,0.3037109375,0.07316013648069698,102,0,0,0,2150400,2155776,0,0.24600899999495596,1.072180141153212,1.1864398839424517,0.35,0.0525,0.0,0.0,constant,0,1,2.0,0.26948640987839423,0.6058903379147453,0.0616958044634916,18.20747580808118,14.775314300827901,0.0616958044634916,nan
normalized-only,NCJT-helix-3d,helix,3,far,NCJT-helix-3d/far,4,0.014695142024103047,0.06259693146507889,nan,nan,0.2578125,0.08713844895268705,93,0,0,0,2150400,2155776,0,0.23949720000382513,1.0430756108428358,1.153933262874628,0.35,0.0525,0.0,0.0,constant,0,1,2.0,0.3056536980170015,0.574674126176099,0.07980077162132163,18.375356876730464,14.968636283227049,0.07980077162132163,nan
normalized-only,NCJT-helix-3d,helix,3,far,NCJT-helix-3d/far,5,0.01327964492113165,0.05569906221391879,nan,nan,0.2548828125,0.10041792390938462,93,0,0,0,2150400,2155776,0,0.2365989000099944,1.0362500740198368,1.1472712314043831,0.35,0.0525,0.0,0.0,constant,0,1,2.0,0.3505135569847542,0.5420985191930829,0.09867046957352052,18.430823353735924,14.985085392952545,0.09867046957352052,nan
abc,NCJT-helix-3d,helix,3,far,NCJT-helix-3d/far,0,0.016937941795133415,0.07314029779193744,nan,nan,0.2392578125,0.10281533400687966,96,0,0,0,2150400,2155776,0,0.24279040000692476,1.0542426572790349,1.1712114530055309,0.35,0.0525,0.0,0.0,abc,0,1,2.0,0.2952764156874742,0.5811217435001371,0.07000703209867376,18.932626927120424,15.416984491232945,0.07001938230720824,nan
abc,NCJT-helix-3d,helix,3,far,NCJT-helix-3d/far,1,0.014506317022618509,0.06114000291595993,nan,nan,0.2294921875,0.13155650631989377,95,0,0,0,2150400,2155776,0,0.2580967999965651,1.0354605314169898,1.1486254004798309,0.35,0.0525,0.0,0.0,abc,0,1,2.0,0.3413773740512378,0.5540211398126875,0.12350346618728272,18.621715772052312,15.203411651576285,0.11417766336371465,nan
abc,NCJT-helix-3d,helix,3,far,NCJT-helix-3d/far,2,0.01665567579134586,0.06596028022423223,nan,nan,0.1611328125,0.07979575424027513,92,0,0,0,2150400,2155776,0,0.2575513000047067,1.0606620902394208,1.1729370652163964,0.35,0.0525,0.0,0.0,abc,0,1,2.0,0.2814680119975021,0.58552254198517,0.07240468862750074,19.02852544211164,15.427448448732438,0.0729813865122548,nan
abc,NCJT-helix-3d,helix,3,far,NCJT-helix-3d/far,3,0.016783360233905587,0.06766360121342473,nan,nan,0.310546875,0.0728246290073014,102,0,0,0,2150400,2155776,0,0.24676110000291374,1.0685517859864788,1.182424863408411,0.35,0.0525,0.0,0.0,abc,0,1,2.0,0.2748063465431898,0.6049813344711125,0.06106836757933899,18.157987857042347,15.054435133617186,0.059798147160579004,nan
abc,NCJT-helix-3d,helix,3,far,NCJT-helix-3d/far,4,0.014602937653964032,0.062289313947945936,nan,nan,0.2578125,0.08763625360701192,94,0,0,0,2150400,2155776,0,0.26024319999851286,1.0414935231696525,1.1521830315664727,0.35,0.0525,0.0,0.0,abc,0,1,2.0,0.30394235623646226,0.5715382445884174,0.0779050382590973,18.393559257714905,15.163724749779274,0.07540758777022495,nan
abc,NCJT-helix-3d,helix,3,far,NCJT-helix-3d/far,5,0.013028360699058217,0.055276677181215775,nan,nan,0.21875,0.09875986151977353,93,0,0,0,2150400,2155776,0,0.24631660000886768,1.0310080169326954,1.141467553855655,0.35,0.0525,0.0,0.0,abc,0,1,2.0,0.35664140125461,0.5423180484083145,0.09753890036729057,18.635627602453997,15.20893062786481,0.09563921484121674,nan
normalized-crossfit,NCJT-helix-3d,helix,3,far,NCJT-helix-3d/far,0,0.005385685063582724,0.03760648116149744,nan,nan,0.7001953125,0.16867042276502225,104,0,0,0,2150400,2155776,0,0.2361598999996204,0.9049689355069449,1.005375730683816,0.35,0.0525,0.0,0.0,constant,1,0,2.0,0.4217164116853605,0.5732179634659591,0.1273267128068021,17.067155919677006,12.353142546342099,0.1273267128068021,nan
normalized-crossfit,NCJT-helix-3d,helix,3,far,NCJT-helix-3d/far,1,0.004721827753364494,0.037233339912190924,nan,nan,0.646484375,0.17304722665486688,103,0,0,0,2150400,2155776,0,0.23936150000372436,0.8980804185012917,0.9962310962760609,0.35,0.0525,0.0,0.0,constant,1,0,2.0,0.4277324438770701,0.5549569403259886,0.15057518190489622,17.439550762321538,11.526494480565272,0.15057518190489622,nan
normalized-crossfit,NCJT-helix-3d,helix,3,far,NCJT-helix-3d/far,2,0.0037085701555594763,0.031421794066129334,nan,nan,0.6865234375,0.13472888030601388,100,0,0,0,2150400,2155776,0,0.23338380000495818,0.9029094910672626,0.998485774455658,0.35,0.0525,0.0,0.0,constant,1,0,2.0,0.43844147924485594,0.5507737372676876,0.08895576832459684,17.57693022839218,11.35060751901539,0.08895576832459684,nan
normalized-crossfit,NCJT-helix-3d,helix,3,far,NCJT-helix-3d/far,3,0.0050435415656395755,0.03488119707207408,nan,nan,0.7001953125,0.12255574291043166,109,0,0,0,2150400,2155776,0,0.2432115999981761,0.9016092851155768,0.997691688677811,0.35,0.0525,0.0,0.0,constant,1,0,2.0,0.43974586017627504,0.558859196993811,0.09924832500702216,16.90256747378414,12.41264203372216,0.09924832500702216,nan
normalized-crossfit,NCJT-helix-3d,helix,3,far,NCJT-helix-3d/far,4,0.00399135757054947,0.03265303351430655,nan,nan,0.66015625,0.1316410610466025,98,0,0,0,2150400,2155776,0,0.2454548999958206,0.9049284800108914,1.0011039111185613,0.35,0.0525,0.0,0.0,constant,1,0,2.0,0.45613841162917224,0.5727666771564268,0.12954962644168924,17.5378578894442,11.703007206445672,0.12954962644168924,nan
normalized-crossfit,NCJT-helix-3d,helix,3,far,NCJT-helix-3d/far,5,0.002833072446510876,0.0270269137651086,nan,nan,0.755859375,0.25875156297522645,100,0,0,0,2150400,2155776,0,0.23770599999988917,0.8981024991640421,0.9943228820686774,0.35,0.0525,0.0,0.0,constant,1,0,2.0,0.31985328655569145,0.5679119461307571,0.1440612615567286,17.000293749348277,13.289964174079536,0.1440612615567286,nan
paper,NCJT-helix-3d,helix,3,concentrated,NCJT-helix-3d/concentrated,0,0.011986908311011124,0.05331798851570972,nan,nan,0.19140625,0.06280036514045247,202,0,0,0,2150400,2155776,0,0.24417520000133663,1.0086966766107333,1.1122720140315137,0.35,0.0525,0.0,0.0,paper,0,1,,0.3607111768102259,0.5264605758622989,0.09764179320548949,19.585243510424398,14.58562493098357,0.05420678307354361,nan
paper,NCJT-helix-3d,helix,3,concentrated,NCJT-helix-3d/concentrated,1,0.011508582319522676,0.05584592886676781,nan,nan,0.216796875,0.05122878246591002,199,0,0,0,2150400,2155776,0,0.2422488999873167,1.000024961850882,1.102175076457219,0.35,0.0525,0.0,0.0,paper,0,1,,0.371545617265401,0.5322221352450907,0.08416768017591458,18.333699547197185,14.375097670469177,0.04398151664090816,nan
paper,NCJT-helix-3d,helix,3,concentrated,NCJT-helix-3d/concentrated,2,0.012733285477053657,0.053924052560425546,nan,nan,0.23828125,0.053902061165239615,204,0,0,0,2150400,2155776,0,0.2478460999991512,1.0120311770524903,1.1255990754161904,0.35,0.0525,0.0,0.0,paper,0,1,,0.36118217339551517,0.5636833280746774,0.10022743588305391,18.67393658514797,14.925270623524142,0.04955145125030729,nan
paper,NCJT-helix-3d,helix,3,concentrated,NCJT-helix-3d/concentrated,3,0.012553132281672097,0.05362519829193132,nan,nan,0.267578125,0.05746727547428574,198,0,0,0,2150400,2155776,0,0.24067889999423642,1.0025405559074771,1.1049255960447213,0.35,0.0525,0.0,0.0,paper,0,1,,0.3849634834567671,0.5475218984496398,0.08853232886163583,18.06169078407902,14.302115478324623,0.04912557069364124,nan
paper,NCJT-helix-3d,helix,3,concentrated,NCJT-helix-3d/concentrated,4,0.013613264103768064,0.061914983076845766,nan,nan,0.16796875,0.05137879926134397,197,0,0,0,2150400,2155776,0,0.23933530000795145,1.0130798253757498,1.1191084507015752,0.35,0.0525,0.0,0.0,paper,0,1,,0.35752567583276457,0.55642516151004,0.07110241570440852,19.01161108416366,14.378144978107315,0.040619999800392645,nan
paper,NCJT-helix-3d,helix,3,concentrated,NCJT-helix-3d/concentrated,5,0.013048378426896656,0.05472810836426713,nan,nan,0.1875,0.044812542187351444,196,0,0,0,2150400,2155776,0,0.2438648999959696,1.0154403688184315,1.1207149142763217,0.35,0.0525,0.0,0.0,paper,0,1,,0.3377945209390837,0.5862720604072426,0.053986989726572426,17.77199471733448,15.150841682776395,0.03156946999927474,nan
normalized-only,NCJT-helix-3d,helix,3,concentrated,NCJT-helix-3d/concentrated,0,0.013819699134826058,0.05574257397223244,nan,nan,0.2734375,0.12209034040617617,92,0,0,0,2150400,2155776,0,0.2462929999892367,1.0438212726756206,1.1510032858925516,0.35,0.0525,0.0,0.0,constant,0,1,2.0,0.3572505671528742,0.5610706395306169,0.09465178813816114,19.1784184844229,14.834703978687928,0.09465178813816114,nan
normalized-only,NCJT-helix-3d,helix,3,concentrated,NCJT-helix-3d/concentrated,1,0.015389791918731799,0.06699959259947702,nan,nan,0.263671875,0.09763799412358436,90,0,0,0,2150400,2155776,0,0.23785119999956805,1.0515698041465982,1.1589850988721668,0.35,0.0525,0.0,0.0,constant,0,1,2.0,0.2513467156746012,0.5762769145939739,0.08318066714449845,18.44143323496107,15.418245716548475,0.08318066714449845,nan
normalized-only,NCJT-helix-3d,helix,3,concentrated,NCJT-helix-3d/concentrated,2,0.015827232150804615,0.06154880419530412,nan,nan,0.3173828125,0.09880704154118741,92,0,0,0,2150400,2155776,0,0.2397021000069799,1.0547363180288436,1.173096492776889,0.35,0.0525,0.0,0.0,constant,0,1,2.0,0.302091267335251,0.5572273294858227,0.088670926413119,18.309331915760676,15.083583318572849,0.088670926413119,nan
normalized-only,NCJT-helix-3d,helix,3,concentrated,NCJT-helix-3d/concentrated,3,0.015101559418763788,0.0627219088304024,nan,nan,0.3310546875,0.10398571057356201,90,0,0,0,2150400,2155776,0,0.23710869999194983,1.0461530504808216,1.1529920421126618,0.35,0.0525,0.0,0.0,constant,0,1,2.0,0.291163503393692,0.5833443571155754,0.08696825220714222,18.20608201085031,14.683082391744815,0.08696825220714222,nan
normalized-only,NCJT-helix-3d,helix,3,concentrated,NCJT-helix-3d/concentrated,4,0.016567255074873444,0.06739187297088,nan,nan,0.25,0.09768463643880365,89,0,0,0,2150400,2155776,0,0.24379819999739993,1.061714391041597,1.1728330951664505,0.35,0.0525,0.0,0.0,constant,0,1,2.0,0.32375650189288346,0.5645152958228947,0.06692284153886488,18.20781875390726,14.96003053501337,0.06692284153886488,nan
normalized-only,NCJT-helix-3d,helix,3,concentrated,NCJT-helix-3d/concentrated,5,0.015089796699921942,0.06028356461750742,nan,nan,0.3076171875,0.07789854544798974,89,0,0,0,2150400,2155776,0,0.2480725000059465,1.0505609574911339,1.1594765872728967,0.35,0.0525,0.0,0.0,constant,0,1,2.0,0.2711651801712358,0.5937935161141303,0.06493975455852258,17.6999081393992,15.145686068378229,0.06493975455852258,nan
abc,NCJT-helix-3d,helix,3,concentrated,NCJT-helix-3d/concentrated,0,0.013560183613848142,0.055008447683654184,nan,nan,0.28125,0.12106322992266359,91,0,0,0,2150400,2155776,0,0.2541017000039574,1.0395079954661408,1.1462471112762296,0.35,0.0525,0.0,0.0,abc,0,1,2.0,0.34450325794739506,0.5613371210126266,0.09674277906898365,19.33513140171737,15.066553242839248,0.09408952805730962,nan
abc,NCJT-helix-3d,helix,3,concentrated,NCJT-helix-3d/concentrated,1,0.015176962376704406,0.06622966880868864,nan,nan,0.2314453125,0.09559326830021479,89,0,0,0,2150400,2155776,0,0.2543205999972997,1.0477068599759751,1.154727564361502,0.35,0.0525,0.0,0.0,abc,0,1,2.0,0.26511720708938885,0.5708150333800345,0.08470195050920803,18.51533021870152,15.549947736006347,0.08231955759171,nan
abc,NCJT-helix-3d,helix,3,concentrated,NCJT-helix-3d/concentrated,2,0.015435384272932007,0.06095805664334802,nan,nan,0.3095703125,0.0978888728235274,91,0,0,0,2150400,2155776,0,0.2513819000014337,1.0486285003470668,1.1663032693156892,0.35,0.0525,0.0,0.0,abc,0,1,2.0,0.31009994480817643,0.5536008842803113,0.08846209207459765,18.466190700650245,15.151144802413079,0.0871728641982019,nan
abc,NCJT-helix-3d,helix,3,concentrated,NCJT-helix-3d/concentrated,3,0.014937645007935485,0.06220514154547587,nan,nan,0.3056640625,0.10164457893882957,89,0,0,0,2150400,2155776,0,0.24908790001063608,1.0410340630980648,1.1473502751520042,0.35,0.0525,0.0,0.0,abc,0,1,2.0,0.31793688226395644,0.5807440268572486,0.08647606997142998,18.426674497901892,14.881925661202319,0.08481426375156437,nan
abc,NCJT-helix-3d,helix,3,concentrated,NCJT-helix-3d/concentrated,4,0.016212082488974877,0.06656970346646301,nan,nan,0.25,0.09703347840729418,88,0,0,0,2150400,2155776,0,0.2440772999980254,1.0557354057865664,1.1662283511394504,0.35,0.0525,0.0,0.0,abc,0,1,2.0,0.3257383484296301,0.5674319619493884,0.06861969689704397,18.334311243052966,15.053356271265033,0.06683807355676197,nan
abc,NCJT-helix-3d,helix,3,concentrated,NCJT-helix-3d/concentrated,5,0.014692535628817449,0.059618049527255926,nan,nan,0.2919921875,0.07734132889111729,89,0,0,0,2150400,2155776,0,0.25597410000045784,1.0448391704871642,1.1531616009590053,0.35,0.0525,0.0,0.0,abc,0,1,2.0,0.2909241249388062,0.5935573438979256,0.06669436775641818,17.923032468281587,15.417332101266691,0.06523826854081759,nan
normalized-crossfit,NCJT-helix-3d,helix,3,concentrated,NCJT-helix-3d/concentrated,0,0.0033404333969559996,0.03236169403715711,nan,nan,0.7021484375,0.15727637813928871,100,0,0,0,2150400,2155776,0,0.25064490000659134,0.8975533383526212,0.98971621747044,0.35,0.0525,0.0,0.0,constant,1,0,2.0,0.37950982704020125,0.5849287709765848,0.12816485991548432,18.540494537977622,12.729241667241952,0.12816485991548432,nan
normalized-crossfit,NCJT-helix-3d,helix,3,concentrated,NCJT-helix-3d/concentrated,1,0.0038438408884817754,0.03438020596039038,nan,nan,0.7265625,0.11420468402240627,97,0,0,0,2150400,2155776,0,0.2499582000018563,0.9005612925378715,0.9925514355364138,0.35,0.0525,0.0,0.0,constant,1,0,2.0,0.46892501176645063,0.5754203001470635,0.10599606949564952,17.16002496436056,10.612483801209404,0.10599606949564952,nan
normalized-crossfit,NCJT-helix-3d,helix,3,concentrated,NCJT-helix-3d/concentrated,2,0.00443630566591513,0.03368705424253713,nan,nan,0.623046875,0.15153190954419962,101,0,0,0,2150400,2155776,0,0.23847630000091158,0.9076387100832193,1.009491916896377,0.35,0.0525,0.0,0.0,constant,1,0,2.0,0.4411134420249143,0.5616197183407766,0.1321703562010556,17.245217982598238,11.38924605846796,0.1321703562010556,nan
normalized-crossfit,NCJT-helix-3d,helix,3,concentrated,NCJT-helix-3d/concentrated,3,0.004595605276281445,0.030742301845081567,nan,nan,0.7490234375,0.11264962617488482,98,0,0,0,2150400,2155776,0,0.24365419999230653,0.9062688000357328,0.9988220308452342,0.35,0.0525,0.0,0.0,constant,1,0,2.0,0.41665781240960303,0.5604832478861119,0.09326431183085634,17.067372032094617,12.238363695048879,0.09326431183085634,nan
normalized-crossfit,NCJT-helix-3d,helix,3,concentrated,NCJT-helix-3d/concentrated,4,0.005458813985328215,0.04157456115585729,nan,nan,0.6494140625,0.149087657214206,98,0,0,0,2150400,2155776,0,0.23564440000336617,0.9095424594084467,1.0047348956123554,0.35,0.0525,0.0,0.0,constant,1,0,2.0,0.4493589793923916,0.5597304691261871,0.1225542407465452,17.589626791528033,11.224954743193823,0.1225542407465452,nan
normalized-crossfit,NCJT-helix-3d,helix,3,concentrated,NCJT-helix-3d/concentrated,5,0.004115423253264305,0.03361847438362189,nan,nan,0.65234375,0.15834114416374642,98,0,0,0,2150400,2155776,0,0.2444543000019621,0.9043092906577418,0.9980624567231373,0.35,0.0525,0.0,0.0,constant,1,0,2.0,0.3933565605200352,0.5523533216211463,0.11642240663508957,16.762208082344596,11.946747685302851,0.11642240663508957,nan
paper,NCJT-shell-5d,sphere_shell,5,covered,NCJT-shell-5d/covered,0,0.04366898632885574,0.11034271223268938,nan,nan,0.0009765625,0.08753808403257567,1,0,0,0,2150400,2155776,0,0.2662029000057373,1.4018268583803444,1.3088302833112835,0.35,0.0525,0.0,0.0,paper,0,1,,0.3107298931326708,0.4502378477360194,0.17058894474972097,19.86027452685027,20.194896494247917,0.07866414189941834,nan
paper,NCJT-shell-5d,sphere_shell,5,covered,NCJT-shell-5d/covered,1,0.044493490859796925,0.10945883385189971,nan,nan,0.0,0.09425978446593081,1,0,0,0,2150400,2155776,0,0.2623487999953795,1.4074192025208228,1.3165111696064375,0.35,0.0525,0.0,0.0,paper,0,1,,0.30999090096446447,0.4481591615903504,0.17268631955307312,18.694282697044976,20.193138577120756,0.07806234128518244,nan
paper,NCJT-shell-5d,sphere_shell,5,covered,NCJT-shell-5d/covered,2,0.040144172271607825,0.0988646737043976,nan,nan,0.0009765625,0.08765047283280639,1,0,0,0,2150400,2155776,0,0.2638868000067305,1.380880852154285,1.2899270087349575,0.35,0.0525,0.0,0.0,paper,0,1,,0.31688011334503335,0.45569548041589536,0.16712227784983416,20.27966164097961,19.905529222701357,0.06996294906699788,nan
paper,NCJT-shell-5d,sphere_shell,5,covered,NCJT-shell-5d/covered,3,0.0455568392255552,0.11227668185310138,nan,nan,0.0,0.09359396176847468,1,0,0,0,2150400,2155776,0,0.2586707000009483,1.417205281475865,1.3215704779384145,0.35,0.0525,0.0,0.0,paper,0,1,,0.29391669819160654,0.41921916603961396,0.1757482705520953,19.953740730147203,20.33973143683189,0.0757444401992473,nan
paper,NCJT-shell-5d,sphere_shell,5,covered,NCJT-shell-5d/covered,4,0.04305974420545855,0.10713511620791213,nan,nan,0.001953125,0.09032106769037253,1,0,0,0,2150400,2155776,0,0.258621500004665,1.3908330202230943,1.3052600956356872,0.35,0.0525,0.0,0.0,paper,0,1,,0.3505558342614253,0.4533438402076201,0.1763140142727604,19.41710989025211,20.358982578813666,0.07985973488914293,nan
paper,NCJT-shell-5d,sphere_shell,5,covered,NCJT-shell-5d/covered,5,0.04260986855192406,0.10792479259057065,nan,nan,0.0,0.09714778334019035,1,0,0,0,2150400,2155776,0,0.26515740000468213,1.4003115762628318,1.30679292238963,0.35,0.0525,0.0,0.0,paper,0,1,,0.30916308261241104,0.45414167554027374,0.17591395540913368,19.093720423022,20.05466886015566,0.0897531075646962,nan
normalized-only,NCJT-shell-5d,sphere_shell,5,covered,NCJT-shell-5d/covered,0,0.052350459313915465,0.12537412247227164,nan,nan,0.0,0.17993219358563892,1,0,0,0,2150400,2155776,0,0.2713359000044875,1.457137609533233,1.360471743644863,0.35,0.0525,0.0,0.0,constant,0,1,2.0,0.25868280079760214,0.4306730689289253,0.16586019124406937,20.108372765434872,20.547581617632876,0.16586019124406937,nan
normalized-only,NCJT-shell-5d,sphere_shell,5,covered,NCJT-shell-5d/covered,1,0.05700971789284437,0.12921746355275734,nan,nan,0.0,0.19049321245529732,1,0,0,0,2150400,2155776,0,0.2693647999985842,1.4828626557970706,1.387081578716933,0.35,0.0525,0.0,0.0,constant,0,1,2.0,0.24973845341513062,0.38802463110874696,0.15846862067089396,19.91889190219241,20.351618974702752,0.15846862067089396,nan
normalized-only,NCJT-shell-5d,sphere_shell,5,covered,NCJT-shell-5d/covered,2,0.05413304923606699,0.12277018518930684,nan,nan,0.0,0.16474315717629182,1,0,0,0,2150400,2155776,0,0.26737870000943076,1.4759120415560103,1.378698822530661,0.35,0.0525,0.0,0.0,constant,0,1,2.0,0.20636725401966105,0.4066822472003807,0.1607212926186919,19.946998883219884,20.16625620000753,0.1607212926186919,nan
normalized-only,NCJT-shell-5d,sphere_shell,5,covered,NCJT-shell-5d/covered,3,0.05845831243941646,0.1319641425092278,nan,nan,0.0,0.18448593437696995,1,0,0,0,2150400,2155776,0,0.2676678999996511,1.4979668452851411,1.39688214935085,0.35,0.0525,0.0,0.0,constant,0,1,2.0,0.21443650917558413,0.36520209316135266,0.17631058191326454,19.837011123681425,20.576059185949273,0.17631058191326454,nan
normalized-only,NCJT-shell-5d,sphere_shell,5,covered,NCJT-shell-5d/covered,4,0.05405653470873162,0.1242427288985643,nan,nan,0.0,0.18233468366845865,1,0,0,0,2150400,2155776,0,0.26806719999876805,1.4647130973519735,1.3745945988698316,0.35,0.0525,0.0,0.0,constant,0,1,2.0,0.24794433509994115,0.424146456159303,0.17172782588414887,19.31829184970644,20.407157336279525,0.17172782588414887,nan
normalized-only,NCJT-shell-5d,sphere_shell,5,covered,NCJT-shell-5d/covered,5,0.054106049763250175,0.12731504918950987,nan,nan,0.0009765625,0.1924068476693643,1,0,0,0,2150400,2155776,0,0.2670895000046585,1.4733073596838122,1.3749137426098001,0.35,0.0525,0.0,0.0,constant,0,1,2.0,0.24676377871363578,0.4269329101286269,0.18944792466015337,19.452600380134726,20.439485288812016,0.18944792466015337,nan
abc,NCJT-shell-5d,sphere_shell,5,covered,NCJT-shell-5d/covered,0,0.055308954969134794,0.12941423789177028,nan,nan,0.0,0.1840309414188449,1,0,0,0,2150400,2155776,0,0.2844736999977613,1.469089540763861,1.3716307890328032,0.35,0.0525,0.0,0.0,abc,0,1,2.0,0.2722338755910776,0.42520229378408936,0.16667610933575536,20.06842387456761,20.51227125862965,0.16920005869391574,nan
abc,NCJT-shell-5d,sphere_shell,5,covered,NCJT-shell-5d/covered,1,0.06031837638581394,0.13376134352475114,nan,nan,0.0,0.19330255176086422,1,0,0,0,2150400,2155776,0,0.27254200000606943,1.495640379036579,1.3990339631499598,0.35,0.0525,0.0,0.0,abc,0,1,2.0,0.25903852995488363,0.40264278948921983,0.15858617300874367,19.84383753897163,20.28070754085499,0.16290075325171166,nan
abc,NCJT-shell-5d,sphere_shell,5,covered,NCJT-shell-5d/covered,2,0.05726467872845031,0.12787092875146322,nan,nan,0.0,0.1678450947438847,1,0,0,0,2150400,2155776,0,0.2818941999867093,1.4879980806650859,1.389988796065381,0.35,0.0525,0.0,0.0,abc,0,1,2.0,0.20009088102465175,0.40846829252509953,0.16023694451192297,19.89058593343644,20.135960227210205,0.16452375288073842,nan
abc,NCJT-shell-5d,sphere_shell,5,covered,NCJT-shell-5d/covered,3,0.061386436975715775,0.13655307809706874,nan,nan,0.0,0.18882724916457558,1,0,0,0,2150400,2155776,0,0.28337639999517705,1.5074126577576363,1.4056905464595542,0.35,0.0525,0.0,0.0,abc,0,1,2.0,0.21577154094262269,0.36953593228546017,0.17604216851161503,19.811022840857976,20.656755629382772,0.18276463586157587,nan
abc,NCJT-shell-5d,sphere_shell,5,covered,NCJT-shell-5d/covered,4,0.05707042244673932,0.1287282808882002,nan,nan,0.0,0.1860370975001984,1,0,0,0,2150400,2155776,0,0.2832193000067491,1.4759334723735178,1.3851246248044617,0.35,0.0525,0.0,0.0,abc,0,1,2.0,0.23554700495482214,0.42286776589754943,0.17208852167983563,19.177829229314558,20.50452562253816,0.17705325628424823,nan
abc,NCJT-shell-5d,sphere_shell,5,covered,NCJT-shell-5d/covered,5,0.057236295095102196,0.13151544264262222,nan,nan,0.0,0.19600202145356488,1,0,0,0,2150400,2155776,0,0.2792877000028966,1.485126797009697,1.385943828560611,0.35,0.0525,0.0,0.0,abc,0,1,2.0,0.27385631765115737,0.430157302369534,0.1883859629907413,18.97762896753677,20.439715599148823,0.19017404870973115,nan
normalized-crossfit,NCJT-shell-5d,sphere_shell,5,covered,NCJT-shell-5d/covered,0,0.017846068483819755,0.07257396916869072,nan,nan,0.001953125,0.24808597690847475,1,0,0,0,2150400,2155776,0,0.2704916999937268,0.9161012531015031,0.8553275003048508,0.35,0.0525,0.0,0.0,constant,1,0,2.0,0.4191924663419383,0.5575549182227819,0.1963786807343788,25.084985496097197,7.081495976392721,0.1963786807343788,nan
normalized-crossfit,NCJT-shell-5d,sphere_shell,5,covered,NCJT-shell-5d/covered,1,0.01798089195683672,0.07220407441155148,nan,nan,0.0,0.24054821470054283,1,0,0,0,2150400,2155776,0,0.27729810000164434,0.9192820242463692,0.8599037520385512,0.35,0.0525,0.0,0.0,constant,1,0,2.0,0.4310487159873854,0.5455376679952688,0.19582305368146394,25.164066803459313,7.2544701306654655,0.19582305368146394,nan
normalized-crossfit,NCJT-shell-5d,sphere_shell,5,covered,NCJT-shell-5d/covered,2,0.01853545490876285,0.07608325781089244,nan,nan,0.0009765625,0.2120145151912787,1,0,0,0,2150400,2155776,0,0.2786338000005344,0.914084524099361,0.853876939536754,0.35,0.0525,0.0,0.0,constant,1,0,2.0,0.4379471647389568,0.5608519627738264,0.20140573379504945,25.907831511429126,7.317833542626829,0.20140573379504945,nan
normalized-crossfit,NCJT-shell-5d,sphere_shell,5,covered,NCJT-shell-5d/covered,3,0.018381980736211556,0.0759865694242142,nan,nan,0.0009765625,0.252287598437557,1,0,0,0,2150400,2155776,0,0.27357730000221636,0.9155108434643492,0.853731014673463,0.35,0.0525,0.0,0.0,constant,1,0,2.0,0.4452224769209365,0.5384381109566462,0.22858210320195874,25.375936304993402,7.417677924643644,0.22858210320195874,nan
normalized-crossfit,NCJT-shell-5d,sphere_shell,5,covered,NCJT-shell-5d/covered,4,0.016559583088131546,0.07130831635195144,nan,nan,0.0,0.3159433798969101,1,0,0,0,2150400,2155776,0,0.27830260001064744,0.9163302959166395,0.859951807507547,0.35,0.0525,0.0,0.0,constant,1,0,2.0,0.39439052904728833,0.5424335866109309,0.2835384445774827,25.085019458205604,7.634769458961086,0.2835384445774827,nan
normalized-crossfit,NCJT-shell-5d,sphere_shell,5,covered,NCJT-shell-5d/covered,5,0.018049400045779596,0.07269607883301443,nan,nan,0.0009765625,0.2818505197265802,1,0,0,0,2150400,2155776,0,0.27469200000632554,0.9185692776830834,0.857223385958428,0.35,0.0525,0.0,0.0,constant,1,0,2.0,0.4405044127285108,0.5425383698883668,0.2805589492293735,26.342788670696965,7.517432594847788,0.2805589492293735,nan
paper,NCJT-shell-5d,sphere_shell,5,missing,NCJT-shell-5d/missing,0,0.04451785938649633,0.11170098835492163,nan,nan,0.0,0.08834139019491365,52,0,0,0,2150400,2155776,0,0.2786047000117833,1.409434724370758,1.317265912012647,0.35,0.0525,0.0,0.0,paper,0,1,,0.306565230102574,0.4097913295094829,0.16167399244683683,18.786248226253285,19.987683802966338,0.06934071551801013,nan
paper,NCJT-shell-5d,sphere_shell,5,missing,NCJT-shell-5d/missing,1,0.04193167447034796,0.10681240227037328,nan,nan,0.0,0.07359514213345501,55,0,0,0,2150400,2155776,0,0.2674017000099411,1.3995588707467101,1.3074614746988686,0.35,0.0525,0.0,0.0,paper,0,1,,0.3130519982158547,0.43170775260244265,0.13366596621534127,19.156014550566162,20.099765099222232,0.06402739203625198,nan
paper,NCJT-shell-5d,sphere_shell,5,missing,NCJT-shell-5d/missing,2,0.04014249428830907,0.09939948516926787,nan,nan,0.0,0.0705954134829914,53,0,0,0,2150400,2155776,0,0.27496830000018235,1.3847345914963036,1.2915094829178582,0.35,0.0525,0.0,0.0,paper,0,1,,0.3305496029442585,0.4593181422313646,0.13265916432047323,18.40797796182654,20.066261505029935,0.06490662568518232,nan
paper,NCJT-shell-5d,sphere_shell,5,missing,NCJT-shell-5d/missing,3,0.04122411061622033,0.10534438479056933,nan,nan,0.0,0.08803984361490357,55,0,0,0,2150400,2155776,0,0.26898310000251513,1.3978420841765236,1.3037943611738398,0.35,0.0525,0.0,0.0,paper,0,1,,0.31702619639543844,0.43388697501897766,0.16309460186278213,20.08798985677337,20.11148102905058,0.06950631300273563,nan
paper,NCJT-shell-5d,sphere_shell,5,missing,NCJT-shell-5d/missing,4,0.040885028863232975,0.10382047828295912,nan,nan,0.0009765625,0.09923334906703059,55,0,0,0,2150400,2155776,0,0.2659152999985963,1.3885190115005597,1.3015574981673077,0.35,0.0525,0.0,0.0,paper,0,1,,0.29874783853566994,0.4265216681611884,0.178138144320433,20.148360349712643,19.7204952391076,0.07725975373478833,nan
paper,NCJT-shell-5d,sphere_shell,5,missing,NCJT-shell-5d/missing,5,0.039632189274645846,0.10084445593494108,nan,nan,0.0,0.0791254774099038,55,0,0,0,2150400,2155776,0,0.26561170000059064,1.381997401236442,1.2916950188747034,0.35,0.0525,0.0,0.0,paper,0,1,,0.3287659137624002,0.43574175082872935,0.13265259548225172,19.838867911942387,19.252031472282482,0.06775471946626282,nan
normalized-only,NCJT-shell-5d,sphere_shell,5,missing,NCJT-shell-5d/missing,0,0.05967285037393566,0.13666823072190804,nan,nan,0.0009765625,0.16907511549854243,29,0,0,0,2150400,2155776,0,0.26851030001125764,1.5040869869366538,1.4057284685376326,0.35,0.0525,0.0,0.0,constant,0,1,2.0,0.21359810381881994,0.3937264310461971,0.16611594606551233,18.663217134816595,20.212546681953413,0.16611594606551233,nan
normalized-only,NCJT-shell-5d,sphere_shell,5,missing,NCJT-shell-5d/missing,1,0.05939404488411082,0.1366412539531553,nan,nan,0.0009765625,0.14899617805725035,29,0,0,0,2150400,2155776,0,0.2751343999989331,1.510580904400474,1.4111777490757884,0.35,0.0525,0.0,0.0,constant,0,1,2.0,0.19476976990970477,0.3994279038756805,0.13284204676844932,19.740653599255026,20.618695258816047,0.13284204676844932,nan
normalized-only,NCJT-shell-5d,sphere_shell,5,missing,NCJT-shell-5d/missing,2,0.06029844580807997,0.13293905093754146,nan,nan,0.0,0.13975985352576267,29,0,0,0,2150400,2155776,0,0.271326299989596,1.514591174199968,1.4126236726051875,0.35,0.0525,0.0,0.0,constant,0,1,2.0,0.16739725234601077,0.38377242079067053,0.13875994907155884,19.26466497184392,20.16370794893152,0.13875994907155884,nan
normalized-only,NCJT-shell-5d,sphere_shell,5,missing,NCJT-shell-5d/missing,3,0.058470304605631185,0.13226746697448413,nan,nan,0.0,0.16661332321671382,29,0,0,0,2150400,2155776,0,0.2762045000126818,1.5070256348638311,1.4056319716811172,0.35,0.0525,0.0,0.0,constant,0,1,2.0,0.21886890967084385,0.38472370184513394,0.15777287865800832,20.91196690934843,20.100095888417894,0.15777287865800832,nan
normalized-only,NCJT-shell-5d,sphere_shell,5,missing,NCJT-shell-5d/missing,4,0.05987431740387761,0.13630695960095077,nan,nan,0.0,0.1905803521718314,29,0,0,0,2150400,2155776,0,0.2746659999975236,1.5096438728192263,1.415096434370575,0.35,0.0525,0.0,0.0,constant,0,1,2.0,0.17912636763079182,0.3893281990773746,0.17805339384996127,20.231421326000707,20.136303927892012,0.17805339384996127,nan
normalized-only,NCJT-shell-5d,sphere_shell,5,missing,NCJT-shell-5d/missing,5,0.054407596752631626,0.1242796144652188,nan,nan,0.0,0.14848939674764378,30,0,0,0,2150400,2155776,0,0.26966900000115857,1.4771345575014485,1.380615729396639,0.35,0.0525,0.0,0.0,constant,0,1,2.0,0.22478281577448853,0.3866361824578781,0.13436495872174536,20.378317473140896,20.1690710307953,0.13436495872174536,nan
abc,NCJT-shell-5d,sphere_shell,5,missing,NCJT-shell-5d/missing,0,0.06183307339361077,0.13961331901389376,nan,nan,0.0009765625,0.1729585399694283,28,0,0,0,2150400,2155776,0,0.2795353999972576,1.5110686836970748,1.4122536030411958,0.35,0.0525,0.0,0.0,abc,0,1,2.0,0.22878545433331315,0.3837579184826275,0.1683128721594156,18.791471544180247,20.069716653907875,0.1700364187228649,nan
abc,NCJT-shell-5d,sphere_shell,5,missing,NCJT-shell-5d/missing,1,0.06252463389009977,0.14101946599528814,nan,nan,0.0,0.15349351311461235,28,0,0,0,2150400,2155776,0,0.28510379999352153,1.5215948689245138,1.4214669441928176,0.35,0.0525,0.0,0.0,abc,0,1,2.0,0.2082133243955692,0.3896341549699054,0.13229950696170067,19.84849194630099,20.552533852248494,0.136893671884599,nan
abc,NCJT-shell-5d,sphere_shell,5,missing,NCJT-shell-5d/missing,2,0.06322302747125774,0.1366875060489047,nan,nan,0.0,0.1427630701518285,28,0,0,0,2150400,2155776,0,0.2801037000026554,1.5245187381906187,1.4218828787483262,0.35,0.0525,0.0,0.0,abc,0,1,2.0,0.1849264760874763,0.3970613319544818,0.1335224748889553,19.213300718957548,20.19488815733231,0.14049263725753458,nan
abc,NCJT-shell-5d,sphere_shell,5,missing,NCJT-shell-5d/missing,3,0.061423406106480005,0.1361437828145188,nan,nan,0.0,0.17043735783073488,28,0,0,0,2150400,2155776,0,0.2752563999965787,1.516690633995356,1.414646703395863,0.35,0.0525,0.0,0.0,abc,0,1,2.0,0.21567221657843721,0.39341146407710803,0.15733838433588432,20.849911075830438,20.097868849178894,0.16666668217173142,nan
abc,NCJT-shell-5d,sphere_shell,5,missing,NCJT-shell-5d/missing,4,0.06271419588784166,0.13985598284891856,nan,nan,0.0,0.19355406410409542,29,0,0,0,2150400,2155776,0,0.27670770000258926,1.518581372398809,1.423474187571161,0.35,0.0525,0.0,0.0,abc,0,1,2.0,0.18790588972529582,0.39065435124654035,0.17446425550751327,19.74352391371071,20.157058580578386,0.17879717945242202,nan
abc,NCJT-shell-5d,sphere_shell,5,missing,NCJT-shell-5d/missing,5,0.05757493778631906,0.12944879615865373,nan,nan,0.0,0.15341384999974453,29,0,0,0,2150400,2155776,0,0.27665330001036637,1.4892618035024006,1.3919505576952185,0.35,0.0525,0.0,0.0,abc,0,1,2.0,0.24295415459022418,0.3890931092975288,0.13455078405576343,20.080738616959067,20.16817248809115,0.13773424414242402,nan
normalized-crossfit,NCJT-shell-5d,sphere_shell,5,missing,NCJT-shell-5d/missing,0,0.0195429537245857,0.07750166389627296,nan,nan,0.0029296875,0.25899572580257557,48,0,0,0,2150400,2155776,0,0.27041759999701753,0.9163536012842604,0.8564294191493589,0.35,0.0525,0.0,0.0,constant,1,0,2.0,0.45401772655416045,0.5428152984298733,0.24813481008038263,25.190260390008383,7.288786431119865,0.24813481008038263,nan
normalized-crossfit,NCJT-shell-5d,sphere_shell,5,missing,NCJT-shell-5d/missing,1,0.018000128343367505,0.07118945120210654,nan,nan,0.0,0.22645305941130237,49,0,0,0,2150400,2155776,0,0.2694705000030808,0.9139949203581155,0.8538498604214615,0.35,0.0525,0.0,0.0,constant,1,0,2.0,0.44752676666943314,0.5476920936976839,0.21612461170454206,25.086547437168996,7.790425843641424,0.21612461170454206,nan
normalized-crossfit,NCJT-shell-5d,sphere_shell,5,missing,NCJT-shell-5d/missing,2,0.018808616860573668,0.07858523352308193,nan,nan,0.0,0.19791722088564034,47,0,0,0,2150400,2155776,0,0.2618868999998085,0.9148597755146655,0.8532682601223568,0.35,0.0525,0.0,0.0,constant,1,0,2.0,0.4437390931222068,0.5578549978300458,0.1701522583608706,24.53834486831385,7.19253749705425,0.1701522583608706,nan
normalized-crossfit,NCJT-shell-5d,sphere_shell,5,missing,NCJT-shell-5d/missing,3,0.01798690098200817,0.074251555689674,nan,nan,0.0,0.27301659413301427,48,0,0,0,2150400,2155776,0,0.26633950001269113,0.9140627528001355,0.8525640173166774,0.35,0.0525,0.0,0.0,constant,1,0,2.0,0.41254013789781446,0.5486651251219885,0.25222471360169285,26.83675109203815,7.699223587969071,0.25222471360169285,nan
normalized-crossfit,NCJT-shell-5d,sphere_shell,5,missing,NCJT-shell-5d/missing,4,0.016871434480583147,0.07158041281249533,nan,nan,0.0009765625,0.25273350545700407,49,0,0,0,2150400,2155776,0,0.2652323999936925,0.9179507485714211,0.8604604401204805,0.35,0.0525,0.0,0.0,constant,1,0,2.0,0.44218007097997725,0.5336816660790986,0.25778321966352813,25.988482761094865,7.0565748052916,0.25778321966352813,nan
normalized-crossfit,NCJT-shell-5d,sphere_shell,5,missing,NCJT-shell-5d/missing,5,0.017725813366364918,0.07357611014473701,nan,nan,0.0009765625,0.2578710252667539,49,0,0,0,2150400,2155776,0,0.2590269000065746,0.9149719738532952,0.8551859359350957,0.35,0.0525,0.0,0.0,constant,1,0,2.0,0.415416324528243,0.5514163164913732,0.2282086046988117,25.69308953651504,7.826419400939166,0.2282086046988117,nan
paper,NCJT-shell-5d,sphere_shell,5,far,NCJT-shell-5d/far,0,4.611356252545676,1.2408357912044992,nan,nan,0.0,0.09905262867755381,400,1,0,0,2150400,2155776,0,0.262861499999417,1.1914854245330218,1.1090667030590424,0.35,0.0525,0.0,0.0,paper,0,1,,0.0011816386223511136,0.002806033236982287,3.1838062871403414,29.00265628493722,38.05123042120745,0.008933869427849152,nan
paper,NCJT-shell-5d,sphere_shell,5,far,NCJT-shell-5d/far,1,5.128703258862284,1.261947315224147,nan,nan,0.0,0.06280488301288607,400,1,0,0,2150400,2155776,0,0.26059030000760686,0.7746405946801119,0.7241561412393055,0.35,0.0525,0.0,0.0,paper,0,1,,0.001732394582880601,0.003403452433003132,3.1241343317148136,23.935427394333978,39.60167808583191,0.01063455301520357,nan
paper,NCJT-shell-5d,sphere_shell,5,far,NCJT-shell-5d/far,2,4.710841261936501,1.4708128606827768,nan,nan,0.0,0.04846182910129185,400,1,0,0,2150400,2155776,0,0.26034269999945536,1.0526059009296462,0.9837778030000872,0.35,0.0525,0.0,0.0,paper,0,1,,0.001365897096121359,0.002912663012698079,3.1254098587411576,20.948004165021935,38.53292955520793,0.00910106514731504,nan
paper,NCJT-shell-5d,sphere_shell,5,far,NCJT-shell-5d/far,3,5.099467487084611,1.199189053180107,nan,nan,0.0,0.04562478561937493,400,1,0,0,2150400,2155776,0,0.274948599995696,0.7658473693890228,0.7157606485367867,0.35,0.0525,0.0,0.0,paper,0,1,,0.0016348157216710619,0.003774566718574973,3.1672676159396103,30.071591820995824,39.55640448505973,0.01195382760662374,nan
paper,NCJT-shell-5d,sphere_shell,5,far,NCJT-shell-5d/far,4,5.117337579805261,1.4966618114560057,nan,nan,0.0,0.04638049208998626,400,1,0,0,2150400,2155776,0,0.2654850999970222,0.7816627465603057,0.7328721513230861,0.35,0.0525,0.0,0.0,paper,0,1,,0.0020305614918485378,0.004764507317300267,3.0580884592022404,22.559753180198882,38.79089569575167,0.014569657298390562,nan
paper,NCJT-shell-5d,sphere_shell,5,far,NCJT-shell-5d/far,5,5.044499629017771,1.3986698069118353,nan,nan,0.0,0.061867297692499074,400,1,0,0,2150400,2155776,0,0.2866347999952268,0.9190554260758299,0.8580890187295845,0.35,0.0525,0.0,0.0,paper,0,1,,0.001254785101490537,0.0022275055872081435,3.2258563027774403,22.82032640025338,39.80022035396871,0.007184737179375457,nan
normalized-only,NCJT-shell-5d,sphere_shell,5,far,NCJT-shell-5d/far,0,0.0590367315686664,0.13209097882092968,nan,nan,0.0,0.189636459100586,91,0,0,0,2150400,2155776,0,0.26811640000960324,1.5170203560817137,1.412083379410548,0.35,0.0525,0.0,0.0,constant,0,1,2.0,0.193219494938413,0.38612237474994837,0.18552770118702047,18.834286222340005,19.884503241793446,0.18552770118702047,nan
normalized-only,NCJT-shell-5d,sphere_shell,5,far,NCJT-shell-5d/far,1,0.06183248067078928,0.13852943467657874,nan,nan,0.0009765625,0.1476540046393042,93,0,0,0,2150400,2155776,0,0.2860777999885613,1.5240346792272674,1.4247111241050423,0.35,0.0525,0.0,0.0,constant,0,1,2.0,0.17442118925789596,0.39785708506170436,0.1386544245220523,20.13656182675188,19.791818537594544,0.1386544245220523,nan
normalized-only,NCJT-shell-5d,sphere_shell,5,far,NCJT-shell-5d/far,2,0.0629233291060678,0.14004823022122226,nan,nan,0.0,0.13915296308601413,92,0,0,0,2150400,2155776,0,0.27046210000116844,1.5230500456239702,1.4234604104155386,0.35,0.0525,0.0,0.0,constant,0,1,2.0,0.18363001015083324,0.33618420817557826,0.13311126625209524,18.742076831584672,19.8979186305141,0.13311126625209524,nan
normalized-only,NCJT-shell-5d,sphere_shell,5,far,NCJT-shell-5d/far,3,0.05952185986854741,0.1341857766313151,nan,nan,0.0,0.16183772085902712,96,0,0,0,2150400,2155776,0,0.2679945999989286,1.5141844070000507,1.4151561479192312,0.35,0.0525,0.0,0.0,constant,0,1,2.0,0.18032635327367288,0.373663926284021,0.15497615468280196,20.785438434458317,19.96669561753711,0.15497615468280196,nan
normalized-only,NCJT-shell-5d,sphere_shell,5,far,NCJT-shell-5d/far,4,0.05921770278683436,0.1324978659032925,nan,nan,0.001953125,0.15420647974872564,90,0,0,0,2150400,2155776,0,0.2656538000010187,1.5068028747321296,1.4127497687259294,0.35,0.0525,0.0,0.0,constant,0,1,2.0,0.1823694645791664,0.36635964277678557,0.1487386249429471,18.086165057893837,19.877969654619818,0.1487386249429471,nan
normalized-only,NCJT-shell-5d,sphere_shell,5,far,NCJT-shell-5d/far,5,0.061203321183747494,0.13693750576709582,nan,nan,0.0,0.15311371799475532,93,0,0,0,2150400,2155776,0,0.26994920001016,1.5271466024833698,1.425841894189581,0.35,0.0525,0.0,0.0,constant,0,1,2.0,0.16765747796318528,0.3582986881267156,0.1473437401944152,20.35589274533482,19.664842350170623,0.1473437401944152,nan
abc,NCJT-shell-5d,sphere_shell,5,far,NCJT-shell-5d/far,0,0.061788934250798455,0.1355094023782454,nan,nan,0.0,0.1929498999589235,91,0,0,0,2150400,2155776,0,0.27985579999221954,1.5254362618615376,1.4199171310320948,0.35,0.0525,0.0,0.0,abc,0,1,2.0,0.20484777093076906,0.36928962184318403,0.1833254629023393,18.65431384989523,19.900369033767028,0.18697803751321007,nan
abc,NCJT-shell-5d,sphere_shell,5,far,NCJT-shell-5d/far,1,0.06472576022343102,0.1420932888767171,nan,nan,0.0009765625,0.15175153103637534,92,0,0,0,2150400,2155776,0,0.2805402999947546,1.5334491204740486,1.433512012532544,0.35,0.0525,0.0,0.0,abc,0,1,2.0,0.16496875030029345,0.40539705955840155,0.14152241028306078,19.652695919330142,20.036786862904805,0.14494531311189646,nan
abc,NCJT-shell-5d,sphere_shell,5,far,NCJT-shell-5d/far,2,0.06591308570359056,0.14400111647225028,nan,nan,0.0,0.14283433715829813,91,0,0,0,2150400,2155776,0,0.2897326999955112,1.5331238436692105,1.4328755000517077,0.35,0.0525,0.0,0.0,abc,0,1,2.0,0.1938184230366849,0.33833139452305944,0.13358512605785217,19.044035783121203,19.90081129862422,0.13691453340124443,nan
abc,NCJT-shell-5d,sphere_shell,5,far,NCJT-shell-5d/far,3,0.06254940927763308,0.13822522059444065,nan,nan,0.0,0.16667825306786732,96,0,0,0,2150400,2155776,0,0.2843333999917377,1.5242952470900841,1.4246057350685186,0.35,0.0525,0.0,0.0,abc,0,1,2.0,0.1923483345894084,0.3606935867780956,0.16105688014293762,20.410923089816805,20.344759934030346,0.1639505604158753,nan
abc,NCJT-shell-5d,sphere_shell,5,far,NCJT-shell-5d/far,4,0.06207586975730628,0.13654138302843644,nan,nan,0.001953125,0.15771434635044615,89,0,0,0,2150400,2155776,0,0.27469920000294223,1.5164713350011978,1.42181473351868,0.35,0.0525,0.0,0.0,abc,0,1,2.0,0.18944465011632808,0.36305955278716895,0.14957082346450723,17.928454915899877,19.821047889711906,0.15018194708268306,nan
abc,NCJT-shell-5d,sphere_shell,5,far,NCJT-shell-5d/far,5,0.06373966108572171,0.1402790591768493,nan,nan,0.0,0.15875459366248887,92,0,0,0,2150400,2155776,0,0.2771131999907084,1.5345967139776764,1.4327977955206592,0.35,0.0525,0.0,0.0,abc,0,1,2.0,0.17784576414140912,0.3606732127813135,0.14768024665495644,20.088509782401424,19.526013081682358,0.1511468205860056,nan
normalized-crossfit,NCJT-shell-5d,sphere_shell,5,far,NCJT-shell-5d/far,0,0.01819769459177123,0.07469725289338372,nan,nan,0.001953125,0.22334035989485906,116,0,0,0,2150400,2155776,0,0.27304780000122264,0.9197826050387785,0.8561584055476154,0.35,0.0525,0.0,0.0,constant,1,0,2.0,0.38959014783335627,0.5639834812966302,0.19362103547696624,25.66508435989963,6.959497843576182,0.19362103547696624,nan
normalized-crossfit,NCJT-shell-5d,sphere_shell,5,far,NCJT-shell-5d/far,1,0.018091773091365004,0.07362770217865638,nan,nan,0.0,0.22454903316001892,116,0,0,0,2150400,2155776,0,0.2883451000088826,0.9176125276231472,0.8578103855128161,0.35,0.0525,0.0,0.0,constant,1,0,2.0,0.44699671455657874,0.5388180810898486,0.21521712926414216,25.047899898282076,6.964093885872265,0.21521712926414216,nan
normalized-crossfit,NCJT-shell-5d,sphere_shell,5,far,NCJT-shell-5d/far,2,0.02019973971789124,0.07860267114429291,nan,nan,0.0009765625,0.21006719590217474,114,0,0,0,2150400,2155776,0,0.26443739999376703,0.9129656082000965,0.8532683499650645,0.35,0.0525,0.0,0.0,constant,1,0,2.0,0.43396810653244294,0.5317164768013405,0.18387252579591334,25.90965340951603,7.434491983217846,0.18387252579591334,nan
normalized-crossfit,NCJT-shell-5d,sphere_shell,5,far,NCJT-shell-5d/far,3,0.01849873850485606,0.07539932347619685,nan,nan,0.0,0.2468853264938029,119,0,0,0,2150400,2155776,0,0.2789816000004066,0.9120489615551632,0.8524005987522342,0.35,0.0525,0.0,0.0,constant,1,0,2.0,0.4046376236216529,0.5471219174427107,0.24192678246885138,26.62138023281652,8.18262340881961,0.24192678246885138,nan
normalized-crossfit,NCJT-shell-5d,sphere_shell,5,far,NCJT-shell-5d/far,4,0.01855014121792209,0.07418695918962996,nan,nan,0.0009765625,0.2505802077679037,114,0,0,0,2150400,2155776,0,0.2792072000011103,0.9117739468067914,0.8548619425156158,0.35,0.0525,0.0,0.0,constant,1,0,2.0,0.4119286728871348,0.5519209548904659,0.2157959405242166,24.864807086537663,8.126003560403673,0.2157959405242166,nan
normalized-crossfit,NCJT-shell-5d,sphere_shell,5,far,NCJT-shell-5d/far,5,0.01944325342107489,0.07920504110787736,nan,nan,0.0,0.24733050690030242,116,0,0,0,2150400,2155776,0,0.26894460000039544,0.9085684733302587,0.8482977278720424,0.35,0.0525,0.0,0.0,constant,1,0,2.0,0.43602876214288616,0.5425109205738019,0.23575637162109847,25.46041576338837,7.363978484357902,0.23575637162109847,nan
paper,NCJT-shell-5d,sphere_shell,5,concentrated,NCJT-shell-5d/concentrated,0,0.012940883325255781,0.049265595586701905,nan,nan,0.0,0.0962688446244595,292,0,0,0,2150400,2155776,0,0.26843490000464953,1.1804825588301509,1.1028531047322632,0.35,0.0525,0.0,0.0,paper,0,1,,0.373361791695816,0.4860384019895484,0.15487993649481313,21.485409791670634,20.52419445277587,0.08461298503624401,nan
paper,NCJT-shell-5d,sphere_shell,5,concentrated,NCJT-shell-5d/concentrated,1,0.01276126721367743,0.05056641063062129,nan,nan,0.0,0.12566358376389414,295,0,0,0,2150400,2155776,0,0.262662499997532,1.1789861728323092,1.1032624918591079,0.35,0.0525,0.0,0.0,paper,0,1,,0.38594698427983887,0.4912405255792598,0.2255877743565255,20.59191494256931,20.61091166954543,0.12049168950384354,nan
paper,NCJT-shell-5d,sphere_shell,5,concentrated,NCJT-shell-5d/concentrated,2,0.012415454174216745,0.046235234089684524,nan,nan,0.0,0.12839284096432066,300,0,0,0,2150400,2155776,0,0.27044439999735914,1.1720144059731197,1.093382918156964,0.35,0.0525,0.0,0.0,paper,0,1,,0.34926955533426396,0.46492064975420444,0.2403137388190157,20.28735338771918,21.120165171796515,0.11683451424441255,nan
paper,NCJT-shell-5d,sphere_shell,5,concentrated,NCJT-shell-5d/concentrated,3,0.014730025325357499,0.05302220995997794,nan,nan,0.0009765625,0.10687266990946281,287,0,0,0,2150400,2155776,0,0.26535030000377446,1.20803924615606,1.126219328041185,0.35,0.0525,0.0,0.0,paper,0,1,,0.35544700023684794,0.4547670605176272,0.1841681676423475,20.712703291614368,20.89467983215998,0.0950679461873978,nan
paper,NCJT-shell-5d,sphere_shell,5,concentrated,NCJT-shell-5d/concentrated,4,0.013449863073029311,0.0491405733613479,nan,nan,0.0,0.09933059956075836,293,0,0,0,2150400,2155776,0,0.26792480000585783,1.191683925482239,1.1129046678220607,0.35,0.0525,0.0,0.0,paper,0,1,,0.36070618540587207,0.519643607904507,0.17371776386641122,21.51671774362473,21.176147709371158,0.08520420394931119,nan
paper,NCJT-shell-5d,sphere_shell,5,concentrated,NCJT-shell-5d/concentrated,5,0.011801966633098848,0.04863472802262074,nan,nan,0.0009765625,0.10523058207874021,304,0,0,0,2150400,2155776,0,0.2787434000056237,1.1628517099894329,1.083266706165646,0.35,0.0525,0.0,0.0,paper,0,1,,0.35719287819272566,0.5120310444921092,0.1914825729778275,21.30510875340971,20.822378518983754,0.09988000910784836,nan
normalized-only,NCJT-shell-5d,sphere_shell,5,concentrated,NCJT-shell-5d/concentrated,0,0.05926218919228754,0.13165272170384176,nan,nan,0.0,0.1506848076562287,115,0,0,0,2150400,2155776,0,0.2606812000012724,1.5144438444760895,1.4148528356727985,0.35,0.0525,0.0,0.0,constant,0,1,2.0,0.1929629219266254,0.3564814901519501,0.14543029038568134,20.27694602008726,20.035690777558628,0.14543029038568134,nan
normalized-only,NCJT-shell-5d,sphere_shell,5,concentrated,NCJT-shell-5d/concentrated,1,0.057018257536859185,0.12543193413018272,nan,nan,0.0009765625,0.22245021033989498,116,0,0,0,2150400,2155776,0,0.26923989999340847,1.5023900988792536,1.4058948971827614,0.35,0.0525,0.0,0.0,constant,0,1,2.0,0.17211533189922823,0.44644900231593926,0.2016304624807638,18.88632918632564,20.06350276516136,0.2016304624807638,nan
normalized-only,NCJT-shell-5d,sphere_shell,5,concentrated,NCJT-shell-5d/concentrated,2,0.059695155736716465,0.13335710479640786,nan,nan,0.0009765625,0.22658913422261182,118,0,0,0,2150400,2155776,0,0.27271530000143684,1.5185560686919448,1.4166747928262635,0.35,0.0525,0.0,0.0,constant,0,1,2.0,0.19301473148046358,0.400045495527808,0.21963266529506253,18.703980370034117,19.64046755718475,0.21963266529506253,nan
normalized-only,NCJT-shell-5d,sphere_shell,5,concentrated,NCJT-shell-5d/concentrated,3,0.056975237737429296,0.12930344648085806,nan,nan,0.0,0.17986934685078876,113,0,0,0,2150400,2155776,0,0.2645648000034271,1.5008734964110337,1.3992200551276592,0.35,0.0525,0.0,0.0,constant,0,1,2.0,0.21184947900621498,0.3583341640067308,0.17381719207842408,19.964000622703757,20.69566135412398,0.17381719207842408,nan
normalized-only,NCJT-shell-5d,sphere_shell,5,concentrated,NCJT-shell-5d/concentrated,4,0.05781632003663795,0.12988061582733867,nan,nan,0.0,0.16654160246340116,116,0,0,0,2150400,2155776,0,0.2602496000035899,1.5061879575386323,1.406617621265466,0.35,0.0525,0.0,0.0,constant,0,1,2.0,0.19809199459795637,0.4566295049258047,0.15587387794623647,19.83561912571188,20.33432164996227,0.15587387794623647,nan
normalized-only,NCJT-shell-5d,sphere_shell,5,concentrated,NCJT-shell-5d/concentrated,5,0.057297764627144865,0.1348866119517904,nan,nan,0.0009765625,0.16626234725383032,120,0,0,0,2150400,2155776,0,0.2764406000060262,1.505786627429546,1.4027313251306168,0.35,0.0525,0.0,0.0,constant,0,1,2.0,0.19707512981119502,0.425653057061698,0.15825183664276238,19.059046638025773,19.75558366641731,0.15825183664276238,nan
abc,NCJT-shell-5d,sphere_shell,5,concentrated,NCJT-shell-5d/concentrated,0,0.062270002482573084,0.1356941759834061,nan,nan,0.0,0.15430913645390723,113,0,0,0,2150400,2155776,0,0.27685949999431614,1.5242622063823612,1.4240255344396886,0.35,0.0525,0.0,0.0,abc,0,1,2.0,0.20119942150873443,0.3432476832205186,0.14390422245898704,20.056196345164132,20.03345967676162,0.14680733703554424,nan
abc,NCJT-shell-5d,sphere_shell,5,concentrated,NCJT-shell-5d/concentrated,1,0.060282743487016344,0.13044014666085144,nan,nan,0.0009765625,0.22460831925030553,114,0,0,0,2150400,2155776,0,0.2756706999934977,1.5139232066098343,1.4166872588464716,0.35,0.0525,0.0,0.0,abc,0,1,2.0,0.18236557522548444,0.4278333036437416,0.20190066216482483,18.278124043340192,20.196162961263255,0.20753923706106894,nan
abc,NCJT-shell-5d,sphere_shell,5,concentrated,NCJT-shell-5d/concentrated,2,0.06301651670290465,0.1385852114629017,nan,nan,0.001953125,0.22825230500472668,116,0,0,0,2150400,2155776,0,0.2728693000099156,1.5308994463761025,1.428190042334662,0.35,0.0525,0.0,0.0,abc,0,1,2.0,0.18705278360939875,0.4003439238570944,0.21643859881875915,18.717269316166522,19.641090107272927,0.2208554055053253,nan
abc,NCJT-shell-5d,sphere_shell,5,concentrated,NCJT-shell-5d/concentrated,3,0.059299718689875824,0.13224510781607912,nan,nan,0.0,0.1833993653765437,111,0,0,0,2150400,2155776,0,0.28705970000009984,1.5075393566397453,1.4054344398436223,0.35,0.0525,0.0,0.0,abc,0,1,2.0,0.21698007926261378,0.3556889040950795,0.1752887820159021,19.807892520322156,20.686499155203776,0.1778303323166966,nan
abc,NCJT-shell-5d,sphere_shell,5,concentrated,NCJT-shell-5d/concentrated,4,0.06022982472095073,0.13308943991785752,nan,nan,0.0,0.17139678845842485,114,0,0,0,2150400,2155776,0,0.2741791000007652,1.5127537775029058,1.4127493912172695,0.35,0.0525,0.0,0.0,abc,0,1,2.0,0.19851569996038418,0.434555085605995,0.15651326161542667,19.39664305553134,20.405895883956195,0.16486448463799563,nan
abc,NCJT-shell-5d,sphere_shell,5,concentrated,NCJT-shell-5d/concentrated,5,0.05989526079923779,0.13866865360923275,nan,nan,0.0009765625,0.17051725931600697,118,0,0,0,2150400,2155776,0,0.2740648000035435,1.5140332214771768,1.4104135263040953,0.35,0.0525,0.0,0.0,abc,0,1,2.0,0.19925666995334584,0.4137546904928889,0.15855971922238965,19.009788280569758,19.702703775551704,0.16113824360926454,nan
normalized-crossfit,NCJT-shell-5d,sphere_shell,5,concentrated,NCJT-shell-5d/concentrated,0,0.01924276840537642,0.07986655886110351,nan,nan,0.0009765625,0.2932279377954372,141,0,0,0,2150400,2155776,0,0.2590001999924425,0.9103996880321192,0.8505310942403924,0.35,0.0525,0.0,0.0,constant,1,0,2.0,0.42408817481546024,0.5605836133316384,0.26508179578119195,26.15860011892207,7.888825558643396,0.26508179578119195,nan
normalized-crossfit,NCJT-shell-5d,sphere_shell,5,concentrated,NCJT-shell-5d/concentrated,1,0.019220665937769832,0.07689602238019717,nan,nan,0.0,0.26186505889338146,139,0,0,0,2150400,2155776,0,0.26250230000005104,0.9107181160770365,0.8522247005752575,0.35,0.0525,0.0,0.0,constant,1,0,2.0,0.3702717068808592,0.5453508293858473,0.24521930903230355,25.708591765441668,8.373483625141922,0.24521930903230355,nan
normalized-crossfit,NCJT-shell-5d,sphere_shell,5,concentrated,NCJT-shell-5d/concentrated,2,0.01791064086408123,0.07307204439747843,nan,nan,0.0009765625,0.25748774799890634,147,0,0,0,2150400,2155776,0,0.2618106000008993,0.91657131231379,0.8550777286090752,0.35,0.0525,0.0,0.0,constant,1,0,2.0,0.39125428904997495,0.5234099332779991,0.2281289983925458,24.41761258719736,7.629818269715712,0.2281289983925458,nan
normalized-crossfit,NCJT-shell-5d,sphere_shell,5,concentrated,NCJT-shell-5d/concentrated,3,0.018281805645345095,0.07382343266876468,nan,nan,0.001953125,0.2835260425031694,141,0,0,0,2150400,2155776,0,0.2598634000023594,0.9159543460168552,0.853917197946931,0.35,0.0525,0.0,0.0,constant,1,0,2.0,0.3890752180005029,0.5424283658502591,0.2809729545146371,25.81900619729866,8.183941278985298,0.2809729545146371,nan
normalized-crossfit,NCJT-shell-5d,sphere_shell,5,concentrated,NCJT-shell-5d/concentrated,4,0.018600102894445136,0.07669470786649671,nan,nan,0.0,0.21717821793661818,142,0,0,0,2150400,2155776,0,0.25895680001121946,0.9133401793525006,0.8529615338224057,0.35,0.0525,0.0,0.0,constant,1,0,2.0,0.44813423542474556,0.545675733287641,0.18655921972060058,25.56389808767196,7.201434342134268,0.18655921972060058,nan
normalized-crossfit,NCJT-shell-5d,sphere_shell,5,concentrated,NCJT-shell-5d/concentrated,5,0.019352635317623657,0.0752598478499275,nan,nan,0.001953125,0.25890422604618474,150,0,0,0,2150400,2155776,0,0.269223499999498,0.9151363514991732,0.8525048659815486,0.35,0.0525,0.0,0.0,constant,1,0,2.0,0.4116977933725831,0.5355433620842877,0.21851039832265445,24.993073432389224,7.701770357109593,0.21851039832265445,nan
