arm,kind,tau,target,family,init,cell,seed,budget,virtual_batch,warm_fraction,pulse_period,noise_mix,diagnostic_target_samples,diagnostic_use_large_batch,diagnostic_min_expected_count,diagnostic_gap_count,diagnostic_max_gap_ratio,planned_steps,completed_steps,wall_seconds,generator_forward_calls,generator_example_evals,unique_latent_samples,target_samples,kernel_pairs,sort_work,selector_calls,selector_kernel_pairs,selector_example_evals,tau_counts,ed2,sw1,weighted_reach,mass_l1,event_time,censored,diverged
gated-M1024-f0.70-u,gated,0.5,LBQCD-D01-unequal-min050-K8,unequal,concentrated,LBQCD-D01-unequal-min050-K8/concentrated,0,update,1024,0.7,0,0.0,4096,1,7.375,7,708.4287122053491,400,400,1.1497740999911912,4600,588800,302080,302080,3932160,5734400.0,0,0,0,"{""0.1"": 0, ""0.2"": 0, ""0.5"": 0, ""1.0"": 0, ""2.0"": 0}",0.0218105285562058,0.16060275866445214,1.0,0.0629296875,150,0,0
gated-M1024-f0.70-u,gated,0.5,LBQCD-D01-unequal-min050-K8,unequal,concentrated,LBQCD-D01-unequal-min050-K8/concentrated,1,update,1024,0.7,0,0.0,4096,1,7.0625,7,725.136797411284,400,400,1.2430465000070399,4600,588800,302080,302080,3932160,5734400.0,0,0,0,"{""0.1"": 0, ""0.2"": 0, ""0.5"": 0, ""1.0"": 0, ""2.0"": 0}",0.014881819662576845,0.14654499107730887,1.0,0.038007812500000016,50,0,0
gated-M1024-f0.70-u,gated,0.5,LBQCD-D01-unequal-min050-K8,unequal,concentrated,LBQCD-D01-unequal-min050-K8/concentrated,2,update,1024,0.7,0,0.0,4096,1,7.1875,7,725.4771086239393,400,400,1.2126477999991039,4600,588800,302080,302080,3932160,5734400.0,0,0,0,"{""0.1"": 0, ""0.2"": 0, ""0.5"": 0, ""1.0"": 0, ""2.0"": 0}",0.017326698644466898,0.16098890058623225,1.0,0.11542968749999999,100,0,0
gated-align-M1024-f0.70-u,gated-align,0.5,LBQCD-D01-unequal-min050-K8,unequal,concentrated,LBQCD-D01-unequal-min050-K8/concentrated,0,update,1024,0.7,0,0.0,4096,1,7.375,7,708.4287122053491,400,400,1.2874672999896575,4600,588800,302080,302080,3932160,5734400.0,3,491520,384,"{""0.1"": 0, ""0.2"": 0, ""0.5"": 2, ""1.0"": 0, ""2.0"": 1}",0.026853674129581284,0.17295373605004496,1.0,0.097109375,150,0,0
gated-align-M1024-f0.70-u,gated-align,0.5,LBQCD-D01-unequal-min050-K8,unequal,concentrated,LBQCD-D01-unequal-min050-K8/concentrated,1,update,1024,0.7,0,0.0,4096,1,7.0625,7,725.136797411284,400,400,1.1753958000044804,4600,588800,302080,302080,3932160,5734400.0,3,491520,384,"{""0.1"": 0, ""0.2"": 0, ""0.5"": 1, ""1.0"": 1, ""2.0"": 1}",0.019442580535024234,0.15486437602601202,1.0,0.044960937499999964,50,0,0
gated-align-M1024-f0.70-u,gated-align,0.5,LBQCD-D01-unequal-min050-K8,unequal,concentrated,LBQCD-D01-unequal-min050-K8/concentrated,2,update,1024,0.7,0,0.0,4096,1,7.1875,7,725.4771086239393,400,400,1.1350434999912977,4600,588800,302080,302080,3932160,5734400.0,3,491520,384,"{""0.1"": 0, ""0.2"": 0, ""0.5"": 0, ""1.0"": 2, ""2.0"": 1}",0.014521205950516647,0.1614124234534012,1.0,0.11078125,100,0,0
lbqcd-align-M1024-f0.70-u,align,0.5,LBQCD-D01-unequal-min050-K8,unequal,concentrated,LBQCD-D01-unequal-min050-K8/concentrated,0,update,1024,0.7,0,0.0,0,0,nan,0,nan,400,400,1.2078355999983614,4600,588800,302080,302080,3932160,5734400.0,3,491520,384,"{""0.1"": 0, ""0.2"": 0, ""0.5"": 2, ""1.0"": 0, ""2.0"": 1}",0.026853674129581284,0.17295373605004496,1.0,0.097109375,150,0,0
lbqcd-align-M1024-f0.70-u,align,0.5,LBQCD-D01-unequal-min050-K8,unequal,concentrated,LBQCD-D01-unequal-min050-K8/concentrated,1,update,1024,0.7,0,0.0,0,0,nan,0,nan,400,400,1.2379706000065198,4600,588800,302080,302080,3932160,5734400.0,3,491520,384,"{""0.1"": 0, ""0.2"": 0, ""0.5"": 1, ""1.0"": 1, ""2.0"": 1}",0.019442580535024234,0.15486437602601202,1.0,0.044960937499999964,50,0,0
lbqcd-align-M1024-f0.70-u,align,0.5,LBQCD-D01-unequal-min050-K8,unequal,concentrated,LBQCD-D01-unequal-min050-K8/concentrated,2,update,1024,0.7,0,0.0,0,0,nan,0,nan,400,400,1.2001793000090402,4600,588800,302080,302080,3932160,5734400.0,3,491520,384,"{""0.1"": 0, ""0.2"": 0, ""0.5"": 0, ""1.0"": 2, ""2.0"": 1}",0.014521205950516647,0.1614124234534012,1.0,0.11078125,100,0,0
paper-0.2,paper,0.2,LBQCD-D01-unequal-min050-K8,unequal,concentrated,LBQCD-D01-unequal-min050-K8/concentrated,0,update,0,0.0,0,0.0,0,0,nan,0,nan,400,400,0.8341700999881141,400,51200,51200,51200,13107200,0.0,0,0,0,"{""0.1"": 0, ""0.2"": 0, ""0.5"": 0, ""1.0"": 0, ""2.0"": 0}",0.012940135709264666,0.1531127094934163,1.0,0.08878906250000002,100,0,0
paper-0.2,paper,0.2,LBQCD-D01-unequal-min050-K8,unequal,concentrated,LBQCD-D01-unequal-min050-K8/concentrated,1,update,0,0.0,0,0.0,0,0,nan,0,nan,400,400,0.8680125999962911,400,51200,51200,51200,13107200,0.0,0,0,0,"{""0.1"": 0, ""0.2"": 0, ""0.5"": 0, ""1.0"": 0, ""2.0"": 0}",0.011842598470700239,0.13786795632815724,1.0,0.0640625,50,0,0
paper-0.2,paper,0.2,LBQCD-D01-unequal-min050-K8,unequal,concentrated,LBQCD-D01-unequal-min050-K8/concentrated,2,update,0,0.0,0,0.0,0,0,nan,0,nan,400,400,0.8954439999943133,400,51200,51200,51200,13107200,0.0,0,0,0,"{""0.1"": 0, ""0.2"": 0, ""0.5"": 0, ""1.0"": 0, ""2.0"": 0}",0.012944645781945985,0.1488212335115702,1.0,0.08222656250000002,50,0,0
paper-0.5,paper,0.5,LBQCD-D01-unequal-min050-K8,unequal,concentrated,LBQCD-D01-unequal-min050-K8/concentrated,0,update,0,0.0,0,0.0,0,0,nan,0,nan,400,400,0.8535738000064157,400,51200,51200,51200,13107200,0.0,0,0,0,"{""0.1"": 0, ""0.2"": 0, ""0.5"": 0, ""1.0"": 0, ""2.0"": 0}",0.02523463738585252,0.1626057771680749,1.0,0.09031250000000002,100,0,0
paper-0.5,paper,0.5,LBQCD-D01-unequal-min050-K8,unequal,concentrated,LBQCD-D01-unequal-min050-K8/concentrated,1,update,0,0.0,0,0.0,0,0,nan,0,nan,400,400,0.8193545999965863,400,51200,51200,51200,13107200,0.0,0,0,0,"{""0.1"": 0, ""0.2"": 0, ""0.5"": 0, ""1.0"": 0, ""2.0"": 0}",0.012419901776399733,0.15026235473697477,1.0,0.07343749999999996,100,0,0
paper-0.5,paper,0.5,LBQCD-D01-unequal-min050-K8,unequal,concentrated,LBQCD-D01-unequal-min050-K8/concentrated,2,update,0,0.0,0,0.0,0,0,nan,0,nan,400,400,0.6162779000005685,400,51200,51200,51200,13107200,0.0,0,0,0,"{""0.1"": 0, ""0.2"": 0, ""0.5"": 0, ""1.0"": 0, ""2.0"": 0}",0.014935281546164747,0.16313985421656405,1.0,0.13574218750000003,100,0,0
paper-1,paper,1.0,LBQCD-D01-unequal-min050-K8,unequal,concentrated,LBQCD-D01-unequal-min050-K8/concentrated,0,update,0,0.0,0,0.0,0,0,nan,0,nan,400,400,0.7038111000001663,400,51200,51200,51200,13107200,0.0,0,0,0,"{""0.1"": 0, ""0.2"": 0, ""0.5"": 0, ""1.0"": 0, ""2.0"": 0}",0.02874689712312062,0.1686927389108414,1.0,0.11062500000000003,200,0,0
paper-1,paper,1.0,LBQCD-D01-unequal-min050-K8,unequal,concentrated,LBQCD-D01-unequal-min050-K8/concentrated,1,update,0,0.0,0,0.0,0,0,nan,0,nan,400,400,0.7010367000038968,400,51200,51200,51200,13107200,0.0,0,0,0,"{""0.1"": 0, ""0.2"": 0, ""0.5"": 0, ""1.0"": 0, ""2.0"": 0}",0.011924113595340735,0.15292779967905556,1.0,0.06972656249999998,150,0,0
paper-1,paper,1.0,LBQCD-D01-unequal-min050-K8,unequal,concentrated,LBQCD-D01-unequal-min050-K8/concentrated,2,update,0,0.0,0,0.0,0,0,nan,0,nan,400,400,0.777287000004435,400,51200,51200,51200,13107200,0.0,0,0,0,"{""0.1"": 0, ""0.2"": 0, ""0.5"": 0, ""1.0"": 0, ""2.0"": 0}",0.019381341095712212,0.16972012736377304,1.0,0.17136718750000002,350,0,0
paper-2,paper,2.0,LBQCD-D01-unequal-min050-K8,unequal,concentrated,LBQCD-D01-unequal-min050-K8/concentrated,0,update,0,0.0,0,0.0,0,0,nan,0,nan,400,400,0.8291469999967376,400,51200,51200,51200,13107200,0.0,0,0,0,"{""0.1"": 0, ""0.2"": 0, ""0.5"": 0, ""1.0"": 0, ""2.0"": 0}",0.03372044430221521,0.1829799235288247,0.86,0.1677734375,400,1,0
paper-2,paper,2.0,LBQCD-D01-unequal-min050-K8,unequal,concentrated,LBQCD-D01-unequal-min050-K8/concentrated,1,update,0,0.0,0,0.0,0,0,nan,0,nan,400,400,0.7114544000069145,400,51200,51200,51200,13107200,0.0,0,0,0,"{""0.1"": 0, ""0.2"": 0, ""0.5"": 0, ""1.0"": 0, ""2.0"": 0}",0.01733915690849286,0.18151827360754322,0.86,0.173515625,400,1,0
paper-2,paper,2.0,LBQCD-D01-unequal-min050-K8,unequal,concentrated,LBQCD-D01-unequal-min050-K8/concentrated,2,update,0,0.0,0,0.0,0,0,nan,0,nan,400,400,0.5863371000014013,400,51200,51200,51200,13107200,0.0,0,0,0,"{""0.1"": 0, ""0.2"": 0, ""0.5"": 0, ""1.0"": 0, ""2.0"": 0}",0.028980088516761038,0.19559950859384642,1.0,0.21894531250000004,400,0,0
paper-4,paper,4.0,LBQCD-D01-unequal-min050-K8,unequal,concentrated,LBQCD-D01-unequal-min050-K8/concentrated,0,update,0,0.0,0,0.0,0,0,nan,0,nan,400,400,0.7415989000000991,400,51200,51200,51200,13107200,0.0,0,0,0,"{""0.1"": 0, ""0.2"": 0, ""0.5"": 0, ""1.0"": 0, ""2.0"": 0}",0.03498222939072537,0.19194486981395595,0.86,0.2665234375,400,1,0
paper-4,paper,4.0,LBQCD-D01-unequal-min050-K8,unequal,concentrated,LBQCD-D01-unequal-min050-K8/concentrated,1,update,0,0.0,0,0.0,0,0,nan,0,nan,400,400,0.7185471999982838,400,51200,51200,51200,13107200,0.0,0,0,0,"{""0.1"": 0, ""0.2"": 0, ""0.5"": 0, ""1.0"": 0, ""2.0"": 0}",0.02417857160259551,0.20848349064140625,0.86,0.392890625,400,1,0
paper-4,paper,4.0,LBQCD-D01-unequal-min050-K8,unequal,concentrated,LBQCD-D01-unequal-min050-K8/concentrated,2,update,0,0.0,0,0.0,0,0,nan,0,nan,400,400,0.6475541000108933,400,51200,51200,51200,13107200,0.0,0,0,0,"{""0.1"": 0, ""0.2"": 0, ""0.5"": 0, ""1.0"": 0, ""2.0"": 0}",0.03467430286013995,0.22478367367910124,1.0,0.27199218750000004,400,0,0
qld-v1,qld,0.5,LBQCD-D01-unequal-min050-K8,unequal,concentrated,LBQCD-D01-unequal-min050-K8/concentrated,0,update,0,0.7,0,0.0,0,0,nan,0,nan,400,400,0.35677249998843763,400,51200,51200,51200,3932160,501760.0,0,0,0,"{""0.1"": 0, ""0.2"": 0, ""0.5"": 0, ""1.0"": 0, ""2.0"": 0}",0.02083966037519369,0.15952076006799348,1.0,0.11777343750000002,100,0,0
qld-v1,qld,0.5,LBQCD-D01-unequal-min050-K8,unequal,concentrated,LBQCD-D01-unequal-min050-K8/concentrated,1,update,0,0.7,0,0.0,0,0,nan,0,nan,400,400,0.42592120000335854,400,51200,51200,51200,3932160,501760.0,0,0,0,"{""0.1"": 0, ""0.2"": 0, ""0.5"": 0, ""1.0"": 0, ""2.0"": 0}",0.013503729310657242,0.1514362225211519,1.0,0.129453125,100,0,0
qld-v1,qld,0.5,LBQCD-D01-unequal-min050-K8,unequal,concentrated,LBQCD-D01-unequal-min050-K8/concentrated,2,update,0,0.7,0,0.0,0,0,nan,0,nan,400,400,0.29216810000070836,400,51200,51200,51200,3932160,501760.0,0,0,0,"{""0.1"": 0, ""0.2"": 0, ""0.5"": 0, ""1.0"": 0, ""2.0"": 0}",0.020931325057341077,0.16660808419136308,1.0,0.14777343750000002,100,0,0
rsr-M1024-f0.70-u,rsr,0.5,LBQCD-D01-unequal-min050-K8,unequal,concentrated,LBQCD-D01-unequal-min050-K8/concentrated,0,update,1024,0.7,0,0.0,0,0,nan,0,nan,400,400,1.3183324999990873,4600,588800,302080,302080,3932160,5734400.0,0,0,0,"{""0.1"": 0, ""0.2"": 0, ""0.5"": 0, ""1.0"": 0, ""2.0"": 0}",0.0218105285562058,0.16060275866445214,1.0,0.0629296875,150,0,0
rsr-M1024-f0.70-u,rsr,0.5,LBQCD-D01-unequal-min050-K8,unequal,concentrated,LBQCD-D01-unequal-min050-K8/concentrated,1,update,1024,0.7,0,0.0,0,0,nan,0,nan,400,400,1.2597478000097908,4600,588800,302080,302080,3932160,5734400.0,0,0,0,"{""0.1"": 0, ""0.2"": 0, ""0.5"": 0, ""1.0"": 0, ""2.0"": 0}",0.014881819662576845,0.14654499107730887,1.0,0.038007812500000016,50,0,0
rsr-M1024-f0.70-u,rsr,0.5,LBQCD-D01-unequal-min050-K8,unequal,concentrated,LBQCD-D01-unequal-min050-K8/concentrated,2,update,1024,0.7,0,0.0,0,0,nan,0,nan,400,400,1.1615060000040103,4600,588800,302080,302080,3932160,5734400.0,0,0,0,"{""0.1"": 0, ""0.2"": 0, ""0.5"": 0, ""1.0"": 0, ""2.0"": 0}",0.017326698644466898,0.16098890058623225,1.0,0.11542968749999999,100,0,0
gated-M1024-f0.70-u,gated,0.5,LBQCD-D01-unequal-min050-K8,unequal,missing,LBQCD-D01-unequal-min050-K8/missing,0,update,1024,0.7,0,0.0,4096,1,6.75,7,767.000180206984,400,400,1.3273549000005005,4600,588800,302080,302080,3932160,5734400.0,0,0,0,"{""0.1"": 0, ""0.2"": 0, ""0.5"": 0, ""1.0"": 0, ""2.0"": 0}",0.019289889363687474,0.14624785604924515,1.0,0.07796875,100,0,0
gated-M1024-f0.70-u,gated,0.5,LBQCD-D01-unequal-min050-K8,unequal,missing,LBQCD-D01-unequal-min050-K8/missing,1,update,1024,0.7,0,0.0,4096,1,6.4375,7,732.8272919956668,400,400,1.4267990999942413,4600,588800,302080,302080,3932160,5734400.0,0,0,0,"{""0.1"": 0, ""0.2"": 0, ""0.5"": 0, ""1.0"": 0, ""2.0"": 0}",0.018409100831193292,0.14632152440243784,1.0,0.06507812499999999,100,0,0
gated-M1024-f0.70-u,gated,0.5,LBQCD-D01-unequal-min050-K8,unequal,missing,LBQCD-D01-unequal-min050-K8/missing,2,update,1024,0.7,0,0.0,4096,1,7.25,7,770.0177627705104,400,400,1.3034148000006098,4600,588800,302080,302080,3932160,5734400.0,0,0,0,"{""0.1"": 0, ""0.2"": 0, ""0.5"": 0, ""1.0"": 0, ""2.0"": 0}",0.012626465364279804,0.15203465030352062,1.0,0.09769531249999999,100,0,0
gated-align-M1024-f0.70-u,gated-align,0.5,LBQCD-D01-unequal-min050-K8,unequal,missing,LBQCD-D01-unequal-min050-K8/missing,0,update,1024,0.7,0,0.0,4096,1,6.75,7,767.000180206984,400,400,1.1095726999919862,4600,588800,302080,302080,3932160,5734400.0,3,491520,384,"{""0.1"": 0, ""0.2"": 0, ""0.5"": 1, ""1.0"": 2, ""2.0"": 0}",0.017899864593409198,0.1466674310669441,1.0,0.10140625,100,0,0
gated-align-M1024-f0.70-u,gated-align,0.5,LBQCD-D01-unequal-min050-K8,unequal,missing,LBQCD-D01-unequal-min050-K8/missing,1,update,1024,0.7,0,0.0,4096,1,6.4375,7,732.8272919956668,400,400,1.26179580000462,4600,588800,302080,302080,3932160,5734400.0,3,491520,384,"{""0.1"": 0, ""0.2"": 0, ""0.5"": 0, ""1.0"": 3, ""2.0"": 0}",0.018712014925977183,0.14663593270376615,1.0,0.06996093749999999,100,0,0
gated-align-M1024-f0.70-u,gated-align,0.5,LBQCD-D01-unequal-min050-K8,unequal,missing,LBQCD-D01-unequal-min050-K8/missing,2,update,1024,0.7,0,0.0,4096,1,7.25,7,770.0177627705104,400,400,1.246830999996746,4600,588800,302080,302080,3932160,5734400.0,3,491520,384,"{""0.1"": 0, ""0.2"": 0, ""0.5"": 1, ""1.0"": 2, ""2.0"": 0}",0.012124365932086212,0.15250158217608242,1.0,0.09671874999999999,100,0,0
lbqcd-align-M1024-f0.70-u,align,0.5,LBQCD-D01-unequal-min050-K8,unequal,missing,LBQCD-D01-unequal-min050-K8/missing,0,update,1024,0.7,0,0.0,0,0,nan,0,nan,400,400,1.2769674999872223,4600,588800,302080,302080,3932160,5734400.0,3,491520,384,"{""0.1"": 0, ""0.2"": 0, ""0.5"": 1, ""1.0"": 2, ""2.0"": 0}",0.017899864593409198,0.1466674310669441,1.0,0.10140625,100,0,0
lbqcd-align-M1024-f0.70-u,align,0.5,LBQCD-D01-unequal-min050-K8,unequal,missing,LBQCD-D01-unequal-min050-K8/missing,1,update,1024,0.7,0,0.0,0,0,nan,0,nan,400,400,1.3658339000103297,4600,588800,302080,302080,3932160,5734400.0,3,491520,384,"{""0.1"": 0, ""0.2"": 0, ""0.5"": 0, ""1.0"": 3, ""2.0"": 0}",0.018712014925977183,0.14663593270376615,1.0,0.06996093749999999,100,0,0
lbqcd-align-M1024-f0.70-u,align,0.5,LBQCD-D01-unequal-min050-K8,unequal,missing,LBQCD-D01-unequal-min050-K8/missing,2,update,1024,0.7,0,0.0,0,0,nan,0,nan,400,400,1.2293062999960966,4600,588800,302080,302080,3932160,5734400.0,3,491520,384,"{""0.1"": 0, ""0.2"": 0, ""0.5"": 1, ""1.0"": 2, ""2.0"": 0}",0.012124365932086212,0.15250158217608242,1.0,0.09671874999999999,100,0,0
paper-0.2,paper,0.2,LBQCD-D01-unequal-min050-K8,unequal,missing,LBQCD-D01-unequal-min050-K8/missing,0,update,0,0.0,0,0.0,0,0,nan,0,nan,400,400,0.7007239000085974,400,51200,51200,51200,13107200,0.0,0,0,0,"{""0.1"": 0, ""0.2"": 0, ""0.5"": 0, ""1.0"": 0, ""2.0"": 0}",0.0213053085394046,0.14993552908655305,1.0,0.0909375,100,0,0
paper-0.2,paper,0.2,LBQCD-D01-unequal-min050-K8,unequal,missing,LBQCD-D01-unequal-min050-K8/missing,1,update,0,0.0,0,0.0,0,0,nan,0,nan,400,400,0.8192869999911636,400,51200,51200,51200,13107200,0.0,0,0,0,"{""0.1"": 0, ""0.2"": 0, ""0.5"": 0, ""1.0"": 0, ""2.0"": 0}",0.02161325667545766,0.16689334267170228,1.0,0.0867578125,100,0,0
paper-0.2,paper,0.2,LBQCD-D01-unequal-min050-K8,unequal,missing,LBQCD-D01-unequal-min050-K8/missing,2,update,0,0.0,0,0.0,0,0,nan,0,nan,400,400,0.7924287000059849,400,51200,51200,51200,13107200,0.0,0,0,0,"{""0.1"": 0, ""0.2"": 0, ""0.5"": 0, ""1.0"": 0, ""2.0"": 0}",0.015347944644719336,0.16918358912683618,1.0,0.0760546875,100,0,0
paper-0.5,paper,0.5,LBQCD-D01-unequal-min050-K8,unequal,missing,LBQCD-D01-unequal-min050-K8/missing,0,update,0,0.0,0,0.0,0,0,nan,0,nan,400,400,0.9484115000086604,400,51200,51200,51200,13107200,0.0,0,0,0,"{""0.1"": 0, ""0.2"": 0, ""0.5"": 0, ""1.0"": 0, ""2.0"": 0}",0.021286563840472006,0.159203623451508,1.0,0.06890625,100,0,0
paper-0.5,paper,0.5,LBQCD-D01-unequal-min050-K8,unequal,missing,LBQCD-D01-unequal-min050-K8/missing,1,update,0,0.0,0,0.0,0,0,nan,0,nan,400,400,0.73361450000084,400,51200,51200,51200,13107200,0.0,0,0,0,"{""0.1"": 0, ""0.2"": 0, ""0.5"": 0, ""1.0"": 0, ""2.0"": 0}",0.021510582012495227,0.15442500836626158,1.0,0.104609375,100,0,0
paper-0.5,paper,0.5,LBQCD-D01-unequal-min050-K8,unequal,missing,LBQCD-D01-unequal-min050-K8/missing,2,update,0,0.0,0,0.0,0,0,nan,0,nan,400,400,0.7778504000016255,400,51200,51200,51200,13107200,0.0,0,0,0,"{""0.1"": 0, ""0.2"": 0, ""0.5"": 0, ""1.0"": 0, ""2.0"": 0}",0.015018158678531845,0.14125246507316874,1.0,0.06085937499999999,100,0,0
paper-1,paper,1.0,LBQCD-D01-unequal-min050-K8,unequal,missing,LBQCD-D01-unequal-min050-K8/missing,0,update,0,0.0,0,0.0,0,0,nan,0,nan,400,400,0.9051925999956438,400,51200,51200,51200,13107200,0.0,0,0,0,"{""0.1"": 0, ""0.2"": 0, ""0.5"": 0, ""1.0"": 0, ""2.0"": 0}",0.02362799290929729,0.15594146941865486,1.0,0.11976562499999999,150,0,0
paper-1,paper,1.0,LBQCD-D01-unequal-min050-K8,unequal,missing,LBQCD-D01-unequal-min050-K8/missing,1,update,0,0.0,0,0.0,0,0,nan,0,nan,400,400,0.769104699997115,400,51200,51200,51200,13107200,0.0,0,0,0,"{""0.1"": 0, ""0.2"": 0, ""0.5"": 0, ""1.0"": 0, ""2.0"": 0}",0.022591253062664407,0.1634037120107165,1.0,0.108984375,100,0,0
paper-1,paper,1.0,LBQCD-D01-unequal-min050-K8,unequal,missing,LBQCD-D01-unequal-min050-K8/missing,2,update,0,0.0,0,0.0,0,0,nan,0,nan,400,400,0.6290271999896504,400,51200,51200,51200,13107200,0.0,0,0,0,"{""0.1"": 0, ""0.2"": 0, ""0.5"": 0, ""1.0"": 0, ""2.0"": 0}",0.013929365592762588,0.1509437279036196,1.0,0.101875,100,0,0
paper-2,paper,2.0,LBQCD-D01-unequal-min050-K8,unequal,missing,LBQCD-D01-unequal-min050-K8/missing,0,update,0,0.0,0,0.0,0,0,nan,0,nan,400,400,0.7617328999913298,400,51200,51200,51200,13107200,0.0,0,0,0,"{""0.1"": 0, ""0.2"": 0, ""0.5"": 0, ""1.0"": 0, ""2.0"": 0}",0.02809043372425113,0.17383900795393642,1.0,0.17515624999999999,150,0,0
paper-2,paper,2.0,LBQCD-D01-unequal-min050-K8,unequal,missing,LBQCD-D01-unequal-min050-K8/missing,1,update,0,0.0,0,0.0,0,0,nan,0,nan,400,400,0.8430886999994982,400,51200,51200,51200,13107200,0.0,0,0,0,"{""0.1"": 0, ""0.2"": 0, ""0.5"": 0, ""1.0"": 0, ""2.0"": 0}",0.025036642272212806,0.17470132825288462,1.0,0.15765625,150,0,0
paper-2,paper,2.0,LBQCD-D01-unequal-min050-K8,unequal,missing,LBQCD-D01-unequal-min050-K8/missing,2,update,0,0.0,0,0.0,0,0,nan,0,nan,400,400,0.7811203000019304,400,51200,51200,51200,13107200,0.0,0,0,0,"{""0.1"": 0, ""0.2"": 0, ""0.5"": 0, ""1.0"": 0, ""2.0"": 0}",0.018894039818777353,0.18159712266850545,1.0,0.14191406250000002,100,0,0
paper-4,paper,4.0,LBQCD-D01-unequal-min050-K8,unequal,missing,LBQCD-D01-unequal-min050-K8/missing,0,update,0,0.0,0,0.0,0,0,nan,0,nan,400,400,0.5758050000004005,400,51200,51200,51200,13107200,0.0,0,0,0,"{""0.1"": 0, ""0.2"": 0, ""0.5"": 0, ""1.0"": 0, ""2.0"": 0}",0.07531297180913898,0.3580063806415123,0.91,0.501484375,300,0,0
paper-4,paper,4.0,LBQCD-D01-unequal-min050-K8,unequal,missing,LBQCD-D01-unequal-min050-K8/missing,1,update,0,0.0,0,0.0,0,0,nan,0,nan,400,400,0.7017770999955246,400,51200,51200,51200,13107200,0.0,0,0,0,"{""0.1"": 0, ""0.2"": 0, ""0.5"": 0, ""1.0"": 0, ""2.0"": 0}",0.05526832315328334,0.2883658175485353,0.91,0.39675781250000003,250,0,0
paper-4,paper,4.0,LBQCD-D01-unequal-min050-K8,unequal,missing,LBQCD-D01-unequal-min050-K8/missing,2,update,0,0.0,0,0.0,0,0,nan,0,nan,400,400,0.7748967999941669,400,51200,51200,51200,13107200,0.0,0,0,0,"{""0.1"": 0, ""0.2"": 0, ""0.5"": 0, ""1.0"": 0, ""2.0"": 0}",0.04657996088173477,0.28513529384299097,0.91,0.40066406250000003,150,0,0
qld-v1,qld,0.5,LBQCD-D01-unequal-min050-K8,unequal,missing,LBQCD-D01-unequal-min050-K8/missing,0,update,0,0.7,0,0.0,0,0,nan,0,nan,400,400,0.3826485000026878,400,51200,51200,51200,3932160,501760.0,0,0,0,"{""0.1"": 0, ""0.2"": 0, ""0.5"": 0, ""1.0"": 0, ""2.0"": 0}",0.024983469263369917,0.1516477509745107,1.0,0.084296875,100,0,0
qld-v1,qld,0.5,LBQCD-D01-unequal-min050-K8,unequal,missing,LBQCD-D01-unequal-min050-K8/missing,1,update,0,0.7,0,0.0,0,0,nan,0,nan,400,400,0.3421630999946501,400,51200,51200,51200,3932160,501760.0,0,0,0,"{""0.1"": 0, ""0.2"": 0, ""0.5"": 0, ""1.0"": 0, ""2.0"": 0}",0.022571213554384517,0.15369640608985854,1.0,0.09046874999999999,100,0,0
qld-v1,qld,0.5,LBQCD-D01-unequal-min050-K8,unequal,missing,LBQCD-D01-unequal-min050-K8/missing,2,update,0,0.7,0,0.0,0,0,nan,0,nan,400,400,0.34099359999527223,400,51200,51200,51200,3932160,501760.0,0,0,0,"{""0.1"": 0, ""0.2"": 0, ""0.5"": 0, ""1.0"": 0, ""2.0"": 0}",0.01775071534374395,0.17100047522228454,1.0,0.08890624999999999,100,0,0
rsr-M1024-f0.70-u,rsr,0.5,LBQCD-D01-unequal-min050-K8,unequal,missing,LBQCD-D01-unequal-min050-K8/missing,0,update,1024,0.7,0,0.0,0,0,nan,0,nan,400,400,1.2081670999905327,4600,588800,302080,302080,3932160,5734400.0,0,0,0,"{""0.1"": 0, ""0.2"": 0, ""0.5"": 0, ""1.0"": 0, ""2.0"": 0}",0.019289889363687474,0.14624785604924515,1.0,0.07796875,100,0,0
rsr-M1024-f0.70-u,rsr,0.5,LBQCD-D01-unequal-min050-K8,unequal,missing,LBQCD-D01-unequal-min050-K8/missing,1,update,1024,0.7,0,0.0,0,0,nan,0,nan,400,400,1.3088848000043072,4600,588800,302080,302080,3932160,5734400.0,0,0,0,"{""0.1"": 0, ""0.2"": 0, ""0.5"": 0, ""1.0"": 0, ""2.0"": 0}",0.018409100831193292,0.14632152440243784,1.0,0.06507812499999999,100,0,0
rsr-M1024-f0.70-u,rsr,0.5,LBQCD-D01-unequal-min050-K8,unequal,missing,LBQCD-D01-unequal-min050-K8/missing,2,update,1024,0.7,0,0.0,0,0,nan,0,nan,400,400,1.2274260999984108,4600,588800,302080,302080,3932160,5734400.0,0,0,0,"{""0.1"": 0, ""0.2"": 0, ""0.5"": 0, ""1.0"": 0, ""2.0"": 0}",0.012626465364279804,0.15203465030352062,1.0,0.09769531249999999,100,0,0
gated-M1024-f0.70-u,gated,0.5,LBQCD-D02-unequal-min030-K10,unequal,concentrated,LBQCD-D02-unequal-min030-K10/concentrated,0,update,1024,0.7,0,0.0,4096,1,4.1875,9,592.2135401121122,400,400,1.1618625999981305,4600,588800,302080,302080,3932160,5734400.0,0,0,0,"{""0.1"": 0, ""0.2"": 0, ""0.5"": 0, ""1.0"": 0, ""2.0"": 0}",0.007932020876773471,0.10906809931006388,1.0,0.0642578125,50,0,0
gated-M1024-f0.70-u,gated,0.5,LBQCD-D02-unequal-min030-K10,unequal,concentrated,LBQCD-D02-unequal-min030-K10/concentrated,1,update,1024,0.7,0,0.0,4096,1,4.6875,9,601.4953974936664,400,400,1.3005240999918897,4600,588800,302080,302080,3932160,5734400.0,0,0,0,"{""0.1"": 0, ""0.2"": 0, ""0.5"": 0, ""1.0"": 0, ""2.0"": 0}",0.008705134521828084,0.11369708386850116,1.0,0.089765625,50,0,0
gated-M1024-f0.70-u,gated,0.5,LBQCD-D02-unequal-min030-K10,unequal,concentrated,LBQCD-D02-unequal-min030-K10/concentrated,2,update,1024,0.7,0,0.0,4096,1,3.375,9,653.4581190730954,400,400,1.1866915000136942,4600,588800,302080,302080,3932160,5734400.0,0,0,0,"{""0.1"": 0, ""0.2"": 0, ""0.5"": 0, ""1.0"": 0, ""2.0"": 0}",0.0087144735328466,0.12425530710864403,1.0,0.07042968749999999,50,0,0
gated-align-M1024-f0.70-u,gated-align,0.5,LBQCD-D02-unequal-min030-K10,unequal,concentrated,LBQCD-D02-unequal-min030-K10/concentrated,0,update,1024,0.7,0,0.0,4096,1,4.1875,9,592.2135401121122,400,400,1.2472962000028929,4600,588800,302080,302080,3932160,5734400.0,3,491520,384,"{""0.1"": 0, ""0.2"": 0, ""0.5"": 2, ""1.0"": 0, ""2.0"": 1}",0.00859430401392558,0.10967314000407942,1.0,0.059375,50,0,0
gated-align-M1024-f0.70-u,gated-align,0.5,LBQCD-D02-unequal-min030-K10,unequal,concentrated,LBQCD-D02-unequal-min030-K10/concentrated,1,update,1024,0.7,0,0.0,4096,1,4.6875,9,601.4953974936664,400,400,1.2888740999915171,4600,588800,302080,302080,3932160,5734400.0,3,491520,384,"{""0.1"": 0, ""0.2"": 0, ""0.5"": 1, ""1.0"": 2, ""2.0"": 0}",0.008294448979978775,0.12084100923619188,1.0,0.08648437499999999,50,0,0
gated-align-M1024-f0.70-u,gated-align,0.5,LBQCD-D02-unequal-min030-K10,unequal,concentrated,LBQCD-D02-unequal-min030-K10/concentrated,2,update,1024,0.7,0,0.0,4096,1,3.375,9,653.4581190730954,400,400,1.2345347999944352,4600,588800,302080,302080,3932160,5734400.0,3,491520,384,"{""0.1"": 0, ""0.2"": 1, ""0.5"": 1, ""1.0"": 1, ""2.0"": 0}",0.009738480408819417,0.13096606679262093,1.0,0.0793359375,50,0,0
lbqcd-align-M1024-f0.70-u,align,0.5,LBQCD-D02-unequal-min030-K10,unequal,concentrated,LBQCD-D02-unequal-min030-K10/concentrated,0,update,1024,0.7,0,0.0,0,0,nan,0,nan,400,400,1.2023872999998275,4600,588800,302080,302080,3932160,5734400.0,3,491520,384,"{""0.1"": 0, ""0.2"": 0, ""0.5"": 2, ""1.0"": 0, ""2.0"": 1}",0.00859430401392558,0.10967314000407942,1.0,0.059375,50,0,0
lbqcd-align-M1024-f0.70-u,align,0.5,LBQCD-D02-unequal-min030-K10,unequal,concentrated,LBQCD-D02-unequal-min030-K10/concentrated,1,update,1024,0.7,0,0.0,0,0,nan,0,nan,400,400,1.107249499997124,4600,588800,302080,302080,3932160,5734400.0,3,491520,384,"{""0.1"": 0, ""0.2"": 0, ""0.5"": 1, ""1.0"": 2, ""2.0"": 0}",0.008294448979978775,0.12084100923619188,1.0,0.08648437499999999,50,0,0
lbqcd-align-M1024-f0.70-u,align,0.5,LBQCD-D02-unequal-min030-K10,unequal,concentrated,LBQCD-D02-unequal-min030-K10/concentrated,2,update,1024,0.7,0,0.0,0,0,nan,0,nan,400,400,1.3138425999932224,4600,588800,302080,302080,3932160,5734400.0,3,491520,384,"{""0.1"": 0, ""0.2"": 1, ""0.5"": 1, ""1.0"": 1, ""2.0"": 0}",0.009738480408819417,0.13096606679262093,1.0,0.0793359375,50,0,0
paper-0.2,paper,0.2,LBQCD-D02-unequal-min030-K10,unequal,concentrated,LBQCD-D02-unequal-min030-K10/concentrated,0,update,0,0.0,0,0.0,0,0,nan,0,nan,400,400,0.5814498999970965,400,51200,51200,51200,13107200,0.0,0,0,0,"{""0.1"": 0, ""0.2"": 0, ""0.5"": 0, ""1.0"": 0, ""2.0"": 0}",0.00698254228486217,0.10761615133457396,1.0,0.08265625,50,0,0
paper-0.2,paper,0.2,LBQCD-D02-unequal-min030-K10,unequal,concentrated,LBQCD-D02-unequal-min030-K10/concentrated,1,update,0,0.0,0,0.0,0,0,nan,0,nan,400,400,0.8426994000037666,400,51200,51200,51200,13107200,0.0,0,0,0,"{""0.1"": 0, ""0.2"": 0, ""0.5"": 0, ""1.0"": 0, ""2.0"": 0}",0.01144912618826166,0.13290996543752454,1.0,0.10882812499999998,50,0,0
paper-0.2,paper,0.2,LBQCD-D02-unequal-min030-K10,unequal,concentrated,LBQCD-D02-unequal-min030-K10/concentrated,2,update,0,0.0,0,0.0,0,0,nan,0,nan,400,400,0.7250545999995666,400,51200,51200,51200,13107200,0.0,0,0,0,"{""0.1"": 0, ""0.2"": 0, ""0.5"": 0, ""1.0"": 0, ""2.0"": 0}",0.008853221410830114,0.12559584292212192,1.0,0.06218749999999999,50,0,0
paper-0.5,paper,0.5,LBQCD-D02-unequal-min030-K10,unequal,concentrated,LBQCD-D02-unequal-min030-K10/concentrated,0,update,0,0.0,0,0.0,0,0,nan,0,nan,400,400,0.5768277999886777,400,51200,51200,51200,13107200,0.0,0,0,0,"{""0.1"": 0, ""0.2"": 0, ""0.5"": 0, ""1.0"": 0, ""2.0"": 0}",0.007998268918559592,0.10781681849376823,1.0,0.04347656249999997,50,0,0
paper-0.5,paper,0.5,LBQCD-D02-unequal-min030-K10,unequal,concentrated,LBQCD-D02-unequal-min030-K10/concentrated,1,update,0,0.0,0,0.0,0,0,nan,0,nan,400,400,0.5202540000027511,400,51200,51200,51200,13107200,0.0,0,0,0,"{""0.1"": 0, ""0.2"": 0, ""0.5"": 0, ""1.0"": 0, ""2.0"": 0}",0.010567867330815828,0.12210743787341764,1.0,0.10195312500000002,50,0,0
paper-0.5,paper,0.5,LBQCD-D02-unequal-min030-K10,unequal,concentrated,LBQCD-D02-unequal-min030-K10/concentrated,2,update,0,0.0,0,0.0,0,0,nan,0,nan,400,400,0.8607899999915389,400,51200,51200,51200,13107200,0.0,0,0,0,"{""0.1"": 0, ""0.2"": 0, ""0.5"": 0, ""1.0"": 0, ""2.0"": 0}",0.016844486656792057,0.11268970288132,1.0,0.08820312499999998,50,0,0
paper-1,paper,1.0,LBQCD-D02-unequal-min030-K10,unequal,concentrated,LBQCD-D02-unequal-min030-K10/concentrated,0,update,0,0.0,0,0.0,0,0,nan,0,nan,400,400,0.8074723000027006,400,51200,51200,51200,13107200,0.0,0,0,0,"{""0.1"": 0, ""0.2"": 0, ""0.5"": 0, ""1.0"": 0, ""2.0"": 0}",0.00743920805668008,0.11406343117920904,1.0,0.08296874999999997,50,0,0
paper-1,paper,1.0,LBQCD-D02-unequal-min030-K10,unequal,concentrated,LBQCD-D02-unequal-min030-K10/concentrated,1,update,0,0.0,0,0.0,0,0,nan,0,nan,400,400,0.7227483999886317,400,51200,51200,51200,13107200,0.0,0,0,0,"{""0.1"": 0, ""0.2"": 0, ""0.5"": 0, ""1.0"": 0, ""2.0"": 0}",0.010979280992880813,0.11956423559386645,1.0,0.12453125000000002,100,0,0
paper-1,paper,1.0,LBQCD-D02-unequal-min030-K10,unequal,concentrated,LBQCD-D02-unequal-min030-K10/concentrated,2,update,0,0.0,0,0.0,0,0,nan,0,nan,400,400,0.5205757999938214,400,51200,51200,51200,13107200,0.0,0,0,0,"{""0.1"": 0, ""0.2"": 0, ""0.5"": 0, ""1.0"": 0, ""2.0"": 0}",0.01756811056599883,0.11846998700921918,1.0,0.12503906250000002,100,0,0
paper-2,paper,2.0,LBQCD-D02-unequal-min030-K10,unequal,concentrated,LBQCD-D02-unequal-min030-K10/concentrated,0,update,0,0.0,0,0.0,0,0,nan,0,nan,400,400,0.8645063000003574,400,51200,51200,51200,13107200,0.0,0,0,0,"{""0.1"": 0, ""0.2"": 0, ""0.5"": 0, ""1.0"": 0, ""2.0"": 0}",0.007025280815362578,0.12988704084690753,1.0,0.10710937499999999,50,0,0
paper-2,paper,2.0,LBQCD-D02-unequal-min030-K10,unequal,concentrated,LBQCD-D02-unequal-min030-K10/concentrated,1,update,0,0.0,0,0.0,0,0,nan,0,nan,400,400,0.8866515999980038,400,51200,51200,51200,13107200,0.0,0,0,0,"{""0.1"": 0, ""0.2"": 0, ""0.5"": 0, ""1.0"": 0, ""2.0"": 0}",0.011169664225774145,0.126130324242551,0.97,0.12160156250000002,50,0,0
paper-2,paper,2.0,LBQCD-D02-unequal-min030-K10,unequal,concentrated,LBQCD-D02-unequal-min030-K10/concentrated,2,update,0,0.0,0,0.0,0,0,nan,0,nan,400,400,0.46031320000474807,400,51200,51200,51200,13107200,0.0,0,0,0,"{""0.1"": 0, ""0.2"": 0, ""0.5"": 0, ""1.0"": 0, ""2.0"": 0}",0.018112859012638705,0.1277547683140828,0.97,0.0994140625,50,0,0
paper-4,paper,4.0,LBQCD-D02-unequal-min030-K10,unequal,concentrated,LBQCD-D02-unequal-min030-K10/concentrated,0,update,0,0.0,0,0.0,0,0,nan,0,nan,400,400,0.7174817000050098,400,51200,51200,51200,13107200,0.0,0,0,0,"{""0.1"": 0, ""0.2"": 0, ""0.5"": 0, ""1.0"": 0, ""2.0"": 0}",0.008043682912437067,0.15732646191108496,1.0,0.1543359375,50,0,0
paper-4,paper,4.0,LBQCD-D02-unequal-min030-K10,unequal,concentrated,LBQCD-D02-unequal-min030-K10/concentrated,1,update,0,0.0,0,0.0,0,0,nan,0,nan,400,400,0.8089729999919655,400,51200,51200,51200,13107200,0.0,0,0,0,"{""0.1"": 0, ""0.2"": 0, ""0.5"": 0, ""1.0"": 0, ""2.0"": 0}",0.01174274175812573,0.13980954878396823,0.97,0.1621484375,50,0,0
paper-4,paper,4.0,LBQCD-D02-unequal-min030-K10,unequal,concentrated,LBQCD-D02-unequal-min030-K10/concentrated,2,update,0,0.0,0,0.0,0,0,nan,0,nan,400,400,0.51267640000151,400,51200,51200,51200,13107200,0.0,0,0,0,"{""0.1"": 0, ""0.2"": 0, ""0.5"": 0, ""1.0"": 0, ""2.0"": 0}",0.020592399448833953,0.13554456471599838,0.97,0.12292968749999998,50,0,0
qld-v1,qld,0.5,LBQCD-D02-unequal-min030-K10,unequal,concentrated,LBQCD-D02-unequal-min030-K10/concentrated,0,update,0,0.7,0,0.0,0,0,nan,0,nan,400,400,0.3732717000093544,400,51200,51200,51200,3932160,501760.0,0,0,0,"{""0.1"": 0, ""0.2"": 0, ""0.5"": 0, ""1.0"": 0, ""2.0"": 0}",0.007452535516831782,0.11449290649954702,1.0,0.090078125,50,0,0
qld-v1,qld,0.5,LBQCD-D02-unequal-min030-K10,unequal,concentrated,LBQCD-D02-unequal-min030-K10/concentrated,1,update,0,0.7,0,0.0,0,0,nan,0,nan,400,400,0.36727539999992587,400,51200,51200,51200,3932160,501760.0,0,0,0,"{""0.1"": 0, ""0.2"": 0, ""0.5"": 0, ""1.0"": 0, ""2.0"": 0}",0.008247819768252285,0.1226248850637407,1.0,0.11386718750000001,50,0,0
qld-v1,qld,0.5,LBQCD-D02-unequal-min030-K10,unequal,concentrated,LBQCD-D02-unequal-min030-K10/concentrated,2,update,0,0.7,0,0.0,0,0,nan,0,nan,400,400,0.37920510000549257,400,51200,51200,51200,3932160,501760.0,0,0,0,"{""0.1"": 0, ""0.2"": 0, ""0.5"": 0, ""1.0"": 0, ""2.0"": 0}",0.009567835344048481,0.12092213514523474,1.0,0.07843749999999998,50,0,0
rsr-M1024-f0.70-u,rsr,0.5,LBQCD-D02-unequal-min030-K10,unequal,concentrated,LBQCD-D02-unequal-min030-K10/concentrated,0,update,1024,0.7,0,0.0,0,0,nan,0,nan,400,400,1.2495363999914844,4600,588800,302080,302080,3932160,5734400.0,0,0,0,"{""0.1"": 0, ""0.2"": 0, ""0.5"": 0, ""1.0"": 0, ""2.0"": 0}",0.007932020876773471,0.10906809931006388,1.0,0.0642578125,50,0,0
rsr-M1024-f0.70-u,rsr,0.5,LBQCD-D02-unequal-min030-K10,unequal,concentrated,LBQCD-D02-unequal-min030-K10/concentrated,1,update,1024,0.7,0,0.0,0,0,nan,0,nan,400,400,1.1855555999936769,4600,588800,302080,302080,3932160,5734400.0,0,0,0,"{""0.1"": 0, ""0.2"": 0, ""0.5"": 0, ""1.0"": 0, ""2.0"": 0}",0.008705134521828084,0.11369708386850116,1.0,0.089765625,50,0,0
rsr-M1024-f0.70-u,rsr,0.5,LBQCD-D02-unequal-min030-K10,unequal,concentrated,LBQCD-D02-unequal-min030-K10/concentrated,2,update,1024,0.7,0,0.0,0,0,nan,0,nan,400,400,1.2894187000056263,4600,588800,302080,302080,3932160,5734400.0,0,0,0,"{""0.1"": 0, ""0.2"": 0, ""0.5"": 0, ""1.0"": 0, ""2.0"": 0}",0.0087144735328466,0.12425530710864403,1.0,0.07042968749999999,50,0,0
gated-M1024-f0.70-u,gated,0.5,LBQCD-D02-unequal-min030-K10,unequal,missing,LBQCD-D02-unequal-min030-K10/missing,0,update,1024,0.7,0,0.0,4096,1,4.4375,9,624.1647627793877,400,400,1.215220500002033,4600,588800,302080,302080,3932160,5734400.0,0,0,0,"{""0.1"": 0, ""0.2"": 0, ""0.5"": 0, ""1.0"": 0, ""2.0"": 0}",0.010281560220117836,0.11787144395889461,1.0,0.1529296875,100,0,0
gated-M1024-f0.70-u,gated,0.5,LBQCD-D02-unequal-min030-K10,unequal,missing,LBQCD-D02-unequal-min030-K10/missing,1,update,1024,0.7,0,0.0,4096,1,3.875,9,610.7866530891872,400,400,1.3223553999996511,4600,588800,302080,302080,3932160,5734400.0,0,0,0,"{""0.1"": 0, ""0.2"": 0, ""0.5"": 0, ""1.0"": 0, ""2.0"": 0}",0.01943948026340503,0.12393950189303497,1.0,0.11035156249999999,100,0,0
gated-M1024-f0.70-u,gated,0.5,LBQCD-D02-unequal-min030-K10,unequal,missing,LBQCD-D02-unequal-min030-K10/missing,2,update,1024,0.7,0,0.0,4096,1,4.625,9,614.2142499888038,400,400,1.2371543999906862,4600,588800,302080,302080,3932160,5734400.0,0,0,0,"{""0.1"": 0, ""0.2"": 0, ""0.5"": 0, ""1.0"": 0, ""2.0"": 0}",0.015249230672573333,0.11912515039814818,0.97,0.145703125,100,0,0
gated-align-M1024-f0.70-u,gated-align,0.5,LBQCD-D02-unequal-min030-K10,unequal,missing,LBQCD-D02-unequal-min030-K10/missing,0,update,1024,0.7,0,0.0,4096,1,4.4375,9,624.1647627793877,400,400,1.1418412000057288,4600,588800,302080,302080,3932160,5734400.0,3,491520,384,"{""0.1"": 0, ""0.2"": 0, ""0.5"": 1, ""1.0"": 1, ""2.0"": 1}",0.009856159045902313,0.12160160129639654,1.0,0.1470703125,100,0,0
gated-align-M1024-f0.70-u,gated-align,0.5,LBQCD-D02-unequal-min030-K10,unequal,missing,LBQCD-D02-unequal-min030-K10/missing,1,update,1024,0.7,0,0.0,4096,1,3.875,9,610.7866530891872,400,400,1.2105183999956353,4600,588800,302080,302080,3932160,5734400.0,3,491520,384,"{""0.1"": 0, ""0.2"": 0, ""0.5"": 1, ""1.0"": 2, ""2.0"": 0}",0.015235394918347023,0.12259776115124331,1.0,0.1165625,100,0,0
gated-align-M1024-f0.70-u,gated-align,0.5,LBQCD-D02-unequal-min030-K10,unequal,missing,LBQCD-D02-unequal-min030-K10/missing,2,update,1024,0.7,0,0.0,4096,1,4.625,9,614.2142499888038,400,400,1.2799176999978954,4600,588800,302080,302080,3932160,5734400.0,3,491520,384,"{""0.1"": 0, ""0.2"": 0, ""0.5"": 2, ""1.0"": 0, ""2.0"": 1}",0.01494842420048803,0.11918192681962576,0.97,0.1522265625,100,0,0
lbqcd-align-M1024-f0.70-u,align,0.5,LBQCD-D02-unequal-min030-K10,unequal,missing,LBQCD-D02-unequal-min030-K10/missing,0,update,1024,0.7,0,0.0,0,0,nan,0,nan,400,400,1.2984062999894377,4600,588800,302080,302080,3932160,5734400.0,3,491520,384,"{""0.1"": 0, ""0.2"": 0, ""0.5"": 1, ""1.0"": 1, ""2.0"": 1}",0.009856159045902313,0.12160160129639654,1.0,0.1470703125,100,0,0
lbqcd-align-M1024-f0.70-u,align,0.5,LBQCD-D02-unequal-min030-K10,unequal,missing,LBQCD-D02-unequal-min030-K10/missing,1,update,1024,0.7,0,0.0,0,0,nan,0,nan,400,400,1.243811899999855,4600,588800,302080,302080,3932160,5734400.0,3,491520,384,"{""0.1"": 0, ""0.2"": 0, ""0.5"": 1, ""1.0"": 2, ""2.0"": 0}",0.015235394918347023,0.12259776115124331,1.0,0.1165625,100,0,0
lbqcd-align-M1024-f0.70-u,align,0.5,LBQCD-D02-unequal-min030-K10,unequal,missing,LBQCD-D02-unequal-min030-K10/missing,2,update,1024,0.7,0,0.0,0,0,nan,0,nan,400,400,1.294194600006449,4600,588800,302080,302080,3932160,5734400.0,3,491520,384,"{""0.1"": 0, ""0.2"": 0, ""0.5"": 2, ""1.0"": 0, ""2.0"": 1}",0.01494842420048803,0.11918192681962576,0.97,0.1522265625,100,0,0
paper-0.2,paper,0.2,LBQCD-D02-unequal-min030-K10,unequal,missing,LBQCD-D02-unequal-min030-K10/missing,0,update,0,0.0,0,0.0,0,0,nan,0,nan,400,400,0.6300136000063503,400,51200,51200,51200,13107200,0.0,0,0,0,"{""0.1"": 0, ""0.2"": 0, ""0.5"": 0, ""1.0"": 0, ""2.0"": 0}",0.01650962840724568,0.11419838593674728,1.0,0.07812500000000001,50,0,0
paper-0.2,paper,0.2,LBQCD-D02-unequal-min030-K10,unequal,missing,LBQCD-D02-unequal-min030-K10/missing,1,update,0,0.0,0,0.0,0,0,nan,0,nan,400,400,0.8470626000053016,400,51200,51200,51200,13107200,0.0,0,0,0,"{""0.1"": 0, ""0.2"": 0, ""0.5"": 0, ""1.0"": 0, ""2.0"": 0}",0.023130128190450128,0.13155631498266196,1.0,0.084765625,100,0,0
paper-0.2,paper,0.2,LBQCD-D02-unequal-min030-K10,unequal,missing,LBQCD-D02-unequal-min030-K10/missing,2,update,0,0.0,0,0.0,0,0,nan,0,nan,400,400,0.6522834000061266,400,51200,51200,51200,13107200,0.0,0,0,0,"{""0.1"": 0, ""0.2"": 0, ""0.5"": 0, ""1.0"": 0, ""2.0"": 0}",0.017019322470317455,0.121380059757638,1.0,0.08414062500000001,100,0,0
paper-0.5,paper,0.5,LBQCD-D02-unequal-min030-K10,unequal,missing,LBQCD-D02-unequal-min030-K10/missing,0,update,0,0.0,0,0.0,0,0,nan,0,nan,400,400,0.861943700001575,400,51200,51200,51200,13107200,0.0,0,0,0,"{""0.1"": 0, ""0.2"": 0, ""0.5"": 0, ""1.0"": 0, ""2.0"": 0}",0.015359413442405101,0.11652299496991785,1.0,0.08269531249999999,100,0,0
paper-0.5,paper,0.5,LBQCD-D02-unequal-min030-K10,unequal,missing,LBQCD-D02-unequal-min030-K10/missing,1,update,0,0.0,0,0.0,0,0,nan,0,nan,400,400,0.7405253999895649,400,51200,51200,51200,13107200,0.0,0,0,0,"{""0.1"": 0, ""0.2"": 0, ""0.5"": 0, ""1.0"": 0, ""2.0"": 0}",0.012948536728396132,0.11404306365280222,1.0,0.08648437499999999,100,0,0
paper-0.5,paper,0.5,LBQCD-D02-unequal-min030-K10,unequal,missing,LBQCD-D02-unequal-min030-K10/missing,2,update,0,0.0,0,0.0,0,0,nan,0,nan,400,400,0.6292419999954291,400,51200,51200,51200,13107200,0.0,0,0,0,"{""0.1"": 0, ""0.2"": 0, ""0.5"": 0, ""1.0"": 0, ""2.0"": 0}",0.01955454156568015,0.15273973656001594,1.0,0.12906250000000002,100,0,0
paper-1,paper,1.0,LBQCD-D02-unequal-min030-K10,unequal,missing,LBQCD-D02-unequal-min030-K10/missing,0,update,0,0.0,0,0.0,0,0,nan,0,nan,400,400,0.9658861000061734,400,51200,51200,51200,13107200,0.0,0,0,0,"{""0.1"": 0, ""0.2"": 0, ""0.5"": 0, ""1.0"": 0, ""2.0"": 0}",0.019842030914934305,0.14213248158021285,1.0,0.122421875,100,0,0
paper-1,paper,1.0,LBQCD-D02-unequal-min030-K10,unequal,missing,LBQCD-D02-unequal-min030-K10/missing,1,update,0,0.0,0,0.0,0,0,nan,0,nan,400,400,0.6870206000021426,400,51200,51200,51200,13107200,0.0,0,0,0,"{""0.1"": 0, ""0.2"": 0, ""0.5"": 0, ""1.0"": 0, ""2.0"": 0}",0.023799092642183384,0.14388756213363812,1.0,0.15816406249999995,150,0,0
paper-1,paper,1.0,LBQCD-D02-unequal-min030-K10,unequal,missing,LBQCD-D02-unequal-min030-K10/missing,2,update,0,0.0,0,0.0,0,0,nan,0,nan,400,400,0.8238389999896754,400,51200,51200,51200,13107200,0.0,0,0,0,"{""0.1"": 0, ""0.2"": 0, ""0.5"": 0, ""1.0"": 0, ""2.0"": 0}",0.02168382119030965,0.15111328105916122,0.97,0.16218749999999996,150,0,0
paper-2,paper,2.0,LBQCD-D02-unequal-min030-K10,unequal,missing,LBQCD-D02-unequal-min030-K10/missing,0,update,0,0.0,0,0.0,0,0,nan,0,nan,400,400,0.8101002999901539,400,51200,51200,51200,13107200,0.0,0,0,0,"{""0.1"": 0, ""0.2"": 0, ""0.5"": 0, ""1.0"": 0, ""2.0"": 0}",0.02283898599486056,0.16422703331105337,1.0,0.12636718750000003,100,0,0
paper-2,paper,2.0,LBQCD-D02-unequal-min030-K10,unequal,missing,LBQCD-D02-unequal-min030-K10/missing,1,update,0,0.0,0,0.0,0,0,nan,0,nan,400,400,0.7317432000127155,400,51200,51200,51200,13107200,0.0,0,0,0,"{""0.1"": 0, ""0.2"": 0, ""0.5"": 0, ""1.0"": 0, ""2.0"": 0}",0.04044760340993614,0.20040628052595236,0.97,0.16304687499999995,150,0,0
paper-2,paper,2.0,LBQCD-D02-unequal-min030-K10,unequal,missing,LBQCD-D02-unequal-min030-K10/missing,2,update,0,0.0,0,0.0,0,0,nan,0,nan,400,400,0.9034480999980588,400,51200,51200,51200,13107200,0.0,0,0,0,"{""0.1"": 0, ""0.2"": 0, ""0.5"": 0, ""1.0"": 0, ""2.0"": 0}",0.03173079760925712,0.1735592920899097,0.9199999999999999,0.21617187499999999,200,0,0
paper-4,paper,4.0,LBQCD-D02-unequal-min030-K10,unequal,missing,LBQCD-D02-unequal-min030-K10/missing,0,update,0,0.0,0,0.0,0,0,nan,0,nan,400,400,0.7032828999945195,400,51200,51200,51200,13107200,0.0,0,0,0,"{""0.1"": 0, ""0.2"": 0, ""0.5"": 0, ""1.0"": 0, ""2.0"": 0}",0.039189737134271097,0.25919885228228445,0.9199999999999999,0.20511718750000005,200,0,0
paper-4,paper,4.0,LBQCD-D02-unequal-min030-K10,unequal,missing,LBQCD-D02-unequal-min030-K10/missing,1,update,0,0.0,0,0.0,0,0,nan,0,nan,400,400,0.5770112000027439,400,51200,51200,51200,13107200,0.0,0,0,0,"{""0.1"": 0, ""0.2"": 0, ""0.5"": 0, ""1.0"": 0, ""2.0"": 0}",0.08003847826973431,0.36024381769005537,0.9199999999999999,0.36308593749999996,150,0,0
paper-4,paper,4.0,LBQCD-D02-unequal-min030-K10,unequal,missing,LBQCD-D02-unequal-min030-K10/missing,2,update,0,0.0,0,0.0,0,0,nan,0,nan,400,400,0.7836542000004556,400,51200,51200,51200,13107200,0.0,0,0,0,"{""0.1"": 0, ""0.2"": 0, ""0.5"": 0, ""1.0"": 0, ""2.0"": 0}",0.05562454690756091,0.2973077456553508,0.9199999999999999,0.3062890625,400,1,0
qld-v1,qld,0.5,LBQCD-D02-unequal-min030-K10,unequal,missing,LBQCD-D02-unequal-min030-K10/missing,0,update,0,0.7,0,0.0,0,0,nan,0,nan,400,400,0.355504999999539,400,51200,51200,51200,3932160,501760.0,0,0,0,"{""0.1"": 0, ""0.2"": 0, ""0.5"": 0, ""1.0"": 0, ""2.0"": 0}",0.014100504410299752,0.12092692962826151,1.0,0.130234375,100,0,0
qld-v1,qld,0.5,LBQCD-D02-unequal-min030-K10,unequal,missing,LBQCD-D02-unequal-min030-K10/missing,1,update,0,0.7,0,0.0,0,0,nan,0,nan,400,400,0.3594526999950176,400,51200,51200,51200,3932160,501760.0,0,0,0,"{""0.1"": 0, ""0.2"": 0, ""0.5"": 0, ""1.0"": 0, ""2.0"": 0}",0.024073892882391812,0.1345090863019206,0.97,0.11382812499999999,100,0,0
qld-v1,qld,0.5,LBQCD-D02-unequal-min030-K10,unequal,missing,LBQCD-D02-unequal-min030-K10/missing,2,update,0,0.7,0,0.0,0,0,nan,0,nan,400,400,0.37310950001119636,400,51200,51200,51200,3932160,501760.0,0,0,0,"{""0.1"": 0, ""0.2"": 0, ""0.5"": 0, ""1.0"": 0, ""2.0"": 0}",0.02173372168271248,0.14106885729662097,0.97,0.17566406249999997,150,0,0
rsr-M1024-f0.70-u,rsr,0.5,LBQCD-D02-unequal-min030-K10,unequal,missing,LBQCD-D02-unequal-min030-K10/missing,0,update,1024,0.7,0,0.0,0,0,nan,0,nan,400,400,1.2981663000100525,4600,588800,302080,302080,3932160,5734400.0,0,0,0,"{""0.1"": 0, ""0.2"": 0, ""0.5"": 0, ""1.0"": 0, ""2.0"": 0}",0.010281560220117836,0.11787144395889461,1.0,0.1529296875,100,0,0
rsr-M1024-f0.70-u,rsr,0.5,LBQCD-D02-unequal-min030-K10,unequal,missing,LBQCD-D02-unequal-min030-K10/missing,1,update,1024,0.7,0,0.0,0,0,nan,0,nan,400,400,1.2513428999955067,4600,588800,302080,302080,3932160,5734400.0,0,0,0,"{""0.1"": 0, ""0.2"": 0, ""0.5"": 0, ""1.0"": 0, ""2.0"": 0}",0.01943948026340503,0.12393950189303497,1.0,0.11035156249999999,100,0,0
rsr-M1024-f0.70-u,rsr,0.5,LBQCD-D02-unequal-min030-K10,unequal,missing,LBQCD-D02-unequal-min030-K10/missing,2,update,1024,0.7,0,0.0,0,0,nan,0,nan,400,400,1.1716371000075014,4600,588800,302080,302080,3932160,5734400.0,0,0,0,"{""0.1"": 0, ""0.2"": 0, ""0.5"": 0, ""1.0"": 0, ""2.0"": 0}",0.015249230672573333,0.11912515039814818,0.97,0.145703125,100,0,0
gated-M1024-f0.70-u,gated,0.5,LBQCD-D03-unequal-min020-K12,unequal,concentrated,LBQCD-D03-unequal-min020-K12/concentrated,0,update,1024,0.7,0,0.0,4096,1,2.625,11,1045.4748568178086,400,400,1.3692339999979595,4600,588800,302080,302080,3932160,5734400.0,0,0,0,"{""0.1"": 0, ""0.2"": 0, ""0.5"": 0, ""1.0"": 0, ""2.0"": 0}",0.017565313818404427,0.19750532085625355,0.9599999999999997,0.11699218750000007,100,0,0
gated-M1024-f0.70-u,gated,0.5,LBQCD-D03-unequal-min020-K12,unequal,concentrated,LBQCD-D03-unequal-min020-K12/concentrated,1,update,1024,0.7,0,0.0,4096,1,2.1875,11,1020.7746415741793,400,400,1.3138588000001619,4600,588800,302080,302080,3932160,5734400.0,0,0,0,"{""0.1"": 0, ""0.2"": 0, ""0.5"": 0, ""1.0"": 0, ""2.0"": 0}",0.012966741342109067,0.22721102412625163,0.9599999999999997,0.13183593749999992,100,0,0
gated-M1024-f0.70-u,gated,0.5,LBQCD-D03-unequal-min020-K12,unequal,concentrated,LBQCD-D03-unequal-min020-K12/concentrated,2,update,1024,0.7,0,0.0,4096,1,2.75,11,1104.5930871835444,400,400,1.385097800011863,4600,588800,302080,302080,3932160,5734400.0,0,0,0,"{""0.1"": 0, ""0.2"": 0, ""0.5"": 0, ""1.0"": 0, ""2.0"": 0}",0.014922603895848319,0.23091001023976798,0.9599999999999997,0.11355468750000006,100,0,0
gated-align-M1024-f0.70-u,gated-align,0.5,LBQCD-D03-unequal-min020-K12,unequal,concentrated,LBQCD-D03-unequal-min020-K12/concentrated,0,update,1024,0.7,0,0.0,4096,1,2.625,11,1045.4748568178086,400,400,1.4269330000097398,4600,588800,302080,302080,3932160,5734400.0,3,491520,384,"{""0.1"": 0, ""0.2"": 0, ""0.5"": 0, ""1.0"": 2, ""2.0"": 1}",0.016600871118573668,0.19544051435189194,0.9599999999999997,0.11683593750000004,100,0,0
gated-align-M1024-f0.70-u,gated-align,0.5,LBQCD-D03-unequal-min020-K12,unequal,concentrated,LBQCD-D03-unequal-min020-K12/concentrated,1,update,1024,0.7,0,0.0,4096,1,2.1875,11,1020.7746415741793,400,400,1.3630904000019655,4600,588800,302080,302080,3932160,5734400.0,3,491520,384,"{""0.1"": 0, ""0.2"": 0, ""0.5"": 0, ""1.0"": 0, ""2.0"": 3}",0.012174404678554573,0.2089117025352892,0.9599999999999997,0.127734375,100,0,0
gated-align-M1024-f0.70-u,gated-align,0.5,LBQCD-D03-unequal-min020-K12,unequal,concentrated,LBQCD-D03-unequal-min020-K12/concentrated,2,update,1024,0.7,0,0.0,4096,1,2.75,11,1104.5930871835444,400,400,1.3342050000064773,4600,588800,302080,302080,3932160,5734400.0,3,491520,384,"{""0.1"": 0, ""0.2"": 0, ""0.5"": 0, ""1.0"": 2, ""2.0"": 1}",0.014523076434115545,0.23422516603515378,0.9599999999999997,0.10414062500000015,100,0,0
lbqcd-align-M1024-f0.70-u,align,0.5,LBQCD-D03-unequal-min020-K12,unequal,concentrated,LBQCD-D03-unequal-min020-K12/concentrated,0,update,1024,0.7,0,0.0,0,0,nan,0,nan,400,400,1.4208879999932833,4600,588800,302080,302080,3932160,5734400.0,3,491520,384,"{""0.1"": 0, ""0.2"": 0, ""0.5"": 0, ""1.0"": 2, ""2.0"": 1}",0.016600871118573668,0.19544051435189194,0.9599999999999997,0.11683593750000004,100,0,0
lbqcd-align-M1024-f0.70-u,align,0.5,LBQCD-D03-unequal-min020-K12,unequal,concentrated,LBQCD-D03-unequal-min020-K12/concentrated,1,update,1024,0.7,0,0.0,0,0,nan,0,nan,400,400,1.326484100005473,4600,588800,302080,302080,3932160,5734400.0,3,491520,384,"{""0.1"": 0, ""0.2"": 0, ""0.5"": 0, ""1.0"": 0, ""2.0"": 3}",0.012174404678554573,0.2089117025352892,0.9599999999999997,0.127734375,100,0,0
lbqcd-align-M1024-f0.70-u,align,0.5,LBQCD-D03-unequal-min020-K12,unequal,concentrated,LBQCD-D03-unequal-min020-K12/concentrated,2,update,1024,0.7,0,0.0,0,0,nan,0,nan,400,400,1.373280399988289,4600,588800,302080,302080,3932160,5734400.0,3,491520,384,"{""0.1"": 0, ""0.2"": 0, ""0.5"": 0, ""1.0"": 2, ""2.0"": 1}",0.014523076434115545,0.23422516603515378,0.9599999999999997,0.10414062500000015,100,0,0
paper-0.2,paper,0.2,LBQCD-D03-unequal-min020-K12,unequal,concentrated,LBQCD-D03-unequal-min020-K12/concentrated,0,update,0,0.0,0,0.0,0,0,nan,0,nan,400,400,0.8825823000079254,400,51200,51200,51200,13107200,0.0,0,0,0,"{""0.1"": 0, ""0.2"": 0, ""0.5"": 0, ""1.0"": 0, ""2.0"": 0}",0.012730792916066935,0.1813495890052744,0.9599999999999997,0.15027343749999997,100,0,0
paper-0.2,paper,0.2,LBQCD-D03-unequal-min020-K12,unequal,concentrated,LBQCD-D03-unequal-min020-K12/concentrated,1,update,0,0.0,0,0.0,0,0,nan,0,nan,400,400,0.7275616999977501,400,51200,51200,51200,13107200,0.0,0,0,0,"{""0.1"": 0, ""0.2"": 0, ""0.5"": 0, ""1.0"": 0, ""2.0"": 0}",0.013144531822283145,0.1866259656826783,0.9599999999999997,0.13097656250000003,50,0,0
paper-0.2,paper,0.2,LBQCD-D03-unequal-min020-K12,unequal,concentrated,LBQCD-D03-unequal-min020-K12/concentrated,2,update,0,0.0,0,0.0,0,0,nan,0,nan,400,400,0.6406024000025354,400,51200,51200,51200,13107200,0.0,0,0,0,"{""0.1"": 0, ""0.2"": 0, ""0.5"": 0, ""1.0"": 0, ""2.0"": 0}",0.014214705250000126,0.2545263037529239,0.9599999999999997,0.10687499999999997,50,0,0
paper-0.5,paper,0.5,LBQCD-D03-unequal-min020-K12,unequal,concentrated,LBQCD-D03-unequal-min020-K12/concentrated,0,update,0,0.0,0,0.0,0,0,nan,0,nan,400,400,0.9816713999898639,400,51200,51200,51200,13107200,0.0,0,0,0,"{""0.1"": 0, ""0.2"": 0, ""0.5"": 0, ""1.0"": 0, ""2.0"": 0}",0.024744153546066183,0.19762546713776813,0.9599999999999997,0.17222656249999999,50,0,0
paper-0.5,paper,0.5,LBQCD-D03-unequal-min020-K12,unequal,concentrated,LBQCD-D03-unequal-min020-K12/concentrated,1,update,0,0.0,0,0.0,0,0,nan,0,nan,400,400,0.8321929999947315,400,51200,51200,51200,13107200,0.0,0,0,0,"{""0.1"": 0, ""0.2"": 0, ""0.5"": 0, ""1.0"": 0, ""2.0"": 0}",0.012028020949468754,0.19567971463970726,0.9599999999999997,0.13421875,100,0,0
paper-0.5,paper,0.5,LBQCD-D03-unequal-min020-K12,unequal,concentrated,LBQCD-D03-unequal-min020-K12/concentrated,2,update,0,0.0,0,0.0,0,0,nan,0,nan,400,400,0.9047042000020156,400,51200,51200,51200,13107200,0.0,0,0,0,"{""0.1"": 0, ""0.2"": 0, ""0.5"": 0, ""1.0"": 0, ""2.0"": 0}",0.014405302788568886,0.22158551633093052,0.9599999999999997,0.10699218749999995,50,0,0
paper-1,paper,1.0,LBQCD-D03-unequal-min020-K12,unequal,concentrated,LBQCD-D03-unequal-min020-K12/concentrated,0,update,0,0.0,0,0.0,0,0,nan,0,nan,400,400,0.7603281999909086,400,51200,51200,51200,13107200,0.0,0,0,0,"{""0.1"": 0, ""0.2"": 0, ""0.5"": 0, ""1.0"": 0, ""2.0"": 0}",0.02667827764315156,0.210789828929777,0.9599999999999997,0.1869140625,100,0,0
paper-1,paper,1.0,LBQCD-D03-unequal-min020-K12,unequal,concentrated,LBQCD-D03-unequal-min020-K12/concentrated,1,update,0,0.0,0,0.0,0,0,nan,0,nan,400,400,0.5760283999989042,400,51200,51200,51200,13107200,0.0,0,0,0,"{""0.1"": 0, ""0.2"": 0, ""0.5"": 0, ""1.0"": 0, ""2.0"": 0}",0.01401050351080535,0.20047359791908193,0.9599999999999997,0.1601562500000001,100,0,0
paper-1,paper,1.0,LBQCD-D03-unequal-min020-K12,unequal,concentrated,LBQCD-D03-unequal-min020-K12/concentrated,2,update,0,0.0,0,0.0,0,0,nan,0,nan,400,400,0.9631607000046642,400,51200,51200,51200,13107200,0.0,0,0,0,"{""0.1"": 0, ""0.2"": 0, ""0.5"": 0, ""1.0"": 0, ""2.0"": 0}",0.017445688063601583,0.20614122927709475,0.9599999999999997,0.1185546875,50,0,0
paper-2,paper,2.0,LBQCD-D03-unequal-min020-K12,unequal,concentrated,LBQCD-D03-unequal-min020-K12/concentrated,0,update,0,0.0,0,0.0,0,0,nan,0,nan,400,400,0.7473829999944428,400,51200,51200,51200,13107200,0.0,0,0,0,"{""0.1"": 0, ""0.2"": 0, ""0.5"": 0, ""1.0"": 0, ""2.0"": 0}",0.026621643122966443,0.21646847408805744,0.9599999999999997,0.21152343749999988,200,0,0
paper-2,paper,2.0,LBQCD-D03-unequal-min020-K12,unequal,concentrated,LBQCD-D03-unequal-min020-K12/concentrated,1,update,0,0.0,0,0.0,0,0,nan,0,nan,400,400,0.9654786000028253,400,51200,51200,51200,13107200,0.0,0,0,0,"{""0.1"": 0, ""0.2"": 0, ""0.5"": 0, ""1.0"": 0, ""2.0"": 0}",0.016278849026964526,0.2032105785227276,0.9599999999999997,0.1675,150,0,0
paper-2,paper,2.0,LBQCD-D03-unequal-min020-K12,unequal,concentrated,LBQCD-D03-unequal-min020-K12/concentrated,2,update,0,0.0,0,0.0,0,0,nan,0,nan,400,400,1.0117600000085076,400,51200,51200,51200,13107200,0.0,0,0,0,"{""0.1"": 0, ""0.2"": 0, ""0.5"": 0, ""1.0"": 0, ""2.0"": 0}",0.018550001467450006,0.20990420313416355,0.9599999999999997,0.14921874999999993,150,0,0
paper-4,paper,4.0,LBQCD-D03-unequal-min020-K12,unequal,concentrated,LBQCD-D03-unequal-min020-K12/concentrated,0,update,0,0.0,0,0.0,0,0,nan,0,nan,400,400,0.6289741000073263,400,51200,51200,51200,13107200,0.0,0,0,0,"{""0.1"": 0, ""0.2"": 0, ""0.5"": 0, ""1.0"": 0, ""2.0"": 0}",0.03318757174559961,0.2507867283444663,0.9199999999999997,0.26171874999999994,300,0,0
paper-4,paper,4.0,LBQCD-D03-unequal-min020-K12,unequal,concentrated,LBQCD-D03-unequal-min020-K12/concentrated,1,update,0,0.0,0,0.0,0,0,nan,0,nan,400,400,0.8649844000028679,400,51200,51200,51200,13107200,0.0,0,0,0,"{""0.1"": 0, ""0.2"": 0, ""0.5"": 0, ""1.0"": 0, ""2.0"": 0}",0.01518365760271978,0.19990334420090575,0.9199999999999997,0.15863281249999997,150,0,0
paper-4,paper,4.0,LBQCD-D03-unequal-min020-K12,unequal,concentrated,LBQCD-D03-unequal-min020-K12/concentrated,2,update,0,0.0,0,0.0,0,0,nan,0,nan,400,400,0.6268793999915943,400,51200,51200,51200,13107200,0.0,0,0,0,"{""0.1"": 0, ""0.2"": 0, ""0.5"": 0, ""1.0"": 0, ""2.0"": 0}",0.020240250871314203,0.23317224788005766,0.9599999999999997,0.16488281249999995,50,0,0
qld-v1,qld,0.5,LBQCD-D03-unequal-min020-K12,unequal,concentrated,LBQCD-D03-unequal-min020-K12/concentrated,0,update,0,0.7,0,0.0,0,0,nan,0,nan,400,400,0.40956939999887254,400,51200,51200,51200,3932160,501760.0,0,0,0,"{""0.1"": 0, ""0.2"": 0, ""0.5"": 0, ""1.0"": 0, ""2.0"": 0}",0.02499780656081363,0.21448727566548098,0.9599999999999997,0.20496093749999997,100,0,0
qld-v1,qld,0.5,LBQCD-D03-unequal-min020-K12,unequal,concentrated,LBQCD-D03-unequal-min020-K12/concentrated,1,update,0,0.7,0,0.0,0,0,nan,0,nan,400,400,0.40468809999583755,400,51200,51200,51200,3932160,501760.0,0,0,0,"{""0.1"": 0, ""0.2"": 0, ""0.5"": 0, ""1.0"": 0, ""2.0"": 0}",0.01425116998765974,0.21463406035254584,0.9599999999999997,0.14699218749999998,100,0,0
qld-v1,qld,0.5,LBQCD-D03-unequal-min020-K12,unequal,concentrated,LBQCD-D03-unequal-min020-K12/concentrated,2,update,0,0.7,0,0.0,0,0,nan,0,nan,400,400,0.3871100000105798,400,51200,51200,51200,3932160,501760.0,0,0,0,"{""0.1"": 0, ""0.2"": 0, ""0.5"": 0, ""1.0"": 0, ""2.0"": 0}",0.014304087182607006,0.24507581006899903,0.9599999999999997,0.14980468750000006,150,0,0
rsr-M1024-f0.70-u,rsr,0.5,LBQCD-D03-unequal-min020-K12,unequal,concentrated,LBQCD-D03-unequal-min020-K12/concentrated,0,update,1024,0.7,0,0.0,0,0,nan,0,nan,400,400,1.4245340000052238,4600,588800,302080,302080,3932160,5734400.0,0,0,0,"{""0.1"": 0, ""0.2"": 0, ""0.5"": 0, ""1.0"": 0, ""2.0"": 0}",0.017565313818404427,0.19750532085625355,0.9599999999999997,0.11699218750000007,100,0,0
rsr-M1024-f0.70-u,rsr,0.5,LBQCD-D03-unequal-min020-K12,unequal,concentrated,LBQCD-D03-unequal-min020-K12/concentrated,1,update,1024,0.7,0,0.0,0,0,nan,0,nan,400,400,1.4798178000055486,4600,588800,302080,302080,3932160,5734400.0,0,0,0,"{""0.1"": 0, ""0.2"": 0, ""0.5"": 0, ""1.0"": 0, ""2.0"": 0}",0.012966741342109067,0.22721102412625163,0.9599999999999997,0.13183593749999992,100,0,0
rsr-M1024-f0.70-u,rsr,0.5,LBQCD-D03-unequal-min020-K12,unequal,concentrated,LBQCD-D03-unequal-min020-K12/concentrated,2,update,1024,0.7,0,0.0,0,0,nan,0,nan,400,400,1.288738299990655,4600,588800,302080,302080,3932160,5734400.0,0,0,0,"{""0.1"": 0, ""0.2"": 0, ""0.5"": 0, ""1.0"": 0, ""2.0"": 0}",0.014922603895848319,0.23091001023976798,0.9599999999999997,0.11355468750000006,100,0,0
gated-M1024-f0.70-u,gated,0.5,LBQCD-D03-unequal-min020-K12,unequal,missing,LBQCD-D03-unequal-min020-K12/missing,0,update,1024,0.7,0,0.0,4096,1,2.0625,11,1105.141435965358,400,400,1.3862233000108972,4600,588800,302080,302080,3932160,5734400.0,0,0,0,"{""0.1"": 0, ""0.2"": 0, ""0.5"": 0, ""1.0"": 0, ""2.0"": 0}",0.02664917340389339,0.2175283721352407,0.9799999999999998,0.17839843749999998,150,0,0
gated-M1024-f0.70-u,gated,0.5,LBQCD-D03-unequal-min020-K12,unequal,missing,LBQCD-D03-unequal-min020-K12/missing,1,update,1024,0.7,0,0.0,4096,1,2.375,11,1084.2400320226511,400,400,1.256995099989581,4600,588800,302080,302080,3932160,5734400.0,0,0,0,"{""0.1"": 0, ""0.2"": 0, ""0.5"": 0, ""1.0"": 0, ""2.0"": 0}",0.028281176494121762,0.24036940796670522,0.9799999999999998,0.1714062499999999,200,0,0
gated-M1024-f0.70-u,gated,0.5,LBQCD-D03-unequal-min020-K12,unequal,missing,LBQCD-D03-unequal-min020-K12/missing,2,update,1024,0.7,0,0.0,4096,1,2.75,11,1032.8148614973786,400,400,1.422418199988897,4600,588800,302080,302080,3932160,5734400.0,0,0,0,"{""0.1"": 0, ""0.2"": 0, ""0.5"": 0, ""1.0"": 0, ""2.0"": 0}",0.03256637861868361,0.21442224015351047,0.9799999999999998,0.16785156250000002,150,0,0
gated-align-M1024-f0.70-u,gated-align,0.5,LBQCD-D03-unequal-min020-K12,unequal,missing,LBQCD-D03-unequal-min020-K12/missing,0,update,1024,0.7,0,0.0,4096,1,2.0625,11,1105.141435965358,400,400,1.2815641000051983,4600,588800,302080,302080,3932160,5734400.0,3,491520,384,"{""0.1"": 0, ""0.2"": 0, ""0.5"": 0, ""1.0"": 2, ""2.0"": 1}",0.025897715129513,0.2200104198844799,0.9799999999999998,0.19304687499999998,150,0,0
gated-align-M1024-f0.70-u,gated-align,0.5,LBQCD-D03-unequal-min020-K12,unequal,missing,LBQCD-D03-unequal-min020-K12/missing,1,update,1024,0.7,0,0.0,4096,1,2.375,11,1084.2400320226511,400,400,1.3125218000059249,4600,588800,302080,302080,3932160,5734400.0,3,491520,384,"{""0.1"": 0, ""0.2"": 0, ""0.5"": 0, ""1.0"": 1, ""2.0"": 2}",0.0279309255270892,0.2558515107850186,0.9799999999999998,0.2094921874999999,200,0,0
gated-align-M1024-f0.70-u,gated-align,0.5,LBQCD-D03-unequal-min020-K12,unequal,missing,LBQCD-D03-unequal-min020-K12/missing,2,update,1024,0.7,0,0.0,4096,1,2.75,11,1032.8148614973786,400,400,1.4668753000005381,4600,588800,302080,302080,3932160,5734400.0,3,491520,384,"{""0.1"": 0, ""0.2"": 0, ""0.5"": 0, ""1.0"": 2, ""2.0"": 1}",0.04458815056702603,0.25160446324176255,0.9799999999999998,0.19714843750000002,150,0,0
lbqcd-align-M1024-f0.70-u,align,0.5,LBQCD-D03-unequal-min020-K12,unequal,missing,LBQCD-D03-unequal-min020-K12/missing,0,update,1024,0.7,0,0.0,0,0,nan,0,nan,400,400,1.4308907000086037,4600,588800,302080,302080,3932160,5734400.0,3,491520,384,"{""0.1"": 0, ""0.2"": 0, ""0.5"": 0, ""1.0"": 2, ""2.0"": 1}",0.025897715129513,0.2200104198844799,0.9799999999999998,0.19304687499999998,150,0,0
lbqcd-align-M1024-f0.70-u,align,0.5,LBQCD-D03-unequal-min020-K12,unequal,missing,LBQCD-D03-unequal-min020-K12/missing,1,update,1024,0.7,0,0.0,0,0,nan,0,nan,400,400,1.2525635000056354,4600,588800,302080,302080,3932160,5734400.0,3,491520,384,"{""0.1"": 0, ""0.2"": 0, ""0.5"": 0, ""1.0"": 1, ""2.0"": 2}",0.0279309255270892,0.2558515107850186,0.9799999999999998,0.2094921874999999,200,0,0
lbqcd-align-M1024-f0.70-u,align,0.5,LBQCD-D03-unequal-min020-K12,unequal,missing,LBQCD-D03-unequal-min020-K12/missing,2,update,1024,0.7,0,0.0,0,0,nan,0,nan,400,400,1.2998909000016283,4600,588800,302080,302080,3932160,5734400.0,3,491520,384,"{""0.1"": 0, ""0.2"": 0, ""0.5"": 0, ""1.0"": 2, ""2.0"": 1}",0.04458815056702603,0.25160446324176255,0.9799999999999998,0.19714843750000002,150,0,0
paper-0.2,paper,0.2,LBQCD-D03-unequal-min020-K12,unequal,missing,LBQCD-D03-unequal-min020-K12/missing,0,update,0,0.0,0,0.0,0,0,nan,0,nan,400,400,0.8625319999991916,400,51200,51200,51200,13107200,0.0,0,0,0,"{""0.1"": 0, ""0.2"": 0, ""0.5"": 0, ""1.0"": 0, ""2.0"": 0}",0.06044094262895516,0.4336544108136424,0.9999999999999998,0.16203125,150,0,0
paper-0.2,paper,0.2,LBQCD-D03-unequal-min020-K12,unequal,missing,LBQCD-D03-unequal-min020-K12/missing,1,update,0,0.0,0,0.0,0,0,nan,0,nan,400,400,0.5079638000024715,400,51200,51200,51200,13107200,0.0,0,0,0,"{""0.1"": 0, ""0.2"": 0, ""0.5"": 0, ""1.0"": 0, ""2.0"": 0}",0.018166571987183744,0.18841396418362522,0.9999999999999998,0.12421875000000004,150,0,0
paper-0.2,paper,0.2,LBQCD-D03-unequal-min020-K12,unequal,missing,LBQCD-D03-unequal-min020-K12/missing,2,update,0,0.0,0,0.0,0,0,nan,0,nan,400,400,0.6260004000068875,400,51200,51200,51200,13107200,0.0,0,0,0,"{""0.1"": 0, ""0.2"": 0, ""0.5"": 0, ""1.0"": 0, ""2.0"": 0}",0.03861245394198143,0.22655001687441906,0.9999999999999998,0.1209375,150,0,0
paper-0.5,paper,0.5,LBQCD-D03-unequal-min020-K12,unequal,missing,LBQCD-D03-unequal-min020-K12/missing,0,update,0,0.0,0,0.0,0,0,nan,0,nan,400,400,0.6324951999995392,400,51200,51200,51200,13107200,0.0,0,0,0,"{""0.1"": 0, ""0.2"": 0, ""0.5"": 0, ""1.0"": 0, ""2.0"": 0}",0.03332367229220434,0.2700719758382332,0.9999999999999998,0.11425781250000003,150,0,0
paper-0.5,paper,0.5,LBQCD-D03-unequal-min020-K12,unequal,missing,LBQCD-D03-unequal-min020-K12/missing,1,update,0,0.0,0,0.0,0,0,nan,0,nan,400,400,0.5524704999988899,400,51200,51200,51200,13107200,0.0,0,0,0,"{""0.1"": 0, ""0.2"": 0, ""0.5"": 0, ""1.0"": 0, ""2.0"": 0}",0.029405690238273774,0.1972140186426585,0.9999999999999998,0.13574218750000003,150,0,0
paper-0.5,paper,0.5,LBQCD-D03-unequal-min020-K12,unequal,missing,LBQCD-D03-unequal-min020-K12/missing,2,update,0,0.0,0,0.0,0,0,nan,0,nan,400,400,0.8192670999997063,400,51200,51200,51200,13107200,0.0,0,0,0,"{""0.1"": 0, ""0.2"": 0, ""0.5"": 0, ""1.0"": 0, ""2.0"": 0}",0.03863333540860747,0.21275549013088677,0.9999999999999998,0.10238281250000009,150,0,0
paper-1,paper,1.0,LBQCD-D03-unequal-min020-K12,unequal,missing,LBQCD-D03-unequal-min020-K12/missing,0,update,0,0.0,0,0.0,0,0,nan,0,nan,400,400,0.76605340000242,400,51200,51200,51200,13107200,0.0,0,0,0,"{""0.1"": 0, ""0.2"": 0, ""0.5"": 0, ""1.0"": 0, ""2.0"": 0}",0.03852209534958373,0.2843659872779431,0.9799999999999998,0.16792968749999995,150,0,0
paper-1,paper,1.0,LBQCD-D03-unequal-min020-K12,unequal,missing,LBQCD-D03-unequal-min020-K12/missing,1,update,0,0.0,0,0.0,0,0,nan,0,nan,400,400,0.9843928000045707,400,51200,51200,51200,13107200,0.0,0,0,0,"{""0.1"": 0, ""0.2"": 0, ""0.5"": 0, ""1.0"": 0, ""2.0"": 0}",0.04347682308979284,0.24754171311890105,0.9799999999999998,0.1915625,200,0,0
paper-1,paper,1.0,LBQCD-D03-unequal-min020-K12,unequal,missing,LBQCD-D03-unequal-min020-K12/missing,2,update,0,0.0,0,0.0,0,0,nan,0,nan,400,400,0.9364122999977553,400,51200,51200,51200,13107200,0.0,0,0,0,"{""0.1"": 0, ""0.2"": 0, ""0.5"": 0, ""1.0"": 0, ""2.0"": 0}",0.053725685182301586,0.27307991274404564,0.9799999999999998,0.19402343749999998,100,0,0
paper-2,paper,2.0,LBQCD-D03-unequal-min020-K12,unequal,missing,LBQCD-D03-unequal-min020-K12/missing,0,update,0,0.0,0,0.0,0,0,nan,0,nan,400,400,0.49571619999187533,400,51200,51200,51200,13107200,0.0,0,0,0,"{""0.1"": 0, ""0.2"": 0, ""0.5"": 0, ""1.0"": 0, ""2.0"": 0}",0.045841918626178035,0.35224738451986154,0.9399999999999997,0.28496093749999996,250,0,0
paper-2,paper,2.0,LBQCD-D03-unequal-min020-K12,unequal,missing,LBQCD-D03-unequal-min020-K12/missing,1,update,0,0.0,0,0.0,0,0,nan,0,nan,400,400,0.7331158999877516,400,51200,51200,51200,13107200,0.0,0,0,0,"{""0.1"": 0, ""0.2"": 0, ""0.5"": 0, ""1.0"": 0, ""2.0"": 0}",0.06555117814724953,0.3237364901809042,0.9399999999999997,0.3161328124999999,300,0,0
paper-2,paper,2.0,LBQCD-D03-unequal-min020-K12,unequal,missing,LBQCD-D03-unequal-min020-K12/missing,2,update,0,0.0,0,0.0,0,0,nan,0,nan,400,400,0.9790141999983462,400,51200,51200,51200,13107200,0.0,0,0,0,"{""0.1"": 0, ""0.2"": 0, ""0.5"": 0, ""1.0"": 0, ""2.0"": 0}",0.07225886304801366,0.31258645947234287,0.9399999999999997,0.3091015624999999,300,0,0
paper-4,paper,4.0,LBQCD-D03-unequal-min020-K12,unequal,missing,LBQCD-D03-unequal-min020-K12/missing,0,update,0,0.0,0,0.0,0,0,nan,0,nan,400,400,0.8991494999936549,400,51200,51200,51200,13107200,0.0,0,0,0,"{""0.1"": 0, ""0.2"": 0, ""0.5"": 0, ""1.0"": 0, ""2.0"": 0}",0.07126734491407083,0.440404974597527,0.8899999999999998,0.41097656249999986,400,1,0
paper-4,paper,4.0,LBQCD-D03-unequal-min020-K12,unequal,missing,LBQCD-D03-unequal-min020-K12/missing,1,update,0,0.0,0,0.0,0,0,nan,0,nan,400,400,0.8085858999984339,400,51200,51200,51200,13107200,0.0,0,0,0,"{""0.1"": 0, ""0.2"": 0, ""0.5"": 0, ""1.0"": 0, ""2.0"": 0}",0.07700519820798046,0.46188742580224884,0.8199999999999998,0.4165234374999999,400,1,0
paper-4,paper,4.0,LBQCD-D03-unequal-min020-K12,unequal,missing,LBQCD-D03-unequal-min020-K12/missing,2,update,0,0.0,0,0.0,0,0,nan,0,nan,400,400,0.7001577000046382,400,51200,51200,51200,13107200,0.0,0,0,0,"{""0.1"": 0, ""0.2"": 0, ""0.5"": 0, ""1.0"": 0, ""2.0"": 0}",0.07044889636275853,0.42579129771130386,0.8899999999999998,0.4184765624999999,400,1,0
qld-v1,qld,0.5,LBQCD-D03-unequal-min020-K12,unequal,missing,LBQCD-D03-unequal-min020-K12/missing,0,update,0,0.7,0,0.0,0,0,nan,0,nan,400,400,0.3120370999968145,400,51200,51200,51200,3932160,501760.0,0,0,0,"{""0.1"": 0, ""0.2"": 0, ""0.5"": 0, ""1.0"": 0, ""2.0"": 0}",0.029800663068002553,0.22517295236726345,0.9799999999999998,0.20203124999999997,150,0,0
qld-v1,qld,0.5,LBQCD-D03-unequal-min020-K12,unequal,missing,LBQCD-D03-unequal-min020-K12/missing,1,update,0,0.7,0,0.0,0,0,nan,0,nan,400,400,0.44600399999762885,400,51200,51200,51200,3932160,501760.0,0,0,0,"{""0.1"": 0, ""0.2"": 0, ""0.5"": 0, ""1.0"": 0, ""2.0"": 0}",0.04354896425802801,0.2622926842915012,0.9399999999999997,0.20921874999999998,200,0,0
qld-v1,qld,0.5,LBQCD-D03-unequal-min020-K12,unequal,missing,LBQCD-D03-unequal-min020-K12/missing,2,update,0,0.7,0,0.0,0,0,nan,0,nan,400,400,0.3141842000040924,400,51200,51200,51200,3932160,501760.0,0,0,0,"{""0.1"": 0, ""0.2"": 0, ""0.5"": 0, ""1.0"": 0, ""2.0"": 0}",0.04194607410800488,0.23801101408972405,0.9799999999999998,0.18746093749999995,200,0,0
rsr-M1024-f0.70-u,rsr,0.5,LBQCD-D03-unequal-min020-K12,unequal,missing,LBQCD-D03-unequal-min020-K12/missing,0,update,1024,0.7,0,0.0,0,0,nan,0,nan,400,400,1.4018853000015952,4600,588800,302080,302080,3932160,5734400.0,0,0,0,"{""0.1"": 0, ""0.2"": 0, ""0.5"": 0, ""1.0"": 0, ""2.0"": 0}",0.02664917340389339,0.2175283721352407,0.9799999999999998,0.17839843749999998,150,0,0
rsr-M1024-f0.70-u,rsr,0.5,LBQCD-D03-unequal-min020-K12,unequal,missing,LBQCD-D03-unequal-min020-K12/missing,1,update,1024,0.7,0,0.0,0,0,nan,0,nan,400,400,1.4287998999934644,4600,588800,302080,302080,3932160,5734400.0,0,0,0,"{""0.1"": 0, ""0.2"": 0, ""0.5"": 0, ""1.0"": 0, ""2.0"": 0}",0.028281176494121762,0.24036940796670522,0.9799999999999998,0.1714062499999999,200,0,0
rsr-M1024-f0.70-u,rsr,0.5,LBQCD-D03-unequal-min020-K12,unequal,missing,LBQCD-D03-unequal-min020-K12/missing,2,update,1024,0.7,0,0.0,0,0,nan,0,nan,400,400,1.3494093999906909,4600,588800,302080,302080,3932160,5734400.0,0,0,0,"{""0.1"": 0, ""0.2"": 0, ""0.5"": 0, ""1.0"": 0, ""2.0"": 0}",0.03256637861868361,0.21442224015351047,0.9799999999999998,0.16785156250000002,150,0,0
gated-M1024-f0.70-u,gated,0.5,LBQCD-D04-unequal-min015-K14,unequal,concentrated,LBQCD-D04-unequal-min015-K14/concentrated,0,update,1024,0.7,0,0.0,4096,1,2.375,13,745.592754460456,400,400,1.426692599998205,4600,588800,302080,302080,3932160,5734400.0,0,0,0,"{""0.1"": 0, ""0.2"": 0, ""0.5"": 0, ""1.0"": 0, ""2.0"": 0}",0.009621234630281528,0.14780866731417225,0.9850000000000001,0.0964453125,100,0,0
gated-M1024-f0.70-u,gated,0.5,LBQCD-D04-unequal-min015-K14,unequal,concentrated,LBQCD-D04-unequal-min015-K14/concentrated,1,update,1024,0.7,0,0.0,4096,1,2.25,13,670.5120487794856,400,400,1.47641129999829,4600,588800,302080,302080,3932160,5734400.0,0,0,0,"{""0.1"": 0, ""0.2"": 0, ""0.5"": 0, ""1.0"": 0, ""2.0"": 0}",0.01662132189094212,0.13977521796684242,0.9850000000000001,0.10410156250000001,100,0,0
gated-M1024-f0.70-u,gated,0.5,LBQCD-D04-unequal-min015-K14,unequal,concentrated,LBQCD-D04-unequal-min015-K14/concentrated,2,update,1024,0.7,0,0.0,4096,1,1.75,13,681.0761305613231,400,400,1.3467191999952774,4600,588800,302080,302080,3932160,5734400.0,0,0,0,"{""0.1"": 0, ""0.2"": 0, ""0.5"": 0, ""1.0"": 0, ""2.0"": 0}",0.012344229240590643,0.15708234365429813,0.9850000000000001,0.08750000000000004,100,0,0
gated-align-M1024-f0.70-u,gated-align,0.5,LBQCD-D04-unequal-min015-K14,unequal,concentrated,LBQCD-D04-unequal-min015-K14/concentrated,0,update,1024,0.7,0,0.0,4096,1,2.375,13,745.592754460456,400,400,1.2359676000050968,4600,588800,302080,302080,3932160,5734400.0,3,491520,384,"{""0.1"": 0, ""0.2"": 0, ""0.5"": 1, ""1.0"": 0, ""2.0"": 2}",0.009439959711100787,0.15475078780887006,0.9850000000000001,0.09195312500000001,100,0,0
gated-align-M1024-f0.70-u,gated-align,0.5,LBQCD-D04-unequal-min015-K14,unequal,concentrated,LBQCD-D04-unequal-min015-K14/concentrated,1,update,1024,0.7,0,0.0,4096,1,2.25,13,670.5120487794856,400,400,1.3249481999955606,4600,588800,302080,302080,3932160,5734400.0,3,491520,384,"{""0.1"": 0, ""0.2"": 0, ""0.5"": 0, ""1.0"": 0, ""2.0"": 3}",0.016570700247938497,0.13930268611137253,0.9850000000000001,0.07253906250000001,100,0,0
gated-align-M1024-f0.70-u,gated-align,0.5,LBQCD-D04-unequal-min015-K14,unequal,concentrated,LBQCD-D04-unequal-min015-K14/concentrated,2,update,1024,0.7,0,0.0,4096,1,1.75,13,681.0761305613231,400,400,1.2365163000067696,4600,588800,302080,302080,3932160,5734400.0,3,491520,384,"{""0.1"": 0, ""0.2"": 0, ""0.5"": 0, ""1.0"": 2, ""2.0"": 1}",0.015300923738315042,0.1516153040988889,0.9850000000000001,0.07171875000000001,100,0,0
lbqcd-align-M1024-f0.70-u,align,0.5,LBQCD-D04-unequal-min015-K14,unequal,concentrated,LBQCD-D04-unequal-min015-K14/concentrated,0,update,1024,0.7,0,0.0,0,0,nan,0,nan,400,400,1.427708099989104,4600,588800,302080,302080,3932160,5734400.0,3,491520,384,"{""0.1"": 0, ""0.2"": 0, ""0.5"": 1, ""1.0"": 0, ""2.0"": 2}",0.009439959711100787,0.15475078780887006,0.9850000000000001,0.09195312500000001,100,0,0
lbqcd-align-M1024-f0.70-u,align,0.5,LBQCD-D04-unequal-min015-K14,unequal,concentrated,LBQCD-D04-unequal-min015-K14/concentrated,1,update,1024,0.7,0,0.0,0,0,nan,0,nan,400,400,1.4567967999901157,4600,588800,302080,302080,3932160,5734400.0,3,491520,384,"{""0.1"": 0, ""0.2"": 0, ""0.5"": 0, ""1.0"": 0, ""2.0"": 3}",0.016570700247938497,0.13930268611137253,0.9850000000000001,0.07253906250000001,100,0,0
lbqcd-align-M1024-f0.70-u,align,0.5,LBQCD-D04-unequal-min015-K14,unequal,concentrated,LBQCD-D04-unequal-min015-K14/concentrated,2,update,1024,0.7,0,0.0,0,0,nan,0,nan,400,400,1.2685650000057649,4600,588800,302080,302080,3932160,5734400.0,3,491520,384,"{""0.1"": 0, ""0.2"": 0, ""0.5"": 0, ""1.0"": 2, ""2.0"": 1}",0.015300923738315042,0.1516153040988889,0.9850000000000001,0.07171875000000001,100,0,0
paper-0.2,paper,0.2,LBQCD-D04-unequal-min015-K14,unequal,concentrated,LBQCD-D04-unequal-min015-K14/concentrated,0,update,0,0.0,0,0.0,0,0,nan,0,nan,400,400,0.9008996999909868,400,51200,51200,51200,13107200,0.0,0,0,0,"{""0.1"": 0, ""0.2"": 0, ""0.5"": 0, ""1.0"": 0, ""2.0"": 0}",0.008356973946688662,0.1422118262365024,1.0,0.10156249999999999,100,0,0
paper-0.2,paper,0.2,LBQCD-D04-unequal-min015-K14,unequal,concentrated,LBQCD-D04-unequal-min015-K14/concentrated,1,update,0,0.0,0,0.0,0,0,nan,0,nan,400,400,0.8589848999981768,400,51200,51200,51200,13107200,0.0,0,0,0,"{""0.1"": 0, ""0.2"": 0, ""0.5"": 0, ""1.0"": 0, ""2.0"": 0}",0.013734692914914692,0.13464030816566794,1.0,0.08910156250000002,100,0,0
paper-0.2,paper,0.2,LBQCD-D04-unequal-min015-K14,unequal,concentrated,LBQCD-D04-unequal-min015-K14/concentrated,2,update,0,0.0,0,0.0,0,0,nan,0,nan,400,400,0.6740278000070248,400,51200,51200,51200,13107200,0.0,0,0,0,"{""0.1"": 0, ""0.2"": 0, ""0.5"": 0, ""1.0"": 0, ""2.0"": 0}",0.018323865546784113,0.16860979794154476,1.0,0.10761718750000003,50,0,0
paper-0.5,paper,0.5,LBQCD-D04-unequal-min015-K14,unequal,concentrated,LBQCD-D04-unequal-min015-K14/concentrated,0,update,0,0.0,0,0.0,0,0,nan,0,nan,400,400,0.8669996999960858,400,51200,51200,51200,13107200,0.0,0,0,0,"{""0.1"": 0, ""0.2"": 0, ""0.5"": 0, ""1.0"": 0, ""2.0"": 0}",0.009142904776883842,0.14760810784333023,1.0,0.10124999999999999,100,0,0
paper-0.5,paper,0.5,LBQCD-D04-unequal-min015-K14,unequal,concentrated,LBQCD-D04-unequal-min015-K14/concentrated,1,update,0,0.0,0,0.0,0,0,nan,0,nan,400,400,0.7245114999968791,400,51200,51200,51200,13107200,0.0,0,0,0,"{""0.1"": 0, ""0.2"": 0, ""0.5"": 0, ""1.0"": 0, ""2.0"": 0}",0.01364939281357369,0.14393131070857426,1.0,0.10320312500000002,100,0,0
paper-0.5,paper,0.5,LBQCD-D04-unequal-min015-K14,unequal,concentrated,LBQCD-D04-unequal-min015-K14/concentrated,2,update,0,0.0,0,0.0,0,0,nan,0,nan,400,400,0.7727172000013525,400,51200,51200,51200,13107200,0.0,0,0,0,"{""0.1"": 0, ""0.2"": 0, ""0.5"": 0, ""1.0"": 0, ""2.0"": 0}",0.014437696090213059,0.14856363632528646,0.9850000000000001,0.10191406250000003,100,0,0
paper-1,paper,1.0,LBQCD-D04-unequal-min015-K14,unequal,concentrated,LBQCD-D04-unequal-min015-K14/concentrated,0,update,0,0.0,0,0.0,0,0,nan,0,nan,400,400,0.7510716999968281,400,51200,51200,51200,13107200,0.0,0,0,0,"{""0.1"": 0, ""0.2"": 0, ""0.5"": 0, ""1.0"": 0, ""2.0"": 0}",0.009652325574215581,0.1680417313895598,0.9850000000000001,0.11003906249999999,100,0,0
paper-1,paper,1.0,LBQCD-D04-unequal-min015-K14,unequal,concentrated,LBQCD-D04-unequal-min015-K14/concentrated,1,update,0,0.0,0,0.0,0,0,nan,0,nan,400,400,0.8957704000058584,400,51200,51200,51200,13107200,0.0,0,0,0,"{""0.1"": 0, ""0.2"": 0, ""0.5"": 0, ""1.0"": 0, ""2.0"": 0}",0.016080742711921836,0.15221966313538696,0.9850000000000001,0.12328124999999997,100,0,0
paper-1,paper,1.0,LBQCD-D04-unequal-min015-K14,unequal,concentrated,LBQCD-D04-unequal-min015-K14/concentrated,2,update,0,0.0,0,0.0,0,0,nan,0,nan,400,400,0.5877441000047838,400,51200,51200,51200,13107200,0.0,0,0,0,"{""0.1"": 0, ""0.2"": 0, ""0.5"": 0, ""1.0"": 0, ""2.0"": 0}",0.01539226570498231,0.1668677727859349,0.9850000000000001,0.10480468750000003,100,0,0
paper-2,paper,2.0,LBQCD-D04-unequal-min015-K14,unequal,concentrated,LBQCD-D04-unequal-min015-K14/concentrated,0,update,0,0.0,0,0.0,0,0,nan,0,nan,400,400,0.6341692999994848,400,51200,51200,51200,13107200,0.0,0,0,0,"{""0.1"": 0, ""0.2"": 0, ""0.5"": 0, ""1.0"": 0, ""2.0"": 0}",0.010678485759850087,0.17615460101777536,0.9850000000000001,0.10984375,150,0,0
paper-2,paper,2.0,LBQCD-D04-unequal-min015-K14,unequal,concentrated,LBQCD-D04-unequal-min015-K14/concentrated,1,update,0,0.0,0,0.0,0,0,nan,0,nan,400,400,0.9048691999923903,400,51200,51200,51200,13107200,0.0,0,0,0,"{""0.1"": 0, ""0.2"": 0, ""0.5"": 0, ""1.0"": 0, ""2.0"": 0}",0.020411818034373752,0.1636083867873232,0.9850000000000001,0.12027343749999998,150,0,0
paper-2,paper,2.0,LBQCD-D04-unequal-min015-K14,unequal,concentrated,LBQCD-D04-unequal-min015-K14/concentrated,2,update,0,0.0,0,0.0,0,0,nan,0,nan,400,400,1.0342648999940138,400,51200,51200,51200,13107200,0.0,0,0,0,"{""0.1"": 0, ""0.2"": 0, ""0.5"": 0, ""1.0"": 0, ""2.0"": 0}",0.016428416605696494,0.1918606058902809,0.9850000000000001,0.1501953125,100,0,0
paper-4,paper,4.0,LBQCD-D04-unequal-min015-K14,unequal,concentrated,LBQCD-D04-unequal-min015-K14/concentrated,0,update,0,0.0,0,0.0,0,0,nan,0,nan,400,400,0.7266322000068612,400,51200,51200,51200,13107200,0.0,0,0,0,"{""0.1"": 0, ""0.2"": 0, ""0.5"": 0, ""1.0"": 0, ""2.0"": 0}",0.016434277922394713,0.2036161810298919,0.9850000000000001,0.235546875,350,0,0
paper-4,paper,4.0,LBQCD-D04-unequal-min015-K14,unequal,concentrated,LBQCD-D04-unequal-min015-K14/concentrated,1,update,0,0.0,0,0.0,0,0,nan,0,nan,400,400,0.7718660999962594,400,51200,51200,51200,13107200,0.0,0,0,0,"{""0.1"": 0, ""0.2"": 0, ""0.5"": 0, ""1.0"": 0, ""2.0"": 0}",0.03322797655432108,0.2095494788191821,0.9850000000000001,0.231640625,300,0,0
paper-4,paper,4.0,LBQCD-D04-unequal-min015-K14,unequal,concentrated,LBQCD-D04-unequal-min015-K14/concentrated,2,update,0,0.0,0,0.0,0,0,nan,0,nan,400,400,0.5644927999965148,400,51200,51200,51200,13107200,0.0,0,0,0,"{""0.1"": 0, ""0.2"": 0, ""0.5"": 0, ""1.0"": 0, ""2.0"": 0}",0.014918302279587792,0.19539698515479065,0.9850000000000001,0.15382812499999998,100,0,0
qld-v1,qld,0.5,LBQCD-D04-unequal-min015-K14,unequal,concentrated,LBQCD-D04-unequal-min015-K14/concentrated,0,update,0,0.7,0,0.0,0,0,nan,0,nan,400,400,0.3739809999970021,400,51200,51200,51200,3932160,501760.0,0,0,0,"{""0.1"": 0, ""0.2"": 0, ""0.5"": 0, ""1.0"": 0, ""2.0"": 0}",0.008668817865269851,0.1433865420202382,0.9850000000000001,0.1070703125,100,0,0
qld-v1,qld,0.5,LBQCD-D04-unequal-min015-K14,unequal,concentrated,LBQCD-D04-unequal-min015-K14/concentrated,1,update,0,0.7,0,0.0,0,0,nan,0,nan,400,400,0.34826139999495354,400,51200,51200,51200,3932160,501760.0,0,0,0,"{""0.1"": 0, ""0.2"": 0, ""0.5"": 0, ""1.0"": 0, ""2.0"": 0}",0.016653612572482324,0.14642015809597525,0.9850000000000001,0.081796875,100,0,0
qld-v1,qld,0.5,LBQCD-D04-unequal-min015-K14,unequal,concentrated,LBQCD-D04-unequal-min015-K14/concentrated,2,update,0,0.7,0,0.0,0,0,nan,0,nan,400,400,0.41870680000283755,400,51200,51200,51200,3932160,501760.0,0,0,0,"{""0.1"": 0, ""0.2"": 0, ""0.5"": 0, ""1.0"": 0, ""2.0"": 0}",0.014816412955096947,0.14673214173985172,0.9850000000000001,0.11273437500000001,150,0,0
rsr-M1024-f0.70-u,rsr,0.5,LBQCD-D04-unequal-min015-K14,unequal,concentrated,LBQCD-D04-unequal-min015-K14/concentrated,0,update,1024,0.7,0,0.0,0,0,nan,0,nan,400,400,1.3681333999993512,4600,588800,302080,302080,3932160,5734400.0,0,0,0,"{""0.1"": 0, ""0.2"": 0, ""0.5"": 0, ""1.0"": 0, ""2.0"": 0}",0.009621234630281528,0.14780866731417225,0.9850000000000001,0.0964453125,100,0,0
rsr-M1024-f0.70-u,rsr,0.5,LBQCD-D04-unequal-min015-K14,unequal,concentrated,LBQCD-D04-unequal-min015-K14/concentrated,1,update,1024,0.7,0,0.0,0,0,nan,0,nan,400,400,1.4100694999942789,4600,588800,302080,302080,3932160,5734400.0,0,0,0,"{""0.1"": 0, ""0.2"": 0, ""0.5"": 0, ""1.0"": 0, ""2.0"": 0}",0.01662132189094212,0.13977521796684242,0.9850000000000001,0.10410156250000001,100,0,0
rsr-M1024-f0.70-u,rsr,0.5,LBQCD-D04-unequal-min015-K14,unequal,concentrated,LBQCD-D04-unequal-min015-K14/concentrated,2,update,1024,0.7,0,0.0,0,0,nan,0,nan,400,400,1.4436406000022544,4600,588800,302080,302080,3932160,5734400.0,0,0,0,"{""0.1"": 0, ""0.2"": 0, ""0.5"": 0, ""1.0"": 0, ""2.0"": 0}",0.012344229240590643,0.15708234365429813,0.9850000000000001,0.08750000000000004,100,0,0
gated-M1024-f0.70-u,gated,0.5,LBQCD-D04-unequal-min015-K14,unequal,missing,LBQCD-D04-unequal-min015-K14/missing,0,update,1024,0.7,0,0.0,4096,1,1.875,13,666.061212350473,400,400,1.277496599999722,4600,588800,302080,302080,3932160,5734400.0,0,0,0,"{""0.1"": 0, ""0.2"": 0, ""0.5"": 0, ""1.0"": 0, ""2.0"": 0}",0.01656908664685197,0.15797503344665037,0.9850000000000001,0.1468359375,100,0,0
gated-M1024-f0.70-u,gated,0.5,LBQCD-D04-unequal-min015-K14,unequal,missing,LBQCD-D04-unequal-min015-K14/missing,1,update,1024,0.7,0,0.0,4096,1,2.5,13,682.023115108316,400,400,1.3085482000024058,4600,588800,302080,302080,3932160,5734400.0,0,0,0,"{""0.1"": 0, ""0.2"": 0, ""0.5"": 0, ""1.0"": 0, ""2.0"": 0}",0.01258856163646005,0.16076089326698345,0.9650000000000001,0.11832031250000004,150,0,0
gated-M1024-f0.70-u,gated,0.5,LBQCD-D04-unequal-min015-K14,unequal,missing,LBQCD-D04-unequal-min015-K14/missing,2,update,1024,0.7,0,0.0,4096,1,1.9375,13,702.7921718718204,400,400,1.3190735999960452,4600,588800,302080,302080,3932160,5734400.0,0,0,0,"{""0.1"": 0, ""0.2"": 0, ""0.5"": 0, ""1.0"": 0, ""2.0"": 0}",0.026705851375997014,0.1652017997709429,0.9850000000000001,0.1253515625,100,0,0
gated-align-M1024-f0.70-u,gated-align,0.5,LBQCD-D04-unequal-min015-K14,unequal,missing,LBQCD-D04-unequal-min015-K14/missing,0,update,1024,0.7,0,0.0,4096,1,1.875,13,666.061212350473,400,400,1.358056699988083,4600,588800,302080,302080,3932160,5734400.0,3,491520,384,"{""0.1"": 0, ""0.2"": 0, ""0.5"": 0, ""1.0"": 1, ""2.0"": 2}",0.017370378439713008,0.19365612289909995,0.9650000000000001,0.1873046875,100,0,0
gated-align-M1024-f0.70-u,gated-align,0.5,LBQCD-D04-unequal-min015-K14,unequal,missing,LBQCD-D04-unequal-min015-K14/missing,1,update,1024,0.7,0,0.0,4096,1,2.5,13,682.023115108316,400,400,1.33188679999148,4600,588800,302080,302080,3932160,5734400.0,3,491520,384,"{""0.1"": 0, ""0.2"": 0, ""0.5"": 1, ""1.0"": 1, ""2.0"": 1}",0.014567614611975088,0.17301349762294185,0.9650000000000001,0.1345703125,150,0,0
gated-align-M1024-f0.70-u,gated-align,0.5,LBQCD-D04-unequal-min015-K14,unequal,missing,LBQCD-D04-unequal-min015-K14/missing,2,update,1024,0.7,0,0.0,4096,1,1.9375,13,702.7921718718204,400,400,1.3977503999922192,4600,588800,302080,302080,3932160,5734400.0,3,491520,384,"{""0.1"": 0, ""0.2"": 0, ""0.5"": 1, ""1.0"": 2, ""2.0"": 0}",0.03071399676830877,0.17237637268475242,0.9850000000000001,0.13449218750000003,100,0,0
lbqcd-align-M1024-f0.70-u,align,0.5,LBQCD-D04-unequal-min015-K14,unequal,missing,LBQCD-D04-unequal-min015-K14/missing,0,update,1024,0.7,0,0.0,0,0,nan,0,nan,400,400,1.2281090000033146,4600,588800,302080,302080,3932160,5734400.0,3,491520,384,"{""0.1"": 0, ""0.2"": 0, ""0.5"": 0, ""1.0"": 1, ""2.0"": 2}",0.017370378439713008,0.19365612289909995,0.9650000000000001,0.1873046875,100,0,0
lbqcd-align-M1024-f0.70-u,align,0.5,LBQCD-D04-unequal-min015-K14,unequal,missing,LBQCD-D04-unequal-min015-K14/missing,1,update,1024,0.7,0,0.0,0,0,nan,0,nan,400,400,1.3868560999981128,4600,588800,302080,302080,3932160,5734400.0,3,491520,384,"{""0.1"": 0, ""0.2"": 0, ""0.5"": 1, ""1.0"": 1, ""2.0"": 1}",0.014567614611975088,0.17301349762294185,0.9650000000000001,0.1345703125,150,0,0
lbqcd-align-M1024-f0.70-u,align,0.5,LBQCD-D04-unequal-min015-K14,unequal,missing,LBQCD-D04-unequal-min015-K14/missing,2,update,1024,0.7,0,0.0,0,0,nan,0,nan,400,400,1.1943333999952301,4600,588800,302080,302080,3932160,5734400.0,3,491520,384,"{""0.1"": 0, ""0.2"": 0, ""0.5"": 1, ""1.0"": 2, ""2.0"": 0}",0.03071399676830877,0.17237637268475242,0.9850000000000001,0.13449218750000003,100,0,0
paper-0.2,paper,0.2,LBQCD-D04-unequal-min015-K14,unequal,missing,LBQCD-D04-unequal-min015-K14/missing,0,update,0,0.0,0,0.0,0,0,nan,0,nan,400,400,0.9632007000036538,400,51200,51200,51200,13107200,0.0,0,0,0,"{""0.1"": 0, ""0.2"": 0, ""0.5"": 0, ""1.0"": 0, ""2.0"": 0}",0.04710631241108576,0.21403781392701773,1.0,0.1295703125,100,0,0
paper-0.2,paper,0.2,LBQCD-D04-unequal-min015-K14,unequal,missing,LBQCD-D04-unequal-min015-K14/missing,1,update,0,0.0,0,0.0,0,0,nan,0,nan,400,400,0.9631552999926498,400,51200,51200,51200,13107200,0.0,0,0,0,"{""0.1"": 0, ""0.2"": 0, ""0.5"": 0, ""1.0"": 0, ""2.0"": 0}",0.007742642321715287,0.21171412753750807,1.0,0.13117187500000005,100,0,0
paper-0.2,paper,0.2,LBQCD-D04-unequal-min015-K14,unequal,missing,LBQCD-D04-unequal-min015-K14/missing,2,update,0,0.0,0,0.0,0,0,nan,0,nan,400,400,0.966404999999213,400,51200,51200,51200,13107200,0.0,0,0,0,"{""0.1"": 0, ""0.2"": 0, ""0.5"": 0, ""1.0"": 0, ""2.0"": 0}",0.01861052999536117,0.30500685177293396,1.0,0.18890625,100,0,0
paper-0.5,paper,0.5,LBQCD-D04-unequal-min015-K14,unequal,missing,LBQCD-D04-unequal-min015-K14/missing,0,update,0,0.0,0,0.0,0,0,nan,0,nan,400,400,0.6396416999923531,400,51200,51200,51200,13107200,0.0,0,0,0,"{""0.1"": 0, ""0.2"": 0, ""0.5"": 0, ""1.0"": 0, ""2.0"": 0}",0.021600614904234483,0.13382327082586426,1.0,0.08269531249999999,100,0,0
paper-0.5,paper,0.5,LBQCD-D04-unequal-min015-K14,unequal,missing,LBQCD-D04-unequal-min015-K14/missing,1,update,0,0.0,0,0.0,0,0,nan,0,nan,400,400,0.85602329998801,400,51200,51200,51200,13107200,0.0,0,0,0,"{""0.1"": 0, ""0.2"": 0, ""0.5"": 0, ""1.0"": 0, ""2.0"": 0}",0.02140536489656686,0.18913490129906493,1.0,0.106484375,150,0,0
paper-0.5,paper,0.5,LBQCD-D04-unequal-min015-K14,unequal,missing,LBQCD-D04-unequal-min015-K14/missing,2,update,0,0.0,0,0.0,0,0,nan,0,nan,400,400,0.880748700001277,400,51200,51200,51200,13107200,0.0,0,0,0,"{""0.1"": 0, ""0.2"": 0, ""0.5"": 0, ""1.0"": 0, ""2.0"": 0}",0.023260547257993647,0.24525455379539357,1.0,0.12499999999999999,100,0,0
paper-1,paper,1.0,LBQCD-D04-unequal-min015-K14,unequal,missing,LBQCD-D04-unequal-min015-K14/missing,0,update,0,0.0,0,0.0,0,0,nan,0,nan,400,400,1.0123299999977462,400,51200,51200,51200,13107200,0.0,0,0,0,"{""0.1"": 0, ""0.2"": 0, ""0.5"": 0, ""1.0"": 0, ""2.0"": 0}",0.02881938668034678,0.16760031852066962,0.9850000000000001,0.17757812500000003,100,0,0
paper-1,paper,1.0,LBQCD-D04-unequal-min015-K14,unequal,missing,LBQCD-D04-unequal-min015-K14/missing,1,update,0,0.0,0,0.0,0,0,nan,0,nan,400,400,0.7586886000062805,400,51200,51200,51200,13107200,0.0,0,0,0,"{""0.1"": 0, ""0.2"": 0, ""0.5"": 0, ""1.0"": 0, ""2.0"": 0}",0.021608994677775772,0.23435471315190534,1.0,0.1304296875,150,0,0
paper-1,paper,1.0,LBQCD-D04-unequal-min015-K14,unequal,missing,LBQCD-D04-unequal-min015-K14/missing,2,update,0,0.0,0,0.0,0,0,nan,0,nan,400,400,0.7204360999894561,400,51200,51200,51200,13107200,0.0,0,0,0,"{""0.1"": 0, ""0.2"": 0, ""0.5"": 0, ""1.0"": 0, ""2.0"": 0}",0.01950718986968525,0.2251388466598498,0.9850000000000001,0.1201953125,150,0,0
paper-2,paper,2.0,LBQCD-D04-unequal-min015-K14,unequal,missing,LBQCD-D04-unequal-min015-K14/missing,0,update,0,0.0,0,0.0,0,0,nan,0,nan,400,400,1.0369948000006843,400,51200,51200,51200,13107200,0.0,0,0,0,"{""0.1"": 0, ""0.2"": 0, ""0.5"": 0, ""1.0"": 0, ""2.0"": 0}",0.03710649578069525,0.2075301277649252,0.9650000000000001,0.19472656250000003,150,0,0
paper-2,paper,2.0,LBQCD-D04-unequal-min015-K14,unequal,missing,LBQCD-D04-unequal-min015-K14/missing,1,update,0,0.0,0,0.0,0,0,nan,0,nan,400,400,0.632668799997191,400,51200,51200,51200,13107200,0.0,0,0,0,"{""0.1"": 0, ""0.2"": 0, ""0.5"": 0, ""1.0"": 0, ""2.0"": 0}",0.023278321618271924,0.24419918379763134,0.9650000000000001,0.1941015625,200,0,0
paper-2,paper,2.0,LBQCD-D04-unequal-min015-K14,unequal,missing,LBQCD-D04-unequal-min015-K14/missing,2,update,0,0.0,0,0.0,0,0,nan,0,nan,400,400,0.750410099994042,400,51200,51200,51200,13107200,0.0,0,0,0,"{""0.1"": 0, ""0.2"": 0, ""0.5"": 0, ""1.0"": 0, ""2.0"": 0}",0.02966983289591152,0.2242988197431825,0.9650000000000001,0.17402343750000004,150,0,0
paper-4,paper,4.0,LBQCD-D04-unequal-min015-K14,unequal,missing,LBQCD-D04-unequal-min015-K14/missing,0,update,0,0.0,0,0.0,0,0,nan,0,nan,400,400,0.8650724000035552,400,51200,51200,51200,13107200,0.0,0,0,0,"{""0.1"": 0, ""0.2"": 0, ""0.5"": 0, ""1.0"": 0, ""2.0"": 0}",0.05846926526710128,0.30667885385458266,0.9450000000000001,0.19949218750000003,300,0,0
paper-4,paper,4.0,LBQCD-D04-unequal-min015-K14,unequal,missing,LBQCD-D04-unequal-min015-K14/missing,1,update,0,0.0,0,0.0,0,0,nan,0,nan,400,400,0.9178864999994403,400,51200,51200,51200,13107200,0.0,0,0,0,"{""0.1"": 0, ""0.2"": 0, ""0.5"": 0, ""1.0"": 0, ""2.0"": 0}",0.08757589776823016,0.5308339086696154,0.915,0.3894140625000001,400,0,0
paper-4,paper,4.0,LBQCD-D04-unequal-min015-K14,unequal,missing,LBQCD-D04-unequal-min015-K14/missing,2,update,0,0.0,0,0.0,0,0,nan,0,nan,400,400,0.7255405000032624,400,51200,51200,51200,13107200,0.0,0,0,0,"{""0.1"": 0, ""0.2"": 0, ""0.5"": 0, ""1.0"": 0, ""2.0"": 0}",0.07272548038676874,0.30558146436196143,0.9450000000000001,0.1812109375,200,0,0
qld-v1,qld,0.5,LBQCD-D04-unequal-min015-K14,unequal,missing,LBQCD-D04-unequal-min015-K14/missing,0,update,0,0.7,0,0.0,0,0,nan,0,nan,400,400,0.3741532999993069,400,51200,51200,51200,3932160,501760.0,0,0,0,"{""0.1"": 0, ""0.2"": 0, ""0.5"": 0, ""1.0"": 0, ""2.0"": 0}",0.018659831205527944,0.16903112527275435,0.9650000000000001,0.1663671875,100,0,0
qld-v1,qld,0.5,LBQCD-D04-unequal-min015-K14,unequal,missing,LBQCD-D04-unequal-min015-K14/missing,1,update,0,0.7,0,0.0,0,0,nan,0,nan,400,400,0.33014099999854807,400,51200,51200,51200,3932160,501760.0,0,0,0,"{""0.1"": 0, ""0.2"": 0, ""0.5"": 0, ""1.0"": 0, ""2.0"": 0}",0.014336694761002633,0.17248036509916548,0.9650000000000001,0.143359375,150,0,0
qld-v1,qld,0.5,LBQCD-D04-unequal-min015-K14,unequal,missing,LBQCD-D04-unequal-min015-K14/missing,2,update,0,0.7,0,0.0,0,0,nan,0,nan,400,400,0.4486723999871174,400,51200,51200,51200,3932160,501760.0,0,0,0,"{""0.1"": 0, ""0.2"": 0, ""0.5"": 0, ""1.0"": 0, ""2.0"": 0}",0.025114419569023383,0.18306321955715804,0.9850000000000001,0.12421875000000003,150,0,0
rsr-M1024-f0.70-u,rsr,0.5,LBQCD-D04-unequal-min015-K14,unequal,missing,LBQCD-D04-unequal-min015-K14/missing,0,update,1024,0.7,0,0.0,0,0,nan,0,nan,400,400,1.313257900008466,4600,588800,302080,302080,3932160,5734400.0,0,0,0,"{""0.1"": 0, ""0.2"": 0, ""0.5"": 0, ""1.0"": 0, ""2.0"": 0}",0.01656908664685197,0.15797503344665037,0.9850000000000001,0.1468359375,100,0,0
rsr-M1024-f0.70-u,rsr,0.5,LBQCD-D04-unequal-min015-K14,unequal,missing,LBQCD-D04-unequal-min015-K14/missing,1,update,1024,0.7,0,0.0,0,0,nan,0,nan,400,400,1.1851200999954017,4600,588800,302080,302080,3932160,5734400.0,0,0,0,"{""0.1"": 0, ""0.2"": 0, ""0.5"": 0, ""1.0"": 0, ""2.0"": 0}",0.01258856163646005,0.16076089326698345,0.9650000000000001,0.11832031250000004,150,0,0
rsr-M1024-f0.70-u,rsr,0.5,LBQCD-D04-unequal-min015-K14,unequal,missing,LBQCD-D04-unequal-min015-K14/missing,2,update,1024,0.7,0,0.0,0,0,nan,0,nan,400,400,1.3771768000005977,4600,588800,302080,302080,3932160,5734400.0,0,0,0,"{""0.1"": 0, ""0.2"": 0, ""0.5"": 0, ""1.0"": 0, ""2.0"": 0}",0.026705851375997014,0.1652017997709429,0.9850000000000001,0.1253515625,100,0,0
gated-M1024-f0.70-u,gated,0.5,LBQCD-D05-unequal-min010-K18,unequal,concentrated,LBQCD-D05-unequal-min010-K18/concentrated,0,update,1024,0.7,0,0.0,4096,1,1.5625,17,395.32381538293623,400,400,1.3320688000094378,4600,588800,302080,302080,3932160,5734400.0,0,0,0,"{""0.1"": 0, ""0.2"": 0, ""0.5"": 0, ""1.0"": 0, ""2.0"": 0}",0.00906706032160498,0.16147784422847727,0.9899999999999999,0.09531939338235296,150,0,0
gated-M1024-f0.70-u,gated,0.5,LBQCD-D05-unequal-min010-K18,unequal,concentrated,LBQCD-D05-unequal-min010-K18/concentrated,1,update,1024,0.7,0,0.0,4096,1,6.3125,16,374.8162781869742,400,400,1.20841289999953,4600,588800,302080,302080,3932160,5734400.0,0,0,0,"{""0.1"": 0, ""0.2"": 0, ""0.5"": 0, ""1.0"": 0, ""2.0"": 0}",0.011124690627625444,0.16556601466146764,0.9899999999999999,0.11582720588235296,150,0,0
gated-M1024-f0.70-u,gated,0.5,LBQCD-D05-unequal-min010-K18,unequal,concentrated,LBQCD-D05-unequal-min010-K18/concentrated,2,update,1024,0.7,0,0.0,4096,1,6.5,16,386.9830265657726,400,400,1.1532476000138558,4600,588800,302080,302080,3932160,5734400.0,0,0,0,"{""0.1"": 0, ""0.2"": 0, ""0.5"": 0, ""1.0"": 0, ""2.0"": 0}",0.029356868505865386,0.15448896149232172,0.9899999999999999,0.11146369485294116,150,0,0
gated-align-M1024-f0.70-u,gated-align,0.5,LBQCD-D05-unequal-min010-K18,unequal,concentrated,LBQCD-D05-unequal-min010-K18/concentrated,0,update,1024,0.7,0,0.0,4096,1,1.5625,17,395.32381538293623,400,400,1.2393880000017816,4600,588800,302080,302080,3932160,5734400.0,3,491520,384,"{""0.1"": 0, ""0.2"": 0, ""0.5"": 0, ""1.0"": 0, ""2.0"": 3}",0.008746872729783028,0.13626628782932965,0.9899999999999999,0.10925091911764706,150,0,0
gated-align-M1024-f0.70-u,gated-align,0.5,LBQCD-D05-unequal-min010-K18,unequal,concentrated,LBQCD-D05-unequal-min010-K18/concentrated,1,update,1024,0.7,0,0.0,4096,1,6.3125,16,374.8162781869742,400,400,1.2586487000080524,4600,588800,302080,302080,3932160,5734400.0,3,491520,384,"{""0.1"": 0, ""0.2"": 0, ""0.5"": 1, ""1.0"": 1, ""2.0"": 1}",0.009838223053030504,0.15958881462248162,0.9899999999999999,0.10580193014705885,150,0,0
gated-align-M1024-f0.70-u,gated-align,0.5,LBQCD-D05-unequal-min010-K18,unequal,concentrated,LBQCD-D05-unequal-min010-K18/concentrated,2,update,1024,0.7,0,0.0,4096,1,6.5,16,386.9830265657726,400,400,1.3170656000002054,4600,588800,302080,302080,3932160,5734400.0,3,491520,384,"{""0.1"": 0, ""0.2"": 0, ""0.5"": 1, ""1.0"": 0, ""2.0"": 2}",0.018211325290229397,0.14027950675521914,0.9899999999999999,0.09238970588235296,150,0,0
lbqcd-align-M1024-f0.70-u,align,0.5,LBQCD-D05-unequal-min010-K18,unequal,concentrated,LBQCD-D05-unequal-min010-K18/concentrated,0,update,1024,0.7,0,0.0,0,0,nan,0,nan,400,400,1.3780571999959648,4600,588800,302080,302080,3932160,5734400.0,3,491520,384,"{""0.1"": 0, ""0.2"": 0, ""0.5"": 0, ""1.0"": 0, ""2.0"": 3}",0.008746872729783028,0.13626628782932965,0.9899999999999999,0.10925091911764706,150,0,0
lbqcd-align-M1024-f0.70-u,align,0.5,LBQCD-D05-unequal-min010-K18,unequal,concentrated,LBQCD-D05-unequal-min010-K18/concentrated,1,update,1024,0.7,0,0.0,0,0,nan,0,nan,400,400,1.3337597999925492,4600,588800,302080,302080,3932160,5734400.0,3,491520,384,"{""0.1"": 0, ""0.2"": 0, ""0.5"": 1, ""1.0"": 1, ""2.0"": 1}",0.009838223053030504,0.15958881462248162,0.9899999999999999,0.10580193014705885,150,0,0
lbqcd-align-M1024-f0.70-u,align,0.5,LBQCD-D05-unequal-min010-K18,unequal,concentrated,LBQCD-D05-unequal-min010-K18/concentrated,2,update,1024,0.7,0,0.0,0,0,nan,0,nan,400,400,1.3575962000031723,4600,588800,302080,302080,3932160,5734400.0,3,491520,384,"{""0.1"": 0, ""0.2"": 0, ""0.5"": 1, ""1.0"": 0, ""2.0"": 2}",0.018211325290229397,0.14027950675521914,0.9899999999999999,0.09238970588235296,150,0,0
paper-0.2,paper,0.2,LBQCD-D05-unequal-min010-K18,unequal,concentrated,LBQCD-D05-unequal-min010-K18/concentrated,0,update,0,0.0,0,0.0,0,0,nan,0,nan,400,400,0.9255399999965448,400,51200,51200,51200,13107200,0.0,0,0,0,"{""0.1"": 0, ""0.2"": 0, ""0.5"": 0, ""1.0"": 0, ""2.0"": 0}",0.016180571878987138,0.1779518740177302,0.9999999999999999,0.08997931985294116,150,0,0
paper-0.2,paper,0.2,LBQCD-D05-unequal-min010-K18,unequal,concentrated,LBQCD-D05-unequal-min010-K18/concentrated,1,update,0,0.0,0,0.0,0,0,nan,0,nan,400,400,0.8128242000093451,400,51200,51200,51200,13107200,0.0,0,0,0,"{""0.1"": 0, ""0.2"": 0, ""0.5"": 0, ""1.0"": 0, ""2.0"": 0}",0.016019651292647374,0.22236443614069595,0.9999999999999999,0.08189568014705884,50,0,0
paper-0.2,paper,0.2,LBQCD-D05-unequal-min010-K18,unequal,concentrated,LBQCD-D05-unequal-min010-K18/concentrated,2,update,0,0.0,0,0.0,0,0,nan,0,nan,400,400,0.9807302000117488,400,51200,51200,51200,13107200,0.0,0,0,0,"{""0.1"": 0, ""0.2"": 0, ""0.5"": 0, ""1.0"": 0, ""2.0"": 0}",0.03368873670869643,0.13203234453377977,0.9999999999999999,0.08365119485294115,100,0,0
paper-0.5,paper,0.5,LBQCD-D05-unequal-min010-K18,unequal,concentrated,LBQCD-D05-unequal-min010-K18/concentrated,0,update,0,0.0,0,0.0,0,0,nan,0,nan,400,400,0.6705412999872351,400,51200,51200,51200,13107200,0.0,0,0,0,"{""0.1"": 0, ""0.2"": 0, ""0.5"": 0, ""1.0"": 0, ""2.0"": 0}",0.015158013832336614,0.156474376923239,0.9899999999999999,0.10189568014705885,100,0,0
paper-0.5,paper,0.5,LBQCD-D05-unequal-min010-K18,unequal,concentrated,LBQCD-D05-unequal-min010-K18/concentrated,1,update,0,0.0,0,0.0,0,0,nan,0,nan,400,400,0.7671640000044135,400,51200,51200,51200,13107200,0.0,0,0,0,"{""0.1"": 0, ""0.2"": 0, ""0.5"": 0, ""1.0"": 0, ""2.0"": 0}",0.008199544145223392,0.14511750412547986,0.9999999999999999,0.10462775735294116,100,0,0
paper-0.5,paper,0.5,LBQCD-D05-unequal-min010-K18,unequal,concentrated,LBQCD-D05-unequal-min010-K18/concentrated,2,update,0,0.0,0,0.0,0,0,nan,0,nan,400,400,0.9052461000101175,400,51200,51200,51200,13107200,0.0,0,0,0,"{""0.1"": 0, ""0.2"": 0, ""0.5"": 0, ""1.0"": 0, ""2.0"": 0}",0.021825103971473858,0.11516160886431581,0.9899999999999999,0.08848345588235296,100,0,0
paper-1,paper,1.0,LBQCD-D05-unequal-min010-K18,unequal,concentrated,LBQCD-D05-unequal-min010-K18/concentrated,0,update,0,0.0,0,0.0,0,0,nan,0,nan,400,400,0.7458043999940855,400,51200,51200,51200,13107200,0.0,0,0,0,"{""0.1"": 0, ""0.2"": 0, ""0.5"": 0, ""1.0"": 0, ""2.0"": 0}",0.021214130323048863,0.13440084077377806,0.9899999999999999,0.11094439338235296,200,0,0
paper-1,paper,1.0,LBQCD-D05-unequal-min010-K18,unequal,concentrated,LBQCD-D05-unequal-min010-K18/concentrated,1,update,0,0.0,0,0.0,0,0,nan,0,nan,400,400,0.8289421999943443,400,51200,51200,51200,13107200,0.0,0,0,0,"{""0.1"": 0, ""0.2"": 0, ""0.5"": 0, ""1.0"": 0, ""2.0"": 0}",0.007969552745659136,0.1365160869206353,0.9899999999999999,0.10925091911764706,200,0,0
paper-1,paper,1.0,LBQCD-D05-unequal-min010-K18,unequal,concentrated,LBQCD-D05-unequal-min010-K18/concentrated,2,update,0,0.0,0,0.0,0,0,nan,0,nan,400,400,0.778120700008003,400,51200,51200,51200,13107200,0.0,0,0,0,"{""0.1"": 0, ""0.2"": 0, ""0.5"": 0, ""1.0"": 0, ""2.0"": 0}",0.020311354468671716,0.12101001928947407,0.9899999999999999,0.11953584558823527,150,0,0
paper-2,paper,2.0,LBQCD-D05-unequal-min010-K18,unequal,concentrated,LBQCD-D05-unequal-min010-K18/concentrated,0,update,0,0.0,0,0.0,0,0,nan,0,nan,400,400,0.8310339000017848,400,51200,51200,51200,13107200,0.0,0,0,0,"{""0.1"": 0, ""0.2"": 0, ""0.5"": 0, ""1.0"": 0, ""2.0"": 0}",0.029230310221787015,0.13895681760043727,0.9317647058823528,0.18516314338235296,350,0,0
paper-2,paper,2.0,LBQCD-D05-unequal-min010-K18,unequal,concentrated,LBQCD-D05-unequal-min010-K18/concentrated,1,update,0,0.0,0,0.0,0,0,nan,0,nan,400,400,1.0253133999940474,400,51200,51200,51200,13107200,0.0,0,0,0,"{""0.1"": 0, ""0.2"": 0, ""0.5"": 0, ""1.0"": 0, ""2.0"": 0}",0.011038220487669559,0.15794570620634193,0.9317647058823528,0.23841681985294116,200,0,0
paper-2,paper,2.0,LBQCD-D05-unequal-min010-K18,unequal,concentrated,LBQCD-D05-unequal-min010-K18/concentrated,2,update,0,0.0,0,0.0,0,0,nan,0,nan,400,400,0.7448163999943063,400,51200,51200,51200,13107200,0.0,0,0,0,"{""0.1"": 0, ""0.2"": 0, ""0.5"": 0, ""1.0"": 0, ""2.0"": 0}",0.03387466032226438,0.1620063300097798,0.9317647058823528,0.25794806985294116,250,0,0
paper-4,paper,4.0,LBQCD-D05-unequal-min010-K18,unequal,concentrated,LBQCD-D05-unequal-min010-K18/concentrated,0,update,0,0.0,0,0.0,0,0,nan,0,nan,400,400,0.686776300004567,400,51200,51200,51200,13107200,0.0,0,0,0,"{""0.1"": 0, ""0.2"": 0, ""0.5"": 0, ""1.0"": 0, ""2.0"": 0}",0.027552572874407044,0.15150140784933308,0.9317647058823528,0.22350873161764706,350,0,0
paper-4,paper,4.0,LBQCD-D05-unequal-min010-K18,unequal,concentrated,LBQCD-D05-unequal-min010-K18/concentrated,1,update,0,0.0,0,0.0,0,0,nan,0,nan,400,400,0.6386176000087289,400,51200,51200,51200,13107200,0.0,0,0,0,"{""0.1"": 0, ""0.2"": 0, ""0.5"": 0, ""1.0"": 0, ""2.0"": 0}",0.014646536721667935,0.18540799267725863,0.9317647058823528,0.25527803308823527,350,0,0
paper-4,paper,4.0,LBQCD-D05-unequal-min010-K18,unequal,concentrated,LBQCD-D05-unequal-min010-K18/concentrated,2,update,0,0.0,0,0.0,0,0,nan,0,nan,400,400,0.8477046999905724,400,51200,51200,51200,13107200,0.0,0,0,0,"{""0.1"": 0, ""0.2"": 0, ""0.5"": 0, ""1.0"": 0, ""2.0"": 0}",0.0421881835043143,0.20068272914034033,0.8735294117647058,0.39759650735294116,400,1,0
qld-v1,qld,0.5,LBQCD-D05-unequal-min010-K18,unequal,concentrated,LBQCD-D05-unequal-min010-K18/concentrated,0,update,0,0.7,0,0.0,0,0,nan,0,nan,400,400,0.39248460000089835,400,51200,51200,51200,3932160,501760.0,0,0,0,"{""0.1"": 0, ""0.2"": 0, ""0.5"": 0, ""1.0"": 0, ""2.0"": 0}",0.013716055360304402,0.12934470828148675,0.9899999999999999,0.07974494485294115,200,0,0
qld-v1,qld,0.5,LBQCD-D05-unequal-min010-K18,unequal,concentrated,LBQCD-D05-unequal-min010-K18/concentrated,1,update,0,0.7,0,0.0,0,0,nan,0,nan,400,400,0.31605609999678563,400,51200,51200,51200,3932160,501760.0,0,0,0,"{""0.1"": 0, ""0.2"": 0, ""0.5"": 0, ""1.0"": 0, ""2.0"": 0}",0.011647479306552633,0.204485243900914,0.9899999999999999,0.12806525735294116,200,0,0
qld-v1,qld,0.5,LBQCD-D05-unequal-min010-K18,unequal,concentrated,LBQCD-D05-unequal-min010-K18/concentrated,2,update,0,0.7,0,0.0,0,0,nan,0,nan,400,400,0.35319509998953436,400,51200,51200,51200,3932160,501760.0,0,0,0,"{""0.1"": 0, ""0.2"": 0, ""0.5"": 0, ""1.0"": 0, ""2.0"": 0}",0.021234708680011316,0.12142688521383745,0.9899999999999999,0.11022748161764706,150,0,0
rsr-M1024-f0.70-u,rsr,0.5,LBQCD-D05-unequal-min010-K18,unequal,concentrated,LBQCD-D05-unequal-min010-K18/concentrated,0,update,1024,0.7,0,0.0,0,0,nan,0,nan,400,400,1.27219150000019,4600,588800,302080,302080,3932160,5734400.0,0,0,0,"{""0.1"": 0, ""0.2"": 0, ""0.5"": 0, ""1.0"": 0, ""2.0"": 0}",0.00906706032160498,0.16147784422847727,0.9899999999999999,0.09531939338235296,150,0,0
rsr-M1024-f0.70-u,rsr,0.5,LBQCD-D05-unequal-min010-K18,unequal,concentrated,LBQCD-D05-unequal-min010-K18/concentrated,1,update,1024,0.7,0,0.0,0,0,nan,0,nan,400,400,1.2364841000089655,4600,588800,302080,302080,3932160,5734400.0,0,0,0,"{""0.1"": 0, ""0.2"": 0, ""0.5"": 0, ""1.0"": 0, ""2.0"": 0}",0.011124690627625444,0.16556601466146764,0.9899999999999999,0.11582720588235296,150,0,0
rsr-M1024-f0.70-u,rsr,0.5,LBQCD-D05-unequal-min010-K18,unequal,concentrated,LBQCD-D05-unequal-min010-K18/concentrated,2,update,1024,0.7,0,0.0,0,0,nan,0,nan,400,400,1.314179900000454,4600,588800,302080,302080,3932160,5734400.0,0,0,0,"{""0.1"": 0, ""0.2"": 0, ""0.5"": 0, ""1.0"": 0, ""2.0"": 0}",0.029356868505865386,0.15448896149232172,0.9899999999999999,0.11146369485294116,150,0,0
gated-M1024-f0.70-u,gated,0.5,LBQCD-D05-unequal-min010-K18,unequal,missing,LBQCD-D05-unequal-min010-K18/missing,0,update,1024,0.7,0,0.0,4096,1,1.5,17,371.26168030887055,400,400,1.266658799999277,4600,588800,302080,302080,3932160,5734400.0,0,0,0,"{""0.1"": 0, ""0.2"": 0, ""0.5"": 0, ""1.0"": 0, ""2.0"": 0}",0.027372299918043907,0.19057454556269302,0.9999999999999999,0.16496553308823525,200,0,0
gated-M1024-f0.70-u,gated,0.5,LBQCD-D05-unequal-min010-K18,unequal,missing,LBQCD-D05-unequal-min010-K18/missing,1,update,1024,0.7,0,0.0,4096,1,6.5625,16,377.1733801482413,400,400,1.2560834000032628,4600,588800,302080,302080,3932160,5734400.0,0,0,0,"{""0.1"": 0, ""0.2"": 0, ""0.5"": 0, ""1.0"": 0, ""2.0"": 0}",0.010934615831052152,0.14668752707021404,0.9417647058823528,0.24797334558823525,200,0,0
gated-M1024-f0.70-u,gated,0.5,LBQCD-D05-unequal-min010-K18,unequal,missing,LBQCD-D05-unequal-min010-K18/missing,2,update,1024,0.7,0,0.0,4096,1,6.0,16,381.00622750420666,400,400,1.3302919999987353,4600,588800,302080,302080,3932160,5734400.0,0,0,0,"{""0.1"": 0, ""0.2"": 0, ""0.5"": 0, ""1.0"": 0, ""2.0"": 0}",0.006968509763721986,0.1601687535783399,0.9999999999999999,0.18619025735294115,200,0,0
gated-align-M1024-f0.70-u,gated-align,0.5,LBQCD-D05-unequal-min010-K18,unequal,missing,LBQCD-D05-unequal-min010-K18/missing,0,update,1024,0.7,0,0.0,4096,1,1.5,17,371.26168030887055,400,400,1.308218999998644,4600,588800,302080,302080,3932160,5734400.0,3,491520,384,"{""0.1"": 0, ""0.2"": 0, ""0.5"": 0, ""1.0"": 1, ""2.0"": 2}",0.02002165766342312,0.1519337996763949,0.9999999999999999,0.18423713235294115,200,0,0
gated-align-M1024-f0.70-u,gated-align,0.5,LBQCD-D05-unequal-min010-K18,unequal,missing,LBQCD-D05-unequal-min010-K18/missing,1,update,1024,0.7,0,0.0,4096,1,6.5625,16,377.1733801482413,400,400,1.2590447999973549,4600,588800,302080,302080,3932160,5734400.0,3,491520,384,"{""0.1"": 0, ""0.2"": 0, ""0.5"": 0, ""1.0"": 2, ""2.0"": 1}",0.014295645741096319,0.161072802680512,0.9417647058823528,0.21132123161764704,200,0,0
gated-align-M1024-f0.70-u,gated-align,0.5,LBQCD-D05-unequal-min010-K18,unequal,missing,LBQCD-D05-unequal-min010-K18/missing,2,update,1024,0.7,0,0.0,4096,1,6.0,16,381.00622750420666,400,400,1.2874816000112332,4600,588800,302080,302080,3932160,5734400.0,3,491520,384,"{""0.1"": 0, ""0.2"": 0, ""0.5"": 0, ""1.0"": 1, ""2.0"": 2}",0.008735850311053728,0.20081894356493143,0.9417647058823528,0.18983685661764704,200,0,0
lbqcd-align-M1024-f0.70-u,align,0.5,LBQCD-D05-unequal-min010-K18,unequal,missing,LBQCD-D05-unequal-min010-K18/missing,0,update,1024,0.7,0,0.0,0,0,nan,0,nan,400,400,1.4840934000094421,4600,588800,302080,302080,3932160,5734400.0,3,491520,384,"{""0.1"": 0, ""0.2"": 0, ""0.5"": 0, ""1.0"": 1, ""2.0"": 2}",0.02002165766342312,0.1519337996763949,0.9999999999999999,0.18423713235294115,200,0,0
lbqcd-align-M1024-f0.70-u,align,0.5,LBQCD-D05-unequal-min010-K18,unequal,missing,LBQCD-D05-unequal-min010-K18/missing,1,update,1024,0.7,0,0.0,0,0,nan,0,nan,400,400,1.25751810001384,4600,588800,302080,302080,3932160,5734400.0,3,491520,384,"{""0.1"": 0, ""0.2"": 0, ""0.5"": 0, ""1.0"": 2, ""2.0"": 1}",0.014295645741096319,0.161072802680512,0.9417647058823528,0.21132123161764704,200,0,0
lbqcd-align-M1024-f0.70-u,align,0.5,LBQCD-D05-unequal-min010-K18,unequal,missing,LBQCD-D05-unequal-min010-K18/missing,2,update,1024,0.7,0,0.0,0,0,nan,0,nan,400,400,1.3527234999928623,4600,588800,302080,302080,3932160,5734400.0,3,491520,384,"{""0.1"": 0, ""0.2"": 0, ""0.5"": 0, ""1.0"": 1, ""2.0"": 2}",0.008735850311053728,0.20081894356493143,0.9417647058823528,0.18983685661764704,200,0,0
paper-0.2,paper,0.2,LBQCD-D05-unequal-min010-K18,unequal,missing,LBQCD-D05-unequal-min010-K18/missing,0,update,0,0.0,0,0.0,0,0,nan,0,nan,400,400,0.9490377000038279,400,51200,51200,51200,13107200,0.0,0,0,0,"{""0.1"": 0, ""0.2"": 0, ""0.5"": 0, ""1.0"": 0, ""2.0"": 0}",0.008714366983845423,0.12821073429816138,0.9999999999999999,0.08091911764705884,150,0,0
paper-0.2,paper,0.2,LBQCD-D05-unequal-min010-K18,unequal,missing,LBQCD-D05-unequal-min010-K18/missing,1,update,0,0.0,0,0.0,0,0,nan,0,nan,400,400,0.77489549999882,400,51200,51200,51200,13107200,0.0,0,0,0,"{""0.1"": 0, ""0.2"": 0, ""0.5"": 0, ""1.0"": 0, ""2.0"": 0}",0.012458742254102706,0.24392930383746758,0.9999999999999999,0.12441865808823527,150,0,0
paper-0.2,paper,0.2,LBQCD-D05-unequal-min010-K18,unequal,missing,LBQCD-D05-unequal-min010-K18/missing,2,update,0,0.0,0,0.0,0,0,nan,0,nan,400,400,0.8802522999903886,400,51200,51200,51200,13107200,0.0,0,0,0,"{""0.1"": 0, ""0.2"": 0, ""0.5"": 0, ""1.0"": 0, ""2.0"": 0}",0.024504813999870034,0.20621181092189306,0.9999999999999999,0.11341681985294116,100,0,0
paper-0.5,paper,0.5,LBQCD-D05-unequal-min010-K18,unequal,missing,LBQCD-D05-unequal-min010-K18/missing,0,update,0,0.0,0,0.0,0,0,nan,0,nan,400,400,0.5811113999952795,400,51200,51200,51200,13107200,0.0,0,0,0,"{""0.1"": 0, ""0.2"": 0, ""0.5"": 0, ""1.0"": 0, ""2.0"": 0}",0.009410876881835506,0.15669837830591424,0.9999999999999999,0.07948529411764704,150,0,0
paper-0.5,paper,0.5,LBQCD-D05-unequal-min010-K18,unequal,missing,LBQCD-D05-unequal-min010-K18/missing,1,update,0,0.0,0,0.0,0,0,nan,0,nan,400,400,0.7703043999936199,400,51200,51200,51200,13107200,0.0,0,0,0,"{""0.1"": 0, ""0.2"": 0, ""0.5"": 0, ""1.0"": 0, ""2.0"": 0}",0.005584517303092618,0.19829798008457236,0.9999999999999999,0.07917509191176475,150,0,0
paper-0.5,paper,0.5,LBQCD-D05-unequal-min010-K18,unequal,missing,LBQCD-D05-unequal-min010-K18/missing,2,update,0,0.0,0,0.0,0,0,nan,0,nan,400,400,0.7711451999930432,400,51200,51200,51200,13107200,0.0,0,0,0,"{""0.1"": 0, ""0.2"": 0, ""0.5"": 0, ""1.0"": 0, ""2.0"": 0}",0.008322446928958893,0.12422762656489292,0.9999999999999999,0.08653033088235296,100,0,0
paper-1,paper,1.0,LBQCD-D05-unequal-min010-K18,unequal,missing,LBQCD-D05-unequal-min010-K18/missing,0,update,0,0.0,0,0.0,0,0,nan,0,nan,400,400,0.9215927999903215,400,51200,51200,51200,13107200,0.0,0,0,0,"{""0.1"": 0, ""0.2"": 0, ""0.5"": 0, ""1.0"": 0, ""2.0"": 0}",0.009774297134544696,0.17474037282684776,0.9999999999999999,0.14517463235294115,150,0,0
paper-1,paper,1.0,LBQCD-D05-unequal-min010-K18,unequal,missing,LBQCD-D05-unequal-min010-K18/missing,1,update,0,0.0,0,0.0,0,0,nan,0,nan,400,400,0.9569747000059579,400,51200,51200,51200,13107200,0.0,0,0,0,"{""0.1"": 0, ""0.2"": 0, ""0.5"": 0, ""1.0"": 0, ""2.0"": 0}",0.01140849251565923,0.1869083883759178,0.9999999999999999,0.13052619485294115,200,0,0
paper-1,paper,1.0,LBQCD-D05-unequal-min010-K18,unequal,missing,LBQCD-D05-unequal-min010-K18/missing,2,update,0,0.0,0,0.0,0,0,nan,0,nan,400,400,0.990722000002279,400,51200,51200,51200,13107200,0.0,0,0,0,"{""0.1"": 0, ""0.2"": 0, ""0.5"": 0, ""1.0"": 0, ""2.0"": 0}",0.00822005720413621,0.1840423577365383,0.9999999999999999,0.11536994485294116,150,0,0
paper-2,paper,2.0,LBQCD-D05-unequal-min010-K18,unequal,missing,LBQCD-D05-unequal-min010-K18/missing,0,update,0,0.0,0,0.0,0,0,nan,0,nan,400,400,0.8706166000047233,400,51200,51200,51200,13107200,0.0,0,0,0,"{""0.1"": 0, ""0.2"": 0, ""0.5"": 0, ""1.0"": 0, ""2.0"": 0}",0.015090478064907487,0.19364222315623797,0.9999999999999999,0.20038143382352935,300,0,0
paper-2,paper,2.0,LBQCD-D05-unequal-min010-K18,unequal,missing,LBQCD-D05-unequal-min010-K18/missing,1,update,0,0.0,0,0.0,0,0,nan,0,nan,400,400,0.6870837000024039,400,51200,51200,51200,13107200,0.0,0,0,0,"{""0.1"": 0, ""0.2"": 0, ""0.5"": 0, ""1.0"": 0, ""2.0"": 0}",0.012908227225561841,0.23157565688540493,0.9417647058823528,0.23430147058823525,400,0,0
paper-2,paper,2.0,LBQCD-D05-unequal-min010-K18,unequal,missing,LBQCD-D05-unequal-min010-K18/missing,2,update,0,0.0,0,0.0,0,0,nan,0,nan,400,400,0.5959175000025425,400,51200,51200,51200,13107200,0.0,0,0,0,"{""0.1"": 0, ""0.2"": 0, ""0.5"": 0, ""1.0"": 0, ""2.0"": 0}",0.016252317568358876,0.2233345334559467,0.9999999999999999,0.21959099264705884,250,0,0
paper-4,paper,4.0,LBQCD-D05-unequal-min010-K18,unequal,missing,LBQCD-D05-unequal-min010-K18/missing,0,update,0,0.0,0,0.0,0,0,nan,0,nan,400,400,0.8273316999984672,400,51200,51200,51200,13107200,0.0,0,0,0,"{""0.1"": 0, ""0.2"": 0, ""0.5"": 0, ""1.0"": 0, ""2.0"": 0}",0.05387121421298513,0.31408041236260126,0.8835294117647058,0.37056295955882346,400,1,0
paper-4,paper,4.0,LBQCD-D05-unequal-min010-K18,unequal,missing,LBQCD-D05-unequal-min010-K18/missing,1,update,0,0.0,0,0.0,0,0,nan,0,nan,400,400,0.7176975999900606,400,51200,51200,51200,13107200,0.0,0,0,0,"{""0.1"": 0, ""0.2"": 0, ""0.5"": 0, ""1.0"": 0, ""2.0"": 0}",0.03909367031193778,0.36337360625046883,0.8835294117647058,0.39152803308823525,400,1,0
paper-4,paper,4.0,LBQCD-D05-unequal-min010-K18,unequal,missing,LBQCD-D05-unequal-min010-K18/missing,2,update,0,0.0,0,0.0,0,0,nan,0,nan,400,400,0.8271113000082551,400,51200,51200,51200,13107200,0.0,0,0,0,"{""0.1"": 0, ""0.2"": 0, ""0.5"": 0, ""1.0"": 0, ""2.0"": 0}",0.08016348377407745,0.5294185306714295,0.8835294117647058,0.41301240808823525,400,1,0
qld-v1,qld,0.5,LBQCD-D05-unequal-min010-K18,unequal,missing,LBQCD-D05-unequal-min010-K18/missing,0,update,0,0.7,0,0.0,0,0,nan,0,nan,400,400,0.44061830001010094,400,51200,51200,51200,3932160,501760.0,0,0,0,"{""0.1"": 0, ""0.2"": 0, ""0.5"": 0, ""1.0"": 0, ""2.0"": 0}",0.022387703726780117,0.17676265556671283,0.9999999999999999,0.20988740808823525,250,0,0
qld-v1,qld,0.5,LBQCD-D05-unequal-min010-K18,unequal,missing,LBQCD-D05-unequal-min010-K18/missing,1,update,0,0.7,0,0.0,0,0,nan,0,nan,400,400,0.426570299998275,400,51200,51200,51200,3932160,501760.0,0,0,0,"{""0.1"": 0, ""0.2"": 0, ""0.5"": 0, ""1.0"": 0, ""2.0"": 0}",0.02657261188729665,0.37527593280107074,0.9417647058823528,0.28071920955882346,300,0,0
qld-v1,qld,0.5,LBQCD-D05-unequal-min010-K18,unequal,missing,LBQCD-D05-unequal-min010-K18/missing,2,update,0,0.7,0,0.0,0,0,nan,0,nan,400,400,0.4820209000026807,400,51200,51200,51200,3932160,501760.0,0,0,0,"{""0.1"": 0, ""0.2"": 0, ""0.5"": 0, ""1.0"": 0, ""2.0"": 0}",0.013071855907169638,0.231979567382673,0.9417647058823528,0.26210248161764704,250,0,0
rsr-M1024-f0.70-u,rsr,0.5,LBQCD-D05-unequal-min010-K18,unequal,missing,LBQCD-D05-unequal-min010-K18/missing,0,update,1024,0.7,0,0.0,0,0,nan,0,nan,400,400,1.3354437000089092,4600,588800,302080,302080,3932160,5734400.0,0,0,0,"{""0.1"": 0, ""0.2"": 0, ""0.5"": 0, ""1.0"": 0, ""2.0"": 0}",0.027372299918043907,0.19057454556269302,0.9999999999999999,0.16496553308823525,200,0,0
rsr-M1024-f0.70-u,rsr,0.5,LBQCD-D05-unequal-min010-K18,unequal,missing,LBQCD-D05-unequal-min010-K18/missing,1,update,1024,0.7,0,0.0,0,0,nan,0,nan,400,400,1.3597174000024097,4600,588800,302080,302080,3932160,5734400.0,0,0,0,"{""0.1"": 0, ""0.2"": 0, ""0.5"": 0, ""1.0"": 0, ""2.0"": 0}",0.010934615831052152,0.14668752707021404,0.9417647058823528,0.24797334558823525,200,0,0
rsr-M1024-f0.70-u,rsr,0.5,LBQCD-D05-unequal-min010-K18,unequal,missing,LBQCD-D05-unequal-min010-K18/missing,2,update,1024,0.7,0,0.0,0,0,nan,0,nan,400,400,1.332026500007487,4600,588800,302080,302080,3932160,5734400.0,0,0,0,"{""0.1"": 0, ""0.2"": 0, ""0.5"": 0, ""1.0"": 0, ""2.0"": 0}",0.006968509763721986,0.1601687535783399,0.9999999999999999,0.18619025735294115,200,0,0
gated-M1024-f0.70-u,gated,0.5,LBQCD-D06-unequal-min005-K20,unequal,concentrated,LBQCD-D06-unequal-min005-K20/concentrated,0,update,1024,0.7,0,0.0,4096,1,5.625,18,550.5600078643431,400,400,1.3636875999945914,4600,588800,302080,302080,3932160,5734400.0,0,0,0,"{""0.1"": 0, ""0.2"": 0, ""0.5"": 0, ""1.0"": 0, ""2.0"": 0}",0.01633846646487669,0.1953303890712814,0.9950000000000003,0.11937911184210519,200,0,0
gated-M1024-f0.70-u,gated,0.5,LBQCD-D06-unequal-min005-K20,unequal,concentrated,LBQCD-D06-unequal-min005-K20/concentrated,1,update,1024,0.7,0,0.0,4096,1,5.625,18,541.8923767101107,400,400,1.3891374999948312,4600,588800,302080,302080,3932160,5734400.0,0,0,0,"{""0.1"": 0, ""0.2"": 0, ""0.5"": 0, ""1.0"": 0, ""2.0"": 0}",0.01218010323466956,0.29852146851619815,0.9950000000000003,0.17968338815789472,200,0,0
gated-M1024-f0.70-u,gated,0.5,LBQCD-D06-unequal-min005-K20,unequal,concentrated,LBQCD-D06-unequal-min005-K20/concentrated,2,update,1024,0.7,0,0.0,4096,1,5.6875,18,563.3020336641268,400,400,1.3052061999915168,4600,588800,302080,302080,3932160,5734400.0,0,0,0,"{""0.1"": 0, ""0.2"": 0, ""0.5"": 0, ""1.0"": 0, ""2.0"": 0}",0.011107383354820755,0.18987602822455926,0.9950000000000003,0.09960526315789474,200,0,0
gated-align-M1024-f0.70-u,gated-align,0.5,LBQCD-D06-unequal-min005-K20,unequal,concentrated,LBQCD-D06-unequal-min005-K20/concentrated,0,update,1024,0.7,0,0.0,4096,1,5.625,18,550.5600078643431,400,400,1.2824745000107214,4600,588800,302080,302080,3932160,5734400.0,3,491520,384,"{""0.1"": 0, ""0.2"": 0, ""0.5"": 0, ""1.0"": 0, ""2.0"": 3}",0.019269937277583082,0.2141786682267481,0.9426315789473687,0.12279810855263155,200,0,0
gated-align-M1024-f0.70-u,gated-align,0.5,LBQCD-D06-unequal-min005-K20,unequal,concentrated,LBQCD-D06-unequal-min005-K20/concentrated,1,update,1024,0.7,0,0.0,4096,1,5.625,18,541.8923767101107,400,400,1.1237343000102555,4600,588800,302080,302080,3932160,5734400.0,3,491520,384,"{""0.1"": 0, ""0.2"": 0, ""0.5"": 1, ""1.0"": 1, ""2.0"": 1}",0.010215825813260082,0.27575063491092844,0.9426315789473687,0.19433182565789472,200,0,0
gated-align-M1024-f0.70-u,gated-align,0.5,LBQCD-D06-unequal-min005-K20,unequal,concentrated,LBQCD-D06-unequal-min005-K20/concentrated,2,update,1024,0.7,0,0.0,4096,1,5.6875,18,563.3020336641268,400,400,1.2090743000007933,4600,588800,302080,302080,3932160,5734400.0,3,491520,384,"{""0.1"": 0, ""0.2"": 0, ""0.5"": 0, ""1.0"": 1, ""2.0"": 2}",0.016374585046358803,0.22419155217157946,0.9426315789473687,0.13988692434210517,200,0,0
lbqcd-align-M1024-f0.70-u,align,0.5,LBQCD-D06-unequal-min005-K20,unequal,concentrated,LBQCD-D06-unequal-min005-K20/concentrated,0,update,1024,0.7,0,0.0,0,0,nan,0,nan,400,400,1.3880673000094248,4600,588800,302080,302080,3932160,5734400.0,3,491520,384,"{""0.1"": 0, ""0.2"": 0, ""0.5"": 0, ""1.0"": 0, ""2.0"": 3}",0.019269937277583082,0.2141786682267481,0.9426315789473687,0.12279810855263155,200,0,0
lbqcd-align-M1024-f0.70-u,align,0.5,LBQCD-D06-unequal-min005-K20,unequal,concentrated,LBQCD-D06-unequal-min005-K20/concentrated,1,update,1024,0.7,0,0.0,0,0,nan,0,nan,400,400,1.2568548999988707,4600,588800,302080,302080,3932160,5734400.0,3,491520,384,"{""0.1"": 0, ""0.2"": 0, ""0.5"": 1, ""1.0"": 1, ""2.0"": 1}",0.010215825813260082,0.27575063491092844,0.9426315789473687,0.19433182565789472,200,0,0
lbqcd-align-M1024-f0.70-u,align,0.5,LBQCD-D06-unequal-min005-K20,unequal,concentrated,LBQCD-D06-unequal-min005-K20/concentrated,2,update,1024,0.7,0,0.0,0,0,nan,0,nan,400,400,1.3484902999916812,4600,588800,302080,302080,3932160,5734400.0,3,491520,384,"{""0.1"": 0, ""0.2"": 0, ""0.5"": 0, ""1.0"": 1, ""2.0"": 2}",0.016374585046358803,0.22419155217157946,0.9426315789473687,0.13988692434210517,200,0,0
paper-0.2,paper,0.2,LBQCD-D06-unequal-min005-K20,unequal,concentrated,LBQCD-D06-unequal-min005-K20/concentrated,0,update,0,0.0,0,0.0,0,0,nan,0,nan,400,400,0.9493283999909181,400,51200,51200,51200,13107200,0.0,0,0,0,"{""0.1"": 0, ""0.2"": 0, ""0.5"": 0, ""1.0"": 0, ""2.0"": 0}",0.05929074439476789,0.39116736711750744,0.9950000000000003,0.15307154605263154,350,0,0
paper-0.2,paper,0.2,LBQCD-D06-unequal-min005-K20,unequal,concentrated,LBQCD-D06-unequal-min005-K20/concentrated,1,update,0,0.0,0,0.0,0,0,nan,0,nan,400,400,0.6622661000001244,400,51200,51200,51200,13107200,0.0,0,0,0,"{""0.1"": 0, ""0.2"": 0, ""0.5"": 0, ""1.0"": 0, ""2.0"": 0}",0.026500984220253265,0.17086470039058219,1.0000000000000002,0.09253495065789481,100,0,0
paper-0.2,paper,0.2,LBQCD-D06-unequal-min005-K20,unequal,concentrated,LBQCD-D06-unequal-min005-K20/concentrated,2,update,0,0.0,0,0.0,0,0,nan,0,nan,400,400,0.820957100004307,400,51200,51200,51200,13107200,0.0,0,0,0,"{""0.1"": 0, ""0.2"": 0, ""0.5"": 0, ""1.0"": 0, ""2.0"": 0}",0.011171431450746283,0.1875510397785809,0.9950000000000003,0.08324629934210519,200,0,0
paper-0.5,paper,0.5,LBQCD-D06-unequal-min005-K20,unequal,concentrated,LBQCD-D06-unequal-min005-K20/concentrated,0,update,0,0.0,0,0.0,0,0,nan,0,nan,400,400,0.6980207000015071,400,51200,51200,51200,13107200,0.0,0,0,0,"{""0.1"": 0, ""0.2"": 0, ""0.5"": 0, ""1.0"": 0, ""2.0"": 0}",0.01795032102046079,0.2072948772681891,0.9950000000000003,0.085931332236842,150,0,0
paper-0.5,paper,0.5,LBQCD-D06-unequal-min005-K20,unequal,concentrated,LBQCD-D06-unequal-min005-K20/concentrated,1,update,0,0.0,0,0.0,0,0,nan,0,nan,400,400,0.7641824000020279,400,51200,51200,51200,13107200,0.0,0,0,0,"{""0.1"": 0, ""0.2"": 0, ""0.5"": 0, ""1.0"": 0, ""2.0"": 0}",0.011511567228791542,0.19120018820990814,0.9950000000000003,0.10230057565789481,250,0,0
paper-0.5,paper,0.5,LBQCD-D06-unequal-min005-K20,unequal,concentrated,LBQCD-D06-unequal-min005-K20/concentrated,2,update,0,0.0,0,0.0,0,0,nan,0,nan,400,400,0.8386024000064936,400,51200,51200,51200,13107200,0.0,0,0,0,"{""0.1"": 0, ""0.2"": 0, ""0.5"": 0, ""1.0"": 0, ""2.0"": 0}",0.01011914958210447,0.1891409726784204,0.9950000000000003,0.07275904605263163,250,0,0
paper-1,paper,1.0,LBQCD-D06-unequal-min005-K20,unequal,concentrated,LBQCD-D06-unequal-min005-K20/concentrated,0,update,0,0.0,0,0.0,0,0,nan,0,nan,400,400,0.9544325000024401,400,51200,51200,51200,13107200,0.0,0,0,0,"{""0.1"": 0, ""0.2"": 0, ""0.5"": 0, ""1.0"": 0, ""2.0"": 0}",0.01616510454202924,0.20003554359105807,0.9950000000000003,0.07982935855263155,250,0,0
paper-1,paper,1.0,LBQCD-D06-unequal-min005-K20,unequal,concentrated,LBQCD-D06-unequal-min005-K20/concentrated,1,update,0,0.0,0,0.0,0,0,nan,0,nan,400,400,0.695134199995664,400,51200,51200,51200,13107200,0.0,0,0,0,"{""0.1"": 0, ""0.2"": 0, ""0.5"": 0, ""1.0"": 0, ""2.0"": 0}",0.009383068393584715,0.24718010664305412,0.9950000000000003,0.16381373355263154,200,0,0
paper-1,paper,1.0,LBQCD-D06-unequal-min005-K20,unequal,concentrated,LBQCD-D06-unequal-min005-K20/concentrated,2,update,0,0.0,0,0.0,0,0,nan,0,nan,400,400,0.8643742999993265,400,51200,51200,51200,13107200,0.0,0,0,0,"{""0.1"": 0, ""0.2"": 0, ""0.5"": 0, ""1.0"": 0, ""2.0"": 0}",0.012112734551344317,0.21257787009791124,0.9950000000000003,0.10253495065789474,200,0,0
paper-2,paper,2.0,LBQCD-D06-unequal-min005-K20,unequal,concentrated,LBQCD-D06-unequal-min005-K20/concentrated,0,update,0,0.0,0,0.0,0,0,nan,0,nan,400,400,0.8324805999873206,400,51200,51200,51200,13107200,0.0,0,0,0,"{""0.1"": 0, ""0.2"": 0, ""0.5"": 0, ""1.0"": 0, ""2.0"": 0}",0.012206853177580967,0.192127959212583,0.9426315789473687,0.18505345394736836,350,0,0
paper-2,paper,2.0,LBQCD-D06-unequal-min005-K20,unequal,concentrated,LBQCD-D06-unequal-min005-K20/concentrated,1,update,0,0.0,0,0.0,0,0,nan,0,nan,400,400,0.8373116000002483,400,51200,51200,51200,13107200,0.0,0,0,0,"{""0.1"": 0, ""0.2"": 0, ""0.5"": 0, ""1.0"": 0, ""2.0"": 0}",0.01791843193385212,0.2939589618191558,0.8902631578947371,0.31225123355263157,400,1,0
paper-2,paper,2.0,LBQCD-D06-unequal-min005-K20,unequal,concentrated,LBQCD-D06-unequal-min005-K20/concentrated,2,update,0,0.0,0,0.0,0,0,nan,0,nan,400,400,0.9717643999902066,400,51200,51200,51200,13107200,0.0,0,0,0,"{""0.1"": 0, ""0.2"": 0, ""0.5"": 0, ""1.0"": 0, ""2.0"": 0}",0.01887252901654346,0.2749292684703124,0.9426315789473687,0.22851151315789472,400,1,0
paper-4,paper,4.0,LBQCD-D06-unequal-min005-K20,unequal,concentrated,LBQCD-D06-unequal-min005-K20/concentrated,0,update,0,0.0,0,0.0,0,0,nan,0,nan,400,400,0.7599038999906043,400,51200,51200,51200,13107200,0.0,0,0,0,"{""0.1"": 0, ""0.2"": 0, ""0.5"": 0, ""1.0"": 0, ""2.0"": 0}",0.018904353330176704,0.24549481897560965,0.8378947368421055,0.27904810855263157,400,1,0
paper-4,paper,4.0,LBQCD-D06-unequal-min005-K20,unequal,concentrated,LBQCD-D06-unequal-min005-K20/concentrated,1,update,0,0.0,0,0.0,0,0,nan,0,nan,400,400,0.6161983000056352,400,51200,51200,51200,13107200,0.0,0,0,0,"{""0.1"": 0, ""0.2"": 0, ""0.5"": 0, ""1.0"": 0, ""2.0"": 0}",0.02987538179143634,0.31956351284121276,0.8378947368421055,0.3906208881578947,400,1,0
paper-4,paper,4.0,LBQCD-D06-unequal-min005-K20,unequal,concentrated,LBQCD-D06-unequal-min005-K20/concentrated,2,update,0,0.0,0,0.0,0,0,nan,0,nan,400,400,0.8705919000058202,400,51200,51200,51200,13107200,0.0,0,0,0,"{""0.1"": 0, ""0.2"": 0, ""0.5"": 0, ""1.0"": 0, ""2.0"": 0}",0.036381516492232535,0.3469192908334431,0.8378947368421055,0.3532689144736843,400,1,0
qld-v1,qld,0.5,LBQCD-D06-unequal-min005-K20,unequal,concentrated,LBQCD-D06-unequal-min005-K20/concentrated,0,update,0,0.7,0,0.0,0,0,nan,0,nan,400,400,0.334311800004798,400,51200,51200,51200,3932160,501760.0,0,0,0,"{""0.1"": 0, ""0.2"": 0, ""0.5"": 0, ""1.0"": 0, ""2.0"": 0}",0.012073319567485363,0.17032513866035423,0.9426315789473687,0.12792557565789472,200,0,0
qld-v1,qld,0.5,LBQCD-D06-unequal-min005-K20,unequal,concentrated,LBQCD-D06-unequal-min005-K20/concentrated,1,update,0,0.7,0,0.0,0,0,nan,0,nan,400,400,0.4314550999988569,400,51200,51200,51200,3932160,501760.0,0,0,0,"{""0.1"": 0, ""0.2"": 0, ""0.5"": 0, ""1.0"": 0, ""2.0"": 0}",0.014839249313983949,0.2208138121705555,0.9426315789473687,0.20116776315789472,350,0,0
qld-v1,qld,0.5,LBQCD-D06-unequal-min005-K20,unequal,concentrated,LBQCD-D06-unequal-min005-K20/concentrated,2,update,0,0.7,0,0.0,0,0,nan,0,nan,400,400,0.37725000000500586,400,51200,51200,51200,3932160,501760.0,0,0,0,"{""0.1"": 0, ""0.2"": 0, ""0.5"": 0, ""1.0"": 0, ""2.0"": 0}",0.013757071999528137,0.21587016966377875,0.9426315789473687,0.19921463815789472,400,1,0
rsr-M1024-f0.70-u,rsr,0.5,LBQCD-D06-unequal-min005-K20,unequal,concentrated,LBQCD-D06-unequal-min005-K20/concentrated,0,update,1024,0.7,0,0.0,0,0,nan,0,nan,400,400,1.3030177999899024,4600,588800,302080,302080,3932160,5734400.0,0,0,0,"{""0.1"": 0, ""0.2"": 0, ""0.5"": 0, ""1.0"": 0, ""2.0"": 0}",0.01633846646487669,0.1953303890712814,0.9950000000000003,0.11937911184210519,200,0,0
rsr-M1024-f0.70-u,rsr,0.5,LBQCD-D06-unequal-min005-K20,unequal,concentrated,LBQCD-D06-unequal-min005-K20/concentrated,1,update,1024,0.7,0,0.0,0,0,nan,0,nan,400,400,1.2442217999923741,4600,588800,302080,302080,3932160,5734400.0,0,0,0,"{""0.1"": 0, ""0.2"": 0, ""0.5"": 0, ""1.0"": 0, ""2.0"": 0}",0.01218010323466956,0.29852146851619815,0.9950000000000003,0.17968338815789472,200,0,0
rsr-M1024-f0.70-u,rsr,0.5,LBQCD-D06-unequal-min005-K20,unequal,concentrated,LBQCD-D06-unequal-min005-K20/concentrated,2,update,1024,0.7,0,0.0,0,0,nan,0,nan,400,400,1.266790800000308,4600,588800,302080,302080,3932160,5734400.0,0,0,0,"{""0.1"": 0, ""0.2"": 0, ""0.5"": 0, ""1.0"": 0, ""2.0"": 0}",0.011107383354820755,0.18987602822455926,0.9950000000000003,0.09960526315789474,200,0,0
gated-M1024-f0.70-u,gated,0.5,LBQCD-D06-unequal-min005-K20,unequal,missing,LBQCD-D06-unequal-min005-K20/missing,0,update,1024,0.7,0,0.0,4096,1,5.875,18,542.0109083207427,400,400,1.3031220000120811,4600,588800,302080,302080,3932160,5734400.0,0,0,0,"{""0.1"": 0, ""0.2"": 0, ""0.5"": 0, ""1.0"": 0, ""2.0"": 0}",0.09021245334633932,0.40105136509941547,0.9426315789473687,0.2338836348684211,250,0,0
gated-M1024-f0.70-u,gated,0.5,LBQCD-D06-unequal-min005-K20,unequal,missing,LBQCD-D06-unequal-min005-K20/missing,1,update,1024,0.7,0,0.0,4096,1,6.0,18,573.8414600283512,400,400,1.18348920000426,4600,588800,302080,302080,3932160,5734400.0,0,0,0,"{""0.1"": 0, ""0.2"": 0, ""0.5"": 0, ""1.0"": 0, ""2.0"": 0}",0.04615108395685219,0.28104028969515216,0.9426315789473687,0.1916467927631579,250,0,0
gated-M1024-f0.70-u,gated,0.5,LBQCD-D06-unequal-min005-K20,unequal,missing,LBQCD-D06-unequal-min005-K20/missing,2,update,1024,0.7,0,0.0,4096,1,5.625,18,544.42128706253,400,400,1.2374729000002844,4600,588800,302080,302080,3932160,5734400.0,0,0,0,"{""0.1"": 0, ""0.2"": 0, ""0.5"": 0, ""1.0"": 0, ""2.0"": 0}",0.024144987758217162,0.21712026593552197,0.9426315789473687,0.18480879934210517,250,0,0
gated-align-M1024-f0.70-u,gated-align,0.5,LBQCD-D06-unequal-min005-K20,unequal,missing,LBQCD-D06-unequal-min005-K20/missing,0,update,1024,0.7,0,0.0,4096,1,5.875,18,542.0109083207427,400,400,1.4974674999975832,4600,588800,302080,302080,3932160,5734400.0,3,491520,384,"{""0.1"": 0, ""0.2"": 0, ""0.5"": 0, ""1.0"": 1, ""2.0"": 2}",0.09231259222123711,0.41507950290817314,0.9426315789473687,0.2250945723684211,250,0,0
gated-align-M1024-f0.70-u,gated-align,0.5,LBQCD-D06-unequal-min005-K20,unequal,missing,LBQCD-D06-unequal-min005-K20/missing,1,update,1024,0.7,0,0.0,4096,1,6.0,18,573.8414600283512,400,400,1.1715534999966621,4600,588800,302080,302080,3932160,5734400.0,3,491520,384,"{""0.1"": 0, ""0.2"": 0, ""0.5"": 0, ""1.0"": 0, ""2.0"": 3}",0.042098451668675096,0.2819346855446971,0.9426315789473687,0.2082483552631579,250,0,0
gated-align-M1024-f0.70-u,gated-align,0.5,LBQCD-D06-unequal-min005-K20,unequal,missing,LBQCD-D06-unequal-min005-K20/missing,2,update,1024,0.7,0,0.0,4096,1,5.625,18,544.42128706253,400,400,1.177918100001989,4600,588800,302080,302080,3932160,5734400.0,3,491520,384,"{""0.1"": 0, ""0.2"": 0, ""0.5"": 0, ""1.0"": 0, ""2.0"": 3}",0.03179018729015759,0.25865167945965456,0.9426315789473687,0.18651932565789472,250,0,0
lbqcd-align-M1024-f0.70-u,align,0.5,LBQCD-D06-unequal-min005-K20,unequal,missing,LBQCD-D06-unequal-min005-K20/missing,0,update,1024,0.7,0,0.0,0,0,nan,0,nan,400,400,1.3032960000127787,4600,588800,302080,302080,3932160,5734400.0,3,491520,384,"{""0.1"": 0, ""0.2"": 0, ""0.5"": 0, ""1.0"": 1, ""2.0"": 2}",0.09231259222123711,0.41507950290817314,0.9426315789473687,0.2250945723684211,250,0,0
lbqcd-align-M1024-f0.70-u,align,0.5,LBQCD-D06-unequal-min005-K20,unequal,missing,LBQCD-D06-unequal-min005-K20/missing,1,update,1024,0.7,0,0.0,0,0,nan,0,nan,400,400,1.307248700002674,4600,588800,302080,302080,3932160,5734400.0,3,491520,384,"{""0.1"": 0, ""0.2"": 0, ""0.5"": 0, ""1.0"": 0, ""2.0"": 3}",0.042098451668675096,0.2819346855446971,0.9426315789473687,0.2082483552631579,250,0,0
lbqcd-align-M1024-f0.70-u,align,0.5,LBQCD-D06-unequal-min005-K20,unequal,missing,LBQCD-D06-unequal-min005-K20/missing,2,update,1024,0.7,0,0.0,0,0,nan,0,nan,400,400,1.2079917999944882,4600,588800,302080,302080,3932160,5734400.0,3,491520,384,"{""0.1"": 0, ""0.2"": 0, ""0.5"": 0, ""1.0"": 0, ""2.0"": 3}",0.03179018729015759,0.25865167945965456,0.9426315789473687,0.18651932565789472,250,0,0
paper-0.2,paper,0.2,LBQCD-D06-unequal-min005-K20,unequal,missing,LBQCD-D06-unequal-min005-K20/missing,0,update,0,0.0,0,0.0,0,0,nan,0,nan,400,400,0.8657478999957675,400,51200,51200,51200,13107200,0.0,0,0,0,"{""0.1"": 0, ""0.2"": 0, ""0.5"": 0, ""1.0"": 0, ""2.0"": 0}",0.016963625531068338,0.29054228453753334,0.9950000000000003,0.14916529605263154,200,0,0
paper-0.2,paper,0.2,LBQCD-D06-unequal-min005-K20,unequal,missing,LBQCD-D06-unequal-min005-K20/missing,1,update,0,0.0,0,0.0,0,0,nan,0,nan,400,400,1.0256638999999268,400,51200,51200,51200,13107200,0.0,0,0,0,"{""0.1"": 0, ""0.2"": 0, ""0.5"": 0, ""1.0"": 0, ""2.0"": 0}",0.07127933059264357,0.25329999011714066,0.9950000000000003,0.10253495065789474,200,0,0
paper-0.2,paper,0.2,LBQCD-D06-unequal-min005-K20,unequal,missing,LBQCD-D06-unequal-min005-K20/missing,2,update,0,0.0,0,0.0,0,0,nan,0,nan,400,400,0.8877248000062536,400,51200,51200,51200,13107200,0.0,0,0,0,"{""0.1"": 0, ""0.2"": 0, ""0.5"": 0, ""1.0"": 0, ""2.0"": 0}",0.010666959818841804,0.21034206177859718,0.9950000000000003,0.11669407894736837,400,1,0
paper-0.5,paper,0.5,LBQCD-D06-unequal-min005-K20,unequal,missing,LBQCD-D06-unequal-min005-K20/missing,0,update,0,0.0,0,0.0,0,0,nan,0,nan,400,400,0.9069191000016872,400,51200,51200,51200,13107200,0.0,0,0,0,"{""0.1"": 0, ""0.2"": 0, ""0.5"": 0, ""1.0"": 0, ""2.0"": 0}",0.05809992968400568,0.3317156768107284,0.9950000000000003,0.091790707236842,250,0,0
paper-0.5,paper,0.5,LBQCD-D06-unequal-min005-K20,unequal,missing,LBQCD-D06-unequal-min005-K20/missing,1,update,0,0.0,0,0.0,0,0,nan,0,nan,400,400,0.859553500005859,400,51200,51200,51200,13107200,0.0,0,0,0,"{""0.1"": 0, ""0.2"": 0, ""0.5"": 0, ""1.0"": 0, ""2.0"": 0}",0.09817676246610763,0.430667742445353,0.9950000000000003,0.133795230263158,300,0,0
paper-0.5,paper,0.5,LBQCD-D06-unequal-min005-K20,unequal,missing,LBQCD-D06-unequal-min005-K20/missing,2,update,0,0.0,0,0.0,0,0,nan,0,nan,400,400,0.7772011999913957,400,51200,51200,51200,13107200,0.0,0,0,0,"{""0.1"": 0, ""0.2"": 0, ""0.5"": 0, ""1.0"": 0, ""2.0"": 0}",0.023267939800144077,0.21042371970580534,0.9950000000000003,0.05175370065789474,200,0,0
paper-1,paper,1.0,LBQCD-D06-unequal-min005-K20,unequal,missing,LBQCD-D06-unequal-min005-K20/missing,0,update,0,0.0,0,0.0,0,0,nan,0,nan,400,400,0.8825182000000495,400,51200,51200,51200,13107200,0.0,0,0,0,"{""0.1"": 0, ""0.2"": 0, ""0.5"": 0, ""1.0"": 0, ""2.0"": 0}",0.08323067214384317,0.36369832704107025,0.9950000000000003,0.13451685855263154,300,0,0
paper-1,paper,1.0,LBQCD-D06-unequal-min005-K20,unequal,missing,LBQCD-D06-unequal-min005-K20/missing,1,update,0,0.0,0,0.0,0,0,nan,0,nan,400,400,0.9555323999957182,400,51200,51200,51200,13107200,0.0,0,0,0,"{""0.1"": 0, ""0.2"": 0, ""0.5"": 0, ""1.0"": 0, ""2.0"": 0}",0.07826519825957767,0.37482043268445764,0.9950000000000003,0.12011307565789474,400,1,0
paper-1,paper,1.0,LBQCD-D06-unequal-min005-K20,unequal,missing,LBQCD-D06-unequal-min005-K20/missing,2,update,0,0.0,0,0.0,0,0,nan,0,nan,400,400,0.8203970000031404,400,51200,51200,51200,13107200,0.0,0,0,0,"{""0.1"": 0, ""0.2"": 0, ""0.5"": 0, ""1.0"": 0, ""2.0"": 0}",0.039564507955702766,0.3181821254204214,0.9950000000000003,0.09838404605263155,200,0,0
paper-2,paper,2.0,LBQCD-D06-unequal-min005-K20,unequal,missing,LBQCD-D06-unequal-min005-K20/missing,0,update,0,0.0,0,0.0,0,0,nan,0,nan,400,400,0.6010649999952875,400,51200,51200,51200,13107200,0.0,0,0,0,"{""0.1"": 0, ""0.2"": 0, ""0.5"": 0, ""1.0"": 0, ""2.0"": 0}",0.08717061139554882,0.39000003575905756,0.9426315789473687,0.26146998355263157,400,1,0
paper-2,paper,2.0,LBQCD-D06-unequal-min005-K20,unequal,missing,LBQCD-D06-unequal-min005-K20/missing,1,update,0,0.0,0,0.0,0,0,nan,0,nan,400,400,0.7920383000018774,400,51200,51200,51200,13107200,0.0,0,0,0,"{""0.1"": 0, ""0.2"": 0, ""0.5"": 0, ""1.0"": 0, ""2.0"": 0}",0.07231230523635013,0.3848433344253374,0.9950000000000003,0.2004358552631579,400,0,0
paper-2,paper,2.0,LBQCD-D06-unequal-min005-K20,unequal,missing,LBQCD-D06-unequal-min005-K20/missing,2,update,0,0.0,0,0.0,0,0,nan,0,nan,400,400,0.8695329999900423,400,51200,51200,51200,13107200,0.0,0,0,0,"{""0.1"": 0, ""0.2"": 0, ""0.5"": 0, ""1.0"": 0, ""2.0"": 0}",0.06984154736308934,0.4503961796615368,0.9426315789473687,0.17675370065789472,400,1,0
paper-4,paper,4.0,LBQCD-D06-unequal-min005-K20,unequal,missing,LBQCD-D06-unequal-min005-K20/missing,0,update,0,0.0,0,0.0,0,0,nan,0,nan,400,400,0.9107896000059554,400,51200,51200,51200,13107200,0.0,0,0,0,"{""0.1"": 0, ""0.2"": 0, ""0.5"": 0, ""1.0"": 0, ""2.0"": 0}",0.11023523335987306,0.5143874100796474,0.8902631578947371,0.34716488486842106,400,1,0
paper-4,paper,4.0,LBQCD-D06-unequal-min005-K20,unequal,missing,LBQCD-D06-unequal-min005-K20/missing,1,update,0,0.0,0,0.0,0,0,nan,0,nan,400,400,0.7713487000000896,400,51200,51200,51200,13107200,0.0,0,0,0,"{""0.1"": 0, ""0.2"": 0, ""0.5"": 0, ""1.0"": 0, ""2.0"": 0}",0.0929588346649366,0.47490805260976615,0.9426315789473687,0.2626912006578947,400,1,0
paper-4,paper,4.0,LBQCD-D06-unequal-min005-K20,unequal,missing,LBQCD-D06-unequal-min005-K20/missing,2,update,0,0.0,0,0.0,0,0,nan,0,nan,400,400,0.8270975000050385,400,51200,51200,51200,13107200,0.0,0,0,0,"{""0.1"": 0, ""0.2"": 0, ""0.5"": 0, ""1.0"": 0, ""2.0"": 0}",0.08571890522262571,0.5528290199325423,0.8902631578947371,0.25756373355263157,400,1,0
qld-v1,qld,0.5,LBQCD-D06-unequal-min005-K20,unequal,missing,LBQCD-D06-unequal-min005-K20/missing,0,update,0,0.7,0,0.0,0,0,nan,0,nan,400,400,0.4449070999980904,400,51200,51200,51200,3932160,501760.0,0,0,0,"{""0.1"": 0, ""0.2"": 0, ""0.5"": 0, ""1.0"": 0, ""2.0"": 0}",0.12028965406803849,0.5204290460467583,0.9426315789473687,0.24413651315789472,400,1,0
qld-v1,qld,0.5,LBQCD-D06-unequal-min005-K20,unequal,missing,LBQCD-D06-unequal-min005-K20/missing,1,update,0,0.7,0,0.0,0,0,nan,0,nan,400,400,0.395869899992249,400,51200,51200,51200,3932160,501760.0,0,0,0,"{""0.1"": 0, ""0.2"": 0, ""0.5"": 0, ""1.0"": 0, ""2.0"": 0}",0.10900097980739343,0.5345109872273975,0.9426315789473687,0.2724568256578947,300,0,0
qld-v1,qld,0.5,LBQCD-D06-unequal-min005-K20,unequal,missing,LBQCD-D06-unequal-min005-K20/missing,2,update,0,0.7,0,0.0,0,0,nan,0,nan,400,400,0.3271049999893876,400,51200,51200,51200,3932160,501760.0,0,0,0,"{""0.1"": 0, ""0.2"": 0, ""0.5"": 0, ""1.0"": 0, ""2.0"": 0}",0.017207479575255036,0.2677677180380173,0.9426315789473687,0.20434004934210517,400,1,0
rsr-M1024-f0.70-u,rsr,0.5,LBQCD-D06-unequal-min005-K20,unequal,missing,LBQCD-D06-unequal-min005-K20/missing,0,update,1024,0.7,0,0.0,0,0,nan,0,nan,400,400,1.1570036000048276,4600,588800,302080,302080,3932160,5734400.0,0,0,0,"{""0.1"": 0, ""0.2"": 0, ""0.5"": 0, ""1.0"": 0, ""2.0"": 0}",0.09021245334633932,0.40105136509941547,0.9426315789473687,0.2338836348684211,250,0,0
rsr-M1024-f0.70-u,rsr,0.5,LBQCD-D06-unequal-min005-K20,unequal,missing,LBQCD-D06-unequal-min005-K20/missing,1,update,1024,0.7,0,0.0,0,0,nan,0,nan,400,400,1.3109736999904271,4600,588800,302080,302080,3932160,5734400.0,0,0,0,"{""0.1"": 0, ""0.2"": 0, ""0.5"": 0, ""1.0"": 0, ""2.0"": 0}",0.04615108395685219,0.28104028969515216,0.9426315789473687,0.1916467927631579,250,0,0
rsr-M1024-f0.70-u,rsr,0.5,LBQCD-D06-unequal-min005-K20,unequal,missing,LBQCD-D06-unequal-min005-K20/missing,2,update,1024,0.7,0,0.0,0,0,nan,0,nan,400,400,1.3492437000095379,4600,588800,302080,302080,3932160,5734400.0,0,0,0,"{""0.1"": 0, ""0.2"": 0, ""0.5"": 0, ""1.0"": 0, ""2.0"": 0}",0.024144987758217162,0.21712026593552197,0.9426315789473687,0.18480879934210517,250,0,0
gated-M1024-f0.70-u,gated,0.5,LBQCD-D07-equal-K9,control-equal,concentrated,LBQCD-D07-equal-K9/concentrated,0,update,1024,0.7,0,0.0,4096,0,13.3125,8,590.0742457711995,400,400,0.36895600000570994,400,51200,51200,51200,3932160,501760.0,0,0,0,"{""0.1"": 0, ""0.2"": 0, ""0.5"": 0, ""1.0"": 0, ""2.0"": 0}",0.009900184725364358,0.13497310826411038,1.0,0.0705295138888889,50,0,0
gated-M1024-f0.70-u,gated,0.5,LBQCD-D07-equal-K9,control-equal,concentrated,LBQCD-D07-equal-K9/concentrated,1,update,1024,0.7,0,0.0,4096,0,13.4375,8,641.8897204492441,400,400,0.3377425999933621,400,51200,51200,51200,3932160,501760.0,0,0,0,"{""0.1"": 0, ""0.2"": 0, ""0.5"": 0, ""1.0"": 0, ""2.0"": 0}",0.00919578038494162,0.13071502046987074,1.0,0.07389322916666669,100,0,0
gated-M1024-f0.70-u,gated,0.5,LBQCD-D07-equal-K9,control-equal,concentrated,LBQCD-D07-equal-K9/concentrated,2,update,1024,0.7,0,0.0,4096,0,13.375,8,620.9051022271078,400,400,0.32747180000296794,400,51200,51200,51200,3932160,501760.0,0,0,0,"{""0.1"": 0, ""0.2"": 0, ""0.5"": 0, ""1.0"": 0, ""2.0"": 0}",0.014008370398297387,0.13206442819699324,1.0,0.08430989583333331,150,0,0
gated-align-M1024-f0.70-u,gated-align,0.5,LBQCD-D07-equal-K9,control-equal,concentrated,LBQCD-D07-equal-K9/concentrated,0,update,1024,0.7,0,0.0,4096,0,13.3125,8,590.0742457711995,400,400,0.36643939999339636,400,51200,51200,51200,3932160,501760.0,3,491520,384,"{""0.1"": 0, ""0.2"": 0, ""0.5"": 0, ""1.0"": 2, ""2.0"": 1}",0.010441396547896886,0.14841427478901292,1.0,0.0779079861111111,50,0,0
gated-align-M1024-f0.70-u,gated-align,0.5,LBQCD-D07-equal-K9,control-equal,concentrated,LBQCD-D07-equal-K9/concentrated,1,update,1024,0.7,0,0.0,4096,0,13.4375,8,641.8897204492441,400,400,0.5310293000075035,400,51200,51200,51200,3932160,501760.0,3,491520,384,"{""0.1"": 0, ""0.2"": 0, ""0.5"": 0, ""1.0"": 2, ""2.0"": 1}",0.009387232128973189,0.1335967574450241,1.0,0.0802951388888889,100,0,0
gated-align-M1024-f0.70-u,gated-align,0.5,LBQCD-D07-equal-K9,control-equal,concentrated,LBQCD-D07-equal-K9/concentrated,2,update,1024,0.7,0,0.0,4096,0,13.375,8,620.9051022271078,400,400,0.3991332000005059,400,51200,51200,51200,3932160,501760.0,3,491520,384,"{""0.1"": 0, ""0.2"": 0, ""0.5"": 1, ""1.0"": 2, ""2.0"": 0}",0.01458633402946452,0.13449143751054585,1.0,0.08333333333333331,150,0,0
lbqcd-align-M1024-f0.70-u,align,0.5,LBQCD-D07-equal-K9,control-equal,concentrated,LBQCD-D07-equal-K9/concentrated,0,update,1024,0.7,0,0.0,0,0,nan,0,nan,400,400,1.2433937000023434,4600,588800,302080,302080,3932160,5734400.0,3,491520,384,"{""0.1"": 0, ""0.2"": 0, ""0.5"": 0, ""1.0"": 2, ""2.0"": 1}",0.009231649000212894,0.13821977688247755,1.0,0.09505208333333331,50,0,0
lbqcd-align-M1024-f0.70-u,align,0.5,LBQCD-D07-equal-K9,control-equal,concentrated,LBQCD-D07-equal-K9/concentrated,1,update,1024,0.7,0,0.0,0,0,nan,0,nan,400,400,1.1973259000078542,4600,588800,302080,302080,3932160,5734400.0,3,491520,384,"{""0.1"": 0, ""0.2"": 0, ""0.5"": 0, ""1.0"": 2, ""2.0"": 1}",0.008360551449690057,0.13390907668391128,1.0,0.0730251736111111,100,0,0
lbqcd-align-M1024-f0.70-u,align,0.5,LBQCD-D07-equal-K9,control-equal,concentrated,LBQCD-D07-equal-K9/concentrated,2,update,1024,0.7,0,0.0,0,0,nan,0,nan,400,400,1.3840473999880487,4600,588800,302080,302080,3932160,5734400.0,3,491520,384,"{""0.1"": 0, ""0.2"": 0, ""0.5"": 1, ""1.0"": 2, ""2.0"": 0}",0.014790272766425971,0.13447115833700932,1.0,0.08040364583333331,100,0,0
paper-0.2,paper,0.2,LBQCD-D07-equal-K9,control-equal,concentrated,LBQCD-D07-equal-K9/concentrated,0,update,0,0.0,0,0.0,0,0,nan,0,nan,400,400,0.6977833999990253,400,51200,51200,51200,13107200,0.0,0,0,0,"{""0.1"": 0, ""0.2"": 0, ""0.5"": 0, ""1.0"": 0, ""2.0"": 0}",0.008737040230439863,0.14260747045031397,1.0,0.0802951388888889,50,0,0
paper-0.2,paper,0.2,LBQCD-D07-equal-K9,control-equal,concentrated,LBQCD-D07-equal-K9/concentrated,1,update,0,0.0,0,0.0,0,0,nan,0,nan,400,400,0.7361463999986881,400,51200,51200,51200,13107200,0.0,0,0,0,"{""0.1"": 0, ""0.2"": 0, ""0.5"": 0, ""1.0"": 0, ""2.0"": 0}",0.01005787977676853,0.12502302851371644,1.0,0.055447048611111105,50,0,0
paper-0.2,paper,0.2,LBQCD-D07-equal-K9,control-equal,concentrated,LBQCD-D07-equal-K9/concentrated,2,update,0,0.0,0,0.0,0,0,nan,0,nan,400,400,0.870543799988809,400,51200,51200,51200,13107200,0.0,0,0,0,"{""0.1"": 0, ""0.2"": 0, ""0.5"": 0, ""1.0"": 0, ""2.0"": 0}",0.013515301038778738,0.13755051129408802,1.0,0.08138020833333331,50,0,0
paper-0.5,paper,0.5,LBQCD-D07-equal-K9,control-equal,concentrated,LBQCD-D07-equal-K9/concentrated,0,update,0,0.0,0,0.0,0,0,nan,0,nan,400,400,0.7075077000044985,400,51200,51200,51200,13107200,0.0,0,0,0,"{""0.1"": 0, ""0.2"": 0, ""0.5"": 0, ""1.0"": 0, ""2.0"": 0}",0.009343977906437928,0.1463806252171681,1.0,0.0769314236111111,50,0,0
paper-0.5,paper,0.5,LBQCD-D07-equal-K9,control-equal,concentrated,LBQCD-D07-equal-K9/concentrated,1,update,0,0.0,0,0.0,0,0,nan,0,nan,400,400,1.0156426000030478,400,51200,51200,51200,13107200,0.0,0,0,0,"{""0.1"": 0, ""0.2"": 0, ""0.5"": 0, ""1.0"": 0, ""2.0"": 0}",0.00834868363790875,0.13188014705611265,1.0,0.061740451388888895,100,0,0
paper-0.5,paper,0.5,LBQCD-D07-equal-K9,control-equal,concentrated,LBQCD-D07-equal-K9/concentrated,2,update,0,0.0,0,0.0,0,0,nan,0,nan,400,400,0.6192278999951668,400,51200,51200,51200,13107200,0.0,0,0,0,"{""0.1"": 0, ""0.2"": 0, ""0.5"": 0, ""1.0"": 0, ""2.0"": 0}",0.012744266415366745,0.13474100190726776,1.0,0.0857204861111111,50,0,0
paper-1,paper,1.0,LBQCD-D07-equal-K9,control-equal,concentrated,LBQCD-D07-equal-K9/concentrated,0,update,0,0.0,0,0.0,0,0,nan,0,nan,400,400,0.7510151000024052,400,51200,51200,51200,13107200,0.0,0,0,0,"{""0.1"": 0, ""0.2"": 0, ""0.5"": 0, ""1.0"": 0, ""2.0"": 0}",0.009984917812277061,0.15059326648979518,1.0,0.1150173611111111,100,0,0
paper-1,paper,1.0,LBQCD-D07-equal-K9,control-equal,concentrated,LBQCD-D07-equal-K9/concentrated,1,update,0,0.0,0,0.0,0,0,nan,0,nan,400,400,0.8260252999898512,400,51200,51200,51200,13107200,0.0,0,0,0,"{""0.1"": 0, ""0.2"": 0, ""0.5"": 0, ""1.0"": 0, ""2.0"": 0}",0.010666045405493652,0.14713343740612217,1.0,0.0832248263888889,100,0,0
paper-1,paper,1.0,LBQCD-D07-equal-K9,control-equal,concentrated,LBQCD-D07-equal-K9/concentrated,2,update,0,0.0,0,0.0,0,0,nan,0,nan,400,400,0.7378513000003295,400,51200,51200,51200,13107200,0.0,0,0,0,"{""0.1"": 0, ""0.2"": 0, ""0.5"": 0, ""1.0"": 0, ""2.0"": 0}",0.011341401150741781,0.1331605713600316,1.0,0.0788845486111111,150,0,0
paper-2,paper,2.0,LBQCD-D07-equal-K9,control-equal,concentrated,LBQCD-D07-equal-K9/concentrated,0,update,0,0.0,0,0.0,0,0,nan,0,nan,400,400,0.8782225000031758,400,51200,51200,51200,13107200,0.0,0,0,0,"{""0.1"": 0, ""0.2"": 0, ""0.5"": 0, ""1.0"": 0, ""2.0"": 0}",0.010546236221470107,0.14955710140402514,1.0,0.1134982638888889,150,0,0
paper-2,paper,2.0,LBQCD-D07-equal-K9,control-equal,concentrated,LBQCD-D07-equal-K9/concentrated,1,update,0,0.0,0,0.0,0,0,nan,0,nan,400,400,0.6919693000090774,400,51200,51200,51200,13107200,0.0,0,0,0,"{""0.1"": 0, ""0.2"": 0, ""0.5"": 0, ""1.0"": 0, ""2.0"": 0}",0.01272521385736125,0.1617381727571883,1.0,0.1125217013888889,200,0,0
paper-2,paper,2.0,LBQCD-D07-equal-K9,control-equal,concentrated,LBQCD-D07-equal-K9/concentrated,2,update,0,0.0,0,0.0,0,0,nan,0,nan,400,400,0.8691953000088688,400,51200,51200,51200,13107200,0.0,0,0,0,"{""0.1"": 0, ""0.2"": 0, ""0.5"": 0, ""1.0"": 0, ""2.0"": 0}",0.012578799246296679,0.15173928439139625,1.0,0.0734592013888889,150,0,0
paper-4,paper,4.0,LBQCD-D07-equal-K9,control-equal,concentrated,LBQCD-D07-equal-K9/concentrated,0,update,0,0.0,0,0.0,0,0,nan,0,nan,400,400,0.7993829000042751,400,51200,51200,51200,13107200,0.0,0,0,0,"{""0.1"": 0, ""0.2"": 0, ""0.5"": 0, ""1.0"": 0, ""2.0"": 0}",0.011917427661738866,0.15494010378783105,1.0,0.0988498263888889,200,0,0
paper-4,paper,4.0,LBQCD-D07-equal-K9,control-equal,concentrated,LBQCD-D07-equal-K9/concentrated,1,update,0,0.0,0,0.0,0,0,nan,0,nan,400,400,0.9252266999974381,400,51200,51200,51200,13107200,0.0,0,0,0,"{""0.1"": 0, ""0.2"": 0, ""0.5"": 0, ""1.0"": 0, ""2.0"": 0}",0.01750172733204325,0.17512403003268848,0.7777777777777779,0.2510850694444445,350,0,0
paper-4,paper,4.0,LBQCD-D07-equal-K9,control-equal,concentrated,LBQCD-D07-equal-K9/concentrated,2,update,0,0.0,0,0.0,0,0,nan,0,nan,400,400,0.6967539000033867,400,51200,51200,51200,13107200,0.0,0,0,0,"{""0.1"": 0, ""0.2"": 0, ""0.5"": 0, ""1.0"": 0, ""2.0"": 0}",0.015599361095749664,0.17040862054575334,1.0,0.14095052083333331,250,0,0
qld-v1,qld,0.5,LBQCD-D07-equal-K9,control-equal,concentrated,LBQCD-D07-equal-K9/concentrated,0,update,0,0.7,0,0.0,0,0,nan,0,nan,400,400,0.4016182000050321,400,51200,51200,51200,3932160,501760.0,0,0,0,"{""0.1"": 0, ""0.2"": 0, ""0.5"": 0, ""1.0"": 0, ""2.0"": 0}",0.009900184725364358,0.13497310826411038,1.0,0.0705295138888889,50,0,0
qld-v1,qld,0.5,LBQCD-D07-equal-K9,control-equal,concentrated,LBQCD-D07-equal-K9/concentrated,1,update,0,0.7,0,0.0,0,0,nan,0,nan,400,400,0.3544751000008546,400,51200,51200,51200,3932160,501760.0,0,0,0,"{""0.1"": 0, ""0.2"": 0, ""0.5"": 0, ""1.0"": 0, ""2.0"": 0}",0.00919578038494162,0.13071502046987074,1.0,0.07389322916666669,100,0,0
qld-v1,qld,0.5,LBQCD-D07-equal-K9,control-equal,concentrated,LBQCD-D07-equal-K9/concentrated,2,update,0,0.7,0,0.0,0,0,nan,0,nan,400,400,0.37187449999328237,400,51200,51200,51200,3932160,501760.0,0,0,0,"{""0.1"": 0, ""0.2"": 0, ""0.5"": 0, ""1.0"": 0, ""2.0"": 0}",0.014008370398297387,0.13206442819699324,1.0,0.08430989583333331,150,0,0
rsr-M1024-f0.70-u,rsr,0.5,LBQCD-D07-equal-K9,control-equal,concentrated,LBQCD-D07-equal-K9/concentrated,0,update,1024,0.7,0,0.0,0,0,nan,0,nan,400,400,1.2807749999919906,4600,588800,302080,302080,3932160,5734400.0,0,0,0,"{""0.1"": 0, ""0.2"": 0, ""0.5"": 0, ""1.0"": 0, ""2.0"": 0}",0.008017542428339297,0.13448197995622757,1.0,0.06770833333333331,50,0,0
rsr-M1024-f0.70-u,rsr,0.5,LBQCD-D07-equal-K9,control-equal,concentrated,LBQCD-D07-equal-K9/concentrated,1,update,1024,0.7,0,0.0,0,0,nan,0,nan,400,400,1.2141277999908198,4600,588800,302080,302080,3932160,5734400.0,0,0,0,"{""0.1"": 0, ""0.2"": 0, ""0.5"": 0, ""1.0"": 0, ""2.0"": 0}",0.008039972681081586,0.12894144781973105,1.0,0.0671657986111111,100,0,0
rsr-M1024-f0.70-u,rsr,0.5,LBQCD-D07-equal-K9,control-equal,concentrated,LBQCD-D07-equal-K9/concentrated,2,update,1024,0.7,0,0.0,0,0,nan,0,nan,400,400,1.2320392999972682,4600,588800,302080,302080,3932160,5734400.0,0,0,0,"{""0.1"": 0, ""0.2"": 0, ""0.5"": 0, ""1.0"": 0, ""2.0"": 0}",0.012374854980864658,0.1276229826438891,1.0,0.0759548611111111,100,0,0
gated-M1024-f0.70-u,gated,0.5,LBQCD-D07-equal-K9,control-equal,missing,LBQCD-D07-equal-K9/missing,0,update,1024,0.7,0,0.0,4096,0,13.5625,8,589.8447996317168,400,400,0.383077400008915,400,51200,51200,51200,3932160,501760.0,0,0,0,"{""0.1"": 0, ""0.2"": 0, ""0.5"": 0, ""1.0"": 0, ""2.0"": 0}",0.008966486183081379,0.14980581903634138,1.0,0.057834201388888895,150,0,0
gated-M1024-f0.70-u,gated,0.5,LBQCD-D07-equal-K9,control-equal,missing,LBQCD-D07-equal-K9/missing,1,update,1024,0.7,0,0.0,4096,0,13.125,8,582.2224423094465,400,400,0.3322947999986354,400,51200,51200,51200,3932160,501760.0,0,0,0,"{""0.1"": 0, ""0.2"": 0, ""0.5"": 0, ""1.0"": 0, ""2.0"": 0}",0.021583058492772533,0.16520044638491882,1.0,0.0793185763888889,200,0,0
gated-M1024-f0.70-u,gated,0.5,LBQCD-D07-equal-K9,control-equal,missing,LBQCD-D07-equal-K9/missing,2,update,1024,0.7,0,0.0,4096,0,12.0625,8,595.1109546987518,400,400,0.3989826000033645,400,51200,51200,51200,3932160,501760.0,0,0,0,"{""0.1"": 0, ""0.2"": 0, ""0.5"": 0, ""1.0"": 0, ""2.0"": 0}",0.010740958089739294,0.16174851798436918,1.0,0.0715060763888889,300,0,0
gated-align-M1024-f0.70-u,gated-align,0.5,LBQCD-D07-equal-K9,control-equal,missing,LBQCD-D07-equal-K9/missing,0,update,1024,0.7,0,0.0,4096,0,13.5625,8,589.8447996317168,400,400,0.2831279999954859,400,51200,51200,51200,3932160,501760.0,3,491520,384,"{""0.1"": 0, ""0.2"": 0, ""0.5"": 0, ""1.0"": 1, ""2.0"": 2}",0.009135562058014912,0.14085369447918336,1.0,0.07096354166666669,150,0,0
gated-align-M1024-f0.70-u,gated-align,0.5,LBQCD-D07-equal-K9,control-equal,missing,LBQCD-D07-equal-K9/missing,1,update,1024,0.7,0,0.0,4096,0,13.125,8,582.2224423094465,400,400,0.4553467000077944,400,51200,51200,51200,3932160,501760.0,3,491520,384,"{""0.1"": 0, ""0.2"": 0, ""0.5"": 0, ""1.0"": 3, ""2.0"": 0}",0.029371073475491283,0.19429314097776862,1.0,0.07779947916666669,200,0,0
gated-align-M1024-f0.70-u,gated-align,0.5,LBQCD-D07-equal-K9,control-equal,missing,LBQCD-D07-equal-K9/missing,2,update,1024,0.7,0,0.0,4096,0,12.0625,8,595.1109546987518,400,400,0.3322977999923751,400,51200,51200,51200,3932160,501760.0,3,491520,384,"{""0.1"": 0, ""0.2"": 0, ""0.5"": 1, ""1.0"": 1, ""2.0"": 1}",0.015299764164208085,0.19857388158469422,1.0,0.0968967013888889,300,0,0
lbqcd-align-M1024-f0.70-u,align,0.5,LBQCD-D07-equal-K9,control-equal,missing,LBQCD-D07-equal-K9/missing,0,update,1024,0.7,0,0.0,0,0,nan,0,nan,400,400,1.1649584999977378,4600,588800,302080,302080,3932160,5734400.0,3,491520,384,"{""0.1"": 0, ""0.2"": 0, ""0.5"": 0, ""1.0"": 1, ""2.0"": 2}",0.010385430089193015,0.15588325906526063,1.0,0.047526041666666685,150,0,0
lbqcd-align-M1024-f0.70-u,align,0.5,LBQCD-D07-equal-K9,control-equal,missing,LBQCD-D07-equal-K9/missing,1,update,1024,0.7,0,0.0,0,0,nan,0,nan,400,400,1.4417390000016894,4600,588800,302080,302080,3932160,5734400.0,3,491520,384,"{""0.1"": 0, ""0.2"": 1, ""0.5"": 0, ""1.0"": 1, ""2.0"": 1}",0.025314864086879663,0.177721649716715,1.0,0.06412760416666669,150,0,0
lbqcd-align-M1024-f0.70-u,align,0.5,LBQCD-D07-equal-K9,control-equal,missing,LBQCD-D07-equal-K9/missing,2,update,1024,0.7,0,0.0,0,0,nan,0,nan,400,400,1.2302975000056904,4600,588800,302080,302080,3932160,5734400.0,3,491520,384,"{""0.1"": 0, ""0.2"": 0, ""0.5"": 1, ""1.0"": 1, ""2.0"": 1}",0.014216276755822932,0.17344060290517951,1.0,0.11197916666666669,150,0,0
paper-0.2,paper,0.2,LBQCD-D07-equal-K9,control-equal,missing,LBQCD-D07-equal-K9/missing,0,update,0,0.0,0,0.0,0,0,nan,0,nan,400,400,0.7147289999993518,400,51200,51200,51200,13107200,0.0,0,0,0,"{""0.1"": 0, ""0.2"": 0, ""0.5"": 0, ""1.0"": 0, ""2.0"": 0}",0.011608960164131155,0.14070723154276055,1.0,0.051974826388888895,100,0,0
paper-0.2,paper,0.2,LBQCD-D07-equal-K9,control-equal,missing,LBQCD-D07-equal-K9/missing,1,update,0,0.0,0,0.0,0,0,nan,0,nan,400,400,0.8871446999983164,400,51200,51200,51200,13107200,0.0,0,0,0,"{""0.1"": 0, ""0.2"": 0, ""0.5"": 0, ""1.0"": 0, ""2.0"": 0}",0.05284784698697331,0.26136093436854674,1.0,0.1072048611111111,100,0,0
paper-0.2,paper,0.2,LBQCD-D07-equal-K9,control-equal,missing,LBQCD-D07-equal-K9/missing,2,update,0,0.0,0,0.0,0,0,nan,0,nan,400,400,0.8532042000006186,400,51200,51200,51200,13107200,0.0,0,0,0,"{""0.1"": 0, ""0.2"": 0, ""0.5"": 0, ""1.0"": 0, ""2.0"": 0}",0.03418130435058009,0.31533888084469563,1.0,0.16341145833333331,100,0,0
paper-0.5,paper,0.5,LBQCD-D07-equal-K9,control-equal,missing,LBQCD-D07-equal-K9/missing,0,update,0,0.0,0,0.0,0,0,nan,0,nan,400,400,0.82010050000099,400,51200,51200,51200,13107200,0.0,0,0,0,"{""0.1"": 0, ""0.2"": 0, ""0.5"": 0, ""1.0"": 0, ""2.0"": 0}",0.013985266204264768,0.1399627535191809,1.0,0.08138020833333331,100,0,0
paper-0.5,paper,0.5,LBQCD-D07-equal-K9,control-equal,missing,LBQCD-D07-equal-K9/missing,1,update,0,0.0,0,0.0,0,0,nan,0,nan,400,400,0.7605664000002434,400,51200,51200,51200,13107200,0.0,0,0,0,"{""0.1"": 0, ""0.2"": 0, ""0.5"": 0, ""1.0"": 0, ""2.0"": 0}",0.02965465586792737,0.19888521294908587,1.0,0.0705295138888889,100,0,0
paper-0.5,paper,0.5,LBQCD-D07-equal-K9,control-equal,missing,LBQCD-D07-equal-K9/missing,2,update,0,0.0,0,0.0,0,0,nan,0,nan,400,400,0.9580139000026975,400,51200,51200,51200,13107200,0.0,0,0,0,"{""0.1"": 0, ""0.2"": 0, ""0.5"": 0, ""1.0"": 0, ""2.0"": 0}",0.01910522872573761,0.21411064527357068,1.0,0.0954861111111111,100,0,0
paper-1,paper,1.0,LBQCD-D07-equal-K9,control-equal,missing,LBQCD-D07-equal-K9/missing,0,update,0,0.0,0,0.0,0,0,nan,0,nan,400,400,0.9082573000050616,400,51200,51200,51200,13107200,0.0,0,0,0,"{""0.1"": 0, ""0.2"": 0, ""0.5"": 0, ""1.0"": 0, ""2.0"": 0}",0.01796531288904868,0.16851386266174592,1.0,0.09016927083333331,150,0,0
paper-1,paper,1.0,LBQCD-D07-equal-K9,control-equal,missing,LBQCD-D07-equal-K9/missing,1,update,0,0.0,0,0.0,0,0,nan,0,nan,400,400,0.6050231000117492,400,51200,51200,51200,13107200,0.0,0,0,0,"{""0.1"": 0, ""0.2"": 0, ""0.5"": 0, ""1.0"": 0, ""2.0"": 0}",0.032609617723196926,0.19350559676527568,1.0,0.08919270833333331,150,0,0
paper-1,paper,1.0,LBQCD-D07-equal-K9,control-equal,missing,LBQCD-D07-equal-K9/missing,2,update,0,0.0,0,0.0,0,0,nan,0,nan,400,400,0.6958786999894073,400,51200,51200,51200,13107200,0.0,0,0,0,"{""0.1"": 0, ""0.2"": 0, ""0.5"": 0, ""1.0"": 0, ""2.0"": 0}",0.01887087531387799,0.21111450932621115,1.0,0.10319010416666669,100,0,0
paper-2,paper,2.0,LBQCD-D07-equal-K9,control-equal,missing,LBQCD-D07-equal-K9/missing,0,update,0,0.0,0,0.0,0,0,nan,0,nan,400,400,0.8933621999894967,400,51200,51200,51200,13107200,0.0,0,0,0,"{""0.1"": 0, ""0.2"": 0, ""0.5"": 0, ""1.0"": 0, ""2.0"": 0}",0.01557608492553042,0.17825821251138518,1.0,0.0935329861111111,350,0,0
paper-2,paper,2.0,LBQCD-D07-equal-K9,control-equal,missing,LBQCD-D07-equal-K9/missing,1,update,0,0.0,0,0.0,0,0,nan,0,nan,400,400,0.666793600001256,400,51200,51200,51200,13107200,0.0,0,0,0,"{""0.1"": 0, ""0.2"": 0, ""0.5"": 0, ""1.0"": 0, ""2.0"": 0}",0.029492247336163402,0.18647916123112382,1.0,0.09440104166666669,200,0,0
paper-2,paper,2.0,LBQCD-D07-equal-K9,control-equal,missing,LBQCD-D07-equal-K9/missing,2,update,0,0.0,0,0.0,0,0,nan,0,nan,400,400,0.9137749000074109,400,51200,51200,51200,13107200,0.0,0,0,0,"{""0.1"": 0, ""0.2"": 0, ""0.5"": 0, ""1.0"": 0, ""2.0"": 0}",0.024663222310266963,0.23338489376628524,1.0,0.17936197916666669,300,0,0
paper-4,paper,4.0,LBQCD-D07-equal-K9,control-equal,missing,LBQCD-D07-equal-K9/missing,0,update,0,0.0,0,0.0,0,0,nan,0,nan,400,400,0.5982886999991024,400,51200,51200,51200,13107200,0.0,0,0,0,"{""0.1"": 0, ""0.2"": 0, ""0.5"": 0, ""1.0"": 0, ""2.0"": 0}",0.029425329904345432,0.26290945186713033,0.8888888888888888,0.3333333333333333,400,1,0
paper-4,paper,4.0,LBQCD-D07-equal-K9,control-equal,missing,LBQCD-D07-equal-K9/missing,1,update,0,0.0,0,0.0,0,0,nan,0,nan,400,400,0.810540000005858,400,51200,51200,51200,13107200,0.0,0,0,0,"{""0.1"": 0, ""0.2"": 0, ""0.5"": 0, ""1.0"": 0, ""2.0"": 0}",0.03451690292300569,0.1844995703177911,1.0,0.1945529513888889,400,1,0
paper-4,paper,4.0,LBQCD-D07-equal-K9,control-equal,missing,LBQCD-D07-equal-K9/missing,2,update,0,0.0,0,0.0,0,0,nan,0,nan,400,400,0.7373196999978973,400,51200,51200,51200,13107200,0.0,0,0,0,"{""0.1"": 0, ""0.2"": 0, ""0.5"": 0, ""1.0"": 0, ""2.0"": 0}",0.03906880762684217,0.24747795446097268,0.8888888888888888,0.2463107638888889,400,1,0
qld-v1,qld,0.5,LBQCD-D07-equal-K9,control-equal,missing,LBQCD-D07-equal-K9/missing,0,update,0,0.7,0,0.0,0,0,nan,0,nan,400,400,0.38635169999906793,400,51200,51200,51200,3932160,501760.0,0,0,0,"{""0.1"": 0, ""0.2"": 0, ""0.5"": 0, ""1.0"": 0, ""2.0"": 0}",0.008966486183081379,0.14980581903634138,1.0,0.057834201388888895,150,0,0
qld-v1,qld,0.5,LBQCD-D07-equal-K9,control-equal,missing,LBQCD-D07-equal-K9/missing,1,update,0,0.7,0,0.0,0,0,nan,0,nan,400,400,0.4036764000047697,400,51200,51200,51200,3932160,501760.0,0,0,0,"{""0.1"": 0, ""0.2"": 0, ""0.5"": 0, ""1.0"": 0, ""2.0"": 0}",0.021583058492772533,0.16520044638491882,1.0,0.0793185763888889,200,0,0
qld-v1,qld,0.5,LBQCD-D07-equal-K9,control-equal,missing,LBQCD-D07-equal-K9/missing,2,update,0,0.7,0,0.0,0,0,nan,0,nan,400,400,0.3793676999921445,400,51200,51200,51200,3932160,501760.0,0,0,0,"{""0.1"": 0, ""0.2"": 0, ""0.5"": 0, ""1.0"": 0, ""2.0"": 0}",0.010740958089739294,0.16174851798436918,1.0,0.0715060763888889,300,0,0
rsr-M1024-f0.70-u,rsr,0.5,LBQCD-D07-equal-K9,control-equal,missing,LBQCD-D07-equal-K9/missing,0,update,1024,0.7,0,0.0,0,0,nan,0,nan,400,400,1.3157169999904,4600,588800,302080,302080,3932160,5734400.0,0,0,0,"{""0.1"": 0, ""0.2"": 0, ""0.5"": 0, ""1.0"": 0, ""2.0"": 0}",0.009461901503117431,0.1480434126283931,1.0,0.06608072916666669,150,0,0
rsr-M1024-f0.70-u,rsr,0.5,LBQCD-D07-equal-K9,control-equal,missing,LBQCD-D07-equal-K9/missing,1,update,1024,0.7,0,0.0,0,0,nan,0,nan,400,400,1.192414800010738,4600,588800,302080,302080,3932160,5734400.0,0,0,0,"{""0.1"": 0, ""0.2"": 0, ""0.5"": 0, ""1.0"": 0, ""2.0"": 0}",0.02378797432958324,0.17891796760199363,1.0,0.045572916666666685,150,0,0
rsr-M1024-f0.70-u,rsr,0.5,LBQCD-D07-equal-K9,control-equal,missing,LBQCD-D07-equal-K9/missing,2,update,1024,0.7,0,0.0,0,0,nan,0,nan,400,400,1.2805227000062587,4600,588800,302080,302080,3932160,5734400.0,0,0,0,"{""0.1"": 0, ""0.2"": 0, ""0.5"": 0, ""1.0"": 0, ""2.0"": 0}",0.010577638583093574,0.15104556382817277,1.0,0.0808376736111111,150,0,0
gated-M1024-f0.70-u,gated,0.5,LBQCD-D08-hetero-K15,control-heteroscedastic,concentrated,LBQCD-D08-hetero-K15/concentrated,0,update,1024,0.7,0,0.0,4096,1,7.6875,12,306.2377389989572,400,400,1.2488116999884369,4600,588800,302080,302080,3932160,5734400.0,0,0,0,"{""0.1"": 0, ""0.2"": 0, ""0.5"": 0, ""1.0"": 0, ""2.0"": 0}",0.010713176322997953,0.15440144023400224,0.9999999999999999,0.08860677083333333,150,0,0
gated-M1024-f0.70-u,gated,0.5,LBQCD-D08-hetero-K15,control-heteroscedastic,concentrated,LBQCD-D08-hetero-K15/concentrated,1,update,1024,0.7,0,0.0,4096,1,7.4375,11,297.66357577250096,400,400,1.2699848000047496,4600,588800,302080,302080,3932160,5734400.0,0,0,0,"{""0.1"": 0, ""0.2"": 0, ""0.5"": 0, ""1.0"": 0, ""2.0"": 0}",0.025798465628753764,0.17386210969359472,0.9999999999999999,0.080859375,150,0,0
gated-M1024-f0.70-u,gated,0.5,LBQCD-D08-hetero-K15,control-heteroscedastic,concentrated,LBQCD-D08-hetero-K15/concentrated,2,update,1024,0.7,0,0.0,4096,1,7.8125,10,281.0784511606087,400,400,1.2504243000003044,4600,588800,302080,302080,3932160,5734400.0,0,0,0,"{""0.1"": 0, ""0.2"": 0, ""0.5"": 0, ""1.0"": 0, ""2.0"": 0}",0.009000596881770573,0.25390344312655816,0.9999999999999999,0.0681640625,150,0,0
gated-align-M1024-f0.70-u,gated-align,0.5,LBQCD-D08-hetero-K15,control-heteroscedastic,concentrated,LBQCD-D08-hetero-K15/concentrated,0,update,1024,0.7,0,0.0,4096,1,7.6875,12,306.2377389989572,400,400,1.405141499999445,4600,588800,302080,302080,3932160,5734400.0,3,491520,384,"{""0.1"": 0, ""0.2"": 0, ""0.5"": 0, ""1.0"": 1, ""2.0"": 2}",0.01064392393732394,0.16523435572033812,0.9999999999999999,0.10618489583333333,150,0,0
gated-align-M1024-f0.70-u,gated-align,0.5,LBQCD-D08-hetero-K15,control-heteroscedastic,concentrated,LBQCD-D08-hetero-K15/concentrated,1,update,1024,0.7,0,0.0,4096,1,7.4375,11,297.66357577250096,400,400,1.246457899993402,4600,588800,302080,302080,3932160,5734400.0,3,491520,384,"{""0.1"": 0, ""0.2"": 0, ""0.5"": 0, ""1.0"": 1, ""2.0"": 2}",0.02339768089836003,0.15794711995212382,0.9999999999999999,0.06328125,150,0,0
gated-align-M1024-f0.70-u,gated-align,0.5,LBQCD-D08-hetero-K15,control-heteroscedastic,concentrated,LBQCD-D08-hetero-K15/concentrated,2,update,1024,0.7,0,0.0,4096,1,7.8125,10,281.0784511606087,400,400,1.333640099997865,4600,588800,302080,302080,3932160,5734400.0,3,491520,384,"{""0.1"": 0, ""0.2"": 0, ""0.5"": 0, ""1.0"": 1, ""2.0"": 2}",0.008578180665302249,0.27496398517856807,0.9999999999999999,0.07395833333333333,150,0,0
lbqcd-align-M1024-f0.70-u,align,0.5,LBQCD-D08-hetero-K15,control-heteroscedastic,concentrated,LBQCD-D08-hetero-K15/concentrated,0,update,1024,0.7,0,0.0,0,0,nan,0,nan,400,400,1.2014629000041168,4600,588800,302080,302080,3932160,5734400.0,3,491520,384,"{""0.1"": 0, ""0.2"": 0, ""0.5"": 0, ""1.0"": 1, ""2.0"": 2}",0.01064392393732394,0.16523435572033812,0.9999999999999999,0.10618489583333333,150,0,0
lbqcd-align-M1024-f0.70-u,align,0.5,LBQCD-D08-hetero-K15,control-heteroscedastic,concentrated,LBQCD-D08-hetero-K15/concentrated,1,update,1024,0.7,0,0.0,0,0,nan,0,nan,400,400,1.390065899991896,4600,588800,302080,302080,3932160,5734400.0,3,491520,384,"{""0.1"": 0, ""0.2"": 0, ""0.5"": 0, ""1.0"": 1, ""2.0"": 2}",0.02339768089836003,0.15794711995212382,0.9999999999999999,0.06328125,150,0,0
lbqcd-align-M1024-f0.70-u,align,0.5,LBQCD-D08-hetero-K15,control-heteroscedastic,concentrated,LBQCD-D08-hetero-K15/concentrated,2,update,1024,0.7,0,0.0,0,0,nan,0,nan,400,400,1.2367298000026494,4600,588800,302080,302080,3932160,5734400.0,3,491520,384,"{""0.1"": 0, ""0.2"": 0, ""0.5"": 0, ""1.0"": 1, ""2.0"": 2}",0.008578180665302249,0.27496398517856807,0.9999999999999999,0.07395833333333333,150,0,0
paper-0.2,paper,0.2,LBQCD-D08-hetero-K15,control-heteroscedastic,concentrated,LBQCD-D08-hetero-K15/concentrated,0,update,0,0.0,0,0.0,0,0,nan,0,nan,400,400,0.9340329999977257,400,51200,51200,51200,13107200,0.0,0,0,0,"{""0.1"": 0, ""0.2"": 0, ""0.5"": 0, ""1.0"": 0, ""2.0"": 0}",0.022947080344777326,0.24923043566778458,0.9999999999999999,0.10182291666666667,100,0,0
paper-0.2,paper,0.2,LBQCD-D08-hetero-K15,control-heteroscedastic,concentrated,LBQCD-D08-hetero-K15/concentrated,1,update,0,0.0,0,0.0,0,0,nan,0,nan,400,400,0.8988385999982711,400,51200,51200,51200,13107200,0.0,0,0,0,"{""0.1"": 0, ""0.2"": 0, ""0.5"": 0, ""1.0"": 0, ""2.0"": 0}",0.05073950334706012,0.24372765883547967,0.9999999999999999,0.08515625,100,0,0
paper-0.2,paper,0.2,LBQCD-D08-hetero-K15,control-heteroscedastic,concentrated,LBQCD-D08-hetero-K15/concentrated,2,update,0,0.0,0,0.0,0,0,nan,0,nan,400,400,0.7321821999939857,400,51200,51200,51200,13107200,0.0,0,0,0,"{""0.1"": 0, ""0.2"": 0, ""0.5"": 0, ""1.0"": 0, ""2.0"": 0}",0.011685221278064706,0.36039323126273454,0.9999999999999999,0.09401041666666667,100,0,0
paper-0.5,paper,0.5,LBQCD-D08-hetero-K15,control-heteroscedastic,concentrated,LBQCD-D08-hetero-K15/concentrated,0,update,0,0.0,0,0.0,0,0,nan,0,nan,400,400,0.9446413999976357,400,51200,51200,51200,13107200,0.0,0,0,0,"{""0.1"": 0, ""0.2"": 0, ""0.5"": 0, ""1.0"": 0, ""2.0"": 0}",0.016665460319294834,0.15104405296740797,0.9999999999999999,0.12526041666666665,150,0,0
paper-0.5,paper,0.5,LBQCD-D08-hetero-K15,control-heteroscedastic,concentrated,LBQCD-D08-hetero-K15/concentrated,1,update,0,0.0,0,0.0,0,0,nan,0,nan,400,400,0.7190301999944495,400,51200,51200,51200,13107200,0.0,0,0,0,"{""0.1"": 0, ""0.2"": 0, ""0.5"": 0, ""1.0"": 0, ""2.0"": 0}",0.04733220233990432,0.22264214693920875,0.9999999999999999,0.11009114583333333,100,0,0
paper-0.5,paper,0.5,LBQCD-D08-hetero-K15,control-heteroscedastic,concentrated,LBQCD-D08-hetero-K15/concentrated,2,update,0,0.0,0,0.0,0,0,nan,0,nan,400,400,0.7028998000023421,400,51200,51200,51200,13107200,0.0,0,0,0,"{""0.1"": 0, ""0.2"": 0, ""0.5"": 0, ""1.0"": 0, ""2.0"": 0}",0.012604880553264586,0.3696107084274448,0.9999999999999999,0.11549479166666667,150,0,0
paper-1,paper,1.0,LBQCD-D08-hetero-K15,control-heteroscedastic,concentrated,LBQCD-D08-hetero-K15/concentrated,0,update,0,0.0,0,0.0,0,0,nan,0,nan,400,400,0.7165872999903513,400,51200,51200,51200,13107200,0.0,0,0,0,"{""0.1"": 0, ""0.2"": 0, ""0.5"": 0, ""1.0"": 0, ""2.0"": 0}",0.014881676605957406,0.14512038756545348,0.9999999999999999,0.11106770833333333,200,0,0
paper-1,paper,1.0,LBQCD-D08-hetero-K15,control-heteroscedastic,concentrated,LBQCD-D08-hetero-K15/concentrated,1,update,0,0.0,0,0.0,0,0,nan,0,nan,400,400,0.9995649000047706,400,51200,51200,51200,13107200,0.0,0,0,0,"{""0.1"": 0, ""0.2"": 0, ""0.5"": 0, ""1.0"": 0, ""2.0"": 0}",0.0498409621969933,0.24283965651854347,0.9999999999999999,0.1291015625,150,0,0
paper-1,paper,1.0,LBQCD-D08-hetero-K15,control-heteroscedastic,concentrated,LBQCD-D08-hetero-K15/concentrated,2,update,0,0.0,0,0.0,0,0,nan,0,nan,400,400,0.8385648000112269,400,51200,51200,51200,13107200,0.0,0,0,0,"{""0.1"": 0, ""0.2"": 0, ""0.5"": 0, ""1.0"": 0, ""2.0"": 0}",0.011532529991457707,0.356086050172497,0.9999999999999999,0.12578125,250,0,0
paper-2,paper,2.0,LBQCD-D08-hetero-K15,control-heteroscedastic,concentrated,LBQCD-D08-hetero-K15/concentrated,0,update,0,0.0,0,0.0,0,0,nan,0,nan,400,400,0.6845603999972809,400,51200,51200,51200,13107200,0.0,0,0,0,"{""0.1"": 0, ""0.2"": 0, ""0.5"": 0, ""1.0"": 0, ""2.0"": 0}",0.014495439828078105,0.16354812313520142,0.9999999999999999,0.12278645833333333,400,0,0
paper-2,paper,2.0,LBQCD-D08-hetero-K15,control-heteroscedastic,concentrated,LBQCD-D08-hetero-K15/concentrated,1,update,0,0.0,0,0.0,0,0,nan,0,nan,400,400,0.8525638999999501,400,51200,51200,51200,13107200,0.0,0,0,0,"{""0.1"": 0, ""0.2"": 0, ""0.5"": 0, ""1.0"": 0, ""2.0"": 0}",0.05391875225873921,0.261477042400374,0.8666666666666666,0.2482421875,300,0,0
paper-2,paper,2.0,LBQCD-D08-hetero-K15,control-heteroscedastic,concentrated,LBQCD-D08-hetero-K15/concentrated,2,update,0,0.0,0,0.0,0,0,nan,0,nan,400,400,0.8977914999995846,400,51200,51200,51200,13107200,0.0,0,0,0,"{""0.1"": 0, ""0.2"": 0, ""0.5"": 0, ""1.0"": 0, ""2.0"": 0}",0.015524392037323587,0.382140596083672,0.8666666666666666,0.3415364583333333,400,1,0
paper-4,paper,4.0,LBQCD-D08-hetero-K15,control-heteroscedastic,concentrated,LBQCD-D08-hetero-K15/concentrated,0,update,0,0.0,0,0.0,0,0,nan,0,nan,400,400,0.7378726000024471,400,51200,51200,51200,13107200,0.0,0,0,0,"{""0.1"": 0, ""0.2"": 0, ""0.5"": 0, ""1.0"": 0, ""2.0"": 0}",0.012751615633293412,0.17873121916877543,0.8666666666666666,0.24251302083333326,400,1,0
paper-4,paper,4.0,LBQCD-D08-hetero-K15,control-heteroscedastic,concentrated,LBQCD-D08-hetero-K15/concentrated,1,update,0,0.0,0,0.0,0,0,nan,0,nan,400,400,0.6430700000055367,400,51200,51200,51200,13107200,0.0,0,0,0,"{""0.1"": 0, ""0.2"": 0, ""0.5"": 0, ""1.0"": 0, ""2.0"": 0}",0.0621095608653186,0.29797080672136195,0.8666666666666666,0.3405598958333333,400,1,0
paper-4,paper,4.0,LBQCD-D08-hetero-K15,control-heteroscedastic,concentrated,LBQCD-D08-hetero-K15/concentrated,2,update,0,0.0,0,0.0,0,0,nan,0,nan,400,400,0.7985358000005363,400,51200,51200,51200,13107200,0.0,0,0,0,"{""0.1"": 0, ""0.2"": 0, ""0.5"": 0, ""1.0"": 0, ""2.0"": 0}",0.021518516525491194,0.4124929415131927,0.8666666666666666,0.3757161458333333,400,1,0
qld-v1,qld,0.5,LBQCD-D08-hetero-K15,control-heteroscedastic,concentrated,LBQCD-D08-hetero-K15/concentrated,0,update,0,0.7,0,0.0,0,0,nan,0,nan,400,400,0.3721581999998307,400,51200,51200,51200,3932160,501760.0,0,0,0,"{""0.1"": 0, ""0.2"": 0, ""0.5"": 0, ""1.0"": 0, ""2.0"": 0}",0.013486508581746826,0.1530306581027235,0.9999999999999999,0.0666015625,200,0,0
qld-v1,qld,0.5,LBQCD-D08-hetero-K15,control-heteroscedastic,concentrated,LBQCD-D08-hetero-K15/concentrated,1,update,0,0.7,0,0.0,0,0,nan,0,nan,400,400,0.36308990001271013,400,51200,51200,51200,3932160,501760.0,0,0,0,"{""0.1"": 0, ""0.2"": 0, ""0.5"": 0, ""1.0"": 0, ""2.0"": 0}",0.0467139048328562,0.233272755746453,0.9999999999999999,0.07005208333333333,150,0,0
qld-v1,qld,0.5,LBQCD-D08-hetero-K15,control-heteroscedastic,concentrated,LBQCD-D08-hetero-K15/concentrated,2,update,0,0.7,0,0.0,0,0,nan,0,nan,400,400,0.37327080000250135,400,51200,51200,51200,3932160,501760.0,0,0,0,"{""0.1"": 0, ""0.2"": 0, ""0.5"": 0, ""1.0"": 0, ""2.0"": 0}",0.006121877142937215,0.28752759291241153,0.9999999999999999,0.09641927083333333,250,0,0
rsr-M1024-f0.70-u,rsr,0.5,LBQCD-D08-hetero-K15,control-heteroscedastic,concentrated,LBQCD-D08-hetero-K15/concentrated,0,update,1024,0.7,0,0.0,0,0,nan,0,nan,400,400,1.3076387000037357,4600,588800,302080,302080,3932160,5734400.0,0,0,0,"{""0.1"": 0, ""0.2"": 0, ""0.5"": 0, ""1.0"": 0, ""2.0"": 0}",0.010713176322997953,0.15440144023400224,0.9999999999999999,0.08860677083333333,150,0,0
rsr-M1024-f0.70-u,rsr,0.5,LBQCD-D08-hetero-K15,control-heteroscedastic,concentrated,LBQCD-D08-hetero-K15/concentrated,1,update,1024,0.7,0,0.0,0,0,nan,0,nan,400,400,1.202835199990659,4600,588800,302080,302080,3932160,5734400.0,0,0,0,"{""0.1"": 0, ""0.2"": 0, ""0.5"": 0, ""1.0"": 0, ""2.0"": 0}",0.025798465628753764,0.17386210969359472,0.9999999999999999,0.080859375,150,0,0
rsr-M1024-f0.70-u,rsr,0.5,LBQCD-D08-hetero-K15,control-heteroscedastic,concentrated,LBQCD-D08-hetero-K15/concentrated,2,update,1024,0.7,0,0.0,0,0,nan,0,nan,400,400,1.3208363999874564,4600,588800,302080,302080,3932160,5734400.0,0,0,0,"{""0.1"": 0, ""0.2"": 0, ""0.5"": 0, ""1.0"": 0, ""2.0"": 0}",0.009000596881770573,0.25390344312655816,0.9999999999999999,0.0681640625,150,0,0
gated-M1024-f0.70-u,gated,0.5,LBQCD-D08-hetero-K15,control-heteroscedastic,missing,LBQCD-D08-hetero-K15/missing,0,update,1024,0.7,0,0.0,4096,0,8.0,12,281.12996127425816,400,400,0.4455008000077214,400,51200,51200,51200,3932160,501760.0,0,0,0,"{""0.1"": 0, ""0.2"": 0, ""0.5"": 0, ""1.0"": 0, ""2.0"": 0}",0.016206406518936234,0.11889365159050565,0.9999999999999999,0.1140625,100,0,0
gated-M1024-f0.70-u,gated,0.5,LBQCD-D08-hetero-K15,control-heteroscedastic,missing,LBQCD-D08-hetero-K15/missing,1,update,1024,0.7,0,0.0,4096,1,7.75,10,290.7710150133123,400,400,1.21317979999003,4600,588800,302080,302080,3932160,5734400.0,0,0,0,"{""0.1"": 0, ""0.2"": 0, ""0.5"": 0, ""1.0"": 0, ""2.0"": 0}",0.01970031587693377,0.20782914631348262,0.9999999999999999,0.10279947916666667,150,0,0
gated-M1024-f0.70-u,gated,0.5,LBQCD-D08-hetero-K15,control-heteroscedastic,missing,LBQCD-D08-hetero-K15/missing,2,update,1024,0.7,0,0.0,4096,1,7.3125,12,273.0982624358552,400,400,1.442234300004202,4600,588800,302080,302080,3932160,5734400.0,0,0,0,"{""0.1"": 0, ""0.2"": 0, ""0.5"": 0, ""1.0"": 0, ""2.0"": 0}",0.011039029685839807,0.14802067841989633,0.9999999999999999,0.121875,150,0,0
gated-align-M1024-f0.70-u,gated-align,0.5,LBQCD-D08-hetero-K15,control-heteroscedastic,missing,LBQCD-D08-hetero-K15/missing,0,update,1024,0.7,0,0.0,4096,0,8.0,12,281.12996127425816,400,400,0.4143445000081556,400,51200,51200,51200,3932160,501760.0,3,491520,384,"{""0.1"": 0, ""0.2"": 0, ""0.5"": 1, ""1.0"": 0, ""2.0"": 2}",0.024170222620289117,0.13485085732355492,0.9999999999999999,0.112109375,100,0,0
gated-align-M1024-f0.70-u,gated-align,0.5,LBQCD-D08-hetero-K15,control-heteroscedastic,missing,LBQCD-D08-hetero-K15/missing,1,update,1024,0.7,0,0.0,4096,1,7.75,10,290.7710150133123,400,400,1.3567232000059448,4600,588800,302080,302080,3932160,5734400.0,3,491520,384,"{""0.1"": 0, ""0.2"": 0, ""0.5"": 1, ""1.0"": 1, ""2.0"": 1}",0.014998938991018562,0.1675302197989869,0.9999999999999999,0.13509114583333331,150,0,0
gated-align-M1024-f0.70-u,gated-align,0.5,LBQCD-D08-hetero-K15,control-heteroscedastic,missing,LBQCD-D08-hetero-K15/missing,2,update,1024,0.7,0,0.0,4096,1,7.3125,12,273.0982624358552,400,400,1.2495081000088248,4600,588800,302080,302080,3932160,5734400.0,3,491520,384,"{""0.1"": 0, ""0.2"": 0, ""0.5"": 0, ""1.0"": 2, ""2.0"": 1}",0.016604882105510033,0.16295305962730458,0.9333333333333332,0.15358072916666665,150,0,0
lbqcd-align-M1024-f0.70-u,align,0.5,LBQCD-D08-hetero-K15,control-heteroscedastic,missing,LBQCD-D08-hetero-K15/missing,0,update,1024,0.7,0,0.0,0,0,nan,0,nan,400,400,1.3001071000035154,4600,588800,302080,302080,3932160,5734400.0,3,491520,384,"{""0.1"": 0, ""0.2"": 0, ""0.5"": 1, ""1.0"": 0, ""2.0"": 2}",0.021728549238273942,0.12774795725124866,0.9999999999999999,0.1091796875,100,0,0
lbqcd-align-M1024-f0.70-u,align,0.5,LBQCD-D08-hetero-K15,control-heteroscedastic,missing,LBQCD-D08-hetero-K15/missing,1,update,1024,0.7,0,0.0,0,0,nan,0,nan,400,400,1.2981378000113182,4600,588800,302080,302080,3932160,5734400.0,3,491520,384,"{""0.1"": 0, ""0.2"": 0, ""0.5"": 1, ""1.0"": 1, ""2.0"": 1}",0.014998938991018562,0.1675302197989869,0.9999999999999999,0.13509114583333331,150,0,0
lbqcd-align-M1024-f0.70-u,align,0.5,LBQCD-D08-hetero-K15,control-heteroscedastic,missing,LBQCD-D08-hetero-K15/missing,2,update,1024,0.7,0,0.0,0,0,nan,0,nan,400,400,1.4150570999918273,4600,588800,302080,302080,3932160,5734400.0,3,491520,384,"{""0.1"": 0, ""0.2"": 0, ""0.5"": 0, ""1.0"": 2, ""2.0"": 1}",0.016604882105510033,0.16295305962730458,0.9333333333333332,0.15358072916666665,150,0,0
paper-0.2,paper,0.2,LBQCD-D08-hetero-K15,control-heteroscedastic,missing,LBQCD-D08-hetero-K15/missing,0,update,0,0.0,0,0.0,0,0,nan,0,nan,400,400,0.8905088000028627,400,51200,51200,51200,13107200,0.0,0,0,0,"{""0.1"": 0, ""0.2"": 0, ""0.5"": 0, ""1.0"": 0, ""2.0"": 0}",0.014536137543204042,0.12466954208672286,0.9999999999999999,0.061783854166666666,100,0,0
paper-0.2,paper,0.2,LBQCD-D08-hetero-K15,control-heteroscedastic,missing,LBQCD-D08-hetero-K15/missing,1,update,0,0.0,0,0.0,0,0,nan,0,nan,400,400,0.8265434999921126,400,51200,51200,51200,13107200,0.0,0,0,0,"{""0.1"": 0, ""0.2"": 0, ""0.5"": 0, ""1.0"": 0, ""2.0"": 0}",0.03771411972289407,0.26262927981447554,0.9999999999999999,0.11158854166666667,150,0,0
paper-0.2,paper,0.2,LBQCD-D08-hetero-K15,control-heteroscedastic,missing,LBQCD-D08-hetero-K15/missing,2,update,0,0.0,0,0.0,0,0,nan,0,nan,400,400,0.7704236999998102,400,51200,51200,51200,13107200,0.0,0,0,0,"{""0.1"": 0, ""0.2"": 0, ""0.5"": 0, ""1.0"": 0, ""2.0"": 0}",0.04070607796142944,0.3068124360619739,0.9999999999999999,0.13938802083333335,100,0,0
paper-0.5,paper,0.5,LBQCD-D08-hetero-K15,control-heteroscedastic,missing,LBQCD-D08-hetero-K15/missing,0,update,0,0.0,0,0.0,0,0,nan,0,nan,400,400,0.8510113000083948,400,51200,51200,51200,13107200,0.0,0,0,0,"{""0.1"": 0, ""0.2"": 0, ""0.5"": 0, ""1.0"": 0, ""2.0"": 0}",0.01746738659162217,0.1392338277974952,0.9999999999999999,0.09791666666666667,100,0,0
paper-0.5,paper,0.5,LBQCD-D08-hetero-K15,control-heteroscedastic,missing,LBQCD-D08-hetero-K15/missing,1,update,0,0.0,0,0.0,0,0,nan,0,nan,400,400,0.6316679000010481,400,51200,51200,51200,13107200,0.0,0,0,0,"{""0.1"": 0, ""0.2"": 0, ""0.5"": 0, ""1.0"": 0, ""2.0"": 0}",0.03683060984598274,0.30458803430189973,0.9999999999999999,0.12623697916666665,200,0,0
paper-0.5,paper,0.5,LBQCD-D08-hetero-K15,control-heteroscedastic,missing,LBQCD-D08-hetero-K15/missing,2,update,0,0.0,0,0.0,0,0,nan,0,nan,400,400,0.6551436000008835,400,51200,51200,51200,13107200,0.0,0,0,0,"{""0.1"": 0, ""0.2"": 0, ""0.5"": 0, ""1.0"": 0, ""2.0"": 0}",0.03606985657269668,0.27420638917295276,0.9999999999999999,0.10774739583333333,100,0,0
paper-1,paper,1.0,LBQCD-D08-hetero-K15,control-heteroscedastic,missing,LBQCD-D08-hetero-K15/missing,0,update,0,0.0,0,0.0,0,0,nan,0,nan,400,400,1.0170433000021148,400,51200,51200,51200,13107200,0.0,0,0,0,"{""0.1"": 0, ""0.2"": 0, ""0.5"": 0, ""1.0"": 0, ""2.0"": 0}",0.03019460378229155,0.1588127399329307,0.9999999999999999,0.104296875,100,0,0
paper-1,paper,1.0,LBQCD-D08-hetero-K15,control-heteroscedastic,missing,LBQCD-D08-hetero-K15/missing,1,update,0,0.0,0,0.0,0,0,nan,0,nan,400,400,0.7506114999996498,400,51200,51200,51200,13107200,0.0,0,0,0,"{""0.1"": 0, ""0.2"": 0, ""0.5"": 0, ""1.0"": 0, ""2.0"": 0}",0.050093695387011916,0.39618997750432444,0.9999999999999999,0.12825520833333331,100,0,0
paper-1,paper,1.0,LBQCD-D08-hetero-K15,control-heteroscedastic,missing,LBQCD-D08-hetero-K15/missing,2,update,0,0.0,0,0.0,0,0,nan,0,nan,400,400,0.9316395999921951,400,51200,51200,51200,13107200,0.0,0,0,0,"{""0.1"": 0, ""0.2"": 0, ""0.5"": 0, ""1.0"": 0, ""2.0"": 0}",0.04528591968895235,0.3294986016185072,0.9999999999999999,0.17161458333333335,100,0,0
paper-2,paper,2.0,LBQCD-D08-hetero-K15,control-heteroscedastic,missing,LBQCD-D08-hetero-K15/missing,0,update,0,0.0,0,0.0,0,0,nan,0,nan,400,400,0.7457111999974586,400,51200,51200,51200,13107200,0.0,0,0,0,"{""0.1"": 0, ""0.2"": 0, ""0.5"": 0, ""1.0"": 0, ""2.0"": 0}",0.04015621550030124,0.22280083800319223,0.9333333333333332,0.24498697916666667,150,0,0
paper-2,paper,2.0,LBQCD-D08-hetero-K15,control-heteroscedastic,missing,LBQCD-D08-hetero-K15/missing,1,update,0,0.0,0,0.0,0,0,nan,0,nan,400,400,0.94251660000009,400,51200,51200,51200,13107200,0.0,0,0,0,"{""0.1"": 0, ""0.2"": 0, ""0.5"": 0, ""1.0"": 0, ""2.0"": 0}",0.0548778511394552,0.4686669228087411,0.9999999999999999,0.16920572916666665,250,0,0
paper-2,paper,2.0,LBQCD-D08-hetero-K15,control-heteroscedastic,missing,LBQCD-D08-hetero-K15/missing,2,update,0,0.0,0,0.0,0,0,nan,0,nan,400,400,0.7365352999913739,400,51200,51200,51200,13107200,0.0,0,0,0,"{""0.1"": 0, ""0.2"": 0, ""0.5"": 0, ""1.0"": 0, ""2.0"": 0}",0.0366655066582382,0.29057077745239485,0.9333333333333332,0.1814453125,150,0,0
paper-4,paper,4.0,LBQCD-D08-hetero-K15,control-heteroscedastic,missing,LBQCD-D08-hetero-K15/missing,0,update,0,0.0,0,0.0,0,0,nan,0,nan,400,400,0.8859954999934416,400,51200,51200,51200,13107200,0.0,0,0,0,"{""0.1"": 0, ""0.2"": 0, ""0.5"": 0, ""1.0"": 0, ""2.0"": 0}",0.021821078026690532,0.21524762757741225,0.9333333333333332,0.2567057291666667,300,0,0
paper-4,paper,4.0,LBQCD-D08-hetero-K15,control-heteroscedastic,missing,LBQCD-D08-hetero-K15/missing,1,update,0,0.0,0,0.0,0,0,nan,0,nan,400,400,0.7498039999918547,400,51200,51200,51200,13107200,0.0,0,0,0,"{""0.1"": 0, ""0.2"": 0, ""0.5"": 0, ""1.0"": 0, ""2.0"": 0}",0.05474122692527805,0.5066980812463525,0.9333333333333332,0.3059895833333333,400,0,0
paper-4,paper,4.0,LBQCD-D08-hetero-K15,control-heteroscedastic,missing,LBQCD-D08-hetero-K15/missing,2,update,0,0.0,0,0.0,0,0,nan,0,nan,400,400,0.7923021000024164,400,51200,51200,51200,13107200,0.0,0,0,0,"{""0.1"": 0, ""0.2"": 0, ""0.5"": 0, ""1.0"": 0, ""2.0"": 0}",0.05259209277706489,0.3591844466967602,0.9333333333333332,0.2263671875,350,0,0
qld-v1,qld,0.5,LBQCD-D08-hetero-K15,control-heteroscedastic,missing,LBQCD-D08-hetero-K15/missing,0,update,0,0.7,0,0.0,0,0,nan,0,nan,400,400,0.4235724000027403,400,51200,51200,51200,3932160,501760.0,0,0,0,"{""0.1"": 0, ""0.2"": 0, ""0.5"": 0, ""1.0"": 0, ""2.0"": 0}",0.016206406518936234,0.11889365159050565,0.9999999999999999,0.1140625,100,0,0
qld-v1,qld,0.5,LBQCD-D08-hetero-K15,control-heteroscedastic,missing,LBQCD-D08-hetero-K15/missing,1,update,0,0.7,0,0.0,0,0,nan,0,nan,400,400,0.2611944000091171,400,51200,51200,51200,3932160,501760.0,0,0,0,"{""0.1"": 0, ""0.2"": 0, ""0.5"": 0, ""1.0"": 0, ""2.0"": 0}",0.015781450014697107,0.17890159833864896,0.9999999999999999,0.13802083333333331,250,0,0
qld-v1,qld,0.5,LBQCD-D08-hetero-K15,control-heteroscedastic,missing,LBQCD-D08-hetero-K15/missing,2,update,0,0.7,0,0.0,0,0,nan,0,nan,400,400,0.3699036000034539,400,51200,51200,51200,3932160,501760.0,0,0,0,"{""0.1"": 0, ""0.2"": 0, ""0.5"": 0, ""1.0"": 0, ""2.0"": 0}",0.013929789384408586,0.14455001782661908,0.9999999999999999,0.1296875,150,0,0
rsr-M1024-f0.70-u,rsr,0.5,LBQCD-D08-hetero-K15,control-heteroscedastic,missing,LBQCD-D08-hetero-K15/missing,0,update,1024,0.7,0,0.0,0,0,nan,0,nan,400,400,1.097854699997697,4600,588800,302080,302080,3932160,5734400.0,0,0,0,"{""0.1"": 0, ""0.2"": 0, ""0.5"": 0, ""1.0"": 0, ""2.0"": 0}",0.024059721313304916,0.12469077241745792,0.9999999999999999,0.09498697916666667,100,0,0
rsr-M1024-f0.70-u,rsr,0.5,LBQCD-D08-hetero-K15,control-heteroscedastic,missing,LBQCD-D08-hetero-K15/missing,1,update,1024,0.7,0,0.0,0,0,nan,0,nan,400,400,1.3887970999930985,4600,588800,302080,302080,3932160,5734400.0,0,0,0,"{""0.1"": 0, ""0.2"": 0, ""0.5"": 0, ""1.0"": 0, ""2.0"": 0}",0.01970031587693377,0.20782914631348262,0.9999999999999999,0.10279947916666667,150,0,0
rsr-M1024-f0.70-u,rsr,0.5,LBQCD-D08-hetero-K15,control-heteroscedastic,missing,LBQCD-D08-hetero-K15/missing,2,update,1024,0.7,0,0.0,0,0,nan,0,nan,400,400,1.2340556000126526,4600,588800,302080,302080,3932160,5734400.0,0,0,0,"{""0.1"": 0, ""0.2"": 0, ""0.5"": 0, ""1.0"": 0, ""2.0"": 0}",0.011039029685839807,0.14802067841989633,0.9999999999999999,0.121875,150,0,0
gated-M1024-f0.70-u,gated,0.5,LBQCD-D09-overlap-K8,control-overlap,concentrated,LBQCD-D09-overlap-K8/concentrated,0,update,1024,0.7,0,0.0,4096,0,128.0,0,0.0,400,400,0.44581010000547394,400,51200,51200,51200,3932160,501760.0,0,0,0,"{""0.1"": 0, ""0.2"": 0, ""0.5"": 0, ""1.0"": 0, ""2.0"": 0}",0.0006764280945090739,0.021974102303537562,1.0,0.048828125,50,0,0
gated-M1024-f0.70-u,gated,0.5,LBQCD-D09-overlap-K8,control-overlap,concentrated,LBQCD-D09-overlap-K8/concentrated,1,update,1024,0.7,0,0.0,4096,0,128.0,0,0.0,400,400,0.41922140000679065,400,51200,51200,51200,3932160,501760.0,0,0,0,"{""0.1"": 0, ""0.2"": 0, ""0.5"": 0, ""1.0"": 0, ""2.0"": 0}",0.0027553002764481027,0.0227672853304435,1.0,0.0556640625,50,0,0
gated-M1024-f0.70-u,gated,0.5,LBQCD-D09-overlap-K8,control-overlap,concentrated,LBQCD-D09-overlap-K8/concentrated,2,update,1024,0.7,0,0.0,4096,0,128.0,0,0.0,400,400,0.3227764000039315,400,51200,51200,51200,3932160,501760.0,0,0,0,"{""0.1"": 0, ""0.2"": 0, ""0.5"": 0, ""1.0"": 0, ""2.0"": 0}",0.002670405985642388,0.02864401103541355,1.0,0.052734375,50,0,0
gated-align-M1024-f0.70-u,gated-align,0.5,LBQCD-D09-overlap-K8,control-overlap,concentrated,LBQCD-D09-overlap-K8/concentrated,0,update,1024,0.7,0,0.0,4096,0,128.0,0,0.0,400,400,0.42925870000908617,400,51200,51200,51200,3932160,501760.0,3,491520,384,"{""0.1"": 1, ""0.2"": 0, ""0.5"": 1, ""1.0"": 1, ""2.0"": 0}",0.0005558294054731627,0.016299339245776392,1.0,0.0380859375,50,0,0
gated-align-M1024-f0.70-u,gated-align,0.5,LBQCD-D09-overlap-K8,control-overlap,concentrated,LBQCD-D09-overlap-K8/concentrated,1,update,1024,0.7,0,0.0,4096,0,128.0,0,0.0,400,400,0.41404119999788236,400,51200,51200,51200,3932160,501760.0,3,491520,384,"{""0.1"": 0, ""0.2"": 1, ""0.5"": 1, ""1.0"": 1, ""2.0"": 0}",0.0027269896209931588,0.022160752871371286,1.0,0.0546875,50,0,0
gated-align-M1024-f0.70-u,gated-align,0.5,LBQCD-D09-overlap-K8,control-overlap,concentrated,LBQCD-D09-overlap-K8/concentrated,2,update,1024,0.7,0,0.0,4096,0,128.0,0,0.0,400,400,0.3790880000015022,400,51200,51200,51200,3932160,501760.0,3,491520,384,"{""0.1"": 0, ""0.2"": 1, ""0.5"": 2, ""1.0"": 0, ""2.0"": 0}",0.002702318262558956,0.029794292435613864,1.0,0.052734375,50,0,0
lbqcd-align-M1024-f0.70-u,align,0.5,LBQCD-D09-overlap-K8,control-overlap,concentrated,LBQCD-D09-overlap-K8/concentrated,0,update,1024,0.7,0,0.0,0,0,nan,0,nan,400,400,1.2017562999972142,4600,588800,302080,302080,3932160,5734400.0,3,491520,384,"{""0.1"": 1, ""0.2"": 1, ""0.5"": 1, ""1.0"": 0, ""2.0"": 0}",0.0013049798251090206,0.03195166749139002,1.0,0.083984375,50,0,0
lbqcd-align-M1024-f0.70-u,align,0.5,LBQCD-D09-overlap-K8,control-overlap,concentrated,LBQCD-D09-overlap-K8/concentrated,1,update,1024,0.7,0,0.0,0,0,nan,0,nan,400,400,1.3961161999905016,4600,588800,302080,302080,3932160,5734400.0,3,491520,384,"{""0.1"": 0, ""0.2"": 1, ""0.5"": 1, ""1.0"": 1, ""2.0"": 0}",0.0038713209197798193,0.02573354376137407,1.0,0.0546875,50,0,0
lbqcd-align-M1024-f0.70-u,align,0.5,LBQCD-D09-overlap-K8,control-overlap,concentrated,LBQCD-D09-overlap-K8/concentrated,2,update,1024,0.7,0,0.0,0,0,nan,0,nan,400,400,1.456914099995629,4600,588800,302080,302080,3932160,5734400.0,3,491520,384,"{""0.1"": 0, ""0.2"": 0, ""0.5"": 3, ""1.0"": 0, ""2.0"": 0}",0.007016868914262897,0.03253410930929061,1.0,0.083984375,50,0,0
paper-0.2,paper,0.2,LBQCD-D09-overlap-K8,control-overlap,concentrated,LBQCD-D09-overlap-K8/concentrated,0,update,0,0.0,0,0.0,0,0,nan,0,nan,400,400,0.6871378000068944,400,51200,51200,51200,13107200,0.0,0,0,0,"{""0.1"": 0, ""0.2"": 0, ""0.5"": 0, ""1.0"": 0, ""2.0"": 0}",0.0013126650273775908,0.03851465097826979,1.0,0.0908203125,50,0,0
paper-0.2,paper,0.2,LBQCD-D09-overlap-K8,control-overlap,concentrated,LBQCD-D09-overlap-K8/concentrated,1,update,0,0.0,0,0.0,0,0,nan,0,nan,400,400,0.6359627000056207,400,51200,51200,51200,13107200,0.0,0,0,0,"{""0.1"": 0, ""0.2"": 0, ""0.5"": 0, ""1.0"": 0, ""2.0"": 0}",0.003639284091852102,0.02867695709199199,1.0,0.08203125,50,0,0
paper-0.2,paper,0.2,LBQCD-D09-overlap-K8,control-overlap,concentrated,LBQCD-D09-overlap-K8/concentrated,2,update,0,0.0,0,0.0,0,0,nan,0,nan,400,400,0.9795936000009533,400,51200,51200,51200,13107200,0.0,0,0,0,"{""0.1"": 0, ""0.2"": 0, ""0.5"": 0, ""1.0"": 0, ""2.0"": 0}",0.0034939067102476296,0.0378457342570309,1.0,0.076171875,50,0,0
paper-0.5,paper,0.5,LBQCD-D09-overlap-K8,control-overlap,concentrated,LBQCD-D09-overlap-K8/concentrated,0,update,0,0.0,0,0.0,0,0,nan,0,nan,400,400,1.0555339999991702,400,51200,51200,51200,13107200,0.0,0,0,0,"{""0.1"": 0, ""0.2"": 0, ""0.5"": 0, ""1.0"": 0, ""2.0"": 0}",0.0021047928343713718,0.047022884707723756,1.0,0.111328125,50,0,0
paper-0.5,paper,0.5,LBQCD-D09-overlap-K8,control-overlap,concentrated,LBQCD-D09-overlap-K8/concentrated,1,update,0,0.0,0,0.0,0,0,nan,0,nan,400,400,0.8321661000081804,400,51200,51200,51200,13107200,0.0,0,0,0,"{""0.1"": 0, ""0.2"": 0, ""0.5"": 0, ""1.0"": 0, ""2.0"": 0}",0.0024543690130575113,0.024859649720024666,1.0,0.046875,50,0,0
paper-0.5,paper,0.5,LBQCD-D09-overlap-K8,control-overlap,concentrated,LBQCD-D09-overlap-K8/concentrated,2,update,0,0.0,0,0.0,0,0,nan,0,nan,400,400,0.7717868000036106,400,51200,51200,51200,13107200,0.0,0,0,0,"{""0.1"": 0, ""0.2"": 0, ""0.5"": 0, ""1.0"": 0, ""2.0"": 0}",0.004268868801782233,0.04325972731076443,1.0,0.0693359375,50,0,0
paper-1,paper,1.0,LBQCD-D09-overlap-K8,control-overlap,concentrated,LBQCD-D09-overlap-K8/concentrated,0,update,0,0.0,0,0.0,0,0,nan,0,nan,400,400,0.7264213000016753,400,51200,51200,51200,13107200,0.0,0,0,0,"{""0.1"": 0, ""0.2"": 0, ""0.5"": 0, ""1.0"": 0, ""2.0"": 0}",0.002675203185187547,0.05181089737730469,1.0,0.130859375,50,0,0
paper-1,paper,1.0,LBQCD-D09-overlap-K8,control-overlap,concentrated,LBQCD-D09-overlap-K8/concentrated,1,update,0,0.0,0,0.0,0,0,nan,0,nan,400,400,0.8123665000020992,400,51200,51200,51200,13107200,0.0,0,0,0,"{""0.1"": 0, ""0.2"": 0, ""0.5"": 0, ""1.0"": 0, ""2.0"": 0}",0.0023837975501995734,0.026447356054201766,1.0,0.048828125,50,0,0
paper-1,paper,1.0,LBQCD-D09-overlap-K8,control-overlap,concentrated,LBQCD-D09-overlap-K8/concentrated,2,update,0,0.0,0,0.0,0,0,nan,0,nan,400,400,0.7334952999954112,400,51200,51200,51200,13107200,0.0,0,0,0,"{""0.1"": 0, ""0.2"": 0, ""0.5"": 0, ""1.0"": 0, ""2.0"": 0}",0.007747310363097504,0.04062449982195945,1.0,0.0849609375,50,0,0
paper-2,paper,2.0,LBQCD-D09-overlap-K8,control-overlap,concentrated,LBQCD-D09-overlap-K8/concentrated,0,update,0,0.0,0,0.0,0,0,nan,0,nan,400,400,0.799234999998589,400,51200,51200,51200,13107200,0.0,0,0,0,"{""0.1"": 0, ""0.2"": 0, ""0.5"": 0, ""1.0"": 0, ""2.0"": 0}",0.0034112804206387626,0.05560150152542866,1.0,0.158203125,50,0,0
paper-2,paper,2.0,LBQCD-D09-overlap-K8,control-overlap,concentrated,LBQCD-D09-overlap-K8/concentrated,1,update,0,0.0,0,0.0,0,0,nan,0,nan,400,400,0.8909496000123909,400,51200,51200,51200,13107200,0.0,0,0,0,"{""0.1"": 0, ""0.2"": 0, ""0.5"": 0, ""1.0"": 0, ""2.0"": 0}",0.0041978069065081725,0.043198877486500024,1.0,0.09375,50,0,0
paper-2,paper,2.0,LBQCD-D09-overlap-K8,control-overlap,concentrated,LBQCD-D09-overlap-K8/concentrated,2,update,0,0.0,0,0.0,0,0,nan,0,nan,400,400,0.7957868999947095,400,51200,51200,51200,13107200,0.0,0,0,0,"{""0.1"": 0, ""0.2"": 0, ""0.5"": 0, ""1.0"": 0, ""2.0"": 0}",0.010171557348621185,0.025702021604938775,1.0,0.095703125,50,0,0
paper-4,paper,4.0,LBQCD-D09-overlap-K8,control-overlap,concentrated,LBQCD-D09-overlap-K8/concentrated,0,update,0,0.0,0,0.0,0,0,nan,0,nan,400,400,0.7333366999955615,400,51200,51200,51200,13107200,0.0,0,0,0,"{""0.1"": 0, ""0.2"": 0, ""0.5"": 0, ""1.0"": 0, ""2.0"": 0}",0.004568249037655625,0.056821834323681396,1.0,0.2216796875,50,0,0
paper-4,paper,4.0,LBQCD-D09-overlap-K8,control-overlap,concentrated,LBQCD-D09-overlap-K8/concentrated,1,update,0,0.0,0,0.0,0,0,nan,0,nan,400,400,1.0016767000051914,400,51200,51200,51200,13107200,0.0,0,0,0,"{""0.1"": 0, ""0.2"": 0, ""0.5"": 0, ""1.0"": 0, ""2.0"": 0}",0.010724354604172981,0.08115686081611824,1.0,0.2216796875,50,0,0
paper-4,paper,4.0,LBQCD-D09-overlap-K8,control-overlap,concentrated,LBQCD-D09-overlap-K8/concentrated,2,update,0,0.0,0,0.0,0,0,nan,0,nan,400,400,0.7825796000106493,400,51200,51200,51200,13107200,0.0,0,0,0,"{""0.1"": 0, ""0.2"": 0, ""0.5"": 0, ""1.0"": 0, ""2.0"": 0}",0.01778260126664266,0.05854138372887948,1.0,0.2861328125,50,0,0
qld-v1,qld,0.5,LBQCD-D09-overlap-K8,control-overlap,concentrated,LBQCD-D09-overlap-K8/concentrated,0,update,0,0.7,0,0.0,0,0,nan,0,nan,400,400,0.37053990000276826,400,51200,51200,51200,3932160,501760.0,0,0,0,"{""0.1"": 0, ""0.2"": 0, ""0.5"": 0, ""1.0"": 0, ""2.0"": 0}",0.0006764280945090739,0.021974102303537562,1.0,0.048828125,50,0,0
qld-v1,qld,0.5,LBQCD-D09-overlap-K8,control-overlap,concentrated,LBQCD-D09-overlap-K8/concentrated,1,update,0,0.7,0,0.0,0,0,nan,0,nan,400,400,0.33536630000162404,400,51200,51200,51200,3932160,501760.0,0,0,0,"{""0.1"": 0, ""0.2"": 0, ""0.5"": 0, ""1.0"": 0, ""2.0"": 0}",0.0027553002764481027,0.0227672853304435,1.0,0.0556640625,50,0,0
qld-v1,qld,0.5,LBQCD-D09-overlap-K8,control-overlap,concentrated,LBQCD-D09-overlap-K8/concentrated,2,update,0,0.7,0,0.0,0,0,nan,0,nan,400,400,0.3831941999960691,400,51200,51200,51200,3932160,501760.0,0,0,0,"{""0.1"": 0, ""0.2"": 0, ""0.5"": 0, ""1.0"": 0, ""2.0"": 0}",0.002670405985642388,0.02864401103541355,1.0,0.052734375,50,0,0
rsr-M1024-f0.70-u,rsr,0.5,LBQCD-D09-overlap-K8,control-overlap,concentrated,LBQCD-D09-overlap-K8/concentrated,0,update,1024,0.7,0,0.0,0,0,nan,0,nan,400,400,1.2541634000081103,4600,588800,302080,302080,3932160,5734400.0,0,0,0,"{""0.1"": 0, ""0.2"": 0, ""0.5"": 0, ""1.0"": 0, ""2.0"": 0}",0.003012199907283186,0.05337046831996953,1.0,0.1162109375,50,0,0
rsr-M1024-f0.70-u,rsr,0.5,LBQCD-D09-overlap-K8,control-overlap,concentrated,LBQCD-D09-overlap-K8/concentrated,1,update,1024,0.7,0,0.0,0,0,nan,0,nan,400,400,1.2061594999977387,4600,588800,302080,302080,3932160,5734400.0,0,0,0,"{""0.1"": 0, ""0.2"": 0, ""0.5"": 0, ""1.0"": 0, ""2.0"": 0}",0.0031023115484715147,0.024107307632337358,1.0,0.048828125,50,0,0
rsr-M1024-f0.70-u,rsr,0.5,LBQCD-D09-overlap-K8,control-overlap,concentrated,LBQCD-D09-overlap-K8/concentrated,2,update,1024,0.7,0,0.0,0,0,nan,0,nan,400,400,1.3079692000028444,4600,588800,302080,302080,3932160,5734400.0,0,0,0,"{""0.1"": 0, ""0.2"": 0, ""0.5"": 0, ""1.0"": 0, ""2.0"": 0}",0.007016868914262897,0.03253410930929061,1.0,0.083984375,50,0,0
gated-M1024-f0.70-u,gated,0.5,LBQCD-D09-overlap-K8,control-overlap,missing,LBQCD-D09-overlap-K8/missing,0,update,1024,0.7,0,0.0,4096,0,128.0,0,0.0,400,400,0.3574010000011185,400,51200,51200,51200,3932160,501760.0,0,0,0,"{""0.1"": 0, ""0.2"": 0, ""0.5"": 0, ""1.0"": 0, ""2.0"": 0}",0.00106182618055084,0.018283110583713506,1.0,0.03515625,50,0,0
gated-M1024-f0.70-u,gated,0.5,LBQCD-D09-overlap-K8,control-overlap,missing,LBQCD-D09-overlap-K8/missing,1,update,1024,0.7,0,0.0,4096,0,128.0,0,0.0,400,400,0.4124311000050511,400,51200,51200,51200,3932160,501760.0,0,0,0,"{""0.1"": 0, ""0.2"": 0, ""0.5"": 0, ""1.0"": 0, ""2.0"": 0}",0.005584840473812025,0.0457068401661821,1.0,0.09375,50,0,0
gated-M1024-f0.70-u,gated,0.5,LBQCD-D09-overlap-K8,control-overlap,missing,LBQCD-D09-overlap-K8/missing,2,update,1024,0.7,0,0.0,4096,0,128.0,0,0.0,400,400,0.4035257000068668,400,51200,51200,51200,3932160,501760.0,0,0,0,"{""0.1"": 0, ""0.2"": 0, ""0.5"": 0, ""1.0"": 0, ""2.0"": 0}",0.000631956243016929,0.020139718607040436,1.0,0.0341796875,50,0,0
gated-align-M1024-f0.70-u,gated-align,0.5,LBQCD-D09-overlap-K8,control-overlap,missing,LBQCD-D09-overlap-K8/missing,0,update,1024,0.7,0,0.0,4096,0,128.0,0,0.0,400,400,0.4297482999972999,400,51200,51200,51200,3932160,501760.0,3,491520,384,"{""0.1"": 0, ""0.2"": 2, ""0.5"": 1, ""1.0"": 0, ""2.0"": 0}",0.0016236314023774234,0.013673350214712082,1.0,0.0380859375,50,0,0
gated-align-M1024-f0.70-u,gated-align,0.5,LBQCD-D09-overlap-K8,control-overlap,missing,LBQCD-D09-overlap-K8/missing,1,update,1024,0.7,0,0.0,4096,0,128.0,0,0.0,400,400,0.4987739999924088,400,51200,51200,51200,3932160,501760.0,3,491520,384,"{""0.1"": 0, ""0.2"": 2, ""0.5"": 1, ""1.0"": 0, ""2.0"": 0}",0.00522105193780753,0.03700198056645472,1.0,0.064453125,50,0,0
gated-align-M1024-f0.70-u,gated-align,0.5,LBQCD-D09-overlap-K8,control-overlap,missing,LBQCD-D09-overlap-K8/missing,2,update,1024,0.7,0,0.0,4096,0,128.0,0,0.0,400,400,0.4233531999925617,400,51200,51200,51200,3932160,501760.0,3,491520,384,"{""0.1"": 1, ""0.2"": 1, ""0.5"": 1, ""1.0"": 0, ""2.0"": 0}",0.0006866889332686199,0.020106304051132225,1.0,0.037109375,50,0,0
lbqcd-align-M1024-f0.70-u,align,0.5,LBQCD-D09-overlap-K8,control-overlap,missing,LBQCD-D09-overlap-K8/missing,0,update,1024,0.7,0,0.0,0,0,nan,0,nan,400,400,1.4072078000026522,4600,588800,302080,302080,3932160,5734400.0,3,491520,384,"{""0.1"": 0, ""0.2"": 2, ""0.5"": 1, ""1.0"": 0, ""2.0"": 0}",0.0021673745019985535,0.02355161782690194,1.0,0.0732421875,50,0,0
lbqcd-align-M1024-f0.70-u,align,0.5,LBQCD-D09-overlap-K8,control-overlap,missing,LBQCD-D09-overlap-K8/missing,1,update,1024,0.7,0,0.0,0,0,nan,0,nan,400,400,1.3476882000104524,4600,588800,302080,302080,3932160,5734400.0,3,491520,384,"{""0.1"": 0, ""0.2"": 1, ""0.5"": 2, ""1.0"": 0, ""2.0"": 0}",0.003152607512696637,0.024666339943260885,1.0,0.09375,50,0,0
lbqcd-align-M1024-f0.70-u,align,0.5,LBQCD-D09-overlap-K8,control-overlap,missing,LBQCD-D09-overlap-K8/missing,2,update,1024,0.7,0,0.0,0,0,nan,0,nan,400,400,1.3031575999921188,4600,588800,302080,302080,3932160,5734400.0,3,491520,384,"{""0.1"": 1, ""0.2"": 0, ""0.5"": 2, ""1.0"": 0, ""2.0"": 0}",0.0006834433643866378,0.023728924212518942,1.0,0.099609375,50,0,0
paper-0.2,paper,0.2,LBQCD-D09-overlap-K8,control-overlap,missing,LBQCD-D09-overlap-K8/missing,0,update,0,0.0,0,0.0,0,0,nan,0,nan,400,400,0.8732202999963192,400,51200,51200,51200,13107200,0.0,0,0,0,"{""0.1"": 0, ""0.2"": 0, ""0.5"": 0, ""1.0"": 0, ""2.0"": 0}",0.0014160162532721454,0.03314571242679019,1.0,0.078125,50,0,0
paper-0.2,paper,0.2,LBQCD-D09-overlap-K8,control-overlap,missing,LBQCD-D09-overlap-K8/missing,1,update,0,0.0,0,0.0,0,0,nan,0,nan,400,400,0.7490045000013197,400,51200,51200,51200,13107200,0.0,0,0,0,"{""0.1"": 0, ""0.2"": 0, ""0.5"": 0, ""1.0"": 0, ""2.0"": 0}",0.004442967355591798,0.052473491466210526,1.0,0.1044921875,50,0,0
paper-0.2,paper,0.2,LBQCD-D09-overlap-K8,control-overlap,missing,LBQCD-D09-overlap-K8/missing,2,update,0,0.0,0,0.0,0,0,nan,0,nan,400,400,0.6676371000066865,400,51200,51200,51200,13107200,0.0,0,0,0,"{""0.1"": 0, ""0.2"": 0, ""0.5"": 0, ""1.0"": 0, ""2.0"": 0}",0.0008808417418753045,0.024841075255762155,1.0,0.087890625,50,0,0
paper-0.5,paper,0.5,LBQCD-D09-overlap-K8,control-overlap,missing,LBQCD-D09-overlap-K8/missing,0,update,0,0.0,0,0.0,0,0,nan,0,nan,400,400,0.7607706999988295,400,51200,51200,51200,13107200,0.0,0,0,0,"{""0.1"": 0, ""0.2"": 0, ""0.5"": 0, ""1.0"": 0, ""2.0"": 0}",0.0013446918980082323,0.03512648067100029,1.0,0.091796875,50,0,0
paper-0.5,paper,0.5,LBQCD-D09-overlap-K8,control-overlap,missing,LBQCD-D09-overlap-K8/missing,1,update,0,0.0,0,0.0,0,0,nan,0,nan,400,400,0.7843623000080697,400,51200,51200,51200,13107200,0.0,0,0,0,"{""0.1"": 0, ""0.2"": 0, ""0.5"": 0, ""1.0"": 0, ""2.0"": 0}",0.0031191351311162796,0.04639224616273401,1.0,0.107421875,50,0,0
paper-0.5,paper,0.5,LBQCD-D09-overlap-K8,control-overlap,missing,LBQCD-D09-overlap-K8/missing,2,update,0,0.0,0,0.0,0,0,nan,0,nan,400,400,0.6945091999950819,400,51200,51200,51200,13107200,0.0,0,0,0,"{""0.1"": 0, ""0.2"": 0, ""0.5"": 0, ""1.0"": 0, ""2.0"": 0}",0.0010470391058434725,0.027638297141795318,1.0,0.0673828125,50,0,0
paper-1,paper,1.0,LBQCD-D09-overlap-K8,control-overlap,missing,LBQCD-D09-overlap-K8/missing,0,update,0,0.0,0,0.0,0,0,nan,0,nan,400,400,0.9377623999898788,400,51200,51200,51200,13107200,0.0,0,0,0,"{""0.1"": 0, ""0.2"": 0, ""0.5"": 0, ""1.0"": 0, ""2.0"": 0}",0.0015545316341312176,0.031704414426234624,1.0,0.0859375,50,0,0
paper-1,paper,1.0,LBQCD-D09-overlap-K8,control-overlap,missing,LBQCD-D09-overlap-K8/missing,1,update,0,0.0,0,0.0,0,0,nan,0,nan,400,400,0.8618690000002971,400,51200,51200,51200,13107200,0.0,0,0,0,"{""0.1"": 0, ""0.2"": 0, ""0.5"": 0, ""1.0"": 0, ""2.0"": 0}",0.0032172109546163563,0.04897726831068059,1.0,0.087890625,50,0,0
paper-1,paper,1.0,LBQCD-D09-overlap-K8,control-overlap,missing,LBQCD-D09-overlap-K8/missing,2,update,0,0.0,0,0.0,0,0,nan,0,nan,400,400,0.7872547000006307,400,51200,51200,51200,13107200,0.0,0,0,0,"{""0.1"": 0, ""0.2"": 0, ""0.5"": 0, ""1.0"": 0, ""2.0"": 0}",0.0010628299548076647,0.036504712795184156,1.0,0.1005859375,50,0,0
paper-2,paper,2.0,LBQCD-D09-overlap-K8,control-overlap,missing,LBQCD-D09-overlap-K8/missing,0,update,0,0.0,0,0.0,0,0,nan,0,nan,400,400,0.7822391999943648,400,51200,51200,51200,13107200,0.0,0,0,0,"{""0.1"": 0, ""0.2"": 0, ""0.5"": 0, ""1.0"": 0, ""2.0"": 0}",0.002165404676982896,0.028498575892321614,1.0,0.0693359375,50,0,0
paper-2,paper,2.0,LBQCD-D09-overlap-K8,control-overlap,missing,LBQCD-D09-overlap-K8/missing,1,update,0,0.0,0,0.0,0,0,nan,0,nan,400,400,0.7212678999931086,400,51200,51200,51200,13107200,0.0,0,0,0,"{""0.1"": 0, ""0.2"": 0, ""0.5"": 0, ""1.0"": 0, ""2.0"": 0}",0.001953021689263812,0.046088263306069396,1.0,0.07421875,50,0,0
paper-2,paper,2.0,LBQCD-D09-overlap-K8,control-overlap,missing,LBQCD-D09-overlap-K8/missing,2,update,0,0.0,0,0.0,0,0,nan,0,nan,400,400,0.952983100010897,400,51200,51200,51200,13107200,0.0,0,0,0,"{""0.1"": 0, ""0.2"": 0, ""0.5"": 0, ""1.0"": 0, ""2.0"": 0}",0.002889804419033415,0.06082288098893106,1.0,0.17578125,50,0,0
paper-4,paper,4.0,LBQCD-D09-overlap-K8,control-overlap,missing,LBQCD-D09-overlap-K8/missing,0,update,0,0.0,0,0.0,0,0,nan,0,nan,400,400,0.763782900001388,400,51200,51200,51200,13107200,0.0,0,0,0,"{""0.1"": 0, ""0.2"": 0, ""0.5"": 0, ""1.0"": 0, ""2.0"": 0}",0.0028738056957758884,0.032164180072637216,1.0,0.09375,50,0,0
paper-4,paper,4.0,LBQCD-D09-overlap-K8,control-overlap,missing,LBQCD-D09-overlap-K8/missing,1,update,0,0.0,0,0.0,0,0,nan,0,nan,400,400,0.5295340000011493,400,51200,51200,51200,13107200,0.0,0,0,0,"{""0.1"": 0, ""0.2"": 0, ""0.5"": 0, ""1.0"": 0, ""2.0"": 0}",0.007075210288181588,0.07808293625598557,1.0,0.15625,50,0,0
paper-4,paper,4.0,LBQCD-D09-overlap-K8,control-overlap,missing,LBQCD-D09-overlap-K8/missing,2,update,0,0.0,0,0.0,0,0,nan,0,nan,400,400,0.9471752999961609,400,51200,51200,51200,13107200,0.0,0,0,0,"{""0.1"": 0, ""0.2"": 0, ""0.5"": 0, ""1.0"": 0, ""2.0"": 0}",0.005398653747864524,0.07801830675195087,1.0,0.2685546875,50,0,0
qld-v1,qld,0.5,LBQCD-D09-overlap-K8,control-overlap,missing,LBQCD-D09-overlap-K8/missing,0,update,0,0.7,0,0.0,0,0,nan,0,nan,400,400,0.4129861000110395,400,51200,51200,51200,3932160,501760.0,0,0,0,"{""0.1"": 0, ""0.2"": 0, ""0.5"": 0, ""1.0"": 0, ""2.0"": 0}",0.00106182618055084,0.018283110583713506,1.0,0.03515625,50,0,0
qld-v1,qld,0.5,LBQCD-D09-overlap-K8,control-overlap,missing,LBQCD-D09-overlap-K8/missing,1,update,0,0.7,0,0.0,0,0,nan,0,nan,400,400,0.35631889999785926,400,51200,51200,51200,3932160,501760.0,0,0,0,"{""0.1"": 0, ""0.2"": 0, ""0.5"": 0, ""1.0"": 0, ""2.0"": 0}",0.005584840473812025,0.0457068401661821,1.0,0.09375,50,0,0
qld-v1,qld,0.5,LBQCD-D09-overlap-K8,control-overlap,missing,LBQCD-D09-overlap-K8/missing,2,update,0,0.7,0,0.0,0,0,nan,0,nan,400,400,0.3905585000029532,400,51200,51200,51200,3932160,501760.0,0,0,0,"{""0.1"": 0, ""0.2"": 0, ""0.5"": 0, ""1.0"": 0, ""2.0"": 0}",0.000631956243016929,0.020139718607040436,1.0,0.0341796875,50,0,0
rsr-M1024-f0.70-u,rsr,0.5,LBQCD-D09-overlap-K8,control-overlap,missing,LBQCD-D09-overlap-K8/missing,0,update,1024,0.7,0,0.0,0,0,nan,0,nan,400,400,1.2425884999975096,4600,588800,302080,302080,3932160,5734400.0,0,0,0,"{""0.1"": 0, ""0.2"": 0, ""0.5"": 0, ""1.0"": 0, ""2.0"": 0}",0.0019953775165423293,0.02999745362379174,1.0,0.0810546875,50,0,0
rsr-M1024-f0.70-u,rsr,0.5,LBQCD-D09-overlap-K8,control-overlap,missing,LBQCD-D09-overlap-K8/missing,1,update,1024,0.7,0,0.0,0,0,nan,0,nan,400,400,1.1758485000027576,4600,588800,302080,302080,3932160,5734400.0,0,0,0,"{""0.1"": 0, ""0.2"": 0, ""0.5"": 0, ""1.0"": 0, ""2.0"": 0}",0.0030878347452709676,0.023405462782815366,1.0,0.08984375,50,0,0
rsr-M1024-f0.70-u,rsr,0.5,LBQCD-D09-overlap-K8,control-overlap,missing,LBQCD-D09-overlap-K8/missing,2,update,1024,0.7,0,0.0,0,0,nan,0,nan,400,400,1.3357577999995556,4600,588800,302080,302080,3932160,5734400.0,0,0,0,"{""0.1"": 0, ""0.2"": 0, ""0.5"": 0, ""1.0"": 0, ""2.0"": 0}",0.00113554003863503,0.023120725601311575,1.0,0.0810546875,50,0,0
gated-M1024-f0.70-u,gated,0.5,LBQCD-D10-contaminated,control-contaminated,concentrated,LBQCD-D10-contaminated/concentrated,0,update,1024,0.7,0,0.0,4096,1,2.8125,7,5186.713519476025,400,400,1.333295399992494,4600,588800,302080,302080,3932160,5734400.0,0,0,0,"{""0.1"": 0, ""0.2"": 0, ""0.5"": 0, ""1.0"": 0, ""2.0"": 0}",0.01262172769610892,0.16744020074754562,0.9800000000000001,0.09484374999999999,50,0,0
gated-M1024-f0.70-u,gated,0.5,LBQCD-D10-contaminated,control-contaminated,concentrated,LBQCD-D10-contaminated/concentrated,1,update,1024,0.7,0,0.0,4096,1,2.5625,7,5270.451229426076,400,400,1.4437165999988792,4600,588800,302080,302080,3932160,5734400.0,0,0,0,"{""0.1"": 0, ""0.2"": 0, ""0.5"": 0, ""1.0"": 0, ""2.0"": 0}",0.015968474284336676,0.21981178423800207,0.9800000000000001,0.11046874999999999,50,0,0
gated-M1024-f0.70-u,gated,0.5,LBQCD-D10-contaminated,control-contaminated,concentrated,LBQCD-D10-contaminated/concentrated,2,update,1024,0.7,0,0.0,4096,1,2.5625,7,5012.556306365,400,400,1.3455838999943808,4600,588800,302080,302080,3932160,5734400.0,0,0,0,"{""0.1"": 0, ""0.2"": 0, ""0.5"": 0, ""1.0"": 0, ""2.0"": 0}",0.019837243372584856,0.19085592966601986,0.9800000000000001,0.10531250000000002,50,0,0
gated-align-M1024-f0.70-u,gated-align,0.5,LBQCD-D10-contaminated,control-contaminated,concentrated,LBQCD-D10-contaminated/concentrated,0,update,1024,0.7,0,0.0,4096,1,2.8125,7,5186.713519476025,400,400,1.2840499000012642,4600,588800,302080,302080,3932160,5734400.0,3,491520,384,"{""0.1"": 0, ""0.2"": 0, ""0.5"": 0, ""1.0"": 3, ""2.0"": 0}",0.013671650967894466,0.18226321615071778,0.9800000000000001,0.10195312499999996,50,0,0
gated-align-M1024-f0.70-u,gated-align,0.5,LBQCD-D10-contaminated,control-contaminated,concentrated,LBQCD-D10-contaminated/concentrated,1,update,1024,0.7,0,0.0,4096,1,2.5625,7,5270.451229426076,400,400,1.220779199997196,4600,588800,302080,302080,3932160,5734400.0,3,491520,384,"{""0.1"": 0, ""0.2"": 0, ""0.5"": 0, ""1.0"": 2, ""2.0"": 1}",0.01660514801292301,0.2282126442579621,0.9800000000000001,0.1368359375,50,0,0
gated-align-M1024-f0.70-u,gated-align,0.5,LBQCD-D10-contaminated,control-contaminated,concentrated,LBQCD-D10-contaminated/concentrated,2,update,1024,0.7,0,0.0,4096,1,2.5625,7,5012.556306365,400,400,1.3309568999975454,4600,588800,302080,302080,3932160,5734400.0,3,491520,384,"{""0.1"": 1, ""0.2"": 0, ""0.5"": 2, ""1.0"": 0, ""2.0"": 0}",0.02006266430930581,0.1905586639994689,0.9800000000000001,0.09750000000000002,50,0,0
lbqcd-align-M1024-f0.70-u,align,0.5,LBQCD-D10-contaminated,control-contaminated,concentrated,LBQCD-D10-contaminated/concentrated,0,update,1024,0.7,0,0.0,0,0,nan,0,nan,400,400,1.400778099996387,4600,588800,302080,302080,3932160,5734400.0,3,491520,384,"{""0.1"": 0, ""0.2"": 0, ""0.5"": 0, ""1.0"": 3, ""2.0"": 0}",0.013671650967894466,0.18226321615071778,0.9800000000000001,0.10195312499999996,50,0,0
lbqcd-align-M1024-f0.70-u,align,0.5,LBQCD-D10-contaminated,control-contaminated,concentrated,LBQCD-D10-contaminated/concentrated,1,update,1024,0.7,0,0.0,0,0,nan,0,nan,400,400,1.404539900002419,4600,588800,302080,302080,3932160,5734400.0,3,491520,384,"{""0.1"": 0, ""0.2"": 0, ""0.5"": 0, ""1.0"": 2, ""2.0"": 1}",0.01660514801292301,0.2282126442579621,0.9800000000000001,0.1368359375,50,0,0
lbqcd-align-M1024-f0.70-u,align,0.5,LBQCD-D10-contaminated,control-contaminated,concentrated,LBQCD-D10-contaminated/concentrated,2,update,1024,0.7,0,0.0,0,0,nan,0,nan,400,400,1.1856931000074837,4600,588800,302080,302080,3932160,5734400.0,3,491520,384,"{""0.1"": 1, ""0.2"": 0, ""0.5"": 2, ""1.0"": 0, ""2.0"": 0}",0.02006266430930581,0.1905586639994689,0.9800000000000001,0.09750000000000002,50,0,0
paper-0.2,paper,0.2,LBQCD-D10-contaminated,control-contaminated,concentrated,LBQCD-D10-contaminated/concentrated,0,update,0,0.0,0,0.0,0,0,nan,0,nan,400,400,0.8044827000121586,400,51200,51200,51200,13107200,0.0,0,0,0,"{""0.1"": 0, ""0.2"": 0, ""0.5"": 0, ""1.0"": 0, ""2.0"": 0}",0.014819581304089002,0.16185613619788045,0.9800000000000001,0.08828124999999996,50,0,0
paper-0.2,paper,0.2,LBQCD-D10-contaminated,control-contaminated,concentrated,LBQCD-D10-contaminated/concentrated,1,update,0,0.0,0,0.0,0,0,nan,0,nan,400,400,0.8628574000031222,400,51200,51200,51200,13107200,0.0,0,0,0,"{""0.1"": 0, ""0.2"": 0, ""0.5"": 0, ""1.0"": 0, ""2.0"": 0}",0.013803136371892233,0.18939740705824556,0.9800000000000001,0.09750000000000002,50,0,0
paper-0.2,paper,0.2,LBQCD-D10-contaminated,control-contaminated,concentrated,LBQCD-D10-contaminated/concentrated,2,update,0,0.0,0,0.0,0,0,nan,0,nan,400,400,0.7395626999932574,400,51200,51200,51200,13107200,0.0,0,0,0,"{""0.1"": 0, ""0.2"": 0, ""0.5"": 0, ""1.0"": 0, ""2.0"": 0}",0.012323749729467703,0.18090363329030093,0.9800000000000001,0.07976562499999994,50,0,0
paper-0.5,paper,0.5,LBQCD-D10-contaminated,control-contaminated,concentrated,LBQCD-D10-contaminated/concentrated,0,update,0,0.0,0,0.0,0,0,nan,0,nan,400,400,0.6977241999993566,400,51200,51200,51200,13107200,0.0,0,0,0,"{""0.1"": 0, ""0.2"": 0, ""0.5"": 0, ""1.0"": 0, ""2.0"": 0}",0.01516210815581509,0.16867722137402985,0.9800000000000001,0.12023437499999999,50,0,0
paper-0.5,paper,0.5,LBQCD-D10-contaminated,control-contaminated,concentrated,LBQCD-D10-contaminated/concentrated,1,update,0,0.0,0,0.0,0,0,nan,0,nan,400,400,0.8333076999988407,400,51200,51200,51200,13107200,0.0,0,0,0,"{""0.1"": 0, ""0.2"": 0, ""0.5"": 0, ""1.0"": 0, ""2.0"": 0}",0.012504889958837806,0.2011371603863197,0.9800000000000001,0.10488281249999996,50,0,0
paper-0.5,paper,0.5,LBQCD-D10-contaminated,control-contaminated,concentrated,LBQCD-D10-contaminated/concentrated,2,update,0,0.0,0,0.0,0,0,nan,0,nan,400,400,0.7491360999993049,400,51200,51200,51200,13107200,0.0,0,0,0,"{""0.1"": 0, ""0.2"": 0, ""0.5"": 0, ""1.0"": 0, ""2.0"": 0}",0.011964559768321559,0.18127328682271684,0.9800000000000001,0.08410156249999999,50,0,0
paper-1,paper,1.0,LBQCD-D10-contaminated,control-contaminated,concentrated,LBQCD-D10-contaminated/concentrated,0,update,0,0.0,0,0.0,0,0,nan,0,nan,400,400,0.9378445000038482,400,51200,51200,51200,13107200,0.0,0,0,0,"{""0.1"": 0, ""0.2"": 0, ""0.5"": 0, ""1.0"": 0, ""2.0"": 0}",0.016488857895635256,0.1742359279583623,0.9800000000000001,0.11046874999999999,50,0,0
paper-1,paper,1.0,LBQCD-D10-contaminated,control-contaminated,concentrated,LBQCD-D10-contaminated/concentrated,1,update,0,0.0,0,0.0,0,0,nan,0,nan,400,400,0.9134994999913033,400,51200,51200,51200,13107200,0.0,0,0,0,"{""0.1"": 0, ""0.2"": 0, ""0.5"": 0, ""1.0"": 0, ""2.0"": 0}",0.012616314600365275,0.20091998870014124,0.9800000000000001,0.12316406249999999,100,0,0
paper-1,paper,1.0,LBQCD-D10-contaminated,control-contaminated,concentrated,LBQCD-D10-contaminated/concentrated,2,update,0,0.0,0,0.0,0,0,nan,0,nan,400,400,1.0169322000001557,400,51200,51200,51200,13107200,0.0,0,0,0,"{""0.1"": 0, ""0.2"": 0, ""0.5"": 0, ""1.0"": 0, ""2.0"": 0}",0.010641642354891623,0.18199559790200298,0.9800000000000001,0.1251171875,100,0,0
paper-2,paper,2.0,LBQCD-D10-contaminated,control-contaminated,concentrated,LBQCD-D10-contaminated/concentrated,0,update,0,0.0,0,0.0,0,0,nan,0,nan,400,400,0.6266107999981614,400,51200,51200,51200,13107200,0.0,0,0,0,"{""0.1"": 0, ""0.2"": 0, ""0.5"": 0, ""1.0"": 0, ""2.0"": 0}",0.016631728866537188,0.17484645781509375,0.9800000000000001,0.11171874999999996,50,0,0
paper-2,paper,2.0,LBQCD-D10-contaminated,control-contaminated,concentrated,LBQCD-D10-contaminated/concentrated,1,update,0,0.0,0,0.0,0,0,nan,0,nan,400,400,0.7705176000017673,400,51200,51200,51200,13107200,0.0,0,0,0,"{""0.1"": 0, ""0.2"": 0, ""0.5"": 0, ""1.0"": 0, ""2.0"": 0}",0.013999218363816457,0.2009682485182469,0.9800000000000001,0.1329296875,100,0,0
paper-2,paper,2.0,LBQCD-D10-contaminated,control-contaminated,concentrated,LBQCD-D10-contaminated/concentrated,2,update,0,0.0,0,0.0,0,0,nan,0,nan,400,400,0.7285675000021001,400,51200,51200,51200,13107200,0.0,0,0,0,"{""0.1"": 0, ""0.2"": 0, ""0.5"": 0, ""1.0"": 0, ""2.0"": 0}",0.009582746440529366,0.18729564552502698,0.9800000000000001,0.155390625,100,0,0
paper-4,paper,4.0,LBQCD-D10-contaminated,control-contaminated,concentrated,LBQCD-D10-contaminated/concentrated,0,update,0,0.0,0,0.0,0,0,nan,0,nan,400,400,0.7703999000077602,400,51200,51200,51200,13107200,0.0,0,0,0,"{""0.1"": 0, ""0.2"": 0, ""0.5"": 0, ""1.0"": 0, ""2.0"": 0}",0.019277608021956993,0.18438002469801887,0.9800000000000001,0.11925781249999999,50,0,0
paper-4,paper,4.0,LBQCD-D10-contaminated,control-contaminated,concentrated,LBQCD-D10-contaminated/concentrated,1,update,0,0.0,0,0.0,0,0,nan,0,nan,400,400,0.6258049999887589,400,51200,51200,51200,13107200,0.0,0,0,0,"{""0.1"": 0, ""0.2"": 0, ""0.5"": 0, ""1.0"": 0, ""2.0"": 0}",0.018371092914952314,0.1994823783920629,0.9800000000000001,0.1505078125,150,0,0
paper-4,paper,4.0,LBQCD-D10-contaminated,control-contaminated,concentrated,LBQCD-D10-contaminated/concentrated,2,update,0,0.0,0,0.0,0,0,nan,0,nan,400,400,0.7841432000132045,400,51200,51200,51200,13107200,0.0,0,0,0,"{""0.1"": 0, ""0.2"": 0, ""0.5"": 0, ""1.0"": 0, ""2.0"": 0}",0.00857109409670409,0.18573480586025046,0.9800000000000001,0.14046875000000003,100,0,0
qld-v1,qld,0.5,LBQCD-D10-contaminated,control-contaminated,concentrated,LBQCD-D10-contaminated/concentrated,0,update,0,0.7,0,0.0,0,0,nan,0,nan,400,400,0.3733738999872003,400,51200,51200,51200,3932160,501760.0,0,0,0,"{""0.1"": 0, ""0.2"": 0, ""0.5"": 0, ""1.0"": 0, ""2.0"": 0}",0.01290574501348285,0.16048156207140993,0.9800000000000001,0.08996093749999999,50,0,0
qld-v1,qld,0.5,LBQCD-D10-contaminated,control-contaminated,concentrated,LBQCD-D10-contaminated/concentrated,1,update,0,0.7,0,0.0,0,0,nan,0,nan,400,400,0.4581789000076242,400,51200,51200,51200,3932160,501760.0,0,0,0,"{""0.1"": 0, ""0.2"": 0, ""0.5"": 0, ""1.0"": 0, ""2.0"": 0}",0.01315324857821265,0.20028033341793625,0.9800000000000001,0.1534375,50,0,0
qld-v1,qld,0.5,LBQCD-D10-contaminated,control-contaminated,concentrated,LBQCD-D10-contaminated/concentrated,2,update,0,0.7,0,0.0,0,0,nan,0,nan,400,400,0.326503699994646,400,51200,51200,51200,3932160,501760.0,0,0,0,"{""0.1"": 0, ""0.2"": 0, ""0.5"": 0, ""1.0"": 0, ""2.0"": 0}",0.019194983761382955,0.19374716087076993,0.9800000000000001,0.07308593750000002,50,0,0
rsr-M1024-f0.70-u,rsr,0.5,LBQCD-D10-contaminated,control-contaminated,concentrated,LBQCD-D10-contaminated/concentrated,0,update,1024,0.7,0,0.0,0,0,nan,0,nan,400,400,1.240468799995142,4600,588800,302080,302080,3932160,5734400.0,0,0,0,"{""0.1"": 0, ""0.2"": 0, ""0.5"": 0, ""1.0"": 0, ""2.0"": 0}",0.01262172769610892,0.16744020074754562,0.9800000000000001,0.09484374999999999,50,0,0
rsr-M1024-f0.70-u,rsr,0.5,LBQCD-D10-contaminated,control-contaminated,concentrated,LBQCD-D10-contaminated/concentrated,1,update,1024,0.7,0,0.0,0,0,nan,0,nan,400,400,1.2857360000052722,4600,588800,302080,302080,3932160,5734400.0,0,0,0,"{""0.1"": 0, ""0.2"": 0, ""0.5"": 0, ""1.0"": 0, ""2.0"": 0}",0.015968474284336676,0.21981178423800207,0.9800000000000001,0.11046874999999999,50,0,0
rsr-M1024-f0.70-u,rsr,0.5,LBQCD-D10-contaminated,control-contaminated,concentrated,LBQCD-D10-contaminated/concentrated,2,update,1024,0.7,0,0.0,0,0,nan,0,nan,400,400,1.215572000000975,4600,588800,302080,302080,3932160,5734400.0,0,0,0,"{""0.1"": 0, ""0.2"": 0, ""0.5"": 0, ""1.0"": 0, ""2.0"": 0}",0.019837243372584856,0.19085592966601986,0.9800000000000001,0.10531250000000002,50,0,0
gated-M1024-f0.70-u,gated,0.5,LBQCD-D10-contaminated,control-contaminated,missing,LBQCD-D10-contaminated/missing,0,update,1024,0.7,0,0.0,4096,1,3.0625,7,4886.631678346818,400,400,1.3298859000060475,4600,588800,302080,302080,3932160,5734400.0,0,0,0,"{""0.1"": 0, ""0.2"": 0, ""0.5"": 0, ""1.0"": 0, ""2.0"": 0}",0.02965732319865344,0.1925903152416841,0.9800000000000001,0.12093750000000002,50,0,0
gated-M1024-f0.70-u,gated,0.5,LBQCD-D10-contaminated,control-contaminated,missing,LBQCD-D10-contaminated/missing,1,update,1024,0.7,0,0.0,4096,1,2.9375,7,5125.972328128385,400,400,1.2772397999942768,4600,588800,302080,302080,3932160,5734400.0,0,0,0,"{""0.1"": 0, ""0.2"": 0, ""0.5"": 0, ""1.0"": 0, ""2.0"": 0}",0.016593083153350285,0.1882733106419307,0.9800000000000001,0.07335937499999999,100,0,0
gated-M1024-f0.70-u,gated,0.5,LBQCD-D10-contaminated,control-contaminated,missing,LBQCD-D10-contaminated/missing,2,update,1024,0.7,0,0.0,4096,1,2.75,7,4856.828161734574,400,400,1.1755737000057707,4600,588800,302080,302080,3932160,5734400.0,0,0,0,"{""0.1"": 0, ""0.2"": 0, ""0.5"": 0, ""1.0"": 0, ""2.0"": 0}",0.015414650092742566,0.17027223216603538,0.9800000000000001,0.10335937500000002,100,0,0
gated-align-M1024-f0.70-u,gated-align,0.5,LBQCD-D10-contaminated,control-contaminated,missing,LBQCD-D10-contaminated/missing,0,update,1024,0.7,0,0.0,4096,1,3.0625,7,4886.631678346818,400,400,1.3097129000088898,4600,588800,302080,302080,3932160,5734400.0,3,491520,384,"{""0.1"": 0, ""0.2"": 0, ""0.5"": 0, ""1.0"": 2, ""2.0"": 1}",0.030169504997365593,0.1934122683480708,0.9800000000000001,0.13,50,0,0
gated-align-M1024-f0.70-u,gated-align,0.5,LBQCD-D10-contaminated,control-contaminated,missing,LBQCD-D10-contaminated/missing,1,update,1024,0.7,0,0.0,4096,1,2.9375,7,5125.972328128385,400,400,1.2704891999892425,4600,588800,302080,302080,3932160,5734400.0,3,491520,384,"{""0.1"": 0, ""0.2"": 0, ""0.5"": 1, ""1.0"": 2, ""2.0"": 0}",0.01680831427287588,0.1928536892923866,0.9800000000000001,0.07601562500000002,100,0,0
gated-align-M1024-f0.70-u,gated-align,0.5,LBQCD-D10-contaminated,control-contaminated,missing,LBQCD-D10-contaminated/missing,2,update,1024,0.7,0,0.0,4096,1,2.75,7,4856.828161734574,400,400,1.2363614000059897,4600,588800,302080,302080,3932160,5734400.0,3,491520,384,"{""0.1"": 0, ""0.2"": 0, ""0.5"": 0, ""1.0"": 3, ""2.0"": 0}",0.01591863051404463,0.17444672731629673,0.9800000000000001,0.11019531250000002,100,0,0
lbqcd-align-M1024-f0.70-u,align,0.5,LBQCD-D10-contaminated,control-contaminated,missing,LBQCD-D10-contaminated/missing,0,update,1024,0.7,0,0.0,0,0,nan,0,nan,400,400,1.2299822000059066,4600,588800,302080,302080,3932160,5734400.0,3,491520,384,"{""0.1"": 0, ""0.2"": 0, ""0.5"": 0, ""1.0"": 2, ""2.0"": 1}",0.030169504997365593,0.1934122683480708,0.9800000000000001,0.13,50,0,0
lbqcd-align-M1024-f0.70-u,align,0.5,LBQCD-D10-contaminated,control-contaminated,missing,LBQCD-D10-contaminated/missing,1,update,1024,0.7,0,0.0,0,0,nan,0,nan,400,400,1.2528050999972038,4600,588800,302080,302080,3932160,5734400.0,3,491520,384,"{""0.1"": 0, ""0.2"": 0, ""0.5"": 1, ""1.0"": 2, ""2.0"": 0}",0.01680831427287588,0.1928536892923866,0.9800000000000001,0.07601562500000002,100,0,0
lbqcd-align-M1024-f0.70-u,align,0.5,LBQCD-D10-contaminated,control-contaminated,missing,LBQCD-D10-contaminated/missing,2,update,1024,0.7,0,0.0,0,0,nan,0,nan,400,400,1.255557199998293,4600,588800,302080,302080,3932160,5734400.0,3,491520,384,"{""0.1"": 0, ""0.2"": 0, ""0.5"": 0, ""1.0"": 3, ""2.0"": 0}",0.01591863051404463,0.17444672731629673,0.9800000000000001,0.11019531250000002,100,0,0
paper-0.2,paper,0.2,LBQCD-D10-contaminated,control-contaminated,missing,LBQCD-D10-contaminated/missing,0,update,0,0.0,0,0.0,0,0,nan,0,nan,400,400,0.887895199994091,400,51200,51200,51200,13107200,0.0,0,0,0,"{""0.1"": 0, ""0.2"": 0, ""0.5"": 0, ""1.0"": 0, ""2.0"": 0}",0.018975892637731473,0.16119744433806568,0.9800000000000001,0.10265624999999999,50,0,0
paper-0.2,paper,0.2,LBQCD-D10-contaminated,control-contaminated,missing,LBQCD-D10-contaminated/missing,1,update,0,0.0,0,0.0,0,0,nan,0,nan,400,400,0.7359406000032322,400,51200,51200,51200,13107200,0.0,0,0,0,"{""0.1"": 0, ""0.2"": 0, ""0.5"": 0, ""1.0"": 0, ""2.0"": 0}",0.015947970908869902,0.1925754515970362,0.9800000000000001,0.11214843750000002,50,0,0
paper-0.2,paper,0.2,LBQCD-D10-contaminated,control-contaminated,missing,LBQCD-D10-contaminated/missing,2,update,0,0.0,0,0.0,0,0,nan,0,nan,400,400,0.5997311999963131,400,51200,51200,51200,13107200,0.0,0,0,0,"{""0.1"": 0, ""0.2"": 0, ""0.5"": 0, ""1.0"": 0, ""2.0"": 0}",0.009928117264507819,0.1564209024339968,0.9800000000000001,0.06039062500000002,50,0,0
paper-0.5,paper,0.5,LBQCD-D10-contaminated,control-contaminated,missing,LBQCD-D10-contaminated/missing,0,update,0,0.0,0,0.0,0,0,nan,0,nan,400,400,0.7910912000079406,400,51200,51200,51200,13107200,0.0,0,0,0,"{""0.1"": 0, ""0.2"": 0, ""0.5"": 0, ""1.0"": 0, ""2.0"": 0}",0.015695555398877126,0.16846785570799058,0.9800000000000001,0.14242187500000003,50,0,0
paper-0.5,paper,0.5,LBQCD-D10-contaminated,control-contaminated,missing,LBQCD-D10-contaminated/missing,1,update,0,0.0,0,0.0,0,0,nan,0,nan,400,400,0.8693468999990728,400,51200,51200,51200,13107200,0.0,0,0,0,"{""0.1"": 0, ""0.2"": 0, ""0.5"": 0, ""1.0"": 0, ""2.0"": 0}",0.025651164566943274,0.15959988878275047,0.9800000000000001,0.09484374999999999,100,0,0
paper-0.5,paper,0.5,LBQCD-D10-contaminated,control-contaminated,missing,LBQCD-D10-contaminated/missing,2,update,0,0.0,0,0.0,0,0,nan,0,nan,400,400,0.7950085000047693,400,51200,51200,51200,13107200,0.0,0,0,0,"{""0.1"": 0, ""0.2"": 0, ""0.5"": 0, ""1.0"": 0, ""2.0"": 0}",0.011360074178859758,0.16778880742165087,0.9800000000000001,0.10042968750000002,50,0,0
paper-1,paper,1.0,LBQCD-D10-contaminated,control-contaminated,missing,LBQCD-D10-contaminated/missing,0,update,0,0.0,0,0.0,0,0,nan,0,nan,400,400,0.7810499999905005,400,51200,51200,51200,13107200,0.0,0,0,0,"{""0.1"": 0, ""0.2"": 0, ""0.5"": 0, ""1.0"": 0, ""2.0"": 0}",0.02634071105334579,0.17189612997203374,0.9800000000000001,0.12023437499999999,50,0,0
paper-1,paper,1.0,LBQCD-D10-contaminated,control-contaminated,missing,LBQCD-D10-contaminated/missing,1,update,0,0.0,0,0.0,0,0,nan,0,nan,400,400,0.883975399992778,400,51200,51200,51200,13107200,0.0,0,0,0,"{""0.1"": 0, ""0.2"": 0, ""0.5"": 0, ""1.0"": 0, ""2.0"": 0}",0.02220511193864705,0.15368139505172457,0.9800000000000001,0.09804687499999996,150,0,0
paper-1,paper,1.0,LBQCD-D10-contaminated,control-contaminated,missing,LBQCD-D10-contaminated/missing,2,update,0,0.0,0,0.0,0,0,nan,0,nan,400,400,0.9103851000108989,400,51200,51200,51200,13107200,0.0,0,0,0,"{""0.1"": 0, ""0.2"": 0, ""0.5"": 0, ""1.0"": 0, ""2.0"": 0}",0.010770154877588256,0.1803602613025023,0.9800000000000001,0.11410156250000002,100,0,0
paper-2,paper,2.0,LBQCD-D10-contaminated,control-contaminated,missing,LBQCD-D10-contaminated/missing,0,update,0,0.0,0,0.0,0,0,nan,0,nan,400,400,0.7276112999970792,400,51200,51200,51200,13107200,0.0,0,0,0,"{""0.1"": 0, ""0.2"": 0, ""0.5"": 0, ""1.0"": 0, ""2.0"": 0}",0.033619301921862466,0.18797541061635656,0.9800000000000001,0.11019531250000002,50,0,0
paper-2,paper,2.0,LBQCD-D10-contaminated,control-contaminated,missing,LBQCD-D10-contaminated/missing,1,update,0,0.0,0,0.0,0,0,nan,0,nan,400,400,0.8861802000028547,400,51200,51200,51200,13107200,0.0,0,0,0,"{""0.1"": 0, ""0.2"": 0, ""0.5"": 0, ""1.0"": 0, ""2.0"": 0}",0.023952365858892488,0.1631711479449959,0.9800000000000001,0.11730468749999999,150,0,0
paper-2,paper,2.0,LBQCD-D10-contaminated,control-contaminated,missing,LBQCD-D10-contaminated/missing,2,update,0,0.0,0,0.0,0,0,nan,0,nan,400,400,0.8419914999976754,400,51200,51200,51200,13107200,0.0,0,0,0,"{""0.1"": 0, ""0.2"": 0, ""0.5"": 0, ""1.0"": 0, ""2.0"": 0}",0.015613762539980813,0.2332274714181873,0.9800000000000001,0.15386718750000006,100,0,0
paper-4,paper,4.0,LBQCD-D10-contaminated,control-contaminated,missing,LBQCD-D10-contaminated/missing,0,update,0,0.0,0,0.0,0,0,nan,0,nan,400,400,0.8825233999959892,400,51200,51200,51200,13107200,0.0,0,0,0,"{""0.1"": 0, ""0.2"": 0, ""0.5"": 0, ""1.0"": 0, ""2.0"": 0}",0.041068603898498424,0.20828871164952806,0.9800000000000001,0.1387890625,50,0,0
paper-4,paper,4.0,LBQCD-D10-contaminated,control-contaminated,missing,LBQCD-D10-contaminated/missing,1,update,0,0.0,0,0.0,0,0,nan,0,nan,400,400,0.7064816999918548,400,51200,51200,51200,13107200,0.0,0,0,0,"{""0.1"": 0, ""0.2"": 0, ""0.5"": 0, ""1.0"": 0, ""2.0"": 0}",0.018611094336893785,0.1868783202455594,0.9800000000000001,0.13027343749999998,100,0,0
paper-4,paper,4.0,LBQCD-D10-contaminated,control-contaminated,missing,LBQCD-D10-contaminated/missing,2,update,0,0.0,0,0.0,0,0,nan,0,nan,400,400,0.5627726000093389,400,51200,51200,51200,13107200,0.0,0,0,0,"{""0.1"": 0, ""0.2"": 0, ""0.5"": 0, ""1.0"": 0, ""2.0"": 0}",0.02793398659050106,0.2502037488322017,0.9800000000000001,0.23910156250000003,100,0,0
qld-v1,qld,0.5,LBQCD-D10-contaminated,control-contaminated,missing,LBQCD-D10-contaminated/missing,0,update,0,0.7,0,0.0,0,0,nan,0,nan,400,400,0.4284718000126304,400,51200,51200,51200,3932160,501760.0,0,0,0,"{""0.1"": 0, ""0.2"": 0, ""0.5"": 0, ""1.0"": 0, ""2.0"": 0}",0.021487618221360805,0.17676063436087625,0.9800000000000001,0.08410156249999999,50,0,0
qld-v1,qld,0.5,LBQCD-D10-contaminated,control-contaminated,missing,LBQCD-D10-contaminated/missing,1,update,0,0.7,0,0.0,0,0,nan,0,nan,400,400,0.3769758999987971,400,51200,51200,51200,3932160,501760.0,0,0,0,"{""0.1"": 0, ""0.2"": 0, ""0.5"": 0, ""1.0"": 0, ""2.0"": 0}",0.027386826360647376,0.16133023895577517,0.9800000000000001,0.08214843749999999,100,0,0
qld-v1,qld,0.5,LBQCD-D10-contaminated,control-contaminated,missing,LBQCD-D10-contaminated/missing,2,update,0,0.7,0,0.0,0,0,nan,0,nan,400,400,0.3634626999992179,400,51200,51200,51200,3932160,501760.0,0,0,0,"{""0.1"": 0, ""0.2"": 0, ""0.5"": 0, ""1.0"": 0, ""2.0"": 0}",0.015569268030477978,0.17135679415516505,0.9800000000000001,0.10656249999999999,100,0,0
rsr-M1024-f0.70-u,rsr,0.5,LBQCD-D10-contaminated,control-contaminated,missing,LBQCD-D10-contaminated/missing,0,update,1024,0.7,0,0.0,0,0,nan,0,nan,400,400,1.3188076999940677,4600,588800,302080,302080,3932160,5734400.0,0,0,0,"{""0.1"": 0, ""0.2"": 0, ""0.5"": 0, ""1.0"": 0, ""2.0"": 0}",0.02965732319865344,0.1925903152416841,0.9800000000000001,0.12093750000000002,50,0,0
rsr-M1024-f0.70-u,rsr,0.5,LBQCD-D10-contaminated,control-contaminated,missing,LBQCD-D10-contaminated/missing,1,update,1024,0.7,0,0.0,0,0,nan,0,nan,400,400,1.3288398000004236,4600,588800,302080,302080,3932160,5734400.0,0,0,0,"{""0.1"": 0, ""0.2"": 0, ""0.5"": 0, ""1.0"": 0, ""2.0"": 0}",0.016593083153350285,0.1882733106419307,0.9800000000000001,0.07335937499999999,100,0,0
rsr-M1024-f0.70-u,rsr,0.5,LBQCD-D10-contaminated,control-contaminated,missing,LBQCD-D10-contaminated/missing,2,update,1024,0.7,0,0.0,0,0,nan,0,nan,400,400,1.1778048999985913,4600,588800,302080,302080,3932160,5734400.0,0,0,0,"{""0.1"": 0, ""0.2"": 0, ""0.5"": 0, ""1.0"": 0, ""2.0"": 0}",0.015414650092742566,0.17027223216603538,0.9800000000000001,0.10335937500000002,100,0,0
gated-M1024-f0.70-u,gated,0.5,LBQCD-D11-heavy-t5,control-heavy-tail,concentrated,LBQCD-D11-heavy-t5/concentrated,0,update,1024,0.7,0,0.0,4096,0,128.0,0,0.0,400,400,0.45871240000997204,400,51200,51200,51200,3932160,501760.0,0,0,0,"{""0.1"": 0, ""0.2"": 0, ""0.5"": 0, ""1.0"": 0, ""2.0"": 0}",0.014203402425411626,0.051385957243246565,1.0,0.0,1,0,0
gated-M1024-f0.70-u,gated,0.5,LBQCD-D11-heavy-t5,control-heavy-tail,concentrated,LBQCD-D11-heavy-t5/concentrated,1,update,1024,0.7,0,0.0,4096,0,128.0,0,0.0,400,400,0.3590583999903174,400,51200,51200,51200,3932160,501760.0,0,0,0,"{""0.1"": 0, ""0.2"": 0, ""0.5"": 0, ""1.0"": 0, ""2.0"": 0}",0.003115772906914005,0.058144775076870166,1.0,0.0,1,0,0
gated-M1024-f0.70-u,gated,0.5,LBQCD-D11-heavy-t5,control-heavy-tail,concentrated,LBQCD-D11-heavy-t5/concentrated,2,update,1024,0.7,0,0.0,4096,0,128.0,0,0.0,400,400,0.31493069999851286,400,51200,51200,51200,3932160,501760.0,0,0,0,"{""0.1"": 0, ""0.2"": 0, ""0.5"": 0, ""1.0"": 0, ""2.0"": 0}",0.006478972277704553,0.03692697885740817,1.0,0.0,1,0,0
gated-align-M1024-f0.70-u,gated-align,0.5,LBQCD-D11-heavy-t5,control-heavy-tail,concentrated,LBQCD-D11-heavy-t5/concentrated,0,update,1024,0.7,0,0.0,4096,0,128.0,0,0.0,400,400,0.4107506000000285,400,51200,51200,51200,3932160,501760.0,3,491520,384,"{""0.1"": 0, ""0.2"": 0, ""0.5"": 3, ""1.0"": 0, ""2.0"": 0}",0.014203402425411626,0.051385957243246565,1.0,0.0,1,0,0
gated-align-M1024-f0.70-u,gated-align,0.5,LBQCD-D11-heavy-t5,control-heavy-tail,concentrated,LBQCD-D11-heavy-t5/concentrated,1,update,1024,0.7,0,0.0,4096,0,128.0,0,0.0,400,400,0.42748549999669194,400,51200,51200,51200,3932160,501760.0,3,491520,384,"{""0.1"": 0, ""0.2"": 1, ""0.5"": 1, ""1.0"": 1, ""2.0"": 0}",0.0032406885185300993,0.058066291593764176,1.0,0.0,1,0,0
gated-align-M1024-f0.70-u,gated-align,0.5,LBQCD-D11-heavy-t5,control-heavy-tail,concentrated,LBQCD-D11-heavy-t5/concentrated,2,update,1024,0.7,0,0.0,4096,0,128.0,0,0.0,400,400,0.3126131000026362,400,51200,51200,51200,3932160,501760.0,3,491520,384,"{""0.1"": 0, ""0.2"": 0, ""0.5"": 2, ""1.0"": 0, ""2.0"": 1}",0.007578228770985351,0.040804781739182186,1.0,0.0,1,0,0
lbqcd-align-M1024-f0.70-u,align,0.5,LBQCD-D11-heavy-t5,control-heavy-tail,concentrated,LBQCD-D11-heavy-t5/concentrated,0,update,1024,0.7,0,0.0,0,0,nan,0,nan,400,400,1.3963931999896886,4600,588800,302080,302080,3932160,5734400.0,3,491520,384,"{""0.1"": 0, ""0.2"": 0, ""0.5"": 2, ""1.0"": 0, ""2.0"": 1}",0.018632429363339087,0.04711587539603683,1.0,0.0,1,0,0
lbqcd-align-M1024-f0.70-u,align,0.5,LBQCD-D11-heavy-t5,control-heavy-tail,concentrated,LBQCD-D11-heavy-t5/concentrated,1,update,1024,0.7,0,0.0,0,0,nan,0,nan,400,400,1.4600081999960821,4600,588800,302080,302080,3932160,5734400.0,3,491520,384,"{""0.1"": 0, ""0.2"": 0, ""0.5"": 2, ""1.0"": 1, ""2.0"": 0}",0.004424996456864783,0.071246765730902,1.0,0.0,1,0,0
lbqcd-align-M1024-f0.70-u,align,0.5,LBQCD-D11-heavy-t5,control-heavy-tail,concentrated,LBQCD-D11-heavy-t5/concentrated,2,update,1024,0.7,0,0.0,0,0,nan,0,nan,400,400,1.4497912999941036,4600,588800,302080,302080,3932160,5734400.0,3,491520,384,"{""0.1"": 0, ""0.2"": 1, ""0.5"": 1, ""1.0"": 1, ""2.0"": 0}",0.008730608760759928,0.05525841163769892,1.0,0.0,1,0,0
paper-0.2,paper,0.2,LBQCD-D11-heavy-t5,control-heavy-tail,concentrated,LBQCD-D11-heavy-t5/concentrated,0,update,0,0.0,0,0.0,0,0,nan,0,nan,400,400,0.71364370000083,400,51200,51200,51200,13107200,0.0,0,0,0,"{""0.1"": 0, ""0.2"": 0, ""0.5"": 0, ""1.0"": 0, ""2.0"": 0}",0.018595852609591956,0.054756326498591565,1.0,0.0,1,0,0
paper-0.2,paper,0.2,LBQCD-D11-heavy-t5,control-heavy-tail,concentrated,LBQCD-D11-heavy-t5/concentrated,1,update,0,0.0,0,0.0,0,0,nan,0,nan,400,400,1.0607366000040201,400,51200,51200,51200,13107200,0.0,0,0,0,"{""0.1"": 0, ""0.2"": 0, ""0.5"": 0, ""1.0"": 0, ""2.0"": 0}",0.010222540807300007,0.11822132038957883,1.0,0.0,1,0,0
paper-0.2,paper,0.2,LBQCD-D11-heavy-t5,control-heavy-tail,concentrated,LBQCD-D11-heavy-t5/concentrated,2,update,0,0.0,0,0.0,0,0,nan,0,nan,400,400,1.0284406999999192,400,51200,51200,51200,13107200,0.0,0,0,0,"{""0.1"": 0, ""0.2"": 0, ""0.5"": 0, ""1.0"": 0, ""2.0"": 0}",0.0059658043534276395,0.04244822333459276,1.0,0.0,1,0,0
paper-0.5,paper,0.5,LBQCD-D11-heavy-t5,control-heavy-tail,concentrated,LBQCD-D11-heavy-t5/concentrated,0,update,0,0.0,0,0.0,0,0,nan,0,nan,400,400,0.6371876999910455,400,51200,51200,51200,13107200,0.0,0,0,0,"{""0.1"": 0, ""0.2"": 0, ""0.5"": 0, ""1.0"": 0, ""2.0"": 0}",0.019586630782462366,0.12718393312213355,1.0,0.0,1,0,0
paper-0.5,paper,0.5,LBQCD-D11-heavy-t5,control-heavy-tail,concentrated,LBQCD-D11-heavy-t5/concentrated,1,update,0,0.0,0,0.0,0,0,nan,0,nan,400,400,0.7503539999888744,400,51200,51200,51200,13107200,0.0,0,0,0,"{""0.1"": 0, ""0.2"": 0, ""0.5"": 0, ""1.0"": 0, ""2.0"": 0}",0.007734372153204827,0.08910888197682619,1.0,0.0,1,0,0
paper-0.5,paper,0.5,LBQCD-D11-heavy-t5,control-heavy-tail,concentrated,LBQCD-D11-heavy-t5/concentrated,2,update,0,0.0,0,0.0,0,0,nan,0,nan,400,400,0.7336441000079503,400,51200,51200,51200,13107200,0.0,0,0,0,"{""0.1"": 0, ""0.2"": 0, ""0.5"": 0, ""1.0"": 0, ""2.0"": 0}",0.006745702797690489,0.05294498813040822,1.0,0.0,1,0,0
paper-1,paper,1.0,LBQCD-D11-heavy-t5,control-heavy-tail,concentrated,LBQCD-D11-heavy-t5/concentrated,0,update,0,0.0,0,0.0,0,0,nan,0,nan,400,400,0.7705524999910267,400,51200,51200,51200,13107200,0.0,0,0,0,"{""0.1"": 0, ""0.2"": 0, ""0.5"": 0, ""1.0"": 0, ""2.0"": 0}",0.019713353228908215,0.1370357801722529,1.0,0.0,1,0,0
paper-1,paper,1.0,LBQCD-D11-heavy-t5,control-heavy-tail,concentrated,LBQCD-D11-heavy-t5/concentrated,1,update,0,0.0,0,0.0,0,0,nan,0,nan,400,400,0.8274042999983067,400,51200,51200,51200,13107200,0.0,0,0,0,"{""0.1"": 0, ""0.2"": 0, ""0.5"": 0, ""1.0"": 0, ""2.0"": 0}",0.009350332527435778,0.12195491920764161,1.0,0.0,1,0,0
paper-1,paper,1.0,LBQCD-D11-heavy-t5,control-heavy-tail,concentrated,LBQCD-D11-heavy-t5/concentrated,2,update,0,0.0,0,0.0,0,0,nan,0,nan,400,400,0.8318777999957092,400,51200,51200,51200,13107200,0.0,0,0,0,"{""0.1"": 0, ""0.2"": 0, ""0.5"": 0, ""1.0"": 0, ""2.0"": 0}",0.00594618265558422,0.10415910340927967,1.0,0.0,1,0,0
paper-2,paper,2.0,LBQCD-D11-heavy-t5,control-heavy-tail,concentrated,LBQCD-D11-heavy-t5/concentrated,0,update,0,0.0,0,0.0,0,0,nan,0,nan,400,400,0.9320186999975704,400,51200,51200,51200,13107200,0.0,0,0,0,"{""0.1"": 0, ""0.2"": 0, ""0.5"": 0, ""1.0"": 0, ""2.0"": 0}",0.019320927266459176,0.1268425478785988,1.0,0.0,1,0,0
paper-2,paper,2.0,LBQCD-D11-heavy-t5,control-heavy-tail,concentrated,LBQCD-D11-heavy-t5/concentrated,1,update,0,0.0,0,0.0,0,0,nan,0,nan,400,400,0.7373826999973971,400,51200,51200,51200,13107200,0.0,0,0,0,"{""0.1"": 0, ""0.2"": 0, ""0.5"": 0, ""1.0"": 0, ""2.0"": 0}",0.006467127759599123,0.08256998949240486,1.0,0.0,1,0,0
paper-2,paper,2.0,LBQCD-D11-heavy-t5,control-heavy-tail,concentrated,LBQCD-D11-heavy-t5/concentrated,2,update,0,0.0,0,0.0,0,0,nan,0,nan,400,400,0.9654869999940274,400,51200,51200,51200,13107200,0.0,0,0,0,"{""0.1"": 0, ""0.2"": 0, ""0.5"": 0, ""1.0"": 0, ""2.0"": 0}",0.00879599390058261,0.12952568512986437,1.0,0.0,1,0,0
paper-4,paper,4.0,LBQCD-D11-heavy-t5,control-heavy-tail,concentrated,LBQCD-D11-heavy-t5/concentrated,0,update,0,0.0,0,0.0,0,0,nan,0,nan,400,400,1.039317899994785,400,51200,51200,51200,13107200,0.0,0,0,0,"{""0.1"": 0, ""0.2"": 0, ""0.5"": 0, ""1.0"": 0, ""2.0"": 0}",0.018503144417332917,0.09522806053674372,1.0,0.0,1,0,0
paper-4,paper,4.0,LBQCD-D11-heavy-t5,control-heavy-tail,concentrated,LBQCD-D11-heavy-t5/concentrated,1,update,0,0.0,0,0.0,0,0,nan,0,nan,400,400,0.9466664999927161,400,51200,51200,51200,13107200,0.0,0,0,0,"{""0.1"": 0, ""0.2"": 0, ""0.5"": 0, ""1.0"": 0, ""2.0"": 0}",0.014809332669195152,0.14346429263242547,1.0,0.0,1,0,0
paper-4,paper,4.0,LBQCD-D11-heavy-t5,control-heavy-tail,concentrated,LBQCD-D11-heavy-t5/concentrated,2,update,0,0.0,0,0.0,0,0,nan,0,nan,400,400,0.7690907000069274,400,51200,51200,51200,13107200,0.0,0,0,0,"{""0.1"": 0, ""0.2"": 0, ""0.5"": 0, ""1.0"": 0, ""2.0"": 0}",0.0294959166148141,0.2494940735814767,1.0,0.0,1,0,0
qld-v1,qld,0.5,LBQCD-D11-heavy-t5,control-heavy-tail,concentrated,LBQCD-D11-heavy-t5/concentrated,0,update,0,0.7,0,0.0,0,0,nan,0,nan,400,400,0.3972287999931723,400,51200,51200,51200,3932160,501760.0,0,0,0,"{""0.1"": 0, ""0.2"": 0, ""0.5"": 0, ""1.0"": 0, ""2.0"": 0}",0.014203402425411626,0.051385957243246565,1.0,0.0,1,0,0
qld-v1,qld,0.5,LBQCD-D11-heavy-t5,control-heavy-tail,concentrated,LBQCD-D11-heavy-t5/concentrated,1,update,0,0.7,0,0.0,0,0,nan,0,nan,400,400,0.306290499996976,400,51200,51200,51200,3932160,501760.0,0,0,0,"{""0.1"": 0, ""0.2"": 0, ""0.5"": 0, ""1.0"": 0, ""2.0"": 0}",0.003115772906914005,0.058144775076870166,1.0,0.0,1,0,0
qld-v1,qld,0.5,LBQCD-D11-heavy-t5,control-heavy-tail,concentrated,LBQCD-D11-heavy-t5/concentrated,2,update,0,0.7,0,0.0,0,0,nan,0,nan,400,400,0.39096109999809414,400,51200,51200,51200,3932160,501760.0,0,0,0,"{""0.1"": 0, ""0.2"": 0, ""0.5"": 0, ""1.0"": 0, ""2.0"": 0}",0.006478972277704553,0.03692697885740817,1.0,0.0,1,0,0
rsr-M1024-f0.70-u,rsr,0.5,LBQCD-D11-heavy-t5,control-heavy-tail,concentrated,LBQCD-D11-heavy-t5/concentrated,0,update,1024,0.7,0,0.0,0,0,nan,0,nan,400,400,1.2934377000055974,4600,588800,302080,302080,3932160,5734400.0,0,0,0,"{""0.1"": 0, ""0.2"": 0, ""0.5"": 0, ""1.0"": 0, ""2.0"": 0}",0.018173607209895914,0.04489148027592443,1.0,0.0,1,0,0
rsr-M1024-f0.70-u,rsr,0.5,LBQCD-D11-heavy-t5,control-heavy-tail,concentrated,LBQCD-D11-heavy-t5/concentrated,1,update,1024,0.7,0,0.0,0,0,nan,0,nan,400,400,1.4756518000067445,4600,588800,302080,302080,3932160,5734400.0,0,0,0,"{""0.1"": 0, ""0.2"": 0, ""0.5"": 0, ""1.0"": 0, ""2.0"": 0}",0.004330550234716846,0.07043062858153311,1.0,0.0,1,0,0
rsr-M1024-f0.70-u,rsr,0.5,LBQCD-D11-heavy-t5,control-heavy-tail,concentrated,LBQCD-D11-heavy-t5/concentrated,2,update,1024,0.7,0,0.0,0,0,nan,0,nan,400,400,1.3898705000028713,4600,588800,302080,302080,3932160,5734400.0,0,0,0,"{""0.1"": 0, ""0.2"": 0, ""0.5"": 0, ""1.0"": 0, ""2.0"": 0}",0.007347322974961656,0.04612459985608303,1.0,0.0,1,0,0
gated-M1024-f0.70-u,gated,0.5,LBQCD-D11-heavy-t5,control-heavy-tail,missing,LBQCD-D11-heavy-t5/missing,0,update,1024,0.7,0,0.0,4096,0,128.0,0,0.0,400,400,0.35006839998823125,400,51200,51200,51200,3932160,501760.0,0,0,0,"{""0.1"": 0, ""0.2"": 0, ""0.5"": 0, ""1.0"": 0, ""2.0"": 0}",0.005511017018168252,0.05023522817901599,1.0,0.0,1,0,0
gated-M1024-f0.70-u,gated,0.5,LBQCD-D11-heavy-t5,control-heavy-tail,missing,LBQCD-D11-heavy-t5/missing,1,update,1024,0.7,0,0.0,4096,0,128.0,0,0.0,400,400,0.4233177000132855,400,51200,51200,51200,3932160,501760.0,0,0,0,"{""0.1"": 0, ""0.2"": 0, ""0.5"": 0, ""1.0"": 0, ""2.0"": 0}",0.003442681707254147,0.048513316271181064,1.0,0.0,1,0,0
gated-M1024-f0.70-u,gated,0.5,LBQCD-D11-heavy-t5,control-heavy-tail,missing,LBQCD-D11-heavy-t5/missing,2,update,1024,0.7,0,0.0,4096,0,128.0,0,0.0,400,400,0.38099269999656826,400,51200,51200,51200,3932160,501760.0,0,0,0,"{""0.1"": 0, ""0.2"": 0, ""0.5"": 0, ""1.0"": 0, ""2.0"": 0}",0.006177117173516988,0.06080573379111805,1.0,0.0,1,0,0
gated-align-M1024-f0.70-u,gated-align,0.5,LBQCD-D11-heavy-t5,control-heavy-tail,missing,LBQCD-D11-heavy-t5/missing,0,update,1024,0.7,0,0.0,4096,0,128.0,0,0.0,400,400,0.42232509999303147,400,51200,51200,51200,3932160,501760.0,3,491520,384,"{""0.1"": 0, ""0.2"": 0, ""0.5"": 3, ""1.0"": 0, ""2.0"": 0}",0.005511017018168252,0.05023522817901599,1.0,0.0,1,0,0
gated-align-M1024-f0.70-u,gated-align,0.5,LBQCD-D11-heavy-t5,control-heavy-tail,missing,LBQCD-D11-heavy-t5/missing,1,update,1024,0.7,0,0.0,4096,0,128.0,0,0.0,400,400,0.4049568000045838,400,51200,51200,51200,3932160,501760.0,3,491520,384,"{""0.1"": 0, ""0.2"": 0, ""0.5"": 2, ""1.0"": 1, ""2.0"": 0}",0.0035011620724207937,0.049135233718946014,1.0,0.0,1,0,0
gated-align-M1024-f0.70-u,gated-align,0.5,LBQCD-D11-heavy-t5,control-heavy-tail,missing,LBQCD-D11-heavy-t5/missing,2,update,1024,0.7,0,0.0,4096,0,128.0,0,0.0,400,400,0.39618540000810754,400,51200,51200,51200,3932160,501760.0,3,491520,384,"{""0.1"": 0, ""0.2"": 1, ""0.5"": 0, ""1.0"": 2, ""2.0"": 0}",0.005572447030066874,0.06690601986290012,1.0,0.0,1,0,0
lbqcd-align-M1024-f0.70-u,align,0.5,LBQCD-D11-heavy-t5,control-heavy-tail,missing,LBQCD-D11-heavy-t5/missing,0,update,1024,0.7,0,0.0,0,0,nan,0,nan,400,400,1.3661412999936147,4600,588800,302080,302080,3932160,5734400.0,3,491520,384,"{""0.1"": 0, ""0.2"": 1, ""0.5"": 2, ""1.0"": 0, ""2.0"": 0}",0.006284069024802275,0.03904658153098983,1.0,0.0,1,0,0
lbqcd-align-M1024-f0.70-u,align,0.5,LBQCD-D11-heavy-t5,control-heavy-tail,missing,LBQCD-D11-heavy-t5/missing,1,update,1024,0.7,0,0.0,0,0,nan,0,nan,400,400,1.4732972999918275,4600,588800,302080,302080,3932160,5734400.0,3,491520,384,"{""0.1"": 0, ""0.2"": 0, ""0.5"": 3, ""1.0"": 0, ""2.0"": 0}",0.001572954106652702,0.03729163203497606,1.0,0.0,1,0,0
lbqcd-align-M1024-f0.70-u,align,0.5,LBQCD-D11-heavy-t5,control-heavy-tail,missing,LBQCD-D11-heavy-t5/missing,2,update,1024,0.7,0,0.0,0,0,nan,0,nan,400,400,1.45859159999236,4600,588800,302080,302080,3932160,5734400.0,3,491520,384,"{""0.1"": 0, ""0.2"": 0, ""0.5"": 1, ""1.0"": 2, ""2.0"": 0}",0.012500766332387059,0.08334800821169347,1.0,0.0,1,0,0
paper-0.2,paper,0.2,LBQCD-D11-heavy-t5,control-heavy-tail,missing,LBQCD-D11-heavy-t5/missing,0,update,0,0.0,0,0.0,0,0,nan,0,nan,400,400,0.9216619999933755,400,51200,51200,51200,13107200,0.0,0,0,0,"{""0.1"": 0, ""0.2"": 0, ""0.5"": 0, ""1.0"": 0, ""2.0"": 0}",0.00493420706473624,0.04647506631475994,1.0,0.0,1,0,0
paper-0.2,paper,0.2,LBQCD-D11-heavy-t5,control-heavy-tail,missing,LBQCD-D11-heavy-t5/missing,1,update,0,0.0,0,0.0,0,0,nan,0,nan,400,400,0.7523313000128837,400,51200,51200,51200,13107200,0.0,0,0,0,"{""0.1"": 0, ""0.2"": 0, ""0.5"": 0, ""1.0"": 0, ""2.0"": 0}",0.004461819346003981,0.04563192683227615,1.0,0.0,1,0,0
paper-0.2,paper,0.2,LBQCD-D11-heavy-t5,control-heavy-tail,missing,LBQCD-D11-heavy-t5/missing,2,update,0,0.0,0,0.0,0,0,nan,0,nan,400,400,0.7125853999896208,400,51200,51200,51200,13107200,0.0,0,0,0,"{""0.1"": 0, ""0.2"": 0, ""0.5"": 0, ""1.0"": 0, ""2.0"": 0}",0.010496871166721267,0.10126481396317422,1.0,0.0,1,0,0
paper-0.5,paper,0.5,LBQCD-D11-heavy-t5,control-heavy-tail,missing,LBQCD-D11-heavy-t5/missing,0,update,0,0.0,0,0.0,0,0,nan,0,nan,400,400,0.7679474000033224,400,51200,51200,51200,13107200,0.0,0,0,0,"{""0.1"": 0, ""0.2"": 0, ""0.5"": 0, ""1.0"": 0, ""2.0"": 0}",0.0049707366817304255,0.04914608766725788,1.0,0.0,1,0,0
paper-0.5,paper,0.5,LBQCD-D11-heavy-t5,control-heavy-tail,missing,LBQCD-D11-heavy-t5/missing,1,update,0,0.0,0,0.0,0,0,nan,0,nan,400,400,0.8339728999999352,400,51200,51200,51200,13107200,0.0,0,0,0,"{""0.1"": 0, ""0.2"": 0, ""0.5"": 0, ""1.0"": 0, ""2.0"": 0}",0.004377474283890681,0.058666453268731024,1.0,0.0,1,0,0
paper-0.5,paper,0.5,LBQCD-D11-heavy-t5,control-heavy-tail,missing,LBQCD-D11-heavy-t5/missing,2,update,0,0.0,0,0.0,0,0,nan,0,nan,400,400,0.7796429000009084,400,51200,51200,51200,13107200,0.0,0,0,0,"{""0.1"": 0, ""0.2"": 0, ""0.5"": 0, ""1.0"": 0, ""2.0"": 0}",0.007507694829481437,0.08564299726755374,1.0,0.0,1,0,0
paper-1,paper,1.0,LBQCD-D11-heavy-t5,control-heavy-tail,missing,LBQCD-D11-heavy-t5/missing,0,update,0,0.0,0,0.0,0,0,nan,0,nan,400,400,0.821889500002726,400,51200,51200,51200,13107200,0.0,0,0,0,"{""0.1"": 0, ""0.2"": 0, ""0.5"": 0, ""1.0"": 0, ""2.0"": 0}",0.008037328400023913,0.0729349614732005,1.0,0.0,1,0,0
paper-1,paper,1.0,LBQCD-D11-heavy-t5,control-heavy-tail,missing,LBQCD-D11-heavy-t5/missing,1,update,0,0.0,0,0.0,0,0,nan,0,nan,400,400,0.9891819000040414,400,51200,51200,51200,13107200,0.0,0,0,0,"{""0.1"": 0, ""0.2"": 0, ""0.5"": 0, ""1.0"": 0, ""2.0"": 0}",0.003883540691270504,0.06665579726815236,1.0,0.0,1,0,0
paper-1,paper,1.0,LBQCD-D11-heavy-t5,control-heavy-tail,missing,LBQCD-D11-heavy-t5/missing,2,update,0,0.0,0,0.0,0,0,nan,0,nan,400,400,0.8999777999997605,400,51200,51200,51200,13107200,0.0,0,0,0,"{""0.1"": 0, ""0.2"": 0, ""0.5"": 0, ""1.0"": 0, ""2.0"": 0}",0.005625387499316403,0.09000663258342345,1.0,0.0,1,0,0
paper-2,paper,2.0,LBQCD-D11-heavy-t5,control-heavy-tail,missing,LBQCD-D11-heavy-t5/missing,0,update,0,0.0,0,0.0,0,0,nan,0,nan,400,400,0.9937128000019584,400,51200,51200,51200,13107200,0.0,0,0,0,"{""0.1"": 0, ""0.2"": 0, ""0.5"": 0, ""1.0"": 0, ""2.0"": 0}",0.010511273066008409,0.08426383949316149,1.0,0.0,1,0,0
paper-2,paper,2.0,LBQCD-D11-heavy-t5,control-heavy-tail,missing,LBQCD-D11-heavy-t5/missing,1,update,0,0.0,0,0.0,0,0,nan,0,nan,400,400,0.8053990999906091,400,51200,51200,51200,13107200,0.0,0,0,0,"{""0.1"": 0, ""0.2"": 0, ""0.5"": 0, ""1.0"": 0, ""2.0"": 0}",0.0036681751158091913,0.08207037920104611,1.0,0.0,1,0,0
paper-2,paper,2.0,LBQCD-D11-heavy-t5,control-heavy-tail,missing,LBQCD-D11-heavy-t5/missing,2,update,0,0.0,0,0.0,0,0,nan,0,nan,400,400,0.6111624000041047,400,51200,51200,51200,13107200,0.0,0,0,0,"{""0.1"": 0, ""0.2"": 0, ""0.5"": 0, ""1.0"": 0, ""2.0"": 0}",0.006894209392398043,0.10130415429602399,1.0,0.0,1,0,0
paper-4,paper,4.0,LBQCD-D11-heavy-t5,control-heavy-tail,missing,LBQCD-D11-heavy-t5/missing,0,update,0,0.0,0,0.0,0,0,nan,0,nan,400,400,0.7687666999991052,400,51200,51200,51200,13107200,0.0,0,0,0,"{""0.1"": 0, ""0.2"": 0, ""0.5"": 0, ""1.0"": 0, ""2.0"": 0}",0.012905198177890043,0.10098682621806775,1.0,0.0,1,0,0
paper-4,paper,4.0,LBQCD-D11-heavy-t5,control-heavy-tail,missing,LBQCD-D11-heavy-t5/missing,1,update,0,0.0,0,0.0,0,0,nan,0,nan,400,400,0.8483044000022346,400,51200,51200,51200,13107200,0.0,0,0,0,"{""0.1"": 0, ""0.2"": 0, ""0.5"": 0, ""1.0"": 0, ""2.0"": 0}",0.011134302188202216,0.14933486651567182,1.0,0.0,1,0,0
paper-4,paper,4.0,LBQCD-D11-heavy-t5,control-heavy-tail,missing,LBQCD-D11-heavy-t5/missing,2,update,0,0.0,0,0.0,0,0,nan,0,nan,400,400,0.8482442999957129,400,51200,51200,51200,13107200,0.0,0,0,0,"{""0.1"": 0, ""0.2"": 0, ""0.5"": 0, ""1.0"": 0, ""2.0"": 0}",0.014031110220967147,0.14525047180879003,1.0,0.0,1,0,0
qld-v1,qld,0.5,LBQCD-D11-heavy-t5,control-heavy-tail,missing,LBQCD-D11-heavy-t5/missing,0,update,0,0.7,0,0.0,0,0,nan,0,nan,400,400,0.4354410999949323,400,51200,51200,51200,3932160,501760.0,0,0,0,"{""0.1"": 0, ""0.2"": 0, ""0.5"": 0, ""1.0"": 0, ""2.0"": 0}",0.005511017018168252,0.05023522817901599,1.0,0.0,1,0,0
qld-v1,qld,0.5,LBQCD-D11-heavy-t5,control-heavy-tail,missing,LBQCD-D11-heavy-t5/missing,1,update,0,0.7,0,0.0,0,0,nan,0,nan,400,400,0.3835660999902757,400,51200,51200,51200,3932160,501760.0,0,0,0,"{""0.1"": 0, ""0.2"": 0, ""0.5"": 0, ""1.0"": 0, ""2.0"": 0}",0.003442681707254147,0.048513316271181064,1.0,0.0,1,0,0
qld-v1,qld,0.5,LBQCD-D11-heavy-t5,control-heavy-tail,missing,LBQCD-D11-heavy-t5/missing,2,update,0,0.7,0,0.0,0,0,nan,0,nan,400,400,0.3973363999975845,400,51200,51200,51200,3932160,501760.0,0,0,0,"{""0.1"": 0, ""0.2"": 0, ""0.5"": 0, ""1.0"": 0, ""2.0"": 0}",0.006177117173516988,0.06080573379111805,1.0,0.0,1,0,0
rsr-M1024-f0.70-u,rsr,0.5,LBQCD-D11-heavy-t5,control-heavy-tail,missing,LBQCD-D11-heavy-t5/missing,0,update,1024,0.7,0,0.0,0,0,nan,0,nan,400,400,1.4086398000072222,4600,588800,302080,302080,3932160,5734400.0,0,0,0,"{""0.1"": 0, ""0.2"": 0, ""0.5"": 0, ""1.0"": 0, ""2.0"": 0}",0.00734343412002092,0.048826172088714315,1.0,0.0,1,0,0
rsr-M1024-f0.70-u,rsr,0.5,LBQCD-D11-heavy-t5,control-heavy-tail,missing,LBQCD-D11-heavy-t5/missing,1,update,1024,0.7,0,0.0,0,0,nan,0,nan,400,400,1.4586632000136888,4600,588800,302080,302080,3932160,5734400.0,0,0,0,"{""0.1"": 0, ""0.2"": 0, ""0.5"": 0, ""1.0"": 0, ""2.0"": 0}",0.001572954106652702,0.03729163203497606,1.0,0.0,1,0,0
rsr-M1024-f0.70-u,rsr,0.5,LBQCD-D11-heavy-t5,control-heavy-tail,missing,LBQCD-D11-heavy-t5/missing,2,update,1024,0.7,0,0.0,0,0,nan,0,nan,400,400,1.1835862000007182,4600,588800,302080,302080,3932160,5734400.0,0,0,0,"{""0.1"": 0, ""0.2"": 0, ""0.5"": 0, ""1.0"": 0, ""2.0"": 0}",0.010731607163732448,0.07655002721542004,1.0,0.0,1,0,0
gated-M1024-f0.70-u,gated,0.5,LBQCD-D12-connected-normal,control-connected,concentrated,LBQCD-D12-connected-normal/concentrated,0,update,1024,0.7,0,0.0,4096,0,128.0,0,0.0,400,400,0.3179474999924423,400,51200,51200,51200,3932160,501760.0,0,0,0,"{""0.1"": 0, ""0.2"": 0, ""0.5"": 0, ""1.0"": 0, ""2.0"": 0}",0.003789460425047464,0.03746931850138009,1.0,0.0,1,0,0
gated-M1024-f0.70-u,gated,0.5,LBQCD-D12-connected-normal,control-connected,concentrated,LBQCD-D12-connected-normal/concentrated,1,update,1024,0.7,0,0.0,4096,0,128.0,0,0.0,400,400,0.38216360000660643,400,51200,51200,51200,3932160,501760.0,0,0,0,"{""0.1"": 0, ""0.2"": 0, ""0.5"": 0, ""1.0"": 0, ""2.0"": 0}",0.006393169188756431,0.04852995281202067,1.0,0.0,1,0,0
gated-M1024-f0.70-u,gated,0.5,LBQCD-D12-connected-normal,control-connected,concentrated,LBQCD-D12-connected-normal/concentrated,2,update,1024,0.7,0,0.0,4096,0,128.0,0,0.0,400,400,0.3847148999921046,400,51200,51200,51200,3932160,501760.0,0,0,0,"{""0.1"": 0, ""0.2"": 0, ""0.5"": 0, ""1.0"": 0, ""2.0"": 0}",0.010538931462236834,0.09724491426955074,1.0,0.0,1,0,0
gated-align-M1024-f0.70-u,gated-align,0.5,LBQCD-D12-connected-normal,control-connected,concentrated,LBQCD-D12-connected-normal/concentrated,0,update,1024,0.7,0,0.0,4096,0,128.0,0,0.0,400,400,0.43970900001295377,400,51200,51200,51200,3932160,501760.0,3,491520,384,"{""0.1"": 0, ""0.2"": 0, ""0.5"": 2, ""1.0"": 1, ""2.0"": 0}",0.003855656015912645,0.0380078927796916,1.0,0.0,1,0,0
gated-align-M1024-f0.70-u,gated-align,0.5,LBQCD-D12-connected-normal,control-connected,concentrated,LBQCD-D12-connected-normal/concentrated,1,update,1024,0.7,0,0.0,4096,0,128.0,0,0.0,400,400,0.3495748999994248,400,51200,51200,51200,3932160,501760.0,3,491520,384,"{""0.1"": 0, ""0.2"": 0, ""0.5"": 2, ""1.0"": 1, ""2.0"": 0}",0.00735091638430152,0.052652693366405455,1.0,0.0,1,0,0
gated-align-M1024-f0.70-u,gated-align,0.5,LBQCD-D12-connected-normal,control-connected,concentrated,LBQCD-D12-connected-normal/concentrated,2,update,1024,0.7,0,0.0,4096,0,128.0,0,0.0,400,400,0.3158597000001464,400,51200,51200,51200,3932160,501760.0,3,491520,384,"{""0.1"": 0, ""0.2"": 0, ""0.5"": 3, ""1.0"": 0, ""2.0"": 0}",0.010538931462236834,0.09724491426955074,1.0,0.0,1,0,0
lbqcd-align-M1024-f0.70-u,align,0.5,LBQCD-D12-connected-normal,control-connected,concentrated,LBQCD-D12-connected-normal/concentrated,0,update,1024,0.7,0,0.0,0,0,nan,0,nan,400,400,1.2320899999904213,4600,588800,302080,302080,3932160,5734400.0,3,491520,384,"{""0.1"": 0, ""0.2"": 0, ""0.5"": 3, ""1.0"": 0, ""2.0"": 0}",0.006959443484924721,0.05810681859817559,1.0,0.0,1,0,0
lbqcd-align-M1024-f0.70-u,align,0.5,LBQCD-D12-connected-normal,control-connected,concentrated,LBQCD-D12-connected-normal/concentrated,1,update,1024,0.7,0,0.0,0,0,nan,0,nan,400,400,1.2927922999951988,4600,588800,302080,302080,3932160,5734400.0,3,491520,384,"{""0.1"": 0, ""0.2"": 0, ""0.5"": 2, ""1.0"": 1, ""2.0"": 0}",0.0042820090504371855,0.04066787094139963,1.0,0.0,1,0,0
lbqcd-align-M1024-f0.70-u,align,0.5,LBQCD-D12-connected-normal,control-connected,concentrated,LBQCD-D12-connected-normal/concentrated,2,update,1024,0.7,0,0.0,0,0,nan,0,nan,400,400,1.1976067000068724,4600,588800,302080,302080,3932160,5734400.0,3,491520,384,"{""0.1"": 0, ""0.2"": 0, ""0.5"": 2, ""1.0"": 1, ""2.0"": 0}",0.0018112754972672285,0.05172824889670124,1.0,0.0,1,0,0
paper-0.2,paper,0.2,LBQCD-D12-connected-normal,control-connected,concentrated,LBQCD-D12-connected-normal/concentrated,0,update,0,0.0,0,0.0,0,0,nan,0,nan,400,400,0.9700169999996433,400,51200,51200,51200,13107200,0.0,0,0,0,"{""0.1"": 0, ""0.2"": 0, ""0.5"": 0, ""1.0"": 0, ""2.0"": 0}",0.00791797697645058,0.07076641041032768,1.0,0.0,1,0,0
paper-0.2,paper,0.2,LBQCD-D12-connected-normal,control-connected,concentrated,LBQCD-D12-connected-normal/concentrated,1,update,0,0.0,0,0.0,0,0,nan,0,nan,400,400,0.6953980999969644,400,51200,51200,51200,13107200,0.0,0,0,0,"{""0.1"": 0, ""0.2"": 0, ""0.5"": 0, ""1.0"": 0, ""2.0"": 0}",0.007044588634865345,0.06532960978722778,1.0,0.0,1,0,0
paper-0.2,paper,0.2,LBQCD-D12-connected-normal,control-connected,concentrated,LBQCD-D12-connected-normal/concentrated,2,update,0,0.0,0,0.0,0,0,nan,0,nan,400,400,0.7379330999974627,400,51200,51200,51200,13107200,0.0,0,0,0,"{""0.1"": 0, ""0.2"": 0, ""0.5"": 0, ""1.0"": 0, ""2.0"": 0}",0.015498945349883275,0.1357679111509257,1.0,0.0,1,0,0
paper-0.5,paper,0.5,LBQCD-D12-connected-normal,control-connected,concentrated,LBQCD-D12-connected-normal/concentrated,0,update,0,0.0,0,0.0,0,0,nan,0,nan,400,400,1.0297809999901801,400,51200,51200,51200,13107200,0.0,0,0,0,"{""0.1"": 0, ""0.2"": 0, ""0.5"": 0, ""1.0"": 0, ""2.0"": 0}",0.004454982439528576,0.048262786966949266,1.0,0.0,1,0,0
paper-0.5,paper,0.5,LBQCD-D12-connected-normal,control-connected,concentrated,LBQCD-D12-connected-normal/concentrated,1,update,0,0.0,0,0.0,0,0,nan,0,nan,400,400,0.7807383999897866,400,51200,51200,51200,13107200,0.0,0,0,0,"{""0.1"": 0, ""0.2"": 0, ""0.5"": 0, ""1.0"": 0, ""2.0"": 0}",0.00820619910517939,0.08231286896577451,1.0,0.0,1,0,0
paper-0.5,paper,0.5,LBQCD-D12-connected-normal,control-connected,concentrated,LBQCD-D12-connected-normal/concentrated,2,update,0,0.0,0,0.0,0,0,nan,0,nan,400,400,0.7526626000035321,400,51200,51200,51200,13107200,0.0,0,0,0,"{""0.1"": 0, ""0.2"": 0, ""0.5"": 0, ""1.0"": 0, ""2.0"": 0}",0.014193435519432862,0.12437400210651815,1.0,0.0,1,0,0
paper-1,paper,1.0,LBQCD-D12-connected-normal,control-connected,concentrated,LBQCD-D12-connected-normal/concentrated,0,update,0,0.0,0,0.0,0,0,nan,0,nan,400,400,0.819452600000659,400,51200,51200,51200,13107200,0.0,0,0,0,"{""0.1"": 0, ""0.2"": 0, ""0.5"": 0, ""1.0"": 0, ""2.0"": 0}",0.0058234953497990904,0.0672012190513674,1.0,0.0,1,0,0
paper-1,paper,1.0,LBQCD-D12-connected-normal,control-connected,concentrated,LBQCD-D12-connected-normal/concentrated,1,update,0,0.0,0,0.0,0,0,nan,0,nan,400,400,0.8185611999942921,400,51200,51200,51200,13107200,0.0,0,0,0,"{""0.1"": 0, ""0.2"": 0, ""0.5"": 0, ""1.0"": 0, ""2.0"": 0}",0.00985635548490782,0.09233534325887943,1.0,0.0,1,0,0
paper-1,paper,1.0,LBQCD-D12-connected-normal,control-connected,concentrated,LBQCD-D12-connected-normal/concentrated,2,update,0,0.0,0,0.0,0,0,nan,0,nan,400,400,0.9624707000039052,400,51200,51200,51200,13107200,0.0,0,0,0,"{""0.1"": 0, ""0.2"": 0, ""0.5"": 0, ""1.0"": 0, ""2.0"": 0}",0.012716861982944305,0.11841352671758357,1.0,0.0,1,0,0
paper-2,paper,2.0,LBQCD-D12-connected-normal,control-connected,concentrated,LBQCD-D12-connected-normal/concentrated,0,update,0,0.0,0,0.0,0,0,nan,0,nan,400,400,0.9465308999933768,400,51200,51200,51200,13107200,0.0,0,0,0,"{""0.1"": 0, ""0.2"": 0, ""0.5"": 0, ""1.0"": 0, ""2.0"": 0}",0.0050148675534529286,0.08787251289983576,1.0,0.0,1,0,0
paper-2,paper,2.0,LBQCD-D12-connected-normal,control-connected,concentrated,LBQCD-D12-connected-normal/concentrated,1,update,0,0.0,0,0.0,0,0,nan,0,nan,400,400,0.8285520000063116,400,51200,51200,51200,13107200,0.0,0,0,0,"{""0.1"": 0, ""0.2"": 0, ""0.5"": 0, ""1.0"": 0, ""2.0"": 0}",0.01753465862166248,0.14703643173989198,1.0,0.0,1,0,0
paper-2,paper,2.0,LBQCD-D12-connected-normal,control-connected,concentrated,LBQCD-D12-connected-normal/concentrated,2,update,0,0.0,0,0.0,0,0,nan,0,nan,400,400,0.7729373999900417,400,51200,51200,51200,13107200,0.0,0,0,0,"{""0.1"": 0, ""0.2"": 0, ""0.5"": 0, ""1.0"": 0, ""2.0"": 0}",0.013189539985805965,0.10358542513184958,1.0,0.0,1,0,0
paper-4,paper,4.0,LBQCD-D12-connected-normal,control-connected,concentrated,LBQCD-D12-connected-normal/concentrated,0,update,0,0.0,0,0.0,0,0,nan,0,nan,400,400,0.9038372000068193,400,51200,51200,51200,13107200,0.0,0,0,0,"{""0.1"": 0, ""0.2"": 0, ""0.5"": 0, ""1.0"": 0, ""2.0"": 0}",0.010960373904597143,0.1499525240320675,1.0,0.0,1,0,0
paper-4,paper,4.0,LBQCD-D12-connected-normal,control-connected,concentrated,LBQCD-D12-connected-normal/concentrated,1,update,0,0.0,0,0.0,0,0,nan,0,nan,400,400,0.9844619000068633,400,51200,51200,51200,13107200,0.0,0,0,0,"{""0.1"": 0, ""0.2"": 0, ""0.5"": 0, ""1.0"": 0, ""2.0"": 0}",0.019992358114978348,0.16581424334838465,1.0,0.0,1,0,0
paper-4,paper,4.0,LBQCD-D12-connected-normal,control-connected,concentrated,LBQCD-D12-connected-normal/concentrated,2,update,0,0.0,0,0.0,0,0,nan,0,nan,400,400,0.7647477999998955,400,51200,51200,51200,13107200,0.0,0,0,0,"{""0.1"": 0, ""0.2"": 0, ""0.5"": 0, ""1.0"": 0, ""2.0"": 0}",0.026163814826642096,0.16360797827359397,1.0,0.0,1,0,0
qld-v1,qld,0.5,LBQCD-D12-connected-normal,control-connected,concentrated,LBQCD-D12-connected-normal/concentrated,0,update,0,0.7,0,0.0,0,0,nan,0,nan,400,400,0.3007421000074828,400,51200,51200,51200,3932160,501760.0,0,0,0,"{""0.1"": 0, ""0.2"": 0, ""0.5"": 0, ""1.0"": 0, ""2.0"": 0}",0.003789460425047464,0.03746931850138009,1.0,0.0,1,0,0
qld-v1,qld,0.5,LBQCD-D12-connected-normal,control-connected,concentrated,LBQCD-D12-connected-normal/concentrated,1,update,0,0.7,0,0.0,0,0,nan,0,nan,400,400,0.36390060000121593,400,51200,51200,51200,3932160,501760.0,0,0,0,"{""0.1"": 0, ""0.2"": 0, ""0.5"": 0, ""1.0"": 0, ""2.0"": 0}",0.006393169188756431,0.04852995281202067,1.0,0.0,1,0,0
qld-v1,qld,0.5,LBQCD-D12-connected-normal,control-connected,concentrated,LBQCD-D12-connected-normal/concentrated,2,update,0,0.7,0,0.0,0,0,nan,0,nan,400,400,0.4043107999896165,400,51200,51200,51200,3932160,501760.0,0,0,0,"{""0.1"": 0, ""0.2"": 0, ""0.5"": 0, ""1.0"": 0, ""2.0"": 0}",0.010538931462236834,0.09724491426955074,1.0,0.0,1,0,0
rsr-M1024-f0.70-u,rsr,0.5,LBQCD-D12-connected-normal,control-connected,concentrated,LBQCD-D12-connected-normal/concentrated,0,update,1024,0.7,0,0.0,0,0,nan,0,nan,400,400,1.29295540000021,4600,588800,302080,302080,3932160,5734400.0,0,0,0,"{""0.1"": 0, ""0.2"": 0, ""0.5"": 0, ""1.0"": 0, ""2.0"": 0}",0.006959443484924721,0.05810681859817559,1.0,0.0,1,0,0
rsr-M1024-f0.70-u,rsr,0.5,LBQCD-D12-connected-normal,control-connected,concentrated,LBQCD-D12-connected-normal/concentrated,1,update,1024,0.7,0,0.0,0,0,nan,0,nan,400,400,1.2790128000051482,4600,588800,302080,302080,3932160,5734400.0,0,0,0,"{""0.1"": 0, ""0.2"": 0, ""0.5"": 0, ""1.0"": 0, ""2.0"": 0}",0.004555520636098542,0.04009389836439746,1.0,0.0,1,0,0
rsr-M1024-f0.70-u,rsr,0.5,LBQCD-D12-connected-normal,control-connected,concentrated,LBQCD-D12-connected-normal/concentrated,2,update,1024,0.7,0,0.0,0,0,nan,0,nan,400,400,1.3131983000057517,4600,588800,302080,302080,3932160,5734400.0,0,0,0,"{""0.1"": 0, ""0.2"": 0, ""0.5"": 0, ""1.0"": 0, ""2.0"": 0}",0.0017670875877244807,0.04942711279207622,1.0,0.0,1,0,0
gated-M1024-f0.70-u,gated,0.5,LBQCD-D12-connected-normal,control-connected,missing,LBQCD-D12-connected-normal/missing,0,update,1024,0.7,0,0.0,4096,0,128.0,0,0.0,400,400,0.4346841999940807,400,51200,51200,51200,3932160,501760.0,0,0,0,"{""0.1"": 0, ""0.2"": 0, ""0.5"": 0, ""1.0"": 0, ""2.0"": 0}",0.0049502012306874565,0.026815571066405496,1.0,0.0,1,0,0
gated-M1024-f0.70-u,gated,0.5,LBQCD-D12-connected-normal,control-connected,missing,LBQCD-D12-connected-normal/missing,1,update,1024,0.7,0,0.0,4096,0,128.0,0,0.0,400,400,0.47729190000973176,400,51200,51200,51200,3932160,501760.0,0,0,0,"{""0.1"": 0, ""0.2"": 0, ""0.5"": 0, ""1.0"": 0, ""2.0"": 0}",0.005812357555426084,0.05229606008316091,1.0,0.0,1,0,0
gated-M1024-f0.70-u,gated,0.5,LBQCD-D12-connected-normal,control-connected,missing,LBQCD-D12-connected-normal/missing,2,update,1024,0.7,0,0.0,4096,0,128.0,0,0.0,400,400,0.3582564999960596,400,51200,51200,51200,3932160,501760.0,0,0,0,"{""0.1"": 0, ""0.2"": 0, ""0.5"": 0, ""1.0"": 0, ""2.0"": 0}",0.003795319043102152,0.07863565110306626,1.0,0.0,1,0,0
gated-align-M1024-f0.70-u,gated-align,0.5,LBQCD-D12-connected-normal,control-connected,missing,LBQCD-D12-connected-normal/missing,0,update,1024,0.7,0,0.0,4096,0,128.0,0,0.0,400,400,0.45615019999968354,400,51200,51200,51200,3932160,501760.0,3,491520,384,"{""0.1"": 0, ""0.2"": 0, ""0.5"": 3, ""1.0"": 0, ""2.0"": 0}",0.0049502012306874565,0.026815571066405496,1.0,0.0,1,0,0
gated-align-M1024-f0.70-u,gated-align,0.5,LBQCD-D12-connected-normal,control-connected,missing,LBQCD-D12-connected-normal/missing,1,update,1024,0.7,0,0.0,4096,0,128.0,0,0.0,400,400,0.5090721000015037,400,51200,51200,51200,3932160,501760.0,3,491520,384,"{""0.1"": 0, ""0.2"": 1, ""0.5"": 2, ""1.0"": 0, ""2.0"": 0}",0.005790251312214556,0.07019007927318541,1.0,0.0,1,0,0
gated-align-M1024-f0.70-u,gated-align,0.5,LBQCD-D12-connected-normal,control-connected,missing,LBQCD-D12-connected-normal/missing,2,update,1024,0.7,0,0.0,4096,0,128.0,0,0.0,400,400,0.470839600006002,400,51200,51200,51200,3932160,501760.0,3,491520,384,"{""0.1"": 0, ""0.2"": 0, ""0.5"": 3, ""1.0"": 0, ""2.0"": 0}",0.003795319043102152,0.07863565110306626,1.0,0.0,1,0,0
lbqcd-align-M1024-f0.70-u,align,0.5,LBQCD-D12-connected-normal,control-connected,missing,LBQCD-D12-connected-normal/missing,0,update,1024,0.7,0,0.0,0,0,nan,0,nan,400,400,1.444711299991468,4600,588800,302080,302080,3932160,5734400.0,3,491520,384,"{""0.1"": 0, ""0.2"": 1, ""0.5"": 2, ""1.0"": 0, ""2.0"": 0}",0.005814960661620461,0.03285309492088122,1.0,0.0,1,0,0
lbqcd-align-M1024-f0.70-u,align,0.5,LBQCD-D12-connected-normal,control-connected,missing,LBQCD-D12-connected-normal/missing,1,update,1024,0.7,0,0.0,0,0,nan,0,nan,400,400,1.376552300003823,4600,588800,302080,302080,3932160,5734400.0,3,491520,384,"{""0.1"": 0, ""0.2"": 1, ""0.5"": 1, ""1.0"": 1, ""2.0"": 0}",0.00540770799181467,0.08931141033086819,1.0,0.0,1,0,0
lbqcd-align-M1024-f0.70-u,align,0.5,LBQCD-D12-connected-normal,control-connected,missing,LBQCD-D12-connected-normal/missing,2,update,1024,0.7,0,0.0,0,0,nan,0,nan,400,400,1.4247979000065243,4600,588800,302080,302080,3932160,5734400.0,3,491520,384,"{""0.1"": 0, ""0.2"": 0, ""0.5"": 3, ""1.0"": 0, ""2.0"": 0}",0.003020221022761893,0.05226853098629629,1.0,0.0,1,0,0
paper-0.2,paper,0.2,LBQCD-D12-connected-normal,control-connected,missing,LBQCD-D12-connected-normal/missing,0,update,0,0.0,0,0.0,0,0,nan,0,nan,400,400,0.962320799997542,400,51200,51200,51200,13107200,0.0,0,0,0,"{""0.1"": 0, ""0.2"": 0, ""0.5"": 0, ""1.0"": 0, ""2.0"": 0}",0.004856007635755777,0.03000442725158777,1.0,0.0,1,0,0
paper-0.2,paper,0.2,LBQCD-D12-connected-normal,control-connected,missing,LBQCD-D12-connected-normal/missing,1,update,0,0.0,0,0.0,0,0,nan,0,nan,400,400,0.7980795999901602,400,51200,51200,51200,13107200,0.0,0,0,0,"{""0.1"": 0, ""0.2"": 0, ""0.5"": 0, ""1.0"": 0, ""2.0"": 0}",0.004960341136188484,0.05222452408454182,1.0,0.0,1,0,0
paper-0.2,paper,0.2,LBQCD-D12-connected-normal,control-connected,missing,LBQCD-D12-connected-normal/missing,2,update,0,0.0,0,0.0,0,0,nan,0,nan,400,400,0.8051756999921054,400,51200,51200,51200,13107200,0.0,0,0,0,"{""0.1"": 0, ""0.2"": 0, ""0.5"": 0, ""1.0"": 0, ""2.0"": 0}",0.004515874253816499,0.06321339760713089,1.0,0.0,1,0,0
paper-0.5,paper,0.5,LBQCD-D12-connected-normal,control-connected,missing,LBQCD-D12-connected-normal/missing,0,update,0,0.0,0,0.0,0,0,nan,0,nan,400,400,0.6322728999948595,400,51200,51200,51200,13107200,0.0,0,0,0,"{""0.1"": 0, ""0.2"": 0, ""0.5"": 0, ""1.0"": 0, ""2.0"": 0}",0.0030003553200124156,0.04224858023994598,1.0,0.0,1,0,0
paper-0.5,paper,0.5,LBQCD-D12-connected-normal,control-connected,missing,LBQCD-D12-connected-normal/missing,1,update,0,0.0,0,0.0,0,0,nan,0,nan,400,400,0.7966658999939682,400,51200,51200,51200,13107200,0.0,0,0,0,"{""0.1"": 0, ""0.2"": 0, ""0.5"": 0, ""1.0"": 0, ""2.0"": 0}",0.007034032742406993,0.031103038492338607,1.0,0.0,1,0,0
paper-0.5,paper,0.5,LBQCD-D12-connected-normal,control-connected,missing,LBQCD-D12-connected-normal/missing,2,update,0,0.0,0,0.0,0,0,nan,0,nan,400,400,0.8802048000070499,400,51200,51200,51200,13107200,0.0,0,0,0,"{""0.1"": 0, ""0.2"": 0, ""0.5"": 0, ""1.0"": 0, ""2.0"": 0}",0.003103626926211467,0.0544515315019073,1.0,0.0,1,0,0
paper-1,paper,1.0,LBQCD-D12-connected-normal,control-connected,missing,LBQCD-D12-connected-normal/missing,0,update,0,0.0,0,0.0,0,0,nan,0,nan,400,400,1.0024453999940306,400,51200,51200,51200,13107200,0.0,0,0,0,"{""0.1"": 0, ""0.2"": 0, ""0.5"": 0, ""1.0"": 0, ""2.0"": 0}",0.004471085504249128,0.0631502137195567,1.0,0.0,1,0,0
paper-1,paper,1.0,LBQCD-D12-connected-normal,control-connected,missing,LBQCD-D12-connected-normal/missing,1,update,0,0.0,0,0.0,0,0,nan,0,nan,400,400,0.8339578000013717,400,51200,51200,51200,13107200,0.0,0,0,0,"{""0.1"": 0, ""0.2"": 0, ""0.5"": 0, ""1.0"": 0, ""2.0"": 0}",0.007336280340312085,0.0377542182535342,1.0,0.0,1,0,0
paper-1,paper,1.0,LBQCD-D12-connected-normal,control-connected,missing,LBQCD-D12-connected-normal/missing,2,update,0,0.0,0,0.0,0,0,nan,0,nan,400,400,1.0474833000043873,400,51200,51200,51200,13107200,0.0,0,0,0,"{""0.1"": 0, ""0.2"": 0, ""0.5"": 0, ""1.0"": 0, ""2.0"": 0}",0.003386129089726131,0.05037928096882157,1.0,0.0,1,0,0
paper-2,paper,2.0,LBQCD-D12-connected-normal,control-connected,missing,LBQCD-D12-connected-normal/missing,0,update,0,0.0,0,0.0,0,0,nan,0,nan,400,400,0.8823975999985123,400,51200,51200,51200,13107200,0.0,0,0,0,"{""0.1"": 0, ""0.2"": 0, ""0.5"": 0, ""1.0"": 0, ""2.0"": 0}",0.00537761046989349,0.07411085431316716,1.0,0.0,1,0,0
paper-2,paper,2.0,LBQCD-D12-connected-normal,control-connected,missing,LBQCD-D12-connected-normal/missing,1,update,0,0.0,0,0.0,0,0,nan,0,nan,400,400,0.9109320999996271,400,51200,51200,51200,13107200,0.0,0,0,0,"{""0.1"": 0, ""0.2"": 0, ""0.5"": 0, ""1.0"": 0, ""2.0"": 0}",0.007085016481104711,0.047716965621005254,1.0,0.0,1,0,0
paper-2,paper,2.0,LBQCD-D12-connected-normal,control-connected,missing,LBQCD-D12-connected-normal/missing,2,update,0,0.0,0,0.0,0,0,nan,0,nan,400,400,0.8006486000085715,400,51200,51200,51200,13107200,0.0,0,0,0,"{""0.1"": 0, ""0.2"": 0, ""0.5"": 0, ""1.0"": 0, ""2.0"": 0}",0.004130874537512819,0.05671691791159325,1.0,0.0,1,0,0
paper-4,paper,4.0,LBQCD-D12-connected-normal,control-connected,missing,LBQCD-D12-connected-normal/missing,0,update,0,0.0,0,0.0,0,0,nan,0,nan,400,400,0.8902210999949602,400,51200,51200,51200,13107200,0.0,0,0,0,"{""0.1"": 0, ""0.2"": 0, ""0.5"": 0, ""1.0"": 0, ""2.0"": 0}",0.006860257171374506,0.09038623195037654,1.0,0.0,1,0,0
paper-4,paper,4.0,LBQCD-D12-connected-normal,control-connected,missing,LBQCD-D12-connected-normal/missing,1,update,0,0.0,0,0.0,0,0,nan,0,nan,400,400,0.8538520000001881,400,51200,51200,51200,13107200,0.0,0,0,0,"{""0.1"": 0, ""0.2"": 0, ""0.5"": 0, ""1.0"": 0, ""2.0"": 0}",0.007955465993183752,0.08661020846642467,1.0,0.0,1,0,0
paper-4,paper,4.0,LBQCD-D12-connected-normal,control-connected,missing,LBQCD-D12-connected-normal/missing,2,update,0,0.0,0,0.0,0,0,nan,0,nan,400,400,1.0577905000100145,400,51200,51200,51200,13107200,0.0,0,0,0,"{""0.1"": 0, ""0.2"": 0, ""0.5"": 0, ""1.0"": 0, ""2.0"": 0}",0.007524273195837594,0.08006747039140746,1.0,0.0,1,0,0
qld-v1,qld,0.5,LBQCD-D12-connected-normal,control-connected,missing,LBQCD-D12-connected-normal/missing,0,update,0,0.7,0,0.0,0,0,nan,0,nan,400,400,0.38355820000288077,400,51200,51200,51200,3932160,501760.0,0,0,0,"{""0.1"": 0, ""0.2"": 0, ""0.5"": 0, ""1.0"": 0, ""2.0"": 0}",0.0049502012306874565,0.026815571066405496,1.0,0.0,1,0,0
qld-v1,qld,0.5,LBQCD-D12-connected-normal,control-connected,missing,LBQCD-D12-connected-normal/missing,1,update,0,0.7,0,0.0,0,0,nan,0,nan,400,400,0.45305480000388343,400,51200,51200,51200,3932160,501760.0,0,0,0,"{""0.1"": 0, ""0.2"": 0, ""0.5"": 0, ""1.0"": 0, ""2.0"": 0}",0.005812357555426084,0.05229606008316091,1.0,0.0,1,0,0
qld-v1,qld,0.5,LBQCD-D12-connected-normal,control-connected,missing,LBQCD-D12-connected-normal/missing,2,update,0,0.7,0,0.0,0,0,nan,0,nan,400,400,0.3673303000105079,400,51200,51200,51200,3932160,501760.0,0,0,0,"{""0.1"": 0, ""0.2"": 0, ""0.5"": 0, ""1.0"": 0, ""2.0"": 0}",0.003795319043102152,0.07863565110306626,1.0,0.0,1,0,0
rsr-M1024-f0.70-u,rsr,0.5,LBQCD-D12-connected-normal,control-connected,missing,LBQCD-D12-connected-normal/missing,0,update,1024,0.7,0,0.0,0,0,nan,0,nan,400,400,1.3874499999947147,4600,588800,302080,302080,3932160,5734400.0,0,0,0,"{""0.1"": 0, ""0.2"": 0, ""0.5"": 0, ""1.0"": 0, ""2.0"": 0}",0.0071591909095682915,0.03829849478381918,1.0,0.0,1,0,0
rsr-M1024-f0.70-u,rsr,0.5,LBQCD-D12-connected-normal,control-connected,missing,LBQCD-D12-connected-normal/missing,1,update,1024,0.7,0,0.0,0,0,nan,0,nan,400,400,1.5864299999957439,4600,588800,302080,302080,3932160,5734400.0,0,0,0,"{""0.1"": 0, ""0.2"": 0, ""0.5"": 0, ""1.0"": 0, ""2.0"": 0}",0.005909195514861798,0.0679688868400701,1.0,0.0,1,0,0
rsr-M1024-f0.70-u,rsr,0.5,LBQCD-D12-connected-normal,control-connected,missing,LBQCD-D12-connected-normal/missing,2,update,1024,0.7,0,0.0,0,0,nan,0,nan,400,400,1.4203550999955041,4600,588800,302080,302080,3932160,5734400.0,0,0,0,"{""0.1"": 0, ""0.2"": 0, ""0.5"": 0, ""1.0"": 0, ""2.0"": 0}",0.003020221022761893,0.05226853098629629,1.0,0.0,1,0,0
