arm,kind,target,family,dimension,replication,initialization,learning_rate_multiplier,learning_rate,ed2,heldout_sw1,training_quantile_rmse,output_rms,covariance_effective_rank,mode_coverage,mode_mass_error,rare_mass_error,completed_updates,unique_latent_samples,generator_example_evals_training,generator_forward_calls_training,unique_target_observations,target_example_accesses,projection_scalar_products,sort_work,paper_kernel_pairs,atlas_bytes,kll_serialized_bytes,diverged,wall_seconds,atlas_build_seconds,evaluation_generator_examples,model_parameters
paper-neural,neural,NPR-d2-balanced-gmm,balanced-gmm,2,0,concentrated,16.0,0.016,0.02095430486638583,0.10008607537424788,0.1702358023019594,0.991233229637146,1.1021572952585872,0.75,0.265625,nan,320,20480,20480,320,20480,20480,0,0.0,2621440,0,0,0,0.580121799997869,0.0,2048,4610
minibatch-sw,neural,NPR-d2-balanced-gmm,balanced-gmm,2,0,concentrated,16.0,0.016,0.0449196502249809,0.15813199545324869,0.2645608991344235,0.9794517755508423,1.0418291118545564,1.0,0.2783203125,nan,320,20480,20480,320,20480,20480,2621440,15728640.0,0,0,0,0,0.7512627999967663,0.0,2048,4610
exact-atlas-rsr,neural,NPR-d2-balanced-gmm,balanced-gmm,2,0,concentrated,32.0,0.032,0.07517949435995619,0.19331771248792376,0.2775042906689323,1.0300610065460205,1.061650101960499,0.5,0.5859375,nan,20,10240,20480,320,20480,20480,2621440,24670277.592530765,0,67584,0,0,0.30923640000401065,0.07532820000051288,2048,4610
kll-atlas-rsr,neural,NPR-d2-balanced-gmm,balanced-gmm,2,0,concentrated,32.0,0.032,0.0649126408920242,0.18029715440980457,0.2636244374945073,1.019317626953125,1.0645289732671641,0.5,0.57421875,nan,20,10240,20480,320,20480,20480,2621440,5898240.0,0,67584,98048,0,0.2504436000017449,0.0874824999991688,2048,4610
kll-small-rsr,neural,NPR-d2-balanced-gmm,balanced-gmm,2,0,concentrated,16.0,0.016,0.09080369059571036,0.20761764089493256,0.27497953438408984,0.8523749113082886,1.1915977294561242,0.75,0.404296875,nan,160,10240,20480,320,20480,20480,2621440,3932160.0,0,67584,98048,0,0.3968717999960063,0.0874824999991688,2048,4610
kll-paper-hybrid,neural,NPR-d2-balanced-gmm,balanced-gmm,2,0,concentrated,32.0,0.032,0.12060506848429964,0.26251104411565734,0.35059206924611863,1.119152307510376,1.0663707801846891,0.5,0.6513671875,nan,20,10240,20480,320,20480,30720,2621440,5898240.0,10485760,67584,98048,0,0.6837680000026012,0.0874824999991688,2048,4610
exact-free-particle-ceiling,free-particle-diagnostic,NPR-d2-balanced-gmm,balanced-gmm,2,0,concentrated,nan,nan,0.002747742222344751,0.04698534687129943,0.2042805520882123,0.9976759314797442,1.0759202369422292,1.0,0.16015625,nan,100,512,512,1,20480,20480,7864320,48263237.592530765,0,67584,0,0,0.1954016999952728,0.07532820000051288,0,0
paper-neural,neural,NPR-d2-balanced-gmm,balanced-gmm,2,0,broad,16.0,0.016,0.05411099658094165,0.13040531889090456,0.1703901544732346,0.9272919297218323,1.0414895613187571,1.0,0.1435546875,nan,320,20480,20480,320,20480,20480,0,0.0,2621440,0,0,0,0.6043206000031205,0.0,2048,4610
minibatch-sw,neural,NPR-d2-balanced-gmm,balanced-gmm,2,0,broad,16.0,0.016,0.0607529883925253,0.1841627115855184,0.2719996403565851,0.8570868372917175,1.0694651030304858,1.0,0.42578125,nan,320,20480,20480,320,20480,20480,2621440,15728640.0,0,0,0,0,0.8800125000052503,0.0,2048,4610
exact-atlas-rsr,neural,NPR-d2-balanced-gmm,balanced-gmm,2,0,broad,32.0,0.032,0.08761522350554851,0.2415235716906626,0.3380387200988276,1.1740041971206665,1.039912769167719,0.75,0.4326171875,nan,20,10240,20480,320,20480,20480,2621440,24670277.592530765,0,67584,0,0,0.22613209999690298,0.07532820000051288,2048,4610
kll-atlas-rsr,neural,NPR-d2-balanced-gmm,balanced-gmm,2,0,broad,32.0,0.032,0.07239500000397636,0.2243576251386332,0.321905437486117,1.162657380104065,1.0470658789420855,1.0,0.4033203125,nan,20,10240,20480,320,20480,20480,2621440,5898240.0,0,67584,98048,0,0.27099870000529336,0.0874824999991688,2048,4610
kll-small-rsr,neural,NPR-d2-balanced-gmm,balanced-gmm,2,0,broad,16.0,0.016,0.052266221724039275,0.1599103818444899,0.2345783780241125,0.9182948470115662,1.1388084076113951,0.75,0.3046875,nan,160,10240,20480,320,20480,20480,2621440,3932160.0,0,67584,98048,0,0.3921568000005209,0.0874824999991688,2048,4610
kll-paper-hybrid,neural,NPR-d2-balanced-gmm,balanced-gmm,2,0,broad,32.0,0.032,0.09945894528724275,0.22158116538097233,0.31049817305279076,0.8859501481056213,1.0124505929272813,0.75,0.5458984375,nan,20,10240,20480,320,20480,30720,2621440,5898240.0,10485760,67584,98048,0,0.7143739999955869,0.0874824999991688,2048,4610
exact-free-particle-ceiling,free-particle-diagnostic,NPR-d2-balanced-gmm,balanced-gmm,2,0,broad,nan,nan,0.0027365828933099134,0.04691949962696352,0.2040441152816255,0.997678227685565,1.0757579830289818,1.0,0.15234375,nan,100,512,512,1,20480,20480,7864320,48263237.592530765,0,67584,0,0,0.19509060000564205,0.07532820000051288,0,0
paper-neural,neural,NPR-d2-balanced-gmm,balanced-gmm,2,1,concentrated,16.0,0.016,0.019701468294114344,0.12229605761026184,0.32942049381029226,0.9114364981651306,1.0695158518026961,1.0,0.3037109375,nan,320,20480,20480,320,20480,20480,0,0.0,2621440,0,0,0,0.6262973999982933,0.0,2048,4610
minibatch-sw,neural,NPR-d2-balanced-gmm,balanced-gmm,2,1,concentrated,16.0,0.016,0.036330502289593225,0.1455692348150183,0.2555166781325025,1.0068150758743286,1.0719775098162663,0.75,0.3818359375,nan,320,20480,20480,320,20480,20480,2621440,15728640.0,0,0,0,0,0.9377457999944454,0.0,2048,4610
exact-atlas-rsr,neural,NPR-d2-balanced-gmm,balanced-gmm,2,1,concentrated,32.0,0.032,0.02155226082659545,0.1206082854627201,0.19783303111168243,0.9829400777816772,1.0631561862921663,1.0,0.20703125,nan,20,10240,20480,320,20480,20480,2621440,24670277.592530765,0,67584,0,0,0.22246829999494366,0.07430960000056075,2048,4610
kll-atlas-rsr,neural,NPR-d2-balanced-gmm,balanced-gmm,2,1,concentrated,32.0,0.032,0.03426021590121198,0.1415162294521474,0.2129946805566619,1.0347654819488525,1.0121079256761256,0.75,0.349609375,nan,20,10240,20480,320,20480,20480,2621440,5898240.0,0,67584,98048,0,0.2591074000010849,0.05777220000163652,2048,4610
kll-small-rsr,neural,NPR-d2-balanced-gmm,balanced-gmm,2,1,concentrated,16.0,0.016,0.028910056326118427,0.13402933503344777,0.19820786134912846,0.9154712557792664,1.1206386392001217,0.75,0.3798828125,nan,160,10240,20480,320,20480,20480,2621440,3932160.0,0,67584,98048,0,0.45350970000436064,0.05777220000163652,2048,4610
kll-paper-hybrid,neural,NPR-d2-balanced-gmm,balanced-gmm,2,1,concentrated,32.0,0.032,0.12546244102391202,0.2417955916789645,0.29864285390668743,1.1906404495239258,1.0074120157720967,1.0,0.244140625,nan,20,10240,20480,320,20480,30720,2621440,5898240.0,10485760,67584,98048,0,0.7821870000043418,0.05777220000163652,2048,4610
exact-free-particle-ceiling,free-particle-diagnostic,NPR-d2-balanced-gmm,balanced-gmm,2,1,concentrated,nan,nan,0.0005287235564912507,0.02006622232988344,0.09901716771473718,0.9983225438474439,1.0771167472285856,1.0,0.15234375,nan,100,512,512,1,20480,20480,7864320,48263237.592530765,0,67584,0,0,0.19341119999444345,0.07430960000056075,0,0
paper-neural,neural,NPR-d2-balanced-gmm,balanced-gmm,2,1,broad,16.0,0.016,0.013089770037417514,0.0856092805206589,0.157210826340533,1.0278598070144653,1.0753228337621483,1.0,0.216796875,nan,320,20480,20480,320,20480,20480,0,0.0,2621440,0,0,0,0.65518449999945,0.0,2048,4610
minibatch-sw,neural,NPR-d2-balanced-gmm,balanced-gmm,2,1,broad,16.0,0.016,0.04168060491448977,0.1642830563934402,0.2531519356378613,0.8329710364341736,1.2220467778005133,0.75,0.2734375,nan,320,20480,20480,320,20480,20480,2621440,15728640.0,0,0,0,0,0.8800626999945962,0.0,2048,4610
exact-atlas-rsr,neural,NPR-d2-balanced-gmm,balanced-gmm,2,1,broad,32.0,0.032,0.07555362307359537,0.2045342131545611,0.30344559532077886,0.8553866744041443,1.0624241893672772,0.5,0.779296875,nan,20,10240,20480,320,20480,20480,2621440,24670277.592530765,0,67584,0,0,0.23394250000274042,0.07430960000056075,2048,4610
kll-atlas-rsr,neural,NPR-d2-balanced-gmm,balanced-gmm,2,1,broad,32.0,0.032,0.07577390433085074,0.20219933032961668,0.27752516044278447,0.8391963243484497,1.0669558323917347,0.75,0.6826171875,nan,20,10240,20480,320,20480,20480,2621440,5898240.0,0,67584,98048,0,0.26536550000309944,0.05777220000163652,2048,4610
kll-small-rsr,neural,NPR-d2-balanced-gmm,balanced-gmm,2,1,broad,16.0,0.016,0.023090736645493992,0.11913167807980059,0.17873084453264254,0.9312134385108948,1.0825741222660503,1.0,0.32421875,nan,160,10240,20480,320,20480,20480,2621440,3932160.0,0,67584,98048,0,0.43507270000554854,0.05777220000163652,2048,4610
kll-paper-hybrid,neural,NPR-d2-balanced-gmm,balanced-gmm,2,1,broad,32.0,0.032,0.08914938882181533,0.21175949604759262,0.3325352463874239,0.9057673811912537,1.069066064804158,0.5,0.6064453125,nan,20,10240,20480,320,20480,30720,2621440,5898240.0,10485760,67584,98048,0,0.6696356999964337,0.05777220000163652,2048,4610
exact-free-particle-ceiling,free-particle-diagnostic,NPR-d2-balanced-gmm,balanced-gmm,2,1,broad,nan,nan,0.0005204594871879298,0.0200337159247795,0.09864914510237599,0.998328794555581,1.0766425293202158,1.0,0.140625,nan,100,512,512,1,20480,20480,7864320,48263237.592530765,0,67584,0,0,0.20662639999500243,0.07430960000056075,0,0
paper-neural,neural,NPR-d2-balanced-gmm,balanced-gmm,2,2,concentrated,16.0,0.016,0.0266349654100555,0.14149327687883173,0.27488330253343196,0.8564867377281189,1.0425250417107825,1.0,0.1796875,nan,320,20480,20480,320,20480,20480,0,0.0,2621440,0,0,0,0.614533299994946,0.0,2048,4610
minibatch-sw,neural,NPR-d2-balanced-gmm,balanced-gmm,2,2,concentrated,16.0,0.016,0.048110594573056,0.18347882979338276,0.29972665221648315,0.8592877984046936,1.190408422457466,0.75,0.353515625,nan,320,20480,20480,320,20480,20480,2621440,15728640.0,0,0,0,0,0.9551617999968585,0.0,2048,4610
exact-atlas-rsr,neural,NPR-d2-balanced-gmm,balanced-gmm,2,2,concentrated,32.0,0.032,0.05299498703701344,0.15071229904482555,0.2028328642439396,0.9584948420524597,1.0667635883820983,0.5,0.6611328125,nan,20,10240,20480,320,20480,20480,2621440,24670277.592530765,0,67584,0,0,0.2731488999997964,0.08146519999718294,2048,4610
kll-atlas-rsr,neural,NPR-d2-balanced-gmm,balanced-gmm,2,2,concentrated,32.0,0.032,0.035687636264969846,0.12942909922064177,0.188453156993005,0.9579622745513916,1.0544283595681037,0.75,0.57421875,nan,20,10240,20480,320,20480,20480,2621440,5898240.0,0,67584,98048,0,0.26432909999857657,0.069511000001512,2048,4610
kll-small-rsr,neural,NPR-d2-balanced-gmm,balanced-gmm,2,2,concentrated,16.0,0.016,0.019406650046200014,0.09812162516085499,0.16011897466796793,0.9634274840354919,1.064854738735745,1.0,0.42578125,nan,160,10240,20480,320,20480,20480,2621440,3932160.0,0,67584,98048,0,0.47084580000228016,0.069511000001512,2048,4610
kll-paper-hybrid,neural,NPR-d2-balanced-gmm,balanced-gmm,2,2,concentrated,32.0,0.032,0.0464310218615025,0.1753933080783826,0.2825136444910704,1.1189254522323608,1.0454829107784642,1.0,0.296875,nan,20,10240,20480,320,20480,30720,2621440,5898240.0,10485760,67584,98048,0,0.7596914000023389,0.069511000001512,2048,4610
exact-free-particle-ceiling,free-particle-diagnostic,NPR-d2-balanced-gmm,balanced-gmm,2,2,concentrated,nan,nan,0.00029065743670297906,0.015154245453826685,0.022837998580046683,0.998496755678306,1.0782833497791695,1.0,0.1640625,nan,100,512,512,1,20480,20480,7864320,48263237.592530765,0,67584,0,0,0.22708169999532402,0.08146519999718294,0,0
paper-neural,neural,NPR-d2-balanced-gmm,balanced-gmm,2,2,broad,16.0,0.016,0.05664253532120744,0.1517941177612083,0.23100807629435513,0.9780710339546204,1.0456737805408176,1.0,0.302734375,nan,320,20480,20480,320,20480,20480,0,0.0,2621440,0,0,0,0.7066763000038918,0.0,2048,4610
minibatch-sw,neural,NPR-d2-balanced-gmm,balanced-gmm,2,2,broad,16.0,0.016,0.03576734156483319,0.15220831843193874,0.2578050124040141,0.8341496586799622,1.0592570206590808,1.0,0.1650390625,nan,320,20480,20480,320,20480,20480,2621440,15728640.0,0,0,0,0,1.0369773999991594,0.0,2048,4610
exact-atlas-rsr,neural,NPR-d2-balanced-gmm,balanced-gmm,2,2,broad,32.0,0.032,0.03681622935416362,0.14389534221549832,0.21740252726195752,1.0011110305786133,1.056441837855479,1.0,0.193359375,nan,20,10240,20480,320,20480,20480,2621440,24670277.592530765,0,67584,0,0,0.29494709999562474,0.08146519999718294,2048,4610
kll-atlas-rsr,neural,NPR-d2-balanced-gmm,balanced-gmm,2,2,broad,32.0,0.032,0.02141633738385984,0.10689303875965045,0.17191143671213954,0.985310971736908,1.0254234533856323,0.75,0.3759765625,nan,20,10240,20480,320,20480,20480,2621440,5898240.0,0,67584,98048,0,0.2648791000028723,0.069511000001512,2048,4610
kll-small-rsr,neural,NPR-d2-balanced-gmm,balanced-gmm,2,2,broad,16.0,0.016,0.06705288714661384,0.16520245855403728,0.25613300590625965,0.9308372139930725,1.0222592153850882,1.0,0.109375,nan,160,10240,20480,320,20480,20480,2621440,3932160.0,0,67584,98048,0,0.5177585999990697,0.069511000001512,2048,4610
kll-paper-hybrid,neural,NPR-d2-balanced-gmm,balanced-gmm,2,2,broad,32.0,0.032,0.11213978299103955,0.2507920053809276,0.3283099192869609,1.1826612949371338,1.0396475842380832,1.0,0.3759765625,nan,20,10240,20480,320,20480,30720,2621440,5898240.0,10485760,67584,98048,0,0.7739524000062374,0.069511000001512,2048,4610
exact-free-particle-ceiling,free-particle-diagnostic,NPR-d2-balanced-gmm,balanced-gmm,2,2,broad,nan,nan,0.00028165372710398096,0.01500442269396411,0.022690014077574056,0.998496793400315,1.07826151061092,1.0,0.15234375,nan,100,512,512,1,20480,20480,7864320,48263237.592530765,0,67584,0,0,0.22593529999721795,0.08146519999718294,0,0
paper-neural,neural,NPR-d8-balanced-gmm,balanced-gmm,8,0,concentrated,16.0,0.016,0.031159772428119847,0.10421402462761821,0.14928643518224433,0.962489902973175,2.5337380221402905,1.0,0.0966796875,nan,320,20480,20480,320,20480,20480,0,0.0,2621440,0,0,0,0.7531358999985969,0.0,2048,5256
minibatch-sw,neural,NPR-d8-balanced-gmm,balanced-gmm,8,0,concentrated,16.0,0.016,0.09651347189098436,0.17939678984007706,0.23833698762234246,0.9484622478485107,2.80772019953718,1.0,0.0849609375,nan,320,20480,20480,320,20480,20480,2621440,15728640.0,0,0,0,0,0.9689329000029829,0.0,2048,5256
exact-atlas-rsr,neural,NPR-d8-balanced-gmm,balanced-gmm,8,0,concentrated,32.0,0.032,0.07105777995746854,0.15435329960198804,0.20291553363588136,0.9710548520088196,2.549525747984033,1.0,0.0576171875,nan,20,10240,20480,320,20480,20480,2621440,24670277.592530765,0,70656,0,0,0.30392030000075465,0.08455639999738196,2048,5256
kll-atlas-rsr,neural,NPR-d8-balanced-gmm,balanced-gmm,8,0,concentrated,32.0,0.032,0.07320156879138429,0.15473511839841705,0.201725264155877,0.9628300070762634,2.6149542938959147,1.0,0.037109375,nan,20,10240,20480,320,20480,20480,2621440,5898240.0,0,70656,98048,0,0.2708420999988448,0.07547669999621576,2048,5256
kll-small-rsr,neural,NPR-d8-balanced-gmm,balanced-gmm,8,0,concentrated,16.0,0.016,0.04308536757517567,0.121014030766944,0.1544813153544068,0.993367075920105,2.774062778618405,1.0,0.056640625,nan,160,10240,20480,320,20480,20480,2621440,3932160.0,0,70656,98048,0,0.5706441999936942,0.07547669999621576,2048,5256
kll-paper-hybrid,neural,NPR-d8-balanced-gmm,balanced-gmm,8,0,concentrated,32.0,0.032,0.07263749083335513,0.15050278937071046,0.21068445510491915,0.9851698875427246,2.591350403125297,1.0,0.087890625,nan,20,10240,20480,320,20480,30720,2621440,5898240.0,10485760,70656,98048,0,0.9604196000000229,0.07547669999621576,2048,5256
exact-free-particle-ceiling,free-particle-diagnostic,NPR-d8-balanced-gmm,balanced-gmm,8,0,concentrated,nan,nan,0.016529559273187555,0.07239567670451387,0.04667139268028019,0.9977643058209762,3.092418834925737,1.0,0.04296875,nan,100,512,512,1,20480,20480,7864320,48263237.592530765,0,70656,0,0,0.23607270000502467,0.08455639999738196,0,0
paper-neural,neural,NPR-d8-balanced-gmm,balanced-gmm,8,0,broad,16.0,0.016,0.028557047261790647,0.10142288469897363,0.14165444311012193,0.9509685635566711,2.49494090733773,1.0,0.130859375,nan,320,20480,20480,320,20480,20480,0,0.0,2621440,0,0,0,0.7892137000017101,0.0,2048,5256
minibatch-sw,neural,NPR-d8-balanced-gmm,balanced-gmm,8,0,broad,16.0,0.016,0.05755879122525043,0.1392648620710151,0.18223047168971063,0.9566513895988464,2.8153400259935433,1.0,0.0703125,nan,320,20480,20480,320,20480,20480,2621440,15728640.0,0,0,0,0,1.089410399996268,0.0,2048,5256
exact-atlas-rsr,neural,NPR-d8-balanced-gmm,balanced-gmm,8,0,broad,32.0,0.032,0.08362248246193227,0.16718278990709212,0.20465974955340568,0.9850269556045532,2.6044526302156723,1.0,0.0556640625,nan,20,10240,20480,320,20480,20480,2621440,24670277.592530765,0,70656,0,0,0.30225489999429556,0.08455639999738196,2048,5256
kll-atlas-rsr,neural,NPR-d8-balanced-gmm,balanced-gmm,8,0,broad,32.0,0.032,0.08255589820413656,0.16685012772573082,0.2043165032846369,0.9849860072135925,2.5709161219971635,1.0,0.0595703125,nan,20,10240,20480,320,20480,20480,2621440,5898240.0,0,70656,98048,0,0.36834149999776855,0.07547669999621576,2048,5256
kll-small-rsr,neural,NPR-d8-balanced-gmm,balanced-gmm,8,0,broad,16.0,0.016,0.05041742910440794,0.12751221776788146,0.16963637344178722,0.9833717942237854,2.452223856572734,1.0,0.021484375,nan,160,10240,20480,320,20480,20480,2621440,3932160.0,0,70656,98048,0,0.5526893999995082,0.07547669999621576,2048,5256
kll-paper-hybrid,neural,NPR-d8-balanced-gmm,balanced-gmm,8,0,broad,32.0,0.032,0.08932714641650241,0.17358805795504836,0.22543633341021244,1.0150172710418701,2.4474933551084477,1.0,0.0771484375,nan,20,10240,20480,320,20480,30720,2621440,5898240.0,10485760,70656,98048,0,0.9424977000016952,0.07547669999621576,2048,5256
exact-free-particle-ceiling,free-particle-diagnostic,NPR-d8-balanced-gmm,balanced-gmm,8,0,broad,nan,nan,0.010421224426597764,0.05882516297366611,0.04247973221448272,0.9979129824886707,2.9934369251782305,1.0,0.0390625,nan,100,512,512,1,20480,20480,7864320,48263237.592530765,0,70656,0,0,0.24684019999403972,0.08455639999738196,0,0
paper-neural,neural,NPR-d8-balanced-gmm,balanced-gmm,8,1,concentrated,16.0,0.016,0.03015278699901991,0.10058153236125397,0.14019118766439595,0.9497769474983215,2.7502349605512215,1.0,0.0712890625,nan,320,20480,20480,320,20480,20480,0,0.0,2621440,0,0,0,0.9007815999939339,0.0,2048,5256
minibatch-sw,neural,NPR-d8-balanced-gmm,balanced-gmm,8,1,concentrated,16.0,0.016,0.06451225766158863,0.14723301225147534,0.19191336739684045,0.975225031375885,2.387064903719926,1.0,0.083984375,nan,320,20480,20480,320,20480,20480,2621440,15728640.0,0,0,0,0,1.2170610000030138,0.0,2048,5256
exact-atlas-rsr,neural,NPR-d8-balanced-gmm,balanced-gmm,8,1,concentrated,32.0,0.032,0.08340793111296207,0.16983074259724737,0.21620613548600187,0.940396785736084,2.550058141257347,1.0,0.05078125,nan,20,10240,20480,320,20480,20480,2621440,24670277.592530765,0,70656,0,0,0.33055769999918994,0.10087170000042534,2048,5256
kll-atlas-rsr,neural,NPR-d8-balanced-gmm,balanced-gmm,8,1,concentrated,32.0,0.032,0.08149591369131226,0.16816777863213161,0.21325881687266005,0.9538428783416748,2.508234513469943,1.0,0.0458984375,nan,20,10240,20480,320,20480,20480,2621440,5898240.0,0,70656,98048,0,0.2792579000015394,0.07795929999701912,2048,5256
kll-small-rsr,neural,NPR-d8-balanced-gmm,balanced-gmm,8,1,concentrated,16.0,0.016,0.06553477364594507,0.14452289472007926,0.19832905043101542,0.9107672572135925,2.9823435662623154,1.0,0.1259765625,nan,160,10240,20480,320,20480,20480,2621440,3932160.0,0,70656,98048,0,0.5478088999952888,0.07795929999701912,2048,5256
kll-paper-hybrid,neural,NPR-d8-balanced-gmm,balanced-gmm,8,1,concentrated,32.0,0.032,0.08098043938012989,0.16126307846127463,0.2191235863869189,0.9593377709388733,2.7447212492230495,1.0,0.0791015625,nan,20,10240,20480,320,20480,30720,2621440,5898240.0,10485760,70656,98048,0,0.9062114999978803,0.07795929999701912,2048,5256
exact-free-particle-ceiling,free-particle-diagnostic,NPR-d8-balanced-gmm,balanced-gmm,8,1,concentrated,nan,nan,0.0268631005002824,0.09126942109235132,0.06993197601894618,0.9969646028874254,3.3891474997898494,1.0,0.03125,nan,100,512,512,1,20480,20480,7864320,48263237.592530765,0,70656,0,0,0.24000679999880958,0.10087170000042534,0,0
paper-neural,neural,NPR-d8-balanced-gmm,balanced-gmm,8,1,broad,16.0,0.016,0.027633950373341598,0.09483727763131584,0.13364849387439712,0.9218486547470093,2.57025574265904,1.0,0.04296875,nan,320,20480,20480,320,20480,20480,0,0.0,2621440,0,0,0,0.7272627999991528,0.0,2048,5256
minibatch-sw,neural,NPR-d8-balanced-gmm,balanced-gmm,8,1,broad,16.0,0.016,0.05362153985727325,0.13136453798046746,0.17891371220680796,0.9666253328323364,2.6582615504182168,1.0,0.056640625,nan,320,20480,20480,320,20480,20480,2621440,15728640.0,0,0,0,0,1.0848047999970731,0.0,2048,5256
exact-atlas-rsr,neural,NPR-d8-balanced-gmm,balanced-gmm,8,1,broad,32.0,0.032,0.08005247953303751,0.1684216374571262,0.20991815860161908,0.9847926497459412,2.549539879178353,1.0,0.1484375,nan,20,10240,20480,320,20480,20480,2621440,24670277.592530765,0,70656,0,0,0.2855360999965342,0.10087170000042534,2048,5256
kll-atlas-rsr,neural,NPR-d8-balanced-gmm,balanced-gmm,8,1,broad,32.0,0.032,0.0818157141288296,0.17056820405173592,0.21127040158179525,0.9769689440727234,2.5203375503707006,1.0,0.1689453125,nan,20,10240,20480,320,20480,20480,2621440,5898240.0,0,70656,98048,0,0.31328639999992447,0.07795929999701912,2048,5256
kll-small-rsr,neural,NPR-d8-balanced-gmm,balanced-gmm,8,1,broad,16.0,0.016,0.060452603460534604,0.14024991202100803,0.17302253201543005,0.9845892190933228,2.6874652849526672,1.0,0.0703125,nan,160,10240,20480,320,20480,20480,2621440,3932160.0,0,70656,98048,0,0.4938031999990926,0.07795929999701912,2048,5256
kll-paper-hybrid,neural,NPR-d8-balanced-gmm,balanced-gmm,8,1,broad,32.0,0.032,0.09295769890974448,0.17933902188579082,0.23245448118227235,0.9821168780326843,2.808260347364878,1.0,0.1220703125,nan,20,10240,20480,320,20480,30720,2621440,5898240.0,10485760,70656,98048,0,0.9449030000032508,0.07795929999701912,2048,5256
exact-free-particle-ceiling,free-particle-diagnostic,NPR-d8-balanced-gmm,balanced-gmm,8,1,broad,nan,nan,0.01634930344353025,0.07372939695444956,0.05994677031551508,0.9976924692410292,3.146797593270689,1.0,0.04296875,nan,100,512,512,1,20480,20480,7864320,48263237.592530765,0,70656,0,0,0.23717000000033295,0.10087170000042534,0,0
paper-neural,neural,NPR-d8-balanced-gmm,balanced-gmm,8,2,concentrated,16.0,0.016,0.049813868809789774,0.1272995646091316,0.18249405786420866,0.9449275732040405,2.4741159298997406,1.0,0.1171875,nan,320,20480,20480,320,20480,20480,0,0.0,2621440,0,0,0,0.7253540000019711,0.0,2048,5256
minibatch-sw,neural,NPR-d8-balanced-gmm,balanced-gmm,8,2,concentrated,16.0,0.016,0.053206955698747116,0.13527943342966328,0.18217062433822978,1.0093549489974976,2.6754771161784805,1.0,0.1015625,nan,320,20480,20480,320,20480,20480,2621440,15728640.0,0,0,0,0,0.9075969000041368,0.0,2048,5256
exact-atlas-rsr,neural,NPR-d8-balanced-gmm,balanced-gmm,8,2,concentrated,32.0,0.032,0.08954396175259927,0.17072155457685634,0.22526680668946691,0.9252913594245911,2.642928426442261,1.0,0.078125,nan,20,10240,20480,320,20480,20480,2621440,24670277.592530765,0,70656,0,0,0.27432039999985136,0.10872519999975339,2048,5256
kll-atlas-rsr,neural,NPR-d8-balanced-gmm,balanced-gmm,8,2,concentrated,32.0,0.032,0.08867941275971969,0.16976165064544987,0.22659867678257262,0.9259653091430664,2.6756879273021186,1.0,0.064453125,nan,20,10240,20480,320,20480,20480,2621440,5898240.0,0,70656,98048,0,0.29076399999757996,0.06945780000387458,2048,5256
kll-small-rsr,neural,NPR-d8-balanced-gmm,balanced-gmm,8,2,concentrated,16.0,0.016,0.06426233450160534,0.14350505595631835,0.17981111736093885,0.9428843259811401,2.81808806166312,1.0,0.0400390625,nan,160,10240,20480,320,20480,20480,2621440,3932160.0,0,70656,98048,0,0.5124636000036844,0.06945780000387458,2048,5256
kll-paper-hybrid,neural,NPR-d8-balanced-gmm,balanced-gmm,8,2,concentrated,32.0,0.032,0.0867358124145845,0.16795147001975896,0.22601922361664295,1.0090113878250122,2.4965823665856486,1.0,0.0712890625,nan,20,10240,20480,320,20480,30720,2621440,5898240.0,10485760,70656,98048,0,0.8711628999953973,0.06945780000387458,2048,5256
exact-free-particle-ceiling,free-particle-diagnostic,NPR-d8-balanced-gmm,balanced-gmm,8,2,concentrated,nan,nan,0.019997596777917348,0.08088469244968313,0.05277319001263721,0.9974179024959184,3.2789957155336937,1.0,0.0234375,nan,100,512,512,1,20480,20480,7864320,48263237.592530765,0,70656,0,0,0.22914280000259168,0.10872519999975339,0,0
paper-neural,neural,NPR-d8-balanced-gmm,balanced-gmm,8,2,broad,16.0,0.016,0.018806021638369863,0.08159832378161362,0.12028378312965018,0.9817990660667419,2.632988811585877,1.0,0.0634765625,nan,320,20480,20480,320,20480,20480,0,0.0,2621440,0,0,0,0.656921699999657,0.0,2048,5256
minibatch-sw,neural,NPR-d8-balanced-gmm,balanced-gmm,8,2,broad,16.0,0.016,0.05785026897957746,0.14023082637361456,0.18112887728982843,0.9463355541229248,2.7656884860900646,1.0,0.107421875,nan,320,20480,20480,320,20480,20480,2621440,15728640.0,0,0,0,0,1.023981600003026,0.0,2048,5256
exact-atlas-rsr,neural,NPR-d8-balanced-gmm,balanced-gmm,8,2,broad,32.0,0.032,0.0760448799685216,0.15798424845300676,0.21656485722605065,1.0311046838760376,2.651106157896471,1.0,0.041015625,nan,20,10240,20480,320,20480,20480,2621440,24670277.592530765,0,70656,0,0,0.3299535999976797,0.10872519999975339,2048,5256
kll-atlas-rsr,neural,NPR-d8-balanced-gmm,balanced-gmm,8,2,broad,32.0,0.032,0.0773754481355553,0.15919509147251204,0.21584094019657316,1.0255720615386963,2.6787136978128183,1.0,0.056640625,nan,20,10240,20480,320,20480,20480,2621440,5898240.0,0,70656,98048,0,0.2701856999992742,0.06945780000387458,2048,5256
kll-small-rsr,neural,NPR-d8-balanced-gmm,balanced-gmm,8,2,broad,16.0,0.016,0.051359957611955664,0.13000936434634758,0.17331434472850357,0.9768746495246887,2.609049826261408,1.0,0.078125,nan,160,10240,20480,320,20480,20480,2621440,3932160.0,0,70656,98048,0,0.489330999997037,0.06945780000387458,2048,5256
kll-paper-hybrid,neural,NPR-d8-balanced-gmm,balanced-gmm,8,2,broad,32.0,0.032,0.08638492086006178,0.1662870090130218,0.22723553800235227,0.9235607981681824,2.667916384764874,1.0,0.0849609375,nan,20,10240,20480,320,20480,30720,2621440,5898240.0,10485760,70656,98048,0,0.8621819000036339,0.06945780000387458,2048,5256
exact-free-particle-ceiling,free-particle-diagnostic,NPR-d8-balanced-gmm,balanced-gmm,8,2,broad,nan,nan,0.019510007742425728,0.08104748264160727,0.05172540293567603,0.9974483414738113,3.262687987035487,1.0,0.078125,nan,100,512,512,1,20480,20480,7864320,48263237.592530765,0,70656,0,0,0.2554441999964183,0.10872519999975339,0,0
paper-neural,neural,NPR-d2-rare-gmm,rare-gmm,2,0,concentrated,16.0,0.016,0.021747112734619822,0.1600443071273719,0.4889542612574272,0.729682207107544,1.7664090691400585,0.5,0.10000000000000005,0.05,320,20480,20480,320,20480,20480,0,0.0,2621440,0,0,0,0.556820499994501,0.0,2048,4610
minibatch-sw,neural,NPR-d2-rare-gmm,rare-gmm,2,0,concentrated,16.0,0.016,0.02873285666077141,0.17106077896027547,0.29472621884516326,1.06404447555542,1.5438423835407584,1.0,0.09238281249999995,0.04619140625,320,20480,20480,320,20480,20480,2621440,15728640.0,0,0,0,0,0.8399003000013181,0.0,2048,4610
exact-atlas-rsr,neural,NPR-d2-rare-gmm,rare-gmm,2,0,concentrated,32.0,0.032,0.03465643976196109,0.18700994642875687,0.409382015139559,0.8241493105888367,1.9630872047262706,0.5,0.06093750000000005,0.030468750000000003,20,10240,20480,320,20480,20480,2621440,24670277.592530765,0,67584,0,0,0.323332300002221,0.07964150000043446,2048,4610
kll-atlas-rsr,neural,NPR-d2-rare-gmm,rare-gmm,2,0,concentrated,32.0,0.032,0.03752042960840862,0.2010086516607407,0.4470045215937748,0.8122051954269409,1.9532192346338324,0.5,0.08046875000000005,0.040234375,20,10240,20480,320,20480,20480,2621440,5898240.0,0,67584,98048,0,0.28456159999768715,0.06019450000167126,2048,4610
kll-small-rsr,neural,NPR-d2-rare-gmm,rare-gmm,2,0,concentrated,16.0,0.016,0.006168593192831029,0.08253218712174402,0.24487148072739365,0.8546412587165833,1.7354249726403639,1.0,0.016015625000000047,0.008007812500000003,160,10240,20480,320,20480,20480,2621440,3932160.0,0,67584,98048,0,0.4008959000057075,0.06019450000167126,2048,4610
kll-paper-hybrid,neural,NPR-d2-rare-gmm,rare-gmm,2,0,concentrated,32.0,0.032,0.06062237444540752,0.2540276284616066,0.4147895758589842,0.9741686582565308,1.5076202581839668,1.0,0.005468749999999953,0.0027343749999999972,20,10240,20480,320,20480,30720,2621440,5898240.0,10485760,67584,98048,0,0.6648026999973808,0.06019450000167126,2048,4610
exact-free-particle-ceiling,free-particle-diagnostic,NPR-d2-rare-gmm,rare-gmm,2,0,concentrated,nan,nan,0.0012410383084151544,0.03571349950060246,0.10881551587176069,0.9884094758069198,1.535708511171636,1.0,0.0015624999999999528,0.0007812499999999972,100,512,512,1,20480,20480,7864320,48263237.592530765,0,67584,0,0,0.2005416999963927,0.07964150000043446,0,0
paper-neural,neural,NPR-d2-rare-gmm,rare-gmm,2,0,broad,16.0,0.016,0.03967941187920143,0.21696272508433123,0.5980218086768766,0.5957919955253601,1.8580417297289147,0.5,0.10000000000000005,0.05,320,20480,20480,320,20480,20480,0,0.0,2621440,0,0,0,0.6426789999968605,0.0,2048,4610
minibatch-sw,neural,NPR-d2-rare-gmm,rare-gmm,2,0,broad,16.0,0.016,0.11790968889124942,0.33127609718201667,0.43201564319329006,1.0860719680786133,1.3963722116956743,1.0,0.04843749999999995,0.024218749999999997,320,20480,20480,320,20480,20480,2621440,15728640.0,0,0,0,0,0.8595717000061995,0.0,2048,4610
exact-atlas-rsr,neural,NPR-d2-rare-gmm,rare-gmm,2,0,broad,32.0,0.032,0.04041952235253499,0.21991624707300256,0.44066225480409793,0.8085449934005737,1.5560458651759408,0.5,0.07167968750000005,0.03583984375,20,10240,20480,320,20480,20480,2621440,24670277.592530765,0,67584,0,0,0.23764810000284342,0.07964150000043446,2048,4610
kll-atlas-rsr,neural,NPR-d2-rare-gmm,rare-gmm,2,0,broad,32.0,0.032,0.04545491430435611,0.2278980420238415,0.44151991278229685,0.8054855465888977,1.536249706064643,0.5,0.07167968750000005,0.03583984375,20,10240,20480,320,20480,20480,2621440,5898240.0,0,67584,98048,0,0.32458620000397786,0.06019450000167126,2048,4610
kll-small-rsr,neural,NPR-d2-rare-gmm,rare-gmm,2,0,broad,16.0,0.016,0.026102471896433332,0.1580601870366046,0.25353959695970124,0.9503366351127625,1.596907686977777,1.0,0.012304687499999953,0.006152343749999997,160,10240,20480,320,20480,20480,2621440,3932160.0,0,67584,98048,0,0.4340423000030569,0.06019450000167126,2048,4610
kll-paper-hybrid,neural,NPR-d2-rare-gmm,rare-gmm,2,0,broad,32.0,0.032,0.03695775866194673,0.1921980660414502,0.4103966365570182,0.8750132918357849,1.6476724206462092,0.5,0.05410156250000005,0.027050781250000003,20,10240,20480,320,20480,30720,2621440,5898240.0,10485760,67584,98048,0,0.5934364999993704,0.06019450000167126,2048,4610
exact-free-particle-ceiling,free-particle-diagnostic,NPR-d2-rare-gmm,rare-gmm,2,0,broad,nan,nan,0.0012276226491225728,0.03570432395093148,0.11176962349809094,0.9884207645470522,1.5349356768606712,1.0,0.0015624999999999528,0.0007812499999999972,100,512,512,1,20480,20480,7864320,48263237.592530765,0,67584,0,0,0.2049602999977651,0.07964150000043446,0,0
paper-neural,neural,NPR-d2-rare-gmm,rare-gmm,2,1,concentrated,16.0,0.016,0.0723030538955185,0.2564751693089709,0.6604444884621555,0.5945225358009338,1.2006816008007841,0.5,0.10000000000000005,0.05,320,20480,20480,320,20480,20480,0,0.0,2621440,0,0,0,0.5763755000007222,0.0,2048,4610
minibatch-sw,neural,NPR-d2-rare-gmm,rare-gmm,2,1,concentrated,16.0,0.016,0.029327155762704393,0.15853370931193433,0.2828125463718263,0.9780816435813904,1.5266961419881502,1.0,0.029882812499999953,0.014941406249999997,320,20480,20480,320,20480,20480,2621440,15728640.0,0,0,0,0,0.7968140999946627,0.0,2048,4610
exact-atlas-rsr,neural,NPR-d2-rare-gmm,rare-gmm,2,1,concentrated,32.0,0.032,0.03105467201125789,0.18772090487174498,0.34890368063458127,0.9276345372200012,1.5061876990568688,1.0,0.014062500000000047,0.007031250000000003,20,10240,20480,320,20480,20480,2621440,24670277.592530765,0,67584,0,0,0.2144893999939086,0.08245280000119237,2048,4610
kll-atlas-rsr,neural,NPR-d2-rare-gmm,rare-gmm,2,1,concentrated,32.0,0.032,0.030012220543540025,0.18133361236443485,0.338338068241602,0.9222670793533325,1.5266216697627366,1.0,0.0015624999999999528,0.0007812499999999972,20,10240,20480,320,20480,20480,2621440,5898240.0,0,67584,98048,0,0.2564358999952674,0.060478400002466515,2048,4610
kll-small-rsr,neural,NPR-d2-rare-gmm,rare-gmm,2,1,concentrated,16.0,0.016,0.05377084140796207,0.2145659721391358,0.298969849003608,0.9576018452644348,1.563387532467197,1.0,0.006445312499999953,0.0032226562499999972,160,10240,20480,320,20480,20480,2621440,3932160.0,0,67584,98048,0,0.47445280000101775,0.060478400002466515,2048,4610
kll-paper-hybrid,neural,NPR-d2-rare-gmm,rare-gmm,2,1,concentrated,32.0,0.032,0.045010732743707926,0.20980445536553832,0.40513139498073925,0.8891851305961609,1.858708591976295,0.5,0.05507812500000005,0.027539062500000003,20,10240,20480,320,20480,30720,2621440,5898240.0,10485760,67584,98048,0,0.6510259999995469,0.060478400002466515,2048,4610
exact-free-particle-ceiling,free-particle-diagnostic,NPR-d2-rare-gmm,rare-gmm,2,1,concentrated,nan,nan,0.00045629513798894905,0.018707777993423467,0.039042804791443085,0.9939793410249167,1.539062739754818,1.0,0.002343750000000047,0.0011718750000000028,100,512,512,1,20480,20480,7864320,48263237.592530765,0,67584,0,0,0.20410480000282405,0.08245280000119237,0,0
paper-neural,neural,NPR-d2-rare-gmm,rare-gmm,2,1,broad,16.0,0.016,0.03028150100863103,0.18255378038264494,0.577950331695656,0.5966564416885376,1.8922398651386945,0.5,0.10000000000000005,0.05,320,20480,20480,320,20480,20480,0,0.0,2621440,0,0,0,0.6558564999941154,0.0,2048,4610
minibatch-sw,neural,NPR-d2-rare-gmm,rare-gmm,2,1,broad,16.0,0.016,0.04322294316552977,0.19622885801231782,0.264598251298237,0.9118439555168152,1.7312941995828142,1.0,0.014257812499999953,0.007128906249999997,320,20480,20480,320,20480,20480,2621440,15728640.0,0,0,0,0,0.8200017999988631,0.0,2048,4610
exact-atlas-rsr,neural,NPR-d2-rare-gmm,rare-gmm,2,1,broad,32.0,0.032,0.05709152643508686,0.21563919026164458,0.38666041782855226,0.9617428183555603,1.7438103214290799,1.0,0.002343750000000047,0.0011718750000000028,20,10240,20480,320,20480,20480,2621440,24670277.592530765,0,67584,0,0,0.2719945999997435,0.08245280000119237,2048,4610
kll-atlas-rsr,neural,NPR-d2-rare-gmm,rare-gmm,2,1,broad,32.0,0.032,0.05310809669373562,0.2108263843024145,0.38388693234008486,0.9376639723777771,1.6885970019767826,1.0,0.006445312499999953,0.0032226562499999972,20,10240,20480,320,20480,20480,2621440,5898240.0,0,67584,98048,0,0.2341498000023421,0.060478400002466515,2048,4610
kll-small-rsr,neural,NPR-d2-rare-gmm,rare-gmm,2,1,broad,16.0,0.016,0.016468327174099073,0.12697154332651966,0.2196673687096215,0.9264237880706787,1.4063183469706917,1.0,0.020117187499999953,0.010058593749999997,160,10240,20480,320,20480,20480,2621440,3932160.0,0,67584,98048,0,0.4481288999959361,0.060478400002466515,2048,4610
kll-paper-hybrid,neural,NPR-d2-rare-gmm,rare-gmm,2,1,broad,32.0,0.032,0.029878800106380776,0.18480935317089084,0.4059369621811896,0.8076888918876648,1.4355313140165677,0.5,0.05800781250000005,0.029003906250000003,20,10240,20480,320,20480,30720,2621440,5898240.0,10485760,67584,98048,0,0.685318299998471,0.060478400002466515,2048,4610
exact-free-particle-ceiling,free-particle-diagnostic,NPR-d2-rare-gmm,rare-gmm,2,1,broad,nan,nan,0.00045622824325275424,0.018637584743103855,0.03699164753884525,0.993981113913362,1.5390266194127964,1.0,0.002343750000000047,0.0011718750000000028,100,512,512,1,20480,20480,7864320,48263237.592530765,0,67584,0,0,0.19340359999478096,0.08245280000119237,0,0
paper-neural,neural,NPR-d2-rare-gmm,rare-gmm,2,2,concentrated,16.0,0.016,0.06624843029186911,0.26074943095165654,0.5810756907854994,0.6147452592849731,1.4371411580950797,0.5,0.10000000000000005,0.05,320,20480,20480,320,20480,20480,0,0.0,2621440,0,0,0,0.6956476000050316,0.0,2048,4610
minibatch-sw,neural,NPR-d2-rare-gmm,rare-gmm,2,2,concentrated,16.0,0.016,0.02107587983303949,0.14018443688468768,0.24624091165875786,0.9457386136054993,1.4707614973932779,1.0,0.04550781249999995,0.022753906249999997,320,20480,20480,320,20480,20480,2621440,15728640.0,0,0,0,0,0.9976782000012463,0.0,2048,4610
exact-atlas-rsr,neural,NPR-d2-rare-gmm,rare-gmm,2,2,concentrated,32.0,0.032,0.02212755116774945,0.15883149178713962,0.31838411238420034,0.8699750900268555,1.6326512897749907,1.0,0.03261718750000005,0.016308593750000003,20,10240,20480,320,20480,20480,2621440,24670277.592530765,0,67584,0,0,0.2706650999971316,0.08044449999579228,2048,4610
kll-atlas-rsr,neural,NPR-d2-rare-gmm,rare-gmm,2,2,concentrated,32.0,0.032,0.03929918284721978,0.19797850665040256,0.3404530245836251,0.8849788904190063,1.6207386952239364,1.0,0.03359375000000005,0.016796875000000003,20,10240,20480,320,20480,20480,2621440,5898240.0,0,67584,98048,0,0.275154000002658,0.0730896999957622,2048,4610
kll-small-rsr,neural,NPR-d2-rare-gmm,rare-gmm,2,2,concentrated,16.0,0.016,0.019906063216996728,0.12826527650853076,0.20412655245507827,0.9336205720901489,1.3808378478106722,1.0,0.025976562499999953,0.012988281249999997,160,10240,20480,320,20480,20480,2621440,3932160.0,0,67584,98048,0,0.5072901000021375,0.0730896999957622,2048,4610
kll-paper-hybrid,neural,NPR-d2-rare-gmm,rare-gmm,2,2,concentrated,32.0,0.032,0.02232203247938358,0.14438178720121644,0.28618654673449423,0.8942363262176514,1.6027619261071837,1.0,0.027929687499999953,0.013964843749999997,20,10240,20480,320,20480,30720,2621440,5898240.0,10485760,67584,98048,0,0.8074606000009226,0.0730896999957622,2048,4610
exact-free-particle-ceiling,free-particle-diagnostic,NPR-d2-rare-gmm,rare-gmm,2,2,concentrated,nan,nan,0.001239067589709375,0.036849723354368494,0.12386499954990757,1.000833494606872,1.499600641952887,1.0,0.013281249999999953,0.006640624999999997,100,512,512,1,20480,20480,7864320,48263237.592530765,0,67584,0,0,0.24453160000120988,0.08044449999579228,0,0
paper-neural,neural,NPR-d2-rare-gmm,rare-gmm,2,2,broad,16.0,0.016,0.039383866518087896,0.21094773473596962,0.5439005320275793,0.6395463943481445,1.8065389371484333,0.5,0.10000000000000005,0.05,320,20480,20480,320,20480,20480,0,0.0,2621440,0,0,0,0.7399269999950775,0.0,2048,4610
minibatch-sw,neural,NPR-d2-rare-gmm,rare-gmm,2,2,broad,16.0,0.016,0.03294156569965656,0.1743375493907333,0.27617746451194514,0.8747431635856628,1.3304273949107182,1.0,0.018164062499999953,0.009082031249999997,320,20480,20480,320,20480,20480,2621440,15728640.0,0,0,0,0,1.009363699995447,0.0,2048,4610
exact-atlas-rsr,neural,NPR-d2-rare-gmm,rare-gmm,2,2,broad,32.0,0.032,0.05690930042544551,0.2338119936502802,0.32962536079363713,0.9360873103141785,1.4833057293902874,1.0,0.025976562499999953,0.012988281249999997,20,10240,20480,320,20480,20480,2621440,24670277.592530765,0,67584,0,0,0.2625164999990375,0.08044449999579228,2048,4610
kll-atlas-rsr,neural,NPR-d2-rare-gmm,rare-gmm,2,2,broad,32.0,0.032,0.03149147104479866,0.17922136036576186,0.3346952914055852,0.9260082244873047,1.5509924287202266,1.0,0.005468749999999953,0.0027343749999999972,20,10240,20480,320,20480,20480,2621440,5898240.0,0,67584,98048,0,0.3075736000027973,0.0730896999957622,2048,4610
kll-small-rsr,neural,NPR-d2-rare-gmm,rare-gmm,2,2,broad,16.0,0.016,0.018687778183073434,0.14253914892781666,0.24272398730684358,0.8233248591423035,1.5483460960586368,1.0,0.025976562499999953,0.012988281249999997,160,10240,20480,320,20480,20480,2621440,3932160.0,0,67584,98048,0,0.40343189999839524,0.0730896999957622,2048,4610
kll-paper-hybrid,neural,NPR-d2-rare-gmm,rare-gmm,2,2,broad,32.0,0.032,0.05423391359987351,0.22241641225799114,0.37224238685985594,0.8970384001731873,1.3349702680554802,1.0,0.020117187499999953,0.010058593749999997,20,10240,20480,320,20480,30720,2621440,5898240.0,10485760,67584,98048,0,0.7064246000009007,0.0730896999957622,2048,4610
exact-free-particle-ceiling,free-particle-diagnostic,NPR-d2-rare-gmm,rare-gmm,2,2,broad,nan,nan,0.0012553714727043808,0.03678863758097092,0.1238506994039277,1.000835302522635,1.4999816297138762,1.0,0.013281249999999953,0.006640624999999997,100,512,512,1,20480,20480,7864320,48263237.592530765,0,67584,0,0,0.2306170000010752,0.08044449999579228,0,0
paper-neural,neural,NPR-d8-rare-gmm,rare-gmm,8,0,concentrated,16.0,0.016,0.09177631201974235,0.20786196243955454,0.3705555298877661,0.6996551752090454,6.137314275299233,0.5,0.10000000000000005,0.05,320,20480,20480,320,20480,20480,0,0.0,2621440,0,0,0,0.7503723999980139,0.0,2048,5256
minibatch-sw,neural,NPR-d8-rare-gmm,rare-gmm,8,0,concentrated,16.0,0.016,0.08540708062442315,0.1815403180273275,0.22341849355980262,1.046115517616272,3.7509005649669436,1.0,0.09628906249999995,0.04814453125,320,20480,20480,320,20480,20480,2621440,15728640.0,0,0,0,0,1.0269134999980452,0.0,2048,5256
exact-atlas-rsr,neural,NPR-d8-rare-gmm,rare-gmm,8,0,concentrated,32.0,0.032,0.07751756659514308,0.1745157637520909,0.22879059672394436,0.9635509848594666,4.273133360831994,0.5,0.06093750000000005,0.030468750000000003,20,10240,20480,320,20480,20480,2621440,24670277.592530765,0,70656,0,0,0.33220190000429284,0.08755289999680826,2048,5256
kll-atlas-rsr,neural,NPR-d8-rare-gmm,rare-gmm,8,0,concentrated,32.0,0.032,0.07643283439487858,0.17549351906530172,0.2249526057672716,0.9643765091896057,4.220970298869016,0.5,0.05996093750000005,0.029980468750000003,20,10240,20480,320,20480,20480,2621440,5898240.0,0,70656,98048,0,0.3296427000022959,0.0811630000025616,2048,5256
kll-small-rsr,neural,NPR-d8-rare-gmm,rare-gmm,8,0,concentrated,16.0,0.016,0.045056883204817044,0.14603369413624367,0.1895966973903772,1.0233747959136963,5.367944900506557,1.0,0.022851562500000047,0.011425781250000003,160,10240,20480,320,20480,20480,2621440,3932160.0,0,70656,98048,0,0.4239774999950896,0.0811630000025616,2048,5256
kll-paper-hybrid,neural,NPR-d8-rare-gmm,rare-gmm,8,0,concentrated,32.0,0.032,0.07457103324555314,0.1713044086921822,0.24550190186997994,0.9101271033287048,3.914334802562934,0.5,0.08144531250000005,0.04072265625,20,10240,20480,320,20480,30720,2621440,5898240.0,10485760,70656,98048,0,0.943818799998553,0.0811630000025616,2048,5256
exact-free-particle-ceiling,free-particle-diagnostic,NPR-d8-rare-gmm,rare-gmm,8,0,concentrated,nan,nan,0.012151734252728641,0.07502729335867737,0.05027856539964497,0.9953883198677275,5.402389508724228,1.0,0.04062499999999995,0.020312499999999997,100,512,512,1,20480,20480,7864320,48263237.592530765,0,70656,0,0,0.26396609999937937,0.08755289999680826,0,0
paper-neural,neural,NPR-d8-rare-gmm,rare-gmm,8,0,broad,16.0,0.016,0.05376038718204024,0.14937055569422025,0.31704174524759854,0.7677982449531555,6.289574818668226,0.5,0.10000000000000005,0.05,320,20480,20480,320,20480,20480,0,0.0,2621440,0,0,0,0.8121350999936112,0.0,2048,5256
minibatch-sw,neural,NPR-d8-rare-gmm,rare-gmm,8,0,broad,16.0,0.016,0.048111756911879855,0.13621523323111076,0.1682437273873712,0.9959595203399658,3.6361102661762223,1.0,0.05039062499999995,0.025195312499999997,320,20480,20480,320,20480,20480,2621440,15728640.0,0,0,0,0,1.1194531000001007,0.0,2048,5256
exact-atlas-rsr,neural,NPR-d8-rare-gmm,rare-gmm,8,0,broad,32.0,0.032,0.04891409803294833,0.14027639630366162,0.20551246616857943,0.9587849974632263,4.718145089368721,1.0,0.012109375000000047,0.006054687500000003,20,10240,20480,320,20480,20480,2621440,24670277.592530765,0,70656,0,0,0.3041259000019636,0.08755289999680826,2048,5256
kll-atlas-rsr,neural,NPR-d8-rare-gmm,rare-gmm,8,0,broad,32.0,0.032,0.049872738484227686,0.14343163330881276,0.20765121826766106,0.956361711025238,4.732353066631786,1.0,0.021875000000000047,0.010937500000000003,20,10240,20480,320,20480,20480,2621440,5898240.0,0,70656,98048,0,0.3349181999947177,0.0811630000025616,2048,5256
kll-small-rsr,neural,NPR-d8-rare-gmm,rare-gmm,8,0,broad,16.0,0.016,0.03801689406719122,0.13570104929560026,0.1782688268005933,0.9713361859321594,4.853327464034221,1.0,0.030664062500000047,0.015332031250000003,160,10240,20480,320,20480,20480,2621440,3932160.0,0,70656,98048,0,0.561429199995473,0.0811630000025616,2048,5256
kll-paper-hybrid,neural,NPR-d8-rare-gmm,rare-gmm,8,0,broad,32.0,0.032,0.040170288349591576,0.13269596534642988,0.21858767246981614,0.9264134764671326,5.507987878907748,0.5,0.07167968750000005,0.03583984375,20,10240,20480,320,20480,30720,2621440,5898240.0,10485760,70656,98048,0,0.8479168999983813,0.0811630000025616,2048,5256
exact-free-particle-ceiling,free-particle-diagnostic,NPR-d8-rare-gmm,rare-gmm,8,0,broad,nan,nan,0.00919498353249848,0.06328435660551306,0.04646117269803102,0.9956136849206579,5.598731393706286,1.0,0.04062499999999995,0.020312499999999997,100,512,512,1,20480,20480,7864320,48263237.592530765,0,70656,0,0,0.2634332000016002,0.08755289999680826,0,0
paper-neural,neural,NPR-d8-rare-gmm,rare-gmm,8,1,concentrated,16.0,0.016,0.058917135405270216,0.16147892689038193,0.3240719448248032,0.7935753464698792,6.560010595418031,0.5,0.10000000000000005,0.05,320,20480,20480,320,20480,20480,0,0.0,2621440,0,0,0,0.9020394000035594,0.0,2048,5256
minibatch-sw,neural,NPR-d8-rare-gmm,rare-gmm,8,1,concentrated,16.0,0.016,0.043899962064489095,0.12767810042211955,0.18652867160209471,0.9486992359161377,4.396923007974156,1.0,0.0015624999999999528,0.0007812499999999972,320,20480,20480,320,20480,20480,2621440,15728640.0,0,0,0,0,1.1823455000048853,0.0,2048,5256
exact-atlas-rsr,neural,NPR-d8-rare-gmm,rare-gmm,8,1,concentrated,32.0,0.032,0.08423080086918855,0.19138286160898169,0.2361090424264968,0.9933969974517822,4.077787101941281,1.0,0.028710937500000047,0.014355468750000003,20,10240,20480,320,20480,20480,2621440,24670277.592530765,0,70656,0,0,0.314779099993757,0.08555509999860078,2048,5256
kll-atlas-rsr,neural,NPR-d8-rare-gmm,rare-gmm,8,1,concentrated,32.0,0.032,0.08222612070223434,0.18917906718275598,0.23507900512177818,0.9932981133460999,4.19526632693942,1.0,0.03945312500000005,0.019726562500000003,20,10240,20480,320,20480,20480,2621440,5898240.0,0,70656,98048,0,0.3017152000029455,0.08040739999705693,2048,5256
kll-small-rsr,neural,NPR-d8-rare-gmm,rare-gmm,8,1,concentrated,16.0,0.016,0.04716337159286965,0.1364956554026303,0.16494753645655774,0.9881575107574463,4.161636327432281,1.0,0.04648437499999995,0.023242187499999997,160,10240,20480,320,20480,20480,2621440,3932160.0,0,70656,98048,0,0.619780000000901,0.08040739999705693,2048,5256
kll-paper-hybrid,neural,NPR-d8-rare-gmm,rare-gmm,8,1,concentrated,32.0,0.032,0.05124407010492771,0.14167161486229535,0.23637384037412396,0.9236847758293152,4.96439473821571,0.5,0.08925781250000005,0.04462890625,20,10240,20480,320,20480,30720,2621440,5898240.0,10485760,70656,98048,0,0.9067716000063228,0.08040739999705693,2048,5256
exact-free-particle-ceiling,free-particle-diagnostic,NPR-d8-rare-gmm,rare-gmm,8,1,concentrated,nan,nan,0.009637674918366201,0.06603953612308834,0.05379207409942956,0.9945281863271616,5.692865431786319,1.0,0.024999999999999953,0.012499999999999997,100,512,512,1,20480,20480,7864320,48263237.592530765,0,70656,0,0,0.25213620000431547,0.08555509999860078,0,0
paper-neural,neural,NPR-d8-rare-gmm,rare-gmm,8,1,broad,16.0,0.016,0.0762989697149532,0.18108902806821262,0.3521047104851906,0.7389016151428223,6.084376839113477,0.5,0.10000000000000005,0.05,320,20480,20480,320,20480,20480,0,0.0,2621440,0,0,0,0.7627951999966172,0.0,2048,5256
minibatch-sw,neural,NPR-d8-rare-gmm,rare-gmm,8,1,broad,16.0,0.016,0.061021000118580915,0.16568761117071013,0.2220697009095431,0.9217570424079895,4.343828748575118,1.0,0.027734375000000047,0.013867187500000003,320,20480,20480,320,20480,20480,2621440,15728640.0,0,0,0,0,1.018099600005371,0.0,2048,5256
exact-atlas-rsr,neural,NPR-d8-rare-gmm,rare-gmm,8,1,broad,32.0,0.032,0.04204815385175387,0.13577883481002764,0.20294403987407722,0.9755225777626038,4.169713306124244,1.0,0.019921875000000047,0.009960937500000003,20,10240,20480,320,20480,20480,2621440,24670277.592530765,0,70656,0,0,0.2597368999995524,0.08555509999860078,2048,5256
kll-atlas-rsr,neural,NPR-d8-rare-gmm,rare-gmm,8,1,broad,32.0,0.032,0.04111205069701107,0.13313765463074465,0.20020267039383857,0.968002438545227,4.350066900115642,1.0,0.024804687500000047,0.012402343750000003,20,10240,20480,320,20480,20480,2621440,5898240.0,0,70656,98048,0,0.3181914999950095,0.08040739999705693,2048,5256
kll-small-rsr,neural,NPR-d8-rare-gmm,rare-gmm,8,1,broad,16.0,0.016,0.04171675843815148,0.12988175854318074,0.1858158928598727,0.9683207273483276,5.261202295801174,1.0,0.016015625000000047,0.008007812500000003,160,10240,20480,320,20480,20480,2621440,3932160.0,0,70656,98048,0,0.5326284000038868,0.08040739999705693,2048,5256
kll-paper-hybrid,neural,NPR-d8-rare-gmm,rare-gmm,8,1,broad,32.0,0.032,0.04486176485864046,0.14344157166482743,0.21623453625773223,0.9667956233024597,4.987541656637573,0.5,0.05605468750000005,0.028027343750000003,20,10240,20480,320,20480,30720,2621440,5898240.0,10485760,70656,98048,0,0.9422529999937979,0.08040739999705693,2048,5256
exact-free-particle-ceiling,free-particle-diagnostic,NPR-d8-rare-gmm,rare-gmm,8,1,broad,nan,nan,0.007920284376720321,0.06138696602600596,0.049348770782170544,0.9946567868983268,5.610794843787109,1.0,0.04453124999999995,0.022265624999999997,100,512,512,1,20480,20480,7864320,48263237.592530765,0,70656,0,0,0.23275740000099177,0.08555509999860078,0,0
paper-neural,neural,NPR-d8-rare-gmm,rare-gmm,8,2,concentrated,16.0,0.016,0.07717707626188686,0.18448184312736254,0.3496858344812458,0.7685094475746155,6.7635688308478015,0.5,0.10000000000000005,0.05,320,20480,20480,320,20480,20480,0,0.0,2621440,0,0,0,0.7093094000010751,0.0,2048,5256
minibatch-sw,neural,NPR-d8-rare-gmm,rare-gmm,8,2,concentrated,16.0,0.016,0.07285838217790497,0.16432108325771236,0.21921342654001696,0.9571038484573364,4.240209006200237,1.0,0.010351562499999953,0.005175781249999997,320,20480,20480,320,20480,20480,2621440,15728640.0,0,0,0,0,1.0474185999992187,0.0,2048,5256
exact-atlas-rsr,neural,NPR-d8-rare-gmm,rare-gmm,8,2,concentrated,32.0,0.032,0.06067102650466838,0.17102006681459767,0.23579081582366412,0.9615435600280762,4.468352129174017,0.5,0.05117187500000005,0.025585937500000003,20,10240,20480,320,20480,20480,2621440,24670277.592530765,0,70656,0,0,0.27108810000208905,0.09202670000377111,2048,5256
kll-atlas-rsr,neural,NPR-d8-rare-gmm,rare-gmm,8,2,concentrated,32.0,0.032,0.05682551001844738,0.16935115351720043,0.22951728912328284,0.9642147421836853,4.583400235577045,1.0,0.04335937500000005,0.021679687500000003,20,10240,20480,320,20480,20480,2621440,5898240.0,0,70656,98048,0,0.3191145999953733,0.08214840000437107,2048,5256
kll-small-rsr,neural,NPR-d8-rare-gmm,rare-gmm,8,2,concentrated,16.0,0.016,0.04699471774879305,0.1460088313820395,0.20470811356670218,0.9621827602386475,4.784862189025124,1.0,0.025781250000000047,0.012890625000000003,160,10240,20480,320,20480,20480,2621440,3932160.0,0,70656,98048,0,0.4390761999966344,0.08214840000437107,2048,5256
kll-paper-hybrid,neural,NPR-d8-rare-gmm,rare-gmm,8,2,concentrated,32.0,0.032,0.060678417606228496,0.15609991418858526,0.2541163369784735,0.9325715899467468,4.133470237415554,1.0,0.03457031250000005,0.017285156250000003,20,10240,20480,320,20480,30720,2621440,5898240.0,10485760,70656,98048,0,0.798181600002863,0.08214840000437107,2048,5256
exact-free-particle-ceiling,free-particle-diagnostic,NPR-d8-rare-gmm,rare-gmm,8,2,concentrated,nan,nan,0.011692560724655632,0.07399533712794804,0.05900639226660587,0.9945558986497388,5.761717238305967,1.0,0.017187499999999953,0.008593749999999997,100,512,512,1,20480,20480,7864320,48263237.592530765,0,70656,0,0,0.22241260000009788,0.09202670000377111,0,0
paper-neural,neural,NPR-d8-rare-gmm,rare-gmm,8,2,broad,16.0,0.016,0.0685371932748935,0.17145325688546045,0.3484889501449484,0.764450192451477,5.94197671772608,0.5,0.10000000000000005,0.05,320,20480,20480,320,20480,20480,0,0.0,2621440,0,0,0,0.6733777999979793,0.0,2048,5256
minibatch-sw,neural,NPR-d8-rare-gmm,rare-gmm,8,2,broad,16.0,0.016,0.05564116229886418,0.1657550390442073,0.2433009191812281,0.9025404453277588,4.6071098705738605,1.0,0.04824218750000005,0.024121093750000003,320,20480,20480,320,20480,20480,2621440,15728640.0,0,0,0,0,1.0206732999940868,0.0,2048,5256
exact-atlas-rsr,neural,NPR-d8-rare-gmm,rare-gmm,8,2,broad,32.0,0.032,0.03659485554681341,0.1282336864301203,0.21056509578477212,0.9845690131187439,5.909100775530659,0.5,0.06289062500000005,0.0314453125,20,10240,20480,320,20480,20480,2621440,24670277.592530765,0,70656,0,0,0.2738000999961514,0.09202670000377111,2048,5256
kll-atlas-rsr,neural,NPR-d8-rare-gmm,rare-gmm,8,2,broad,32.0,0.032,0.03674743112652257,0.1289278718679703,0.20783148482469285,0.982886016368866,5.75741526838787,0.5,0.05507812500000005,0.027539062500000003,20,10240,20480,320,20480,20480,2621440,5898240.0,0,70656,98048,0,0.33304299999872455,0.08214840000437107,2048,5256
kll-small-rsr,neural,NPR-d8-rare-gmm,rare-gmm,8,2,broad,16.0,0.016,0.04909048774137892,0.15000307217440817,0.21425618388117793,0.9328793883323669,4.2434330002951235,1.0,0.021875000000000047,0.010937500000000003,160,10240,20480,320,20480,20480,2621440,3932160.0,0,70656,98048,0,0.48206070000014734,0.08214840000437107,2048,5256
kll-paper-hybrid,neural,NPR-d8-rare-gmm,rare-gmm,8,2,broad,32.0,0.032,0.04080545602645236,0.13346302990190287,0.23283856723190957,0.9391763210296631,5.721319351875742,0.5,0.06875000000000005,0.034375,20,10240,20480,320,20480,30720,2621440,5898240.0,10485760,70656,98048,0,0.8137478999997256,0.08214840000437107,2048,5256
exact-free-particle-ceiling,free-particle-diagnostic,NPR-d8-rare-gmm,rare-gmm,8,2,broad,nan,nan,0.00901093510168094,0.06450190615920934,0.056428514637901994,0.9947412319950671,5.694134438212169,1.0,0.017187499999999953,0.008593749999999997,100,512,512,1,20480,20480,7864320,48263237.592530765,0,70656,0,0,0.2057619000042905,0.09202670000377111,0,0
paper-neural,neural,NPR-d2-correlated-t,correlated-t,2,0,concentrated,16.0,0.016,0.012066261999975847,0.098214203998462,0.18509257556467165,0.900226891040802,1.0539900508254187,nan,nan,nan,320,20480,20480,320,20480,20480,0,0.0,2621440,0,0,0,0.664711500001431,0.0,2048,4610
minibatch-sw,neural,NPR-d2-correlated-t,correlated-t,2,0,concentrated,16.0,0.016,0.01011405511380259,0.0820410042540879,0.1543679882524876,0.8926346898078918,1.084720385170709,nan,nan,nan,320,20480,20480,320,20480,20480,2621440,15728640.0,0,0,0,0,0.7408433999953559,0.0,2048,4610
exact-atlas-rsr,neural,NPR-d2-correlated-t,correlated-t,2,0,concentrated,32.0,0.032,0.027164798335688634,0.14743760906696776,0.20238726071507596,0.9774908423423767,1.085511431327014,nan,nan,nan,20,10240,20480,320,20480,20480,2621440,24670277.592530765,0,67584,0,0,0.3355523999998695,0.09013660000346135,2048,4610
kll-atlas-rsr,neural,NPR-d2-correlated-t,correlated-t,2,0,concentrated,32.0,0.032,0.01954990880888463,0.12664532753348468,0.18178230189004443,0.9533655643463135,1.0874518720542996,nan,nan,nan,20,10240,20480,320,20480,20480,2621440,5898240.0,0,67584,98048,0,0.26014930000383174,0.06992370000079973,2048,4610
kll-small-rsr,neural,NPR-d2-correlated-t,correlated-t,2,0,concentrated,16.0,0.016,0.02585424849076734,0.15071772700420716,0.24029564356420594,0.7685219645500183,1.225332004530663,nan,nan,nan,160,10240,20480,320,20480,20480,2621440,3932160.0,0,67584,98048,0,0.43356130000029225,0.06992370000079973,2048,4610
kll-paper-hybrid,neural,NPR-d2-correlated-t,correlated-t,2,0,concentrated,32.0,0.032,0.015975979349041936,0.11044717916287368,0.19869039498766478,0.8703223466873169,1.2132715862373926,nan,nan,nan,20,10240,20480,320,20480,30720,2621440,5898240.0,10485760,67584,98048,0,0.7358002999972086,0.06992370000079973,2048,4610
exact-free-particle-ceiling,free-particle-diagnostic,NPR-d2-correlated-t,correlated-t,2,0,concentrated,nan,nan,0.0009092858163779471,0.026854370126219718,0.04097250473458857,0.9575553839644334,1.1145243862733438,nan,nan,nan,100,512,512,1,20480,20480,7864320,48263237.592530765,0,67584,0,0,0.21483659999648808,0.09013660000346135,0,0
paper-neural,neural,NPR-d2-correlated-t,correlated-t,2,0,broad,16.0,0.016,0.012108828507839231,0.09898587407436472,0.19961365166511513,0.8405917286872864,1.106656750087981,nan,nan,nan,320,20480,20480,320,20480,20480,0,0.0,2621440,0,0,0,0.6008029000004171,0.0,2048,4610
minibatch-sw,neural,NPR-d2-correlated-t,correlated-t,2,0,broad,16.0,0.016,0.011002074016851715,0.09751000454131649,0.17507179700928838,0.8113144636154175,1.1502669620071277,nan,nan,nan,320,20480,20480,320,20480,20480,2621440,15728640.0,0,0,0,0,0.7513672999994014,0.0,2048,4610
exact-atlas-rsr,neural,NPR-d2-correlated-t,correlated-t,2,0,broad,32.0,0.032,0.05429139396285576,0.19337614306028075,0.2686765270188009,1.0203031301498413,1.0739551310490696,nan,nan,nan,20,10240,20480,320,20480,20480,2621440,24670277.592530765,0,67584,0,0,0.29376939999929164,0.09013660000346135,2048,4610
kll-atlas-rsr,neural,NPR-d2-correlated-t,correlated-t,2,0,broad,32.0,0.032,0.054665125506462076,0.19657367268911632,0.2689051287465086,1.0249236822128296,1.0788952375457257,nan,nan,nan,20,10240,20480,320,20480,20480,2621440,5898240.0,0,67584,98048,0,0.2592734999998356,0.06992370000079973,2048,4610
kll-small-rsr,neural,NPR-d2-correlated-t,correlated-t,2,0,broad,16.0,0.016,0.0063105202151469975,0.06352789649030988,0.12427454416356765,0.8967117667198181,1.114670806925778,nan,nan,nan,160,10240,20480,320,20480,20480,2621440,3932160.0,0,67584,98048,0,0.39984860000549816,0.06992370000079973,2048,4610
kll-paper-hybrid,neural,NPR-d2-correlated-t,correlated-t,2,0,broad,32.0,0.032,0.007188550890026235,0.07853688778782256,0.19301615787237836,0.8285377621650696,1.1025375833640825,nan,nan,nan,20,10240,20480,320,20480,30720,2621440,5898240.0,10485760,67584,98048,0,0.6614790000021458,0.06992370000079973,2048,4610
exact-free-particle-ceiling,free-particle-diagnostic,NPR-d2-correlated-t,correlated-t,2,0,broad,nan,nan,0.0009267643968204897,0.027312895248560204,0.04135241169510803,0.9575477699292719,1.1154295246411843,nan,nan,nan,100,512,512,1,20480,20480,7864320,48263237.592530765,0,67584,0,0,0.21097039999585832,0.09013660000346135,0,0
paper-neural,neural,NPR-d2-correlated-t,correlated-t,2,1,concentrated,16.0,0.016,0.026533992837296072,0.1679447036984969,0.3519415775504816,0.7836049199104309,1.1103506030136978,nan,nan,nan,320,20480,20480,320,20480,20480,0,0.0,2621440,0,0,0,0.6573463000022457,0.0,2048,4610
minibatch-sw,neural,NPR-d2-correlated-t,correlated-t,2,1,concentrated,16.0,0.016,0.016330865436011255,0.13404854919659165,0.20125045435359168,1.102822184562683,1.1247849868859283,nan,nan,nan,320,20480,20480,320,20480,20480,2621440,15728640.0,0,0,0,0,0.8622670999975526,0.0,2048,4610
exact-atlas-rsr,neural,NPR-d2-correlated-t,correlated-t,2,1,concentrated,32.0,0.032,0.012662254245383586,0.10816345198308978,0.24138596120947425,0.8161044716835022,1.160482881246637,nan,nan,nan,20,10240,20480,320,20480,20480,2621440,24670277.592530765,0,67584,0,0,0.2423214000009466,0.07153090000065276,2048,4610
kll-atlas-rsr,neural,NPR-d2-correlated-t,correlated-t,2,1,concentrated,32.0,0.032,0.011247916124537571,0.10190249702105529,0.23702868522950862,0.8288984894752502,1.1964169495434966,nan,nan,nan,20,10240,20480,320,20480,20480,2621440,5898240.0,0,67584,98048,0,0.23917449999862583,0.0639073999991524,2048,4610
kll-small-rsr,neural,NPR-d2-correlated-t,correlated-t,2,1,concentrated,16.0,0.016,0.00813405480734053,0.07805132294739155,0.16049045590868902,0.9878354072570801,1.081402338724936,nan,nan,nan,160,10240,20480,320,20480,20480,2621440,3932160.0,0,67584,98048,0,0.40567790000204695,0.0639073999991524,2048,4610
kll-paper-hybrid,neural,NPR-d2-correlated-t,correlated-t,2,1,concentrated,32.0,0.032,0.07074348082152904,0.25963828323866367,0.3416834563353969,1.1788619756698608,1.1761190416414427,nan,nan,nan,20,10240,20480,320,20480,30720,2621440,5898240.0,10485760,67584,98048,0,0.6611869999978808,0.0639073999991524,2048,4610
exact-free-particle-ceiling,free-particle-diagnostic,NPR-d2-correlated-t,correlated-t,2,1,concentrated,nan,nan,0.0005804678802086016,0.023717486780464314,0.06879544235586882,0.9573350215264537,1.1122146301517135,nan,nan,nan,100,512,512,1,20480,20480,7864320,48263237.592530765,0,67584,0,0,0.19470219999493565,0.07153090000065276,0,0
paper-neural,neural,NPR-d2-correlated-t,correlated-t,2,1,broad,16.0,0.016,0.017387989970097717,0.12490803217042315,0.26335128691627874,0.916267454624176,1.0158783424854412,nan,nan,nan,320,20480,20480,320,20480,20480,0,0.0,2621440,0,0,0,0.5501233000031789,0.0,2048,4610
minibatch-sw,neural,NPR-d2-correlated-t,correlated-t,2,1,broad,16.0,0.016,0.00818964097540631,0.07774927596959182,0.17231288274633574,0.90207839012146,1.097592016408612,nan,nan,nan,320,20480,20480,320,20480,20480,2621440,15728640.0,0,0,0,0,0.8615535999997519,0.0,2048,4610
exact-atlas-rsr,neural,NPR-d2-correlated-t,correlated-t,2,1,broad,32.0,0.032,0.015622145313120228,0.116848114741368,0.23990144838169425,0.8952444195747375,1.122795147404193,nan,nan,nan,20,10240,20480,320,20480,20480,2621440,24670277.592530765,0,67584,0,0,0.2788546000010683,0.07153090000065276,2048,4610
kll-atlas-rsr,neural,NPR-d2-correlated-t,correlated-t,2,1,broad,32.0,0.032,0.019550314973145078,0.11929888698236246,0.22930606739535622,0.9514851570129395,1.1495779294006103,nan,nan,nan,20,10240,20480,320,20480,20480,2621440,5898240.0,0,67584,98048,0,0.28871539999818197,0.0639073999991524,2048,4610
kll-small-rsr,neural,NPR-d2-correlated-t,correlated-t,2,1,broad,16.0,0.016,0.024002095582472904,0.1258853065648147,0.189094356440533,1.0477805137634277,1.141476104188383,nan,nan,nan,160,10240,20480,320,20480,20480,2621440,3932160.0,0,67584,98048,0,0.43292090000613825,0.0639073999991524,2048,4610
kll-paper-hybrid,neural,NPR-d2-correlated-t,correlated-t,2,1,broad,32.0,0.032,0.011809824547037717,0.09535683961172596,0.22682307405706761,0.8830589652061462,1.0991089843575745,nan,nan,nan,20,10240,20480,320,20480,30720,2621440,5898240.0,10485760,67584,98048,0,0.6875269999945886,0.0639073999991524,2048,4610
exact-free-particle-ceiling,free-particle-diagnostic,NPR-d2-correlated-t,correlated-t,2,1,broad,nan,nan,0.0005848245876516334,0.023984024453913826,0.06917647131280517,0.9573220960473828,1.1118816890812235,nan,nan,nan,100,512,512,1,20480,20480,7864320,48263237.592530765,0,67584,0,0,0.1757992999991984,0.07153090000065276,0,0
paper-neural,neural,NPR-d2-correlated-t,correlated-t,2,2,concentrated,16.0,0.016,0.01911072829257421,0.11585892553732673,0.23725038622845648,0.6379233002662659,1.0354765293659303,nan,nan,nan,320,20480,20480,320,20480,20480,0,0.0,2621440,0,0,0,0.6232958999971743,0.0,2048,4610
minibatch-sw,neural,NPR-d2-correlated-t,correlated-t,2,2,concentrated,16.0,0.016,0.006532009235265868,0.07059669451534453,0.15899156136685366,0.73374342918396,1.1514907136363195,nan,nan,nan,320,20480,20480,320,20480,20480,2621440,15728640.0,0,0,0,0,0.9068879999977071,0.0,2048,4610
exact-atlas-rsr,neural,NPR-d2-correlated-t,correlated-t,2,2,concentrated,32.0,0.032,0.02557883524626714,0.13091856485562414,0.1920205122812727,0.8483495116233826,1.1195929556649897,nan,nan,nan,20,10240,20480,320,20480,20480,2621440,24670277.592530765,0,67584,0,0,0.28523280000081286,0.08814390000043204,2048,4610
kll-atlas-rsr,neural,NPR-d2-correlated-t,correlated-t,2,2,concentrated,32.0,0.032,0.027811285130879604,0.13527750384194942,0.18520911894764686,0.8708252310752869,1.0665352760436935,nan,nan,nan,20,10240,20480,320,20480,20480,2621440,5898240.0,0,67584,98048,0,0.28338870000152383,0.06872110000404064,2048,4610
kll-small-rsr,neural,NPR-d2-correlated-t,correlated-t,2,2,concentrated,16.0,0.016,0.00571407241088373,0.06850810047956918,0.13389815678379885,0.8751737475395203,1.066870326255654,nan,nan,nan,160,10240,20480,320,20480,20480,2621440,3932160.0,0,67584,98048,0,0.46782209999946645,0.06872110000404064,2048,4610
kll-paper-hybrid,neural,NPR-d2-correlated-t,correlated-t,2,2,concentrated,32.0,0.032,0.011949815566906885,0.073098760744206,0.1725179406358676,0.732120931148529,1.2133272923498646,nan,nan,nan,20,10240,20480,320,20480,30720,2621440,5898240.0,10485760,67584,98048,0,0.756694100004097,0.06872110000404064,2048,4610
exact-free-particle-ceiling,free-particle-diagnostic,NPR-d2-correlated-t,correlated-t,2,2,concentrated,nan,nan,0.0003941205500388456,0.016853074893647024,0.04986057889064912,0.8450703195135547,1.1080935542255916,nan,nan,nan,100,512,512,1,20480,20480,7864320,48263237.592530765,0,67584,0,0,0.19266760000027716,0.08814390000043204,0,0
paper-neural,neural,NPR-d2-correlated-t,correlated-t,2,2,broad,16.0,0.016,0.011848909848635625,0.09514444988303236,0.21890174225668876,0.6531866192817688,1.0778676662102566,nan,nan,nan,320,20480,20480,320,20480,20480,0,0.0,2621440,0,0,0,0.6575962999995681,0.0,2048,4610
minibatch-sw,neural,NPR-d2-correlated-t,correlated-t,2,2,broad,16.0,0.016,0.01357403265370527,0.08637262154618598,0.14142506640885552,0.8499611020088196,1.0998398635080233,nan,nan,nan,320,20480,20480,320,20480,20480,2621440,15728640.0,0,0,0,0,0.9924649000022328,0.0,2048,4610
exact-atlas-rsr,neural,NPR-d2-correlated-t,correlated-t,2,2,broad,32.0,0.032,0.005638871574524362,0.06503398396952922,0.18926393008849732,0.6974441409111023,1.146001491435134,nan,nan,nan,20,10240,20480,320,20480,20480,2621440,24670277.592530765,0,67584,0,0,0.2702404000010574,0.08814390000043204,2048,4610
kll-atlas-rsr,neural,NPR-d2-correlated-t,correlated-t,2,2,broad,32.0,0.032,0.0059802542296383265,0.06263341033902713,0.1781075194107019,0.7185918092727661,1.1787636514580286,nan,nan,nan,20,10240,20480,320,20480,20480,2621440,5898240.0,0,67584,98048,0,0.26965070000005653,0.06872110000404064,2048,4610
kll-small-rsr,neural,NPR-d2-correlated-t,correlated-t,2,2,broad,16.0,0.016,0.010147936174810024,0.08838097324728524,0.14707652200748886,0.880803108215332,1.0865280873838552,nan,nan,nan,160,10240,20480,320,20480,20480,2621440,3932160.0,0,67584,98048,0,0.4367005000021891,0.06872110000404064,2048,4610
kll-paper-hybrid,neural,NPR-d2-correlated-t,correlated-t,2,2,broad,32.0,0.032,0.021679943179758965,0.12840470936041393,0.19974239556929635,0.870229959487915,1.1011407097116992,nan,nan,nan,20,10240,20480,320,20480,30720,2621440,5898240.0,10485760,67584,98048,0,0.7472888999982388,0.06872110000404064,2048,4610
exact-free-particle-ceiling,free-particle-diagnostic,NPR-d2-correlated-t,correlated-t,2,2,broad,nan,nan,0.0003901523731546508,0.0160274607395524,0.050829230102234724,0.8450882143396344,1.107727743556151,nan,nan,nan,100,512,512,1,20480,20480,7864320,48263237.592530765,0,67584,0,0,0.20920949999708682,0.08814390000043204,0,0
paper-neural,neural,NPR-d8-correlated-t,correlated-t,8,0,concentrated,16.0,0.016,0.03651308042804535,0.12488125152958121,0.24795240344187347,0.8405668139457703,2.982714991036792,nan,nan,nan,320,20480,20480,320,20480,20480,0,0.0,2621440,0,0,0,0.711331300000893,0.0,2048,5256
minibatch-sw,neural,NPR-d8-correlated-t,correlated-t,8,0,concentrated,16.0,0.016,0.03481262309609745,0.11812564776850626,0.18170061332170626,0.9526636600494385,3.774312106488012,nan,nan,nan,320,20480,20480,320,20480,20480,2621440,15728640.0,0,0,0,0,1.0366620999993756,0.0,2048,5256
exact-atlas-rsr,neural,NPR-d8-correlated-t,correlated-t,8,0,concentrated,32.0,0.032,0.06268241735008795,0.16257212405735658,0.22915317173810174,1.0223242044448853,4.551367359271317,nan,nan,nan,20,10240,20480,320,20480,20480,2621440,24670277.592530765,0,70656,0,0,0.2829910000000382,0.08287679999921238,2048,5256
kll-atlas-rsr,neural,NPR-d8-correlated-t,correlated-t,8,0,concentrated,32.0,0.032,0.05997446643309212,0.1582835717312273,0.2260295695354825,1.017255187034607,4.580889442563541,nan,nan,nan,20,10240,20480,320,20480,20480,2621440,5898240.0,0,70656,98048,0,0.29867510000622133,0.06629969999630703,2048,5256
kll-small-rsr,neural,NPR-d8-correlated-t,correlated-t,8,0,concentrated,16.0,0.016,0.019815863631997832,0.08780155672823556,0.14862096081802229,0.9324326515197754,3.5052964894745755,nan,nan,nan,160,10240,20480,320,20480,20480,2621440,3932160.0,0,70656,98048,0,0.4183751999953529,0.06629969999630703,2048,5256
kll-paper-hybrid,neural,NPR-d8-correlated-t,correlated-t,8,0,concentrated,32.0,0.032,0.0428931113353177,0.14131369920355383,0.2560871171676666,0.8972532153129578,3.7160239070106043,nan,nan,nan,20,10240,20480,320,20480,30720,2621440,5898240.0,10485760,70656,98048,0,0.9530951000051573,0.06629969999630703,2048,5256
exact-free-particle-ceiling,free-particle-diagnostic,NPR-d8-correlated-t,correlated-t,8,0,concentrated,nan,nan,0.005408733313692515,0.04740943296389159,0.07124706725917308,0.9687412536751878,4.376857502266033,nan,nan,nan,100,512,512,1,20480,20480,7864320,48263237.592530765,0,70656,0,0,0.23714469999686116,0.08287679999921238,0,0
paper-neural,neural,NPR-d8-correlated-t,correlated-t,8,0,broad,16.0,0.016,0.038458784528850654,0.13428808085900912,0.255801863961071,0.8043394088745117,3.56130248136445,nan,nan,nan,320,20480,20480,320,20480,20480,0,0.0,2621440,0,0,0,0.7153967999984161,0.0,2048,5256
minibatch-sw,neural,NPR-d8-correlated-t,correlated-t,8,0,broad,16.0,0.016,0.04041508320664411,0.11702192654622101,0.186753598811223,0.929840087890625,4.647293740031166,nan,nan,nan,320,20480,20480,320,20480,20480,2621440,15728640.0,0,0,0,0,1.067267600003106,0.0,2048,5256
exact-atlas-rsr,neural,NPR-d8-correlated-t,correlated-t,8,0,broad,32.0,0.032,0.023076785274392275,0.09474036294635801,0.1847881754454908,0.9283689260482788,4.2409737344426395,nan,nan,nan,20,10240,20480,320,20480,20480,2621440,24670277.592530765,0,70656,0,0,0.29805250000208616,0.08287679999921238,2048,5256
kll-atlas-rsr,neural,NPR-d8-correlated-t,correlated-t,8,0,broad,32.0,0.032,0.022120238780880097,0.09246012458567389,0.17648498716693087,0.9375517964363098,4.0910041079171675,nan,nan,nan,20,10240,20480,320,20480,20480,2621440,5898240.0,0,70656,98048,0,0.35455210000509396,0.06629969999630703,2048,5256
kll-small-rsr,neural,NPR-d8-correlated-t,correlated-t,8,0,broad,16.0,0.016,0.040842248895604616,0.1301323374733361,0.18025269915167672,0.9774315357208252,4.420084395960754,nan,nan,nan,160,10240,20480,320,20480,20480,2621440,3932160.0,0,70656,98048,0,0.53723689999606,0.06629969999630703,2048,5256
kll-paper-hybrid,neural,NPR-d8-correlated-t,correlated-t,8,0,broad,32.0,0.032,0.03364042768489961,0.11290731132161638,0.20070491495065274,0.9734119772911072,4.402915828681594,nan,nan,nan,20,10240,20480,320,20480,30720,2621440,5898240.0,10485760,70656,98048,0,0.9092795999968075,0.06629969999630703,2048,5256
exact-free-particle-ceiling,free-particle-diagnostic,NPR-d8-correlated-t,correlated-t,8,0,broad,nan,nan,0.010957583763933076,0.07172213187920065,0.07263329529309624,0.9686053711989911,4.367998192005353,nan,nan,nan,100,512,512,1,20480,20480,7864320,48263237.592530765,0,70656,0,0,0.24224659999890719,0.08287679999921238,0,0
paper-neural,neural,NPR-d8-correlated-t,correlated-t,8,1,concentrated,16.0,0.016,0.05013281769533595,0.13850424301653227,0.24760713013628033,0.8096347451210022,2.4612072656199575,nan,nan,nan,320,20480,20480,320,20480,20480,0,0.0,2621440,0,0,0,0.8856652999966173,0.0,2048,5256
minibatch-sw,neural,NPR-d8-correlated-t,correlated-t,8,1,concentrated,16.0,0.016,0.04424997175363998,0.13394739650087029,0.19541548031624992,0.9784186482429504,3.9068756214453133,nan,nan,nan,320,20480,20480,320,20480,20480,2621440,15728640.0,0,0,0,0,1.1883374999961234,0.0,2048,5256
exact-atlas-rsr,neural,NPR-d8-correlated-t,correlated-t,8,1,concentrated,32.0,0.032,0.03234029420382001,0.1140421208263471,0.18271419405904482,0.9667972326278687,3.878117588857211,nan,nan,nan,20,10240,20480,320,20480,20480,2621440,24670277.592530765,0,70656,0,0,0.35528340000018943,0.09175400000094669,2048,5256
kll-atlas-rsr,neural,NPR-d8-correlated-t,correlated-t,8,1,concentrated,32.0,0.032,0.03519607118854928,0.11944943398328972,0.18768285184376354,0.9772706031799316,3.556396972722154,nan,nan,nan,20,10240,20480,320,20480,20480,2621440,5898240.0,0,70656,98048,0,0.3025545999989845,0.07308310000371421,2048,5256
kll-small-rsr,neural,NPR-d8-correlated-t,correlated-t,8,1,concentrated,16.0,0.016,0.026363721117859562,0.09661809462475805,0.1508065764398716,0.9007061123847961,4.227940771492079,nan,nan,nan,160,10240,20480,320,20480,20480,2621440,3932160.0,0,70656,98048,0,0.6697958000004292,0.07308310000371421,2048,5256
kll-paper-hybrid,neural,NPR-d8-correlated-t,correlated-t,8,1,concentrated,32.0,0.032,0.030258143729482434,0.10971090556099992,0.1919959624680686,0.9434183239936829,3.8729259577991404,nan,nan,nan,20,10240,20480,320,20480,30720,2621440,5898240.0,10485760,70656,98048,0,0.8038384999963455,0.07308310000371421,2048,5256
exact-free-particle-ceiling,free-particle-diagnostic,NPR-d8-correlated-t,correlated-t,8,1,concentrated,nan,nan,0.01008035680874153,0.06343248555511137,0.06267083668495119,0.9435054368962308,4.362381389800709,nan,nan,nan,100,512,512,1,20480,20480,7864320,48263237.592530765,0,70656,0,0,0.22814610000204993,0.09175400000094669,0,0
paper-neural,neural,NPR-d8-correlated-t,correlated-t,8,1,broad,16.0,0.016,0.03215133620854971,0.11625496826371945,0.24888349359186954,0.7735000252723694,3.3929884036374993,nan,nan,nan,320,20480,20480,320,20480,20480,0,0.0,2621440,0,0,0,0.780226800001401,0.0,2048,5256
minibatch-sw,neural,NPR-d8-correlated-t,correlated-t,8,1,broad,16.0,0.016,0.024429748699277276,0.0983966866136684,0.14576276761511264,0.954630970954895,3.8158382784442644,nan,nan,nan,320,20480,20480,320,20480,20480,2621440,15728640.0,0,0,0,0,1.0618850000028033,0.0,2048,5256
exact-atlas-rsr,neural,NPR-d8-correlated-t,correlated-t,8,1,broad,32.0,0.032,0.03207655606621351,0.11165475717934698,0.16583119589197937,0.9742528796195984,3.74588906618874,nan,nan,nan,20,10240,20480,320,20480,20480,2621440,24670277.592530765,0,70656,0,0,0.27167760000156704,0.09175400000094669,2048,5256
kll-atlas-rsr,neural,NPR-d8-correlated-t,correlated-t,8,1,broad,32.0,0.032,0.03284238384564109,0.11297346490926788,0.16735375208591774,0.9786324501037598,3.7664706894135898,nan,nan,nan,20,10240,20480,320,20480,20480,2621440,5898240.0,0,70656,98048,0,0.2903504999994766,0.07308310000371421,2048,5256
kll-small-rsr,neural,NPR-d8-correlated-t,correlated-t,8,1,broad,16.0,0.016,0.0264447407876105,0.09816708723634245,0.15933703163246932,0.8692308664321899,3.7745281975565463,nan,nan,nan,160,10240,20480,320,20480,20480,2621440,3932160.0,0,70656,98048,0,0.5097680000035325,0.07308310000371421,2048,5256
kll-paper-hybrid,neural,NPR-d8-correlated-t,correlated-t,8,1,broad,32.0,0.032,0.038005674081310836,0.12256042477265579,0.1905900760608946,0.9462548494338989,3.7615718335308164,nan,nan,nan,20,10240,20480,320,20480,30720,2621440,5898240.0,10485760,70656,98048,0,0.9230060999980196,0.07308310000371421,2048,5256
exact-free-particle-ceiling,free-particle-diagnostic,NPR-d8-correlated-t,correlated-t,8,1,broad,nan,nan,0.00639326385791783,0.050470292793476694,0.06125924199342124,0.9435234030901918,4.421666901483758,nan,nan,nan,100,512,512,1,20480,20480,7864320,48263237.592530765,0,70656,0,0,0.23007900000084192,0.09175400000094669,0,0
paper-neural,neural,NPR-d8-correlated-t,correlated-t,8,2,concentrated,16.0,0.016,0.03586038614396436,0.12414734578885213,0.23007137574184788,0.823337972164154,3.358925351498281,nan,nan,nan,320,20480,20480,320,20480,20480,0,0.0,2621440,0,0,0,0.7116793000022881,0.0,2048,5256
minibatch-sw,neural,NPR-d8-correlated-t,correlated-t,8,2,concentrated,16.0,0.016,0.03405261892673472,0.11864111317736739,0.18739355122868975,0.8683993220329285,4.264427704709618,nan,nan,nan,320,20480,20480,320,20480,20480,2621440,15728640.0,0,0,0,0,0.9414471999989473,0.0,2048,5256
exact-atlas-rsr,neural,NPR-d8-correlated-t,correlated-t,8,2,concentrated,32.0,0.032,0.049662924868832725,0.1438442214981392,0.2055190986081484,0.9656116962432861,3.4938586424970586,nan,nan,nan,20,10240,20480,320,20480,20480,2621440,24670277.592530765,0,70656,0,0,0.27744930000335444,0.10450709999713581,2048,5256
kll-atlas-rsr,neural,NPR-d8-correlated-t,correlated-t,8,2,concentrated,32.0,0.032,0.05342428030756352,0.14732262813201383,0.2068311845783943,0.993416428565979,3.597128727204961,nan,nan,nan,20,10240,20480,320,20480,20480,2621440,5898240.0,0,70656,98048,0,0.2633009999990463,0.06874499999685213,2048,5256
kll-small-rsr,neural,NPR-d8-correlated-t,correlated-t,8,2,concentrated,16.0,0.016,0.032750733956808276,0.1163032540333834,0.17413111048994773,0.8692517280578613,4.3283594314955245,nan,nan,nan,160,10240,20480,320,20480,20480,2621440,3932160.0,0,70656,98048,0,0.45458209999924293,0.06874499999685213,2048,5256
kll-paper-hybrid,neural,NPR-d8-correlated-t,correlated-t,8,2,concentrated,32.0,0.032,0.06383005832344324,0.16173784546164344,0.23300187487063387,0.9861048460006714,3.8415979664286692,nan,nan,nan,20,10240,20480,320,20480,30720,2621440,5898240.0,10485760,70656,98048,0,0.7604934999981197,0.06874499999685213,2048,5256
exact-free-particle-ceiling,free-particle-diagnostic,NPR-d8-correlated-t,correlated-t,8,2,concentrated,nan,nan,0.008492848860388591,0.060578664611462295,0.06116226546620352,0.9693360460044479,4.482441124367431,nan,nan,nan,100,512,512,1,20480,20480,7864320,48263237.592530765,0,70656,0,0,0.20751720000407659,0.10450709999713581,0,0
paper-neural,neural,NPR-d8-correlated-t,correlated-t,8,2,broad,16.0,0.016,0.04706298646707374,0.14591859269719165,0.25964793164331684,0.7711064219474792,3.8306772017417856,nan,nan,nan,320,20480,20480,320,20480,20480,0,0.0,2621440,0,0,0,0.7569847999984631,0.0,2048,5256
minibatch-sw,neural,NPR-d8-correlated-t,correlated-t,8,2,broad,16.0,0.016,0.032149967276289715,0.117984466553157,0.1703895783691087,0.9202846884727478,4.145692193554226,nan,nan,nan,320,20480,20480,320,20480,20480,2621440,15728640.0,0,0,0,0,0.9286344000065583,0.0,2048,5256
exact-atlas-rsr,neural,NPR-d8-correlated-t,correlated-t,8,2,broad,32.0,0.032,0.034787587294781375,0.1190040903571843,0.16907992658891097,0.992935836315155,4.064255097973739,nan,nan,nan,20,10240,20480,320,20480,20480,2621440,24670277.592530765,0,70656,0,0,0.3061082999993232,0.10450709999713581,2048,5256
kll-atlas-rsr,neural,NPR-d8-correlated-t,correlated-t,8,2,broad,32.0,0.032,0.036279417453052965,0.1201202914235607,0.16989178673516797,0.9973478317260742,3.9935470701844875,nan,nan,nan,20,10240,20480,320,20480,20480,2621440,5898240.0,0,70656,98048,0,0.2991461999990861,0.06874499999685213,2048,5256
kll-small-rsr,neural,NPR-d8-correlated-t,correlated-t,8,2,broad,16.0,0.016,0.029755912057439993,0.10901054110881696,0.17113387279799247,0.9009063243865967,3.427451623024471,nan,nan,nan,160,10240,20480,320,20480,20480,2621440,3932160.0,0,70656,98048,0,0.49186310000368394,0.06874499999685213,2048,5256
kll-paper-hybrid,neural,NPR-d8-correlated-t,correlated-t,8,2,broad,32.0,0.032,0.03559554231536488,0.11750661942219104,0.19950713958214783,0.9234610199928284,4.073987335724471,nan,nan,nan,20,10240,20480,320,20480,30720,2621440,5898240.0,10485760,70656,98048,0,0.7946223999970243,0.06874499999685213,2048,5256
exact-free-particle-ceiling,free-particle-diagnostic,NPR-d8-correlated-t,correlated-t,8,2,broad,nan,nan,0.00645111763776729,0.050765756098754666,0.058291623028464246,0.9694188715632631,4.386352568932691,nan,nan,nan,100,512,512,1,20480,20480,7864320,48263237.592530765,0,70656,0,0,0.2189072999972268,0.10450709999713581,0,0
paper-neural,neural,NPR-d2-nonlinear,nonlinear,2,0,concentrated,16.0,0.016,0.03657797816695174,0.18517419710805819,0.4392049996136321,0.8224730491638184,1.9962735843539776,nan,nan,nan,320,20480,20480,320,20480,20480,0,0.0,2621440,0,0,0,0.5298810999956913,0.0,2048,4610
minibatch-sw,neural,NPR-d2-nonlinear,nonlinear,2,0,concentrated,16.0,0.016,0.022677108466716778,0.1385503619707949,0.2178445825836266,0.9312494397163391,1.9461728652743622,nan,nan,nan,320,20480,20480,320,20480,20480,2621440,15728640.0,0,0,0,0,0.7975539999970351,0.0,2048,4610
exact-atlas-rsr,neural,NPR-d2-nonlinear,nonlinear,2,0,concentrated,32.0,0.032,0.016520467630228186,0.12655161699633008,0.28691828035776823,0.9001944065093994,1.990631615919129,nan,nan,nan,20,10240,20480,320,20480,20480,2621440,24670277.592530765,0,67584,0,0,0.31106069999805186,0.0730420999971102,2048,4610
kll-atlas-rsr,neural,NPR-d2-nonlinear,nonlinear,2,0,concentrated,32.0,0.032,0.016417115042909547,0.12577656956374464,0.2851545764572963,0.9032813310623169,1.9874584935759458,nan,nan,nan,20,10240,20480,320,20480,20480,2621440,5898240.0,0,67584,98048,0,0.23530459999892628,0.05837669999891659,2048,4610
kll-small-rsr,neural,NPR-d2-nonlinear,nonlinear,2,0,concentrated,16.0,0.016,0.02682923932150505,0.16078557488262918,0.28203428321037166,0.80010586977005,1.9133445442002268,nan,nan,nan,160,10240,20480,320,20480,20480,2621440,3932160.0,0,67584,98048,0,0.4237686999986181,0.05837669999891659,2048,4610
kll-paper-hybrid,neural,NPR-d2-nonlinear,nonlinear,2,0,concentrated,32.0,0.032,0.03456069922398397,0.18861523682266015,0.3122222809540285,0.9980241656303406,1.9887571126119976,nan,nan,nan,20,10240,20480,320,20480,30720,2621440,5898240.0,10485760,67584,98048,0,0.6465901999981725,0.05837669999891659,2048,4610
exact-free-particle-ceiling,free-particle-diagnostic,NPR-d2-nonlinear,nonlinear,2,0,concentrated,nan,nan,0.0009093493063208058,0.0309262995941508,0.07923643282009916,0.9786899509939194,1.982467095367391,nan,nan,nan,100,512,512,1,20480,20480,7864320,48263237.592530765,0,67584,0,0,0.21374899999500485,0.0730420999971102,0,0
paper-neural,neural,NPR-d2-nonlinear,nonlinear,2,0,broad,16.0,0.016,0.025987194541438274,0.1692033437833588,0.4386970243172229,0.7339985370635986,1.9525831601578756,nan,nan,nan,320,20480,20480,320,20480,20480,0,0.0,2621440,0,0,0,0.6261441000024206,0.0,2048,4610
minibatch-sw,neural,NPR-d2-nonlinear,nonlinear,2,0,broad,16.0,0.016,0.0275503780384736,0.1670215914966886,0.273015791446765,1.1076252460479736,1.8616910877927944,nan,nan,nan,320,20480,20480,320,20480,20480,2621440,15728640.0,0,0,0,0,0.7572086000000127,0.0,2048,4610
exact-atlas-rsr,neural,NPR-d2-nonlinear,nonlinear,2,0,broad,32.0,0.032,0.02871876032482623,0.18718844762463427,0.38106267256510573,0.8066512942314148,1.872327508091621,nan,nan,nan,20,10240,20480,320,20480,20480,2621440,24670277.592530765,0,67584,0,0,0.20329040000069654,0.0730420999971102,2048,4610
kll-atlas-rsr,neural,NPR-d2-nonlinear,nonlinear,2,0,broad,32.0,0.032,0.02852221602769678,0.18673904069527483,0.3818374184468293,0.8075597882270813,1.8823868387039762,nan,nan,nan,20,10240,20480,320,20480,20480,2621440,5898240.0,0,67584,98048,0,0.262525000005553,0.05837669999891659,2048,4610
kll-small-rsr,neural,NPR-d2-nonlinear,nonlinear,2,0,broad,16.0,0.016,0.04499667886008618,0.21586550122756595,0.3191236016142625,1.133819818496704,1.8627974977043633,nan,nan,nan,160,10240,20480,320,20480,20480,2621440,3932160.0,0,67584,98048,0,0.4289684000032139,0.05837669999891659,2048,4610
kll-paper-hybrid,neural,NPR-d2-nonlinear,nonlinear,2,0,broad,32.0,0.032,0.05935542654040882,0.24319654792384462,0.4072674140030809,0.9973950982093811,1.8845963896983315,nan,nan,nan,20,10240,20480,320,20480,30720,2621440,5898240.0,10485760,67584,98048,0,0.6484897999980603,0.05837669999891659,2048,4610
exact-free-particle-ceiling,free-particle-diagnostic,NPR-d2-nonlinear,nonlinear,2,0,broad,nan,nan,0.0008582502637712874,0.030359976627046197,0.07715341151757725,0.9787737433436773,1.9833365113372776,nan,nan,nan,100,512,512,1,20480,20480,7864320,48263237.592530765,0,67584,0,0,0.20719290000124602,0.0730420999971102,0,0
paper-neural,neural,NPR-d2-nonlinear,nonlinear,2,1,concentrated,16.0,0.016,0.04363607164831462,0.19940645710238264,0.42160166151882933,0.6758481860160828,1.6445629017001262,nan,nan,nan,320,20480,20480,320,20480,20480,0,0.0,2621440,0,0,0,0.6555449000006774,0.0,2048,4610
minibatch-sw,neural,NPR-d2-nonlinear,nonlinear,2,1,concentrated,16.0,0.016,0.11491195296092682,0.257396624739746,0.31668384506604635,0.9183228611946106,1.7306392970817623,nan,nan,nan,320,20480,20480,320,20480,20480,2621440,15728640.0,0,0,0,0,0.9144608999995398,0.0,2048,4610
exact-atlas-rsr,neural,NPR-d2-nonlinear,nonlinear,2,1,concentrated,32.0,0.032,0.014274728103355283,0.11002700683964438,0.16872302836995826,0.8338924050331116,1.9452951829424927,nan,nan,nan,20,10240,20480,320,20480,20480,2621440,24670277.592530765,0,67584,0,0,0.19359840000106487,0.09006979999685427,2048,4610
kll-atlas-rsr,neural,NPR-d2-nonlinear,nonlinear,2,1,concentrated,32.0,0.032,0.015196613285337168,0.11375157290858408,0.16816221250065155,0.828655481338501,1.9719596314828018,nan,nan,nan,20,10240,20480,320,20480,20480,2621440,5898240.0,0,67584,98048,0,0.2773234999986016,0.061850500002037734,2048,4610
kll-small-rsr,neural,NPR-d2-nonlinear,nonlinear,2,1,concentrated,16.0,0.016,0.07345089203401356,0.23553969853824766,0.29063134059505,1.1303043365478516,1.8273733939238024,nan,nan,nan,160,10240,20480,320,20480,20480,2621440,3932160.0,0,67584,98048,0,0.4701956000062637,0.061850500002037734,2048,4610
kll-paper-hybrid,neural,NPR-d2-nonlinear,nonlinear,2,1,concentrated,32.0,0.032,0.04025184329939213,0.17771121162235132,0.24368385370645063,1.0446735620498657,1.9255640823241804,nan,nan,nan,20,10240,20480,320,20480,30720,2621440,5898240.0,10485760,67584,98048,0,0.65467190000345,0.061850500002037734,2048,4610
exact-free-particle-ceiling,free-particle-diagnostic,NPR-d2-nonlinear,nonlinear,2,1,concentrated,nan,nan,0.002184670766737007,0.04579253913197549,0.09431712842517022,0.9812027103312536,1.9781060535429171,nan,nan,nan,100,512,512,1,20480,20480,7864320,48263237.592530765,0,67584,0,0,0.20295210000040242,0.09006979999685427,0,0
paper-neural,neural,NPR-d2-nonlinear,nonlinear,2,1,broad,16.0,0.016,0.03185684663888422,0.17622653553252302,0.3491725742115789,0.7257692813873291,1.8368680170885727,nan,nan,nan,320,20480,20480,320,20480,20480,0,0.0,2621440,0,0,0,0.6854929000037373,0.0,2048,4610
minibatch-sw,neural,NPR-d2-nonlinear,nonlinear,2,1,broad,16.0,0.016,0.04164871727265096,0.15994661366471874,0.18867316186531222,0.8647297620773315,1.9330416156960257,nan,nan,nan,320,20480,20480,320,20480,20480,2621440,15728640.0,0,0,0,0,0.7769680999990669,0.0,2048,4610
exact-atlas-rsr,neural,NPR-d2-nonlinear,nonlinear,2,1,broad,32.0,0.032,0.046085526583434344,0.1974251564595511,0.2980252745247693,0.793093740940094,1.8959991694099074,nan,nan,nan,20,10240,20480,320,20480,20480,2621440,24670277.592530765,0,67584,0,0,0.26263050000125077,0.09006979999685427,2048,4610
kll-atlas-rsr,neural,NPR-d2-nonlinear,nonlinear,2,1,broad,32.0,0.032,0.039769193969446004,0.18219282677804927,0.2605627851748947,0.8136465549468994,1.8395691670874437,nan,nan,nan,20,10240,20480,320,20480,20480,2621440,5898240.0,0,67584,98048,0,0.2947803000060958,0.061850500002037734,2048,4610
kll-small-rsr,neural,NPR-d2-nonlinear,nonlinear,2,1,broad,16.0,0.016,0.0421132028923501,0.19889829569723297,0.25375688345600994,1.0397536754608154,1.9725122127907173,nan,nan,nan,160,10240,20480,320,20480,20480,2621440,3932160.0,0,67584,98048,0,0.43539630000304896,0.061850500002037734,2048,4610
kll-paper-hybrid,neural,NPR-d2-nonlinear,nonlinear,2,1,broad,32.0,0.032,0.07949478871529969,0.2670026548744482,0.3487969685474129,1.0160118341445923,1.950287797085014,nan,nan,nan,20,10240,20480,320,20480,30720,2621440,5898240.0,10485760,67584,98048,0,0.6922639000040363,0.061850500002037734,2048,4610
exact-free-particle-ceiling,free-particle-diagnostic,NPR-d2-nonlinear,nonlinear,2,1,broad,nan,nan,0.0022211075219293885,0.04623227596919464,0.09563858163610432,0.9811462945151193,1.9774893193248855,nan,nan,nan,100,512,512,1,20480,20480,7864320,48263237.592530765,0,67584,0,0,0.19933560000208672,0.09006979999685427,0,0
paper-neural,neural,NPR-d2-nonlinear,nonlinear,2,2,concentrated,16.0,0.016,0.046377010794482754,0.22337002230151382,0.5407327582770959,0.654853343963623,1.931712209181708,nan,nan,nan,320,20480,20480,320,20480,20480,0,0.0,2621440,0,0,0,0.5906786999985343,0.0,2048,4610
minibatch-sw,neural,NPR-d2-nonlinear,nonlinear,2,2,concentrated,16.0,0.016,0.030238581867962022,0.1610726614040892,0.259408815135433,0.9423097968101501,1.7810320925451977,nan,nan,nan,320,20480,20480,320,20480,20480,2621440,15728640.0,0,0,0,0,0.9135427000001073,0.0,2048,4610
exact-atlas-rsr,neural,NPR-d2-nonlinear,nonlinear,2,2,concentrated,32.0,0.032,0.0180555373226694,0.1337155046255624,0.2926282278089549,0.9100253582000732,1.9390288504731787,nan,nan,nan,20,10240,20480,320,20480,20480,2621440,24670277.592530765,0,67584,0,0,0.2963887999940198,0.07674210000550374,2048,4610
kll-atlas-rsr,neural,NPR-d2-nonlinear,nonlinear,2,2,concentrated,32.0,0.032,0.01759527889659873,0.13208943487945488,0.28735050975252213,0.9139251112937927,1.930993557357595,nan,nan,nan,20,10240,20480,320,20480,20480,2621440,5898240.0,0,67584,98048,0,0.31184509999729926,0.06716299999970943,2048,4610
kll-small-rsr,neural,NPR-d2-nonlinear,nonlinear,2,2,concentrated,16.0,0.016,0.00862999135201159,0.09745973273615986,0.22548828289613007,0.863430380821228,1.965479414542976,nan,nan,nan,160,10240,20480,320,20480,20480,2621440,3932160.0,0,67584,98048,0,0.48287010000058217,0.06716299999970943,2048,4610
kll-paper-hybrid,neural,NPR-d2-nonlinear,nonlinear,2,2,concentrated,32.0,0.032,0.055313655703776554,0.22737174727281056,0.36894242688045686,1.0173182487487793,1.8606874208484245,nan,nan,nan,20,10240,20480,320,20480,30720,2621440,5898240.0,10485760,67584,98048,0,0.8314515000020037,0.06716299999970943,2048,4610
exact-free-particle-ceiling,free-particle-diagnostic,NPR-d2-nonlinear,nonlinear,2,2,concentrated,nan,nan,0.0006633886726326033,0.028433619015301358,0.08051062785851397,0.9783426535554375,1.9813142989883978,nan,nan,nan,100,512,512,1,20480,20480,7864320,48263237.592530765,0,67584,0,0,0.22190579999733018,0.07674210000550374,0,0
paper-neural,neural,NPR-d2-nonlinear,nonlinear,2,2,broad,16.0,0.016,0.049745138604047945,0.2238972188738683,0.5544947112345432,0.6588909029960632,1.6617460356930607,nan,nan,nan,320,20480,20480,320,20480,20480,0,0.0,2621440,0,0,0,0.7225844999993569,0.0,2048,4610
minibatch-sw,neural,NPR-d2-nonlinear,nonlinear,2,2,broad,16.0,0.016,0.020317551747111473,0.13537729437976517,0.27209744706604555,0.9092110395431519,1.8269259416946193,nan,nan,nan,320,20480,20480,320,20480,20480,2621440,15728640.0,0,0,0,0,1.0348857000062708,0.0,2048,4610
exact-atlas-rsr,neural,NPR-d2-nonlinear,nonlinear,2,2,broad,32.0,0.032,0.020649066436700725,0.13699417659495483,0.295315507956156,0.8535491228103638,1.8680968002246305,nan,nan,nan,20,10240,20480,320,20480,20480,2621440,24670277.592530765,0,67584,0,0,0.2578931999960332,0.07674210000550374,2048,4610
kll-atlas-rsr,neural,NPR-d2-nonlinear,nonlinear,2,2,broad,32.0,0.032,0.019666969869437168,0.13437699359226832,0.2924158615349174,0.8554710745811462,1.8706559743359488,nan,nan,nan,20,10240,20480,320,20480,20480,2621440,5898240.0,0,67584,98048,0,0.25391210000088904,0.06716299999970943,2048,4610
kll-small-rsr,neural,NPR-d2-nonlinear,nonlinear,2,2,broad,16.0,0.016,0.06004583841333977,0.19871668362513223,0.29649298212066727,0.9987454414367676,1.7318907212551116,nan,nan,nan,160,10240,20480,320,20480,20480,2621440,3932160.0,0,67584,98048,0,0.4616911000048276,0.06716299999970943,2048,4610
kll-paper-hybrid,neural,NPR-d2-nonlinear,nonlinear,2,2,broad,32.0,0.032,0.04750916420686968,0.20879205412322027,0.32240654529074764,0.9987453818321228,1.9780467110636393,nan,nan,nan,20,10240,20480,320,20480,30720,2621440,5898240.0,10485760,67584,98048,0,0.7059259000016027,0.06716299999970943,2048,4610
exact-free-particle-ceiling,free-particle-diagnostic,NPR-d2-nonlinear,nonlinear,2,2,broad,nan,nan,0.0006558313678248773,0.027878670724176442,0.08049045649975574,0.9783456996100737,1.9817073715315834,nan,nan,nan,100,512,512,1,20480,20480,7864320,48263237.592530765,0,67584,0,0,0.22578830000566086,0.07674210000550374,0,0
paper-neural,neural,NPR-d8-nonlinear,nonlinear,8,0,concentrated,16.0,0.016,0.10485505874150558,0.21474659252527478,0.37335498554946234,0.6694433689117432,4.007024976254001,nan,nan,nan,320,20480,20480,320,20480,20480,0,0.0,2621440,0,0,0,0.7720880999986548,0.0,2048,5256
minibatch-sw,neural,NPR-d8-nonlinear,nonlinear,8,0,concentrated,16.0,0.016,0.07294149829411989,0.1642995272597644,0.25092583089120196,0.957141101360321,4.08144373632461,nan,nan,nan,320,20480,20480,320,20480,20480,2621440,15728640.0,0,0,0,0,0.9994707000005292,0.0,2048,5256
exact-atlas-rsr,neural,NPR-d8-nonlinear,nonlinear,8,0,concentrated,32.0,0.032,0.059423889207113056,0.15864503085097154,0.23246251361487302,0.9631217122077942,4.078676805369185,nan,nan,nan,20,10240,20480,320,20480,20480,2621440,24670277.592530765,0,70656,0,0,0.30589989999862155,0.08276099999784492,2048,5256
kll-atlas-rsr,neural,NPR-d8-nonlinear,nonlinear,8,0,concentrated,32.0,0.032,0.06073507534552647,0.1604711835258381,0.2353750090704828,0.9621489644050598,4.024664148424454,nan,nan,nan,20,10240,20480,320,20480,20480,2621440,5898240.0,0,70656,98048,0,0.3018531999987317,0.07269439999799943,2048,5256
kll-small-rsr,neural,NPR-d8-nonlinear,nonlinear,8,0,concentrated,16.0,0.016,0.0627045078261812,0.1522574963597813,0.21104325475897492,0.9753731489181519,3.803206941405696,nan,nan,nan,160,10240,20480,320,20480,20480,2621440,3932160.0,0,70656,98048,0,0.49112829999648966,0.07269439999799943,2048,5256
kll-paper-hybrid,neural,NPR-d8-nonlinear,nonlinear,8,0,concentrated,32.0,0.032,0.058739606795969124,0.1611465019836667,0.24809250568212973,0.9393728971481323,4.128777557758769,nan,nan,nan,20,10240,20480,320,20480,30720,2621440,5898240.0,10485760,70656,98048,0,0.9134292999951867,0.07269439999799943,2048,5256
exact-free-particle-ceiling,free-particle-diagnostic,NPR-d8-nonlinear,nonlinear,8,0,concentrated,nan,nan,0.007745473952344817,0.056435001241167834,0.05347037109874704,0.9852952184589295,4.55845172776217,nan,nan,nan,100,512,512,1,20480,20480,7864320,48263237.592530765,0,70656,0,0,0.21760109999740962,0.08276099999784492,0,0
paper-neural,neural,NPR-d8-nonlinear,nonlinear,8,0,broad,16.0,0.016,0.07970641470274664,0.18393923018997796,0.353720110347524,0.7276480197906494,3.914480114672863,nan,nan,nan,320,20480,20480,320,20480,20480,0,0.0,2621440,0,0,0,0.7829278999997769,0.0,2048,5256
minibatch-sw,neural,NPR-d8-nonlinear,nonlinear,8,0,broad,16.0,0.016,0.05216120033951466,0.14290756903668933,0.20984313166315083,1.05296790599823,2.9962877737392093,nan,nan,nan,320,20480,20480,320,20480,20480,2621440,15728640.0,0,0,0,0,1.1121975999994902,0.0,2048,5256
exact-atlas-rsr,neural,NPR-d8-nonlinear,nonlinear,8,0,broad,32.0,0.032,0.06520088605244023,0.16398546018511378,0.23533966412398155,0.9997153282165527,4.763429072682793,nan,nan,nan,20,10240,20480,320,20480,20480,2621440,24670277.592530765,0,70656,0,0,0.26741739999852143,0.08276099999784492,2048,5256
kll-atlas-rsr,neural,NPR-d8-nonlinear,nonlinear,8,0,broad,32.0,0.032,0.06251970775837812,0.16525201688876787,0.2351186359531034,1.0064107179641724,4.868675672221416,nan,nan,nan,20,10240,20480,320,20480,20480,2621440,5898240.0,0,70656,98048,0,0.30222130000038305,0.07269439999799943,2048,5256
kll-small-rsr,neural,NPR-d8-nonlinear,nonlinear,8,0,broad,16.0,0.016,0.06767175311749618,0.1631910245177326,0.2201794263915205,0.9093923568725586,3.466984384557239,nan,nan,nan,160,10240,20480,320,20480,20480,2621440,3932160.0,0,70656,98048,0,0.5385104000015417,0.07269439999799943,2048,5256
kll-paper-hybrid,neural,NPR-d8-nonlinear,nonlinear,8,0,broad,32.0,0.032,0.05650963230434325,0.1472893583887633,0.240196047816205,0.916937530040741,5.024638370451422,nan,nan,nan,20,10240,20480,320,20480,30720,2621440,5898240.0,10485760,70656,98048,0,0.8962592999960179,0.07269439999799943,2048,5256
exact-free-particle-ceiling,free-particle-diagnostic,NPR-d8-nonlinear,nonlinear,8,0,broad,nan,nan,0.009212751989061463,0.05895036309875006,0.0548341484535628,0.9852023522258263,4.682204469621453,nan,nan,nan,100,512,512,1,20480,20480,7864320,48263237.592530765,0,70656,0,0,0.23374290000356268,0.08276099999784492,0,0
paper-neural,neural,NPR-d8-nonlinear,nonlinear,8,1,concentrated,16.0,0.016,0.06086693968796997,0.15275480888156584,0.308892553077149,0.8233841061592102,3.753310973586904,nan,nan,nan,320,20480,20480,320,20480,20480,0,0.0,2621440,0,0,0,0.8992460000008577,0.0,2048,5256
minibatch-sw,neural,NPR-d8-nonlinear,nonlinear,8,1,concentrated,16.0,0.016,0.04088825300824617,0.11556409533015378,0.1805816383808074,0.9246766567230225,4.120514017280535,nan,nan,nan,320,20480,20480,320,20480,20480,2621440,15728640.0,0,0,0,0,1.175121799999033,0.0,2048,5256
exact-atlas-rsr,neural,NPR-d8-nonlinear,nonlinear,8,1,concentrated,32.0,0.032,0.046794878936236906,0.13826122367567897,0.22383355104470448,0.9459749460220337,3.476125364177149,nan,nan,nan,20,10240,20480,320,20480,20480,2621440,24670277.592530765,0,70656,0,0,0.28681150000193156,0.09054099999775644,2048,5256
kll-atlas-rsr,neural,NPR-d8-nonlinear,nonlinear,8,1,concentrated,32.0,0.032,0.05488090423801939,0.14968521184253408,0.23052108501727084,0.9608196020126343,3.510840982963473,nan,nan,nan,20,10240,20480,320,20480,20480,2621440,5898240.0,0,70656,98048,0,0.28779389999544946,0.06670550000126241,2048,5256
kll-small-rsr,neural,NPR-d8-nonlinear,nonlinear,8,1,concentrated,16.0,0.016,0.05759470276646894,0.1512973719562571,0.20099006333010586,0.9690234661102295,3.3244778758088454,nan,nan,nan,160,10240,20480,320,20480,20480,2621440,3932160.0,0,70656,98048,0,0.5705339999985881,0.06670550000126241,2048,5256
kll-paper-hybrid,neural,NPR-d8-nonlinear,nonlinear,8,1,concentrated,32.0,0.032,0.06624539943101393,0.16028979253135592,0.2420345492872154,0.9776653051376343,3.4927086860795913,nan,nan,nan,20,10240,20480,320,20480,30720,2621440,5898240.0,10485760,70656,98048,0,0.8427054000057979,0.06670550000126241,2048,5256
exact-free-particle-ceiling,free-particle-diagnostic,NPR-d8-nonlinear,nonlinear,8,1,concentrated,nan,nan,0.007567022137831891,0.052670269237715346,0.054941644562455184,0.9870514908404623,4.556455349232627,nan,nan,nan,100,512,512,1,20480,20480,7864320,48263237.592530765,0,70656,0,0,0.2388613000002806,0.09054099999775644,0,0
paper-neural,neural,NPR-d8-nonlinear,nonlinear,8,1,broad,16.0,0.016,0.06939660943074344,0.17252081986183065,0.3466871972734933,0.7502385377883911,4.415407392927807,nan,nan,nan,320,20480,20480,320,20480,20480,0,0.0,2621440,0,0,0,0.7550116999991587,0.0,2048,5256
minibatch-sw,neural,NPR-d8-nonlinear,nonlinear,8,1,broad,16.0,0.016,0.044402987529581495,0.13056847047504286,0.19551869637231617,0.9609628319740295,3.8410918690115365,nan,nan,nan,320,20480,20480,320,20480,20480,2621440,15728640.0,0,0,0,0,1.1334522000033758,0.0,2048,5256
exact-atlas-rsr,neural,NPR-d8-nonlinear,nonlinear,8,1,broad,32.0,0.032,0.06297227046807485,0.1667893122391054,0.23475015335487814,1.016088843345642,3.950202327682544,nan,nan,nan,20,10240,20480,320,20480,20480,2621440,24670277.592530765,0,70656,0,0,0.303664300001401,0.09054099999775644,2048,5256
kll-atlas-rsr,neural,NPR-d8-nonlinear,nonlinear,8,1,broad,32.0,0.032,0.06742386459589156,0.1720859659663453,0.23793805127944784,1.031109094619751,3.7608168477209656,nan,nan,nan,20,10240,20480,320,20480,20480,2621440,5898240.0,0,70656,98048,0,0.2987185000019963,0.06670550000126241,2048,5256
kll-small-rsr,neural,NPR-d8-nonlinear,nonlinear,8,1,broad,16.0,0.016,0.04739061202924688,0.13065145894992886,0.19022582550319977,0.9218298196792603,3.8023373814524586,nan,nan,nan,160,10240,20480,320,20480,20480,2621440,3932160.0,0,70656,98048,0,0.5333151999948313,0.06670550000126241,2048,5256
kll-paper-hybrid,neural,NPR-d8-nonlinear,nonlinear,8,1,broad,32.0,0.032,0.051120317665453996,0.13940089860984703,0.22335302961253656,0.9458416104316711,3.9448523841719636,nan,nan,nan,20,10240,20480,320,20480,30720,2621440,5898240.0,10485760,70656,98048,0,0.9545381999996607,0.06670550000126241,2048,5256
exact-free-particle-ceiling,free-particle-diagnostic,NPR-d8-nonlinear,nonlinear,8,1,broad,nan,nan,0.0073002044373131625,0.051029611244432053,0.05513855556572722,0.9870859746150493,4.481177079061567,nan,nan,nan,100,512,512,1,20480,20480,7864320,48263237.592530765,0,70656,0,0,0.24300419999781298,0.09054099999775644,0,0
paper-neural,neural,NPR-d8-nonlinear,nonlinear,8,2,concentrated,16.0,0.016,0.07368775251479098,0.1849777066960258,0.33971025014302575,0.8126358389854431,3.955314680774073,nan,nan,nan,320,20480,20480,320,20480,20480,0,0.0,2621440,0,0,0,0.6698152000026312,0.0,2048,5256
minibatch-sw,neural,NPR-d8-nonlinear,nonlinear,8,2,concentrated,16.0,0.016,0.10224598846793986,0.1998286673198721,0.25981956389171046,1.0433921813964844,3.536794999527577,nan,nan,nan,320,20480,20480,320,20480,20480,2621440,15728640.0,0,0,0,0,0.8505613000015728,0.0,2048,5256
exact-atlas-rsr,neural,NPR-d8-nonlinear,nonlinear,8,2,concentrated,32.0,0.032,0.05441164177004021,0.1478007226795797,0.24451480071186943,0.9589526057243347,3.53354487140757,nan,nan,nan,20,10240,20480,320,20480,20480,2621440,24670277.592530765,0,70656,0,0,0.2549079999953392,0.10793659999762895,2048,5256
kll-atlas-rsr,neural,NPR-d8-nonlinear,nonlinear,8,2,concentrated,32.0,0.032,0.05940892638042827,0.1529705241258274,0.24069110076127145,0.97133868932724,3.540569695643153,nan,nan,nan,20,10240,20480,320,20480,20480,2621440,5898240.0,0,70656,98048,0,0.30507249999936903,0.0722786999976961,2048,5256
kll-small-rsr,neural,NPR-d8-nonlinear,nonlinear,8,2,concentrated,16.0,0.016,0.04293677264578344,0.1326345873230009,0.21967197876463204,0.9210206270217896,3.969898560603462,nan,nan,nan,160,10240,20480,320,20480,20480,2621440,3932160.0,0,70656,98048,0,0.40519720000156667,0.0722786999976961,2048,5256
kll-paper-hybrid,neural,NPR-d8-nonlinear,nonlinear,8,2,concentrated,32.0,0.032,0.05817106181026288,0.15665983686844315,0.27333600339227093,0.8809992074966431,3.6819248596608936,nan,nan,nan,20,10240,20480,320,20480,30720,2621440,5898240.0,10485760,70656,98048,0,0.7937930999978562,0.0722786999976961,2048,5256
exact-free-particle-ceiling,free-particle-diagnostic,NPR-d8-nonlinear,nonlinear,8,2,concentrated,nan,nan,0.009532653174475492,0.060058882400123734,0.05958568551378216,0.9871850435145968,4.29260218806954,nan,nan,nan,100,512,512,1,20480,20480,7864320,48263237.592530765,0,70656,0,0,0.2100575000004028,0.10793659999762895,0,0
paper-neural,neural,NPR-d8-nonlinear,nonlinear,8,2,broad,16.0,0.016,0.1031854044213385,0.21556743256227054,0.3958983301597165,0.7078835964202881,3.969101672338868,nan,nan,nan,320,20480,20480,320,20480,20480,0,0.0,2621440,0,0,0,0.6763718000001973,0.0,2048,5256
minibatch-sw,neural,NPR-d8-nonlinear,nonlinear,8,2,broad,16.0,0.016,0.04834282589238148,0.14537393234700463,0.2174295269107654,0.954615592956543,3.743846109689332,nan,nan,nan,320,20480,20480,320,20480,20480,2621440,15728640.0,0,0,0,0,0.9934069999944768,0.0,2048,5256
exact-atlas-rsr,neural,NPR-d8-nonlinear,nonlinear,8,2,broad,32.0,0.032,0.042945717253639604,0.12958723420539361,0.23867723953020498,0.9601277112960815,3.6503422710541615,nan,nan,nan,20,10240,20480,320,20480,20480,2621440,24670277.592530765,0,70656,0,0,0.25373550000222167,0.10793659999762895,2048,5256
kll-atlas-rsr,neural,NPR-d8-nonlinear,nonlinear,8,2,broad,32.0,0.032,0.04723424432532264,0.13445617426841705,0.24012679347627414,0.9625251293182373,3.668513541883639,nan,nan,nan,20,10240,20480,320,20480,20480,2621440,5898240.0,0,70656,98048,0,0.3007884999969974,0.0722786999976961,2048,5256
kll-small-rsr,neural,NPR-d8-nonlinear,nonlinear,8,2,broad,16.0,0.016,0.05077179304406654,0.13980074666286968,0.2166843449904948,0.9598451256752014,3.4627089171022383,nan,nan,nan,160,10240,20480,320,20480,20480,2621440,3932160.0,0,70656,98048,0,0.48349720000260277,0.0722786999976961,2048,5256
kll-paper-hybrid,neural,NPR-d8-nonlinear,nonlinear,8,2,broad,32.0,0.032,0.041640090710405975,0.13476790556786988,0.25411216574266315,0.9244503378868103,4.26267143266253,nan,nan,nan,20,10240,20480,320,20480,30720,2621440,5898240.0,10485760,70656,98048,0,0.8202155999970273,0.0722786999976961,2048,5256
exact-free-particle-ceiling,free-particle-diagnostic,NPR-d8-nonlinear,nonlinear,8,2,broad,nan,nan,0.010305190914611462,0.060330909645589445,0.06157491127177776,0.9871167904503686,4.602667870606849,nan,nan,nan,100,512,512,1,20480,20480,7864320,48263237.592530765,0,70656,0,0,0.2233470999999554,0.10793659999762895,0,0
paper-neural,neural,NPR-d4-balanced-gmm,balanced-gmm,4,0,concentrated,16.0,0.016,0.03949822941799663,0.1358493166485532,0.18523516427096973,0.9705049395561218,2.5889666424647158,1.0,0.0556640625,nan,320,20480,20480,320,20480,20480,0,0.0,2621440,0,0,0,0.6177165000044624,0.0,2048,4740
minibatch-sw,neural,NPR-d4-balanced-gmm,balanced-gmm,4,0,concentrated,16.0,0.016,0.08208344019369829,0.18996389243507647,0.23869429597125694,0.883398711681366,2.3531283407016343,1.0,0.1318359375,nan,320,20480,20480,320,20480,20480,2621440,15728640.0,0,0,0,0,0.8496872000032454,0.0,2048,4740
exact-atlas-rsr,neural,NPR-d4-balanced-gmm,balanced-gmm,4,0,concentrated,32.0,0.032,0.08297986538627722,0.20476108746688765,0.26543911992842645,1.0092536211013794,2.772097078525507,1.0,0.1005859375,nan,20,10240,20480,320,20480,20480,2621440,24670277.592530765,0,68608,0,0,0.25110660000063945,0.08822800000052666,2048,4740
kll-atlas-rsr,neural,NPR-d4-balanced-gmm,balanced-gmm,4,0,concentrated,32.0,0.032,0.07633314947601111,0.19694673077772543,0.2567957656250878,1.010269284248352,2.790764296863625,1.0,0.07421875,nan,20,10240,20480,320,20480,20480,2621440,5898240.0,0,68608,98048,0,0.22416180000436725,0.06701189999876078,2048,4740
kll-small-rsr,neural,NPR-d4-balanced-gmm,balanced-gmm,4,0,concentrated,16.0,0.016,0.06421565677785068,0.18007422801659353,0.22496769562036942,0.9477591514587402,2.449697578624569,1.0,0.11328125,nan,160,10240,20480,320,20480,20480,2621440,3932160.0,0,68608,98048,0,0.38481789999786997,0.06701189999876078,2048,4740
kll-paper-hybrid,neural,NPR-d4-balanced-gmm,balanced-gmm,4,0,concentrated,32.0,0.032,0.07913135475905975,0.19865699346735943,0.259456869982345,1.0267013311386108,2.320582788252587,1.0,0.1982421875,nan,20,10240,20480,320,20480,30720,2621440,5898240.0,10485760,68608,98048,0,0.7268934000021545,0.06701189999876078,2048,4740
exact-free-particle-ceiling,free-particle-diagnostic,NPR-d4-balanced-gmm,balanced-gmm,4,0,concentrated,nan,nan,0.003219934964881599,0.03812747438461326,0.05424995632598625,0.9984703871214932,2.6352688046053445,1.0,0.01953125,nan,100,512,512,1,20480,20480,7864320,48263237.592530765,0,68608,0,0,0.2048808999970788,0.08822800000052666,0,0
paper-neural,neural,NPR-d4-balanced-gmm,balanced-gmm,4,0,broad,16.0,0.016,0.02460275149879898,0.10367269930819374,0.14037668052563915,1.0318490266799927,2.452402715797385,1.0,0.044921875,nan,320,20480,20480,320,20480,20480,0,0.0,2621440,0,0,0,0.6117958000031649,0.0,2048,4740
minibatch-sw,neural,NPR-d4-balanced-gmm,balanced-gmm,4,0,broad,16.0,0.016,0.07183185946527715,0.185726764241921,0.22776063854743936,0.9449188709259033,2.320059726668009,1.0,0.0615234375,nan,320,20480,20480,320,20480,20480,2621440,15728640.0,0,0,0,0,0.8866639999978361,0.0,2048,4740
exact-atlas-rsr,neural,NPR-d4-balanced-gmm,balanced-gmm,4,0,broad,32.0,0.032,0.08992044868749716,0.20069840117880755,0.2521795835136068,0.9578707218170166,2.2349513836348427,1.0,0.154296875,nan,20,10240,20480,320,20480,20480,2621440,24670277.592530765,0,68608,0,0,0.23841649999667425,0.08822800000052666,2048,4740
kll-atlas-rsr,neural,NPR-d4-balanced-gmm,balanced-gmm,4,0,broad,32.0,0.032,0.08280757172757891,0.19344739810888195,0.24357101983586854,0.9575916528701782,2.2566520837421757,1.0,0.1201171875,nan,20,10240,20480,320,20480,20480,2621440,5898240.0,0,68608,98048,0,0.21045690000028117,0.06701189999876078,2048,4740
kll-small-rsr,neural,NPR-d4-balanced-gmm,balanced-gmm,4,0,broad,16.0,0.016,0.06919433405585718,0.1835563271657823,0.2390695881708178,1.0552303791046143,2.278201419192417,1.0,0.1044921875,nan,160,10240,20480,320,20480,20480,2621440,3932160.0,0,68608,98048,0,0.43397040000127163,0.06701189999876078,2048,4740
kll-paper-hybrid,neural,NPR-d4-balanced-gmm,balanced-gmm,4,0,broad,32.0,0.032,0.10554344602666088,0.22977388994695927,0.27978007346143147,0.9666334986686707,2.1773668186458597,1.0,0.087890625,nan,20,10240,20480,320,20480,30720,2621440,5898240.0,10485760,68608,98048,0,0.7318218000000343,0.06701189999876078,2048,4740
exact-free-particle-ceiling,free-particle-diagnostic,NPR-d4-balanced-gmm,balanced-gmm,4,0,broad,nan,nan,0.0031712649307698015,0.03878800968564598,0.0535859445227625,0.998364314705018,2.6583987827131024,1.0,0.03515625,nan,100,512,512,1,20480,20480,7864320,48263237.592530765,0,68608,0,0,0.18161549999786075,0.08822800000052666,0,0
paper-neural,neural,NPR-d4-balanced-gmm,balanced-gmm,4,1,concentrated,16.0,0.016,0.021849324962226024,0.10231355699894516,0.14777961669759315,1.0351355075836182,2.5118131062018585,1.0,0.056640625,nan,320,20480,20480,320,20480,20480,0,0.0,2621440,0,0,0,0.5226850000035483,0.0,2048,4740
minibatch-sw,neural,NPR-d4-balanced-gmm,balanced-gmm,4,1,concentrated,16.0,0.016,0.07356906848771372,0.1906361124219227,0.23687658227288155,0.9774627089500427,2.603097924997276,1.0,0.08203125,nan,320,20480,20480,320,20480,20480,2621440,15728640.0,0,0,0,0,0.9060901999982889,0.0,2048,4740
exact-atlas-rsr,neural,NPR-d4-balanced-gmm,balanced-gmm,4,1,concentrated,32.0,0.032,0.07152104214226673,0.18824201786911893,0.2513562122232622,0.9705528020858765,2.5986870109374363,1.0,0.12890625,nan,20,10240,20480,320,20480,20480,2621440,24670277.592530765,0,68608,0,0,0.28452529999776743,0.0714804000017466,2048,4740
kll-atlas-rsr,neural,NPR-d4-balanced-gmm,balanced-gmm,4,1,concentrated,32.0,0.032,0.08253678743616755,0.19812932094406432,0.2638495625824623,0.9626520276069641,2.6928473285626615,1.0,0.0849609375,nan,20,10240,20480,320,20480,20480,2621440,5898240.0,0,68608,98048,0,0.2490008000022499,0.06019379999634111,2048,4740
kll-small-rsr,neural,NPR-d4-balanced-gmm,balanced-gmm,4,1,concentrated,16.0,0.016,0.03631585459434339,0.13512331577236691,0.18462813078817317,0.9346762895584106,2.667127885464283,1.0,0.134765625,nan,160,10240,20480,320,20480,20480,2621440,3932160.0,0,68608,98048,0,0.44608639999933075,0.06019379999634111,2048,4740
kll-paper-hybrid,neural,NPR-d4-balanced-gmm,balanced-gmm,4,1,concentrated,32.0,0.032,0.0923817989137441,0.223187737908397,0.29041476811979855,1.0698248147964478,2.7384609250981877,1.0,0.1142578125,nan,20,10240,20480,320,20480,30720,2621440,5898240.0,10485760,68608,98048,0,0.6913675999967381,0.06019379999634111,2048,4740
exact-free-particle-ceiling,free-particle-diagnostic,NPR-d4-balanced-gmm,balanced-gmm,4,1,concentrated,nan,nan,0.0032052678308231997,0.03882042119974339,0.0629848422728669,0.9984934651987162,2.64917891882429,1.0,0.01953125,nan,100,512,512,1,20480,20480,7864320,48263237.592530765,0,68608,0,0,0.19342299999698298,0.0714804000017466,0,0
paper-neural,neural,NPR-d4-balanced-gmm,balanced-gmm,4,1,broad,16.0,0.016,0.04246568375361859,0.14230409647934048,0.20204017061818003,1.0191476345062256,2.388372711409325,1.0,0.134765625,nan,320,20480,20480,320,20480,20480,0,0.0,2621440,0,0,0,0.5566054999944754,0.0,2048,4740
minibatch-sw,neural,NPR-d4-balanced-gmm,balanced-gmm,4,1,broad,16.0,0.016,0.02882787384918073,0.11820410402379215,0.15749575415497707,0.9831264019012451,2.620520816050608,1.0,0.0537109375,nan,320,20480,20480,320,20480,20480,2621440,15728640.0,0,0,0,0,0.8862951999981306,0.0,2048,4740
exact-atlas-rsr,neural,NPR-d4-balanced-gmm,balanced-gmm,4,1,broad,32.0,0.032,0.07484510604200745,0.19264508145347842,0.23986293631866612,0.9808580875396729,2.356992176502045,1.0,0.12890625,nan,20,10240,20480,320,20480,20480,2621440,24670277.592530765,0,68608,0,0,0.2702292999965721,0.0714804000017466,2048,4740
kll-atlas-rsr,neural,NPR-d4-balanced-gmm,balanced-gmm,4,1,broad,32.0,0.032,0.071624926549823,0.1886344691890124,0.23762741659308417,0.9989251494407654,2.4079717165163994,1.0,0.1201171875,nan,20,10240,20480,320,20480,20480,2621440,5898240.0,0,68608,98048,0,0.2604129000028479,0.06019379999634111,2048,4740
kll-small-rsr,neural,NPR-d4-balanced-gmm,balanced-gmm,4,1,broad,16.0,0.016,0.04447923205435478,0.14750937434427583,0.19165053498115578,0.9552788734436035,2.4941690314226124,1.0,0.1240234375,nan,160,10240,20480,320,20480,20480,2621440,3932160.0,0,68608,98048,0,0.4339255999948364,0.06019379999634111,2048,4740
kll-paper-hybrid,neural,NPR-d4-balanced-gmm,balanced-gmm,4,1,broad,32.0,0.032,0.08942118212499706,0.2104801678267969,0.2699482672216216,0.9355456233024597,2.1789691110217193,1.0,0.138671875,nan,20,10240,20480,320,20480,30720,2621440,5898240.0,10485760,68608,98048,0,0.6712589000017033,0.06019379999634111,2048,4740
exact-free-particle-ceiling,free-particle-diagnostic,NPR-d4-balanced-gmm,balanced-gmm,4,1,broad,nan,nan,0.003308000688547974,0.03768732660622863,0.06503698624867014,0.9985920852711163,2.6451667994553074,1.0,0.02734375,nan,100,512,512,1,20480,20480,7864320,48263237.592530765,0,68608,0,0,0.21076039999752538,0.0714804000017466,0,0
paper-neural,neural,NPR-d4-balanced-gmm,balanced-gmm,4,2,concentrated,16.0,0.016,0.022786047521100805,0.09962403920435367,0.13581419299282188,1.0033702850341797,2.4672791847416553,1.0,0.060546875,nan,320,20480,20480,320,20480,20480,0,0.0,2621440,0,0,0,0.6365141999995103,0.0,2048,4740
minibatch-sw,neural,NPR-d4-balanced-gmm,balanced-gmm,4,2,concentrated,16.0,0.016,0.027802851492982228,0.11561316562486157,0.14912065513034856,1.025014042854309,2.4731306467475216,1.0,0.046875,nan,320,20480,20480,320,20480,20480,2621440,15728640.0,0,0,0,0,0.9833012000017334,0.0,2048,4740
exact-atlas-rsr,neural,NPR-d4-balanced-gmm,balanced-gmm,4,2,concentrated,32.0,0.032,0.08516320130995592,0.2099810478283958,0.26447276160006233,0.9917438626289368,2.3974605239188485,1.0,0.1611328125,nan,20,10240,20480,320,20480,20480,2621440,24670277.592530765,0,68608,0,0,0.29013929999928223,0.08252830000128597,2048,4740
kll-atlas-rsr,neural,NPR-d4-balanced-gmm,balanced-gmm,4,2,concentrated,32.0,0.032,0.08273164300110913,0.2083592931910292,0.2621080894826489,0.9890666604042053,2.436013006722661,1.0,0.142578125,nan,20,10240,20480,320,20480,20480,2621440,5898240.0,0,68608,98048,0,0.309634899997036,0.07162899999821093,2048,4740
kll-small-rsr,neural,NPR-d4-balanced-gmm,balanced-gmm,4,2,concentrated,16.0,0.016,0.043918713979931745,0.14413865407343213,0.17787213368718738,0.9818422198295593,2.243332430561965,1.0,0.12890625,nan,160,10240,20480,320,20480,20480,2621440,3932160.0,0,68608,98048,0,0.4937532000039937,0.07162899999821093,2048,4740
kll-paper-hybrid,neural,NPR-d4-balanced-gmm,balanced-gmm,4,2,concentrated,32.0,0.032,0.12923615946206368,0.2515620621410963,0.30982067065973246,0.9287838935852051,2.1568274331390245,1.0,0.25,nan,20,10240,20480,320,20480,30720,2621440,5898240.0,10485760,68608,98048,0,0.7548941999993986,0.07162899999821093,2048,4740
exact-free-particle-ceiling,free-particle-diagnostic,NPR-d4-balanced-gmm,balanced-gmm,4,2,concentrated,nan,nan,0.0022249865661576607,0.03237214842512945,0.04135749635439874,0.9981833437209663,2.6523118231832172,1.0,0.0078125,nan,100,512,512,1,20480,20480,7864320,48263237.592530765,0,68608,0,0,0.24309949999587843,0.08252830000128597,0,0
paper-neural,neural,NPR-d4-balanced-gmm,balanced-gmm,4,2,broad,16.0,0.016,0.043633493842724747,0.1390658019686283,0.18379539701469177,1.0534204244613647,2.330410289297279,1.0,0.078125,nan,320,20480,20480,320,20480,20480,0,0.0,2621440,0,0,0,0.6212264999994659,0.0,2048,4740
minibatch-sw,neural,NPR-d4-balanced-gmm,balanced-gmm,4,2,broad,16.0,0.016,0.04729573832861167,0.14702133261901168,0.19219669221910193,0.9303985834121704,2.2712770655152497,1.0,0.107421875,nan,320,20480,20480,320,20480,20480,2621440,15728640.0,0,0,0,0,0.9556392999948002,0.0,2048,4740
exact-atlas-rsr,neural,NPR-d4-balanced-gmm,balanced-gmm,4,2,broad,32.0,0.032,0.07482257685624027,0.18857837119500837,0.2363723378250201,0.9388365149497986,2.4169391953114063,1.0,0.08984375,nan,20,10240,20480,320,20480,20480,2621440,24670277.592530765,0,68608,0,0,0.27217430000018794,0.08252830000128597,2048,4740
kll-atlas-rsr,neural,NPR-d4-balanced-gmm,balanced-gmm,4,2,broad,32.0,0.032,0.07521006501194538,0.19009805230064175,0.23749510748474786,0.9422279596328735,2.4221821714418055,1.0,0.0947265625,nan,20,10240,20480,320,20480,20480,2621440,5898240.0,0,68608,98048,0,0.28395309999905294,0.07162899999821093,2048,4740
kll-small-rsr,neural,NPR-d4-balanced-gmm,balanced-gmm,4,2,broad,16.0,0.016,0.03326871088060024,0.12401975137675172,0.1632294884911947,0.9888085722923279,2.5376205534312053,1.0,0.0625,nan,160,10240,20480,320,20480,20480,2621440,3932160.0,0,68608,98048,0,0.5162618000031216,0.07162899999821093,2048,4740
kll-paper-hybrid,neural,NPR-d4-balanced-gmm,balanced-gmm,4,2,broad,32.0,0.032,0.08153836690206617,0.20718247588057853,0.2589686691402218,1.0504904985427856,2.580288648716174,1.0,0.1337890625,nan,20,10240,20480,320,20480,30720,2621440,5898240.0,10485760,68608,98048,0,0.8805442000011681,0.07162899999821093,2048,4740
exact-free-particle-ceiling,free-particle-diagnostic,NPR-d4-balanced-gmm,balanced-gmm,4,2,broad,nan,nan,0.0022070194621099937,0.03180168641946092,0.04087133663837516,0.998186590071507,2.6403626986587683,1.0,0.01171875,nan,100,512,512,1,20480,20480,7864320,48263237.592530765,0,68608,0,0,0.20694889999867883,0.08252830000128597,0,0
paper-neural,neural,NPR-d16-balanced-gmm,balanced-gmm,16,0,concentrated,16.0,0.016,0.05013182982458986,0.11702612029557817,0.16329587083961444,0.9382306337356567,3.4844954035698708,1.0,0.0908203125,nan,320,20480,20480,320,20480,20480,0,0.0,2621440,0,0,0,0.6631403999999748,0.0,2048,6288
minibatch-sw,neural,NPR-d16-balanced-gmm,balanced-gmm,16,0,concentrated,16.0,0.016,0.10863440407358915,0.16477837367766568,0.2007959098696641,0.9553220272064209,4.015519161726565,1.0,0.1630859375,nan,320,20480,20480,320,20480,20480,2621440,15728640.0,0,0,0,0,0.9679728999981307,0.0,2048,6288
exact-atlas-rsr,neural,NPR-d16-balanced-gmm,balanced-gmm,16,0,concentrated,32.0,0.032,0.12265690549649833,0.17021917057043726,0.20868320916808814,1.01015043258667,4.405369696746005,1.0,0.13671875,nan,20,10240,20480,320,20480,20480,2621440,24670277.592530765,0,74752,0,0,0.37467210000613704,0.09563589999743272,2048,6288
kll-atlas-rsr,neural,NPR-d16-balanced-gmm,balanced-gmm,16,0,concentrated,32.0,0.032,0.13857383948679036,0.18153238567436453,0.20796809622824095,1.01862370967865,4.71821735684745,1.0,0.12109375,nan,20,10240,20480,320,20480,20480,2621440,5898240.0,0,74752,98048,0,0.31644569999480154,0.09331239999301033,2048,6288
kll-small-rsr,neural,NPR-d16-balanced-gmm,balanced-gmm,16,0,concentrated,16.0,0.016,0.10880028973089395,0.1678637001661068,0.16593160288936742,0.9922479391098022,4.158462891457469,1.0,0.1435546875,nan,160,10240,20480,320,20480,20480,2621440,3932160.0,0,74752,98048,0,0.46054970000113826,0.09331239999301033,2048,6288
kll-paper-hybrid,neural,NPR-d16-balanced-gmm,balanced-gmm,16,0,concentrated,32.0,0.032,0.09793798697331013,0.1531267572238609,0.21503968368710422,0.9591098427772522,4.455416032572482,1.0,0.044921875,nan,20,10240,20480,320,20480,30720,2621440,5898240.0,10485760,74752,98048,0,0.7731447999976808,0.09331239999301033,2048,6288
exact-free-particle-ceiling,free-particle-diagnostic,NPR-d16-balanced-gmm,balanced-gmm,16,0,concentrated,nan,nan,0.09160062164906613,0.1515855147451659,0.036650932260922454,0.9971389856902975,6.661419872476044,1.0,0.03125,nan,100,512,512,1,20480,20480,7864320,48263237.592530765,0,74752,0,0,0.251315200002864,0.09563589999743272,0,0
paper-neural,neural,NPR-d16-balanced-gmm,balanced-gmm,16,0,broad,16.0,0.016,0.04293524865598286,0.10595283774304315,0.1442797783243275,0.9518998861312866,3.526734174176178,1.0,0.087890625,nan,320,20480,20480,320,20480,20480,0,0.0,2621440,0,0,0,0.7372886000011931,0.0,2048,6288
minibatch-sw,neural,NPR-d16-balanced-gmm,balanced-gmm,16,0,broad,16.0,0.016,0.10076720063841726,0.1496893721341726,0.18989022426170724,0.9332327842712402,4.225003956863441,1.0,0.1689453125,nan,320,20480,20480,320,20480,20480,2621440,15728640.0,0,0,0,0,1.185017699994205,0.0,2048,6288
exact-atlas-rsr,neural,NPR-d16-balanced-gmm,balanced-gmm,16,0,broad,32.0,0.032,0.17107795734693632,0.19729545891153627,0.20227098066986754,0.9377062320709229,6.09873191690951,1.0,0.1552734375,nan,20,10240,20480,320,20480,20480,2621440,24670277.592530765,0,74752,0,0,0.3176270999974804,0.09563589999743272,2048,6288
kll-atlas-rsr,neural,NPR-d16-balanced-gmm,balanced-gmm,16,0,broad,32.0,0.032,0.17574840692961757,0.19931583275505518,0.2015957151598335,0.9485885500907898,6.121753951922866,1.0,0.162109375,nan,20,10240,20480,320,20480,20480,2621440,5898240.0,0,74752,98048,0,0.2923603000017465,0.09331239999301033,2048,6288
kll-small-rsr,neural,NPR-d16-balanced-gmm,balanced-gmm,16,0,broad,16.0,0.016,0.12637124161142665,0.17791802284573907,0.1838072615076212,0.9354909062385559,4.6862951196211196,1.0,0.0703125,nan,160,10240,20480,320,20480,20480,2621440,3932160.0,0,74752,98048,0,0.5914746999987983,0.09331239999301033,2048,6288
kll-paper-hybrid,neural,NPR-d16-balanced-gmm,balanced-gmm,16,0,broad,32.0,0.032,0.09030302520677758,0.15406998012510517,0.2040402182971795,1.0364528894424438,4.943414474337956,1.0,0.1005859375,nan,20,10240,20480,320,20480,30720,2621440,5898240.0,10485760,74752,98048,0,0.8238935999979731,0.09331239999301033,2048,6288
exact-free-particle-ceiling,free-particle-diagnostic,NPR-d16-balanced-gmm,balanced-gmm,16,0,broad,nan,nan,0.12025235108409227,0.1799020467305149,0.037647859771825117,0.9970945788884491,7.458196105460505,1.0,0.04296875,nan,100,512,512,1,20480,20480,7864320,48263237.592530765,0,74752,0,0,0.2321866999991471,0.09563589999743272,0,0
paper-neural,neural,NPR-d16-balanced-gmm,balanced-gmm,16,1,concentrated,16.0,0.016,0.06991398769812562,0.13631637727597012,0.18650281565867263,0.9100862145423889,3.450555790251139,1.0,0.1396484375,nan,320,20480,20480,320,20480,20480,0,0.0,2621440,0,0,0,0.7574330999996164,0.0,2048,6288
minibatch-sw,neural,NPR-d16-balanced-gmm,balanced-gmm,16,1,concentrated,16.0,0.016,0.11340257598765291,0.1671979021904344,0.18811741861910222,0.9709505438804626,4.441416525696123,1.0,0.0517578125,nan,320,20480,20480,320,20480,20480,2621440,15728640.0,0,0,0,0,0.9501835000046412,0.0,2048,6288
exact-atlas-rsr,neural,NPR-d16-balanced-gmm,balanced-gmm,16,1,concentrated,32.0,0.032,0.129500973563081,0.19118113671205472,0.1952849988913529,1.0125147104263306,4.448156448829155,1.0,0.1201171875,nan,20,10240,20480,320,20480,20480,2621440,24670277.592530765,0,74752,0,0,0.30409169999620644,0.07847710000351071,2048,6288
kll-atlas-rsr,neural,NPR-d16-balanced-gmm,balanced-gmm,16,1,concentrated,32.0,0.032,0.12878871086039645,0.191096857641598,0.19545400613522218,1.011790156364441,4.47532846340585,1.0,0.12109375,nan,20,10240,20480,320,20480,20480,2621440,5898240.0,0,74752,98048,0,0.33092559999931837,0.07447099999990314,2048,6288
kll-small-rsr,neural,NPR-d16-balanced-gmm,balanced-gmm,16,1,concentrated,16.0,0.016,0.15404958532467106,0.19978280034689389,0.20108302083332508,1.0304696559906006,4.090629727647597,1.0,0.1689453125,nan,160,10240,20480,320,20480,20480,2621440,3932160.0,0,74752,98048,0,0.5680477999994764,0.07447099999990314,2048,6288
kll-paper-hybrid,neural,NPR-d16-balanced-gmm,balanced-gmm,16,1,concentrated,32.0,0.032,0.11535493793261686,0.17346846338589325,0.22101039747042708,0.9890119433403015,3.9471649324635796,1.0,0.1337890625,nan,20,10240,20480,320,20480,30720,2621440,5898240.0,10485760,74752,98048,0,0.7920210000011139,0.07447099999990314,2048,6288
exact-free-particle-ceiling,free-particle-diagnostic,NPR-d16-balanced-gmm,balanced-gmm,16,1,concentrated,nan,nan,0.1044041967462146,0.1688755399456157,0.042539914407464574,0.9970767832252316,7.745456464294158,1.0,0.03515625,nan,100,512,512,1,20480,20480,7864320,48263237.592530765,0,74752,0,0,0.2688819999966654,0.07847710000351071,0,0
paper-neural,neural,NPR-d16-balanced-gmm,balanced-gmm,16,1,broad,16.0,0.016,0.06520092787114429,0.13045397979830384,0.1777356551843359,0.9424214959144592,3.5799796145919185,1.0,0.126953125,nan,320,20480,20480,320,20480,20480,0,0.0,2621440,0,0,0,0.6831711000049836,0.0,2048,6288
minibatch-sw,neural,NPR-d16-balanced-gmm,balanced-gmm,16,1,broad,16.0,0.016,0.12111318158576623,0.17262774232320963,0.21035867908944014,1.0008639097213745,4.158461651598177,1.0,0.1748046875,nan,320,20480,20480,320,20480,20480,2621440,15728640.0,0,0,0,0,1.0073913000014727,0.0,2048,6288
exact-atlas-rsr,neural,NPR-d16-balanced-gmm,balanced-gmm,16,1,broad,32.0,0.032,0.11013935495928528,0.16059067351436562,0.19304527107997552,0.9626572728157043,5.424898490429383,1.0,0.09375,nan,20,10240,20480,320,20480,20480,2621440,24670277.592530765,0,74752,0,0,0.30203769999934593,0.07847710000351071,2048,6288
kll-atlas-rsr,neural,NPR-d16-balanced-gmm,balanced-gmm,16,1,broad,32.0,0.032,0.1124047495050089,0.16162609129063116,0.19440034467918524,0.9636660218238831,5.443694703204438,1.0,0.0947265625,nan,20,10240,20480,320,20480,20480,2621440,5898240.0,0,74752,98048,0,0.34325430000171764,0.07447099999990314,2048,6288
kll-small-rsr,neural,NPR-d16-balanced-gmm,balanced-gmm,16,1,broad,16.0,0.016,0.1160154941520588,0.1666171762215717,0.19364089851384195,0.978204607963562,3.9353749277877808,1.0,0.244140625,nan,160,10240,20480,320,20480,20480,2621440,3932160.0,0,74752,98048,0,0.4739999000012176,0.07447099999990314,2048,6288
kll-paper-hybrid,neural,NPR-d16-balanced-gmm,balanced-gmm,16,1,broad,32.0,0.032,0.0890198563347866,0.1441063267357757,0.20458127086630065,1.0156598091125488,4.021656573135445,1.0,0.0634765625,nan,20,10240,20480,320,20480,30720,2621440,5898240.0,10485760,74752,98048,0,0.7798269999984768,0.07447099999990314,2048,6288
exact-free-particle-ceiling,free-particle-diagnostic,NPR-d16-balanced-gmm,balanced-gmm,16,1,broad,nan,nan,0.12746192777091458,0.18693082705743153,0.0422977763082213,0.9970664331207989,7.731381241023326,1.0,0.10546875,nan,100,512,512,1,20480,20480,7864320,48263237.592530765,0,74752,0,0,0.2558171999990009,0.07847710000351071,0,0
paper-neural,neural,NPR-d16-balanced-gmm,balanced-gmm,16,2,concentrated,16.0,0.016,0.044520625438097206,0.10261838369639545,0.1498858615468283,0.9069045186042786,3.509002051665228,1.0,0.044921875,nan,320,20480,20480,320,20480,20480,0,0.0,2621440,0,0,0,0.6809569000033662,0.0,2048,6288
minibatch-sw,neural,NPR-d16-balanced-gmm,balanced-gmm,16,2,concentrated,16.0,0.016,0.12497923490216944,0.17280446987937295,0.1867696632192424,0.9363142251968384,4.64210821275951,1.0,0.0693359375,nan,320,20480,20480,320,20480,20480,2621440,15728640.0,0,0,0,0,0.8813231000021915,0.0,2048,6288
exact-atlas-rsr,neural,NPR-d16-balanced-gmm,balanced-gmm,16,2,concentrated,32.0,0.032,0.2038121052788009,0.23817044201759058,0.21138310497889776,1.0079375505447388,3.7004654306356266,1.0,0.2265625,nan,20,10240,20480,320,20480,20480,2621440,24670277.592530765,0,74752,0,0,0.21620890000485815,0.08498020000115503,2048,6288
kll-atlas-rsr,neural,NPR-d16-balanced-gmm,balanced-gmm,16,2,concentrated,32.0,0.032,0.20623914902033835,0.24112075382658663,0.21189601813265668,1.0091397762298584,3.667682436815479,1.0,0.2412109375,nan,20,10240,20480,320,20480,20480,2621440,5898240.0,0,74752,98048,0,0.23368330000084825,0.06924350000190316,2048,6288
kll-small-rsr,neural,NPR-d16-balanced-gmm,balanced-gmm,16,2,concentrated,16.0,0.016,0.10669038128262631,0.1679411278820991,0.18180417321292555,1.068277359008789,3.651001025368376,1.0,0.0830078125,nan,160,10240,20480,320,20480,20480,2621440,3932160.0,0,74752,98048,0,0.3788836000021547,0.06924350000190316,2048,6288
kll-paper-hybrid,neural,NPR-d16-balanced-gmm,balanced-gmm,16,2,concentrated,32.0,0.032,0.15478043202250458,0.19173268924364717,0.22902124632440338,0.902051568031311,3.6290520311726207,1.0,0.2265625,nan,20,10240,20480,320,20480,30720,2621440,5898240.0,10485760,74752,98048,0,0.535974400001578,0.06924350000190316,2048,6288
exact-free-particle-ceiling,free-particle-diagnostic,NPR-d16-balanced-gmm,balanced-gmm,16,2,concentrated,nan,nan,0.10945924133671259,0.17092405287485973,0.038302732824911846,0.9972367987312688,7.358219153011351,1.0,0.046875,nan,100,512,512,1,20480,20480,7864320,48263237.592530765,0,74752,0,0,0.2128891999964253,0.08498020000115503,0,0
paper-neural,neural,NPR-d16-balanced-gmm,balanced-gmm,16,2,broad,16.0,0.016,0.05243257799661283,0.11437197800213089,0.15395913164428088,0.9215323328971863,3.750547157935356,1.0,0.0625,nan,320,20480,20480,320,20480,20480,0,0.0,2621440,0,0,0,0.48801860000094166,0.0,2048,6288
minibatch-sw,neural,NPR-d16-balanced-gmm,balanced-gmm,16,2,broad,16.0,0.016,0.15009656613316746,0.1899726558864748,0.19353432871904863,0.9280762076377869,5.124774126106636,1.0,0.1650390625,nan,320,20480,20480,320,20480,20480,2621440,15728640.0,0,0,0,0,0.73227659999975,0.0,2048,6288
exact-atlas-rsr,neural,NPR-d16-balanced-gmm,balanced-gmm,16,2,broad,32.0,0.032,0.177731460953793,0.21288741651255705,0.19723598223125816,0.9600169062614441,5.8146536183116035,1.0,0.1376953125,nan,20,10240,20480,320,20480,20480,2621440,24670277.592530765,0,74752,0,0,0.1986112000013236,0.08498020000115503,2048,6288
kll-atlas-rsr,neural,NPR-d16-balanced-gmm,balanced-gmm,16,2,broad,32.0,0.032,0.1760779749330803,0.210339489539836,0.19797551449373674,0.9549446105957031,5.703552212304416,1.0,0.1435546875,nan,20,10240,20480,320,20480,20480,2621440,5898240.0,0,74752,98048,0,0.20174799999949755,0.06924350000190316,2048,6288
kll-small-rsr,neural,NPR-d16-balanced-gmm,balanced-gmm,16,2,broad,16.0,0.016,0.1407964573101106,0.1902529721435533,0.18406912578569906,0.9977312684059143,4.727775692942345,1.0,0.1943359375,nan,160,10240,20480,320,20480,20480,2621440,3932160.0,0,74752,98048,0,0.35456210000120336,0.06924350000190316,2048,6288
kll-paper-hybrid,neural,NPR-d16-balanced-gmm,balanced-gmm,16,2,broad,32.0,0.032,0.09718900381534024,0.1553571650470448,0.21057356884513093,1.0376948118209839,4.241747828790361,1.0,0.140625,nan,20,10240,20480,320,20480,30720,2621440,5898240.0,10485760,74752,98048,0,0.5115579999983311,0.06924350000190316,2048,6288
exact-free-particle-ceiling,free-particle-diagnostic,NPR-d16-balanced-gmm,balanced-gmm,16,2,broad,nan,nan,0.12520936638210678,0.17839102603484994,0.040327659322769376,0.9971516726327818,7.544647116608125,1.0,0.0703125,nan,100,512,512,1,20480,20480,7864320,48263237.592530765,0,74752,0,0,0.22493910000048345,0.08498020000115503,0,0
paper-neural,neural,NPR-d4-rare-gmm,rare-gmm,4,0,concentrated,16.0,0.016,0.052380262353354023,0.19017503740321115,0.4715000482172737,0.7375377416610718,3.6753498688727673,0.5,0.10000000000000005,0.05,320,20480,20480,320,20480,20480,0,0.0,2621440,0,0,0,0.555173200002173,0.0,2048,4740
minibatch-sw,neural,NPR-d4-rare-gmm,rare-gmm,4,0,concentrated,16.0,0.016,0.04239971801549691,0.17153982651339697,0.31890757069144654,0.8661534190177917,2.902850974550636,1.0,0.024804687500000047,0.012402343750000003,320,20480,20480,320,20480,20480,2621440,15728640.0,0,0,0,0,0.74677789999987,0.0,2048,4740
exact-atlas-rsr,neural,NPR-d4-rare-gmm,rare-gmm,4,0,concentrated,32.0,0.032,0.0697264099131778,0.2108942616051075,0.33930438096994286,0.9324830174446106,2.540740272586536,1.0,0.023828125000000047,0.011914062500000003,20,10240,20480,320,20480,20480,2621440,24670277.592530765,0,68608,0,0,0.3261123000047519,0.07301970000116853,2048,4740
kll-atlas-rsr,neural,NPR-d4-rare-gmm,rare-gmm,4,0,concentrated,32.0,0.032,0.06867469079821964,0.20893419613528408,0.33841878317451696,0.9293007850646973,2.5278148456888547,1.0,0.021875000000000047,0.010937500000000003,20,10240,20480,320,20480,20480,2621440,5898240.0,0,68608,98048,0,0.2293500000014319,0.06082290000631474,2048,4740
kll-small-rsr,neural,NPR-d4-rare-gmm,rare-gmm,4,0,concentrated,16.0,0.016,0.02719745107260918,0.13985059631972444,0.27109652074285706,0.9327216148376465,3.367774629298537,1.0,0.03945312500000005,0.019726562500000003,160,10240,20480,320,20480,20480,2621440,3932160.0,0,68608,98048,0,0.4103425000066636,0.06082290000631474,2048,4740
kll-paper-hybrid,neural,NPR-d4-rare-gmm,rare-gmm,4,0,concentrated,32.0,0.032,0.053730315646291604,0.1845485127746303,0.3332459623535086,0.8967863917350769,2.3825059479056083,1.0,0.03359375000000005,0.016796875000000003,20,10240,20480,320,20480,30720,2621440,5898240.0,10485760,68608,98048,0,0.7266181000013603,0.06082290000631474,2048,4740
exact-free-particle-ceiling,free-particle-diagnostic,NPR-d4-rare-gmm,rare-gmm,4,0,concentrated,nan,nan,0.0028317634514705148,0.04573425539273699,0.10994642288356676,0.9958312826313285,2.834215821687526,1.0,0.005468749999999953,0.0027343749999999972,100,512,512,1,20480,20480,7864320,48263237.592530765,0,68608,0,0,0.1840342000068631,0.07301970000116853,0,0
paper-neural,neural,NPR-d4-rare-gmm,rare-gmm,4,0,broad,16.0,0.016,0.056218357938021324,0.19698744086097975,0.4921140453438294,0.7214642763137817,3.5096544253197206,0.5,0.10000000000000005,0.05,320,20480,20480,320,20480,20480,0,0.0,2621440,0,0,0,0.5753694999948493,0.0,2048,4740
minibatch-sw,neural,NPR-d4-rare-gmm,rare-gmm,4,0,broad,16.0,0.016,0.03838961732475754,0.1548546467925631,0.30886012829191134,0.9051422476768494,3.190557617483894,1.0,0.03847656250000005,0.019238281250000003,320,20480,20480,320,20480,20480,2621440,15728640.0,0,0,0,0,0.8381678000005195,0.0,2048,4740
exact-atlas-rsr,neural,NPR-d4-rare-gmm,rare-gmm,4,0,broad,32.0,0.032,0.05220377085586536,0.18826548370137017,0.32374258008999585,1.0237936973571777,2.6800165217707637,1.0,0.015039062500000047,0.007519531250000003,20,10240,20480,320,20480,20480,2621440,24670277.592530765,0,68608,0,0,0.23809890000120504,0.07301970000116853,2048,4740
kll-atlas-rsr,neural,NPR-d4-rare-gmm,rare-gmm,4,0,broad,32.0,0.032,0.05363362100045199,0.19099995131101877,0.3279391908990837,1.0222617387771606,2.595728227438728,1.0,0.019921875000000047,0.009960937500000003,20,10240,20480,320,20480,20480,2621440,5898240.0,0,68608,98048,0,0.2396560999986832,0.06082290000631474,2048,4740
kll-small-rsr,neural,NPR-d4-rare-gmm,rare-gmm,4,0,broad,16.0,0.016,0.05846655849169169,0.2003797116550922,0.3036010849299341,1.0907198190689087,2.6521381549221728,1.0,0.06406249999999995,0.03203125,160,10240,20480,320,20480,20480,2621440,3932160.0,0,68608,98048,0,0.4139165000015055,0.06082290000631474,2048,4740
kll-paper-hybrid,neural,NPR-d4-rare-gmm,rare-gmm,4,0,broad,32.0,0.032,0.055675002050145306,0.19578770104762439,0.3577153447093543,0.8997113108634949,2.83360977830904,0.5,0.07460937500000005,0.0373046875,20,10240,20480,320,20480,30720,2621440,5898240.0,10485760,68608,98048,0,0.6463700000022072,0.06082290000631474,2048,4740
exact-free-particle-ceiling,free-particle-diagnostic,NPR-d4-rare-gmm,rare-gmm,4,0,broad,nan,nan,0.002991896256606452,0.046374634167590516,0.10930062494468495,0.9958472548672193,2.834885099843961,1.0,0.005468749999999953,0.0027343749999999972,100,512,512,1,20480,20480,7864320,48263237.592530765,0,68608,0,0,0.20619879999867408,0.07301970000116853,0,0
paper-neural,neural,NPR-d4-rare-gmm,rare-gmm,4,1,concentrated,16.0,0.016,0.03629017232911114,0.1563842932407964,0.40454251811353487,0.7356247305870056,3.3393513883643977,0.5,0.10000000000000005,0.05,320,20480,20480,320,20480,20480,0,0.0,2621440,0,0,0,0.586078100001032,0.0,2048,4740
minibatch-sw,neural,NPR-d4-rare-gmm,rare-gmm,4,1,concentrated,16.0,0.016,0.04310327629631239,0.1705431690530023,0.23992173998859845,0.9100318551063538,2.4420236990904036,1.0,0.0015624999999999528,0.0007812499999999972,320,20480,20480,320,20480,20480,2621440,15728640.0,0,0,0,0,0.8383943000008003,0.0,2048,4740
exact-atlas-rsr,neural,NPR-d4-rare-gmm,rare-gmm,4,1,concentrated,32.0,0.032,0.057643968375499455,0.18976968222953305,0.2970053615002158,0.9493485689163208,2.28627258165433,1.0,0.03378906249999995,0.016894531249999997,20,10240,20480,320,20480,20480,2621440,24670277.592530765,0,68608,0,0,0.28955190000124276,0.07647859999997308,2048,4740
kll-atlas-rsr,neural,NPR-d4-rare-gmm,rare-gmm,4,1,concentrated,32.0,0.032,0.05807338130759998,0.19053654613884405,0.2912352391596341,0.938606858253479,2.180059365686611,1.0,0.05624999999999995,0.028124999999999997,20,10240,20480,320,20480,20480,2621440,5898240.0,0,68608,98048,0,0.2807251999984146,0.06612090000271564,2048,4740
kll-small-rsr,neural,NPR-d4-rare-gmm,rare-gmm,4,1,concentrated,16.0,0.016,0.05695599374004434,0.17554212633392813,0.2439680074813964,0.8889142274856567,2.447625861203522,1.0,0.018164062499999953,0.009082031249999997,160,10240,20480,320,20480,20480,2621440,3932160.0,0,68608,98048,0,0.44823310000356287,0.06612090000271564,2048,4740
kll-paper-hybrid,neural,NPR-d4-rare-gmm,rare-gmm,4,1,concentrated,32.0,0.032,0.0659027676590469,0.19283177458731748,0.29615415692152935,1.010423183441162,2.0830404904035684,1.0,0.028906249999999953,0.014453124999999997,20,10240,20480,320,20480,30720,2621440,5898240.0,10485760,68608,98048,0,0.7073882999975467,0.06612090000271564,2048,4740
exact-free-particle-ceiling,free-particle-diagnostic,NPR-d4-rare-gmm,rare-gmm,4,1,concentrated,nan,nan,0.0025598794256675994,0.037779651792938025,0.049224836346577636,0.9934007583001475,2.7643263958688755,1.0,0.0015624999999999528,0.0007812499999999972,100,512,512,1,20480,20480,7864320,48263237.592530765,0,68608,0,0,0.2260236999936751,0.07647859999997308,0,0
paper-neural,neural,NPR-d4-rare-gmm,rare-gmm,4,1,broad,16.0,0.016,0.035463878155443496,0.1593296472001619,0.4240873034454012,0.718424379825592,3.567431698369602,0.5,0.10000000000000005,0.05,320,20480,20480,320,20480,20480,0,0.0,2621440,0,0,0,0.654137500001525,0.0,2048,4740
minibatch-sw,neural,NPR-d4-rare-gmm,rare-gmm,4,1,broad,16.0,0.016,0.04782815925633788,0.17876661248618253,0.3375124523950489,0.8183252811431885,2.971589559741326,0.5,0.08535156250000005,0.04267578125,320,20480,20480,320,20480,20480,2621440,15728640.0,0,0,0,0,0.8326541999995243,0.0,2048,4740
exact-atlas-rsr,neural,NPR-d4-rare-gmm,rare-gmm,4,1,broad,32.0,0.032,0.07653238395782935,0.21285321848574,0.32323212613136726,0.9671446084976196,2.777737750812573,1.0,0.004492187499999953,0.0022460937499999972,20,10240,20480,320,20480,20480,2621440,24670277.592530765,0,68608,0,0,0.2490999000001466,0.07647859999997308,2048,4740
kll-atlas-rsr,neural,NPR-d4-rare-gmm,rare-gmm,4,1,broad,32.0,0.032,0.08213626956839004,0.21904998123452943,0.3322448291956257,0.9626424908638,2.6542343570710116,1.0,0.011132812500000047,0.005566406250000003,20,10240,20480,320,20480,20480,2621440,5898240.0,0,68608,98048,0,0.24555880000116304,0.06612090000271564,2048,4740
kll-small-rsr,neural,NPR-d4-rare-gmm,rare-gmm,4,1,broad,16.0,0.016,0.04014231951073999,0.15118638098176934,0.24798128948277617,0.9821442365646362,2.316889980512005,1.0,0.05527343749999995,0.027636718749999997,160,10240,20480,320,20480,20480,2621440,3932160.0,0,68608,98048,0,0.45011770000564866,0.06612090000271564,2048,4740
kll-paper-hybrid,neural,NPR-d4-rare-gmm,rare-gmm,4,1,broad,32.0,0.032,0.054947983025801506,0.18664486727917937,0.33596260006850215,0.8812625408172607,2.7631428447147433,0.5,0.07656250000000005,0.03828125,20,10240,20480,320,20480,30720,2621440,5898240.0,10485760,68608,98048,0,0.7386334999973769,0.06612090000271564,2048,4740
exact-free-particle-ceiling,free-particle-diagnostic,NPR-d4-rare-gmm,rare-gmm,4,1,broad,nan,nan,0.002411626046490589,0.03623570879482274,0.05279610307061976,0.9933509430352138,2.7758951681488417,1.0,0.005468749999999953,0.0027343749999999972,100,512,512,1,20480,20480,7864320,48263237.592530765,0,68608,0,0,0.19529450000118231,0.07647859999997308,0,0
paper-neural,neural,NPR-d4-rare-gmm,rare-gmm,4,2,concentrated,16.0,0.016,0.03995049201479706,0.1715914016519847,0.45129767652372477,0.718246340751648,3.347518803333734,0.5,0.10000000000000005,0.05,320,20480,20480,320,20480,20480,0,0.0,2621440,0,0,0,0.690422400002717,0.0,2048,4740
minibatch-sw,neural,NPR-d4-rare-gmm,rare-gmm,4,2,concentrated,16.0,0.016,0.036802813742213836,0.1444895291801264,0.19695854890111808,0.975928544998169,2.709833702928457,1.0,0.028906249999999953,0.014453124999999997,320,20480,20480,320,20480,20480,2621440,15728640.0,0,0,0,0,0.9502845000024536,0.0,2048,4740
exact-atlas-rsr,neural,NPR-d4-rare-gmm,rare-gmm,4,2,concentrated,32.0,0.032,0.043231523794294624,0.17382944697966551,0.3242701132431602,0.931052565574646,2.773522261983644,0.5,0.05605468750000005,0.028027343750000003,20,10240,20480,320,20480,20480,2621440,24670277.592530765,0,68608,0,0,0.30140270000265446,0.07398479999392293,2048,4740
kll-atlas-rsr,neural,NPR-d4-rare-gmm,rare-gmm,4,2,concentrated,32.0,0.032,0.044486306112086815,0.17765632043820445,0.3151802237318713,0.9526007771492004,2.9121627887621218,1.0,0.04335937500000005,0.021679687500000003,20,10240,20480,320,20480,20480,2621440,5898240.0,0,68608,98048,0,0.29615650000050664,0.07773559999623103,2048,4740
kll-small-rsr,neural,NPR-d4-rare-gmm,rare-gmm,4,2,concentrated,16.0,0.016,0.024996380743791846,0.12445527068039437,0.19277265873287827,1.0414329767227173,2.067774748256991,1.0,0.06601562499999995,0.0330078125,160,10240,20480,320,20480,20480,2621440,3932160.0,0,68608,98048,0,0.4924324000021443,0.07773559999623103,2048,4740
kll-paper-hybrid,neural,NPR-d4-rare-gmm,rare-gmm,4,2,concentrated,32.0,0.032,0.05035556097100358,0.19562373470324065,0.36150425655438495,0.9425411820411682,3.155176997276382,0.5,0.09023437500000005,0.0451171875,20,10240,20480,320,20480,30720,2621440,5898240.0,10485760,68608,98048,0,0.7211329999990994,0.07773559999623103,2048,4740
exact-free-particle-ceiling,free-particle-diagnostic,NPR-d4-rare-gmm,rare-gmm,4,2,concentrated,nan,nan,0.002116980347341091,0.036993352932170834,0.08124032188578005,0.9950070245901809,2.795494217308762,1.0,0.002343750000000047,0.0011718750000000028,100,512,512,1,20480,20480,7864320,48263237.592530765,0,68608,0,0,0.189219799998682,0.07398479999392293,0,0
paper-neural,neural,NPR-d4-rare-gmm,rare-gmm,4,2,broad,16.0,0.016,0.04624500379267271,0.1806530924375759,0.46633896105370287,0.6969165802001953,3.448650898790165,0.5,0.10000000000000005,0.05,320,20480,20480,320,20480,20480,0,0.0,2621440,0,0,0,0.6784935000032419,0.0,2048,4740
minibatch-sw,neural,NPR-d4-rare-gmm,rare-gmm,4,2,broad,16.0,0.016,0.0603897419321191,0.1825979929197377,0.2752106277653042,0.8901734948158264,2.3205456143627945,1.0,0.007421874999999953,0.0037109374999999972,320,20480,20480,320,20480,20480,2621440,15728640.0,0,0,0,0,0.9426709000035771,0.0,2048,4740
exact-atlas-rsr,neural,NPR-d4-rare-gmm,rare-gmm,4,2,broad,32.0,0.032,0.07702831688242284,0.21033212998725284,0.3392565932175475,0.9639086127281189,2.8700479067783733,1.0,0.019921875000000047,0.009960937500000003,20,10240,20480,320,20480,20480,2621440,24670277.592530765,0,68608,0,0,0.2898676999975578,0.07398479999392293,2048,4740
kll-atlas-rsr,neural,NPR-d4-rare-gmm,rare-gmm,4,2,broad,32.0,0.032,0.06922311576760709,0.2092269344796592,0.3253763541917801,0.9932754039764404,2.5210233749234643,1.0,0.005468749999999953,0.0027343749999999972,20,10240,20480,320,20480,20480,2621440,5898240.0,0,68608,98048,0,0.2915281000023242,0.07773559999623103,2048,4740
kll-small-rsr,neural,NPR-d4-rare-gmm,rare-gmm,4,2,broad,16.0,0.016,0.06274273838230116,0.19558812880216742,0.28840156799296934,0.9856204390525818,2.403654224790052,1.0,0.10117187499999995,0.0505859375,160,10240,20480,320,20480,20480,2621440,3932160.0,0,68608,98048,0,0.5049822000000859,0.07773559999623103,2048,4740
kll-paper-hybrid,neural,NPR-d4-rare-gmm,rare-gmm,4,2,broad,32.0,0.032,0.04535786601342018,0.17415862259059975,0.35629254736495414,0.9043620824813843,2.7975449451505088,0.5,0.07460937500000005,0.0373046875,20,10240,20480,320,20480,30720,2621440,5898240.0,10485760,68608,98048,0,0.8762796000009985,0.07773559999623103,2048,4740
exact-free-particle-ceiling,free-particle-diagnostic,NPR-d4-rare-gmm,rare-gmm,4,2,broad,nan,nan,0.001880403029721478,0.03523033980369838,0.08193405819679384,0.9950465628126104,2.7998353421668756,1.0,0.0015624999999999528,0.0007812499999999972,100,512,512,1,20480,20480,7864320,48263237.592530765,0,68608,0,0,0.20476390000112588,0.07398479999392293,0,0
paper-neural,neural,NPR-d16-rare-gmm,rare-gmm,16,0,concentrated,16.0,0.016,0.07939784884080048,0.15284711438116458,0.24066552969262592,0.8107657432556152,10.498856486921012,0.5,0.09121093750000005,0.04560546875,320,20480,20480,320,20480,20480,0,0.0,2621440,0,0,0,0.6499725999965449,0.0,2048,6288
minibatch-sw,neural,NPR-d16-rare-gmm,rare-gmm,16,0,concentrated,16.0,0.016,0.08654072528959666,0.14552302717481194,0.16045498251588367,0.9484630227088928,5.415803047782412,1.0,0.004296875000000047,0.0021484375000000028,320,20480,20480,320,20480,20480,2621440,15728640.0,0,0,0,0,0.9152705000014976,0.0,2048,6288
exact-atlas-rsr,neural,NPR-d16-rare-gmm,rare-gmm,16,0,concentrated,32.0,0.032,0.1058607163060401,0.17581334322145342,0.1672147393912901,1.0188534259796143,5.4375369575914725,0.5,0.09414062500000005,0.0470703125,20,10240,20480,320,20480,20480,2621440,24670277.592530765,0,74752,0,0,0.34437249999609776,0.08720760000142036,2048,6288
kll-atlas-rsr,neural,NPR-d16-rare-gmm,rare-gmm,16,0,concentrated,32.0,0.032,0.10580577506489952,0.17749975231322188,0.16838901172335785,1.0192407369613647,5.4799369339967186,0.5,0.09511718750000005,0.04755859375,20,10240,20480,320,20480,20480,2621440,5898240.0,0,74752,98048,0,0.26140270000178134,0.09129860000393819,2048,6288
kll-small-rsr,neural,NPR-d16-rare-gmm,rare-gmm,16,0,concentrated,16.0,0.016,0.09761157435992018,0.15698649142555152,0.1510636790082222,0.9997170567512512,5.413176365702641,1.0,0.022851562500000047,0.011425781250000003,160,10240,20480,320,20480,20480,2621440,3932160.0,0,74752,98048,0,0.4252055999968434,0.09129860000393819,2048,6288
kll-paper-hybrid,neural,NPR-d16-rare-gmm,rare-gmm,16,0,concentrated,32.0,0.032,0.08048940350995437,0.14566171294386349,0.1989875065256366,0.8910805583000183,6.4744581891549355,0.5,0.09902343750000005,0.04951171875,20,10240,20480,320,20480,30720,2621440,5898240.0,10485760,74752,98048,0,0.7507699999987381,0.09129860000393819,2048,6288
exact-free-particle-ceiling,free-particle-diagnostic,NPR-d16-rare-gmm,rare-gmm,16,0,concentrated,nan,nan,0.034634293873392785,0.10154638489104398,0.0380986042624004,0.9952556171700916,9.063272631392133,1.0,0.009374999999999953,0.004687499999999997,100,512,512,1,20480,20480,7864320,48263237.592530765,0,74752,0,0,0.2534317999961786,0.08720760000142036,0,0
paper-neural,neural,NPR-d16-rare-gmm,rare-gmm,16,0,broad,16.0,0.016,0.11844824079496163,0.19043319428155728,0.29153431337421337,0.7464261651039124,10.452638768245643,0.5,0.10000000000000005,0.05,320,20480,20480,320,20480,20480,0,0.0,2621440,0,0,0,0.694190800000797,0.0,2048,6288
minibatch-sw,neural,NPR-d16-rare-gmm,rare-gmm,16,0,broad,16.0,0.016,0.07365342469760527,0.1438176200968981,0.1533518214429281,0.9534894824028015,6.717348299653042,0.5,0.09121093750000005,0.04560546875,320,20480,20480,320,20480,20480,2621440,15728640.0,0,0,0,0,1.1584330000041518,0.0,2048,6288
exact-atlas-rsr,neural,NPR-d16-rare-gmm,rare-gmm,16,0,broad,32.0,0.032,0.06240669836278201,0.1343318316737598,0.13983689920213047,0.9988287687301636,8.585771095603151,0.5,0.08828125000000005,0.044140625,20,10240,20480,320,20480,20480,2621440,24670277.592530765,0,74752,0,0,0.332935999998881,0.08720760000142036,2048,6288
kll-atlas-rsr,neural,NPR-d16-rare-gmm,rare-gmm,16,0,broad,32.0,0.032,0.06231763656723821,0.13487431054669227,0.13911098201939773,0.9932405352592468,8.535633627638273,0.5,0.08925781250000005,0.04462890625,20,10240,20480,320,20480,20480,2621440,5898240.0,0,74752,98048,0,0.32573030000639847,0.09129860000393819,2048,6288
kll-small-rsr,neural,NPR-d16-rare-gmm,rare-gmm,16,0,broad,16.0,0.016,0.07851305337544723,0.15324597599390688,0.14315932722944805,0.9623539447784424,6.083978438981812,0.5,0.05800781250000005,0.029003906250000003,160,10240,20480,320,20480,20480,2621440,3932160.0,0,74752,98048,0,0.5752724000049056,0.09129860000393819,2048,6288
kll-paper-hybrid,neural,NPR-d16-rare-gmm,rare-gmm,16,0,broad,32.0,0.032,0.056912940192070494,0.13033464706415324,0.15126120302585605,0.9819441437721252,8.004157077490287,0.5,0.05410156250000005,0.027050781250000003,20,10240,20480,320,20480,30720,2621440,5898240.0,10485760,74752,98048,0,0.8157892000017455,0.09129860000393819,2048,6288
exact-free-particle-ceiling,free-particle-diagnostic,NPR-d16-rare-gmm,rare-gmm,16,0,broad,nan,nan,0.03769302845569911,0.1091228527395208,0.038599294165008596,0.9952404459353815,8.899008683862737,1.0,0.010156250000000047,0.005078125000000003,100,512,512,1,20480,20480,7864320,48263237.592530765,0,74752,0,0,0.24852509999618633,0.08720760000142036,0,0
paper-neural,neural,NPR-d16-rare-gmm,rare-gmm,16,1,concentrated,16.0,0.016,0.08625462017606367,0.16374484157305894,0.25912702520095754,0.7991252541542053,10.773674818538609,0.5,0.09316406250000005,0.04658203125,320,20480,20480,320,20480,20480,0,0.0,2621440,0,0,0,0.7494745000003604,0.0,2048,6288
minibatch-sw,neural,NPR-d16-rare-gmm,rare-gmm,16,1,concentrated,16.0,0.016,0.08420788937672263,0.14639419532128256,0.1725556628263924,0.9119055867195129,6.209017496878377,0.5,0.07558593750000005,0.03779296875,320,20480,20480,320,20480,20480,2621440,15728640.0,0,0,0,0,1.072231099999044,0.0,2048,6288
exact-atlas-rsr,neural,NPR-d16-rare-gmm,rare-gmm,16,1,concentrated,32.0,0.032,0.0991256438164676,0.17688595054886655,0.1659731175936648,1.0034034252166748,5.813469364118303,0.5,0.09511718750000005,0.04755859375,20,10240,20480,320,20480,20480,2621440,24670277.592530765,0,74752,0,0,0.32507380000606645,0.07965320000221254,2048,6288
kll-atlas-rsr,neural,NPR-d16-rare-gmm,rare-gmm,16,1,concentrated,32.0,0.032,0.09762715712578185,0.1719035483185836,0.16537157556354662,1.002056360244751,5.876786506388987,0.5,0.09511718750000005,0.04755859375,20,10240,20480,320,20480,20480,2621440,5898240.0,0,74752,98048,0,0.34814750000077765,0.0668800999992527,2048,6288
kll-small-rsr,neural,NPR-d16-rare-gmm,rare-gmm,16,1,concentrated,16.0,0.016,0.10408990125288042,0.173224670457607,0.1586787341212464,0.9535210728645325,5.537583423110497,0.5,0.10000000000000005,0.05,160,10240,20480,320,20480,20480,2621440,3932160.0,0,74752,98048,0,0.5982812000002014,0.0668800999992527,2048,6288
kll-paper-hybrid,neural,NPR-d16-rare-gmm,rare-gmm,16,1,concentrated,32.0,0.032,0.08911950102772437,0.16193648263206592,0.19942437688380063,0.9345145225524902,6.322942037647616,0.5,0.08925781250000005,0.04462890625,20,10240,20480,320,20480,30720,2621440,5898240.0,10485760,74752,98048,0,0.7516544000027352,0.0668800999992527,2048,6288
exact-free-particle-ceiling,free-particle-diagnostic,NPR-d16-rare-gmm,rare-gmm,16,1,concentrated,nan,nan,0.040569847853412,0.09610083964813632,0.04418432492202984,0.9952019522741364,9.34708195490057,0.5,0.05312500000000005,0.026562500000000003,100,512,512,1,20480,20480,7864320,48263237.592530765,0,74752,0,0,0.2606993000008515,0.07965320000221254,0,0
paper-neural,neural,NPR-d16-rare-gmm,rare-gmm,16,1,broad,16.0,0.016,0.09483952477470936,0.17294619767322797,0.26875206154709397,0.7880120873451233,10.55887499329858,0.5,0.09804687500000005,0.0490234375,320,20480,20480,320,20480,20480,0,0.0,2621440,0,0,0,0.7277298999979394,0.0,2048,6288
minibatch-sw,neural,NPR-d16-rare-gmm,rare-gmm,16,1,broad,16.0,0.016,0.08308907564669354,0.1447391247445291,0.17028036367736954,0.9543230533599854,6.864447369246247,0.5,0.09121093750000005,0.04560546875,320,20480,20480,320,20480,20480,2621440,15728640.0,0,0,0,0,1.0706231000003754,0.0,2048,6288
exact-atlas-rsr,neural,NPR-d16-rare-gmm,rare-gmm,16,1,broad,32.0,0.032,0.0673403913861712,0.1358409183313436,0.15543442751597,0.989490807056427,7.745481372032,0.5,0.09902343750000005,0.04951171875,20,10240,20480,320,20480,20480,2621440,24670277.592530765,0,74752,0,0,0.29349250000086613,0.07965320000221254,2048,6288
kll-atlas-rsr,neural,NPR-d16-rare-gmm,rare-gmm,16,1,broad,32.0,0.032,0.06777715580525445,0.13666457587731495,0.1548710081782057,0.9886672496795654,7.694055364581502,0.5,0.09902343750000005,0.04951171875,20,10240,20480,320,20480,20480,2621440,5898240.0,0,74752,98048,0,0.30171539999719243,0.0668800999992527,2048,6288
kll-small-rsr,neural,NPR-d16-rare-gmm,rare-gmm,16,1,broad,16.0,0.016,0.08229158371507417,0.15672396009185782,0.14935864027823845,0.9879849553108215,6.192967853329361,0.5,0.05605468750000005,0.028027343750000003,160,10240,20480,320,20480,20480,2621440,3932160.0,0,74752,98048,0,0.5802127999995719,0.0668800999992527,2048,6288
kll-paper-hybrid,neural,NPR-d16-rare-gmm,rare-gmm,16,1,broad,32.0,0.032,0.05488136536937205,0.121165721494169,0.1619596734164668,0.9806458353996277,8.097860724729658,0.5,0.07460937500000005,0.0373046875,20,10240,20480,320,20480,30720,2621440,5898240.0,10485760,74752,98048,0,0.8937831000002916,0.0668800999992527,2048,6288
exact-free-particle-ceiling,free-particle-diagnostic,NPR-d16-rare-gmm,rare-gmm,16,1,broad,nan,nan,0.04028226178511041,0.11253522446676002,0.04383048177406742,0.9952322067913344,9.094097941195663,1.0,0.017968750000000047,0.008984375000000003,100,512,512,1,20480,20480,7864320,48263237.592530765,0,74752,0,0,0.29090820000419626,0.07965320000221254,0,0
paper-neural,neural,NPR-d16-rare-gmm,rare-gmm,16,2,concentrated,16.0,0.016,0.10505680081318225,0.17876475239648015,0.2741579884415343,0.7853633165359497,10.052831824506478,0.5,0.09609375000000005,0.048046875,320,20480,20480,320,20480,20480,0,0.0,2621440,0,0,0,0.6905048000044189,0.0,2048,6288
minibatch-sw,neural,NPR-d16-rare-gmm,rare-gmm,16,2,concentrated,16.0,0.016,0.09103344282760162,0.16260890186654817,0.17610635168614536,1.0275152921676636,6.844860033872605,0.5,0.05312500000000005,0.026562500000000003,320,20480,20480,320,20480,20480,2621440,15728640.0,0,0,0,0,0.797972899999877,0.0,2048,6288
exact-atlas-rsr,neural,NPR-d16-rare-gmm,rare-gmm,16,2,concentrated,32.0,0.032,0.08788483938243452,0.15451751483976506,0.14712775728603364,1.0108320713043213,6.1467502495346835,0.5,0.05507812500000005,0.027539062500000003,20,10240,20480,320,20480,20480,2621440,24670277.592530765,0,74752,0,0,0.24010259999340633,0.0927739999970072,2048,6288
kll-atlas-rsr,neural,NPR-d16-rare-gmm,rare-gmm,16,2,concentrated,32.0,0.032,0.08698407652526541,0.15554504471912106,0.14849899405403835,1.0128084421157837,6.158503145446509,1.0,0.04921875000000005,0.024609375000000003,20,10240,20480,320,20480,20480,2621440,5898240.0,0,74752,98048,0,0.24514389999967534,0.07105669999873498,2048,6288
kll-small-rsr,neural,NPR-d16-rare-gmm,rare-gmm,16,2,concentrated,16.0,0.016,0.10790259497751897,0.18338625518577248,0.15202831076945467,1.024232029914856,5.285838379978427,0.5,0.07949218750000005,0.03974609375,160,10240,20480,320,20480,20480,2621440,3932160.0,0,74752,98048,0,0.37665179999748943,0.07105669999873498,2048,6288
kll-paper-hybrid,neural,NPR-d16-rare-gmm,rare-gmm,16,2,concentrated,32.0,0.032,0.07646711184431076,0.13714215005735866,0.18084737211820523,0.9206002354621887,6.56838564340861,0.5,0.07851562500000005,0.0392578125,20,10240,20480,320,20480,30720,2621440,5898240.0,10485760,74752,98048,0,0.5583610999965458,0.07105669999873498,2048,6288
exact-free-particle-ceiling,free-particle-diagnostic,NPR-d16-rare-gmm,rare-gmm,16,2,concentrated,nan,nan,0.03937598605429571,0.10898034137013987,0.039205908833500336,0.9950827657263142,9.14206019452625,1.0,0.025781250000000047,0.012890625000000003,100,512,512,1,20480,20480,7864320,48263237.592530765,0,74752,0,0,0.20333209999807877,0.0927739999970072,0,0
paper-neural,neural,NPR-d16-rare-gmm,rare-gmm,16,2,broad,16.0,0.016,0.09371381071929186,0.17318534328691565,0.2666074844509639,0.7922828197479248,10.91490620761558,0.5,0.09804687500000005,0.0490234375,320,20480,20480,320,20480,20480,0,0.0,2621440,0,0,0,0.4879940999962855,0.0,2048,6288
minibatch-sw,neural,NPR-d16-rare-gmm,rare-gmm,16,2,broad,16.0,0.016,0.07645468743565687,0.15235428006758664,0.15967114072688596,1.013867735862732,7.1567541295880615,0.5,0.09121093750000005,0.04560546875,320,20480,20480,320,20480,20480,2621440,15728640.0,0,0,0,0,0.7026278999983333,0.0,2048,6288
exact-atlas-rsr,neural,NPR-d16-rare-gmm,rare-gmm,16,2,broad,32.0,0.032,0.058055557483568165,0.13326707910885505,0.13392465064409578,0.9757741689682007,7.999376936343333,0.5,0.09023437500000005,0.0451171875,20,10240,20480,320,20480,20480,2621440,24670277.592530765,0,74752,0,0,0.20954680000431836,0.0927739999970072,2048,6288
kll-atlas-rsr,neural,NPR-d16-rare-gmm,rare-gmm,16,2,broad,32.0,0.032,0.059815668054412185,0.13472231057032724,0.1322187143828432,0.9819772839546204,8.00802519410301,0.5,0.08535156250000005,0.04267578125,20,10240,20480,320,20480,20480,2621440,5898240.0,0,74752,98048,0,0.22245800000382587,0.07105669999873498,2048,6288
kll-small-rsr,neural,NPR-d16-rare-gmm,rare-gmm,16,2,broad,16.0,0.016,0.08118990925125402,0.16067554845157359,0.14932190984863697,0.9635226726531982,6.009224531454164,0.5,0.09121093750000005,0.04560546875,160,10240,20480,320,20480,20480,2621440,3932160.0,0,74752,98048,0,0.37645550000161165,0.07105669999873498,2048,6288
kll-paper-hybrid,neural,NPR-d16-rare-gmm,rare-gmm,16,2,broad,32.0,0.032,0.050352824239510596,0.12199457201003291,0.1487846062035379,0.9849364757537842,8.952044562104843,0.5,0.07460937500000005,0.0373046875,20,10240,20480,320,20480,30720,2621440,5898240.0,10485760,74752,98048,0,0.5293974000014714,0.07105669999873498,2048,6288
exact-free-particle-ceiling,free-particle-diagnostic,NPR-d16-rare-gmm,rare-gmm,16,2,broad,nan,nan,0.0371765633263772,0.10384525975422093,0.03954985160277335,0.9950731459269537,9.188071631236387,1.0,0.029687500000000047,0.014843750000000003,100,512,512,1,20480,20480,7864320,48263237.592530765,0,74752,0,0,0.20106560000567697,0.0927739999970072,0,0
paper-neural,neural,NPR-d4-correlated-t,correlated-t,4,0,concentrated,16.0,0.016,0.014961323057132603,0.0823897059239105,0.15019051944881345,0.9362170100212097,1.951350122928936,nan,nan,nan,320,20480,20480,320,20480,20480,0,0.0,2621440,0,0,0,0.588575400004629,0.0,2048,4740
minibatch-sw,neural,NPR-d4-correlated-t,correlated-t,4,0,concentrated,16.0,0.016,0.020625440384105964,0.092404045904894,0.1471974237698668,0.9425657391548157,2.0772748842004383,nan,nan,nan,320,20480,20480,320,20480,20480,2621440,15728640.0,0,0,0,0,0.8051769999947282,0.0,2048,4740
exact-atlas-rsr,neural,NPR-d4-correlated-t,correlated-t,4,0,concentrated,32.0,0.032,0.015056492716468917,0.0954061285699853,0.20467600786888812,0.8610312938690186,1.9821412911862792,nan,nan,nan,20,10240,20480,320,20480,20480,2621440,24670277.592530765,0,68608,0,0,0.27730309999606106,0.07684149999840884,2048,4740
kll-atlas-rsr,neural,NPR-d4-correlated-t,correlated-t,4,0,concentrated,32.0,0.032,0.017387392194377682,0.09930676642264476,0.20340543672711717,0.8692302107810974,2.0368581238410406,nan,nan,nan,20,10240,20480,320,20480,20480,2621440,5898240.0,0,68608,98048,0,0.2593784000055166,0.059423300001071766,2048,4740
kll-small-rsr,neural,NPR-d4-correlated-t,correlated-t,4,0,concentrated,16.0,0.016,0.012201626244300101,0.08398116455445934,0.16597158511232887,0.871767520904541,2.11205830238895,nan,nan,nan,160,10240,20480,320,20480,20480,2621440,3932160.0,0,68608,98048,0,0.4048886999953538,0.059423300001071766,2048,4740
kll-paper-hybrid,neural,NPR-d4-correlated-t,correlated-t,4,0,concentrated,32.0,0.032,0.043279872756232685,0.155702300373985,0.22732691168472652,0.9964793920516968,1.8144571831570386,nan,nan,nan,20,10240,20480,320,20480,30720,2621440,5898240.0,10485760,68608,98048,0,0.7400850999983959,0.059423300001071766,2048,4740
exact-free-particle-ceiling,free-particle-diagnostic,NPR-d4-correlated-t,correlated-t,4,0,concentrated,nan,nan,0.0024321284375483643,0.03720871991969585,0.05547532044686922,0.9466125816361065,1.9561184064619817,nan,nan,nan,100,512,512,1,20480,20480,7864320,48263237.592530765,0,68608,0,0,0.18423030000121798,0.07684149999840884,0,0
paper-neural,neural,NPR-d4-correlated-t,correlated-t,4,0,broad,16.0,0.016,0.023956399445432375,0.11651494870281662,0.21671368037837474,0.8278258442878723,1.5232266930924159,nan,nan,nan,320,20480,20480,320,20480,20480,0,0.0,2621440,0,0,0,0.6427392999976291,0.0,2048,4740
minibatch-sw,neural,NPR-d4-correlated-t,correlated-t,4,0,broad,16.0,0.016,0.02819640999309403,0.12166140000928831,0.19032686529791312,0.8994055390357971,2.261292732011628,nan,nan,nan,320,20480,20480,320,20480,20480,2621440,15728640.0,0,0,0,0,0.8158425000001444,0.0,2048,4740
exact-atlas-rsr,neural,NPR-d4-correlated-t,correlated-t,4,0,broad,32.0,0.032,0.016830899654549647,0.09704226613292959,0.19927084538783416,0.8666841387748718,1.7982186511417388,nan,nan,nan,20,10240,20480,320,20480,20480,2621440,24670277.592530765,0,68608,0,0,0.25427350000245497,0.07684149999840884,2048,4740
kll-atlas-rsr,neural,NPR-d4-correlated-t,correlated-t,4,0,broad,32.0,0.032,0.022797414581180675,0.1078589137577841,0.20082236538311268,0.8996328711509705,1.876124342105155,nan,nan,nan,20,10240,20480,320,20480,20480,2621440,5898240.0,0,68608,98048,0,0.2348169000033522,0.059423300001071766,2048,4740
kll-small-rsr,neural,NPR-d4-correlated-t,correlated-t,4,0,broad,16.0,0.016,0.016249848780618414,0.1012785930637241,0.18487438233535136,0.8186901807785034,2.042354591604756,nan,nan,nan,160,10240,20480,320,20480,20480,2621440,3932160.0,0,68608,98048,0,0.3665603999979794,0.059423300001071766,2048,4740
kll-paper-hybrid,neural,NPR-d4-correlated-t,correlated-t,4,0,broad,32.0,0.032,0.04307865927672605,0.15125968147942284,0.24590188201745258,0.9620387554168701,1.7734145461611555,nan,nan,nan,20,10240,20480,320,20480,30720,2621440,5898240.0,10485760,68608,98048,0,0.6147039999996196,0.059423300001071766,2048,4740
exact-free-particle-ceiling,free-particle-diagnostic,NPR-d4-correlated-t,correlated-t,4,0,broad,nan,nan,0.0021952462518446403,0.03660501823179404,0.055219977446661725,0.9466305404433656,1.9637533043753064,nan,nan,nan,100,512,512,1,20480,20480,7864320,48263237.592530765,0,68608,0,0,0.20011159999558004,0.07684149999840884,0,0
paper-neural,neural,NPR-d4-correlated-t,correlated-t,4,1,concentrated,16.0,0.016,0.03499813749400005,0.15637432481717262,0.30740596958559696,0.7233171463012695,1.9256394635830991,nan,nan,nan,320,20480,20480,320,20480,20480,0,0.0,2621440,0,0,0,0.6446037999994587,0.0,2048,4740
minibatch-sw,neural,NPR-d4-correlated-t,correlated-t,4,1,concentrated,16.0,0.016,0.036096538932409494,0.14346652982318547,0.20816178583969103,0.9545301198959351,1.95886652235625,nan,nan,nan,320,20480,20480,320,20480,20480,2621440,15728640.0,0,0,0,0,0.822733299995889,0.0,2048,4740
exact-atlas-rsr,neural,NPR-d4-correlated-t,correlated-t,4,1,concentrated,32.0,0.032,0.025680929460574653,0.11255016212327792,0.22045858716148356,0.8789467215538025,1.7540570558814768,nan,nan,nan,20,10240,20480,320,20480,20480,2621440,24670277.592530765,0,68608,0,0,0.24662150000222027,0.09200009999767644,2048,4740
kll-atlas-rsr,neural,NPR-d4-correlated-t,correlated-t,4,1,concentrated,32.0,0.032,0.031181802005140646,0.1275090581273393,0.2252029814710307,0.9053564667701721,1.7066318790994373,nan,nan,nan,20,10240,20480,320,20480,20480,2621440,5898240.0,0,68608,98048,0,0.23036509999656118,0.058630399995308835,2048,4740
kll-small-rsr,neural,NPR-d4-correlated-t,correlated-t,4,1,concentrated,16.0,0.016,0.013065003624602944,0.09155697544985646,0.16918245939335125,0.9406036734580994,1.8817414287165342,nan,nan,nan,160,10240,20480,320,20480,20480,2621440,3932160.0,0,68608,98048,0,0.45075500000530155,0.058630399995308835,2048,4740
kll-paper-hybrid,neural,NPR-d4-correlated-t,correlated-t,4,1,concentrated,32.0,0.032,0.02904669872585952,0.13384017629031927,0.2211546768822591,0.9561381936073303,1.599785101449551,nan,nan,nan,20,10240,20480,320,20480,30720,2621440,5898240.0,10485760,68608,98048,0,0.706833899996127,0.058630399995308835,2048,4740
exact-free-particle-ceiling,free-particle-diagnostic,NPR-d4-correlated-t,correlated-t,4,1,concentrated,nan,nan,0.0024762465686540835,0.03837796303620179,0.06868796618103203,0.9581008272004312,1.9832770042600742,nan,nan,nan,100,512,512,1,20480,20480,7864320,48263237.592530765,0,68608,0,0,0.21570860000065295,0.09200009999767644,0,0
paper-neural,neural,NPR-d4-correlated-t,correlated-t,4,1,broad,16.0,0.016,0.02612440938016114,0.1290506522574958,0.258797356599806,0.7748731374740601,1.9371846494759266,nan,nan,nan,320,20480,20480,320,20480,20480,0,0.0,2621440,0,0,0,0.5450205999950413,0.0,2048,4740
minibatch-sw,neural,NPR-d4-correlated-t,correlated-t,4,1,broad,16.0,0.016,0.10230433447438791,0.23094944596635752,0.33146186552261653,0.8399753570556641,2.6858016424784985,nan,nan,nan,320,20480,20480,320,20480,20480,2621440,15728640.0,0,0,0,0,0.8067203000027803,0.0,2048,4740
exact-atlas-rsr,neural,NPR-d4-correlated-t,correlated-t,4,1,broad,32.0,0.032,0.03456939947810955,0.14411007901136072,0.23024635408582136,0.9507609605789185,2.0472914027566396,nan,nan,nan,20,10240,20480,320,20480,20480,2621440,24670277.592530765,0,68608,0,0,0.253178899998602,0.09200009999767644,2048,4740
kll-atlas-rsr,neural,NPR-d4-correlated-t,correlated-t,4,1,broad,32.0,0.032,0.020215494500019027,0.10114072127342967,0.1939282070462666,0.9405167102813721,2.0264884216099857,nan,nan,nan,20,10240,20480,320,20480,20480,2621440,5898240.0,0,68608,98048,0,0.263541799999075,0.058630399995308835,2048,4740
kll-small-rsr,neural,NPR-d4-correlated-t,correlated-t,4,1,broad,16.0,0.016,0.01211323595207947,0.08314263563864573,0.1769952301244916,0.8645368218421936,1.87982075719396,nan,nan,nan,160,10240,20480,320,20480,20480,2621440,3932160.0,0,68608,98048,0,0.4210272999989684,0.058630399995308835,2048,4740
kll-paper-hybrid,neural,NPR-d4-correlated-t,correlated-t,4,1,broad,32.0,0.032,0.029030206564518934,0.13093485321228643,0.22978539461912184,0.9282599091529846,1.6649784518407984,nan,nan,nan,20,10240,20480,320,20480,30720,2621440,5898240.0,10485760,68608,98048,0,0.7188941999993403,0.058630399995308835,2048,4740
exact-free-particle-ceiling,free-particle-diagnostic,NPR-d4-correlated-t,correlated-t,4,1,broad,nan,nan,0.002227003585540288,0.037010652171976265,0.06651112580799984,0.958203274624945,1.9731096396315524,nan,nan,nan,100,512,512,1,20480,20480,7864320,48263237.592530765,0,68608,0,0,0.21564419999776874,0.09200009999767644,0,0
paper-neural,neural,NPR-d4-correlated-t,correlated-t,4,2,concentrated,16.0,0.016,0.021106696253972324,0.11463825240994102,0.242699844304562,0.8042278289794922,2.0975457940307094,nan,nan,nan,320,20480,20480,320,20480,20480,0,0.0,2621440,0,0,0,0.6568404999998165,0.0,2048,4740
minibatch-sw,neural,NPR-d4-correlated-t,correlated-t,4,2,concentrated,16.0,0.016,0.025345681247429752,0.12236182963054328,0.18281493440174426,1.0019679069519043,1.4614096474234153,nan,nan,nan,320,20480,20480,320,20480,20480,2621440,15728640.0,0,0,0,0,0.9551824000009219,0.0,2048,4740
exact-atlas-rsr,neural,NPR-d4-correlated-t,correlated-t,4,2,concentrated,32.0,0.032,0.023254779329454855,0.10479193843741842,0.2007571371361167,0.8847125768661499,2.017085377526531,nan,nan,nan,20,10240,20480,320,20480,20480,2621440,24670277.592530765,0,68608,0,0,0.25680370000191033,0.07665310000447789,2048,4740
kll-atlas-rsr,neural,NPR-d4-correlated-t,correlated-t,4,2,concentrated,32.0,0.032,0.014521880191931125,0.08717160633251411,0.18874438817774342,0.8993532657623291,2.102920591314737,nan,nan,nan,20,10240,20480,320,20480,20480,2621440,5898240.0,0,68608,98048,0,0.2840587000027881,0.06412509999790927,2048,4740
kll-small-rsr,neural,NPR-d4-correlated-t,correlated-t,4,2,concentrated,16.0,0.016,0.03886269090754357,0.14876816313728453,0.24129352332873194,0.8051820397377014,2.3083352366107084,nan,nan,nan,160,10240,20480,320,20480,20480,2621440,3932160.0,0,68608,98048,0,0.4710594999996829,0.06412509999790927,2048,4740
kll-paper-hybrid,neural,NPR-d4-correlated-t,correlated-t,4,2,concentrated,32.0,0.032,0.03589688125893087,0.13704701324586308,0.22455227785174517,0.9465691447257996,2.122754187490207,nan,nan,nan,20,10240,20480,320,20480,30720,2621440,5898240.0,10485760,68608,98048,0,0.7194816000046558,0.06412509999790927,2048,4740
exact-free-particle-ceiling,free-particle-diagnostic,NPR-d4-correlated-t,correlated-t,4,2,concentrated,nan,nan,0.0028662276588264923,0.0414160999085106,0.06012534151268322,0.9660088266692377,1.9481835654370134,nan,nan,nan,100,512,512,1,20480,20480,7864320,48263237.592530765,0,68608,0,0,0.2357040999995661,0.07665310000447789,0,0
paper-neural,neural,NPR-d4-correlated-t,correlated-t,4,2,broad,16.0,0.016,0.0431426989671877,0.16310585194759594,0.28271612223945963,0.7650377154350281,2.348345782155161,nan,nan,nan,320,20480,20480,320,20480,20480,0,0.0,2621440,0,0,0,0.6383988000015961,0.0,2048,4740
minibatch-sw,neural,NPR-d4-correlated-t,correlated-t,4,2,broad,16.0,0.016,0.025804376516219918,0.12159908074976175,0.1901814623193296,0.903531014919281,2.0496568639535564,nan,nan,nan,320,20480,20480,320,20480,20480,2621440,15728640.0,0,0,0,0,0.9317449999944074,0.0,2048,4740
exact-atlas-rsr,neural,NPR-d4-correlated-t,correlated-t,4,2,broad,32.0,0.032,0.013683170644026355,0.09377286478626051,0.21930685663652802,0.8799419403076172,1.9167914831024275,nan,nan,nan,20,10240,20480,320,20480,20480,2621440,24670277.592530765,0,68608,0,0,0.2738986000040313,0.07665310000447789,2048,4740
kll-atlas-rsr,neural,NPR-d4-correlated-t,correlated-t,4,2,broad,32.0,0.032,0.012900659763821487,0.0925141513260211,0.21456320187616176,0.883378803730011,1.9758215969104336,nan,nan,nan,20,10240,20480,320,20480,20480,2621440,5898240.0,0,68608,98048,0,0.30330639999738196,0.06412509999790927,2048,4740
kll-small-rsr,neural,NPR-d4-correlated-t,correlated-t,4,2,broad,16.0,0.016,0.03001473910378749,0.12234610682239826,0.19600406559256192,0.8813773393630981,1.9895152581333364,nan,nan,nan,160,10240,20480,320,20480,20480,2621440,3932160.0,0,68608,98048,0,0.5254246999975294,0.06412509999790927,2048,4740
kll-paper-hybrid,neural,NPR-d4-correlated-t,correlated-t,4,2,broad,32.0,0.032,0.06591071350714284,0.2107199986261066,0.2747027704499682,1.114079475402832,1.8806644389574636,nan,nan,nan,20,10240,20480,320,20480,30720,2621440,5898240.0,10485760,68608,98048,0,0.7846410999991349,0.06412509999790927,2048,4740
exact-free-particle-ceiling,free-particle-diagnostic,NPR-d4-correlated-t,correlated-t,4,2,broad,nan,nan,0.0027609166059461288,0.04154708321771889,0.06039422919504536,0.9659958059164452,1.949951172045401,nan,nan,nan,100,512,512,1,20480,20480,7864320,48263237.592530765,0,68608,0,0,0.19310799999948358,0.07665310000447789,0,0
paper-neural,neural,NPR-d16-correlated-t,correlated-t,16,0,concentrated,16.0,0.016,0.04207499156276295,0.1197982458232843,0.21914506342987933,0.8390647768974304,5.927681657460033,nan,nan,nan,320,20480,20480,320,20480,20480,0,0.0,2621440,0,0,0,0.7424547000046005,0.0,2048,6288
minibatch-sw,neural,NPR-d16-correlated-t,correlated-t,16,0,concentrated,16.0,0.016,0.08142210958964835,0.14182721703474335,0.14768252446210278,1.0038700103759766,5.074775597522705,nan,nan,nan,320,20480,20480,320,20480,20480,2621440,15728640.0,0,0,0,0,0.9625101999990875,0.0,2048,6288
exact-atlas-rsr,neural,NPR-d16-correlated-t,correlated-t,16,0,concentrated,32.0,0.032,0.09562028169415537,0.15477429544791413,0.17326044078852043,1.014910101890564,6.552511990119219,nan,nan,nan,20,10240,20480,320,20480,20480,2621440,24670277.592530765,0,74752,0,0,0.34841640000377083,0.08228839999355841,2048,6288
kll-atlas-rsr,neural,NPR-d16-correlated-t,correlated-t,16,0,concentrated,32.0,0.032,0.10245537942258576,0.15883505543964116,0.17845893335731555,1.0279253721237183,6.232849160000072,nan,nan,nan,20,10240,20480,320,20480,20480,2621440,5898240.0,0,74752,98048,0,0.3350706999990507,0.07526839999627555,2048,6288
kll-small-rsr,neural,NPR-d16-correlated-t,correlated-t,16,0,concentrated,16.0,0.016,0.08466440451195911,0.1478102751892556,0.1472356660794103,0.9093688130378723,5.278239813347462,nan,nan,nan,160,10240,20480,320,20480,20480,2621440,3932160.0,0,74752,98048,0,0.5411960000055842,0.07526839999627555,2048,6288
kll-paper-hybrid,neural,NPR-d16-correlated-t,correlated-t,16,0,concentrated,32.0,0.032,0.0628514714962618,0.11984235876294344,0.20233531890512485,0.8671602010726929,6.63831644474851,nan,nan,nan,20,10240,20480,320,20480,30720,2621440,5898240.0,10485760,74752,98048,0,0.8583714000051259,0.07526839999627555,2048,6288
exact-free-particle-ceiling,free-particle-diagnostic,NPR-d16-correlated-t,correlated-t,16,0,concentrated,nan,nan,0.03699187280468408,0.0946763193025326,0.05273094917446662,0.9677108297186126,9.080308246790636,nan,nan,nan,100,512,512,1,20480,20480,7864320,48263237.592530765,0,74752,0,0,0.2618640000000596,0.08228839999355841,0,0
paper-neural,neural,NPR-d16-correlated-t,correlated-t,16,0,broad,16.0,0.016,0.04507343583457857,0.11761479986409817,0.2314815388725161,0.7967507243156433,6.519334022087869,nan,nan,nan,320,20480,20480,320,20480,20480,0,0.0,2621440,0,0,0,0.744181900001422,0.0,2048,6288
minibatch-sw,neural,NPR-d16-correlated-t,correlated-t,16,0,broad,16.0,0.016,0.05812125954035441,0.12496314766517039,0.1509330847612053,0.9300345778465271,6.73487581827878,nan,nan,nan,320,20480,20480,320,20480,20480,2621440,15728640.0,0,0,0,0,1.1997053000013693,0.0,2048,6288
exact-atlas-rsr,neural,NPR-d16-correlated-t,correlated-t,16,0,broad,32.0,0.032,0.05739812721721105,0.12229698083713085,0.1433476967581901,0.9331923723220825,7.946388927980226,nan,nan,nan,20,10240,20480,320,20480,20480,2621440,24670277.592530765,0,74752,0,0,0.3627434000009089,0.08228839999355841,2048,6288
kll-atlas-rsr,neural,NPR-d16-correlated-t,correlated-t,16,0,broad,32.0,0.032,0.05873218077241216,0.12751699674815634,0.14176681663807988,0.9412860870361328,8.185585779060453,nan,nan,nan,20,10240,20480,320,20480,20480,2621440,5898240.0,0,74752,98048,0,0.36844379999820376,0.07526839999627555,2048,6288
kll-small-rsr,neural,NPR-d16-correlated-t,correlated-t,16,0,broad,16.0,0.016,0.08331911563815542,0.14269920247267281,0.14606583485939115,0.9717259407043457,5.532299478219509,nan,nan,nan,160,10240,20480,320,20480,20480,2621440,3932160.0,0,74752,98048,0,0.5341621999978088,0.07526839999627555,2048,6288
kll-paper-hybrid,neural,NPR-d16-correlated-t,correlated-t,16,0,broad,32.0,0.032,0.05229326781377974,0.13033024202094534,0.1610754422904763,0.9807230234146118,8.179990838966257,nan,nan,nan,20,10240,20480,320,20480,30720,2621440,5898240.0,10485760,74752,98048,0,0.948401699999522,0.07526839999627555,2048,6288
exact-free-particle-ceiling,free-particle-diagnostic,NPR-d16-correlated-t,correlated-t,16,0,broad,nan,nan,0.05468916300523308,0.11197363592521331,0.054682888320594925,0.9676425705069375,8.081413532960111,nan,nan,nan,100,512,512,1,20480,20480,7864320,48263237.592530765,0,74752,0,0,0.28105589999904623,0.08228839999355841,0,0
paper-neural,neural,NPR-d16-correlated-t,correlated-t,16,1,concentrated,16.0,0.016,0.06170247660506689,0.14200031068822994,0.22777974182039765,0.8014853000640869,6.839996821040266,nan,nan,nan,320,20480,20480,320,20480,20480,0,0.0,2621440,0,0,0,0.7052207000015187,0.0,2048,6288
minibatch-sw,neural,NPR-d16-correlated-t,correlated-t,16,1,concentrated,16.0,0.016,0.08518386856917992,0.14428530165977013,0.1419953141501967,0.9518030285835266,6.120126665148738,nan,nan,nan,320,20480,20480,320,20480,20480,2621440,15728640.0,0,0,0,0,1.0413766999990912,0.0,2048,6288
exact-atlas-rsr,neural,NPR-d16-correlated-t,correlated-t,16,1,concentrated,32.0,0.032,0.09095895416801625,0.16273980243973832,0.16002648403784706,0.9976667165756226,6.527605740319086,nan,nan,nan,20,10240,20480,320,20480,20480,2621440,24670277.592530765,0,74752,0,0,0.2962742000017897,0.09647499999846332,2048,6288
kll-atlas-rsr,neural,NPR-d16-correlated-t,correlated-t,16,1,concentrated,32.0,0.032,0.09545389026675899,0.16411674034546,0.16544327002783973,1.0081193447113037,6.349213599282789,nan,nan,nan,20,10240,20480,320,20480,20480,2621440,5898240.0,0,74752,98048,0,0.3606126999948174,0.08394110000517685,2048,6288
kll-small-rsr,neural,NPR-d16-correlated-t,correlated-t,16,1,concentrated,16.0,0.016,0.10823524323094702,0.18041216994258175,0.16329956480487182,1.0087758302688599,5.441973278037184,nan,nan,nan,160,10240,20480,320,20480,20480,2621440,3932160.0,0,74752,98048,0,0.568660800003272,0.08394110000517685,2048,6288
kll-paper-hybrid,neural,NPR-d16-correlated-t,correlated-t,16,1,concentrated,32.0,0.032,0.06647298862866435,0.1368278979026339,0.1812327896812226,0.9281214475631714,7.066458822115003,nan,nan,nan,20,10240,20480,320,20480,30720,2621440,5898240.0,10485760,74752,98048,0,0.7418897999959881,0.08394110000517685,2048,6288
exact-free-particle-ceiling,free-particle-diagnostic,NPR-d16-correlated-t,correlated-t,16,1,concentrated,nan,nan,0.04494990547006239,0.11215944608661242,0.055536728980283,0.9760243531341833,8.551082993405696,nan,nan,nan,100,512,512,1,20480,20480,7864320,48263237.592530765,0,74752,0,0,0.2556574999980512,0.09647499999846332,0,0
paper-neural,neural,NPR-d16-correlated-t,correlated-t,16,1,broad,16.0,0.016,0.06297214192140643,0.14126708966094967,0.2468391939162973,0.7863371968269348,7.041207140634567,nan,nan,nan,320,20480,20480,320,20480,20480,0,0.0,2621440,0,0,0,0.7479609000001801,0.0,2048,6288
minibatch-sw,neural,NPR-d16-correlated-t,correlated-t,16,1,broad,16.0,0.016,0.08965228928075497,0.15177162600278912,0.16130767287855843,0.9149319529533386,5.935283533908333,nan,nan,nan,320,20480,20480,320,20480,20480,2621440,15728640.0,0,0,0,0,0.9468428999971366,0.0,2048,6288
exact-atlas-rsr,neural,NPR-d16-correlated-t,correlated-t,16,1,broad,32.0,0.032,0.07969311146378644,0.1453105061941543,0.14619866993945263,0.9641769528388977,7.961963721011188,nan,nan,nan,20,10240,20480,320,20480,20480,2621440,24670277.592530765,0,74752,0,0,0.30133139999816194,0.09647499999846332,2048,6288
kll-atlas-rsr,neural,NPR-d16-correlated-t,correlated-t,16,1,broad,32.0,0.032,0.07262166598733977,0.14087412727793056,0.14260431686326233,0.9790487885475159,8.035816540581761,nan,nan,nan,20,10240,20480,320,20480,20480,2621440,5898240.0,0,74752,98048,0,0.2987009999997099,0.08394110000517685,2048,6288
kll-small-rsr,neural,NPR-d16-correlated-t,correlated-t,16,1,broad,16.0,0.016,0.07191403623340165,0.13104761434072698,0.14683353072600522,0.912947952747345,6.631534503110392,nan,nan,nan,160,10240,20480,320,20480,20480,2621440,3932160.0,0,74752,98048,0,0.4870796000031987,0.08394110000517685,2048,6288
kll-paper-hybrid,neural,NPR-d16-correlated-t,correlated-t,16,1,broad,32.0,0.032,0.05654333007957568,0.12092709871148546,0.15997857732658907,0.9431552886962891,8.065907945441218,nan,nan,nan,20,10240,20480,320,20480,30720,2621440,5898240.0,10485760,74752,98048,0,0.8683366999975988,0.08394110000517685,2048,6288
exact-free-particle-ceiling,free-particle-diagnostic,NPR-d16-correlated-t,correlated-t,16,1,broad,nan,nan,0.048252840094761495,0.11916034161558776,0.05568155151293495,0.9760495342647476,8.035357319980712,nan,nan,nan,100,512,512,1,20480,20480,7864320,48263237.592530765,0,74752,0,0,0.24862690000009025,0.09647499999846332,0,0
paper-neural,neural,NPR-d16-correlated-t,correlated-t,16,2,concentrated,16.0,0.016,0.0699834976215783,0.15046734180257618,0.24718276998115385,0.7559234499931335,7.52070923897129,nan,nan,nan,320,20480,20480,320,20480,20480,0,0.0,2621440,0,0,0,0.6801734999971814,0.0,2048,6288
minibatch-sw,neural,NPR-d16-correlated-t,correlated-t,16,2,concentrated,16.0,0.016,0.08704705173272131,0.15008878302599554,0.17690322702646577,0.8634448051452637,6.682656555597509,nan,nan,nan,320,20480,20480,320,20480,20480,2621440,15728640.0,0,0,0,0,0.9053238000051351,0.0,2048,6288
exact-atlas-rsr,neural,NPR-d16-correlated-t,correlated-t,16,2,concentrated,32.0,0.032,0.099881430167855,0.15792714554532516,0.15741330702012737,0.9801584482192993,6.374466076970233,nan,nan,nan,20,10240,20480,320,20480,20480,2621440,24670277.592530765,0,74752,0,0,0.2251066000026185,0.08681600000272738,2048,6288
kll-atlas-rsr,neural,NPR-d16-correlated-t,correlated-t,16,2,concentrated,32.0,0.032,0.09752068612390552,0.1568103846641617,0.16072472034452778,0.9838981032371521,6.439179663168752,nan,nan,nan,20,10240,20480,320,20480,20480,2621440,5898240.0,0,74752,98048,0,0.22129619999759598,0.06985719999647699,2048,6288
kll-small-rsr,neural,NPR-d16-correlated-t,correlated-t,16,2,concentrated,16.0,0.016,0.1047228175649586,0.1685690089353723,0.15066102896493627,1.0423610210418701,4.964442608029992,nan,nan,nan,160,10240,20480,320,20480,20480,2621440,3932160.0,0,74752,98048,0,0.3645931999999448,0.06985719999647699,2048,6288
kll-paper-hybrid,neural,NPR-d16-correlated-t,correlated-t,16,2,concentrated,32.0,0.032,0.07178608441101275,0.13491128130708624,0.18265276177530065,0.9037418961524963,7.203712957680694,nan,nan,nan,20,10240,20480,320,20480,30720,2621440,5898240.0,10485760,74752,98048,0,0.5477902000056929,0.06985719999647699,2048,6288
exact-free-particle-ceiling,free-particle-diagnostic,NPR-d16-correlated-t,correlated-t,16,2,concentrated,nan,nan,0.04721301038869896,0.10731646186343116,0.04667040653394357,0.9759856622444031,8.62051955799294,nan,nan,nan,100,512,512,1,20480,20480,7864320,48263237.592530765,0,74752,0,0,0.2063646999959019,0.08681600000272738,0,0
paper-neural,neural,NPR-d16-correlated-t,correlated-t,16,2,broad,16.0,0.016,0.07274170257912971,0.14891961116649702,0.24963136149305903,0.7651339769363403,6.690159450391904,nan,nan,nan,320,20480,20480,320,20480,20480,0,0.0,2621440,0,0,0,0.5361473999946611,0.0,2048,6288
minibatch-sw,neural,NPR-d16-correlated-t,correlated-t,16,2,broad,16.0,0.016,0.093918587313361,0.16087495433030477,0.17882318992304963,0.8738211989402771,6.26119033796368,nan,nan,nan,320,20480,20480,320,20480,20480,2621440,15728640.0,0,0,0,0,0.7387349999989965,0.0,2048,6288
exact-atlas-rsr,neural,NPR-d16-correlated-t,correlated-t,16,2,broad,32.0,0.032,0.06994174755188176,0.1471882938836086,0.13431049726182365,0.9366634488105774,7.354923096397777,nan,nan,nan,20,10240,20480,320,20480,20480,2621440,24670277.592530765,0,74752,0,0,0.22161200000118697,0.08681600000272738,2048,6288
kll-atlas-rsr,neural,NPR-d16-correlated-t,correlated-t,16,2,broad,32.0,0.032,0.07426997135247504,0.15069100526841891,0.1361963868673584,0.9456174969673157,7.280400100169247,nan,nan,nan,20,10240,20480,320,20480,20480,2621440,5898240.0,0,74752,98048,0,0.22250560000247788,0.06985719999647699,2048,6288
kll-small-rsr,neural,NPR-d16-correlated-t,correlated-t,16,2,broad,16.0,0.016,0.08083386824950267,0.14679768554327507,0.12239612996207162,0.980079710483551,5.538120404893945,nan,nan,nan,160,10240,20480,320,20480,20480,2621440,3932160.0,0,74752,98048,0,0.35177829999884125,0.06985719999647699,2048,6288
kll-paper-hybrid,neural,NPR-d16-correlated-t,correlated-t,16,2,broad,32.0,0.032,0.057059228622641456,0.12707565992576075,0.14165636116651034,0.9682442545890808,8.0610217097986,nan,nan,nan,20,10240,20480,320,20480,30720,2621440,5898240.0,10485760,74752,98048,0,0.5128687000033096,0.06985719999647699,2048,6288
exact-free-particle-ceiling,free-particle-diagnostic,NPR-d16-correlated-t,correlated-t,16,2,broad,nan,nan,0.03847705275812441,0.10282187104107485,0.047672312860979664,0.9759962965989791,8.12355760085321,nan,nan,nan,100,512,512,1,20480,20480,7864320,48263237.592530765,0,74752,0,0,0.21239000000059605,0.08681600000272738,0,0
paper-neural,neural,NPR-d4-nonlinear,nonlinear,4,0,concentrated,16.0,0.016,0.05148961865948465,0.17756052926853697,0.4146545498795373,0.7509443759918213,2.5565569512230364,nan,nan,nan,320,20480,20480,320,20480,20480,0,0.0,2621440,0,0,0,0.5846430000019609,0.0,2048,4740
minibatch-sw,neural,NPR-d4-nonlinear,nonlinear,4,0,concentrated,16.0,0.016,0.030964911913279103,0.13722180255929975,0.2267257356147777,0.9137094020843506,2.4330577073400708,nan,nan,nan,320,20480,20480,320,20480,20480,2621440,15728640.0,0,0,0,0,0.8394417000017711,0.0,2048,4740
exact-atlas-rsr,neural,NPR-d4-nonlinear,nonlinear,4,0,concentrated,32.0,0.032,0.06771867096339257,0.1891206806152834,0.30460098691545634,0.9860246777534485,2.153944901712991,nan,nan,nan,20,10240,20480,320,20480,20480,2621440,24670277.592530765,0,68608,0,0,0.3223246999987168,0.07794540000031702,2048,4740
kll-atlas-rsr,neural,NPR-d4-nonlinear,nonlinear,4,0,concentrated,32.0,0.032,0.08390296712750622,0.21787210328401455,0.3296739591871218,0.964868426322937,2.01622594972407,nan,nan,nan,20,10240,20480,320,20480,20480,2621440,5898240.0,0,68608,98048,0,0.21133440000267,0.05912730000272859,2048,4740
kll-small-rsr,neural,NPR-d4-nonlinear,nonlinear,4,0,concentrated,16.0,0.016,0.025249355685581065,0.12638999502226736,0.21969212441541677,0.9165112376213074,2.663871661218353,nan,nan,nan,160,10240,20480,320,20480,20480,2621440,3932160.0,0,68608,98048,0,0.4217703999966034,0.05912730000272859,2048,4740
kll-paper-hybrid,neural,NPR-d4-nonlinear,nonlinear,4,0,concentrated,32.0,0.032,0.06624967028086282,0.1952043186840253,0.35054492693306144,0.8422907590866089,2.278367182505342,nan,nan,nan,20,10240,20480,320,20480,30720,2621440,5898240.0,10485760,68608,98048,0,0.7074160999982269,0.05912730000272859,2048,4740
exact-free-particle-ceiling,free-particle-diagnostic,NPR-d4-nonlinear,nonlinear,4,0,concentrated,nan,nan,0.0022641961432414703,0.03696901477365039,0.07487878749826508,0.9805974460985396,2.771303607083368,nan,nan,nan,100,512,512,1,20480,20480,7864320,48263237.592530765,0,68608,0,0,0.17751610000414075,0.07794540000031702,0,0
paper-neural,neural,NPR-d4-nonlinear,nonlinear,4,0,broad,16.0,0.016,0.04957001745508105,0.1758170777547927,0.4266413903431078,0.7443872690200806,2.3260147967363993,nan,nan,nan,320,20480,20480,320,20480,20480,0,0.0,2621440,0,0,0,0.6299510000026203,0.0,2048,4740
minibatch-sw,neural,NPR-d4-nonlinear,nonlinear,4,0,broad,16.0,0.016,0.039622891306809294,0.16466603151592746,0.2877664493667199,0.8894458413124084,2.7648837874080905,nan,nan,nan,320,20480,20480,320,20480,20480,2621440,15728640.0,0,0,0,0,0.8368821000040043,0.0,2048,4740
exact-atlas-rsr,neural,NPR-d4-nonlinear,nonlinear,4,0,broad,32.0,0.032,0.03637121036502222,0.15180062745444678,0.28091655660778797,0.9555237293243408,2.510449949695123,nan,nan,nan,20,10240,20480,320,20480,20480,2621440,24670277.592530765,0,68608,0,0,0.26033129999996163,0.07794540000031702,2048,4740
kll-atlas-rsr,neural,NPR-d4-nonlinear,nonlinear,4,0,broad,32.0,0.032,0.04087258870450139,0.15434189940758528,0.2693546856496483,0.9455979466438293,2.6236853171343593,nan,nan,nan,20,10240,20480,320,20480,20480,2621440,5898240.0,0,68608,98048,0,0.2675106999959098,0.05912730000272859,2048,4740
kll-small-rsr,neural,NPR-d4-nonlinear,nonlinear,4,0,broad,16.0,0.016,0.059071755770061074,0.18936622616114376,0.2641302995193399,1.0220825672149658,2.1801783593518085,nan,nan,nan,160,10240,20480,320,20480,20480,2621440,3932160.0,0,68608,98048,0,0.43543270000373013,0.05912730000272859,2048,4740
kll-paper-hybrid,neural,NPR-d4-nonlinear,nonlinear,4,0,broad,32.0,0.032,0.04980910829086849,0.17169366330684085,0.28633351434334575,0.9750511646270752,2.6166342955136708,nan,nan,nan,20,10240,20480,320,20480,30720,2621440,5898240.0,10485760,68608,98048,0,0.6656127000023844,0.05912730000272859,2048,4740
exact-free-particle-ceiling,free-particle-diagnostic,NPR-d4-nonlinear,nonlinear,4,0,broad,nan,nan,0.0023167686028897627,0.03701028034027891,0.07260018387419137,0.9806724778493,2.751742670816974,nan,nan,nan,100,512,512,1,20480,20480,7864320,48263237.592530765,0,68608,0,0,0.20597590000397759,0.07794540000031702,0,0
paper-neural,neural,NPR-d4-nonlinear,nonlinear,4,1,concentrated,16.0,0.016,0.05132624839173161,0.1743687815044197,0.3257613484455114,0.7710538506507874,2.3789234905662533,nan,nan,nan,320,20480,20480,320,20480,20480,0,0.0,2621440,0,0,0,0.5249829000022146,0.0,2048,4740
minibatch-sw,neural,NPR-d4-nonlinear,nonlinear,4,1,concentrated,16.0,0.016,0.04714648872305016,0.1593871294493656,0.21630537184429946,0.9127390384674072,2.3529464713783907,nan,nan,nan,320,20480,20480,320,20480,20480,2621440,15728640.0,0,0,0,0,0.7893746999980067,0.0,2048,4740
exact-atlas-rsr,neural,NPR-d4-nonlinear,nonlinear,4,1,concentrated,32.0,0.032,0.059677673607328785,0.1785121269774875,0.25202612516104594,0.9102751612663269,2.4711343772532475,nan,nan,nan,20,10240,20480,320,20480,20480,2621440,24670277.592530765,0,68608,0,0,0.27338599999347934,0.08070279999810737,2048,4740
kll-atlas-rsr,neural,NPR-d4-nonlinear,nonlinear,4,1,concentrated,32.0,0.032,0.05853269642324044,0.17642984809297615,0.24867748872334144,0.9138733744621277,2.41381178526735,nan,nan,nan,20,10240,20480,320,20480,20480,2621440,5898240.0,0,68608,98048,0,0.24708559999999125,0.05076759999792557,2048,4740
kll-small-rsr,neural,NPR-d4-nonlinear,nonlinear,4,1,concentrated,16.0,0.016,0.059331005933769276,0.1802774030630466,0.22000402852892692,0.9455167055130005,2.405261159434626,nan,nan,nan,160,10240,20480,320,20480,20480,2621440,3932160.0,0,68608,98048,0,0.36829060000309255,0.05076759999792557,2048,4740
kll-paper-hybrid,neural,NPR-d4-nonlinear,nonlinear,4,1,concentrated,32.0,0.032,0.04776542694883812,0.17722120581854123,0.2579910577703492,0.9296691417694092,2.5178587329469084,nan,nan,nan,20,10240,20480,320,20480,30720,2621440,5898240.0,10485760,68608,98048,0,0.6308288000000175,0.05076759999792557,2048,4740
exact-free-particle-ceiling,free-particle-diagnostic,NPR-d4-nonlinear,nonlinear,4,1,concentrated,nan,nan,0.0018107266771503205,0.03184598734481064,0.04885923572653449,0.9804207738675264,2.8080926436839904,nan,nan,nan,100,512,512,1,20480,20480,7864320,48263237.592530765,0,68608,0,0,0.19207349999487633,0.08070279999810737,0,0
paper-neural,neural,NPR-d4-nonlinear,nonlinear,4,1,broad,16.0,0.016,0.059155760525204215,0.19350161235920127,0.3678259105351591,0.6963629126548767,2.557367241958327,nan,nan,nan,320,20480,20480,320,20480,20480,0,0.0,2621440,0,0,0,0.6479189000019687,0.0,2048,4740
minibatch-sw,neural,NPR-d4-nonlinear,nonlinear,4,1,broad,16.0,0.016,0.06328556325077628,0.1944211510412519,0.2665660383713428,1.0456697940826416,2.5939809933642985,nan,nan,nan,320,20480,20480,320,20480,20480,2621440,15728640.0,0,0,0,0,0.7979618999961531,0.0,2048,4740
exact-atlas-rsr,neural,NPR-d4-nonlinear,nonlinear,4,1,broad,32.0,0.032,0.027576225030014,0.12817158734004694,0.20905407833595582,0.9223973751068115,2.784958323944144,nan,nan,nan,20,10240,20480,320,20480,20480,2621440,24670277.592530765,0,68608,0,0,0.2483792999992147,0.08070279999810737,2048,4740
kll-atlas-rsr,neural,NPR-d4-nonlinear,nonlinear,4,1,broad,32.0,0.032,0.04690071869047063,0.16664582735015912,0.2457060884623796,0.9307106137275696,2.6203035364118596,nan,nan,nan,20,10240,20480,320,20480,20480,2621440,5898240.0,0,68608,98048,0,0.23034190000180388,0.05076759999792557,2048,4740
kll-small-rsr,neural,NPR-d4-nonlinear,nonlinear,4,1,broad,16.0,0.016,0.05111003405246439,0.18164045638406057,0.2738233709514733,0.8500300049781799,2.5768495581647706,nan,nan,nan,160,10240,20480,320,20480,20480,2621440,3932160.0,0,68608,98048,0,0.4096897999988869,0.05076759999792557,2048,4740
kll-paper-hybrid,neural,NPR-d4-nonlinear,nonlinear,4,1,broad,32.0,0.032,0.03813834720884923,0.15616753973411435,0.24478143810566924,0.9392370581626892,2.733588774914489,nan,nan,nan,20,10240,20480,320,20480,30720,2621440,5898240.0,10485760,68608,98048,0,0.694216800002323,0.05076759999792557,2048,4740
exact-free-particle-ceiling,free-particle-diagnostic,NPR-d4-nonlinear,nonlinear,4,1,broad,nan,nan,0.002167866104031191,0.03410555148182124,0.049304619084835424,0.9803879629688,2.80830095780924,nan,nan,nan,100,512,512,1,20480,20480,7864320,48263237.592530765,0,68608,0,0,0.202796199999284,0.08070279999810737,0,0
paper-neural,neural,NPR-d4-nonlinear,nonlinear,4,2,concentrated,16.0,0.016,0.04112258907772759,0.15888107738266363,0.3852179675846007,0.7863258719444275,2.0426785129582954,nan,nan,nan,320,20480,20480,320,20480,20480,0,0.0,2621440,0,0,0,0.6480052999977488,0.0,2048,4740
minibatch-sw,neural,NPR-d4-nonlinear,nonlinear,4,2,concentrated,16.0,0.016,0.0731496716722555,0.1892678955557633,0.2701062165644426,0.9003446698188782,2.2413537955699248,nan,nan,nan,320,20480,20480,320,20480,20480,2621440,15728640.0,0,0,0,0,1.0519931000017095,0.0,2048,4740
exact-atlas-rsr,neural,NPR-d4-nonlinear,nonlinear,4,2,concentrated,32.0,0.032,0.044407484646771245,0.16236261785893877,0.2561934398228509,0.928510308265686,2.417187088387794,nan,nan,nan,20,10240,20480,320,20480,20480,2621440,24670277.592530765,0,68608,0,0,0.2876703000001726,0.08068890000140527,2048,4740
kll-atlas-rsr,neural,NPR-d4-nonlinear,nonlinear,4,2,concentrated,32.0,0.032,0.038980932339427454,0.1502766126556926,0.25079672922893453,0.944250226020813,2.479406142048948,nan,nan,nan,20,10240,20480,320,20480,20480,2621440,5898240.0,0,68608,98048,0,0.29251359999761917,0.06135499999800231,2048,4740
kll-small-rsr,neural,NPR-d4-nonlinear,nonlinear,4,2,concentrated,16.0,0.016,0.07055431629772979,0.20714837852165627,0.3033724105316293,0.994316577911377,2.351063770799599,nan,nan,nan,160,10240,20480,320,20480,20480,2621440,3932160.0,0,68608,98048,0,0.48277959999541054,0.06135499999800231,2048,4740
kll-paper-hybrid,neural,NPR-d4-nonlinear,nonlinear,4,2,concentrated,32.0,0.032,0.04309406389644721,0.16475187233458924,0.274926337058592,0.9581732153892517,2.432198524376181,nan,nan,nan,20,10240,20480,320,20480,30720,2621440,5898240.0,10485760,68608,98048,0,0.7684140999990632,0.06135499999800231,2048,4740
exact-free-particle-ceiling,free-particle-diagnostic,NPR-d4-nonlinear,nonlinear,4,2,concentrated,nan,nan,0.0021612552305851906,0.033970798323396605,0.05714326294272217,0.9852558342672267,2.7983167514528358,nan,nan,nan,100,512,512,1,20480,20480,7864320,48263237.592530765,0,68608,0,0,0.23729760000423994,0.08068890000140527,0,0
paper-neural,neural,NPR-d4-nonlinear,nonlinear,4,2,broad,16.0,0.016,0.06997730231053545,0.2136818561433085,0.3905549879188273,0.8100143671035767,3.0298663345578065,nan,nan,nan,320,20480,20480,320,20480,20480,0,0.0,2621440,0,0,0,0.727343300000939,0.0,2048,4740
minibatch-sw,neural,NPR-d4-nonlinear,nonlinear,4,2,broad,16.0,0.016,0.06878387272298259,0.1864400658599143,0.2748716359233852,0.9659621715545654,2.766798279100051,nan,nan,nan,320,20480,20480,320,20480,20480,2621440,15728640.0,0,0,0,0,0.8893422999972245,0.0,2048,4740
exact-atlas-rsr,neural,NPR-d4-nonlinear,nonlinear,4,2,broad,32.0,0.032,0.0581452305951915,0.18620757826572948,0.29945361301118556,0.9741902351379395,2.440258984340473,nan,nan,nan,20,10240,20480,320,20480,20480,2621440,24670277.592530765,0,68608,0,0,0.3061033000049065,0.08068890000140527,2048,4740
kll-atlas-rsr,neural,NPR-d4-nonlinear,nonlinear,4,2,broad,32.0,0.032,0.058261533984253155,0.191630082166796,0.30113959179126715,0.9670410752296448,2.5556209822640783,nan,nan,nan,20,10240,20480,320,20480,20480,2621440,5898240.0,0,68608,98048,0,0.29078039999876637,0.06135499999800231,2048,4740
kll-small-rsr,neural,NPR-d4-nonlinear,nonlinear,4,2,broad,16.0,0.016,0.07155692566698502,0.20424824217798848,0.2749037955942193,1.0778359174728394,2.7530194975713957,nan,nan,nan,160,10240,20480,320,20480,20480,2621440,3932160.0,0,68608,98048,0,0.49554640000133077,0.06135499999800231,2048,4740
kll-paper-hybrid,neural,NPR-d4-nonlinear,nonlinear,4,2,broad,32.0,0.032,0.04394061595989207,0.1656726813930778,0.33311052848874284,0.8290314674377441,2.8160954357525054,nan,nan,nan,20,10240,20480,320,20480,30720,2621440,5898240.0,10485760,68608,98048,0,0.848817300000519,0.06135499999800231,2048,4740
exact-free-particle-ceiling,free-particle-diagnostic,NPR-d4-nonlinear,nonlinear,4,2,broad,nan,nan,0.0019706769155529713,0.03253413204766308,0.05453214446032679,0.9852824831968816,2.7786915771872422,nan,nan,nan,100,512,512,1,20480,20480,7864320,48263237.592530765,0,68608,0,0,0.20478100000036648,0.08068890000140527,0,0
paper-neural,neural,NPR-d16-nonlinear,nonlinear,16,0,concentrated,16.0,0.016,0.08872662435826051,0.15822524370315103,0.3005057278553809,0.8088830709457397,6.370570965974167,nan,nan,nan,320,20480,20480,320,20480,20480,0,0.0,2621440,0,0,0,0.7067672000048333,0.0,2048,6288
minibatch-sw,neural,NPR-d16-nonlinear,nonlinear,16,0,concentrated,16.0,0.016,0.09269036574681166,0.17097238986170585,0.21185102858673974,1.0370603799819946,5.428797440464808,nan,nan,nan,320,20480,20480,320,20480,20480,2621440,15728640.0,0,0,0,0,0.958172900005593,0.0,2048,6288
exact-atlas-rsr,neural,NPR-d16-nonlinear,nonlinear,16,0,concentrated,32.0,0.032,0.09091255687319766,0.15825833133560535,0.2043027795372385,1.0076689720153809,6.668868332732988,nan,nan,nan,20,10240,20480,320,20480,20480,2621440,24670277.592530765,0,74752,0,0,0.35803089999535587,0.09380679999594577,2048,6288
kll-atlas-rsr,neural,NPR-d16-nonlinear,nonlinear,16,0,concentrated,32.0,0.032,0.09489689527344325,0.15791175267780058,0.20729734540775133,1.009979486465454,6.876113972763755,nan,nan,nan,20,10240,20480,320,20480,20480,2621440,5898240.0,0,74752,98048,0,0.31180049999966286,0.07630929999868385,2048,6288
kll-small-rsr,neural,NPR-d16-nonlinear,nonlinear,16,0,concentrated,16.0,0.016,0.07762236537260847,0.15547941470944765,0.17927851804158737,0.9806691408157349,4.847673608217288,nan,nan,nan,160,10240,20480,320,20480,20480,2621440,3932160.0,0,74752,98048,0,0.4809934000004432,0.07630929999868385,2048,6288
kll-paper-hybrid,neural,NPR-d16-nonlinear,nonlinear,16,0,concentrated,32.0,0.032,0.07334081828379979,0.13525177191285245,0.22917150219505614,0.9111147522926331,7.632878431744969,nan,nan,nan,20,10240,20480,320,20480,30720,2621440,5898240.0,10485760,74752,98048,0,0.7415862999987439,0.07630929999868385,2048,6288
exact-free-particle-ceiling,free-particle-diagnostic,NPR-d16-nonlinear,nonlinear,16,0,concentrated,nan,nan,0.02981648284050742,0.09362944073567278,0.050699515837517,0.990803954291495,7.955496540465505,nan,nan,nan,100,512,512,1,20480,20480,7864320,48263237.592530765,0,74752,0,0,0.24198710000200663,0.09380679999594577,0,0
paper-neural,neural,NPR-d16-nonlinear,nonlinear,16,0,broad,16.0,0.016,0.09815445786153454,0.16906336004300643,0.31314715692908074,0.7957567572593689,6.658049596136242,nan,nan,nan,320,20480,20480,320,20480,20480,0,0.0,2621440,0,0,0,0.7671207000021241,0.0,2048,6288
minibatch-sw,neural,NPR-d16-nonlinear,nonlinear,16,0,broad,16.0,0.016,0.0963696272398824,0.16912008187121338,0.21403317792954188,1.0438416004180908,4.952296511621506,nan,nan,nan,320,20480,20480,320,20480,20480,2621440,15728640.0,0,0,0,0,1.1617217999955756,0.0,2048,6288
exact-atlas-rsr,neural,NPR-d16-nonlinear,nonlinear,16,0,broad,32.0,0.032,0.05914470431102359,0.1376814885993773,0.19027562306477494,0.9398003220558167,7.316133669878704,nan,nan,nan,20,10240,20480,320,20480,20480,2621440,24670277.592530765,0,74752,0,0,0.33866670000134036,0.09380679999594577,2048,6288
kll-atlas-rsr,neural,NPR-d16-nonlinear,nonlinear,16,0,broad,32.0,0.032,0.05854021393567521,0.13600213373419565,0.18951157517119843,0.9447418451309204,7.496026543613355,nan,nan,nan,20,10240,20480,320,20480,20480,2621440,5898240.0,0,74752,98048,0,0.3443500000066706,0.07630929999868385,2048,6288
kll-small-rsr,neural,NPR-d16-nonlinear,nonlinear,16,0,broad,16.0,0.016,0.10058156180304678,0.18276495385497515,0.21998553828529194,0.9352573752403259,6.274590218517219,nan,nan,nan,160,10240,20480,320,20480,20480,2621440,3932160.0,0,74752,98048,0,0.4515860000028624,0.07630929999868385,2048,6288
kll-paper-hybrid,neural,NPR-d16-nonlinear,nonlinear,16,0,broad,32.0,0.032,0.05320333987083181,0.13021253737493696,0.1932601860456702,0.9831339716911316,7.452818130832915,nan,nan,nan,20,10240,20480,320,20480,30720,2621440,5898240.0,10485760,74752,98048,0,0.8711261999997078,0.07630929999868385,2048,6288
exact-free-particle-ceiling,free-particle-diagnostic,NPR-d16-nonlinear,nonlinear,16,0,broad,nan,nan,0.038826059399405644,0.10796352679892235,0.050656218228732876,0.9908068400540724,7.937294933618469,nan,nan,nan,100,512,512,1,20480,20480,7864320,48263237.592530765,0,74752,0,0,0.24575519999780226,0.09380679999594577,0,0
paper-neural,neural,NPR-d16-nonlinear,nonlinear,16,1,concentrated,16.0,0.016,0.06182691510515692,0.13286119179750014,0.2508055972414194,0.8327756524085999,5.995595255518078,nan,nan,nan,320,20480,20480,320,20480,20480,0,0.0,2621440,0,0,0,0.76574729999993,0.0,2048,6288
minibatch-sw,neural,NPR-d16-nonlinear,nonlinear,16,1,concentrated,16.0,0.016,0.0815278524937808,0.15710898586123523,0.18237836756906287,1.002052664756775,5.24647760325527,nan,nan,nan,320,20480,20480,320,20480,20480,2621440,15728640.0,0,0,0,0,0.9832459999961429,0.0,2048,6288
exact-atlas-rsr,neural,NPR-d16-nonlinear,nonlinear,16,1,concentrated,32.0,0.032,0.10349916701848283,0.17651792999836083,0.18336017873831403,0.9918695092201233,6.130136038001135,nan,nan,nan,20,10240,20480,320,20480,20480,2621440,24670277.592530765,0,74752,0,0,0.2882903999998234,0.08115450000332203,2048,6288
kll-atlas-rsr,neural,NPR-d16-nonlinear,nonlinear,16,1,concentrated,32.0,0.032,0.10436685358284858,0.1777690735288068,0.18552259183809547,0.9943746328353882,6.171159433166225,nan,nan,nan,20,10240,20480,320,20480,20480,2621440,5898240.0,0,74752,98048,0,0.34966480000002775,0.07568699999683304,2048,6288
kll-small-rsr,neural,NPR-d16-nonlinear,nonlinear,16,1,concentrated,16.0,0.016,0.1069905908227442,0.17786335124412436,0.20529600945678625,0.9521416425704956,5.275625141343444,nan,nan,nan,160,10240,20480,320,20480,20480,2621440,3932160.0,0,74752,98048,0,0.5896855999963009,0.07568699999683304,2048,6288
kll-paper-hybrid,neural,NPR-d16-nonlinear,nonlinear,16,1,concentrated,32.0,0.032,0.0778304861101029,0.1505364733172564,0.21245944887135454,0.8848966956138611,6.655126172118809,nan,nan,nan,20,10240,20480,320,20480,30720,2621440,5898240.0,10485760,74752,98048,0,0.7796336999963387,0.07568699999683304,2048,6288
exact-free-particle-ceiling,free-particle-diagnostic,NPR-d16-nonlinear,nonlinear,16,1,concentrated,nan,nan,0.03216434807298452,0.09642673223013194,0.046427460679832916,0.9905007440293081,8.27355598416714,nan,nan,nan,100,512,512,1,20480,20480,7864320,48263237.592530765,0,74752,0,0,0.27143429999705404,0.08115450000332203,0,0
paper-neural,neural,NPR-d16-nonlinear,nonlinear,16,1,broad,16.0,0.016,0.0780101607498116,0.15313096317214195,0.2738035602017889,0.8001636862754822,7.475292695104071,nan,nan,nan,320,20480,20480,320,20480,20480,0,0.0,2621440,0,0,0,0.7069021999996039,0.0,2048,6288
minibatch-sw,neural,NPR-d16-nonlinear,nonlinear,16,1,broad,16.0,0.016,0.09851272943207423,0.163106809143413,0.20924371689085192,0.9494645595550537,5.912183758260583,nan,nan,nan,320,20480,20480,320,20480,20480,2621440,15728640.0,0,0,0,0,0.979521900000691,0.0,2048,6288
exact-atlas-rsr,neural,NPR-d16-nonlinear,nonlinear,16,1,broad,32.0,0.032,0.07004603775874063,0.1417966324150707,0.17830596121747122,0.9461036920547485,6.815583712441801,nan,nan,nan,20,10240,20480,320,20480,20480,2621440,24670277.592530765,0,74752,0,0,0.3531098999956157,0.08115450000332203,2048,6288
kll-atlas-rsr,neural,NPR-d16-nonlinear,nonlinear,16,1,broad,32.0,0.032,0.0673482732149635,0.1384104181901828,0.17240438932322857,0.9547818899154663,6.728643336597585,nan,nan,nan,20,10240,20480,320,20480,20480,2621440,5898240.0,0,74752,98048,0,0.28449109999928623,0.07568699999683304,2048,6288
kll-small-rsr,neural,NPR-d16-nonlinear,nonlinear,16,1,broad,16.0,0.016,0.08962532413551738,0.1512505102832713,0.17702606584790975,0.9911864399909973,5.578608854844183,nan,nan,nan,160,10240,20480,320,20480,20480,2621440,3932160.0,0,74752,98048,0,0.4534951999958139,0.07568699999683304,2048,6288
kll-paper-hybrid,neural,NPR-d16-nonlinear,nonlinear,16,1,broad,32.0,0.032,0.057447726165979596,0.12746497562073794,0.1877695015528287,0.9904999732971191,6.271123672908476,nan,nan,nan,20,10240,20480,320,20480,30720,2621440,5898240.0,10485760,74752,98048,0,0.7618213000023388,0.07568699999683304,2048,6288
exact-free-particle-ceiling,free-particle-diagnostic,NPR-d16-nonlinear,nonlinear,16,1,broad,nan,nan,0.041280771620924916,0.10894431143552198,0.04574998276601325,0.9904893765666714,7.578803986351349,nan,nan,nan,100,512,512,1,20480,20480,7864320,48263237.592530765,0,74752,0,0,0.2872300999952131,0.08115450000332203,0,0
paper-neural,neural,NPR-d16-nonlinear,nonlinear,16,2,concentrated,16.0,0.016,0.07958267340400482,0.15239311900524058,0.27553487714492964,0.8232584595680237,7.344072034682607,nan,nan,nan,320,20480,20480,320,20480,20480,0,0.0,2621440,0,0,0,0.7415955999967991,0.0,2048,6288
minibatch-sw,neural,NPR-d16-nonlinear,nonlinear,16,2,concentrated,16.0,0.016,0.09090517684570187,0.16838857569873153,0.19131615839809865,1.005472183227539,5.187072909630043,nan,nan,nan,320,20480,20480,320,20480,20480,2621440,15728640.0,0,0,0,0,0.8364638999992167,0.0,2048,6288
exact-atlas-rsr,neural,NPR-d16-nonlinear,nonlinear,16,2,concentrated,32.0,0.032,0.10097246717323038,0.17517493244855106,0.1934367320921997,1.0094265937805176,5.262582571475728,nan,nan,nan,20,10240,20480,320,20480,20480,2621440,24670277.592530765,0,74752,0,0,0.22973640000418527,0.08795729999837931,2048,6288
kll-atlas-rsr,neural,NPR-d16-nonlinear,nonlinear,16,2,concentrated,32.0,0.032,0.09980688024993611,0.17297653329311635,0.193709021384941,1.0063116550445557,5.318500624672966,nan,nan,nan,20,10240,20480,320,20480,20480,2621440,5898240.0,0,74752,98048,0,0.2643090000055963,0.0712402999997721,2048,6288
kll-small-rsr,neural,NPR-d16-nonlinear,nonlinear,16,2,concentrated,16.0,0.016,0.09908857293407891,0.19028599458218037,0.1791224941158356,0.9568356275558472,4.778782435017995,nan,nan,nan,160,10240,20480,320,20480,20480,2621440,3932160.0,0,74752,98048,0,0.3798921999987215,0.0712402999997721,2048,6288
kll-paper-hybrid,neural,NPR-d16-nonlinear,nonlinear,16,2,concentrated,32.0,0.032,0.08001208024782613,0.1521530581740828,0.20719886589666237,0.9167578816413879,5.590095723973412,nan,nan,nan,20,10240,20480,320,20480,30720,2621440,5898240.0,10485760,74752,98048,0,0.529150700000173,0.0712402999997721,2048,6288
exact-free-particle-ceiling,free-particle-diagnostic,NPR-d16-nonlinear,nonlinear,16,2,concentrated,nan,nan,0.040480334697514664,0.11451542151753288,0.0425924977155366,0.9911847795365625,8.602219917516713,nan,nan,nan,100,512,512,1,20480,20480,7864320,48263237.592530765,0,74752,0,0,0.19509810000454308,0.08795729999837931,0,0
paper-neural,neural,NPR-d16-nonlinear,nonlinear,16,2,broad,16.0,0.016,0.09451862702714031,0.16933021916304605,0.2936307176535366,0.8027380704879761,7.911775594662755,nan,nan,nan,320,20480,20480,320,20480,20480,0,0.0,2621440,0,0,0,0.4861432000034256,0.0,2048,6288
minibatch-sw,neural,NPR-d16-nonlinear,nonlinear,16,2,broad,16.0,0.016,0.09066692244080876,0.17337094119294258,0.19093900738960407,1.0311665534973145,6.396952092462642,nan,nan,nan,320,20480,20480,320,20480,20480,2621440,15728640.0,0,0,0,0,0.6830732000016724,0.0,2048,6288
exact-atlas-rsr,neural,NPR-d16-nonlinear,nonlinear,16,2,broad,32.0,0.032,0.06818661137426396,0.13636530169997751,0.17631774731566563,0.986156702041626,7.649351502041496,nan,nan,nan,20,10240,20480,320,20480,20480,2621440,24670277.592530765,0,74752,0,0,0.21554859999741893,0.08795729999837931,2048,6288
kll-atlas-rsr,neural,NPR-d16-nonlinear,nonlinear,16,2,broad,32.0,0.032,0.07093264866288251,0.13681095210563962,0.1765635075314377,0.9914529919624329,7.824335256038403,nan,nan,nan,20,10240,20480,320,20480,20480,2621440,5898240.0,0,74752,98048,0,0.24230189999798313,0.0712402999997721,2048,6288
kll-small-rsr,neural,NPR-d16-nonlinear,nonlinear,16,2,broad,16.0,0.016,0.11661717727961829,0.17851617034871003,0.18224390485854217,0.9773396253585815,5.875415769276445,nan,nan,nan,160,10240,20480,320,20480,20480,2621440,3932160.0,0,74752,98048,0,0.34348339999996824,0.0712402999997721,2048,6288
kll-paper-hybrid,neural,NPR-d16-nonlinear,nonlinear,16,2,broad,32.0,0.032,0.06095923541544401,0.1286492690289298,0.18823641187921542,0.9720835089683533,7.137972058388926,nan,nan,nan,20,10240,20480,320,20480,30720,2621440,5898240.0,10485760,74752,98048,0,0.5099861999988207,0.0712402999997721,2048,6288
exact-free-particle-ceiling,free-particle-diagnostic,NPR-d16-nonlinear,nonlinear,16,2,broad,nan,nan,0.04417102994566591,0.1178651857180845,0.043131984661332806,0.9911804361502368,8.074991156168199,nan,nan,nan,100,512,512,1,20480,20480,7864320,48263237.592530765,0,74752,0,0,0.21822750000137603,0.08795729999837931,0,0
