arm,kind,tau,target,family,init,cell,seed,budget,virtual_batch,warm_fraction,planned_steps,completed_steps,wall_seconds,generator_forward_calls,generator_example_evals,unique_latent_samples,target_samples,kernel_pairs,sort_work,selector_calls,selector_kernel_pairs,selector_example_evals,tau_counts,ed2,sw1,weighted_reach,mass_l1,event_time,censored,diverged
paper-0.2,paper,0.2,LBQCD-D01-unequal-min050-K8,unequal,concentrated,LBQCD-D01-unequal-min050-K8/concentrated,0,update,0,0.0,400,400,0.654892500009737,400,51200,51200,51200,13107200,0.0,0,0,0,"{""0.2"": 0, ""0.5"": 0, ""1.0"": 0, ""2.0"": 0, ""4.0"": 0}",0.012940135709264666,0.1531127094934163,1.0,0.08878906250000002,100,0,0
paper-0.2,paper,0.2,LBQCD-D01-unequal-min050-K8,unequal,concentrated,LBQCD-D01-unequal-min050-K8/concentrated,1,update,0,0.0,400,400,0.4270010999898659,400,51200,51200,51200,13107200,0.0,0,0,0,"{""0.2"": 0, ""0.5"": 0, ""1.0"": 0, ""2.0"": 0, ""4.0"": 0}",0.011842598470700239,0.13786795632815724,1.0,0.0640625,50,0,0
paper-0.2,paper,0.2,LBQCD-D01-unequal-min050-K8,unequal,concentrated,LBQCD-D01-unequal-min050-K8/concentrated,2,update,0,0.0,400,400,0.6919927999988431,400,51200,51200,51200,13107200,0.0,0,0,0,"{""0.2"": 0, ""0.5"": 0, ""1.0"": 0, ""2.0"": 0, ""4.0"": 0}",0.012944645781945985,0.1488212335115702,1.0,0.08222656250000002,50,0,0
paper-0.5,paper,0.5,LBQCD-D01-unequal-min050-K8,unequal,concentrated,LBQCD-D01-unequal-min050-K8/concentrated,0,update,0,0.0,400,400,0.7639229000051273,400,51200,51200,51200,13107200,0.0,0,0,0,"{""0.2"": 0, ""0.5"": 0, ""1.0"": 0, ""2.0"": 0, ""4.0"": 0}",0.02523463738585252,0.1626057771680749,1.0,0.09031250000000002,100,0,0
paper-0.5,paper,0.5,LBQCD-D01-unequal-min050-K8,unequal,concentrated,LBQCD-D01-unequal-min050-K8/concentrated,1,update,0,0.0,400,400,0.617632199995569,400,51200,51200,51200,13107200,0.0,0,0,0,"{""0.2"": 0, ""0.5"": 0, ""1.0"": 0, ""2.0"": 0, ""4.0"": 0}",0.012419901776399733,0.15026235473697477,1.0,0.07343749999999996,100,0,0
paper-0.5,paper,0.5,LBQCD-D01-unequal-min050-K8,unequal,concentrated,LBQCD-D01-unequal-min050-K8/concentrated,2,update,0,0.0,400,400,0.3921855999942636,400,51200,51200,51200,13107200,0.0,0,0,0,"{""0.2"": 0, ""0.5"": 0, ""1.0"": 0, ""2.0"": 0, ""4.0"": 0}",0.014935281546164747,0.16313985421656405,1.0,0.13574218750000003,100,0,0
paper-1,paper,1.0,LBQCD-D01-unequal-min050-K8,unequal,concentrated,LBQCD-D01-unequal-min050-K8/concentrated,0,update,0,0.0,400,400,0.6794912000041222,400,51200,51200,51200,13107200,0.0,0,0,0,"{""0.2"": 0, ""0.5"": 0, ""1.0"": 0, ""2.0"": 0, ""4.0"": 0}",0.02874689712312062,0.1686927389108414,1.0,0.11062500000000003,200,0,0
paper-1,paper,1.0,LBQCD-D01-unequal-min050-K8,unequal,concentrated,LBQCD-D01-unequal-min050-K8/concentrated,1,update,0,0.0,400,400,0.6896861999994144,400,51200,51200,51200,13107200,0.0,0,0,0,"{""0.2"": 0, ""0.5"": 0, ""1.0"": 0, ""2.0"": 0, ""4.0"": 0}",0.011924113595340735,0.15292779967905556,1.0,0.06972656249999998,150,0,0
paper-1,paper,1.0,LBQCD-D01-unequal-min050-K8,unequal,concentrated,LBQCD-D01-unequal-min050-K8/concentrated,2,update,0,0.0,400,400,0.521338199992897,400,51200,51200,51200,13107200,0.0,0,0,0,"{""0.2"": 0, ""0.5"": 0, ""1.0"": 0, ""2.0"": 0, ""4.0"": 0}",0.019381341095712212,0.16972012736377304,1.0,0.17136718750000002,350,0,0
paper-2,paper,2.0,LBQCD-D01-unequal-min050-K8,unequal,concentrated,LBQCD-D01-unequal-min050-K8/concentrated,0,update,0,0.0,400,400,0.5611295999988215,400,51200,51200,51200,13107200,0.0,0,0,0,"{""0.2"": 0, ""0.5"": 0, ""1.0"": 0, ""2.0"": 0, ""4.0"": 0}",0.03372044430221521,0.1829799235288247,0.86,0.1677734375,400,1,0
paper-2,paper,2.0,LBQCD-D01-unequal-min050-K8,unequal,concentrated,LBQCD-D01-unequal-min050-K8/concentrated,1,update,0,0.0,400,400,0.44159689999651164,400,51200,51200,51200,13107200,0.0,0,0,0,"{""0.2"": 0, ""0.5"": 0, ""1.0"": 0, ""2.0"": 0, ""4.0"": 0}",0.01733915690849286,0.18151827360754322,0.86,0.173515625,400,1,0
paper-2,paper,2.0,LBQCD-D01-unequal-min050-K8,unequal,concentrated,LBQCD-D01-unequal-min050-K8/concentrated,2,update,0,0.0,400,400,0.578055600009975,400,51200,51200,51200,13107200,0.0,0,0,0,"{""0.2"": 0, ""0.5"": 0, ""1.0"": 0, ""2.0"": 0, ""4.0"": 0}",0.028980088516761038,0.19559950859384642,1.0,0.21894531250000004,400,0,0
paper-4,paper,4.0,LBQCD-D01-unequal-min050-K8,unequal,concentrated,LBQCD-D01-unequal-min050-K8/concentrated,0,update,0,0.0,400,400,0.596952699997928,400,51200,51200,51200,13107200,0.0,0,0,0,"{""0.2"": 0, ""0.5"": 0, ""1.0"": 0, ""2.0"": 0, ""4.0"": 0}",0.03498222939072537,0.19194486981395595,0.86,0.2665234375,400,1,0
paper-4,paper,4.0,LBQCD-D01-unequal-min050-K8,unequal,concentrated,LBQCD-D01-unequal-min050-K8/concentrated,1,update,0,0.0,400,400,0.8333415999950375,400,51200,51200,51200,13107200,0.0,0,0,0,"{""0.2"": 0, ""0.5"": 0, ""1.0"": 0, ""2.0"": 0, ""4.0"": 0}",0.02417857160259551,0.20848349064140625,0.86,0.392890625,400,1,0
paper-4,paper,4.0,LBQCD-D01-unequal-min050-K8,unequal,concentrated,LBQCD-D01-unequal-min050-K8/concentrated,2,update,0,0.0,400,400,0.4920665999961784,400,51200,51200,51200,13107200,0.0,0,0,0,"{""0.2"": 0, ""0.5"": 0, ""1.0"": 0, ""2.0"": 0, ""4.0"": 0}",0.03467430286013995,0.22478367367910124,1.0,0.27199218750000004,400,0,0
qld-v1,qld,0.5,LBQCD-D01-unequal-min050-K8,unequal,concentrated,LBQCD-D01-unequal-min050-K8/concentrated,0,update,0,0.7,400,400,0.31570360000478104,400,51200,51200,51200,3932160,501760.0,0,0,0,"{""0.2"": 0, ""0.5"": 0, ""1.0"": 0, ""2.0"": 0, ""4.0"": 0}",0.02083966037519369,0.15952076006799348,1.0,0.11777343750000002,100,0,0
qld-v1,qld,0.5,LBQCD-D01-unequal-min050-K8,unequal,concentrated,LBQCD-D01-unequal-min050-K8/concentrated,1,update,0,0.7,400,400,0.2510849000100279,400,51200,51200,51200,3932160,501760.0,0,0,0,"{""0.2"": 0, ""0.5"": 0, ""1.0"": 0, ""2.0"": 0, ""4.0"": 0}",0.013503729310657242,0.1514362225211519,1.0,0.129453125,100,0,0
qld-v1,qld,0.5,LBQCD-D01-unequal-min050-K8,unequal,concentrated,LBQCD-D01-unequal-min050-K8/concentrated,2,update,0,0.7,400,400,0.3818500000052154,400,51200,51200,51200,3932160,501760.0,0,0,0,"{""0.2"": 0, ""0.5"": 0, ""1.0"": 0, ""2.0"": 0, ""4.0"": 0}",0.020931325057341077,0.16660808419136308,1.0,0.14777343750000002,100,0,0
rsr-M1024-f0.70-e,rsr,0.5,LBQCD-D01-unequal-min050-K8,unequal,concentrated,LBQCD-D01-unequal-min050-K8/concentrated,0,examples,1024,0.7,35,35,0.11756810000224505,395,50560,25984,25984,360448,491520.0,0,0,0,"{""0.2"": 0, ""0.5"": 0, ""1.0"": 0, ""2.0"": 0, ""4.0"": 0}",0.08162233666887975,0.3175854355420913,0.86,0.5904296874999999,35,1,0
rsr-M1024-f0.70-e,rsr,0.5,LBQCD-D01-unequal-min050-K8,unequal,concentrated,LBQCD-D01-unequal-min050-K8/concentrated,1,examples,1024,0.7,35,35,0.08355819999997038,395,50560,25984,25984,360448,491520.0,0,0,0,"{""0.2"": 0, ""0.5"": 0, ""1.0"": 0, ""2.0"": 0, ""4.0"": 0}",0.03149987869357851,0.24241189770375743,0.86,0.486640625,35,1,0
rsr-M1024-f0.70-e,rsr,0.5,LBQCD-D01-unequal-min050-K8,unequal,concentrated,LBQCD-D01-unequal-min050-K8/concentrated,2,examples,1024,0.7,35,35,0.09678610000992194,395,50560,25984,25984,360448,491520.0,0,0,0,"{""0.2"": 0, ""0.5"": 0, ""1.0"": 0, ""2.0"": 0, ""4.0"": 0}",0.04220871961793882,0.26779129121148215,0.91,0.4149609375,35,1,0
rsr-M1024-f0.70-u,rsr,0.5,LBQCD-D01-unequal-min050-K8,unequal,concentrated,LBQCD-D01-unequal-min050-K8/concentrated,0,update,1024,0.7,400,400,0.9995580999966478,4600,588800,302080,302080,3932160,5734400.0,0,0,0,"{""0.2"": 0, ""0.5"": 0, ""1.0"": 0, ""2.0"": 0, ""4.0"": 0}",0.0218105285562058,0.16060275866445214,1.0,0.0629296875,150,0,0
rsr-M1024-f0.70-u,rsr,0.5,LBQCD-D01-unequal-min050-K8,unequal,concentrated,LBQCD-D01-unequal-min050-K8/concentrated,1,update,1024,0.7,400,400,1.119691200001398,4600,588800,302080,302080,3932160,5734400.0,0,0,0,"{""0.2"": 0, ""0.5"": 0, ""1.0"": 0, ""2.0"": 0, ""4.0"": 0}",0.014881819662576845,0.14654499107730887,1.0,0.038007812500000016,50,0,0
rsr-M1024-f0.70-u,rsr,0.5,LBQCD-D01-unequal-min050-K8,unequal,concentrated,LBQCD-D01-unequal-min050-K8/concentrated,2,update,1024,0.7,400,400,1.166476700003841,4600,588800,302080,302080,3932160,5734400.0,0,0,0,"{""0.2"": 0, ""0.5"": 0, ""1.0"": 0, ""2.0"": 0, ""4.0"": 0}",0.017326698644466898,0.16098890058623225,1.0,0.11542968749999999,100,0,0
rsr-M512-f0.70-e,rsr,0.5,LBQCD-D01-unequal-min050-K8,unequal,concentrated,LBQCD-D01-unequal-min050-K8/concentrated,0,examples,512,0.7,68,68,0.10409180000715423,404,51712,27136,27136,655360,442368.0,0,0,0,"{""0.2"": 0, ""0.5"": 0, ""1.0"": 0, ""2.0"": 0, ""4.0"": 0}",0.04601091391068679,0.22930168883726082,0.86,0.33625,68,1,0
rsr-M512-f0.70-e,rsr,0.5,LBQCD-D01-unequal-min050-K8,unequal,concentrated,LBQCD-D01-unequal-min050-K8/concentrated,1,examples,512,0.7,68,68,0.09924100000353064,404,51712,27136,27136,655360,442368.0,0,0,0,"{""0.2"": 0, ""0.5"": 0, ""1.0"": 0, ""2.0"": 0, ""4.0"": 0}",0.022029747905302877,0.18945895139508528,0.86,0.273515625,50,0,0
rsr-M512-f0.70-e,rsr,0.5,LBQCD-D01-unequal-min050-K8,unequal,concentrated,LBQCD-D01-unequal-min050-K8/concentrated,2,examples,512,0.7,68,68,0.1289524000021629,404,51712,27136,27136,655360,442368.0,0,0,0,"{""0.2"": 0, ""0.5"": 0, ""1.0"": 0, ""2.0"": 0, ""4.0"": 0}",0.034333509985696065,0.2229177423507065,0.86,0.2830859375,68,1,0
rsr-M512-f0.70-u,rsr,0.5,LBQCD-D01-unequal-min050-K8,unequal,concentrated,LBQCD-D01-unequal-min050-K8/concentrated,0,update,512,0.7,400,400,0.7119469000026584,2360,302080,158720,158720,3932160,2580480.0,0,0,0,"{""0.2"": 0, ""0.5"": 0, ""1.0"": 0, ""2.0"": 0, ""4.0"": 0}",0.026352933608121187,0.16134498984045995,1.0,0.08015625000000004,100,0,0
rsr-M512-f0.70-u,rsr,0.5,LBQCD-D01-unequal-min050-K8,unequal,concentrated,LBQCD-D01-unequal-min050-K8/concentrated,1,update,512,0.7,400,400,0.6866185999970185,2360,302080,158720,158720,3932160,2580480.0,0,0,0,"{""0.2"": 0, ""0.5"": 0, ""1.0"": 0, ""2.0"": 0, ""4.0"": 0}",0.011853797809217692,0.14640849923639915,1.0,0.08835937500000002,50,0,0
rsr-M512-f0.70-u,rsr,0.5,LBQCD-D01-unequal-min050-K8,unequal,concentrated,LBQCD-D01-unequal-min050-K8/concentrated,2,update,512,0.7,400,400,0.7861726999981329,2360,302080,158720,158720,3932160,2580480.0,0,0,0,"{""0.2"": 0, ""0.5"": 0, ""1.0"": 0, ""2.0"": 0, ""4.0"": 0}",0.018635232856451633,0.1592987811636783,1.0,0.11808593749999999,100,0,0
paper-0.2,paper,0.2,LBQCD-D01-unequal-min050-K8,unequal,missing,LBQCD-D01-unequal-min050-K8/missing,0,update,0,0.0,400,400,0.7956675000023097,400,51200,51200,51200,13107200,0.0,0,0,0,"{""0.2"": 0, ""0.5"": 0, ""1.0"": 0, ""2.0"": 0, ""4.0"": 0}",0.0213053085394046,0.14993552908655305,1.0,0.0909375,100,0,0
paper-0.2,paper,0.2,LBQCD-D01-unequal-min050-K8,unequal,missing,LBQCD-D01-unequal-min050-K8/missing,1,update,0,0.0,400,400,0.7231534000020474,400,51200,51200,51200,13107200,0.0,0,0,0,"{""0.2"": 0, ""0.5"": 0, ""1.0"": 0, ""2.0"": 0, ""4.0"": 0}",0.02161325667545766,0.16689334267170228,1.0,0.0867578125,100,0,0
paper-0.2,paper,0.2,LBQCD-D01-unequal-min050-K8,unequal,missing,LBQCD-D01-unequal-min050-K8/missing,2,update,0,0.0,400,400,0.7552352999919094,400,51200,51200,51200,13107200,0.0,0,0,0,"{""0.2"": 0, ""0.5"": 0, ""1.0"": 0, ""2.0"": 0, ""4.0"": 0}",0.015347944644719336,0.16918358912683618,1.0,0.0760546875,100,0,0
paper-0.5,paper,0.5,LBQCD-D01-unequal-min050-K8,unequal,missing,LBQCD-D01-unequal-min050-K8/missing,0,update,0,0.0,400,400,0.7233758000074886,400,51200,51200,51200,13107200,0.0,0,0,0,"{""0.2"": 0, ""0.5"": 0, ""1.0"": 0, ""2.0"": 0, ""4.0"": 0}",0.021286563840472006,0.159203623451508,1.0,0.06890625,100,0,0
paper-0.5,paper,0.5,LBQCD-D01-unequal-min050-K8,unequal,missing,LBQCD-D01-unequal-min050-K8/missing,1,update,0,0.0,400,400,0.714036399993347,400,51200,51200,51200,13107200,0.0,0,0,0,"{""0.2"": 0, ""0.5"": 0, ""1.0"": 0, ""2.0"": 0, ""4.0"": 0}",0.021510582012495227,0.15442500836626158,1.0,0.104609375,100,0,0
paper-0.5,paper,0.5,LBQCD-D01-unequal-min050-K8,unequal,missing,LBQCD-D01-unequal-min050-K8/missing,2,update,0,0.0,400,400,0.6969004999991739,400,51200,51200,51200,13107200,0.0,0,0,0,"{""0.2"": 0, ""0.5"": 0, ""1.0"": 0, ""2.0"": 0, ""4.0"": 0}",0.015018158678531845,0.14125246507316874,1.0,0.06085937499999999,100,0,0
paper-1,paper,1.0,LBQCD-D01-unequal-min050-K8,unequal,missing,LBQCD-D01-unequal-min050-K8/missing,0,update,0,0.0,400,400,0.6689442999922903,400,51200,51200,51200,13107200,0.0,0,0,0,"{""0.2"": 0, ""0.5"": 0, ""1.0"": 0, ""2.0"": 0, ""4.0"": 0}",0.02362799290929729,0.15594146941865486,1.0,0.11976562499999999,150,0,0
paper-1,paper,1.0,LBQCD-D01-unequal-min050-K8,unequal,missing,LBQCD-D01-unequal-min050-K8/missing,1,update,0,0.0,400,400,0.6945396000082837,400,51200,51200,51200,13107200,0.0,0,0,0,"{""0.2"": 0, ""0.5"": 0, ""1.0"": 0, ""2.0"": 0, ""4.0"": 0}",0.022591253062664407,0.1634037120107165,1.0,0.108984375,100,0,0
paper-1,paper,1.0,LBQCD-D01-unequal-min050-K8,unequal,missing,LBQCD-D01-unequal-min050-K8/missing,2,update,0,0.0,400,400,0.557316999998875,400,51200,51200,51200,13107200,0.0,0,0,0,"{""0.2"": 0, ""0.5"": 0, ""1.0"": 0, ""2.0"": 0, ""4.0"": 0}",0.013929365592762588,0.1509437279036196,1.0,0.101875,100,0,0
paper-2,paper,2.0,LBQCD-D01-unequal-min050-K8,unequal,missing,LBQCD-D01-unequal-min050-K8/missing,0,update,0,0.0,400,400,0.6302081000030739,400,51200,51200,51200,13107200,0.0,0,0,0,"{""0.2"": 0, ""0.5"": 0, ""1.0"": 0, ""2.0"": 0, ""4.0"": 0}",0.02809043372425113,0.17383900795393642,1.0,0.17515624999999999,150,0,0
paper-2,paper,2.0,LBQCD-D01-unequal-min050-K8,unequal,missing,LBQCD-D01-unequal-min050-K8/missing,1,update,0,0.0,400,400,0.7183542999991914,400,51200,51200,51200,13107200,0.0,0,0,0,"{""0.2"": 0, ""0.5"": 0, ""1.0"": 0, ""2.0"": 0, ""4.0"": 0}",0.025036642272212806,0.17470132825288462,1.0,0.15765625,150,0,0
paper-2,paper,2.0,LBQCD-D01-unequal-min050-K8,unequal,missing,LBQCD-D01-unequal-min050-K8/missing,2,update,0,0.0,400,400,0.5839949999935925,400,51200,51200,51200,13107200,0.0,0,0,0,"{""0.2"": 0, ""0.5"": 0, ""1.0"": 0, ""2.0"": 0, ""4.0"": 0}",0.018894039818777353,0.18159712266850545,1.0,0.14191406250000002,100,0,0
paper-4,paper,4.0,LBQCD-D01-unequal-min050-K8,unequal,missing,LBQCD-D01-unequal-min050-K8/missing,0,update,0,0.0,400,400,0.7174401999945985,400,51200,51200,51200,13107200,0.0,0,0,0,"{""0.2"": 0, ""0.5"": 0, ""1.0"": 0, ""2.0"": 0, ""4.0"": 0}",0.07531297180913898,0.3580063806415123,0.91,0.501484375,300,0,0
paper-4,paper,4.0,LBQCD-D01-unequal-min050-K8,unequal,missing,LBQCD-D01-unequal-min050-K8/missing,1,update,0,0.0,400,400,0.5916578000033041,400,51200,51200,51200,13107200,0.0,0,0,0,"{""0.2"": 0, ""0.5"": 0, ""1.0"": 0, ""2.0"": 0, ""4.0"": 0}",0.05526832315328334,0.2883658175485353,0.91,0.39675781250000003,250,0,0
paper-4,paper,4.0,LBQCD-D01-unequal-min050-K8,unequal,missing,LBQCD-D01-unequal-min050-K8/missing,2,update,0,0.0,400,400,0.6833991000021342,400,51200,51200,51200,13107200,0.0,0,0,0,"{""0.2"": 0, ""0.5"": 0, ""1.0"": 0, ""2.0"": 0, ""4.0"": 0}",0.04657996088173477,0.28513529384299097,0.91,0.40066406250000003,150,0,0
qld-v1,qld,0.5,LBQCD-D01-unequal-min050-K8,unequal,missing,LBQCD-D01-unequal-min050-K8/missing,0,update,0,0.7,400,400,0.3184298999985913,400,51200,51200,51200,3932160,501760.0,0,0,0,"{""0.2"": 0, ""0.5"": 0, ""1.0"": 0, ""2.0"": 0, ""4.0"": 0}",0.024983469263369917,0.1516477509745107,1.0,0.084296875,100,0,0
qld-v1,qld,0.5,LBQCD-D01-unequal-min050-K8,unequal,missing,LBQCD-D01-unequal-min050-K8/missing,1,update,0,0.7,400,400,0.3098094000015408,400,51200,51200,51200,3932160,501760.0,0,0,0,"{""0.2"": 0, ""0.5"": 0, ""1.0"": 0, ""2.0"": 0, ""4.0"": 0}",0.022571213554384517,0.15369640608985854,1.0,0.09046874999999999,100,0,0
qld-v1,qld,0.5,LBQCD-D01-unequal-min050-K8,unequal,missing,LBQCD-D01-unequal-min050-K8/missing,2,update,0,0.7,400,400,0.29292480000003707,400,51200,51200,51200,3932160,501760.0,0,0,0,"{""0.2"": 0, ""0.5"": 0, ""1.0"": 0, ""2.0"": 0, ""4.0"": 0}",0.01775071534374395,0.17100047522228454,1.0,0.08890624999999999,100,0,0
rsr-M1024-f0.70-e,rsr,0.5,LBQCD-D01-unequal-min050-K8,unequal,missing,LBQCD-D01-unequal-min050-K8/missing,0,examples,1024,0.7,35,35,0.07290070000453852,395,50560,25984,25984,360448,491520.0,0,0,0,"{""0.2"": 0, ""0.5"": 0, ""1.0"": 0, ""2.0"": 0, ""4.0"": 0}",1.1102876172541363,2.018268355449761,0.7000000000000001,0.9200781250000001,35,1,0
rsr-M1024-f0.70-e,rsr,0.5,LBQCD-D01-unequal-min050-K8,unequal,missing,LBQCD-D01-unequal-min050-K8/missing,1,examples,1024,0.7,35,35,0.07818699999188539,395,50560,25984,25984,360448,491520.0,0,0,0,"{""0.2"": 0, ""0.5"": 0, ""1.0"": 0, ""2.0"": 0, ""4.0"": 0}",1.1707175269932089,2.107160222341772,0.7000000000000001,0.9718359375000001,35,1,0
rsr-M1024-f0.70-e,rsr,0.5,LBQCD-D01-unequal-min050-K8,unequal,missing,LBQCD-D01-unequal-min050-K8/missing,2,examples,1024,0.7,35,35,0.08454060000076424,395,50560,25984,25984,360448,491520.0,0,0,0,"{""0.2"": 0, ""0.5"": 0, ""1.0"": 0, ""2.0"": 0, ""4.0"": 0}",1.2103236070308856,2.0426770393511653,0.7000000000000001,1.002109375,35,1,0
rsr-M1024-f0.70-u,rsr,0.5,LBQCD-D01-unequal-min050-K8,unequal,missing,LBQCD-D01-unequal-min050-K8/missing,0,update,1024,0.7,400,400,1.099799300005543,4600,588800,302080,302080,3932160,5734400.0,0,0,0,"{""0.2"": 0, ""0.5"": 0, ""1.0"": 0, ""2.0"": 0, ""4.0"": 0}",0.019289889363687474,0.14624785604924515,1.0,0.07796875,100,0,0
rsr-M1024-f0.70-u,rsr,0.5,LBQCD-D01-unequal-min050-K8,unequal,missing,LBQCD-D01-unequal-min050-K8/missing,1,update,1024,0.7,400,400,1.0370436000084737,4600,588800,302080,302080,3932160,5734400.0,0,0,0,"{""0.2"": 0, ""0.5"": 0, ""1.0"": 0, ""2.0"": 0, ""4.0"": 0}",0.018409100831193292,0.14632152440243784,1.0,0.06507812499999999,100,0,0
rsr-M1024-f0.70-u,rsr,0.5,LBQCD-D01-unequal-min050-K8,unequal,missing,LBQCD-D01-unequal-min050-K8/missing,2,update,1024,0.7,400,400,0.9882724000053713,4600,588800,302080,302080,3932160,5734400.0,0,0,0,"{""0.2"": 0, ""0.5"": 0, ""1.0"": 0, ""2.0"": 0, ""4.0"": 0}",0.012626465364279804,0.15203465030352062,1.0,0.09769531249999999,100,0,0
rsr-M512-f0.70-e,rsr,0.5,LBQCD-D01-unequal-min050-K8,unequal,missing,LBQCD-D01-unequal-min050-K8/missing,0,examples,512,0.7,68,68,0.1347024999995483,404,51712,27136,27136,655360,442368.0,0,0,0,"{""0.2"": 0, ""0.5"": 0, ""1.0"": 0, ""2.0"": 0, ""4.0"": 0}",0.1094758615610727,0.45916864228196475,0.81,0.48816406250000005,68,1,0
rsr-M512-f0.70-e,rsr,0.5,LBQCD-D01-unequal-min050-K8,unequal,missing,LBQCD-D01-unequal-min050-K8/missing,1,examples,512,0.7,68,68,0.12200049999228213,404,51712,27136,27136,655360,442368.0,0,0,0,"{""0.2"": 0, ""0.5"": 0, ""1.0"": 0, ""2.0"": 0, ""4.0"": 0}",0.27202730893019167,0.8988597301548198,0.81,0.5810546875,68,1,0
rsr-M512-f0.70-e,rsr,0.5,LBQCD-D01-unequal-min050-K8,unequal,missing,LBQCD-D01-unequal-min050-K8/missing,2,examples,512,0.7,68,68,0.12397330001113005,404,51712,27136,27136,655360,442368.0,0,0,0,"{""0.2"": 0, ""0.5"": 0, ""1.0"": 0, ""2.0"": 0, ""4.0"": 0}",0.1868604606810209,0.6144830099303918,0.81,0.5771484375,68,1,0
rsr-M512-f0.70-u,rsr,0.5,LBQCD-D01-unequal-min050-K8,unequal,missing,LBQCD-D01-unequal-min050-K8/missing,0,update,512,0.7,400,400,0.6704132000013487,2360,302080,158720,158720,3932160,2580480.0,0,0,0,"{""0.2"": 0, ""0.5"": 0, ""1.0"": 0, ""2.0"": 0, ""4.0"": 0}",0.021094527253846973,0.14677920181607104,1.0,0.07824218749999998,100,0,0
rsr-M512-f0.70-u,rsr,0.5,LBQCD-D01-unequal-min050-K8,unequal,missing,LBQCD-D01-unequal-min050-K8/missing,1,update,512,0.7,400,400,0.6630858999997145,2360,302080,158720,158720,3932160,2580480.0,0,0,0,"{""0.2"": 0, ""0.5"": 0, ""1.0"": 0, ""2.0"": 0, ""4.0"": 0}",0.01586517932138909,0.1456910068424311,1.0,0.08421874999999998,100,0,0
rsr-M512-f0.70-u,rsr,0.5,LBQCD-D01-unequal-min050-K8,unequal,missing,LBQCD-D01-unequal-min050-K8/missing,2,update,512,0.7,400,400,0.6529469999950379,2360,302080,158720,158720,3932160,2580480.0,0,0,0,"{""0.2"": 0, ""0.5"": 0, ""1.0"": 0, ""2.0"": 0, ""4.0"": 0}",0.01617904751318977,0.16444378378893793,1.0,0.08011718749999999,100,0,0
paper-0.2,paper,0.2,LBQCD-D02-unequal-min030-K10,unequal,concentrated,LBQCD-D02-unequal-min030-K10/concentrated,0,update,0,0.0,400,400,0.6456619999953546,400,51200,51200,51200,13107200,0.0,0,0,0,"{""0.2"": 0, ""0.5"": 0, ""1.0"": 0, ""2.0"": 0, ""4.0"": 0}",0.00698254228486217,0.10761615133457396,1.0,0.08265625,50,0,0
paper-0.2,paper,0.2,LBQCD-D02-unequal-min030-K10,unequal,concentrated,LBQCD-D02-unequal-min030-K10/concentrated,1,update,0,0.0,400,400,0.7106631000060588,400,51200,51200,51200,13107200,0.0,0,0,0,"{""0.2"": 0, ""0.5"": 0, ""1.0"": 0, ""2.0"": 0, ""4.0"": 0}",0.01144912618826166,0.13290996543752454,1.0,0.10882812499999998,50,0,0
paper-0.2,paper,0.2,LBQCD-D02-unequal-min030-K10,unequal,concentrated,LBQCD-D02-unequal-min030-K10/concentrated,2,update,0,0.0,400,400,0.7713751999981469,400,51200,51200,51200,13107200,0.0,0,0,0,"{""0.2"": 0, ""0.5"": 0, ""1.0"": 0, ""2.0"": 0, ""4.0"": 0}",0.008853221410830114,0.12559584292212192,1.0,0.06218749999999999,50,0,0
paper-0.5,paper,0.5,LBQCD-D02-unequal-min030-K10,unequal,concentrated,LBQCD-D02-unequal-min030-K10/concentrated,0,update,0,0.0,400,400,0.5887925999995787,400,51200,51200,51200,13107200,0.0,0,0,0,"{""0.2"": 0, ""0.5"": 0, ""1.0"": 0, ""2.0"": 0, ""4.0"": 0}",0.007998268918559592,0.10781681849376823,1.0,0.04347656249999997,50,0,0
paper-0.5,paper,0.5,LBQCD-D02-unequal-min030-K10,unequal,concentrated,LBQCD-D02-unequal-min030-K10/concentrated,1,update,0,0.0,400,400,0.46199969999725,400,51200,51200,51200,13107200,0.0,0,0,0,"{""0.2"": 0, ""0.5"": 0, ""1.0"": 0, ""2.0"": 0, ""4.0"": 0}",0.010567867330815828,0.12210743787341764,1.0,0.10195312500000002,50,0,0
paper-0.5,paper,0.5,LBQCD-D02-unequal-min030-K10,unequal,concentrated,LBQCD-D02-unequal-min030-K10/concentrated,2,update,0,0.0,400,400,0.6237342999957036,400,51200,51200,51200,13107200,0.0,0,0,0,"{""0.2"": 0, ""0.5"": 0, ""1.0"": 0, ""2.0"": 0, ""4.0"": 0}",0.016844486656792057,0.11268970288132,1.0,0.08820312499999998,50,0,0
paper-1,paper,1.0,LBQCD-D02-unequal-min030-K10,unequal,concentrated,LBQCD-D02-unequal-min030-K10/concentrated,0,update,0,0.0,400,400,0.4523131000023568,400,51200,51200,51200,13107200,0.0,0,0,0,"{""0.2"": 0, ""0.5"": 0, ""1.0"": 0, ""2.0"": 0, ""4.0"": 0}",0.00743920805668008,0.11406343117920904,1.0,0.08296874999999997,50,0,0
paper-1,paper,1.0,LBQCD-D02-unequal-min030-K10,unequal,concentrated,LBQCD-D02-unequal-min030-K10/concentrated,1,update,0,0.0,400,400,0.618741999991471,400,51200,51200,51200,13107200,0.0,0,0,0,"{""0.2"": 0, ""0.5"": 0, ""1.0"": 0, ""2.0"": 0, ""4.0"": 0}",0.010979280992880813,0.11956423559386645,1.0,0.12453125000000002,100,0,0
paper-1,paper,1.0,LBQCD-D02-unequal-min030-K10,unequal,concentrated,LBQCD-D02-unequal-min030-K10/concentrated,2,update,0,0.0,400,400,0.578003999995417,400,51200,51200,51200,13107200,0.0,0,0,0,"{""0.2"": 0, ""0.5"": 0, ""1.0"": 0, ""2.0"": 0, ""4.0"": 0}",0.01756811056599883,0.11846998700921918,1.0,0.12503906250000002,100,0,0
paper-2,paper,2.0,LBQCD-D02-unequal-min030-K10,unequal,concentrated,LBQCD-D02-unequal-min030-K10/concentrated,0,update,0,0.0,400,400,0.820712699991418,400,51200,51200,51200,13107200,0.0,0,0,0,"{""0.2"": 0, ""0.5"": 0, ""1.0"": 0, ""2.0"": 0, ""4.0"": 0}",0.007025280815362578,0.12988704084690753,1.0,0.10710937499999999,50,0,0
paper-2,paper,2.0,LBQCD-D02-unequal-min030-K10,unequal,concentrated,LBQCD-D02-unequal-min030-K10/concentrated,1,update,0,0.0,400,400,0.6779957999970065,400,51200,51200,51200,13107200,0.0,0,0,0,"{""0.2"": 0, ""0.5"": 0, ""1.0"": 0, ""2.0"": 0, ""4.0"": 0}",0.011169664225774145,0.126130324242551,0.97,0.12160156250000002,50,0,0
paper-2,paper,2.0,LBQCD-D02-unequal-min030-K10,unequal,concentrated,LBQCD-D02-unequal-min030-K10/concentrated,2,update,0,0.0,400,400,0.440623799993773,400,51200,51200,51200,13107200,0.0,0,0,0,"{""0.2"": 0, ""0.5"": 0, ""1.0"": 0, ""2.0"": 0, ""4.0"": 0}",0.018112859012638705,0.1277547683140828,0.97,0.0994140625,50,0,0
paper-4,paper,4.0,LBQCD-D02-unequal-min030-K10,unequal,concentrated,LBQCD-D02-unequal-min030-K10/concentrated,0,update,0,0.0,400,400,0.8052676000079373,400,51200,51200,51200,13107200,0.0,0,0,0,"{""0.2"": 0, ""0.5"": 0, ""1.0"": 0, ""2.0"": 0, ""4.0"": 0}",0.008043682912437067,0.15732646191108496,1.0,0.1543359375,50,0,0
paper-4,paper,4.0,LBQCD-D02-unequal-min030-K10,unequal,concentrated,LBQCD-D02-unequal-min030-K10/concentrated,1,update,0,0.0,400,400,0.5371962000062922,400,51200,51200,51200,13107200,0.0,0,0,0,"{""0.2"": 0, ""0.5"": 0, ""1.0"": 0, ""2.0"": 0, ""4.0"": 0}",0.01174274175812573,0.13980954878396823,0.97,0.1621484375,50,0,0
paper-4,paper,4.0,LBQCD-D02-unequal-min030-K10,unequal,concentrated,LBQCD-D02-unequal-min030-K10/concentrated,2,update,0,0.0,400,400,0.6816070999921067,400,51200,51200,51200,13107200,0.0,0,0,0,"{""0.2"": 0, ""0.5"": 0, ""1.0"": 0, ""2.0"": 0, ""4.0"": 0}",0.020592399448833953,0.13554456471599838,0.97,0.12292968749999998,50,0,0
qld-v1,qld,0.5,LBQCD-D02-unequal-min030-K10,unequal,concentrated,LBQCD-D02-unequal-min030-K10/concentrated,0,update,0,0.7,400,400,0.263864199994714,400,51200,51200,51200,3932160,501760.0,0,0,0,"{""0.2"": 0, ""0.5"": 0, ""1.0"": 0, ""2.0"": 0, ""4.0"": 0}",0.007452535516831782,0.11449290649954702,1.0,0.090078125,50,0,0
qld-v1,qld,0.5,LBQCD-D02-unequal-min030-K10,unequal,concentrated,LBQCD-D02-unequal-min030-K10/concentrated,1,update,0,0.7,400,400,0.29011799998988863,400,51200,51200,51200,3932160,501760.0,0,0,0,"{""0.2"": 0, ""0.5"": 0, ""1.0"": 0, ""2.0"": 0, ""4.0"": 0}",0.008247819768252285,0.1226248850637407,1.0,0.11386718750000001,50,0,0
qld-v1,qld,0.5,LBQCD-D02-unequal-min030-K10,unequal,concentrated,LBQCD-D02-unequal-min030-K10/concentrated,2,update,0,0.7,400,400,0.30417910001415294,400,51200,51200,51200,3932160,501760.0,0,0,0,"{""0.2"": 0, ""0.5"": 0, ""1.0"": 0, ""2.0"": 0, ""4.0"": 0}",0.009567835344048481,0.12092213514523474,1.0,0.07843749999999998,50,0,0
rsr-M1024-f0.70-e,rsr,0.5,LBQCD-D02-unequal-min030-K10,unequal,concentrated,LBQCD-D02-unequal-min030-K10/concentrated,0,examples,1024,0.7,35,35,0.09765049999987241,395,50560,25984,25984,360448,491520.0,0,0,0,"{""0.2"": 0, ""0.5"": 0, ""1.0"": 0, ""2.0"": 0, ""4.0"": 0}",0.1303813127856861,0.513060735436286,0.79,0.49871093750000006,35,1,0
rsr-M1024-f0.70-e,rsr,0.5,LBQCD-D02-unequal-min030-K10,unequal,concentrated,LBQCD-D02-unequal-min030-K10/concentrated,1,examples,1024,0.7,35,35,0.10910609998973086,395,50560,25984,25984,360448,491520.0,0,0,0,"{""0.2"": 0, ""0.5"": 0, ""1.0"": 0, ""2.0"": 0, ""4.0"": 0}",0.14342018815812785,0.4998457628780234,0.79,0.6295703125000001,35,1,0
rsr-M1024-f0.70-e,rsr,0.5,LBQCD-D02-unequal-min030-K10,unequal,concentrated,LBQCD-D02-unequal-min030-K10/concentrated,2,examples,1024,0.7,35,35,0.0854513000085717,395,50560,25984,25984,360448,491520.0,0,0,0,"{""0.2"": 0, ""0.5"": 0, ""1.0"": 0, ""2.0"": 0, ""4.0"": 0}",0.16120598805599373,0.485598347132835,0.79,0.6158984375000001,35,1,0
rsr-M1024-f0.70-u,rsr,0.5,LBQCD-D02-unequal-min030-K10,unequal,concentrated,LBQCD-D02-unequal-min030-K10/concentrated,0,update,1024,0.7,400,400,1.1568582999898354,4600,588800,302080,302080,3932160,5734400.0,0,0,0,"{""0.2"": 0, ""0.5"": 0, ""1.0"": 0, ""2.0"": 0, ""4.0"": 0}",0.007932020876773471,0.10906809931006388,1.0,0.0642578125,50,0,0
rsr-M1024-f0.70-u,rsr,0.5,LBQCD-D02-unequal-min030-K10,unequal,concentrated,LBQCD-D02-unequal-min030-K10/concentrated,1,update,1024,0.7,400,400,0.9557227000041166,4600,588800,302080,302080,3932160,5734400.0,0,0,0,"{""0.2"": 0, ""0.5"": 0, ""1.0"": 0, ""2.0"": 0, ""4.0"": 0}",0.008705134521828084,0.11369708386850116,1.0,0.089765625,50,0,0
rsr-M1024-f0.70-u,rsr,0.5,LBQCD-D02-unequal-min030-K10,unequal,concentrated,LBQCD-D02-unequal-min030-K10/concentrated,2,update,1024,0.7,400,400,1.1209761999925831,4600,588800,302080,302080,3932160,5734400.0,0,0,0,"{""0.2"": 0, ""0.5"": 0, ""1.0"": 0, ""2.0"": 0, ""4.0"": 0}",0.0087144735328466,0.12425530710864403,1.0,0.07042968749999999,50,0,0
rsr-M512-f0.70-e,rsr,0.5,LBQCD-D02-unequal-min030-K10,unequal,concentrated,LBQCD-D02-unequal-min030-K10/concentrated,0,examples,512,0.7,68,68,0.11734150000847876,404,51712,27136,27136,655360,442368.0,0,0,0,"{""0.2"": 0, ""0.5"": 0, ""1.0"": 0, ""2.0"": 0, ""4.0"": 0}",0.016786143765461503,0.15337620028339705,0.97,0.19664062499999999,50,0,0
rsr-M512-f0.70-e,rsr,0.5,LBQCD-D02-unequal-min030-K10,unequal,concentrated,LBQCD-D02-unequal-min030-K10/concentrated,1,examples,512,0.7,68,68,0.10116949999064673,404,51712,27136,27136,655360,442368.0,0,0,0,"{""0.2"": 0, ""0.5"": 0, ""1.0"": 0, ""2.0"": 0, ""4.0"": 0}",0.01796668473826002,0.1650995661217606,0.97,0.21941406249999998,50,0,0
rsr-M512-f0.70-e,rsr,0.5,LBQCD-D02-unequal-min030-K10,unequal,concentrated,LBQCD-D02-unequal-min030-K10/concentrated,2,examples,512,0.7,68,68,0.10571049999271054,404,51712,27136,27136,655360,442368.0,0,0,0,"{""0.2"": 0, ""0.5"": 0, ""1.0"": 0, ""2.0"": 0, ""4.0"": 0}",0.021354117958531038,0.16211509268813698,0.97,0.19519531249999997,50,0,0
rsr-M512-f0.70-u,rsr,0.5,LBQCD-D02-unequal-min030-K10,unequal,concentrated,LBQCD-D02-unequal-min030-K10/concentrated,0,update,512,0.7,400,400,0.6575143999943975,2360,302080,158720,158720,3932160,2580480.0,0,0,0,"{""0.2"": 0, ""0.5"": 0, ""1.0"": 0, ""2.0"": 0, ""4.0"": 0}",0.007144494119514677,0.11427187926158079,1.0,0.076953125,50,0,0
rsr-M512-f0.70-u,rsr,0.5,LBQCD-D02-unequal-min030-K10,unequal,concentrated,LBQCD-D02-unequal-min030-K10/concentrated,1,update,512,0.7,400,400,0.6555812999868067,2360,302080,158720,158720,3932160,2580480.0,0,0,0,"{""0.2"": 0, ""0.5"": 0, ""1.0"": 0, ""2.0"": 0, ""4.0"": 0}",0.01126654670761651,0.11594564766235935,1.0,0.08847656250000001,50,0,0
rsr-M512-f0.70-u,rsr,0.5,LBQCD-D02-unequal-min030-K10,unequal,concentrated,LBQCD-D02-unequal-min030-K10/concentrated,2,update,512,0.7,400,400,0.7094957000081195,2360,302080,158720,158720,3932160,2580480.0,0,0,0,"{""0.2"": 0, ""0.5"": 0, ""1.0"": 0, ""2.0"": 0, ""4.0"": 0}",0.00962628018168088,0.11893337694467096,1.0,0.079140625,50,0,0
paper-0.2,paper,0.2,LBQCD-D02-unequal-min030-K10,unequal,missing,LBQCD-D02-unequal-min030-K10/missing,0,update,0,0.0,400,400,0.5217330000014044,400,51200,51200,51200,13107200,0.0,0,0,0,"{""0.2"": 0, ""0.5"": 0, ""1.0"": 0, ""2.0"": 0, ""4.0"": 0}",0.01650962840724568,0.11419838593674728,1.0,0.07812500000000001,50,0,0
paper-0.2,paper,0.2,LBQCD-D02-unequal-min030-K10,unequal,missing,LBQCD-D02-unequal-min030-K10/missing,1,update,0,0.0,400,400,0.6383865000098012,400,51200,51200,51200,13107200,0.0,0,0,0,"{""0.2"": 0, ""0.5"": 0, ""1.0"": 0, ""2.0"": 0, ""4.0"": 0}",0.023130128190450128,0.13155631498266196,1.0,0.084765625,100,0,0
paper-0.2,paper,0.2,LBQCD-D02-unequal-min030-K10,unequal,missing,LBQCD-D02-unequal-min030-K10/missing,2,update,0,0.0,400,400,0.654174299997976,400,51200,51200,51200,13107200,0.0,0,0,0,"{""0.2"": 0, ""0.5"": 0, ""1.0"": 0, ""2.0"": 0, ""4.0"": 0}",0.017019322470317455,0.121380059757638,1.0,0.08414062500000001,100,0,0
paper-0.5,paper,0.5,LBQCD-D02-unequal-min030-K10,unequal,missing,LBQCD-D02-unequal-min030-K10/missing,0,update,0,0.0,400,400,0.7813068999967072,400,51200,51200,51200,13107200,0.0,0,0,0,"{""0.2"": 0, ""0.5"": 0, ""1.0"": 0, ""2.0"": 0, ""4.0"": 0}",0.015359413442405101,0.11652299496991785,1.0,0.08269531249999999,100,0,0
paper-0.5,paper,0.5,LBQCD-D02-unequal-min030-K10,unequal,missing,LBQCD-D02-unequal-min030-K10/missing,1,update,0,0.0,400,400,0.5533623000083026,400,51200,51200,51200,13107200,0.0,0,0,0,"{""0.2"": 0, ""0.5"": 0, ""1.0"": 0, ""2.0"": 0, ""4.0"": 0}",0.012948536728396132,0.11404306365280222,1.0,0.08648437499999999,100,0,0
paper-0.5,paper,0.5,LBQCD-D02-unequal-min030-K10,unequal,missing,LBQCD-D02-unequal-min030-K10/missing,2,update,0,0.0,400,400,0.7584770999965258,400,51200,51200,51200,13107200,0.0,0,0,0,"{""0.2"": 0, ""0.5"": 0, ""1.0"": 0, ""2.0"": 0, ""4.0"": 0}",0.01955454156568015,0.15273973656001594,1.0,0.12906250000000002,100,0,0
paper-1,paper,1.0,LBQCD-D02-unequal-min030-K10,unequal,missing,LBQCD-D02-unequal-min030-K10/missing,0,update,0,0.0,400,400,0.6376712000055704,400,51200,51200,51200,13107200,0.0,0,0,0,"{""0.2"": 0, ""0.5"": 0, ""1.0"": 0, ""2.0"": 0, ""4.0"": 0}",0.019842030914934305,0.14213248158021285,1.0,0.122421875,100,0,0
paper-1,paper,1.0,LBQCD-D02-unequal-min030-K10,unequal,missing,LBQCD-D02-unequal-min030-K10/missing,1,update,0,0.0,400,400,0.686708199995337,400,51200,51200,51200,13107200,0.0,0,0,0,"{""0.2"": 0, ""0.5"": 0, ""1.0"": 0, ""2.0"": 0, ""4.0"": 0}",0.023799092642183384,0.14388756213363812,1.0,0.15816406249999995,150,0,0
paper-1,paper,1.0,LBQCD-D02-unequal-min030-K10,unequal,missing,LBQCD-D02-unequal-min030-K10/missing,2,update,0,0.0,400,400,0.6108810000005178,400,51200,51200,51200,13107200,0.0,0,0,0,"{""0.2"": 0, ""0.5"": 0, ""1.0"": 0, ""2.0"": 0, ""4.0"": 0}",0.02168382119030965,0.15111328105916122,0.97,0.16218749999999996,150,0,0
paper-2,paper,2.0,LBQCD-D02-unequal-min030-K10,unequal,missing,LBQCD-D02-unequal-min030-K10/missing,0,update,0,0.0,400,400,0.6725383000011789,400,51200,51200,51200,13107200,0.0,0,0,0,"{""0.2"": 0, ""0.5"": 0, ""1.0"": 0, ""2.0"": 0, ""4.0"": 0}",0.02283898599486056,0.16422703331105337,1.0,0.12636718750000003,100,0,0
paper-2,paper,2.0,LBQCD-D02-unequal-min030-K10,unequal,missing,LBQCD-D02-unequal-min030-K10/missing,1,update,0,0.0,400,400,0.5790201999916462,400,51200,51200,51200,13107200,0.0,0,0,0,"{""0.2"": 0, ""0.5"": 0, ""1.0"": 0, ""2.0"": 0, ""4.0"": 0}",0.04044760340993614,0.20040628052595236,0.97,0.16304687499999995,150,0,0
paper-2,paper,2.0,LBQCD-D02-unequal-min030-K10,unequal,missing,LBQCD-D02-unequal-min030-K10/missing,2,update,0,0.0,400,400,0.607846899991273,400,51200,51200,51200,13107200,0.0,0,0,0,"{""0.2"": 0, ""0.5"": 0, ""1.0"": 0, ""2.0"": 0, ""4.0"": 0}",0.03173079760925712,0.1735592920899097,0.9199999999999999,0.21617187499999999,200,0,0
paper-4,paper,4.0,LBQCD-D02-unequal-min030-K10,unequal,missing,LBQCD-D02-unequal-min030-K10/missing,0,update,0,0.0,400,400,0.6452126000076532,400,51200,51200,51200,13107200,0.0,0,0,0,"{""0.2"": 0, ""0.5"": 0, ""1.0"": 0, ""2.0"": 0, ""4.0"": 0}",0.039189737134271097,0.25919885228228445,0.9199999999999999,0.20511718750000005,200,0,0
paper-4,paper,4.0,LBQCD-D02-unequal-min030-K10,unequal,missing,LBQCD-D02-unequal-min030-K10/missing,1,update,0,0.0,400,400,0.6032569999952102,400,51200,51200,51200,13107200,0.0,0,0,0,"{""0.2"": 0, ""0.5"": 0, ""1.0"": 0, ""2.0"": 0, ""4.0"": 0}",0.08003847826973431,0.36024381769005537,0.9199999999999999,0.36308593749999996,150,0,0
paper-4,paper,4.0,LBQCD-D02-unequal-min030-K10,unequal,missing,LBQCD-D02-unequal-min030-K10/missing,2,update,0,0.0,400,400,0.5767517999920528,400,51200,51200,51200,13107200,0.0,0,0,0,"{""0.2"": 0, ""0.5"": 0, ""1.0"": 0, ""2.0"": 0, ""4.0"": 0}",0.05562454690756091,0.2973077456553508,0.9199999999999999,0.3062890625,400,1,0
qld-v1,qld,0.5,LBQCD-D02-unequal-min030-K10,unequal,missing,LBQCD-D02-unequal-min030-K10/missing,0,update,0,0.7,400,400,0.3551141999923857,400,51200,51200,51200,3932160,501760.0,0,0,0,"{""0.2"": 0, ""0.5"": 0, ""1.0"": 0, ""2.0"": 0, ""4.0"": 0}",0.014100504410299752,0.12092692962826151,1.0,0.130234375,100,0,0
qld-v1,qld,0.5,LBQCD-D02-unequal-min030-K10,unequal,missing,LBQCD-D02-unequal-min030-K10/missing,1,update,0,0.7,400,400,0.29424879999714904,400,51200,51200,51200,3932160,501760.0,0,0,0,"{""0.2"": 0, ""0.5"": 0, ""1.0"": 0, ""2.0"": 0, ""4.0"": 0}",0.024073892882391812,0.1345090863019206,0.97,0.11382812499999999,100,0,0
qld-v1,qld,0.5,LBQCD-D02-unequal-min030-K10,unequal,missing,LBQCD-D02-unequal-min030-K10/missing,2,update,0,0.7,400,400,0.28328839999448974,400,51200,51200,51200,3932160,501760.0,0,0,0,"{""0.2"": 0, ""0.5"": 0, ""1.0"": 0, ""2.0"": 0, ""4.0"": 0}",0.02173372168271248,0.14106885729662097,0.97,0.17566406249999997,150,0,0
rsr-M1024-f0.70-e,rsr,0.5,LBQCD-D02-unequal-min030-K10,unequal,missing,LBQCD-D02-unequal-min030-K10/missing,0,examples,1024,0.7,35,35,0.0865959000075236,395,50560,25984,25984,360448,491520.0,0,0,0,"{""0.2"": 0, ""0.5"": 0, ""1.0"": 0, ""2.0"": 0, ""4.0"": 0}",0.5693023779984387,1.378502478627561,0.7899999999999999,0.650625,35,1,0
rsr-M1024-f0.70-e,rsr,0.5,LBQCD-D02-unequal-min030-K10,unequal,missing,LBQCD-D02-unequal-min030-K10/missing,1,examples,1024,0.7,35,35,0.10183100000722334,395,50560,25984,25984,360448,491520.0,0,0,0,"{""0.2"": 0, ""0.5"": 0, ""1.0"": 0, ""2.0"": 0, ""4.0"": 0}",0.5213697764815401,1.4080815052736422,0.7899999999999999,0.7297265625,35,1,0
rsr-M1024-f0.70-e,rsr,0.5,LBQCD-D02-unequal-min030-K10,unequal,missing,LBQCD-D02-unequal-min030-K10/missing,2,examples,1024,0.7,35,35,0.10871429998951498,395,50560,25984,25984,360448,491520.0,0,0,0,"{""0.2"": 0, ""0.5"": 0, ""1.0"": 0, ""2.0"": 0, ""4.0"": 0}",0.5413688283070464,1.4805654315588515,0.7899999999999999,0.7082421875,35,1,0
rsr-M1024-f0.70-u,rsr,0.5,LBQCD-D02-unequal-min030-K10,unequal,missing,LBQCD-D02-unequal-min030-K10/missing,0,update,1024,0.7,400,400,1.1043461000081152,4600,588800,302080,302080,3932160,5734400.0,0,0,0,"{""0.2"": 0, ""0.5"": 0, ""1.0"": 0, ""2.0"": 0, ""4.0"": 0}",0.010281560220117836,0.11787144395889461,1.0,0.1529296875,100,0,0
rsr-M1024-f0.70-u,rsr,0.5,LBQCD-D02-unequal-min030-K10,unequal,missing,LBQCD-D02-unequal-min030-K10/missing,1,update,1024,0.7,400,400,1.1822956999967573,4600,588800,302080,302080,3932160,5734400.0,0,0,0,"{""0.2"": 0, ""0.5"": 0, ""1.0"": 0, ""2.0"": 0, ""4.0"": 0}",0.01943948026340503,0.12393950189303497,1.0,0.11035156249999999,100,0,0
rsr-M1024-f0.70-u,rsr,0.5,LBQCD-D02-unequal-min030-K10,unequal,missing,LBQCD-D02-unequal-min030-K10/missing,2,update,1024,0.7,400,400,1.0218189000006532,4600,588800,302080,302080,3932160,5734400.0,0,0,0,"{""0.2"": 0, ""0.5"": 0, ""1.0"": 0, ""2.0"": 0, ""4.0"": 0}",0.015249230672573333,0.11912515039814818,0.97,0.145703125,100,0,0
rsr-M512-f0.70-e,rsr,0.5,LBQCD-D02-unequal-min030-K10,unequal,missing,LBQCD-D02-unequal-min030-K10/missing,0,examples,512,0.7,68,68,0.10145010000269394,404,51712,27136,27136,655360,442368.0,0,0,0,"{""0.2"": 0, ""0.5"": 0, ""1.0"": 0, ""2.0"": 0, ""4.0"": 0}",0.08596820907179126,0.5020471013426235,0.8599999999999999,0.4978125,68,1,0
rsr-M512-f0.70-e,rsr,0.5,LBQCD-D02-unequal-min030-K10,unequal,missing,LBQCD-D02-unequal-min030-K10/missing,1,examples,512,0.7,68,68,0.13000570000440348,404,51712,27136,27136,655360,442368.0,0,0,0,"{""0.2"": 0, ""0.5"": 0, ""1.0"": 0, ""2.0"": 0, ""4.0"": 0}",0.09074180156784184,0.458063956620072,0.8599999999999999,0.4701171875,68,1,0
rsr-M512-f0.70-e,rsr,0.5,LBQCD-D02-unequal-min030-K10,unequal,missing,LBQCD-D02-unequal-min030-K10/missing,2,examples,512,0.7,68,68,0.12154069999814965,404,51712,27136,27136,655360,442368.0,0,0,0,"{""0.2"": 0, ""0.5"": 0, ""1.0"": 0, ""2.0"": 0, ""4.0"": 0}",0.14863218573775816,0.5380874150405691,0.7899999999999999,0.44703125,68,1,0
rsr-M512-f0.70-u,rsr,0.5,LBQCD-D02-unequal-min030-K10,unequal,missing,LBQCD-D02-unequal-min030-K10/missing,0,update,512,0.7,400,400,0.6365098999958718,2360,302080,158720,158720,3932160,2580480.0,0,0,0,"{""0.2"": 0, ""0.5"": 0, ""1.0"": 0, ""2.0"": 0, ""4.0"": 0}",0.012407321153195205,0.11252361122340793,1.0,0.0960546875,100,0,0
rsr-M512-f0.70-u,rsr,0.5,LBQCD-D02-unequal-min030-K10,unequal,missing,LBQCD-D02-unequal-min030-K10/missing,1,update,512,0.7,400,400,0.5691935000068042,2360,302080,158720,158720,3932160,2580480.0,0,0,0,"{""0.2"": 0, ""0.5"": 0, ""1.0"": 0, ""2.0"": 0, ""4.0"": 0}",0.021508276289271544,0.12672389592972566,1.0,0.1223046875,100,0,0
rsr-M512-f0.70-u,rsr,0.5,LBQCD-D02-unequal-min030-K10,unequal,missing,LBQCD-D02-unequal-min030-K10/missing,2,update,512,0.7,400,400,0.6335856999940006,2360,302080,158720,158720,3932160,2580480.0,0,0,0,"{""0.2"": 0, ""0.5"": 0, ""1.0"": 0, ""2.0"": 0, ""4.0"": 0}",0.017843915186050774,0.12360556841605265,0.97,0.16101562499999997,100,0,0
paper-0.2,paper,0.2,LBQCD-D03-unequal-min020-K12,unequal,concentrated,LBQCD-D03-unequal-min020-K12/concentrated,0,update,0,0.0,400,400,0.702012099995045,400,51200,51200,51200,13107200,0.0,0,0,0,"{""0.2"": 0, ""0.5"": 0, ""1.0"": 0, ""2.0"": 0, ""4.0"": 0}",0.012730792916066935,0.1813495890052744,0.9599999999999997,0.15027343749999997,100,0,0
paper-0.2,paper,0.2,LBQCD-D03-unequal-min020-K12,unequal,concentrated,LBQCD-D03-unequal-min020-K12/concentrated,1,update,0,0.0,400,400,0.6584259999945061,400,51200,51200,51200,13107200,0.0,0,0,0,"{""0.2"": 0, ""0.5"": 0, ""1.0"": 0, ""2.0"": 0, ""4.0"": 0}",0.013144531822283145,0.1866259656826783,0.9599999999999997,0.13097656250000003,50,0,0
paper-0.2,paper,0.2,LBQCD-D03-unequal-min020-K12,unequal,concentrated,LBQCD-D03-unequal-min020-K12/concentrated,2,update,0,0.0,400,400,0.6622598999965703,400,51200,51200,51200,13107200,0.0,0,0,0,"{""0.2"": 0, ""0.5"": 0, ""1.0"": 0, ""2.0"": 0, ""4.0"": 0}",0.014214705250000126,0.2545263037529239,0.9599999999999997,0.10687499999999997,50,0,0
paper-0.5,paper,0.5,LBQCD-D03-unequal-min020-K12,unequal,concentrated,LBQCD-D03-unequal-min020-K12/concentrated,0,update,0,0.0,400,400,0.88287400000263,400,51200,51200,51200,13107200,0.0,0,0,0,"{""0.2"": 0, ""0.5"": 0, ""1.0"": 0, ""2.0"": 0, ""4.0"": 0}",0.024744153546066183,0.19762546713776813,0.9599999999999997,0.17222656249999999,50,0,0
paper-0.5,paper,0.5,LBQCD-D03-unequal-min020-K12,unequal,concentrated,LBQCD-D03-unequal-min020-K12/concentrated,1,update,0,0.0,400,400,0.7090778999991016,400,51200,51200,51200,13107200,0.0,0,0,0,"{""0.2"": 0, ""0.5"": 0, ""1.0"": 0, ""2.0"": 0, ""4.0"": 0}",0.012028020949468754,0.19567971463970726,0.9599999999999997,0.13421875,100,0,0
paper-0.5,paper,0.5,LBQCD-D03-unequal-min020-K12,unequal,concentrated,LBQCD-D03-unequal-min020-K12/concentrated,2,update,0,0.0,400,400,0.8004701000027126,400,51200,51200,51200,13107200,0.0,0,0,0,"{""0.2"": 0, ""0.5"": 0, ""1.0"": 0, ""2.0"": 0, ""4.0"": 0}",0.014405302788568886,0.22158551633093052,0.9599999999999997,0.10699218749999995,50,0,0
paper-1,paper,1.0,LBQCD-D03-unequal-min020-K12,unequal,concentrated,LBQCD-D03-unequal-min020-K12/concentrated,0,update,0,0.0,400,400,0.6894477000023471,400,51200,51200,51200,13107200,0.0,0,0,0,"{""0.2"": 0, ""0.5"": 0, ""1.0"": 0, ""2.0"": 0, ""4.0"": 0}",0.02667827764315156,0.210789828929777,0.9599999999999997,0.1869140625,100,0,0
paper-1,paper,1.0,LBQCD-D03-unequal-min020-K12,unequal,concentrated,LBQCD-D03-unequal-min020-K12/concentrated,1,update,0,0.0,400,400,0.5516505999985384,400,51200,51200,51200,13107200,0.0,0,0,0,"{""0.2"": 0, ""0.5"": 0, ""1.0"": 0, ""2.0"": 0, ""4.0"": 0}",0.01401050351080535,0.20047359791908193,0.9599999999999997,0.1601562500000001,100,0,0
paper-1,paper,1.0,LBQCD-D03-unequal-min020-K12,unequal,concentrated,LBQCD-D03-unequal-min020-K12/concentrated,2,update,0,0.0,400,400,0.7619566999928793,400,51200,51200,51200,13107200,0.0,0,0,0,"{""0.2"": 0, ""0.5"": 0, ""1.0"": 0, ""2.0"": 0, ""4.0"": 0}",0.017445688063601583,0.20614122927709475,0.9599999999999997,0.1185546875,50,0,0
paper-2,paper,2.0,LBQCD-D03-unequal-min020-K12,unequal,concentrated,LBQCD-D03-unequal-min020-K12/concentrated,0,update,0,0.0,400,400,0.6767956999974558,400,51200,51200,51200,13107200,0.0,0,0,0,"{""0.2"": 0, ""0.5"": 0, ""1.0"": 0, ""2.0"": 0, ""4.0"": 0}",0.026621643122966443,0.21646847408805744,0.9599999999999997,0.21152343749999988,200,0,0
paper-2,paper,2.0,LBQCD-D03-unequal-min020-K12,unequal,concentrated,LBQCD-D03-unequal-min020-K12/concentrated,1,update,0,0.0,400,400,0.6665196999965701,400,51200,51200,51200,13107200,0.0,0,0,0,"{""0.2"": 0, ""0.5"": 0, ""1.0"": 0, ""2.0"": 0, ""4.0"": 0}",0.016278849026964526,0.2032105785227276,0.9599999999999997,0.1675,150,0,0
paper-2,paper,2.0,LBQCD-D03-unequal-min020-K12,unequal,concentrated,LBQCD-D03-unequal-min020-K12/concentrated,2,update,0,0.0,400,400,0.8706315999879735,400,51200,51200,51200,13107200,0.0,0,0,0,"{""0.2"": 0, ""0.5"": 0, ""1.0"": 0, ""2.0"": 0, ""4.0"": 0}",0.018550001467450006,0.20990420313416355,0.9599999999999997,0.14921874999999993,150,0,0
paper-4,paper,4.0,LBQCD-D03-unequal-min020-K12,unequal,concentrated,LBQCD-D03-unequal-min020-K12/concentrated,0,update,0,0.0,400,400,0.8572373000060907,400,51200,51200,51200,13107200,0.0,0,0,0,"{""0.2"": 0, ""0.5"": 0, ""1.0"": 0, ""2.0"": 0, ""4.0"": 0}",0.03318757174559961,0.2507867283444663,0.9199999999999997,0.26171874999999994,300,0,0
paper-4,paper,4.0,LBQCD-D03-unequal-min020-K12,unequal,concentrated,LBQCD-D03-unequal-min020-K12/concentrated,1,update,0,0.0,400,400,0.7166200999927241,400,51200,51200,51200,13107200,0.0,0,0,0,"{""0.2"": 0, ""0.5"": 0, ""1.0"": 0, ""2.0"": 0, ""4.0"": 0}",0.01518365760271978,0.19990334420090575,0.9199999999999997,0.15863281249999997,150,0,0
paper-4,paper,4.0,LBQCD-D03-unequal-min020-K12,unequal,concentrated,LBQCD-D03-unequal-min020-K12/concentrated,2,update,0,0.0,400,400,0.7583311000053072,400,51200,51200,51200,13107200,0.0,0,0,0,"{""0.2"": 0, ""0.5"": 0, ""1.0"": 0, ""2.0"": 0, ""4.0"": 0}",0.020240250871314203,0.23317224788005766,0.9599999999999997,0.16488281249999995,50,0,0
qld-v1,qld,0.5,LBQCD-D03-unequal-min020-K12,unequal,concentrated,LBQCD-D03-unequal-min020-K12/concentrated,0,update,0,0.7,400,400,0.383248400001321,400,51200,51200,51200,3932160,501760.0,0,0,0,"{""0.2"": 0, ""0.5"": 0, ""1.0"": 0, ""2.0"": 0, ""4.0"": 0}",0.02499780656081363,0.21448727566548098,0.9599999999999997,0.20496093749999997,100,0,0
qld-v1,qld,0.5,LBQCD-D03-unequal-min020-K12,unequal,concentrated,LBQCD-D03-unequal-min020-K12/concentrated,1,update,0,0.7,400,400,0.3281204999948386,400,51200,51200,51200,3932160,501760.0,0,0,0,"{""0.2"": 0, ""0.5"": 0, ""1.0"": 0, ""2.0"": 0, ""4.0"": 0}",0.01425116998765974,0.21463406035254584,0.9599999999999997,0.14699218749999998,100,0,0
qld-v1,qld,0.5,LBQCD-D03-unequal-min020-K12,unequal,concentrated,LBQCD-D03-unequal-min020-K12/concentrated,2,update,0,0.7,400,400,0.3704359999974258,400,51200,51200,51200,3932160,501760.0,0,0,0,"{""0.2"": 0, ""0.5"": 0, ""1.0"": 0, ""2.0"": 0, ""4.0"": 0}",0.014304087182607006,0.24507581006899903,0.9599999999999997,0.14980468750000006,150,0,0
rsr-M1024-f0.70-e,rsr,0.5,LBQCD-D03-unequal-min020-K12,unequal,concentrated,LBQCD-D03-unequal-min020-K12/concentrated,0,examples,1024,0.7,35,35,0.10297020000871271,395,50560,25984,25984,360448,491520.0,0,0,0,"{""0.2"": 0, ""0.5"": 0, ""1.0"": 0, ""2.0"": 0, ""4.0"": 0}",0.20423510991281457,0.8201989392047148,0.5699999999999998,0.8183984375,35,1,0
rsr-M1024-f0.70-e,rsr,0.5,LBQCD-D03-unequal-min020-K12,unequal,concentrated,LBQCD-D03-unequal-min020-K12/concentrated,1,examples,1024,0.7,35,35,0.09258799999952316,395,50560,25984,25984,360448,491520.0,0,0,0,"{""0.2"": 0, ""0.5"": 0, ""1.0"": 0, ""2.0"": 0, ""4.0"": 0}",0.27077738174790067,0.9419154489048435,0.5699999999999998,0.9922265625,35,1,0
rsr-M1024-f0.70-e,rsr,0.5,LBQCD-D03-unequal-min020-K12,unequal,concentrated,LBQCD-D03-unequal-min020-K12/concentrated,2,examples,1024,0.7,35,35,0.07668139999441337,395,50560,25984,25984,360448,491520.0,0,0,0,"{""0.2"": 0, ""0.5"": 0, ""1.0"": 0, ""2.0"": 0, ""4.0"": 0}",0.2881491685713029,1.0063294710436463,0.5699999999999998,0.87640625,35,1,0
rsr-M1024-f0.70-u,rsr,0.5,LBQCD-D03-unequal-min020-K12,unequal,concentrated,LBQCD-D03-unequal-min020-K12/concentrated,0,update,1024,0.7,400,400,1.1989648000017041,4600,588800,302080,302080,3932160,5734400.0,0,0,0,"{""0.2"": 0, ""0.5"": 0, ""1.0"": 0, ""2.0"": 0, ""4.0"": 0}",0.017565313818404427,0.19750532085625355,0.9599999999999997,0.11699218750000007,100,0,0
rsr-M1024-f0.70-u,rsr,0.5,LBQCD-D03-unequal-min020-K12,unequal,concentrated,LBQCD-D03-unequal-min020-K12/concentrated,1,update,1024,0.7,400,400,1.079314999995404,4600,588800,302080,302080,3932160,5734400.0,0,0,0,"{""0.2"": 0, ""0.5"": 0, ""1.0"": 0, ""2.0"": 0, ""4.0"": 0}",0.012966741342109067,0.22721102412625163,0.9599999999999997,0.13183593749999992,100,0,0
rsr-M1024-f0.70-u,rsr,0.5,LBQCD-D03-unequal-min020-K12,unequal,concentrated,LBQCD-D03-unequal-min020-K12/concentrated,2,update,1024,0.7,400,400,1.157263300003251,4600,588800,302080,302080,3932160,5734400.0,0,0,0,"{""0.2"": 0, ""0.5"": 0, ""1.0"": 0, ""2.0"": 0, ""4.0"": 0}",0.014922603895848319,0.23091001023976798,0.9599999999999997,0.11355468750000006,100,0,0
rsr-M512-f0.70-e,rsr,0.5,LBQCD-D03-unequal-min020-K12,unequal,concentrated,LBQCD-D03-unequal-min020-K12/concentrated,0,examples,512,0.7,68,68,0.12120319998939522,404,51712,27136,27136,655360,442368.0,0,0,0,"{""0.2"": 0, ""0.5"": 0, ""1.0"": 0, ""2.0"": 0, ""4.0"": 0}",0.06473954114395797,0.45557685622475236,0.7599999999999999,0.4754296874999999,68,1,0
rsr-M512-f0.70-e,rsr,0.5,LBQCD-D03-unequal-min020-K12,unequal,concentrated,LBQCD-D03-unequal-min020-K12/concentrated,1,examples,512,0.7,68,68,0.13611610000953078,404,51712,27136,27136,655360,442368.0,0,0,0,"{""0.2"": 0, ""0.5"": 0, ""1.0"": 0, ""2.0"": 0, ""4.0"": 0}",0.0998044879570763,0.5522725385572488,0.7599999999999999,0.5242578124999999,68,1,0
rsr-M512-f0.70-e,rsr,0.5,LBQCD-D03-unequal-min020-K12,unequal,concentrated,LBQCD-D03-unequal-min020-K12/concentrated,2,examples,512,0.7,68,68,0.15594560001045465,404,51712,27136,27136,655360,442368.0,0,0,0,"{""0.2"": 0, ""0.5"": 0, ""1.0"": 0, ""2.0"": 0, ""4.0"": 0}",0.08698231209671548,0.4814958571544803,0.9199999999999997,0.4851953124999999,68,1,0
rsr-M512-f0.70-u,rsr,0.5,LBQCD-D03-unequal-min020-K12,unequal,concentrated,LBQCD-D03-unequal-min020-K12/concentrated,0,update,512,0.7,400,400,0.7225428000092506,2360,302080,158720,158720,3932160,2580480.0,0,0,0,"{""0.2"": 0, ""0.5"": 0, ""1.0"": 0, ""2.0"": 0, ""4.0"": 0}",0.017763745967169342,0.19980589173229715,0.9599999999999997,0.15269531249999996,100,0,0
rsr-M512-f0.70-u,rsr,0.5,LBQCD-D03-unequal-min020-K12,unequal,concentrated,LBQCD-D03-unequal-min020-K12/concentrated,1,update,512,0.7,400,400,0.74398199999996,2360,302080,158720,158720,3932160,2580480.0,0,0,0,"{""0.2"": 0, ""0.5"": 0, ""1.0"": 0, ""2.0"": 0, ""4.0"": 0}",0.012423661592339652,0.20456885747388107,0.9599999999999997,0.11664062500000003,100,0,0
rsr-M512-f0.70-u,rsr,0.5,LBQCD-D03-unequal-min020-K12,unequal,concentrated,LBQCD-D03-unequal-min020-K12/concentrated,2,update,512,0.7,400,400,0.7780364000063855,2360,302080,158720,158720,3932160,2580480.0,0,0,0,"{""0.2"": 0, ""0.5"": 0, ""1.0"": 0, ""2.0"": 0, ""4.0"": 0}",0.015066806363898344,0.22857483040395846,0.9599999999999997,0.12136718750000006,100,0,0
paper-0.2,paper,0.2,LBQCD-D03-unequal-min020-K12,unequal,missing,LBQCD-D03-unequal-min020-K12/missing,0,update,0,0.0,400,400,0.6443503000045894,400,51200,51200,51200,13107200,0.0,0,0,0,"{""0.2"": 0, ""0.5"": 0, ""1.0"": 0, ""2.0"": 0, ""4.0"": 0}",0.06044094262895516,0.4336544108136424,0.9999999999999998,0.16203125,150,0,0
paper-0.2,paper,0.2,LBQCD-D03-unequal-min020-K12,unequal,missing,LBQCD-D03-unequal-min020-K12/missing,1,update,0,0.0,400,400,0.5990571000002092,400,51200,51200,51200,13107200,0.0,0,0,0,"{""0.2"": 0, ""0.5"": 0, ""1.0"": 0, ""2.0"": 0, ""4.0"": 0}",0.018166571987183744,0.18841396418362522,0.9999999999999998,0.12421875000000004,150,0,0
paper-0.2,paper,0.2,LBQCD-D03-unequal-min020-K12,unequal,missing,LBQCD-D03-unequal-min020-K12/missing,2,update,0,0.0,400,400,0.8105175000091549,400,51200,51200,51200,13107200,0.0,0,0,0,"{""0.2"": 0, ""0.5"": 0, ""1.0"": 0, ""2.0"": 0, ""4.0"": 0}",0.03861245394198143,0.22655001687441906,0.9999999999999998,0.1209375,150,0,0
paper-0.5,paper,0.5,LBQCD-D03-unequal-min020-K12,unequal,missing,LBQCD-D03-unequal-min020-K12/missing,0,update,0,0.0,400,400,0.5954358000017237,400,51200,51200,51200,13107200,0.0,0,0,0,"{""0.2"": 0, ""0.5"": 0, ""1.0"": 0, ""2.0"": 0, ""4.0"": 0}",0.03332367229220434,0.2700719758382332,0.9999999999999998,0.11425781250000003,150,0,0
paper-0.5,paper,0.5,LBQCD-D03-unequal-min020-K12,unequal,missing,LBQCD-D03-unequal-min020-K12/missing,1,update,0,0.0,400,400,0.4782427000027383,400,51200,51200,51200,13107200,0.0,0,0,0,"{""0.2"": 0, ""0.5"": 0, ""1.0"": 0, ""2.0"": 0, ""4.0"": 0}",0.029405690238273774,0.1972140186426585,0.9999999999999998,0.13574218750000003,150,0,0
paper-0.5,paper,0.5,LBQCD-D03-unequal-min020-K12,unequal,missing,LBQCD-D03-unequal-min020-K12/missing,2,update,0,0.0,400,400,0.6942164999927627,400,51200,51200,51200,13107200,0.0,0,0,0,"{""0.2"": 0, ""0.5"": 0, ""1.0"": 0, ""2.0"": 0, ""4.0"": 0}",0.03863333540860747,0.21275549013088677,0.9999999999999998,0.10238281250000009,150,0,0
paper-1,paper,1.0,LBQCD-D03-unequal-min020-K12,unequal,missing,LBQCD-D03-unequal-min020-K12/missing,0,update,0,0.0,400,400,0.7189811000134796,400,51200,51200,51200,13107200,0.0,0,0,0,"{""0.2"": 0, ""0.5"": 0, ""1.0"": 0, ""2.0"": 0, ""4.0"": 0}",0.03852209534958373,0.2843659872779431,0.9799999999999998,0.16792968749999995,150,0,0
paper-1,paper,1.0,LBQCD-D03-unequal-min020-K12,unequal,missing,LBQCD-D03-unequal-min020-K12/missing,1,update,0,0.0,400,400,0.4780350999935763,400,51200,51200,51200,13107200,0.0,0,0,0,"{""0.2"": 0, ""0.5"": 0, ""1.0"": 0, ""2.0"": 0, ""4.0"": 0}",0.04347682308979284,0.24754171311890105,0.9799999999999998,0.1915625,200,0,0
paper-1,paper,1.0,LBQCD-D03-unequal-min020-K12,unequal,missing,LBQCD-D03-unequal-min020-K12/missing,2,update,0,0.0,400,400,0.3895188999886159,400,51200,51200,51200,13107200,0.0,0,0,0,"{""0.2"": 0, ""0.5"": 0, ""1.0"": 0, ""2.0"": 0, ""4.0"": 0}",0.053725685182301586,0.27307991274404564,0.9799999999999998,0.19402343749999998,100,0,0
paper-2,paper,2.0,LBQCD-D03-unequal-min020-K12,unequal,missing,LBQCD-D03-unequal-min020-K12/missing,0,update,0,0.0,400,400,0.7617339999997057,400,51200,51200,51200,13107200,0.0,0,0,0,"{""0.2"": 0, ""0.5"": 0, ""1.0"": 0, ""2.0"": 0, ""4.0"": 0}",0.045841918626178035,0.35224738451986154,0.9399999999999997,0.28496093749999996,250,0,0
paper-2,paper,2.0,LBQCD-D03-unequal-min020-K12,unequal,missing,LBQCD-D03-unequal-min020-K12/missing,1,update,0,0.0,400,400,0.6316084999998566,400,51200,51200,51200,13107200,0.0,0,0,0,"{""0.2"": 0, ""0.5"": 0, ""1.0"": 0, ""2.0"": 0, ""4.0"": 0}",0.06555117814724953,0.3237364901809042,0.9399999999999997,0.3161328124999999,300,0,0
paper-2,paper,2.0,LBQCD-D03-unequal-min020-K12,unequal,missing,LBQCD-D03-unequal-min020-K12/missing,2,update,0,0.0,400,400,0.7456836000055773,400,51200,51200,51200,13107200,0.0,0,0,0,"{""0.2"": 0, ""0.5"": 0, ""1.0"": 0, ""2.0"": 0, ""4.0"": 0}",0.07225886304801366,0.31258645947234287,0.9399999999999997,0.3091015624999999,300,0,0
paper-4,paper,4.0,LBQCD-D03-unequal-min020-K12,unequal,missing,LBQCD-D03-unequal-min020-K12/missing,0,update,0,0.0,400,400,0.7355997999984538,400,51200,51200,51200,13107200,0.0,0,0,0,"{""0.2"": 0, ""0.5"": 0, ""1.0"": 0, ""2.0"": 0, ""4.0"": 0}",0.07126734491407083,0.440404974597527,0.8899999999999998,0.41097656249999986,400,1,0
paper-4,paper,4.0,LBQCD-D03-unequal-min020-K12,unequal,missing,LBQCD-D03-unequal-min020-K12/missing,1,update,0,0.0,400,400,0.6459673000063049,400,51200,51200,51200,13107200,0.0,0,0,0,"{""0.2"": 0, ""0.5"": 0, ""1.0"": 0, ""2.0"": 0, ""4.0"": 0}",0.07700519820798046,0.46188742580224884,0.8199999999999998,0.4165234374999999,400,1,0
paper-4,paper,4.0,LBQCD-D03-unequal-min020-K12,unequal,missing,LBQCD-D03-unequal-min020-K12/missing,2,update,0,0.0,400,400,0.5022427999938373,400,51200,51200,51200,13107200,0.0,0,0,0,"{""0.2"": 0, ""0.5"": 0, ""1.0"": 0, ""2.0"": 0, ""4.0"": 0}",0.07044889636275853,0.42579129771130386,0.8899999999999998,0.4184765624999999,400,1,0
qld-v1,qld,0.5,LBQCD-D03-unequal-min020-K12,unequal,missing,LBQCD-D03-unequal-min020-K12/missing,0,update,0,0.7,400,400,0.2712409999949159,400,51200,51200,51200,3932160,501760.0,0,0,0,"{""0.2"": 0, ""0.5"": 0, ""1.0"": 0, ""2.0"": 0, ""4.0"": 0}",0.029800663068002553,0.22517295236726345,0.9799999999999998,0.20203124999999997,150,0,0
qld-v1,qld,0.5,LBQCD-D03-unequal-min020-K12,unequal,missing,LBQCD-D03-unequal-min020-K12/missing,1,update,0,0.7,400,400,0.311232399995788,400,51200,51200,51200,3932160,501760.0,0,0,0,"{""0.2"": 0, ""0.5"": 0, ""1.0"": 0, ""2.0"": 0, ""4.0"": 0}",0.04354896425802801,0.2622926842915012,0.9399999999999997,0.20921874999999998,200,0,0
qld-v1,qld,0.5,LBQCD-D03-unequal-min020-K12,unequal,missing,LBQCD-D03-unequal-min020-K12/missing,2,update,0,0.7,400,400,0.2965723999950569,400,51200,51200,51200,3932160,501760.0,0,0,0,"{""0.2"": 0, ""0.5"": 0, ""1.0"": 0, ""2.0"": 0, ""4.0"": 0}",0.04194607410800488,0.23801101408972405,0.9799999999999998,0.18746093749999995,200,0,0
rsr-M1024-f0.70-e,rsr,0.5,LBQCD-D03-unequal-min020-K12,unequal,missing,LBQCD-D03-unequal-min020-K12/missing,0,examples,1024,0.7,35,35,0.1255546000029426,395,50560,25984,25984,360448,491520.0,0,0,0,"{""0.2"": 0, ""0.5"": 0, ""1.0"": 0, ""2.0"": 0, ""4.0"": 0}",2.354850991044611,3.4611252576381144,0.5499999999999999,1.0917968749999998,35,1,0
rsr-M1024-f0.70-e,rsr,0.5,LBQCD-D03-unequal-min020-K12,unequal,missing,LBQCD-D03-unequal-min020-K12/missing,1,examples,1024,0.7,35,35,0.10918679999304004,395,50560,25984,25984,360448,491520.0,0,0,0,"{""0.2"": 0, ""0.5"": 0, ""1.0"": 0, ""2.0"": 0, ""4.0"": 0}",2.021929020407656,3.2658227537477718,0.5499999999999999,1.1003515624999998,35,1,0
rsr-M1024-f0.70-e,rsr,0.5,LBQCD-D03-unequal-min020-K12,unequal,missing,LBQCD-D03-unequal-min020-K12/missing,2,examples,1024,0.7,35,35,0.10238199999730568,395,50560,25984,25984,360448,491520.0,0,0,0,"{""0.2"": 0, ""0.5"": 0, ""1.0"": 0, ""2.0"": 0, ""4.0"": 0}",1.7948734019431263,3.2216052402295663,0.6499999999999999,1.0595312499999998,35,1,0
rsr-M1024-f0.70-u,rsr,0.5,LBQCD-D03-unequal-min020-K12,unequal,missing,LBQCD-D03-unequal-min020-K12/missing,0,update,1024,0.7,400,400,1.164264999999432,4600,588800,302080,302080,3932160,5734400.0,0,0,0,"{""0.2"": 0, ""0.5"": 0, ""1.0"": 0, ""2.0"": 0, ""4.0"": 0}",0.02664917340389339,0.2175283721352407,0.9799999999999998,0.17839843749999998,150,0,0
rsr-M1024-f0.70-u,rsr,0.5,LBQCD-D03-unequal-min020-K12,unequal,missing,LBQCD-D03-unequal-min020-K12/missing,1,update,1024,0.7,400,400,1.2411008999915794,4600,588800,302080,302080,3932160,5734400.0,0,0,0,"{""0.2"": 0, ""0.5"": 0, ""1.0"": 0, ""2.0"": 0, ""4.0"": 0}",0.028281176494121762,0.24036940796670522,0.9799999999999998,0.1714062499999999,200,0,0
rsr-M1024-f0.70-u,rsr,0.5,LBQCD-D03-unequal-min020-K12,unequal,missing,LBQCD-D03-unequal-min020-K12/missing,2,update,1024,0.7,400,400,1.0315369000018109,4600,588800,302080,302080,3932160,5734400.0,0,0,0,"{""0.2"": 0, ""0.5"": 0, ""1.0"": 0, ""2.0"": 0, ""4.0"": 0}",0.03256637861868361,0.21442224015351047,0.9799999999999998,0.16785156250000002,150,0,0
rsr-M512-f0.70-e,rsr,0.5,LBQCD-D03-unequal-min020-K12,unequal,missing,LBQCD-D03-unequal-min020-K12/missing,0,examples,512,0.7,68,68,0.11367269999755081,404,51712,27136,27136,655360,442368.0,0,0,0,"{""0.2"": 0, ""0.5"": 0, ""1.0"": 0, ""2.0"": 0, ""4.0"": 0}",0.8256591577473458,2.1355203130123157,0.7399999999999999,0.8036718749999998,68,1,0
rsr-M512-f0.70-e,rsr,0.5,LBQCD-D03-unequal-min020-K12,unequal,missing,LBQCD-D03-unequal-min020-K12/missing,1,examples,512,0.7,68,68,0.12771210000209976,404,51712,27136,27136,655360,442368.0,0,0,0,"{""0.2"": 0, ""0.5"": 0, ""1.0"": 0, ""2.0"": 0, ""4.0"": 0}",0.7177522199900226,1.8297720093523264,0.6499999999999999,0.85859375,68,1,0
rsr-M512-f0.70-e,rsr,0.5,LBQCD-D03-unequal-min020-K12,unequal,missing,LBQCD-D03-unequal-min020-K12/missing,2,examples,512,0.7,68,68,0.10973940000985749,404,51712,27136,27136,655360,442368.0,0,0,0,"{""0.2"": 0, ""0.5"": 0, ""1.0"": 0, ""2.0"": 0, ""4.0"": 0}",0.6304479684426867,1.8588154793812113,0.7399999999999999,0.76875,68,1,0
rsr-M512-f0.70-u,rsr,0.5,LBQCD-D03-unequal-min020-K12,unequal,missing,LBQCD-D03-unequal-min020-K12/missing,0,update,512,0.7,400,400,0.670616199990036,2360,302080,158720,158720,3932160,2580480.0,0,0,0,"{""0.2"": 0, ""0.5"": 0, ""1.0"": 0, ""2.0"": 0, ""4.0"": 0}",0.029659315169658917,0.21826663953453315,0.9799999999999998,0.18550781249999995,150,0,0
rsr-M512-f0.70-u,rsr,0.5,LBQCD-D03-unequal-min020-K12,unequal,missing,LBQCD-D03-unequal-min020-K12/missing,1,update,512,0.7,400,400,0.7293097999936435,2360,302080,158720,158720,3932160,2580480.0,0,0,0,"{""0.2"": 0, ""0.5"": 0, ""1.0"": 0, ""2.0"": 0, ""4.0"": 0}",0.03223244788722912,0.2432916650182349,0.9799999999999998,0.16046875000000002,200,0,0
rsr-M512-f0.70-u,rsr,0.5,LBQCD-D03-unequal-min020-K12,unequal,missing,LBQCD-D03-unequal-min020-K12/missing,2,update,512,0.7,400,400,0.7244092999899294,2360,302080,158720,158720,3932160,2580480.0,0,0,0,"{""0.2"": 0, ""0.5"": 0, ""1.0"": 0, ""2.0"": 0, ""4.0"": 0}",0.03591581742833716,0.21789093614703758,0.9799999999999998,0.1593359375,150,0,0
paper-0.2,paper,0.2,LBQCD-D04-unequal-min015-K14,unequal,concentrated,LBQCD-D04-unequal-min015-K14/concentrated,0,update,0,0.0,400,400,0.7119076999952085,400,51200,51200,51200,13107200,0.0,0,0,0,"{""0.2"": 0, ""0.5"": 0, ""1.0"": 0, ""2.0"": 0, ""4.0"": 0}",0.008356973946688662,0.1422118262365024,1.0,0.10156249999999999,100,0,0
paper-0.2,paper,0.2,LBQCD-D04-unequal-min015-K14,unequal,concentrated,LBQCD-D04-unequal-min015-K14/concentrated,1,update,0,0.0,400,400,0.517231100006029,400,51200,51200,51200,13107200,0.0,0,0,0,"{""0.2"": 0, ""0.5"": 0, ""1.0"": 0, ""2.0"": 0, ""4.0"": 0}",0.013734692914914692,0.13464030816566794,1.0,0.08910156250000002,100,0,0
paper-0.2,paper,0.2,LBQCD-D04-unequal-min015-K14,unequal,concentrated,LBQCD-D04-unequal-min015-K14/concentrated,2,update,0,0.0,400,400,0.8173623000038788,400,51200,51200,51200,13107200,0.0,0,0,0,"{""0.2"": 0, ""0.5"": 0, ""1.0"": 0, ""2.0"": 0, ""4.0"": 0}",0.018323865546784113,0.16860979794154476,1.0,0.10761718750000003,50,0,0
paper-0.5,paper,0.5,LBQCD-D04-unequal-min015-K14,unequal,concentrated,LBQCD-D04-unequal-min015-K14/concentrated,0,update,0,0.0,400,400,0.7247057000058703,400,51200,51200,51200,13107200,0.0,0,0,0,"{""0.2"": 0, ""0.5"": 0, ""1.0"": 0, ""2.0"": 0, ""4.0"": 0}",0.009142904776883842,0.14760810784333023,1.0,0.10124999999999999,100,0,0
paper-0.5,paper,0.5,LBQCD-D04-unequal-min015-K14,unequal,concentrated,LBQCD-D04-unequal-min015-K14/concentrated,1,update,0,0.0,400,400,0.6954484000016237,400,51200,51200,51200,13107200,0.0,0,0,0,"{""0.2"": 0, ""0.5"": 0, ""1.0"": 0, ""2.0"": 0, ""4.0"": 0}",0.01364939281357369,0.14393131070857426,1.0,0.10320312500000002,100,0,0
paper-0.5,paper,0.5,LBQCD-D04-unequal-min015-K14,unequal,concentrated,LBQCD-D04-unequal-min015-K14/concentrated,2,update,0,0.0,400,400,0.5371050000103423,400,51200,51200,51200,13107200,0.0,0,0,0,"{""0.2"": 0, ""0.5"": 0, ""1.0"": 0, ""2.0"": 0, ""4.0"": 0}",0.014437696090213059,0.14856363632528646,0.9850000000000001,0.10191406250000003,100,0,0
paper-1,paper,1.0,LBQCD-D04-unequal-min015-K14,unequal,concentrated,LBQCD-D04-unequal-min015-K14/concentrated,0,update,0,0.0,400,400,0.5691286999935983,400,51200,51200,51200,13107200,0.0,0,0,0,"{""0.2"": 0, ""0.5"": 0, ""1.0"": 0, ""2.0"": 0, ""4.0"": 0}",0.009652325574215581,0.1680417313895598,0.9850000000000001,0.11003906249999999,100,0,0
paper-1,paper,1.0,LBQCD-D04-unequal-min015-K14,unequal,concentrated,LBQCD-D04-unequal-min015-K14/concentrated,1,update,0,0.0,400,400,0.7215075999993132,400,51200,51200,51200,13107200,0.0,0,0,0,"{""0.2"": 0, ""0.5"": 0, ""1.0"": 0, ""2.0"": 0, ""4.0"": 0}",0.016080742711921836,0.15221966313538696,0.9850000000000001,0.12328124999999997,100,0,0
paper-1,paper,1.0,LBQCD-D04-unequal-min015-K14,unequal,concentrated,LBQCD-D04-unequal-min015-K14/concentrated,2,update,0,0.0,400,400,0.7981482000031974,400,51200,51200,51200,13107200,0.0,0,0,0,"{""0.2"": 0, ""0.5"": 0, ""1.0"": 0, ""2.0"": 0, ""4.0"": 0}",0.01539226570498231,0.1668677727859349,0.9850000000000001,0.10480468750000003,100,0,0
paper-2,paper,2.0,LBQCD-D04-unequal-min015-K14,unequal,concentrated,LBQCD-D04-unequal-min015-K14/concentrated,0,update,0,0.0,400,400,0.613726299998234,400,51200,51200,51200,13107200,0.0,0,0,0,"{""0.2"": 0, ""0.5"": 0, ""1.0"": 0, ""2.0"": 0, ""4.0"": 0}",0.010678485759850087,0.17615460101777536,0.9850000000000001,0.10984375,150,0,0
paper-2,paper,2.0,LBQCD-D04-unequal-min015-K14,unequal,concentrated,LBQCD-D04-unequal-min015-K14/concentrated,1,update,0,0.0,400,400,0.6920588999928441,400,51200,51200,51200,13107200,0.0,0,0,0,"{""0.2"": 0, ""0.5"": 0, ""1.0"": 0, ""2.0"": 0, ""4.0"": 0}",0.020411818034373752,0.1636083867873232,0.9850000000000001,0.12027343749999998,150,0,0
paper-2,paper,2.0,LBQCD-D04-unequal-min015-K14,unequal,concentrated,LBQCD-D04-unequal-min015-K14/concentrated,2,update,0,0.0,400,400,0.7284636000113096,400,51200,51200,51200,13107200,0.0,0,0,0,"{""0.2"": 0, ""0.5"": 0, ""1.0"": 0, ""2.0"": 0, ""4.0"": 0}",0.016428416605696494,0.1918606058902809,0.9850000000000001,0.1501953125,100,0,0
paper-4,paper,4.0,LBQCD-D04-unequal-min015-K14,unequal,concentrated,LBQCD-D04-unequal-min015-K14/concentrated,0,update,0,0.0,400,400,0.8305345999979181,400,51200,51200,51200,13107200,0.0,0,0,0,"{""0.2"": 0, ""0.5"": 0, ""1.0"": 0, ""2.0"": 0, ""4.0"": 0}",0.016434277922394713,0.2036161810298919,0.9850000000000001,0.235546875,350,0,0
paper-4,paper,4.0,LBQCD-D04-unequal-min015-K14,unequal,concentrated,LBQCD-D04-unequal-min015-K14/concentrated,1,update,0,0.0,400,400,0.9045326000050409,400,51200,51200,51200,13107200,0.0,0,0,0,"{""0.2"": 0, ""0.5"": 0, ""1.0"": 0, ""2.0"": 0, ""4.0"": 0}",0.03322797655432108,0.2095494788191821,0.9850000000000001,0.231640625,300,0,0
paper-4,paper,4.0,LBQCD-D04-unequal-min015-K14,unequal,concentrated,LBQCD-D04-unequal-min015-K14/concentrated,2,update,0,0.0,400,400,0.5090058999921894,400,51200,51200,51200,13107200,0.0,0,0,0,"{""0.2"": 0, ""0.5"": 0, ""1.0"": 0, ""2.0"": 0, ""4.0"": 0}",0.014918302279587792,0.19539698515479065,0.9850000000000001,0.15382812499999998,100,0,0
qld-v1,qld,0.5,LBQCD-D04-unequal-min015-K14,unequal,concentrated,LBQCD-D04-unequal-min015-K14/concentrated,0,update,0,0.7,400,400,0.2906333999999333,400,51200,51200,51200,3932160,501760.0,0,0,0,"{""0.2"": 0, ""0.5"": 0, ""1.0"": 0, ""2.0"": 0, ""4.0"": 0}",0.008668817865269851,0.1433865420202382,0.9850000000000001,0.1070703125,100,0,0
qld-v1,qld,0.5,LBQCD-D04-unequal-min015-K14,unequal,concentrated,LBQCD-D04-unequal-min015-K14/concentrated,1,update,0,0.7,400,400,0.3159107999963453,400,51200,51200,51200,3932160,501760.0,0,0,0,"{""0.2"": 0, ""0.5"": 0, ""1.0"": 0, ""2.0"": 0, ""4.0"": 0}",0.016653612572482324,0.14642015809597525,0.9850000000000001,0.081796875,100,0,0
qld-v1,qld,0.5,LBQCD-D04-unequal-min015-K14,unequal,concentrated,LBQCD-D04-unequal-min015-K14/concentrated,2,update,0,0.7,400,400,0.3436654999968596,400,51200,51200,51200,3932160,501760.0,0,0,0,"{""0.2"": 0, ""0.5"": 0, ""1.0"": 0, ""2.0"": 0, ""4.0"": 0}",0.014816412955096947,0.14673214173985172,0.9850000000000001,0.11273437500000001,150,0,0
rsr-M1024-f0.70-e,rsr,0.5,LBQCD-D04-unequal-min015-K14,unequal,concentrated,LBQCD-D04-unequal-min015-K14/concentrated,0,examples,1024,0.7,35,35,0.11705139999685343,395,50560,25984,25984,360448,491520.0,0,0,0,"{""0.2"": 0, ""0.5"": 0, ""1.0"": 0, ""2.0"": 0, ""4.0"": 0}",0.8443664417736612,1.592359383451485,0.525,0.95,35,1,0
rsr-M1024-f0.70-e,rsr,0.5,LBQCD-D04-unequal-min015-K14,unequal,concentrated,LBQCD-D04-unequal-min015-K14/concentrated,1,examples,1024,0.7,35,35,0.09099019999848679,395,50560,25984,25984,360448,491520.0,0,0,0,"{""0.2"": 0, ""0.5"": 0, ""1.0"": 0, ""2.0"": 0, ""4.0"": 0}",0.8209150561929963,1.5097387486124074,0.525,0.95,35,1,0
rsr-M1024-f0.70-e,rsr,0.5,LBQCD-D04-unequal-min015-K14,unequal,concentrated,LBQCD-D04-unequal-min015-K14/concentrated,2,examples,1024,0.7,35,35,0.11697869999625254,395,50560,25984,25984,360448,491520.0,0,0,0,"{""0.2"": 0, ""0.5"": 0, ""1.0"": 0, ""2.0"": 0, ""4.0"": 0}",0.5361472050214582,1.420155090471658,0.525,0.91015625,35,1,0
rsr-M1024-f0.70-u,rsr,0.5,LBQCD-D04-unequal-min015-K14,unequal,concentrated,LBQCD-D04-unequal-min015-K14/concentrated,0,update,1024,0.7,400,400,1.1202072000014596,4600,588800,302080,302080,3932160,5734400.0,0,0,0,"{""0.2"": 0, ""0.5"": 0, ""1.0"": 0, ""2.0"": 0, ""4.0"": 0}",0.009621234630281528,0.14780866731417225,0.9850000000000001,0.0964453125,100,0,0
rsr-M1024-f0.70-u,rsr,0.5,LBQCD-D04-unequal-min015-K14,unequal,concentrated,LBQCD-D04-unequal-min015-K14/concentrated,1,update,1024,0.7,400,400,1.1295021999976598,4600,588800,302080,302080,3932160,5734400.0,0,0,0,"{""0.2"": 0, ""0.5"": 0, ""1.0"": 0, ""2.0"": 0, ""4.0"": 0}",0.01662132189094212,0.13977521796684242,0.9850000000000001,0.10410156250000001,100,0,0
rsr-M1024-f0.70-u,rsr,0.5,LBQCD-D04-unequal-min015-K14,unequal,concentrated,LBQCD-D04-unequal-min015-K14/concentrated,2,update,1024,0.7,400,400,1.162011899999925,4600,588800,302080,302080,3932160,5734400.0,0,0,0,"{""0.2"": 0, ""0.5"": 0, ""1.0"": 0, ""2.0"": 0, ""4.0"": 0}",0.012344229240590643,0.15708234365429813,0.9850000000000001,0.08750000000000004,100,0,0
rsr-M512-f0.70-e,rsr,0.5,LBQCD-D04-unequal-min015-K14,unequal,concentrated,LBQCD-D04-unequal-min015-K14/concentrated,0,examples,512,0.7,68,68,0.11538689999724738,404,51712,27136,27136,655360,442368.0,0,0,0,"{""0.2"": 0, ""0.5"": 0, ""1.0"": 0, ""2.0"": 0, ""4.0"": 0}",0.14826849346173931,0.6614158231584222,0.8050000000000002,0.5115234375000001,68,1,0
rsr-M512-f0.70-e,rsr,0.5,LBQCD-D04-unequal-min015-K14,unequal,concentrated,LBQCD-D04-unequal-min015-K14/concentrated,1,examples,512,0.7,68,68,0.1154341000074055,404,51712,27136,27136,655360,442368.0,0,0,0,"{""0.2"": 0, ""0.5"": 0, ""1.0"": 0, ""2.0"": 0, ""4.0"": 0}",0.11939051591711447,0.5107910509081404,0.8250000000000002,0.5734375,68,1,0
rsr-M512-f0.70-e,rsr,0.5,LBQCD-D04-unequal-min015-K14,unequal,concentrated,LBQCD-D04-unequal-min015-K14/concentrated,2,examples,512,0.7,68,68,0.13117459999921266,404,51712,27136,27136,655360,442368.0,0,0,0,"{""0.2"": 0, ""0.5"": 0, ""1.0"": 0, ""2.0"": 0, ""4.0"": 0}",0.075008462600052,0.5326083725896118,0.8050000000000002,0.46660156250000007,68,1,0
rsr-M512-f0.70-u,rsr,0.5,LBQCD-D04-unequal-min015-K14,unequal,concentrated,LBQCD-D04-unequal-min015-K14/concentrated,0,update,512,0.7,400,400,0.696649300007266,2360,302080,158720,158720,3932160,2580480.0,0,0,0,"{""0.2"": 0, ""0.5"": 0, ""1.0"": 0, ""2.0"": 0, ""4.0"": 0}",0.014557298419684894,0.15657810907251918,0.9850000000000001,0.08,100,0,0
rsr-M512-f0.70-u,rsr,0.5,LBQCD-D04-unequal-min015-K14,unequal,concentrated,LBQCD-D04-unequal-min015-K14/concentrated,1,update,512,0.7,400,400,0.7220173000096111,2360,302080,158720,158720,3932160,2580480.0,0,0,0,"{""0.2"": 0, ""0.5"": 0, ""1.0"": 0, ""2.0"": 0, ""4.0"": 0}",0.013967796138307786,0.13835982143855835,0.9850000000000001,0.09132812500000001,100,0,0
rsr-M512-f0.70-u,rsr,0.5,LBQCD-D04-unequal-min015-K14,unequal,concentrated,LBQCD-D04-unequal-min015-K14/concentrated,2,update,512,0.7,400,400,0.7806924000033177,2360,302080,158720,158720,3932160,2580480.0,0,0,0,"{""0.2"": 0, ""0.5"": 0, ""1.0"": 0, ""2.0"": 0, ""4.0"": 0}",0.018805336328211908,0.1520680320742317,0.9850000000000001,0.05687500000000002,100,0,0
paper-0.2,paper,0.2,LBQCD-D04-unequal-min015-K14,unequal,missing,LBQCD-D04-unequal-min015-K14/missing,0,update,0,0.0,400,400,0.561165399994934,400,51200,51200,51200,13107200,0.0,0,0,0,"{""0.2"": 0, ""0.5"": 0, ""1.0"": 0, ""2.0"": 0, ""4.0"": 0}",0.04710631241108576,0.21403781392701773,1.0,0.1295703125,100,0,0
paper-0.2,paper,0.2,LBQCD-D04-unequal-min015-K14,unequal,missing,LBQCD-D04-unequal-min015-K14/missing,1,update,0,0.0,400,400,0.6720956999924965,400,51200,51200,51200,13107200,0.0,0,0,0,"{""0.2"": 0, ""0.5"": 0, ""1.0"": 0, ""2.0"": 0, ""4.0"": 0}",0.007742642321715287,0.21171412753750807,1.0,0.13117187500000005,100,0,0
paper-0.2,paper,0.2,LBQCD-D04-unequal-min015-K14,unequal,missing,LBQCD-D04-unequal-min015-K14/missing,2,update,0,0.0,400,400,0.7448253000038676,400,51200,51200,51200,13107200,0.0,0,0,0,"{""0.2"": 0, ""0.5"": 0, ""1.0"": 0, ""2.0"": 0, ""4.0"": 0}",0.01861052999536117,0.30500685177293396,1.0,0.18890625,100,0,0
paper-0.5,paper,0.5,LBQCD-D04-unequal-min015-K14,unequal,missing,LBQCD-D04-unequal-min015-K14/missing,0,update,0,0.0,400,400,0.7809376999939559,400,51200,51200,51200,13107200,0.0,0,0,0,"{""0.2"": 0, ""0.5"": 0, ""1.0"": 0, ""2.0"": 0, ""4.0"": 0}",0.021600614904234483,0.13382327082586426,1.0,0.08269531249999999,100,0,0
paper-0.5,paper,0.5,LBQCD-D04-unequal-min015-K14,unequal,missing,LBQCD-D04-unequal-min015-K14/missing,1,update,0,0.0,400,400,0.793337099996279,400,51200,51200,51200,13107200,0.0,0,0,0,"{""0.2"": 0, ""0.5"": 0, ""1.0"": 0, ""2.0"": 0, ""4.0"": 0}",0.02140536489656686,0.18913490129906493,1.0,0.106484375,150,0,0
paper-0.5,paper,0.5,LBQCD-D04-unequal-min015-K14,unequal,missing,LBQCD-D04-unequal-min015-K14/missing,2,update,0,0.0,400,400,0.5181146999966586,400,51200,51200,51200,13107200,0.0,0,0,0,"{""0.2"": 0, ""0.5"": 0, ""1.0"": 0, ""2.0"": 0, ""4.0"": 0}",0.023260547257993647,0.24525455379539357,1.0,0.12499999999999999,100,0,0
paper-1,paper,1.0,LBQCD-D04-unequal-min015-K14,unequal,missing,LBQCD-D04-unequal-min015-K14/missing,0,update,0,0.0,400,400,0.691331000009086,400,51200,51200,51200,13107200,0.0,0,0,0,"{""0.2"": 0, ""0.5"": 0, ""1.0"": 0, ""2.0"": 0, ""4.0"": 0}",0.02881938668034678,0.16760031852066962,0.9850000000000001,0.17757812500000003,100,0,0
paper-1,paper,1.0,LBQCD-D04-unequal-min015-K14,unequal,missing,LBQCD-D04-unequal-min015-K14/missing,1,update,0,0.0,400,400,0.6957554000109667,400,51200,51200,51200,13107200,0.0,0,0,0,"{""0.2"": 0, ""0.5"": 0, ""1.0"": 0, ""2.0"": 0, ""4.0"": 0}",0.021608994677775772,0.23435471315190534,1.0,0.1304296875,150,0,0
paper-1,paper,1.0,LBQCD-D04-unequal-min015-K14,unequal,missing,LBQCD-D04-unequal-min015-K14/missing,2,update,0,0.0,400,400,0.5070628999965265,400,51200,51200,51200,13107200,0.0,0,0,0,"{""0.2"": 0, ""0.5"": 0, ""1.0"": 0, ""2.0"": 0, ""4.0"": 0}",0.01950718986968525,0.2251388466598498,0.9850000000000001,0.1201953125,150,0,0
paper-2,paper,2.0,LBQCD-D04-unequal-min015-K14,unequal,missing,LBQCD-D04-unequal-min015-K14/missing,0,update,0,0.0,400,400,0.6815905999974348,400,51200,51200,51200,13107200,0.0,0,0,0,"{""0.2"": 0, ""0.5"": 0, ""1.0"": 0, ""2.0"": 0, ""4.0"": 0}",0.03710649578069525,0.2075301277649252,0.9650000000000001,0.19472656250000003,150,0,0
paper-2,paper,2.0,LBQCD-D04-unequal-min015-K14,unequal,missing,LBQCD-D04-unequal-min015-K14/missing,1,update,0,0.0,400,400,0.7451020000007702,400,51200,51200,51200,13107200,0.0,0,0,0,"{""0.2"": 0, ""0.5"": 0, ""1.0"": 0, ""2.0"": 0, ""4.0"": 0}",0.023278321618271924,0.24419918379763134,0.9650000000000001,0.1941015625,200,0,0
paper-2,paper,2.0,LBQCD-D04-unequal-min015-K14,unequal,missing,LBQCD-D04-unequal-min015-K14/missing,2,update,0,0.0,400,400,0.7875365999934729,400,51200,51200,51200,13107200,0.0,0,0,0,"{""0.2"": 0, ""0.5"": 0, ""1.0"": 0, ""2.0"": 0, ""4.0"": 0}",0.02966983289591152,0.2242988197431825,0.9650000000000001,0.17402343750000004,150,0,0
paper-4,paper,4.0,LBQCD-D04-unequal-min015-K14,unequal,missing,LBQCD-D04-unequal-min015-K14/missing,0,update,0,0.0,400,400,0.5239116000011563,400,51200,51200,51200,13107200,0.0,0,0,0,"{""0.2"": 0, ""0.5"": 0, ""1.0"": 0, ""2.0"": 0, ""4.0"": 0}",0.05846926526710128,0.30667885385458266,0.9450000000000001,0.19949218750000003,300,0,0
paper-4,paper,4.0,LBQCD-D04-unequal-min015-K14,unequal,missing,LBQCD-D04-unequal-min015-K14/missing,1,update,0,0.0,400,400,0.8528775000013411,400,51200,51200,51200,13107200,0.0,0,0,0,"{""0.2"": 0, ""0.5"": 0, ""1.0"": 0, ""2.0"": 0, ""4.0"": 0}",0.08757589776823016,0.5308339086696154,0.915,0.3894140625000001,400,0,0
paper-4,paper,4.0,LBQCD-D04-unequal-min015-K14,unequal,missing,LBQCD-D04-unequal-min015-K14/missing,2,update,0,0.0,400,400,0.6781410999974469,400,51200,51200,51200,13107200,0.0,0,0,0,"{""0.2"": 0, ""0.5"": 0, ""1.0"": 0, ""2.0"": 0, ""4.0"": 0}",0.07272548038676874,0.30558146436196143,0.9450000000000001,0.1812109375,200,0,0
qld-v1,qld,0.5,LBQCD-D04-unequal-min015-K14,unequal,missing,LBQCD-D04-unequal-min015-K14/missing,0,update,0,0.7,400,400,0.29755829999339767,400,51200,51200,51200,3932160,501760.0,0,0,0,"{""0.2"": 0, ""0.5"": 0, ""1.0"": 0, ""2.0"": 0, ""4.0"": 0}",0.018659831205527944,0.16903112527275435,0.9650000000000001,0.1663671875,100,0,0
qld-v1,qld,0.5,LBQCD-D04-unequal-min015-K14,unequal,missing,LBQCD-D04-unequal-min015-K14/missing,1,update,0,0.7,400,400,0.327207800000906,400,51200,51200,51200,3932160,501760.0,0,0,0,"{""0.2"": 0, ""0.5"": 0, ""1.0"": 0, ""2.0"": 0, ""4.0"": 0}",0.014336694761002633,0.17248036509916548,0.9650000000000001,0.143359375,150,0,0
qld-v1,qld,0.5,LBQCD-D04-unequal-min015-K14,unequal,missing,LBQCD-D04-unequal-min015-K14/missing,2,update,0,0.7,400,400,0.2882116999971913,400,51200,51200,51200,3932160,501760.0,0,0,0,"{""0.2"": 0, ""0.5"": 0, ""1.0"": 0, ""2.0"": 0, ""4.0"": 0}",0.025114419569023383,0.18306321955715804,0.9850000000000001,0.12421875000000003,150,0,0
rsr-M1024-f0.70-e,rsr,0.5,LBQCD-D04-unequal-min015-K14,unequal,missing,LBQCD-D04-unequal-min015-K14/missing,0,examples,1024,0.7,35,35,0.10371569999551866,395,50560,25984,25984,360448,491520.0,0,0,0,"{""0.2"": 0, ""0.5"": 0, ""1.0"": 0, ""2.0"": 0, ""4.0"": 0}",0.9125901609270222,2.1879049011059566,0.7649999999999999,0.7947265625000001,35,1,0
rsr-M1024-f0.70-e,rsr,0.5,LBQCD-D04-unequal-min015-K14,unequal,missing,LBQCD-D04-unequal-min015-K14/missing,1,examples,1024,0.7,35,35,0.11160659999586642,395,50560,25984,25984,360448,491520.0,0,0,0,"{""0.2"": 0, ""0.5"": 0, ""1.0"": 0, ""2.0"": 0, ""4.0"": 0}",0.99833284783687,2.235530039455209,0.695,0.8048046875000002,35,1,0
rsr-M1024-f0.70-e,rsr,0.5,LBQCD-D04-unequal-min015-K14,unequal,missing,LBQCD-D04-unequal-min015-K14/missing,2,examples,1024,0.7,35,35,0.12519790000806097,395,50560,25984,25984,360448,491520.0,0,0,0,"{""0.2"": 0, ""0.5"": 0, ""1.0"": 0, ""2.0"": 0, ""4.0"": 0}",0.8310788667457727,2.263125218000819,0.7649999999999999,0.8722265625000002,35,1,0
rsr-M1024-f0.70-u,rsr,0.5,LBQCD-D04-unequal-min015-K14,unequal,missing,LBQCD-D04-unequal-min015-K14/missing,0,update,1024,0.7,400,400,1.2030604000028688,4600,588800,302080,302080,3932160,5734400.0,0,0,0,"{""0.2"": 0, ""0.5"": 0, ""1.0"": 0, ""2.0"": 0, ""4.0"": 0}",0.01656908664685197,0.15797503344665037,0.9850000000000001,0.1468359375,100,0,0
rsr-M1024-f0.70-u,rsr,0.5,LBQCD-D04-unequal-min015-K14,unequal,missing,LBQCD-D04-unequal-min015-K14/missing,1,update,1024,0.7,400,400,1.2336367000098107,4600,588800,302080,302080,3932160,5734400.0,0,0,0,"{""0.2"": 0, ""0.5"": 0, ""1.0"": 0, ""2.0"": 0, ""4.0"": 0}",0.01258856163646005,0.16076089326698345,0.9650000000000001,0.11832031250000004,150,0,0
rsr-M1024-f0.70-u,rsr,0.5,LBQCD-D04-unequal-min015-K14,unequal,missing,LBQCD-D04-unequal-min015-K14/missing,2,update,1024,0.7,400,400,1.2176446999947075,4600,588800,302080,302080,3932160,5734400.0,0,0,0,"{""0.2"": 0, ""0.5"": 0, ""1.0"": 0, ""2.0"": 0, ""4.0"": 0}",0.026705851375997014,0.1652017997709429,0.9850000000000001,0.1253515625,100,0,0
rsr-M512-f0.70-e,rsr,0.5,LBQCD-D04-unequal-min015-K14,unequal,missing,LBQCD-D04-unequal-min015-K14/missing,0,examples,512,0.7,68,68,0.11782100000709761,404,51712,27136,27136,655360,442368.0,0,0,0,"{""0.2"": 0, ""0.5"": 0, ""1.0"": 0, ""2.0"": 0, ""4.0"": 0}",0.19502135814481836,0.8315272296483277,0.825,0.4812109375,68,1,0
rsr-M512-f0.70-e,rsr,0.5,LBQCD-D04-unequal-min015-K14,unequal,missing,LBQCD-D04-unequal-min015-K14/missing,1,examples,512,0.7,68,68,0.13317780000215862,404,51712,27136,27136,655360,442368.0,0,0,0,"{""0.2"": 0, ""0.5"": 0, ""1.0"": 0, ""2.0"": 0, ""4.0"": 0}",0.20889243855535877,0.9126941185951938,0.825,0.5730078125,68,1,0
rsr-M512-f0.70-e,rsr,0.5,LBQCD-D04-unequal-min015-K14,unequal,missing,LBQCD-D04-unequal-min015-K14/missing,2,examples,512,0.7,68,68,0.13015540000924375,404,51712,27136,27136,655360,442368.0,0,0,0,"{""0.2"": 0, ""0.5"": 0, ""1.0"": 0, ""2.0"": 0, ""4.0"": 0}",0.27903197233437593,1.1502073274063966,0.825,0.542734375,68,1,0
rsr-M512-f0.70-u,rsr,0.5,LBQCD-D04-unequal-min015-K14,unequal,missing,LBQCD-D04-unequal-min015-K14/missing,0,update,512,0.7,400,400,0.7151022000034573,2360,302080,158720,158720,3932160,2580480.0,0,0,0,"{""0.2"": 0, ""0.5"": 0, ""1.0"": 0, ""2.0"": 0, ""4.0"": 0}",0.017603971482640368,0.1576091586849293,0.9850000000000001,0.1448828125,100,0,0
rsr-M512-f0.70-u,rsr,0.5,LBQCD-D04-unequal-min015-K14,unequal,missing,LBQCD-D04-unequal-min015-K14/missing,1,update,512,0.7,400,400,0.8115065000019968,2360,302080,158720,158720,3932160,2580480.0,0,0,0,"{""0.2"": 0, ""0.5"": 0, ""1.0"": 0, ""2.0"": 0, ""4.0"": 0}",0.014992074421224189,0.15729107988470706,0.9850000000000001,0.12187500000000002,150,0,0
rsr-M512-f0.70-u,rsr,0.5,LBQCD-D04-unequal-min015-K14,unequal,missing,LBQCD-D04-unequal-min015-K14/missing,2,update,512,0.7,400,400,0.7863213999953587,2360,302080,158720,158720,3932160,2580480.0,0,0,0,"{""0.2"": 0, ""0.5"": 0, ""1.0"": 0, ""2.0"": 0, ""4.0"": 0}",0.024801712974947154,0.16327244433082694,0.9850000000000001,0.12015625000000003,100,0,0
paper-0.2,paper,0.2,LBQCD-D05-unequal-min010-K18,unequal,concentrated,LBQCD-D05-unequal-min010-K18/concentrated,0,update,0,0.0,400,400,0.6509676999994554,400,51200,51200,51200,13107200,0.0,0,0,0,"{""0.2"": 0, ""0.5"": 0, ""1.0"": 0, ""2.0"": 0, ""4.0"": 0}",0.016180571878987138,0.1779518740177302,0.9999999999999999,0.08997931985294116,150,0,0
paper-0.2,paper,0.2,LBQCD-D05-unequal-min010-K18,unequal,concentrated,LBQCD-D05-unequal-min010-K18/concentrated,1,update,0,0.0,400,400,0.7515170000115177,400,51200,51200,51200,13107200,0.0,0,0,0,"{""0.2"": 0, ""0.5"": 0, ""1.0"": 0, ""2.0"": 0, ""4.0"": 0}",0.016019651292647374,0.22236443614069595,0.9999999999999999,0.08189568014705884,50,0,0
paper-0.2,paper,0.2,LBQCD-D05-unequal-min010-K18,unequal,concentrated,LBQCD-D05-unequal-min010-K18/concentrated,2,update,0,0.0,400,400,0.6865776999911759,400,51200,51200,51200,13107200,0.0,0,0,0,"{""0.2"": 0, ""0.5"": 0, ""1.0"": 0, ""2.0"": 0, ""4.0"": 0}",0.03368873670869643,0.13203234453377977,0.9999999999999999,0.08365119485294115,100,0,0
paper-0.5,paper,0.5,LBQCD-D05-unequal-min010-K18,unequal,concentrated,LBQCD-D05-unequal-min010-K18/concentrated,0,update,0,0.0,400,400,0.684741999997641,400,51200,51200,51200,13107200,0.0,0,0,0,"{""0.2"": 0, ""0.5"": 0, ""1.0"": 0, ""2.0"": 0, ""4.0"": 0}",0.015158013832336614,0.156474376923239,0.9899999999999999,0.10189568014705885,100,0,0
paper-0.5,paper,0.5,LBQCD-D05-unequal-min010-K18,unequal,concentrated,LBQCD-D05-unequal-min010-K18/concentrated,1,update,0,0.0,400,400,0.6741671000054339,400,51200,51200,51200,13107200,0.0,0,0,0,"{""0.2"": 0, ""0.5"": 0, ""1.0"": 0, ""2.0"": 0, ""4.0"": 0}",0.008199544145223392,0.14511750412547986,0.9999999999999999,0.10462775735294116,100,0,0
paper-0.5,paper,0.5,LBQCD-D05-unequal-min010-K18,unequal,concentrated,LBQCD-D05-unequal-min010-K18/concentrated,2,update,0,0.0,400,400,0.6087383999984013,400,51200,51200,51200,13107200,0.0,0,0,0,"{""0.2"": 0, ""0.5"": 0, ""1.0"": 0, ""2.0"": 0, ""4.0"": 0}",0.021825103971473858,0.11516160886431581,0.9899999999999999,0.08848345588235296,100,0,0
paper-1,paper,1.0,LBQCD-D05-unequal-min010-K18,unequal,concentrated,LBQCD-D05-unequal-min010-K18/concentrated,0,update,0,0.0,400,400,0.5957119000086095,400,51200,51200,51200,13107200,0.0,0,0,0,"{""0.2"": 0, ""0.5"": 0, ""1.0"": 0, ""2.0"": 0, ""4.0"": 0}",0.021214130323048863,0.13440084077377806,0.9899999999999999,0.11094439338235296,200,0,0
paper-1,paper,1.0,LBQCD-D05-unequal-min010-K18,unequal,concentrated,LBQCD-D05-unequal-min010-K18/concentrated,1,update,0,0.0,400,400,0.7320066999964183,400,51200,51200,51200,13107200,0.0,0,0,0,"{""0.2"": 0, ""0.5"": 0, ""1.0"": 0, ""2.0"": 0, ""4.0"": 0}",0.007969552745659136,0.1365160869206353,0.9899999999999999,0.10925091911764706,200,0,0
paper-1,paper,1.0,LBQCD-D05-unequal-min010-K18,unequal,concentrated,LBQCD-D05-unequal-min010-K18/concentrated,2,update,0,0.0,400,400,0.6406449000060093,400,51200,51200,51200,13107200,0.0,0,0,0,"{""0.2"": 0, ""0.5"": 0, ""1.0"": 0, ""2.0"": 0, ""4.0"": 0}",0.020311354468671716,0.12101001928947407,0.9899999999999999,0.11953584558823527,150,0,0
paper-2,paper,2.0,LBQCD-D05-unequal-min010-K18,unequal,concentrated,LBQCD-D05-unequal-min010-K18/concentrated,0,update,0,0.0,400,400,0.7399215000041295,400,51200,51200,51200,13107200,0.0,0,0,0,"{""0.2"": 0, ""0.5"": 0, ""1.0"": 0, ""2.0"": 0, ""4.0"": 0}",0.029230310221787015,0.13895681760043727,0.9317647058823528,0.18516314338235296,350,0,0
paper-2,paper,2.0,LBQCD-D05-unequal-min010-K18,unequal,concentrated,LBQCD-D05-unequal-min010-K18/concentrated,1,update,0,0.0,400,400,0.7681859000003897,400,51200,51200,51200,13107200,0.0,0,0,0,"{""0.2"": 0, ""0.5"": 0, ""1.0"": 0, ""2.0"": 0, ""4.0"": 0}",0.011038220487669559,0.15794570620634193,0.9317647058823528,0.23841681985294116,200,0,0
paper-2,paper,2.0,LBQCD-D05-unequal-min010-K18,unequal,concentrated,LBQCD-D05-unequal-min010-K18/concentrated,2,update,0,0.0,400,400,0.7020103999966523,400,51200,51200,51200,13107200,0.0,0,0,0,"{""0.2"": 0, ""0.5"": 0, ""1.0"": 0, ""2.0"": 0, ""4.0"": 0}",0.03387466032226438,0.1620063300097798,0.9317647058823528,0.25794806985294116,250,0,0
paper-4,paper,4.0,LBQCD-D05-unequal-min010-K18,unequal,concentrated,LBQCD-D05-unequal-min010-K18/concentrated,0,update,0,0.0,400,400,0.7222757999988971,400,51200,51200,51200,13107200,0.0,0,0,0,"{""0.2"": 0, ""0.5"": 0, ""1.0"": 0, ""2.0"": 0, ""4.0"": 0}",0.027552572874407044,0.15150140784933308,0.9317647058823528,0.22350873161764706,350,0,0
paper-4,paper,4.0,LBQCD-D05-unequal-min010-K18,unequal,concentrated,LBQCD-D05-unequal-min010-K18/concentrated,1,update,0,0.0,400,400,0.577702099995804,400,51200,51200,51200,13107200,0.0,0,0,0,"{""0.2"": 0, ""0.5"": 0, ""1.0"": 0, ""2.0"": 0, ""4.0"": 0}",0.014646536721667935,0.18540799267725863,0.9317647058823528,0.25527803308823527,350,0,0
paper-4,paper,4.0,LBQCD-D05-unequal-min010-K18,unequal,concentrated,LBQCD-D05-unequal-min010-K18/concentrated,2,update,0,0.0,400,400,0.6025519999966491,400,51200,51200,51200,13107200,0.0,0,0,0,"{""0.2"": 0, ""0.5"": 0, ""1.0"": 0, ""2.0"": 0, ""4.0"": 0}",0.0421881835043143,0.20068272914034033,0.8735294117647058,0.39759650735294116,400,1,0
qld-v1,qld,0.5,LBQCD-D05-unequal-min010-K18,unequal,concentrated,LBQCD-D05-unequal-min010-K18/concentrated,0,update,0,0.7,400,400,0.31539870001142845,400,51200,51200,51200,3932160,501760.0,0,0,0,"{""0.2"": 0, ""0.5"": 0, ""1.0"": 0, ""2.0"": 0, ""4.0"": 0}",0.013716055360304402,0.12934470828148675,0.9899999999999999,0.07974494485294115,200,0,0
qld-v1,qld,0.5,LBQCD-D05-unequal-min010-K18,unequal,concentrated,LBQCD-D05-unequal-min010-K18/concentrated,1,update,0,0.7,400,400,0.3460600999969756,400,51200,51200,51200,3932160,501760.0,0,0,0,"{""0.2"": 0, ""0.5"": 0, ""1.0"": 0, ""2.0"": 0, ""4.0"": 0}",0.011647479306552633,0.204485243900914,0.9899999999999999,0.12806525735294116,200,0,0
qld-v1,qld,0.5,LBQCD-D05-unequal-min010-K18,unequal,concentrated,LBQCD-D05-unequal-min010-K18/concentrated,2,update,0,0.7,400,400,0.3797504999965895,400,51200,51200,51200,3932160,501760.0,0,0,0,"{""0.2"": 0, ""0.5"": 0, ""1.0"": 0, ""2.0"": 0, ""4.0"": 0}",0.021234708680011316,0.12142688521383745,0.9899999999999999,0.11022748161764706,150,0,0
rsr-M1024-f0.70-e,rsr,0.5,LBQCD-D05-unequal-min010-K18,unequal,concentrated,LBQCD-D05-unequal-min010-K18/concentrated,0,examples,1024,0.7,35,35,0.0945542999979807,395,50560,25984,25984,360448,491520.0,0,0,0,"{""0.2"": 0, ""0.5"": 0, ""1.0"": 0, ""2.0"": 0, ""4.0"": 0}",0.348087455829424,0.9856648519323478,0.4658823529411764,0.940045955882353,35,1,0
rsr-M1024-f0.70-e,rsr,0.5,LBQCD-D05-unequal-min010-K18,unequal,concentrated,LBQCD-D05-unequal-min010-K18/concentrated,1,examples,1024,0.7,35,35,0.07296920000226237,395,50560,25984,25984,360448,491520.0,0,0,0,"{""0.2"": 0, ""0.5"": 0, ""1.0"": 0, ""2.0"": 0, ""4.0"": 0}",0.2792187833399904,0.8328097963850284,0.5823529411764705,0.8352941176470589,35,1,0
rsr-M1024-f0.70-e,rsr,0.5,LBQCD-D05-unequal-min010-K18,unequal,concentrated,LBQCD-D05-unequal-min010-K18/concentrated,2,examples,1024,0.7,35,35,0.09484689999953844,395,50560,25984,25984,360448,491520.0,0,0,0,"{""0.2"": 0, ""0.5"": 0, ""1.0"": 0, ""2.0"": 0, ""4.0"": 0}",0.25245662831627325,0.8190022338358952,0.5241176470588235,0.8612040441176471,35,1,0
rsr-M1024-f0.70-u,rsr,0.5,LBQCD-D05-unequal-min010-K18,unequal,concentrated,LBQCD-D05-unequal-min010-K18/concentrated,0,update,1024,0.7,400,400,1.0700844999955734,4600,588800,302080,302080,3932160,5734400.0,0,0,0,"{""0.2"": 0, ""0.5"": 0, ""1.0"": 0, ""2.0"": 0, ""4.0"": 0}",0.00906706032160498,0.16147784422847727,0.9899999999999999,0.09531939338235296,150,0,0
rsr-M1024-f0.70-u,rsr,0.5,LBQCD-D05-unequal-min010-K18,unequal,concentrated,LBQCD-D05-unequal-min010-K18/concentrated,1,update,1024,0.7,400,400,0.9947682000056375,4600,588800,302080,302080,3932160,5734400.0,0,0,0,"{""0.2"": 0, ""0.5"": 0, ""1.0"": 0, ""2.0"": 0, ""4.0"": 0}",0.011124690627625444,0.16556601466146764,0.9899999999999999,0.11582720588235296,150,0,0
rsr-M1024-f0.70-u,rsr,0.5,LBQCD-D05-unequal-min010-K18,unequal,concentrated,LBQCD-D05-unequal-min010-K18/concentrated,2,update,1024,0.7,400,400,1.0759780000080355,4600,588800,302080,302080,3932160,5734400.0,0,0,0,"{""0.2"": 0, ""0.5"": 0, ""1.0"": 0, ""2.0"": 0, ""4.0"": 0}",0.029356868505865386,0.15448896149232172,0.9899999999999999,0.11146369485294116,150,0,0
rsr-M512-f0.70-e,rsr,0.5,LBQCD-D05-unequal-min010-K18,unequal,concentrated,LBQCD-D05-unequal-min010-K18/concentrated,0,examples,512,0.7,68,68,0.10688720000325702,404,51712,27136,27136,655360,442368.0,0,0,0,"{""0.2"": 0, ""0.5"": 0, ""1.0"": 0, ""2.0"": 0, ""4.0"": 0}",0.10654462889269478,0.613631764641578,0.8152941176470587,0.7177113970588235,68,1,0
rsr-M512-f0.70-e,rsr,0.5,LBQCD-D05-unequal-min010-K18,unequal,concentrated,LBQCD-D05-unequal-min010-K18/concentrated,1,examples,512,0.7,68,68,0.10131759999785572,404,51712,27136,27136,655360,442368.0,0,0,0,"{""0.2"": 0, ""0.5"": 0, ""1.0"": 0, ""2.0"": 0, ""4.0"": 0}",0.07591597783364978,0.5637899730349856,0.8152941176470587,0.6442095588235294,68,1,0
rsr-M512-f0.70-e,rsr,0.5,LBQCD-D05-unequal-min010-K18,unequal,concentrated,LBQCD-D05-unequal-min010-K18/concentrated,2,examples,512,0.7,68,68,0.1338462999992771,404,51712,27136,27136,655360,442368.0,0,0,0,"{""0.2"": 0, ""0.5"": 0, ""1.0"": 0, ""2.0"": 0, ""4.0"": 0}",0.13253149166791012,0.5638180979129246,0.8152941176470587,0.7772817095588235,68,1,0
rsr-M512-f0.70-u,rsr,0.5,LBQCD-D05-unequal-min010-K18,unequal,concentrated,LBQCD-D05-unequal-min010-K18/concentrated,0,update,512,0.7,400,400,0.7300132000091253,2360,302080,158720,158720,3932160,2580480.0,0,0,0,"{""0.2"": 0, ""0.5"": 0, ""1.0"": 0, ""2.0"": 0, ""4.0"": 0}",0.008233062511746603,0.12393834306428303,0.9899999999999999,0.08164751838235296,150,0,0
rsr-M512-f0.70-u,rsr,0.5,LBQCD-D05-unequal-min010-K18,unequal,concentrated,LBQCD-D05-unequal-min010-K18/concentrated,1,update,512,0.7,400,400,0.6568413000059081,2360,302080,158720,158720,3932160,2580480.0,0,0,0,"{""0.2"": 0, ""0.5"": 0, ""1.0"": 0, ""2.0"": 0, ""4.0"": 0}",0.00770992051396302,0.15254840814866868,0.9899999999999999,0.10658088235294116,150,0,0
rsr-M512-f0.70-u,rsr,0.5,LBQCD-D05-unequal-min010-K18,unequal,concentrated,LBQCD-D05-unequal-min010-K18/concentrated,2,update,512,0.7,400,400,0.7102967999962857,2360,302080,158720,158720,3932160,2580480.0,0,0,0,"{""0.2"": 0, ""0.5"": 0, ""1.0"": 0, ""2.0"": 0, ""4.0"": 0}",0.026143447129227226,0.1697269603549638,0.9899999999999999,0.10508501838235296,150,0,0
paper-0.2,paper,0.2,LBQCD-D05-unequal-min010-K18,unequal,missing,LBQCD-D05-unequal-min010-K18/missing,0,update,0,0.0,400,400,0.6978068000025814,400,51200,51200,51200,13107200,0.0,0,0,0,"{""0.2"": 0, ""0.5"": 0, ""1.0"": 0, ""2.0"": 0, ""4.0"": 0}",0.008714366983845423,0.12821073429816138,0.9999999999999999,0.08091911764705884,150,0,0
paper-0.2,paper,0.2,LBQCD-D05-unequal-min010-K18,unequal,missing,LBQCD-D05-unequal-min010-K18/missing,1,update,0,0.0,400,400,0.7146259999863105,400,51200,51200,51200,13107200,0.0,0,0,0,"{""0.2"": 0, ""0.5"": 0, ""1.0"": 0, ""2.0"": 0, ""4.0"": 0}",0.012458742254102706,0.24392930383746758,0.9999999999999999,0.12441865808823527,150,0,0
paper-0.2,paper,0.2,LBQCD-D05-unequal-min010-K18,unequal,missing,LBQCD-D05-unequal-min010-K18/missing,2,update,0,0.0,400,400,0.8148877999919932,400,51200,51200,51200,13107200,0.0,0,0,0,"{""0.2"": 0, ""0.5"": 0, ""1.0"": 0, ""2.0"": 0, ""4.0"": 0}",0.024504813999870034,0.20621181092189306,0.9999999999999999,0.11341681985294116,100,0,0
paper-0.5,paper,0.5,LBQCD-D05-unequal-min010-K18,unequal,missing,LBQCD-D05-unequal-min010-K18/missing,0,update,0,0.0,400,400,0.91625500000373,400,51200,51200,51200,13107200,0.0,0,0,0,"{""0.2"": 0, ""0.5"": 0, ""1.0"": 0, ""2.0"": 0, ""4.0"": 0}",0.009410876881835506,0.15669837830591424,0.9999999999999999,0.07948529411764704,150,0,0
paper-0.5,paper,0.5,LBQCD-D05-unequal-min010-K18,unequal,missing,LBQCD-D05-unequal-min010-K18/missing,1,update,0,0.0,400,400,0.8159995000023628,400,51200,51200,51200,13107200,0.0,0,0,0,"{""0.2"": 0, ""0.5"": 0, ""1.0"": 0, ""2.0"": 0, ""4.0"": 0}",0.005584517303092618,0.19829798008457236,0.9999999999999999,0.07917509191176475,150,0,0
paper-0.5,paper,0.5,LBQCD-D05-unequal-min010-K18,unequal,missing,LBQCD-D05-unequal-min010-K18/missing,2,update,0,0.0,400,400,0.6424955999973463,400,51200,51200,51200,13107200,0.0,0,0,0,"{""0.2"": 0, ""0.5"": 0, ""1.0"": 0, ""2.0"": 0, ""4.0"": 0}",0.008322446928958893,0.12422762656489292,0.9999999999999999,0.08653033088235296,100,0,0
paper-1,paper,1.0,LBQCD-D05-unequal-min010-K18,unequal,missing,LBQCD-D05-unequal-min010-K18/missing,0,update,0,0.0,400,400,0.7519441000040388,400,51200,51200,51200,13107200,0.0,0,0,0,"{""0.2"": 0, ""0.5"": 0, ""1.0"": 0, ""2.0"": 0, ""4.0"": 0}",0.009774297134544696,0.17474037282684776,0.9999999999999999,0.14517463235294115,150,0,0
paper-1,paper,1.0,LBQCD-D05-unequal-min010-K18,unequal,missing,LBQCD-D05-unequal-min010-K18/missing,1,update,0,0.0,400,400,0.8222577999986243,400,51200,51200,51200,13107200,0.0,0,0,0,"{""0.2"": 0, ""0.5"": 0, ""1.0"": 0, ""2.0"": 0, ""4.0"": 0}",0.01140849251565923,0.1869083883759178,0.9999999999999999,0.13052619485294115,200,0,0
paper-1,paper,1.0,LBQCD-D05-unequal-min010-K18,unequal,missing,LBQCD-D05-unequal-min010-K18/missing,2,update,0,0.0,400,400,0.6555426999984775,400,51200,51200,51200,13107200,0.0,0,0,0,"{""0.2"": 0, ""0.5"": 0, ""1.0"": 0, ""2.0"": 0, ""4.0"": 0}",0.00822005720413621,0.1840423577365383,0.9999999999999999,0.11536994485294116,150,0,0
paper-2,paper,2.0,LBQCD-D05-unequal-min010-K18,unequal,missing,LBQCD-D05-unequal-min010-K18/missing,0,update,0,0.0,400,400,0.8334631000034278,400,51200,51200,51200,13107200,0.0,0,0,0,"{""0.2"": 0, ""0.5"": 0, ""1.0"": 0, ""2.0"": 0, ""4.0"": 0}",0.015090478064907487,0.19364222315623797,0.9999999999999999,0.20038143382352935,300,0,0
paper-2,paper,2.0,LBQCD-D05-unequal-min010-K18,unequal,missing,LBQCD-D05-unequal-min010-K18/missing,1,update,0,0.0,400,400,0.8031300000002375,400,51200,51200,51200,13107200,0.0,0,0,0,"{""0.2"": 0, ""0.5"": 0, ""1.0"": 0, ""2.0"": 0, ""4.0"": 0}",0.012908227225561841,0.23157565688540493,0.9417647058823528,0.23430147058823525,400,0,0
paper-2,paper,2.0,LBQCD-D05-unequal-min010-K18,unequal,missing,LBQCD-D05-unequal-min010-K18/missing,2,update,0,0.0,400,400,0.6704520000057528,400,51200,51200,51200,13107200,0.0,0,0,0,"{""0.2"": 0, ""0.5"": 0, ""1.0"": 0, ""2.0"": 0, ""4.0"": 0}",0.016252317568358876,0.2233345334559467,0.9999999999999999,0.21959099264705884,250,0,0
paper-4,paper,4.0,LBQCD-D05-unequal-min010-K18,unequal,missing,LBQCD-D05-unequal-min010-K18/missing,0,update,0,0.0,400,400,0.7122478999954183,400,51200,51200,51200,13107200,0.0,0,0,0,"{""0.2"": 0, ""0.5"": 0, ""1.0"": 0, ""2.0"": 0, ""4.0"": 0}",0.05387121421298513,0.31408041236260126,0.8835294117647058,0.37056295955882346,400,1,0
paper-4,paper,4.0,LBQCD-D05-unequal-min010-K18,unequal,missing,LBQCD-D05-unequal-min010-K18/missing,1,update,0,0.0,400,400,0.6957037999964086,400,51200,51200,51200,13107200,0.0,0,0,0,"{""0.2"": 0, ""0.5"": 0, ""1.0"": 0, ""2.0"": 0, ""4.0"": 0}",0.03909367031193778,0.36337360625046883,0.8835294117647058,0.39152803308823525,400,1,0
paper-4,paper,4.0,LBQCD-D05-unequal-min010-K18,unequal,missing,LBQCD-D05-unequal-min010-K18/missing,2,update,0,0.0,400,400,0.6984802999941166,400,51200,51200,51200,13107200,0.0,0,0,0,"{""0.2"": 0, ""0.5"": 0, ""1.0"": 0, ""2.0"": 0, ""4.0"": 0}",0.08016348377407745,0.5294185306714295,0.8835294117647058,0.41301240808823525,400,1,0
qld-v1,qld,0.5,LBQCD-D05-unequal-min010-K18,unequal,missing,LBQCD-D05-unequal-min010-K18/missing,0,update,0,0.7,400,400,0.30407229998672847,400,51200,51200,51200,3932160,501760.0,0,0,0,"{""0.2"": 0, ""0.5"": 0, ""1.0"": 0, ""2.0"": 0, ""4.0"": 0}",0.022387703726780117,0.17676265556671283,0.9999999999999999,0.20988740808823525,250,0,0
qld-v1,qld,0.5,LBQCD-D05-unequal-min010-K18,unequal,missing,LBQCD-D05-unequal-min010-K18/missing,1,update,0,0.7,400,400,0.3178522999951383,400,51200,51200,51200,3932160,501760.0,0,0,0,"{""0.2"": 0, ""0.5"": 0, ""1.0"": 0, ""2.0"": 0, ""4.0"": 0}",0.02657261188729665,0.37527593280107074,0.9417647058823528,0.28071920955882346,300,0,0
qld-v1,qld,0.5,LBQCD-D05-unequal-min010-K18,unequal,missing,LBQCD-D05-unequal-min010-K18/missing,2,update,0,0.7,400,400,0.3011586999928113,400,51200,51200,51200,3932160,501760.0,0,0,0,"{""0.2"": 0, ""0.5"": 0, ""1.0"": 0, ""2.0"": 0, ""4.0"": 0}",0.013071855907169638,0.231979567382673,0.9417647058823528,0.26210248161764704,250,0,0
rsr-M1024-f0.70-e,rsr,0.5,LBQCD-D05-unequal-min010-K18,unequal,missing,LBQCD-D05-unequal-min010-K18/missing,0,examples,1024,0.7,35,35,0.10794549999991432,395,50560,25984,25984,360448,491520.0,0,0,0,"{""0.2"": 0, ""0.5"": 0, ""1.0"": 0, ""2.0"": 0, ""4.0"": 0}",3.15846182411091,4.351854580076944,0.41764705882352937,1.1908754595588231,35,1,0
rsr-M1024-f0.70-e,rsr,0.5,LBQCD-D05-unequal-min010-K18,unequal,missing,LBQCD-D05-unequal-min010-K18/missing,1,examples,1024,0.7,35,35,0.08344220000435598,395,50560,25984,25984,360448,491520.0,0,0,0,"{""0.2"": 0, ""0.5"": 0, ""1.0"": 0, ""2.0"": 0, ""4.0"": 0}",3.73188740364003,4.601727263945809,0.41764705882352937,1.2604710477941174,35,1,0
rsr-M1024-f0.70-e,rsr,0.5,LBQCD-D05-unequal-min010-K18,unequal,missing,LBQCD-D05-unequal-min010-K18/missing,2,examples,1024,0.7,35,35,0.07990740000968799,395,50560,25984,25984,360448,491520.0,0,0,0,"{""0.2"": 0, ""0.5"": 0, ""1.0"": 0, ""2.0"": 0, ""4.0"": 0}",3.4958283581918415,4.55340495575337,0.4758823529411764,1.1869692095588231,35,1,0
rsr-M1024-f0.70-u,rsr,0.5,LBQCD-D05-unequal-min010-K18,unequal,missing,LBQCD-D05-unequal-min010-K18/missing,0,update,1024,0.7,400,400,0.9937501999957021,4600,588800,302080,302080,3932160,5734400.0,0,0,0,"{""0.2"": 0, ""0.5"": 0, ""1.0"": 0, ""2.0"": 0, ""4.0"": 0}",0.027372299918043907,0.19057454556269302,0.9999999999999999,0.16496553308823525,200,0,0
rsr-M1024-f0.70-u,rsr,0.5,LBQCD-D05-unequal-min010-K18,unequal,missing,LBQCD-D05-unequal-min010-K18/missing,1,update,1024,0.7,400,400,0.9861144000024069,4600,588800,302080,302080,3932160,5734400.0,0,0,0,"{""0.2"": 0, ""0.5"": 0, ""1.0"": 0, ""2.0"": 0, ""4.0"": 0}",0.010934615831052152,0.14668752707021404,0.9417647058823528,0.24797334558823525,200,0,0
rsr-M1024-f0.70-u,rsr,0.5,LBQCD-D05-unequal-min010-K18,unequal,missing,LBQCD-D05-unequal-min010-K18/missing,2,update,1024,0.7,400,400,1.0806786000030115,4600,588800,302080,302080,3932160,5734400.0,0,0,0,"{""0.2"": 0, ""0.5"": 0, ""1.0"": 0, ""2.0"": 0, ""4.0"": 0}",0.006968509763721986,0.1601687535783399,0.9999999999999999,0.18619025735294115,200,0,0
rsr-M512-f0.70-e,rsr,0.5,LBQCD-D05-unequal-min010-K18,unequal,missing,LBQCD-D05-unequal-min010-K18/missing,0,examples,512,0.7,68,68,0.09598840000398923,404,51712,27136,27136,655360,442368.0,0,0,0,"{""0.2"": 0, ""0.5"": 0, ""1.0"": 0, ""2.0"": 0, ""4.0"": 0}",1.2674568071227155,2.7457466838297853,0.6505882352941176,0.9025298713235294,68,1,0
rsr-M512-f0.70-e,rsr,0.5,LBQCD-D05-unequal-min010-K18,unequal,missing,LBQCD-D05-unequal-min010-K18/missing,1,examples,512,0.7,68,68,0.12890750000951812,404,51712,27136,27136,655360,442368.0,0,0,0,"{""0.2"": 0, ""0.5"": 0, ""1.0"": 0, ""2.0"": 0, ""4.0"": 0}",1.830066787038668,2.9337873585436647,0.5341176470588235,0.9305905330882352,68,1,0
rsr-M512-f0.70-e,rsr,0.5,LBQCD-D05-unequal-min010-K18,unequal,missing,LBQCD-D05-unequal-min010-K18/missing,2,examples,512,0.7,68,68,0.11175890000595246,404,51712,27136,27136,655360,442368.0,0,0,0,"{""0.2"": 0, ""0.5"": 0, ""1.0"": 0, ""2.0"": 0, ""4.0"": 0}",1.8266303991845327,3.1661106698409736,0.5923529411764705,0.9555238970588235,68,1,0
rsr-M512-f0.70-u,rsr,0.5,LBQCD-D05-unequal-min010-K18,unequal,missing,LBQCD-D05-unequal-min010-K18/missing,0,update,512,0.7,400,400,0.7362863999878755,2360,302080,158720,158720,3932160,2580480.0,0,0,0,"{""0.2"": 0, ""0.5"": 0, ""1.0"": 0, ""2.0"": 0, ""4.0"": 0}",0.035628807073148305,0.20413585307269086,0.9999999999999999,0.14979779411764704,200,0,0
rsr-M512-f0.70-u,rsr,0.5,LBQCD-D05-unequal-min010-K18,unequal,missing,LBQCD-D05-unequal-min010-K18/missing,1,update,512,0.7,400,400,0.6955994000018109,2360,302080,158720,158720,3932160,2580480.0,0,0,0,"{""0.2"": 0, ""0.5"": 0, ""1.0"": 0, ""2.0"": 0, ""4.0"": 0}",0.01014585687913927,0.16897829273027862,0.9417647058823528,0.22381893382352935,250,0,0
rsr-M512-f0.70-u,rsr,0.5,LBQCD-D05-unequal-min010-K18,unequal,missing,LBQCD-D05-unequal-min010-K18/missing,2,update,512,0.7,400,400,0.6079361000010977,2360,302080,158720,158720,3932160,2580480.0,0,0,0,"{""0.2"": 0, ""0.5"": 0, ""1.0"": 0, ""2.0"": 0, ""4.0"": 0}",0.00874886865519553,0.1544821992803167,0.9417647058823528,0.19543658088235294,250,0,0
paper-0.2,paper,0.2,LBQCD-D06-unequal-min005-K20,unequal,concentrated,LBQCD-D06-unequal-min005-K20/concentrated,0,update,0,0.0,400,400,0.6768561000062618,400,51200,51200,51200,13107200,0.0,0,0,0,"{""0.2"": 0, ""0.5"": 0, ""1.0"": 0, ""2.0"": 0, ""4.0"": 0}",0.05929074439476789,0.39116736711750744,0.9950000000000003,0.15307154605263154,350,0,0
paper-0.2,paper,0.2,LBQCD-D06-unequal-min005-K20,unequal,concentrated,LBQCD-D06-unequal-min005-K20/concentrated,1,update,0,0.0,400,400,0.5218304000009084,400,51200,51200,51200,13107200,0.0,0,0,0,"{""0.2"": 0, ""0.5"": 0, ""1.0"": 0, ""2.0"": 0, ""4.0"": 0}",0.026500984220253265,0.17086470039058219,1.0000000000000002,0.09253495065789481,100,0,0
paper-0.2,paper,0.2,LBQCD-D06-unequal-min005-K20,unequal,concentrated,LBQCD-D06-unequal-min005-K20/concentrated,2,update,0,0.0,400,400,0.6380662000010489,400,51200,51200,51200,13107200,0.0,0,0,0,"{""0.2"": 0, ""0.5"": 0, ""1.0"": 0, ""2.0"": 0, ""4.0"": 0}",0.011171431450746283,0.1875510397785809,0.9950000000000003,0.08324629934210519,200,0,0
paper-0.5,paper,0.5,LBQCD-D06-unequal-min005-K20,unequal,concentrated,LBQCD-D06-unequal-min005-K20/concentrated,0,update,0,0.0,400,400,0.7606097000098089,400,51200,51200,51200,13107200,0.0,0,0,0,"{""0.2"": 0, ""0.5"": 0, ""1.0"": 0, ""2.0"": 0, ""4.0"": 0}",0.01795032102046079,0.2072948772681891,0.9950000000000003,0.085931332236842,150,0,0
paper-0.5,paper,0.5,LBQCD-D06-unequal-min005-K20,unequal,concentrated,LBQCD-D06-unequal-min005-K20/concentrated,1,update,0,0.0,400,400,0.6229011999967042,400,51200,51200,51200,13107200,0.0,0,0,0,"{""0.2"": 0, ""0.5"": 0, ""1.0"": 0, ""2.0"": 0, ""4.0"": 0}",0.011511567228791542,0.19120018820990814,0.9950000000000003,0.10230057565789481,250,0,0
paper-0.5,paper,0.5,LBQCD-D06-unequal-min005-K20,unequal,concentrated,LBQCD-D06-unequal-min005-K20/concentrated,2,update,0,0.0,400,400,0.473093600012362,400,51200,51200,51200,13107200,0.0,0,0,0,"{""0.2"": 0, ""0.5"": 0, ""1.0"": 0, ""2.0"": 0, ""4.0"": 0}",0.01011914958210447,0.1891409726784204,0.9950000000000003,0.07275904605263163,250,0,0
paper-1,paper,1.0,LBQCD-D06-unequal-min005-K20,unequal,concentrated,LBQCD-D06-unequal-min005-K20/concentrated,0,update,0,0.0,400,400,0.6918759999971371,400,51200,51200,51200,13107200,0.0,0,0,0,"{""0.2"": 0, ""0.5"": 0, ""1.0"": 0, ""2.0"": 0, ""4.0"": 0}",0.01616510454202924,0.20003554359105807,0.9950000000000003,0.07982935855263155,250,0,0
paper-1,paper,1.0,LBQCD-D06-unequal-min005-K20,unequal,concentrated,LBQCD-D06-unequal-min005-K20/concentrated,1,update,0,0.0,400,400,0.6628026999969734,400,51200,51200,51200,13107200,0.0,0,0,0,"{""0.2"": 0, ""0.5"": 0, ""1.0"": 0, ""2.0"": 0, ""4.0"": 0}",0.009383068393584715,0.24718010664305412,0.9950000000000003,0.16381373355263154,200,0,0
paper-1,paper,1.0,LBQCD-D06-unequal-min005-K20,unequal,concentrated,LBQCD-D06-unequal-min005-K20/concentrated,2,update,0,0.0,400,400,0.7206196000042837,400,51200,51200,51200,13107200,0.0,0,0,0,"{""0.2"": 0, ""0.5"": 0, ""1.0"": 0, ""2.0"": 0, ""4.0"": 0}",0.012112734551344317,0.21257787009791124,0.9950000000000003,0.10253495065789474,200,0,0
paper-2,paper,2.0,LBQCD-D06-unequal-min005-K20,unequal,concentrated,LBQCD-D06-unequal-min005-K20/concentrated,0,update,0,0.0,400,400,0.79040040000109,400,51200,51200,51200,13107200,0.0,0,0,0,"{""0.2"": 0, ""0.5"": 0, ""1.0"": 0, ""2.0"": 0, ""4.0"": 0}",0.012206853177580967,0.192127959212583,0.9426315789473687,0.18505345394736836,350,0,0
paper-2,paper,2.0,LBQCD-D06-unequal-min005-K20,unequal,concentrated,LBQCD-D06-unequal-min005-K20/concentrated,1,update,0,0.0,400,400,0.7046816000074614,400,51200,51200,51200,13107200,0.0,0,0,0,"{""0.2"": 0, ""0.5"": 0, ""1.0"": 0, ""2.0"": 0, ""4.0"": 0}",0.01791843193385212,0.2939589618191558,0.8902631578947371,0.31225123355263157,400,1,0
paper-2,paper,2.0,LBQCD-D06-unequal-min005-K20,unequal,concentrated,LBQCD-D06-unequal-min005-K20/concentrated,2,update,0,0.0,400,400,0.6087996999995084,400,51200,51200,51200,13107200,0.0,0,0,0,"{""0.2"": 0, ""0.5"": 0, ""1.0"": 0, ""2.0"": 0, ""4.0"": 0}",0.01887252901654346,0.2749292684703124,0.9426315789473687,0.22851151315789472,400,1,0
paper-4,paper,4.0,LBQCD-D06-unequal-min005-K20,unequal,concentrated,LBQCD-D06-unequal-min005-K20/concentrated,0,update,0,0.0,400,400,0.7546884000039427,400,51200,51200,51200,13107200,0.0,0,0,0,"{""0.2"": 0, ""0.5"": 0, ""1.0"": 0, ""2.0"": 0, ""4.0"": 0}",0.018904353330176704,0.24549481897560965,0.8378947368421055,0.27904810855263157,400,1,0
paper-4,paper,4.0,LBQCD-D06-unequal-min005-K20,unequal,concentrated,LBQCD-D06-unequal-min005-K20/concentrated,1,update,0,0.0,400,400,0.5011213999969186,400,51200,51200,51200,13107200,0.0,0,0,0,"{""0.2"": 0, ""0.5"": 0, ""1.0"": 0, ""2.0"": 0, ""4.0"": 0}",0.02987538179143634,0.31956351284121276,0.8378947368421055,0.3906208881578947,400,1,0
paper-4,paper,4.0,LBQCD-D06-unequal-min005-K20,unequal,concentrated,LBQCD-D06-unequal-min005-K20/concentrated,2,update,0,0.0,400,400,0.6839838000014424,400,51200,51200,51200,13107200,0.0,0,0,0,"{""0.2"": 0, ""0.5"": 0, ""1.0"": 0, ""2.0"": 0, ""4.0"": 0}",0.036381516492232535,0.3469192908334431,0.8378947368421055,0.3532689144736843,400,1,0
qld-v1,qld,0.5,LBQCD-D06-unequal-min005-K20,unequal,concentrated,LBQCD-D06-unequal-min005-K20/concentrated,0,update,0,0.7,400,400,0.33129810000536963,400,51200,51200,51200,3932160,501760.0,0,0,0,"{""0.2"": 0, ""0.5"": 0, ""1.0"": 0, ""2.0"": 0, ""4.0"": 0}",0.012073319567485363,0.17032513866035423,0.9426315789473687,0.12792557565789472,200,0,0
qld-v1,qld,0.5,LBQCD-D06-unequal-min005-K20,unequal,concentrated,LBQCD-D06-unequal-min005-K20/concentrated,1,update,0,0.7,400,400,0.41434240000671707,400,51200,51200,51200,3932160,501760.0,0,0,0,"{""0.2"": 0, ""0.5"": 0, ""1.0"": 0, ""2.0"": 0, ""4.0"": 0}",0.014839249313983949,0.2208138121705555,0.9426315789473687,0.20116776315789472,350,0,0
qld-v1,qld,0.5,LBQCD-D06-unequal-min005-K20,unequal,concentrated,LBQCD-D06-unequal-min005-K20/concentrated,2,update,0,0.7,400,400,0.3614512000058312,400,51200,51200,51200,3932160,501760.0,0,0,0,"{""0.2"": 0, ""0.5"": 0, ""1.0"": 0, ""2.0"": 0, ""4.0"": 0}",0.013757071999528137,0.21587016966377875,0.9426315789473687,0.19921463815789472,400,1,0
rsr-M1024-f0.70-e,rsr,0.5,LBQCD-D06-unequal-min005-K20,unequal,concentrated,LBQCD-D06-unequal-min005-K20/concentrated,0,examples,1024,0.7,35,35,0.10666189999028575,395,50560,25984,25984,360448,491520.0,0,0,0,"{""0.2"": 0, ""0.5"": 0, ""1.0"": 0, ""2.0"": 0, ""4.0"": 0}",0.8299810140272017,1.993531668620671,0.3665789473684212,1.215084292763158,35,1,0
rsr-M1024-f0.70-e,rsr,0.5,LBQCD-D06-unequal-min005-K20,unequal,concentrated,LBQCD-D06-unequal-min005-K20/concentrated,1,examples,1024,0.7,35,35,0.10583899999619462,395,50560,25984,25984,360448,491520.0,0,0,0,"{""0.2"": 0, ""0.5"": 0, ""1.0"": 0, ""2.0"": 0, ""4.0"": 0}",0.6874670972025534,1.806546696703612,0.41894736842105273,1.1621052631578948,35,1,0
rsr-M1024-f0.70-e,rsr,0.5,LBQCD-D06-unequal-min005-K20,unequal,concentrated,LBQCD-D06-unequal-min005-K20/concentrated,2,examples,1024,0.7,35,35,0.10202389999176376,395,50560,25984,25984,360448,491520.0,0,0,0,"{""0.2"": 0, ""0.5"": 0, ""1.0"": 0, ""2.0"": 0, ""4.0"": 0}",0.7891153965930098,1.9309702561310758,0.3665789473684212,1.1621052631578948,35,1,0
rsr-M1024-f0.70-u,rsr,0.5,LBQCD-D06-unequal-min005-K20,unequal,concentrated,LBQCD-D06-unequal-min005-K20/concentrated,0,update,1024,0.7,400,400,1.1006130000023404,4600,588800,302080,302080,3932160,5734400.0,0,0,0,"{""0.2"": 0, ""0.5"": 0, ""1.0"": 0, ""2.0"": 0, ""4.0"": 0}",0.01633846646487669,0.1953303890712814,0.9950000000000003,0.11937911184210519,200,0,0
rsr-M1024-f0.70-u,rsr,0.5,LBQCD-D06-unequal-min005-K20,unequal,concentrated,LBQCD-D06-unequal-min005-K20/concentrated,1,update,1024,0.7,400,400,1.124013400010881,4600,588800,302080,302080,3932160,5734400.0,0,0,0,"{""0.2"": 0, ""0.5"": 0, ""1.0"": 0, ""2.0"": 0, ""4.0"": 0}",0.01218010323466956,0.29852146851619815,0.9950000000000003,0.17968338815789472,200,0,0
rsr-M1024-f0.70-u,rsr,0.5,LBQCD-D06-unequal-min005-K20,unequal,concentrated,LBQCD-D06-unequal-min005-K20/concentrated,2,update,1024,0.7,400,400,1.1517489999969257,4600,588800,302080,302080,3932160,5734400.0,0,0,0,"{""0.2"": 0, ""0.5"": 0, ""1.0"": 0, ""2.0"": 0, ""4.0"": 0}",0.011107383354820755,0.18987602822455926,0.9950000000000003,0.09960526315789474,200,0,0
rsr-M512-f0.70-e,rsr,0.5,LBQCD-D06-unequal-min005-K20,unequal,concentrated,LBQCD-D06-unequal-min005-K20/concentrated,0,examples,512,0.7,68,68,0.09465419998741709,404,51712,27136,27136,655360,442368.0,0,0,0,"{""0.2"": 0, ""0.5"": 0, ""1.0"": 0, ""2.0"": 0, ""4.0"": 0}",0.14790378010784266,0.8315042983316677,0.6284210526315792,0.8786595394736844,68,1,0
rsr-M512-f0.70-e,rsr,0.5,LBQCD-D06-unequal-min005-K20,unequal,concentrated,LBQCD-D06-unequal-min005-K20/concentrated,1,examples,512,0.7,68,68,0.12046549998922274,404,51712,27136,27136,655360,442368.0,0,0,0,"{""0.2"": 0, ""0.5"": 0, ""1.0"": 0, ""2.0"": 0, ""4.0"": 0}",0.1920730474142074,0.8877148935371203,0.6807894736842108,0.8132298519736844,68,1,0
rsr-M512-f0.70-e,rsr,0.5,LBQCD-D06-unequal-min005-K20,unequal,concentrated,LBQCD-D06-unequal-min005-K20/concentrated,2,examples,512,0.7,68,68,0.13605659999302588,404,51712,27136,27136,655360,442368.0,0,0,0,"{""0.2"": 0, ""0.5"": 0, ""1.0"": 0, ""2.0"": 0, ""4.0"": 0}",0.13725013119355545,0.7811294708469148,0.6807894736842108,0.8012664473684211,68,1,0
rsr-M512-f0.70-u,rsr,0.5,LBQCD-D06-unequal-min005-K20,unequal,concentrated,LBQCD-D06-unequal-min005-K20/concentrated,0,update,512,0.7,400,400,0.6408181000006152,2360,302080,158720,158720,3932160,2580480.0,0,0,0,"{""0.2"": 0, ""0.5"": 0, ""1.0"": 0, ""2.0"": 0, ""4.0"": 0}",0.016479391767035168,0.17678563991551263,0.9950000000000003,0.10229029605263155,200,0,0
rsr-M512-f0.70-u,rsr,0.5,LBQCD-D06-unequal-min005-K20,unequal,concentrated,LBQCD-D06-unequal-min005-K20/concentrated,1,update,512,0.7,400,400,0.6431669000012334,2360,302080,158720,158720,3932160,2580480.0,0,0,0,"{""0.2"": 0, ""0.5"": 0, ""1.0"": 0, ""2.0"": 0, ""4.0"": 0}",0.010524635771391289,0.27031519353258543,0.9426315789473687,0.19433182565789472,200,0,0
rsr-M512-f0.70-u,rsr,0.5,LBQCD-D06-unequal-min005-K20,unequal,concentrated,LBQCD-D06-unequal-min005-K20/concentrated,2,update,512,0.7,400,400,0.6835195000021486,2360,302080,158720,158720,3932160,2580480.0,0,0,0,"{""0.2"": 0, ""0.5"": 0, ""1.0"": 0, ""2.0"": 0, ""4.0"": 0}",0.01379469957647217,0.2068422375361442,0.9950000000000003,0.13769120065789472,250,0,0
paper-0.2,paper,0.2,LBQCD-D06-unequal-min005-K20,unequal,missing,LBQCD-D06-unequal-min005-K20/missing,0,update,0,0.0,400,400,0.642584999994142,400,51200,51200,51200,13107200,0.0,0,0,0,"{""0.2"": 0, ""0.5"": 0, ""1.0"": 0, ""2.0"": 0, ""4.0"": 0}",0.016963625531068338,0.29054228453753334,0.9950000000000003,0.14916529605263154,200,0,0
paper-0.2,paper,0.2,LBQCD-D06-unequal-min005-K20,unequal,missing,LBQCD-D06-unequal-min005-K20/missing,1,update,0,0.0,400,400,0.6497749999980442,400,51200,51200,51200,13107200,0.0,0,0,0,"{""0.2"": 0, ""0.5"": 0, ""1.0"": 0, ""2.0"": 0, ""4.0"": 0}",0.07127933059264357,0.25329999011714066,0.9950000000000003,0.10253495065789474,200,0,0
paper-0.2,paper,0.2,LBQCD-D06-unequal-min005-K20,unequal,missing,LBQCD-D06-unequal-min005-K20/missing,2,update,0,0.0,400,400,0.7540067000081763,400,51200,51200,51200,13107200,0.0,0,0,0,"{""0.2"": 0, ""0.5"": 0, ""1.0"": 0, ""2.0"": 0, ""4.0"": 0}",0.010666959818841804,0.21034206177859718,0.9950000000000003,0.11669407894736837,400,1,0
paper-0.5,paper,0.5,LBQCD-D06-unequal-min005-K20,unequal,missing,LBQCD-D06-unequal-min005-K20/missing,0,update,0,0.0,400,400,0.8675189999921713,400,51200,51200,51200,13107200,0.0,0,0,0,"{""0.2"": 0, ""0.5"": 0, ""1.0"": 0, ""2.0"": 0, ""4.0"": 0}",0.05809992968400568,0.3317156768107284,0.9950000000000003,0.091790707236842,250,0,0
paper-0.5,paper,0.5,LBQCD-D06-unequal-min005-K20,unequal,missing,LBQCD-D06-unequal-min005-K20/missing,1,update,0,0.0,400,400,0.8663243999908445,400,51200,51200,51200,13107200,0.0,0,0,0,"{""0.2"": 0, ""0.5"": 0, ""1.0"": 0, ""2.0"": 0, ""4.0"": 0}",0.09817676246610763,0.430667742445353,0.9950000000000003,0.133795230263158,300,0,0
paper-0.5,paper,0.5,LBQCD-D06-unequal-min005-K20,unequal,missing,LBQCD-D06-unequal-min005-K20/missing,2,update,0,0.0,400,400,0.633362099993974,400,51200,51200,51200,13107200,0.0,0,0,0,"{""0.2"": 0, ""0.5"": 0, ""1.0"": 0, ""2.0"": 0, ""4.0"": 0}",0.023267939800144077,0.21042371970580534,0.9950000000000003,0.05175370065789474,200,0,0
paper-1,paper,1.0,LBQCD-D06-unequal-min005-K20,unequal,missing,LBQCD-D06-unequal-min005-K20/missing,0,update,0,0.0,400,400,0.568316999997478,400,51200,51200,51200,13107200,0.0,0,0,0,"{""0.2"": 0, ""0.5"": 0, ""1.0"": 0, ""2.0"": 0, ""4.0"": 0}",0.08323067214384317,0.36369832704107025,0.9950000000000003,0.13451685855263154,300,0,0
paper-1,paper,1.0,LBQCD-D06-unequal-min005-K20,unequal,missing,LBQCD-D06-unequal-min005-K20/missing,1,update,0,0.0,400,400,0.5978826000064146,400,51200,51200,51200,13107200,0.0,0,0,0,"{""0.2"": 0, ""0.5"": 0, ""1.0"": 0, ""2.0"": 0, ""4.0"": 0}",0.07826519825957767,0.37482043268445764,0.9950000000000003,0.12011307565789474,400,1,0
paper-1,paper,1.0,LBQCD-D06-unequal-min005-K20,unequal,missing,LBQCD-D06-unequal-min005-K20/missing,2,update,0,0.0,400,400,0.7482036000001244,400,51200,51200,51200,13107200,0.0,0,0,0,"{""0.2"": 0, ""0.5"": 0, ""1.0"": 0, ""2.0"": 0, ""4.0"": 0}",0.039564507955702766,0.3181821254204214,0.9950000000000003,0.09838404605263155,200,0,0
paper-2,paper,2.0,LBQCD-D06-unequal-min005-K20,unequal,missing,LBQCD-D06-unequal-min005-K20/missing,0,update,0,0.0,400,400,0.9228213999886066,400,51200,51200,51200,13107200,0.0,0,0,0,"{""0.2"": 0, ""0.5"": 0, ""1.0"": 0, ""2.0"": 0, ""4.0"": 0}",0.08717061139554882,0.39000003575905756,0.9426315789473687,0.26146998355263157,400,1,0
paper-2,paper,2.0,LBQCD-D06-unequal-min005-K20,unequal,missing,LBQCD-D06-unequal-min005-K20/missing,1,update,0,0.0,400,400,0.7706218999956036,400,51200,51200,51200,13107200,0.0,0,0,0,"{""0.2"": 0, ""0.5"": 0, ""1.0"": 0, ""2.0"": 0, ""4.0"": 0}",0.07231230523635013,0.3848433344253374,0.9950000000000003,0.2004358552631579,400,0,0
paper-2,paper,2.0,LBQCD-D06-unequal-min005-K20,unequal,missing,LBQCD-D06-unequal-min005-K20/missing,2,update,0,0.0,400,400,0.9214933999901405,400,51200,51200,51200,13107200,0.0,0,0,0,"{""0.2"": 0, ""0.5"": 0, ""1.0"": 0, ""2.0"": 0, ""4.0"": 0}",0.06984154736308934,0.4503961796615368,0.9426315789473687,0.17675370065789472,400,1,0
paper-4,paper,4.0,LBQCD-D06-unequal-min005-K20,unequal,missing,LBQCD-D06-unequal-min005-K20/missing,0,update,0,0.0,400,400,0.8994153000094229,400,51200,51200,51200,13107200,0.0,0,0,0,"{""0.2"": 0, ""0.5"": 0, ""1.0"": 0, ""2.0"": 0, ""4.0"": 0}",0.11023523335987306,0.5143874100796474,0.8902631578947371,0.34716488486842106,400,1,0
paper-4,paper,4.0,LBQCD-D06-unequal-min005-K20,unequal,missing,LBQCD-D06-unequal-min005-K20/missing,1,update,0,0.0,400,400,0.5984066999953939,400,51200,51200,51200,13107200,0.0,0,0,0,"{""0.2"": 0, ""0.5"": 0, ""1.0"": 0, ""2.0"": 0, ""4.0"": 0}",0.0929588346649366,0.47490805260976615,0.9426315789473687,0.2626912006578947,400,1,0
paper-4,paper,4.0,LBQCD-D06-unequal-min005-K20,unequal,missing,LBQCD-D06-unequal-min005-K20/missing,2,update,0,0.0,400,400,0.7577740000124322,400,51200,51200,51200,13107200,0.0,0,0,0,"{""0.2"": 0, ""0.5"": 0, ""1.0"": 0, ""2.0"": 0, ""4.0"": 0}",0.08571890522262571,0.5528290199325423,0.8902631578947371,0.25756373355263157,400,1,0
qld-v1,qld,0.5,LBQCD-D06-unequal-min005-K20,unequal,missing,LBQCD-D06-unequal-min005-K20/missing,0,update,0,0.7,400,400,0.2879964000021573,400,51200,51200,51200,3932160,501760.0,0,0,0,"{""0.2"": 0, ""0.5"": 0, ""1.0"": 0, ""2.0"": 0, ""4.0"": 0}",0.12028965406803849,0.5204290460467583,0.9426315789473687,0.24413651315789472,400,1,0
qld-v1,qld,0.5,LBQCD-D06-unequal-min005-K20,unequal,missing,LBQCD-D06-unequal-min005-K20/missing,1,update,0,0.7,400,400,0.3668345999903977,400,51200,51200,51200,3932160,501760.0,0,0,0,"{""0.2"": 0, ""0.5"": 0, ""1.0"": 0, ""2.0"": 0, ""4.0"": 0}",0.10900097980739343,0.5345109872273975,0.9426315789473687,0.2724568256578947,300,0,0
qld-v1,qld,0.5,LBQCD-D06-unequal-min005-K20,unequal,missing,LBQCD-D06-unequal-min005-K20/missing,2,update,0,0.7,400,400,0.3353655999962939,400,51200,51200,51200,3932160,501760.0,0,0,0,"{""0.2"": 0, ""0.5"": 0, ""1.0"": 0, ""2.0"": 0, ""4.0"": 0}",0.017207479575255036,0.2677677180380173,0.9426315789473687,0.20434004934210517,400,1,0
rsr-M1024-f0.70-e,rsr,0.5,LBQCD-D06-unequal-min005-K20,unequal,missing,LBQCD-D06-unequal-min005-K20/missing,0,examples,1024,0.7,35,35,0.08966510000755079,395,50560,25984,25984,360448,491520.0,0,0,0,"{""0.2"": 0, ""0.5"": 0, ""1.0"": 0, ""2.0"": 0, ""4.0"": 0}",3.623144904132256,5.657837574679705,0.41894736842105273,1.1999486019736845,35,1,0
rsr-M1024-f0.70-e,rsr,0.5,LBQCD-D06-unequal-min005-K20,unequal,missing,LBQCD-D06-unequal-min005-K20/missing,1,examples,1024,0.7,35,35,0.08496169999125414,395,50560,25984,25984,360448,491520.0,0,0,0,"{""0.2"": 0, ""0.5"": 0, ""1.0"": 0, ""2.0"": 0, ""4.0"": 0}",3.8608698530933268,5.750472467190584,0.41894736842105273,1.1442845394736842,35,1,0
rsr-M1024-f0.70-e,rsr,0.5,LBQCD-D06-unequal-min005-K20,unequal,missing,LBQCD-D06-unequal-min005-K20/missing,2,examples,1024,0.7,35,35,0.09883979998994619,395,50560,25984,25984,360448,491520.0,0,0,0,"{""0.2"": 0, ""0.5"": 0, ""1.0"": 0, ""2.0"": 0, ""4.0"": 0}",4.496390083053239,5.924882818244616,0.41894736842105273,1.170162417763158,35,1,0
rsr-M1024-f0.70-u,rsr,0.5,LBQCD-D06-unequal-min005-K20,unequal,missing,LBQCD-D06-unequal-min005-K20/missing,0,update,1024,0.7,400,400,1.0649042000004556,4600,588800,302080,302080,3932160,5734400.0,0,0,0,"{""0.2"": 0, ""0.5"": 0, ""1.0"": 0, ""2.0"": 0, ""4.0"": 0}",0.09021245334633932,0.40105136509941547,0.9426315789473687,0.2338836348684211,250,0,0
rsr-M1024-f0.70-u,rsr,0.5,LBQCD-D06-unequal-min005-K20,unequal,missing,LBQCD-D06-unequal-min005-K20/missing,1,update,1024,0.7,400,400,1.1061416000011377,4600,588800,302080,302080,3932160,5734400.0,0,0,0,"{""0.2"": 0, ""0.5"": 0, ""1.0"": 0, ""2.0"": 0, ""4.0"": 0}",0.04615108395685219,0.28104028969515216,0.9426315789473687,0.1916467927631579,250,0,0
rsr-M1024-f0.70-u,rsr,0.5,LBQCD-D06-unequal-min005-K20,unequal,missing,LBQCD-D06-unequal-min005-K20/missing,2,update,1024,0.7,400,400,1.0671181999932742,4600,588800,302080,302080,3932160,5734400.0,0,0,0,"{""0.2"": 0, ""0.5"": 0, ""1.0"": 0, ""2.0"": 0, ""4.0"": 0}",0.024144987758217162,0.21712026593552197,0.9426315789473687,0.18480879934210517,250,0,0
rsr-M512-f0.70-e,rsr,0.5,LBQCD-D06-unequal-min005-K20,unequal,missing,LBQCD-D06-unequal-min005-K20/missing,0,examples,512,0.7,68,68,0.11825100000714883,404,51712,27136,27136,655360,442368.0,0,0,0,"{""0.2"": 0, ""0.5"": 0, ""1.0"": 0, ""2.0"": 0, ""4.0"": 0}",1.6439668919458796,3.848972779300072,0.5760526315789476,0.9438445723684212,68,1,0
rsr-M512-f0.70-e,rsr,0.5,LBQCD-D06-unequal-min005-K20,unequal,missing,LBQCD-D06-unequal-min005-K20/missing,1,examples,512,0.7,68,68,0.13945079999393784,404,51712,27136,27136,655360,442368.0,0,0,0,"{""0.2"": 0, ""0.5"": 0, ""1.0"": 0, ""2.0"": 0, ""4.0"": 0}",1.7497882641690339,4.034873663789637,0.5760526315789476,0.9575164473684212,68,1,0
rsr-M512-f0.70-e,rsr,0.5,LBQCD-D06-unequal-min005-K20,unequal,missing,LBQCD-D06-unequal-min005-K20/missing,2,examples,512,0.7,68,68,0.13017679999757092,404,51712,27136,27136,655360,442368.0,0,0,0,"{""0.2"": 0, ""0.5"": 0, ""1.0"": 0, ""2.0"": 0, ""4.0"": 0}",2.212007234894835,4.381479476730417,0.523684210526316,0.9294407894736844,68,1,0
rsr-M512-f0.70-u,rsr,0.5,LBQCD-D06-unequal-min005-K20,unequal,missing,LBQCD-D06-unequal-min005-K20/missing,0,update,512,0.7,400,400,0.7692583000025479,2360,302080,158720,158720,3932160,2580480.0,0,0,0,"{""0.2"": 0, ""0.5"": 0, ""1.0"": 0, ""2.0"": 0, ""4.0"": 0}",0.1125788368402274,0.49014643245452866,0.9426315789473687,0.23192845394736836,250,0,0
rsr-M512-f0.70-u,rsr,0.5,LBQCD-D06-unequal-min005-K20,unequal,missing,LBQCD-D06-unequal-min005-K20/missing,1,update,512,0.7,400,400,0.7240617999923415,2360,302080,158720,158720,3932160,2580480.0,0,0,0,"{""0.2"": 0, ""0.5"": 0, ""1.0"": 0, ""2.0"": 0, ""4.0"": 0}",0.037174098916313625,0.24242666151524714,0.9426315789473687,0.20287623355263154,250,0,0
rsr-M512-f0.70-u,rsr,0.5,LBQCD-D06-unequal-min005-K20,unequal,missing,LBQCD-D06-unequal-min005-K20/missing,2,update,512,0.7,400,400,0.7463242999947397,2360,302080,158720,158720,3932160,2580480.0,0,0,0,"{""0.2"": 0, ""0.5"": 0, ""1.0"": 0, ""2.0"": 0, ""4.0"": 0}",0.03222261838043572,0.2557007382700774,0.9426315789473687,0.20287623355263154,250,0,0
paper-0.2,paper,0.2,LBQCD-D07-equal-K9,control-equal,concentrated,LBQCD-D07-equal-K9/concentrated,0,update,0,0.0,400,400,0.7529829000122845,400,51200,51200,51200,13107200,0.0,0,0,0,"{""0.2"": 0, ""0.5"": 0, ""1.0"": 0, ""2.0"": 0, ""4.0"": 0}",0.008737040230439863,0.14260747045031397,1.0,0.0802951388888889,50,0,0
paper-0.2,paper,0.2,LBQCD-D07-equal-K9,control-equal,concentrated,LBQCD-D07-equal-K9/concentrated,1,update,0,0.0,400,400,0.812784499998088,400,51200,51200,51200,13107200,0.0,0,0,0,"{""0.2"": 0, ""0.5"": 0, ""1.0"": 0, ""2.0"": 0, ""4.0"": 0}",0.01005787977676853,0.12502302851371644,1.0,0.055447048611111105,50,0,0
paper-0.2,paper,0.2,LBQCD-D07-equal-K9,control-equal,concentrated,LBQCD-D07-equal-K9/concentrated,2,update,0,0.0,400,400,0.7348337000003085,400,51200,51200,51200,13107200,0.0,0,0,0,"{""0.2"": 0, ""0.5"": 0, ""1.0"": 0, ""2.0"": 0, ""4.0"": 0}",0.013515301038778738,0.13755051129408802,1.0,0.08138020833333331,50,0,0
paper-0.5,paper,0.5,LBQCD-D07-equal-K9,control-equal,concentrated,LBQCD-D07-equal-K9/concentrated,0,update,0,0.0,400,400,0.820917000004556,400,51200,51200,51200,13107200,0.0,0,0,0,"{""0.2"": 0, ""0.5"": 0, ""1.0"": 0, ""2.0"": 0, ""4.0"": 0}",0.009343977906437928,0.1463806252171681,1.0,0.0769314236111111,50,0,0
paper-0.5,paper,0.5,LBQCD-D07-equal-K9,control-equal,concentrated,LBQCD-D07-equal-K9/concentrated,1,update,0,0.0,400,400,0.7881512000021758,400,51200,51200,51200,13107200,0.0,0,0,0,"{""0.2"": 0, ""0.5"": 0, ""1.0"": 0, ""2.0"": 0, ""4.0"": 0}",0.00834868363790875,0.13188014705611265,1.0,0.061740451388888895,100,0,0
paper-0.5,paper,0.5,LBQCD-D07-equal-K9,control-equal,concentrated,LBQCD-D07-equal-K9/concentrated,2,update,0,0.0,400,400,0.7488808999914909,400,51200,51200,51200,13107200,0.0,0,0,0,"{""0.2"": 0, ""0.5"": 0, ""1.0"": 0, ""2.0"": 0, ""4.0"": 0}",0.012744266415366745,0.13474100190726776,1.0,0.0857204861111111,50,0,0
paper-1,paper,1.0,LBQCD-D07-equal-K9,control-equal,concentrated,LBQCD-D07-equal-K9/concentrated,0,update,0,0.0,400,400,0.6807219000038458,400,51200,51200,51200,13107200,0.0,0,0,0,"{""0.2"": 0, ""0.5"": 0, ""1.0"": 0, ""2.0"": 0, ""4.0"": 0}",0.009984917812277061,0.15059326648979518,1.0,0.1150173611111111,100,0,0
paper-1,paper,1.0,LBQCD-D07-equal-K9,control-equal,concentrated,LBQCD-D07-equal-K9/concentrated,1,update,0,0.0,400,400,0.6588202999992063,400,51200,51200,51200,13107200,0.0,0,0,0,"{""0.2"": 0, ""0.5"": 0, ""1.0"": 0, ""2.0"": 0, ""4.0"": 0}",0.010666045405493652,0.14713343740612217,1.0,0.0832248263888889,100,0,0
paper-1,paper,1.0,LBQCD-D07-equal-K9,control-equal,concentrated,LBQCD-D07-equal-K9/concentrated,2,update,0,0.0,400,400,0.6316850000002887,400,51200,51200,51200,13107200,0.0,0,0,0,"{""0.2"": 0, ""0.5"": 0, ""1.0"": 0, ""2.0"": 0, ""4.0"": 0}",0.011341401150741781,0.1331605713600316,1.0,0.0788845486111111,150,0,0
paper-2,paper,2.0,LBQCD-D07-equal-K9,control-equal,concentrated,LBQCD-D07-equal-K9/concentrated,0,update,0,0.0,400,400,0.7726435999938985,400,51200,51200,51200,13107200,0.0,0,0,0,"{""0.2"": 0, ""0.5"": 0, ""1.0"": 0, ""2.0"": 0, ""4.0"": 0}",0.010546236221470107,0.14955710140402514,1.0,0.1134982638888889,150,0,0
paper-2,paper,2.0,LBQCD-D07-equal-K9,control-equal,concentrated,LBQCD-D07-equal-K9/concentrated,1,update,0,0.0,400,400,0.9029895999992732,400,51200,51200,51200,13107200,0.0,0,0,0,"{""0.2"": 0, ""0.5"": 0, ""1.0"": 0, ""2.0"": 0, ""4.0"": 0}",0.01272521385736125,0.1617381727571883,1.0,0.1125217013888889,200,0,0
paper-2,paper,2.0,LBQCD-D07-equal-K9,control-equal,concentrated,LBQCD-D07-equal-K9/concentrated,2,update,0,0.0,400,400,0.6129059000086272,400,51200,51200,51200,13107200,0.0,0,0,0,"{""0.2"": 0, ""0.5"": 0, ""1.0"": 0, ""2.0"": 0, ""4.0"": 0}",0.012578799246296679,0.15173928439139625,1.0,0.0734592013888889,150,0,0
paper-4,paper,4.0,LBQCD-D07-equal-K9,control-equal,concentrated,LBQCD-D07-equal-K9/concentrated,0,update,0,0.0,400,400,0.7016210000001593,400,51200,51200,51200,13107200,0.0,0,0,0,"{""0.2"": 0, ""0.5"": 0, ""1.0"": 0, ""2.0"": 0, ""4.0"": 0}",0.011917427661738866,0.15494010378783105,1.0,0.0988498263888889,200,0,0
paper-4,paper,4.0,LBQCD-D07-equal-K9,control-equal,concentrated,LBQCD-D07-equal-K9/concentrated,1,update,0,0.0,400,400,0.6904737000004388,400,51200,51200,51200,13107200,0.0,0,0,0,"{""0.2"": 0, ""0.5"": 0, ""1.0"": 0, ""2.0"": 0, ""4.0"": 0}",0.01750172733204325,0.17512403003268848,0.7777777777777779,0.2510850694444445,350,0,0
paper-4,paper,4.0,LBQCD-D07-equal-K9,control-equal,concentrated,LBQCD-D07-equal-K9/concentrated,2,update,0,0.0,400,400,0.6697296000056667,400,51200,51200,51200,13107200,0.0,0,0,0,"{""0.2"": 0, ""0.5"": 0, ""1.0"": 0, ""2.0"": 0, ""4.0"": 0}",0.015599361095749664,0.17040862054575334,1.0,0.14095052083333331,250,0,0
qld-v1,qld,0.5,LBQCD-D07-equal-K9,control-equal,concentrated,LBQCD-D07-equal-K9/concentrated,0,update,0,0.7,400,400,0.34388879999460187,400,51200,51200,51200,3932160,501760.0,0,0,0,"{""0.2"": 0, ""0.5"": 0, ""1.0"": 0, ""2.0"": 0, ""4.0"": 0}",0.009900184725364358,0.13497310826411038,1.0,0.0705295138888889,50,0,0
qld-v1,qld,0.5,LBQCD-D07-equal-K9,control-equal,concentrated,LBQCD-D07-equal-K9/concentrated,1,update,0,0.7,400,400,0.3605719999904977,400,51200,51200,51200,3932160,501760.0,0,0,0,"{""0.2"": 0, ""0.5"": 0, ""1.0"": 0, ""2.0"": 0, ""4.0"": 0}",0.00919578038494162,0.13071502046987074,1.0,0.07389322916666669,100,0,0
qld-v1,qld,0.5,LBQCD-D07-equal-K9,control-equal,concentrated,LBQCD-D07-equal-K9/concentrated,2,update,0,0.7,400,400,0.2926493999984814,400,51200,51200,51200,3932160,501760.0,0,0,0,"{""0.2"": 0, ""0.5"": 0, ""1.0"": 0, ""2.0"": 0, ""4.0"": 0}",0.014008370398297387,0.13206442819699324,1.0,0.08430989583333331,150,0,0
rsr-M1024-f0.70-e,rsr,0.5,LBQCD-D07-equal-K9,control-equal,concentrated,LBQCD-D07-equal-K9/concentrated,0,examples,1024,0.7,35,35,0.08286749999388121,395,50560,25984,25984,360448,491520.0,0,0,0,"{""0.2"": 0, ""0.5"": 0, ""1.0"": 0, ""2.0"": 0, ""4.0"": 0}",0.028283863150309507,0.24581618079406234,0.7777777777777779,0.5798611111111112,35,1,0
rsr-M1024-f0.70-e,rsr,0.5,LBQCD-D07-equal-K9,control-equal,concentrated,LBQCD-D07-equal-K9/concentrated,1,examples,1024,0.7,35,35,0.08399080000526737,395,50560,25984,25984,360448,491520.0,0,0,0,"{""0.2"": 0, ""0.5"": 0, ""1.0"": 0, ""2.0"": 0, ""4.0"": 0}",0.04901039738377744,0.30556715305476734,0.7777777777777779,0.7014973958333333,35,1,0
rsr-M1024-f0.70-e,rsr,0.5,LBQCD-D07-equal-K9,control-equal,concentrated,LBQCD-D07-equal-K9/concentrated,2,examples,1024,0.7,35,35,0.09440520001226105,395,50560,25984,25984,360448,491520.0,0,0,0,"{""0.2"": 0, ""0.5"": 0, ""1.0"": 0, ""2.0"": 0, ""4.0"": 0}",0.04473905048457727,0.2873032126266216,0.7777777777777779,0.6839192708333333,35,1,0
rsr-M1024-f0.70-u,rsr,0.5,LBQCD-D07-equal-K9,control-equal,concentrated,LBQCD-D07-equal-K9/concentrated,0,update,1024,0.7,400,400,1.128524700005073,4600,588800,302080,302080,3932160,5734400.0,0,0,0,"{""0.2"": 0, ""0.5"": 0, ""1.0"": 0, ""2.0"": 0, ""4.0"": 0}",0.008017542428339297,0.13448197995622757,1.0,0.06770833333333331,50,0,0
rsr-M1024-f0.70-u,rsr,0.5,LBQCD-D07-equal-K9,control-equal,concentrated,LBQCD-D07-equal-K9/concentrated,1,update,1024,0.7,400,400,1.1718679999903543,4600,588800,302080,302080,3932160,5734400.0,0,0,0,"{""0.2"": 0, ""0.5"": 0, ""1.0"": 0, ""2.0"": 0, ""4.0"": 0}",0.008039972681081586,0.12894144781973105,1.0,0.0671657986111111,100,0,0
rsr-M1024-f0.70-u,rsr,0.5,LBQCD-D07-equal-K9,control-equal,concentrated,LBQCD-D07-equal-K9/concentrated,2,update,1024,0.7,400,400,1.0798215999966487,4600,588800,302080,302080,3932160,5734400.0,0,0,0,"{""0.2"": 0, ""0.5"": 0, ""1.0"": 0, ""2.0"": 0, ""4.0"": 0}",0.012374854980864658,0.1276229826438891,1.0,0.0759548611111111,100,0,0
rsr-M512-f0.70-e,rsr,0.5,LBQCD-D07-equal-K9,control-equal,concentrated,LBQCD-D07-equal-K9/concentrated,0,examples,512,0.7,68,68,0.10850790000404231,404,51712,27136,27136,655360,442368.0,0,0,0,"{""0.2"": 0, ""0.5"": 0, ""1.0"": 0, ""2.0"": 0, ""4.0"": 0}",0.02613429405814749,0.22386599076746067,1.0,0.22493489583333331,50,0,0
rsr-M512-f0.70-e,rsr,0.5,LBQCD-D07-equal-K9,control-equal,concentrated,LBQCD-D07-equal-K9/concentrated,1,examples,512,0.7,68,68,0.09843800000089686,404,51712,27136,27136,655360,442368.0,0,0,0,"{""0.2"": 0, ""0.5"": 0, ""1.0"": 0, ""2.0"": 0, ""4.0"": 0}",0.025286784895941494,0.1982905763859885,0.7777777777777779,0.3778211805555555,50,0,0
rsr-M512-f0.70-e,rsr,0.5,LBQCD-D07-equal-K9,control-equal,concentrated,LBQCD-D07-equal-K9/concentrated,2,examples,512,0.7,68,68,0.11032579999300651,404,51712,27136,27136,655360,442368.0,0,0,0,"{""0.2"": 0, ""0.5"": 0, ""1.0"": 0, ""2.0"": 0, ""4.0"": 0}",0.023067208958956975,0.1921850913439717,0.7777777777777779,0.3601345486111111,68,1,0
rsr-M512-f0.70-u,rsr,0.5,LBQCD-D07-equal-K9,control-equal,concentrated,LBQCD-D07-equal-K9/concentrated,0,update,512,0.7,400,400,0.7523401999933412,2360,302080,158720,158720,3932160,2580480.0,0,0,0,"{""0.2"": 0, ""0.5"": 0, ""1.0"": 0, ""2.0"": 0, ""4.0"": 0}",0.007183918550204282,0.13027455582779798,1.0,0.034396701388888895,50,0,0
rsr-M512-f0.70-u,rsr,0.5,LBQCD-D07-equal-K9,control-equal,concentrated,LBQCD-D07-equal-K9/concentrated,1,update,512,0.7,400,400,0.7105122000066331,2360,302080,158720,158720,3932160,2580480.0,0,0,0,"{""0.2"": 0, ""0.5"": 0, ""1.0"": 0, ""2.0"": 0, ""4.0"": 0}",0.00927470027891486,0.12243307271221258,1.0,0.055881076388888895,100,0,0
rsr-M512-f0.70-u,rsr,0.5,LBQCD-D07-equal-K9,control-equal,concentrated,LBQCD-D07-equal-K9/concentrated,2,update,512,0.7,400,400,0.7484817000076873,2360,302080,158720,158720,3932160,2580480.0,0,0,0,"{""0.2"": 0, ""0.5"": 0, ""1.0"": 0, ""2.0"": 0, ""4.0"": 0}",0.012833814141534283,0.1313918057128157,1.0,0.08333333333333331,100,0,0
paper-0.2,paper,0.2,LBQCD-D07-equal-K9,control-equal,missing,LBQCD-D07-equal-K9/missing,0,update,0,0.0,400,400,0.6894600999949034,400,51200,51200,51200,13107200,0.0,0,0,0,"{""0.2"": 0, ""0.5"": 0, ""1.0"": 0, ""2.0"": 0, ""4.0"": 0}",0.011608960164131155,0.14070723154276055,1.0,0.051974826388888895,100,0,0
paper-0.2,paper,0.2,LBQCD-D07-equal-K9,control-equal,missing,LBQCD-D07-equal-K9/missing,1,update,0,0.0,400,400,0.7116310999990674,400,51200,51200,51200,13107200,0.0,0,0,0,"{""0.2"": 0, ""0.5"": 0, ""1.0"": 0, ""2.0"": 0, ""4.0"": 0}",0.05284784698697331,0.26136093436854674,1.0,0.1072048611111111,100,0,0
paper-0.2,paper,0.2,LBQCD-D07-equal-K9,control-equal,missing,LBQCD-D07-equal-K9/missing,2,update,0,0.0,400,400,0.7707098999962909,400,51200,51200,51200,13107200,0.0,0,0,0,"{""0.2"": 0, ""0.5"": 0, ""1.0"": 0, ""2.0"": 0, ""4.0"": 0}",0.03418130435058009,0.31533888084469563,1.0,0.16341145833333331,100,0,0
paper-0.5,paper,0.5,LBQCD-D07-equal-K9,control-equal,missing,LBQCD-D07-equal-K9/missing,0,update,0,0.0,400,400,0.7095464000012726,400,51200,51200,51200,13107200,0.0,0,0,0,"{""0.2"": 0, ""0.5"": 0, ""1.0"": 0, ""2.0"": 0, ""4.0"": 0}",0.013985266204264768,0.1399627535191809,1.0,0.08138020833333331,100,0,0
paper-0.5,paper,0.5,LBQCD-D07-equal-K9,control-equal,missing,LBQCD-D07-equal-K9/missing,1,update,0,0.0,400,400,0.6838139000028605,400,51200,51200,51200,13107200,0.0,0,0,0,"{""0.2"": 0, ""0.5"": 0, ""1.0"": 0, ""2.0"": 0, ""4.0"": 0}",0.02965465586792737,0.19888521294908587,1.0,0.0705295138888889,100,0,0
paper-0.5,paper,0.5,LBQCD-D07-equal-K9,control-equal,missing,LBQCD-D07-equal-K9/missing,2,update,0,0.0,400,400,0.5957743999897502,400,51200,51200,51200,13107200,0.0,0,0,0,"{""0.2"": 0, ""0.5"": 0, ""1.0"": 0, ""2.0"": 0, ""4.0"": 0}",0.01910522872573761,0.21411064527357068,1.0,0.0954861111111111,100,0,0
paper-1,paper,1.0,LBQCD-D07-equal-K9,control-equal,missing,LBQCD-D07-equal-K9/missing,0,update,0,0.0,400,400,0.6662159000115935,400,51200,51200,51200,13107200,0.0,0,0,0,"{""0.2"": 0, ""0.5"": 0, ""1.0"": 0, ""2.0"": 0, ""4.0"": 0}",0.01796531288904868,0.16851386266174592,1.0,0.09016927083333331,150,0,0
paper-1,paper,1.0,LBQCD-D07-equal-K9,control-equal,missing,LBQCD-D07-equal-K9/missing,1,update,0,0.0,400,400,0.6741633000056027,400,51200,51200,51200,13107200,0.0,0,0,0,"{""0.2"": 0, ""0.5"": 0, ""1.0"": 0, ""2.0"": 0, ""4.0"": 0}",0.032609617723196926,0.19350559676527568,1.0,0.08919270833333331,150,0,0
paper-1,paper,1.0,LBQCD-D07-equal-K9,control-equal,missing,LBQCD-D07-equal-K9/missing,2,update,0,0.0,400,400,0.7703881999914302,400,51200,51200,51200,13107200,0.0,0,0,0,"{""0.2"": 0, ""0.5"": 0, ""1.0"": 0, ""2.0"": 0, ""4.0"": 0}",0.01887087531387799,0.21111450932621115,1.0,0.10319010416666669,100,0,0
paper-2,paper,2.0,LBQCD-D07-equal-K9,control-equal,missing,LBQCD-D07-equal-K9/missing,0,update,0,0.0,400,400,0.6843497999943793,400,51200,51200,51200,13107200,0.0,0,0,0,"{""0.2"": 0, ""0.5"": 0, ""1.0"": 0, ""2.0"": 0, ""4.0"": 0}",0.01557608492553042,0.17825821251138518,1.0,0.0935329861111111,350,0,0
paper-2,paper,2.0,LBQCD-D07-equal-K9,control-equal,missing,LBQCD-D07-equal-K9/missing,1,update,0,0.0,400,400,0.7109428999974625,400,51200,51200,51200,13107200,0.0,0,0,0,"{""0.2"": 0, ""0.5"": 0, ""1.0"": 0, ""2.0"": 0, ""4.0"": 0}",0.029492247336163402,0.18647916123112382,1.0,0.09440104166666669,200,0,0
paper-2,paper,2.0,LBQCD-D07-equal-K9,control-equal,missing,LBQCD-D07-equal-K9/missing,2,update,0,0.0,400,400,0.6173892999941017,400,51200,51200,51200,13107200,0.0,0,0,0,"{""0.2"": 0, ""0.5"": 0, ""1.0"": 0, ""2.0"": 0, ""4.0"": 0}",0.024663222310266963,0.23338489376628524,1.0,0.17936197916666669,300,0,0
paper-4,paper,4.0,LBQCD-D07-equal-K9,control-equal,missing,LBQCD-D07-equal-K9/missing,0,update,0,0.0,400,400,0.829886700012139,400,51200,51200,51200,13107200,0.0,0,0,0,"{""0.2"": 0, ""0.5"": 0, ""1.0"": 0, ""2.0"": 0, ""4.0"": 0}",0.029425329904345432,0.26290945186713033,0.8888888888888888,0.3333333333333333,400,1,0
paper-4,paper,4.0,LBQCD-D07-equal-K9,control-equal,missing,LBQCD-D07-equal-K9/missing,1,update,0,0.0,400,400,0.6398044000088703,400,51200,51200,51200,13107200,0.0,0,0,0,"{""0.2"": 0, ""0.5"": 0, ""1.0"": 0, ""2.0"": 0, ""4.0"": 0}",0.03451690292300569,0.1844995703177911,1.0,0.1945529513888889,400,1,0
paper-4,paper,4.0,LBQCD-D07-equal-K9,control-equal,missing,LBQCD-D07-equal-K9/missing,2,update,0,0.0,400,400,0.7665588000090793,400,51200,51200,51200,13107200,0.0,0,0,0,"{""0.2"": 0, ""0.5"": 0, ""1.0"": 0, ""2.0"": 0, ""4.0"": 0}",0.03906880762684217,0.24747795446097268,0.8888888888888888,0.2463107638888889,400,1,0
qld-v1,qld,0.5,LBQCD-D07-equal-K9,control-equal,missing,LBQCD-D07-equal-K9/missing,0,update,0,0.7,400,400,0.33229340000252705,400,51200,51200,51200,3932160,501760.0,0,0,0,"{""0.2"": 0, ""0.5"": 0, ""1.0"": 0, ""2.0"": 0, ""4.0"": 0}",0.008966486183081379,0.14980581903634138,1.0,0.057834201388888895,150,0,0
qld-v1,qld,0.5,LBQCD-D07-equal-K9,control-equal,missing,LBQCD-D07-equal-K9/missing,1,update,0,0.7,400,400,0.34198890000698157,400,51200,51200,51200,3932160,501760.0,0,0,0,"{""0.2"": 0, ""0.5"": 0, ""1.0"": 0, ""2.0"": 0, ""4.0"": 0}",0.021583058492772533,0.16520044638491882,1.0,0.0793185763888889,200,0,0
qld-v1,qld,0.5,LBQCD-D07-equal-K9,control-equal,missing,LBQCD-D07-equal-K9/missing,2,update,0,0.7,400,400,0.3248334999952931,400,51200,51200,51200,3932160,501760.0,0,0,0,"{""0.2"": 0, ""0.5"": 0, ""1.0"": 0, ""2.0"": 0, ""4.0"": 0}",0.010740958089739294,0.16174851798436918,1.0,0.0715060763888889,300,0,0
rsr-M1024-f0.70-e,rsr,0.5,LBQCD-D07-equal-K9,control-equal,missing,LBQCD-D07-equal-K9/missing,0,examples,1024,0.7,35,35,0.08487910000258125,395,50560,25984,25984,360448,491520.0,0,0,0,"{""0.2"": 0, ""0.5"": 0, ""1.0"": 0, ""2.0"": 0, ""4.0"": 0}",1.4920787607333823,2.3176765761098235,0.5555555555555556,0.9729817708333333,35,1,0
rsr-M1024-f0.70-e,rsr,0.5,LBQCD-D07-equal-K9,control-equal,missing,LBQCD-D07-equal-K9/missing,1,examples,1024,0.7,35,35,0.10176879999926314,395,50560,25984,25984,360448,491520.0,0,0,0,"{""0.2"": 0, ""0.5"": 0, ""1.0"": 0, ""2.0"": 0, ""4.0"": 0}",1.7814337220822902,2.4428392378647334,0.6666666666666667,0.8557942708333333,35,1,0
rsr-M1024-f0.70-e,rsr,0.5,LBQCD-D07-equal-K9,control-equal,missing,LBQCD-D07-equal-K9/missing,2,examples,1024,0.7,35,35,0.1018237000098452,395,50560,25984,25984,360448,491520.0,0,0,0,"{""0.2"": 0, ""0.5"": 0, ""1.0"": 0, ""2.0"": 0, ""4.0"": 0}",1.410820741738041,2.374710307297326,0.6666666666666667,0.8304036458333333,35,1,0
rsr-M1024-f0.70-u,rsr,0.5,LBQCD-D07-equal-K9,control-equal,missing,LBQCD-D07-equal-K9/missing,0,update,1024,0.7,400,400,1.1490047999977833,4600,588800,302080,302080,3932160,5734400.0,0,0,0,"{""0.2"": 0, ""0.5"": 0, ""1.0"": 0, ""2.0"": 0, ""4.0"": 0}",0.009461901503117431,0.1480434126283931,1.0,0.06608072916666669,150,0,0
rsr-M1024-f0.70-u,rsr,0.5,LBQCD-D07-equal-K9,control-equal,missing,LBQCD-D07-equal-K9/missing,1,update,1024,0.7,400,400,1.2481369000015547,4600,588800,302080,302080,3932160,5734400.0,0,0,0,"{""0.2"": 0, ""0.5"": 0, ""1.0"": 0, ""2.0"": 0, ""4.0"": 0}",0.02378797432958324,0.17891796760199363,1.0,0.045572916666666685,150,0,0
rsr-M1024-f0.70-u,rsr,0.5,LBQCD-D07-equal-K9,control-equal,missing,LBQCD-D07-equal-K9/missing,2,update,1024,0.7,400,400,1.078285900002811,4600,588800,302080,302080,3932160,5734400.0,0,0,0,"{""0.2"": 0, ""0.5"": 0, ""1.0"": 0, ""2.0"": 0, ""4.0"": 0}",0.010577638583093574,0.15104556382817277,1.0,0.0808376736111111,150,0,0
rsr-M512-f0.70-e,rsr,0.5,LBQCD-D07-equal-K9,control-equal,missing,LBQCD-D07-equal-K9/missing,0,examples,512,0.7,68,68,0.12224589999823365,404,51712,27136,27136,655360,442368.0,0,0,0,"{""0.2"": 0, ""0.5"": 0, ""1.0"": 0, ""2.0"": 0, ""4.0"": 0}",0.3363519293894983,1.0293364641445333,0.7777777777777779,0.5251736111111112,68,1,0
rsr-M512-f0.70-e,rsr,0.5,LBQCD-D07-equal-K9,control-equal,missing,LBQCD-D07-equal-K9/missing,1,examples,512,0.7,68,68,0.11320720000367146,404,51712,27136,27136,655360,442368.0,0,0,0,"{""0.2"": 0, ""0.5"": 0, ""1.0"": 0, ""2.0"": 0, ""4.0"": 0}",0.3443305611251408,0.9293644772147468,0.7777777777777779,0.4724392361111111,68,1,0
rsr-M512-f0.70-e,rsr,0.5,LBQCD-D07-equal-K9,control-equal,missing,LBQCD-D07-equal-K9/missing,2,examples,512,0.7,68,68,0.1313590999925509,404,51712,27136,27136,655360,442368.0,0,0,0,"{""0.2"": 0, ""0.5"": 0, ""1.0"": 0, ""2.0"": 0, ""4.0"": 0}",0.2906944488126131,0.9048311641220933,0.7777777777777779,0.4928385416666667,68,1,0
rsr-M512-f0.70-u,rsr,0.5,LBQCD-D07-equal-K9,control-equal,missing,LBQCD-D07-equal-K9/missing,0,update,512,0.7,400,400,0.6840279999887571,2360,302080,158720,158720,3932160,2580480.0,0,0,0,"{""0.2"": 0, ""0.5"": 0, ""1.0"": 0, ""2.0"": 0, ""4.0"": 0}",0.011096851091787485,0.1608892305219268,1.0,0.054470486111111105,150,0,0
rsr-M512-f0.70-u,rsr,0.5,LBQCD-D07-equal-K9,control-equal,missing,LBQCD-D07-equal-K9/missing,1,update,512,0.7,400,400,0.7759318000025814,2360,302080,158720,158720,3932160,2580480.0,0,0,0,"{""0.2"": 0, ""0.5"": 0, ""1.0"": 0, ""2.0"": 0, ""4.0"": 0}",0.02226853178494137,0.16236074504572792,1.0,0.1008029513888889,150,0,0
rsr-M512-f0.70-u,rsr,0.5,LBQCD-D07-equal-K9,control-equal,missing,LBQCD-D07-equal-K9/missing,2,update,512,0.7,400,400,0.7354123999975855,2360,302080,158720,158720,3932160,2580480.0,0,0,0,"{""0.2"": 0, ""0.5"": 0, ""1.0"": 0, ""2.0"": 0, ""4.0"": 0}",0.00976804442340784,0.1430182144097432,1.0,0.07682291666666669,200,0,0
paper-0.2,paper,0.2,LBQCD-D08-hetero-K15,control-heteroscedastic,concentrated,LBQCD-D08-hetero-K15/concentrated,0,update,0,0.0,400,400,0.7056799000129104,400,51200,51200,51200,13107200,0.0,0,0,0,"{""0.2"": 0, ""0.5"": 0, ""1.0"": 0, ""2.0"": 0, ""4.0"": 0}",0.022947080344777326,0.24923043566778458,0.9999999999999999,0.10182291666666667,100,0,0
paper-0.2,paper,0.2,LBQCD-D08-hetero-K15,control-heteroscedastic,concentrated,LBQCD-D08-hetero-K15/concentrated,1,update,0,0.0,400,400,0.6822423999983585,400,51200,51200,51200,13107200,0.0,0,0,0,"{""0.2"": 0, ""0.5"": 0, ""1.0"": 0, ""2.0"": 0, ""4.0"": 0}",0.05073950334706012,0.24372765883547967,0.9999999999999999,0.08515625,100,0,0
paper-0.2,paper,0.2,LBQCD-D08-hetero-K15,control-heteroscedastic,concentrated,LBQCD-D08-hetero-K15/concentrated,2,update,0,0.0,400,400,0.7466130000102567,400,51200,51200,51200,13107200,0.0,0,0,0,"{""0.2"": 0, ""0.5"": 0, ""1.0"": 0, ""2.0"": 0, ""4.0"": 0}",0.011685221278064706,0.36039323126273454,0.9999999999999999,0.09401041666666667,100,0,0
paper-0.5,paper,0.5,LBQCD-D08-hetero-K15,control-heteroscedastic,concentrated,LBQCD-D08-hetero-K15/concentrated,0,update,0,0.0,400,400,0.6225700000068173,400,51200,51200,51200,13107200,0.0,0,0,0,"{""0.2"": 0, ""0.5"": 0, ""1.0"": 0, ""2.0"": 0, ""4.0"": 0}",0.016665460319294834,0.15104405296740797,0.9999999999999999,0.12526041666666665,150,0,0
paper-0.5,paper,0.5,LBQCD-D08-hetero-K15,control-heteroscedastic,concentrated,LBQCD-D08-hetero-K15/concentrated,1,update,0,0.0,400,400,0.8386103999946499,400,51200,51200,51200,13107200,0.0,0,0,0,"{""0.2"": 0, ""0.5"": 0, ""1.0"": 0, ""2.0"": 0, ""4.0"": 0}",0.04733220233990432,0.22264214693920875,0.9999999999999999,0.11009114583333333,100,0,0
paper-0.5,paper,0.5,LBQCD-D08-hetero-K15,control-heteroscedastic,concentrated,LBQCD-D08-hetero-K15/concentrated,2,update,0,0.0,400,400,0.645238099998096,400,51200,51200,51200,13107200,0.0,0,0,0,"{""0.2"": 0, ""0.5"": 0, ""1.0"": 0, ""2.0"": 0, ""4.0"": 0}",0.012604880553264586,0.3696107084274448,0.9999999999999999,0.11549479166666667,150,0,0
paper-1,paper,1.0,LBQCD-D08-hetero-K15,control-heteroscedastic,concentrated,LBQCD-D08-hetero-K15/concentrated,0,update,0,0.0,400,400,0.6381637000013143,400,51200,51200,51200,13107200,0.0,0,0,0,"{""0.2"": 0, ""0.5"": 0, ""1.0"": 0, ""2.0"": 0, ""4.0"": 0}",0.014881676605957406,0.14512038756545348,0.9999999999999999,0.11106770833333333,200,0,0
paper-1,paper,1.0,LBQCD-D08-hetero-K15,control-heteroscedastic,concentrated,LBQCD-D08-hetero-K15/concentrated,1,update,0,0.0,400,400,0.6003613000066252,400,51200,51200,51200,13107200,0.0,0,0,0,"{""0.2"": 0, ""0.5"": 0, ""1.0"": 0, ""2.0"": 0, ""4.0"": 0}",0.0498409621969933,0.24283965651854347,0.9999999999999999,0.1291015625,150,0,0
paper-1,paper,1.0,LBQCD-D08-hetero-K15,control-heteroscedastic,concentrated,LBQCD-D08-hetero-K15/concentrated,2,update,0,0.0,400,400,0.6685051999957068,400,51200,51200,51200,13107200,0.0,0,0,0,"{""0.2"": 0, ""0.5"": 0, ""1.0"": 0, ""2.0"": 0, ""4.0"": 0}",0.011532529991457707,0.356086050172497,0.9999999999999999,0.12578125,250,0,0
paper-2,paper,2.0,LBQCD-D08-hetero-K15,control-heteroscedastic,concentrated,LBQCD-D08-hetero-K15/concentrated,0,update,0,0.0,400,400,0.6934821999893757,400,51200,51200,51200,13107200,0.0,0,0,0,"{""0.2"": 0, ""0.5"": 0, ""1.0"": 0, ""2.0"": 0, ""4.0"": 0}",0.014495439828078105,0.16354812313520142,0.9999999999999999,0.12278645833333333,400,0,0
paper-2,paper,2.0,LBQCD-D08-hetero-K15,control-heteroscedastic,concentrated,LBQCD-D08-hetero-K15/concentrated,1,update,0,0.0,400,400,0.8276141999958782,400,51200,51200,51200,13107200,0.0,0,0,0,"{""0.2"": 0, ""0.5"": 0, ""1.0"": 0, ""2.0"": 0, ""4.0"": 0}",0.05391875225873921,0.261477042400374,0.8666666666666666,0.2482421875,300,0,0
paper-2,paper,2.0,LBQCD-D08-hetero-K15,control-heteroscedastic,concentrated,LBQCD-D08-hetero-K15/concentrated,2,update,0,0.0,400,400,0.8724330999975791,400,51200,51200,51200,13107200,0.0,0,0,0,"{""0.2"": 0, ""0.5"": 0, ""1.0"": 0, ""2.0"": 0, ""4.0"": 0}",0.015524392037323587,0.382140596083672,0.8666666666666666,0.3415364583333333,400,1,0
paper-4,paper,4.0,LBQCD-D08-hetero-K15,control-heteroscedastic,concentrated,LBQCD-D08-hetero-K15/concentrated,0,update,0,0.0,400,400,0.6741200999967987,400,51200,51200,51200,13107200,0.0,0,0,0,"{""0.2"": 0, ""0.5"": 0, ""1.0"": 0, ""2.0"": 0, ""4.0"": 0}",0.012751615633293412,0.17873121916877543,0.8666666666666666,0.24251302083333326,400,1,0
paper-4,paper,4.0,LBQCD-D08-hetero-K15,control-heteroscedastic,concentrated,LBQCD-D08-hetero-K15/concentrated,1,update,0,0.0,400,400,0.6119802000030177,400,51200,51200,51200,13107200,0.0,0,0,0,"{""0.2"": 0, ""0.5"": 0, ""1.0"": 0, ""2.0"": 0, ""4.0"": 0}",0.0621095608653186,0.29797080672136195,0.8666666666666666,0.3405598958333333,400,1,0
paper-4,paper,4.0,LBQCD-D08-hetero-K15,control-heteroscedastic,concentrated,LBQCD-D08-hetero-K15/concentrated,2,update,0,0.0,400,400,0.6347479000105523,400,51200,51200,51200,13107200,0.0,0,0,0,"{""0.2"": 0, ""0.5"": 0, ""1.0"": 0, ""2.0"": 0, ""4.0"": 0}",0.021518516525491194,0.4124929415131927,0.8666666666666666,0.3757161458333333,400,1,0
qld-v1,qld,0.5,LBQCD-D08-hetero-K15,control-heteroscedastic,concentrated,LBQCD-D08-hetero-K15/concentrated,0,update,0,0.7,400,400,0.2625662999926135,400,51200,51200,51200,3932160,501760.0,0,0,0,"{""0.2"": 0, ""0.5"": 0, ""1.0"": 0, ""2.0"": 0, ""4.0"": 0}",0.013486508581746826,0.1530306581027235,0.9999999999999999,0.0666015625,200,0,0
qld-v1,qld,0.5,LBQCD-D08-hetero-K15,control-heteroscedastic,concentrated,LBQCD-D08-hetero-K15/concentrated,1,update,0,0.7,400,400,0.33110880000458565,400,51200,51200,51200,3932160,501760.0,0,0,0,"{""0.2"": 0, ""0.5"": 0, ""1.0"": 0, ""2.0"": 0, ""4.0"": 0}",0.0467139048328562,0.233272755746453,0.9999999999999999,0.07005208333333333,150,0,0
qld-v1,qld,0.5,LBQCD-D08-hetero-K15,control-heteroscedastic,concentrated,LBQCD-D08-hetero-K15/concentrated,2,update,0,0.7,400,400,0.3698158000042895,400,51200,51200,51200,3932160,501760.0,0,0,0,"{""0.2"": 0, ""0.5"": 0, ""1.0"": 0, ""2.0"": 0, ""4.0"": 0}",0.006121877142937215,0.28752759291241153,0.9999999999999999,0.09641927083333333,250,0,0
rsr-M1024-f0.70-e,rsr,0.5,LBQCD-D08-hetero-K15,control-heteroscedastic,concentrated,LBQCD-D08-hetero-K15/concentrated,0,examples,1024,0.7,35,35,0.1042639999941457,395,50560,25984,25984,360448,491520.0,0,0,0,"{""0.2"": 0, ""0.5"": 0, ""1.0"": 0, ""2.0"": 0, ""4.0"": 0}",0.19475020263748632,0.6270319696750604,0.6,0.862109375,35,1,0
rsr-M1024-f0.70-e,rsr,0.5,LBQCD-D08-hetero-K15,control-heteroscedastic,concentrated,LBQCD-D08-hetero-K15/concentrated,1,examples,1024,0.7,35,35,0.09943060000659898,395,50560,25984,25984,360448,491520.0,0,0,0,"{""0.2"": 0, ""0.5"": 0, ""1.0"": 0, ""2.0"": 0, ""4.0"": 0}",0.21220685257144778,0.7276501619867918,0.6,0.842578125,35,1,0
rsr-M1024-f0.70-e,rsr,0.5,LBQCD-D08-hetero-K15,control-heteroscedastic,concentrated,LBQCD-D08-hetero-K15/concentrated,2,examples,1024,0.7,35,35,0.10468410000612494,395,50560,25984,25984,360448,491520.0,0,0,0,"{""0.2"": 0, ""0.5"": 0, ""1.0"": 0, ""2.0"": 0, ""4.0"": 0}",0.21947224005326316,0.7937063302212728,0.6,0.9124348958333333,35,1,0
rsr-M1024-f0.70-u,rsr,0.5,LBQCD-D08-hetero-K15,control-heteroscedastic,concentrated,LBQCD-D08-hetero-K15/concentrated,0,update,1024,0.7,400,400,1.082032699996489,4600,588800,302080,302080,3932160,5734400.0,0,0,0,"{""0.2"": 0, ""0.5"": 0, ""1.0"": 0, ""2.0"": 0, ""4.0"": 0}",0.010713176322997953,0.15440144023400224,0.9999999999999999,0.08860677083333333,150,0,0
rsr-M1024-f0.70-u,rsr,0.5,LBQCD-D08-hetero-K15,control-heteroscedastic,concentrated,LBQCD-D08-hetero-K15/concentrated,1,update,1024,0.7,400,400,1.162273300011293,4600,588800,302080,302080,3932160,5734400.0,0,0,0,"{""0.2"": 0, ""0.5"": 0, ""1.0"": 0, ""2.0"": 0, ""4.0"": 0}",0.025798465628753764,0.17386210969359472,0.9999999999999999,0.080859375,150,0,0
rsr-M1024-f0.70-u,rsr,0.5,LBQCD-D08-hetero-K15,control-heteroscedastic,concentrated,LBQCD-D08-hetero-K15/concentrated,2,update,1024,0.7,400,400,1.1852385999955004,4600,588800,302080,302080,3932160,5734400.0,0,0,0,"{""0.2"": 0, ""0.5"": 0, ""1.0"": 0, ""2.0"": 0, ""4.0"": 0}",0.009000596881770573,0.25390344312655816,0.9999999999999999,0.0681640625,150,0,0
rsr-M512-f0.70-e,rsr,0.5,LBQCD-D08-hetero-K15,control-heteroscedastic,concentrated,LBQCD-D08-hetero-K15/concentrated,0,examples,512,0.7,68,68,0.15512440000020433,404,51712,27136,27136,655360,442368.0,0,0,0,"{""0.2"": 0, ""0.5"": 0, ""1.0"": 0, ""2.0"": 0, ""4.0"": 0}",0.05520932350738672,0.5504628672648859,0.8666666666666666,0.6483072916666666,68,1,0
rsr-M512-f0.70-e,rsr,0.5,LBQCD-D08-hetero-K15,control-heteroscedastic,concentrated,LBQCD-D08-hetero-K15/concentrated,1,examples,512,0.7,68,68,0.12479579998762347,404,51712,27136,27136,655360,442368.0,0,0,0,"{""0.2"": 0, ""0.5"": 0, ""1.0"": 0, ""2.0"": 0, ""4.0"": 0}",0.1309005792045017,0.5851746881049817,0.8666666666666666,0.6487630208333333,68,1,0
rsr-M512-f0.70-e,rsr,0.5,LBQCD-D08-hetero-K15,control-heteroscedastic,concentrated,LBQCD-D08-hetero-K15/concentrated,2,examples,512,0.7,68,68,0.11327499999606516,404,51712,27136,27136,655360,442368.0,0,0,0,"{""0.2"": 0, ""0.5"": 0, ""1.0"": 0, ""2.0"": 0, ""4.0"": 0}",0.10139537009192034,0.6351039284463919,0.8666666666666666,0.6526692708333333,68,1,0
rsr-M512-f0.70-u,rsr,0.5,LBQCD-D08-hetero-K15,control-heteroscedastic,concentrated,LBQCD-D08-hetero-K15/concentrated,0,update,512,0.7,400,400,0.7443457000044873,2360,302080,158720,158720,3932160,2580480.0,0,0,0,"{""0.2"": 0, ""0.5"": 0, ""1.0"": 0, ""2.0"": 0, ""4.0"": 0}",0.010968741203146948,0.11643653813271658,0.9999999999999999,0.09049479166666667,150,0,0
rsr-M512-f0.70-u,rsr,0.5,LBQCD-D08-hetero-K15,control-heteroscedastic,concentrated,LBQCD-D08-hetero-K15/concentrated,1,update,512,0.7,400,400,0.7321622000017669,2360,302080,158720,158720,3932160,2580480.0,0,0,0,"{""0.2"": 0, ""0.5"": 0, ""1.0"": 0, ""2.0"": 0, ""4.0"": 0}",0.028239348117120144,0.18644099231284605,0.9999999999999999,0.07154947916666667,150,0,0
rsr-M512-f0.70-u,rsr,0.5,LBQCD-D08-hetero-K15,control-heteroscedastic,concentrated,LBQCD-D08-hetero-K15/concentrated,2,update,512,0.7,400,400,0.8123978999938117,2360,302080,158720,158720,3932160,2580480.0,0,0,0,"{""0.2"": 0, ""0.5"": 0, ""1.0"": 0, ""2.0"": 0, ""4.0"": 0}",0.007519897498398098,0.26990173681496366,0.9999999999999999,0.0705078125,150,0,0
paper-0.2,paper,0.2,LBQCD-D08-hetero-K15,control-heteroscedastic,missing,LBQCD-D08-hetero-K15/missing,0,update,0,0.0,400,400,0.6444117999926675,400,51200,51200,51200,13107200,0.0,0,0,0,"{""0.2"": 0, ""0.5"": 0, ""1.0"": 0, ""2.0"": 0, ""4.0"": 0}",0.014536137543204042,0.12466954208672286,0.9999999999999999,0.061783854166666666,100,0,0
paper-0.2,paper,0.2,LBQCD-D08-hetero-K15,control-heteroscedastic,missing,LBQCD-D08-hetero-K15/missing,1,update,0,0.0,400,400,0.643354800005909,400,51200,51200,51200,13107200,0.0,0,0,0,"{""0.2"": 0, ""0.5"": 0, ""1.0"": 0, ""2.0"": 0, ""4.0"": 0}",0.03771411972289407,0.26262927981447554,0.9999999999999999,0.11158854166666667,150,0,0
paper-0.2,paper,0.2,LBQCD-D08-hetero-K15,control-heteroscedastic,missing,LBQCD-D08-hetero-K15/missing,2,update,0,0.0,400,400,0.750816500003566,400,51200,51200,51200,13107200,0.0,0,0,0,"{""0.2"": 0, ""0.5"": 0, ""1.0"": 0, ""2.0"": 0, ""4.0"": 0}",0.04070607796142944,0.3068124360619739,0.9999999999999999,0.13938802083333335,100,0,0
paper-0.5,paper,0.5,LBQCD-D08-hetero-K15,control-heteroscedastic,missing,LBQCD-D08-hetero-K15/missing,0,update,0,0.0,400,400,0.8685747000126867,400,51200,51200,51200,13107200,0.0,0,0,0,"{""0.2"": 0, ""0.5"": 0, ""1.0"": 0, ""2.0"": 0, ""4.0"": 0}",0.01746738659162217,0.1392338277974952,0.9999999999999999,0.09791666666666667,100,0,0
paper-0.5,paper,0.5,LBQCD-D08-hetero-K15,control-heteroscedastic,missing,LBQCD-D08-hetero-K15/missing,1,update,0,0.0,400,400,0.7662159000028623,400,51200,51200,51200,13107200,0.0,0,0,0,"{""0.2"": 0, ""0.5"": 0, ""1.0"": 0, ""2.0"": 0, ""4.0"": 0}",0.03683060984598274,0.30458803430189973,0.9999999999999999,0.12623697916666665,200,0,0
paper-0.5,paper,0.5,LBQCD-D08-hetero-K15,control-heteroscedastic,missing,LBQCD-D08-hetero-K15/missing,2,update,0,0.0,400,400,0.6307374000025447,400,51200,51200,51200,13107200,0.0,0,0,0,"{""0.2"": 0, ""0.5"": 0, ""1.0"": 0, ""2.0"": 0, ""4.0"": 0}",0.03606985657269668,0.27420638917295276,0.9999999999999999,0.10774739583333333,100,0,0
paper-1,paper,1.0,LBQCD-D08-hetero-K15,control-heteroscedastic,missing,LBQCD-D08-hetero-K15/missing,0,update,0,0.0,400,400,0.684613100005663,400,51200,51200,51200,13107200,0.0,0,0,0,"{""0.2"": 0, ""0.5"": 0, ""1.0"": 0, ""2.0"": 0, ""4.0"": 0}",0.03019460378229155,0.1588127399329307,0.9999999999999999,0.104296875,100,0,0
paper-1,paper,1.0,LBQCD-D08-hetero-K15,control-heteroscedastic,missing,LBQCD-D08-hetero-K15/missing,1,update,0,0.0,400,400,0.6614862999995239,400,51200,51200,51200,13107200,0.0,0,0,0,"{""0.2"": 0, ""0.5"": 0, ""1.0"": 0, ""2.0"": 0, ""4.0"": 0}",0.050093695387011916,0.39618997750432444,0.9999999999999999,0.12825520833333331,100,0,0
paper-1,paper,1.0,LBQCD-D08-hetero-K15,control-heteroscedastic,missing,LBQCD-D08-hetero-K15/missing,2,update,0,0.0,400,400,0.7701205000048503,400,51200,51200,51200,13107200,0.0,0,0,0,"{""0.2"": 0, ""0.5"": 0, ""1.0"": 0, ""2.0"": 0, ""4.0"": 0}",0.04528591968895235,0.3294986016185072,0.9999999999999999,0.17161458333333335,100,0,0
paper-2,paper,2.0,LBQCD-D08-hetero-K15,control-heteroscedastic,missing,LBQCD-D08-hetero-K15/missing,0,update,0,0.0,400,400,0.8030638999916846,400,51200,51200,51200,13107200,0.0,0,0,0,"{""0.2"": 0, ""0.5"": 0, ""1.0"": 0, ""2.0"": 0, ""4.0"": 0}",0.04015621550030124,0.22280083800319223,0.9333333333333332,0.24498697916666667,150,0,0
paper-2,paper,2.0,LBQCD-D08-hetero-K15,control-heteroscedastic,missing,LBQCD-D08-hetero-K15/missing,1,update,0,0.0,400,400,0.7806170999974711,400,51200,51200,51200,13107200,0.0,0,0,0,"{""0.2"": 0, ""0.5"": 0, ""1.0"": 0, ""2.0"": 0, ""4.0"": 0}",0.0548778511394552,0.4686669228087411,0.9999999999999999,0.16920572916666665,250,0,0
paper-2,paper,2.0,LBQCD-D08-hetero-K15,control-heteroscedastic,missing,LBQCD-D08-hetero-K15/missing,2,update,0,0.0,400,400,0.8477207999967504,400,51200,51200,51200,13107200,0.0,0,0,0,"{""0.2"": 0, ""0.5"": 0, ""1.0"": 0, ""2.0"": 0, ""4.0"": 0}",0.0366655066582382,0.29057077745239485,0.9333333333333332,0.1814453125,150,0,0
paper-4,paper,4.0,LBQCD-D08-hetero-K15,control-heteroscedastic,missing,LBQCD-D08-hetero-K15/missing,0,update,0,0.0,400,400,0.7577515000011772,400,51200,51200,51200,13107200,0.0,0,0,0,"{""0.2"": 0, ""0.5"": 0, ""1.0"": 0, ""2.0"": 0, ""4.0"": 0}",0.021821078026690532,0.21524762757741225,0.9333333333333332,0.2567057291666667,300,0,0
paper-4,paper,4.0,LBQCD-D08-hetero-K15,control-heteroscedastic,missing,LBQCD-D08-hetero-K15/missing,1,update,0,0.0,400,400,0.6331991000042763,400,51200,51200,51200,13107200,0.0,0,0,0,"{""0.2"": 0, ""0.5"": 0, ""1.0"": 0, ""2.0"": 0, ""4.0"": 0}",0.05474122692527805,0.5066980812463525,0.9333333333333332,0.3059895833333333,400,0,0
paper-4,paper,4.0,LBQCD-D08-hetero-K15,control-heteroscedastic,missing,LBQCD-D08-hetero-K15/missing,2,update,0,0.0,400,400,0.639895800006343,400,51200,51200,51200,13107200,0.0,0,0,0,"{""0.2"": 0, ""0.5"": 0, ""1.0"": 0, ""2.0"": 0, ""4.0"": 0}",0.05259209277706489,0.3591844466967602,0.9333333333333332,0.2263671875,350,0,0
qld-v1,qld,0.5,LBQCD-D08-hetero-K15,control-heteroscedastic,missing,LBQCD-D08-hetero-K15/missing,0,update,0,0.7,400,400,0.3077941999945324,400,51200,51200,51200,3932160,501760.0,0,0,0,"{""0.2"": 0, ""0.5"": 0, ""1.0"": 0, ""2.0"": 0, ""4.0"": 0}",0.016206406518936234,0.11889365159050565,0.9999999999999999,0.1140625,100,0,0
qld-v1,qld,0.5,LBQCD-D08-hetero-K15,control-heteroscedastic,missing,LBQCD-D08-hetero-K15/missing,1,update,0,0.7,400,400,0.2948455000005197,400,51200,51200,51200,3932160,501760.0,0,0,0,"{""0.2"": 0, ""0.5"": 0, ""1.0"": 0, ""2.0"": 0, ""4.0"": 0}",0.015781450014697107,0.17890159833864896,0.9999999999999999,0.13802083333333331,250,0,0
qld-v1,qld,0.5,LBQCD-D08-hetero-K15,control-heteroscedastic,missing,LBQCD-D08-hetero-K15/missing,2,update,0,0.7,400,400,0.37636270000075456,400,51200,51200,51200,3932160,501760.0,0,0,0,"{""0.2"": 0, ""0.5"": 0, ""1.0"": 0, ""2.0"": 0, ""4.0"": 0}",0.013929789384408586,0.14455001782661908,0.9999999999999999,0.1296875,150,0,0
rsr-M1024-f0.70-e,rsr,0.5,LBQCD-D08-hetero-K15,control-heteroscedastic,missing,LBQCD-D08-hetero-K15/missing,0,examples,1024,0.7,35,35,0.0907774000079371,395,50560,25984,25984,360448,491520.0,0,0,0,"{""0.2"": 0, ""0.5"": 0, ""1.0"": 0, ""2.0"": 0, ""4.0"": 0}",2.8151736565444603,3.832906831093865,0.5333333333333333,1.0149739583333333,35,1,0
rsr-M1024-f0.70-e,rsr,0.5,LBQCD-D08-hetero-K15,control-heteroscedastic,missing,LBQCD-D08-hetero-K15/missing,1,examples,1024,0.7,35,35,0.10147110000252724,395,50560,25984,25984,360448,491520.0,0,0,0,"{""0.2"": 0, ""0.5"": 0, ""1.0"": 0, ""2.0"": 0, ""4.0"": 0}",2.7793950735877777,3.7264829504290735,0.4666666666666666,1.0891927083333333,35,1,0
rsr-M1024-f0.70-e,rsr,0.5,LBQCD-D08-hetero-K15,control-heteroscedastic,missing,LBQCD-D08-hetero-K15/missing,2,examples,1024,0.7,35,35,0.0819618000095943,395,50560,25984,25984,360448,491520.0,0,0,0,"{""0.2"": 0, ""0.5"": 0, ""1.0"": 0, ""2.0"": 0, ""4.0"": 0}",2.8151995389766755,3.7992056342712477,0.5333333333333333,1.0018229166666666,35,1,0
rsr-M1024-f0.70-u,rsr,0.5,LBQCD-D08-hetero-K15,control-heteroscedastic,missing,LBQCD-D08-hetero-K15/missing,0,update,1024,0.7,400,400,1.1493537000060314,4600,588800,302080,302080,3932160,5734400.0,0,0,0,"{""0.2"": 0, ""0.5"": 0, ""1.0"": 0, ""2.0"": 0, ""4.0"": 0}",0.024059721313304916,0.12469077241745792,0.9999999999999999,0.09498697916666667,100,0,0
rsr-M1024-f0.70-u,rsr,0.5,LBQCD-D08-hetero-K15,control-heteroscedastic,missing,LBQCD-D08-hetero-K15/missing,1,update,1024,0.7,400,400,1.1349783000041498,4600,588800,302080,302080,3932160,5734400.0,0,0,0,"{""0.2"": 0, ""0.5"": 0, ""1.0"": 0, ""2.0"": 0, ""4.0"": 0}",0.01970031587693377,0.20782914631348262,0.9999999999999999,0.10279947916666667,150,0,0
rsr-M1024-f0.70-u,rsr,0.5,LBQCD-D08-hetero-K15,control-heteroscedastic,missing,LBQCD-D08-hetero-K15/missing,2,update,1024,0.7,400,400,1.1979694000037853,4600,588800,302080,302080,3932160,5734400.0,0,0,0,"{""0.2"": 0, ""0.5"": 0, ""1.0"": 0, ""2.0"": 0, ""4.0"": 0}",0.011039029685839807,0.14802067841989633,0.9999999999999999,0.121875,150,0,0
rsr-M512-f0.70-e,rsr,0.5,LBQCD-D08-hetero-K15,control-heteroscedastic,missing,LBQCD-D08-hetero-K15/missing,0,examples,512,0.7,68,68,0.10422120000293944,404,51712,27136,27136,655360,442368.0,0,0,0,"{""0.2"": 0, ""0.5"": 0, ""1.0"": 0, ""2.0"": 0, ""4.0"": 0}",1.184458613646889,2.347862988875463,0.6666666666666666,0.7747395833333333,68,1,0
rsr-M512-f0.70-e,rsr,0.5,LBQCD-D08-hetero-K15,control-heteroscedastic,missing,LBQCD-D08-hetero-K15/missing,1,examples,512,0.7,68,68,0.15663589999894612,404,51712,27136,27136,655360,442368.0,0,0,0,"{""0.2"": 0, ""0.5"": 0, ""1.0"": 0, ""2.0"": 0, ""4.0"": 0}",0.9625498877709449,2.178975203004902,0.6666666666666666,0.7610026041666667,68,1,0
rsr-M512-f0.70-e,rsr,0.5,LBQCD-D08-hetero-K15,control-heteroscedastic,missing,LBQCD-D08-hetero-K15/missing,2,examples,512,0.7,68,68,0.12473929999396205,404,51712,27136,27136,655360,442368.0,0,0,0,"{""0.2"": 0, ""0.5"": 0, ""1.0"": 0, ""2.0"": 0, ""4.0"": 0}",0.9697776581664357,2.2173761597303367,0.6666666666666666,0.776171875,68,1,0
rsr-M512-f0.70-u,rsr,0.5,LBQCD-D08-hetero-K15,control-heteroscedastic,missing,LBQCD-D08-hetero-K15/missing,0,update,512,0.7,400,400,0.8267802000045776,2360,302080,158720,158720,3932160,2580480.0,0,0,0,"{""0.2"": 0, ""0.5"": 0, ""1.0"": 0, ""2.0"": 0, ""4.0"": 0}",0.014244402123431588,0.13215392184722854,0.9999999999999999,0.1140625,150,0,0
rsr-M512-f0.70-u,rsr,0.5,LBQCD-D08-hetero-K15,control-heteroscedastic,missing,LBQCD-D08-hetero-K15/missing,1,update,512,0.7,400,400,0.6742393000022275,2360,302080,158720,158720,3932160,2580480.0,0,0,0,"{""0.2"": 0, ""0.5"": 0, ""1.0"": 0, ""2.0"": 0, ""4.0"": 0}",0.01580862772951175,0.17255596700018128,0.9999999999999999,0.11022135416666666,150,0,0
rsr-M512-f0.70-u,rsr,0.5,LBQCD-D08-hetero-K15,control-heteroscedastic,missing,LBQCD-D08-hetero-K15/missing,2,update,512,0.7,400,400,0.7128899999952409,2360,302080,158720,158720,3932160,2580480.0,0,0,0,"{""0.2"": 0, ""0.5"": 0, ""1.0"": 0, ""2.0"": 0, ""4.0"": 0}",0.00941283535183235,0.15861535811953764,0.9999999999999999,0.135546875,150,0,0
paper-0.2,paper,0.2,LBQCD-D09-overlap-K8,control-overlap,concentrated,LBQCD-D09-overlap-K8/concentrated,0,update,0,0.0,400,400,0.7461314999964088,400,51200,51200,51200,13107200,0.0,0,0,0,"{""0.2"": 0, ""0.5"": 0, ""1.0"": 0, ""2.0"": 0, ""4.0"": 0}",0.0013126650273775908,0.03851465097826979,1.0,0.0908203125,50,0,0
paper-0.2,paper,0.2,LBQCD-D09-overlap-K8,control-overlap,concentrated,LBQCD-D09-overlap-K8/concentrated,1,update,0,0.0,400,400,0.6514806999912253,400,51200,51200,51200,13107200,0.0,0,0,0,"{""0.2"": 0, ""0.5"": 0, ""1.0"": 0, ""2.0"": 0, ""4.0"": 0}",0.003639284091852102,0.02867695709199199,1.0,0.08203125,50,0,0
paper-0.2,paper,0.2,LBQCD-D09-overlap-K8,control-overlap,concentrated,LBQCD-D09-overlap-K8/concentrated,2,update,0,0.0,400,400,0.8301922000100603,400,51200,51200,51200,13107200,0.0,0,0,0,"{""0.2"": 0, ""0.5"": 0, ""1.0"": 0, ""2.0"": 0, ""4.0"": 0}",0.0034939067102476296,0.0378457342570309,1.0,0.076171875,50,0,0
paper-0.5,paper,0.5,LBQCD-D09-overlap-K8,control-overlap,concentrated,LBQCD-D09-overlap-K8/concentrated,0,update,0,0.0,400,400,0.803678399999626,400,51200,51200,51200,13107200,0.0,0,0,0,"{""0.2"": 0, ""0.5"": 0, ""1.0"": 0, ""2.0"": 0, ""4.0"": 0}",0.0021047928343713718,0.047022884707723756,1.0,0.111328125,50,0,0
paper-0.5,paper,0.5,LBQCD-D09-overlap-K8,control-overlap,concentrated,LBQCD-D09-overlap-K8/concentrated,1,update,0,0.0,400,400,0.8190449999965494,400,51200,51200,51200,13107200,0.0,0,0,0,"{""0.2"": 0, ""0.5"": 0, ""1.0"": 0, ""2.0"": 0, ""4.0"": 0}",0.0024543690130575113,0.024859649720024666,1.0,0.046875,50,0,0
paper-0.5,paper,0.5,LBQCD-D09-overlap-K8,control-overlap,concentrated,LBQCD-D09-overlap-K8/concentrated,2,update,0,0.0,400,400,0.5688867999997456,400,51200,51200,51200,13107200,0.0,0,0,0,"{""0.2"": 0, ""0.5"": 0, ""1.0"": 0, ""2.0"": 0, ""4.0"": 0}",0.004268868801782233,0.04325972731076443,1.0,0.0693359375,50,0,0
paper-1,paper,1.0,LBQCD-D09-overlap-K8,control-overlap,concentrated,LBQCD-D09-overlap-K8/concentrated,0,update,0,0.0,400,400,0.6353999999992084,400,51200,51200,51200,13107200,0.0,0,0,0,"{""0.2"": 0, ""0.5"": 0, ""1.0"": 0, ""2.0"": 0, ""4.0"": 0}",0.002675203185187547,0.05181089737730469,1.0,0.130859375,50,0,0
paper-1,paper,1.0,LBQCD-D09-overlap-K8,control-overlap,concentrated,LBQCD-D09-overlap-K8/concentrated,1,update,0,0.0,400,400,0.680096299998695,400,51200,51200,51200,13107200,0.0,0,0,0,"{""0.2"": 0, ""0.5"": 0, ""1.0"": 0, ""2.0"": 0, ""4.0"": 0}",0.0023837975501995734,0.026447356054201766,1.0,0.048828125,50,0,0
paper-1,paper,1.0,LBQCD-D09-overlap-K8,control-overlap,concentrated,LBQCD-D09-overlap-K8/concentrated,2,update,0,0.0,400,400,0.7000461000134237,400,51200,51200,51200,13107200,0.0,0,0,0,"{""0.2"": 0, ""0.5"": 0, ""1.0"": 0, ""2.0"": 0, ""4.0"": 0}",0.007747310363097504,0.04062449982195945,1.0,0.0849609375,50,0,0
paper-2,paper,2.0,LBQCD-D09-overlap-K8,control-overlap,concentrated,LBQCD-D09-overlap-K8/concentrated,0,update,0,0.0,400,400,0.5053537000057986,400,51200,51200,51200,13107200,0.0,0,0,0,"{""0.2"": 0, ""0.5"": 0, ""1.0"": 0, ""2.0"": 0, ""4.0"": 0}",0.0034112804206387626,0.05560150152542866,1.0,0.158203125,50,0,0
paper-2,paper,2.0,LBQCD-D09-overlap-K8,control-overlap,concentrated,LBQCD-D09-overlap-K8/concentrated,1,update,0,0.0,400,400,0.6934296999970684,400,51200,51200,51200,13107200,0.0,0,0,0,"{""0.2"": 0, ""0.5"": 0, ""1.0"": 0, ""2.0"": 0, ""4.0"": 0}",0.0041978069065081725,0.043198877486500024,1.0,0.09375,50,0,0
paper-2,paper,2.0,LBQCD-D09-overlap-K8,control-overlap,concentrated,LBQCD-D09-overlap-K8/concentrated,2,update,0,0.0,400,400,0.8875632999988738,400,51200,51200,51200,13107200,0.0,0,0,0,"{""0.2"": 0, ""0.5"": 0, ""1.0"": 0, ""2.0"": 0, ""4.0"": 0}",0.010171557348621185,0.025702021604938775,1.0,0.095703125,50,0,0
paper-4,paper,4.0,LBQCD-D09-overlap-K8,control-overlap,concentrated,LBQCD-D09-overlap-K8/concentrated,0,update,0,0.0,400,400,0.8307124999992084,400,51200,51200,51200,13107200,0.0,0,0,0,"{""0.2"": 0, ""0.5"": 0, ""1.0"": 0, ""2.0"": 0, ""4.0"": 0}",0.004568249037655625,0.056821834323681396,1.0,0.2216796875,50,0,0
paper-4,paper,4.0,LBQCD-D09-overlap-K8,control-overlap,concentrated,LBQCD-D09-overlap-K8/concentrated,1,update,0,0.0,400,400,0.8898031999997329,400,51200,51200,51200,13107200,0.0,0,0,0,"{""0.2"": 0, ""0.5"": 0, ""1.0"": 0, ""2.0"": 0, ""4.0"": 0}",0.010724354604172981,0.08115686081611824,1.0,0.2216796875,50,0,0
paper-4,paper,4.0,LBQCD-D09-overlap-K8,control-overlap,concentrated,LBQCD-D09-overlap-K8/concentrated,2,update,0,0.0,400,400,0.691985500001465,400,51200,51200,51200,13107200,0.0,0,0,0,"{""0.2"": 0, ""0.5"": 0, ""1.0"": 0, ""2.0"": 0, ""4.0"": 0}",0.01778260126664266,0.05854138372887948,1.0,0.2861328125,50,0,0
qld-v1,qld,0.5,LBQCD-D09-overlap-K8,control-overlap,concentrated,LBQCD-D09-overlap-K8/concentrated,0,update,0,0.7,400,400,0.2963632000028156,400,51200,51200,51200,3932160,501760.0,0,0,0,"{""0.2"": 0, ""0.5"": 0, ""1.0"": 0, ""2.0"": 0, ""4.0"": 0}",0.0006764280945090739,0.021974102303537562,1.0,0.048828125,50,0,0
qld-v1,qld,0.5,LBQCD-D09-overlap-K8,control-overlap,concentrated,LBQCD-D09-overlap-K8/concentrated,1,update,0,0.7,400,400,0.34750840000924654,400,51200,51200,51200,3932160,501760.0,0,0,0,"{""0.2"": 0, ""0.5"": 0, ""1.0"": 0, ""2.0"": 0, ""4.0"": 0}",0.0027553002764481027,0.0227672853304435,1.0,0.0556640625,50,0,0
qld-v1,qld,0.5,LBQCD-D09-overlap-K8,control-overlap,concentrated,LBQCD-D09-overlap-K8/concentrated,2,update,0,0.7,400,400,0.31707260000985116,400,51200,51200,51200,3932160,501760.0,0,0,0,"{""0.2"": 0, ""0.5"": 0, ""1.0"": 0, ""2.0"": 0, ""4.0"": 0}",0.002670405985642388,0.02864401103541355,1.0,0.052734375,50,0,0
rsr-M1024-f0.70-e,rsr,0.5,LBQCD-D09-overlap-K8,control-overlap,concentrated,LBQCD-D09-overlap-K8/concentrated,0,examples,1024,0.7,35,35,0.10003270000743214,395,50560,25984,25984,360448,491520.0,0,0,0,"{""0.2"": 0, ""0.5"": 0, ""1.0"": 0, ""2.0"": 0, ""4.0"": 0}",0.0037445040110232197,0.052964715564755474,1.0,0.1357421875,35,1,0
rsr-M1024-f0.70-e,rsr,0.5,LBQCD-D09-overlap-K8,control-overlap,concentrated,LBQCD-D09-overlap-K8/concentrated,1,examples,1024,0.7,35,35,0.09807779999391641,395,50560,25984,25984,360448,491520.0,0,0,0,"{""0.2"": 0, ""0.5"": 0, ""1.0"": 0, ""2.0"": 0, ""4.0"": 0}",0.008056834388714074,0.06602148481935768,1.0,0.138671875,35,1,0
rsr-M1024-f0.70-e,rsr,0.5,LBQCD-D09-overlap-K8,control-overlap,concentrated,LBQCD-D09-overlap-K8/concentrated,2,examples,1024,0.7,35,35,0.09607099999266211,395,50560,25984,25984,360448,491520.0,0,0,0,"{""0.2"": 0, ""0.5"": 0, ""1.0"": 0, ""2.0"": 0, ""4.0"": 0}",0.0060243700688280555,0.053037975256121916,1.0,0.1787109375,35,1,0
rsr-M1024-f0.70-u,rsr,0.5,LBQCD-D09-overlap-K8,control-overlap,concentrated,LBQCD-D09-overlap-K8/concentrated,0,update,1024,0.7,400,400,1.2045465999981388,4600,588800,302080,302080,3932160,5734400.0,0,0,0,"{""0.2"": 0, ""0.5"": 0, ""1.0"": 0, ""2.0"": 0, ""4.0"": 0}",0.003012199907283186,0.05337046831996953,1.0,0.1162109375,50,0,0
rsr-M1024-f0.70-u,rsr,0.5,LBQCD-D09-overlap-K8,control-overlap,concentrated,LBQCD-D09-overlap-K8/concentrated,1,update,1024,0.7,400,400,1.0458940000098664,4600,588800,302080,302080,3932160,5734400.0,0,0,0,"{""0.2"": 0, ""0.5"": 0, ""1.0"": 0, ""2.0"": 0, ""4.0"": 0}",0.0031023115484715147,0.024107307632337358,1.0,0.048828125,50,0,0
rsr-M1024-f0.70-u,rsr,0.5,LBQCD-D09-overlap-K8,control-overlap,concentrated,LBQCD-D09-overlap-K8/concentrated,2,update,1024,0.7,400,400,1.0963018000038574,4600,588800,302080,302080,3932160,5734400.0,0,0,0,"{""0.2"": 0, ""0.5"": 0, ""1.0"": 0, ""2.0"": 0, ""4.0"": 0}",0.007016868914262897,0.03253410930929061,1.0,0.083984375,50,0,0
rsr-M512-f0.70-e,rsr,0.5,LBQCD-D09-overlap-K8,control-overlap,concentrated,LBQCD-D09-overlap-K8/concentrated,0,examples,512,0.7,68,68,0.136695499997586,404,51712,27136,27136,655360,442368.0,0,0,0,"{""0.2"": 0, ""0.5"": 0, ""1.0"": 0, ""2.0"": 0, ""4.0"": 0}",0.002598277844395591,0.041097872405189,1.0,0.060546875,50,0,0
rsr-M512-f0.70-e,rsr,0.5,LBQCD-D09-overlap-K8,control-overlap,concentrated,LBQCD-D09-overlap-K8/concentrated,1,examples,512,0.7,68,68,0.14376850001281127,404,51712,27136,27136,655360,442368.0,0,0,0,"{""0.2"": 0, ""0.5"": 0, ""1.0"": 0, ""2.0"": 0, ""4.0"": 0}",0.0063290903789888775,0.0515045912705657,1.0,0.1123046875,50,0,0
rsr-M512-f0.70-e,rsr,0.5,LBQCD-D09-overlap-K8,control-overlap,concentrated,LBQCD-D09-overlap-K8/concentrated,2,examples,512,0.7,68,68,0.15012879999994766,404,51712,27136,27136,655360,442368.0,0,0,0,"{""0.2"": 0, ""0.5"": 0, ""1.0"": 0, ""2.0"": 0, ""4.0"": 0}",0.006275333713766873,0.028654950712137903,1.0,0.1201171875,50,0,0
rsr-M512-f0.70-u,rsr,0.5,LBQCD-D09-overlap-K8,control-overlap,concentrated,LBQCD-D09-overlap-K8/concentrated,0,update,512,0.7,400,400,0.7268991999881109,2360,302080,158720,158720,3932160,2580480.0,0,0,0,"{""0.2"": 0, ""0.5"": 0, ""1.0"": 0, ""2.0"": 0, ""4.0"": 0}",0.002160028032541783,0.02880850790619964,1.0,0.0712890625,50,0,0
rsr-M512-f0.70-u,rsr,0.5,LBQCD-D09-overlap-K8,control-overlap,concentrated,LBQCD-D09-overlap-K8/concentrated,1,update,512,0.7,400,400,0.6529619000066305,2360,302080,158720,158720,3932160,2580480.0,0,0,0,"{""0.2"": 0, ""0.5"": 0, ""1.0"": 0, ""2.0"": 0, ""4.0"": 0}",0.002131535829652642,0.024452827983904673,1.0,0.037109375,50,0,0
rsr-M512-f0.70-u,rsr,0.5,LBQCD-D09-overlap-K8,control-overlap,concentrated,LBQCD-D09-overlap-K8/concentrated,2,update,512,0.7,400,400,0.6808952000137651,2360,302080,158720,158720,3932160,2580480.0,0,0,0,"{""0.2"": 0, ""0.5"": 0, ""1.0"": 0, ""2.0"": 0, ""4.0"": 0}",0.002285145515312559,0.03198672476670016,1.0,0.076171875,50,0,0
paper-0.2,paper,0.2,LBQCD-D09-overlap-K8,control-overlap,missing,LBQCD-D09-overlap-K8/missing,0,update,0,0.0,400,400,0.5942188000044553,400,51200,51200,51200,13107200,0.0,0,0,0,"{""0.2"": 0, ""0.5"": 0, ""1.0"": 0, ""2.0"": 0, ""4.0"": 0}",0.0014160162532721454,0.03314571242679019,1.0,0.078125,50,0,0
paper-0.2,paper,0.2,LBQCD-D09-overlap-K8,control-overlap,missing,LBQCD-D09-overlap-K8/missing,1,update,0,0.0,400,400,0.6497741999919526,400,51200,51200,51200,13107200,0.0,0,0,0,"{""0.2"": 0, ""0.5"": 0, ""1.0"": 0, ""2.0"": 0, ""4.0"": 0}",0.004442967355591798,0.052473491466210526,1.0,0.1044921875,50,0,0
paper-0.2,paper,0.2,LBQCD-D09-overlap-K8,control-overlap,missing,LBQCD-D09-overlap-K8/missing,2,update,0,0.0,400,400,0.6375188999954844,400,51200,51200,51200,13107200,0.0,0,0,0,"{""0.2"": 0, ""0.5"": 0, ""1.0"": 0, ""2.0"": 0, ""4.0"": 0}",0.0008808417418753045,0.024841075255762155,1.0,0.087890625,50,0,0
paper-0.5,paper,0.5,LBQCD-D09-overlap-K8,control-overlap,missing,LBQCD-D09-overlap-K8/missing,0,update,0,0.0,400,400,0.7560722999915015,400,51200,51200,51200,13107200,0.0,0,0,0,"{""0.2"": 0, ""0.5"": 0, ""1.0"": 0, ""2.0"": 0, ""4.0"": 0}",0.0013446918980082323,0.03512648067100029,1.0,0.091796875,50,0,0
paper-0.5,paper,0.5,LBQCD-D09-overlap-K8,control-overlap,missing,LBQCD-D09-overlap-K8/missing,1,update,0,0.0,400,400,0.8079727000003913,400,51200,51200,51200,13107200,0.0,0,0,0,"{""0.2"": 0, ""0.5"": 0, ""1.0"": 0, ""2.0"": 0, ""4.0"": 0}",0.0031191351311162796,0.04639224616273401,1.0,0.107421875,50,0,0
paper-0.5,paper,0.5,LBQCD-D09-overlap-K8,control-overlap,missing,LBQCD-D09-overlap-K8/missing,2,update,0,0.0,400,400,0.7212062000035075,400,51200,51200,51200,13107200,0.0,0,0,0,"{""0.2"": 0, ""0.5"": 0, ""1.0"": 0, ""2.0"": 0, ""4.0"": 0}",0.0010470391058434725,0.027638297141795318,1.0,0.0673828125,50,0,0
paper-1,paper,1.0,LBQCD-D09-overlap-K8,control-overlap,missing,LBQCD-D09-overlap-K8/missing,0,update,0,0.0,400,400,0.6696510000037961,400,51200,51200,51200,13107200,0.0,0,0,0,"{""0.2"": 0, ""0.5"": 0, ""1.0"": 0, ""2.0"": 0, ""4.0"": 0}",0.0015545316341312176,0.031704414426234624,1.0,0.0859375,50,0,0
paper-1,paper,1.0,LBQCD-D09-overlap-K8,control-overlap,missing,LBQCD-D09-overlap-K8/missing,1,update,0,0.0,400,400,0.6375756000052206,400,51200,51200,51200,13107200,0.0,0,0,0,"{""0.2"": 0, ""0.5"": 0, ""1.0"": 0, ""2.0"": 0, ""4.0"": 0}",0.0032172109546163563,0.04897726831068059,1.0,0.087890625,50,0,0
paper-1,paper,1.0,LBQCD-D09-overlap-K8,control-overlap,missing,LBQCD-D09-overlap-K8/missing,2,update,0,0.0,400,400,0.6031390999996802,400,51200,51200,51200,13107200,0.0,0,0,0,"{""0.2"": 0, ""0.5"": 0, ""1.0"": 0, ""2.0"": 0, ""4.0"": 0}",0.0010628299548076647,0.036504712795184156,1.0,0.1005859375,50,0,0
paper-2,paper,2.0,LBQCD-D09-overlap-K8,control-overlap,missing,LBQCD-D09-overlap-K8/missing,0,update,0,0.0,400,400,0.7577539000049001,400,51200,51200,51200,13107200,0.0,0,0,0,"{""0.2"": 0, ""0.5"": 0, ""1.0"": 0, ""2.0"": 0, ""4.0"": 0}",0.002165404676982896,0.028498575892321614,1.0,0.0693359375,50,0,0
paper-2,paper,2.0,LBQCD-D09-overlap-K8,control-overlap,missing,LBQCD-D09-overlap-K8/missing,1,update,0,0.0,400,400,0.6185533000098076,400,51200,51200,51200,13107200,0.0,0,0,0,"{""0.2"": 0, ""0.5"": 0, ""1.0"": 0, ""2.0"": 0, ""4.0"": 0}",0.001953021689263812,0.046088263306069396,1.0,0.07421875,50,0,0
paper-2,paper,2.0,LBQCD-D09-overlap-K8,control-overlap,missing,LBQCD-D09-overlap-K8/missing,2,update,0,0.0,400,400,0.7754650999995647,400,51200,51200,51200,13107200,0.0,0,0,0,"{""0.2"": 0, ""0.5"": 0, ""1.0"": 0, ""2.0"": 0, ""4.0"": 0}",0.002889804419033415,0.06082288098893106,1.0,0.17578125,50,0,0
paper-4,paper,4.0,LBQCD-D09-overlap-K8,control-overlap,missing,LBQCD-D09-overlap-K8/missing,0,update,0,0.0,400,400,0.7445976000017254,400,51200,51200,51200,13107200,0.0,0,0,0,"{""0.2"": 0, ""0.5"": 0, ""1.0"": 0, ""2.0"": 0, ""4.0"": 0}",0.0028738056957758884,0.032164180072637216,1.0,0.09375,50,0,0
paper-4,paper,4.0,LBQCD-D09-overlap-K8,control-overlap,missing,LBQCD-D09-overlap-K8/missing,1,update,0,0.0,400,400,0.6200092999933986,400,51200,51200,51200,13107200,0.0,0,0,0,"{""0.2"": 0, ""0.5"": 0, ""1.0"": 0, ""2.0"": 0, ""4.0"": 0}",0.007075210288181588,0.07808293625598557,1.0,0.15625,50,0,0
paper-4,paper,4.0,LBQCD-D09-overlap-K8,control-overlap,missing,LBQCD-D09-overlap-K8/missing,2,update,0,0.0,400,400,0.6921217999915825,400,51200,51200,51200,13107200,0.0,0,0,0,"{""0.2"": 0, ""0.5"": 0, ""1.0"": 0, ""2.0"": 0, ""4.0"": 0}",0.005398653747864524,0.07801830675195087,1.0,0.2685546875,50,0,0
qld-v1,qld,0.5,LBQCD-D09-overlap-K8,control-overlap,missing,LBQCD-D09-overlap-K8/missing,0,update,0,0.7,400,400,0.32149509999726433,400,51200,51200,51200,3932160,501760.0,0,0,0,"{""0.2"": 0, ""0.5"": 0, ""1.0"": 0, ""2.0"": 0, ""4.0"": 0}",0.00106182618055084,0.018283110583713506,1.0,0.03515625,50,0,0
qld-v1,qld,0.5,LBQCD-D09-overlap-K8,control-overlap,missing,LBQCD-D09-overlap-K8/missing,1,update,0,0.7,400,400,0.35559080001257826,400,51200,51200,51200,3932160,501760.0,0,0,0,"{""0.2"": 0, ""0.5"": 0, ""1.0"": 0, ""2.0"": 0, ""4.0"": 0}",0.005584840473812025,0.0457068401661821,1.0,0.09375,50,0,0
qld-v1,qld,0.5,LBQCD-D09-overlap-K8,control-overlap,missing,LBQCD-D09-overlap-K8/missing,2,update,0,0.7,400,400,0.35485839999455493,400,51200,51200,51200,3932160,501760.0,0,0,0,"{""0.2"": 0, ""0.5"": 0, ""1.0"": 0, ""2.0"": 0, ""4.0"": 0}",0.000631956243016929,0.020139718607040436,1.0,0.0341796875,50,0,0
rsr-M1024-f0.70-e,rsr,0.5,LBQCD-D09-overlap-K8,control-overlap,missing,LBQCD-D09-overlap-K8/missing,0,examples,1024,0.7,35,35,0.10307769999781158,395,50560,25984,25984,360448,491520.0,0,0,0,"{""0.2"": 0, ""0.5"": 0, ""1.0"": 0, ""2.0"": 0, ""4.0"": 0}",0.20687528361660812,0.569435510374716,1.0,0.53515625,35,1,0
rsr-M1024-f0.70-e,rsr,0.5,LBQCD-D09-overlap-K8,control-overlap,missing,LBQCD-D09-overlap-K8/missing,1,examples,1024,0.7,35,35,0.10371589999704156,395,50560,25984,25984,360448,491520.0,0,0,0,"{""0.2"": 0, ""0.5"": 0, ""1.0"": 0, ""2.0"": 0, ""4.0"": 0}",0.17601774128413794,0.511387254551617,1.0,0.4609375,35,1,0
rsr-M1024-f0.70-e,rsr,0.5,LBQCD-D09-overlap-K8,control-overlap,missing,LBQCD-D09-overlap-K8/missing,2,examples,1024,0.7,35,35,0.1037514000054216,395,50560,25984,25984,360448,491520.0,0,0,0,"{""0.2"": 0, ""0.5"": 0, ""1.0"": 0, ""2.0"": 0, ""4.0"": 0}",0.20427334818824128,0.5336208921830294,1.0,0.54296875,35,1,0
rsr-M1024-f0.70-u,rsr,0.5,LBQCD-D09-overlap-K8,control-overlap,missing,LBQCD-D09-overlap-K8/missing,0,update,1024,0.7,400,400,0.9725809000083245,4600,588800,302080,302080,3932160,5734400.0,0,0,0,"{""0.2"": 0, ""0.5"": 0, ""1.0"": 0, ""2.0"": 0, ""4.0"": 0}",0.0019953775165423293,0.02999745362379174,1.0,0.0810546875,50,0,0
rsr-M1024-f0.70-u,rsr,0.5,LBQCD-D09-overlap-K8,control-overlap,missing,LBQCD-D09-overlap-K8/missing,1,update,1024,0.7,400,400,1.1270349999977043,4600,588800,302080,302080,3932160,5734400.0,0,0,0,"{""0.2"": 0, ""0.5"": 0, ""1.0"": 0, ""2.0"": 0, ""4.0"": 0}",0.0030878347452709676,0.023405462782815366,1.0,0.08984375,50,0,0
rsr-M1024-f0.70-u,rsr,0.5,LBQCD-D09-overlap-K8,control-overlap,missing,LBQCD-D09-overlap-K8/missing,2,update,1024,0.7,400,400,1.0959470999951009,4600,588800,302080,302080,3932160,5734400.0,0,0,0,"{""0.2"": 0, ""0.5"": 0, ""1.0"": 0, ""2.0"": 0, ""4.0"": 0}",0.00113554003863503,0.023120725601311575,1.0,0.0810546875,50,0,0
rsr-M512-f0.70-e,rsr,0.5,LBQCD-D09-overlap-K8,control-overlap,missing,LBQCD-D09-overlap-K8/missing,0,examples,512,0.7,68,68,0.11980109999421984,404,51712,27136,27136,655360,442368.0,0,0,0,"{""0.2"": 0, ""0.5"": 0, ""1.0"": 0, ""2.0"": 0, ""4.0"": 0}",0.05414806572080555,0.20185538749913604,1.0,0.2626953125,50,0,0
rsr-M512-f0.70-e,rsr,0.5,LBQCD-D09-overlap-K8,control-overlap,missing,LBQCD-D09-overlap-K8/missing,1,examples,512,0.7,68,68,0.13746519999403972,404,51712,27136,27136,655360,442368.0,0,0,0,"{""0.2"": 0, ""0.5"": 0, ""1.0"": 0, ""2.0"": 0, ""4.0"": 0}",0.040845333970388475,0.18812326566321755,1.0,0.27734375,50,0,0
rsr-M512-f0.70-e,rsr,0.5,LBQCD-D09-overlap-K8,control-overlap,missing,LBQCD-D09-overlap-K8/missing,2,examples,512,0.7,68,68,0.15408079999906477,404,51712,27136,27136,655360,442368.0,0,0,0,"{""0.2"": 0, ""0.5"": 0, ""1.0"": 0, ""2.0"": 0, ""4.0"": 0}",0.05256544944544095,0.22019558807841352,1.0,0.23828125,50,0,0
rsr-M512-f0.70-u,rsr,0.5,LBQCD-D09-overlap-K8,control-overlap,missing,LBQCD-D09-overlap-K8/missing,0,update,512,0.7,400,400,0.6508983999956399,2360,302080,158720,158720,3932160,2580480.0,0,0,0,"{""0.2"": 0, ""0.5"": 0, ""1.0"": 0, ""2.0"": 0, ""4.0"": 0}",0.0012467024434572593,0.037807800114216084,1.0,0.078125,50,0,0
rsr-M512-f0.70-u,rsr,0.5,LBQCD-D09-overlap-K8,control-overlap,missing,LBQCD-D09-overlap-K8/missing,1,update,512,0.7,400,400,0.6524363000062294,2360,302080,158720,158720,3932160,2580480.0,0,0,0,"{""0.2"": 0, ""0.5"": 0, ""1.0"": 0, ""2.0"": 0, ""4.0"": 0}",0.004611645388274854,0.023715221235542115,1.0,0.0400390625,50,0,0
rsr-M512-f0.70-u,rsr,0.5,LBQCD-D09-overlap-K8,control-overlap,missing,LBQCD-D09-overlap-K8/missing,2,update,512,0.7,400,400,0.6694167999958154,2360,302080,158720,158720,3932160,2580480.0,0,0,0,"{""0.2"": 0, ""0.5"": 0, ""1.0"": 0, ""2.0"": 0, ""4.0"": 0}",0.002521301755509242,0.04448704537574688,1.0,0.1201171875,50,0,0
paper-0.2,paper,0.2,LBQCD-D10-contaminated,control-contaminated,concentrated,LBQCD-D10-contaminated/concentrated,0,update,0,0.0,400,400,0.647294199996395,400,51200,51200,51200,13107200,0.0,0,0,0,"{""0.2"": 0, ""0.5"": 0, ""1.0"": 0, ""2.0"": 0, ""4.0"": 0}",0.014819581304089002,0.16185613619788045,0.9800000000000001,0.08828124999999996,50,0,0
paper-0.2,paper,0.2,LBQCD-D10-contaminated,control-contaminated,concentrated,LBQCD-D10-contaminated/concentrated,1,update,0,0.0,400,400,0.6752091999951517,400,51200,51200,51200,13107200,0.0,0,0,0,"{""0.2"": 0, ""0.5"": 0, ""1.0"": 0, ""2.0"": 0, ""4.0"": 0}",0.013803136371892233,0.18939740705824556,0.9800000000000001,0.09750000000000002,50,0,0
paper-0.2,paper,0.2,LBQCD-D10-contaminated,control-contaminated,concentrated,LBQCD-D10-contaminated/concentrated,2,update,0,0.0,400,400,0.7638776000094367,400,51200,51200,51200,13107200,0.0,0,0,0,"{""0.2"": 0, ""0.5"": 0, ""1.0"": 0, ""2.0"": 0, ""4.0"": 0}",0.012323749729467703,0.18090363329030093,0.9800000000000001,0.07976562499999994,50,0,0
paper-0.5,paper,0.5,LBQCD-D10-contaminated,control-contaminated,concentrated,LBQCD-D10-contaminated/concentrated,0,update,0,0.0,400,400,0.8720578000065871,400,51200,51200,51200,13107200,0.0,0,0,0,"{""0.2"": 0, ""0.5"": 0, ""1.0"": 0, ""2.0"": 0, ""4.0"": 0}",0.01516210815581509,0.16867722137402985,0.9800000000000001,0.12023437499999999,50,0,0
paper-0.5,paper,0.5,LBQCD-D10-contaminated,control-contaminated,concentrated,LBQCD-D10-contaminated/concentrated,1,update,0,0.0,400,400,0.7567878999980167,400,51200,51200,51200,13107200,0.0,0,0,0,"{""0.2"": 0, ""0.5"": 0, ""1.0"": 0, ""2.0"": 0, ""4.0"": 0}",0.012504889958837806,0.2011371603863197,0.9800000000000001,0.10488281249999996,50,0,0
paper-0.5,paper,0.5,LBQCD-D10-contaminated,control-contaminated,concentrated,LBQCD-D10-contaminated/concentrated,2,update,0,0.0,400,400,0.6785041999974055,400,51200,51200,51200,13107200,0.0,0,0,0,"{""0.2"": 0, ""0.5"": 0, ""1.0"": 0, ""2.0"": 0, ""4.0"": 0}",0.011964559768321559,0.18127328682271684,0.9800000000000001,0.08410156249999999,50,0,0
paper-1,paper,1.0,LBQCD-D10-contaminated,control-contaminated,concentrated,LBQCD-D10-contaminated/concentrated,0,update,0,0.0,400,400,0.623004499997478,400,51200,51200,51200,13107200,0.0,0,0,0,"{""0.2"": 0, ""0.5"": 0, ""1.0"": 0, ""2.0"": 0, ""4.0"": 0}",0.016488857895635256,0.1742359279583623,0.9800000000000001,0.11046874999999999,50,0,0
paper-1,paper,1.0,LBQCD-D10-contaminated,control-contaminated,concentrated,LBQCD-D10-contaminated/concentrated,1,update,0,0.0,400,400,0.7273030000069411,400,51200,51200,51200,13107200,0.0,0,0,0,"{""0.2"": 0, ""0.5"": 0, ""1.0"": 0, ""2.0"": 0, ""4.0"": 0}",0.012616314600365275,0.20091998870014124,0.9800000000000001,0.12316406249999999,100,0,0
paper-1,paper,1.0,LBQCD-D10-contaminated,control-contaminated,concentrated,LBQCD-D10-contaminated/concentrated,2,update,0,0.0,400,400,0.7319379999971716,400,51200,51200,51200,13107200,0.0,0,0,0,"{""0.2"": 0, ""0.5"": 0, ""1.0"": 0, ""2.0"": 0, ""4.0"": 0}",0.010641642354891623,0.18199559790200298,0.9800000000000001,0.1251171875,100,0,0
paper-2,paper,2.0,LBQCD-D10-contaminated,control-contaminated,concentrated,LBQCD-D10-contaminated/concentrated,0,update,0,0.0,400,400,0.7422590000060154,400,51200,51200,51200,13107200,0.0,0,0,0,"{""0.2"": 0, ""0.5"": 0, ""1.0"": 0, ""2.0"": 0, ""4.0"": 0}",0.016631728866537188,0.17484645781509375,0.9800000000000001,0.11171874999999996,50,0,0
paper-2,paper,2.0,LBQCD-D10-contaminated,control-contaminated,concentrated,LBQCD-D10-contaminated/concentrated,1,update,0,0.0,400,400,0.6819944000017131,400,51200,51200,51200,13107200,0.0,0,0,0,"{""0.2"": 0, ""0.5"": 0, ""1.0"": 0, ""2.0"": 0, ""4.0"": 0}",0.013999218363816457,0.2009682485182469,0.9800000000000001,0.1329296875,100,0,0
paper-2,paper,2.0,LBQCD-D10-contaminated,control-contaminated,concentrated,LBQCD-D10-contaminated/concentrated,2,update,0,0.0,400,400,0.862491100007901,400,51200,51200,51200,13107200,0.0,0,0,0,"{""0.2"": 0, ""0.5"": 0, ""1.0"": 0, ""2.0"": 0, ""4.0"": 0}",0.009582746440529366,0.18729564552502698,0.9800000000000001,0.155390625,100,0,0
paper-4,paper,4.0,LBQCD-D10-contaminated,control-contaminated,concentrated,LBQCD-D10-contaminated/concentrated,0,update,0,0.0,400,400,0.7323819000012008,400,51200,51200,51200,13107200,0.0,0,0,0,"{""0.2"": 0, ""0.5"": 0, ""1.0"": 0, ""2.0"": 0, ""4.0"": 0}",0.019277608021956993,0.18438002469801887,0.9800000000000001,0.11925781249999999,50,0,0
paper-4,paper,4.0,LBQCD-D10-contaminated,control-contaminated,concentrated,LBQCD-D10-contaminated/concentrated,1,update,0,0.0,400,400,0.6657295000040904,400,51200,51200,51200,13107200,0.0,0,0,0,"{""0.2"": 0, ""0.5"": 0, ""1.0"": 0, ""2.0"": 0, ""4.0"": 0}",0.018371092914952314,0.1994823783920629,0.9800000000000001,0.1505078125,150,0,0
paper-4,paper,4.0,LBQCD-D10-contaminated,control-contaminated,concentrated,LBQCD-D10-contaminated/concentrated,2,update,0,0.0,400,400,0.6374510000023292,400,51200,51200,51200,13107200,0.0,0,0,0,"{""0.2"": 0, ""0.5"": 0, ""1.0"": 0, ""2.0"": 0, ""4.0"": 0}",0.00857109409670409,0.18573480586025046,0.9800000000000001,0.14046875000000003,100,0,0
qld-v1,qld,0.5,LBQCD-D10-contaminated,control-contaminated,concentrated,LBQCD-D10-contaminated/concentrated,0,update,0,0.7,400,400,0.33952449999924283,400,51200,51200,51200,3932160,501760.0,0,0,0,"{""0.2"": 0, ""0.5"": 0, ""1.0"": 0, ""2.0"": 0, ""4.0"": 0}",0.01290574501348285,0.16048156207140993,0.9800000000000001,0.08996093749999999,50,0,0
qld-v1,qld,0.5,LBQCD-D10-contaminated,control-contaminated,concentrated,LBQCD-D10-contaminated/concentrated,1,update,0,0.7,400,400,0.3149044000019785,400,51200,51200,51200,3932160,501760.0,0,0,0,"{""0.2"": 0, ""0.5"": 0, ""1.0"": 0, ""2.0"": 0, ""4.0"": 0}",0.01315324857821265,0.20028033341793625,0.9800000000000001,0.1534375,50,0,0
qld-v1,qld,0.5,LBQCD-D10-contaminated,control-contaminated,concentrated,LBQCD-D10-contaminated/concentrated,2,update,0,0.7,400,400,0.34596439999586437,400,51200,51200,51200,3932160,501760.0,0,0,0,"{""0.2"": 0, ""0.5"": 0, ""1.0"": 0, ""2.0"": 0, ""4.0"": 0}",0.019194983761382955,0.19374716087076993,0.9800000000000001,0.07308593750000002,50,0,0
rsr-M1024-f0.70-e,rsr,0.5,LBQCD-D10-contaminated,control-contaminated,concentrated,LBQCD-D10-contaminated/concentrated,0,examples,1024,0.7,35,35,0.10199760000978131,395,50560,25984,25984,360448,491520.0,0,0,0,"{""0.2"": 0, ""0.5"": 0, ""1.0"": 0, ""2.0"": 0, ""4.0"": 0}",0.06525218804974031,0.3510644315631136,0.9800000000000001,0.38042968750000006,35,1,0
rsr-M1024-f0.70-e,rsr,0.5,LBQCD-D10-contaminated,control-contaminated,concentrated,LBQCD-D10-contaminated/concentrated,1,examples,1024,0.7,35,35,0.09741960000246763,395,50560,25984,25984,360448,491520.0,0,0,0,"{""0.2"": 0, ""0.5"": 0, ""1.0"": 0, ""2.0"": 0, ""4.0"": 0}",0.025351029246470702,0.273851353226727,0.9800000000000001,0.27523437500000003,35,1,0
rsr-M1024-f0.70-e,rsr,0.5,LBQCD-D10-contaminated,control-contaminated,concentrated,LBQCD-D10-contaminated/concentrated,2,examples,1024,0.7,35,35,0.14729590000933968,395,50560,25984,25984,360448,491520.0,0,0,0,"{""0.2"": 0, ""0.5"": 0, ""1.0"": 0, ""2.0"": 0, ""4.0"": 0}",0.04907516538536094,0.37434956521463164,0.9800000000000001,0.43218750000000006,35,1,0
rsr-M1024-f0.70-u,rsr,0.5,LBQCD-D10-contaminated,control-contaminated,concentrated,LBQCD-D10-contaminated/concentrated,0,update,1024,0.7,400,400,1.2095642000058433,4600,588800,302080,302080,3932160,5734400.0,0,0,0,"{""0.2"": 0, ""0.5"": 0, ""1.0"": 0, ""2.0"": 0, ""4.0"": 0}",0.01262172769610892,0.16744020074754562,0.9800000000000001,0.09484374999999999,50,0,0
rsr-M1024-f0.70-u,rsr,0.5,LBQCD-D10-contaminated,control-contaminated,concentrated,LBQCD-D10-contaminated/concentrated,1,update,1024,0.7,400,400,1.1106449000071734,4600,588800,302080,302080,3932160,5734400.0,0,0,0,"{""0.2"": 0, ""0.5"": 0, ""1.0"": 0, ""2.0"": 0, ""4.0"": 0}",0.015968474284336676,0.21981178423800207,0.9800000000000001,0.11046874999999999,50,0,0
rsr-M1024-f0.70-u,rsr,0.5,LBQCD-D10-contaminated,control-contaminated,concentrated,LBQCD-D10-contaminated/concentrated,2,update,1024,0.7,400,400,1.1127937999990536,4600,588800,302080,302080,3932160,5734400.0,0,0,0,"{""0.2"": 0, ""0.5"": 0, ""1.0"": 0, ""2.0"": 0, ""4.0"": 0}",0.019837243372584856,0.19085592966601986,0.9800000000000001,0.10531250000000002,50,0,0
rsr-M512-f0.70-e,rsr,0.5,LBQCD-D10-contaminated,control-contaminated,concentrated,LBQCD-D10-contaminated/concentrated,0,examples,512,0.7,68,68,0.12227809999603778,404,51712,27136,27136,655360,442368.0,0,0,0,"{""0.2"": 0, ""0.5"": 0, ""1.0"": 0, ""2.0"": 0, ""4.0"": 0}",0.020474447624190928,0.1970939098334166,0.9800000000000001,0.151484375,50,0,0
rsr-M512-f0.70-e,rsr,0.5,LBQCD-D10-contaminated,control-contaminated,concentrated,LBQCD-D10-contaminated/concentrated,1,examples,512,0.7,68,68,0.11041520000435412,404,51712,27136,27136,655360,442368.0,0,0,0,"{""0.2"": 0, ""0.5"": 0, ""1.0"": 0, ""2.0"": 0, ""4.0"": 0}",0.01599252547885066,0.19800517961571076,0.9800000000000001,0.08535156249999996,50,0,0
rsr-M512-f0.70-e,rsr,0.5,LBQCD-D10-contaminated,control-contaminated,concentrated,LBQCD-D10-contaminated/concentrated,2,examples,512,0.7,68,68,0.13476600000285544,404,51712,27136,27136,655360,442368.0,0,0,0,"{""0.2"": 0, ""0.5"": 0, ""1.0"": 0, ""2.0"": 0, ""4.0"": 0}",0.013842494352039214,0.19958740949593798,0.9800000000000001,0.128046875,50,0,0
rsr-M512-f0.70-u,rsr,0.5,LBQCD-D10-contaminated,control-contaminated,concentrated,LBQCD-D10-contaminated/concentrated,0,update,512,0.7,400,400,0.7220245000062278,2360,302080,158720,158720,3932160,2580480.0,0,0,0,"{""0.2"": 0, ""0.5"": 0, ""1.0"": 0, ""2.0"": 0, ""4.0"": 0}",0.013617161583383108,0.16421125970424896,0.9800000000000001,0.08996093749999999,50,0,0
rsr-M512-f0.70-u,rsr,0.5,LBQCD-D10-contaminated,control-contaminated,concentrated,LBQCD-D10-contaminated/concentrated,1,update,512,0.7,400,400,0.6577626999933273,2360,302080,158720,158720,3932160,2580480.0,0,0,0,"{""0.2"": 0, ""0.5"": 0, ""1.0"": 0, ""2.0"": 0, ""4.0"": 0}",0.015270420562272236,0.19594825417908307,0.9800000000000001,0.09289062499999999,50,0,0
rsr-M512-f0.70-u,rsr,0.5,LBQCD-D10-contaminated,control-contaminated,concentrated,LBQCD-D10-contaminated/concentrated,2,update,512,0.7,400,400,0.7289827000058722,2360,302080,158720,158720,3932160,2580480.0,0,0,0,"{""0.2"": 0, ""0.5"": 0, ""1.0"": 0, ""2.0"": 0, ""4.0"": 0}",0.016871515161615447,0.1945342581694877,0.9800000000000001,0.11828124999999999,50,0,0
paper-0.2,paper,0.2,LBQCD-D10-contaminated,control-contaminated,missing,LBQCD-D10-contaminated/missing,0,update,0,0.0,400,400,0.8366234999994049,400,51200,51200,51200,13107200,0.0,0,0,0,"{""0.2"": 0, ""0.5"": 0, ""1.0"": 0, ""2.0"": 0, ""4.0"": 0}",0.018975892637731473,0.16119744433806568,0.9800000000000001,0.10265624999999999,50,0,0
paper-0.2,paper,0.2,LBQCD-D10-contaminated,control-contaminated,missing,LBQCD-D10-contaminated/missing,1,update,0,0.0,400,400,0.774842599988915,400,51200,51200,51200,13107200,0.0,0,0,0,"{""0.2"": 0, ""0.5"": 0, ""1.0"": 0, ""2.0"": 0, ""4.0"": 0}",0.015947970908869902,0.1925754515970362,0.9800000000000001,0.11214843750000002,50,0,0
paper-0.2,paper,0.2,LBQCD-D10-contaminated,control-contaminated,missing,LBQCD-D10-contaminated/missing,2,update,0,0.0,400,400,0.8060269000125118,400,51200,51200,51200,13107200,0.0,0,0,0,"{""0.2"": 0, ""0.5"": 0, ""1.0"": 0, ""2.0"": 0, ""4.0"": 0}",0.009928117264507819,0.1564209024339968,0.9800000000000001,0.06039062500000002,50,0,0
paper-0.5,paper,0.5,LBQCD-D10-contaminated,control-contaminated,missing,LBQCD-D10-contaminated/missing,0,update,0,0.0,400,400,0.7459990000061225,400,51200,51200,51200,13107200,0.0,0,0,0,"{""0.2"": 0, ""0.5"": 0, ""1.0"": 0, ""2.0"": 0, ""4.0"": 0}",0.015695555398877126,0.16846785570799058,0.9800000000000001,0.14242187500000003,50,0,0
paper-0.5,paper,0.5,LBQCD-D10-contaminated,control-contaminated,missing,LBQCD-D10-contaminated/missing,1,update,0,0.0,400,400,0.8843071000010241,400,51200,51200,51200,13107200,0.0,0,0,0,"{""0.2"": 0, ""0.5"": 0, ""1.0"": 0, ""2.0"": 0, ""4.0"": 0}",0.025651164566943274,0.15959988878275047,0.9800000000000001,0.09484374999999999,100,0,0
paper-0.5,paper,0.5,LBQCD-D10-contaminated,control-contaminated,missing,LBQCD-D10-contaminated/missing,2,update,0,0.0,400,400,0.6593893999961438,400,51200,51200,51200,13107200,0.0,0,0,0,"{""0.2"": 0, ""0.5"": 0, ""1.0"": 0, ""2.0"": 0, ""4.0"": 0}",0.011360074178859758,0.16778880742165087,0.9800000000000001,0.10042968750000002,50,0,0
paper-1,paper,1.0,LBQCD-D10-contaminated,control-contaminated,missing,LBQCD-D10-contaminated/missing,0,update,0,0.0,400,400,0.8618798999959836,400,51200,51200,51200,13107200,0.0,0,0,0,"{""0.2"": 0, ""0.5"": 0, ""1.0"": 0, ""2.0"": 0, ""4.0"": 0}",0.02634071105334579,0.17189612997203374,0.9800000000000001,0.12023437499999999,50,0,0
paper-1,paper,1.0,LBQCD-D10-contaminated,control-contaminated,missing,LBQCD-D10-contaminated/missing,1,update,0,0.0,400,400,0.7462796000036178,400,51200,51200,51200,13107200,0.0,0,0,0,"{""0.2"": 0, ""0.5"": 0, ""1.0"": 0, ""2.0"": 0, ""4.0"": 0}",0.02220511193864705,0.15368139505172457,0.9800000000000001,0.09804687499999996,150,0,0
paper-1,paper,1.0,LBQCD-D10-contaminated,control-contaminated,missing,LBQCD-D10-contaminated/missing,2,update,0,0.0,400,400,0.7801475000014761,400,51200,51200,51200,13107200,0.0,0,0,0,"{""0.2"": 0, ""0.5"": 0, ""1.0"": 0, ""2.0"": 0, ""4.0"": 0}",0.010770154877588256,0.1803602613025023,0.9800000000000001,0.11410156250000002,100,0,0
paper-2,paper,2.0,LBQCD-D10-contaminated,control-contaminated,missing,LBQCD-D10-contaminated/missing,0,update,0,0.0,400,400,0.6494753000006313,400,51200,51200,51200,13107200,0.0,0,0,0,"{""0.2"": 0, ""0.5"": 0, ""1.0"": 0, ""2.0"": 0, ""4.0"": 0}",0.033619301921862466,0.18797541061635656,0.9800000000000001,0.11019531250000002,50,0,0
paper-2,paper,2.0,LBQCD-D10-contaminated,control-contaminated,missing,LBQCD-D10-contaminated/missing,1,update,0,0.0,400,400,0.7901426000025822,400,51200,51200,51200,13107200,0.0,0,0,0,"{""0.2"": 0, ""0.5"": 0, ""1.0"": 0, ""2.0"": 0, ""4.0"": 0}",0.023952365858892488,0.1631711479449959,0.9800000000000001,0.11730468749999999,150,0,0
paper-2,paper,2.0,LBQCD-D10-contaminated,control-contaminated,missing,LBQCD-D10-contaminated/missing,2,update,0,0.0,400,400,0.6635285999946063,400,51200,51200,51200,13107200,0.0,0,0,0,"{""0.2"": 0, ""0.5"": 0, ""1.0"": 0, ""2.0"": 0, ""4.0"": 0}",0.015613762539980813,0.2332274714181873,0.9800000000000001,0.15386718750000006,100,0,0
paper-4,paper,4.0,LBQCD-D10-contaminated,control-contaminated,missing,LBQCD-D10-contaminated/missing,0,update,0,0.0,400,400,0.6927266999991843,400,51200,51200,51200,13107200,0.0,0,0,0,"{""0.2"": 0, ""0.5"": 0, ""1.0"": 0, ""2.0"": 0, ""4.0"": 0}",0.041068603898498424,0.20828871164952806,0.9800000000000001,0.1387890625,50,0,0
paper-4,paper,4.0,LBQCD-D10-contaminated,control-contaminated,missing,LBQCD-D10-contaminated/missing,1,update,0,0.0,400,400,0.7013061000034213,400,51200,51200,51200,13107200,0.0,0,0,0,"{""0.2"": 0, ""0.5"": 0, ""1.0"": 0, ""2.0"": 0, ""4.0"": 0}",0.018611094336893785,0.1868783202455594,0.9800000000000001,0.13027343749999998,100,0,0
paper-4,paper,4.0,LBQCD-D10-contaminated,control-contaminated,missing,LBQCD-D10-contaminated/missing,2,update,0,0.0,400,400,0.7223243000044022,400,51200,51200,51200,13107200,0.0,0,0,0,"{""0.2"": 0, ""0.5"": 0, ""1.0"": 0, ""2.0"": 0, ""4.0"": 0}",0.02793398659050106,0.2502037488322017,0.9800000000000001,0.23910156250000003,100,0,0
qld-v1,qld,0.5,LBQCD-D10-contaminated,control-contaminated,missing,LBQCD-D10-contaminated/missing,0,update,0,0.7,400,400,0.41607870000007097,400,51200,51200,51200,3932160,501760.0,0,0,0,"{""0.2"": 0, ""0.5"": 0, ""1.0"": 0, ""2.0"": 0, ""4.0"": 0}",0.021487618221360805,0.17676063436087625,0.9800000000000001,0.08410156249999999,50,0,0
qld-v1,qld,0.5,LBQCD-D10-contaminated,control-contaminated,missing,LBQCD-D10-contaminated/missing,1,update,0,0.7,400,400,0.2966096000018297,400,51200,51200,51200,3932160,501760.0,0,0,0,"{""0.2"": 0, ""0.5"": 0, ""1.0"": 0, ""2.0"": 0, ""4.0"": 0}",0.027386826360647376,0.16133023895577517,0.9800000000000001,0.08214843749999999,100,0,0
qld-v1,qld,0.5,LBQCD-D10-contaminated,control-contaminated,missing,LBQCD-D10-contaminated/missing,2,update,0,0.7,400,400,0.3141881000046851,400,51200,51200,51200,3932160,501760.0,0,0,0,"{""0.2"": 0, ""0.5"": 0, ""1.0"": 0, ""2.0"": 0, ""4.0"": 0}",0.015569268030477978,0.17135679415516505,0.9800000000000001,0.10656249999999999,100,0,0
rsr-M1024-f0.70-e,rsr,0.5,LBQCD-D10-contaminated,control-contaminated,missing,LBQCD-D10-contaminated/missing,0,examples,1024,0.7,35,35,0.09532390000822488,395,50560,25984,25984,360448,491520.0,0,0,0,"{""0.2"": 0, ""0.5"": 0, ""1.0"": 0, ""2.0"": 0, ""4.0"": 0}",0.4683755208612981,1.384188514587736,0.9800000000000001,0.5481250000000001,35,1,0
rsr-M1024-f0.70-e,rsr,0.5,LBQCD-D10-contaminated,control-contaminated,missing,LBQCD-D10-contaminated/missing,1,examples,1024,0.7,35,35,0.09664170000178274,395,50560,25984,25984,360448,491520.0,0,0,0,"{""0.2"": 0, ""0.5"": 0, ""1.0"": 0, ""2.0"": 0, ""4.0"": 0}",0.5349190953673619,1.563589987464652,0.8400000000000001,0.6294531250000001,35,1,0
rsr-M1024-f0.70-e,rsr,0.5,LBQCD-D10-contaminated,control-contaminated,missing,LBQCD-D10-contaminated/missing,2,examples,1024,0.7,35,35,0.10300560000177938,395,50560,25984,25984,360448,491520.0,0,0,0,"{""0.2"": 0, ""0.5"": 0, ""1.0"": 0, ""2.0"": 0, ""4.0"": 0}",0.7751173329724605,1.504680749861151,0.8400000000000001,0.6685156250000001,35,1,0
rsr-M1024-f0.70-u,rsr,0.5,LBQCD-D10-contaminated,control-contaminated,missing,LBQCD-D10-contaminated/missing,0,update,1024,0.7,400,400,1.0249651000049198,4600,588800,302080,302080,3932160,5734400.0,0,0,0,"{""0.2"": 0, ""0.5"": 0, ""1.0"": 0, ""2.0"": 0, ""4.0"": 0}",0.02965732319865344,0.1925903152416841,0.9800000000000001,0.12093750000000002,50,0,0
rsr-M1024-f0.70-u,rsr,0.5,LBQCD-D10-contaminated,control-contaminated,missing,LBQCD-D10-contaminated/missing,1,update,1024,0.7,400,400,1.1942973000113852,4600,588800,302080,302080,3932160,5734400.0,0,0,0,"{""0.2"": 0, ""0.5"": 0, ""1.0"": 0, ""2.0"": 0, ""4.0"": 0}",0.016593083153350285,0.1882733106419307,0.9800000000000001,0.07335937499999999,100,0,0
rsr-M1024-f0.70-u,rsr,0.5,LBQCD-D10-contaminated,control-contaminated,missing,LBQCD-D10-contaminated/missing,2,update,1024,0.7,400,400,1.2084343999886187,4600,588800,302080,302080,3932160,5734400.0,0,0,0,"{""0.2"": 0, ""0.5"": 0, ""1.0"": 0, ""2.0"": 0, ""4.0"": 0}",0.015414650092742566,0.17027223216603538,0.9800000000000001,0.10335937500000002,100,0,0
rsr-M512-f0.70-e,rsr,0.5,LBQCD-D10-contaminated,control-contaminated,missing,LBQCD-D10-contaminated/missing,0,examples,512,0.7,68,68,0.12361510000482667,404,51712,27136,27136,655360,442368.0,0,0,0,"{""0.2"": 0, ""0.5"": 0, ""1.0"": 0, ""2.0"": 0, ""4.0"": 0}",0.10641539522305199,0.3546435601281521,0.9800000000000001,0.25890625,50,0,0
rsr-M512-f0.70-e,rsr,0.5,LBQCD-D10-contaminated,control-contaminated,missing,LBQCD-D10-contaminated/missing,1,examples,512,0.7,68,68,0.12589480000315234,404,51712,27136,27136,655360,442368.0,0,0,0,"{""0.2"": 0, ""0.5"": 0, ""1.0"": 0, ""2.0"": 0, ""4.0"": 0}",0.058004461766335114,0.25037881764056297,0.9800000000000001,0.29281250000000003,68,1,0
rsr-M512-f0.70-e,rsr,0.5,LBQCD-D10-contaminated,control-contaminated,missing,LBQCD-D10-contaminated/missing,2,examples,512,0.7,68,68,0.1085519999905955,404,51712,27136,27136,655360,442368.0,0,0,0,"{""0.2"": 0, ""0.5"": 0, ""1.0"": 0, ""2.0"": 0, ""4.0"": 0}",0.04027229058278081,0.28238091890254874,0.9800000000000001,0.3008984375,68,1,0
rsr-M512-f0.70-u,rsr,0.5,LBQCD-D10-contaminated,control-contaminated,missing,LBQCD-D10-contaminated/missing,0,update,512,0.7,400,400,0.7836902999988524,2360,302080,158720,158720,3932160,2580480.0,0,0,0,"{""0.2"": 0, ""0.5"": 0, ""1.0"": 0, ""2.0"": 0, ""4.0"": 0}",0.03446891792206053,0.20401148069959318,0.9800000000000001,0.12777343750000003,50,0,0
rsr-M512-f0.70-u,rsr,0.5,LBQCD-D10-contaminated,control-contaminated,missing,LBQCD-D10-contaminated/missing,1,update,512,0.7,400,400,0.7565078000043286,2360,302080,158720,158720,3932160,2580480.0,0,0,0,"{""0.2"": 0, ""0.5"": 0, ""1.0"": 0, ""2.0"": 0, ""4.0"": 0}",0.016396014896002953,0.24563149371790616,0.9800000000000001,0.1387890625,100,0,0
rsr-M512-f0.70-u,rsr,0.5,LBQCD-D10-contaminated,control-contaminated,missing,LBQCD-D10-contaminated/missing,2,update,512,0.7,400,400,0.7212266999995336,2360,302080,158720,158720,3932160,2580480.0,0,0,0,"{""0.2"": 0, ""0.5"": 0, ""1.0"": 0, ""2.0"": 0, ""4.0"": 0}",0.016508901853331315,0.1797316316735136,0.9800000000000001,0.13753906250000003,100,0,0
paper-0.2,paper,0.2,LBQCD-D11-heavy-t5,control-heavy-tail,concentrated,LBQCD-D11-heavy-t5/concentrated,0,update,0,0.0,400,400,0.8693112000037218,400,51200,51200,51200,13107200,0.0,0,0,0,"{""0.2"": 0, ""0.5"": 0, ""1.0"": 0, ""2.0"": 0, ""4.0"": 0}",0.018595852609591956,0.054756326498591565,1.0,0.0,1,0,0
paper-0.2,paper,0.2,LBQCD-D11-heavy-t5,control-heavy-tail,concentrated,LBQCD-D11-heavy-t5/concentrated,1,update,0,0.0,400,400,0.6890179000038188,400,51200,51200,51200,13107200,0.0,0,0,0,"{""0.2"": 0, ""0.5"": 0, ""1.0"": 0, ""2.0"": 0, ""4.0"": 0}",0.010222540807300007,0.11822132038957883,1.0,0.0,1,0,0
paper-0.2,paper,0.2,LBQCD-D11-heavy-t5,control-heavy-tail,concentrated,LBQCD-D11-heavy-t5/concentrated,2,update,0,0.0,400,400,0.7523996999952942,400,51200,51200,51200,13107200,0.0,0,0,0,"{""0.2"": 0, ""0.5"": 0, ""1.0"": 0, ""2.0"": 0, ""4.0"": 0}",0.0059658043534276395,0.04244822333459276,1.0,0.0,1,0,0
paper-0.5,paper,0.5,LBQCD-D11-heavy-t5,control-heavy-tail,concentrated,LBQCD-D11-heavy-t5/concentrated,0,update,0,0.0,400,400,0.8892154000059236,400,51200,51200,51200,13107200,0.0,0,0,0,"{""0.2"": 0, ""0.5"": 0, ""1.0"": 0, ""2.0"": 0, ""4.0"": 0}",0.019586630782462366,0.12718393312213355,1.0,0.0,1,0,0
paper-0.5,paper,0.5,LBQCD-D11-heavy-t5,control-heavy-tail,concentrated,LBQCD-D11-heavy-t5/concentrated,1,update,0,0.0,400,400,0.9232685000024503,400,51200,51200,51200,13107200,0.0,0,0,0,"{""0.2"": 0, ""0.5"": 0, ""1.0"": 0, ""2.0"": 0, ""4.0"": 0}",0.007734372153204827,0.08910888197682619,1.0,0.0,1,0,0
paper-0.5,paper,0.5,LBQCD-D11-heavy-t5,control-heavy-tail,concentrated,LBQCD-D11-heavy-t5/concentrated,2,update,0,0.0,400,400,0.6860923000058392,400,51200,51200,51200,13107200,0.0,0,0,0,"{""0.2"": 0, ""0.5"": 0, ""1.0"": 0, ""2.0"": 0, ""4.0"": 0}",0.006745702797690489,0.05294498813040822,1.0,0.0,1,0,0
paper-1,paper,1.0,LBQCD-D11-heavy-t5,control-heavy-tail,concentrated,LBQCD-D11-heavy-t5/concentrated,0,update,0,0.0,400,400,0.9175988999922993,400,51200,51200,51200,13107200,0.0,0,0,0,"{""0.2"": 0, ""0.5"": 0, ""1.0"": 0, ""2.0"": 0, ""4.0"": 0}",0.019713353228908215,0.1370357801722529,1.0,0.0,1,0,0
paper-1,paper,1.0,LBQCD-D11-heavy-t5,control-heavy-tail,concentrated,LBQCD-D11-heavy-t5/concentrated,1,update,0,0.0,400,400,0.7614360000006855,400,51200,51200,51200,13107200,0.0,0,0,0,"{""0.2"": 0, ""0.5"": 0, ""1.0"": 0, ""2.0"": 0, ""4.0"": 0}",0.009350332527435778,0.12195491920764161,1.0,0.0,1,0,0
paper-1,paper,1.0,LBQCD-D11-heavy-t5,control-heavy-tail,concentrated,LBQCD-D11-heavy-t5/concentrated,2,update,0,0.0,400,400,0.7365838999976404,400,51200,51200,51200,13107200,0.0,0,0,0,"{""0.2"": 0, ""0.5"": 0, ""1.0"": 0, ""2.0"": 0, ""4.0"": 0}",0.00594618265558422,0.10415910340927967,1.0,0.0,1,0,0
paper-2,paper,2.0,LBQCD-D11-heavy-t5,control-heavy-tail,concentrated,LBQCD-D11-heavy-t5/concentrated,0,update,0,0.0,400,400,0.7353510999964783,400,51200,51200,51200,13107200,0.0,0,0,0,"{""0.2"": 0, ""0.5"": 0, ""1.0"": 0, ""2.0"": 0, ""4.0"": 0}",0.019320927266459176,0.1268425478785988,1.0,0.0,1,0,0
paper-2,paper,2.0,LBQCD-D11-heavy-t5,control-heavy-tail,concentrated,LBQCD-D11-heavy-t5/concentrated,1,update,0,0.0,400,400,0.8016708999930415,400,51200,51200,51200,13107200,0.0,0,0,0,"{""0.2"": 0, ""0.5"": 0, ""1.0"": 0, ""2.0"": 0, ""4.0"": 0}",0.006467127759599123,0.08256998949240486,1.0,0.0,1,0,0
paper-2,paper,2.0,LBQCD-D11-heavy-t5,control-heavy-tail,concentrated,LBQCD-D11-heavy-t5/concentrated,2,update,0,0.0,400,400,0.8019882000080543,400,51200,51200,51200,13107200,0.0,0,0,0,"{""0.2"": 0, ""0.5"": 0, ""1.0"": 0, ""2.0"": 0, ""4.0"": 0}",0.00879599390058261,0.12952568512986437,1.0,0.0,1,0,0
paper-4,paper,4.0,LBQCD-D11-heavy-t5,control-heavy-tail,concentrated,LBQCD-D11-heavy-t5/concentrated,0,update,0,0.0,400,400,0.8832804999983637,400,51200,51200,51200,13107200,0.0,0,0,0,"{""0.2"": 0, ""0.5"": 0, ""1.0"": 0, ""2.0"": 0, ""4.0"": 0}",0.018503144417332917,0.09522806053674372,1.0,0.0,1,0,0
paper-4,paper,4.0,LBQCD-D11-heavy-t5,control-heavy-tail,concentrated,LBQCD-D11-heavy-t5/concentrated,1,update,0,0.0,400,400,0.773656999997911,400,51200,51200,51200,13107200,0.0,0,0,0,"{""0.2"": 0, ""0.5"": 0, ""1.0"": 0, ""2.0"": 0, ""4.0"": 0}",0.014809332669195152,0.14346429263242547,1.0,0.0,1,0,0
paper-4,paper,4.0,LBQCD-D11-heavy-t5,control-heavy-tail,concentrated,LBQCD-D11-heavy-t5/concentrated,2,update,0,0.0,400,400,0.7931857999938074,400,51200,51200,51200,13107200,0.0,0,0,0,"{""0.2"": 0, ""0.5"": 0, ""1.0"": 0, ""2.0"": 0, ""4.0"": 0}",0.0294959166148141,0.2494940735814767,1.0,0.0,1,0,0
qld-v1,qld,0.5,LBQCD-D11-heavy-t5,control-heavy-tail,concentrated,LBQCD-D11-heavy-t5/concentrated,0,update,0,0.7,400,400,0.35832669999217615,400,51200,51200,51200,3932160,501760.0,0,0,0,"{""0.2"": 0, ""0.5"": 0, ""1.0"": 0, ""2.0"": 0, ""4.0"": 0}",0.014203402425411626,0.051385957243246565,1.0,0.0,1,0,0
qld-v1,qld,0.5,LBQCD-D11-heavy-t5,control-heavy-tail,concentrated,LBQCD-D11-heavy-t5/concentrated,1,update,0,0.7,400,400,0.35891319999063853,400,51200,51200,51200,3932160,501760.0,0,0,0,"{""0.2"": 0, ""0.5"": 0, ""1.0"": 0, ""2.0"": 0, ""4.0"": 0}",0.003115772906914005,0.058144775076870166,1.0,0.0,1,0,0
qld-v1,qld,0.5,LBQCD-D11-heavy-t5,control-heavy-tail,concentrated,LBQCD-D11-heavy-t5/concentrated,2,update,0,0.7,400,400,0.3961104000045452,400,51200,51200,51200,3932160,501760.0,0,0,0,"{""0.2"": 0, ""0.5"": 0, ""1.0"": 0, ""2.0"": 0, ""4.0"": 0}",0.006478972277704553,0.03692697885740817,1.0,0.0,1,0,0
rsr-M1024-f0.70-e,rsr,0.5,LBQCD-D11-heavy-t5,control-heavy-tail,concentrated,LBQCD-D11-heavy-t5/concentrated,0,examples,1024,0.7,35,35,0.1072025999892503,395,50560,25984,25984,360448,491520.0,0,0,0,"{""0.2"": 0, ""0.5"": 0, ""1.0"": 0, ""2.0"": 0, ""4.0"": 0}",0.07889814957753205,0.3758580026026328,1.0,0.0,1,0,0
rsr-M1024-f0.70-e,rsr,0.5,LBQCD-D11-heavy-t5,control-heavy-tail,concentrated,LBQCD-D11-heavy-t5/concentrated,1,examples,1024,0.7,35,35,0.10484209998685401,395,50560,25984,25984,360448,491520.0,0,0,0,"{""0.2"": 0, ""0.5"": 0, ""1.0"": 0, ""2.0"": 0, ""4.0"": 0}",0.11400052969955032,0.3883519703674386,1.0,0.0,1,0,0
rsr-M1024-f0.70-e,rsr,0.5,LBQCD-D11-heavy-t5,control-heavy-tail,concentrated,LBQCD-D11-heavy-t5/concentrated,2,examples,1024,0.7,35,35,0.11224930000025779,395,50560,25984,25984,360448,491520.0,0,0,0,"{""0.2"": 0, ""0.5"": 0, ""1.0"": 0, ""2.0"": 0, ""4.0"": 0}",0.0663067821896346,0.37070378941498777,1.0,0.0,1,0,0
rsr-M1024-f0.70-u,rsr,0.5,LBQCD-D11-heavy-t5,control-heavy-tail,concentrated,LBQCD-D11-heavy-t5/concentrated,0,update,1024,0.7,400,400,1.256197400012752,4600,588800,302080,302080,3932160,5734400.0,0,0,0,"{""0.2"": 0, ""0.5"": 0, ""1.0"": 0, ""2.0"": 0, ""4.0"": 0}",0.018173607209895914,0.04489148027592443,1.0,0.0,1,0,0
rsr-M1024-f0.70-u,rsr,0.5,LBQCD-D11-heavy-t5,control-heavy-tail,concentrated,LBQCD-D11-heavy-t5/concentrated,1,update,1024,0.7,400,400,1.1735879000043496,4600,588800,302080,302080,3932160,5734400.0,0,0,0,"{""0.2"": 0, ""0.5"": 0, ""1.0"": 0, ""2.0"": 0, ""4.0"": 0}",0.004330550234716846,0.07043062858153311,1.0,0.0,1,0,0
rsr-M1024-f0.70-u,rsr,0.5,LBQCD-D11-heavy-t5,control-heavy-tail,concentrated,LBQCD-D11-heavy-t5/concentrated,2,update,1024,0.7,400,400,1.18686840000737,4600,588800,302080,302080,3932160,5734400.0,0,0,0,"{""0.2"": 0, ""0.5"": 0, ""1.0"": 0, ""2.0"": 0, ""4.0"": 0}",0.007347322974961656,0.04612459985608303,1.0,0.0,1,0,0
rsr-M512-f0.70-e,rsr,0.5,LBQCD-D11-heavy-t5,control-heavy-tail,concentrated,LBQCD-D11-heavy-t5/concentrated,0,examples,512,0.7,68,68,0.1284929999965243,404,51712,27136,27136,655360,442368.0,0,0,0,"{""0.2"": 0, ""0.5"": 0, ""1.0"": 0, ""2.0"": 0, ""4.0"": 0}",0.017198560911204863,0.09909646985659648,1.0,0.0,1,0,0
rsr-M512-f0.70-e,rsr,0.5,LBQCD-D11-heavy-t5,control-heavy-tail,concentrated,LBQCD-D11-heavy-t5/concentrated,1,examples,512,0.7,68,68,0.13058189999719616,404,51712,27136,27136,655360,442368.0,0,0,0,"{""0.2"": 0, ""0.5"": 0, ""1.0"": 0, ""2.0"": 0, ""4.0"": 0}",0.008130205542723479,0.08311004768013755,1.0,0.0,1,0,0
rsr-M512-f0.70-e,rsr,0.5,LBQCD-D11-heavy-t5,control-heavy-tail,concentrated,LBQCD-D11-heavy-t5/concentrated,2,examples,512,0.7,68,68,0.13343310001073405,404,51712,27136,27136,655360,442368.0,0,0,0,"{""0.2"": 0, ""0.5"": 0, ""1.0"": 0, ""2.0"": 0, ""4.0"": 0}",0.006188644317042247,0.09053760462628459,1.0,0.0,1,0,0
rsr-M512-f0.70-u,rsr,0.5,LBQCD-D11-heavy-t5,control-heavy-tail,concentrated,LBQCD-D11-heavy-t5/concentrated,0,update,512,0.7,400,400,0.8067167999979574,2360,302080,158720,158720,3932160,2580480.0,0,0,0,"{""0.2"": 0, ""0.5"": 0, ""1.0"": 0, ""2.0"": 0, ""4.0"": 0}",0.016985453251003868,0.09041867204098343,1.0,0.0,1,0,0
rsr-M512-f0.70-u,rsr,0.5,LBQCD-D11-heavy-t5,control-heavy-tail,concentrated,LBQCD-D11-heavy-t5/concentrated,1,update,512,0.7,400,400,0.7737116999924183,2360,302080,158720,158720,3932160,2580480.0,0,0,0,"{""0.2"": 0, ""0.5"": 0, ""1.0"": 0, ""2.0"": 0, ""4.0"": 0}",0.0026382964711708645,0.06017909057990451,1.0,0.0,1,0,0
rsr-M512-f0.70-u,rsr,0.5,LBQCD-D11-heavy-t5,control-heavy-tail,concentrated,LBQCD-D11-heavy-t5/concentrated,2,update,512,0.7,400,400,0.9214363999926718,2360,302080,158720,158720,3932160,2580480.0,0,0,0,"{""0.2"": 0, ""0.5"": 0, ""1.0"": 0, ""2.0"": 0, ""4.0"": 0}",0.011070885481660131,0.06583088974121734,1.0,0.0,1,0,0
paper-0.2,paper,0.2,LBQCD-D11-heavy-t5,control-heavy-tail,missing,LBQCD-D11-heavy-t5/missing,0,update,0,0.0,400,400,0.7061044000001857,400,51200,51200,51200,13107200,0.0,0,0,0,"{""0.2"": 0, ""0.5"": 0, ""1.0"": 0, ""2.0"": 0, ""4.0"": 0}",0.00493420706473624,0.04647506631475994,1.0,0.0,1,0,0
paper-0.2,paper,0.2,LBQCD-D11-heavy-t5,control-heavy-tail,missing,LBQCD-D11-heavy-t5/missing,1,update,0,0.0,400,400,0.6588812999980291,400,51200,51200,51200,13107200,0.0,0,0,0,"{""0.2"": 0, ""0.5"": 0, ""1.0"": 0, ""2.0"": 0, ""4.0"": 0}",0.004461819346003981,0.04563192683227615,1.0,0.0,1,0,0
paper-0.2,paper,0.2,LBQCD-D11-heavy-t5,control-heavy-tail,missing,LBQCD-D11-heavy-t5/missing,2,update,0,0.0,400,400,0.7258104000065941,400,51200,51200,51200,13107200,0.0,0,0,0,"{""0.2"": 0, ""0.5"": 0, ""1.0"": 0, ""2.0"": 0, ""4.0"": 0}",0.010496871166721267,0.10126481396317422,1.0,0.0,1,0,0
paper-0.5,paper,0.5,LBQCD-D11-heavy-t5,control-heavy-tail,missing,LBQCD-D11-heavy-t5/missing,0,update,0,0.0,400,400,0.7836028000019724,400,51200,51200,51200,13107200,0.0,0,0,0,"{""0.2"": 0, ""0.5"": 0, ""1.0"": 0, ""2.0"": 0, ""4.0"": 0}",0.0049707366817304255,0.04914608766725788,1.0,0.0,1,0,0
paper-0.5,paper,0.5,LBQCD-D11-heavy-t5,control-heavy-tail,missing,LBQCD-D11-heavy-t5/missing,1,update,0,0.0,400,400,0.6996579999977257,400,51200,51200,51200,13107200,0.0,0,0,0,"{""0.2"": 0, ""0.5"": 0, ""1.0"": 0, ""2.0"": 0, ""4.0"": 0}",0.004377474283890681,0.058666453268731024,1.0,0.0,1,0,0
paper-0.5,paper,0.5,LBQCD-D11-heavy-t5,control-heavy-tail,missing,LBQCD-D11-heavy-t5/missing,2,update,0,0.0,400,400,0.6325651000079233,400,51200,51200,51200,13107200,0.0,0,0,0,"{""0.2"": 0, ""0.5"": 0, ""1.0"": 0, ""2.0"": 0, ""4.0"": 0}",0.007507694829481437,0.08564299726755374,1.0,0.0,1,0,0
paper-1,paper,1.0,LBQCD-D11-heavy-t5,control-heavy-tail,missing,LBQCD-D11-heavy-t5/missing,0,update,0,0.0,400,400,0.6583647999941604,400,51200,51200,51200,13107200,0.0,0,0,0,"{""0.2"": 0, ""0.5"": 0, ""1.0"": 0, ""2.0"": 0, ""4.0"": 0}",0.008037328400023913,0.0729349614732005,1.0,0.0,1,0,0
paper-1,paper,1.0,LBQCD-D11-heavy-t5,control-heavy-tail,missing,LBQCD-D11-heavy-t5/missing,1,update,0,0.0,400,400,0.625842499997816,400,51200,51200,51200,13107200,0.0,0,0,0,"{""0.2"": 0, ""0.5"": 0, ""1.0"": 0, ""2.0"": 0, ""4.0"": 0}",0.003883540691270504,0.06665579726815236,1.0,0.0,1,0,0
paper-1,paper,1.0,LBQCD-D11-heavy-t5,control-heavy-tail,missing,LBQCD-D11-heavy-t5/missing,2,update,0,0.0,400,400,0.7449652999930549,400,51200,51200,51200,13107200,0.0,0,0,0,"{""0.2"": 0, ""0.5"": 0, ""1.0"": 0, ""2.0"": 0, ""4.0"": 0}",0.005625387499316403,0.09000663258342345,1.0,0.0,1,0,0
paper-2,paper,2.0,LBQCD-D11-heavy-t5,control-heavy-tail,missing,LBQCD-D11-heavy-t5/missing,0,update,0,0.0,400,400,0.6454972999927122,400,51200,51200,51200,13107200,0.0,0,0,0,"{""0.2"": 0, ""0.5"": 0, ""1.0"": 0, ""2.0"": 0, ""4.0"": 0}",0.010511273066008409,0.08426383949316149,1.0,0.0,1,0,0
paper-2,paper,2.0,LBQCD-D11-heavy-t5,control-heavy-tail,missing,LBQCD-D11-heavy-t5/missing,1,update,0,0.0,400,400,0.7022030000080122,400,51200,51200,51200,13107200,0.0,0,0,0,"{""0.2"": 0, ""0.5"": 0, ""1.0"": 0, ""2.0"": 0, ""4.0"": 0}",0.0036681751158091913,0.08207037920104611,1.0,0.0,1,0,0
paper-2,paper,2.0,LBQCD-D11-heavy-t5,control-heavy-tail,missing,LBQCD-D11-heavy-t5/missing,2,update,0,0.0,400,400,0.7225073000008706,400,51200,51200,51200,13107200,0.0,0,0,0,"{""0.2"": 0, ""0.5"": 0, ""1.0"": 0, ""2.0"": 0, ""4.0"": 0}",0.006894209392398043,0.10130415429602399,1.0,0.0,1,0,0
paper-4,paper,4.0,LBQCD-D11-heavy-t5,control-heavy-tail,missing,LBQCD-D11-heavy-t5/missing,0,update,0,0.0,400,400,0.8089099999924656,400,51200,51200,51200,13107200,0.0,0,0,0,"{""0.2"": 0, ""0.5"": 0, ""1.0"": 0, ""2.0"": 0, ""4.0"": 0}",0.012905198177890043,0.10098682621806775,1.0,0.0,1,0,0
paper-4,paper,4.0,LBQCD-D11-heavy-t5,control-heavy-tail,missing,LBQCD-D11-heavy-t5/missing,1,update,0,0.0,400,400,0.6836284000019077,400,51200,51200,51200,13107200,0.0,0,0,0,"{""0.2"": 0, ""0.5"": 0, ""1.0"": 0, ""2.0"": 0, ""4.0"": 0}",0.011134302188202216,0.14933486651567182,1.0,0.0,1,0,0
paper-4,paper,4.0,LBQCD-D11-heavy-t5,control-heavy-tail,missing,LBQCD-D11-heavy-t5/missing,2,update,0,0.0,400,400,0.7015948999905959,400,51200,51200,51200,13107200,0.0,0,0,0,"{""0.2"": 0, ""0.5"": 0, ""1.0"": 0, ""2.0"": 0, ""4.0"": 0}",0.014031110220967147,0.14525047180879003,1.0,0.0,1,0,0
qld-v1,qld,0.5,LBQCD-D11-heavy-t5,control-heavy-tail,missing,LBQCD-D11-heavy-t5/missing,0,update,0,0.7,400,400,0.27187580001191236,400,51200,51200,51200,3932160,501760.0,0,0,0,"{""0.2"": 0, ""0.5"": 0, ""1.0"": 0, ""2.0"": 0, ""4.0"": 0}",0.005511017018168252,0.05023522817901599,1.0,0.0,1,0,0
qld-v1,qld,0.5,LBQCD-D11-heavy-t5,control-heavy-tail,missing,LBQCD-D11-heavy-t5/missing,1,update,0,0.7,400,400,0.2784682000055909,400,51200,51200,51200,3932160,501760.0,0,0,0,"{""0.2"": 0, ""0.5"": 0, ""1.0"": 0, ""2.0"": 0, ""4.0"": 0}",0.003442681707254147,0.048513316271181064,1.0,0.0,1,0,0
qld-v1,qld,0.5,LBQCD-D11-heavy-t5,control-heavy-tail,missing,LBQCD-D11-heavy-t5/missing,2,update,0,0.7,400,400,0.343682999999146,400,51200,51200,51200,3932160,501760.0,0,0,0,"{""0.2"": 0, ""0.5"": 0, ""1.0"": 0, ""2.0"": 0, ""4.0"": 0}",0.006177117173516988,0.06080573379111805,1.0,0.0,1,0,0
rsr-M1024-f0.70-e,rsr,0.5,LBQCD-D11-heavy-t5,control-heavy-tail,missing,LBQCD-D11-heavy-t5/missing,0,examples,1024,0.7,35,35,0.13156350000645034,395,50560,25984,25984,360448,491520.0,0,0,0,"{""0.2"": 0, ""0.5"": 0, ""1.0"": 0, ""2.0"": 0, ""4.0"": 0}",0.023378621570312896,0.19544620864138046,1.0,0.0,1,0,0
rsr-M1024-f0.70-e,rsr,0.5,LBQCD-D11-heavy-t5,control-heavy-tail,missing,LBQCD-D11-heavy-t5/missing,1,examples,1024,0.7,35,35,0.11168190000171307,395,50560,25984,25984,360448,491520.0,0,0,0,"{""0.2"": 0, ""0.5"": 0, ""1.0"": 0, ""2.0"": 0, ""4.0"": 0}",0.017400820124318983,0.13313594063004042,1.0,0.0,1,0,0
rsr-M1024-f0.70-e,rsr,0.5,LBQCD-D11-heavy-t5,control-heavy-tail,missing,LBQCD-D11-heavy-t5/missing,2,examples,1024,0.7,35,35,0.13269350001064595,395,50560,25984,25984,360448,491520.0,0,0,0,"{""0.2"": 0, ""0.5"": 0, ""1.0"": 0, ""2.0"": 0, ""4.0"": 0}",0.06621560416977568,0.3097598887856412,1.0,0.0,1,0,0
rsr-M1024-f0.70-u,rsr,0.5,LBQCD-D11-heavy-t5,control-heavy-tail,missing,LBQCD-D11-heavy-t5/missing,0,update,1024,0.7,400,400,1.3013859999919077,4600,588800,302080,302080,3932160,5734400.0,0,0,0,"{""0.2"": 0, ""0.5"": 0, ""1.0"": 0, ""2.0"": 0, ""4.0"": 0}",0.00734343412002092,0.048826172088714315,1.0,0.0,1,0,0
rsr-M1024-f0.70-u,rsr,0.5,LBQCD-D11-heavy-t5,control-heavy-tail,missing,LBQCD-D11-heavy-t5/missing,1,update,1024,0.7,400,400,1.2293443999951705,4600,588800,302080,302080,3932160,5734400.0,0,0,0,"{""0.2"": 0, ""0.5"": 0, ""1.0"": 0, ""2.0"": 0, ""4.0"": 0}",0.001572954106652702,0.03729163203497606,1.0,0.0,1,0,0
rsr-M1024-f0.70-u,rsr,0.5,LBQCD-D11-heavy-t5,control-heavy-tail,missing,LBQCD-D11-heavy-t5/missing,2,update,1024,0.7,400,400,1.20047519999207,4600,588800,302080,302080,3932160,5734400.0,0,0,0,"{""0.2"": 0, ""0.5"": 0, ""1.0"": 0, ""2.0"": 0, ""4.0"": 0}",0.010731607163732448,0.07655002721542004,1.0,0.0,1,0,0
rsr-M512-f0.70-e,rsr,0.5,LBQCD-D11-heavy-t5,control-heavy-tail,missing,LBQCD-D11-heavy-t5/missing,0,examples,512,0.7,68,68,0.1288226000033319,404,51712,27136,27136,655360,442368.0,0,0,0,"{""0.2"": 0, ""0.5"": 0, ""1.0"": 0, ""2.0"": 0, ""4.0"": 0}",0.009333975221885282,0.09097131545278603,1.0,0.0,1,0,0
rsr-M512-f0.70-e,rsr,0.5,LBQCD-D11-heavy-t5,control-heavy-tail,missing,LBQCD-D11-heavy-t5/missing,1,examples,512,0.7,68,68,0.16032139999151696,404,51712,27136,27136,655360,442368.0,0,0,0,"{""0.2"": 0, ""0.5"": 0, ""1.0"": 0, ""2.0"": 0, ""4.0"": 0}",0.006203260711917791,0.0802378052945771,1.0,0.0,1,0,0
rsr-M512-f0.70-e,rsr,0.5,LBQCD-D11-heavy-t5,control-heavy-tail,missing,LBQCD-D11-heavy-t5/missing,2,examples,512,0.7,68,68,0.12475459999404848,404,51712,27136,27136,655360,442368.0,0,0,0,"{""0.2"": 0, ""0.5"": 0, ""1.0"": 0, ""2.0"": 0, ""4.0"": 0}",0.0064152606261504985,0.0747512901538327,1.0,0.0,1,0,0
rsr-M512-f0.70-u,rsr,0.5,LBQCD-D11-heavy-t5,control-heavy-tail,missing,LBQCD-D11-heavy-t5/missing,0,update,512,0.7,400,400,0.8060970000078669,2360,302080,158720,158720,3932160,2580480.0,0,0,0,"{""0.2"": 0, ""0.5"": 0, ""1.0"": 0, ""2.0"": 0, ""4.0"": 0}",0.006437433436529139,0.06020223852522493,1.0,0.0,1,0,0
rsr-M512-f0.70-u,rsr,0.5,LBQCD-D11-heavy-t5,control-heavy-tail,missing,LBQCD-D11-heavy-t5/missing,1,update,512,0.7,400,400,0.7504852999991272,2360,302080,158720,158720,3932160,2580480.0,0,0,0,"{""0.2"": 0, ""0.5"": 0, ""1.0"": 0, ""2.0"": 0, ""4.0"": 0}",0.0051936275458088765,0.045797466370753756,1.0,0.0,1,0,0
rsr-M512-f0.70-u,rsr,0.5,LBQCD-D11-heavy-t5,control-heavy-tail,missing,LBQCD-D11-heavy-t5/missing,2,update,512,0.7,400,400,0.7031117000005906,2360,302080,158720,158720,3932160,2580480.0,0,0,0,"{""0.2"": 0, ""0.5"": 0, ""1.0"": 0, ""2.0"": 0, ""4.0"": 0}",0.0017629983915499192,0.05318592102473357,1.0,0.0,1,0,0
paper-0.2,paper,0.2,LBQCD-D12-connected-normal,control-connected,concentrated,LBQCD-D12-connected-normal/concentrated,0,update,0,0.0,400,400,0.9690789000014775,400,51200,51200,51200,13107200,0.0,0,0,0,"{""0.2"": 0, ""0.5"": 0, ""1.0"": 0, ""2.0"": 0, ""4.0"": 0}",0.00791797697645058,0.07076641041032768,1.0,0.0,1,0,0
paper-0.2,paper,0.2,LBQCD-D12-connected-normal,control-connected,concentrated,LBQCD-D12-connected-normal/concentrated,1,update,0,0.0,400,400,0.6960661000048276,400,51200,51200,51200,13107200,0.0,0,0,0,"{""0.2"": 0, ""0.5"": 0, ""1.0"": 0, ""2.0"": 0, ""4.0"": 0}",0.007044588634865345,0.06532960978722778,1.0,0.0,1,0,0
paper-0.2,paper,0.2,LBQCD-D12-connected-normal,control-connected,concentrated,LBQCD-D12-connected-normal/concentrated,2,update,0,0.0,400,400,0.8922996999899624,400,51200,51200,51200,13107200,0.0,0,0,0,"{""0.2"": 0, ""0.5"": 0, ""1.0"": 0, ""2.0"": 0, ""4.0"": 0}",0.015498945349883275,0.1357679111509257,1.0,0.0,1,0,0
paper-0.5,paper,0.5,LBQCD-D12-connected-normal,control-connected,concentrated,LBQCD-D12-connected-normal/concentrated,0,update,0,0.0,400,400,0.6830852999992203,400,51200,51200,51200,13107200,0.0,0,0,0,"{""0.2"": 0, ""0.5"": 0, ""1.0"": 0, ""2.0"": 0, ""4.0"": 0}",0.004454982439528576,0.048262786966949266,1.0,0.0,1,0,0
paper-0.5,paper,0.5,LBQCD-D12-connected-normal,control-connected,concentrated,LBQCD-D12-connected-normal/concentrated,1,update,0,0.0,400,400,0.8778017999866279,400,51200,51200,51200,13107200,0.0,0,0,0,"{""0.2"": 0, ""0.5"": 0, ""1.0"": 0, ""2.0"": 0, ""4.0"": 0}",0.00820619910517939,0.08231286896577451,1.0,0.0,1,0,0
paper-0.5,paper,0.5,LBQCD-D12-connected-normal,control-connected,concentrated,LBQCD-D12-connected-normal/concentrated,2,update,0,0.0,400,400,0.7364218000002438,400,51200,51200,51200,13107200,0.0,0,0,0,"{""0.2"": 0, ""0.5"": 0, ""1.0"": 0, ""2.0"": 0, ""4.0"": 0}",0.014193435519432862,0.12437400210651815,1.0,0.0,1,0,0
paper-1,paper,1.0,LBQCD-D12-connected-normal,control-connected,concentrated,LBQCD-D12-connected-normal/concentrated,0,update,0,0.0,400,400,0.826343499997165,400,51200,51200,51200,13107200,0.0,0,0,0,"{""0.2"": 0, ""0.5"": 0, ""1.0"": 0, ""2.0"": 0, ""4.0"": 0}",0.0058234953497990904,0.0672012190513674,1.0,0.0,1,0,0
paper-1,paper,1.0,LBQCD-D12-connected-normal,control-connected,concentrated,LBQCD-D12-connected-normal/concentrated,1,update,0,0.0,400,400,0.7603135000099428,400,51200,51200,51200,13107200,0.0,0,0,0,"{""0.2"": 0, ""0.5"": 0, ""1.0"": 0, ""2.0"": 0, ""4.0"": 0}",0.00985635548490782,0.09233534325887943,1.0,0.0,1,0,0
paper-1,paper,1.0,LBQCD-D12-connected-normal,control-connected,concentrated,LBQCD-D12-connected-normal/concentrated,2,update,0,0.0,400,400,0.9736906000034651,400,51200,51200,51200,13107200,0.0,0,0,0,"{""0.2"": 0, ""0.5"": 0, ""1.0"": 0, ""2.0"": 0, ""4.0"": 0}",0.012716861982944305,0.11841352671758357,1.0,0.0,1,0,0
paper-2,paper,2.0,LBQCD-D12-connected-normal,control-connected,concentrated,LBQCD-D12-connected-normal/concentrated,0,update,0,0.0,400,400,0.7463451999938115,400,51200,51200,51200,13107200,0.0,0,0,0,"{""0.2"": 0, ""0.5"": 0, ""1.0"": 0, ""2.0"": 0, ""4.0"": 0}",0.0050148675534529286,0.08787251289983576,1.0,0.0,1,0,0
paper-2,paper,2.0,LBQCD-D12-connected-normal,control-connected,concentrated,LBQCD-D12-connected-normal/concentrated,1,update,0,0.0,400,400,0.7306416999927023,400,51200,51200,51200,13107200,0.0,0,0,0,"{""0.2"": 0, ""0.5"": 0, ""1.0"": 0, ""2.0"": 0, ""4.0"": 0}",0.01753465862166248,0.14703643173989198,1.0,0.0,1,0,0
paper-2,paper,2.0,LBQCD-D12-connected-normal,control-connected,concentrated,LBQCD-D12-connected-normal/concentrated,2,update,0,0.0,400,400,0.7971677999885287,400,51200,51200,51200,13107200,0.0,0,0,0,"{""0.2"": 0, ""0.5"": 0, ""1.0"": 0, ""2.0"": 0, ""4.0"": 0}",0.013189539985805965,0.10358542513184958,1.0,0.0,1,0,0
paper-4,paper,4.0,LBQCD-D12-connected-normal,control-connected,concentrated,LBQCD-D12-connected-normal/concentrated,0,update,0,0.0,400,400,0.8845198000053642,400,51200,51200,51200,13107200,0.0,0,0,0,"{""0.2"": 0, ""0.5"": 0, ""1.0"": 0, ""2.0"": 0, ""4.0"": 0}",0.010960373904597143,0.1499525240320675,1.0,0.0,1,0,0
paper-4,paper,4.0,LBQCD-D12-connected-normal,control-connected,concentrated,LBQCD-D12-connected-normal/concentrated,1,update,0,0.0,400,400,0.7473890999972355,400,51200,51200,51200,13107200,0.0,0,0,0,"{""0.2"": 0, ""0.5"": 0, ""1.0"": 0, ""2.0"": 0, ""4.0"": 0}",0.019992358114978348,0.16581424334838465,1.0,0.0,1,0,0
paper-4,paper,4.0,LBQCD-D12-connected-normal,control-connected,concentrated,LBQCD-D12-connected-normal/concentrated,2,update,0,0.0,400,400,0.8264517999923555,400,51200,51200,51200,13107200,0.0,0,0,0,"{""0.2"": 0, ""0.5"": 0, ""1.0"": 0, ""2.0"": 0, ""4.0"": 0}",0.026163814826642096,0.16360797827359397,1.0,0.0,1,0,0
qld-v1,qld,0.5,LBQCD-D12-connected-normal,control-connected,concentrated,LBQCD-D12-connected-normal/concentrated,0,update,0,0.7,400,400,0.3885733000061009,400,51200,51200,51200,3932160,501760.0,0,0,0,"{""0.2"": 0, ""0.5"": 0, ""1.0"": 0, ""2.0"": 0, ""4.0"": 0}",0.003789460425047464,0.03746931850138009,1.0,0.0,1,0,0
qld-v1,qld,0.5,LBQCD-D12-connected-normal,control-connected,concentrated,LBQCD-D12-connected-normal/concentrated,1,update,0,0.7,400,400,0.37103019999631215,400,51200,51200,51200,3932160,501760.0,0,0,0,"{""0.2"": 0, ""0.5"": 0, ""1.0"": 0, ""2.0"": 0, ""4.0"": 0}",0.006393169188756431,0.04852995281202067,1.0,0.0,1,0,0
qld-v1,qld,0.5,LBQCD-D12-connected-normal,control-connected,concentrated,LBQCD-D12-connected-normal/concentrated,2,update,0,0.7,400,400,0.4150038000079803,400,51200,51200,51200,3932160,501760.0,0,0,0,"{""0.2"": 0, ""0.5"": 0, ""1.0"": 0, ""2.0"": 0, ""4.0"": 0}",0.010538931462236834,0.09724491426955074,1.0,0.0,1,0,0
rsr-M1024-f0.70-e,rsr,0.5,LBQCD-D12-connected-normal,control-connected,concentrated,LBQCD-D12-connected-normal/concentrated,0,examples,1024,0.7,35,35,0.12146749999374151,395,50560,25984,25984,360448,491520.0,0,0,0,"{""0.2"": 0, ""0.5"": 0, ""1.0"": 0, ""2.0"": 0, ""4.0"": 0}",0.0667796813845476,0.3680683251461625,1.0,0.0,1,0,0
rsr-M1024-f0.70-e,rsr,0.5,LBQCD-D12-connected-normal,control-connected,concentrated,LBQCD-D12-connected-normal/concentrated,1,examples,1024,0.7,35,35,0.1213395000086166,395,50560,25984,25984,360448,491520.0,0,0,0,"{""0.2"": 0, ""0.5"": 0, ""1.0"": 0, ""2.0"": 0, ""4.0"": 0}",0.07097341139094526,0.34236623700598323,1.0,0.0,1,0,0
rsr-M1024-f0.70-e,rsr,0.5,LBQCD-D12-connected-normal,control-connected,concentrated,LBQCD-D12-connected-normal/concentrated,2,examples,1024,0.7,35,35,0.11168550000002142,395,50560,25984,25984,360448,491520.0,0,0,0,"{""0.2"": 0, ""0.5"": 0, ""1.0"": 0, ""2.0"": 0, ""4.0"": 0}",0.09821076980046439,0.3703217557246128,1.0,0.0,1,0,0
rsr-M1024-f0.70-u,rsr,0.5,LBQCD-D12-connected-normal,control-connected,concentrated,LBQCD-D12-connected-normal/concentrated,0,update,1024,0.7,400,400,1.0503522000071825,4600,588800,302080,302080,3932160,5734400.0,0,0,0,"{""0.2"": 0, ""0.5"": 0, ""1.0"": 0, ""2.0"": 0, ""4.0"": 0}",0.006959443484924721,0.05810681859817559,1.0,0.0,1,0,0
rsr-M1024-f0.70-u,rsr,0.5,LBQCD-D12-connected-normal,control-connected,concentrated,LBQCD-D12-connected-normal/concentrated,1,update,1024,0.7,400,400,1.0010979999933625,4600,588800,302080,302080,3932160,5734400.0,0,0,0,"{""0.2"": 0, ""0.5"": 0, ""1.0"": 0, ""2.0"": 0, ""4.0"": 0}",0.004555520636098542,0.04009389836439746,1.0,0.0,1,0,0
rsr-M1024-f0.70-u,rsr,0.5,LBQCD-D12-connected-normal,control-connected,concentrated,LBQCD-D12-connected-normal/concentrated,2,update,1024,0.7,400,400,1.0413962000020547,4600,588800,302080,302080,3932160,5734400.0,0,0,0,"{""0.2"": 0, ""0.5"": 0, ""1.0"": 0, ""2.0"": 0, ""4.0"": 0}",0.0017670875877244807,0.04942711279207622,1.0,0.0,1,0,0
rsr-M512-f0.70-e,rsr,0.5,LBQCD-D12-connected-normal,control-connected,concentrated,LBQCD-D12-connected-normal/concentrated,0,examples,512,0.7,68,68,0.14497720000508707,404,51712,27136,27136,655360,442368.0,0,0,0,"{""0.2"": 0, ""0.5"": 0, ""1.0"": 0, ""2.0"": 0, ""4.0"": 0}",0.010088445821860414,0.12052662159188722,1.0,0.0,1,0,0
rsr-M512-f0.70-e,rsr,0.5,LBQCD-D12-connected-normal,control-connected,concentrated,LBQCD-D12-connected-normal/concentrated,1,examples,512,0.7,68,68,0.13501430000178516,404,51712,27136,27136,655360,442368.0,0,0,0,"{""0.2"": 0, ""0.5"": 0, ""1.0"": 0, ""2.0"": 0, ""4.0"": 0}",0.005880085845220373,0.07568447188479877,1.0,0.0,1,0,0
rsr-M512-f0.70-e,rsr,0.5,LBQCD-D12-connected-normal,control-connected,concentrated,LBQCD-D12-connected-normal/concentrated,2,examples,512,0.7,68,68,0.13318010000512004,404,51712,27136,27136,655360,442368.0,0,0,0,"{""0.2"": 0, ""0.5"": 0, ""1.0"": 0, ""2.0"": 0, ""4.0"": 0}",0.008201553948412599,0.1240569703053064,1.0,0.0,1,0,0
rsr-M512-f0.70-u,rsr,0.5,LBQCD-D12-connected-normal,control-connected,concentrated,LBQCD-D12-connected-normal/concentrated,0,update,512,0.7,400,400,0.8586166000022786,2360,302080,158720,158720,3932160,2580480.0,0,0,0,"{""0.2"": 0, ""0.5"": 0, ""1.0"": 0, ""2.0"": 0, ""4.0"": 0}",0.005210507838912637,0.043946748608397326,1.0,0.0,1,0,0
rsr-M512-f0.70-u,rsr,0.5,LBQCD-D12-connected-normal,control-connected,concentrated,LBQCD-D12-connected-normal/concentrated,1,update,512,0.7,400,400,0.8415225000062492,2360,302080,158720,158720,3932160,2580480.0,0,0,0,"{""0.2"": 0, ""0.5"": 0, ""1.0"": 0, ""2.0"": 0, ""4.0"": 0}",0.005833679923245683,0.05027000552376579,1.0,0.0,1,0,0
rsr-M512-f0.70-u,rsr,0.5,LBQCD-D12-connected-normal,control-connected,concentrated,LBQCD-D12-connected-normal/concentrated,2,update,512,0.7,400,400,0.7654350999946473,2360,302080,158720,158720,3932160,2580480.0,0,0,0,"{""0.2"": 0, ""0.5"": 0, ""1.0"": 0, ""2.0"": 0, ""4.0"": 0}",0.003229624979900425,0.06860920419704172,1.0,0.0,1,0,0
paper-0.2,paper,0.2,LBQCD-D12-connected-normal,control-connected,missing,LBQCD-D12-connected-normal/missing,0,update,0,0.0,400,400,0.9551287999929627,400,51200,51200,51200,13107200,0.0,0,0,0,"{""0.2"": 0, ""0.5"": 0, ""1.0"": 0, ""2.0"": 0, ""4.0"": 0}",0.004856007635755777,0.03000442725158777,1.0,0.0,1,0,0
paper-0.2,paper,0.2,LBQCD-D12-connected-normal,control-connected,missing,LBQCD-D12-connected-normal/missing,1,update,0,0.0,400,400,0.6248603999993065,400,51200,51200,51200,13107200,0.0,0,0,0,"{""0.2"": 0, ""0.5"": 0, ""1.0"": 0, ""2.0"": 0, ""4.0"": 0}",0.004960341136188484,0.05222452408454182,1.0,0.0,1,0,0
paper-0.2,paper,0.2,LBQCD-D12-connected-normal,control-connected,missing,LBQCD-D12-connected-normal/missing,2,update,0,0.0,400,400,0.8916755999962334,400,51200,51200,51200,13107200,0.0,0,0,0,"{""0.2"": 0, ""0.5"": 0, ""1.0"": 0, ""2.0"": 0, ""4.0"": 0}",0.004515874253816499,0.06321339760713089,1.0,0.0,1,0,0
paper-0.5,paper,0.5,LBQCD-D12-connected-normal,control-connected,missing,LBQCD-D12-connected-normal/missing,0,update,0,0.0,400,400,0.8820656000025338,400,51200,51200,51200,13107200,0.0,0,0,0,"{""0.2"": 0, ""0.5"": 0, ""1.0"": 0, ""2.0"": 0, ""4.0"": 0}",0.0030003553200124156,0.04224858023994598,1.0,0.0,1,0,0
paper-0.5,paper,0.5,LBQCD-D12-connected-normal,control-connected,missing,LBQCD-D12-connected-normal/missing,1,update,0,0.0,400,400,0.8401336999959312,400,51200,51200,51200,13107200,0.0,0,0,0,"{""0.2"": 0, ""0.5"": 0, ""1.0"": 0, ""2.0"": 0, ""4.0"": 0}",0.007034032742406993,0.031103038492338607,1.0,0.0,1,0,0
paper-0.5,paper,0.5,LBQCD-D12-connected-normal,control-connected,missing,LBQCD-D12-connected-normal/missing,2,update,0,0.0,400,400,0.6303712999942945,400,51200,51200,51200,13107200,0.0,0,0,0,"{""0.2"": 0, ""0.5"": 0, ""1.0"": 0, ""2.0"": 0, ""4.0"": 0}",0.003103626926211467,0.0544515315019073,1.0,0.0,1,0,0
paper-1,paper,1.0,LBQCD-D12-connected-normal,control-connected,missing,LBQCD-D12-connected-normal/missing,0,update,0,0.0,400,400,0.6588063999952283,400,51200,51200,51200,13107200,0.0,0,0,0,"{""0.2"": 0, ""0.5"": 0, ""1.0"": 0, ""2.0"": 0, ""4.0"": 0}",0.004471085504249128,0.0631502137195567,1.0,0.0,1,0,0
paper-1,paper,1.0,LBQCD-D12-connected-normal,control-connected,missing,LBQCD-D12-connected-normal/missing,1,update,0,0.0,400,400,0.7278131000057328,400,51200,51200,51200,13107200,0.0,0,0,0,"{""0.2"": 0, ""0.5"": 0, ""1.0"": 0, ""2.0"": 0, ""4.0"": 0}",0.007336280340312085,0.0377542182535342,1.0,0.0,1,0,0
paper-1,paper,1.0,LBQCD-D12-connected-normal,control-connected,missing,LBQCD-D12-connected-normal/missing,2,update,0,0.0,400,400,0.740126999997301,400,51200,51200,51200,13107200,0.0,0,0,0,"{""0.2"": 0, ""0.5"": 0, ""1.0"": 0, ""2.0"": 0, ""4.0"": 0}",0.003386129089726131,0.05037928096882157,1.0,0.0,1,0,0
paper-2,paper,2.0,LBQCD-D12-connected-normal,control-connected,missing,LBQCD-D12-connected-normal/missing,0,update,0,0.0,400,400,0.7918555000069318,400,51200,51200,51200,13107200,0.0,0,0,0,"{""0.2"": 0, ""0.5"": 0, ""1.0"": 0, ""2.0"": 0, ""4.0"": 0}",0.00537761046989349,0.07411085431316716,1.0,0.0,1,0,0
paper-2,paper,2.0,LBQCD-D12-connected-normal,control-connected,missing,LBQCD-D12-connected-normal/missing,1,update,0,0.0,400,400,0.9139655000035418,400,51200,51200,51200,13107200,0.0,0,0,0,"{""0.2"": 0, ""0.5"": 0, ""1.0"": 0, ""2.0"": 0, ""4.0"": 0}",0.007085016481104711,0.047716965621005254,1.0,0.0,1,0,0
paper-2,paper,2.0,LBQCD-D12-connected-normal,control-connected,missing,LBQCD-D12-connected-normal/missing,2,update,0,0.0,400,400,0.8550115000107326,400,51200,51200,51200,13107200,0.0,0,0,0,"{""0.2"": 0, ""0.5"": 0, ""1.0"": 0, ""2.0"": 0, ""4.0"": 0}",0.004130874537512819,0.05671691791159325,1.0,0.0,1,0,0
paper-4,paper,4.0,LBQCD-D12-connected-normal,control-connected,missing,LBQCD-D12-connected-normal/missing,0,update,0,0.0,400,400,0.8891284999990603,400,51200,51200,51200,13107200,0.0,0,0,0,"{""0.2"": 0, ""0.5"": 0, ""1.0"": 0, ""2.0"": 0, ""4.0"": 0}",0.006860257171374506,0.09038623195037654,1.0,0.0,1,0,0
paper-4,paper,4.0,LBQCD-D12-connected-normal,control-connected,missing,LBQCD-D12-connected-normal/missing,1,update,0,0.0,400,400,0.584445099986624,400,51200,51200,51200,13107200,0.0,0,0,0,"{""0.2"": 0, ""0.5"": 0, ""1.0"": 0, ""2.0"": 0, ""4.0"": 0}",0.007955465993183752,0.08661020846642467,1.0,0.0,1,0,0
paper-4,paper,4.0,LBQCD-D12-connected-normal,control-connected,missing,LBQCD-D12-connected-normal/missing,2,update,0,0.0,400,400,0.7768740999890724,400,51200,51200,51200,13107200,0.0,0,0,0,"{""0.2"": 0, ""0.5"": 0, ""1.0"": 0, ""2.0"": 0, ""4.0"": 0}",0.007524273195837594,0.08006747039140746,1.0,0.0,1,0,0
qld-v1,qld,0.5,LBQCD-D12-connected-normal,control-connected,missing,LBQCD-D12-connected-normal/missing,0,update,0,0.7,400,400,0.3351107000053162,400,51200,51200,51200,3932160,501760.0,0,0,0,"{""0.2"": 0, ""0.5"": 0, ""1.0"": 0, ""2.0"": 0, ""4.0"": 0}",0.0049502012306874565,0.026815571066405496,1.0,0.0,1,0,0
qld-v1,qld,0.5,LBQCD-D12-connected-normal,control-connected,missing,LBQCD-D12-connected-normal/missing,1,update,0,0.7,400,400,0.35861900000600144,400,51200,51200,51200,3932160,501760.0,0,0,0,"{""0.2"": 0, ""0.5"": 0, ""1.0"": 0, ""2.0"": 0, ""4.0"": 0}",0.005812357555426084,0.05229606008316091,1.0,0.0,1,0,0
qld-v1,qld,0.5,LBQCD-D12-connected-normal,control-connected,missing,LBQCD-D12-connected-normal/missing,2,update,0,0.7,400,400,0.4124716000078479,400,51200,51200,51200,3932160,501760.0,0,0,0,"{""0.2"": 0, ""0.5"": 0, ""1.0"": 0, ""2.0"": 0, ""4.0"": 0}",0.003795319043102152,0.07863565110306626,1.0,0.0,1,0,0
rsr-M1024-f0.70-e,rsr,0.5,LBQCD-D12-connected-normal,control-connected,missing,LBQCD-D12-connected-normal/missing,0,examples,1024,0.7,35,35,0.12722420001227874,395,50560,25984,25984,360448,491520.0,0,0,0,"{""0.2"": 0, ""0.5"": 0, ""1.0"": 0, ""2.0"": 0, ""4.0"": 0}",0.04058648163387746,0.2219155829000548,1.0,0.0,1,0,0
rsr-M1024-f0.70-e,rsr,0.5,LBQCD-D12-connected-normal,control-connected,missing,LBQCD-D12-connected-normal/missing,1,examples,1024,0.7,35,35,0.1090330000006361,395,50560,25984,25984,360448,491520.0,0,0,0,"{""0.2"": 0, ""0.5"": 0, ""1.0"": 0, ""2.0"": 0, ""4.0"": 0}",0.01779785970999126,0.19702996080730445,1.0,0.0,1,0,0
rsr-M1024-f0.70-e,rsr,0.5,LBQCD-D12-connected-normal,control-connected,missing,LBQCD-D12-connected-normal/missing,2,examples,1024,0.7,35,35,0.08681550000619609,395,50560,25984,25984,360448,491520.0,0,0,0,"{""0.2"": 0, ""0.5"": 0, ""1.0"": 0, ""2.0"": 0, ""4.0"": 0}",0.009163301229177856,0.09408246230056226,1.0,0.0,1,0,0
rsr-M1024-f0.70-u,rsr,0.5,LBQCD-D12-connected-normal,control-connected,missing,LBQCD-D12-connected-normal/missing,0,update,1024,0.7,400,400,1.2916947999910917,4600,588800,302080,302080,3932160,5734400.0,0,0,0,"{""0.2"": 0, ""0.5"": 0, ""1.0"": 0, ""2.0"": 0, ""4.0"": 0}",0.0071591909095682915,0.03829849478381918,1.0,0.0,1,0,0
rsr-M1024-f0.70-u,rsr,0.5,LBQCD-D12-connected-normal,control-connected,missing,LBQCD-D12-connected-normal/missing,1,update,1024,0.7,400,400,1.2147669999976642,4600,588800,302080,302080,3932160,5734400.0,0,0,0,"{""0.2"": 0, ""0.5"": 0, ""1.0"": 0, ""2.0"": 0, ""4.0"": 0}",0.005909195514861798,0.0679688868400701,1.0,0.0,1,0,0
rsr-M1024-f0.70-u,rsr,0.5,LBQCD-D12-connected-normal,control-connected,missing,LBQCD-D12-connected-normal/missing,2,update,1024,0.7,400,400,1.164192099997308,4600,588800,302080,302080,3932160,5734400.0,0,0,0,"{""0.2"": 0, ""0.5"": 0, ""1.0"": 0, ""2.0"": 0, ""4.0"": 0}",0.003020221022761893,0.05226853098629629,1.0,0.0,1,0,0
rsr-M512-f0.70-e,rsr,0.5,LBQCD-D12-connected-normal,control-connected,missing,LBQCD-D12-connected-normal/missing,0,examples,512,0.7,68,68,0.12083310000889469,404,51712,27136,27136,655360,442368.0,0,0,0,"{""0.2"": 0, ""0.5"": 0, ""1.0"": 0, ""2.0"": 0, ""4.0"": 0}",0.013434963480792428,0.08756168976752185,1.0,0.0,1,0,0
rsr-M512-f0.70-e,rsr,0.5,LBQCD-D12-connected-normal,control-connected,missing,LBQCD-D12-connected-normal/missing,1,examples,512,0.7,68,68,0.13281850000203121,404,51712,27136,27136,655360,442368.0,0,0,0,"{""0.2"": 0, ""0.5"": 0, ""1.0"": 0, ""2.0"": 0, ""4.0"": 0}",0.007795056983826987,0.12227890550166598,1.0,0.0,1,0,0
rsr-M512-f0.70-e,rsr,0.5,LBQCD-D12-connected-normal,control-connected,missing,LBQCD-D12-connected-normal/missing,2,examples,512,0.7,68,68,0.14229059999343008,404,51712,27136,27136,655360,442368.0,0,0,0,"{""0.2"": 0, ""0.5"": 0, ""1.0"": 0, ""2.0"": 0, ""4.0"": 0}",0.006383374640151596,0.0945087020641606,1.0,0.0,1,0,0
rsr-M512-f0.70-u,rsr,0.5,LBQCD-D12-connected-normal,control-connected,missing,LBQCD-D12-connected-normal/missing,0,update,512,0.7,400,400,0.7462668000080157,2360,302080,158720,158720,3932160,2580480.0,0,0,0,"{""0.2"": 0, ""0.5"": 0, ""1.0"": 0, ""2.0"": 0, ""4.0"": 0}",0.009548586621941357,0.05318509222153203,1.0,0.0,1,0,0
rsr-M512-f0.70-u,rsr,0.5,LBQCD-D12-connected-normal,control-connected,missing,LBQCD-D12-connected-normal/missing,1,update,512,0.7,400,400,0.8726552000007359,2360,302080,158720,158720,3932160,2580480.0,0,0,0,"{""0.2"": 0, ""0.5"": 0, ""1.0"": 0, ""2.0"": 0, ""4.0"": 0}",0.0071640154695797875,0.05472039299591833,1.0,0.0,1,0,0
rsr-M512-f0.70-u,rsr,0.5,LBQCD-D12-connected-normal,control-connected,missing,LBQCD-D12-connected-normal/missing,2,update,512,0.7,400,400,0.7798582999967039,2360,302080,158720,158720,3932160,2580480.0,0,0,0,"{""0.2"": 0, ""0.5"": 0, ""1.0"": 0, ""2.0"": 0, ""4.0"": 0}",0.004330723081663601,0.0535342387961775,1.0,0.0,1,0,0
