arm,target,family,dimension,instance,initialization,learning_rate,conditioned_direction_count,quadratic_condition_number,ed2,heldout_sw1,training_quantile_rmse,output_rms,covariance_effective_rank,mode_coverage,mode_mass_error,rare_mass_error,completed_updates,unique_latent_samples,generator_example_evals_training,generator_forward_calls_training,unique_target_observations,target_example_accesses,projection_scalar_products,sort_work,paper_kernel_pairs,atlas_bytes,kll_serialized_bytes,diverged,wall_seconds,model_parameters,mean_selected_local_weight,minimum_selected_local_weight,mean_local_scale,mean_teacher_displacement_rms
paper-neural,NCT-d2-balanced-gmm-i0,balanced-gmm,2,0,concentrated,0.016,64,1.5569517230652792,0.031155914602754464,0.13464497470207262,0.16944613965841826,0.9913082122802734,1.4758701676722539,0.8333333333333334,0.353515625,nan,320,20480,20480,320,20480,20480,0,0.0,2621440,0,0,0,0.3551819999993313,4610,,,,
minibatch-sw,NCT-d2-balanced-gmm-i0,balanced-gmm,2,0,concentrated,0.016,64,1.5569517230652792,0.04696451692652426,0.1723573576061972,0.22879563569216227,0.8516759276390076,1.6224909747544534,1.0,0.396484375,nan,320,20480,20480,320,20480,20480,2621440,15728640.0,0,0,0,0,0.5286960000012186,4610,,,,
kll-small-rsr,NCT-d2-balanced-gmm-i0,balanced-gmm,2,0,concentrated,0.016,64,1.5569517230652792,0.021481449739589653,0.12548439970602965,0.16190722654038525,0.978300929069519,1.6174501718281793,1.0,0.2548828125,nan,160,10240,20480,320,20480,20480,2621440,3932160.0,0,67584,98048,0,0.26158449999638833,4610,,,,
cta-exact-hybrid,NCT-d2-balanced-gmm-i0,balanced-gmm,2,0,concentrated,0.016,64,1.5569517230652792,0.0067320493281304294,0.06783270379641018,0.10621388042981059,0.9822761416435242,1.6749214335821336,1.0,0.0634765625,nan,160,10240,20480,320,20480,30720,2621440,5898240.0,10485760,67584,0,0,0.4733762000032584,4610,0.25,0.25,4.966558494723036,0.16666749641299247
cta-kll-hybrid,NCT-d2-balanced-gmm-i0,balanced-gmm,2,0,concentrated,0.016,64,1.5569517230652792,0.006572956266855279,0.06719795945745967,0.10534902868673834,0.9816255569458008,1.6705636202877048,1.0,0.0732421875,nan,160,10240,20480,320,20480,30720,2621440,5898240.0,10485760,67584,98048,0,0.4455919000029098,4610,0.25,0.25,4.933326647278452,0.16598388515412807
paper-neural,NCT-d2-balanced-gmm-i0,balanced-gmm,2,0,broad,0.016,64,1.5569517230652792,0.023840289639703638,0.13165959852822606,0.19964227082169797,0.9416398406028748,1.7449438274445837,1.0,0.1044921875,nan,320,20480,20480,320,20480,20480,0,0.0,2621440,0,0,0,0.3606819000051473,4610,,,,
minibatch-sw,NCT-d2-balanced-gmm-i0,balanced-gmm,2,0,broad,0.016,64,1.5569517230652792,0.031068014385509546,0.14017391490949455,0.2003172408722042,0.8951045870780945,1.7392788375237904,1.0,0.1240234375,nan,320,20480,20480,320,20480,20480,2621440,15728640.0,0,0,0,0,0.5196233000024222,4610,,,,
kll-small-rsr,NCT-d2-balanced-gmm-i0,balanced-gmm,2,0,broad,0.016,64,1.5569517230652792,0.03094488046774968,0.14966928699850823,0.19555518877490854,0.9839655756950378,1.6090083410478166,1.0,0.2587890625,nan,160,10240,20480,320,20480,20480,2621440,3932160.0,0,67584,98048,0,0.2582317999986117,4610,,,,
cta-exact-hybrid,NCT-d2-balanced-gmm-i0,balanced-gmm,2,0,broad,0.016,64,1.5569517230652792,0.010173261825620283,0.0824818950100851,0.1380742226040683,0.9762711524963379,1.7332682493782972,1.0,0.08072916666666669,nan,160,10240,20480,320,20480,30720,2621440,5898240.0,10485760,67584,0,0,0.42064189999655355,4610,0.25,0.25,3.694070425622461,0.1479234028607607
cta-kll-hybrid,NCT-d2-balanced-gmm-i0,balanced-gmm,2,0,broad,0.016,64,1.5569517230652792,0.010515637422655377,0.08419268648683507,0.13936610743394343,0.9753619432449341,1.7355124735939258,1.0,0.08170572916666669,nan,160,10240,20480,320,20480,30720,2621440,5898240.0,10485760,67584,98048,0,0.43003390000376385,4610,0.25,0.25,3.6446091305140507,0.1470411155372858
paper-neural,NCT-d2-balanced-gmm-i1,balanced-gmm,2,1,concentrated,0.016,64,1.4718631268313742,0.039342672877150875,0.17797752860775048,0.29350256805603736,1.0900704860687256,1.546312354257644,1.0,0.2431640625,nan,320,20480,20480,320,20480,20480,0,0.0,2621440,0,0,0,0.35610129999986384,4610,,,,
minibatch-sw,NCT-d2-balanced-gmm-i1,balanced-gmm,2,1,concentrated,0.016,64,1.4718631268313742,0.036075892553711686,0.16414259313832305,0.20985679520252207,1.0201542377471924,1.8569804794009073,1.0,0.115234375,nan,320,20480,20480,320,20480,20480,2621440,15728640.0,0,0,0,0,0.5713934000013978,4610,,,,
kll-small-rsr,NCT-d2-balanced-gmm-i1,balanced-gmm,2,1,concentrated,0.016,64,1.4718631268313742,0.01672160695090552,0.09899879397288067,0.1584456177167856,0.9458363056182861,1.7901226363835212,1.0,0.0546875,nan,160,10240,20480,320,20480,20480,2621440,3932160.0,0,67584,98048,0,0.2756156000032206,4610,,,,
cta-exact-hybrid,NCT-d2-balanced-gmm-i1,balanced-gmm,2,1,concentrated,0.016,64,1.4718631268313742,0.007049525666163792,0.06877197836335229,0.11021496887204399,1.0007790327072144,1.638740527116675,1.0,0.037109375,nan,160,10240,20480,320,20480,30720,2621440,5898240.0,10485760,67584,0,0,0.5139622000060626,4610,0.25,0.25,4.37039281753073,0.16496586985886097
cta-kll-hybrid,NCT-d2-balanced-gmm-i1,balanced-gmm,2,1,concentrated,0.016,64,1.4718631268313742,0.0066877884940281795,0.0670412511216534,0.10902038884128679,0.9996376633644104,1.6404310334000456,1.0,0.0302734375,nan,160,10240,20480,320,20480,30720,2621440,5898240.0,10485760,67584,98048,0,0.4999714000005042,4610,0.25,0.25,4.329760915776726,0.16436602044850587
paper-neural,NCT-d2-balanced-gmm-i1,balanced-gmm,2,1,broad,0.016,64,1.4718631268313742,0.03704068079592249,0.1638520249643772,0.2543066765503671,0.9639493227005005,1.492311582616922,1.0,0.205078125,nan,320,20480,20480,320,20480,20480,0,0.0,2621440,0,0,0,0.36709780000091996,4610,,,,
minibatch-sw,NCT-d2-balanced-gmm-i1,balanced-gmm,2,1,broad,0.016,64,1.4718631268313742,0.03630758098216891,0.1527793687712552,0.21418478679407288,0.9473063945770264,1.8616844510271449,1.0,0.1083984375,nan,320,20480,20480,320,20480,20480,2621440,15728640.0,0,0,0,0,0.5299765999952797,4610,,,,
kll-small-rsr,NCT-d2-balanced-gmm-i1,balanced-gmm,2,1,broad,0.016,64,1.4718631268313742,0.018186988727014963,0.11363193760089214,0.16130970875549638,0.9596413969993591,1.6769357140548073,1.0,0.09375,nan,160,10240,20480,320,20480,20480,2621440,3932160.0,0,67584,98048,0,0.26109790000191424,4610,,,,
cta-exact-hybrid,NCT-d2-balanced-gmm-i1,balanced-gmm,2,1,broad,0.016,64,1.4718631268313742,0.009986750437706693,0.08408376652044468,0.1462374099413247,1.0174708366394043,1.5624789634100578,1.0,0.1337890625,nan,160,10240,20480,320,20480,30720,2621440,5898240.0,10485760,67584,0,0,0.48234129999764264,4610,0.25,0.25,3.780588785650189,0.16379067711532116
cta-kll-hybrid,NCT-d2-balanced-gmm-i1,balanced-gmm,2,1,broad,0.016,64,1.4718631268313742,0.009452223542128824,0.08164042963346918,0.14266536183754033,1.0155729055404663,1.5637325826552193,1.0,0.1396484375,nan,160,10240,20480,320,20480,30720,2621440,5898240.0,10485760,67584,98048,0,0.496009900001809,4610,0.25,0.25,3.749718469780737,0.16299916990101337
paper-neural,NCT-d2-balanced-gmm-i2,balanced-gmm,2,2,concentrated,0.016,64,1.5292761761919056,0.028736371034777886,0.12790597583025656,0.16212759417047085,0.8973950147628784,1.8521821006418404,1.0,0.0537109375,nan,320,20480,20480,320,20480,20480,0,0.0,2621440,0,0,0,0.3762401000058162,4610,,,,
minibatch-sw,NCT-d2-balanced-gmm-i2,balanced-gmm,2,2,concentrated,0.016,64,1.5292761761919056,0.017574313008621,0.10898234880713875,0.14072114254135668,0.9866323471069336,1.8786375336052645,1.0,0.1005859375,nan,320,20480,20480,320,20480,20480,2621440,15728640.0,0,0,0,0,0.5160974999962491,4610,,,,
kll-small-rsr,NCT-d2-balanced-gmm-i2,balanced-gmm,2,2,concentrated,0.016,64,1.5292761761919056,0.015008015400133967,0.09601606503505275,0.1336392666314376,0.9855924844741821,1.8698554311587727,1.0,0.02734375,nan,160,10240,20480,320,20480,20480,2621440,3932160.0,0,67584,98048,0,0.25110220000351546,4610,,,,
cta-exact-hybrid,NCT-d2-balanced-gmm-i2,balanced-gmm,2,2,concentrated,0.016,64,1.5292761761919056,0.008363096806462966,0.07413547136997815,0.11431816071344501,0.9830601811408997,1.8582216041849182,1.0,0.0390625,nan,160,10240,20480,320,20480,30720,2621440,5898240.0,10485760,67584,0,0,0.4301952999958303,4610,0.25,0.25,5.280436175619796,0.14315603580325842
cta-kll-hybrid,NCT-d2-balanced-gmm-i2,balanced-gmm,2,2,concentrated,0.016,64,1.5292761761919056,0.008389875506088273,0.07396018445752042,0.11330103876793352,0.985516369342804,1.85843710930658,1.0,0.037109375,nan,160,10240,20480,320,20480,30720,2621440,5898240.0,10485760,67584,98048,0,0.43249130000185687,4610,0.25,0.25,5.278424837722137,0.14320262372493744
paper-neural,NCT-d2-balanced-gmm-i2,balanced-gmm,2,2,broad,0.016,64,1.5292761761919056,0.0244016953450501,0.12912860143984797,0.159820711515247,0.9883968234062195,1.800467797844935,1.0,0.1142578125,nan,320,20480,20480,320,20480,20480,0,0.0,2621440,0,0,0,0.35986749999574386,4610,,,,
minibatch-sw,NCT-d2-balanced-gmm-i2,balanced-gmm,2,2,broad,0.016,64,1.5292761761919056,0.031672258862927016,0.14535695098764406,0.1790265204868031,0.9886102080345154,1.6152326408469222,1.0,0.203125,nan,320,20480,20480,320,20480,20480,2621440,15728640.0,0,0,0,0,0.5183685999945737,4610,,,,
kll-small-rsr,NCT-d2-balanced-gmm-i2,balanced-gmm,2,2,broad,0.016,64,1.5292761761919056,0.01854237125876912,0.11276332695696398,0.14294319240955258,0.9530922174453735,1.9532286720170418,1.0,0.0615234375,nan,160,10240,20480,320,20480,20480,2621440,3932160.0,0,67584,98048,0,0.25407860000268556,4610,,,,
cta-exact-hybrid,NCT-d2-balanced-gmm-i2,balanced-gmm,2,2,broad,0.016,64,1.5292761761919056,0.010362779745345385,0.08088409622679228,0.11149874040404706,1.016830563545227,1.8306047845329594,1.0,0.0390625,nan,160,10240,20480,320,20480,30720,2621440,5898240.0,10485760,67584,0,0,0.43231789999845205,4610,0.25,0.25,3.818471936231603,0.14536817260086538
cta-kll-hybrid,NCT-d2-balanced-gmm-i2,balanced-gmm,2,2,broad,0.016,64,1.5292761761919056,0.010233112583675652,0.08035206152008505,0.11061567339134074,1.0172139406204224,1.8273821549215674,1.0,0.0390625,nan,160,10240,20480,320,20480,30720,2621440,5898240.0,10485760,67584,98048,0,0.4949944999971194,4610,0.25,0.25,3.817731275185303,0.1454100761562586
paper-neural,NCT-d2-balanced-gmm-i3,balanced-gmm,2,3,concentrated,0.016,64,1.6050602323066494,0.05830447812508943,0.17523049973371757,0.25328798417102044,0.9881010055541992,1.0597240489174626,1.0,0.07747395833333331,nan,320,20480,20480,320,20480,20480,0,0.0,2621440,0,0,0,0.36955940000189,4610,,,,
minibatch-sw,NCT-d2-balanced-gmm-i3,balanced-gmm,2,3,concentrated,0.016,64,1.6050602323066494,0.04297579531666473,0.16321938152813156,0.2719494464620601,0.9043205976486206,1.1580260753206812,1.0,0.13118489583333331,nan,320,20480,20480,320,20480,20480,2621440,15728640.0,0,0,0,0,0.5245575000008103,4610,,,,
kll-small-rsr,NCT-d2-balanced-gmm-i3,balanced-gmm,2,3,concentrated,0.016,64,1.6050602323066494,0.0449317445396864,0.16539958713635183,0.21192751525376907,0.8686735033988953,1.4352992483165048,1.0,0.07747395833333331,nan,160,10240,20480,320,20480,20480,2621440,3932160.0,0,67584,98048,0,0.25346600000193575,4610,,,,
cta-exact-hybrid,NCT-d2-balanced-gmm-i3,balanced-gmm,2,3,concentrated,0.016,64,1.6050602323066494,0.005408771085967157,0.05636034714102729,0.0989645119681619,0.9929970502853394,1.2009235151258175,1.0,0.051432291666666685,nan,160,10240,20480,320,20480,30720,2621440,5898240.0,10485760,67584,0,0,0.49686300000030315,4610,0.25,0.25,5.845557573623743,0.17956801895052193
cta-kll-hybrid,NCT-d2-balanced-gmm-i3,balanced-gmm,2,3,concentrated,0.016,64,1.6050602323066494,0.005909580393370195,0.058720856288160886,0.10262299147343784,0.9958971738815308,1.2023146375046643,1.0,0.061197916666666685,nan,160,10240,20480,320,20480,30720,2621440,5898240.0,10485760,67584,98048,0,0.46653299999888986,4610,0.25,0.25,5.708988087866802,0.17913462240248917
paper-neural,NCT-d2-balanced-gmm-i3,balanced-gmm,2,3,broad,0.016,64,1.6050602323066494,0.022812566287964575,0.11396716266474247,0.17791111670137708,0.9940640926361084,1.199131668981791,1.0,0.059244791666666685,nan,320,20480,20480,320,20480,20480,0,0.0,2621440,0,0,0,0.3622222000049078,4610,,,,
minibatch-sw,NCT-d2-balanced-gmm-i3,balanced-gmm,2,3,broad,0.016,64,1.6050602323066494,0.04304363060682048,0.16822633093678505,0.2704381190036712,0.9485359191894531,1.3462705011567149,1.0,0.11490885416666669,nan,320,20480,20480,320,20480,20480,2621440,15728640.0,0,0,0,0,0.5348876999996719,4610,,,,
kll-small-rsr,NCT-d2-balanced-gmm-i3,balanced-gmm,2,3,broad,0.016,64,1.6050602323066494,0.035969645626371616,0.1521473610530177,0.19648275152990038,0.8721762895584106,1.1516570834825526,1.0,0.056966145833333315,nan,160,10240,20480,320,20480,20480,2621440,3932160.0,0,67584,98048,0,0.26456080000207294,4610,,,,
cta-exact-hybrid,NCT-d2-balanced-gmm-i3,balanced-gmm,2,3,broad,0.016,64,1.6050602323066494,0.006225356466443177,0.06173764210461916,0.09907147561771788,1.0296072959899902,1.1763634238743668,1.0,0.08430989583333331,nan,160,10240,20480,320,20480,30720,2621440,5898240.0,10485760,67584,0,0,0.4428533999962383,4610,0.25,0.25,5.2903747690936,0.16711273938417434
cta-kll-hybrid,NCT-d2-balanced-gmm-i3,balanced-gmm,2,3,broad,0.016,64,1.6050602323066494,0.005681796726914268,0.061054095132199934,0.10105829656405908,1.0238032341003418,1.1800983145397475,1.0,0.09016927083333331,nan,160,10240,20480,320,20480,30720,2621440,5898240.0,10485760,67584,98048,0,0.45820610000373563,4610,0.25,0.25,5.205163949205313,0.16612795721739532
paper-neural,NCT-d2-rare-gmm-i0,rare-gmm,2,0,concentrated,0.016,64,1.5606046081253115,0.03772429466168026,0.19200085463247998,0.35870515604838554,0.9081353545188904,1.1767669576362025,1.0,0.04765624999999998,0.023828125000000006,320,20480,20480,320,20480,20480,0,0.0,2621440,0,0,0,0.35336009999446105,4610,,,,
minibatch-sw,NCT-d2-rare-gmm-i0,rare-gmm,2,0,concentrated,0.016,64,1.5606046081253115,0.07550437970231538,0.2507197543216387,0.37447320228850145,0.7069928646087646,1.371792298699283,1.0,0.029101562499999983,0.014550781250000006,320,20480,20480,320,20480,20480,2621440,15728640.0,0,0,0,0,0.5175952000063262,4610,,,,
kll-small-rsr,NCT-d2-rare-gmm-i0,rare-gmm,2,0,concentrated,0.016,64,1.5606046081253115,0.14067490944027705,0.3283757357444154,0.40186598633793824,0.8428171873092651,1.936550963424214,1.0,0.017773437500000017,0.008886718749999994,160,10240,20480,320,20480,20480,2621440,3932160.0,0,67584,98048,0,0.25133089999872027,4610,,,,
cta-exact-hybrid,NCT-d2-rare-gmm-i0,rare-gmm,2,0,concentrated,0.016,64,1.5606046081253115,0.008297543768630788,0.08352584898778523,0.19922226702617676,0.9525856971740723,1.3742089767605519,1.0,0.00019531250000001665,9.765624999999445e-05,160,10240,20480,320,20480,30720,2621440,5898240.0,10485760,67584,0,0,0.44797079999989364,4610,0.25,0.25,6.281741678207952,0.19776647500693798
cta-kll-hybrid,NCT-d2-rare-gmm-i0,rare-gmm,2,0,concentrated,0.016,64,1.5606046081253115,0.004783211469897353,0.06392937017401212,0.15797731978618515,0.9713227152824402,1.3350734802955662,1.0,0.012890625000000017,0.0064453124999999944,160,10240,20480,320,20480,30720,2621440,5898240.0,10485760,67584,98048,0,0.4722729999994044,4610,0.25,0.25,6.2282778857610595,0.19851804859936237
paper-neural,NCT-d2-rare-gmm-i0,rare-gmm,2,0,broad,0.016,64,1.5606046081253115,0.0667864391123083,0.2372276702159072,0.6213065590216824,0.6258541941642761,1.896303271127613,0.5,0.19999999999999998,0.1,320,20480,20480,320,20480,20480,0,0.0,2621440,0,0,0,0.36148859999957494,4610,,,,
minibatch-sw,NCT-d2-rare-gmm-i0,rare-gmm,2,0,broad,0.016,64,1.5606046081253115,0.04024980156195479,0.17129154162259325,0.26128790199638363,0.8825364708900452,1.3620079272252892,1.0,0.06855468750000002,0.034277343749999994,320,20480,20480,320,20480,20480,2621440,15728640.0,0,0,0,0,0.5210550000047078,4610,,,,
kll-small-rsr,NCT-d2-rare-gmm-i0,rare-gmm,2,0,broad,0.016,64,1.5606046081253115,0.11296271940211922,0.2851392840059835,0.3531782810883418,0.9134493470191956,1.1591659508944587,1.0,0.07343750000000002,0.036718749999999994,160,10240,20480,320,20480,20480,2621440,3932160.0,0,67584,98048,0,0.2646766000034404,4610,,,,
cta-exact-hybrid,NCT-d2-rare-gmm-i0,rare-gmm,2,0,broad,0.016,64,1.5606046081253115,0.012675847410505536,0.08895037730418819,0.13150716218108563,1.0050421953201294,1.4004795532651717,1.0,0.030468750000000017,0.015234374999999994,160,10240,20480,320,20480,30720,2621440,5898240.0,10485760,67584,0,0,0.4958593999981531,4610,0.25,0.25,5.7146710094530295,0.1985694829374552
cta-kll-hybrid,NCT-d2-rare-gmm-i0,rare-gmm,2,0,broad,0.016,64,1.5606046081253115,0.013437938446406505,0.08979132463933007,0.13308381719360451,1.0066393613815308,1.388546667124278,1.0,0.03437500000000002,0.017187499999999994,160,10240,20480,320,20480,30720,2621440,5898240.0,10485760,67584,98048,0,0.5288004999965779,4610,0.25,0.25,5.718114762204459,0.19830304495990275
paper-neural,NCT-d2-rare-gmm-i1,rare-gmm,2,1,concentrated,0.016,64,1.4486386224071144,0.018449953352078996,0.1455980021811059,0.4070794304877832,0.8066519498825073,1.67247902025892,0.5,0.04000000000000002,0.02,320,20480,20480,320,20480,20480,0,0.0,2621440,0,0,0,0.3776025999977719,4610,,,,
minibatch-sw,NCT-d2-rare-gmm-i1,rare-gmm,2,1,concentrated,0.016,64,1.4486386224071144,0.013179994945668572,0.12064688396604634,0.33499253507484483,0.8142179846763611,1.973526126064055,0.5,0.029257812500000018,0.01462890625,320,20480,20480,320,20480,20480,2621440,15728640.0,0,0,0,0,0.549438399997598,4610,,,,
kll-small-rsr,NCT-d2-rare-gmm-i1,rare-gmm,2,1,concentrated,0.016,64,1.4486386224071144,0.006302518602297358,0.09170271471536079,0.2572431470736075,0.9266765713691711,1.9033618378306727,1.0,0.004843750000000018,0.0024218750000000004,160,10240,20480,320,20480,20480,2621440,3932160.0,0,67584,98048,0,0.26544960000319406,4610,,,,
cta-exact-hybrid,NCT-d2-rare-gmm-i1,rare-gmm,2,1,concentrated,0.016,64,1.4486386224071144,0.0037728927436933013,0.07052669930914875,0.21449353700185253,0.9758617281913757,1.8721054676935083,1.0,0.005898437499999982,0.0029492187499999996,160,10240,20480,320,20480,30720,2621440,5898240.0,10485760,67584,0,0,0.4406133999946178,4610,0.25,0.25,7.500318465946778,0.22578959465026854
cta-kll-hybrid,NCT-d2-rare-gmm-i1,rare-gmm,2,1,concentrated,0.016,64,1.4486386224071144,0.006233377181241284,0.09025870645774922,0.20198043991922301,0.9977213144302368,1.821383908933939,1.0,0.015664062499999982,0.00783203125,160,10240,20480,320,20480,30720,2621440,5898240.0,10485760,67584,98048,0,0.43331860000034794,4610,0.25,0.25,7.670349328379912,0.23287539556622505
paper-neural,NCT-d2-rare-gmm-i1,rare-gmm,2,1,broad,0.016,64,1.4486386224071144,0.02543643861492173,0.16079640816964202,0.4378355539416087,0.8799183368682861,1.763336503475611,0.5,0.04000000000000002,0.02,320,20480,20480,320,20480,20480,0,0.0,2621440,0,0,0,0.35940710000431864,4610,,,,
minibatch-sw,NCT-d2-rare-gmm-i1,rare-gmm,2,1,broad,0.016,64,1.4486386224071144,0.059826401338906265,0.24327854651121442,0.41223807372192495,0.89169842004776,1.4342587837727914,0.5,0.03218750000000002,0.01609375,320,20480,20480,320,20480,20480,2621440,15728640.0,0,0,0,0,0.5237304000038421,4610,,,,
kll-small-rsr,NCT-d2-rare-gmm-i1,rare-gmm,2,1,broad,0.016,64,1.4486386224071144,0.018419457610404866,0.1470618870355725,0.3079865281113981,0.9598910808563232,1.9312228609856656,1.0,0.016562500000000018,0.00828125,160,10240,20480,320,20480,20480,2621440,3932160.0,0,67584,98048,0,0.25113170000258833,4610,,,,
cta-exact-hybrid,NCT-d2-rare-gmm-i1,rare-gmm,2,1,broad,0.016,64,1.4486386224071144,0.011330453762854908,0.11858599367518528,0.23621033298013533,0.953334391117096,1.9048598248098265,1.0,0.006874999999999982,0.0034374999999999996,160,10240,20480,320,20480,30720,2621440,5898240.0,10485760,67584,0,0,0.4375983999998425,4610,0.25,0.25,7.53029112827861,0.21261283271014692
cta-kll-hybrid,NCT-d2-rare-gmm-i1,rare-gmm,2,1,broad,0.016,64,1.4486386224071144,0.010162831013218021,0.10895595989426246,0.2059554494742173,0.9781829118728638,1.8635594754325704,1.0,0.008828124999999982,0.0044140625,160,10240,20480,320,20480,30720,2621440,5898240.0,10485760,67584,98048,0,0.5043074000059278,4610,0.25,0.25,7.385538908559562,0.2201080035418272
paper-neural,NCT-d2-rare-gmm-i2,rare-gmm,2,2,concentrated,0.016,64,1.5192701842974055,0.018541749467932744,0.1545041087881312,0.4939383658157244,0.7319351434707642,1.8899850750830076,0.5,0.04000000000000002,0.02,320,20480,20480,320,20480,20480,0,0.0,2621440,0,0,0,0.39490289999957895,4610,,,,
minibatch-sw,NCT-d2-rare-gmm-i2,rare-gmm,2,2,concentrated,0.016,64,1.5192701842974055,0.016259748221756132,0.13320944867713516,0.26576717547726475,0.9759112596511841,1.633689068336066,1.0,0.03617187499999998,0.0180859375,320,20480,20480,320,20480,20480,2621440,15728640.0,0,0,0,0,0.5519771999970544,4610,,,,
kll-small-rsr,NCT-d2-rare-gmm-i2,rare-gmm,2,2,concentrated,0.016,64,1.5192701842974055,0.014925543202521263,0.1291812415543993,0.27281913930254653,0.9224591255187988,1.5821335064006925,1.0,0.018593749999999982,0.009296875,160,10240,20480,320,20480,20480,2621440,3932160.0,0,67584,98048,0,0.25841529999888735,4610,,,,
cta-exact-hybrid,NCT-d2-rare-gmm-i2,rare-gmm,2,2,concentrated,0.016,64,1.5192701842974055,0.007327305061083811,0.08861935275547372,0.2176948039876502,0.9573941826820374,1.708954621099878,1.0,0.026406249999999982,0.013203125,160,10240,20480,320,20480,30720,2621440,5898240.0,10485760,67584,0,0,0.4869189000019105,4610,0.25,0.25,14.158739871417097,0.2649254709482193
cta-kll-hybrid,NCT-d2-rare-gmm-i2,rare-gmm,2,2,concentrated,0.016,64,1.5192701842974055,0.005096481522312901,0.07951083747815874,0.22198487064861547,0.9412633180618286,1.721422889632689,1.0,0.020546874999999982,0.0102734375,160,10240,20480,320,20480,30720,2621440,5898240.0,10485760,67584,98048,0,0.4963994999998249,4610,0.25,0.25,13.660821578911197,0.24980449825525283
paper-neural,NCT-d2-rare-gmm-i2,rare-gmm,2,2,broad,0.016,64,1.5192701842974055,0.022039638265613837,0.16806127085749697,0.5289179102532536,0.6975241899490356,1.8026439022131484,0.5,0.04000000000000002,0.02,320,20480,20480,320,20480,20480,0,0.0,2621440,0,0,0,0.3727820999993128,4610,,,,
minibatch-sw,NCT-d2-rare-gmm-i2,rare-gmm,2,2,broad,0.016,64,1.5192701842974055,0.021121444272527823,0.14067837277197767,0.34538047157130664,0.8945056200027466,1.939392104890192,0.5,0.020468750000000018,0.010234375,320,20480,20480,320,20480,20480,2621440,15728640.0,0,0,0,0,0.5284557999984827,4610,,,,
kll-small-rsr,NCT-d2-rare-gmm-i2,rare-gmm,2,2,broad,0.016,64,1.5192701842974055,0.021067984532841644,0.15417427555785274,0.31231378367565593,0.9265162944793701,1.782667737292808,1.0,0.0010156249999999818,0.0005078124999999996,160,10240,20480,320,20480,20480,2621440,3932160.0,0,67584,98048,0,0.25892880000174046,4610,,,,
cta-exact-hybrid,NCT-d2-rare-gmm-i2,rare-gmm,2,2,broad,0.016,64,1.5192701842974055,0.008882140437849406,0.1100915068890575,0.2609055425659096,0.9977111220359802,1.822072368058413,1.0,0.011757812499999982,0.00587890625,160,10240,20480,320,20480,30720,2621440,5898240.0,10485760,67584,0,0,0.49892649999674177,4610,0.25,0.25,8.310922773312404,0.2526329144835472
cta-kll-hybrid,NCT-d2-rare-gmm-i2,rare-gmm,2,2,broad,0.016,64,1.5192701842974055,0.007882022252621246,0.10430803350031001,0.2682671918291053,0.9794452786445618,1.860387490706836,1.0,0.006874999999999982,0.0034374999999999996,160,10240,20480,320,20480,30720,2621440,5898240.0,10485760,67584,98048,0,0.4939569999987725,4610,0.25,0.25,8.176218580625463,0.23918597996234894
paper-neural,NCT-d2-rare-gmm-i3,rare-gmm,2,3,concentrated,0.016,64,1.5368988112776016,0.05193584159834863,0.24187887843338846,0.6239410405640657,0.6447204947471619,1.577376673100503,0.5,0.10000000000000005,0.05,320,20480,20480,320,20480,20480,0,0.0,2621440,0,0,0,0.3742013999944902,4610,,,,
minibatch-sw,NCT-d2-rare-gmm-i3,rare-gmm,2,3,concentrated,0.016,64,1.5368988112776016,0.010449100612459183,0.10672114875169347,0.26065886666137994,0.8777412176132202,1.6198041723062893,1.0,0.0015624999999999528,0.0007812499999999972,320,20480,20480,320,20480,20480,2621440,15728640.0,0,0,0,0,0.5281457000019145,4610,,,,
kll-small-rsr,NCT-d2-rare-gmm-i3,rare-gmm,2,3,concentrated,0.016,64,1.5368988112776016,0.014436457195942332,0.12538620489225238,0.3183164387551729,0.8745749592781067,1.780272929162145,1.0,0.015039062500000047,0.007519531250000003,160,10240,20480,320,20480,20480,2621440,3932160.0,0,67584,98048,0,0.2509396999957971,4610,,,,
cta-exact-hybrid,NCT-d2-rare-gmm-i3,rare-gmm,2,3,concentrated,0.016,64,1.5368988112776016,0.01697834683766919,0.1265358449039106,0.20174329946616748,1.0025711059570312,1.5260049233899613,1.0,0.023046874999999953,0.011523437499999997,160,10240,20480,320,20480,30720,2621440,5898240.0,10485760,67584,0,0,0.4328345000030822,4610,0.25,0.25,7.936638015920157,0.2329191491007805
cta-kll-hybrid,NCT-d2-rare-gmm-i3,rare-gmm,2,3,concentrated,0.016,64,1.5368988112776016,0.009264316433823971,0.09920506844369129,0.1964628781163841,0.9729987978935242,1.5542057615587435,1.0,0.013281249999999953,0.006640624999999997,160,10240,20480,320,20480,30720,2621440,5898240.0,10485760,67584,98048,0,0.4337413999965065,4610,0.25,0.25,7.858324652726282,0.23014231063425541
paper-neural,NCT-d2-rare-gmm-i3,rare-gmm,2,3,broad,0.016,64,1.5368988112776016,0.03619156707223414,0.20374661187963616,0.599015455942066,0.6804311871528625,1.8582877754013258,0.5,0.10000000000000005,0.05,320,20480,20480,320,20480,20480,0,0.0,2621440,0,0,0,0.3830260000031558,4610,,,,
minibatch-sw,NCT-d2-rare-gmm-i3,rare-gmm,2,3,broad,0.016,64,1.5368988112776016,0.04452696300156189,0.2106988907394649,0.4039232427961942,0.7620435953140259,1.656451521927846,1.0,0.018945312500000047,0.009472656250000003,320,20480,20480,320,20480,20480,2621440,15728640.0,0,0,0,0,0.537037699999928,4610,,,,
kll-small-rsr,NCT-d2-rare-gmm-i3,rare-gmm,2,3,broad,0.016,64,1.5368988112776016,0.02838126292924903,0.17889202675600036,0.37331417685234836,0.7828279137611389,1.4027769201882683,1.0,0.026757812500000047,0.013378906250000003,160,10240,20480,320,20480,20480,2621440,3932160.0,0,67584,98048,0,0.27363099999638507,4610,,,,
cta-exact-hybrid,NCT-d2-rare-gmm-i3,rare-gmm,2,3,broad,0.016,64,1.5368988112776016,0.004071631861142233,0.06717645381507661,0.187780221808919,0.9784999489784241,1.5807319045260904,1.0,0.005468749999999953,0.0027343749999999972,160,10240,20480,320,20480,30720,2621440,5898240.0,10485760,67584,0,0,0.48860259999491973,4610,0.25,0.25,6.536445458585217,0.22379688806831838
cta-kll-hybrid,NCT-d2-rare-gmm-i3,rare-gmm,2,3,broad,0.016,64,1.5368988112776016,0.003327336135148684,0.06023770227557172,0.18186865149798614,0.9803805947303772,1.5555848433497665,1.0,0.007421874999999953,0.0037109374999999972,160,10240,20480,320,20480,30720,2621440,5898240.0,10485760,67584,98048,0,0.5264669000025606,4610,0.25,0.25,6.574484177923675,0.21928648501634598
paper-neural,NCT-d2-correlated-t-i0,correlated-t,2,0,concentrated,0.016,64,1.5261055251193851,0.013213967905656876,0.10482656898059989,0.206159283771256,0.871884286403656,1.1534823393325986,nan,nan,nan,320,20480,20480,320,20480,20480,0,0.0,2621440,0,0,0,0.3969762999986415,4610,,,,
minibatch-sw,NCT-d2-correlated-t-i0,correlated-t,2,0,concentrated,0.016,64,1.5261055251193851,0.012577718063998766,0.11403835736645962,0.20960510370031504,0.7738227248191833,1.1349397532567969,nan,nan,nan,320,20480,20480,320,20480,20480,2621440,15728640.0,0,0,0,0,0.5463056000007782,4610,,,,
kll-small-rsr,NCT-d2-correlated-t-i0,correlated-t,2,0,concentrated,0.016,64,1.5261055251193851,0.019200314529039364,0.11618591012351637,0.20199724977624237,0.8297228217124939,1.1367439551304372,nan,nan,nan,160,10240,20480,320,20480,20480,2621440,3932160.0,0,67584,98048,0,0.27123350000329083,4610,,,,
cta-exact-hybrid,NCT-d2-correlated-t-i0,correlated-t,2,0,concentrated,0.016,64,1.5261055251193851,0.009619560304689134,0.07013581558798819,0.09832270222873699,0.9558989405632019,1.209982566341343,nan,nan,nan,160,10240,20480,320,20480,30720,2621440,5898240.0,10485760,67584,0,0,0.48050140000123065,4610,0.25,0.25,7.538888828488486,0.19016022980213165
cta-kll-hybrid,NCT-d2-correlated-t-i0,correlated-t,2,0,concentrated,0.016,64,1.5261055251193851,0.00791942099484233,0.06802385160485665,0.09864737110766035,0.9698730111122131,1.1980066831294482,nan,nan,nan,160,10240,20480,320,20480,30720,2621440,5898240.0,10485760,67584,98048,0,0.46118379999825265,4610,0.25,0.25,7.658972569673784,0.19364290982484816
paper-neural,NCT-d2-correlated-t-i0,correlated-t,2,0,broad,0.016,64,1.5261055251193851,0.02364009303185144,0.13543760013141115,0.256512206692479,0.8179064989089966,1.1856475743478339,nan,nan,nan,320,20480,20480,320,20480,20480,0,0.0,2621440,0,0,0,0.35941620000085095,4610,,,,
minibatch-sw,NCT-d2-correlated-t-i0,correlated-t,2,0,broad,0.016,64,1.5261055251193851,0.013321265711742303,0.09090463304376749,0.17312390978422335,0.8819295763969421,1.074288219703494,nan,nan,nan,320,20480,20480,320,20480,20480,2621440,15728640.0,0,0,0,0,0.5258107999979984,4610,,,,
kll-small-rsr,NCT-d2-correlated-t-i0,correlated-t,2,0,broad,0.016,64,1.5261055251193851,0.027475842548646767,0.1387612685325916,0.21810592154007352,0.8203486800193787,1.2045308588252694,nan,nan,nan,160,10240,20480,320,20480,20480,2621440,3932160.0,0,67584,98048,0,0.2535467999987304,4610,,,,
cta-exact-hybrid,NCT-d2-correlated-t-i0,correlated-t,2,0,broad,0.016,64,1.5261055251193851,0.004689147416102379,0.0627526058258034,0.10214378969502423,0.981722891330719,1.1713970410830725,nan,nan,nan,160,10240,20480,320,20480,30720,2621440,5898240.0,10485760,67584,0,0,0.43558739999571117,4610,0.25,0.25,6.324317407408821,0.18066291846334934
cta-kll-hybrid,NCT-d2-correlated-t-i0,correlated-t,2,0,broad,0.016,64,1.5261055251193851,0.005867152634213557,0.06920957795132267,0.10469988098091244,0.9818410277366638,1.1830534687724679,nan,nan,nan,160,10240,20480,320,20480,30720,2621440,5898240.0,10485760,67584,98048,0,0.43536020000465214,4610,0.25,0.25,6.377134262030835,0.18633565157651902
paper-neural,NCT-d2-correlated-t-i1,correlated-t,2,1,concentrated,0.016,64,1.6169243820651853,0.05329925690242043,0.22919458696428577,0.4044245261482017,0.5797964334487915,1.1807927426809335,nan,nan,nan,320,20480,20480,320,20480,20480,0,0.0,2621440,0,0,0,0.35563379999803146,4610,,,,
minibatch-sw,NCT-d2-correlated-t-i1,correlated-t,2,1,concentrated,0.016,64,1.6169243820651853,0.019277770717518683,0.11092088937805676,0.200225074430032,0.8331767916679382,1.1983713636233617,nan,nan,nan,320,20480,20480,320,20480,20480,2621440,15728640.0,0,0,0,0,0.5235100999998394,4610,,,,
kll-small-rsr,NCT-d2-correlated-t-i1,correlated-t,2,1,concentrated,0.016,64,1.6169243820651853,0.02739543534966038,0.14136789184720105,0.2224190608275978,0.867133378982544,1.1589924808324548,nan,nan,nan,160,10240,20480,320,20480,20480,2621440,3932160.0,0,67584,98048,0,0.2589778999972623,4610,,,,
cta-exact-hybrid,NCT-d2-correlated-t-i1,correlated-t,2,1,concentrated,0.016,64,1.6169243820651853,0.003945231486343959,0.055054376847299885,0.11542880814219539,0.9259338974952698,1.1671376900611823,nan,nan,nan,160,10240,20480,320,20480,30720,2621440,5898240.0,10485760,67584,0,0,0.49463159999868367,4610,0.25,0.25,9.392602101226524,0.2030223697423935
cta-kll-hybrid,NCT-d2-correlated-t-i1,correlated-t,2,1,concentrated,0.016,64,1.6169243820651853,0.004029194837823935,0.05981408838059206,0.1173359894524739,0.9730319976806641,1.141039316079135,nan,nan,nan,160,10240,20480,320,20480,30720,2621440,5898240.0,10485760,67584,98048,0,0.5245587000026717,4610,0.25,0.25,9.955417775600534,0.21738724447786809
paper-neural,NCT-d2-correlated-t-i1,correlated-t,2,1,broad,0.016,64,1.6169243820651853,0.03445764526322903,0.16608281469730637,0.29399042930610103,0.8115492463111877,1.2419470175576832,nan,nan,nan,320,20480,20480,320,20480,20480,0,0.0,2621440,0,0,0,0.37135169999965,4610,,,,
minibatch-sw,NCT-d2-correlated-t-i1,correlated-t,2,1,broad,0.016,64,1.6169243820651853,0.02133142713455949,0.11425015391615012,0.18943645069328424,0.8272985219955444,1.1939983875364353,nan,nan,nan,320,20480,20480,320,20480,20480,2621440,15728640.0,0,0,0,0,0.5382605999984662,4610,,,,
kll-small-rsr,NCT-d2-correlated-t-i1,correlated-t,2,1,broad,0.016,64,1.6169243820651853,0.010262365387283756,0.09603318452494802,0.18739260303633096,1.0045830011367798,1.1230508456024841,nan,nan,nan,160,10240,20480,320,20480,20480,2621440,3932160.0,0,67584,98048,0,0.25971779999963474,4610,,,,
cta-exact-hybrid,NCT-d2-correlated-t-i1,correlated-t,2,1,broad,0.016,64,1.6169243820651853,0.007523243928656553,0.07652798092740548,0.13233270787949106,0.9656664133071899,1.1377519274714816,nan,nan,nan,160,10240,20480,320,20480,30720,2621440,5898240.0,10485760,67584,0,0,0.5366033000027528,4610,0.25,0.25,6.882433952516742,0.1968608058989048
cta-kll-hybrid,NCT-d2-correlated-t-i1,correlated-t,2,1,broad,0.016,64,1.6169243820651853,0.011311045472150782,0.10648875769048796,0.15153358999578664,1.0226997137069702,1.1279431535934927,nan,nan,nan,160,10240,20480,320,20480,30720,2621440,5898240.0,10485760,67584,98048,0,0.4718014000027324,4610,0.25,0.25,7.323472172385195,0.2159753881394863
paper-neural,NCT-d2-correlated-t-i2,correlated-t,2,2,concentrated,0.016,64,1.6855218629783648,0.014484861043693398,0.10385175049612362,0.18272688448400312,0.9629607796669006,1.1282136666511604,nan,nan,nan,320,20480,20480,320,20480,20480,0,0.0,2621440,0,0,0,0.3733749000020907,4610,,,,
minibatch-sw,NCT-d2-correlated-t-i2,correlated-t,2,2,concentrated,0.016,64,1.6855218629783648,0.005120692498337354,0.0622457013881668,0.13138175592329854,0.905161440372467,1.1024547772184448,nan,nan,nan,320,20480,20480,320,20480,20480,2621440,15728640.0,0,0,0,0,0.5616483000048902,4610,,,,
kll-small-rsr,NCT-d2-correlated-t-i2,correlated-t,2,2,concentrated,0.016,64,1.6855218629783648,0.011094702705171544,0.09802121212689906,0.16400818417157365,1.0003108978271484,1.1826168957146235,nan,nan,nan,160,10240,20480,320,20480,20480,2621440,3932160.0,0,67584,98048,0,0.2572431000007782,4610,,,,
cta-exact-hybrid,NCT-d2-correlated-t-i2,correlated-t,2,2,concentrated,0.016,64,1.6855218629783648,0.0036071863460385156,0.05574978361660657,0.11695187551270242,0.963346540927887,1.1020828837391639,nan,nan,nan,160,10240,20480,320,20480,30720,2621440,5898240.0,10485760,67584,0,0,0.451807600002212,4610,0.25,0.25,10.119064709206858,0.1857155602425337
cta-kll-hybrid,NCT-d2-correlated-t-i2,correlated-t,2,2,concentrated,0.016,64,1.6855218629783648,0.005498408301440216,0.07200796062420613,0.1320640474949828,0.9975013136863708,1.0949760973514282,nan,nan,nan,160,10240,20480,320,20480,30720,2621440,5898240.0,10485760,67584,98048,0,0.4389545000012731,4610,0.25,0.25,10.426582295553441,0.1935066282749176
paper-neural,NCT-d2-correlated-t-i2,correlated-t,2,2,broad,0.016,64,1.6855218629783648,0.009104667180371395,0.09456190814219428,0.23163791433982728,0.7959812879562378,1.1513137379278389,nan,nan,nan,320,20480,20480,320,20480,20480,0,0.0,2621440,0,0,0,0.362060699997528,4610,,,,
minibatch-sw,NCT-d2-correlated-t-i2,correlated-t,2,2,broad,0.016,64,1.6855218629783648,0.016586316595261996,0.11502600887876874,0.2218880688860711,0.8399393558502197,1.0734741338333376,nan,nan,nan,320,20480,20480,320,20480,20480,2621440,15728640.0,0,0,0,0,0.50449959999969,4610,,,,
kll-small-rsr,NCT-d2-correlated-t-i2,correlated-t,2,2,broad,0.016,64,1.6855218629783648,0.014750228141979127,0.12514814333918964,0.18843814099525288,1.0750261545181274,1.0760010313969597,nan,nan,nan,160,10240,20480,320,20480,20480,2621440,3932160.0,0,67584,98048,0,0.2557031999967876,4610,,,,
cta-exact-hybrid,NCT-d2-correlated-t-i2,correlated-t,2,2,broad,0.016,64,1.6855218629783648,0.0081129864336138,0.08710797267529106,0.13635613034239147,1.0303784608840942,1.1418289413298646,nan,nan,nan,160,10240,20480,320,20480,30720,2621440,5898240.0,10485760,67584,0,0,0.4948593000008259,4610,0.25,0.25,6.870531576247224,0.1783042497932911
cta-kll-hybrid,NCT-d2-correlated-t-i2,correlated-t,2,2,broad,0.016,64,1.6855218629783648,0.008150320572066994,0.08399348669526954,0.12806463554730496,1.006412148475647,1.155554960189543,nan,nan,nan,160,10240,20480,320,20480,30720,2621440,5898240.0,10485760,67584,98048,0,0.5140687000020989,4610,0.25,0.25,7.146530560823952,0.18738814815878868
paper-neural,NCT-d2-correlated-t-i3,correlated-t,2,3,concentrated,0.016,64,1.5378584066113337,0.010423906009491057,0.09882834837714821,0.19851203725086106,0.8803214430809021,1.1063854435314295,nan,nan,nan,320,20480,20480,320,20480,20480,0,0.0,2621440,0,0,0,0.3727961000040523,4610,,,,
minibatch-sw,NCT-d2-correlated-t-i3,correlated-t,2,3,concentrated,0.016,64,1.5378584066113337,0.007635694870269161,0.08193929920090487,0.13237250389527402,0.8553686141967773,1.2145260926138532,nan,nan,nan,320,20480,20480,320,20480,20480,2621440,15728640.0,0,0,0,0,0.5354282000043895,4610,,,,
kll-small-rsr,NCT-d2-correlated-t-i3,correlated-t,2,3,concentrated,0.016,64,1.5378584066113337,0.02853033873378874,0.14093738996132094,0.17629466423407983,0.98114413022995,1.2930227011591755,nan,nan,nan,160,10240,20480,320,20480,20480,2621440,3932160.0,0,67584,98048,0,0.2654744999963441,4610,,,,
cta-exact-hybrid,NCT-d2-correlated-t-i3,correlated-t,2,3,concentrated,0.016,64,1.5378584066113337,0.0018844371705364349,0.04062242082489256,0.06286810220551747,0.9859520196914673,1.1903156190665267,nan,nan,nan,160,10240,20480,320,20480,30720,2621440,5898240.0,10485760,67584,0,0,0.5101419000056922,4610,0.25,0.25,10.955868809931392,0.16620451174676418
cta-kll-hybrid,NCT-d2-correlated-t-i3,correlated-t,2,3,concentrated,0.016,64,1.5378584066113337,0.002523902265403999,0.05129825765943516,0.08010086786329516,1.010153889656067,1.1727789884729047,nan,nan,nan,160,10240,20480,320,20480,30720,2621440,5898240.0,10485760,67584,98048,0,0.48262980000436073,4610,0.25,0.25,11.21298727964175,0.17137390971183777
paper-neural,NCT-d2-correlated-t-i3,correlated-t,2,3,broad,0.016,64,1.5378584066113337,0.03654528789613187,0.18028237981457104,0.2654610374976309,0.7940133810043335,1.3814341652804532,nan,nan,nan,320,20480,20480,320,20480,20480,0,0.0,2621440,0,0,0,0.36163430000306107,4610,,,,
minibatch-sw,NCT-d2-correlated-t-i3,correlated-t,2,3,broad,0.016,64,1.5378584066113337,0.03505511722728838,0.1896039544943426,0.28576568270294816,0.6919476985931396,1.2601057219386504,nan,nan,nan,320,20480,20480,320,20480,20480,2621440,15728640.0,0,0,0,0,0.5289470999996411,4610,,,,
kll-small-rsr,NCT-d2-correlated-t-i3,correlated-t,2,3,broad,0.016,64,1.5378584066113337,0.012470256029075477,0.10319498170403828,0.14000813241565346,0.9973111748695374,1.1958534308939859,nan,nan,nan,160,10240,20480,320,20480,20480,2621440,3932160.0,0,67584,98048,0,0.24740939999901457,4610,,,,
cta-exact-hybrid,NCT-d2-correlated-t-i3,correlated-t,2,3,broad,0.016,64,1.5378584066113337,0.0027183894733384673,0.050898626730361565,0.07700466286765852,0.9868683815002441,1.178024276817038,nan,nan,nan,160,10240,20480,320,20480,30720,2621440,5898240.0,10485760,67584,0,0,0.46753060000628466,4610,0.25,0.25,5.965560424110786,0.1627475194633007
cta-kll-hybrid,NCT-d2-correlated-t-i3,correlated-t,2,3,broad,0.016,64,1.5378584066113337,0.0026136648840660026,0.04978278194093151,0.07515112634856817,0.9904047250747681,1.1822957912127205,nan,nan,nan,160,10240,20480,320,20480,30720,2621440,5898240.0,10485760,67584,98048,0,0.44071209999674466,4610,0.25,0.25,6.218214926706509,0.1684485912322998
paper-neural,NCT-d2-nonlinear-i0,nonlinear,2,0,concentrated,0.016,64,1.6591889465360297,0.03364734567183514,0.19084112232901773,0.47481279776435076,0.7033601403236389,1.6992601608736566,nan,nan,nan,320,20480,20480,320,20480,20480,0,0.0,2621440,0,0,0,0.3541092000014032,4610,,,,
minibatch-sw,NCT-d2-nonlinear-i0,nonlinear,2,0,concentrated,0.016,64,1.6591889465360297,0.02167107660894474,0.11859659351406354,0.18977616127170502,0.9305157661437988,1.8796607089012036,nan,nan,nan,320,20480,20480,320,20480,20480,2621440,15728640.0,0,0,0,0,0.5168075000037788,4610,,,,
kll-small-rsr,NCT-d2-nonlinear-i0,nonlinear,2,0,concentrated,0.016,64,1.6591889465360297,0.07562493878681731,0.24146070308418818,0.3268646085810618,0.9078036546707153,1.980444796533997,nan,nan,nan,160,10240,20480,320,20480,20480,2621440,3932160.0,0,67584,98048,0,0.2543791999996756,4610,,,,
cta-exact-hybrid,NCT-d2-nonlinear-i0,nonlinear,2,0,concentrated,0.016,64,1.6591889465360297,0.0025950617827013023,0.049298839282246536,0.09680137451183965,1.0038644075393677,1.9703030977894804,nan,nan,nan,160,10240,20480,320,20480,30720,2621440,5898240.0,10485760,67584,0,0,0.518299899995327,4610,0.25,0.25,5.401224854097965,0.1891651399433613
cta-kll-hybrid,NCT-d2-nonlinear-i0,nonlinear,2,0,concentrated,0.016,64,1.6591889465360297,0.002942403844189867,0.051514513644531267,0.09338452522501307,1.0045087337493896,1.9788913433145081,nan,nan,nan,160,10240,20480,320,20480,30720,2621440,5898240.0,10485760,67584,98048,0,0.5227951999986544,4610,0.25,0.25,5.48743686118869,0.19135745018720626
paper-neural,NCT-d2-nonlinear-i0,nonlinear,2,0,broad,0.016,64,1.6591889465360297,0.03522004562084491,0.19048171077037054,0.467637430779051,0.725121796131134,1.7862035855528005,nan,nan,nan,320,20480,20480,320,20480,20480,0,0.0,2621440,0,0,0,0.3830469999957131,4610,,,,
minibatch-sw,NCT-d2-nonlinear-i0,nonlinear,2,0,broad,0.016,64,1.6591889465360297,0.030878494274894086,0.1777818761097853,0.2608436576563864,1.0431216955184937,1.7905410980236214,nan,nan,nan,320,20480,20480,320,20480,20480,2621440,15728640.0,0,0,0,0,0.5231114999987767,4610,,,,
kll-small-rsr,NCT-d2-nonlinear-i0,nonlinear,2,0,broad,0.016,64,1.6591889465360297,0.016860938467430975,0.11781544933465739,0.22313765307330932,0.994149923324585,1.9994519431127096,nan,nan,nan,160,10240,20480,320,20480,20480,2621440,3932160.0,0,67584,98048,0,0.2599066999973729,4610,,,,
cta-exact-hybrid,NCT-d2-nonlinear-i0,nonlinear,2,0,broad,0.016,64,1.6591889465360297,0.0031191691835463775,0.052689138126982754,0.12492270185310657,0.9918513298034668,1.9213389906012042,nan,nan,nan,160,10240,20480,320,20480,30720,2621440,5898240.0,10485760,67584,0,0,0.4926156000001356,4610,0.25,0.25,4.755181047940207,0.15797005482017995
cta-kll-hybrid,NCT-d2-nonlinear-i0,nonlinear,2,0,broad,0.016,64,1.6591889465360297,0.002753968548589336,0.04971841525692822,0.11585498739160507,0.995988130569458,1.9383752707321342,nan,nan,nan,160,10240,20480,320,20480,30720,2621440,5898240.0,10485760,67584,98048,0,0.5080023999980767,4610,0.25,0.25,4.861580102441293,0.16107000429183244
paper-neural,NCT-d2-nonlinear-i1,nonlinear,2,1,concentrated,0.016,64,1.5210155974827153,0.04264100854598918,0.2107866422118119,0.4048758485760288,0.8535277247428894,1.6232169071700506,nan,nan,nan,320,20480,20480,320,20480,20480,0,0.0,2621440,0,0,0,0.3620712999982061,4610,,,,
minibatch-sw,NCT-d2-nonlinear-i1,nonlinear,2,1,concentrated,0.016,64,1.5210155974827153,0.015320443103374659,0.10955908820606376,0.17183472842573352,0.9874073266983032,1.98931597192019,nan,nan,nan,320,20480,20480,320,20480,20480,2621440,15728640.0,0,0,0,0,0.5228580000039074,4610,,,,
kll-small-rsr,NCT-d2-nonlinear-i1,nonlinear,2,1,concentrated,0.016,64,1.5210155974827153,0.042355255550437176,0.19452128524813284,0.3128606859514149,0.7949849963188171,1.8555994709106656,nan,nan,nan,160,10240,20480,320,20480,20480,2621440,3932160.0,0,67584,98048,0,0.27663120000215713,4610,,,,
cta-exact-hybrid,NCT-d2-nonlinear-i1,nonlinear,2,1,concentrated,0.016,64,1.5210155974827153,0.00966711469779935,0.09449693616243245,0.13119114318340122,0.9510042667388916,1.9918659033426271,nan,nan,nan,160,10240,20480,320,20480,30720,2621440,5898240.0,10485760,67584,0,0,0.5228279000002658,4610,0.25,0.25,5.054158621446535,0.1691820550709963
cta-kll-hybrid,NCT-d2-nonlinear-i1,nonlinear,2,1,concentrated,0.016,64,1.5210155974827153,0.006114138377802947,0.07932692750117293,0.11485535110328585,0.9527966380119324,1.9963822025182456,nan,nan,nan,160,10240,20480,320,20480,30720,2621440,5898240.0,10485760,67584,98048,0,0.48642009999457514,4610,0.25,0.25,5.0663266352157645,0.16604094598442315
paper-neural,NCT-d2-nonlinear-i1,nonlinear,2,1,broad,0.016,64,1.5210155974827153,0.04891402613071283,0.21970844517220517,0.43963611746786835,0.697822093963623,1.679053140699018,nan,nan,nan,320,20480,20480,320,20480,20480,0,0.0,2621440,0,0,0,0.38433339999755844,4610,,,,
minibatch-sw,NCT-d2-nonlinear-i1,nonlinear,2,1,broad,0.016,64,1.5210155974827153,0.02197147200519578,0.1351975607971096,0.2507410218279931,0.8127074837684631,1.982679658845027,nan,nan,nan,320,20480,20480,320,20480,20480,2621440,15728640.0,0,0,0,0,0.5510985000000801,4610,,,,
kll-small-rsr,NCT-d2-nonlinear-i1,nonlinear,2,1,broad,0.016,64,1.5210155974827153,0.061483208991487404,0.21609813142857065,0.28787672576001055,0.9635252952575684,1.9767516057914996,nan,nan,nan,160,10240,20480,320,20480,20480,2621440,3932160.0,0,67584,98048,0,0.2769401000041398,4610,,,,
cta-exact-hybrid,NCT-d2-nonlinear-i1,nonlinear,2,1,broad,0.016,64,1.5210155974827153,0.009614763271701632,0.08125985245959189,0.12538492642988325,0.9540023803710938,1.9947698934874647,nan,nan,nan,160,10240,20480,320,20480,30720,2621440,5898240.0,10485760,67584,0,0,0.5160104000024148,4610,0.25,0.25,4.611422299541902,0.17576331105083226
cta-kll-hybrid,NCT-d2-nonlinear-i1,nonlinear,2,1,broad,0.016,64,1.5210155974827153,0.008296632006584703,0.07581583856830587,0.11955574368314245,0.955274224281311,1.993787083025907,nan,nan,nan,160,10240,20480,320,20480,30720,2621440,5898240.0,10485760,67584,98048,0,0.5207331999990856,4610,0.25,0.25,4.629099003193471,0.1764214625582099
paper-neural,NCT-d2-nonlinear-i2,nonlinear,2,2,concentrated,0.016,64,1.5276101583574029,0.031370033891511495,0.17656319315293673,0.40282185863732856,0.7231798768043518,1.5466130652528514,nan,nan,nan,320,20480,20480,320,20480,20480,0,0.0,2621440,0,0,0,0.38238790000468725,4610,,,,
minibatch-sw,NCT-d2-nonlinear-i2,nonlinear,2,2,concentrated,0.016,64,1.5276101583574029,0.13744281001994074,0.312781830849396,0.38898694754937035,0.8761002421379089,1.9035926908970437,nan,nan,nan,320,20480,20480,320,20480,20480,2621440,15728640.0,0,0,0,0,0.5390823999987333,4610,,,,
kll-small-rsr,NCT-d2-nonlinear-i2,nonlinear,2,2,concentrated,0.016,64,1.5276101583574029,0.013086004910972227,0.11294377301245251,0.18515833342925236,0.9324694275856018,1.99920299843019,nan,nan,nan,160,10240,20480,320,20480,20480,2621440,3932160.0,0,67584,98048,0,0.26745389999996405,4610,,,,
cta-exact-hybrid,NCT-d2-nonlinear-i2,nonlinear,2,2,concentrated,0.016,64,1.5276101583574029,0.0051848536920642285,0.06782850747440929,0.10301533771134197,1.0173218250274658,1.9699878029422697,nan,nan,nan,160,10240,20480,320,20480,30720,2621440,5898240.0,10485760,67584,0,0,0.5188314999977592,4610,0.25,0.25,5.57911403242842,0.17083989996463061
cta-kll-hybrid,NCT-d2-nonlinear-i2,nonlinear,2,2,concentrated,0.016,64,1.5276101583574029,0.004846936588807305,0.06609703021785761,0.10376432571576857,1.0144355297088623,1.9713029754642588,nan,nan,nan,160,10240,20480,320,20480,30720,2621440,5898240.0,10485760,67584,98048,0,0.5109755000012228,4610,0.25,0.25,5.492975547514705,0.16939383745193481
paper-neural,NCT-d2-nonlinear-i2,nonlinear,2,2,broad,0.016,64,1.5276101583574029,0.03483543939217815,0.18927266669769705,0.43320131125987876,0.7083488702774048,1.567711923707244,nan,nan,nan,320,20480,20480,320,20480,20480,0,0.0,2621440,0,0,0,0.39684489999490324,4610,,,,
minibatch-sw,NCT-d2-nonlinear-i2,nonlinear,2,2,broad,0.016,64,1.5276101583574029,0.0643806100184039,0.2355978621761865,0.2983768198806401,1.09513521194458,1.896435214342791,nan,nan,nan,320,20480,20480,320,20480,20480,2621440,15728640.0,0,0,0,0,0.5369817999962834,4610,,,,
kll-small-rsr,NCT-d2-nonlinear-i2,nonlinear,2,2,broad,0.016,64,1.5276101583574029,0.028569016581791784,0.14595300318521662,0.22059986537342485,0.9413016438484192,1.984034495094457,nan,nan,nan,160,10240,20480,320,20480,20480,2621440,3932160.0,0,67584,98048,0,0.27702680000220425,4610,,,,
cta-exact-hybrid,NCT-d2-nonlinear-i2,nonlinear,2,2,broad,0.016,64,1.5276101583574029,0.0028423727073330074,0.048020235984002846,0.09489423447542553,0.9590449333190918,1.908528171267324,nan,nan,nan,160,10240,20480,320,20480,30720,2621440,5898240.0,10485760,67584,0,0,0.46140059999743244,4610,0.25,0.25,4.980910652628686,0.169650636613369
cta-kll-hybrid,NCT-d2-nonlinear-i2,nonlinear,2,2,broad,0.016,64,1.5276101583574029,0.0027998428083291227,0.04834924913773941,0.09799611252227003,0.964036762714386,1.9135529888824643,nan,nan,nan,160,10240,20480,320,20480,30720,2621440,5898240.0,10485760,67584,98048,0,0.5353592999963439,4610,0.25,0.25,4.904965255481415,0.16659159306436777
paper-neural,NCT-d2-nonlinear-i3,nonlinear,2,3,concentrated,0.016,64,1.5728987243217558,0.04218652412259827,0.2011690176905474,0.4820766802190775,0.6695200204849243,1.86995146014554,nan,nan,nan,320,20480,20480,320,20480,20480,0,0.0,2621440,0,0,0,0.37052000000403496,4610,,,,
minibatch-sw,NCT-d2-nonlinear-i3,nonlinear,2,3,concentrated,0.016,64,1.5728987243217558,0.02244812089569015,0.1437241014570986,0.2531980273384188,0.7929779887199402,1.9579037538831299,nan,nan,nan,320,20480,20480,320,20480,20480,2621440,15728640.0,0,0,0,0,0.522959499998251,4610,,,,
kll-small-rsr,NCT-d2-nonlinear-i3,nonlinear,2,3,concentrated,0.016,64,1.5728987243217558,0.01685767616071354,0.11572253059919727,0.19140399364281227,0.8421721458435059,1.9866252711562364,nan,nan,nan,160,10240,20480,320,20480,20480,2621440,3932160.0,0,67584,98048,0,0.26490040000498993,4610,,,,
cta-exact-hybrid,NCT-d2-nonlinear-i3,nonlinear,2,3,concentrated,0.016,64,1.5728987243217558,0.003383317670548891,0.05140101320582405,0.07907441849843497,0.993500828742981,1.9831901139853036,nan,nan,nan,160,10240,20480,320,20480,30720,2621440,5898240.0,10485760,67584,0,0,0.519468099999358,4610,0.25,0.25,5.924423717640796,0.172223867662251
cta-kll-hybrid,NCT-d2-nonlinear-i3,nonlinear,2,3,concentrated,0.016,64,1.5728987243217558,0.0029558858392824128,0.047047509262410935,0.07474567359312155,0.9885342717170715,1.9874000777873748,nan,nan,nan,160,10240,20480,320,20480,30720,2621440,5898240.0,10485760,67584,98048,0,0.5096765999987838,4610,0.25,0.25,5.841161843087527,0.17110433019697666
paper-neural,NCT-d2-nonlinear-i3,nonlinear,2,3,broad,0.016,64,1.5728987243217558,0.038749443208396794,0.2030088277512693,0.40666630389779174,0.8077797293663025,1.9743888209392517,nan,nan,nan,320,20480,20480,320,20480,20480,0,0.0,2621440,0,0,0,0.3894722000040929,4610,,,,
minibatch-sw,NCT-d2-nonlinear-i3,nonlinear,2,3,broad,0.016,64,1.5728987243217558,0.007303841809166656,0.0851327016447183,0.1623016540165433,0.9397003054618835,1.9713149293929562,nan,nan,nan,320,20480,20480,320,20480,20480,2621440,15728640.0,0,0,0,0,0.538217600005737,4610,,,,
kll-small-rsr,NCT-d2-nonlinear-i3,nonlinear,2,3,broad,0.016,64,1.5728987243217558,0.016532671188570713,0.12492272379777261,0.1979233170786836,0.9054353833198547,1.977562752495328,nan,nan,nan,160,10240,20480,320,20480,20480,2621440,3932160.0,0,67584,98048,0,0.25928990000102203,4610,,,,
cta-exact-hybrid,NCT-d2-nonlinear-i3,nonlinear,2,3,broad,0.016,64,1.5728987243217558,0.006591456359610337,0.07974132537810061,0.13176781835348816,0.9079491496086121,1.9754761191502637,nan,nan,nan,160,10240,20480,320,20480,30720,2621440,5898240.0,10485760,67584,0,0,0.5317022999952314,4610,0.25,0.25,5.082915320588059,0.17697876486927272
cta-kll-hybrid,NCT-d2-nonlinear-i3,nonlinear,2,3,broad,0.016,64,1.5728987243217558,0.00709091428254327,0.08235861220730696,0.1323205090246401,0.9011428952217102,1.977742645868347,nan,nan,nan,160,10240,20480,320,20480,30720,2621440,5898240.0,10485760,67584,98048,0,0.5094385999982478,4610,0.25,0.25,5.0767065088415055,0.178126429207623
paper-neural,NCT-d4-balanced-gmm-i0,balanced-gmm,4,0,concentrated,0.016,64,2.3763680776221405,0.03674493513168686,0.1320360939753117,0.16532147107169315,0.9706923961639404,2.726565639593864,1.0,0.07584635416666669,nan,320,20480,20480,320,20480,20480,0,0.0,2621440,0,0,0,0.3657582000014372,4740,,,,
minibatch-sw,NCT-d4-balanced-gmm-i0,balanced-gmm,4,0,concentrated,0.016,64,2.3763680776221405,0.03526266372899434,0.13807367616536534,0.17528610222591864,0.9699576497077942,2.870027124376345,1.0,0.11490885416666669,nan,320,20480,20480,320,20480,20480,2621440,15728640.0,0,0,0,0,0.5289887000035378,4740,,,,
kll-small-rsr,NCT-d4-balanced-gmm-i0,balanced-gmm,4,0,concentrated,0.016,64,2.3763680776221405,0.0368827989746765,0.13459147917558698,0.17714706152032805,0.9804665446281433,2.4716745276706007,1.0,0.27799479166666674,nan,160,10240,20480,320,20480,20480,2621440,3932160.0,0,68608,98048,0,0.25431140000000596,4740,,,,
cta-exact-hybrid,NCT-d4-balanced-gmm-i0,balanced-gmm,4,0,concentrated,0.016,64,2.3763680776221405,0.013988540938695504,0.08384197960439735,0.10672171177372446,1.0014129877090454,3.0188429268290147,1.0,0.02734375,nan,160,10240,20480,320,20480,30720,2621440,5898240.0,10485760,68608,0,0,0.4704598999960581,4740,0.25,0.25,4.110789565881094,0.19121006838977336
cta-kll-hybrid,NCT-d4-balanced-gmm-i0,balanced-gmm,4,0,concentrated,0.016,64,2.3763680776221405,0.01397634045624363,0.08370219359195633,0.10660627363038157,1.002390742301941,3.0202167088086815,1.0,0.02734375,nan,160,10240,20480,320,20480,30720,2621440,5898240.0,10485760,68608,98048,0,0.46895210000366205,4740,0.25,0.25,4.112202902235276,0.1912714049220085
paper-neural,NCT-d4-balanced-gmm-i0,balanced-gmm,4,0,broad,0.016,64,2.3763680776221405,0.04162844938824373,0.14266414284000925,0.18403426725198335,0.9913356900215149,2.9177412640676956,1.0,0.1201171875,nan,320,20480,20480,320,20480,20480,0,0.0,2621440,0,0,0,0.371198100001493,4740,,,,
minibatch-sw,NCT-d4-balanced-gmm-i0,balanced-gmm,4,0,broad,0.016,64,2.3763680776221405,0.04071302636916707,0.1450509414268975,0.1837355765524399,0.9474768042564392,2.883470911629732,1.0,0.1796875,nan,320,20480,20480,320,20480,20480,2621440,15728640.0,0,0,0,0,0.5153415000022505,4740,,,,
kll-small-rsr,NCT-d4-balanced-gmm-i0,balanced-gmm,4,0,broad,0.016,64,2.3763680776221405,0.03915395867466698,0.14209369443228667,0.1863689035179417,0.977762758731842,2.5683486557454254,1.0,0.21875,nan,160,10240,20480,320,20480,20480,2621440,3932160.0,0,68608,98048,0,0.2641416999977082,4740,,,,
cta-exact-hybrid,NCT-d4-balanced-gmm-i0,balanced-gmm,4,0,broad,0.016,64,2.3763680776221405,0.016869525707766453,0.09518715361402763,0.11772413290936112,0.9878036975860596,3.028652329689817,1.0,0.0703125,nan,160,10240,20480,320,20480,30720,2621440,5898240.0,10485760,68608,0,0,0.5349886000039987,4740,0.25,0.25,2.952754755507568,0.1892655871808529
cta-kll-hybrid,NCT-d4-balanced-gmm-i0,balanced-gmm,4,0,broad,0.016,64,2.3763680776221405,0.016669836864715126,0.09458374601137856,0.11695057153478045,0.9888719320297241,3.025393546666493,1.0,0.0703125,nan,160,10240,20480,320,20480,30720,2621440,5898240.0,10485760,68608,98048,0,0.5232331000006525,4740,0.25,0.25,2.9559307014844522,0.18941596820950507
paper-neural,NCT-d4-balanced-gmm-i1,balanced-gmm,4,1,concentrated,0.016,64,2.7338919262717543,0.01972357319189877,0.09477175368815245,0.13156257836756258,1.0194064378738403,1.6724224803665568,1.0,0.08365885416666669,nan,320,20480,20480,320,20480,20480,0,0.0,2621440,0,0,0,0.37414360000548186,4740,,,,
minibatch-sw,NCT-d4-balanced-gmm-i1,balanced-gmm,4,1,concentrated,0.016,64,2.7338919262717543,0.03183315619542393,0.12458419853018557,0.16458854712709772,0.9960649013519287,1.6640419960576571,1.0,0.06412760416666669,nan,320,20480,20480,320,20480,20480,2621440,15728640.0,0,0,0,0,0.5321028999969712,4740,,,,
kll-small-rsr,NCT-d4-balanced-gmm-i1,balanced-gmm,4,1,concentrated,0.016,64,2.7338919262717543,0.050911016339432624,0.1555452521496742,0.20886781330991552,1.0134419202804565,1.8911262144442762,1.0,0.15201822916666669,nan,160,10240,20480,320,20480,20480,2621440,3932160.0,0,68608,98048,0,0.2645016000024043,4740,,,,
cta-exact-hybrid,NCT-d4-balanced-gmm-i1,balanced-gmm,4,1,concentrated,0.016,64,2.7338919262717543,0.005795971933547417,0.05170818303141478,0.08355463188435576,0.987958550453186,1.8099333955231294,1.0,0.035807291666666685,nan,160,10240,20480,320,20480,30720,2621440,5898240.0,10485760,68608,0,0,0.5485509999998612,4740,0.25,0.25,3.3881829772439267,0.20256486907601357
cta-kll-hybrid,NCT-d4-balanced-gmm-i1,balanced-gmm,4,1,concentrated,0.016,64,2.7338919262717543,0.005938341840035388,0.05252231156553601,0.08420935515444272,0.9876611828804016,1.8151379599179365,1.0,0.037760416666666685,nan,160,10240,20480,320,20480,30720,2621440,5898240.0,10485760,68608,98048,0,0.5257435999956215,4740,0.25,0.25,3.3854733015473775,0.20262558273971082
paper-neural,NCT-d4-balanced-gmm-i1,balanced-gmm,4,1,broad,0.016,64,2.7338919262717543,0.019724575130603217,0.08957330345240862,0.13470885922305184,1.003452181816101,1.6330727071645281,1.0,0.021158854166666685,nan,320,20480,20480,320,20480,20480,0,0.0,2621440,0,0,0,0.3661634000018239,4740,,,,
minibatch-sw,NCT-d4-balanced-gmm-i1,balanced-gmm,4,1,broad,0.016,64,2.7338919262717543,0.035910218875133015,0.13273142837511764,0.17891549454388742,0.9836317300796509,1.7334983185470465,1.0,0.19205729166666669,nan,320,20480,20480,320,20480,20480,2621440,15728640.0,0,0,0,0,0.5160833999980241,4740,,,,
kll-small-rsr,NCT-d4-balanced-gmm-i1,balanced-gmm,4,1,broad,0.016,64,2.7338919262717543,0.019504828460077395,0.10249901554945459,0.13166446792764067,1.0173912048339844,1.6612893365536956,1.0,0.032552083333333315,nan,160,10240,20480,320,20480,20480,2621440,3932160.0,0,68608,98048,0,0.26239779999741586,4740,,,,
cta-exact-hybrid,NCT-d4-balanced-gmm-i1,balanced-gmm,4,1,broad,0.016,64,2.7338919262717543,0.007587943594844493,0.05996929389666849,0.10265811391907419,0.9913912415504456,1.7745337829001322,1.0,0.021809895833333315,nan,160,10240,20480,320,20480,30720,2621440,5898240.0,10485760,68608,0,0,0.48429269999905955,4740,0.25,0.25,3.165508467976713,0.20455485656857492
cta-kll-hybrid,NCT-d4-balanced-gmm-i1,balanced-gmm,4,1,broad,0.016,64,2.7338919262717543,0.007547957126867733,0.05996474120315209,0.10257240602923984,0.9917939305305481,1.7776298328412978,1.0,0.018880208333333315,nan,160,10240,20480,320,20480,30720,2621440,5898240.0,10485760,68608,98048,0,0.46685789999901317,4740,0.25,0.25,3.1524669281427236,0.20433334521949292
paper-neural,NCT-d4-balanced-gmm-i2,balanced-gmm,4,2,concentrated,0.016,64,2.402351758489497,0.03584302109164472,0.13786488331848865,0.17956793756363867,0.9822183847427368,2.7400881534562647,1.0,0.11848958333333331,nan,320,20480,20480,320,20480,20480,0,0.0,2621440,0,0,0,0.35672129999875324,4740,,,,
minibatch-sw,NCT-d4-balanced-gmm-i2,balanced-gmm,4,2,concentrated,0.016,64,2.402351758489497,0.04434535723454669,0.14648228304977998,0.1841174955249179,0.9428035020828247,2.945834149145479,1.0,0.1484375,nan,320,20480,20480,320,20480,20480,2621440,15728640.0,0,0,0,0,0.515575199999148,4740,,,,
kll-small-rsr,NCT-d4-balanced-gmm-i2,balanced-gmm,4,2,concentrated,0.016,64,2.402351758489497,0.033680908479266414,0.127012318452345,0.16174751893333683,0.9493220448493958,2.8739599210637277,1.0,0.072265625,nan,160,10240,20480,320,20480,20480,2621440,3932160.0,0,68608,98048,0,0.2606216999993194,4740,,,,
cta-exact-hybrid,NCT-d4-balanced-gmm-i2,balanced-gmm,4,2,concentrated,0.016,64,2.402351758489497,0.01962631434763118,0.10015015769439287,0.1197727275857822,0.9971243143081665,3.0879281810234995,1.0,0.049479166666666685,nan,160,10240,20480,320,20480,30720,2621440,5898240.0,10485760,68608,0,0,0.5232101000001421,4740,0.25,0.25,4.407367588968211,0.18802241794764996
cta-kll-hybrid,NCT-d4-balanced-gmm-i2,balanced-gmm,4,2,concentrated,0.016,64,2.402351758489497,0.01980776317895927,0.10052149324224395,0.1203562475241981,0.9967737197875977,3.0874342846125633,1.0,0.048502604166666685,nan,160,10240,20480,320,20480,30720,2621440,5898240.0,10485760,68608,98048,0,0.5325565000021015,4740,0.25,0.25,4.40046513642783,0.18768614232540132
paper-neural,NCT-d4-balanced-gmm-i2,balanced-gmm,4,2,broad,0.016,64,2.402351758489497,0.029077705319429548,0.12728033803981306,0.16389237750434865,0.9941833019256592,2.7394169221975115,1.0,0.099609375,nan,320,20480,20480,320,20480,20480,0,0.0,2621440,0,0,0,0.38188340000488097,4740,,,,
minibatch-sw,NCT-d4-balanced-gmm-i2,balanced-gmm,4,2,broad,0.016,64,2.402351758489497,0.04267060752036933,0.1531039815286058,0.18761594035060217,0.9679619073867798,2.646516826294089,1.0,0.1435546875,nan,320,20480,20480,320,20480,20480,2621440,15728640.0,0,0,0,0,0.5233226999989711,4740,,,,
kll-small-rsr,NCT-d4-balanced-gmm-i2,balanced-gmm,4,2,broad,0.016,64,2.402351758489497,0.039463765022713204,0.14035587184994822,0.17740241519561403,0.9361416697502136,2.8819324373661264,1.0,0.197265625,nan,160,10240,20480,320,20480,20480,2621440,3932160.0,0,68608,98048,0,0.24578760000440525,4740,,,,
cta-exact-hybrid,NCT-d4-balanced-gmm-i2,balanced-gmm,4,2,broad,0.016,64,2.402351758489497,0.026144064606376638,0.1130442200620935,0.13617286878330412,0.9973306655883789,2.9215636841937234,1.0,0.126953125,nan,160,10240,20480,320,20480,30720,2621440,5898240.0,10485760,68608,0,0,0.5236236999990069,4740,0.25,0.25,2.8318317391413155,0.1947258424013853
cta-kll-hybrid,NCT-d4-balanced-gmm-i2,balanced-gmm,4,2,broad,0.016,64,2.402351758489497,0.02642885990919641,0.1136503143952851,0.13718691616366635,0.9958495497703552,2.9214646304655063,1.0,0.12890625,nan,160,10240,20480,320,20480,30720,2621440,5898240.0,10485760,68608,98048,0,0.47202999999717576,4740,0.25,0.25,2.832914193599266,0.19451132789254189
paper-neural,NCT-d4-balanced-gmm-i3,balanced-gmm,4,3,concentrated,0.016,64,3.0259920061501804,0.03294597960079715,0.12512958360358215,0.17233445272152603,0.9696967005729675,2.2910201275282187,1.0,0.2490234375,nan,320,20480,20480,320,20480,20480,0,0.0,2621440,0,0,0,0.3793752999990829,4740,,,,
minibatch-sw,NCT-d4-balanced-gmm-i3,balanced-gmm,4,3,concentrated,0.016,64,3.0259920061501804,0.04205291624534668,0.14153893744106116,0.17060458990829125,0.9710008502006531,2.5289147347528664,1.0,0.17545572916666669,nan,320,20480,20480,320,20480,20480,2621440,15728640.0,0,0,0,0,0.5220958999998402,4740,,,,
kll-small-rsr,NCT-d4-balanced-gmm-i3,balanced-gmm,4,3,concentrated,0.016,64,3.0259920061501804,0.0400519613364243,0.13770753381592477,0.16027084629934915,0.9152117371559143,2.6230130348839444,1.0,0.13899739583333331,nan,160,10240,20480,320,20480,20480,2621440,3932160.0,0,68608,98048,0,0.2533722000007401,4740,,,,
cta-exact-hybrid,NCT-d4-balanced-gmm-i3,balanced-gmm,4,3,concentrated,0.016,64,3.0259920061501804,0.01720288827667593,0.09036016753981063,0.1117712248243106,0.9874882698059082,2.50289872122833,1.0,0.06868489583333331,nan,160,10240,20480,320,20480,30720,2621440,5898240.0,10485760,68608,0,0,0.47426959999575047,4740,0.25,0.25,5.168599232412688,0.19784306455403566
cta-kll-hybrid,NCT-d4-balanced-gmm-i3,balanced-gmm,4,3,concentrated,0.016,64,3.0259920061501804,0.01714683987436283,0.09029434101406178,0.11096561653831895,0.9862360954284668,2.5105426402562996,1.0,0.0634765625,nan,160,10240,20480,320,20480,30720,2621440,5898240.0,10485760,68608,98048,0,0.48166879999917,4740,0.25,0.25,5.164793878403002,0.19762779474258424
paper-neural,NCT-d4-balanced-gmm-i3,balanced-gmm,4,3,broad,0.016,64,3.0259920061501804,0.03242419895732196,0.12492319212699927,0.1730941764181553,1.0204333066940308,2.3527532099745065,1.0,0.11555989583333331,nan,320,20480,20480,320,20480,20480,0,0.0,2621440,0,0,0,0.36685990000114543,4740,,,,
minibatch-sw,NCT-d4-balanced-gmm-i3,balanced-gmm,4,3,broad,0.016,64,3.0259920061501804,0.0530149437484817,0.1575330320722579,0.1950585198451035,0.997802197933197,2.4606442716376717,1.0,0.189453125,nan,320,20480,20480,320,20480,20480,2621440,15728640.0,0,0,0,0,0.534581399995659,4740,,,,
kll-small-rsr,NCT-d4-balanced-gmm-i3,balanced-gmm,4,3,broad,0.016,64,3.0259920061501804,0.06099916772591962,0.1677693614873529,0.21513706912873698,0.8928472399711609,2.183430278956888,1.0,0.248046875,nan,160,10240,20480,320,20480,20480,2621440,3932160.0,0,68608,98048,0,0.2685727000061888,4740,,,,
cta-exact-hybrid,NCT-d4-balanced-gmm-i3,balanced-gmm,4,3,broad,0.016,64,3.0259920061501804,0.015686763784323876,0.0882891508333771,0.11224101156634923,1.003233551979065,2.6027705293246766,1.0,0.08268229166666669,nan,160,10240,20480,320,20480,30720,2621440,5898240.0,10485760,68608,0,0,0.5261074000009103,4740,0.25,0.25,2.9210134127985588,0.18648598417639733
cta-kll-hybrid,NCT-d4-balanced-gmm-i3,balanced-gmm,4,3,broad,0.016,64,3.0259920061501804,0.01575773394501434,0.08863064361329943,0.11270732926567129,1.004113793373108,2.60852183738221,1.0,0.08268229166666669,nan,160,10240,20480,320,20480,30720,2621440,5898240.0,10485760,68608,98048,0,0.5681777999998303,4740,0.25,0.25,2.9215190421527004,0.18663466311991214
paper-neural,NCT-d4-rare-gmm-i0,rare-gmm,4,0,concentrated,0.016,64,2.4382051800234636,0.07562769635535194,0.20334799861026873,0.3212239583338524,0.8909459114074707,1.405328006252893,1.0,0.020703125000000017,0.010351562499999994,320,20480,20480,320,20480,20480,0,0.0,2621440,0,0,0,0.3796874000036041,4740,,,,
minibatch-sw,NCT-d4-rare-gmm-i0,rare-gmm,4,0,concentrated,0.016,64,2.4382051800234636,0.0812963999245877,0.20804814736030056,0.2731736840298521,1.0253506898880005,1.9888098129134435,1.0,0.06464843750000002,0.032324218749999994,320,20480,20480,320,20480,20480,2621440,15728640.0,0,0,0,0,0.5245570999977645,4740,,,,
kll-small-rsr,NCT-d4-rare-gmm-i0,rare-gmm,4,0,concentrated,0.016,64,2.4382051800234636,0.07934264265719104,0.21198137324287863,0.2821141361517232,0.9550706744194031,2.1516552210801176,1.0,0.12910156250000002,0.06455078125,160,10240,20480,320,20480,20480,2621440,3932160.0,0,68608,98048,0,0.2657909999979893,4740,,,,
cta-exact-hybrid,NCT-d4-rare-gmm-i0,rare-gmm,4,0,concentrated,0.016,64,2.4382051800234636,0.008036537845987901,0.06798099482039037,0.11337784354087546,0.9556368589401245,2.4419907927928244,1.0,0.017773437500000017,0.008886718749999994,160,10240,20480,320,20480,30720,2621440,5898240.0,10485760,68608,0,0,0.5437571000002208,4740,0.25,0.25,4.5877261669600795,0.22928795367479324
cta-kll-hybrid,NCT-d4-rare-gmm-i0,rare-gmm,4,0,concentrated,0.016,64,2.4382051800234636,0.007861960826194725,0.06591488107454176,0.11230048598627348,0.9621664881706238,2.4581237798978246,1.0,0.017773437500000017,0.008886718749999994,160,10240,20480,320,20480,30720,2621440,5898240.0,10485760,68608,98048,0,0.46855950000463054,4740,0.25,0.25,4.541864919928835,0.22749980948865414
paper-neural,NCT-d4-rare-gmm-i0,rare-gmm,4,0,broad,0.016,64,2.4382051800234636,0.0480846439716327,0.16371852332046233,0.37574818285661954,0.7906953692436218,3.017397666123473,0.5,0.16191406249999998,0.08095703125,320,20480,20480,320,20480,20480,0,0.0,2621440,0,0,0,0.36365560000558617,4740,,,,
minibatch-sw,NCT-d4-rare-gmm-i0,rare-gmm,4,0,broad,0.016,64,2.4382051800234636,0.04457237170390904,0.160250653492339,0.212152746968831,1.0405765771865845,2.18101217700643,1.0,0.06367187500000002,0.031835937499999994,320,20480,20480,320,20480,20480,2621440,15728640.0,0,0,0,0,0.5175396999984514,4740,,,,
kll-small-rsr,NCT-d4-rare-gmm-i0,rare-gmm,4,0,broad,0.016,64,2.4382051800234636,0.03423000902796858,0.14114956485044317,0.23412440735378276,0.8665612936019897,3.0814961626814084,1.0,0.016406249999999983,0.008203125000000006,160,10240,20480,320,20480,20480,2621440,3932160.0,0,68608,98048,0,0.2505260000034468,4740,,,,
cta-exact-hybrid,NCT-d4-rare-gmm-i0,rare-gmm,4,0,broad,0.016,64,2.4382051800234636,0.008552910975522465,0.07457124168259632,0.1298023322896937,0.9347648620605469,2.5245057816147707,1.0,0.011523437499999983,0.0057617187500000056,160,10240,20480,320,20480,30720,2621440,5898240.0,10485760,68608,0,0,0.45846829999936745,4740,0.25,0.25,3.665191505661814,0.23153653256595136
cta-kll-hybrid,NCT-d4-rare-gmm-i0,rare-gmm,4,0,broad,0.016,64,2.4382051800234636,0.008537719287802226,0.07422789208964371,0.13592115133802068,0.929449737071991,2.565762267143253,1.0,0.013476562499999983,0.0067382812500000056,160,10240,20480,320,20480,30720,2621440,5898240.0,10485760,68608,98048,0,0.4772344999946654,4740,0.25,0.25,3.6505640203158998,0.23049289733171463
paper-neural,NCT-d4-rare-gmm-i1,rare-gmm,4,1,concentrated,0.016,64,2.468286290242428,0.027220599481560193,0.14735466976315578,0.4387972435034957,0.8426154851913452,3.471806987354742,0.5,0.04000000000000002,0.02,320,20480,20480,320,20480,20480,0,0.0,2621440,0,0,0,0.3600548999966122,4740,,,,
minibatch-sw,NCT-d4-rare-gmm-i1,rare-gmm,4,1,concentrated,0.016,64,2.468286290242428,0.039116262675110036,0.16208652885988123,0.3274615309677515,0.9526905417442322,2.9370233368752308,1.0,0.016562500000000018,0.00828125,320,20480,20480,320,20480,20480,2621440,15728640.0,0,0,0,0,0.5200403999988339,4740,,,,
kll-small-rsr,NCT-d4-rare-gmm-i1,rare-gmm,4,1,concentrated,0.016,64,2.468286290242428,0.04299916482591026,0.16805442346490168,0.2974031054313337,0.9819176197052002,2.8008543896238445,1.0,0.008828124999999982,0.0044140625,160,10240,20480,320,20480,20480,2621440,3932160.0,0,68608,98048,0,0.2520801999999094,4740,,,,
cta-exact-hybrid,NCT-d4-rare-gmm-i1,rare-gmm,4,1,concentrated,0.016,64,2.468286290242428,0.018077727730765325,0.11623313996587854,0.24774588537423434,0.9798738360404968,3.225796935325254,1.0,0.019570312499999982,0.00978515625,160,10240,20480,320,20480,30720,2621440,5898240.0,10485760,68608,0,0,0.4905241999949794,4740,0.25,0.25,5.954591950781767,0.27190533503890035
cta-kll-hybrid,NCT-d4-rare-gmm-i1,rare-gmm,4,1,concentrated,0.016,64,2.468286290242428,0.016931123725390407,0.11316058056725299,0.2413573603418763,0.9804948568344116,3.2342757178680026,1.0,0.019570312499999982,0.00978515625,160,10240,20480,320,20480,30720,2621440,5898240.0,10485760,68608,98048,0,0.5438225000034436,4740,0.25,0.25,5.989530614441341,0.27174306884407995
paper-neural,NCT-d4-rare-gmm-i1,rare-gmm,4,1,broad,0.016,64,2.468286290242428,0.02908296053643067,0.15204512273681922,0.4557896642364346,0.7798476219177246,3.5278432839065923,0.5,0.04000000000000002,0.02,320,20480,20480,320,20480,20480,0,0.0,2621440,0,0,0,0.4406721999985166,4740,,,,
minibatch-sw,NCT-d4-rare-gmm-i1,rare-gmm,4,1,broad,0.016,64,2.468286290242428,0.029662771554989753,0.149834690368853,0.340079699654933,0.9469150304794312,3.1946925334846634,0.5,0.04000000000000002,0.02,320,20480,20480,320,20480,20480,2621440,15728640.0,0,0,0,0,0.5348740999979782,4740,,,,
kll-small-rsr,NCT-d4-rare-gmm-i1,rare-gmm,4,1,broad,0.016,64,2.468286290242428,0.030614518613185204,0.14873153219155721,0.32490072860872604,0.9709197878837585,2.9577534885823344,0.5,0.027304687500000018,0.01365234375,160,10240,20480,320,20480,20480,2621440,3932160.0,0,68608,98048,0,0.26442169999791076,4740,,,,
cta-exact-hybrid,NCT-d4-rare-gmm-i1,rare-gmm,4,1,broad,0.016,64,2.468286290242428,0.01320812087579526,0.10268456461555389,0.28760608770049134,0.9036949276924133,3.895111275578753,0.5,0.022421875000000018,0.0112109375,160,10240,20480,320,20480,30720,2621440,5898240.0,10485760,68608,0,0,0.5264182000028086,4740,0.25,0.25,5.253999758691613,0.256371957808733
cta-kll-hybrid,NCT-d4-rare-gmm-i1,rare-gmm,4,1,broad,0.016,64,2.468286290242428,0.011311132678444302,0.09231043217021845,0.26413690702647685,0.9080901741981506,3.8786014897314174,1.0,0.012656250000000018,0.006328125,160,10240,20480,320,20480,30720,2621440,5898240.0,10485760,68608,98048,0,0.4543095999979414,4740,0.25,0.25,5.275803539053094,0.25818185433745383
paper-neural,NCT-d4-rare-gmm-i2,rare-gmm,4,2,concentrated,0.016,64,2.428648174339404,0.052194178134158165,0.18266709061563316,0.43890700093193974,0.6895459890365601,3.354362765458178,0.5,0.04000000000000002,0.02,320,20480,20480,320,20480,20480,0,0.0,2621440,0,0,0,0.3613463000001502,4740,,,,
minibatch-sw,NCT-d4-rare-gmm-i2,rare-gmm,4,2,concentrated,0.016,64,2.428648174339404,0.040491607431718535,0.1562375676689091,0.28675752318482906,0.8616474270820618,3.2723914547872366,0.5,0.04000000000000002,0.02,320,20480,20480,320,20480,20480,2621440,15728640.0,0,0,0,0,0.5169395000048098,4740,,,,
kll-small-rsr,NCT-d4-rare-gmm-i2,rare-gmm,4,2,concentrated,0.016,64,2.428648174339404,0.027181414395963444,0.12418149562266707,0.22886695212703914,0.9269896149635315,3.0260734290306073,1.0,0.013632812500000018,0.00681640625,160,10240,20480,320,20480,20480,2621440,3932160.0,0,68608,98048,0,0.25303659999917727,4740,,,,
cta-exact-hybrid,NCT-d4-rare-gmm-i2,rare-gmm,4,2,concentrated,0.016,64,2.428648174339404,0.022523149952391464,0.11965855367028522,0.17430910899461155,0.9773317575454712,3.6405215739323453,1.0,0.001992187499999982,0.0009960937499999996,160,10240,20480,320,20480,30720,2621440,5898240.0,10485760,68608,0,0,0.48306769999908283,4740,0.25,0.25,6.365806696977397,0.26888433247804644
cta-kll-hybrid,NCT-d4-rare-gmm-i2,rare-gmm,4,2,concentrated,0.016,64,2.428648174339404,0.017793853961128647,0.110363038612998,0.17176868962744452,0.9555084705352783,3.7504203717347364,1.0,0.0009375000000000182,0.0004687500000000004,160,10240,20480,320,20480,30720,2621440,5898240.0,10485760,68608,98048,0,0.46535600000061095,4740,0.25,0.25,6.357065807979231,0.26785681694746016
paper-neural,NCT-d4-rare-gmm-i2,rare-gmm,4,2,broad,0.016,64,2.428648174339404,0.041301401204557386,0.1685529552148447,0.40699992580996547,0.726657509803772,3.578267037975653,0.5,0.04000000000000002,0.02,320,20480,20480,320,20480,20480,0,0.0,2621440,0,0,0,0.35659230000601383,4740,,,,
minibatch-sw,NCT-d4-rare-gmm-i2,rare-gmm,4,2,broad,0.016,64,2.428648174339404,0.05076392919571315,0.17992829461612775,0.30098952693120556,0.9560135006904602,2.523776013449878,0.5,0.021445312500000018,0.01072265625,320,20480,20480,320,20480,20480,2621440,15728640.0,0,0,0,0,0.5225749999954132,4740,,,,
kll-small-rsr,NCT-d4-rare-gmm-i2,rare-gmm,4,2,broad,0.016,64,2.428648174339404,0.037273863580318256,0.15606511645866322,0.28493591995601436,0.9818251132965088,2.9252440430566695,0.5,0.028281250000000018,0.014140625,160,10240,20480,320,20480,20480,2621440,3932160.0,0,68608,98048,0,0.26731659999495605,4740,,,,
cta-exact-hybrid,NCT-d4-rare-gmm-i2,rare-gmm,4,2,broad,0.016,64,2.428648174339404,0.02159976201454228,0.10584430755625564,0.18724066201219763,0.9945166110992432,2.6716237396769245,1.0,0.018593749999999982,0.009296875,160,10240,20480,320,20480,30720,2621440,5898240.0,10485760,68608,0,0,0.5236834999959683,4740,0.25,0.25,4.583475159326376,0.2518190786242485
cta-kll-hybrid,NCT-d4-rare-gmm-i2,rare-gmm,4,2,broad,0.016,64,2.428648174339404,0.020724867910670852,0.10192474181412614,0.18169278196898941,0.9867883920669556,2.7039090767616387,1.0,0.015664062499999982,0.00783203125,160,10240,20480,320,20480,30720,2621440,5898240.0,10485760,68608,98048,0,0.5429131999990204,4740,0.25,0.25,4.559053486019218,0.24916670620441436
paper-neural,NCT-d4-rare-gmm-i3,rare-gmm,4,3,concentrated,0.016,64,2.5963668899331673,0.021350834603353075,0.11721638415403204,0.3053704925099862,0.8031188249588013,3.585424245240704,0.5,0.04000000000000002,0.02,320,20480,20480,320,20480,20480,0,0.0,2621440,0,0,0,0.3673514999973122,4740,,,,
minibatch-sw,NCT-d4-rare-gmm-i3,rare-gmm,4,3,concentrated,0.016,64,2.5963668899331673,0.021834636383696537,0.10640055176581045,0.21238766863109387,0.8657329082489014,3.344795169123156,1.0,0.003867187500000018,0.0019335937500000004,320,20480,20480,320,20480,20480,2621440,15728640.0,0,0,0,0,0.5244376999980886,4740,,,,
kll-small-rsr,NCT-d4-rare-gmm-i3,rare-gmm,4,3,concentrated,0.016,64,2.5963668899331673,0.04288156308906421,0.15708043487948128,0.2513389276506881,0.9657029509544373,3.183255698412343,0.5,0.030234375000000018,0.0151171875,160,10240,20480,320,20480,20480,2621440,3932160.0,0,68608,98048,0,0.26545140000234824,4740,,,,
cta-exact-hybrid,NCT-d4-rare-gmm-i3,rare-gmm,4,3,concentrated,0.016,64,2.5963668899331673,0.01890016468478306,0.10799808723931016,0.19193773922161259,0.9856398105621338,3.6097192113372554,1.0,0.005898437499999982,0.0029492187499999996,160,10240,20480,320,20480,30720,2621440,5898240.0,10485760,68608,0,0,0.4822137000010116,4740,0.25,0.25,6.12551664398507,0.24406283721327782
cta-kll-hybrid,NCT-d4-rare-gmm-i3,rare-gmm,4,3,concentrated,0.016,64,2.5963668899331673,0.01918122505471187,0.10956814411638485,0.19293990291907115,0.9900070428848267,3.583229219622125,1.0,0.005898437499999982,0.0029492187499999996,160,10240,20480,320,20480,30720,2621440,5898240.0,10485760,68608,98048,0,0.4781737000012072,4740,0.25,0.25,6.166406845302214,0.24646916463971139
paper-neural,NCT-d4-rare-gmm-i3,rare-gmm,4,3,broad,0.016,64,2.5963668899331673,0.02951965463018924,0.1292276320859287,0.30175533176412284,0.8579418659210205,3.0382662239607,0.5,0.04000000000000002,0.02,320,20480,20480,320,20480,20480,0,0.0,2621440,0,0,0,0.3515784999981406,4740,,,,
minibatch-sw,NCT-d4-rare-gmm-i3,rare-gmm,4,3,broad,0.016,64,2.5963668899331673,0.025920068342121017,0.12772259531861221,0.2528650872608191,0.8407005071640015,3.561986125172008,0.5,0.04000000000000002,0.02,320,20480,20480,320,20480,20480,2621440,15728640.0,0,0,0,0,0.503848399996059,4740,,,,
kll-small-rsr,NCT-d4-rare-gmm-i3,rare-gmm,4,3,broad,0.016,64,2.5963668899331673,0.035084710742645075,0.14713371890141516,0.25298154027722647,0.9954665303230286,3.0275432093670136,0.5,0.028281250000000018,0.014140625,160,10240,20480,320,20480,20480,2621440,3932160.0,0,68608,98048,0,0.2809657999969204,4740,,,,
cta-exact-hybrid,NCT-d4-rare-gmm-i3,rare-gmm,4,3,broad,0.016,64,2.5963668899331673,0.012205607253693795,0.08737694312265995,0.17590310448872354,0.9593439698219299,3.9369714396582207,1.0,0.013632812500000018,0.00681640625,160,10240,20480,320,20480,30720,2621440,5898240.0,10485760,68608,0,0,0.5414490000039223,4740,0.25,0.25,4.546243321359258,0.2250053733587265
cta-kll-hybrid,NCT-d4-rare-gmm-i3,rare-gmm,4,3,broad,0.016,64,2.5963668899331673,0.01495814615152069,0.0951245412658741,0.18186517596427104,0.968040406703949,3.930364516835501,1.0,0.013632812500000018,0.00681640625,160,10240,20480,320,20480,30720,2621440,5898240.0,10485760,68608,98048,0,0.5281385000052978,4740,0.25,0.25,4.542496714146042,0.22702130451798438
paper-neural,NCT-d4-correlated-t-i0,correlated-t,4,0,concentrated,0.016,64,2.6196508569702863,0.025869272047036596,0.12483379966075332,0.1682688381178123,0.987064778804779,2.273533724754313,nan,nan,nan,320,20480,20480,320,20480,20480,0,0.0,2621440,0,0,0,0.38641220000135945,4740,,,,
minibatch-sw,NCT-d4-correlated-t-i0,correlated-t,4,0,concentrated,0.016,64,2.6196508569702863,0.036422430688726415,0.14014192055259408,0.2102862913284896,0.8920327425003052,2.073960447562379,nan,nan,nan,320,20480,20480,320,20480,20480,2621440,15728640.0,0,0,0,0,0.5703219999995781,4740,,,,
kll-small-rsr,NCT-d4-correlated-t-i0,correlated-t,4,0,concentrated,0.016,64,2.6196508569702863,0.008679373771505183,0.07345687516308869,0.10910130120529035,0.9641343355178833,2.2087095086584125,nan,nan,nan,160,10240,20480,320,20480,20480,2621440,3932160.0,0,68608,98048,0,0.2805947000015294,4740,,,,
cta-exact-hybrid,NCT-d4-correlated-t-i0,correlated-t,4,0,concentrated,0.016,64,2.6196508569702863,0.00724984879256052,0.06431173162470652,0.08450363137040456,0.9882146120071411,2.2614998602412624,nan,nan,nan,160,10240,20480,320,20480,30720,2621440,5898240.0,10485760,68608,0,0,0.5300835000016377,4740,0.25,0.25,7.343684168288446,0.20076149553060532
cta-kll-hybrid,NCT-d4-correlated-t-i0,correlated-t,4,0,concentrated,0.016,64,2.6196508569702863,0.007020189767732887,0.06295429730519705,0.0836874493377323,0.9920797348022461,2.2724911544669646,nan,nan,nan,160,10240,20480,320,20480,30720,2621440,5898240.0,10485760,68608,98048,0,0.525591900004656,4740,0.25,0.25,7.403540962442025,0.20381003953516483
paper-neural,NCT-d4-correlated-t-i0,correlated-t,4,0,broad,0.016,64,2.6196508569702863,0.041451847271604336,0.1518401007542094,0.2262990680853047,0.8090640306472778,2.309197520070655,nan,nan,nan,320,20480,20480,320,20480,20480,0,0.0,2621440,0,0,0,0.3838181999963126,4740,,,,
minibatch-sw,NCT-d4-correlated-t-i0,correlated-t,4,0,broad,0.016,64,2.6196508569702863,0.0145113059746933,0.08941768756654801,0.14911342559059643,0.9316075444221497,2.3687794473663297,nan,nan,nan,320,20480,20480,320,20480,20480,2621440,15728640.0,0,0,0,0,0.5432025999980397,4740,,,,
kll-small-rsr,NCT-d4-correlated-t-i0,correlated-t,4,0,broad,0.016,64,2.6196508569702863,0.03166037708713354,0.1303960699983376,0.19825699360310847,0.8277072906494141,2.229231353346493,nan,nan,nan,160,10240,20480,320,20480,20480,2621440,3932160.0,0,68608,98048,0,0.2704994000014267,4740,,,,
cta-exact-hybrid,NCT-d4-correlated-t-i0,correlated-t,4,0,broad,0.016,64,2.6196508569702863,0.007988021327129502,0.06893865131716305,0.09454609696090496,1.0032399892807007,2.159557404024859,nan,nan,nan,160,10240,20480,320,20480,30720,2621440,5898240.0,10485760,68608,0,0,0.47417549999954645,4740,0.25,0.25,5.290116843450424,0.19082978814840318
cta-kll-hybrid,NCT-d4-correlated-t-i0,correlated-t,4,0,broad,0.016,64,2.6196508569702863,0.008593571758592766,0.07252254169711785,0.09757087347696504,1.0112268924713135,2.1519728794815096,nan,nan,nan,160,10240,20480,320,20480,30720,2621440,5898240.0,10485760,68608,98048,0,0.4771626000001561,4740,0.25,0.25,5.363255145092568,0.19425374567508696
paper-neural,NCT-d4-correlated-t-i1,correlated-t,4,1,concentrated,0.016,64,2.367159403360836,0.030394925940910866,0.14099677847095124,0.24636364707274988,0.7773391008377075,1.7407206529805535,nan,nan,nan,320,20480,20480,320,20480,20480,0,0.0,2621440,0,0,0,0.3576846999931149,4740,,,,
minibatch-sw,NCT-d4-correlated-t-i1,correlated-t,4,1,concentrated,0.016,64,2.367159403360836,0.031830790804138864,0.12204789317463652,0.18845775717005114,0.9307078123092651,2.0259091388104244,nan,nan,nan,320,20480,20480,320,20480,20480,2621440,15728640.0,0,0,0,0,0.5305585999958566,4740,,,,
kll-small-rsr,NCT-d4-correlated-t-i1,correlated-t,4,1,concentrated,0.016,64,2.367159403360836,0.030906914805961527,0.1210011446673031,0.17462542161172667,0.9964379072189331,1.7943971741602316,nan,nan,nan,160,10240,20480,320,20480,20480,2621440,3932160.0,0,68608,98048,0,0.310440599998401,4740,,,,
cta-exact-hybrid,NCT-d4-correlated-t-i1,correlated-t,4,1,concentrated,0.016,64,2.367159403360836,0.010235093873514067,0.06823226292757004,0.12145682554656782,0.9328575134277344,2.057669220167396,nan,nan,nan,160,10240,20480,320,20480,30720,2621440,5898240.0,10485760,68608,0,0,0.49783230000321055,4740,0.25,0.25,6.773246085864668,0.222643968090415
cta-kll-hybrid,NCT-d4-correlated-t-i1,correlated-t,4,1,concentrated,0.016,64,2.367159403360836,0.00899889385418895,0.0671078949191709,0.11541919530656713,0.9254127740859985,2.1416298284109856,nan,nan,nan,160,10240,20480,320,20480,30720,2621440,5898240.0,10485760,68608,98048,0,0.4719321000011405,4740,0.25,0.25,6.920752146867377,0.23259950876235963
paper-neural,NCT-d4-correlated-t-i1,correlated-t,4,1,broad,0.016,64,2.367159403360836,0.015097336159544561,0.09063122971017518,0.1658496589938557,0.9109978079795837,1.663315876569391,nan,nan,nan,320,20480,20480,320,20480,20480,0,0.0,2621440,0,0,0,0.39266219999990426,4740,,,,
minibatch-sw,NCT-d4-correlated-t-i1,correlated-t,4,1,broad,0.016,64,2.367159403360836,0.04395846078157639,0.14852019151170112,0.21251096760754495,0.9266884326934814,2.136786650156797,nan,nan,nan,320,20480,20480,320,20480,20480,2621440,15728640.0,0,0,0,0,0.5456482000008691,4740,,,,
kll-small-rsr,NCT-d4-correlated-t-i1,correlated-t,4,1,broad,0.016,64,2.367159403360836,0.013905526468825258,0.09089841791413852,0.13860898851980352,0.9317548871040344,1.8203264736980689,nan,nan,nan,160,10240,20480,320,20480,20480,2621440,3932160.0,0,68608,98048,0,0.2648110000009183,4740,,,,
cta-exact-hybrid,NCT-d4-correlated-t-i1,correlated-t,4,1,broad,0.016,64,2.367159403360836,0.006810100692010934,0.06449795332812971,0.10657830772581904,0.9850885272026062,1.8901250194626789,nan,nan,nan,160,10240,20480,320,20480,30720,2621440,5898240.0,10485760,68608,0,0,0.5688043000045582,4740,0.25,0.25,4.5116723965465955,0.20180170089006425
cta-kll-hybrid,NCT-d4-correlated-t-i1,correlated-t,4,1,broad,0.016,64,2.367159403360836,0.006361220914185672,0.0614843122253656,0.0993594912103076,0.9875778555870056,1.944385194675908,nan,nan,nan,160,10240,20480,320,20480,30720,2621440,5898240.0,10485760,68608,98048,0,0.568175100001099,4740,0.25,0.25,4.840957175830363,0.21192923560738564
paper-neural,NCT-d4-correlated-t-i2,correlated-t,4,2,concentrated,0.016,64,2.6715887978582757,0.05649910400400371,0.1724723549899184,0.2954444303147747,0.7633698582649231,1.4905214293291067,nan,nan,nan,320,20480,20480,320,20480,20480,0,0.0,2621440,0,0,0,0.39074540000001434,4740,,,,
minibatch-sw,NCT-d4-correlated-t-i2,correlated-t,4,2,concentrated,0.016,64,2.6715887978582757,0.022321548549754322,0.11204878039672213,0.1915021742290075,0.9082282185554504,1.766341847817949,nan,nan,nan,320,20480,20480,320,20480,20480,2621440,15728640.0,0,0,0,0,0.5437040000033448,4740,,,,
kll-small-rsr,NCT-d4-correlated-t-i2,correlated-t,4,2,concentrated,0.016,64,2.6715887978582757,0.014887771669279903,0.09534861787732991,0.15129788928822152,0.9388797283172607,2.106661789867215,nan,nan,nan,160,10240,20480,320,20480,20480,2621440,3932160.0,0,68608,98048,0,0.2560010999950464,4740,,,,
cta-exact-hybrid,NCT-d4-correlated-t-i2,correlated-t,4,2,concentrated,0.016,64,2.6715887978582757,0.006526604818258175,0.06269305499989568,0.11869048308696933,0.9480233788490295,1.9305061160188683,nan,nan,nan,160,10240,20480,320,20480,30720,2621440,5898240.0,10485760,68608,0,0,0.4897869999986142,4740,0.25,0.25,8.453087177039158,0.23318060152232647
cta-kll-hybrid,NCT-d4-correlated-t-i2,correlated-t,4,2,concentrated,0.016,64,2.6715887978582757,0.009359485134977863,0.07661197538392947,0.12591073215836387,0.9790859222412109,1.9326699931388451,nan,nan,nan,160,10240,20480,320,20480,30720,2621440,5898240.0,10485760,68608,98048,0,0.5150731000030646,4740,0.25,0.25,8.920058678958828,0.253838612139225
paper-neural,NCT-d4-correlated-t-i2,correlated-t,4,2,broad,0.016,64,2.6715887978582757,0.07329067170625825,0.20211711222978873,0.3287014208357784,0.680228054523468,1.9193957172821525,nan,nan,nan,320,20480,20480,320,20480,20480,0,0.0,2621440,0,0,0,0.3591669000015827,4740,,,,
minibatch-sw,NCT-d4-correlated-t-i2,correlated-t,4,2,broad,0.016,64,2.6715887978582757,0.047301202920059904,0.16755314991244763,0.22359771690382518,0.9766238331794739,1.9884786669726513,nan,nan,nan,320,20480,20480,320,20480,20480,2621440,15728640.0,0,0,0,0,0.5308631000007153,4740,,,,
kll-small-rsr,NCT-d4-correlated-t-i2,correlated-t,4,2,broad,0.016,64,2.6715887978582757,0.029232147879164838,0.11351681071900054,0.17690954978059517,0.9000017642974854,2.191414794605018,nan,nan,nan,160,10240,20480,320,20480,20480,2621440,3932160.0,0,68608,98048,0,0.27062329999898793,4740,,,,
cta-exact-hybrid,NCT-d4-correlated-t-i2,correlated-t,4,2,broad,0.016,64,2.6715887978582757,0.008932855834206332,0.07161408280479763,0.126149474652555,0.9290186166763306,2.2388345771843077,nan,nan,nan,160,10240,20480,320,20480,30720,2621440,5898240.0,10485760,68608,0,0,0.46426200000132667,4740,0.25,0.25,4.641808691799912,0.2105794630944729
cta-kll-hybrid,NCT-d4-correlated-t-i2,correlated-t,4,2,broad,0.016,64,2.6715887978582757,0.009336010980451892,0.07323725429527866,0.12175543933911753,0.9543693661689758,2.2678238558179866,nan,nan,nan,160,10240,20480,320,20480,30720,2621440,5898240.0,10485760,68608,98048,0,0.5066889000008814,4740,0.25,0.25,5.216759721737335,0.22836671359837055
paper-neural,NCT-d4-correlated-t-i3,correlated-t,4,3,concentrated,0.016,64,2.5823888080553696,0.06392569860139652,0.19860958197726472,0.275564472844761,0.9221815466880798,1.5322936710011068,nan,nan,nan,320,20480,20480,320,20480,20480,0,0.0,2621440,0,0,0,0.37834160000056727,4740,,,,
minibatch-sw,NCT-d4-correlated-t-i3,correlated-t,4,3,concentrated,0.016,64,2.5823888080553696,0.03800009287411665,0.15082170632594913,0.21457217579375393,0.9447154402732849,2.5327240277721357,nan,nan,nan,320,20480,20480,320,20480,20480,2621440,15728640.0,0,0,0,0,0.5522509000002174,4740,,,,
kll-small-rsr,NCT-d4-correlated-t-i3,correlated-t,4,3,concentrated,0.016,64,2.5823888080553696,0.021655523853047143,0.10869338885580013,0.19821359662362,0.8367631435394287,1.7881391452683013,nan,nan,nan,160,10240,20480,320,20480,20480,2621440,3932160.0,0,68608,98048,0,0.2668811000039568,4740,,,,
cta-exact-hybrid,NCT-d4-correlated-t-i3,correlated-t,4,3,concentrated,0.016,64,2.5823888080553696,0.003640054471370391,0.0440903329427615,0.09193048155112045,0.9782778024673462,1.819001870828374,nan,nan,nan,160,10240,20480,320,20480,30720,2621440,5898240.0,10485760,68608,0,0,0.5411741000061738,4740,0.25,0.25,8.272334583740543,0.23004069775342942
cta-kll-hybrid,NCT-d4-correlated-t-i3,correlated-t,4,3,concentrated,0.016,64,2.5823888080553696,0.0041948552356583235,0.048010862234373064,0.09104914232358177,0.9845433831214905,1.8206734084083862,nan,nan,nan,160,10240,20480,320,20480,30720,2621440,5898240.0,10485760,68608,98048,0,0.541116599997622,4740,0.25,0.25,8.675883287076935,0.2397095922380686
paper-neural,NCT-d4-correlated-t-i3,correlated-t,4,3,broad,0.016,64,2.5823888080553696,0.06578187183963724,0.20288586985791277,0.28474534102932375,0.9005523920059204,1.7699065505803282,nan,nan,nan,320,20480,20480,320,20480,20480,0,0.0,2621440,0,0,0,0.3891243000034592,4740,,,,
minibatch-sw,NCT-d4-correlated-t-i3,correlated-t,4,3,broad,0.016,64,2.5823888080553696,0.013434702498417828,0.09528719221071236,0.14694355981591967,1.0382355451583862,1.8651703487434013,nan,nan,nan,320,20480,20480,320,20480,20480,2621440,15728640.0,0,0,0,0,0.5262661000015214,4740,,,,
kll-small-rsr,NCT-d4-correlated-t-i3,correlated-t,4,3,broad,0.016,64,2.5823888080553696,0.023027078063629247,0.11465388882147601,0.18696429832611058,0.9120965600013733,2.1550288067274948,nan,nan,nan,160,10240,20480,320,20480,20480,2621440,3932160.0,0,68608,98048,0,0.2558595999944373,4740,,,,
cta-exact-hybrid,NCT-d4-correlated-t-i3,correlated-t,4,3,broad,0.016,64,2.5823888080553696,0.008250857060180472,0.06431598359890006,0.10647334899516554,0.9733904600143433,1.7937517725139347,nan,nan,nan,160,10240,20480,320,20480,30720,2621440,5898240.0,10485760,68608,0,0,0.5066602999941097,4740,0.25,0.25,5.394288090441744,0.22045800238847732
cta-kll-hybrid,NCT-d4-correlated-t-i3,correlated-t,4,3,broad,0.016,64,2.5823888080553696,0.006768000135350505,0.06329916183298336,0.10150848616452585,0.9890815615653992,1.8388823510466086,nan,nan,nan,160,10240,20480,320,20480,30720,2621440,5898240.0,10485760,68608,98048,0,0.5459416000012425,4740,0.25,0.25,5.741201430082515,0.2320368681102991
paper-neural,NCT-d4-nonlinear-i0,nonlinear,4,0,concentrated,0.016,64,2.4429839787767373,0.04794961049044044,0.16778947363139815,0.4200887082205714,0.6963179111480713,2.7527023164139695,nan,nan,nan,320,20480,20480,320,20480,20480,0,0.0,2621440,0,0,0,0.43404870000085793,4740,,,,
minibatch-sw,NCT-d4-nonlinear-i0,nonlinear,4,0,concentrated,0.016,64,2.4429839787767373,0.045100161099979275,0.14701797610229958,0.2149276254303436,0.9296663403511047,2.3000674668114978,nan,nan,nan,320,20480,20480,320,20480,20480,2621440,15728640.0,0,0,0,0,0.5811427000007825,4740,,,,
kll-small-rsr,NCT-d4-nonlinear-i0,nonlinear,4,0,concentrated,0.016,64,2.4429839787767373,0.049298581768934646,0.16394781196369665,0.22163713889358422,1.0274641513824463,2.2977905427911614,nan,nan,nan,160,10240,20480,320,20480,20480,2621440,3932160.0,0,68608,98048,0,0.2845949999973527,4740,,,,
cta-exact-hybrid,NCT-d4-nonlinear-i0,nonlinear,4,0,concentrated,0.016,64,2.4429839787767373,0.005870550602508295,0.05233592149655911,0.0775520733649835,0.9706538915634155,2.574920821023287,nan,nan,nan,160,10240,20480,320,20480,30720,2621440,5898240.0,10485760,68608,0,0,0.565838900001836,4740,0.25,0.25,4.527386310253438,0.24188077226281166
cta-kll-hybrid,NCT-d4-nonlinear-i0,nonlinear,4,0,concentrated,0.016,64,2.4429839787767373,0.005687186047668824,0.05362988345061258,0.07708291067069153,0.9739049077033997,2.6141309059859834,nan,nan,nan,160,10240,20480,320,20480,30720,2621440,5898240.0,10485760,68608,98048,0,0.5590325000011944,4740,0.25,0.25,4.5328324019038115,0.23911367021501065
paper-neural,NCT-d4-nonlinear-i0,nonlinear,4,0,broad,0.016,64,2.4429839787767373,0.05876003318423084,0.1904493086681859,0.4142280331942961,0.7602918744087219,3.0579427024767374,nan,nan,nan,320,20480,20480,320,20480,20480,0,0.0,2621440,0,0,0,0.3875281000000541,4740,,,,
minibatch-sw,NCT-d4-nonlinear-i0,nonlinear,4,0,broad,0.016,64,2.4429839787767373,0.03506239680713019,0.14267996573375266,0.2309510350457862,0.885185718536377,2.5717358436773288,nan,nan,nan,320,20480,20480,320,20480,20480,2621440,15728640.0,0,0,0,0,0.5442038000037428,4740,,,,
kll-small-rsr,NCT-d4-nonlinear-i0,nonlinear,4,0,broad,0.016,64,2.4429839787767373,0.09640487962750566,0.19521012882038513,0.2874355694654319,0.8137659430503845,2.989705049402769,nan,nan,nan,160,10240,20480,320,20480,20480,2621440,3932160.0,0,68608,98048,0,0.2740921000004164,4740,,,,
cta-exact-hybrid,NCT-d4-nonlinear-i0,nonlinear,4,0,broad,0.016,64,2.4429839787767373,0.010014269221239935,0.07090647691136552,0.10354199097080871,0.9755488038063049,2.395734518142267,nan,nan,nan,160,10240,20480,320,20480,30720,2621440,5898240.0,10485760,68608,0,0,0.5399341000011191,4740,0.25,0.25,4.550358772365792,0.2519521310925484
cta-kll-hybrid,NCT-d4-nonlinear-i0,nonlinear,4,0,broad,0.016,64,2.4429839787767373,0.009168450916750004,0.06549595861296721,0.09636619343108473,0.9684494137763977,2.4593693651749264,nan,nan,nan,160,10240,20480,320,20480,30720,2621440,5898240.0,10485760,68608,98048,0,0.5684403999985079,4740,0.25,0.25,4.5269919517379975,0.2487033676356077
paper-neural,NCT-d4-nonlinear-i1,nonlinear,4,1,concentrated,0.016,64,2.678198875284077,0.050158333409797695,0.1737748041104593,0.3734947856624393,0.7122678160667419,2.4816253329014653,nan,nan,nan,320,20480,20480,320,20480,20480,0,0.0,2621440,0,0,0,0.3905594000025303,4740,,,,
minibatch-sw,NCT-d4-nonlinear-i1,nonlinear,4,1,concentrated,0.016,64,2.678198875284077,0.12064550246268846,0.24915584722305634,0.3319246611858613,0.8246569633483887,2.060354787062286,nan,nan,nan,320,20480,20480,320,20480,20480,2621440,15728640.0,0,0,0,0,0.5479373999987729,4740,,,,
kll-small-rsr,NCT-d4-nonlinear-i1,nonlinear,4,1,concentrated,0.016,64,2.678198875284077,0.04863388092096832,0.1749348440125547,0.23782912624639144,0.9851476550102234,2.5222238378928,nan,nan,nan,160,10240,20480,320,20480,20480,2621440,3932160.0,0,68608,98048,0,0.24853409999923315,4740,,,,
cta-exact-hybrid,NCT-d4-nonlinear-i1,nonlinear,4,1,concentrated,0.016,64,2.678198875284077,0.007579390920188889,0.06732937677744949,0.10981829681025944,0.9772525429725647,2.840081174678594,nan,nan,nan,160,10240,20480,320,20480,30720,2621440,5898240.0,10485760,68608,0,0,0.46986979999928735,4740,0.25,0.25,4.1649693229359555,0.205160191655159
cta-kll-hybrid,NCT-d4-nonlinear-i1,nonlinear,4,1,concentrated,0.016,64,2.678198875284077,0.004914633498807053,0.054111449927572025,0.09877269143167061,0.9891346096992493,2.8663164627165005,nan,nan,nan,160,10240,20480,320,20480,30720,2621440,5898240.0,10485760,68608,98048,0,0.4865824000007706,4740,0.25,0.25,4.528855827932002,0.21784161105751992
paper-neural,NCT-d4-nonlinear-i1,nonlinear,4,1,broad,0.016,64,2.678198875284077,0.06901971113807592,0.20071365671835772,0.39350034376770887,0.741218626499176,2.552694287706155,nan,nan,nan,320,20480,20480,320,20480,20480,0,0.0,2621440,0,0,0,0.37177499999961583,4740,,,,
minibatch-sw,NCT-d4-nonlinear-i1,nonlinear,4,1,broad,0.016,64,2.678198875284077,0.06032874516823972,0.17345283884276522,0.2562599546662325,0.890824019908905,2.6153060272403374,nan,nan,nan,320,20480,20480,320,20480,20480,2621440,15728640.0,0,0,0,0,0.5806886999998824,4740,,,,
kll-small-rsr,NCT-d4-nonlinear-i1,nonlinear,4,1,broad,0.016,64,2.678198875284077,0.03994341469067075,0.15638550910859395,0.24049942504090324,1.0319932699203491,2.703287220560026,nan,nan,nan,160,10240,20480,320,20480,20480,2621440,3932160.0,0,68608,98048,0,0.2790806999983033,4740,,,,
cta-exact-hybrid,NCT-d4-nonlinear-i1,nonlinear,4,1,broad,0.016,64,2.678198875284077,0.015845971597137964,0.08426151436975489,0.11940613022512994,0.9811906814575195,3.0038929763110227,nan,nan,nan,160,10240,20480,320,20480,30720,2621440,5898240.0,10485760,68608,0,0,0.5521068000016385,4740,0.25,0.25,3.8514004448800825,0.22524669393897057
cta-kll-hybrid,NCT-d4-nonlinear-i1,nonlinear,4,1,broad,0.016,64,2.678198875284077,0.006891975445260545,0.06260970198257108,0.10138397555785737,0.9975714683532715,2.9278230522481414,nan,nan,nan,160,10240,20480,320,20480,30720,2621440,5898240.0,10485760,68608,98048,0,0.6074153000008664,4740,0.25,0.25,4.083300254032181,0.23446818441152573
paper-neural,NCT-d4-nonlinear-i2,nonlinear,4,2,concentrated,0.016,64,2.211728566011146,0.053599664468354735,0.18597046592651595,0.3476177651159885,0.7658573389053345,2.7331630697978193,nan,nan,nan,320,20480,20480,320,20480,20480,0,0.0,2621440,0,0,0,0.40527360000123736,4740,,,,
minibatch-sw,NCT-d4-nonlinear-i2,nonlinear,4,2,concentrated,0.016,64,2.211728566011146,0.03165877319178945,0.12605519804360446,0.16887231828825888,0.9833784699440002,2.727434307063425,nan,nan,nan,320,20480,20480,320,20480,20480,2621440,15728640.0,0,0,0,0,0.5787015999958385,4740,,,,
kll-small-rsr,NCT-d4-nonlinear-i2,nonlinear,4,2,concentrated,0.016,64,2.211728566011146,0.04106265969724676,0.14263163633192733,0.19767963017690063,0.9406114220619202,2.384983228782453,nan,nan,nan,160,10240,20480,320,20480,20480,2621440,3932160.0,0,68608,98048,0,0.2903143000003183,4740,,,,
cta-exact-hybrid,NCT-d4-nonlinear-i2,nonlinear,4,2,concentrated,0.016,64,2.211728566011146,0.010443428423431822,0.07538612068925221,0.10301293256274088,0.9568355679512024,2.8197787883102428,nan,nan,nan,160,10240,20480,320,20480,30720,2621440,5898240.0,10485760,68608,0,0,0.5634837999969022,4740,0.25,0.25,4.180722893179528,0.22528709582984446
cta-kll-hybrid,NCT-d4-nonlinear-i2,nonlinear,4,2,concentrated,0.016,64,2.211728566011146,0.010290789976763914,0.07551735246082132,0.10302487058227529,0.95946204662323,2.7936630773491022,nan,nan,nan,160,10240,20480,320,20480,30720,2621440,5898240.0,10485760,68608,98048,0,0.5261633999980404,4740,0.25,0.25,4.288482034419497,0.23343085385859014
paper-neural,NCT-d4-nonlinear-i2,nonlinear,4,2,broad,0.016,64,2.211728566011146,0.037225064085387505,0.15043214021718052,0.33406374897784624,0.7580682635307312,2.403679310415334,nan,nan,nan,320,20480,20480,320,20480,20480,0,0.0,2621440,0,0,0,0.41110240000125486,4740,,,,
minibatch-sw,NCT-d4-nonlinear-i2,nonlinear,4,2,broad,0.016,64,2.211728566011146,0.05425309939255518,0.17095234989364821,0.24834701232019168,0.9823419451713562,2.4848672698085292,nan,nan,nan,320,20480,20480,320,20480,20480,2621440,15728640.0,0,0,0,0,0.5955748999986099,4740,,,,
kll-small-rsr,NCT-d4-nonlinear-i2,nonlinear,4,2,broad,0.016,64,2.211728566011146,0.02715873970307703,0.12181035044855595,0.20158174999192197,0.8916445970535278,2.65885758815335,nan,nan,nan,160,10240,20480,320,20480,20480,2621440,3932160.0,0,68608,98048,0,0.25484249999863096,4740,,,,
cta-exact-hybrid,NCT-d4-nonlinear-i2,nonlinear,4,2,broad,0.016,64,2.211728566011146,0.00879016773026331,0.07012853280163432,0.10883358337072016,0.94551020860672,2.8216249078724385,nan,nan,nan,160,10240,20480,320,20480,30720,2621440,5898240.0,10485760,68608,0,0,0.5563789000007091,4740,0.25,0.25,3.6579085877251734,0.21464217752218245
cta-kll-hybrid,NCT-d4-nonlinear-i2,nonlinear,4,2,broad,0.016,64,2.211728566011146,0.009194940739694513,0.07213301189237949,0.10798903527732973,0.9539749622344971,2.8338637219889953,nan,nan,nan,160,10240,20480,320,20480,30720,2621440,5898240.0,10485760,68608,98048,0,0.5186055000012857,4740,0.25,0.25,3.721590931956343,0.2180461075156927
paper-neural,NCT-d4-nonlinear-i3,nonlinear,4,3,concentrated,0.016,64,3.12455564970936,0.04384904765971065,0.17020760992771305,0.4043812495711546,0.7538825869560242,2.292878624659329,nan,nan,nan,320,20480,20480,320,20480,20480,0,0.0,2621440,0,0,0,0.36620250000123633,4740,,,,
minibatch-sw,NCT-d4-nonlinear-i3,nonlinear,4,3,concentrated,0.016,64,3.12455564970936,0.030942918877318704,0.11663420267160887,0.18120354668329056,0.9726685285568237,2.0217161616062262,nan,nan,nan,320,20480,20480,320,20480,20480,2621440,15728640.0,0,0,0,0,0.5562374000001,4740,,,,
kll-small-rsr,NCT-d4-nonlinear-i3,nonlinear,4,3,concentrated,0.016,64,3.12455564970936,0.024265718250191526,0.12080126064507404,0.22392594166367077,0.8821043372154236,2.2909313718581674,nan,nan,nan,160,10240,20480,320,20480,20480,2621440,3932160.0,0,68608,98048,0,0.2674784000046202,4740,,,,
cta-exact-hybrid,NCT-d4-nonlinear-i3,nonlinear,4,3,concentrated,0.016,64,3.12455564970936,0.014668559963507022,0.10055596857286601,0.16544762578959063,0.9318158030509949,2.674735988382669,nan,nan,nan,160,10240,20480,320,20480,30720,2621440,5898240.0,10485760,68608,0,0,0.5721550000016578,4740,0.25,0.25,4.468476703548329,0.24589639380574227
cta-kll-hybrid,NCT-d4-nonlinear-i3,nonlinear,4,3,concentrated,0.016,64,3.12455564970936,0.011802248845611985,0.09078296266618432,0.1569608416217686,0.9369440078735352,2.65836742794231,nan,nan,nan,160,10240,20480,320,20480,30720,2621440,5898240.0,10485760,68608,98048,0,0.5651896999988821,4740,0.25,0.25,4.4638359773498415,0.24431256987154484
paper-neural,NCT-d4-nonlinear-i3,nonlinear,4,3,broad,0.016,64,3.12455564970936,0.05086099967681523,0.18336365682653916,0.4408528708584747,0.6949378252029419,2.5150339033359987,nan,nan,nan,320,20480,20480,320,20480,20480,0,0.0,2621440,0,0,0,0.3863908999992418,4740,,,,
minibatch-sw,NCT-d4-nonlinear-i3,nonlinear,4,3,broad,0.016,64,3.12455564970936,0.04732582020029508,0.16187067564669388,0.2545339349732789,0.954825758934021,2.1461178865081445,nan,nan,nan,320,20480,20480,320,20480,20480,2621440,15728640.0,0,0,0,0,0.5470256000044174,4740,,,,
kll-small-rsr,NCT-d4-nonlinear-i3,nonlinear,4,3,broad,0.016,64,3.12455564970936,0.042391021122991646,0.1548108534593544,0.24250128993272943,0.9028205275535583,2.133394645613628,nan,nan,nan,160,10240,20480,320,20480,20480,2621440,3932160.0,0,68608,98048,0,0.2652559999987716,4740,,,,
cta-exact-hybrid,NCT-d4-nonlinear-i3,nonlinear,4,3,broad,0.016,64,3.12455564970936,0.007945420800831826,0.07304823361415637,0.1223127127480367,0.9557047486305237,2.7211592955562924,nan,nan,nan,160,10240,20480,320,20480,30720,2621440,5898240.0,10485760,68608,0,0,0.523581399997056,4740,0.25,0.25,4.16324642243472,0.23566707484424115
cta-kll-hybrid,NCT-d4-nonlinear-i3,nonlinear,4,3,broad,0.016,64,3.12455564970936,0.006402775335844879,0.06492514235949301,0.12155704181306602,0.9564239978790283,2.7050228783869237,nan,nan,nan,160,10240,20480,320,20480,30720,2621440,5898240.0,10485760,68608,98048,0,0.48012710000330117,4740,0.25,0.25,4.101240523393054,0.23112336546182632
paper-neural,NCT-d8-balanced-gmm-i0,balanced-gmm,8,0,concentrated,0.016,64,9.383538660843602,0.033576789217034,0.10925950156458476,0.14741286005782267,0.9991165995597839,2.411779008341154,1.0,0.095703125,nan,320,20480,20480,320,20480,20480,0,0.0,2621440,0,0,0,0.363809599999513,5256,,,,
minibatch-sw,NCT-d8-balanced-gmm-i0,balanced-gmm,8,0,concentrated,0.016,64,9.383538660843602,0.06305287393512327,0.14236313903460668,0.19389432331642995,0.9170836806297302,2.6401035228574097,1.0,0.080078125,nan,320,20480,20480,320,20480,20480,2621440,15728640.0,0,0,0,0,0.5233617999983835,5256,,,,
kll-small-rsr,NCT-d8-balanced-gmm-i0,balanced-gmm,8,0,concentrated,0.016,64,9.383538660843602,0.0738597757025028,0.15770464829304154,0.20050136180041175,0.9516510963439941,2.7000108361892727,1.0,0.1162109375,nan,160,10240,20480,320,20480,20480,2621440,3932160.0,0,70656,98048,0,0.2645727999988594,5256,,,,
cta-exact-hybrid,NCT-d8-balanced-gmm-i0,balanced-gmm,8,0,concentrated,0.016,64,9.383538660843602,0.02214220911109077,0.08518559683393005,0.11077981436227573,0.9802753329277039,2.841338397991095,1.0,0.052734375,nan,160,10240,20480,320,20480,30720,2621440,5898240.0,10485760,70656,0,0,0.540124500003003,5256,0.25,0.25,4.0332799611837675,0.2636259105056524
cta-kll-hybrid,NCT-d8-balanced-gmm-i0,balanced-gmm,8,0,concentrated,0.016,64,9.383538660843602,0.021824910488164484,0.08474474161665288,0.11016552676726683,0.9804167747497559,2.8393981587461985,1.0,0.05859375,nan,160,10240,20480,320,20480,30720,2621440,5898240.0,10485760,70656,98048,0,0.5672121999959927,5256,0.25,0.25,4.043199685601264,0.26430677622556686
paper-neural,NCT-d8-balanced-gmm-i0,balanced-gmm,8,0,broad,0.016,64,9.383538660843602,0.027066451265395308,0.09354939112545323,0.13370597731861636,1.007731318473816,2.365606031990046,1.0,0.048828125,nan,320,20480,20480,320,20480,20480,0,0.0,2621440,0,0,0,0.3816898000004585,5256,,,,
minibatch-sw,NCT-d8-balanced-gmm-i0,balanced-gmm,8,0,broad,0.016,64,9.383538660843602,0.049346218749005466,0.12901830979595982,0.16180946068050087,0.941145122051239,2.587973847940298,1.0,0.0537109375,nan,320,20480,20480,320,20480,20480,2621440,15728640.0,0,0,0,0,0.5520596999995178,5256,,,,
kll-small-rsr,NCT-d8-balanced-gmm-i0,balanced-gmm,8,0,broad,0.016,64,9.383538660843602,0.051532315359289704,0.13306688568202868,0.16977575364652708,0.9678656458854675,2.39884155102339,1.0,0.1103515625,nan,160,10240,20480,320,20480,20480,2621440,3932160.0,0,70656,98048,0,0.26905619999888586,5256,,,,
cta-exact-hybrid,NCT-d8-balanced-gmm-i0,balanced-gmm,8,0,broad,0.016,64,9.383538660843602,0.019356873583746825,0.08126662923917433,0.10205171995701912,0.9900655150413513,2.879303512433667,1.0,0.0927734375,nan,160,10240,20480,320,20480,30720,2621440,5898240.0,10485760,70656,0,0,0.5746471999955247,5256,0.25,0.25,2.15926136478556,0.2450294591486454
cta-kll-hybrid,NCT-d8-balanced-gmm-i0,balanced-gmm,8,0,broad,0.016,64,9.383538660843602,0.01959785143802595,0.08180455374456062,0.10290948949565182,0.9915088415145874,2.8798801379397903,1.0,0.0966796875,nan,160,10240,20480,320,20480,30720,2621440,5898240.0,10485760,70656,98048,0,0.5581068000028608,5256,0.25,0.25,2.1610070297695683,0.24545521326363087
paper-neural,NCT-d8-balanced-gmm-i1,balanced-gmm,8,1,concentrated,0.016,64,11.289993889145642,0.0348931850272427,0.09780709217009315,0.14494867997082914,0.9904264211654663,1.8764548441940845,1.0,0.046223958333333315,nan,320,20480,20480,320,20480,20480,0,0.0,2621440,0,0,0,0.3680324000015389,5256,,,,
minibatch-sw,NCT-d8-balanced-gmm-i1,balanced-gmm,8,1,concentrated,0.016,64,11.289993889145642,0.07523803523808947,0.1534436643225809,0.1916562570141253,0.9667301177978516,2.263085212131742,1.0,0.06315104166666669,nan,320,20480,20480,320,20480,20480,2621440,15728640.0,0,0,0,0,0.5233961999983876,5256,,,,
kll-small-rsr,NCT-d8-balanced-gmm-i1,balanced-gmm,8,1,concentrated,0.016,64,11.289993889145642,0.05507950788481253,0.12999021994922608,0.16393405425061972,0.9475482702255249,2.187505387225595,1.0,0.045247395833333315,nan,160,10240,20480,320,20480,20480,2621440,3932160.0,0,70656,98048,0,0.2588525000028312,5256,,,,
cta-exact-hybrid,NCT-d8-balanced-gmm-i1,balanced-gmm,8,1,concentrated,0.016,64,11.289993889145642,0.02014880849930112,0.0768196584807369,0.10562277254784466,0.9784805774688721,2.2042057728883835,1.0,0.053385416666666685,nan,160,10240,20480,320,20480,30720,2621440,5898240.0,10485760,70656,0,0,0.5536854000019957,5256,0.25,0.25,3.316486993693985,0.2883328091353178
cta-kll-hybrid,NCT-d8-balanced-gmm-i1,balanced-gmm,8,1,concentrated,0.016,64,11.289993889145642,0.020774379945234678,0.07810145132565642,0.10646971078450328,0.9747370481491089,2.20361595459005,1.0,0.052408854166666685,nan,160,10240,20480,320,20480,30720,2621440,5898240.0,10485760,70656,98048,0,0.551587499998277,5256,0.25,0.25,3.3129750628863035,0.28841848149895666
paper-neural,NCT-d8-balanced-gmm-i1,balanced-gmm,8,1,broad,0.016,64,11.289993889145642,0.04689103679435913,0.12029103465810895,0.1761560363164968,0.9640822410583496,1.9370094797447917,1.0,0.09114583333333331,nan,320,20480,20480,320,20480,20480,0,0.0,2621440,0,0,0,0.4016256000031717,5256,,,,
minibatch-sw,NCT-d8-balanced-gmm-i1,balanced-gmm,8,1,broad,0.016,64,11.289993889145642,0.06272641767756415,0.1419253918163115,0.1814488152512828,1.0161552429199219,2.035111275591033,1.0,0.053385416666666685,nan,320,20480,20480,320,20480,20480,2621440,15728640.0,0,0,0,0,0.5881359999984852,5256,,,,
kll-small-rsr,NCT-d8-balanced-gmm-i1,balanced-gmm,8,1,broad,0.016,64,11.289993889145642,0.08769544623881043,0.16810109511216198,0.20384072310816673,1.0131958723068237,2.2176989328006855,1.0,0.12662760416666669,nan,160,10240,20480,320,20480,20480,2621440,3932160.0,0,70656,98048,0,0.2849573999992572,5256,,,,
cta-exact-hybrid,NCT-d8-balanced-gmm-i1,balanced-gmm,8,1,broad,0.016,64,11.289993889145642,0.02290414562311316,0.08310140784162164,0.10925263547335466,0.9984106421470642,2.205864960992708,1.0,0.019856770833333315,nan,160,10240,20480,320,20480,30720,2621440,5898240.0,10485760,70656,0,0,0.5797782000008738,5256,0.25,0.25,1.851074739310285,0.26588555201888087
cta-kll-hybrid,NCT-d8-balanced-gmm-i1,balanced-gmm,8,1,broad,0.016,64,11.289993889145642,0.02283392956009056,0.08280341635626562,0.10919885566076601,0.9969915151596069,2.2141121315955385,1.0,0.013020833333333315,nan,160,10240,20480,320,20480,30720,2621440,5898240.0,10485760,70656,98048,0,0.5531697999977041,5256,0.25,0.25,1.8477176557409378,0.266587957367301
paper-neural,NCT-d8-balanced-gmm-i2,balanced-gmm,8,2,concentrated,0.016,64,7.968494735130463,0.026694275045520133,0.0983507924565484,0.12764987781323037,1.0274308919906616,4.008772984400567,1.0,0.1474609375,nan,320,20480,20480,320,20480,20480,0,0.0,2621440,0,0,0,0.4095701000042027,5256,,,,
minibatch-sw,NCT-d8-balanced-gmm-i2,balanced-gmm,8,2,concentrated,0.016,64,7.968494735130463,0.06081134726941473,0.15022127966662546,0.18825302960779208,0.9557668566703796,3.7982529113779893,0.8333333333333334,0.2623697916666667,nan,320,20480,20480,320,20480,20480,2621440,15728640.0,0,0,0,0,0.5299032999973861,5256,,,,
kll-small-rsr,NCT-d8-balanced-gmm-i2,balanced-gmm,8,2,concentrated,0.016,64,7.968494735130463,0.04537203395890321,0.12440423266470489,0.15144169593768975,0.9577967524528503,4.402989000244667,1.0,0.054036458333333315,nan,160,10240,20480,320,20480,20480,2621440,3932160.0,0,70656,98048,0,0.25709179999830667,5256,,,,
cta-exact-hybrid,NCT-d8-balanced-gmm-i2,balanced-gmm,8,2,concentrated,0.016,64,7.968494735130463,0.03917667561297167,0.11501344969753338,0.12898161386442097,0.9966855645179749,4.742864152393912,1.0,0.1123046875,nan,160,10240,20480,320,20480,30720,2621440,5898240.0,10485760,70656,0,0,0.47987409999768715,5256,0.25,0.25,12.708208641883546,0.22855295650660992
cta-kll-hybrid,NCT-d8-balanced-gmm-i2,balanced-gmm,8,2,concentrated,0.016,64,7.968494735130463,0.03924564639471706,0.11561626166509341,0.12873005672713847,0.999069333076477,4.7307094411628645,1.0,0.11393229166666669,nan,160,10240,20480,320,20480,30720,2621440,5898240.0,10485760,70656,98048,0,0.48214759999973467,5256,0.25,0.25,12.736580592712313,0.2298924822360277
paper-neural,NCT-d8-balanced-gmm-i2,balanced-gmm,8,2,broad,0.016,64,7.968494735130463,0.03968117816767025,0.11865458725925943,0.1489140781341359,0.983551561832428,3.7617309264259284,1.0,0.1201171875,nan,320,20480,20480,320,20480,20480,0,0.0,2621440,0,0,0,0.36487299999862444,5256,,,,
minibatch-sw,NCT-d8-balanced-gmm-i2,balanced-gmm,8,2,broad,0.016,64,7.968494735130463,0.0547218757637018,0.13838224628218465,0.16964724800592146,0.9824951887130737,3.963968003513316,1.0,0.15397135416666669,nan,320,20480,20480,320,20480,20480,2621440,15728640.0,0,0,0,0,0.5302991999997175,5256,,,,
kll-small-rsr,NCT-d8-balanced-gmm-i2,balanced-gmm,8,2,broad,0.016,64,7.968494735130463,0.04982601717282753,0.130743880179276,0.16116347944404963,0.9658516049385071,3.783454926349225,1.0,0.2119140625,nan,160,10240,20480,320,20480,20480,2621440,3932160.0,0,70656,98048,0,0.2741147999986424,5256,,,,
cta-exact-hybrid,NCT-d8-balanced-gmm-i2,balanced-gmm,8,2,broad,0.016,64,7.968494735130463,0.0415148247042727,0.11696883404818172,0.1284781588766628,0.9987516403198242,4.901019895565065,1.0,0.0478515625,nan,160,10240,20480,320,20480,30720,2621440,5898240.0,10485760,70656,0,0,0.5821534999995492,5256,0.25,0.25,2.6131895920231205,0.23323016948997974
cta-kll-hybrid,NCT-d8-balanced-gmm-i2,balanced-gmm,8,2,broad,0.016,64,7.968494735130463,0.041501529922275626,0.11713568660035191,0.12860511187948923,1.0001330375671387,4.9341459510210495,1.0,0.05078125,nan,160,10240,20480,320,20480,30720,2621440,5898240.0,10485760,70656,98048,0,0.5628403000009712,5256,0.25,0.25,2.6189563826261733,0.233957377076149
paper-neural,NCT-d8-balanced-gmm-i3,balanced-gmm,8,3,concentrated,0.016,64,9.17404956303674,0.0378480569599966,0.10805830157311859,0.15483744014404818,1.0076816082000732,2.2299286551671957,1.0,0.040690104166666685,nan,320,20480,20480,320,20480,20480,0,0.0,2621440,0,0,0,0.38442960000247695,5256,,,,
minibatch-sw,NCT-d8-balanced-gmm-i3,balanced-gmm,8,3,concentrated,0.016,64,9.17404956303674,0.06641943629104885,0.1473559531723008,0.19066905646735494,1.0201728343963623,2.3255074688976656,1.0,0.06315104166666669,nan,320,20480,20480,320,20480,20480,2621440,15728640.0,0,0,0,0,0.5499635000014678,5256,,,,
kll-small-rsr,NCT-d8-balanced-gmm-i3,balanced-gmm,8,3,concentrated,0.016,64,9.17404956303674,0.037929107543558604,0.1161362796854303,0.13586945845178086,0.9703922867774963,2.3744698427495683,1.0,0.033528645833333315,nan,160,10240,20480,320,20480,20480,2621440,3932160.0,0,70656,98048,0,0.2649583000020357,5256,,,,
cta-exact-hybrid,NCT-d8-balanced-gmm-i3,balanced-gmm,8,3,concentrated,0.016,64,9.17404956303674,0.02053567752578145,0.0822892548941417,0.10048495497940953,0.9957130551338196,2.7569671490429464,1.0,0.034505208333333315,nan,160,10240,20480,320,20480,30720,2621440,5898240.0,10485760,70656,0,0,0.5451111000002129,5256,0.25,0.25,3.4722270666928905,0.26054751947522165
cta-kll-hybrid,NCT-d8-balanced-gmm-i3,balanced-gmm,8,3,concentrated,0.016,64,9.17404956303674,0.020160872596767465,0.08179457524554724,0.09945928030972787,0.9962390065193176,2.7685435800619125,1.0,0.032552083333333315,nan,160,10240,20480,320,20480,30720,2621440,5898240.0,10485760,70656,98048,0,0.5418495999983861,5256,0.25,0.25,3.4731161516571163,0.2605878572911024
paper-neural,NCT-d8-balanced-gmm-i3,balanced-gmm,8,3,broad,0.016,64,9.17404956303674,0.03972396244911147,0.12020393200079928,0.15757997169804341,0.9856821298599243,2.2453844861444043,1.0,0.09798177083333331,nan,320,20480,20480,320,20480,20480,0,0.0,2621440,0,0,0,0.35961669999960577,5256,,,,
minibatch-sw,NCT-d8-balanced-gmm-i3,balanced-gmm,8,3,broad,0.016,64,9.17404956303674,0.06032923690743042,0.14600790425624552,0.1834007165165836,0.9662328362464905,2.7209813237208667,1.0,0.09114583333333331,nan,320,20480,20480,320,20480,20480,2621440,15728640.0,0,0,0,0,0.5952452000055928,5256,,,,
kll-small-rsr,NCT-d8-balanced-gmm-i3,balanced-gmm,8,3,broad,0.016,64,9.17404956303674,0.03679321421363868,0.10948515939551813,0.1297720720617111,0.986479640007019,2.348632580111844,1.0,0.06998697916666669,nan,160,10240,20480,320,20480,20480,2621440,3932160.0,0,70656,98048,0,0.26768230000016047,5256,,,,
cta-exact-hybrid,NCT-d8-balanced-gmm-i3,balanced-gmm,8,3,broad,0.016,64,9.17404956303674,0.017819365466963166,0.0789833674860635,0.09174681101087014,1.0076040029525757,2.6740566009281785,1.0,0.004557291666666685,nan,160,10240,20480,320,20480,30720,2621440,5898240.0,10485760,70656,0,0,0.5079484000016237,5256,0.25,0.25,2.0799954861734036,0.2505127530544996
cta-kll-hybrid,NCT-d8-balanced-gmm-i3,balanced-gmm,8,3,broad,0.016,64,9.17404956303674,0.01784546325159697,0.0789891696731181,0.09198562395873505,1.0087145566940308,2.6806130020919823,1.0,0.004557291666666685,nan,160,10240,20480,320,20480,30720,2621440,5898240.0,10485760,70656,98048,0,0.5596930000028806,5256,0.25,0.25,2.0839791868448794,0.25111278221011163
paper-neural,NCT-d8-rare-gmm-i0,rare-gmm,8,0,concentrated,0.016,64,9.138041739101078,0.0478964471917922,0.14331731826015603,0.2934362546237361,0.7906765341758728,6.674795842831712,0.5,0.04000000000000002,0.02,320,20480,20480,320,20480,20480,0,0.0,2621440,0,0,0,0.3747691000025952,5256,,,,
minibatch-sw,NCT-d8-rare-gmm-i0,rare-gmm,8,0,concentrated,0.016,64,9.138041739101078,0.03647733049917834,0.12322345579347055,0.19811101314150184,0.9835889339447021,4.890326219264451,1.0,0.011679687500000018,0.00583984375,320,20480,20480,320,20480,20480,2621440,15728640.0,0,0,0,0,0.538114900002256,5256,,,,
kll-small-rsr,NCT-d8-rare-gmm-i0,rare-gmm,8,0,concentrated,0.016,64,9.138041739101078,0.0478152748139844,0.1352343047147438,0.1952803251904378,0.961656391620636,5.2037780427852365,0.5,0.03609375000000002,0.018046875,160,10240,20480,320,20480,20480,2621440,3932160.0,0,70656,98048,0,0.2944156999947154,5256,,,,
cta-exact-hybrid,NCT-d8-rare-gmm-i0,rare-gmm,8,0,concentrated,0.016,64,9.138041739101078,0.019436973473888397,0.09232474956370751,0.17789094745930506,0.9845461249351501,7.050766634550875,0.5,0.03609375000000002,0.018046875,160,10240,20480,320,20480,30720,2621440,5898240.0,10485760,70656,0,0,0.5837133000022732,5256,0.25,0.25,5.601378506662802,0.2713614284992218
cta-kll-hybrid,NCT-d8-rare-gmm-i0,rare-gmm,8,0,concentrated,0.016,64,9.138041739101078,0.019167700270247057,0.09094768656269335,0.17388071940946156,0.9909170269966125,7.123464758370245,0.5,0.03316406250000002,0.01658203125,160,10240,20480,320,20480,30720,2621440,5898240.0,10485760,70656,98048,0,0.5271687000058591,5256,0.25,0.25,5.6382272727196305,0.27472754642367364
paper-neural,NCT-d8-rare-gmm-i0,rare-gmm,8,0,broad,0.016,64,9.138041739101078,0.03854160963764608,0.1310701563014628,0.28734183564494353,0.7998063564300537,6.537641255564106,0.5,0.04000000000000002,0.02,320,20480,20480,320,20480,20480,0,0.0,2621440,0,0,0,0.3683240000027581,5256,,,,
minibatch-sw,NCT-d8-rare-gmm-i0,rare-gmm,8,0,broad,0.016,64,9.138041739101078,0.04175097312494502,0.13001864068436836,0.20300907385376601,0.9427974224090576,4.211207896213267,1.0,0.012734374999999982,0.0063671875,320,20480,20480,320,20480,20480,2621440,15728640.0,0,0,0,0,0.5268109000026016,5256,,,,
kll-small-rsr,NCT-d8-rare-gmm-i0,rare-gmm,8,0,broad,0.016,64,9.138041739101078,0.03526970668109586,0.11602558338709704,0.1988557941251751,0.9683203101158142,5.1693299407311075,0.5,0.03218750000000002,0.01609375,160,10240,20480,320,20480,20480,2621440,3932160.0,0,70656,98048,0,0.2513476999956765,5256,,,,
cta-exact-hybrid,NCT-d8-rare-gmm-i0,rare-gmm,8,0,broad,0.016,64,9.138041739101078,0.020083898708040504,0.08976223636988374,0.17465651892932482,0.9755671620368958,6.567003119891009,0.5,0.03609375000000002,0.018046875,160,10240,20480,320,20480,30720,2621440,5898240.0,10485760,70656,0,0,0.5517341000013403,5256,0.25,0.25,4.27271722020454,0.2707127436995506
cta-kll-hybrid,NCT-d8-rare-gmm-i0,rare-gmm,8,0,broad,0.016,64,9.138041739101078,0.019905268945791033,0.08847325603124918,0.1669311804574955,0.9817973375320435,6.494113028803883,0.5,0.027304687500000018,0.01365234375,160,10240,20480,320,20480,30720,2621440,5898240.0,10485760,70656,98048,0,0.5062489999982063,5256,0.25,0.25,4.312816520794948,0.27417827025055885
paper-neural,NCT-d8-rare-gmm-i1,rare-gmm,8,1,concentrated,0.016,64,7.752973529516233,0.056352405333286004,0.14741527608671282,0.22649827043925017,0.8844255805015564,3.404821651635448,1.0,0.016406249999999983,0.008203125000000006,320,20480,20480,320,20480,20480,0,0.0,2621440,0,0,0,0.3936441999976523,5256,,,,
minibatch-sw,NCT-d8-rare-gmm-i1,rare-gmm,8,1,concentrated,0.016,64,7.752973529516233,0.069118816894576,0.17097030320846668,0.26724542289534725,0.8863747715950012,3.5365164609051853,1.0,0.04960937499999998,0.024804687500000006,320,20480,20480,320,20480,20480,2621440,15728640.0,0,0,0,0,0.6009068999992451,5256,,,,
kll-small-rsr,NCT-d8-rare-gmm-i1,rare-gmm,8,1,concentrated,0.016,64,7.752973529516233,0.06103389149198124,0.16818108403524998,0.20414429930413622,0.9843222498893738,2.993663046523717,1.0,0.06464843750000002,0.032324218749999994,160,10240,20480,320,20480,20480,2621440,3932160.0,0,70656,98048,0,0.29305030000250554,5256,,,,
cta-exact-hybrid,NCT-d8-rare-gmm-i1,rare-gmm,8,1,concentrated,0.016,64,7.752973529516233,0.019369783142679342,0.08808751075937334,0.12811866189180177,0.9674832224845886,3.6771573982230477,1.0,0.028515625000000017,0.014257812499999994,160,10240,20480,320,20480,30720,2621440,5898240.0,10485760,70656,0,0,0.6202011000059429,5256,0.25,0.25,3.6931325463026843,0.30004442632198336
cta-kll-hybrid,NCT-d8-rare-gmm-i1,rare-gmm,8,1,concentrated,0.016,64,7.752973529516233,0.018548383388587997,0.08575101226450732,0.12809406233896034,0.96403968334198,3.707442238759794,1.0,0.019726562500000017,0.009863281249999994,160,10240,20480,320,20480,30720,2621440,5898240.0,10485760,70656,98048,0,0.5994539000021177,5256,0.25,0.25,3.674834655486273,0.29877351783216
paper-neural,NCT-d8-rare-gmm-i1,rare-gmm,8,1,broad,0.016,64,7.752973529516233,0.1480065854261201,0.24489158597440305,0.47193190171664073,0.7146481275558472,5.0010081755499725,0.5,0.19218749999999998,0.09609375,320,20480,20480,320,20480,20480,0,0.0,2621440,0,0,0,0.39418470000236994,5256,,,,
minibatch-sw,NCT-d8-rare-gmm-i1,rare-gmm,8,1,broad,0.016,64,7.752973529516233,0.06440417411646981,0.1679490499207291,0.23472735491669824,0.8795043230056763,3.098445872872826,1.0,0.0037109374999999833,0.0018554687500000056,320,20480,20480,320,20480,20480,2621440,15728640.0,0,0,0,0,0.5432797000030405,5256,,,,
kll-small-rsr,NCT-d8-rare-gmm-i1,rare-gmm,8,1,broad,0.016,64,7.752973529516233,0.06498021697457945,0.15421796412647165,0.2539252702535831,0.8471986651420593,3.6167884134396657,1.0,0.024218749999999983,0.012109375000000006,160,10240,20480,320,20480,20480,2621440,3932160.0,0,70656,98048,0,0.27223529999901075,5256,,,,
cta-exact-hybrid,NCT-d8-rare-gmm-i1,rare-gmm,8,1,broad,0.016,64,7.752973529516233,0.032801297007574615,0.11326278059313316,0.154409641308061,0.9453741908073425,3.367180233125367,1.0,0.008007812500000017,0.0040039062499999944,160,10240,20480,320,20480,30720,2621440,5898240.0,10485760,70656,0,0,0.5280309000008856,5256,0.25,0.25,2.9977731654610014,0.2851861670613289
cta-kll-hybrid,NCT-d8-rare-gmm-i1,rare-gmm,8,1,broad,0.016,64,7.752973529516233,0.030589197693776438,0.10863486603872718,0.14322948874496422,0.9571518898010254,3.20424222935372,1.0,0.012890625000000017,0.0064453124999999944,160,10240,20480,320,20480,30720,2621440,5898240.0,10485760,70656,98048,0,0.5710490999990725,5256,0.25,0.25,2.9933349162467278,0.28634275272488596
paper-neural,NCT-d8-rare-gmm-i2,rare-gmm,8,2,concentrated,0.016,64,7.119672163200424,0.03474534787711159,0.11298813921768344,0.1756211635354701,0.9458053708076477,3.2656481526129104,1.0,0.03828125000000002,0.019140624999999994,320,20480,20480,320,20480,20480,0,0.0,2621440,0,0,0,0.38078110000060406,5256,,,,
minibatch-sw,NCT-d8-rare-gmm-i2,rare-gmm,8,2,concentrated,0.016,64,7.119672163200424,0.08204161383867303,0.17211948348288403,0.21161988179951063,0.9276857376098633,4.073099539896162,1.0,0.05781250000000002,0.028906249999999994,320,20480,20480,320,20480,20480,2621440,15728640.0,0,0,0,0,0.5486178999999538,5256,,,,
kll-small-rsr,NCT-d8-rare-gmm-i2,rare-gmm,8,2,concentrated,0.016,64,7.119672163200424,0.05385933761181638,0.1576023653122048,0.15358616247527174,0.9726499915122986,3.147780504388066,1.0,0.07343750000000002,0.036718749999999994,160,10240,20480,320,20480,20480,2621440,3932160.0,0,70656,98048,0,0.2741064000001643,5256,,,,
cta-exact-hybrid,NCT-d8-rare-gmm-i2,rare-gmm,8,2,concentrated,0.016,64,7.119672163200424,0.01800979203126607,0.09085800596255236,0.09375609866064438,0.9942622184753418,5.1674371772983045,1.0,0.05585937500000002,0.027929687499999994,160,10240,20480,320,20480,30720,2621440,5898240.0,10485760,70656,0,0,0.5599807999969926,5256,0.25,0.25,3.396610213544529,0.253605954349041
cta-kll-hybrid,NCT-d8-rare-gmm-i2,rare-gmm,8,2,concentrated,0.016,64,7.119672163200424,0.017952322367796203,0.09059226043121475,0.09408458494752431,0.9965716004371643,5.160558416038709,1.0,0.05000000000000002,0.024999999999999994,160,10240,20480,320,20480,30720,2621440,5898240.0,10485760,70656,98048,0,0.6123884999979055,5256,0.25,0.25,3.4092138212826755,0.25540800131857394
paper-neural,NCT-d8-rare-gmm-i2,rare-gmm,8,2,broad,0.016,64,7.119672163200424,0.03125153744618503,0.11179884817655114,0.17089997513452956,1.0008339881896973,3.2859002742055163,1.0,0.08320312500000002,0.041601562499999994,320,20480,20480,320,20480,20480,0,0.0,2621440,0,0,0,0.40479689999483526,5256,,,,
minibatch-sw,NCT-d8-rare-gmm-i2,rare-gmm,8,2,broad,0.016,64,7.119672163200424,0.06481171482088355,0.16000887119853868,0.18438195582318095,0.9810741543769836,3.699498741288175,1.0,0.12617187500000002,0.0630859375,320,20480,20480,320,20480,20480,2621440,15728640.0,0,0,0,0,0.5583342000027187,5256,,,,
kll-small-rsr,NCT-d8-rare-gmm-i2,rare-gmm,8,2,broad,0.016,64,7.119672163200424,0.06656368981939087,0.1690837552715934,0.19117076778504558,1.0309935808181763,2.9052215057626425,1.0,0.08125000000000002,0.040624999999999994,160,10240,20480,320,20480,20480,2621440,3932160.0,0,70656,98048,0,0.26741430000402033,5256,,,,
cta-exact-hybrid,NCT-d8-rare-gmm-i2,rare-gmm,8,2,broad,0.016,64,7.119672163200424,0.01584177511732543,0.07827774775468864,0.09026807936723534,0.9964379072189331,4.770842985247482,1.0,0.06855468750000002,0.034277343749999994,160,10240,20480,320,20480,30720,2621440,5898240.0,10485760,70656,0,0,0.5550730999966618,5256,0.25,0.25,2.494844433482896,0.2406766228377819
cta-kll-hybrid,NCT-d8-rare-gmm-i2,rare-gmm,8,2,broad,0.016,64,7.119672163200424,0.015895645133175318,0.07874925501061802,0.09033753983022112,0.9964858889579773,4.780239012812936,1.0,0.06464843750000002,0.032324218749999994,160,10240,20480,320,20480,30720,2621440,5898240.0,10485760,70656,98048,0,0.5494457000022521,5256,0.25,0.25,2.4990603738369943,0.24186677299439907
paper-neural,NCT-d8-rare-gmm-i3,rare-gmm,8,3,concentrated,0.016,64,7.367077640510156,0.06270510247332783,0.16243471230580808,0.2759275804154685,0.8138249516487122,5.007573329994197,0.5,0.06191406250000005,0.030957031250000003,320,20480,20480,320,20480,20480,0,0.0,2621440,0,0,0,0.38923590000194963,5256,,,,
minibatch-sw,NCT-d8-rare-gmm-i3,rare-gmm,8,3,concentrated,0.016,64,7.367077640510156,0.05935199526101531,0.1591891774365123,0.20917929770601904,1.0560775995254517,4.6028221925922574,1.0,0.012304687499999953,0.006152343749999997,320,20480,20480,320,20480,20480,2621440,15728640.0,0,0,0,0,0.5414844999977504,5256,,,,
kll-small-rsr,NCT-d8-rare-gmm-i3,rare-gmm,8,3,concentrated,0.016,64,7.367077640510156,0.05254684157498435,0.14278701688542447,0.19670211222781323,0.9738425016403198,3.9510752103173634,1.0,0.04453124999999995,0.022265624999999997,160,10240,20480,320,20480,20480,2621440,3932160.0,0,70656,98048,0,0.2781939999986207,5256,,,,
cta-exact-hybrid,NCT-d8-rare-gmm-i3,rare-gmm,8,3,concentrated,0.016,64,7.367077640510156,0.020365189387895555,0.0884983990087553,0.12822262927864153,0.9909862279891968,6.57286259651085,1.0,0.03574218749999995,0.017871093749999997,160,10240,20480,320,20480,30720,2621440,5898240.0,10485760,70656,0,0,0.5785590000014054,5256,0.25,0.25,4.651152729152516,0.2668437585234642
cta-kll-hybrid,NCT-d8-rare-gmm-i3,rare-gmm,8,3,concentrated,0.016,64,7.367077640510156,0.01964983634024353,0.08699212627608337,0.13040456169062312,0.9893643260002136,6.577361074831671,1.0,0.021093749999999953,0.010546874999999997,160,10240,20480,320,20480,30720,2621440,5898240.0,10485760,70656,98048,0,0.5453492999949958,5256,0.25,0.25,4.623955348139074,0.2654608979821205
paper-neural,NCT-d8-rare-gmm-i3,rare-gmm,8,3,broad,0.016,64,7.367077640510156,0.043461102703315824,0.13292983930742006,0.2598128856835156,0.8320134878158569,5.746066622390689,0.5,0.07851562500000005,0.0392578125,320,20480,20480,320,20480,20480,0,0.0,2621440,0,0,0,0.42861980000452604,5256,,,,
minibatch-sw,NCT-d8-rare-gmm-i3,rare-gmm,8,3,broad,0.016,64,7.367077640510156,0.044056414563093504,0.1318174643176631,0.18262557764359813,0.9608496427536011,4.607407624293392,1.0,0.005273437500000047,0.0026367187500000028,320,20480,20480,320,20480,20480,2621440,15728640.0,0,0,0,0,0.5843841000023531,5256,,,,
kll-small-rsr,NCT-d8-rare-gmm-i3,rare-gmm,8,3,broad,0.016,64,7.367077640510156,0.04477392681249892,0.13542864986294076,0.18424908044272417,0.9659879803657532,6.080887728447614,1.0,0.023828125000000047,0.011914062500000003,160,10240,20480,320,20480,20480,2621440,3932160.0,0,70656,98048,0,0.29409380000288365,5256,,,,
cta-exact-hybrid,NCT-d8-rare-gmm-i3,rare-gmm,8,3,broad,0.016,64,7.367077640510156,0.023416031736132936,0.09877762430259232,0.15433674469274541,0.9848649501800537,6.815193241656151,1.0,0.04140625000000005,0.020703125000000003,160,10240,20480,320,20480,30720,2621440,5898240.0,10485760,70656,0,0,0.5422991000014008,5256,0.25,0.25,3.5082606123073,0.25015144422650337
cta-kll-hybrid,NCT-d8-rare-gmm-i3,rare-gmm,8,3,broad,0.016,64,7.367077640510156,0.02453376918973582,0.10127550545481884,0.1592872150102485,0.9850496649742126,6.796844177731044,1.0,0.04921875000000005,0.024609375000000003,160,10240,20480,320,20480,30720,2621440,5898240.0,10485760,70656,98048,0,0.5544455000053858,5256,0.25,0.25,3.495720073682262,0.2484266147017479
paper-neural,NCT-d8-correlated-t-i0,correlated-t,8,0,concentrated,0.016,64,8.131007721120424,0.030064340434260206,0.11468842540400719,0.1899033255261589,0.8627730011940002,4.021449851076906,nan,nan,nan,320,20480,20480,320,20480,20480,0,0.0,2621440,0,0,0,0.37767929999972694,5256,,,,
minibatch-sw,NCT-d8-correlated-t-i0,correlated-t,8,0,concentrated,0.016,64,8.131007721120424,0.01860554855193053,0.08960820946539591,0.14008254392461686,0.9102575778961182,4.16377761665074,nan,nan,nan,320,20480,20480,320,20480,20480,2621440,15728640.0,0,0,0,0,0.536412499997823,5256,,,,
kll-small-rsr,NCT-d8-correlated-t-i0,correlated-t,8,0,concentrated,0.016,64,8.131007721120424,0.021016226327752907,0.09424869720572564,0.11967402317356965,0.9945619106292725,4.239822150468244,nan,nan,nan,160,10240,20480,320,20480,20480,2621440,3932160.0,0,70656,98048,0,0.26410279999981867,5256,,,,
cta-exact-hybrid,NCT-d8-correlated-t-i0,correlated-t,8,0,concentrated,0.016,64,8.131007721120424,0.0112787568785504,0.0684762636081469,0.08729359879975443,0.9772866368293762,4.661183228185024,nan,nan,nan,160,10240,20480,320,20480,30720,2621440,5898240.0,10485760,70656,0,0,0.5741706999979215,5256,0.25,0.25,6.384041570353479,0.24431568942964077
cta-kll-hybrid,NCT-d8-correlated-t-i0,correlated-t,8,0,concentrated,0.016,64,8.131007721120424,0.0112413401378757,0.06746175548687722,0.08560045156520313,0.9788250923156738,4.711853403100753,nan,nan,nan,160,10240,20480,320,20480,30720,2621440,5898240.0,10485760,70656,98048,0,0.5914141000030213,5256,0.25,0.25,6.392021178698288,0.24534227475523948
paper-neural,NCT-d8-correlated-t-i0,correlated-t,8,0,broad,0.016,64,8.131007721120424,0.030542006984575654,0.11369356389146254,0.1977105573199568,0.8398564457893372,3.7765148610709254,nan,nan,nan,320,20480,20480,320,20480,20480,0,0.0,2621440,0,0,0,0.409087100000761,5256,,,,
minibatch-sw,NCT-d8-correlated-t-i0,correlated-t,8,0,broad,0.016,64,8.131007721120424,0.03273339456198032,0.11760776767374116,0.15847102602924218,0.9302986264228821,3.8068335584736954,nan,nan,nan,320,20480,20480,320,20480,20480,2621440,15728640.0,0,0,0,0,0.5688137999968603,5256,,,,
kll-small-rsr,NCT-d8-correlated-t-i0,correlated-t,8,0,broad,0.016,64,8.131007721120424,0.034710511220228835,0.12371035370883111,0.16169003184647643,0.9889931082725525,3.6260736586992497,nan,nan,nan,160,10240,20480,320,20480,20480,2621440,3932160.0,0,70656,98048,0,0.27682569999888074,5256,,,,
cta-exact-hybrid,NCT-d8-correlated-t-i0,correlated-t,8,0,broad,0.016,64,8.131007721120424,0.01875625478577847,0.08546113666959422,0.1199360992461124,0.9696863293647766,4.760312976605651,nan,nan,nan,160,10240,20480,320,20480,30720,2621440,5898240.0,10485760,70656,0,0,0.5646099000005051,5256,0.25,0.25,3.475784607070594,0.22874313294887544
cta-kll-hybrid,NCT-d8-correlated-t-i0,correlated-t,8,0,broad,0.016,64,8.131007721120424,0.018249345043235277,0.08406692182743929,0.11793054960800824,0.971437394618988,4.6757910279701544,nan,nan,nan,160,10240,20480,320,20480,30720,2621440,5898240.0,10485760,70656,98048,0,0.5476952999961213,5256,0.25,0.25,3.5034295845892816,0.2306902300566435
paper-neural,NCT-d8-correlated-t-i1,correlated-t,8,1,concentrated,0.016,64,8.49932686392628,0.02456394938135631,0.10083498857058927,0.15616577780957674,0.8715635538101196,3.0807585447986745,nan,nan,nan,320,20480,20480,320,20480,20480,0,0.0,2621440,0,0,0,0.40346000000135973,5256,,,,
minibatch-sw,NCT-d8-correlated-t-i1,correlated-t,8,1,concentrated,0.016,64,8.49932686392628,0.029727334814704243,0.10314991964380889,0.13005376320712025,0.974613606929779,3.352127950386165,nan,nan,nan,320,20480,20480,320,20480,20480,2621440,15728640.0,0,0,0,0,0.6845914000004996,5256,,,,
kll-small-rsr,NCT-d8-correlated-t-i1,correlated-t,8,1,concentrated,0.016,64,8.49932686392628,0.02219653578867753,0.09200411351948411,0.1253171004235948,0.9368544220924377,3.3131787802368757,nan,nan,nan,160,10240,20480,320,20480,20480,2621440,3932160.0,0,70656,98048,0,0.2572158999973908,5256,,,,
cta-exact-hybrid,NCT-d8-correlated-t-i1,correlated-t,8,1,concentrated,0.016,64,8.49932686392628,0.017592606139691824,0.07922088247502536,0.10308665861148206,0.9907164573669434,3.422494585635271,nan,nan,nan,160,10240,20480,320,20480,30720,2621440,5898240.0,10485760,70656,0,0,0.5158501000041724,5256,0.25,0.25,9.62216021430176,0.24512517862021924
cta-kll-hybrid,NCT-d8-correlated-t-i1,correlated-t,8,1,concentrated,0.016,64,8.49932686392628,0.017589052167823027,0.07952999467530943,0.10110101972077787,0.999357283115387,3.4950586276671305,nan,nan,nan,160,10240,20480,320,20480,30720,2621440,5898240.0,10485760,70656,98048,0,0.5461624999952619,5256,0.25,0.25,9.728919946528416,0.25012624226510527
paper-neural,NCT-d8-correlated-t-i1,correlated-t,8,1,broad,0.016,64,8.49932686392628,0.034306227697620706,0.11443535781241991,0.18904151812963554,0.8440623879432678,2.7420905005512424,nan,nan,nan,320,20480,20480,320,20480,20480,0,0.0,2621440,0,0,0,0.41343639999831794,5256,,,,
minibatch-sw,NCT-d8-correlated-t-i1,correlated-t,8,1,broad,0.016,64,8.49932686392628,0.024118718756453994,0.0985872065514362,0.1158546131421311,0.9535179138183594,3.3349964505982697,nan,nan,nan,320,20480,20480,320,20480,20480,2621440,15728640.0,0,0,0,0,0.5831810999952722,5256,,,,
kll-small-rsr,NCT-d8-correlated-t-i1,correlated-t,8,1,broad,0.016,64,8.49932686392628,0.018819472781586022,0.07899907386875286,0.11269506641432588,0.9267048835754395,3.3485781341663823,nan,nan,nan,160,10240,20480,320,20480,20480,2621440,3932160.0,0,70656,98048,0,0.28560590000415687,5256,,,,
cta-exact-hybrid,NCT-d8-correlated-t-i1,correlated-t,8,1,broad,0.016,64,8.49932686392628,0.026364368354032663,0.10279727037756467,0.11748111052568867,1.0126733779907227,3.770350918547057,nan,nan,nan,160,10240,20480,320,20480,30720,2621440,5898240.0,10485760,70656,0,0,0.5473351999971783,5256,0.25,0.25,4.127228725711825,0.23554737567901612
cta-kll-hybrid,NCT-d8-correlated-t-i1,correlated-t,8,1,broad,0.016,64,8.49932686392628,0.027833108464468737,0.10585887759998061,0.12060676628757674,1.0200220346450806,3.790730363904371,nan,nan,nan,160,10240,20480,320,20480,30720,2621440,5898240.0,10485760,70656,98048,0,0.5703207999977167,5256,0.25,0.25,4.191898864757716,0.24076870195567607
paper-neural,NCT-d8-correlated-t-i2,correlated-t,8,2,concentrated,0.016,64,9.88998662226855,0.02029550908639166,0.09297678490738567,0.15440986139879037,0.9277589917182922,4.284544212264551,nan,nan,nan,320,20480,20480,320,20480,20480,0,0.0,2621440,0,0,0,0.41686760000447975,5256,,,,
minibatch-sw,NCT-d8-correlated-t-i2,correlated-t,8,2,concentrated,0.016,64,9.88998662226855,0.03203748406333684,0.1105869804753301,0.17763344029132513,0.9374913573265076,3.254058125235157,nan,nan,nan,320,20480,20480,320,20480,20480,2621440,15728640.0,0,0,0,0,0.5583355999988271,5256,,,,
kll-small-rsr,NCT-d8-correlated-t-i2,correlated-t,8,2,concentrated,0.016,64,9.88998662226855,0.026465443976232628,0.10742512580017047,0.1379928147106162,1.0468974113464355,4.481446225747105,nan,nan,nan,160,10240,20480,320,20480,20480,2621440,3932160.0,0,70656,98048,0,0.26775659999839263,5256,,,,
cta-exact-hybrid,NCT-d8-correlated-t-i2,correlated-t,8,2,concentrated,0.016,64,9.88998662226855,0.01185371924644496,0.07587311197601704,0.10620407465944719,0.9605830907821655,5.192342014594478,nan,nan,nan,160,10240,20480,320,20480,30720,2621440,5898240.0,10485760,70656,0,0,0.5040169999992941,5256,0.25,0.25,6.629433370889496,0.2295456487685442
cta-kll-hybrid,NCT-d8-correlated-t-i2,correlated-t,8,2,concentrated,0.016,64,9.88998662226855,0.011106356848557652,0.07209856366118599,0.10215445356757447,0.9598608016967773,5.197084301765576,nan,nan,nan,160,10240,20480,320,20480,30720,2621440,5898240.0,10485760,70656,98048,0,0.537537300006079,5256,0.25,0.25,6.799509079414237,0.23921074271202086
paper-neural,NCT-d8-correlated-t-i2,correlated-t,8,2,broad,0.016,64,9.88998662226855,0.05072693627457259,0.14595104398989547,0.22838366044097017,0.824903130531311,3.757415661827078,nan,nan,nan,320,20480,20480,320,20480,20480,0,0.0,2621440,0,0,0,0.38159649999579415,5256,,,,
minibatch-sw,NCT-d8-correlated-t-i2,correlated-t,8,2,broad,0.016,64,9.88998662226855,0.018261361772482942,0.08672353372121205,0.1614910669524018,0.8984940648078918,4.630349864386867,nan,nan,nan,320,20480,20480,320,20480,20480,2621440,15728640.0,0,0,0,0,0.586156999997911,5256,,,,
kll-small-rsr,NCT-d8-correlated-t-i2,correlated-t,8,2,broad,0.016,64,9.88998662226855,0.02226568360595582,0.09401853029306735,0.1400331128889057,0.9547007083892822,4.2718772518083306,nan,nan,nan,160,10240,20480,320,20480,20480,2621440,3932160.0,0,70656,98048,0,0.28810410000005504,5256,,,,
cta-exact-hybrid,NCT-d8-correlated-t-i2,correlated-t,8,2,broad,0.016,64,9.88998662226855,0.01605571865470079,0.0811758423223512,0.10770920598992856,0.9619954228401184,5.147628906793912,nan,nan,nan,160,10240,20480,320,20480,30720,2621440,5898240.0,10485760,70656,0,0,0.6021801000024425,5256,0.25,0.25,3.425985812087314,0.22363540679216384
cta-kll-hybrid,NCT-d8-correlated-t-i2,correlated-t,8,2,broad,0.016,64,9.88998662226855,0.01455094803919188,0.07614996004913693,0.10472080975287582,0.9610463380813599,5.079166781880043,nan,nan,nan,160,10240,20480,320,20480,30720,2621440,5898240.0,10485760,70656,98048,0,0.5828980000005686,5256,0.25,0.25,3.5467747586107428,0.23277990855276584
paper-neural,NCT-d8-correlated-t-i3,correlated-t,8,3,concentrated,0.016,64,10.25972246821414,0.04806045441207374,0.14423563626948463,0.23844204296612673,0.8218809366226196,3.799825894259509,nan,nan,nan,320,20480,20480,320,20480,20480,0,0.0,2621440,0,0,0,0.42752280000422616,5256,,,,
minibatch-sw,NCT-d8-correlated-t-i3,correlated-t,8,3,concentrated,0.016,64,10.25972246821414,0.05173042557621521,0.13507034559706946,0.1822264271275775,0.9464466571807861,4.019557434222469,nan,nan,nan,320,20480,20480,320,20480,20480,2621440,15728640.0,0,0,0,0,0.5923563000033027,5256,,,,
kll-small-rsr,NCT-d8-correlated-t-i3,correlated-t,8,3,concentrated,0.016,64,10.25972246821414,0.037041366340235804,0.11970040349213959,0.13403975405454846,0.9615501165390015,4.096927343472255,nan,nan,nan,160,10240,20480,320,20480,20480,2621440,3932160.0,0,70656,98048,0,0.2672461999973166,5256,,,,
cta-exact-hybrid,NCT-d8-correlated-t-i3,correlated-t,8,3,concentrated,0.016,64,10.25972246821414,0.021075757712051058,0.0905227925935066,0.1148625192256318,0.9905041456222534,4.689705109524035,nan,nan,nan,160,10240,20480,320,20480,30720,2621440,5898240.0,10485760,70656,0,0,0.5768361000009463,5256,0.25,0.25,5.87633359696842,0.2412550400942564
cta-kll-hybrid,NCT-d8-correlated-t-i3,correlated-t,8,3,concentrated,0.016,64,10.25972246821414,0.021583154381771052,0.09215910349742841,0.11704825405106883,0.998248279094696,4.668009242521591,nan,nan,nan,160,10240,20480,320,20480,30720,2621440,5898240.0,10485760,70656,98048,0,0.5273025999995298,5256,0.25,0.25,6.047614161931425,0.2553554687649012
paper-neural,NCT-d8-correlated-t-i3,correlated-t,8,3,broad,0.016,64,10.25972246821414,0.03703349302204373,0.12276398526198969,0.21705354153752987,0.8334931135177612,3.9863143678913935,nan,nan,nan,320,20480,20480,320,20480,20480,0,0.0,2621440,0,0,0,0.3824412000030861,5256,,,,
minibatch-sw,NCT-d8-correlated-t-i3,correlated-t,8,3,broad,0.016,64,10.25972246821414,0.03348127490048558,0.10602449564205975,0.16669652600364673,0.932418704032898,4.053094807370299,nan,nan,nan,320,20480,20480,320,20480,20480,2621440,15728640.0,0,0,0,0,0.5583840999970562,5256,,,,
kll-small-rsr,NCT-d8-correlated-t-i3,correlated-t,8,3,broad,0.016,64,10.25972246821414,0.039121010201530915,0.12685708113681984,0.1597545485374089,0.9756525158882141,4.570625718647884,nan,nan,nan,160,10240,20480,320,20480,20480,2621440,3932160.0,0,70656,98048,0,0.2937949999977718,5256,,,,
cta-exact-hybrid,NCT-d8-correlated-t-i3,correlated-t,8,3,broad,0.016,64,10.25972246821414,0.01342605504162897,0.07239505678742063,0.09938980634691924,0.9708174467086792,5.090336423015951,nan,nan,nan,160,10240,20480,320,20480,30720,2621440,5898240.0,10485760,70656,0,0,0.5842076999979327,5256,0.25,0.25,3.5850501991936428,0.22588218934834003
cta-kll-hybrid,NCT-d8-correlated-t-i3,correlated-t,8,3,broad,0.016,64,10.25972246821414,0.01439237585408737,0.0747196061776305,0.09916191928501607,0.9925013184547424,4.808911974464756,nan,nan,nan,160,10240,20480,320,20480,30720,2621440,5898240.0,10485760,70656,98048,0,0.5991890000004787,5256,0.25,0.25,3.850802325414963,0.24255396723747252
paper-neural,NCT-d8-nonlinear-i0,nonlinear,8,0,concentrated,0.016,64,8.748072961942663,0.09164425517140096,0.19382613636551452,0.356341663417219,0.7513578534126282,4.559269103769503,nan,nan,nan,320,20480,20480,320,20480,20480,0,0.0,2621440,0,0,0,0.3979327999986708,5256,,,,
minibatch-sw,NCT-d8-nonlinear-i0,nonlinear,8,0,concentrated,0.016,64,8.748072961942663,0.06141649731618326,0.15352615778423964,0.23457551627449244,0.9297534823417664,3.8916606428122678,nan,nan,nan,320,20480,20480,320,20480,20480,2621440,15728640.0,0,0,0,0,0.5767052999945008,5256,,,,
kll-small-rsr,NCT-d8-nonlinear-i0,nonlinear,8,0,concentrated,0.016,64,8.748072961942663,0.04127814468089497,0.128389209123343,0.16866538112346932,0.9813202619552612,4.7271305295308785,nan,nan,nan,160,10240,20480,320,20480,20480,2621440,3932160.0,0,70656,98048,0,0.25974670000141487,5256,,,,
cta-exact-hybrid,NCT-d8-nonlinear-i0,nonlinear,8,0,concentrated,0.016,64,8.748072961942663,0.015390740674381398,0.07723153237885191,0.09613970983804454,0.9714025259017944,4.954964431226973,nan,nan,nan,160,10240,20480,320,20480,30720,2621440,5898240.0,10485760,70656,0,0,0.5167204999961541,5256,0.25,0.25,3.5399426336402273,0.2649909619241953
cta-kll-hybrid,NCT-d8-nonlinear-i0,nonlinear,8,0,concentrated,0.016,64,8.748072961942663,0.016807373759377242,0.08170054877772895,0.10020115787270659,0.9762289524078369,5.020969672662125,nan,nan,nan,160,10240,20480,320,20480,30720,2621440,5898240.0,10485760,70656,98048,0,0.5407059999997728,5256,0.25,0.25,3.5037810664893114,0.2633228972554207
paper-neural,NCT-d8-nonlinear-i0,nonlinear,8,0,broad,0.016,64,8.748072961942663,0.07373786613118671,0.17857302410150977,0.34192468193871933,0.7555251717567444,5.157635177144269,nan,nan,nan,320,20480,20480,320,20480,20480,0,0.0,2621440,0,0,0,0.40005370000289986,5256,,,,
minibatch-sw,NCT-d8-nonlinear-i0,nonlinear,8,0,broad,0.016,64,8.748072961942663,0.05867955842618677,0.15386897751245168,0.2405553610843983,0.9198092818260193,4.2611481777085425,nan,nan,nan,320,20480,20480,320,20480,20480,2621440,15728640.0,0,0,0,0,0.5188397000019904,5256,,,,
kll-small-rsr,NCT-d8-nonlinear-i0,nonlinear,8,0,broad,0.016,64,8.748072961942663,0.036003242811396774,0.12691870180987908,0.20645914002736276,0.9147810339927673,4.660596280424045,nan,nan,nan,160,10240,20480,320,20480,20480,2621440,3932160.0,0,70656,98048,0,0.2545336999974097,5256,,,,
cta-exact-hybrid,NCT-d8-nonlinear-i0,nonlinear,8,0,broad,0.016,64,8.748072961942663,0.019917764892044332,0.0910800638414614,0.10528611420798979,1.0057625770568848,5.120096724197874,nan,nan,nan,160,10240,20480,320,20480,30720,2621440,5898240.0,10485760,70656,0,0,0.5965132999990601,5256,0.25,0.25,2.937476213451149,0.2576968140900135
cta-kll-hybrid,NCT-d8-nonlinear-i0,nonlinear,8,0,broad,0.016,64,8.748072961942663,0.018339418419591524,0.08807357618777291,0.10230397662160164,0.9954095482826233,5.278773227249262,nan,nan,nan,160,10240,20480,320,20480,30720,2621440,5898240.0,10485760,70656,98048,0,0.5829908000014257,5256,0.25,0.25,2.925473960313906,0.25733690783381463
paper-neural,NCT-d8-nonlinear-i1,nonlinear,8,1,concentrated,0.016,64,9.277535273667544,0.11419349954224334,0.22513032020104617,0.45785859441878934,0.7054718136787415,4.1548699226424946,nan,nan,nan,320,20480,20480,320,20480,20480,0,0.0,2621440,0,0,0,0.382350600004429,5256,,,,
minibatch-sw,NCT-d8-nonlinear-i1,nonlinear,8,1,concentrated,0.016,64,9.277535273667544,0.05584568514698507,0.15271453517465697,0.21010472784984,0.9129871129989624,2.878503583291219,nan,nan,nan,320,20480,20480,320,20480,20480,2621440,15728640.0,0,0,0,0,0.5604120999996667,5256,,,,
kll-small-rsr,NCT-d8-nonlinear-i1,nonlinear,8,1,concentrated,0.016,64,9.277535273667544,0.03491208524274647,0.106544464811468,0.17601118103165947,0.9657100439071655,3.040941938678026,nan,nan,nan,160,10240,20480,320,20480,20480,2621440,3932160.0,0,70656,98048,0,0.2775699000048917,5256,,,,
cta-exact-hybrid,NCT-d8-nonlinear-i1,nonlinear,8,1,concentrated,0.016,64,9.277535273667544,0.012854507567620743,0.06839648157356779,0.0954574805437179,0.9614551067352295,3.6432820505131085,nan,nan,nan,160,10240,20480,320,20480,30720,2621440,5898240.0,10485760,70656,0,0,0.5004100000005565,5256,0.25,0.25,4.066458841875737,0.3098234847187996
cta-kll-hybrid,NCT-d8-nonlinear-i1,nonlinear,8,1,concentrated,0.016,64,9.277535273667544,0.013249834455483445,0.0686677669256143,0.09875518139190884,0.957703173160553,3.6894726115034833,nan,nan,nan,160,10240,20480,320,20480,30720,2621440,5898240.0,10485760,70656,98048,0,0.5280272000018158,5256,0.25,0.25,4.1107505299197555,0.31959318444132806
paper-neural,NCT-d8-nonlinear-i1,nonlinear,8,1,broad,0.016,64,9.277535273667544,0.07646346233334889,0.19075648019949093,0.401339572423766,0.7737206816673279,3.978971375539824,nan,nan,nan,320,20480,20480,320,20480,20480,0,0.0,2621440,0,0,0,0.37397799999598647,5256,,,,
minibatch-sw,NCT-d8-nonlinear-i1,nonlinear,8,1,broad,0.016,64,9.277535273667544,0.04311163620585301,0.13507493493650236,0.2375701384215512,0.8330185413360596,3.234150108248006,nan,nan,nan,320,20480,20480,320,20480,20480,2621440,15728640.0,0,0,0,0,0.5212209000019357,5256,,,,
kll-small-rsr,NCT-d8-nonlinear-i1,nonlinear,8,1,broad,0.016,64,9.277535273667544,0.06429234335445866,0.15810780068628205,0.2417366564815666,0.8859543204307556,3.2061171620286872,nan,nan,nan,160,10240,20480,320,20480,20480,2621440,3932160.0,0,70656,98048,0,0.2580104999942705,5256,,,,
cta-exact-hybrid,NCT-d8-nonlinear-i1,nonlinear,8,1,broad,0.016,64,9.277535273667544,0.013945554092187784,0.07733961177889391,0.11224325382056823,0.9902633428573608,3.6358553136733684,nan,nan,nan,160,10240,20480,320,20480,30720,2621440,5898240.0,10485760,70656,0,0,0.4774002999984077,5256,0.25,0.25,3.3958454329924925,0.3019117917865515
cta-kll-hybrid,NCT-d8-nonlinear-i1,nonlinear,8,1,broad,0.016,64,9.277535273667544,0.011556439196081847,0.07227395844879092,0.10533799501428061,1.0000523328781128,3.540815810612304,nan,nan,nan,160,10240,20480,320,20480,30720,2621440,5898240.0,10485760,70656,98048,0,0.5581302999999025,5256,0.25,0.25,3.505902708295166,0.3091829989105463
paper-neural,NCT-d8-nonlinear-i2,nonlinear,8,2,concentrated,0.016,64,8.034994498631091,0.054345325737220396,0.15515583758884519,0.33144726424342397,0.7877031564712524,4.218511147306485,nan,nan,nan,320,20480,20480,320,20480,20480,0,0.0,2621440,0,0,0,0.4138234999991255,5256,,,,
minibatch-sw,NCT-d8-nonlinear-i2,nonlinear,8,2,concentrated,0.016,64,8.034994498631091,0.09433928797759927,0.18181127243285067,0.24077526368485547,0.9026302695274353,3.74497342888239,nan,nan,nan,320,20480,20480,320,20480,20480,2621440,15728640.0,0,0,0,0,0.6356424999976298,5256,,,,
kll-small-rsr,NCT-d8-nonlinear-i2,nonlinear,8,2,concentrated,0.016,64,8.034994498631091,0.055847795348597185,0.1426994099064616,0.1893197427984751,0.938225269317627,3.076764357806703,nan,nan,nan,160,10240,20480,320,20480,20480,2621440,3932160.0,0,70656,98048,0,0.28595040000072913,5256,,,,
cta-exact-hybrid,NCT-d8-nonlinear-i2,nonlinear,8,2,concentrated,0.016,64,8.034994498631091,0.022021431629184907,0.08292828392345808,0.11034871270467951,1.0128898620605469,4.054112961474498,nan,nan,nan,160,10240,20480,320,20480,30720,2621440,5898240.0,10485760,70656,0,0,0.5696404000045732,5256,0.25,0.25,3.7873222544849967,0.2934522729367018
cta-kll-hybrid,NCT-d8-nonlinear-i2,nonlinear,8,2,concentrated,0.016,64,8.034994498631091,0.02293776120892188,0.08284706792439728,0.10948453622650797,1.0142580270767212,3.9480187086999154,nan,nan,nan,160,10240,20480,320,20480,30720,2621440,5898240.0,10485760,70656,98048,0,0.5407009999980801,5256,0.25,0.25,3.8969158083501156,0.3027569122612476
paper-neural,NCT-d8-nonlinear-i2,nonlinear,8,2,broad,0.016,64,8.034994498631091,0.10858818522159597,0.21436075897835652,0.437442319762396,0.6782429218292236,4.087868535703298,nan,nan,nan,320,20480,20480,320,20480,20480,0,0.0,2621440,0,0,0,0.36016060000110883,5256,,,,
minibatch-sw,NCT-d8-nonlinear-i2,nonlinear,8,2,broad,0.016,64,8.034994498631091,0.06579452711276046,0.16026313244247148,0.20397541671536445,0.9855085015296936,2.864288486711269,nan,nan,nan,320,20480,20480,320,20480,20480,2621440,15728640.0,0,0,0,0,0.5206434000065201,5256,,,,
kll-small-rsr,NCT-d8-nonlinear-i2,nonlinear,8,2,broad,0.016,64,8.034994498631091,0.049671516773055924,0.13873803351721192,0.1769294367058693,1.0107555389404297,3.0610860948810164,nan,nan,nan,160,10240,20480,320,20480,20480,2621440,3932160.0,0,70656,98048,0,0.25303539999731584,5256,,,,
cta-exact-hybrid,NCT-d8-nonlinear-i2,nonlinear,8,2,broad,0.016,64,8.034994498631091,0.03100250960288653,0.10869656895023624,0.1438667390678372,0.9242897629737854,4.49818822787687,nan,nan,nan,160,10240,20480,320,20480,30720,2621440,5898240.0,10485760,70656,0,0,0.5160458000027575,5256,0.25,0.25,3.0608132578837943,0.2833596132695675
cta-kll-hybrid,NCT-d8-nonlinear-i2,nonlinear,8,2,broad,0.016,64,8.034994498631091,0.023683335636566216,0.09659057379803135,0.1299003596877494,0.9323607683181763,4.390964525935341,nan,nan,nan,160,10240,20480,320,20480,30720,2621440,5898240.0,10485760,70656,98048,0,0.5021262000009301,5256,0.25,0.25,3.1090222592666454,0.28844465017318727
paper-neural,NCT-d8-nonlinear-i3,nonlinear,8,3,concentrated,0.016,64,6.441500245028255,0.07031502424407199,0.17466609045395948,0.3058360943882863,0.7782447338104248,4.65755741140434,nan,nan,nan,320,20480,20480,320,20480,20480,0,0.0,2621440,0,0,0,0.3882621000011568,5256,,,,
minibatch-sw,NCT-d8-nonlinear-i3,nonlinear,8,3,concentrated,0.016,64,6.441500245028255,0.04940066906384155,0.14500326449062348,0.1970602879319024,1.0014801025390625,4.387674110159115,nan,nan,nan,320,20480,20480,320,20480,20480,2621440,15728640.0,0,0,0,0,0.5358611000046949,5256,,,,
kll-small-rsr,NCT-d8-nonlinear-i3,nonlinear,8,3,concentrated,0.016,64,6.441500245028255,0.06664523648718612,0.1600860266069366,0.19073087811547734,0.9386721849441528,4.0658772733591695,nan,nan,nan,160,10240,20480,320,20480,20480,2621440,3932160.0,0,70656,98048,0,0.2749358000000939,5256,,,,
cta-exact-hybrid,NCT-d8-nonlinear-i3,nonlinear,8,3,concentrated,0.016,64,6.441500245028255,0.01126297901689588,0.06674572533541476,0.09901466789070741,0.9670166969299316,5.633653429029343,nan,nan,nan,160,10240,20480,320,20480,30720,2621440,5898240.0,10485760,70656,0,0,0.5368033999984618,5256,0.25,0.25,4.184077034113518,0.2645760864019394
cta-kll-hybrid,NCT-d8-nonlinear-i3,nonlinear,8,3,concentrated,0.016,64,6.441500245028255,0.010925866876185797,0.06520166406521419,0.09368773030445737,0.9756954908370972,5.551787176364369,nan,nan,nan,160,10240,20480,320,20480,30720,2621440,5898240.0,10485760,70656,98048,0,0.5391773000010289,5256,0.25,0.25,4.253283737322571,0.268971535935998
paper-neural,NCT-d8-nonlinear-i3,nonlinear,8,3,broad,0.016,64,6.441500245028255,0.04689454537665805,0.1413165585698698,0.2629738214545404,0.8309799432754517,5.520521834623568,nan,nan,nan,320,20480,20480,320,20480,20480,0,0.0,2621440,0,0,0,0.39108259999920847,5256,,,,
minibatch-sw,NCT-d8-nonlinear-i3,nonlinear,8,3,broad,0.016,64,6.441500245028255,0.053471349094558196,0.15084646289012726,0.20204242145621354,0.9850763082504272,4.241100298642399,nan,nan,nan,320,20480,20480,320,20480,20480,2621440,15728640.0,0,0,0,0,0.5379247999953805,5256,,,,
kll-small-rsr,NCT-d8-nonlinear-i3,nonlinear,8,3,broad,0.016,64,6.441500245028255,0.04428215164145888,0.13644819754779122,0.1917523862616017,0.978762149810791,4.145908490704987,nan,nan,nan,160,10240,20480,320,20480,20480,2621440,3932160.0,0,70656,98048,0,0.25991069999872707,5256,,,,
cta-exact-hybrid,NCT-d8-nonlinear-i3,nonlinear,8,3,broad,0.016,64,6.441500245028255,0.017987715214141442,0.07962158431003441,0.10827140770460263,0.984077513217926,4.477298317322342,nan,nan,nan,160,10240,20480,320,20480,30720,2621440,5898240.0,10485760,70656,0,0,0.5062341999946511,5256,0.25,0.25,2.966258590246705,0.24004701040685178
cta-kll-hybrid,NCT-d8-nonlinear-i3,nonlinear,8,3,broad,0.016,64,6.441500245028255,0.017454983114820966,0.07825816402076419,0.10518085727081015,0.9873521327972412,4.5119583407207875,nan,nan,nan,160,10240,20480,320,20480,30720,2621440,5898240.0,10485760,70656,98048,0,0.48614680000173394,5256,0.25,0.25,3.033210907272119,0.2468576729297638
paper-neural,NCT-d16-balanced-gmm-i0,balanced-gmm,16,0,concentrated,0.016,192,18.036336816062434,0.06431967837866637,0.13344476079756204,0.18380768198507794,0.8975623250007629,4.8867471250644865,1.0,0.1828125,nan,320,20480,20480,320,20480,20480,0,0.0,2621440,0,0,0,0.3495898999972269,6288,,,,
minibatch-sw,NCT-d16-balanced-gmm-i0,balanced-gmm,16,0,concentrated,0.016,192,18.036336816062434,0.11779376800073571,0.18012944300830627,0.1512757426937072,0.9672020673751831,5.426849489462248,1.0,0.2169921875,nan,320,20480,20480,320,20480,20480,2621440,15728640.0,0,0,0,0,0.5189525999958278,6288,,,,
kll-small-rsr,NCT-d16-balanced-gmm-i0,balanced-gmm,16,0,concentrated,0.016,192,18.036336816062434,0.13771710927322722,0.1838918200945799,0.1336201871892117,0.9653702974319458,4.4474879680529025,1.0,0.18828125,nan,160,10240,20480,320,20480,20480,2621440,3932160.0,0,74752,98048,0,0.28129449999687495,6288,,,,
cta-exact-hybrid,NCT-d16-balanced-gmm-i0,balanced-gmm,16,0,concentrated,0.016,192,18.036336816062434,0.03812047100724314,0.10783868606773044,0.10830130892343895,0.9893283843994141,6.902593195447224,1.0,0.08769531250000001,nan,160,10240,20480,320,20480,30720,7864320,17694720.0,10485760,222208,0,0,0.5817620000016177,6288,0.25,0.25,7.705407852816434,0.3107489325106144
cta-kll-hybrid,NCT-d16-balanced-gmm-i0,balanced-gmm,16,0,concentrated,0.016,192,18.036336816062434,0.038616622160324354,0.10856444967262364,0.10868376769227767,0.9893760681152344,6.917759586388145,1.0,0.08378906250000001,nan,160,10240,20480,320,20480,30720,7864320,17694720.0,10485760,222208,294144,0,0.5788186999998288,6288,0.25,0.25,7.716711146577372,0.3121115185320377
paper-neural,NCT-d16-balanced-gmm-i0,balanced-gmm,16,0,broad,0.016,192,18.036336816062434,0.05610185063587281,0.12016719361707448,0.1684890712513392,0.9293671250343323,5.030002339921565,1.0,0.11171875000000003,nan,320,20480,20480,320,20480,20480,0,0.0,2621440,0,0,0,0.372419200000877,6288,,,,
minibatch-sw,NCT-d16-balanced-gmm-i0,balanced-gmm,16,0,broad,0.016,192,18.036336816062434,0.12054616306930832,0.19046001789774936,0.16093095560715265,0.9485084414482117,4.191983324698986,0.8,0.4802734375,nan,320,20480,20480,320,20480,20480,2621440,15728640.0,0,0,0,0,0.5348943000062718,6288,,,,
kll-small-rsr,NCT-d16-balanced-gmm-i0,balanced-gmm,16,0,broad,0.016,192,18.036336816062434,0.11789122681421738,0.18376729985067586,0.13127024949139016,0.9831715226173401,5.600292031574121,1.0,0.233203125,nan,160,10240,20480,320,20480,20480,2621440,3932160.0,0,74752,98048,0,0.2663284999944153,6288,,,,
cta-exact-hybrid,NCT-d16-balanced-gmm-i0,balanced-gmm,16,0,broad,0.016,192,18.036336816062434,0.03382030016554971,0.09792139804535757,0.10046443680664949,0.9865391850471497,8.003398232642764,1.0,0.10722656250000001,nan,160,10240,20480,320,20480,30720,7864320,17694720.0,10485760,222208,0,0,0.5108828000011272,6288,0.25,0.25,2.914625000126221,0.2832528542727232
cta-kll-hybrid,NCT-d16-balanced-gmm-i0,balanced-gmm,16,0,broad,0.016,192,18.036336816062434,0.033665165800062624,0.0976368405042793,0.09971003395277812,0.9875756502151489,8.0097405753879,1.0,0.10527343750000001,nan,160,10240,20480,320,20480,30720,7864320,17694720.0,10485760,222208,294144,0,0.5252202999981819,6288,0.25,0.25,2.9207755323701683,0.28425648510456086
paper-neural,NCT-d16-balanced-gmm-i1,balanced-gmm,16,1,concentrated,0.016,192,20.51483408906382,0.07419559137743015,0.13508367442300284,0.18793551544017023,0.9509663581848145,3.760222689945598,1.0,0.1521484375,nan,320,20480,20480,320,20480,20480,0,0.0,2621440,0,0,0,0.3740596000061487,6288,,,,
minibatch-sw,NCT-d16-balanced-gmm-i1,balanced-gmm,16,1,concentrated,0.016,192,20.51483408906382,0.14079488325187128,0.19401065834924772,0.1984385526764528,1.0025755167007446,5.136458109133173,1.0,0.1369140625,nan,320,20480,20480,320,20480,20480,2621440,15728640.0,0,0,0,0,0.5573128000032739,6288,,,,
kll-small-rsr,NCT-d16-balanced-gmm-i1,balanced-gmm,16,1,concentrated,0.016,192,20.51483408906382,0.12741782782270938,0.17759348023922633,0.1781756591906136,1.0107909440994263,3.9188304061661827,1.0,0.1853515625,nan,160,10240,20480,320,20480,20480,2621440,3932160.0,0,74752,98048,0,0.2760659999985364,6288,,,,
cta-exact-hybrid,NCT-d16-balanced-gmm-i1,balanced-gmm,16,1,concentrated,0.016,192,20.51483408906382,0.05153512978348296,0.10981205577419222,0.13654485743893974,0.98187255859375,5.367851164182158,1.0,0.11601562500000001,nan,160,10240,20480,320,20480,30720,7864320,17694720.0,10485760,222208,0,0,0.6067449000038323,6288,0.25,0.25,5.384503986805807,0.3371031582355499
cta-kll-hybrid,NCT-d16-balanced-gmm-i1,balanced-gmm,16,1,concentrated,0.016,192,20.51483408906382,0.051186634259014596,0.1094935672604253,0.13580155268257865,0.9827158451080322,5.346084121597327,1.0,0.11113281250000001,nan,160,10240,20480,320,20480,30720,7864320,17694720.0,10485760,222208,294144,0,0.551033700001426,6288,0.25,0.25,5.39356965503863,0.338334783911705
paper-neural,NCT-d16-balanced-gmm-i1,balanced-gmm,16,1,broad,0.016,192,20.51483408906382,0.04342248701943774,0.10396241036142433,0.1467574526561108,0.9527298808097839,4.069594388258686,1.0,0.09843750000000001,nan,320,20480,20480,320,20480,20480,0,0.0,2621440,0,0,0,0.3646401000005426,6288,,,,
minibatch-sw,NCT-d16-balanced-gmm-i1,balanced-gmm,16,1,broad,0.016,192,20.51483408906382,0.15823481775379733,0.20323364504039199,0.21041962050797494,0.929368793964386,5.141223831311707,1.0,0.176953125,nan,320,20480,20480,320,20480,20480,2621440,15728640.0,0,0,0,0,0.5561751999994158,6288,,,,
kll-small-rsr,NCT-d16-balanced-gmm-i1,balanced-gmm,16,1,broad,0.016,192,20.51483408906382,0.12928001634781516,0.17838393790668222,0.19073116912536023,0.97890704870224,4.957077433073725,1.0,0.18046875,nan,160,10240,20480,320,20480,20480,2621440,3932160.0,0,74752,98048,0,0.2572243000031449,6288,,,,
cta-exact-hybrid,NCT-d16-balanced-gmm-i1,balanced-gmm,16,1,broad,0.016,192,20.51483408906382,0.05162551710157359,0.11422886065197375,0.1435925262500766,0.9896434545516968,5.675854755576658,1.0,0.09687499999999999,nan,160,10240,20480,320,20480,30720,7864320,17694720.0,10485760,222208,0,0,0.5676837999999407,6288,0.25,0.25,2.343675761100664,0.3087060980498791
cta-kll-hybrid,NCT-d16-balanced-gmm-i1,balanced-gmm,16,1,broad,0.016,192,20.51483408906382,0.051398364407909014,0.11422488254552965,0.143141349559595,0.9903152585029602,5.6723010282326465,1.0,0.09785156249999999,nan,160,10240,20480,320,20480,30720,7864320,17694720.0,10485760,222208,294144,0,0.5647182000029716,6288,0.25,0.25,2.3504070323643282,0.309892263263464
paper-neural,NCT-d16-balanced-gmm-i2,balanced-gmm,16,2,concentrated,0.016,192,20.15834662756542,0.07072164724991126,0.13464308306581751,0.18492936172072108,0.9206784963607788,5.062095066189871,1.0,0.138671875,nan,320,20480,20480,320,20480,20480,0,0.0,2621440,0,0,0,0.373833999998169,6288,,,,
minibatch-sw,NCT-d16-balanced-gmm-i2,balanced-gmm,16,2,concentrated,0.016,192,20.15834662756542,0.20185481982835007,0.2420906484742271,0.17952340456840815,0.9928771257400513,4.4643329628741,1.0,0.2470703125,nan,320,20480,20480,320,20480,20480,2621440,15728640.0,0,0,0,0,0.5592599999945378,6288,,,,
kll-small-rsr,NCT-d16-balanced-gmm-i2,balanced-gmm,16,2,concentrated,0.016,192,20.15834662756542,0.17498555699383722,0.2097399350745272,0.1497334193202064,0.9949645400047302,4.330419075248336,1.0,0.37109375,nan,160,10240,20480,320,20480,20480,2621440,3932160.0,0,74752,98048,0,0.2676472000021022,6288,,,,
cta-exact-hybrid,NCT-d16-balanced-gmm-i2,balanced-gmm,16,2,concentrated,0.016,192,20.15834662756542,0.06969803226068372,0.14426748071112477,0.14486269825139456,0.9904823899269104,7.566592667426067,1.0,0.09602864583333331,nan,160,10240,20480,320,20480,30720,7864320,17694720.0,10485760,222208,0,0,0.5239691000024322,6288,0.25,0.25,8.993522519350925,0.31318011656403544
cta-kll-hybrid,NCT-d16-balanced-gmm-i2,balanced-gmm,16,2,concentrated,0.016,192,20.15834662756542,0.06977040411532265,0.14425838642087224,0.14529219983653852,0.9916548132896423,7.562437170649738,1.0,0.09765625,nan,160,10240,20480,320,20480,30720,7864320,17694720.0,10485760,222208,294144,0,0.5873486999989836,6288,0.25,0.25,9.006332285475802,0.3139321833848953
paper-neural,NCT-d16-balanced-gmm-i2,balanced-gmm,16,2,broad,0.016,192,20.15834662756542,0.09984675084425909,0.16434780615742703,0.21550868559168565,1.0079768896102905,4.545704296515784,1.0,0.22623697916666669,nan,320,20480,20480,320,20480,20480,0,0.0,2621440,0,0,0,0.3476395000034245,6288,,,,
minibatch-sw,NCT-d16-balanced-gmm-i2,balanced-gmm,16,2,broad,0.016,192,20.15834662756542,0.1859670965066833,0.21991758540196032,0.18623630685602735,0.952885091304779,5.36629181979791,0.8333333333333334,0.33463541666666674,nan,320,20480,20480,320,20480,20480,2621440,15728640.0,0,0,0,0,0.5939423999952851,6288,,,,
kll-small-rsr,NCT-d16-balanced-gmm-i2,balanced-gmm,16,2,broad,0.016,192,20.15834662756542,0.1522638156901266,0.21166289732622517,0.18112510103503218,0.9628613591194153,5.352151279068541,0.8333333333333334,0.3219401041666667,nan,160,10240,20480,320,20480,20480,2621440,3932160.0,0,74752,98048,0,0.29431669999758014,6288,,,,
cta-exact-hybrid,NCT-d16-balanced-gmm-i2,balanced-gmm,16,2,broad,0.016,192,20.15834662756542,0.06382194327101054,0.1371446541243484,0.1356831581645161,0.9873702526092529,7.551404949026386,1.0,0.0927734375,nan,160,10240,20480,320,20480,30720,7864320,17694720.0,10485760,222208,0,0,0.5920423999996274,6288,0.25,0.25,2.9910441661846376,0.29180327206850054
cta-kll-hybrid,NCT-d16-balanced-gmm-i2,balanced-gmm,16,2,broad,0.016,192,20.15834662756542,0.06374747794933988,0.13721626796637323,0.13594871986703436,0.9891062378883362,7.549386121071523,1.0,0.095703125,nan,160,10240,20480,320,20480,30720,7864320,17694720.0,10485760,222208,294144,0,0.5816076999981306,6288,0.25,0.25,2.9966720305439876,0.292641781270504
paper-neural,NCT-d16-balanced-gmm-i3,balanced-gmm,16,3,concentrated,0.016,192,18.96097308916634,0.04664794200727229,0.11119616960871555,0.14816013381406193,0.9299445152282715,4.467849998900083,1.0,0.06035156250000001,nan,320,20480,20480,320,20480,20480,0,0.0,2621440,0,0,0,0.3832148000001325,6288,,,,
minibatch-sw,NCT-d16-balanced-gmm-i3,balanced-gmm,16,3,concentrated,0.016,192,18.96097308916634,0.19379035272095457,0.2331438007847948,0.21518757899706445,0.947868824005127,4.2425370953987755,0.8,0.3103515625,nan,320,20480,20480,320,20480,20480,2621440,15728640.0,0,0,0,0,0.5362700000041514,6288,,,,
kll-small-rsr,NCT-d16-balanced-gmm-i3,balanced-gmm,16,3,concentrated,0.016,192,18.96097308916634,0.15390231637108265,0.20216321881648236,0.18397192467647464,0.9866983890533447,4.298620035579497,1.0,0.10527343750000001,nan,160,10240,20480,320,20480,20480,2621440,3932160.0,0,74752,98048,0,0.2533538999996381,6288,,,,
cta-exact-hybrid,NCT-d16-balanced-gmm-i3,balanced-gmm,16,3,concentrated,0.016,192,18.96097308916634,0.062274787434157375,0.12886486480144213,0.1737683488367005,0.9837629795074463,5.922244235851575,1.0,0.07539062499999999,nan,160,10240,20480,320,20480,30720,7864320,17694720.0,10485760,222208,0,0,0.6045068000021274,6288,0.25,0.25,5.089840172237623,0.3557263374328613
cta-kll-hybrid,NCT-d16-balanced-gmm-i3,balanced-gmm,16,3,concentrated,0.016,192,18.96097308916634,0.06234755421275118,0.12902222595900836,0.17369237072401683,0.9848854541778564,5.934584798986128,1.0,0.07539062499999999,nan,160,10240,20480,320,20480,30720,7864320,17694720.0,10485760,222208,294144,0,0.5794645999994827,6288,0.25,0.25,5.098291569228875,0.35661746114492415
paper-neural,NCT-d16-balanced-gmm-i3,balanced-gmm,16,3,broad,0.016,192,18.96097308916634,0.03414492336838926,0.0933930721833756,0.13581589019290188,0.967581570148468,4.269439728284953,1.0,0.08535156250000003,nan,320,20480,20480,320,20480,20480,0,0.0,2621440,0,0,0,0.37404919999971753,6288,,,,
minibatch-sw,NCT-d16-balanced-gmm-i3,balanced-gmm,16,3,broad,0.016,192,18.96097308916634,0.13501301359100815,0.19177859144302387,0.2243948965138728,0.9652984142303467,5.1563240194425255,1.0,0.158984375,nan,320,20480,20480,320,20480,20480,2621440,15728640.0,0,0,0,0,0.5644137000053888,6288,,,,
kll-small-rsr,NCT-d16-balanced-gmm-i3,balanced-gmm,16,3,broad,0.016,192,18.96097308916634,0.14725974730230895,0.19404619873396356,0.22036818077837386,0.8985636234283447,4.520366698210844,0.8,0.2423828125,nan,160,10240,20480,320,20480,20480,2621440,3932160.0,0,74752,98048,0,0.2922589999943739,6288,,,,
cta-exact-hybrid,NCT-d16-balanced-gmm-i3,balanced-gmm,16,3,broad,0.016,192,18.96097308916634,0.061255237633572435,0.12989761071188638,0.16938016396532915,0.9800412654876709,6.20148434303815,1.0,0.10917968750000001,nan,160,10240,20480,320,20480,30720,7864320,17694720.0,10485760,222208,0,0,0.6037956000000122,6288,0.25,0.25,2.113807398190695,0.3199387788772583
cta-kll-hybrid,NCT-d16-balanced-gmm-i3,balanced-gmm,16,3,broad,0.016,192,18.96097308916634,0.061466752883676534,0.1303329853714616,0.16921873996478518,0.9819195866584778,6.2390737004117165,1.0,0.11308593750000001,nan,160,10240,20480,320,20480,30720,7864320,17694720.0,10485760,222208,294144,0,0.5491391999967163,6288,0.25,0.25,2.118127018051092,0.32070856019854543
paper-neural,NCT-d16-rare-gmm-i0,rare-gmm,16,0,concentrated,0.016,192,18.644710886498906,0.0695641543491563,0.1405737739016622,0.19561384795066733,0.9067729711532593,5.368172809598697,1.0,0.11445312500000002,0.057226562499999994,320,20480,20480,320,20480,20480,0,0.0,2621440,0,0,0,0.3449232999992091,6288,,,,
minibatch-sw,NCT-d16-rare-gmm-i0,rare-gmm,16,0,concentrated,0.016,192,18.644710886498906,0.10220900649827147,0.16534966921905084,0.1629676008966804,0.9537243843078613,5.658205792241039,1.0,0.07695312499999998,0.038476562500000006,320,20480,20480,320,20480,20480,2621440,15728640.0,0,0,0,0,0.5456046999970567,6288,,,,
kll-small-rsr,NCT-d16-rare-gmm-i0,rare-gmm,16,0,concentrated,0.016,192,18.644710886498906,0.1354536222821059,0.1946463320772692,0.177710485610585,0.9784200191497803,4.447493839164167,1.0,0.09160156249999998,0.045800781250000006,160,10240,20480,320,20480,20480,2621440,3932160.0,0,74752,98048,0,0.2631455000009737,6288,,,,
cta-exact-hybrid,NCT-d16-rare-gmm-i0,rare-gmm,16,0,concentrated,0.016,192,18.644710886498906,0.04383634779886858,0.11244198083339173,0.13745983950245783,0.9885343909263611,8.444710867999639,1.0,0.03925781250000002,0.019628906249999994,160,10240,20480,320,20480,30720,7864320,17694720.0,10485760,222208,0,0,0.5736486000023433,6288,0.25,0.25,4.367172804277184,0.3237010888755322
cta-kll-hybrid,NCT-d16-rare-gmm-i0,rare-gmm,16,0,concentrated,0.016,192,18.644710886498906,0.0441516421298056,0.11247699498598854,0.13833898363261418,0.9900975227355957,8.524974371182578,1.0,0.028515625000000017,0.014257812499999994,160,10240,20480,320,20480,30720,7864320,17694720.0,10485760,222208,294144,0,0.5801000999999815,6288,0.25,0.25,4.37493386476468,0.3253871865570545
paper-neural,NCT-d16-rare-gmm-i0,rare-gmm,16,0,broad,0.016,192,18.644710886498906,0.059135924842810716,0.1345003010059533,0.18663420544455991,0.9185685515403748,4.981899863400484,1.0,0.11250000000000002,0.056249999999999994,320,20480,20480,320,20480,20480,0,0.0,2621440,0,0,0,0.3653342999969027,6288,,,,
minibatch-sw,NCT-d16-rare-gmm-i0,rare-gmm,16,0,broad,0.016,192,18.644710886498906,0.10294943086174424,0.17610845994467159,0.18502144409009447,0.9082578420639038,6.696841106091988,1.0,0.06425781249999998,0.032128906250000006,320,20480,20480,320,20480,20480,2621440,15728640.0,0,0,0,0,0.5686582999987877,6288,,,,
kll-small-rsr,NCT-d16-rare-gmm-i0,rare-gmm,16,0,broad,0.016,192,18.644710886498906,0.09608878857020553,0.16491032506912925,0.16670040133006528,0.977001428604126,6.008536702039495,1.0,0.06718749999999998,0.033593750000000006,160,10240,20480,320,20480,20480,2621440,3932160.0,0,74752,98048,0,0.26305479999427916,6288,,,,
cta-exact-hybrid,NCT-d16-rare-gmm-i0,rare-gmm,16,0,broad,0.016,192,18.644710886498906,0.0313511870972798,0.0945747838727329,0.12698724385550506,0.9961205124855042,8.31218779392278,1.0,0.04316406250000002,0.021582031249999994,160,10240,20480,320,20480,30720,7864320,17694720.0,10485760,222208,0,0,0.5499133999983314,6288,0.25,0.25,2.854867163695075,0.30451681315898893
cta-kll-hybrid,NCT-d16-rare-gmm-i0,rare-gmm,16,0,broad,0.016,192,18.644710886498906,0.031514471751914463,0.09553935036665467,0.1273947194705692,0.9981531500816345,8.286669876540502,1.0,0.04218750000000002,0.021093749999999994,160,10240,20480,320,20480,30720,7864320,17694720.0,10485760,222208,294144,0,0.517046399996616,6288,0.25,0.25,2.8639590960700434,0.3058534748852253
paper-neural,NCT-d16-rare-gmm-i1,rare-gmm,16,1,concentrated,0.016,192,21.60439646580753,0.09288953510588449,0.16336624802473798,0.25362759851674443,0.8084117770195007,10.762935381580123,0.5,0.04000000000000002,0.02,320,20480,20480,320,20480,20480,0,0.0,2621440,0,0,0,0.35845700000209035,6288,,,,
minibatch-sw,NCT-d16-rare-gmm-i1,rare-gmm,16,1,concentrated,0.016,192,21.60439646580753,0.07960361293726415,0.1526496114817682,0.14653378101886932,0.9476858973503113,6.801270798843305,0.5,0.04000000000000002,0.02,320,20480,20480,320,20480,20480,2621440,15728640.0,0,0,0,0,0.5464528000011342,6288,,,,
kll-small-rsr,NCT-d16-rare-gmm-i1,rare-gmm,16,1,concentrated,0.016,192,21.60439646580753,0.10452711062759334,0.15905388520965483,0.1339463340291423,0.9875231385231018,5.3097908578376956,0.5,0.04000000000000002,0.02,160,10240,20480,320,20480,20480,2621440,3932160.0,0,74752,98048,0,0.2838521000012406,6288,,,,
cta-exact-hybrid,NCT-d16-rare-gmm-i1,rare-gmm,16,1,concentrated,0.016,192,21.60439646580753,0.034796094653998466,0.09766629643531517,0.11439502282972859,0.989910900592804,10.592699457754854,0.5,0.03414062500000002,0.0170703125,160,10240,20480,320,20480,30720,7864320,17694720.0,10485760,222208,0,0,0.5848647000020719,6288,0.25,0.25,7.09823215417862,0.3023953478783369
cta-kll-hybrid,NCT-d16-rare-gmm-i1,rare-gmm,16,1,concentrated,0.016,192,21.60439646580753,0.03479686786714353,0.09777409554322829,0.11414079176519042,0.9900450706481934,10.566209773749629,0.5,0.030234375000000018,0.0151171875,160,10240,20480,320,20480,30720,7864320,17694720.0,10485760,222208,294144,0,0.591984800004866,6288,0.25,0.25,7.106647688946289,0.30338134430348873
paper-neural,NCT-d16-rare-gmm-i1,rare-gmm,16,1,broad,0.016,192,21.60439646580753,0.06676949777357422,0.13866563992039851,0.2099731834538726,0.8329333662986755,11.115760834535077,0.5,0.04000000000000002,0.02,320,20480,20480,320,20480,20480,0,0.0,2621440,0,0,0,0.37753629999497207,6288,,,,
minibatch-sw,NCT-d16-rare-gmm-i1,rare-gmm,16,1,broad,0.016,192,21.60439646580753,0.07865895506967391,0.14881387317578101,0.12818491648236094,0.974820077419281,6.168376994218833,0.5,0.04000000000000002,0.02,320,20480,20480,320,20480,20480,2621440,15728640.0,0,0,0,0,0.5342472999982419,6288,,,,
kll-small-rsr,NCT-d16-rare-gmm-i1,rare-gmm,16,1,broad,0.016,192,21.60439646580753,0.09462508766113586,0.1717752657902773,0.13513963675679755,1.0032050609588623,5.382612795039902,1.0,0.05472656249999998,0.02736328125,160,10240,20480,320,20480,20480,2621440,3932160.0,0,74752,98048,0,0.25497940000059316,6288,,,,
cta-exact-hybrid,NCT-d16-rare-gmm-i1,rare-gmm,16,1,broad,0.016,192,21.60439646580753,0.021134947851411567,0.07693881240268063,0.1039928245288671,0.9884489178657532,13.14968371249234,0.5,0.03707031250000002,0.01853515625,160,10240,20480,320,20480,30720,7864320,17694720.0,10485760,222208,0,0,0.5631571999983862,6288,0.25,0.25,3.7002866564081756,0.2850984036922455
cta-kll-hybrid,NCT-d16-rare-gmm-i1,rare-gmm,16,1,broad,0.016,192,21.60439646580753,0.0207299061038011,0.07578537681357317,0.10298156590628875,0.9891136884689331,13.166488535462744,0.5,0.03707031250000002,0.01853515625,160,10240,20480,320,20480,30720,7864320,17694720.0,10485760,222208,294144,0,0.5563887999960571,6288,0.25,0.25,3.7173692190497136,0.28717813938856124
paper-neural,NCT-d16-rare-gmm-i2,rare-gmm,16,2,concentrated,0.016,192,22.953810473470863,0.05788705609660738,0.13376435928049274,0.23793363590038796,0.8358507752418518,11.535838921272298,0.5,0.04000000000000002,0.02,320,20480,20480,320,20480,20480,0,0.0,2621440,0,0,0,0.364034600002924,6288,,,,
minibatch-sw,NCT-d16-rare-gmm-i2,rare-gmm,16,2,concentrated,0.016,192,22.953810473470863,0.08174286337146874,0.1357583993651624,0.1617478689727681,1.0030937194824219,6.196039644928333,0.5,0.03902343750000002,0.01951171875,320,20480,20480,320,20480,20480,2621440,15728640.0,0,0,0,0,0.5613793000011356,6288,,,,
kll-small-rsr,NCT-d16-rare-gmm-i2,rare-gmm,16,2,concentrated,0.016,192,22.953810473470863,0.09110363762864004,0.16920525531648553,0.16887483806283413,0.9554756283760071,5.676739541344144,0.5,0.04000000000000002,0.02,160,10240,20480,320,20480,20480,2621440,3932160.0,0,74752,98048,0,0.2806412999998429,6288,,,,
cta-exact-hybrid,NCT-d16-rare-gmm-i2,rare-gmm,16,2,concentrated,0.016,192,22.953810473470863,0.02553285597693744,0.08846212923732283,0.1429123837690119,0.9771417379379272,11.780445203205916,0.5,0.04000000000000002,0.02,160,10240,20480,320,20480,30720,7864320,17694720.0,10485760,222208,0,0,0.5783087000017986,6288,0.25,0.25,6.747336967114597,0.3065373256802559
cta-kll-hybrid,NCT-d16-rare-gmm-i2,rare-gmm,16,2,concentrated,0.016,192,22.953810473470863,0.02620057354394767,0.09089354670159439,0.14313840777094386,0.9803417325019836,11.749552166870085,0.5,0.04000000000000002,0.02,160,10240,20480,320,20480,30720,7864320,17694720.0,10485760,222208,294144,0,0.5139426000023377,6288,0.25,0.25,6.760249101247153,0.3080445364117622
paper-neural,NCT-d16-rare-gmm-i2,rare-gmm,16,2,broad,0.016,192,22.953810473470863,0.09142787458236334,0.16712635089523736,0.2741275748362845,0.7862815856933594,10.851957890722577,0.5,0.04000000000000002,0.02,320,20480,20480,320,20480,20480,0,0.0,2621440,0,0,0,0.34393229999841424,6288,,,,
minibatch-sw,NCT-d16-rare-gmm-i2,rare-gmm,16,2,broad,0.016,192,22.953810473470863,0.08371926453891554,0.15967562312343778,0.1736524390222773,1.038830280303955,6.144300818979034,0.5,0.03414062500000002,0.0170703125,320,20480,20480,320,20480,20480,2621440,15728640.0,0,0,0,0,0.5409954999995534,6288,,,,
kll-small-rsr,NCT-d16-rare-gmm-i2,rare-gmm,16,2,broad,0.016,192,22.953810473470863,0.09378213542846936,0.16279208484278082,0.17759462614591956,0.9557783603668213,4.984663393088514,0.5,0.024375000000000018,0.0121875,160,10240,20480,320,20480,20480,2621440,3932160.0,0,74752,98048,0,0.25345580000430346,6288,,,,
cta-exact-hybrid,NCT-d16-rare-gmm-i2,rare-gmm,16,2,broad,0.016,192,22.953810473470863,0.02478373811255352,0.08596768987668815,0.14298902563847657,0.9866777062416077,11.859990644371983,0.5,0.03707031250000002,0.01853515625,160,10240,20480,320,20480,30720,7864320,17694720.0,10485760,222208,0,0,0.5690268999969703,6288,0.25,0.25,3.639928033056934,0.27042226344347
cta-kll-hybrid,NCT-d16-rare-gmm-i2,rare-gmm,16,2,broad,0.016,192,22.953810473470863,0.025011737160395953,0.08679852362180429,0.1425187102902506,0.9895228743553162,11.83044976516893,0.5,0.03804687500000002,0.0190234375,160,10240,20480,320,20480,30720,7864320,17694720.0,10485760,222208,294144,0,0.5464617000034195,6288,0.25,0.25,3.6549098886405837,0.27288071662187574
paper-neural,NCT-d16-rare-gmm-i3,rare-gmm,16,3,concentrated,0.016,192,18.060580114670085,0.05925499532536893,0.1295733450899428,0.1985882124491813,0.9238661527633667,5.648411259388503,1.0,0.0007812499999999833,0.00039062500000000555,320,20480,20480,320,20480,20480,0,0.0,2621440,0,0,0,0.356987899998785,6288,,,,
minibatch-sw,NCT-d16-rare-gmm-i3,rare-gmm,16,3,concentrated,0.016,192,18.060580114670085,0.07925751083945531,0.15850437328972397,0.17979615196717166,0.9680562615394592,5.671426727291171,1.0,0.016406249999999983,0.008203125000000006,320,20480,20480,320,20480,20480,2621440,15728640.0,0,0,0,0,0.5981959999990067,6288,,,,
kll-small-rsr,NCT-d16-rare-gmm-i3,rare-gmm,16,3,concentrated,0.016,192,18.060580114670085,0.08356492471109522,0.16040109247705286,0.16555759137828394,0.9760730862617493,5.484948248259286,1.0,0.021679687500000017,0.010839843749999994,160,10240,20480,320,20480,20480,2621440,3932160.0,0,74752,98048,0,0.2812169999961043,6288,,,,
cta-exact-hybrid,NCT-d16-rare-gmm-i3,rare-gmm,16,3,concentrated,0.016,192,18.060580114670085,0.02980491201550084,0.09236521943734617,0.1201605179118359,0.9874747395515442,7.798833401318772,1.0,0.05683593750000002,0.028417968749999994,160,10240,20480,320,20480,30720,7864320,17694720.0,10485760,222208,0,0,0.5284748999984004,6288,0.25,0.25,4.234957226020418,0.3358582228422165
cta-kll-hybrid,NCT-d16-rare-gmm-i3,rare-gmm,16,3,concentrated,0.016,192,18.060580114670085,0.030577113627450636,0.09375208064187998,0.12387413947309754,0.9866187572479248,7.908246769856716,1.0,0.04609375000000002,0.023046874999999994,160,10240,20480,320,20480,30720,7864320,17694720.0,10485760,222208,294144,0,0.5059970000002068,6288,0.25,0.25,4.247201779600617,0.33676524832844734
paper-neural,NCT-d16-rare-gmm-i3,rare-gmm,16,3,broad,0.016,192,18.060580114670085,0.09408320463774356,0.16746495918283377,0.27324954451861694,0.8078165054321289,8.099798549524346,0.5,0.12480468749999998,0.062402343750000006,320,20480,20480,320,20480,20480,0,0.0,2621440,0,0,0,0.34706240000377875,6288,,,,
minibatch-sw,NCT-d16-rare-gmm-i3,rare-gmm,16,3,broad,0.016,192,18.060580114670085,0.09217827311146909,0.15749461735125495,0.18479883429074961,0.9818557500839233,6.440400524724862,0.5,0.11699218749999998,0.058496093750000006,320,20480,20480,320,20480,20480,2621440,15728640.0,0,0,0,0,0.514456999997492,6288,,,,
kll-small-rsr,NCT-d16-rare-gmm-i3,rare-gmm,16,3,broad,0.016,192,18.060580114670085,0.08514778388740485,0.17379201775513875,0.17544982219364322,1.0171928405761719,4.439740424287153,1.0,0.10664062500000002,0.053320312499999994,160,10240,20480,320,20480,20480,2621440,3932160.0,0,74752,98048,0,0.26422610000008717,6288,,,,
cta-exact-hybrid,NCT-d16-rare-gmm-i3,rare-gmm,16,3,broad,0.016,192,18.060580114670085,0.029128558436226193,0.09889404652928595,0.12424596284413642,1.0220516920089722,6.211679748749656,1.0,0.12519531250000002,0.06259765625,160,10240,20480,320,20480,30720,7864320,17694720.0,10485760,222208,0,0,0.5702815000040573,6288,0.25,0.25,2.6674708660214153,0.3039645321667194
cta-kll-hybrid,NCT-d16-rare-gmm-i3,rare-gmm,16,3,broad,0.016,192,18.060580114670085,0.028508634835724855,0.09845909464088788,0.12237672021318487,1.0202467441558838,6.339998978760723,1.0,0.12226562500000002,0.061132812499999994,160,10240,20480,320,20480,30720,7864320,17694720.0,10485760,222208,294144,0,0.5606314000033308,6288,0.25,0.25,2.678371932985505,0.30508858487010004
paper-neural,NCT-d16-correlated-t-i0,correlated-t,16,0,concentrated,0.016,176,24.62386550446642,0.07070553883713337,0.14978078784543022,0.2227682316267485,0.8030489087104797,7.229056906929796,nan,nan,nan,320,20480,20480,320,20480,20480,0,0.0,2621440,0,0,0,0.3675615000029211,6288,,,,
minibatch-sw,NCT-d16-correlated-t-i0,correlated-t,16,0,concentrated,0.016,176,24.62386550446642,0.07638783546104477,0.14644174187947998,0.1545670401069888,0.9111634492874146,6.51531296245929,nan,nan,nan,320,20480,20480,320,20480,20480,2621440,15728640.0,0,0,0,0,0.5287844999984372,6288,,,,
kll-small-rsr,NCT-d16-correlated-t-i0,correlated-t,16,0,concentrated,0.016,176,24.62386550446642,0.08807966131927358,0.16512459131977053,0.13053895777098892,1.0092576742172241,6.226913526380128,nan,nan,nan,160,10240,20480,320,20480,20480,2621440,3932160.0,0,74752,98048,0,0.25418050000007497,6288,,,,
cta-exact-hybrid,NCT-d16-correlated-t-i0,correlated-t,16,0,concentrated,0.016,176,24.62386550446642,0.02655860584027181,0.08964567837235828,0.10402451427298182,0.9789481163024902,9.617829192839826,nan,nan,nan,160,10240,20480,320,20480,30720,7208960,16220160.0,10485760,203776,0,0,0.497391199998674,6288,0.25,0.25,11.975206524589128,0.29274664968252184
cta-kll-hybrid,NCT-d16-correlated-t-i0,correlated-t,16,0,concentrated,0.016,176,24.62386550446642,0.026392866058360553,0.08877453650569221,0.10247451716689092,0.9813783168792725,9.61817921015476,nan,nan,nan,160,10240,20480,320,20480,30720,7208960,16220160.0,10485760,203776,269632,0,0.4961380999957328,6288,0.25,0.25,12.055819970060089,0.29938139766454697
paper-neural,NCT-d16-correlated-t-i0,correlated-t,16,0,broad,0.016,176,24.62386550446642,0.09855996368682263,0.1820255930417619,0.27667777385551007,0.756033182144165,8.37510851774227,nan,nan,nan,320,20480,20480,320,20480,20480,0,0.0,2621440,0,0,0,0.34272280000004685,6288,,,,
minibatch-sw,NCT-d16-correlated-t-i0,correlated-t,16,0,broad,0.016,176,24.62386550446642,0.06723474194417811,0.12674346236039638,0.13968482798034176,0.9569618105888367,5.814258821419212,nan,nan,nan,320,20480,20480,320,20480,20480,2621440,15728640.0,0,0,0,0,0.5400316000013845,6288,,,,
kll-small-rsr,NCT-d16-correlated-t-i0,correlated-t,16,0,broad,0.016,176,24.62386550446642,0.08448825006613525,0.1675124193902475,0.12437701920837335,0.9954895973205566,6.241663112613805,nan,nan,nan,160,10240,20480,320,20480,20480,2621440,3932160.0,0,74752,98048,0,0.28243340000335593,6288,,,,
cta-exact-hybrid,NCT-d16-correlated-t-i0,correlated-t,16,0,broad,0.016,176,24.62386550446642,0.01779408076994926,0.07030860387862431,0.10019746063401783,0.9812350869178772,10.8045551163677,nan,nan,nan,160,10240,20480,320,20480,30720,7208960,16220160.0,10485760,203776,0,0,0.5553175000022748,6288,0.25,0.25,4.187476131643626,0.2671218913048506
cta-kll-hybrid,NCT-d16-correlated-t-i0,correlated-t,16,0,broad,0.016,176,24.62386550446642,0.01815249088278037,0.07124792250582407,0.09930970886569786,0.9842461347579956,10.704690498336618,nan,nan,nan,160,10240,20480,320,20480,30720,7208960,16220160.0,10485760,203776,269632,0,0.5450507999994443,6288,0.25,0.25,4.249656995929745,0.27391631007194517
paper-neural,NCT-d16-correlated-t-i1,correlated-t,16,1,concentrated,0.016,192,16.25826180631025,0.04465935935501175,0.11149817496149031,0.18532328970977463,0.8646495342254639,6.2300142453290075,nan,nan,nan,320,20480,20480,320,20480,20480,0,0.0,2621440,0,0,0,0.34662460000254214,6288,,,,
minibatch-sw,NCT-d16-correlated-t-i1,correlated-t,16,1,concentrated,0.016,192,16.25826180631025,0.07033583819923894,0.1371730088260313,0.16011085849937914,0.9174522757530212,5.883542832074741,nan,nan,nan,320,20480,20480,320,20480,20480,2621440,15728640.0,0,0,0,0,0.529979099999764,6288,,,,
kll-small-rsr,NCT-d16-correlated-t-i1,correlated-t,16,1,concentrated,0.016,192,16.25826180631025,0.09147540350703753,0.16739877797618888,0.10231029659231136,1.0065301656723022,5.572377666850278,nan,nan,nan,160,10240,20480,320,20480,20480,2621440,3932160.0,0,74752,98048,0,0.26520390000223415,6288,,,,
cta-exact-hybrid,NCT-d16-correlated-t-i1,correlated-t,16,1,concentrated,0.016,192,16.25826180631025,0.02195966309605968,0.08344090129065163,0.10852049821814769,0.9946685433387756,8.50774180821573,nan,nan,nan,160,10240,20480,320,20480,30720,7864320,17694720.0,10485760,222208,0,0,0.5344562000027508,6288,0.25,0.25,8.26109859891761,0.31616583913564683
cta-kll-hybrid,NCT-d16-correlated-t-i1,correlated-t,16,1,concentrated,0.016,192,16.25826180631025,0.022872576509343823,0.0845300177888229,0.11037786113785138,1.0002970695495605,8.274235105381695,nan,nan,nan,160,10240,20480,320,20480,30720,7864320,17694720.0,10485760,222208,294144,0,0.5561606000046595,6288,0.25,0.25,8.314593534175668,0.3211689658463001
paper-neural,NCT-d16-correlated-t-i1,correlated-t,16,1,broad,0.016,192,16.25826180631025,0.06664867065973024,0.14633113896156438,0.21842421326794081,0.8155291676521301,5.960013366011184,nan,nan,nan,320,20480,20480,320,20480,20480,0,0.0,2621440,0,0,0,0.36521340000035707,6288,,,,
minibatch-sw,NCT-d16-correlated-t-i1,correlated-t,16,1,broad,0.016,192,16.25826180631025,0.07511145873464375,0.14788375991526562,0.13465035159002625,0.9736114144325256,6.29481834319139,nan,nan,nan,320,20480,20480,320,20480,20480,2621440,15728640.0,0,0,0,0,0.5652814000059152,6288,,,,
kll-small-rsr,NCT-d16-correlated-t-i1,correlated-t,16,1,broad,0.016,192,16.25826180631025,0.0822932121555775,0.15379925167606714,0.13877958489792142,0.9721992611885071,6.453324878315761,nan,nan,nan,160,10240,20480,320,20480,20480,2621440,3932160.0,0,74752,98048,0,0.2758853000050294,6288,,,,
cta-exact-hybrid,NCT-d16-correlated-t-i1,correlated-t,16,1,broad,0.016,192,16.25826180631025,0.0270908346133778,0.0906614475866393,0.10915376221451559,0.9992815256118774,8.445094679355575,nan,nan,nan,160,10240,20480,320,20480,30720,7864320,17694720.0,10485760,222208,0,0,0.5476173000060953,6288,0.25,0.25,3.2770045909975623,0.27638451643288137
cta-kll-hybrid,NCT-d16-correlated-t-i1,correlated-t,16,1,broad,0.016,192,16.25826180631025,0.02726508213373169,0.09082039580032125,0.10951131932315744,1.002527117729187,8.391036609293192,nan,nan,nan,160,10240,20480,320,20480,30720,7864320,17694720.0,10485760,222208,294144,0,0.5567482000042219,6288,0.25,0.25,3.326366767383276,0.2821298733353615
paper-neural,NCT-d16-correlated-t-i2,correlated-t,16,2,concentrated,0.016,176,23.595431871896515,0.05591973975416664,0.13125385382509508,0.22990177795179098,0.7866609692573547,7.625047431677684,nan,nan,nan,320,20480,20480,320,20480,20480,0,0.0,2621440,0,0,0,0.356614799995441,6288,,,,
minibatch-sw,NCT-d16-correlated-t-i2,correlated-t,16,2,concentrated,0.016,176,23.595431871896515,0.07267753085464967,0.1447242393010397,0.13668272874524867,0.9506146311759949,5.4613216802361295,nan,nan,nan,320,20480,20480,320,20480,20480,2621440,15728640.0,0,0,0,0,0.5491853000057745,6288,,,,
kll-small-rsr,NCT-d16-correlated-t-i2,correlated-t,16,2,concentrated,0.016,176,23.595431871896515,0.06879802750977682,0.1375545042168519,0.1254405089724215,0.9643445611000061,5.671876044807832,nan,nan,nan,160,10240,20480,320,20480,20480,2621440,3932160.0,0,74752,98048,0,0.2788165999954799,6288,,,,
cta-exact-hybrid,NCT-d16-correlated-t-i2,correlated-t,16,2,concentrated,0.016,176,23.595431871896515,0.024922291684079667,0.07985330049024537,0.11506992787448546,0.9761407971382141,8.622955930021241,nan,nan,nan,160,10240,20480,320,20480,30720,7208960,16220160.0,10485760,203776,0,0,0.5801349000030314,6288,0.25,0.25,9.996365230707749,0.31593379750847816
cta-kll-hybrid,NCT-d16-correlated-t-i2,correlated-t,16,2,concentrated,0.016,176,23.595431871896515,0.025649098803219417,0.0826246124773411,0.11364406361817647,0.9878694415092468,8.496668404373558,nan,nan,nan,160,10240,20480,320,20480,30720,7208960,16220160.0,10485760,203776,269632,0,0.5694497000004048,6288,0.25,0.25,10.180291712075174,0.33329147696495054
paper-neural,NCT-d16-correlated-t-i2,correlated-t,16,2,broad,0.016,176,23.595431871896515,0.06893136153147061,0.14745216387271345,0.24995211451760158,0.7686730027198792,6.586520830202307,nan,nan,nan,320,20480,20480,320,20480,20480,0,0.0,2621440,0,0,0,0.3910513000009814,6288,,,,
minibatch-sw,NCT-d16-correlated-t-i2,correlated-t,16,2,broad,0.016,176,23.595431871896515,0.0601604573058836,0.1190953116232535,0.14450419405466863,0.944247305393219,6.978435310389063,nan,nan,nan,320,20480,20480,320,20480,20480,2621440,15728640.0,0,0,0,0,0.6275153999959002,6288,,,,
kll-small-rsr,NCT-d16-correlated-t-i2,correlated-t,16,2,broad,0.016,176,23.595431871896515,0.08298481321546625,0.14464278594108634,0.14263037432015302,0.9796087741851807,5.439187053804176,nan,nan,nan,160,10240,20480,320,20480,20480,2621440,3932160.0,0,74752,98048,0,0.2619395000001532,6288,,,,
cta-exact-hybrid,NCT-d16-correlated-t-i2,correlated-t,16,2,broad,0.016,176,23.595431871896515,0.019610879254052804,0.07378701315394286,0.11423481673184302,0.9601916670799255,9.013674998284479,nan,nan,nan,160,10240,20480,320,20480,30720,7208960,16220160.0,10485760,203776,0,0,0.5418021000004956,6288,0.25,0.25,3.785389847442653,0.2817788109183311
cta-kll-hybrid,NCT-d16-correlated-t-i2,correlated-t,16,2,broad,0.016,176,23.595431871896515,0.018765610818039846,0.0724539310736803,0.11127677755110008,0.9681482911109924,8.903768882133592,nan,nan,nan,160,10240,20480,320,20480,30720,7208960,16220160.0,10485760,203776,269632,0,0.47626750000199536,6288,0.25,0.25,3.9328270523856537,0.29845276176929475
paper-neural,NCT-d16-correlated-t-i3,correlated-t,16,3,concentrated,0.016,192,20.487919728974646,0.08975609267966433,0.16914296603781903,0.27085550377803175,0.7903525233268738,7.107254120782066,nan,nan,nan,320,20480,20480,320,20480,20480,0,0.0,2621440,0,0,0,0.3961122999971849,6288,,,,
minibatch-sw,NCT-d16-correlated-t-i3,correlated-t,16,3,concentrated,0.016,192,20.487919728974646,0.07322451916482464,0.14956101818637005,0.16049611850073348,1.0187686681747437,6.960413863638629,nan,nan,nan,320,20480,20480,320,20480,20480,2621440,15728640.0,0,0,0,0,0.6038075999967987,6288,,,,
kll-small-rsr,NCT-d16-correlated-t-i3,correlated-t,16,3,concentrated,0.016,192,20.487919728974646,0.07270864135065125,0.143214060217866,0.1345075413633504,0.9873265624046326,6.3197140767831606,nan,nan,nan,160,10240,20480,320,20480,20480,2621440,3932160.0,0,74752,98048,0,0.33579330000065966,6288,,,,
cta-exact-hybrid,NCT-d16-correlated-t-i3,correlated-t,16,3,concentrated,0.016,192,20.487919728974646,0.023662554279624715,0.08297677418332504,0.11993917273991538,0.9771395325660706,9.11571244867849,nan,nan,nan,160,10240,20480,320,20480,30720,7864320,17694720.0,10485760,222208,0,0,0.6029494999966118,6288,0.25,0.25,8.203893490899127,0.29769192039966585
cta-kll-hybrid,NCT-d16-correlated-t-i3,correlated-t,16,3,concentrated,0.016,192,20.487919728974646,0.023696816512767782,0.08310340674961714,0.11927339468838064,0.9812902808189392,9.090721093309778,nan,nan,nan,160,10240,20480,320,20480,30720,7864320,17694720.0,10485760,222208,294144,0,0.567493900001864,6288,0.25,0.25,8.262716148058908,0.3037402965128422
paper-neural,NCT-d16-correlated-t-i3,correlated-t,16,3,broad,0.016,192,20.487919728974646,0.0638473791014249,0.14237744141304304,0.24175961415357008,0.8108267188072205,7.23220408415455,nan,nan,nan,320,20480,20480,320,20480,20480,0,0.0,2621440,0,0,0,0.4008490999985952,6288,,,,
minibatch-sw,NCT-d16-correlated-t-i3,correlated-t,16,3,broad,0.016,192,20.487919728974646,0.0831413497575646,0.15798393489558027,0.15373743367590112,1.0282431840896606,6.436265857234323,nan,nan,nan,320,20480,20480,320,20480,20480,2621440,15728640.0,0,0,0,0,0.5913598999977694,6288,,,,
kll-small-rsr,NCT-d16-correlated-t-i3,correlated-t,16,3,broad,0.016,192,20.487919728974646,0.06753095045603885,0.14234532231966274,0.14438544867513953,0.9555730223655701,6.520777598261381,nan,nan,nan,160,10240,20480,320,20480,20480,2621440,3932160.0,0,74752,98048,0,0.26692149999871617,6288,,,,
cta-exact-hybrid,NCT-d16-correlated-t-i3,correlated-t,16,3,broad,0.016,192,20.487919728974646,0.019688723089341664,0.07933871742710408,0.12189390625006818,0.9716081023216248,9.87941463541902,nan,nan,nan,160,10240,20480,320,20480,30720,7864320,17694720.0,10485760,222208,0,0,0.5718376000004355,6288,0.25,0.25,3.5028960012940127,0.2693612162023783
cta-kll-hybrid,NCT-d16-correlated-t-i3,correlated-t,16,3,broad,0.016,192,20.487919728974646,0.019664697448359192,0.07933020975767788,0.12105050416515867,0.975273847579956,9.932623827467383,nan,nan,nan,160,10240,20480,320,20480,30720,7864320,17694720.0,10485760,222208,294144,0,0.5855837000053725,6288,0.25,0.25,3.5486712837081753,0.2759408883750439
paper-neural,NCT-d16-nonlinear-i0,nonlinear,16,0,concentrated,0.016,192,18.84525685605792,0.07924122578476478,0.15868933418166048,0.2571011121078186,0.7794584035873413,7.9485605027615565,nan,nan,nan,320,20480,20480,320,20480,20480,0,0.0,2621440,0,0,0,0.3705149000015808,6288,,,,
minibatch-sw,NCT-d16-nonlinear-i0,nonlinear,16,0,concentrated,0.016,192,18.84525685605792,0.06054075047047647,0.13195858106350497,0.16592894486498003,0.9295334219932556,5.755547907622446,nan,nan,nan,320,20480,20480,320,20480,20480,2621440,15728640.0,0,0,0,0,0.5708452999970177,6288,,,,
kll-small-rsr,NCT-d16-nonlinear-i0,nonlinear,16,0,concentrated,0.016,192,18.84525685605792,0.10884428472925656,0.16509627359691015,0.17085505073332688,0.9677987694740295,5.633597633947085,nan,nan,nan,160,10240,20480,320,20480,20480,2621440,3932160.0,0,74752,98048,0,0.26668400000198744,6288,,,,
cta-exact-hybrid,NCT-d16-nonlinear-i0,nonlinear,16,0,concentrated,0.016,192,18.84525685605792,0.029663042658233607,0.0867438134354871,0.12163571856986521,0.9790500998497009,9.273808946712919,nan,nan,nan,160,10240,20480,320,20480,30720,7864320,17694720.0,10485760,222208,0,0,0.581568800000241,6288,0.25,0.25,4.884860479629499,0.326625420153141
cta-kll-hybrid,NCT-d16-nonlinear-i0,nonlinear,16,0,concentrated,0.016,192,18.84525685605792,0.030542826682085078,0.08793698873358989,0.11969802219131691,0.9882780313491821,9.212752936420419,nan,nan,nan,160,10240,20480,320,20480,30720,7864320,17694720.0,10485760,222208,294144,0,0.5537744000030216,6288,0.25,0.25,4.967001490166209,0.33847402930259707
paper-neural,NCT-d16-nonlinear-i0,nonlinear,16,0,broad,0.016,192,18.84525685605792,0.08443360122972976,0.15828273296497106,0.265512248633349,0.7792118191719055,6.4616094771586035,nan,nan,nan,320,20480,20480,320,20480,20480,0,0.0,2621440,0,0,0,0.3547928999978467,6288,,,,
minibatch-sw,NCT-d16-nonlinear-i0,nonlinear,16,0,broad,0.016,192,18.84525685605792,0.07212108166041453,0.13469418754906204,0.17988902177878915,0.8958469033241272,6.32183866009905,nan,nan,nan,320,20480,20480,320,20480,20480,2621440,15728640.0,0,0,0,0,0.5686800000039511,6288,,,,
kll-small-rsr,NCT-d16-nonlinear-i0,nonlinear,16,0,broad,0.016,192,18.84525685605792,0.08179272741733712,0.15233229885144792,0.16726220392766658,0.9910961985588074,5.98284602763653,nan,nan,nan,160,10240,20480,320,20480,20480,2621440,3932160.0,0,74752,98048,0,0.2703703000006499,6288,,,,
cta-exact-hybrid,NCT-d16-nonlinear-i0,nonlinear,16,0,broad,0.016,192,18.84525685605792,0.024121345242066994,0.07915524072269695,0.11972281661283898,0.9820849299430847,9.284837046938042,nan,nan,nan,160,10240,20480,320,20480,30720,7864320,17694720.0,10485760,222208,0,0,0.5917950000002747,6288,0.25,0.25,3.063688622572431,0.2940240167081356
cta-kll-hybrid,NCT-d16-nonlinear-i0,nonlinear,16,0,broad,0.016,192,18.84525685605792,0.024329357971577537,0.07881210223339735,0.11905054343533022,0.9866148829460144,9.082334167899148,nan,nan,nan,160,10240,20480,320,20480,30720,7864320,17694720.0,10485760,222208,294144,0,0.5973720999973011,6288,0.25,0.25,3.1339831024725298,0.3057541407644749
paper-neural,NCT-d16-nonlinear-i1,nonlinear,16,1,concentrated,0.016,192,19.099965029189065,0.09998203881172252,0.1732580571788973,0.3043326291779548,0.7726818323135376,8.315770126695044,nan,nan,nan,320,20480,20480,320,20480,20480,0,0.0,2621440,0,0,0,0.3656068999989657,6288,,,,
minibatch-sw,NCT-d16-nonlinear-i1,nonlinear,16,1,concentrated,0.016,192,19.099965029189065,0.10760917897091815,0.17524511248152355,0.21425069281665024,1.0026259422302246,5.773508804550638,nan,nan,nan,320,20480,20480,320,20480,20480,2621440,15728640.0,0,0,0,0,0.5517184999989695,6288,,,,
kll-small-rsr,NCT-d16-nonlinear-i1,nonlinear,16,1,concentrated,0.016,192,19.099965029189065,0.08681108944332472,0.15220345039949382,0.18437307815966006,0.9903992414474487,5.679705984578424,nan,nan,nan,160,10240,20480,320,20480,20480,2621440,3932160.0,0,74752,98048,0,0.26828609999938635,6288,,,,
cta-exact-hybrid,NCT-d16-nonlinear-i1,nonlinear,16,1,concentrated,0.016,192,19.099965029189065,0.02202125491797524,0.08191275248811199,0.12345204336144566,0.9777198433876038,7.9247235697940726,nan,nan,nan,160,10240,20480,320,20480,30720,7864320,17694720.0,10485760,222208,0,0,0.5351502999983495,6288,0.25,0.25,3.677548981971877,0.3714477390050888
cta-kll-hybrid,NCT-d16-nonlinear-i1,nonlinear,16,1,concentrated,0.016,192,19.099965029189065,0.021970034019529905,0.082380274789228,0.12371348762016027,0.9810920357704163,7.86494539694683,nan,nan,nan,160,10240,20480,320,20480,30720,7864320,17694720.0,10485760,222208,294144,0,0.5446650000012596,6288,0.25,0.25,3.6925806947023454,0.3736934125423431
paper-neural,NCT-d16-nonlinear-i1,nonlinear,16,1,broad,0.016,192,19.099965029189065,0.08819953200188202,0.16262074210757832,0.2983967097038301,0.7657796144485474,7.9258985793668515,nan,nan,nan,320,20480,20480,320,20480,20480,0,0.0,2621440,0,0,0,0.37843599999905564,6288,,,,
minibatch-sw,NCT-d16-nonlinear-i1,nonlinear,16,1,broad,0.016,192,19.099965029189065,0.11258218261166064,0.18882967768354972,0.21591577654465344,1.0136666297912598,6.309172488031881,nan,nan,nan,320,20480,20480,320,20480,20480,2621440,15728640.0,0,0,0,0,0.549737000001187,6288,,,,
kll-small-rsr,NCT-d16-nonlinear-i1,nonlinear,16,1,broad,0.016,192,19.099965029189065,0.1191647476506077,0.18160190986748193,0.21277546568907688,0.9436060786247253,6.2053824626272,nan,nan,nan,160,10240,20480,320,20480,20480,2621440,3932160.0,0,74752,98048,0,0.27539810000598663,6288,,,,
cta-exact-hybrid,NCT-d16-nonlinear-i1,nonlinear,16,1,broad,0.016,192,19.099965029189065,0.020982114694087173,0.07826806729929658,0.11859285466079421,0.985957682132721,8.593097879959798,nan,nan,nan,160,10240,20480,320,20480,30720,7864320,17694720.0,10485760,222208,0,0,0.5656047000011313,6288,0.25,0.25,2.5894211612454265,0.332106776535511
cta-kll-hybrid,NCT-d16-nonlinear-i1,nonlinear,16,1,broad,0.016,192,19.099965029189065,0.021259815935527726,0.07978496815131994,0.11873764278652382,0.9891960024833679,8.4797510609183,nan,nan,nan,160,10240,20480,320,20480,30720,7864320,17694720.0,10485760,222208,294144,0,0.5454307000036351,6288,0.25,0.25,2.603767796999665,0.33419826030731203
paper-neural,NCT-d16-nonlinear-i2,nonlinear,16,2,concentrated,0.016,192,18.539599537726666,0.0884746769543856,0.167148147470019,0.2645372414784711,0.7776082158088684,7.977538102960414,nan,nan,nan,320,20480,20480,320,20480,20480,0,0.0,2621440,0,0,0,0.35132380000140984,6288,,,,
minibatch-sw,NCT-d16-nonlinear-i2,nonlinear,16,2,concentrated,0.016,192,18.539599537726666,0.09346909627111977,0.1686703019853626,0.18750788020787434,0.9846246242523193,6.09099060362344,nan,nan,nan,320,20480,20480,320,20480,20480,2621440,15728640.0,0,0,0,0,0.5923183999984758,6288,,,,
kll-small-rsr,NCT-d16-nonlinear-i2,nonlinear,16,2,concentrated,0.016,192,18.539599537726666,0.09300634602209001,0.17505393061864002,0.15873886075941196,0.960722804069519,5.713435088833004,nan,nan,nan,160,10240,20480,320,20480,20480,2621440,3932160.0,0,74752,98048,0,0.2872168000030797,6288,,,,
cta-exact-hybrid,NCT-d16-nonlinear-i2,nonlinear,16,2,concentrated,0.016,192,18.539599537726666,0.030327288939290042,0.09021681189495577,0.13559214105936243,0.9841771721839905,9.197737461562493,nan,nan,nan,160,10240,20480,320,20480,30720,7864320,17694720.0,10485760,222208,0,0,0.6032301999948686,6288,0.25,0.25,4.110996626025443,0.30921937227249147
cta-kll-hybrid,NCT-d16-nonlinear-i2,nonlinear,16,2,concentrated,0.016,192,18.539599537726666,0.02959513907903144,0.08899197559091249,0.13602294768959225,0.981931209564209,9.36852239368279,nan,nan,nan,160,10240,20480,320,20480,30720,7864320,17694720.0,10485760,222208,294144,0,0.5938000999958604,6288,0.25,0.25,4.099785641716636,0.3074531927704811
paper-neural,NCT-d16-nonlinear-i2,nonlinear,16,2,broad,0.016,192,18.539599537726666,0.0684777204411926,0.13916067404633622,0.24017918552165674,0.8319739103317261,7.8584632358847735,nan,nan,nan,320,20480,20480,320,20480,20480,0,0.0,2621440,0,0,0,0.4174462000009953,6288,,,,
minibatch-sw,NCT-d16-nonlinear-i2,nonlinear,16,2,broad,0.016,192,18.539599537726666,0.08303842302171205,0.15454396086950814,0.1847533501131938,0.9873197078704834,5.6971314104840465,nan,nan,nan,320,20480,20480,320,20480,20480,2621440,15728640.0,0,0,0,0,0.5912336000037612,6288,,,,
kll-small-rsr,NCT-d16-nonlinear-i2,nonlinear,16,2,broad,0.016,192,18.539599537726666,0.09765467174291764,0.18254339355575863,0.16482671043787675,0.9909038543701172,6.559913458457009,nan,nan,nan,160,10240,20480,320,20480,20480,2621440,3932160.0,0,74752,98048,0,0.28589110000029905,6288,,,,
cta-exact-hybrid,NCT-d16-nonlinear-i2,nonlinear,16,2,broad,0.016,192,18.539599537726666,0.030057649423039123,0.0900539835276632,0.13453755693936534,0.9828111529350281,10.245407496046122,nan,nan,nan,160,10240,20480,320,20480,30720,7864320,17694720.0,10485760,222208,0,0,0.6166660000017146,6288,0.25,0.25,2.579141044326394,0.2784450836479664
cta-kll-hybrid,NCT-d16-nonlinear-i2,nonlinear,16,2,broad,0.016,192,18.539599537726666,0.029867990005575606,0.08999526533434313,0.13668974666584638,0.9818592667579651,10.29109963536675,nan,nan,nan,160,10240,20480,320,20480,30720,7864320,17694720.0,10485760,222208,294144,0,0.53386650000175,6288,0.25,0.25,2.5708559434286995,0.27731656804680827
paper-neural,NCT-d16-nonlinear-i3,nonlinear,16,3,concentrated,0.016,192,18.70953822259074,0.10200985648265437,0.1771696586415687,0.3237128766705072,0.753105878829956,7.659107432976748,nan,nan,nan,320,20480,20480,320,20480,20480,0,0.0,2621440,0,0,0,0.3365851999988081,6288,,,,
minibatch-sw,NCT-d16-nonlinear-i3,nonlinear,16,3,concentrated,0.016,192,18.70953822259074,0.08624790785963476,0.15965120681584583,0.2120222052574415,0.8920638561248779,6.044860048136194,nan,nan,nan,320,20480,20480,320,20480,20480,2621440,15728640.0,0,0,0,0,0.5592302000004565,6288,,,,
kll-small-rsr,NCT-d16-nonlinear-i3,nonlinear,16,3,concentrated,0.016,192,18.70953822259074,0.08239183257088278,0.15016159614343016,0.19004523019471536,0.9573904871940613,5.182973442084886,nan,nan,nan,160,10240,20480,320,20480,20480,2621440,3932160.0,0,74752,98048,0,0.26686520000657765,6288,,,,
cta-exact-hybrid,NCT-d16-nonlinear-i3,nonlinear,16,3,concentrated,0.016,192,18.70953822259074,0.020021644693585472,0.07426906191135317,0.12867051585864522,0.9685897827148438,8.078987290826257,nan,nan,nan,160,10240,20480,320,20480,30720,7864320,17694720.0,10485760,222208,0,0,0.5748745000018971,6288,0.25,0.25,3.6162627976804615,0.3558578558266163
cta-kll-hybrid,NCT-d16-nonlinear-i3,nonlinear,16,3,concentrated,0.016,192,18.70953822259074,0.02111211304304028,0.07682854906142478,0.13104589507654366,0.9707750678062439,8.175272496972834,nan,nan,nan,160,10240,20480,320,20480,30720,7864320,17694720.0,10485760,222208,294144,0,0.5559259000001475,6288,0.25,0.25,3.601297339450789,0.3539876230061054
paper-neural,NCT-d16-nonlinear-i3,nonlinear,16,3,broad,0.016,192,18.70953822259074,0.10265306552442688,0.17711207879078292,0.32377039216746867,0.766396164894104,7.164048607111818,nan,nan,nan,320,20480,20480,320,20480,20480,0,0.0,2621440,0,0,0,0.4099925999980769,6288,,,,
minibatch-sw,NCT-d16-nonlinear-i3,nonlinear,16,3,broad,0.016,192,18.70953822259074,0.0795318633931057,0.17576502878892522,0.1970154074227441,0.9476273655891418,6.625256757385408,nan,nan,nan,320,20480,20480,320,20480,20480,2621440,15728640.0,0,0,0,0,0.6322319000028074,6288,,,,
kll-small-rsr,NCT-d16-nonlinear-i3,nonlinear,16,3,broad,0.016,192,18.70953822259074,0.08833157006781533,0.16231816040484906,0.19258238001683478,0.9845224022865295,5.418252147929657,nan,nan,nan,160,10240,20480,320,20480,20480,2621440,3932160.0,0,74752,98048,0,0.28839410000364296,6288,,,,
cta-exact-hybrid,NCT-d16-nonlinear-i3,nonlinear,16,3,broad,0.016,192,18.70953822259074,0.01970052210696238,0.0805272214357042,0.13281331439205055,0.9650543928146362,8.544888050842932,nan,nan,nan,160,10240,20480,320,20480,30720,7864320,17694720.0,10485760,222208,0,0,0.5754592000012053,6288,0.25,0.25,2.522121627963907,0.33461598083376887
cta-kll-hybrid,NCT-d16-nonlinear-i3,nonlinear,16,3,broad,0.016,192,18.70953822259074,0.02047531282728343,0.08201748826277269,0.13486712866323586,0.9662472605705261,8.658515465699093,nan,nan,nan,160,10240,20480,320,20480,30720,7864320,17694720.0,10485760,222208,294144,0,0.6132889000000432,6288,0.25,0.25,2.512348917740293,0.3334131076931953
