arm,kind,tau,target,family,init,cell,seed,budget,virtual_batch,warm_fraction,pulse_period,noise_mix,diagnostic_target_samples,diagnostic_use_large_batch,diagnostic_min_expected_count,diagnostic_gap_count,diagnostic_max_gap_ratio,planned_steps,completed_steps,wall_seconds,generator_forward_calls,generator_example_evals,unique_latent_samples,target_samples,kernel_pairs,sort_work,selector_calls,selector_kernel_pairs,selector_example_evals,tau_counts,ed2,sw1,weighted_reach,mass_l1,event_time,censored,diverged
gated-M1024-f0.70-u,gated,0.5,LBQCD-D01-unequal-min050-K8,unequal,concentrated,LBQCD-D01-unequal-min050-K8/concentrated,0,update,1024,0.7,0,0.0,4096,1,7.375,7,708.4287122053491,400,400,1.1673296999942977,4600,588800,302080,302080,3932160,5734400.0,0,0,0,"{""0.1"": 0, ""0.2"": 0, ""0.5"": 0, ""1.0"": 0, ""2.0"": 0}",0.0218105285562058,0.16060275866445214,1.0,0.0629296875,150,0,0
gated-M1024-f0.70-u,gated,0.5,LBQCD-D01-unequal-min050-K8,unequal,concentrated,LBQCD-D01-unequal-min050-K8/concentrated,1,update,1024,0.7,0,0.0,4096,1,7.0625,7,725.136797411284,400,400,1.0472978000034345,4600,588800,302080,302080,3932160,5734400.0,0,0,0,"{""0.1"": 0, ""0.2"": 0, ""0.5"": 0, ""1.0"": 0, ""2.0"": 0}",0.014881819662576845,0.14654499107730887,1.0,0.038007812500000016,50,0,0
gated-M1024-f0.70-u,gated,0.5,LBQCD-D01-unequal-min050-K8,unequal,concentrated,LBQCD-D01-unequal-min050-K8/concentrated,2,update,1024,0.7,0,0.0,4096,1,7.1875,7,725.4771086239393,400,400,1.0860524000017904,4600,588800,302080,302080,3932160,5734400.0,0,0,0,"{""0.1"": 0, ""0.2"": 0, ""0.5"": 0, ""1.0"": 0, ""2.0"": 0}",0.017326698644466898,0.16098890058623225,1.0,0.11542968749999999,100,0,0
paper-0.2,paper,0.2,LBQCD-D01-unequal-min050-K8,unequal,concentrated,LBQCD-D01-unequal-min050-K8/concentrated,0,update,0,0.0,0,0.0,0,0,nan,0,nan,400,400,0.6824388999957591,400,51200,51200,51200,13107200,0.0,0,0,0,"{""0.1"": 0, ""0.2"": 0, ""0.5"": 0, ""1.0"": 0, ""2.0"": 0}",0.012940135709264666,0.1531127094934163,1.0,0.08878906250000002,100,0,0
paper-0.2,paper,0.2,LBQCD-D01-unequal-min050-K8,unequal,concentrated,LBQCD-D01-unequal-min050-K8/concentrated,1,update,0,0.0,0,0.0,0,0,nan,0,nan,400,400,0.7542301999928895,400,51200,51200,51200,13107200,0.0,0,0,0,"{""0.1"": 0, ""0.2"": 0, ""0.5"": 0, ""1.0"": 0, ""2.0"": 0}",0.011842598470700239,0.13786795632815724,1.0,0.0640625,50,0,0
paper-0.2,paper,0.2,LBQCD-D01-unequal-min050-K8,unequal,concentrated,LBQCD-D01-unequal-min050-K8/concentrated,2,update,0,0.0,0,0.0,0,0,nan,0,nan,400,400,0.6919447999971453,400,51200,51200,51200,13107200,0.0,0,0,0,"{""0.1"": 0, ""0.2"": 0, ""0.5"": 0, ""1.0"": 0, ""2.0"": 0}",0.012944645781945985,0.1488212335115702,1.0,0.08222656250000002,50,0,0
paper-0.5,paper,0.5,LBQCD-D01-unequal-min050-K8,unequal,concentrated,LBQCD-D01-unequal-min050-K8/concentrated,0,update,0,0.0,0,0.0,0,0,nan,0,nan,400,400,0.8192043000017293,400,51200,51200,51200,13107200,0.0,0,0,0,"{""0.1"": 0, ""0.2"": 0, ""0.5"": 0, ""1.0"": 0, ""2.0"": 0}",0.02523463738585252,0.1626057771680749,1.0,0.09031250000000002,100,0,0
paper-0.5,paper,0.5,LBQCD-D01-unequal-min050-K8,unequal,concentrated,LBQCD-D01-unequal-min050-K8/concentrated,1,update,0,0.0,0,0.0,0,0,nan,0,nan,400,400,0.9002867000090191,400,51200,51200,51200,13107200,0.0,0,0,0,"{""0.1"": 0, ""0.2"": 0, ""0.5"": 0, ""1.0"": 0, ""2.0"": 0}",0.012419901776399733,0.15026235473697477,1.0,0.07343749999999996,100,0,0
paper-0.5,paper,0.5,LBQCD-D01-unequal-min050-K8,unequal,concentrated,LBQCD-D01-unequal-min050-K8/concentrated,2,update,0,0.0,0,0.0,0,0,nan,0,nan,400,400,0.7022428999916883,400,51200,51200,51200,13107200,0.0,0,0,0,"{""0.1"": 0, ""0.2"": 0, ""0.5"": 0, ""1.0"": 0, ""2.0"": 0}",0.014935281546164747,0.16313985421656405,1.0,0.13574218750000003,100,0,0
paper-1,paper,1.0,LBQCD-D01-unequal-min050-K8,unequal,concentrated,LBQCD-D01-unequal-min050-K8/concentrated,0,update,0,0.0,0,0.0,0,0,nan,0,nan,400,400,0.6490801999898395,400,51200,51200,51200,13107200,0.0,0,0,0,"{""0.1"": 0, ""0.2"": 0, ""0.5"": 0, ""1.0"": 0, ""2.0"": 0}",0.02874689712312062,0.1686927389108414,1.0,0.11062500000000003,200,0,0
paper-1,paper,1.0,LBQCD-D01-unequal-min050-K8,unequal,concentrated,LBQCD-D01-unequal-min050-K8/concentrated,1,update,0,0.0,0,0.0,0,0,nan,0,nan,400,400,0.78070370000205,400,51200,51200,51200,13107200,0.0,0,0,0,"{""0.1"": 0, ""0.2"": 0, ""0.5"": 0, ""1.0"": 0, ""2.0"": 0}",0.011924113595340735,0.15292779967905556,1.0,0.06972656249999998,150,0,0
paper-1,paper,1.0,LBQCD-D01-unequal-min050-K8,unequal,concentrated,LBQCD-D01-unequal-min050-K8/concentrated,2,update,0,0.0,0,0.0,0,0,nan,0,nan,400,400,0.8713463000021875,400,51200,51200,51200,13107200,0.0,0,0,0,"{""0.1"": 0, ""0.2"": 0, ""0.5"": 0, ""1.0"": 0, ""2.0"": 0}",0.019381341095712212,0.16972012736377304,1.0,0.17136718750000002,350,0,0
paper-2,paper,2.0,LBQCD-D01-unequal-min050-K8,unequal,concentrated,LBQCD-D01-unequal-min050-K8/concentrated,0,update,0,0.0,0,0.0,0,0,nan,0,nan,400,400,0.6782939000113402,400,51200,51200,51200,13107200,0.0,0,0,0,"{""0.1"": 0, ""0.2"": 0, ""0.5"": 0, ""1.0"": 0, ""2.0"": 0}",0.03372044430221521,0.1829799235288247,0.86,0.1677734375,400,1,0
paper-2,paper,2.0,LBQCD-D01-unequal-min050-K8,unequal,concentrated,LBQCD-D01-unequal-min050-K8/concentrated,1,update,0,0.0,0,0.0,0,0,nan,0,nan,400,400,0.6574568999931216,400,51200,51200,51200,13107200,0.0,0,0,0,"{""0.1"": 0, ""0.2"": 0, ""0.5"": 0, ""1.0"": 0, ""2.0"": 0}",0.01733915690849286,0.18151827360754322,0.86,0.173515625,400,1,0
paper-2,paper,2.0,LBQCD-D01-unequal-min050-K8,unequal,concentrated,LBQCD-D01-unequal-min050-K8/concentrated,2,update,0,0.0,0,0.0,0,0,nan,0,nan,400,400,0.48413329999311827,400,51200,51200,51200,13107200,0.0,0,0,0,"{""0.1"": 0, ""0.2"": 0, ""0.5"": 0, ""1.0"": 0, ""2.0"": 0}",0.028980088516761038,0.19559950859384642,1.0,0.21894531250000004,400,0,0
paper-4,paper,4.0,LBQCD-D01-unequal-min050-K8,unequal,concentrated,LBQCD-D01-unequal-min050-K8/concentrated,0,update,0,0.0,0,0.0,0,0,nan,0,nan,400,400,0.7331362000113586,400,51200,51200,51200,13107200,0.0,0,0,0,"{""0.1"": 0, ""0.2"": 0, ""0.5"": 0, ""1.0"": 0, ""2.0"": 0}",0.03498222939072537,0.19194486981395595,0.86,0.2665234375,400,1,0
paper-4,paper,4.0,LBQCD-D01-unequal-min050-K8,unequal,concentrated,LBQCD-D01-unequal-min050-K8/concentrated,1,update,0,0.0,0,0.0,0,0,nan,0,nan,400,400,0.5104681000084383,400,51200,51200,51200,13107200,0.0,0,0,0,"{""0.1"": 0, ""0.2"": 0, ""0.5"": 0, ""1.0"": 0, ""2.0"": 0}",0.02417857160259551,0.20848349064140625,0.86,0.392890625,400,1,0
paper-4,paper,4.0,LBQCD-D01-unequal-min050-K8,unequal,concentrated,LBQCD-D01-unequal-min050-K8/concentrated,2,update,0,0.0,0,0.0,0,0,nan,0,nan,400,400,0.8219367999990936,400,51200,51200,51200,13107200,0.0,0,0,0,"{""0.1"": 0, ""0.2"": 0, ""0.5"": 0, ""1.0"": 0, ""2.0"": 0}",0.03467430286013995,0.22478367367910124,1.0,0.27199218750000004,400,0,0
qld-v1,qld,0.5,LBQCD-D01-unequal-min050-K8,unequal,concentrated,LBQCD-D01-unequal-min050-K8/concentrated,0,update,0,0.7,0,0.0,0,0,nan,0,nan,400,400,0.2572368999972241,400,51200,51200,51200,3932160,501760.0,0,0,0,"{""0.1"": 0, ""0.2"": 0, ""0.5"": 0, ""1.0"": 0, ""2.0"": 0}",0.02083966037519369,0.15952076006799348,1.0,0.11777343750000002,100,0,0
qld-v1,qld,0.5,LBQCD-D01-unequal-min050-K8,unequal,concentrated,LBQCD-D01-unequal-min050-K8/concentrated,1,update,0,0.7,0,0.0,0,0,nan,0,nan,400,400,0.3082044000038877,400,51200,51200,51200,3932160,501760.0,0,0,0,"{""0.1"": 0, ""0.2"": 0, ""0.5"": 0, ""1.0"": 0, ""2.0"": 0}",0.013503729310657242,0.1514362225211519,1.0,0.129453125,100,0,0
qld-v1,qld,0.5,LBQCD-D01-unequal-min050-K8,unequal,concentrated,LBQCD-D01-unequal-min050-K8/concentrated,2,update,0,0.7,0,0.0,0,0,nan,0,nan,400,400,0.3834352999983821,400,51200,51200,51200,3932160,501760.0,0,0,0,"{""0.1"": 0, ""0.2"": 0, ""0.5"": 0, ""1.0"": 0, ""2.0"": 0}",0.020931325057341077,0.16660808419136308,1.0,0.14777343750000002,100,0,0
rsr-M1024-f0.70-u,rsr,0.5,LBQCD-D01-unequal-min050-K8,unequal,concentrated,LBQCD-D01-unequal-min050-K8/concentrated,0,update,1024,0.7,0,0.0,0,0,nan,0,nan,400,400,1.0757760000124108,4600,588800,302080,302080,3932160,5734400.0,0,0,0,"{""0.1"": 0, ""0.2"": 0, ""0.5"": 0, ""1.0"": 0, ""2.0"": 0}",0.0218105285562058,0.16060275866445214,1.0,0.0629296875,150,0,0
rsr-M1024-f0.70-u,rsr,0.5,LBQCD-D01-unequal-min050-K8,unequal,concentrated,LBQCD-D01-unequal-min050-K8/concentrated,1,update,1024,0.7,0,0.0,0,0,nan,0,nan,400,400,1.0846959999907995,4600,588800,302080,302080,3932160,5734400.0,0,0,0,"{""0.1"": 0, ""0.2"": 0, ""0.5"": 0, ""1.0"": 0, ""2.0"": 0}",0.014881819662576845,0.14654499107730887,1.0,0.038007812500000016,50,0,0
rsr-M1024-f0.70-u,rsr,0.5,LBQCD-D01-unequal-min050-K8,unequal,concentrated,LBQCD-D01-unequal-min050-K8/concentrated,2,update,1024,0.7,0,0.0,0,0,nan,0,nan,400,400,1.0291298999945866,4600,588800,302080,302080,3932160,5734400.0,0,0,0,"{""0.1"": 0, ""0.2"": 0, ""0.5"": 0, ""1.0"": 0, ""2.0"": 0}",0.017326698644466898,0.16098890058623225,1.0,0.11542968749999999,100,0,0
gated-M1024-f0.70-u,gated,0.5,LBQCD-D01-unequal-min050-K8,unequal,missing,LBQCD-D01-unequal-min050-K8/missing,0,update,1024,0.7,0,0.0,4096,1,6.75,7,767.000180206984,400,400,1.110776799992891,4600,588800,302080,302080,3932160,5734400.0,0,0,0,"{""0.1"": 0, ""0.2"": 0, ""0.5"": 0, ""1.0"": 0, ""2.0"": 0}",0.019289889363687474,0.14624785604924515,1.0,0.07796875,100,0,0
gated-M1024-f0.70-u,gated,0.5,LBQCD-D01-unequal-min050-K8,unequal,missing,LBQCD-D01-unequal-min050-K8/missing,1,update,1024,0.7,0,0.0,4096,1,6.4375,7,732.8272919956668,400,400,1.1204816999961622,4600,588800,302080,302080,3932160,5734400.0,0,0,0,"{""0.1"": 0, ""0.2"": 0, ""0.5"": 0, ""1.0"": 0, ""2.0"": 0}",0.018409100831193292,0.14632152440243784,1.0,0.06507812499999999,100,0,0
gated-M1024-f0.70-u,gated,0.5,LBQCD-D01-unequal-min050-K8,unequal,missing,LBQCD-D01-unequal-min050-K8/missing,2,update,1024,0.7,0,0.0,4096,1,7.25,7,770.0177627705104,400,400,1.1030470999976387,4600,588800,302080,302080,3932160,5734400.0,0,0,0,"{""0.1"": 0, ""0.2"": 0, ""0.5"": 0, ""1.0"": 0, ""2.0"": 0}",0.012626465364279804,0.15203465030352062,1.0,0.09769531249999999,100,0,0
paper-0.2,paper,0.2,LBQCD-D01-unequal-min050-K8,unequal,missing,LBQCD-D01-unequal-min050-K8/missing,0,update,0,0.0,0,0.0,0,0,nan,0,nan,400,400,0.7847951000003377,400,51200,51200,51200,13107200,0.0,0,0,0,"{""0.1"": 0, ""0.2"": 0, ""0.5"": 0, ""1.0"": 0, ""2.0"": 0}",0.0213053085394046,0.14993552908655305,1.0,0.0909375,100,0,0
paper-0.2,paper,0.2,LBQCD-D01-unequal-min050-K8,unequal,missing,LBQCD-D01-unequal-min050-K8/missing,1,update,0,0.0,0,0.0,0,0,nan,0,nan,400,400,0.6611054000095464,400,51200,51200,51200,13107200,0.0,0,0,0,"{""0.1"": 0, ""0.2"": 0, ""0.5"": 0, ""1.0"": 0, ""2.0"": 0}",0.02161325667545766,0.16689334267170228,1.0,0.0867578125,100,0,0
paper-0.2,paper,0.2,LBQCD-D01-unequal-min050-K8,unequal,missing,LBQCD-D01-unequal-min050-K8/missing,2,update,0,0.0,0,0.0,0,0,nan,0,nan,400,400,0.694481700003962,400,51200,51200,51200,13107200,0.0,0,0,0,"{""0.1"": 0, ""0.2"": 0, ""0.5"": 0, ""1.0"": 0, ""2.0"": 0}",0.015347944644719336,0.16918358912683618,1.0,0.0760546875,100,0,0
paper-0.5,paper,0.5,LBQCD-D01-unequal-min050-K8,unequal,missing,LBQCD-D01-unequal-min050-K8/missing,0,update,0,0.0,0,0.0,0,0,nan,0,nan,400,400,0.8389975000027334,400,51200,51200,51200,13107200,0.0,0,0,0,"{""0.1"": 0, ""0.2"": 0, ""0.5"": 0, ""1.0"": 0, ""2.0"": 0}",0.021286563840472006,0.159203623451508,1.0,0.06890625,100,0,0
paper-0.5,paper,0.5,LBQCD-D01-unequal-min050-K8,unequal,missing,LBQCD-D01-unequal-min050-K8/missing,1,update,0,0.0,0,0.0,0,0,nan,0,nan,400,400,0.68913669999165,400,51200,51200,51200,13107200,0.0,0,0,0,"{""0.1"": 0, ""0.2"": 0, ""0.5"": 0, ""1.0"": 0, ""2.0"": 0}",0.021510582012495227,0.15442500836626158,1.0,0.104609375,100,0,0
paper-0.5,paper,0.5,LBQCD-D01-unequal-min050-K8,unequal,missing,LBQCD-D01-unequal-min050-K8/missing,2,update,0,0.0,0,0.0,0,0,nan,0,nan,400,400,0.7646717000025092,400,51200,51200,51200,13107200,0.0,0,0,0,"{""0.1"": 0, ""0.2"": 0, ""0.5"": 0, ""1.0"": 0, ""2.0"": 0}",0.015018158678531845,0.14125246507316874,1.0,0.06085937499999999,100,0,0
paper-1,paper,1.0,LBQCD-D01-unequal-min050-K8,unequal,missing,LBQCD-D01-unequal-min050-K8/missing,0,update,0,0.0,0,0.0,0,0,nan,0,nan,400,400,0.7564427000033902,400,51200,51200,51200,13107200,0.0,0,0,0,"{""0.1"": 0, ""0.2"": 0, ""0.5"": 0, ""1.0"": 0, ""2.0"": 0}",0.02362799290929729,0.15594146941865486,1.0,0.11976562499999999,150,0,0
paper-1,paper,1.0,LBQCD-D01-unequal-min050-K8,unequal,missing,LBQCD-D01-unequal-min050-K8/missing,1,update,0,0.0,0,0.0,0,0,nan,0,nan,400,400,0.6677017000038177,400,51200,51200,51200,13107200,0.0,0,0,0,"{""0.1"": 0, ""0.2"": 0, ""0.5"": 0, ""1.0"": 0, ""2.0"": 0}",0.022591253062664407,0.1634037120107165,1.0,0.108984375,100,0,0
paper-1,paper,1.0,LBQCD-D01-unequal-min050-K8,unequal,missing,LBQCD-D01-unequal-min050-K8/missing,2,update,0,0.0,0,0.0,0,0,nan,0,nan,400,400,0.6222911999939242,400,51200,51200,51200,13107200,0.0,0,0,0,"{""0.1"": 0, ""0.2"": 0, ""0.5"": 0, ""1.0"": 0, ""2.0"": 0}",0.013929365592762588,0.1509437279036196,1.0,0.101875,100,0,0
paper-2,paper,2.0,LBQCD-D01-unequal-min050-K8,unequal,missing,LBQCD-D01-unequal-min050-K8/missing,0,update,0,0.0,0,0.0,0,0,nan,0,nan,400,400,0.6200247999950079,400,51200,51200,51200,13107200,0.0,0,0,0,"{""0.1"": 0, ""0.2"": 0, ""0.5"": 0, ""1.0"": 0, ""2.0"": 0}",0.02809043372425113,0.17383900795393642,1.0,0.17515624999999999,150,0,0
paper-2,paper,2.0,LBQCD-D01-unequal-min050-K8,unequal,missing,LBQCD-D01-unequal-min050-K8/missing,1,update,0,0.0,0,0.0,0,0,nan,0,nan,400,400,0.7092612999986159,400,51200,51200,51200,13107200,0.0,0,0,0,"{""0.1"": 0, ""0.2"": 0, ""0.5"": 0, ""1.0"": 0, ""2.0"": 0}",0.025036642272212806,0.17470132825288462,1.0,0.15765625,150,0,0
paper-2,paper,2.0,LBQCD-D01-unequal-min050-K8,unequal,missing,LBQCD-D01-unequal-min050-K8/missing,2,update,0,0.0,0,0.0,0,0,nan,0,nan,400,400,0.6580202999903122,400,51200,51200,51200,13107200,0.0,0,0,0,"{""0.1"": 0, ""0.2"": 0, ""0.5"": 0, ""1.0"": 0, ""2.0"": 0}",0.018894039818777353,0.18159712266850545,1.0,0.14191406250000002,100,0,0
paper-4,paper,4.0,LBQCD-D01-unequal-min050-K8,unequal,missing,LBQCD-D01-unequal-min050-K8/missing,0,update,0,0.0,0,0.0,0,0,nan,0,nan,400,400,0.7700305000034859,400,51200,51200,51200,13107200,0.0,0,0,0,"{""0.1"": 0, ""0.2"": 0, ""0.5"": 0, ""1.0"": 0, ""2.0"": 0}",0.07531297180913898,0.3580063806415123,0.91,0.501484375,300,0,0
paper-4,paper,4.0,LBQCD-D01-unequal-min050-K8,unequal,missing,LBQCD-D01-unequal-min050-K8/missing,1,update,0,0.0,0,0.0,0,0,nan,0,nan,400,400,0.8275349999894388,400,51200,51200,51200,13107200,0.0,0,0,0,"{""0.1"": 0, ""0.2"": 0, ""0.5"": 0, ""1.0"": 0, ""2.0"": 0}",0.05526832315328334,0.2883658175485353,0.91,0.39675781250000003,250,0,0
paper-4,paper,4.0,LBQCD-D01-unequal-min050-K8,unequal,missing,LBQCD-D01-unequal-min050-K8/missing,2,update,0,0.0,0,0.0,0,0,nan,0,nan,400,400,0.6528498000116087,400,51200,51200,51200,13107200,0.0,0,0,0,"{""0.1"": 0, ""0.2"": 0, ""0.5"": 0, ""1.0"": 0, ""2.0"": 0}",0.04657996088173477,0.28513529384299097,0.91,0.40066406250000003,150,0,0
qld-v1,qld,0.5,LBQCD-D01-unequal-min050-K8,unequal,missing,LBQCD-D01-unequal-min050-K8/missing,0,update,0,0.7,0,0.0,0,0,nan,0,nan,400,400,0.3760072000004584,400,51200,51200,51200,3932160,501760.0,0,0,0,"{""0.1"": 0, ""0.2"": 0, ""0.5"": 0, ""1.0"": 0, ""2.0"": 0}",0.024983469263369917,0.1516477509745107,1.0,0.084296875,100,0,0
qld-v1,qld,0.5,LBQCD-D01-unequal-min050-K8,unequal,missing,LBQCD-D01-unequal-min050-K8/missing,1,update,0,0.7,0,0.0,0,0,nan,0,nan,400,400,0.3251351000071736,400,51200,51200,51200,3932160,501760.0,0,0,0,"{""0.1"": 0, ""0.2"": 0, ""0.5"": 0, ""1.0"": 0, ""2.0"": 0}",0.022571213554384517,0.15369640608985854,1.0,0.09046874999999999,100,0,0
qld-v1,qld,0.5,LBQCD-D01-unequal-min050-K8,unequal,missing,LBQCD-D01-unequal-min050-K8/missing,2,update,0,0.7,0,0.0,0,0,nan,0,nan,400,400,0.3123269000061555,400,51200,51200,51200,3932160,501760.0,0,0,0,"{""0.1"": 0, ""0.2"": 0, ""0.5"": 0, ""1.0"": 0, ""2.0"": 0}",0.01775071534374395,0.17100047522228454,1.0,0.08890624999999999,100,0,0
rsr-M1024-f0.70-u,rsr,0.5,LBQCD-D01-unequal-min050-K8,unequal,missing,LBQCD-D01-unequal-min050-K8/missing,0,update,1024,0.7,0,0.0,0,0,nan,0,nan,400,400,1.1063036999985343,4600,588800,302080,302080,3932160,5734400.0,0,0,0,"{""0.1"": 0, ""0.2"": 0, ""0.5"": 0, ""1.0"": 0, ""2.0"": 0}",0.019289889363687474,0.14624785604924515,1.0,0.07796875,100,0,0
rsr-M1024-f0.70-u,rsr,0.5,LBQCD-D01-unequal-min050-K8,unequal,missing,LBQCD-D01-unequal-min050-K8/missing,1,update,1024,0.7,0,0.0,0,0,nan,0,nan,400,400,1.096888800006127,4600,588800,302080,302080,3932160,5734400.0,0,0,0,"{""0.1"": 0, ""0.2"": 0, ""0.5"": 0, ""1.0"": 0, ""2.0"": 0}",0.018409100831193292,0.14632152440243784,1.0,0.06507812499999999,100,0,0
rsr-M1024-f0.70-u,rsr,0.5,LBQCD-D01-unequal-min050-K8,unequal,missing,LBQCD-D01-unequal-min050-K8/missing,2,update,1024,0.7,0,0.0,0,0,nan,0,nan,400,400,1.2504302000015741,4600,588800,302080,302080,3932160,5734400.0,0,0,0,"{""0.1"": 0, ""0.2"": 0, ""0.5"": 0, ""1.0"": 0, ""2.0"": 0}",0.012626465364279804,0.15203465030352062,1.0,0.09769531249999999,100,0,0
gated-M1024-f0.70-u,gated,0.5,LBQCD-D02-unequal-min030-K10,unequal,concentrated,LBQCD-D02-unequal-min030-K10/concentrated,0,update,1024,0.7,0,0.0,4096,1,4.1875,9,592.2135401121122,400,400,1.083342999991146,4600,588800,302080,302080,3932160,5734400.0,0,0,0,"{""0.1"": 0, ""0.2"": 0, ""0.5"": 0, ""1.0"": 0, ""2.0"": 0}",0.007932020876773471,0.10906809931006388,1.0,0.0642578125,50,0,0
gated-M1024-f0.70-u,gated,0.5,LBQCD-D02-unequal-min030-K10,unequal,concentrated,LBQCD-D02-unequal-min030-K10/concentrated,1,update,1024,0.7,0,0.0,4096,1,4.6875,9,601.4953974936664,400,400,1.0992606000072556,4600,588800,302080,302080,3932160,5734400.0,0,0,0,"{""0.1"": 0, ""0.2"": 0, ""0.5"": 0, ""1.0"": 0, ""2.0"": 0}",0.008705134521828084,0.11369708386850116,1.0,0.089765625,50,0,0
gated-M1024-f0.70-u,gated,0.5,LBQCD-D02-unequal-min030-K10,unequal,concentrated,LBQCD-D02-unequal-min030-K10/concentrated,2,update,1024,0.7,0,0.0,4096,1,3.375,9,653.4581190730954,400,400,1.1675611999962712,4600,588800,302080,302080,3932160,5734400.0,0,0,0,"{""0.1"": 0, ""0.2"": 0, ""0.5"": 0, ""1.0"": 0, ""2.0"": 0}",0.0087144735328466,0.12425530710864403,1.0,0.07042968749999999,50,0,0
paper-0.2,paper,0.2,LBQCD-D02-unequal-min030-K10,unequal,concentrated,LBQCD-D02-unequal-min030-K10/concentrated,0,update,0,0.0,0,0.0,0,0,nan,0,nan,400,400,0.7951275999948848,400,51200,51200,51200,13107200,0.0,0,0,0,"{""0.1"": 0, ""0.2"": 0, ""0.5"": 0, ""1.0"": 0, ""2.0"": 0}",0.00698254228486217,0.10761615133457396,1.0,0.08265625,50,0,0
paper-0.2,paper,0.2,LBQCD-D02-unequal-min030-K10,unequal,concentrated,LBQCD-D02-unequal-min030-K10/concentrated,1,update,0,0.0,0,0.0,0,0,nan,0,nan,400,400,0.43060809999587946,400,51200,51200,51200,13107200,0.0,0,0,0,"{""0.1"": 0, ""0.2"": 0, ""0.5"": 0, ""1.0"": 0, ""2.0"": 0}",0.01144912618826166,0.13290996543752454,1.0,0.10882812499999998,50,0,0
paper-0.2,paper,0.2,LBQCD-D02-unequal-min030-K10,unequal,concentrated,LBQCD-D02-unequal-min030-K10/concentrated,2,update,0,0.0,0,0.0,0,0,nan,0,nan,400,400,0.69500859999971,400,51200,51200,51200,13107200,0.0,0,0,0,"{""0.1"": 0, ""0.2"": 0, ""0.5"": 0, ""1.0"": 0, ""2.0"": 0}",0.008853221410830114,0.12559584292212192,1.0,0.06218749999999999,50,0,0
paper-0.5,paper,0.5,LBQCD-D02-unequal-min030-K10,unequal,concentrated,LBQCD-D02-unequal-min030-K10/concentrated,0,update,0,0.0,0,0.0,0,0,nan,0,nan,400,400,0.5506448999949498,400,51200,51200,51200,13107200,0.0,0,0,0,"{""0.1"": 0, ""0.2"": 0, ""0.5"": 0, ""1.0"": 0, ""2.0"": 0}",0.007998268918559592,0.10781681849376823,1.0,0.04347656249999997,50,0,0
paper-0.5,paper,0.5,LBQCD-D02-unequal-min030-K10,unequal,concentrated,LBQCD-D02-unequal-min030-K10/concentrated,1,update,0,0.0,0,0.0,0,0,nan,0,nan,400,400,0.796222899996792,400,51200,51200,51200,13107200,0.0,0,0,0,"{""0.1"": 0, ""0.2"": 0, ""0.5"": 0, ""1.0"": 0, ""2.0"": 0}",0.010567867330815828,0.12210743787341764,1.0,0.10195312500000002,50,0,0
paper-0.5,paper,0.5,LBQCD-D02-unequal-min030-K10,unequal,concentrated,LBQCD-D02-unequal-min030-K10/concentrated,2,update,0,0.0,0,0.0,0,0,nan,0,nan,400,400,0.6070529999997234,400,51200,51200,51200,13107200,0.0,0,0,0,"{""0.1"": 0, ""0.2"": 0, ""0.5"": 0, ""1.0"": 0, ""2.0"": 0}",0.016844486656792057,0.11268970288132,1.0,0.08820312499999998,50,0,0
paper-1,paper,1.0,LBQCD-D02-unequal-min030-K10,unequal,concentrated,LBQCD-D02-unequal-min030-K10/concentrated,0,update,0,0.0,0,0.0,0,0,nan,0,nan,400,400,0.5781921000016155,400,51200,51200,51200,13107200,0.0,0,0,0,"{""0.1"": 0, ""0.2"": 0, ""0.5"": 0, ""1.0"": 0, ""2.0"": 0}",0.00743920805668008,0.11406343117920904,1.0,0.08296874999999997,50,0,0
paper-1,paper,1.0,LBQCD-D02-unequal-min030-K10,unequal,concentrated,LBQCD-D02-unequal-min030-K10/concentrated,1,update,0,0.0,0,0.0,0,0,nan,0,nan,400,400,0.5060245000058785,400,51200,51200,51200,13107200,0.0,0,0,0,"{""0.1"": 0, ""0.2"": 0, ""0.5"": 0, ""1.0"": 0, ""2.0"": 0}",0.010979280992880813,0.11956423559386645,1.0,0.12453125000000002,100,0,0
paper-1,paper,1.0,LBQCD-D02-unequal-min030-K10,unequal,concentrated,LBQCD-D02-unequal-min030-K10/concentrated,2,update,0,0.0,0,0.0,0,0,nan,0,nan,400,400,0.7904438999976264,400,51200,51200,51200,13107200,0.0,0,0,0,"{""0.1"": 0, ""0.2"": 0, ""0.5"": 0, ""1.0"": 0, ""2.0"": 0}",0.01756811056599883,0.11846998700921918,1.0,0.12503906250000002,100,0,0
paper-2,paper,2.0,LBQCD-D02-unequal-min030-K10,unequal,concentrated,LBQCD-D02-unequal-min030-K10/concentrated,0,update,0,0.0,0,0.0,0,0,nan,0,nan,400,400,0.6446137000020826,400,51200,51200,51200,13107200,0.0,0,0,0,"{""0.1"": 0, ""0.2"": 0, ""0.5"": 0, ""1.0"": 0, ""2.0"": 0}",0.007025280815362578,0.12988704084690753,1.0,0.10710937499999999,50,0,0
paper-2,paper,2.0,LBQCD-D02-unequal-min030-K10,unequal,concentrated,LBQCD-D02-unequal-min030-K10/concentrated,1,update,0,0.0,0,0.0,0,0,nan,0,nan,400,400,0.4874469000060344,400,51200,51200,51200,13107200,0.0,0,0,0,"{""0.1"": 0, ""0.2"": 0, ""0.5"": 0, ""1.0"": 0, ""2.0"": 0}",0.011169664225774145,0.126130324242551,0.97,0.12160156250000002,50,0,0
paper-2,paper,2.0,LBQCD-D02-unequal-min030-K10,unequal,concentrated,LBQCD-D02-unequal-min030-K10/concentrated,2,update,0,0.0,0,0.0,0,0,nan,0,nan,400,400,0.5598969999991823,400,51200,51200,51200,13107200,0.0,0,0,0,"{""0.1"": 0, ""0.2"": 0, ""0.5"": 0, ""1.0"": 0, ""2.0"": 0}",0.018112859012638705,0.1277547683140828,0.97,0.0994140625,50,0,0
paper-4,paper,4.0,LBQCD-D02-unequal-min030-K10,unequal,concentrated,LBQCD-D02-unequal-min030-K10/concentrated,0,update,0,0.0,0,0.0,0,0,nan,0,nan,400,400,0.6705318000022089,400,51200,51200,51200,13107200,0.0,0,0,0,"{""0.1"": 0, ""0.2"": 0, ""0.5"": 0, ""1.0"": 0, ""2.0"": 0}",0.008043682912437067,0.15732646191108496,1.0,0.1543359375,50,0,0
paper-4,paper,4.0,LBQCD-D02-unequal-min030-K10,unequal,concentrated,LBQCD-D02-unequal-min030-K10/concentrated,1,update,0,0.0,0,0.0,0,0,nan,0,nan,400,400,0.5215970999997808,400,51200,51200,51200,13107200,0.0,0,0,0,"{""0.1"": 0, ""0.2"": 0, ""0.5"": 0, ""1.0"": 0, ""2.0"": 0}",0.01174274175812573,0.13980954878396823,0.97,0.1621484375,50,0,0
paper-4,paper,4.0,LBQCD-D02-unequal-min030-K10,unequal,concentrated,LBQCD-D02-unequal-min030-K10/concentrated,2,update,0,0.0,0,0.0,0,0,nan,0,nan,400,400,0.5845070000068517,400,51200,51200,51200,13107200,0.0,0,0,0,"{""0.1"": 0, ""0.2"": 0, ""0.5"": 0, ""1.0"": 0, ""2.0"": 0}",0.020592399448833953,0.13554456471599838,0.97,0.12292968749999998,50,0,0
qld-v1,qld,0.5,LBQCD-D02-unequal-min030-K10,unequal,concentrated,LBQCD-D02-unequal-min030-K10/concentrated,0,update,0,0.7,0,0.0,0,0,nan,0,nan,400,400,0.3665453000139678,400,51200,51200,51200,3932160,501760.0,0,0,0,"{""0.1"": 0, ""0.2"": 0, ""0.5"": 0, ""1.0"": 0, ""2.0"": 0}",0.007452535516831782,0.11449290649954702,1.0,0.090078125,50,0,0
qld-v1,qld,0.5,LBQCD-D02-unequal-min030-K10,unequal,concentrated,LBQCD-D02-unequal-min030-K10/concentrated,1,update,0,0.7,0,0.0,0,0,nan,0,nan,400,400,0.3716305999987526,400,51200,51200,51200,3932160,501760.0,0,0,0,"{""0.1"": 0, ""0.2"": 0, ""0.5"": 0, ""1.0"": 0, ""2.0"": 0}",0.008247819768252285,0.1226248850637407,1.0,0.11386718750000001,50,0,0
qld-v1,qld,0.5,LBQCD-D02-unequal-min030-K10,unequal,concentrated,LBQCD-D02-unequal-min030-K10/concentrated,2,update,0,0.7,0,0.0,0,0,nan,0,nan,400,400,0.26903359999414533,400,51200,51200,51200,3932160,501760.0,0,0,0,"{""0.1"": 0, ""0.2"": 0, ""0.5"": 0, ""1.0"": 0, ""2.0"": 0}",0.009567835344048481,0.12092213514523474,1.0,0.07843749999999998,50,0,0
rsr-M1024-f0.70-u,rsr,0.5,LBQCD-D02-unequal-min030-K10,unequal,concentrated,LBQCD-D02-unequal-min030-K10/concentrated,0,update,1024,0.7,0,0.0,0,0,nan,0,nan,400,400,1.2007130999991205,4600,588800,302080,302080,3932160,5734400.0,0,0,0,"{""0.1"": 0, ""0.2"": 0, ""0.5"": 0, ""1.0"": 0, ""2.0"": 0}",0.007932020876773471,0.10906809931006388,1.0,0.0642578125,50,0,0
rsr-M1024-f0.70-u,rsr,0.5,LBQCD-D02-unequal-min030-K10,unequal,concentrated,LBQCD-D02-unequal-min030-K10/concentrated,1,update,1024,0.7,0,0.0,0,0,nan,0,nan,400,400,1.013738800000283,4600,588800,302080,302080,3932160,5734400.0,0,0,0,"{""0.1"": 0, ""0.2"": 0, ""0.5"": 0, ""1.0"": 0, ""2.0"": 0}",0.008705134521828084,0.11369708386850116,1.0,0.089765625,50,0,0
rsr-M1024-f0.70-u,rsr,0.5,LBQCD-D02-unequal-min030-K10,unequal,concentrated,LBQCD-D02-unequal-min030-K10/concentrated,2,update,1024,0.7,0,0.0,0,0,nan,0,nan,400,400,1.2266407999995863,4600,588800,302080,302080,3932160,5734400.0,0,0,0,"{""0.1"": 0, ""0.2"": 0, ""0.5"": 0, ""1.0"": 0, ""2.0"": 0}",0.0087144735328466,0.12425530710864403,1.0,0.07042968749999999,50,0,0
gated-M1024-f0.70-u,gated,0.5,LBQCD-D02-unequal-min030-K10,unequal,missing,LBQCD-D02-unequal-min030-K10/missing,0,update,1024,0.7,0,0.0,4096,1,4.4375,9,624.1647627793877,400,400,0.9669610999990255,4600,588800,302080,302080,3932160,5734400.0,0,0,0,"{""0.1"": 0, ""0.2"": 0, ""0.5"": 0, ""1.0"": 0, ""2.0"": 0}",0.010281560220117836,0.11787144395889461,1.0,0.1529296875,100,0,0
gated-M1024-f0.70-u,gated,0.5,LBQCD-D02-unequal-min030-K10,unequal,missing,LBQCD-D02-unequal-min030-K10/missing,1,update,1024,0.7,0,0.0,4096,1,3.875,9,610.7866530891872,400,400,1.1959921999950893,4600,588800,302080,302080,3932160,5734400.0,0,0,0,"{""0.1"": 0, ""0.2"": 0, ""0.5"": 0, ""1.0"": 0, ""2.0"": 0}",0.01943948026340503,0.12393950189303497,1.0,0.11035156249999999,100,0,0
gated-M1024-f0.70-u,gated,0.5,LBQCD-D02-unequal-min030-K10,unequal,missing,LBQCD-D02-unequal-min030-K10/missing,2,update,1024,0.7,0,0.0,4096,1,4.625,9,614.2142499888038,400,400,1.077300999997533,4600,588800,302080,302080,3932160,5734400.0,0,0,0,"{""0.1"": 0, ""0.2"": 0, ""0.5"": 0, ""1.0"": 0, ""2.0"": 0}",0.015249230672573333,0.11912515039814818,0.97,0.145703125,100,0,0
paper-0.2,paper,0.2,LBQCD-D02-unequal-min030-K10,unequal,missing,LBQCD-D02-unequal-min030-K10/missing,0,update,0,0.0,0,0.0,0,0,nan,0,nan,400,400,0.8453169999993406,400,51200,51200,51200,13107200,0.0,0,0,0,"{""0.1"": 0, ""0.2"": 0, ""0.5"": 0, ""1.0"": 0, ""2.0"": 0}",0.01650962840724568,0.11419838593674728,1.0,0.07812500000000001,50,0,0
paper-0.2,paper,0.2,LBQCD-D02-unequal-min030-K10,unequal,missing,LBQCD-D02-unequal-min030-K10/missing,1,update,0,0.0,0,0.0,0,0,nan,0,nan,400,400,0.7290617999969982,400,51200,51200,51200,13107200,0.0,0,0,0,"{""0.1"": 0, ""0.2"": 0, ""0.5"": 0, ""1.0"": 0, ""2.0"": 0}",0.023130128190450128,0.13155631498266196,1.0,0.084765625,100,0,0
paper-0.2,paper,0.2,LBQCD-D02-unequal-min030-K10,unequal,missing,LBQCD-D02-unequal-min030-K10/missing,2,update,0,0.0,0,0.0,0,0,nan,0,nan,400,400,0.4836650999932317,400,51200,51200,51200,13107200,0.0,0,0,0,"{""0.1"": 0, ""0.2"": 0, ""0.5"": 0, ""1.0"": 0, ""2.0"": 0}",0.017019322470317455,0.121380059757638,1.0,0.08414062500000001,100,0,0
paper-0.5,paper,0.5,LBQCD-D02-unequal-min030-K10,unequal,missing,LBQCD-D02-unequal-min030-K10/missing,0,update,0,0.0,0,0.0,0,0,nan,0,nan,400,400,0.6084715000033611,400,51200,51200,51200,13107200,0.0,0,0,0,"{""0.1"": 0, ""0.2"": 0, ""0.5"": 0, ""1.0"": 0, ""2.0"": 0}",0.015359413442405101,0.11652299496991785,1.0,0.08269531249999999,100,0,0
paper-0.5,paper,0.5,LBQCD-D02-unequal-min030-K10,unequal,missing,LBQCD-D02-unequal-min030-K10/missing,1,update,0,0.0,0,0.0,0,0,nan,0,nan,400,400,0.5589569000003394,400,51200,51200,51200,13107200,0.0,0,0,0,"{""0.1"": 0, ""0.2"": 0, ""0.5"": 0, ""1.0"": 0, ""2.0"": 0}",0.012948536728396132,0.11404306365280222,1.0,0.08648437499999999,100,0,0
paper-0.5,paper,0.5,LBQCD-D02-unequal-min030-K10,unequal,missing,LBQCD-D02-unequal-min030-K10/missing,2,update,0,0.0,0,0.0,0,0,nan,0,nan,400,400,0.7476653000048827,400,51200,51200,51200,13107200,0.0,0,0,0,"{""0.1"": 0, ""0.2"": 0, ""0.5"": 0, ""1.0"": 0, ""2.0"": 0}",0.01955454156568015,0.15273973656001594,1.0,0.12906250000000002,100,0,0
paper-1,paper,1.0,LBQCD-D02-unequal-min030-K10,unequal,missing,LBQCD-D02-unequal-min030-K10/missing,0,update,0,0.0,0,0.0,0,0,nan,0,nan,400,400,0.5645383999944897,400,51200,51200,51200,13107200,0.0,0,0,0,"{""0.1"": 0, ""0.2"": 0, ""0.5"": 0, ""1.0"": 0, ""2.0"": 0}",0.019842030914934305,0.14213248158021285,1.0,0.122421875,100,0,0
paper-1,paper,1.0,LBQCD-D02-unequal-min030-K10,unequal,missing,LBQCD-D02-unequal-min030-K10/missing,1,update,0,0.0,0,0.0,0,0,nan,0,nan,400,400,0.7843702999962261,400,51200,51200,51200,13107200,0.0,0,0,0,"{""0.1"": 0, ""0.2"": 0, ""0.5"": 0, ""1.0"": 0, ""2.0"": 0}",0.023799092642183384,0.14388756213363812,1.0,0.15816406249999995,150,0,0
paper-1,paper,1.0,LBQCD-D02-unequal-min030-K10,unequal,missing,LBQCD-D02-unequal-min030-K10/missing,2,update,0,0.0,0,0.0,0,0,nan,0,nan,400,400,0.45574769999075215,400,51200,51200,51200,13107200,0.0,0,0,0,"{""0.1"": 0, ""0.2"": 0, ""0.5"": 0, ""1.0"": 0, ""2.0"": 0}",0.02168382119030965,0.15111328105916122,0.97,0.16218749999999996,150,0,0
paper-2,paper,2.0,LBQCD-D02-unequal-min030-K10,unequal,missing,LBQCD-D02-unequal-min030-K10/missing,0,update,0,0.0,0,0.0,0,0,nan,0,nan,400,400,0.8315446000051452,400,51200,51200,51200,13107200,0.0,0,0,0,"{""0.1"": 0, ""0.2"": 0, ""0.5"": 0, ""1.0"": 0, ""2.0"": 0}",0.02283898599486056,0.16422703331105337,1.0,0.12636718750000003,100,0,0
paper-2,paper,2.0,LBQCD-D02-unequal-min030-K10,unequal,missing,LBQCD-D02-unequal-min030-K10/missing,1,update,0,0.0,0,0.0,0,0,nan,0,nan,400,400,0.4974324000068009,400,51200,51200,51200,13107200,0.0,0,0,0,"{""0.1"": 0, ""0.2"": 0, ""0.5"": 0, ""1.0"": 0, ""2.0"": 0}",0.04044760340993614,0.20040628052595236,0.97,0.16304687499999995,150,0,0
paper-2,paper,2.0,LBQCD-D02-unequal-min030-K10,unequal,missing,LBQCD-D02-unequal-min030-K10/missing,2,update,0,0.0,0,0.0,0,0,nan,0,nan,400,400,0.4586309000005713,400,51200,51200,51200,13107200,0.0,0,0,0,"{""0.1"": 0, ""0.2"": 0, ""0.5"": 0, ""1.0"": 0, ""2.0"": 0}",0.03173079760925712,0.1735592920899097,0.9199999999999999,0.21617187499999999,200,0,0
paper-4,paper,4.0,LBQCD-D02-unequal-min030-K10,unequal,missing,LBQCD-D02-unequal-min030-K10/missing,0,update,0,0.0,0,0.0,0,0,nan,0,nan,400,400,0.5621855000063078,400,51200,51200,51200,13107200,0.0,0,0,0,"{""0.1"": 0, ""0.2"": 0, ""0.5"": 0, ""1.0"": 0, ""2.0"": 0}",0.039189737134271097,0.25919885228228445,0.9199999999999999,0.20511718750000005,200,0,0
paper-4,paper,4.0,LBQCD-D02-unequal-min030-K10,unequal,missing,LBQCD-D02-unequal-min030-K10/missing,1,update,0,0.0,0,0.0,0,0,nan,0,nan,400,400,0.5622623000090243,400,51200,51200,51200,13107200,0.0,0,0,0,"{""0.1"": 0, ""0.2"": 0, ""0.5"": 0, ""1.0"": 0, ""2.0"": 0}",0.08003847826973431,0.36024381769005537,0.9199999999999999,0.36308593749999996,150,0,0
paper-4,paper,4.0,LBQCD-D02-unequal-min030-K10,unequal,missing,LBQCD-D02-unequal-min030-K10/missing,2,update,0,0.0,0,0.0,0,0,nan,0,nan,400,400,0.7361405000119703,400,51200,51200,51200,13107200,0.0,0,0,0,"{""0.1"": 0, ""0.2"": 0, ""0.5"": 0, ""1.0"": 0, ""2.0"": 0}",0.05562454690756091,0.2973077456553508,0.9199999999999999,0.3062890625,400,1,0
qld-v1,qld,0.5,LBQCD-D02-unequal-min030-K10,unequal,missing,LBQCD-D02-unequal-min030-K10/missing,0,update,0,0.7,0,0.0,0,0,nan,0,nan,400,400,0.33958159999747295,400,51200,51200,51200,3932160,501760.0,0,0,0,"{""0.1"": 0, ""0.2"": 0, ""0.5"": 0, ""1.0"": 0, ""2.0"": 0}",0.014100504410299752,0.12092692962826151,1.0,0.130234375,100,0,0
qld-v1,qld,0.5,LBQCD-D02-unequal-min030-K10,unequal,missing,LBQCD-D02-unequal-min030-K10/missing,1,update,0,0.7,0,0.0,0,0,nan,0,nan,400,400,0.36497809999855235,400,51200,51200,51200,3932160,501760.0,0,0,0,"{""0.1"": 0, ""0.2"": 0, ""0.5"": 0, ""1.0"": 0, ""2.0"": 0}",0.024073892882391812,0.1345090863019206,0.97,0.11382812499999999,100,0,0
qld-v1,qld,0.5,LBQCD-D02-unequal-min030-K10,unequal,missing,LBQCD-D02-unequal-min030-K10/missing,2,update,0,0.7,0,0.0,0,0,nan,0,nan,400,400,0.23506869999982882,400,51200,51200,51200,3932160,501760.0,0,0,0,"{""0.1"": 0, ""0.2"": 0, ""0.5"": 0, ""1.0"": 0, ""2.0"": 0}",0.02173372168271248,0.14106885729662097,0.97,0.17566406249999997,150,0,0
rsr-M1024-f0.70-u,rsr,0.5,LBQCD-D02-unequal-min030-K10,unequal,missing,LBQCD-D02-unequal-min030-K10/missing,0,update,1024,0.7,0,0.0,0,0,nan,0,nan,400,400,1.0720922000036808,4600,588800,302080,302080,3932160,5734400.0,0,0,0,"{""0.1"": 0, ""0.2"": 0, ""0.5"": 0, ""1.0"": 0, ""2.0"": 0}",0.010281560220117836,0.11787144395889461,1.0,0.1529296875,100,0,0
rsr-M1024-f0.70-u,rsr,0.5,LBQCD-D02-unequal-min030-K10,unequal,missing,LBQCD-D02-unequal-min030-K10/missing,1,update,1024,0.7,0,0.0,0,0,nan,0,nan,400,400,1.1972588999924483,4600,588800,302080,302080,3932160,5734400.0,0,0,0,"{""0.1"": 0, ""0.2"": 0, ""0.5"": 0, ""1.0"": 0, ""2.0"": 0}",0.01943948026340503,0.12393950189303497,1.0,0.11035156249999999,100,0,0
rsr-M1024-f0.70-u,rsr,0.5,LBQCD-D02-unequal-min030-K10,unequal,missing,LBQCD-D02-unequal-min030-K10/missing,2,update,1024,0.7,0,0.0,0,0,nan,0,nan,400,400,1.113287300002412,4600,588800,302080,302080,3932160,5734400.0,0,0,0,"{""0.1"": 0, ""0.2"": 0, ""0.5"": 0, ""1.0"": 0, ""2.0"": 0}",0.015249230672573333,0.11912515039814818,0.97,0.145703125,100,0,0
gated-M1024-f0.70-u,gated,0.5,LBQCD-D03-unequal-min020-K12,unequal,concentrated,LBQCD-D03-unequal-min020-K12/concentrated,0,update,1024,0.7,0,0.0,4096,1,2.625,11,1045.4748568178086,400,400,1.06933779999963,4600,588800,302080,302080,3932160,5734400.0,0,0,0,"{""0.1"": 0, ""0.2"": 0, ""0.5"": 0, ""1.0"": 0, ""2.0"": 0}",0.017565313818404427,0.19750532085625355,0.9599999999999997,0.11699218750000007,100,0,0
gated-M1024-f0.70-u,gated,0.5,LBQCD-D03-unequal-min020-K12,unequal,concentrated,LBQCD-D03-unequal-min020-K12/concentrated,1,update,1024,0.7,0,0.0,4096,1,2.1875,11,1020.7746415741793,400,400,1.1650214999972377,4600,588800,302080,302080,3932160,5734400.0,0,0,0,"{""0.1"": 0, ""0.2"": 0, ""0.5"": 0, ""1.0"": 0, ""2.0"": 0}",0.012966741342109067,0.22721102412625163,0.9599999999999997,0.13183593749999992,100,0,0
gated-M1024-f0.70-u,gated,0.5,LBQCD-D03-unequal-min020-K12,unequal,concentrated,LBQCD-D03-unequal-min020-K12/concentrated,2,update,1024,0.7,0,0.0,4096,1,2.75,11,1104.5930871835444,400,400,1.229158500005724,4600,588800,302080,302080,3932160,5734400.0,0,0,0,"{""0.1"": 0, ""0.2"": 0, ""0.5"": 0, ""1.0"": 0, ""2.0"": 0}",0.014922603895848319,0.23091001023976798,0.9599999999999997,0.11355468750000006,100,0,0
paper-0.2,paper,0.2,LBQCD-D03-unequal-min020-K12,unequal,concentrated,LBQCD-D03-unequal-min020-K12/concentrated,0,update,0,0.0,0,0.0,0,0,nan,0,nan,400,400,0.6116515000030631,400,51200,51200,51200,13107200,0.0,0,0,0,"{""0.1"": 0, ""0.2"": 0, ""0.5"": 0, ""1.0"": 0, ""2.0"": 0}",0.012730792916066935,0.1813495890052744,0.9599999999999997,0.15027343749999997,100,0,0
paper-0.2,paper,0.2,LBQCD-D03-unequal-min020-K12,unequal,concentrated,LBQCD-D03-unequal-min020-K12/concentrated,1,update,0,0.0,0,0.0,0,0,nan,0,nan,400,400,0.6089286000060383,400,51200,51200,51200,13107200,0.0,0,0,0,"{""0.1"": 0, ""0.2"": 0, ""0.5"": 0, ""1.0"": 0, ""2.0"": 0}",0.013144531822283145,0.1866259656826783,0.9599999999999997,0.13097656250000003,50,0,0
paper-0.2,paper,0.2,LBQCD-D03-unequal-min020-K12,unequal,concentrated,LBQCD-D03-unequal-min020-K12/concentrated,2,update,0,0.0,0,0.0,0,0,nan,0,nan,400,400,0.5676444999990053,400,51200,51200,51200,13107200,0.0,0,0,0,"{""0.1"": 0, ""0.2"": 0, ""0.5"": 0, ""1.0"": 0, ""2.0"": 0}",0.014214705250000126,0.2545263037529239,0.9599999999999997,0.10687499999999997,50,0,0
paper-0.5,paper,0.5,LBQCD-D03-unequal-min020-K12,unequal,concentrated,LBQCD-D03-unequal-min020-K12/concentrated,0,update,0,0.0,0,0.0,0,0,nan,0,nan,400,400,0.6696941999980481,400,51200,51200,51200,13107200,0.0,0,0,0,"{""0.1"": 0, ""0.2"": 0, ""0.5"": 0, ""1.0"": 0, ""2.0"": 0}",0.024744153546066183,0.19762546713776813,0.9599999999999997,0.17222656249999999,50,0,0
paper-0.5,paper,0.5,LBQCD-D03-unequal-min020-K12,unequal,concentrated,LBQCD-D03-unequal-min020-K12/concentrated,1,update,0,0.0,0,0.0,0,0,nan,0,nan,400,400,0.8973842999985209,400,51200,51200,51200,13107200,0.0,0,0,0,"{""0.1"": 0, ""0.2"": 0, ""0.5"": 0, ""1.0"": 0, ""2.0"": 0}",0.012028020949468754,0.19567971463970726,0.9599999999999997,0.13421875,100,0,0
paper-0.5,paper,0.5,LBQCD-D03-unequal-min020-K12,unequal,concentrated,LBQCD-D03-unequal-min020-K12/concentrated,2,update,0,0.0,0,0.0,0,0,nan,0,nan,400,400,0.6521627999900375,400,51200,51200,51200,13107200,0.0,0,0,0,"{""0.1"": 0, ""0.2"": 0, ""0.5"": 0, ""1.0"": 0, ""2.0"": 0}",0.014405302788568886,0.22158551633093052,0.9599999999999997,0.10699218749999995,50,0,0
paper-1,paper,1.0,LBQCD-D03-unequal-min020-K12,unequal,concentrated,LBQCD-D03-unequal-min020-K12/concentrated,0,update,0,0.0,0,0.0,0,0,nan,0,nan,400,400,0.7087948999978835,400,51200,51200,51200,13107200,0.0,0,0,0,"{""0.1"": 0, ""0.2"": 0, ""0.5"": 0, ""1.0"": 0, ""2.0"": 0}",0.02667827764315156,0.210789828929777,0.9599999999999997,0.1869140625,100,0,0
paper-1,paper,1.0,LBQCD-D03-unequal-min020-K12,unequal,concentrated,LBQCD-D03-unequal-min020-K12/concentrated,1,update,0,0.0,0,0.0,0,0,nan,0,nan,400,400,0.4994726000004448,400,51200,51200,51200,13107200,0.0,0,0,0,"{""0.1"": 0, ""0.2"": 0, ""0.5"": 0, ""1.0"": 0, ""2.0"": 0}",0.01401050351080535,0.20047359791908193,0.9599999999999997,0.1601562500000001,100,0,0
paper-1,paper,1.0,LBQCD-D03-unequal-min020-K12,unequal,concentrated,LBQCD-D03-unequal-min020-K12/concentrated,2,update,0,0.0,0,0.0,0,0,nan,0,nan,400,400,0.7041087000106927,400,51200,51200,51200,13107200,0.0,0,0,0,"{""0.1"": 0, ""0.2"": 0, ""0.5"": 0, ""1.0"": 0, ""2.0"": 0}",0.017445688063601583,0.20614122927709475,0.9599999999999997,0.1185546875,50,0,0
paper-2,paper,2.0,LBQCD-D03-unequal-min020-K12,unequal,concentrated,LBQCD-D03-unequal-min020-K12/concentrated,0,update,0,0.0,0,0.0,0,0,nan,0,nan,400,400,0.4669892000092659,400,51200,51200,51200,13107200,0.0,0,0,0,"{""0.1"": 0, ""0.2"": 0, ""0.5"": 0, ""1.0"": 0, ""2.0"": 0}",0.026621643122966443,0.21646847408805744,0.9599999999999997,0.21152343749999988,200,0,0
paper-2,paper,2.0,LBQCD-D03-unequal-min020-K12,unequal,concentrated,LBQCD-D03-unequal-min020-K12/concentrated,1,update,0,0.0,0,0.0,0,0,nan,0,nan,400,400,0.6044323000096483,400,51200,51200,51200,13107200,0.0,0,0,0,"{""0.1"": 0, ""0.2"": 0, ""0.5"": 0, ""1.0"": 0, ""2.0"": 0}",0.016278849026964526,0.2032105785227276,0.9599999999999997,0.1675,150,0,0
paper-2,paper,2.0,LBQCD-D03-unequal-min020-K12,unequal,concentrated,LBQCD-D03-unequal-min020-K12/concentrated,2,update,0,0.0,0,0.0,0,0,nan,0,nan,400,400,0.7091673999966588,400,51200,51200,51200,13107200,0.0,0,0,0,"{""0.1"": 0, ""0.2"": 0, ""0.5"": 0, ""1.0"": 0, ""2.0"": 0}",0.018550001467450006,0.20990420313416355,0.9599999999999997,0.14921874999999993,150,0,0
paper-4,paper,4.0,LBQCD-D03-unequal-min020-K12,unequal,concentrated,LBQCD-D03-unequal-min020-K12/concentrated,0,update,0,0.0,0,0.0,0,0,nan,0,nan,400,400,0.7046870000049239,400,51200,51200,51200,13107200,0.0,0,0,0,"{""0.1"": 0, ""0.2"": 0, ""0.5"": 0, ""1.0"": 0, ""2.0"": 0}",0.03318757174559961,0.2507867283444663,0.9199999999999997,0.26171874999999994,300,0,0
paper-4,paper,4.0,LBQCD-D03-unequal-min020-K12,unequal,concentrated,LBQCD-D03-unequal-min020-K12/concentrated,1,update,0,0.0,0,0.0,0,0,nan,0,nan,400,400,0.8122003999887966,400,51200,51200,51200,13107200,0.0,0,0,0,"{""0.1"": 0, ""0.2"": 0, ""0.5"": 0, ""1.0"": 0, ""2.0"": 0}",0.01518365760271978,0.19990334420090575,0.9199999999999997,0.15863281249999997,150,0,0
paper-4,paper,4.0,LBQCD-D03-unequal-min020-K12,unequal,concentrated,LBQCD-D03-unequal-min020-K12/concentrated,2,update,0,0.0,0,0.0,0,0,nan,0,nan,400,400,0.5008981999999378,400,51200,51200,51200,13107200,0.0,0,0,0,"{""0.1"": 0, ""0.2"": 0, ""0.5"": 0, ""1.0"": 0, ""2.0"": 0}",0.020240250871314203,0.23317224788005766,0.9599999999999997,0.16488281249999995,50,0,0
qld-v1,qld,0.5,LBQCD-D03-unequal-min020-K12,unequal,concentrated,LBQCD-D03-unequal-min020-K12/concentrated,0,update,0,0.7,0,0.0,0,0,nan,0,nan,400,400,0.3116362000000663,400,51200,51200,51200,3932160,501760.0,0,0,0,"{""0.1"": 0, ""0.2"": 0, ""0.5"": 0, ""1.0"": 0, ""2.0"": 0}",0.02499780656081363,0.21448727566548098,0.9599999999999997,0.20496093749999997,100,0,0
qld-v1,qld,0.5,LBQCD-D03-unequal-min020-K12,unequal,concentrated,LBQCD-D03-unequal-min020-K12/concentrated,1,update,0,0.7,0,0.0,0,0,nan,0,nan,400,400,0.2918809999973746,400,51200,51200,51200,3932160,501760.0,0,0,0,"{""0.1"": 0, ""0.2"": 0, ""0.5"": 0, ""1.0"": 0, ""2.0"": 0}",0.01425116998765974,0.21463406035254584,0.9599999999999997,0.14699218749999998,100,0,0
qld-v1,qld,0.5,LBQCD-D03-unequal-min020-K12,unequal,concentrated,LBQCD-D03-unequal-min020-K12/concentrated,2,update,0,0.7,0,0.0,0,0,nan,0,nan,400,400,0.3011141999886604,400,51200,51200,51200,3932160,501760.0,0,0,0,"{""0.1"": 0, ""0.2"": 0, ""0.5"": 0, ""1.0"": 0, ""2.0"": 0}",0.014304087182607006,0.24507581006899903,0.9599999999999997,0.14980468750000006,150,0,0
rsr-M1024-f0.70-u,rsr,0.5,LBQCD-D03-unequal-min020-K12,unequal,concentrated,LBQCD-D03-unequal-min020-K12/concentrated,0,update,1024,0.7,0,0.0,0,0,nan,0,nan,400,400,1.1071744999935618,4600,588800,302080,302080,3932160,5734400.0,0,0,0,"{""0.1"": 0, ""0.2"": 0, ""0.5"": 0, ""1.0"": 0, ""2.0"": 0}",0.017565313818404427,0.19750532085625355,0.9599999999999997,0.11699218750000007,100,0,0
rsr-M1024-f0.70-u,rsr,0.5,LBQCD-D03-unequal-min020-K12,unequal,concentrated,LBQCD-D03-unequal-min020-K12/concentrated,1,update,1024,0.7,0,0.0,0,0,nan,0,nan,400,400,1.1420801000058418,4600,588800,302080,302080,3932160,5734400.0,0,0,0,"{""0.1"": 0, ""0.2"": 0, ""0.5"": 0, ""1.0"": 0, ""2.0"": 0}",0.012966741342109067,0.22721102412625163,0.9599999999999997,0.13183593749999992,100,0,0
rsr-M1024-f0.70-u,rsr,0.5,LBQCD-D03-unequal-min020-K12,unequal,concentrated,LBQCD-D03-unequal-min020-K12/concentrated,2,update,1024,0.7,0,0.0,0,0,nan,0,nan,400,400,1.1727363999962108,4600,588800,302080,302080,3932160,5734400.0,0,0,0,"{""0.1"": 0, ""0.2"": 0, ""0.5"": 0, ""1.0"": 0, ""2.0"": 0}",0.014922603895848319,0.23091001023976798,0.9599999999999997,0.11355468750000006,100,0,0
gated-M1024-f0.70-u,gated,0.5,LBQCD-D03-unequal-min020-K12,unequal,missing,LBQCD-D03-unequal-min020-K12/missing,0,update,1024,0.7,0,0.0,4096,1,2.0625,11,1105.141435965358,400,400,1.086439100006828,4600,588800,302080,302080,3932160,5734400.0,0,0,0,"{""0.1"": 0, ""0.2"": 0, ""0.5"": 0, ""1.0"": 0, ""2.0"": 0}",0.02664917340389339,0.2175283721352407,0.9799999999999998,0.17839843749999998,150,0,0
gated-M1024-f0.70-u,gated,0.5,LBQCD-D03-unequal-min020-K12,unequal,missing,LBQCD-D03-unequal-min020-K12/missing,1,update,1024,0.7,0,0.0,4096,1,2.375,11,1084.2400320226511,400,400,1.0902848999976413,4600,588800,302080,302080,3932160,5734400.0,0,0,0,"{""0.1"": 0, ""0.2"": 0, ""0.5"": 0, ""1.0"": 0, ""2.0"": 0}",0.028281176494121762,0.24036940796670522,0.9799999999999998,0.1714062499999999,200,0,0
gated-M1024-f0.70-u,gated,0.5,LBQCD-D03-unequal-min020-K12,unequal,missing,LBQCD-D03-unequal-min020-K12/missing,2,update,1024,0.7,0,0.0,4096,1,2.75,11,1032.8148614973786,400,400,1.0628717000072356,4600,588800,302080,302080,3932160,5734400.0,0,0,0,"{""0.1"": 0, ""0.2"": 0, ""0.5"": 0, ""1.0"": 0, ""2.0"": 0}",0.03256637861868361,0.21442224015351047,0.9799999999999998,0.16785156250000002,150,0,0
paper-0.2,paper,0.2,LBQCD-D03-unequal-min020-K12,unequal,missing,LBQCD-D03-unequal-min020-K12/missing,0,update,0,0.0,0,0.0,0,0,nan,0,nan,400,400,0.5688801999931457,400,51200,51200,51200,13107200,0.0,0,0,0,"{""0.1"": 0, ""0.2"": 0, ""0.5"": 0, ""1.0"": 0, ""2.0"": 0}",0.06044094262895516,0.4336544108136424,0.9999999999999998,0.16203125,150,0,0
paper-0.2,paper,0.2,LBQCD-D03-unequal-min020-K12,unequal,missing,LBQCD-D03-unequal-min020-K12/missing,1,update,0,0.0,0,0.0,0,0,nan,0,nan,400,400,0.6529655000049388,400,51200,51200,51200,13107200,0.0,0,0,0,"{""0.1"": 0, ""0.2"": 0, ""0.5"": 0, ""1.0"": 0, ""2.0"": 0}",0.018166571987183744,0.18841396418362522,0.9999999999999998,0.12421875000000004,150,0,0
paper-0.2,paper,0.2,LBQCD-D03-unequal-min020-K12,unequal,missing,LBQCD-D03-unequal-min020-K12/missing,2,update,0,0.0,0,0.0,0,0,nan,0,nan,400,400,0.5858753999928012,400,51200,51200,51200,13107200,0.0,0,0,0,"{""0.1"": 0, ""0.2"": 0, ""0.5"": 0, ""1.0"": 0, ""2.0"": 0}",0.03861245394198143,0.22655001687441906,0.9999999999999998,0.1209375,150,0,0
paper-0.5,paper,0.5,LBQCD-D03-unequal-min020-K12,unequal,missing,LBQCD-D03-unequal-min020-K12/missing,0,update,0,0.0,0,0.0,0,0,nan,0,nan,400,400,0.6395797000004677,400,51200,51200,51200,13107200,0.0,0,0,0,"{""0.1"": 0, ""0.2"": 0, ""0.5"": 0, ""1.0"": 0, ""2.0"": 0}",0.03332367229220434,0.2700719758382332,0.9999999999999998,0.11425781250000003,150,0,0
paper-0.5,paper,0.5,LBQCD-D03-unequal-min020-K12,unequal,missing,LBQCD-D03-unequal-min020-K12/missing,1,update,0,0.0,0,0.0,0,0,nan,0,nan,400,400,0.4670289000059711,400,51200,51200,51200,13107200,0.0,0,0,0,"{""0.1"": 0, ""0.2"": 0, ""0.5"": 0, ""1.0"": 0, ""2.0"": 0}",0.029405690238273774,0.1972140186426585,0.9999999999999998,0.13574218750000003,150,0,0
paper-0.5,paper,0.5,LBQCD-D03-unequal-min020-K12,unequal,missing,LBQCD-D03-unequal-min020-K12/missing,2,update,0,0.0,0,0.0,0,0,nan,0,nan,400,400,0.8314887000015005,400,51200,51200,51200,13107200,0.0,0,0,0,"{""0.1"": 0, ""0.2"": 0, ""0.5"": 0, ""1.0"": 0, ""2.0"": 0}",0.03863333540860747,0.21275549013088677,0.9999999999999998,0.10238281250000009,150,0,0
paper-1,paper,1.0,LBQCD-D03-unequal-min020-K12,unequal,missing,LBQCD-D03-unequal-min020-K12/missing,0,update,0,0.0,0,0.0,0,0,nan,0,nan,400,400,0.6533940999943297,400,51200,51200,51200,13107200,0.0,0,0,0,"{""0.1"": 0, ""0.2"": 0, ""0.5"": 0, ""1.0"": 0, ""2.0"": 0}",0.03852209534958373,0.2843659872779431,0.9799999999999998,0.16792968749999995,150,0,0
paper-1,paper,1.0,LBQCD-D03-unequal-min020-K12,unequal,missing,LBQCD-D03-unequal-min020-K12/missing,1,update,0,0.0,0,0.0,0,0,nan,0,nan,400,400,0.495253800007049,400,51200,51200,51200,13107200,0.0,0,0,0,"{""0.1"": 0, ""0.2"": 0, ""0.5"": 0, ""1.0"": 0, ""2.0"": 0}",0.04347682308979284,0.24754171311890105,0.9799999999999998,0.1915625,200,0,0
paper-1,paper,1.0,LBQCD-D03-unequal-min020-K12,unequal,missing,LBQCD-D03-unequal-min020-K12/missing,2,update,0,0.0,0,0.0,0,0,nan,0,nan,400,400,0.7668895000097109,400,51200,51200,51200,13107200,0.0,0,0,0,"{""0.1"": 0, ""0.2"": 0, ""0.5"": 0, ""1.0"": 0, ""2.0"": 0}",0.053725685182301586,0.27307991274404564,0.9799999999999998,0.19402343749999998,100,0,0
paper-2,paper,2.0,LBQCD-D03-unequal-min020-K12,unequal,missing,LBQCD-D03-unequal-min020-K12/missing,0,update,0,0.0,0,0.0,0,0,nan,0,nan,400,400,0.5948652000079164,400,51200,51200,51200,13107200,0.0,0,0,0,"{""0.1"": 0, ""0.2"": 0, ""0.5"": 0, ""1.0"": 0, ""2.0"": 0}",0.045841918626178035,0.35224738451986154,0.9399999999999997,0.28496093749999996,250,0,0
paper-2,paper,2.0,LBQCD-D03-unequal-min020-K12,unequal,missing,LBQCD-D03-unequal-min020-K12/missing,1,update,0,0.0,0,0.0,0,0,nan,0,nan,400,400,0.6130868000036571,400,51200,51200,51200,13107200,0.0,0,0,0,"{""0.1"": 0, ""0.2"": 0, ""0.5"": 0, ""1.0"": 0, ""2.0"": 0}",0.06555117814724953,0.3237364901809042,0.9399999999999997,0.3161328124999999,300,0,0
paper-2,paper,2.0,LBQCD-D03-unequal-min020-K12,unequal,missing,LBQCD-D03-unequal-min020-K12/missing,2,update,0,0.0,0,0.0,0,0,nan,0,nan,400,400,0.4897157999948831,400,51200,51200,51200,13107200,0.0,0,0,0,"{""0.1"": 0, ""0.2"": 0, ""0.5"": 0, ""1.0"": 0, ""2.0"": 0}",0.07225886304801366,0.31258645947234287,0.9399999999999997,0.3091015624999999,300,0,0
paper-4,paper,4.0,LBQCD-D03-unequal-min020-K12,unequal,missing,LBQCD-D03-unequal-min020-K12/missing,0,update,0,0.0,0,0.0,0,0,nan,0,nan,400,400,0.5212219999957597,400,51200,51200,51200,13107200,0.0,0,0,0,"{""0.1"": 0, ""0.2"": 0, ""0.5"": 0, ""1.0"": 0, ""2.0"": 0}",0.07126734491407083,0.440404974597527,0.8899999999999998,0.41097656249999986,400,1,0
paper-4,paper,4.0,LBQCD-D03-unequal-min020-K12,unequal,missing,LBQCD-D03-unequal-min020-K12/missing,1,update,0,0.0,0,0.0,0,0,nan,0,nan,400,400,0.6629608999937773,400,51200,51200,51200,13107200,0.0,0,0,0,"{""0.1"": 0, ""0.2"": 0, ""0.5"": 0, ""1.0"": 0, ""2.0"": 0}",0.07700519820798046,0.46188742580224884,0.8199999999999998,0.4165234374999999,400,1,0
paper-4,paper,4.0,LBQCD-D03-unequal-min020-K12,unequal,missing,LBQCD-D03-unequal-min020-K12/missing,2,update,0,0.0,0,0.0,0,0,nan,0,nan,400,400,0.6495884000032675,400,51200,51200,51200,13107200,0.0,0,0,0,"{""0.1"": 0, ""0.2"": 0, ""0.5"": 0, ""1.0"": 0, ""2.0"": 0}",0.07044889636275853,0.42579129771130386,0.8899999999999998,0.4184765624999999,400,1,0
qld-v1,qld,0.5,LBQCD-D03-unequal-min020-K12,unequal,missing,LBQCD-D03-unequal-min020-K12/missing,0,update,0,0.7,0,0.0,0,0,nan,0,nan,400,400,0.3775536000030115,400,51200,51200,51200,3932160,501760.0,0,0,0,"{""0.1"": 0, ""0.2"": 0, ""0.5"": 0, ""1.0"": 0, ""2.0"": 0}",0.029800663068002553,0.22517295236726345,0.9799999999999998,0.20203124999999997,150,0,0
qld-v1,qld,0.5,LBQCD-D03-unequal-min020-K12,unequal,missing,LBQCD-D03-unequal-min020-K12/missing,1,update,0,0.7,0,0.0,0,0,nan,0,nan,400,400,0.35182919999351725,400,51200,51200,51200,3932160,501760.0,0,0,0,"{""0.1"": 0, ""0.2"": 0, ""0.5"": 0, ""1.0"": 0, ""2.0"": 0}",0.04354896425802801,0.2622926842915012,0.9399999999999997,0.20921874999999998,200,0,0
qld-v1,qld,0.5,LBQCD-D03-unequal-min020-K12,unequal,missing,LBQCD-D03-unequal-min020-K12/missing,2,update,0,0.7,0,0.0,0,0,nan,0,nan,400,400,0.2811006999982055,400,51200,51200,51200,3932160,501760.0,0,0,0,"{""0.1"": 0, ""0.2"": 0, ""0.5"": 0, ""1.0"": 0, ""2.0"": 0}",0.04194607410800488,0.23801101408972405,0.9799999999999998,0.18746093749999995,200,0,0
rsr-M1024-f0.70-u,rsr,0.5,LBQCD-D03-unequal-min020-K12,unequal,missing,LBQCD-D03-unequal-min020-K12/missing,0,update,1024,0.7,0,0.0,0,0,nan,0,nan,400,400,1.0662003999896115,4600,588800,302080,302080,3932160,5734400.0,0,0,0,"{""0.1"": 0, ""0.2"": 0, ""0.5"": 0, ""1.0"": 0, ""2.0"": 0}",0.02664917340389339,0.2175283721352407,0.9799999999999998,0.17839843749999998,150,0,0
rsr-M1024-f0.70-u,rsr,0.5,LBQCD-D03-unequal-min020-K12,unequal,missing,LBQCD-D03-unequal-min020-K12/missing,1,update,1024,0.7,0,0.0,0,0,nan,0,nan,400,400,1.025730699999258,4600,588800,302080,302080,3932160,5734400.0,0,0,0,"{""0.1"": 0, ""0.2"": 0, ""0.5"": 0, ""1.0"": 0, ""2.0"": 0}",0.028281176494121762,0.24036940796670522,0.9799999999999998,0.1714062499999999,200,0,0
rsr-M1024-f0.70-u,rsr,0.5,LBQCD-D03-unequal-min020-K12,unequal,missing,LBQCD-D03-unequal-min020-K12/missing,2,update,1024,0.7,0,0.0,0,0,nan,0,nan,400,400,1.1109718000079738,4600,588800,302080,302080,3932160,5734400.0,0,0,0,"{""0.1"": 0, ""0.2"": 0, ""0.5"": 0, ""1.0"": 0, ""2.0"": 0}",0.03256637861868361,0.21442224015351047,0.9799999999999998,0.16785156250000002,150,0,0
gated-M1024-f0.70-u,gated,0.5,LBQCD-D04-unequal-min015-K14,unequal,concentrated,LBQCD-D04-unequal-min015-K14/concentrated,0,update,1024,0.7,0,0.0,4096,1,2.375,13,745.592754460456,400,400,1.079226000001654,4600,588800,302080,302080,3932160,5734400.0,0,0,0,"{""0.1"": 0, ""0.2"": 0, ""0.5"": 0, ""1.0"": 0, ""2.0"": 0}",0.009621234630281528,0.14780866731417225,0.9850000000000001,0.0964453125,100,0,0
gated-M1024-f0.70-u,gated,0.5,LBQCD-D04-unequal-min015-K14,unequal,concentrated,LBQCD-D04-unequal-min015-K14/concentrated,1,update,1024,0.7,0,0.0,4096,1,2.25,13,670.5120487794856,400,400,1.141795599993202,4600,588800,302080,302080,3932160,5734400.0,0,0,0,"{""0.1"": 0, ""0.2"": 0, ""0.5"": 0, ""1.0"": 0, ""2.0"": 0}",0.01662132189094212,0.13977521796684242,0.9850000000000001,0.10410156250000001,100,0,0
gated-M1024-f0.70-u,gated,0.5,LBQCD-D04-unequal-min015-K14,unequal,concentrated,LBQCD-D04-unequal-min015-K14/concentrated,2,update,1024,0.7,0,0.0,4096,1,1.75,13,681.0761305613231,400,400,1.238318600007915,4600,588800,302080,302080,3932160,5734400.0,0,0,0,"{""0.1"": 0, ""0.2"": 0, ""0.5"": 0, ""1.0"": 0, ""2.0"": 0}",0.012344229240590643,0.15708234365429813,0.9850000000000001,0.08750000000000004,100,0,0
paper-0.2,paper,0.2,LBQCD-D04-unequal-min015-K14,unequal,concentrated,LBQCD-D04-unequal-min015-K14/concentrated,0,update,0,0.0,0,0.0,0,0,nan,0,nan,400,400,0.503141000008327,400,51200,51200,51200,13107200,0.0,0,0,0,"{""0.1"": 0, ""0.2"": 0, ""0.5"": 0, ""1.0"": 0, ""2.0"": 0}",0.008356973946688662,0.1422118262365024,1.0,0.10156249999999999,100,0,0
paper-0.2,paper,0.2,LBQCD-D04-unequal-min015-K14,unequal,concentrated,LBQCD-D04-unequal-min015-K14/concentrated,1,update,0,0.0,0,0.0,0,0,nan,0,nan,400,400,0.7045371999993222,400,51200,51200,51200,13107200,0.0,0,0,0,"{""0.1"": 0, ""0.2"": 0, ""0.5"": 0, ""1.0"": 0, ""2.0"": 0}",0.013734692914914692,0.13464030816566794,1.0,0.08910156250000002,100,0,0
paper-0.2,paper,0.2,LBQCD-D04-unequal-min015-K14,unequal,concentrated,LBQCD-D04-unequal-min015-K14/concentrated,2,update,0,0.0,0,0.0,0,0,nan,0,nan,400,400,0.7816690000036033,400,51200,51200,51200,13107200,0.0,0,0,0,"{""0.1"": 0, ""0.2"": 0, ""0.5"": 0, ""1.0"": 0, ""2.0"": 0}",0.018323865546784113,0.16860979794154476,1.0,0.10761718750000003,50,0,0
paper-0.5,paper,0.5,LBQCD-D04-unequal-min015-K14,unequal,concentrated,LBQCD-D04-unequal-min015-K14/concentrated,0,update,0,0.0,0,0.0,0,0,nan,0,nan,400,400,0.7287975999934133,400,51200,51200,51200,13107200,0.0,0,0,0,"{""0.1"": 0, ""0.2"": 0, ""0.5"": 0, ""1.0"": 0, ""2.0"": 0}",0.009142904776883842,0.14760810784333023,1.0,0.10124999999999999,100,0,0
paper-0.5,paper,0.5,LBQCD-D04-unequal-min015-K14,unequal,concentrated,LBQCD-D04-unequal-min015-K14/concentrated,1,update,0,0.0,0,0.0,0,0,nan,0,nan,400,400,0.7563392000010936,400,51200,51200,51200,13107200,0.0,0,0,0,"{""0.1"": 0, ""0.2"": 0, ""0.5"": 0, ""1.0"": 0, ""2.0"": 0}",0.01364939281357369,0.14393131070857426,1.0,0.10320312500000002,100,0,0
paper-0.5,paper,0.5,LBQCD-D04-unequal-min015-K14,unequal,concentrated,LBQCD-D04-unequal-min015-K14/concentrated,2,update,0,0.0,0,0.0,0,0,nan,0,nan,400,400,0.746934599999804,400,51200,51200,51200,13107200,0.0,0,0,0,"{""0.1"": 0, ""0.2"": 0, ""0.5"": 0, ""1.0"": 0, ""2.0"": 0}",0.014437696090213059,0.14856363632528646,0.9850000000000001,0.10191406250000003,100,0,0
paper-1,paper,1.0,LBQCD-D04-unequal-min015-K14,unequal,concentrated,LBQCD-D04-unequal-min015-K14/concentrated,0,update,0,0.0,0,0.0,0,0,nan,0,nan,400,400,0.6068865000124788,400,51200,51200,51200,13107200,0.0,0,0,0,"{""0.1"": 0, ""0.2"": 0, ""0.5"": 0, ""1.0"": 0, ""2.0"": 0}",0.009652325574215581,0.1680417313895598,0.9850000000000001,0.11003906249999999,100,0,0
paper-1,paper,1.0,LBQCD-D04-unequal-min015-K14,unequal,concentrated,LBQCD-D04-unequal-min015-K14/concentrated,1,update,0,0.0,0,0.0,0,0,nan,0,nan,400,400,0.6048358999978518,400,51200,51200,51200,13107200,0.0,0,0,0,"{""0.1"": 0, ""0.2"": 0, ""0.5"": 0, ""1.0"": 0, ""2.0"": 0}",0.016080742711921836,0.15221966313538696,0.9850000000000001,0.12328124999999997,100,0,0
paper-1,paper,1.0,LBQCD-D04-unequal-min015-K14,unequal,concentrated,LBQCD-D04-unequal-min015-K14/concentrated,2,update,0,0.0,0,0.0,0,0,nan,0,nan,400,400,0.5639541999989888,400,51200,51200,51200,13107200,0.0,0,0,0,"{""0.1"": 0, ""0.2"": 0, ""0.5"": 0, ""1.0"": 0, ""2.0"": 0}",0.01539226570498231,0.1668677727859349,0.9850000000000001,0.10480468750000003,100,0,0
paper-2,paper,2.0,LBQCD-D04-unequal-min015-K14,unequal,concentrated,LBQCD-D04-unequal-min015-K14/concentrated,0,update,0,0.0,0,0.0,0,0,nan,0,nan,400,400,0.8317413000040688,400,51200,51200,51200,13107200,0.0,0,0,0,"{""0.1"": 0, ""0.2"": 0, ""0.5"": 0, ""1.0"": 0, ""2.0"": 0}",0.010678485759850087,0.17615460101777536,0.9850000000000001,0.10984375,150,0,0
paper-2,paper,2.0,LBQCD-D04-unequal-min015-K14,unequal,concentrated,LBQCD-D04-unequal-min015-K14/concentrated,1,update,0,0.0,0,0.0,0,0,nan,0,nan,400,400,0.46016570000210777,400,51200,51200,51200,13107200,0.0,0,0,0,"{""0.1"": 0, ""0.2"": 0, ""0.5"": 0, ""1.0"": 0, ""2.0"": 0}",0.020411818034373752,0.1636083867873232,0.9850000000000001,0.12027343749999998,150,0,0
paper-2,paper,2.0,LBQCD-D04-unequal-min015-K14,unequal,concentrated,LBQCD-D04-unequal-min015-K14/concentrated,2,update,0,0.0,0,0.0,0,0,nan,0,nan,400,400,0.6390921999991406,400,51200,51200,51200,13107200,0.0,0,0,0,"{""0.1"": 0, ""0.2"": 0, ""0.5"": 0, ""1.0"": 0, ""2.0"": 0}",0.016428416605696494,0.1918606058902809,0.9850000000000001,0.1501953125,100,0,0
paper-4,paper,4.0,LBQCD-D04-unequal-min015-K14,unequal,concentrated,LBQCD-D04-unequal-min015-K14/concentrated,0,update,0,0.0,0,0.0,0,0,nan,0,nan,400,400,0.6550914999970701,400,51200,51200,51200,13107200,0.0,0,0,0,"{""0.1"": 0, ""0.2"": 0, ""0.5"": 0, ""1.0"": 0, ""2.0"": 0}",0.016434277922394713,0.2036161810298919,0.9850000000000001,0.235546875,350,0,0
paper-4,paper,4.0,LBQCD-D04-unequal-min015-K14,unequal,concentrated,LBQCD-D04-unequal-min015-K14/concentrated,1,update,0,0.0,0,0.0,0,0,nan,0,nan,400,400,0.816448900004616,400,51200,51200,51200,13107200,0.0,0,0,0,"{""0.1"": 0, ""0.2"": 0, ""0.5"": 0, ""1.0"": 0, ""2.0"": 0}",0.03322797655432108,0.2095494788191821,0.9850000000000001,0.231640625,300,0,0
paper-4,paper,4.0,LBQCD-D04-unequal-min015-K14,unequal,concentrated,LBQCD-D04-unequal-min015-K14/concentrated,2,update,0,0.0,0,0.0,0,0,nan,0,nan,400,400,0.7471383999945829,400,51200,51200,51200,13107200,0.0,0,0,0,"{""0.1"": 0, ""0.2"": 0, ""0.5"": 0, ""1.0"": 0, ""2.0"": 0}",0.014918302279587792,0.19539698515479065,0.9850000000000001,0.15382812499999998,100,0,0
qld-v1,qld,0.5,LBQCD-D04-unequal-min015-K14,unequal,concentrated,LBQCD-D04-unequal-min015-K14/concentrated,0,update,0,0.7,0,0.0,0,0,nan,0,nan,400,400,0.3131668999994872,400,51200,51200,51200,3932160,501760.0,0,0,0,"{""0.1"": 0, ""0.2"": 0, ""0.5"": 0, ""1.0"": 0, ""2.0"": 0}",0.008668817865269851,0.1433865420202382,0.9850000000000001,0.1070703125,100,0,0
qld-v1,qld,0.5,LBQCD-D04-unequal-min015-K14,unequal,concentrated,LBQCD-D04-unequal-min015-K14/concentrated,1,update,0,0.7,0,0.0,0,0,nan,0,nan,400,400,0.3080206999875372,400,51200,51200,51200,3932160,501760.0,0,0,0,"{""0.1"": 0, ""0.2"": 0, ""0.5"": 0, ""1.0"": 0, ""2.0"": 0}",0.016653612572482324,0.14642015809597525,0.9850000000000001,0.081796875,100,0,0
qld-v1,qld,0.5,LBQCD-D04-unequal-min015-K14,unequal,concentrated,LBQCD-D04-unequal-min015-K14/concentrated,2,update,0,0.7,0,0.0,0,0,nan,0,nan,400,400,0.34431440000480507,400,51200,51200,51200,3932160,501760.0,0,0,0,"{""0.1"": 0, ""0.2"": 0, ""0.5"": 0, ""1.0"": 0, ""2.0"": 0}",0.014816412955096947,0.14673214173985172,0.9850000000000001,0.11273437500000001,150,0,0
rsr-M1024-f0.70-u,rsr,0.5,LBQCD-D04-unequal-min015-K14,unequal,concentrated,LBQCD-D04-unequal-min015-K14/concentrated,0,update,1024,0.7,0,0.0,0,0,nan,0,nan,400,400,1.076388700006646,4600,588800,302080,302080,3932160,5734400.0,0,0,0,"{""0.1"": 0, ""0.2"": 0, ""0.5"": 0, ""1.0"": 0, ""2.0"": 0}",0.009621234630281528,0.14780866731417225,0.9850000000000001,0.0964453125,100,0,0
rsr-M1024-f0.70-u,rsr,0.5,LBQCD-D04-unequal-min015-K14,unequal,concentrated,LBQCD-D04-unequal-min015-K14/concentrated,1,update,1024,0.7,0,0.0,0,0,nan,0,nan,400,400,1.1680652999930317,4600,588800,302080,302080,3932160,5734400.0,0,0,0,"{""0.1"": 0, ""0.2"": 0, ""0.5"": 0, ""1.0"": 0, ""2.0"": 0}",0.01662132189094212,0.13977521796684242,0.9850000000000001,0.10410156250000001,100,0,0
rsr-M1024-f0.70-u,rsr,0.5,LBQCD-D04-unequal-min015-K14,unequal,concentrated,LBQCD-D04-unequal-min015-K14/concentrated,2,update,1024,0.7,0,0.0,0,0,nan,0,nan,400,400,1.1092330000101356,4600,588800,302080,302080,3932160,5734400.0,0,0,0,"{""0.1"": 0, ""0.2"": 0, ""0.5"": 0, ""1.0"": 0, ""2.0"": 0}",0.012344229240590643,0.15708234365429813,0.9850000000000001,0.08750000000000004,100,0,0
gated-M1024-f0.70-u,gated,0.5,LBQCD-D04-unequal-min015-K14,unequal,missing,LBQCD-D04-unequal-min015-K14/missing,0,update,1024,0.7,0,0.0,4096,1,1.875,13,666.061212350473,400,400,1.1514841999887722,4600,588800,302080,302080,3932160,5734400.0,0,0,0,"{""0.1"": 0, ""0.2"": 0, ""0.5"": 0, ""1.0"": 0, ""2.0"": 0}",0.01656908664685197,0.15797503344665037,0.9850000000000001,0.1468359375,100,0,0
gated-M1024-f0.70-u,gated,0.5,LBQCD-D04-unequal-min015-K14,unequal,missing,LBQCD-D04-unequal-min015-K14/missing,1,update,1024,0.7,0,0.0,4096,1,2.5,13,682.023115108316,400,400,1.209195000003092,4600,588800,302080,302080,3932160,5734400.0,0,0,0,"{""0.1"": 0, ""0.2"": 0, ""0.5"": 0, ""1.0"": 0, ""2.0"": 0}",0.01258856163646005,0.16076089326698345,0.9650000000000001,0.11832031250000004,150,0,0
gated-M1024-f0.70-u,gated,0.5,LBQCD-D04-unequal-min015-K14,unequal,missing,LBQCD-D04-unequal-min015-K14/missing,2,update,1024,0.7,0,0.0,4096,1,1.9375,13,702.7921718718204,400,400,1.1925807000079658,4600,588800,302080,302080,3932160,5734400.0,0,0,0,"{""0.1"": 0, ""0.2"": 0, ""0.5"": 0, ""1.0"": 0, ""2.0"": 0}",0.026705851375997014,0.1652017997709429,0.9850000000000001,0.1253515625,100,0,0
paper-0.2,paper,0.2,LBQCD-D04-unequal-min015-K14,unequal,missing,LBQCD-D04-unequal-min015-K14/missing,0,update,0,0.0,0,0.0,0,0,nan,0,nan,400,400,0.6686797000002116,400,51200,51200,51200,13107200,0.0,0,0,0,"{""0.1"": 0, ""0.2"": 0, ""0.5"": 0, ""1.0"": 0, ""2.0"": 0}",0.04710631241108576,0.21403781392701773,1.0,0.1295703125,100,0,0
paper-0.2,paper,0.2,LBQCD-D04-unequal-min015-K14,unequal,missing,LBQCD-D04-unequal-min015-K14/missing,1,update,0,0.0,0,0.0,0,0,nan,0,nan,400,400,0.46695199998794124,400,51200,51200,51200,13107200,0.0,0,0,0,"{""0.1"": 0, ""0.2"": 0, ""0.5"": 0, ""1.0"": 0, ""2.0"": 0}",0.007742642321715287,0.21171412753750807,1.0,0.13117187500000005,100,0,0
paper-0.2,paper,0.2,LBQCD-D04-unequal-min015-K14,unequal,missing,LBQCD-D04-unequal-min015-K14/missing,2,update,0,0.0,0,0.0,0,0,nan,0,nan,400,400,0.6740907000057632,400,51200,51200,51200,13107200,0.0,0,0,0,"{""0.1"": 0, ""0.2"": 0, ""0.5"": 0, ""1.0"": 0, ""2.0"": 0}",0.01861052999536117,0.30500685177293396,1.0,0.18890625,100,0,0
paper-0.5,paper,0.5,LBQCD-D04-unequal-min015-K14,unequal,missing,LBQCD-D04-unequal-min015-K14/missing,0,update,0,0.0,0,0.0,0,0,nan,0,nan,400,400,0.653488700001617,400,51200,51200,51200,13107200,0.0,0,0,0,"{""0.1"": 0, ""0.2"": 0, ""0.5"": 0, ""1.0"": 0, ""2.0"": 0}",0.021600614904234483,0.13382327082586426,1.0,0.08269531249999999,100,0,0
paper-0.5,paper,0.5,LBQCD-D04-unequal-min015-K14,unequal,missing,LBQCD-D04-unequal-min015-K14/missing,1,update,0,0.0,0,0.0,0,0,nan,0,nan,400,400,0.5043639000068652,400,51200,51200,51200,13107200,0.0,0,0,0,"{""0.1"": 0, ""0.2"": 0, ""0.5"": 0, ""1.0"": 0, ""2.0"": 0}",0.02140536489656686,0.18913490129906493,1.0,0.106484375,150,0,0
paper-0.5,paper,0.5,LBQCD-D04-unequal-min015-K14,unequal,missing,LBQCD-D04-unequal-min015-K14/missing,2,update,0,0.0,0,0.0,0,0,nan,0,nan,400,400,0.7542937999969581,400,51200,51200,51200,13107200,0.0,0,0,0,"{""0.1"": 0, ""0.2"": 0, ""0.5"": 0, ""1.0"": 0, ""2.0"": 0}",0.023260547257993647,0.24525455379539357,1.0,0.12499999999999999,100,0,0
paper-1,paper,1.0,LBQCD-D04-unequal-min015-K14,unequal,missing,LBQCD-D04-unequal-min015-K14/missing,0,update,0,0.0,0,0.0,0,0,nan,0,nan,400,400,0.7679661000001943,400,51200,51200,51200,13107200,0.0,0,0,0,"{""0.1"": 0, ""0.2"": 0, ""0.5"": 0, ""1.0"": 0, ""2.0"": 0}",0.02881938668034678,0.16760031852066962,0.9850000000000001,0.17757812500000003,100,0,0
paper-1,paper,1.0,LBQCD-D04-unequal-min015-K14,unequal,missing,LBQCD-D04-unequal-min015-K14/missing,1,update,0,0.0,0,0.0,0,0,nan,0,nan,400,400,0.5196576999878744,400,51200,51200,51200,13107200,0.0,0,0,0,"{""0.1"": 0, ""0.2"": 0, ""0.5"": 0, ""1.0"": 0, ""2.0"": 0}",0.021608994677775772,0.23435471315190534,1.0,0.1304296875,150,0,0
paper-1,paper,1.0,LBQCD-D04-unequal-min015-K14,unequal,missing,LBQCD-D04-unequal-min015-K14/missing,2,update,0,0.0,0,0.0,0,0,nan,0,nan,400,400,0.8099706999928458,400,51200,51200,51200,13107200,0.0,0,0,0,"{""0.1"": 0, ""0.2"": 0, ""0.5"": 0, ""1.0"": 0, ""2.0"": 0}",0.01950718986968525,0.2251388466598498,0.9850000000000001,0.1201953125,150,0,0
paper-2,paper,2.0,LBQCD-D04-unequal-min015-K14,unequal,missing,LBQCD-D04-unequal-min015-K14/missing,0,update,0,0.0,0,0.0,0,0,nan,0,nan,400,400,0.6934245999873383,400,51200,51200,51200,13107200,0.0,0,0,0,"{""0.1"": 0, ""0.2"": 0, ""0.5"": 0, ""1.0"": 0, ""2.0"": 0}",0.03710649578069525,0.2075301277649252,0.9650000000000001,0.19472656250000003,150,0,0
paper-2,paper,2.0,LBQCD-D04-unequal-min015-K14,unequal,missing,LBQCD-D04-unequal-min015-K14/missing,1,update,0,0.0,0,0.0,0,0,nan,0,nan,400,400,0.5272743999958038,400,51200,51200,51200,13107200,0.0,0,0,0,"{""0.1"": 0, ""0.2"": 0, ""0.5"": 0, ""1.0"": 0, ""2.0"": 0}",0.023278321618271924,0.24419918379763134,0.9650000000000001,0.1941015625,200,0,0
paper-2,paper,2.0,LBQCD-D04-unequal-min015-K14,unequal,missing,LBQCD-D04-unequal-min015-K14/missing,2,update,0,0.0,0,0.0,0,0,nan,0,nan,400,400,0.6238784000015585,400,51200,51200,51200,13107200,0.0,0,0,0,"{""0.1"": 0, ""0.2"": 0, ""0.5"": 0, ""1.0"": 0, ""2.0"": 0}",0.02966983289591152,0.2242988197431825,0.9650000000000001,0.17402343750000004,150,0,0
paper-4,paper,4.0,LBQCD-D04-unequal-min015-K14,unequal,missing,LBQCD-D04-unequal-min015-K14/missing,0,update,0,0.0,0,0.0,0,0,nan,0,nan,400,400,0.5106585000030464,400,51200,51200,51200,13107200,0.0,0,0,0,"{""0.1"": 0, ""0.2"": 0, ""0.5"": 0, ""1.0"": 0, ""2.0"": 0}",0.05846926526710128,0.30667885385458266,0.9450000000000001,0.19949218750000003,300,0,0
paper-4,paper,4.0,LBQCD-D04-unequal-min015-K14,unequal,missing,LBQCD-D04-unequal-min015-K14/missing,1,update,0,0.0,0,0.0,0,0,nan,0,nan,400,400,0.5447618999896804,400,51200,51200,51200,13107200,0.0,0,0,0,"{""0.1"": 0, ""0.2"": 0, ""0.5"": 0, ""1.0"": 0, ""2.0"": 0}",0.08757589776823016,0.5308339086696154,0.915,0.3894140625000001,400,0,0
paper-4,paper,4.0,LBQCD-D04-unequal-min015-K14,unequal,missing,LBQCD-D04-unequal-min015-K14/missing,2,update,0,0.0,0,0.0,0,0,nan,0,nan,400,400,0.7036956999945687,400,51200,51200,51200,13107200,0.0,0,0,0,"{""0.1"": 0, ""0.2"": 0, ""0.5"": 0, ""1.0"": 0, ""2.0"": 0}",0.07272548038676874,0.30558146436196143,0.9450000000000001,0.1812109375,200,0,0
qld-v1,qld,0.5,LBQCD-D04-unequal-min015-K14,unequal,missing,LBQCD-D04-unequal-min015-K14/missing,0,update,0,0.7,0,0.0,0,0,nan,0,nan,400,400,0.4077802999963751,400,51200,51200,51200,3932160,501760.0,0,0,0,"{""0.1"": 0, ""0.2"": 0, ""0.5"": 0, ""1.0"": 0, ""2.0"": 0}",0.018659831205527944,0.16903112527275435,0.9650000000000001,0.1663671875,100,0,0
qld-v1,qld,0.5,LBQCD-D04-unequal-min015-K14,unequal,missing,LBQCD-D04-unequal-min015-K14/missing,1,update,0,0.7,0,0.0,0,0,nan,0,nan,400,400,0.23384829999122303,400,51200,51200,51200,3932160,501760.0,0,0,0,"{""0.1"": 0, ""0.2"": 0, ""0.5"": 0, ""1.0"": 0, ""2.0"": 0}",0.014336694761002633,0.17248036509916548,0.9650000000000001,0.143359375,150,0,0
qld-v1,qld,0.5,LBQCD-D04-unequal-min015-K14,unequal,missing,LBQCD-D04-unequal-min015-K14/missing,2,update,0,0.7,0,0.0,0,0,nan,0,nan,400,400,0.34798330000194255,400,51200,51200,51200,3932160,501760.0,0,0,0,"{""0.1"": 0, ""0.2"": 0, ""0.5"": 0, ""1.0"": 0, ""2.0"": 0}",0.025114419569023383,0.18306321955715804,0.9850000000000001,0.12421875000000003,150,0,0
rsr-M1024-f0.70-u,rsr,0.5,LBQCD-D04-unequal-min015-K14,unequal,missing,LBQCD-D04-unequal-min015-K14/missing,0,update,1024,0.7,0,0.0,0,0,nan,0,nan,400,400,1.06725040001038,4600,588800,302080,302080,3932160,5734400.0,0,0,0,"{""0.1"": 0, ""0.2"": 0, ""0.5"": 0, ""1.0"": 0, ""2.0"": 0}",0.01656908664685197,0.15797503344665037,0.9850000000000001,0.1468359375,100,0,0
rsr-M1024-f0.70-u,rsr,0.5,LBQCD-D04-unequal-min015-K14,unequal,missing,LBQCD-D04-unequal-min015-K14/missing,1,update,1024,0.7,0,0.0,0,0,nan,0,nan,400,400,1.128205999993952,4600,588800,302080,302080,3932160,5734400.0,0,0,0,"{""0.1"": 0, ""0.2"": 0, ""0.5"": 0, ""1.0"": 0, ""2.0"": 0}",0.01258856163646005,0.16076089326698345,0.9650000000000001,0.11832031250000004,150,0,0
rsr-M1024-f0.70-u,rsr,0.5,LBQCD-D04-unequal-min015-K14,unequal,missing,LBQCD-D04-unequal-min015-K14/missing,2,update,1024,0.7,0,0.0,0,0,nan,0,nan,400,400,1.1164754000055837,4600,588800,302080,302080,3932160,5734400.0,0,0,0,"{""0.1"": 0, ""0.2"": 0, ""0.5"": 0, ""1.0"": 0, ""2.0"": 0}",0.026705851375997014,0.1652017997709429,0.9850000000000001,0.1253515625,100,0,0
gated-M1024-f0.70-u,gated,0.5,LBQCD-D05-unequal-min010-K18,unequal,concentrated,LBQCD-D05-unequal-min010-K18/concentrated,0,update,1024,0.7,0,0.0,4096,1,1.5625,17,395.32381538293623,400,400,1.1837860000086948,4600,588800,302080,302080,3932160,5734400.0,0,0,0,"{""0.1"": 0, ""0.2"": 0, ""0.5"": 0, ""1.0"": 0, ""2.0"": 0}",0.00906706032160498,0.16147784422847727,0.9899999999999999,0.09531939338235296,150,0,0
gated-M1024-f0.70-u,gated,0.5,LBQCD-D05-unequal-min010-K18,unequal,concentrated,LBQCD-D05-unequal-min010-K18/concentrated,1,update,1024,0.7,0,0.0,4096,1,6.3125,16,374.8162781869742,400,400,1.1144159999967087,4600,588800,302080,302080,3932160,5734400.0,0,0,0,"{""0.1"": 0, ""0.2"": 0, ""0.5"": 0, ""1.0"": 0, ""2.0"": 0}",0.011124690627625444,0.16556601466146764,0.9899999999999999,0.11582720588235296,150,0,0
gated-M1024-f0.70-u,gated,0.5,LBQCD-D05-unequal-min010-K18,unequal,concentrated,LBQCD-D05-unequal-min010-K18/concentrated,2,update,1024,0.7,0,0.0,4096,1,6.5,16,386.9830265657726,400,400,1.0293826999986777,4600,588800,302080,302080,3932160,5734400.0,0,0,0,"{""0.1"": 0, ""0.2"": 0, ""0.5"": 0, ""1.0"": 0, ""2.0"": 0}",0.029356868505865386,0.15448896149232172,0.9899999999999999,0.11146369485294116,150,0,0
paper-0.2,paper,0.2,LBQCD-D05-unequal-min010-K18,unequal,concentrated,LBQCD-D05-unequal-min010-K18/concentrated,0,update,0,0.0,0,0.0,0,0,nan,0,nan,400,400,0.5262180999998236,400,51200,51200,51200,13107200,0.0,0,0,0,"{""0.1"": 0, ""0.2"": 0, ""0.5"": 0, ""1.0"": 0, ""2.0"": 0}",0.016180571878987138,0.1779518740177302,0.9999999999999999,0.08997931985294116,150,0,0
paper-0.2,paper,0.2,LBQCD-D05-unequal-min010-K18,unequal,concentrated,LBQCD-D05-unequal-min010-K18/concentrated,1,update,0,0.0,0,0.0,0,0,nan,0,nan,400,400,0.7284539999964181,400,51200,51200,51200,13107200,0.0,0,0,0,"{""0.1"": 0, ""0.2"": 0, ""0.5"": 0, ""1.0"": 0, ""2.0"": 0}",0.016019651292647374,0.22236443614069595,0.9999999999999999,0.08189568014705884,50,0,0
paper-0.2,paper,0.2,LBQCD-D05-unequal-min010-K18,unequal,concentrated,LBQCD-D05-unequal-min010-K18/concentrated,2,update,0,0.0,0,0.0,0,0,nan,0,nan,400,400,0.8791021999932127,400,51200,51200,51200,13107200,0.0,0,0,0,"{""0.1"": 0, ""0.2"": 0, ""0.5"": 0, ""1.0"": 0, ""2.0"": 0}",0.03368873670869643,0.13203234453377977,0.9999999999999999,0.08365119485294115,100,0,0
paper-0.5,paper,0.5,LBQCD-D05-unequal-min010-K18,unequal,concentrated,LBQCD-D05-unequal-min010-K18/concentrated,0,update,0,0.0,0,0.0,0,0,nan,0,nan,400,400,0.6088272999913897,400,51200,51200,51200,13107200,0.0,0,0,0,"{""0.1"": 0, ""0.2"": 0, ""0.5"": 0, ""1.0"": 0, ""2.0"": 0}",0.015158013832336614,0.156474376923239,0.9899999999999999,0.10189568014705885,100,0,0
paper-0.5,paper,0.5,LBQCD-D05-unequal-min010-K18,unequal,concentrated,LBQCD-D05-unequal-min010-K18/concentrated,1,update,0,0.0,0,0.0,0,0,nan,0,nan,400,400,0.8516190000082133,400,51200,51200,51200,13107200,0.0,0,0,0,"{""0.1"": 0, ""0.2"": 0, ""0.5"": 0, ""1.0"": 0, ""2.0"": 0}",0.008199544145223392,0.14511750412547986,0.9999999999999999,0.10462775735294116,100,0,0
paper-0.5,paper,0.5,LBQCD-D05-unequal-min010-K18,unequal,concentrated,LBQCD-D05-unequal-min010-K18/concentrated,2,update,0,0.0,0,0.0,0,0,nan,0,nan,400,400,0.6131677000084892,400,51200,51200,51200,13107200,0.0,0,0,0,"{""0.1"": 0, ""0.2"": 0, ""0.5"": 0, ""1.0"": 0, ""2.0"": 0}",0.021825103971473858,0.11516160886431581,0.9899999999999999,0.08848345588235296,100,0,0
paper-1,paper,1.0,LBQCD-D05-unequal-min010-K18,unequal,concentrated,LBQCD-D05-unequal-min010-K18/concentrated,0,update,0,0.0,0,0.0,0,0,nan,0,nan,400,400,0.7640461000119103,400,51200,51200,51200,13107200,0.0,0,0,0,"{""0.1"": 0, ""0.2"": 0, ""0.5"": 0, ""1.0"": 0, ""2.0"": 0}",0.021214130323048863,0.13440084077377806,0.9899999999999999,0.11094439338235296,200,0,0
paper-1,paper,1.0,LBQCD-D05-unequal-min010-K18,unequal,concentrated,LBQCD-D05-unequal-min010-K18/concentrated,1,update,0,0.0,0,0.0,0,0,nan,0,nan,400,400,0.5426597000041511,400,51200,51200,51200,13107200,0.0,0,0,0,"{""0.1"": 0, ""0.2"": 0, ""0.5"": 0, ""1.0"": 0, ""2.0"": 0}",0.007969552745659136,0.1365160869206353,0.9899999999999999,0.10925091911764706,200,0,0
paper-1,paper,1.0,LBQCD-D05-unequal-min010-K18,unequal,concentrated,LBQCD-D05-unequal-min010-K18/concentrated,2,update,0,0.0,0,0.0,0,0,nan,0,nan,400,400,0.8582159000070533,400,51200,51200,51200,13107200,0.0,0,0,0,"{""0.1"": 0, ""0.2"": 0, ""0.5"": 0, ""1.0"": 0, ""2.0"": 0}",0.020311354468671716,0.12101001928947407,0.9899999999999999,0.11953584558823527,150,0,0
paper-2,paper,2.0,LBQCD-D05-unequal-min010-K18,unequal,concentrated,LBQCD-D05-unequal-min010-K18/concentrated,0,update,0,0.0,0,0.0,0,0,nan,0,nan,400,400,0.7206148999975994,400,51200,51200,51200,13107200,0.0,0,0,0,"{""0.1"": 0, ""0.2"": 0, ""0.5"": 0, ""1.0"": 0, ""2.0"": 0}",0.029230310221787015,0.13895681760043727,0.9317647058823528,0.18516314338235296,350,0,0
paper-2,paper,2.0,LBQCD-D05-unequal-min010-K18,unequal,concentrated,LBQCD-D05-unequal-min010-K18/concentrated,1,update,0,0.0,0,0.0,0,0,nan,0,nan,400,400,0.516888400001335,400,51200,51200,51200,13107200,0.0,0,0,0,"{""0.1"": 0, ""0.2"": 0, ""0.5"": 0, ""1.0"": 0, ""2.0"": 0}",0.011038220487669559,0.15794570620634193,0.9317647058823528,0.23841681985294116,200,0,0
paper-2,paper,2.0,LBQCD-D05-unequal-min010-K18,unequal,concentrated,LBQCD-D05-unequal-min010-K18/concentrated,2,update,0,0.0,0,0.0,0,0,nan,0,nan,400,400,0.48505000000295695,400,51200,51200,51200,13107200,0.0,0,0,0,"{""0.1"": 0, ""0.2"": 0, ""0.5"": 0, ""1.0"": 0, ""2.0"": 0}",0.03387466032226438,0.1620063300097798,0.9317647058823528,0.25794806985294116,250,0,0
paper-4,paper,4.0,LBQCD-D05-unequal-min010-K18,unequal,concentrated,LBQCD-D05-unequal-min010-K18/concentrated,0,update,0,0.0,0,0.0,0,0,nan,0,nan,400,400,0.6071149999916088,400,51200,51200,51200,13107200,0.0,0,0,0,"{""0.1"": 0, ""0.2"": 0, ""0.5"": 0, ""1.0"": 0, ""2.0"": 0}",0.027552572874407044,0.15150140784933308,0.9317647058823528,0.22350873161764706,350,0,0
paper-4,paper,4.0,LBQCD-D05-unequal-min010-K18,unequal,concentrated,LBQCD-D05-unequal-min010-K18/concentrated,1,update,0,0.0,0,0.0,0,0,nan,0,nan,400,400,0.5131108000059612,400,51200,51200,51200,13107200,0.0,0,0,0,"{""0.1"": 0, ""0.2"": 0, ""0.5"": 0, ""1.0"": 0, ""2.0"": 0}",0.014646536721667935,0.18540799267725863,0.9317647058823528,0.25527803308823527,350,0,0
paper-4,paper,4.0,LBQCD-D05-unequal-min010-K18,unequal,concentrated,LBQCD-D05-unequal-min010-K18/concentrated,2,update,0,0.0,0,0.0,0,0,nan,0,nan,400,400,0.736231199989561,400,51200,51200,51200,13107200,0.0,0,0,0,"{""0.1"": 0, ""0.2"": 0, ""0.5"": 0, ""1.0"": 0, ""2.0"": 0}",0.0421881835043143,0.20068272914034033,0.8735294117647058,0.39759650735294116,400,1,0
qld-v1,qld,0.5,LBQCD-D05-unequal-min010-K18,unequal,concentrated,LBQCD-D05-unequal-min010-K18/concentrated,0,update,0,0.7,0,0.0,0,0,nan,0,nan,400,400,0.31054259999655187,400,51200,51200,51200,3932160,501760.0,0,0,0,"{""0.1"": 0, ""0.2"": 0, ""0.5"": 0, ""1.0"": 0, ""2.0"": 0}",0.013716055360304402,0.12934470828148675,0.9899999999999999,0.07974494485294115,200,0,0
qld-v1,qld,0.5,LBQCD-D05-unequal-min010-K18,unequal,concentrated,LBQCD-D05-unequal-min010-K18/concentrated,1,update,0,0.7,0,0.0,0,0,nan,0,nan,400,400,0.27530599999590777,400,51200,51200,51200,3932160,501760.0,0,0,0,"{""0.1"": 0, ""0.2"": 0, ""0.5"": 0, ""1.0"": 0, ""2.0"": 0}",0.011647479306552633,0.204485243900914,0.9899999999999999,0.12806525735294116,200,0,0
qld-v1,qld,0.5,LBQCD-D05-unequal-min010-K18,unequal,concentrated,LBQCD-D05-unequal-min010-K18/concentrated,2,update,0,0.7,0,0.0,0,0,nan,0,nan,400,400,0.37783159999526106,400,51200,51200,51200,3932160,501760.0,0,0,0,"{""0.1"": 0, ""0.2"": 0, ""0.5"": 0, ""1.0"": 0, ""2.0"": 0}",0.021234708680011316,0.12142688521383745,0.9899999999999999,0.11022748161764706,150,0,0
rsr-M1024-f0.70-u,rsr,0.5,LBQCD-D05-unequal-min010-K18,unequal,concentrated,LBQCD-D05-unequal-min010-K18/concentrated,0,update,1024,0.7,0,0.0,0,0,nan,0,nan,400,400,1.2169710000016494,4600,588800,302080,302080,3932160,5734400.0,0,0,0,"{""0.1"": 0, ""0.2"": 0, ""0.5"": 0, ""1.0"": 0, ""2.0"": 0}",0.00906706032160498,0.16147784422847727,0.9899999999999999,0.09531939338235296,150,0,0
rsr-M1024-f0.70-u,rsr,0.5,LBQCD-D05-unequal-min010-K18,unequal,concentrated,LBQCD-D05-unequal-min010-K18/concentrated,1,update,1024,0.7,0,0.0,0,0,nan,0,nan,400,400,1.1241643999965163,4600,588800,302080,302080,3932160,5734400.0,0,0,0,"{""0.1"": 0, ""0.2"": 0, ""0.5"": 0, ""1.0"": 0, ""2.0"": 0}",0.011124690627625444,0.16556601466146764,0.9899999999999999,0.11582720588235296,150,0,0
rsr-M1024-f0.70-u,rsr,0.5,LBQCD-D05-unequal-min010-K18,unequal,concentrated,LBQCD-D05-unequal-min010-K18/concentrated,2,update,1024,0.7,0,0.0,0,0,nan,0,nan,400,400,1.1834794000023976,4600,588800,302080,302080,3932160,5734400.0,0,0,0,"{""0.1"": 0, ""0.2"": 0, ""0.5"": 0, ""1.0"": 0, ""2.0"": 0}",0.029356868505865386,0.15448896149232172,0.9899999999999999,0.11146369485294116,150,0,0
gated-M1024-f0.70-u,gated,0.5,LBQCD-D05-unequal-min010-K18,unequal,missing,LBQCD-D05-unequal-min010-K18/missing,0,update,1024,0.7,0,0.0,4096,1,1.5,17,371.26168030887055,400,400,1.1464022000000114,4600,588800,302080,302080,3932160,5734400.0,0,0,0,"{""0.1"": 0, ""0.2"": 0, ""0.5"": 0, ""1.0"": 0, ""2.0"": 0}",0.027372299918043907,0.19057454556269302,0.9999999999999999,0.16496553308823525,200,0,0
gated-M1024-f0.70-u,gated,0.5,LBQCD-D05-unequal-min010-K18,unequal,missing,LBQCD-D05-unequal-min010-K18/missing,1,update,1024,0.7,0,0.0,4096,1,6.5625,16,377.1733801482413,400,400,1.194592300002114,4600,588800,302080,302080,3932160,5734400.0,0,0,0,"{""0.1"": 0, ""0.2"": 0, ""0.5"": 0, ""1.0"": 0, ""2.0"": 0}",0.010934615831052152,0.14668752707021404,0.9417647058823528,0.24797334558823525,200,0,0
gated-M1024-f0.70-u,gated,0.5,LBQCD-D05-unequal-min010-K18,unequal,missing,LBQCD-D05-unequal-min010-K18/missing,2,update,1024,0.7,0,0.0,4096,1,6.0,16,381.00622750420666,400,400,1.1760713000112446,4600,588800,302080,302080,3932160,5734400.0,0,0,0,"{""0.1"": 0, ""0.2"": 0, ""0.5"": 0, ""1.0"": 0, ""2.0"": 0}",0.006968509763721986,0.1601687535783399,0.9999999999999999,0.18619025735294115,200,0,0
paper-0.2,paper,0.2,LBQCD-D05-unequal-min010-K18,unequal,missing,LBQCD-D05-unequal-min010-K18/missing,0,update,0,0.0,0,0.0,0,0,nan,0,nan,400,400,0.7123587999958545,400,51200,51200,51200,13107200,0.0,0,0,0,"{""0.1"": 0, ""0.2"": 0, ""0.5"": 0, ""1.0"": 0, ""2.0"": 0}",0.008714366983845423,0.12821073429816138,0.9999999999999999,0.08091911764705884,150,0,0
paper-0.2,paper,0.2,LBQCD-D05-unequal-min010-K18,unequal,missing,LBQCD-D05-unequal-min010-K18/missing,1,update,0,0.0,0,0.0,0,0,nan,0,nan,400,400,0.7395662000053562,400,51200,51200,51200,13107200,0.0,0,0,0,"{""0.1"": 0, ""0.2"": 0, ""0.5"": 0, ""1.0"": 0, ""2.0"": 0}",0.012458742254102706,0.24392930383746758,0.9999999999999999,0.12441865808823527,150,0,0
paper-0.2,paper,0.2,LBQCD-D05-unequal-min010-K18,unequal,missing,LBQCD-D05-unequal-min010-K18/missing,2,update,0,0.0,0,0.0,0,0,nan,0,nan,400,400,0.5814187999931164,400,51200,51200,51200,13107200,0.0,0,0,0,"{""0.1"": 0, ""0.2"": 0, ""0.5"": 0, ""1.0"": 0, ""2.0"": 0}",0.024504813999870034,0.20621181092189306,0.9999999999999999,0.11341681985294116,100,0,0
paper-0.5,paper,0.5,LBQCD-D05-unequal-min010-K18,unequal,missing,LBQCD-D05-unequal-min010-K18/missing,0,update,0,0.0,0,0.0,0,0,nan,0,nan,400,400,0.7251872999913758,400,51200,51200,51200,13107200,0.0,0,0,0,"{""0.1"": 0, ""0.2"": 0, ""0.5"": 0, ""1.0"": 0, ""2.0"": 0}",0.009410876881835506,0.15669837830591424,0.9999999999999999,0.07948529411764704,150,0,0
paper-0.5,paper,0.5,LBQCD-D05-unequal-min010-K18,unequal,missing,LBQCD-D05-unequal-min010-K18/missing,1,update,0,0.0,0,0.0,0,0,nan,0,nan,400,400,0.6281837999995332,400,51200,51200,51200,13107200,0.0,0,0,0,"{""0.1"": 0, ""0.2"": 0, ""0.5"": 0, ""1.0"": 0, ""2.0"": 0}",0.005584517303092618,0.19829798008457236,0.9999999999999999,0.07917509191176475,150,0,0
paper-0.5,paper,0.5,LBQCD-D05-unequal-min010-K18,unequal,missing,LBQCD-D05-unequal-min010-K18/missing,2,update,0,0.0,0,0.0,0,0,nan,0,nan,400,400,0.755329299994628,400,51200,51200,51200,13107200,0.0,0,0,0,"{""0.1"": 0, ""0.2"": 0, ""0.5"": 0, ""1.0"": 0, ""2.0"": 0}",0.008322446928958893,0.12422762656489292,0.9999999999999999,0.08653033088235296,100,0,0
paper-1,paper,1.0,LBQCD-D05-unequal-min010-K18,unequal,missing,LBQCD-D05-unequal-min010-K18/missing,0,update,0,0.0,0,0.0,0,0,nan,0,nan,400,400,0.8220559999899706,400,51200,51200,51200,13107200,0.0,0,0,0,"{""0.1"": 0, ""0.2"": 0, ""0.5"": 0, ""1.0"": 0, ""2.0"": 0}",0.009774297134544696,0.17474037282684776,0.9999999999999999,0.14517463235294115,150,0,0
paper-1,paper,1.0,LBQCD-D05-unequal-min010-K18,unequal,missing,LBQCD-D05-unequal-min010-K18/missing,1,update,0,0.0,0,0.0,0,0,nan,0,nan,400,400,0.5996562999935122,400,51200,51200,51200,13107200,0.0,0,0,0,"{""0.1"": 0, ""0.2"": 0, ""0.5"": 0, ""1.0"": 0, ""2.0"": 0}",0.01140849251565923,0.1869083883759178,0.9999999999999999,0.13052619485294115,200,0,0
paper-1,paper,1.0,LBQCD-D05-unequal-min010-K18,unequal,missing,LBQCD-D05-unequal-min010-K18/missing,2,update,0,0.0,0,0.0,0,0,nan,0,nan,400,400,0.48776650000945665,400,51200,51200,51200,13107200,0.0,0,0,0,"{""0.1"": 0, ""0.2"": 0, ""0.5"": 0, ""1.0"": 0, ""2.0"": 0}",0.00822005720413621,0.1840423577365383,0.9999999999999999,0.11536994485294116,150,0,0
paper-2,paper,2.0,LBQCD-D05-unequal-min010-K18,unequal,missing,LBQCD-D05-unequal-min010-K18/missing,0,update,0,0.0,0,0.0,0,0,nan,0,nan,400,400,0.6797966999874916,400,51200,51200,51200,13107200,0.0,0,0,0,"{""0.1"": 0, ""0.2"": 0, ""0.5"": 0, ""1.0"": 0, ""2.0"": 0}",0.015090478064907487,0.19364222315623797,0.9999999999999999,0.20038143382352935,300,0,0
paper-2,paper,2.0,LBQCD-D05-unequal-min010-K18,unequal,missing,LBQCD-D05-unequal-min010-K18/missing,1,update,0,0.0,0,0.0,0,0,nan,0,nan,400,400,0.5213235000119312,400,51200,51200,51200,13107200,0.0,0,0,0,"{""0.1"": 0, ""0.2"": 0, ""0.5"": 0, ""1.0"": 0, ""2.0"": 0}",0.012908227225561841,0.23157565688540493,0.9417647058823528,0.23430147058823525,400,0,0
paper-2,paper,2.0,LBQCD-D05-unequal-min010-K18,unequal,missing,LBQCD-D05-unequal-min010-K18/missing,2,update,0,0.0,0,0.0,0,0,nan,0,nan,400,400,0.585198600005242,400,51200,51200,51200,13107200,0.0,0,0,0,"{""0.1"": 0, ""0.2"": 0, ""0.5"": 0, ""1.0"": 0, ""2.0"": 0}",0.016252317568358876,0.2233345334559467,0.9999999999999999,0.21959099264705884,250,0,0
paper-4,paper,4.0,LBQCD-D05-unequal-min010-K18,unequal,missing,LBQCD-D05-unequal-min010-K18/missing,0,update,0,0.0,0,0.0,0,0,nan,0,nan,400,400,0.80189160000009,400,51200,51200,51200,13107200,0.0,0,0,0,"{""0.1"": 0, ""0.2"": 0, ""0.5"": 0, ""1.0"": 0, ""2.0"": 0}",0.05387121421298513,0.31408041236260126,0.8835294117647058,0.37056295955882346,400,1,0
paper-4,paper,4.0,LBQCD-D05-unequal-min010-K18,unequal,missing,LBQCD-D05-unequal-min010-K18/missing,1,update,0,0.0,0,0.0,0,0,nan,0,nan,400,400,0.7887479000055464,400,51200,51200,51200,13107200,0.0,0,0,0,"{""0.1"": 0, ""0.2"": 0, ""0.5"": 0, ""1.0"": 0, ""2.0"": 0}",0.03909367031193778,0.36337360625046883,0.8835294117647058,0.39152803308823525,400,1,0
paper-4,paper,4.0,LBQCD-D05-unequal-min010-K18,unequal,missing,LBQCD-D05-unequal-min010-K18/missing,2,update,0,0.0,0,0.0,0,0,nan,0,nan,400,400,0.6805142999946838,400,51200,51200,51200,13107200,0.0,0,0,0,"{""0.1"": 0, ""0.2"": 0, ""0.5"": 0, ""1.0"": 0, ""2.0"": 0}",0.08016348377407745,0.5294185306714295,0.8835294117647058,0.41301240808823525,400,1,0
qld-v1,qld,0.5,LBQCD-D05-unequal-min010-K18,unequal,missing,LBQCD-D05-unequal-min010-K18/missing,0,update,0,0.7,0,0.0,0,0,nan,0,nan,400,400,0.4219292000052519,400,51200,51200,51200,3932160,501760.0,0,0,0,"{""0.1"": 0, ""0.2"": 0, ""0.5"": 0, ""1.0"": 0, ""2.0"": 0}",0.022387703726780117,0.17676265556671283,0.9999999999999999,0.20988740808823525,250,0,0
qld-v1,qld,0.5,LBQCD-D05-unequal-min010-K18,unequal,missing,LBQCD-D05-unequal-min010-K18/missing,1,update,0,0.7,0,0.0,0,0,nan,0,nan,400,400,0.413554099999601,400,51200,51200,51200,3932160,501760.0,0,0,0,"{""0.1"": 0, ""0.2"": 0, ""0.5"": 0, ""1.0"": 0, ""2.0"": 0}",0.02657261188729665,0.37527593280107074,0.9417647058823528,0.28071920955882346,300,0,0
qld-v1,qld,0.5,LBQCD-D05-unequal-min010-K18,unequal,missing,LBQCD-D05-unequal-min010-K18/missing,2,update,0,0.7,0,0.0,0,0,nan,0,nan,400,400,0.3038107000029413,400,51200,51200,51200,3932160,501760.0,0,0,0,"{""0.1"": 0, ""0.2"": 0, ""0.5"": 0, ""1.0"": 0, ""2.0"": 0}",0.013071855907169638,0.231979567382673,0.9417647058823528,0.26210248161764704,250,0,0
rsr-M1024-f0.70-u,rsr,0.5,LBQCD-D05-unequal-min010-K18,unequal,missing,LBQCD-D05-unequal-min010-K18/missing,0,update,1024,0.7,0,0.0,0,0,nan,0,nan,400,400,1.0841249000077369,4600,588800,302080,302080,3932160,5734400.0,0,0,0,"{""0.1"": 0, ""0.2"": 0, ""0.5"": 0, ""1.0"": 0, ""2.0"": 0}",0.027372299918043907,0.19057454556269302,0.9999999999999999,0.16496553308823525,200,0,0
rsr-M1024-f0.70-u,rsr,0.5,LBQCD-D05-unequal-min010-K18,unequal,missing,LBQCD-D05-unequal-min010-K18/missing,1,update,1024,0.7,0,0.0,0,0,nan,0,nan,400,400,1.0846990999998525,4600,588800,302080,302080,3932160,5734400.0,0,0,0,"{""0.1"": 0, ""0.2"": 0, ""0.5"": 0, ""1.0"": 0, ""2.0"": 0}",0.010934615831052152,0.14668752707021404,0.9417647058823528,0.24797334558823525,200,0,0
rsr-M1024-f0.70-u,rsr,0.5,LBQCD-D05-unequal-min010-K18,unequal,missing,LBQCD-D05-unequal-min010-K18/missing,2,update,1024,0.7,0,0.0,0,0,nan,0,nan,400,400,1.1822599999868544,4600,588800,302080,302080,3932160,5734400.0,0,0,0,"{""0.1"": 0, ""0.2"": 0, ""0.5"": 0, ""1.0"": 0, ""2.0"": 0}",0.006968509763721986,0.1601687535783399,0.9999999999999999,0.18619025735294115,200,0,0
gated-M1024-f0.70-u,gated,0.5,LBQCD-D06-unequal-min005-K20,unequal,concentrated,LBQCD-D06-unequal-min005-K20/concentrated,0,update,1024,0.7,0,0.0,4096,1,5.625,18,550.5600078643431,400,400,1.2814394000015454,4600,588800,302080,302080,3932160,5734400.0,0,0,0,"{""0.1"": 0, ""0.2"": 0, ""0.5"": 0, ""1.0"": 0, ""2.0"": 0}",0.01633846646487669,0.1953303890712814,0.9950000000000003,0.11937911184210519,200,0,0
gated-M1024-f0.70-u,gated,0.5,LBQCD-D06-unequal-min005-K20,unequal,concentrated,LBQCD-D06-unequal-min005-K20/concentrated,1,update,1024,0.7,0,0.0,4096,1,5.625,18,541.8923767101107,400,400,1.3520577999879606,4600,588800,302080,302080,3932160,5734400.0,0,0,0,"{""0.1"": 0, ""0.2"": 0, ""0.5"": 0, ""1.0"": 0, ""2.0"": 0}",0.01218010323466956,0.29852146851619815,0.9950000000000003,0.17968338815789472,200,0,0
gated-M1024-f0.70-u,gated,0.5,LBQCD-D06-unequal-min005-K20,unequal,concentrated,LBQCD-D06-unequal-min005-K20/concentrated,2,update,1024,0.7,0,0.0,4096,1,5.6875,18,563.3020336641268,400,400,1.2564327000000048,4600,588800,302080,302080,3932160,5734400.0,0,0,0,"{""0.1"": 0, ""0.2"": 0, ""0.5"": 0, ""1.0"": 0, ""2.0"": 0}",0.011107383354820755,0.18987602822455926,0.9950000000000003,0.09960526315789474,200,0,0
paper-0.2,paper,0.2,LBQCD-D06-unequal-min005-K20,unequal,concentrated,LBQCD-D06-unequal-min005-K20/concentrated,0,update,0,0.0,0,0.0,0,0,nan,0,nan,400,400,0.6639708000002429,400,51200,51200,51200,13107200,0.0,0,0,0,"{""0.1"": 0, ""0.2"": 0, ""0.5"": 0, ""1.0"": 0, ""2.0"": 0}",0.05929074439476789,0.39116736711750744,0.9950000000000003,0.15307154605263154,350,0,0
paper-0.2,paper,0.2,LBQCD-D06-unequal-min005-K20,unequal,concentrated,LBQCD-D06-unequal-min005-K20/concentrated,1,update,0,0.0,0,0.0,0,0,nan,0,nan,400,400,0.8974087999959011,400,51200,51200,51200,13107200,0.0,0,0,0,"{""0.1"": 0, ""0.2"": 0, ""0.5"": 0, ""1.0"": 0, ""2.0"": 0}",0.026500984220253265,0.17086470039058219,1.0000000000000002,0.09253495065789481,100,0,0
paper-0.2,paper,0.2,LBQCD-D06-unequal-min005-K20,unequal,concentrated,LBQCD-D06-unequal-min005-K20/concentrated,2,update,0,0.0,0,0.0,0,0,nan,0,nan,400,400,0.5941403000033461,400,51200,51200,51200,13107200,0.0,0,0,0,"{""0.1"": 0, ""0.2"": 0, ""0.5"": 0, ""1.0"": 0, ""2.0"": 0}",0.011171431450746283,0.1875510397785809,0.9950000000000003,0.08324629934210519,200,0,0
paper-0.5,paper,0.5,LBQCD-D06-unequal-min005-K20,unequal,concentrated,LBQCD-D06-unequal-min005-K20/concentrated,0,update,0,0.0,0,0.0,0,0,nan,0,nan,400,400,0.8898741000011796,400,51200,51200,51200,13107200,0.0,0,0,0,"{""0.1"": 0, ""0.2"": 0, ""0.5"": 0, ""1.0"": 0, ""2.0"": 0}",0.01795032102046079,0.2072948772681891,0.9950000000000003,0.085931332236842,150,0,0
paper-0.5,paper,0.5,LBQCD-D06-unequal-min005-K20,unequal,concentrated,LBQCD-D06-unequal-min005-K20/concentrated,1,update,0,0.0,0,0.0,0,0,nan,0,nan,400,400,0.7977461999980733,400,51200,51200,51200,13107200,0.0,0,0,0,"{""0.1"": 0, ""0.2"": 0, ""0.5"": 0, ""1.0"": 0, ""2.0"": 0}",0.011511567228791542,0.19120018820990814,0.9950000000000003,0.10230057565789481,250,0,0
paper-0.5,paper,0.5,LBQCD-D06-unequal-min005-K20,unequal,concentrated,LBQCD-D06-unequal-min005-K20/concentrated,2,update,0,0.0,0,0.0,0,0,nan,0,nan,400,400,0.5138775999948848,400,51200,51200,51200,13107200,0.0,0,0,0,"{""0.1"": 0, ""0.2"": 0, ""0.5"": 0, ""1.0"": 0, ""2.0"": 0}",0.01011914958210447,0.1891409726784204,0.9950000000000003,0.07275904605263163,250,0,0
paper-1,paper,1.0,LBQCD-D06-unequal-min005-K20,unequal,concentrated,LBQCD-D06-unequal-min005-K20/concentrated,0,update,0,0.0,0,0.0,0,0,nan,0,nan,400,400,0.6858836000028532,400,51200,51200,51200,13107200,0.0,0,0,0,"{""0.1"": 0, ""0.2"": 0, ""0.5"": 0, ""1.0"": 0, ""2.0"": 0}",0.01616510454202924,0.20003554359105807,0.9950000000000003,0.07982935855263155,250,0,0
paper-1,paper,1.0,LBQCD-D06-unequal-min005-K20,unequal,concentrated,LBQCD-D06-unequal-min005-K20/concentrated,1,update,0,0.0,0,0.0,0,0,nan,0,nan,400,400,0.8303320999984862,400,51200,51200,51200,13107200,0.0,0,0,0,"{""0.1"": 0, ""0.2"": 0, ""0.5"": 0, ""1.0"": 0, ""2.0"": 0}",0.009383068393584715,0.24718010664305412,0.9950000000000003,0.16381373355263154,200,0,0
paper-1,paper,1.0,LBQCD-D06-unequal-min005-K20,unequal,concentrated,LBQCD-D06-unequal-min005-K20/concentrated,2,update,0,0.0,0,0.0,0,0,nan,0,nan,400,400,0.7068345000006957,400,51200,51200,51200,13107200,0.0,0,0,0,"{""0.1"": 0, ""0.2"": 0, ""0.5"": 0, ""1.0"": 0, ""2.0"": 0}",0.012112734551344317,0.21257787009791124,0.9950000000000003,0.10253495065789474,200,0,0
paper-2,paper,2.0,LBQCD-D06-unequal-min005-K20,unequal,concentrated,LBQCD-D06-unequal-min005-K20/concentrated,0,update,0,0.0,0,0.0,0,0,nan,0,nan,400,400,0.5519318000006024,400,51200,51200,51200,13107200,0.0,0,0,0,"{""0.1"": 0, ""0.2"": 0, ""0.5"": 0, ""1.0"": 0, ""2.0"": 0}",0.012206853177580967,0.192127959212583,0.9426315789473687,0.18505345394736836,350,0,0
paper-2,paper,2.0,LBQCD-D06-unequal-min005-K20,unequal,concentrated,LBQCD-D06-unequal-min005-K20/concentrated,1,update,0,0.0,0,0.0,0,0,nan,0,nan,400,400,0.6509370999992825,400,51200,51200,51200,13107200,0.0,0,0,0,"{""0.1"": 0, ""0.2"": 0, ""0.5"": 0, ""1.0"": 0, ""2.0"": 0}",0.01791843193385212,0.2939589618191558,0.8902631578947371,0.31225123355263157,400,1,0
paper-2,paper,2.0,LBQCD-D06-unequal-min005-K20,unequal,concentrated,LBQCD-D06-unequal-min005-K20/concentrated,2,update,0,0.0,0,0.0,0,0,nan,0,nan,400,400,0.8477993999986211,400,51200,51200,51200,13107200,0.0,0,0,0,"{""0.1"": 0, ""0.2"": 0, ""0.5"": 0, ""1.0"": 0, ""2.0"": 0}",0.01887252901654346,0.2749292684703124,0.9426315789473687,0.22851151315789472,400,1,0
paper-4,paper,4.0,LBQCD-D06-unequal-min005-K20,unequal,concentrated,LBQCD-D06-unequal-min005-K20/concentrated,0,update,0,0.0,0,0.0,0,0,nan,0,nan,400,400,0.6540233999985503,400,51200,51200,51200,13107200,0.0,0,0,0,"{""0.1"": 0, ""0.2"": 0, ""0.5"": 0, ""1.0"": 0, ""2.0"": 0}",0.018904353330176704,0.24549481897560965,0.8378947368421055,0.27904810855263157,400,1,0
paper-4,paper,4.0,LBQCD-D06-unequal-min005-K20,unequal,concentrated,LBQCD-D06-unequal-min005-K20/concentrated,1,update,0,0.0,0,0.0,0,0,nan,0,nan,400,400,0.7415732000081334,400,51200,51200,51200,13107200,0.0,0,0,0,"{""0.1"": 0, ""0.2"": 0, ""0.5"": 0, ""1.0"": 0, ""2.0"": 0}",0.02987538179143634,0.31956351284121276,0.8378947368421055,0.3906208881578947,400,1,0
paper-4,paper,4.0,LBQCD-D06-unequal-min005-K20,unequal,concentrated,LBQCD-D06-unequal-min005-K20/concentrated,2,update,0,0.0,0,0.0,0,0,nan,0,nan,400,400,0.6109260999946855,400,51200,51200,51200,13107200,0.0,0,0,0,"{""0.1"": 0, ""0.2"": 0, ""0.5"": 0, ""1.0"": 0, ""2.0"": 0}",0.036381516492232535,0.3469192908334431,0.8378947368421055,0.3532689144736843,400,1,0
qld-v1,qld,0.5,LBQCD-D06-unequal-min005-K20,unequal,concentrated,LBQCD-D06-unequal-min005-K20/concentrated,0,update,0,0.7,0,0.0,0,0,nan,0,nan,400,400,0.4073204999876907,400,51200,51200,51200,3932160,501760.0,0,0,0,"{""0.1"": 0, ""0.2"": 0, ""0.5"": 0, ""1.0"": 0, ""2.0"": 0}",0.012073319567485363,0.17032513866035423,0.9426315789473687,0.12792557565789472,200,0,0
qld-v1,qld,0.5,LBQCD-D06-unequal-min005-K20,unequal,concentrated,LBQCD-D06-unequal-min005-K20/concentrated,1,update,0,0.7,0,0.0,0,0,nan,0,nan,400,400,0.3297533000004478,400,51200,51200,51200,3932160,501760.0,0,0,0,"{""0.1"": 0, ""0.2"": 0, ""0.5"": 0, ""1.0"": 0, ""2.0"": 0}",0.014839249313983949,0.2208138121705555,0.9426315789473687,0.20116776315789472,350,0,0
qld-v1,qld,0.5,LBQCD-D06-unequal-min005-K20,unequal,concentrated,LBQCD-D06-unequal-min005-K20/concentrated,2,update,0,0.7,0,0.0,0,0,nan,0,nan,400,400,0.2955366999958642,400,51200,51200,51200,3932160,501760.0,0,0,0,"{""0.1"": 0, ""0.2"": 0, ""0.5"": 0, ""1.0"": 0, ""2.0"": 0}",0.013757071999528137,0.21587016966377875,0.9426315789473687,0.19921463815789472,400,1,0
rsr-M1024-f0.70-u,rsr,0.5,LBQCD-D06-unequal-min005-K20,unequal,concentrated,LBQCD-D06-unequal-min005-K20/concentrated,0,update,1024,0.7,0,0.0,0,0,nan,0,nan,400,400,1.3132042000070214,4600,588800,302080,302080,3932160,5734400.0,0,0,0,"{""0.1"": 0, ""0.2"": 0, ""0.5"": 0, ""1.0"": 0, ""2.0"": 0}",0.01633846646487669,0.1953303890712814,0.9950000000000003,0.11937911184210519,200,0,0
rsr-M1024-f0.70-u,rsr,0.5,LBQCD-D06-unequal-min005-K20,unequal,concentrated,LBQCD-D06-unequal-min005-K20/concentrated,1,update,1024,0.7,0,0.0,0,0,nan,0,nan,400,400,1.198839400007273,4600,588800,302080,302080,3932160,5734400.0,0,0,0,"{""0.1"": 0, ""0.2"": 0, ""0.5"": 0, ""1.0"": 0, ""2.0"": 0}",0.01218010323466956,0.29852146851619815,0.9950000000000003,0.17968338815789472,200,0,0
rsr-M1024-f0.70-u,rsr,0.5,LBQCD-D06-unequal-min005-K20,unequal,concentrated,LBQCD-D06-unequal-min005-K20/concentrated,2,update,1024,0.7,0,0.0,0,0,nan,0,nan,400,400,1.143478400001186,4600,588800,302080,302080,3932160,5734400.0,0,0,0,"{""0.1"": 0, ""0.2"": 0, ""0.5"": 0, ""1.0"": 0, ""2.0"": 0}",0.011107383354820755,0.18987602822455926,0.9950000000000003,0.09960526315789474,200,0,0
gated-M1024-f0.70-u,gated,0.5,LBQCD-D06-unequal-min005-K20,unequal,missing,LBQCD-D06-unequal-min005-K20/missing,0,update,1024,0.7,0,0.0,4096,1,5.875,18,542.0109083207427,400,400,1.3409223999915412,4600,588800,302080,302080,3932160,5734400.0,0,0,0,"{""0.1"": 0, ""0.2"": 0, ""0.5"": 0, ""1.0"": 0, ""2.0"": 0}",0.09021245334633932,0.40105136509941547,0.9426315789473687,0.2338836348684211,250,0,0
gated-M1024-f0.70-u,gated,0.5,LBQCD-D06-unequal-min005-K20,unequal,missing,LBQCD-D06-unequal-min005-K20/missing,1,update,1024,0.7,0,0.0,4096,1,6.0,18,573.8414600283512,400,400,1.2482955000014044,4600,588800,302080,302080,3932160,5734400.0,0,0,0,"{""0.1"": 0, ""0.2"": 0, ""0.5"": 0, ""1.0"": 0, ""2.0"": 0}",0.04615108395685219,0.28104028969515216,0.9426315789473687,0.1916467927631579,250,0,0
gated-M1024-f0.70-u,gated,0.5,LBQCD-D06-unequal-min005-K20,unequal,missing,LBQCD-D06-unequal-min005-K20/missing,2,update,1024,0.7,0,0.0,4096,1,5.625,18,544.42128706253,400,400,1.2525105999957304,4600,588800,302080,302080,3932160,5734400.0,0,0,0,"{""0.1"": 0, ""0.2"": 0, ""0.5"": 0, ""1.0"": 0, ""2.0"": 0}",0.024144987758217162,0.21712026593552197,0.9426315789473687,0.18480879934210517,250,0,0
paper-0.2,paper,0.2,LBQCD-D06-unequal-min005-K20,unequal,missing,LBQCD-D06-unequal-min005-K20/missing,0,update,0,0.0,0,0.0,0,0,nan,0,nan,400,400,0.5693636000069091,400,51200,51200,51200,13107200,0.0,0,0,0,"{""0.1"": 0, ""0.2"": 0, ""0.5"": 0, ""1.0"": 0, ""2.0"": 0}",0.016963625531068338,0.29054228453753334,0.9950000000000003,0.14916529605263154,200,0,0
paper-0.2,paper,0.2,LBQCD-D06-unequal-min005-K20,unequal,missing,LBQCD-D06-unequal-min005-K20/missing,1,update,0,0.0,0,0.0,0,0,nan,0,nan,400,400,0.6053537999978289,400,51200,51200,51200,13107200,0.0,0,0,0,"{""0.1"": 0, ""0.2"": 0, ""0.5"": 0, ""1.0"": 0, ""2.0"": 0}",0.07127933059264357,0.25329999011714066,0.9950000000000003,0.10253495065789474,200,0,0
paper-0.2,paper,0.2,LBQCD-D06-unequal-min005-K20,unequal,missing,LBQCD-D06-unequal-min005-K20/missing,2,update,0,0.0,0,0.0,0,0,nan,0,nan,400,400,0.6742985000018962,400,51200,51200,51200,13107200,0.0,0,0,0,"{""0.1"": 0, ""0.2"": 0, ""0.5"": 0, ""1.0"": 0, ""2.0"": 0}",0.010666959818841804,0.21034206177859718,0.9950000000000003,0.11669407894736837,400,1,0
paper-0.5,paper,0.5,LBQCD-D06-unequal-min005-K20,unequal,missing,LBQCD-D06-unequal-min005-K20/missing,0,update,0,0.0,0,0.0,0,0,nan,0,nan,400,400,0.6214372999966145,400,51200,51200,51200,13107200,0.0,0,0,0,"{""0.1"": 0, ""0.2"": 0, ""0.5"": 0, ""1.0"": 0, ""2.0"": 0}",0.05809992968400568,0.3317156768107284,0.9950000000000003,0.091790707236842,250,0,0
paper-0.5,paper,0.5,LBQCD-D06-unequal-min005-K20,unequal,missing,LBQCD-D06-unequal-min005-K20/missing,1,update,0,0.0,0,0.0,0,0,nan,0,nan,400,400,0.857098100008443,400,51200,51200,51200,13107200,0.0,0,0,0,"{""0.1"": 0, ""0.2"": 0, ""0.5"": 0, ""1.0"": 0, ""2.0"": 0}",0.09817676246610763,0.430667742445353,0.9950000000000003,0.133795230263158,300,0,0
paper-0.5,paper,0.5,LBQCD-D06-unequal-min005-K20,unequal,missing,LBQCD-D06-unequal-min005-K20/missing,2,update,0,0.0,0,0.0,0,0,nan,0,nan,400,400,0.92063120000239,400,51200,51200,51200,13107200,0.0,0,0,0,"{""0.1"": 0, ""0.2"": 0, ""0.5"": 0, ""1.0"": 0, ""2.0"": 0}",0.023267939800144077,0.21042371970580534,0.9950000000000003,0.05175370065789474,200,0,0
paper-1,paper,1.0,LBQCD-D06-unequal-min005-K20,unequal,missing,LBQCD-D06-unequal-min005-K20/missing,0,update,0,0.0,0,0.0,0,0,nan,0,nan,400,400,0.5977217000036035,400,51200,51200,51200,13107200,0.0,0,0,0,"{""0.1"": 0, ""0.2"": 0, ""0.5"": 0, ""1.0"": 0, ""2.0"": 0}",0.08323067214384317,0.36369832704107025,0.9950000000000003,0.13451685855263154,300,0,0
paper-1,paper,1.0,LBQCD-D06-unequal-min005-K20,unequal,missing,LBQCD-D06-unequal-min005-K20/missing,1,update,0,0.0,0,0.0,0,0,nan,0,nan,400,400,0.628571599998395,400,51200,51200,51200,13107200,0.0,0,0,0,"{""0.1"": 0, ""0.2"": 0, ""0.5"": 0, ""1.0"": 0, ""2.0"": 0}",0.07826519825957767,0.37482043268445764,0.9950000000000003,0.12011307565789474,400,1,0
paper-1,paper,1.0,LBQCD-D06-unequal-min005-K20,unequal,missing,LBQCD-D06-unequal-min005-K20/missing,2,update,0,0.0,0,0.0,0,0,nan,0,nan,400,400,0.5882205000089016,400,51200,51200,51200,13107200,0.0,0,0,0,"{""0.1"": 0, ""0.2"": 0, ""0.5"": 0, ""1.0"": 0, ""2.0"": 0}",0.039564507955702766,0.3181821254204214,0.9950000000000003,0.09838404605263155,200,0,0
paper-2,paper,2.0,LBQCD-D06-unequal-min005-K20,unequal,missing,LBQCD-D06-unequal-min005-K20/missing,0,update,0,0.0,0,0.0,0,0,nan,0,nan,400,400,0.7831660999945598,400,51200,51200,51200,13107200,0.0,0,0,0,"{""0.1"": 0, ""0.2"": 0, ""0.5"": 0, ""1.0"": 0, ""2.0"": 0}",0.08717061139554882,0.39000003575905756,0.9426315789473687,0.26146998355263157,400,1,0
paper-2,paper,2.0,LBQCD-D06-unequal-min005-K20,unequal,missing,LBQCD-D06-unequal-min005-K20/missing,1,update,0,0.0,0,0.0,0,0,nan,0,nan,400,400,0.7112663999869255,400,51200,51200,51200,13107200,0.0,0,0,0,"{""0.1"": 0, ""0.2"": 0, ""0.5"": 0, ""1.0"": 0, ""2.0"": 0}",0.07231230523635013,0.3848433344253374,0.9950000000000003,0.2004358552631579,400,0,0
paper-2,paper,2.0,LBQCD-D06-unequal-min005-K20,unequal,missing,LBQCD-D06-unequal-min005-K20/missing,2,update,0,0.0,0,0.0,0,0,nan,0,nan,400,400,0.6695425999932922,400,51200,51200,51200,13107200,0.0,0,0,0,"{""0.1"": 0, ""0.2"": 0, ""0.5"": 0, ""1.0"": 0, ""2.0"": 0}",0.06984154736308934,0.4503961796615368,0.9426315789473687,0.17675370065789472,400,1,0
paper-4,paper,4.0,LBQCD-D06-unequal-min005-K20,unequal,missing,LBQCD-D06-unequal-min005-K20/missing,0,update,0,0.0,0,0.0,0,0,nan,0,nan,400,400,0.70941139999195,400,51200,51200,51200,13107200,0.0,0,0,0,"{""0.1"": 0, ""0.2"": 0, ""0.5"": 0, ""1.0"": 0, ""2.0"": 0}",0.11023523335987306,0.5143874100796474,0.8902631578947371,0.34716488486842106,400,1,0
paper-4,paper,4.0,LBQCD-D06-unequal-min005-K20,unequal,missing,LBQCD-D06-unequal-min005-K20/missing,1,update,0,0.0,0,0.0,0,0,nan,0,nan,400,400,0.5325221999955829,400,51200,51200,51200,13107200,0.0,0,0,0,"{""0.1"": 0, ""0.2"": 0, ""0.5"": 0, ""1.0"": 0, ""2.0"": 0}",0.0929588346649366,0.47490805260976615,0.9426315789473687,0.2626912006578947,400,1,0
paper-4,paper,4.0,LBQCD-D06-unequal-min005-K20,unequal,missing,LBQCD-D06-unequal-min005-K20/missing,2,update,0,0.0,0,0.0,0,0,nan,0,nan,400,400,0.5797759999986738,400,51200,51200,51200,13107200,0.0,0,0,0,"{""0.1"": 0, ""0.2"": 0, ""0.5"": 0, ""1.0"": 0, ""2.0"": 0}",0.08571890522262571,0.5528290199325423,0.8902631578947371,0.25756373355263157,400,1,0
qld-v1,qld,0.5,LBQCD-D06-unequal-min005-K20,unequal,missing,LBQCD-D06-unequal-min005-K20/missing,0,update,0,0.7,0,0.0,0,0,nan,0,nan,400,400,0.3867700999981025,400,51200,51200,51200,3932160,501760.0,0,0,0,"{""0.1"": 0, ""0.2"": 0, ""0.5"": 0, ""1.0"": 0, ""2.0"": 0}",0.12028965406803849,0.5204290460467583,0.9426315789473687,0.24413651315789472,400,1,0
qld-v1,qld,0.5,LBQCD-D06-unequal-min005-K20,unequal,missing,LBQCD-D06-unequal-min005-K20/missing,1,update,0,0.7,0,0.0,0,0,nan,0,nan,400,400,0.3912875000096392,400,51200,51200,51200,3932160,501760.0,0,0,0,"{""0.1"": 0, ""0.2"": 0, ""0.5"": 0, ""1.0"": 0, ""2.0"": 0}",0.10900097980739343,0.5345109872273975,0.9426315789473687,0.2724568256578947,300,0,0
qld-v1,qld,0.5,LBQCD-D06-unequal-min005-K20,unequal,missing,LBQCD-D06-unequal-min005-K20/missing,2,update,0,0.7,0,0.0,0,0,nan,0,nan,400,400,0.42558769999595825,400,51200,51200,51200,3932160,501760.0,0,0,0,"{""0.1"": 0, ""0.2"": 0, ""0.5"": 0, ""1.0"": 0, ""2.0"": 0}",0.017207479575255036,0.2677677180380173,0.9426315789473687,0.20434004934210517,400,1,0
rsr-M1024-f0.70-u,rsr,0.5,LBQCD-D06-unequal-min005-K20,unequal,missing,LBQCD-D06-unequal-min005-K20/missing,0,update,1024,0.7,0,0.0,0,0,nan,0,nan,400,400,1.2116856000066036,4600,588800,302080,302080,3932160,5734400.0,0,0,0,"{""0.1"": 0, ""0.2"": 0, ""0.5"": 0, ""1.0"": 0, ""2.0"": 0}",0.09021245334633932,0.40105136509941547,0.9426315789473687,0.2338836348684211,250,0,0
rsr-M1024-f0.70-u,rsr,0.5,LBQCD-D06-unequal-min005-K20,unequal,missing,LBQCD-D06-unequal-min005-K20/missing,1,update,1024,0.7,0,0.0,0,0,nan,0,nan,400,400,1.216410299995914,4600,588800,302080,302080,3932160,5734400.0,0,0,0,"{""0.1"": 0, ""0.2"": 0, ""0.5"": 0, ""1.0"": 0, ""2.0"": 0}",0.04615108395685219,0.28104028969515216,0.9426315789473687,0.1916467927631579,250,0,0
rsr-M1024-f0.70-u,rsr,0.5,LBQCD-D06-unequal-min005-K20,unequal,missing,LBQCD-D06-unequal-min005-K20/missing,2,update,1024,0.7,0,0.0,0,0,nan,0,nan,400,400,1.1713489000103436,4600,588800,302080,302080,3932160,5734400.0,0,0,0,"{""0.1"": 0, ""0.2"": 0, ""0.5"": 0, ""1.0"": 0, ""2.0"": 0}",0.024144987758217162,0.21712026593552197,0.9426315789473687,0.18480879934210517,250,0,0
gated-M1024-f0.70-u,gated,0.5,LBQCD-D07-equal-K9,control-equal,concentrated,LBQCD-D07-equal-K9/concentrated,0,update,1024,0.7,0,0.0,4096,0,13.3125,8,590.0742457711995,400,400,0.38995350000914186,400,51200,51200,51200,3932160,501760.0,0,0,0,"{""0.1"": 0, ""0.2"": 0, ""0.5"": 0, ""1.0"": 0, ""2.0"": 0}",0.009900184725364358,0.13497310826411038,1.0,0.0705295138888889,50,0,0
gated-M1024-f0.70-u,gated,0.5,LBQCD-D07-equal-K9,control-equal,concentrated,LBQCD-D07-equal-K9/concentrated,1,update,1024,0.7,0,0.0,4096,0,13.4375,8,641.8897204492441,400,400,0.3034254000085639,400,51200,51200,51200,3932160,501760.0,0,0,0,"{""0.1"": 0, ""0.2"": 0, ""0.5"": 0, ""1.0"": 0, ""2.0"": 0}",0.00919578038494162,0.13071502046987074,1.0,0.07389322916666669,100,0,0
gated-M1024-f0.70-u,gated,0.5,LBQCD-D07-equal-K9,control-equal,concentrated,LBQCD-D07-equal-K9/concentrated,2,update,1024,0.7,0,0.0,4096,0,13.375,8,620.9051022271078,400,400,0.360266200004844,400,51200,51200,51200,3932160,501760.0,0,0,0,"{""0.1"": 0, ""0.2"": 0, ""0.5"": 0, ""1.0"": 0, ""2.0"": 0}",0.014008370398297387,0.13206442819699324,1.0,0.08430989583333331,150,0,0
paper-0.2,paper,0.2,LBQCD-D07-equal-K9,control-equal,concentrated,LBQCD-D07-equal-K9/concentrated,0,update,0,0.0,0,0.0,0,0,nan,0,nan,400,400,0.5825270999921486,400,51200,51200,51200,13107200,0.0,0,0,0,"{""0.1"": 0, ""0.2"": 0, ""0.5"": 0, ""1.0"": 0, ""2.0"": 0}",0.008737040230439863,0.14260747045031397,1.0,0.0802951388888889,50,0,0
paper-0.2,paper,0.2,LBQCD-D07-equal-K9,control-equal,concentrated,LBQCD-D07-equal-K9/concentrated,1,update,0,0.0,0,0.0,0,0,nan,0,nan,400,400,0.6591606000001775,400,51200,51200,51200,13107200,0.0,0,0,0,"{""0.1"": 0, ""0.2"": 0, ""0.5"": 0, ""1.0"": 0, ""2.0"": 0}",0.01005787977676853,0.12502302851371644,1.0,0.055447048611111105,50,0,0
paper-0.2,paper,0.2,LBQCD-D07-equal-K9,control-equal,concentrated,LBQCD-D07-equal-K9/concentrated,2,update,0,0.0,0,0.0,0,0,nan,0,nan,400,400,0.7760005000018282,400,51200,51200,51200,13107200,0.0,0,0,0,"{""0.1"": 0, ""0.2"": 0, ""0.5"": 0, ""1.0"": 0, ""2.0"": 0}",0.013515301038778738,0.13755051129408802,1.0,0.08138020833333331,50,0,0
paper-0.5,paper,0.5,LBQCD-D07-equal-K9,control-equal,concentrated,LBQCD-D07-equal-K9/concentrated,0,update,0,0.0,0,0.0,0,0,nan,0,nan,400,400,0.7208176999993157,400,51200,51200,51200,13107200,0.0,0,0,0,"{""0.1"": 0, ""0.2"": 0, ""0.5"": 0, ""1.0"": 0, ""2.0"": 0}",0.009343977906437928,0.1463806252171681,1.0,0.0769314236111111,50,0,0
paper-0.5,paper,0.5,LBQCD-D07-equal-K9,control-equal,concentrated,LBQCD-D07-equal-K9/concentrated,1,update,0,0.0,0,0.0,0,0,nan,0,nan,400,400,0.8964048999914667,400,51200,51200,51200,13107200,0.0,0,0,0,"{""0.1"": 0, ""0.2"": 0, ""0.5"": 0, ""1.0"": 0, ""2.0"": 0}",0.00834868363790875,0.13188014705611265,1.0,0.061740451388888895,100,0,0
paper-0.5,paper,0.5,LBQCD-D07-equal-K9,control-equal,concentrated,LBQCD-D07-equal-K9/concentrated,2,update,0,0.0,0,0.0,0,0,nan,0,nan,400,400,0.6911283999943407,400,51200,51200,51200,13107200,0.0,0,0,0,"{""0.1"": 0, ""0.2"": 0, ""0.5"": 0, ""1.0"": 0, ""2.0"": 0}",0.012744266415366745,0.13474100190726776,1.0,0.0857204861111111,50,0,0
paper-1,paper,1.0,LBQCD-D07-equal-K9,control-equal,concentrated,LBQCD-D07-equal-K9/concentrated,0,update,0,0.0,0,0.0,0,0,nan,0,nan,400,400,0.6289906000019982,400,51200,51200,51200,13107200,0.0,0,0,0,"{""0.1"": 0, ""0.2"": 0, ""0.5"": 0, ""1.0"": 0, ""2.0"": 0}",0.009984917812277061,0.15059326648979518,1.0,0.1150173611111111,100,0,0
paper-1,paper,1.0,LBQCD-D07-equal-K9,control-equal,concentrated,LBQCD-D07-equal-K9/concentrated,1,update,0,0.0,0,0.0,0,0,nan,0,nan,400,400,0.5671979999897303,400,51200,51200,51200,13107200,0.0,0,0,0,"{""0.1"": 0, ""0.2"": 0, ""0.5"": 0, ""1.0"": 0, ""2.0"": 0}",0.010666045405493652,0.14713343740612217,1.0,0.0832248263888889,100,0,0
paper-1,paper,1.0,LBQCD-D07-equal-K9,control-equal,concentrated,LBQCD-D07-equal-K9/concentrated,2,update,0,0.0,0,0.0,0,0,nan,0,nan,400,400,0.5089694999915082,400,51200,51200,51200,13107200,0.0,0,0,0,"{""0.1"": 0, ""0.2"": 0, ""0.5"": 0, ""1.0"": 0, ""2.0"": 0}",0.011341401150741781,0.1331605713600316,1.0,0.0788845486111111,150,0,0
paper-2,paper,2.0,LBQCD-D07-equal-K9,control-equal,concentrated,LBQCD-D07-equal-K9/concentrated,0,update,0,0.0,0,0.0,0,0,nan,0,nan,400,400,0.578741599994828,400,51200,51200,51200,13107200,0.0,0,0,0,"{""0.1"": 0, ""0.2"": 0, ""0.5"": 0, ""1.0"": 0, ""2.0"": 0}",0.010546236221470107,0.14955710140402514,1.0,0.1134982638888889,150,0,0
paper-2,paper,2.0,LBQCD-D07-equal-K9,control-equal,concentrated,LBQCD-D07-equal-K9/concentrated,1,update,0,0.0,0,0.0,0,0,nan,0,nan,400,400,0.896901500003878,400,51200,51200,51200,13107200,0.0,0,0,0,"{""0.1"": 0, ""0.2"": 0, ""0.5"": 0, ""1.0"": 0, ""2.0"": 0}",0.01272521385736125,0.1617381727571883,1.0,0.1125217013888889,200,0,0
paper-2,paper,2.0,LBQCD-D07-equal-K9,control-equal,concentrated,LBQCD-D07-equal-K9/concentrated,2,update,0,0.0,0,0.0,0,0,nan,0,nan,400,400,0.7715065999946091,400,51200,51200,51200,13107200,0.0,0,0,0,"{""0.1"": 0, ""0.2"": 0, ""0.5"": 0, ""1.0"": 0, ""2.0"": 0}",0.012578799246296679,0.15173928439139625,1.0,0.0734592013888889,150,0,0
paper-4,paper,4.0,LBQCD-D07-equal-K9,control-equal,concentrated,LBQCD-D07-equal-K9/concentrated,0,update,0,0.0,0,0.0,0,0,nan,0,nan,400,400,0.919089700008044,400,51200,51200,51200,13107200,0.0,0,0,0,"{""0.1"": 0, ""0.2"": 0, ""0.5"": 0, ""1.0"": 0, ""2.0"": 0}",0.011917427661738866,0.15494010378783105,1.0,0.0988498263888889,200,0,0
paper-4,paper,4.0,LBQCD-D07-equal-K9,control-equal,concentrated,LBQCD-D07-equal-K9/concentrated,1,update,0,0.0,0,0.0,0,0,nan,0,nan,400,400,0.8151188999909209,400,51200,51200,51200,13107200,0.0,0,0,0,"{""0.1"": 0, ""0.2"": 0, ""0.5"": 0, ""1.0"": 0, ""2.0"": 0}",0.01750172733204325,0.17512403003268848,0.7777777777777779,0.2510850694444445,350,0,0
paper-4,paper,4.0,LBQCD-D07-equal-K9,control-equal,concentrated,LBQCD-D07-equal-K9/concentrated,2,update,0,0.0,0,0.0,0,0,nan,0,nan,400,400,0.5660223000013502,400,51200,51200,51200,13107200,0.0,0,0,0,"{""0.1"": 0, ""0.2"": 0, ""0.5"": 0, ""1.0"": 0, ""2.0"": 0}",0.015599361095749664,0.17040862054575334,1.0,0.14095052083333331,250,0,0
qld-v1,qld,0.5,LBQCD-D07-equal-K9,control-equal,concentrated,LBQCD-D07-equal-K9/concentrated,0,update,0,0.7,0,0.0,0,0,nan,0,nan,400,400,0.31093730000429787,400,51200,51200,51200,3932160,501760.0,0,0,0,"{""0.1"": 0, ""0.2"": 0, ""0.5"": 0, ""1.0"": 0, ""2.0"": 0}",0.009900184725364358,0.13497310826411038,1.0,0.0705295138888889,50,0,0
qld-v1,qld,0.5,LBQCD-D07-equal-K9,control-equal,concentrated,LBQCD-D07-equal-K9/concentrated,1,update,0,0.7,0,0.0,0,0,nan,0,nan,400,400,0.42504980000376236,400,51200,51200,51200,3932160,501760.0,0,0,0,"{""0.1"": 0, ""0.2"": 0, ""0.5"": 0, ""1.0"": 0, ""2.0"": 0}",0.00919578038494162,0.13071502046987074,1.0,0.07389322916666669,100,0,0
qld-v1,qld,0.5,LBQCD-D07-equal-K9,control-equal,concentrated,LBQCD-D07-equal-K9/concentrated,2,update,0,0.7,0,0.0,0,0,nan,0,nan,400,400,0.3068734999978915,400,51200,51200,51200,3932160,501760.0,0,0,0,"{""0.1"": 0, ""0.2"": 0, ""0.5"": 0, ""1.0"": 0, ""2.0"": 0}",0.014008370398297387,0.13206442819699324,1.0,0.08430989583333331,150,0,0
rsr-M1024-f0.70-u,rsr,0.5,LBQCD-D07-equal-K9,control-equal,concentrated,LBQCD-D07-equal-K9/concentrated,0,update,1024,0.7,0,0.0,0,0,nan,0,nan,400,400,1.0870387999893865,4600,588800,302080,302080,3932160,5734400.0,0,0,0,"{""0.1"": 0, ""0.2"": 0, ""0.5"": 0, ""1.0"": 0, ""2.0"": 0}",0.008017542428339297,0.13448197995622757,1.0,0.06770833333333331,50,0,0
rsr-M1024-f0.70-u,rsr,0.5,LBQCD-D07-equal-K9,control-equal,concentrated,LBQCD-D07-equal-K9/concentrated,1,update,1024,0.7,0,0.0,0,0,nan,0,nan,400,400,1.0765219000022626,4600,588800,302080,302080,3932160,5734400.0,0,0,0,"{""0.1"": 0, ""0.2"": 0, ""0.5"": 0, ""1.0"": 0, ""2.0"": 0}",0.008039972681081586,0.12894144781973105,1.0,0.0671657986111111,100,0,0
rsr-M1024-f0.70-u,rsr,0.5,LBQCD-D07-equal-K9,control-equal,concentrated,LBQCD-D07-equal-K9/concentrated,2,update,1024,0.7,0,0.0,0,0,nan,0,nan,400,400,1.1913749000086682,4600,588800,302080,302080,3932160,5734400.0,0,0,0,"{""0.1"": 0, ""0.2"": 0, ""0.5"": 0, ""1.0"": 0, ""2.0"": 0}",0.012374854980864658,0.1276229826438891,1.0,0.0759548611111111,100,0,0
gated-M1024-f0.70-u,gated,0.5,LBQCD-D07-equal-K9,control-equal,missing,LBQCD-D07-equal-K9/missing,0,update,1024,0.7,0,0.0,4096,0,13.5625,8,589.8447996317168,400,400,0.42128860000229906,400,51200,51200,51200,3932160,501760.0,0,0,0,"{""0.1"": 0, ""0.2"": 0, ""0.5"": 0, ""1.0"": 0, ""2.0"": 0}",0.008966486183081379,0.14980581903634138,1.0,0.057834201388888895,150,0,0
gated-M1024-f0.70-u,gated,0.5,LBQCD-D07-equal-K9,control-equal,missing,LBQCD-D07-equal-K9/missing,1,update,1024,0.7,0,0.0,4096,0,13.125,8,582.2224423094465,400,400,0.3548734000069089,400,51200,51200,51200,3932160,501760.0,0,0,0,"{""0.1"": 0, ""0.2"": 0, ""0.5"": 0, ""1.0"": 0, ""2.0"": 0}",0.021583058492772533,0.16520044638491882,1.0,0.0793185763888889,200,0,0
gated-M1024-f0.70-u,gated,0.5,LBQCD-D07-equal-K9,control-equal,missing,LBQCD-D07-equal-K9/missing,2,update,1024,0.7,0,0.0,4096,0,12.0625,8,595.1109546987518,400,400,0.3410692999896128,400,51200,51200,51200,3932160,501760.0,0,0,0,"{""0.1"": 0, ""0.2"": 0, ""0.5"": 0, ""1.0"": 0, ""2.0"": 0}",0.010740958089739294,0.16174851798436918,1.0,0.0715060763888889,300,0,0
paper-0.2,paper,0.2,LBQCD-D07-equal-K9,control-equal,missing,LBQCD-D07-equal-K9/missing,0,update,0,0.0,0,0.0,0,0,nan,0,nan,400,400,0.6515860999934375,400,51200,51200,51200,13107200,0.0,0,0,0,"{""0.1"": 0, ""0.2"": 0, ""0.5"": 0, ""1.0"": 0, ""2.0"": 0}",0.011608960164131155,0.14070723154276055,1.0,0.051974826388888895,100,0,0
paper-0.2,paper,0.2,LBQCD-D07-equal-K9,control-equal,missing,LBQCD-D07-equal-K9/missing,1,update,0,0.0,0,0.0,0,0,nan,0,nan,400,400,0.7187851000053342,400,51200,51200,51200,13107200,0.0,0,0,0,"{""0.1"": 0, ""0.2"": 0, ""0.5"": 0, ""1.0"": 0, ""2.0"": 0}",0.05284784698697331,0.26136093436854674,1.0,0.1072048611111111,100,0,0
paper-0.2,paper,0.2,LBQCD-D07-equal-K9,control-equal,missing,LBQCD-D07-equal-K9/missing,2,update,0,0.0,0,0.0,0,0,nan,0,nan,400,400,0.5779651000048034,400,51200,51200,51200,13107200,0.0,0,0,0,"{""0.1"": 0, ""0.2"": 0, ""0.5"": 0, ""1.0"": 0, ""2.0"": 0}",0.03418130435058009,0.31533888084469563,1.0,0.16341145833333331,100,0,0
paper-0.5,paper,0.5,LBQCD-D07-equal-K9,control-equal,missing,LBQCD-D07-equal-K9/missing,0,update,0,0.0,0,0.0,0,0,nan,0,nan,400,400,0.7383816000074148,400,51200,51200,51200,13107200,0.0,0,0,0,"{""0.1"": 0, ""0.2"": 0, ""0.5"": 0, ""1.0"": 0, ""2.0"": 0}",0.013985266204264768,0.1399627535191809,1.0,0.08138020833333331,100,0,0
paper-0.5,paper,0.5,LBQCD-D07-equal-K9,control-equal,missing,LBQCD-D07-equal-K9/missing,1,update,0,0.0,0,0.0,0,0,nan,0,nan,400,400,0.8689113000000361,400,51200,51200,51200,13107200,0.0,0,0,0,"{""0.1"": 0, ""0.2"": 0, ""0.5"": 0, ""1.0"": 0, ""2.0"": 0}",0.02965465586792737,0.19888521294908587,1.0,0.0705295138888889,100,0,0
paper-0.5,paper,0.5,LBQCD-D07-equal-K9,control-equal,missing,LBQCD-D07-equal-K9/missing,2,update,0,0.0,0,0.0,0,0,nan,0,nan,400,400,0.6090427000017371,400,51200,51200,51200,13107200,0.0,0,0,0,"{""0.1"": 0, ""0.2"": 0, ""0.5"": 0, ""1.0"": 0, ""2.0"": 0}",0.01910522872573761,0.21411064527357068,1.0,0.0954861111111111,100,0,0
paper-1,paper,1.0,LBQCD-D07-equal-K9,control-equal,missing,LBQCD-D07-equal-K9/missing,0,update,0,0.0,0,0.0,0,0,nan,0,nan,400,400,0.9253403000038816,400,51200,51200,51200,13107200,0.0,0,0,0,"{""0.1"": 0, ""0.2"": 0, ""0.5"": 0, ""1.0"": 0, ""2.0"": 0}",0.01796531288904868,0.16851386266174592,1.0,0.09016927083333331,150,0,0
paper-1,paper,1.0,LBQCD-D07-equal-K9,control-equal,missing,LBQCD-D07-equal-K9/missing,1,update,0,0.0,0,0.0,0,0,nan,0,nan,400,400,0.6705100999970455,400,51200,51200,51200,13107200,0.0,0,0,0,"{""0.1"": 0, ""0.2"": 0, ""0.5"": 0, ""1.0"": 0, ""2.0"": 0}",0.032609617723196926,0.19350559676527568,1.0,0.08919270833333331,150,0,0
paper-1,paper,1.0,LBQCD-D07-equal-K9,control-equal,missing,LBQCD-D07-equal-K9/missing,2,update,0,0.0,0,0.0,0,0,nan,0,nan,400,400,0.5012922000023536,400,51200,51200,51200,13107200,0.0,0,0,0,"{""0.1"": 0, ""0.2"": 0, ""0.5"": 0, ""1.0"": 0, ""2.0"": 0}",0.01887087531387799,0.21111450932621115,1.0,0.10319010416666669,100,0,0
paper-2,paper,2.0,LBQCD-D07-equal-K9,control-equal,missing,LBQCD-D07-equal-K9/missing,0,update,0,0.0,0,0.0,0,0,nan,0,nan,400,400,0.8603838999988511,400,51200,51200,51200,13107200,0.0,0,0,0,"{""0.1"": 0, ""0.2"": 0, ""0.5"": 0, ""1.0"": 0, ""2.0"": 0}",0.01557608492553042,0.17825821251138518,1.0,0.0935329861111111,350,0,0
paper-2,paper,2.0,LBQCD-D07-equal-K9,control-equal,missing,LBQCD-D07-equal-K9/missing,1,update,0,0.0,0,0.0,0,0,nan,0,nan,400,400,0.6657598000019789,400,51200,51200,51200,13107200,0.0,0,0,0,"{""0.1"": 0, ""0.2"": 0, ""0.5"": 0, ""1.0"": 0, ""2.0"": 0}",0.029492247336163402,0.18647916123112382,1.0,0.09440104166666669,200,0,0
paper-2,paper,2.0,LBQCD-D07-equal-K9,control-equal,missing,LBQCD-D07-equal-K9/missing,2,update,0,0.0,0,0.0,0,0,nan,0,nan,400,400,0.612072599993553,400,51200,51200,51200,13107200,0.0,0,0,0,"{""0.1"": 0, ""0.2"": 0, ""0.5"": 0, ""1.0"": 0, ""2.0"": 0}",0.024663222310266963,0.23338489376628524,1.0,0.17936197916666669,300,0,0
paper-4,paper,4.0,LBQCD-D07-equal-K9,control-equal,missing,LBQCD-D07-equal-K9/missing,0,update,0,0.0,0,0.0,0,0,nan,0,nan,400,400,0.7704043999983696,400,51200,51200,51200,13107200,0.0,0,0,0,"{""0.1"": 0, ""0.2"": 0, ""0.5"": 0, ""1.0"": 0, ""2.0"": 0}",0.029425329904345432,0.26290945186713033,0.8888888888888888,0.3333333333333333,400,1,0
paper-4,paper,4.0,LBQCD-D07-equal-K9,control-equal,missing,LBQCD-D07-equal-K9/missing,1,update,0,0.0,0,0.0,0,0,nan,0,nan,400,400,0.625744000004488,400,51200,51200,51200,13107200,0.0,0,0,0,"{""0.1"": 0, ""0.2"": 0, ""0.5"": 0, ""1.0"": 0, ""2.0"": 0}",0.03451690292300569,0.1844995703177911,1.0,0.1945529513888889,400,1,0
paper-4,paper,4.0,LBQCD-D07-equal-K9,control-equal,missing,LBQCD-D07-equal-K9/missing,2,update,0,0.0,0,0.0,0,0,nan,0,nan,400,400,0.6511094000015873,400,51200,51200,51200,13107200,0.0,0,0,0,"{""0.1"": 0, ""0.2"": 0, ""0.5"": 0, ""1.0"": 0, ""2.0"": 0}",0.03906880762684217,0.24747795446097268,0.8888888888888888,0.2463107638888889,400,1,0
qld-v1,qld,0.5,LBQCD-D07-equal-K9,control-equal,missing,LBQCD-D07-equal-K9/missing,0,update,0,0.7,0,0.0,0,0,nan,0,nan,400,400,0.330901499997708,400,51200,51200,51200,3932160,501760.0,0,0,0,"{""0.1"": 0, ""0.2"": 0, ""0.5"": 0, ""1.0"": 0, ""2.0"": 0}",0.008966486183081379,0.14980581903634138,1.0,0.057834201388888895,150,0,0
qld-v1,qld,0.5,LBQCD-D07-equal-K9,control-equal,missing,LBQCD-D07-equal-K9/missing,1,update,0,0.7,0,0.0,0,0,nan,0,nan,400,400,0.3794223000004422,400,51200,51200,51200,3932160,501760.0,0,0,0,"{""0.1"": 0, ""0.2"": 0, ""0.5"": 0, ""1.0"": 0, ""2.0"": 0}",0.021583058492772533,0.16520044638491882,1.0,0.0793185763888889,200,0,0
qld-v1,qld,0.5,LBQCD-D07-equal-K9,control-equal,missing,LBQCD-D07-equal-K9/missing,2,update,0,0.7,0,0.0,0,0,nan,0,nan,400,400,0.3357296000031056,400,51200,51200,51200,3932160,501760.0,0,0,0,"{""0.1"": 0, ""0.2"": 0, ""0.5"": 0, ""1.0"": 0, ""2.0"": 0}",0.010740958089739294,0.16174851798436918,1.0,0.0715060763888889,300,0,0
rsr-M1024-f0.70-u,rsr,0.5,LBQCD-D07-equal-K9,control-equal,missing,LBQCD-D07-equal-K9/missing,0,update,1024,0.7,0,0.0,0,0,nan,0,nan,400,400,1.1700920000002952,4600,588800,302080,302080,3932160,5734400.0,0,0,0,"{""0.1"": 0, ""0.2"": 0, ""0.5"": 0, ""1.0"": 0, ""2.0"": 0}",0.009461901503117431,0.1480434126283931,1.0,0.06608072916666669,150,0,0
rsr-M1024-f0.70-u,rsr,0.5,LBQCD-D07-equal-K9,control-equal,missing,LBQCD-D07-equal-K9/missing,1,update,1024,0.7,0,0.0,0,0,nan,0,nan,400,400,1.1511560999933863,4600,588800,302080,302080,3932160,5734400.0,0,0,0,"{""0.1"": 0, ""0.2"": 0, ""0.5"": 0, ""1.0"": 0, ""2.0"": 0}",0.02378797432958324,0.17891796760199363,1.0,0.045572916666666685,150,0,0
rsr-M1024-f0.70-u,rsr,0.5,LBQCD-D07-equal-K9,control-equal,missing,LBQCD-D07-equal-K9/missing,2,update,1024,0.7,0,0.0,0,0,nan,0,nan,400,400,1.1363916999980574,4600,588800,302080,302080,3932160,5734400.0,0,0,0,"{""0.1"": 0, ""0.2"": 0, ""0.5"": 0, ""1.0"": 0, ""2.0"": 0}",0.010577638583093574,0.15104556382817277,1.0,0.0808376736111111,150,0,0
gated-M1024-f0.70-u,gated,0.5,LBQCD-D08-hetero-K15,control-heteroscedastic,concentrated,LBQCD-D08-hetero-K15/concentrated,0,update,1024,0.7,0,0.0,4096,1,7.6875,12,306.2377389989572,400,400,1.1274761999957263,4600,588800,302080,302080,3932160,5734400.0,0,0,0,"{""0.1"": 0, ""0.2"": 0, ""0.5"": 0, ""1.0"": 0, ""2.0"": 0}",0.010713176322997953,0.15440144023400224,0.9999999999999999,0.08860677083333333,150,0,0
gated-M1024-f0.70-u,gated,0.5,LBQCD-D08-hetero-K15,control-heteroscedastic,concentrated,LBQCD-D08-hetero-K15/concentrated,1,update,1024,0.7,0,0.0,4096,1,7.4375,11,297.66357577250096,400,400,1.1999386999959825,4600,588800,302080,302080,3932160,5734400.0,0,0,0,"{""0.1"": 0, ""0.2"": 0, ""0.5"": 0, ""1.0"": 0, ""2.0"": 0}",0.025798465628753764,0.17386210969359472,0.9999999999999999,0.080859375,150,0,0
gated-M1024-f0.70-u,gated,0.5,LBQCD-D08-hetero-K15,control-heteroscedastic,concentrated,LBQCD-D08-hetero-K15/concentrated,2,update,1024,0.7,0,0.0,4096,1,7.8125,10,281.0784511606087,400,400,1.2665836999949533,4600,588800,302080,302080,3932160,5734400.0,0,0,0,"{""0.1"": 0, ""0.2"": 0, ""0.5"": 0, ""1.0"": 0, ""2.0"": 0}",0.009000596881770573,0.25390344312655816,0.9999999999999999,0.0681640625,150,0,0
paper-0.2,paper,0.2,LBQCD-D08-hetero-K15,control-heteroscedastic,concentrated,LBQCD-D08-hetero-K15/concentrated,0,update,0,0.0,0,0.0,0,0,nan,0,nan,400,400,0.7129589000105625,400,51200,51200,51200,13107200,0.0,0,0,0,"{""0.1"": 0, ""0.2"": 0, ""0.5"": 0, ""1.0"": 0, ""2.0"": 0}",0.022947080344777326,0.24923043566778458,0.9999999999999999,0.10182291666666667,100,0,0
paper-0.2,paper,0.2,LBQCD-D08-hetero-K15,control-heteroscedastic,concentrated,LBQCD-D08-hetero-K15/concentrated,1,update,0,0.0,0,0.0,0,0,nan,0,nan,400,400,0.5614645000023302,400,51200,51200,51200,13107200,0.0,0,0,0,"{""0.1"": 0, ""0.2"": 0, ""0.5"": 0, ""1.0"": 0, ""2.0"": 0}",0.05073950334706012,0.24372765883547967,0.9999999999999999,0.08515625,100,0,0
paper-0.2,paper,0.2,LBQCD-D08-hetero-K15,control-heteroscedastic,concentrated,LBQCD-D08-hetero-K15/concentrated,2,update,0,0.0,0,0.0,0,0,nan,0,nan,400,400,0.8007156000094255,400,51200,51200,51200,13107200,0.0,0,0,0,"{""0.1"": 0, ""0.2"": 0, ""0.5"": 0, ""1.0"": 0, ""2.0"": 0}",0.011685221278064706,0.36039323126273454,0.9999999999999999,0.09401041666666667,100,0,0
paper-0.5,paper,0.5,LBQCD-D08-hetero-K15,control-heteroscedastic,concentrated,LBQCD-D08-hetero-K15/concentrated,0,update,0,0.0,0,0.0,0,0,nan,0,nan,400,400,0.8403584999905434,400,51200,51200,51200,13107200,0.0,0,0,0,"{""0.1"": 0, ""0.2"": 0, ""0.5"": 0, ""1.0"": 0, ""2.0"": 0}",0.016665460319294834,0.15104405296740797,0.9999999999999999,0.12526041666666665,150,0,0
paper-0.5,paper,0.5,LBQCD-D08-hetero-K15,control-heteroscedastic,concentrated,LBQCD-D08-hetero-K15/concentrated,1,update,0,0.0,0,0.0,0,0,nan,0,nan,400,400,0.8868974999932107,400,51200,51200,51200,13107200,0.0,0,0,0,"{""0.1"": 0, ""0.2"": 0, ""0.5"": 0, ""1.0"": 0, ""2.0"": 0}",0.04733220233990432,0.22264214693920875,0.9999999999999999,0.11009114583333333,100,0,0
paper-0.5,paper,0.5,LBQCD-D08-hetero-K15,control-heteroscedastic,concentrated,LBQCD-D08-hetero-K15/concentrated,2,update,0,0.0,0,0.0,0,0,nan,0,nan,400,400,0.5733866999944439,400,51200,51200,51200,13107200,0.0,0,0,0,"{""0.1"": 0, ""0.2"": 0, ""0.5"": 0, ""1.0"": 0, ""2.0"": 0}",0.012604880553264586,0.3696107084274448,0.9999999999999999,0.11549479166666667,150,0,0
paper-1,paper,1.0,LBQCD-D08-hetero-K15,control-heteroscedastic,concentrated,LBQCD-D08-hetero-K15/concentrated,0,update,0,0.0,0,0.0,0,0,nan,0,nan,400,400,0.7373757000023033,400,51200,51200,51200,13107200,0.0,0,0,0,"{""0.1"": 0, ""0.2"": 0, ""0.5"": 0, ""1.0"": 0, ""2.0"": 0}",0.014881676605957406,0.14512038756545348,0.9999999999999999,0.11106770833333333,200,0,0
paper-1,paper,1.0,LBQCD-D08-hetero-K15,control-heteroscedastic,concentrated,LBQCD-D08-hetero-K15/concentrated,1,update,0,0.0,0,0.0,0,0,nan,0,nan,400,400,0.8986477999860654,400,51200,51200,51200,13107200,0.0,0,0,0,"{""0.1"": 0, ""0.2"": 0, ""0.5"": 0, ""1.0"": 0, ""2.0"": 0}",0.0498409621969933,0.24283965651854347,0.9999999999999999,0.1291015625,150,0,0
paper-1,paper,1.0,LBQCD-D08-hetero-K15,control-heteroscedastic,concentrated,LBQCD-D08-hetero-K15/concentrated,2,update,0,0.0,0,0.0,0,0,nan,0,nan,400,400,0.7924854000011692,400,51200,51200,51200,13107200,0.0,0,0,0,"{""0.1"": 0, ""0.2"": 0, ""0.5"": 0, ""1.0"": 0, ""2.0"": 0}",0.011532529991457707,0.356086050172497,0.9999999999999999,0.12578125,250,0,0
paper-2,paper,2.0,LBQCD-D08-hetero-K15,control-heteroscedastic,concentrated,LBQCD-D08-hetero-K15/concentrated,0,update,0,0.0,0,0.0,0,0,nan,0,nan,400,400,0.48549849999835715,400,51200,51200,51200,13107200,0.0,0,0,0,"{""0.1"": 0, ""0.2"": 0, ""0.5"": 0, ""1.0"": 0, ""2.0"": 0}",0.014495439828078105,0.16354812313520142,0.9999999999999999,0.12278645833333333,400,0,0
paper-2,paper,2.0,LBQCD-D08-hetero-K15,control-heteroscedastic,concentrated,LBQCD-D08-hetero-K15/concentrated,1,update,0,0.0,0,0.0,0,0,nan,0,nan,400,400,0.5861652000021422,400,51200,51200,51200,13107200,0.0,0,0,0,"{""0.1"": 0, ""0.2"": 0, ""0.5"": 0, ""1.0"": 0, ""2.0"": 0}",0.05391875225873921,0.261477042400374,0.8666666666666666,0.2482421875,300,0,0
paper-2,paper,2.0,LBQCD-D08-hetero-K15,control-heteroscedastic,concentrated,LBQCD-D08-hetero-K15/concentrated,2,update,0,0.0,0,0.0,0,0,nan,0,nan,400,400,0.6100479000015184,400,51200,51200,51200,13107200,0.0,0,0,0,"{""0.1"": 0, ""0.2"": 0, ""0.5"": 0, ""1.0"": 0, ""2.0"": 0}",0.015524392037323587,0.382140596083672,0.8666666666666666,0.3415364583333333,400,1,0
paper-4,paper,4.0,LBQCD-D08-hetero-K15,control-heteroscedastic,concentrated,LBQCD-D08-hetero-K15/concentrated,0,update,0,0.0,0,0.0,0,0,nan,0,nan,400,400,0.5346947000070941,400,51200,51200,51200,13107200,0.0,0,0,0,"{""0.1"": 0, ""0.2"": 0, ""0.5"": 0, ""1.0"": 0, ""2.0"": 0}",0.012751615633293412,0.17873121916877543,0.8666666666666666,0.24251302083333326,400,1,0
paper-4,paper,4.0,LBQCD-D08-hetero-K15,control-heteroscedastic,concentrated,LBQCD-D08-hetero-K15/concentrated,1,update,0,0.0,0,0.0,0,0,nan,0,nan,400,400,0.6027549999998882,400,51200,51200,51200,13107200,0.0,0,0,0,"{""0.1"": 0, ""0.2"": 0, ""0.5"": 0, ""1.0"": 0, ""2.0"": 0}",0.0621095608653186,0.29797080672136195,0.8666666666666666,0.3405598958333333,400,1,0
paper-4,paper,4.0,LBQCD-D08-hetero-K15,control-heteroscedastic,concentrated,LBQCD-D08-hetero-K15/concentrated,2,update,0,0.0,0,0.0,0,0,nan,0,nan,400,400,0.862703100006911,400,51200,51200,51200,13107200,0.0,0,0,0,"{""0.1"": 0, ""0.2"": 0, ""0.5"": 0, ""1.0"": 0, ""2.0"": 0}",0.021518516525491194,0.4124929415131927,0.8666666666666666,0.3757161458333333,400,1,0
qld-v1,qld,0.5,LBQCD-D08-hetero-K15,control-heteroscedastic,concentrated,LBQCD-D08-hetero-K15/concentrated,0,update,0,0.7,0,0.0,0,0,nan,0,nan,400,400,0.3243415000033565,400,51200,51200,51200,3932160,501760.0,0,0,0,"{""0.1"": 0, ""0.2"": 0, ""0.5"": 0, ""1.0"": 0, ""2.0"": 0}",0.013486508581746826,0.1530306581027235,0.9999999999999999,0.0666015625,200,0,0
qld-v1,qld,0.5,LBQCD-D08-hetero-K15,control-heteroscedastic,concentrated,LBQCD-D08-hetero-K15/concentrated,1,update,0,0.7,0,0.0,0,0,nan,0,nan,400,400,0.32350559999758843,400,51200,51200,51200,3932160,501760.0,0,0,0,"{""0.1"": 0, ""0.2"": 0, ""0.5"": 0, ""1.0"": 0, ""2.0"": 0}",0.0467139048328562,0.233272755746453,0.9999999999999999,0.07005208333333333,150,0,0
qld-v1,qld,0.5,LBQCD-D08-hetero-K15,control-heteroscedastic,concentrated,LBQCD-D08-hetero-K15/concentrated,2,update,0,0.7,0,0.0,0,0,nan,0,nan,400,400,0.32318629999645054,400,51200,51200,51200,3932160,501760.0,0,0,0,"{""0.1"": 0, ""0.2"": 0, ""0.5"": 0, ""1.0"": 0, ""2.0"": 0}",0.006121877142937215,0.28752759291241153,0.9999999999999999,0.09641927083333333,250,0,0
rsr-M1024-f0.70-u,rsr,0.5,LBQCD-D08-hetero-K15,control-heteroscedastic,concentrated,LBQCD-D08-hetero-K15/concentrated,0,update,1024,0.7,0,0.0,0,0,nan,0,nan,400,400,1.2745706999994582,4600,588800,302080,302080,3932160,5734400.0,0,0,0,"{""0.1"": 0, ""0.2"": 0, ""0.5"": 0, ""1.0"": 0, ""2.0"": 0}",0.010713176322997953,0.15440144023400224,0.9999999999999999,0.08860677083333333,150,0,0
rsr-M1024-f0.70-u,rsr,0.5,LBQCD-D08-hetero-K15,control-heteroscedastic,concentrated,LBQCD-D08-hetero-K15/concentrated,1,update,1024,0.7,0,0.0,0,0,nan,0,nan,400,400,1.2820311000104994,4600,588800,302080,302080,3932160,5734400.0,0,0,0,"{""0.1"": 0, ""0.2"": 0, ""0.5"": 0, ""1.0"": 0, ""2.0"": 0}",0.025798465628753764,0.17386210969359472,0.9999999999999999,0.080859375,150,0,0
rsr-M1024-f0.70-u,rsr,0.5,LBQCD-D08-hetero-K15,control-heteroscedastic,concentrated,LBQCD-D08-hetero-K15/concentrated,2,update,1024,0.7,0,0.0,0,0,nan,0,nan,400,400,1.2578511999890907,4600,588800,302080,302080,3932160,5734400.0,0,0,0,"{""0.1"": 0, ""0.2"": 0, ""0.5"": 0, ""1.0"": 0, ""2.0"": 0}",0.009000596881770573,0.25390344312655816,0.9999999999999999,0.0681640625,150,0,0
gated-M1024-f0.70-u,gated,0.5,LBQCD-D08-hetero-K15,control-heteroscedastic,missing,LBQCD-D08-hetero-K15/missing,0,update,1024,0.7,0,0.0,4096,0,8.0,12,281.12996127425816,400,400,0.39776990000973456,400,51200,51200,51200,3932160,501760.0,0,0,0,"{""0.1"": 0, ""0.2"": 0, ""0.5"": 0, ""1.0"": 0, ""2.0"": 0}",0.016206406518936234,0.11889365159050565,0.9999999999999999,0.1140625,100,0,0
gated-M1024-f0.70-u,gated,0.5,LBQCD-D08-hetero-K15,control-heteroscedastic,missing,LBQCD-D08-hetero-K15/missing,1,update,1024,0.7,0,0.0,4096,1,7.75,10,290.7710150133123,400,400,1.2018231999973068,4600,588800,302080,302080,3932160,5734400.0,0,0,0,"{""0.1"": 0, ""0.2"": 0, ""0.5"": 0, ""1.0"": 0, ""2.0"": 0}",0.01970031587693377,0.20782914631348262,0.9999999999999999,0.10279947916666667,150,0,0
gated-M1024-f0.70-u,gated,0.5,LBQCD-D08-hetero-K15,control-heteroscedastic,missing,LBQCD-D08-hetero-K15/missing,2,update,1024,0.7,0,0.0,4096,1,7.3125,12,273.0982624358552,400,400,1.146663899999112,4600,588800,302080,302080,3932160,5734400.0,0,0,0,"{""0.1"": 0, ""0.2"": 0, ""0.5"": 0, ""1.0"": 0, ""2.0"": 0}",0.011039029685839807,0.14802067841989633,0.9999999999999999,0.121875,150,0,0
paper-0.2,paper,0.2,LBQCD-D08-hetero-K15,control-heteroscedastic,missing,LBQCD-D08-hetero-K15/missing,0,update,0,0.0,0,0.0,0,0,nan,0,nan,400,400,0.7920691000035731,400,51200,51200,51200,13107200,0.0,0,0,0,"{""0.1"": 0, ""0.2"": 0, ""0.5"": 0, ""1.0"": 0, ""2.0"": 0}",0.014536137543204042,0.12466954208672286,0.9999999999999999,0.061783854166666666,100,0,0
paper-0.2,paper,0.2,LBQCD-D08-hetero-K15,control-heteroscedastic,missing,LBQCD-D08-hetero-K15/missing,1,update,0,0.0,0,0.0,0,0,nan,0,nan,400,400,0.8312261999963084,400,51200,51200,51200,13107200,0.0,0,0,0,"{""0.1"": 0, ""0.2"": 0, ""0.5"": 0, ""1.0"": 0, ""2.0"": 0}",0.03771411972289407,0.26262927981447554,0.9999999999999999,0.11158854166666667,150,0,0
paper-0.2,paper,0.2,LBQCD-D08-hetero-K15,control-heteroscedastic,missing,LBQCD-D08-hetero-K15/missing,2,update,0,0.0,0,0.0,0,0,nan,0,nan,400,400,0.5751799999998184,400,51200,51200,51200,13107200,0.0,0,0,0,"{""0.1"": 0, ""0.2"": 0, ""0.5"": 0, ""1.0"": 0, ""2.0"": 0}",0.04070607796142944,0.3068124360619739,0.9999999999999999,0.13938802083333335,100,0,0
paper-0.5,paper,0.5,LBQCD-D08-hetero-K15,control-heteroscedastic,missing,LBQCD-D08-hetero-K15/missing,0,update,0,0.0,0,0.0,0,0,nan,0,nan,400,400,0.8532772000035038,400,51200,51200,51200,13107200,0.0,0,0,0,"{""0.1"": 0, ""0.2"": 0, ""0.5"": 0, ""1.0"": 0, ""2.0"": 0}",0.01746738659162217,0.1392338277974952,0.9999999999999999,0.09791666666666667,100,0,0
paper-0.5,paper,0.5,LBQCD-D08-hetero-K15,control-heteroscedastic,missing,LBQCD-D08-hetero-K15/missing,1,update,0,0.0,0,0.0,0,0,nan,0,nan,400,400,0.7486258999997517,400,51200,51200,51200,13107200,0.0,0,0,0,"{""0.1"": 0, ""0.2"": 0, ""0.5"": 0, ""1.0"": 0, ""2.0"": 0}",0.03683060984598274,0.30458803430189973,0.9999999999999999,0.12623697916666665,200,0,0
paper-0.5,paper,0.5,LBQCD-D08-hetero-K15,control-heteroscedastic,missing,LBQCD-D08-hetero-K15/missing,2,update,0,0.0,0,0.0,0,0,nan,0,nan,400,400,0.5903713999869069,400,51200,51200,51200,13107200,0.0,0,0,0,"{""0.1"": 0, ""0.2"": 0, ""0.5"": 0, ""1.0"": 0, ""2.0"": 0}",0.03606985657269668,0.27420638917295276,0.9999999999999999,0.10774739583333333,100,0,0
paper-1,paper,1.0,LBQCD-D08-hetero-K15,control-heteroscedastic,missing,LBQCD-D08-hetero-K15/missing,0,update,0,0.0,0,0.0,0,0,nan,0,nan,400,400,0.5062704000010854,400,51200,51200,51200,13107200,0.0,0,0,0,"{""0.1"": 0, ""0.2"": 0, ""0.5"": 0, ""1.0"": 0, ""2.0"": 0}",0.03019460378229155,0.1588127399329307,0.9999999999999999,0.104296875,100,0,0
paper-1,paper,1.0,LBQCD-D08-hetero-K15,control-heteroscedastic,missing,LBQCD-D08-hetero-K15/missing,1,update,0,0.0,0,0.0,0,0,nan,0,nan,400,400,0.7829258999990998,400,51200,51200,51200,13107200,0.0,0,0,0,"{""0.1"": 0, ""0.2"": 0, ""0.5"": 0, ""1.0"": 0, ""2.0"": 0}",0.050093695387011916,0.39618997750432444,0.9999999999999999,0.12825520833333331,100,0,0
paper-1,paper,1.0,LBQCD-D08-hetero-K15,control-heteroscedastic,missing,LBQCD-D08-hetero-K15/missing,2,update,0,0.0,0,0.0,0,0,nan,0,nan,400,400,0.5279634999897098,400,51200,51200,51200,13107200,0.0,0,0,0,"{""0.1"": 0, ""0.2"": 0, ""0.5"": 0, ""1.0"": 0, ""2.0"": 0}",0.04528591968895235,0.3294986016185072,0.9999999999999999,0.17161458333333335,100,0,0
paper-2,paper,2.0,LBQCD-D08-hetero-K15,control-heteroscedastic,missing,LBQCD-D08-hetero-K15/missing,0,update,0,0.0,0,0.0,0,0,nan,0,nan,400,400,0.7983262999914587,400,51200,51200,51200,13107200,0.0,0,0,0,"{""0.1"": 0, ""0.2"": 0, ""0.5"": 0, ""1.0"": 0, ""2.0"": 0}",0.04015621550030124,0.22280083800319223,0.9333333333333332,0.24498697916666667,150,0,0
paper-2,paper,2.0,LBQCD-D08-hetero-K15,control-heteroscedastic,missing,LBQCD-D08-hetero-K15/missing,1,update,0,0.0,0,0.0,0,0,nan,0,nan,400,400,0.7362987000087742,400,51200,51200,51200,13107200,0.0,0,0,0,"{""0.1"": 0, ""0.2"": 0, ""0.5"": 0, ""1.0"": 0, ""2.0"": 0}",0.0548778511394552,0.4686669228087411,0.9999999999999999,0.16920572916666665,250,0,0
paper-2,paper,2.0,LBQCD-D08-hetero-K15,control-heteroscedastic,missing,LBQCD-D08-hetero-K15/missing,2,update,0,0.0,0,0.0,0,0,nan,0,nan,400,400,0.7367903000122169,400,51200,51200,51200,13107200,0.0,0,0,0,"{""0.1"": 0, ""0.2"": 0, ""0.5"": 0, ""1.0"": 0, ""2.0"": 0}",0.0366655066582382,0.29057077745239485,0.9333333333333332,0.1814453125,150,0,0
paper-4,paper,4.0,LBQCD-D08-hetero-K15,control-heteroscedastic,missing,LBQCD-D08-hetero-K15/missing,0,update,0,0.0,0,0.0,0,0,nan,0,nan,400,400,0.5068089999986114,400,51200,51200,51200,13107200,0.0,0,0,0,"{""0.1"": 0, ""0.2"": 0, ""0.5"": 0, ""1.0"": 0, ""2.0"": 0}",0.021821078026690532,0.21524762757741225,0.9333333333333332,0.2567057291666667,300,0,0
paper-4,paper,4.0,LBQCD-D08-hetero-K15,control-heteroscedastic,missing,LBQCD-D08-hetero-K15/missing,1,update,0,0.0,0,0.0,0,0,nan,0,nan,400,400,0.5061481000011554,400,51200,51200,51200,13107200,0.0,0,0,0,"{""0.1"": 0, ""0.2"": 0, ""0.5"": 0, ""1.0"": 0, ""2.0"": 0}",0.05474122692527805,0.5066980812463525,0.9333333333333332,0.3059895833333333,400,0,0
paper-4,paper,4.0,LBQCD-D08-hetero-K15,control-heteroscedastic,missing,LBQCD-D08-hetero-K15/missing,2,update,0,0.0,0,0.0,0,0,nan,0,nan,400,400,0.5778399999981048,400,51200,51200,51200,13107200,0.0,0,0,0,"{""0.1"": 0, ""0.2"": 0, ""0.5"": 0, ""1.0"": 0, ""2.0"": 0}",0.05259209277706489,0.3591844466967602,0.9333333333333332,0.2263671875,350,0,0
qld-v1,qld,0.5,LBQCD-D08-hetero-K15,control-heteroscedastic,missing,LBQCD-D08-hetero-K15/missing,0,update,0,0.7,0,0.0,0,0,nan,0,nan,400,400,0.3172970000014175,400,51200,51200,51200,3932160,501760.0,0,0,0,"{""0.1"": 0, ""0.2"": 0, ""0.5"": 0, ""1.0"": 0, ""2.0"": 0}",0.016206406518936234,0.11889365159050565,0.9999999999999999,0.1140625,100,0,0
qld-v1,qld,0.5,LBQCD-D08-hetero-K15,control-heteroscedastic,missing,LBQCD-D08-hetero-K15/missing,1,update,0,0.7,0,0.0,0,0,nan,0,nan,400,400,0.4158817999996245,400,51200,51200,51200,3932160,501760.0,0,0,0,"{""0.1"": 0, ""0.2"": 0, ""0.5"": 0, ""1.0"": 0, ""2.0"": 0}",0.015781450014697107,0.17890159833864896,0.9999999999999999,0.13802083333333331,250,0,0
qld-v1,qld,0.5,LBQCD-D08-hetero-K15,control-heteroscedastic,missing,LBQCD-D08-hetero-K15/missing,2,update,0,0.7,0,0.0,0,0,nan,0,nan,400,400,0.35180240000772756,400,51200,51200,51200,3932160,501760.0,0,0,0,"{""0.1"": 0, ""0.2"": 0, ""0.5"": 0, ""1.0"": 0, ""2.0"": 0}",0.013929789384408586,0.14455001782661908,0.9999999999999999,0.1296875,150,0,0
rsr-M1024-f0.70-u,rsr,0.5,LBQCD-D08-hetero-K15,control-heteroscedastic,missing,LBQCD-D08-hetero-K15/missing,0,update,1024,0.7,0,0.0,0,0,nan,0,nan,400,400,1.1239709999936167,4600,588800,302080,302080,3932160,5734400.0,0,0,0,"{""0.1"": 0, ""0.2"": 0, ""0.5"": 0, ""1.0"": 0, ""2.0"": 0}",0.024059721313304916,0.12469077241745792,0.9999999999999999,0.09498697916666667,100,0,0
rsr-M1024-f0.70-u,rsr,0.5,LBQCD-D08-hetero-K15,control-heteroscedastic,missing,LBQCD-D08-hetero-K15/missing,1,update,1024,0.7,0,0.0,0,0,nan,0,nan,400,400,1.138272700001835,4600,588800,302080,302080,3932160,5734400.0,0,0,0,"{""0.1"": 0, ""0.2"": 0, ""0.5"": 0, ""1.0"": 0, ""2.0"": 0}",0.01970031587693377,0.20782914631348262,0.9999999999999999,0.10279947916666667,150,0,0
rsr-M1024-f0.70-u,rsr,0.5,LBQCD-D08-hetero-K15,control-heteroscedastic,missing,LBQCD-D08-hetero-K15/missing,2,update,1024,0.7,0,0.0,0,0,nan,0,nan,400,400,1.2519299999985378,4600,588800,302080,302080,3932160,5734400.0,0,0,0,"{""0.1"": 0, ""0.2"": 0, ""0.5"": 0, ""1.0"": 0, ""2.0"": 0}",0.011039029685839807,0.14802067841989633,0.9999999999999999,0.121875,150,0,0
gated-M1024-f0.70-u,gated,0.5,LBQCD-D09-overlap-K8,control-overlap,concentrated,LBQCD-D09-overlap-K8/concentrated,0,update,1024,0.7,0,0.0,4096,0,128.0,0,0.0,400,400,0.35909720000927337,400,51200,51200,51200,3932160,501760.0,0,0,0,"{""0.1"": 0, ""0.2"": 0, ""0.5"": 0, ""1.0"": 0, ""2.0"": 0}",0.0006764280945090739,0.021974102303537562,1.0,0.048828125,50,0,0
gated-M1024-f0.70-u,gated,0.5,LBQCD-D09-overlap-K8,control-overlap,concentrated,LBQCD-D09-overlap-K8/concentrated,1,update,1024,0.7,0,0.0,4096,0,128.0,0,0.0,400,400,0.351745200008736,400,51200,51200,51200,3932160,501760.0,0,0,0,"{""0.1"": 0, ""0.2"": 0, ""0.5"": 0, ""1.0"": 0, ""2.0"": 0}",0.0027553002764481027,0.0227672853304435,1.0,0.0556640625,50,0,0
gated-M1024-f0.70-u,gated,0.5,LBQCD-D09-overlap-K8,control-overlap,concentrated,LBQCD-D09-overlap-K8/concentrated,2,update,1024,0.7,0,0.0,4096,0,128.0,0,0.0,400,400,0.3605167000059737,400,51200,51200,51200,3932160,501760.0,0,0,0,"{""0.1"": 0, ""0.2"": 0, ""0.5"": 0, ""1.0"": 0, ""2.0"": 0}",0.002670405985642388,0.02864401103541355,1.0,0.052734375,50,0,0
paper-0.2,paper,0.2,LBQCD-D09-overlap-K8,control-overlap,concentrated,LBQCD-D09-overlap-K8/concentrated,0,update,0,0.0,0,0.0,0,0,nan,0,nan,400,400,0.9447489000012865,400,51200,51200,51200,13107200,0.0,0,0,0,"{""0.1"": 0, ""0.2"": 0, ""0.5"": 0, ""1.0"": 0, ""2.0"": 0}",0.0013126650273775908,0.03851465097826979,1.0,0.0908203125,50,0,0
paper-0.2,paper,0.2,LBQCD-D09-overlap-K8,control-overlap,concentrated,LBQCD-D09-overlap-K8/concentrated,1,update,0,0.0,0,0.0,0,0,nan,0,nan,400,400,0.7839014000055613,400,51200,51200,51200,13107200,0.0,0,0,0,"{""0.1"": 0, ""0.2"": 0, ""0.5"": 0, ""1.0"": 0, ""2.0"": 0}",0.003639284091852102,0.02867695709199199,1.0,0.08203125,50,0,0
paper-0.2,paper,0.2,LBQCD-D09-overlap-K8,control-overlap,concentrated,LBQCD-D09-overlap-K8/concentrated,2,update,0,0.0,0,0.0,0,0,nan,0,nan,400,400,0.9089422999968519,400,51200,51200,51200,13107200,0.0,0,0,0,"{""0.1"": 0, ""0.2"": 0, ""0.5"": 0, ""1.0"": 0, ""2.0"": 0}",0.0034939067102476296,0.0378457342570309,1.0,0.076171875,50,0,0
paper-0.5,paper,0.5,LBQCD-D09-overlap-K8,control-overlap,concentrated,LBQCD-D09-overlap-K8/concentrated,0,update,0,0.0,0,0.0,0,0,nan,0,nan,400,400,0.8943285999994259,400,51200,51200,51200,13107200,0.0,0,0,0,"{""0.1"": 0, ""0.2"": 0, ""0.5"": 0, ""1.0"": 0, ""2.0"": 0}",0.0021047928343713718,0.047022884707723756,1.0,0.111328125,50,0,0
paper-0.5,paper,0.5,LBQCD-D09-overlap-K8,control-overlap,concentrated,LBQCD-D09-overlap-K8/concentrated,1,update,0,0.0,0,0.0,0,0,nan,0,nan,400,400,0.8050955999933649,400,51200,51200,51200,13107200,0.0,0,0,0,"{""0.1"": 0, ""0.2"": 0, ""0.5"": 0, ""1.0"": 0, ""2.0"": 0}",0.0024543690130575113,0.024859649720024666,1.0,0.046875,50,0,0
paper-0.5,paper,0.5,LBQCD-D09-overlap-K8,control-overlap,concentrated,LBQCD-D09-overlap-K8/concentrated,2,update,0,0.0,0,0.0,0,0,nan,0,nan,400,400,0.6167655000026571,400,51200,51200,51200,13107200,0.0,0,0,0,"{""0.1"": 0, ""0.2"": 0, ""0.5"": 0, ""1.0"": 0, ""2.0"": 0}",0.004268868801782233,0.04325972731076443,1.0,0.0693359375,50,0,0
paper-1,paper,1.0,LBQCD-D09-overlap-K8,control-overlap,concentrated,LBQCD-D09-overlap-K8/concentrated,0,update,0,0.0,0,0.0,0,0,nan,0,nan,400,400,0.733231699996395,400,51200,51200,51200,13107200,0.0,0,0,0,"{""0.1"": 0, ""0.2"": 0, ""0.5"": 0, ""1.0"": 0, ""2.0"": 0}",0.002675203185187547,0.05181089737730469,1.0,0.130859375,50,0,0
paper-1,paper,1.0,LBQCD-D09-overlap-K8,control-overlap,concentrated,LBQCD-D09-overlap-K8/concentrated,1,update,0,0.0,0,0.0,0,0,nan,0,nan,400,400,0.960083099998883,400,51200,51200,51200,13107200,0.0,0,0,0,"{""0.1"": 0, ""0.2"": 0, ""0.5"": 0, ""1.0"": 0, ""2.0"": 0}",0.0023837975501995734,0.026447356054201766,1.0,0.048828125,50,0,0
paper-1,paper,1.0,LBQCD-D09-overlap-K8,control-overlap,concentrated,LBQCD-D09-overlap-K8/concentrated,2,update,0,0.0,0,0.0,0,0,nan,0,nan,400,400,0.7946160999999847,400,51200,51200,51200,13107200,0.0,0,0,0,"{""0.1"": 0, ""0.2"": 0, ""0.5"": 0, ""1.0"": 0, ""2.0"": 0}",0.007747310363097504,0.04062449982195945,1.0,0.0849609375,50,0,0
paper-2,paper,2.0,LBQCD-D09-overlap-K8,control-overlap,concentrated,LBQCD-D09-overlap-K8/concentrated,0,update,0,0.0,0,0.0,0,0,nan,0,nan,400,400,0.5998392000037711,400,51200,51200,51200,13107200,0.0,0,0,0,"{""0.1"": 0, ""0.2"": 0, ""0.5"": 0, ""1.0"": 0, ""2.0"": 0}",0.0034112804206387626,0.05560150152542866,1.0,0.158203125,50,0,0
paper-2,paper,2.0,LBQCD-D09-overlap-K8,control-overlap,concentrated,LBQCD-D09-overlap-K8/concentrated,1,update,0,0.0,0,0.0,0,0,nan,0,nan,400,400,0.7704038000083528,400,51200,51200,51200,13107200,0.0,0,0,0,"{""0.1"": 0, ""0.2"": 0, ""0.5"": 0, ""1.0"": 0, ""2.0"": 0}",0.0041978069065081725,0.043198877486500024,1.0,0.09375,50,0,0
paper-2,paper,2.0,LBQCD-D09-overlap-K8,control-overlap,concentrated,LBQCD-D09-overlap-K8/concentrated,2,update,0,0.0,0,0.0,0,0,nan,0,nan,400,400,0.8933203000051435,400,51200,51200,51200,13107200,0.0,0,0,0,"{""0.1"": 0, ""0.2"": 0, ""0.5"": 0, ""1.0"": 0, ""2.0"": 0}",0.010171557348621185,0.025702021604938775,1.0,0.095703125,50,0,0
paper-4,paper,4.0,LBQCD-D09-overlap-K8,control-overlap,concentrated,LBQCD-D09-overlap-K8/concentrated,0,update,0,0.0,0,0.0,0,0,nan,0,nan,400,400,0.5922483000031207,400,51200,51200,51200,13107200,0.0,0,0,0,"{""0.1"": 0, ""0.2"": 0, ""0.5"": 0, ""1.0"": 0, ""2.0"": 0}",0.004568249037655625,0.056821834323681396,1.0,0.2216796875,50,0,0
paper-4,paper,4.0,LBQCD-D09-overlap-K8,control-overlap,concentrated,LBQCD-D09-overlap-K8/concentrated,1,update,0,0.0,0,0.0,0,0,nan,0,nan,400,400,0.5879650999995647,400,51200,51200,51200,13107200,0.0,0,0,0,"{""0.1"": 0, ""0.2"": 0, ""0.5"": 0, ""1.0"": 0, ""2.0"": 0}",0.010724354604172981,0.08115686081611824,1.0,0.2216796875,50,0,0
paper-4,paper,4.0,LBQCD-D09-overlap-K8,control-overlap,concentrated,LBQCD-D09-overlap-K8/concentrated,2,update,0,0.0,0,0.0,0,0,nan,0,nan,400,400,0.5029426999972202,400,51200,51200,51200,13107200,0.0,0,0,0,"{""0.1"": 0, ""0.2"": 0, ""0.5"": 0, ""1.0"": 0, ""2.0"": 0}",0.01778260126664266,0.05854138372887948,1.0,0.2861328125,50,0,0
qld-v1,qld,0.5,LBQCD-D09-overlap-K8,control-overlap,concentrated,LBQCD-D09-overlap-K8/concentrated,0,update,0,0.7,0,0.0,0,0,nan,0,nan,400,400,0.3647212999931071,400,51200,51200,51200,3932160,501760.0,0,0,0,"{""0.1"": 0, ""0.2"": 0, ""0.5"": 0, ""1.0"": 0, ""2.0"": 0}",0.0006764280945090739,0.021974102303537562,1.0,0.048828125,50,0,0
qld-v1,qld,0.5,LBQCD-D09-overlap-K8,control-overlap,concentrated,LBQCD-D09-overlap-K8/concentrated,1,update,0,0.7,0,0.0,0,0,nan,0,nan,400,400,0.2891765999956988,400,51200,51200,51200,3932160,501760.0,0,0,0,"{""0.1"": 0, ""0.2"": 0, ""0.5"": 0, ""1.0"": 0, ""2.0"": 0}",0.0027553002764481027,0.0227672853304435,1.0,0.0556640625,50,0,0
qld-v1,qld,0.5,LBQCD-D09-overlap-K8,control-overlap,concentrated,LBQCD-D09-overlap-K8/concentrated,2,update,0,0.7,0,0.0,0,0,nan,0,nan,400,400,0.36370159999933094,400,51200,51200,51200,3932160,501760.0,0,0,0,"{""0.1"": 0, ""0.2"": 0, ""0.5"": 0, ""1.0"": 0, ""2.0"": 0}",0.002670405985642388,0.02864401103541355,1.0,0.052734375,50,0,0
rsr-M1024-f0.70-u,rsr,0.5,LBQCD-D09-overlap-K8,control-overlap,concentrated,LBQCD-D09-overlap-K8/concentrated,0,update,1024,0.7,0,0.0,0,0,nan,0,nan,400,400,1.1731845000031171,4600,588800,302080,302080,3932160,5734400.0,0,0,0,"{""0.1"": 0, ""0.2"": 0, ""0.5"": 0, ""1.0"": 0, ""2.0"": 0}",0.003012199907283186,0.05337046831996953,1.0,0.1162109375,50,0,0
rsr-M1024-f0.70-u,rsr,0.5,LBQCD-D09-overlap-K8,control-overlap,concentrated,LBQCD-D09-overlap-K8/concentrated,1,update,1024,0.7,0,0.0,0,0,nan,0,nan,400,400,1.1311169999971753,4600,588800,302080,302080,3932160,5734400.0,0,0,0,"{""0.1"": 0, ""0.2"": 0, ""0.5"": 0, ""1.0"": 0, ""2.0"": 0}",0.0031023115484715147,0.024107307632337358,1.0,0.048828125,50,0,0
rsr-M1024-f0.70-u,rsr,0.5,LBQCD-D09-overlap-K8,control-overlap,concentrated,LBQCD-D09-overlap-K8/concentrated,2,update,1024,0.7,0,0.0,0,0,nan,0,nan,400,400,1.2733223999966867,4600,588800,302080,302080,3932160,5734400.0,0,0,0,"{""0.1"": 0, ""0.2"": 0, ""0.5"": 0, ""1.0"": 0, ""2.0"": 0}",0.007016868914262897,0.03253410930929061,1.0,0.083984375,50,0,0
gated-M1024-f0.70-u,gated,0.5,LBQCD-D09-overlap-K8,control-overlap,missing,LBQCD-D09-overlap-K8/missing,0,update,1024,0.7,0,0.0,4096,0,128.0,0,0.0,400,400,0.3496201999951154,400,51200,51200,51200,3932160,501760.0,0,0,0,"{""0.1"": 0, ""0.2"": 0, ""0.5"": 0, ""1.0"": 0, ""2.0"": 0}",0.00106182618055084,0.018283110583713506,1.0,0.03515625,50,0,0
gated-M1024-f0.70-u,gated,0.5,LBQCD-D09-overlap-K8,control-overlap,missing,LBQCD-D09-overlap-K8/missing,1,update,1024,0.7,0,0.0,4096,0,128.0,0,0.0,400,400,0.31597929999406915,400,51200,51200,51200,3932160,501760.0,0,0,0,"{""0.1"": 0, ""0.2"": 0, ""0.5"": 0, ""1.0"": 0, ""2.0"": 0}",0.005584840473812025,0.0457068401661821,1.0,0.09375,50,0,0
gated-M1024-f0.70-u,gated,0.5,LBQCD-D09-overlap-K8,control-overlap,missing,LBQCD-D09-overlap-K8/missing,2,update,1024,0.7,0,0.0,4096,0,128.0,0,0.0,400,400,0.2741237000009278,400,51200,51200,51200,3932160,501760.0,0,0,0,"{""0.1"": 0, ""0.2"": 0, ""0.5"": 0, ""1.0"": 0, ""2.0"": 0}",0.000631956243016929,0.020139718607040436,1.0,0.0341796875,50,0,0
paper-0.2,paper,0.2,LBQCD-D09-overlap-K8,control-overlap,missing,LBQCD-D09-overlap-K8/missing,0,update,0,0.0,0,0.0,0,0,nan,0,nan,400,400,0.7327434000035282,400,51200,51200,51200,13107200,0.0,0,0,0,"{""0.1"": 0, ""0.2"": 0, ""0.5"": 0, ""1.0"": 0, ""2.0"": 0}",0.0014160162532721454,0.03314571242679019,1.0,0.078125,50,0,0
paper-0.2,paper,0.2,LBQCD-D09-overlap-K8,control-overlap,missing,LBQCD-D09-overlap-K8/missing,1,update,0,0.0,0,0.0,0,0,nan,0,nan,400,400,0.8716553999984171,400,51200,51200,51200,13107200,0.0,0,0,0,"{""0.1"": 0, ""0.2"": 0, ""0.5"": 0, ""1.0"": 0, ""2.0"": 0}",0.004442967355591798,0.052473491466210526,1.0,0.1044921875,50,0,0
paper-0.2,paper,0.2,LBQCD-D09-overlap-K8,control-overlap,missing,LBQCD-D09-overlap-K8/missing,2,update,0,0.0,0,0.0,0,0,nan,0,nan,400,400,0.7843301999964751,400,51200,51200,51200,13107200,0.0,0,0,0,"{""0.1"": 0, ""0.2"": 0, ""0.5"": 0, ""1.0"": 0, ""2.0"": 0}",0.0008808417418753045,0.024841075255762155,1.0,0.087890625,50,0,0
paper-0.5,paper,0.5,LBQCD-D09-overlap-K8,control-overlap,missing,LBQCD-D09-overlap-K8/missing,0,update,0,0.0,0,0.0,0,0,nan,0,nan,400,400,0.8923898000066401,400,51200,51200,51200,13107200,0.0,0,0,0,"{""0.1"": 0, ""0.2"": 0, ""0.5"": 0, ""1.0"": 0, ""2.0"": 0}",0.0013446918980082323,0.03512648067100029,1.0,0.091796875,50,0,0
paper-0.5,paper,0.5,LBQCD-D09-overlap-K8,control-overlap,missing,LBQCD-D09-overlap-K8/missing,1,update,0,0.0,0,0.0,0,0,nan,0,nan,400,400,0.5591396999952849,400,51200,51200,51200,13107200,0.0,0,0,0,"{""0.1"": 0, ""0.2"": 0, ""0.5"": 0, ""1.0"": 0, ""2.0"": 0}",0.0031191351311162796,0.04639224616273401,1.0,0.107421875,50,0,0
paper-0.5,paper,0.5,LBQCD-D09-overlap-K8,control-overlap,missing,LBQCD-D09-overlap-K8/missing,2,update,0,0.0,0,0.0,0,0,nan,0,nan,400,400,0.7693613000010373,400,51200,51200,51200,13107200,0.0,0,0,0,"{""0.1"": 0, ""0.2"": 0, ""0.5"": 0, ""1.0"": 0, ""2.0"": 0}",0.0010470391058434725,0.027638297141795318,1.0,0.0673828125,50,0,0
paper-1,paper,1.0,LBQCD-D09-overlap-K8,control-overlap,missing,LBQCD-D09-overlap-K8/missing,0,update,0,0.0,0,0.0,0,0,nan,0,nan,400,400,0.5417089999973541,400,51200,51200,51200,13107200,0.0,0,0,0,"{""0.1"": 0, ""0.2"": 0, ""0.5"": 0, ""1.0"": 0, ""2.0"": 0}",0.0015545316341312176,0.031704414426234624,1.0,0.0859375,50,0,0
paper-1,paper,1.0,LBQCD-D09-overlap-K8,control-overlap,missing,LBQCD-D09-overlap-K8/missing,1,update,0,0.0,0,0.0,0,0,nan,0,nan,400,400,0.8423823000048287,400,51200,51200,51200,13107200,0.0,0,0,0,"{""0.1"": 0, ""0.2"": 0, ""0.5"": 0, ""1.0"": 0, ""2.0"": 0}",0.0032172109546163563,0.04897726831068059,1.0,0.087890625,50,0,0
paper-1,paper,1.0,LBQCD-D09-overlap-K8,control-overlap,missing,LBQCD-D09-overlap-K8/missing,2,update,0,0.0,0,0.0,0,0,nan,0,nan,400,400,0.8781237000075635,400,51200,51200,51200,13107200,0.0,0,0,0,"{""0.1"": 0, ""0.2"": 0, ""0.5"": 0, ""1.0"": 0, ""2.0"": 0}",0.0010628299548076647,0.036504712795184156,1.0,0.1005859375,50,0,0
paper-2,paper,2.0,LBQCD-D09-overlap-K8,control-overlap,missing,LBQCD-D09-overlap-K8/missing,0,update,0,0.0,0,0.0,0,0,nan,0,nan,400,400,0.4737311999924714,400,51200,51200,51200,13107200,0.0,0,0,0,"{""0.1"": 0, ""0.2"": 0, ""0.5"": 0, ""1.0"": 0, ""2.0"": 0}",0.002165404676982896,0.028498575892321614,1.0,0.0693359375,50,0,0
paper-2,paper,2.0,LBQCD-D09-overlap-K8,control-overlap,missing,LBQCD-D09-overlap-K8/missing,1,update,0,0.0,0,0.0,0,0,nan,0,nan,400,400,0.812944500008598,400,51200,51200,51200,13107200,0.0,0,0,0,"{""0.1"": 0, ""0.2"": 0, ""0.5"": 0, ""1.0"": 0, ""2.0"": 0}",0.001953021689263812,0.046088263306069396,1.0,0.07421875,50,0,0
paper-2,paper,2.0,LBQCD-D09-overlap-K8,control-overlap,missing,LBQCD-D09-overlap-K8/missing,2,update,0,0.0,0,0.0,0,0,nan,0,nan,400,400,0.5594086999917636,400,51200,51200,51200,13107200,0.0,0,0,0,"{""0.1"": 0, ""0.2"": 0, ""0.5"": 0, ""1.0"": 0, ""2.0"": 0}",0.002889804419033415,0.06082288098893106,1.0,0.17578125,50,0,0
paper-4,paper,4.0,LBQCD-D09-overlap-K8,control-overlap,missing,LBQCD-D09-overlap-K8/missing,0,update,0,0.0,0,0.0,0,0,nan,0,nan,400,400,0.6276565000007395,400,51200,51200,51200,13107200,0.0,0,0,0,"{""0.1"": 0, ""0.2"": 0, ""0.5"": 0, ""1.0"": 0, ""2.0"": 0}",0.0028738056957758884,0.032164180072637216,1.0,0.09375,50,0,0
paper-4,paper,4.0,LBQCD-D09-overlap-K8,control-overlap,missing,LBQCD-D09-overlap-K8/missing,1,update,0,0.0,0,0.0,0,0,nan,0,nan,400,400,0.519263400012278,400,51200,51200,51200,13107200,0.0,0,0,0,"{""0.1"": 0, ""0.2"": 0, ""0.5"": 0, ""1.0"": 0, ""2.0"": 0}",0.007075210288181588,0.07808293625598557,1.0,0.15625,50,0,0
paper-4,paper,4.0,LBQCD-D09-overlap-K8,control-overlap,missing,LBQCD-D09-overlap-K8/missing,2,update,0,0.0,0,0.0,0,0,nan,0,nan,400,400,0.7471461999957683,400,51200,51200,51200,13107200,0.0,0,0,0,"{""0.1"": 0, ""0.2"": 0, ""0.5"": 0, ""1.0"": 0, ""2.0"": 0}",0.005398653747864524,0.07801830675195087,1.0,0.2685546875,50,0,0
qld-v1,qld,0.5,LBQCD-D09-overlap-K8,control-overlap,missing,LBQCD-D09-overlap-K8/missing,0,update,0,0.7,0,0.0,0,0,nan,0,nan,400,400,0.37800339999375865,400,51200,51200,51200,3932160,501760.0,0,0,0,"{""0.1"": 0, ""0.2"": 0, ""0.5"": 0, ""1.0"": 0, ""2.0"": 0}",0.00106182618055084,0.018283110583713506,1.0,0.03515625,50,0,0
qld-v1,qld,0.5,LBQCD-D09-overlap-K8,control-overlap,missing,LBQCD-D09-overlap-K8/missing,1,update,0,0.7,0,0.0,0,0,nan,0,nan,400,400,0.39580929999647196,400,51200,51200,51200,3932160,501760.0,0,0,0,"{""0.1"": 0, ""0.2"": 0, ""0.5"": 0, ""1.0"": 0, ""2.0"": 0}",0.005584840473812025,0.0457068401661821,1.0,0.09375,50,0,0
qld-v1,qld,0.5,LBQCD-D09-overlap-K8,control-overlap,missing,LBQCD-D09-overlap-K8/missing,2,update,0,0.7,0,0.0,0,0,nan,0,nan,400,400,0.3989290000026813,400,51200,51200,51200,3932160,501760.0,0,0,0,"{""0.1"": 0, ""0.2"": 0, ""0.5"": 0, ""1.0"": 0, ""2.0"": 0}",0.000631956243016929,0.020139718607040436,1.0,0.0341796875,50,0,0
rsr-M1024-f0.70-u,rsr,0.5,LBQCD-D09-overlap-K8,control-overlap,missing,LBQCD-D09-overlap-K8/missing,0,update,1024,0.7,0,0.0,0,0,nan,0,nan,400,400,1.206020499987062,4600,588800,302080,302080,3932160,5734400.0,0,0,0,"{""0.1"": 0, ""0.2"": 0, ""0.5"": 0, ""1.0"": 0, ""2.0"": 0}",0.0019953775165423293,0.02999745362379174,1.0,0.0810546875,50,0,0
rsr-M1024-f0.70-u,rsr,0.5,LBQCD-D09-overlap-K8,control-overlap,missing,LBQCD-D09-overlap-K8/missing,1,update,1024,0.7,0,0.0,0,0,nan,0,nan,400,400,1.253737099992577,4600,588800,302080,302080,3932160,5734400.0,0,0,0,"{""0.1"": 0, ""0.2"": 0, ""0.5"": 0, ""1.0"": 0, ""2.0"": 0}",0.0030878347452709676,0.023405462782815366,1.0,0.08984375,50,0,0
rsr-M1024-f0.70-u,rsr,0.5,LBQCD-D09-overlap-K8,control-overlap,missing,LBQCD-D09-overlap-K8/missing,2,update,1024,0.7,0,0.0,0,0,nan,0,nan,400,400,1.3009064000070794,4600,588800,302080,302080,3932160,5734400.0,0,0,0,"{""0.1"": 0, ""0.2"": 0, ""0.5"": 0, ""1.0"": 0, ""2.0"": 0}",0.00113554003863503,0.023120725601311575,1.0,0.0810546875,50,0,0
gated-M1024-f0.70-u,gated,0.5,LBQCD-D10-contaminated,control-contaminated,concentrated,LBQCD-D10-contaminated/concentrated,0,update,1024,0.7,0,0.0,4096,1,2.8125,7,5186.713519476025,400,400,1.2562112000014167,4600,588800,302080,302080,3932160,5734400.0,0,0,0,"{""0.1"": 0, ""0.2"": 0, ""0.5"": 0, ""1.0"": 0, ""2.0"": 0}",0.01262172769610892,0.16744020074754562,0.9800000000000001,0.09484374999999999,50,0,0
gated-M1024-f0.70-u,gated,0.5,LBQCD-D10-contaminated,control-contaminated,concentrated,LBQCD-D10-contaminated/concentrated,1,update,1024,0.7,0,0.0,4096,1,2.5625,7,5270.451229426076,400,400,1.1367281999991974,4600,588800,302080,302080,3932160,5734400.0,0,0,0,"{""0.1"": 0, ""0.2"": 0, ""0.5"": 0, ""1.0"": 0, ""2.0"": 0}",0.015968474284336676,0.21981178423800207,0.9800000000000001,0.11046874999999999,50,0,0
gated-M1024-f0.70-u,gated,0.5,LBQCD-D10-contaminated,control-contaminated,concentrated,LBQCD-D10-contaminated/concentrated,2,update,1024,0.7,0,0.0,4096,1,2.5625,7,5012.556306365,400,400,1.3053805999952601,4600,588800,302080,302080,3932160,5734400.0,0,0,0,"{""0.1"": 0, ""0.2"": 0, ""0.5"": 0, ""1.0"": 0, ""2.0"": 0}",0.019837243372584856,0.19085592966601986,0.9800000000000001,0.10531250000000002,50,0,0
paper-0.2,paper,0.2,LBQCD-D10-contaminated,control-contaminated,concentrated,LBQCD-D10-contaminated/concentrated,0,update,0,0.0,0,0.0,0,0,nan,0,nan,400,400,0.8476197000127286,400,51200,51200,51200,13107200,0.0,0,0,0,"{""0.1"": 0, ""0.2"": 0, ""0.5"": 0, ""1.0"": 0, ""2.0"": 0}",0.014819581304089002,0.16185613619788045,0.9800000000000001,0.08828124999999996,50,0,0
paper-0.2,paper,0.2,LBQCD-D10-contaminated,control-contaminated,concentrated,LBQCD-D10-contaminated/concentrated,1,update,0,0.0,0,0.0,0,0,nan,0,nan,400,400,0.5096774999983609,400,51200,51200,51200,13107200,0.0,0,0,0,"{""0.1"": 0, ""0.2"": 0, ""0.5"": 0, ""1.0"": 0, ""2.0"": 0}",0.013803136371892233,0.18939740705824556,0.9800000000000001,0.09750000000000002,50,0,0
paper-0.2,paper,0.2,LBQCD-D10-contaminated,control-contaminated,concentrated,LBQCD-D10-contaminated/concentrated,2,update,0,0.0,0,0.0,0,0,nan,0,nan,400,400,0.538667799992254,400,51200,51200,51200,13107200,0.0,0,0,0,"{""0.1"": 0, ""0.2"": 0, ""0.5"": 0, ""1.0"": 0, ""2.0"": 0}",0.012323749729467703,0.18090363329030093,0.9800000000000001,0.07976562499999994,50,0,0
paper-0.5,paper,0.5,LBQCD-D10-contaminated,control-contaminated,concentrated,LBQCD-D10-contaminated/concentrated,0,update,0,0.0,0,0.0,0,0,nan,0,nan,400,400,0.7857674999977462,400,51200,51200,51200,13107200,0.0,0,0,0,"{""0.1"": 0, ""0.2"": 0, ""0.5"": 0, ""1.0"": 0, ""2.0"": 0}",0.01516210815581509,0.16867722137402985,0.9800000000000001,0.12023437499999999,50,0,0
paper-0.5,paper,0.5,LBQCD-D10-contaminated,control-contaminated,concentrated,LBQCD-D10-contaminated/concentrated,1,update,0,0.0,0,0.0,0,0,nan,0,nan,400,400,0.5611774999997579,400,51200,51200,51200,13107200,0.0,0,0,0,"{""0.1"": 0, ""0.2"": 0, ""0.5"": 0, ""1.0"": 0, ""2.0"": 0}",0.012504889958837806,0.2011371603863197,0.9800000000000001,0.10488281249999996,50,0,0
paper-0.5,paper,0.5,LBQCD-D10-contaminated,control-contaminated,concentrated,LBQCD-D10-contaminated/concentrated,2,update,0,0.0,0,0.0,0,0,nan,0,nan,400,400,0.7773969999980181,400,51200,51200,51200,13107200,0.0,0,0,0,"{""0.1"": 0, ""0.2"": 0, ""0.5"": 0, ""1.0"": 0, ""2.0"": 0}",0.011964559768321559,0.18127328682271684,0.9800000000000001,0.08410156249999999,50,0,0
paper-1,paper,1.0,LBQCD-D10-contaminated,control-contaminated,concentrated,LBQCD-D10-contaminated/concentrated,0,update,0,0.0,0,0.0,0,0,nan,0,nan,400,400,0.7963027999940095,400,51200,51200,51200,13107200,0.0,0,0,0,"{""0.1"": 0, ""0.2"": 0, ""0.5"": 0, ""1.0"": 0, ""2.0"": 0}",0.016488857895635256,0.1742359279583623,0.9800000000000001,0.11046874999999999,50,0,0
paper-1,paper,1.0,LBQCD-D10-contaminated,control-contaminated,concentrated,LBQCD-D10-contaminated/concentrated,1,update,0,0.0,0,0.0,0,0,nan,0,nan,400,400,0.5555888999952003,400,51200,51200,51200,13107200,0.0,0,0,0,"{""0.1"": 0, ""0.2"": 0, ""0.5"": 0, ""1.0"": 0, ""2.0"": 0}",0.012616314600365275,0.20091998870014124,0.9800000000000001,0.12316406249999999,100,0,0
paper-1,paper,1.0,LBQCD-D10-contaminated,control-contaminated,concentrated,LBQCD-D10-contaminated/concentrated,2,update,0,0.0,0,0.0,0,0,nan,0,nan,400,400,0.5006963000050746,400,51200,51200,51200,13107200,0.0,0,0,0,"{""0.1"": 0, ""0.2"": 0, ""0.5"": 0, ""1.0"": 0, ""2.0"": 0}",0.010641642354891623,0.18199559790200298,0.9800000000000001,0.1251171875,100,0,0
paper-2,paper,2.0,LBQCD-D10-contaminated,control-contaminated,concentrated,LBQCD-D10-contaminated/concentrated,0,update,0,0.0,0,0.0,0,0,nan,0,nan,400,400,0.844900999989477,400,51200,51200,51200,13107200,0.0,0,0,0,"{""0.1"": 0, ""0.2"": 0, ""0.5"": 0, ""1.0"": 0, ""2.0"": 0}",0.016631728866537188,0.17484645781509375,0.9800000000000001,0.11171874999999996,50,0,0
paper-2,paper,2.0,LBQCD-D10-contaminated,control-contaminated,concentrated,LBQCD-D10-contaminated/concentrated,1,update,0,0.0,0,0.0,0,0,nan,0,nan,400,400,0.5429382000002079,400,51200,51200,51200,13107200,0.0,0,0,0,"{""0.1"": 0, ""0.2"": 0, ""0.5"": 0, ""1.0"": 0, ""2.0"": 0}",0.013999218363816457,0.2009682485182469,0.9800000000000001,0.1329296875,100,0,0
paper-2,paper,2.0,LBQCD-D10-contaminated,control-contaminated,concentrated,LBQCD-D10-contaminated/concentrated,2,update,0,0.0,0,0.0,0,0,nan,0,nan,400,400,0.5654874999891035,400,51200,51200,51200,13107200,0.0,0,0,0,"{""0.1"": 0, ""0.2"": 0, ""0.5"": 0, ""1.0"": 0, ""2.0"": 0}",0.009582746440529366,0.18729564552502698,0.9800000000000001,0.155390625,100,0,0
paper-4,paper,4.0,LBQCD-D10-contaminated,control-contaminated,concentrated,LBQCD-D10-contaminated/concentrated,0,update,0,0.0,0,0.0,0,0,nan,0,nan,400,400,0.49625599999853875,400,51200,51200,51200,13107200,0.0,0,0,0,"{""0.1"": 0, ""0.2"": 0, ""0.5"": 0, ""1.0"": 0, ""2.0"": 0}",0.019277608021956993,0.18438002469801887,0.9800000000000001,0.11925781249999999,50,0,0
paper-4,paper,4.0,LBQCD-D10-contaminated,control-contaminated,concentrated,LBQCD-D10-contaminated/concentrated,1,update,0,0.0,0,0.0,0,0,nan,0,nan,400,400,0.5968297999934293,400,51200,51200,51200,13107200,0.0,0,0,0,"{""0.1"": 0, ""0.2"": 0, ""0.5"": 0, ""1.0"": 0, ""2.0"": 0}",0.018371092914952314,0.1994823783920629,0.9800000000000001,0.1505078125,150,0,0
paper-4,paper,4.0,LBQCD-D10-contaminated,control-contaminated,concentrated,LBQCD-D10-contaminated/concentrated,2,update,0,0.0,0,0.0,0,0,nan,0,nan,400,400,0.7876939999987371,400,51200,51200,51200,13107200,0.0,0,0,0,"{""0.1"": 0, ""0.2"": 0, ""0.5"": 0, ""1.0"": 0, ""2.0"": 0}",0.00857109409670409,0.18573480586025046,0.9800000000000001,0.14046875000000003,100,0,0
qld-v1,qld,0.5,LBQCD-D10-contaminated,control-contaminated,concentrated,LBQCD-D10-contaminated/concentrated,0,update,0,0.7,0,0.0,0,0,nan,0,nan,400,400,0.3121551999938674,400,51200,51200,51200,3932160,501760.0,0,0,0,"{""0.1"": 0, ""0.2"": 0, ""0.5"": 0, ""1.0"": 0, ""2.0"": 0}",0.01290574501348285,0.16048156207140993,0.9800000000000001,0.08996093749999999,50,0,0
qld-v1,qld,0.5,LBQCD-D10-contaminated,control-contaminated,concentrated,LBQCD-D10-contaminated/concentrated,1,update,0,0.7,0,0.0,0,0,nan,0,nan,400,400,0.27967760000319686,400,51200,51200,51200,3932160,501760.0,0,0,0,"{""0.1"": 0, ""0.2"": 0, ""0.5"": 0, ""1.0"": 0, ""2.0"": 0}",0.01315324857821265,0.20028033341793625,0.9800000000000001,0.1534375,50,0,0
qld-v1,qld,0.5,LBQCD-D10-contaminated,control-contaminated,concentrated,LBQCD-D10-contaminated/concentrated,2,update,0,0.7,0,0.0,0,0,nan,0,nan,400,400,0.37628379999659956,400,51200,51200,51200,3932160,501760.0,0,0,0,"{""0.1"": 0, ""0.2"": 0, ""0.5"": 0, ""1.0"": 0, ""2.0"": 0}",0.019194983761382955,0.19374716087076993,0.9800000000000001,0.07308593750000002,50,0,0
rsr-M1024-f0.70-u,rsr,0.5,LBQCD-D10-contaminated,control-contaminated,concentrated,LBQCD-D10-contaminated/concentrated,0,update,1024,0.7,0,0.0,0,0,nan,0,nan,400,400,1.287777499994263,4600,588800,302080,302080,3932160,5734400.0,0,0,0,"{""0.1"": 0, ""0.2"": 0, ""0.5"": 0, ""1.0"": 0, ""2.0"": 0}",0.01262172769610892,0.16744020074754562,0.9800000000000001,0.09484374999999999,50,0,0
rsr-M1024-f0.70-u,rsr,0.5,LBQCD-D10-contaminated,control-contaminated,concentrated,LBQCD-D10-contaminated/concentrated,1,update,1024,0.7,0,0.0,0,0,nan,0,nan,400,400,1.2190405000001192,4600,588800,302080,302080,3932160,5734400.0,0,0,0,"{""0.1"": 0, ""0.2"": 0, ""0.5"": 0, ""1.0"": 0, ""2.0"": 0}",0.015968474284336676,0.21981178423800207,0.9800000000000001,0.11046874999999999,50,0,0
rsr-M1024-f0.70-u,rsr,0.5,LBQCD-D10-contaminated,control-contaminated,concentrated,LBQCD-D10-contaminated/concentrated,2,update,1024,0.7,0,0.0,0,0,nan,0,nan,400,400,1.221665100005339,4600,588800,302080,302080,3932160,5734400.0,0,0,0,"{""0.1"": 0, ""0.2"": 0, ""0.5"": 0, ""1.0"": 0, ""2.0"": 0}",0.019837243372584856,0.19085592966601986,0.9800000000000001,0.10531250000000002,50,0,0
gated-M1024-f0.70-u,gated,0.5,LBQCD-D10-contaminated,control-contaminated,missing,LBQCD-D10-contaminated/missing,0,update,1024,0.7,0,0.0,4096,1,3.0625,7,4886.631678346818,400,400,1.1684608000068692,4600,588800,302080,302080,3932160,5734400.0,0,0,0,"{""0.1"": 0, ""0.2"": 0, ""0.5"": 0, ""1.0"": 0, ""2.0"": 0}",0.02965732319865344,0.1925903152416841,0.9800000000000001,0.12093750000000002,50,0,0
gated-M1024-f0.70-u,gated,0.5,LBQCD-D10-contaminated,control-contaminated,missing,LBQCD-D10-contaminated/missing,1,update,1024,0.7,0,0.0,4096,1,2.9375,7,5125.972328128385,400,400,1.2318682999903103,4600,588800,302080,302080,3932160,5734400.0,0,0,0,"{""0.1"": 0, ""0.2"": 0, ""0.5"": 0, ""1.0"": 0, ""2.0"": 0}",0.016593083153350285,0.1882733106419307,0.9800000000000001,0.07335937499999999,100,0,0
gated-M1024-f0.70-u,gated,0.5,LBQCD-D10-contaminated,control-contaminated,missing,LBQCD-D10-contaminated/missing,2,update,1024,0.7,0,0.0,4096,1,2.75,7,4856.828161734574,400,400,1.2599470999994082,4600,588800,302080,302080,3932160,5734400.0,0,0,0,"{""0.1"": 0, ""0.2"": 0, ""0.5"": 0, ""1.0"": 0, ""2.0"": 0}",0.015414650092742566,0.17027223216603538,0.9800000000000001,0.10335937500000002,100,0,0
paper-0.2,paper,0.2,LBQCD-D10-contaminated,control-contaminated,missing,LBQCD-D10-contaminated/missing,0,update,0,0.0,0,0.0,0,0,nan,0,nan,400,400,0.5775252000021283,400,51200,51200,51200,13107200,0.0,0,0,0,"{""0.1"": 0, ""0.2"": 0, ""0.5"": 0, ""1.0"": 0, ""2.0"": 0}",0.018975892637731473,0.16119744433806568,0.9800000000000001,0.10265624999999999,50,0,0
paper-0.2,paper,0.2,LBQCD-D10-contaminated,control-contaminated,missing,LBQCD-D10-contaminated/missing,1,update,0,0.0,0,0.0,0,0,nan,0,nan,400,400,0.7545144999894546,400,51200,51200,51200,13107200,0.0,0,0,0,"{""0.1"": 0, ""0.2"": 0, ""0.5"": 0, ""1.0"": 0, ""2.0"": 0}",0.015947970908869902,0.1925754515970362,0.9800000000000001,0.11214843750000002,50,0,0
paper-0.2,paper,0.2,LBQCD-D10-contaminated,control-contaminated,missing,LBQCD-D10-contaminated/missing,2,update,0,0.0,0,0.0,0,0,nan,0,nan,400,400,0.7625449999904959,400,51200,51200,51200,13107200,0.0,0,0,0,"{""0.1"": 0, ""0.2"": 0, ""0.5"": 0, ""1.0"": 0, ""2.0"": 0}",0.009928117264507819,0.1564209024339968,0.9800000000000001,0.06039062500000002,50,0,0
paper-0.5,paper,0.5,LBQCD-D10-contaminated,control-contaminated,missing,LBQCD-D10-contaminated/missing,0,update,0,0.0,0,0.0,0,0,nan,0,nan,400,400,0.7193084000027739,400,51200,51200,51200,13107200,0.0,0,0,0,"{""0.1"": 0, ""0.2"": 0, ""0.5"": 0, ""1.0"": 0, ""2.0"": 0}",0.015695555398877126,0.16846785570799058,0.9800000000000001,0.14242187500000003,50,0,0
paper-0.5,paper,0.5,LBQCD-D10-contaminated,control-contaminated,missing,LBQCD-D10-contaminated/missing,1,update,0,0.0,0,0.0,0,0,nan,0,nan,400,400,0.6338965000031749,400,51200,51200,51200,13107200,0.0,0,0,0,"{""0.1"": 0, ""0.2"": 0, ""0.5"": 0, ""1.0"": 0, ""2.0"": 0}",0.025651164566943274,0.15959988878275047,0.9800000000000001,0.09484374999999999,100,0,0
paper-0.5,paper,0.5,LBQCD-D10-contaminated,control-contaminated,missing,LBQCD-D10-contaminated/missing,2,update,0,0.0,0,0.0,0,0,nan,0,nan,400,400,0.45317079999949783,400,51200,51200,51200,13107200,0.0,0,0,0,"{""0.1"": 0, ""0.2"": 0, ""0.5"": 0, ""1.0"": 0, ""2.0"": 0}",0.011360074178859758,0.16778880742165087,0.9800000000000001,0.10042968750000002,50,0,0
paper-1,paper,1.0,LBQCD-D10-contaminated,control-contaminated,missing,LBQCD-D10-contaminated/missing,0,update,0,0.0,0,0.0,0,0,nan,0,nan,400,400,0.8034399000025587,400,51200,51200,51200,13107200,0.0,0,0,0,"{""0.1"": 0, ""0.2"": 0, ""0.5"": 0, ""1.0"": 0, ""2.0"": 0}",0.02634071105334579,0.17189612997203374,0.9800000000000001,0.12023437499999999,50,0,0
paper-1,paper,1.0,LBQCD-D10-contaminated,control-contaminated,missing,LBQCD-D10-contaminated/missing,1,update,0,0.0,0,0.0,0,0,nan,0,nan,400,400,0.8545676999929128,400,51200,51200,51200,13107200,0.0,0,0,0,"{""0.1"": 0, ""0.2"": 0, ""0.5"": 0, ""1.0"": 0, ""2.0"": 0}",0.02220511193864705,0.15368139505172457,0.9800000000000001,0.09804687499999996,150,0,0
paper-1,paper,1.0,LBQCD-D10-contaminated,control-contaminated,missing,LBQCD-D10-contaminated/missing,2,update,0,0.0,0,0.0,0,0,nan,0,nan,400,400,0.4893669000011869,400,51200,51200,51200,13107200,0.0,0,0,0,"{""0.1"": 0, ""0.2"": 0, ""0.5"": 0, ""1.0"": 0, ""2.0"": 0}",0.010770154877588256,0.1803602613025023,0.9800000000000001,0.11410156250000002,100,0,0
paper-2,paper,2.0,LBQCD-D10-contaminated,control-contaminated,missing,LBQCD-D10-contaminated/missing,0,update,0,0.0,0,0.0,0,0,nan,0,nan,400,400,0.6368010000005597,400,51200,51200,51200,13107200,0.0,0,0,0,"{""0.1"": 0, ""0.2"": 0, ""0.5"": 0, ""1.0"": 0, ""2.0"": 0}",0.033619301921862466,0.18797541061635656,0.9800000000000001,0.11019531250000002,50,0,0
paper-2,paper,2.0,LBQCD-D10-contaminated,control-contaminated,missing,LBQCD-D10-contaminated/missing,1,update,0,0.0,0,0.0,0,0,nan,0,nan,400,400,0.7448326000012457,400,51200,51200,51200,13107200,0.0,0,0,0,"{""0.1"": 0, ""0.2"": 0, ""0.5"": 0, ""1.0"": 0, ""2.0"": 0}",0.023952365858892488,0.1631711479449959,0.9800000000000001,0.11730468749999999,150,0,0
paper-2,paper,2.0,LBQCD-D10-contaminated,control-contaminated,missing,LBQCD-D10-contaminated/missing,2,update,0,0.0,0,0.0,0,0,nan,0,nan,400,400,0.7026587000000291,400,51200,51200,51200,13107200,0.0,0,0,0,"{""0.1"": 0, ""0.2"": 0, ""0.5"": 0, ""1.0"": 0, ""2.0"": 0}",0.015613762539980813,0.2332274714181873,0.9800000000000001,0.15386718750000006,100,0,0
paper-4,paper,4.0,LBQCD-D10-contaminated,control-contaminated,missing,LBQCD-D10-contaminated/missing,0,update,0,0.0,0,0.0,0,0,nan,0,nan,400,400,0.5584183000028133,400,51200,51200,51200,13107200,0.0,0,0,0,"{""0.1"": 0, ""0.2"": 0, ""0.5"": 0, ""1.0"": 0, ""2.0"": 0}",0.041068603898498424,0.20828871164952806,0.9800000000000001,0.1387890625,50,0,0
paper-4,paper,4.0,LBQCD-D10-contaminated,control-contaminated,missing,LBQCD-D10-contaminated/missing,1,update,0,0.0,0,0.0,0,0,nan,0,nan,400,400,0.8673460999998497,400,51200,51200,51200,13107200,0.0,0,0,0,"{""0.1"": 0, ""0.2"": 0, ""0.5"": 0, ""1.0"": 0, ""2.0"": 0}",0.018611094336893785,0.1868783202455594,0.9800000000000001,0.13027343749999998,100,0,0
paper-4,paper,4.0,LBQCD-D10-contaminated,control-contaminated,missing,LBQCD-D10-contaminated/missing,2,update,0,0.0,0,0.0,0,0,nan,0,nan,400,400,0.5974960000021383,400,51200,51200,51200,13107200,0.0,0,0,0,"{""0.1"": 0, ""0.2"": 0, ""0.5"": 0, ""1.0"": 0, ""2.0"": 0}",0.02793398659050106,0.2502037488322017,0.9800000000000001,0.23910156250000003,100,0,0
qld-v1,qld,0.5,LBQCD-D10-contaminated,control-contaminated,missing,LBQCD-D10-contaminated/missing,0,update,0,0.7,0,0.0,0,0,nan,0,nan,400,400,0.3411777000001166,400,51200,51200,51200,3932160,501760.0,0,0,0,"{""0.1"": 0, ""0.2"": 0, ""0.5"": 0, ""1.0"": 0, ""2.0"": 0}",0.021487618221360805,0.17676063436087625,0.9800000000000001,0.08410156249999999,50,0,0
qld-v1,qld,0.5,LBQCD-D10-contaminated,control-contaminated,missing,LBQCD-D10-contaminated/missing,1,update,0,0.7,0,0.0,0,0,nan,0,nan,400,400,0.27919960000144783,400,51200,51200,51200,3932160,501760.0,0,0,0,"{""0.1"": 0, ""0.2"": 0, ""0.5"": 0, ""1.0"": 0, ""2.0"": 0}",0.027386826360647376,0.16133023895577517,0.9800000000000001,0.08214843749999999,100,0,0
qld-v1,qld,0.5,LBQCD-D10-contaminated,control-contaminated,missing,LBQCD-D10-contaminated/missing,2,update,0,0.7,0,0.0,0,0,nan,0,nan,400,400,0.332361699998728,400,51200,51200,51200,3932160,501760.0,0,0,0,"{""0.1"": 0, ""0.2"": 0, ""0.5"": 0, ""1.0"": 0, ""2.0"": 0}",0.015569268030477978,0.17135679415516505,0.9800000000000001,0.10656249999999999,100,0,0
rsr-M1024-f0.70-u,rsr,0.5,LBQCD-D10-contaminated,control-contaminated,missing,LBQCD-D10-contaminated/missing,0,update,1024,0.7,0,0.0,0,0,nan,0,nan,400,400,1.1327327999897534,4600,588800,302080,302080,3932160,5734400.0,0,0,0,"{""0.1"": 0, ""0.2"": 0, ""0.5"": 0, ""1.0"": 0, ""2.0"": 0}",0.02965732319865344,0.1925903152416841,0.9800000000000001,0.12093750000000002,50,0,0
rsr-M1024-f0.70-u,rsr,0.5,LBQCD-D10-contaminated,control-contaminated,missing,LBQCD-D10-contaminated/missing,1,update,1024,0.7,0,0.0,0,0,nan,0,nan,400,400,1.1833825999929104,4600,588800,302080,302080,3932160,5734400.0,0,0,0,"{""0.1"": 0, ""0.2"": 0, ""0.5"": 0, ""1.0"": 0, ""2.0"": 0}",0.016593083153350285,0.1882733106419307,0.9800000000000001,0.07335937499999999,100,0,0
rsr-M1024-f0.70-u,rsr,0.5,LBQCD-D10-contaminated,control-contaminated,missing,LBQCD-D10-contaminated/missing,2,update,1024,0.7,0,0.0,0,0,nan,0,nan,400,400,1.2969920999894384,4600,588800,302080,302080,3932160,5734400.0,0,0,0,"{""0.1"": 0, ""0.2"": 0, ""0.5"": 0, ""1.0"": 0, ""2.0"": 0}",0.015414650092742566,0.17027223216603538,0.9800000000000001,0.10335937500000002,100,0,0
gated-M1024-f0.70-u,gated,0.5,LBQCD-D11-heavy-t5,control-heavy-tail,concentrated,LBQCD-D11-heavy-t5/concentrated,0,update,1024,0.7,0,0.0,4096,0,128.0,0,0.0,400,400,0.368240900003002,400,51200,51200,51200,3932160,501760.0,0,0,0,"{""0.1"": 0, ""0.2"": 0, ""0.5"": 0, ""1.0"": 0, ""2.0"": 0}",0.014203402425411626,0.051385957243246565,1.0,0.0,1,0,0
gated-M1024-f0.70-u,gated,0.5,LBQCD-D11-heavy-t5,control-heavy-tail,concentrated,LBQCD-D11-heavy-t5/concentrated,1,update,1024,0.7,0,0.0,4096,0,128.0,0,0.0,400,400,0.41173690000141505,400,51200,51200,51200,3932160,501760.0,0,0,0,"{""0.1"": 0, ""0.2"": 0, ""0.5"": 0, ""1.0"": 0, ""2.0"": 0}",0.003115772906914005,0.058144775076870166,1.0,0.0,1,0,0
gated-M1024-f0.70-u,gated,0.5,LBQCD-D11-heavy-t5,control-heavy-tail,concentrated,LBQCD-D11-heavy-t5/concentrated,2,update,1024,0.7,0,0.0,4096,0,128.0,0,0.0,400,400,0.4060716000094544,400,51200,51200,51200,3932160,501760.0,0,0,0,"{""0.1"": 0, ""0.2"": 0, ""0.5"": 0, ""1.0"": 0, ""2.0"": 0}",0.006478972277704553,0.03692697885740817,1.0,0.0,1,0,0
paper-0.2,paper,0.2,LBQCD-D11-heavy-t5,control-heavy-tail,concentrated,LBQCD-D11-heavy-t5/concentrated,0,update,0,0.0,0,0.0,0,0,nan,0,nan,400,400,0.8818769000063185,400,51200,51200,51200,13107200,0.0,0,0,0,"{""0.1"": 0, ""0.2"": 0, ""0.5"": 0, ""1.0"": 0, ""2.0"": 0}",0.018595852609591956,0.054756326498591565,1.0,0.0,1,0,0
paper-0.2,paper,0.2,LBQCD-D11-heavy-t5,control-heavy-tail,concentrated,LBQCD-D11-heavy-t5/concentrated,1,update,0,0.0,0,0.0,0,0,nan,0,nan,400,400,0.7833140000002459,400,51200,51200,51200,13107200,0.0,0,0,0,"{""0.1"": 0, ""0.2"": 0, ""0.5"": 0, ""1.0"": 0, ""2.0"": 0}",0.010222540807300007,0.11822132038957883,1.0,0.0,1,0,0
paper-0.2,paper,0.2,LBQCD-D11-heavy-t5,control-heavy-tail,concentrated,LBQCD-D11-heavy-t5/concentrated,2,update,0,0.0,0,0.0,0,0,nan,0,nan,400,400,0.8391622999915853,400,51200,51200,51200,13107200,0.0,0,0,0,"{""0.1"": 0, ""0.2"": 0, ""0.5"": 0, ""1.0"": 0, ""2.0"": 0}",0.0059658043534276395,0.04244822333459276,1.0,0.0,1,0,0
paper-0.5,paper,0.5,LBQCD-D11-heavy-t5,control-heavy-tail,concentrated,LBQCD-D11-heavy-t5/concentrated,0,update,0,0.0,0,0.0,0,0,nan,0,nan,400,400,0.9026532999996562,400,51200,51200,51200,13107200,0.0,0,0,0,"{""0.1"": 0, ""0.2"": 0, ""0.5"": 0, ""1.0"": 0, ""2.0"": 0}",0.019586630782462366,0.12718393312213355,1.0,0.0,1,0,0
paper-0.5,paper,0.5,LBQCD-D11-heavy-t5,control-heavy-tail,concentrated,LBQCD-D11-heavy-t5/concentrated,1,update,0,0.0,0,0.0,0,0,nan,0,nan,400,400,0.8527218999952311,400,51200,51200,51200,13107200,0.0,0,0,0,"{""0.1"": 0, ""0.2"": 0, ""0.5"": 0, ""1.0"": 0, ""2.0"": 0}",0.007734372153204827,0.08910888197682619,1.0,0.0,1,0,0
paper-0.5,paper,0.5,LBQCD-D11-heavy-t5,control-heavy-tail,concentrated,LBQCD-D11-heavy-t5/concentrated,2,update,0,0.0,0,0.0,0,0,nan,0,nan,400,400,0.902726000000257,400,51200,51200,51200,13107200,0.0,0,0,0,"{""0.1"": 0, ""0.2"": 0, ""0.5"": 0, ""1.0"": 0, ""2.0"": 0}",0.006745702797690489,0.05294498813040822,1.0,0.0,1,0,0
paper-1,paper,1.0,LBQCD-D11-heavy-t5,control-heavy-tail,concentrated,LBQCD-D11-heavy-t5/concentrated,0,update,0,0.0,0,0.0,0,0,nan,0,nan,400,400,0.7872560000105295,400,51200,51200,51200,13107200,0.0,0,0,0,"{""0.1"": 0, ""0.2"": 0, ""0.5"": 0, ""1.0"": 0, ""2.0"": 0}",0.019713353228908215,0.1370357801722529,1.0,0.0,1,0,0
paper-1,paper,1.0,LBQCD-D11-heavy-t5,control-heavy-tail,concentrated,LBQCD-D11-heavy-t5/concentrated,1,update,0,0.0,0,0.0,0,0,nan,0,nan,400,400,0.5863620000018273,400,51200,51200,51200,13107200,0.0,0,0,0,"{""0.1"": 0, ""0.2"": 0, ""0.5"": 0, ""1.0"": 0, ""2.0"": 0}",0.009350332527435778,0.12195491920764161,1.0,0.0,1,0,0
paper-1,paper,1.0,LBQCD-D11-heavy-t5,control-heavy-tail,concentrated,LBQCD-D11-heavy-t5/concentrated,2,update,0,0.0,0,0.0,0,0,nan,0,nan,400,400,0.6903569999994943,400,51200,51200,51200,13107200,0.0,0,0,0,"{""0.1"": 0, ""0.2"": 0, ""0.5"": 0, ""1.0"": 0, ""2.0"": 0}",0.00594618265558422,0.10415910340927967,1.0,0.0,1,0,0
paper-2,paper,2.0,LBQCD-D11-heavy-t5,control-heavy-tail,concentrated,LBQCD-D11-heavy-t5/concentrated,0,update,0,0.0,0,0.0,0,0,nan,0,nan,400,400,0.8673667999973986,400,51200,51200,51200,13107200,0.0,0,0,0,"{""0.1"": 0, ""0.2"": 0, ""0.5"": 0, ""1.0"": 0, ""2.0"": 0}",0.019320927266459176,0.1268425478785988,1.0,0.0,1,0,0
paper-2,paper,2.0,LBQCD-D11-heavy-t5,control-heavy-tail,concentrated,LBQCD-D11-heavy-t5/concentrated,1,update,0,0.0,0,0.0,0,0,nan,0,nan,400,400,0.8971392000094056,400,51200,51200,51200,13107200,0.0,0,0,0,"{""0.1"": 0, ""0.2"": 0, ""0.5"": 0, ""1.0"": 0, ""2.0"": 0}",0.006467127759599123,0.08256998949240486,1.0,0.0,1,0,0
paper-2,paper,2.0,LBQCD-D11-heavy-t5,control-heavy-tail,concentrated,LBQCD-D11-heavy-t5/concentrated,2,update,0,0.0,0,0.0,0,0,nan,0,nan,400,400,0.8894869000068866,400,51200,51200,51200,13107200,0.0,0,0,0,"{""0.1"": 0, ""0.2"": 0, ""0.5"": 0, ""1.0"": 0, ""2.0"": 0}",0.00879599390058261,0.12952568512986437,1.0,0.0,1,0,0
paper-4,paper,4.0,LBQCD-D11-heavy-t5,control-heavy-tail,concentrated,LBQCD-D11-heavy-t5/concentrated,0,update,0,0.0,0,0.0,0,0,nan,0,nan,400,400,0.7475700000068173,400,51200,51200,51200,13107200,0.0,0,0,0,"{""0.1"": 0, ""0.2"": 0, ""0.5"": 0, ""1.0"": 0, ""2.0"": 0}",0.018503144417332917,0.09522806053674372,1.0,0.0,1,0,0
paper-4,paper,4.0,LBQCD-D11-heavy-t5,control-heavy-tail,concentrated,LBQCD-D11-heavy-t5/concentrated,1,update,0,0.0,0,0.0,0,0,nan,0,nan,400,400,0.8520916999987094,400,51200,51200,51200,13107200,0.0,0,0,0,"{""0.1"": 0, ""0.2"": 0, ""0.5"": 0, ""1.0"": 0, ""2.0"": 0}",0.014809332669195152,0.14346429263242547,1.0,0.0,1,0,0
paper-4,paper,4.0,LBQCD-D11-heavy-t5,control-heavy-tail,concentrated,LBQCD-D11-heavy-t5/concentrated,2,update,0,0.0,0,0.0,0,0,nan,0,nan,400,400,0.6683621999982279,400,51200,51200,51200,13107200,0.0,0,0,0,"{""0.1"": 0, ""0.2"": 0, ""0.5"": 0, ""1.0"": 0, ""2.0"": 0}",0.0294959166148141,0.2494940735814767,1.0,0.0,1,0,0
qld-v1,qld,0.5,LBQCD-D11-heavy-t5,control-heavy-tail,concentrated,LBQCD-D11-heavy-t5/concentrated,0,update,0,0.7,0,0.0,0,0,nan,0,nan,400,400,0.42305840000335593,400,51200,51200,51200,3932160,501760.0,0,0,0,"{""0.1"": 0, ""0.2"": 0, ""0.5"": 0, ""1.0"": 0, ""2.0"": 0}",0.014203402425411626,0.051385957243246565,1.0,0.0,1,0,0
qld-v1,qld,0.5,LBQCD-D11-heavy-t5,control-heavy-tail,concentrated,LBQCD-D11-heavy-t5/concentrated,1,update,0,0.7,0,0.0,0,0,nan,0,nan,400,400,0.34600620000855997,400,51200,51200,51200,3932160,501760.0,0,0,0,"{""0.1"": 0, ""0.2"": 0, ""0.5"": 0, ""1.0"": 0, ""2.0"": 0}",0.003115772906914005,0.058144775076870166,1.0,0.0,1,0,0
qld-v1,qld,0.5,LBQCD-D11-heavy-t5,control-heavy-tail,concentrated,LBQCD-D11-heavy-t5/concentrated,2,update,0,0.7,0,0.0,0,0,nan,0,nan,400,400,0.4158010999963153,400,51200,51200,51200,3932160,501760.0,0,0,0,"{""0.1"": 0, ""0.2"": 0, ""0.5"": 0, ""1.0"": 0, ""2.0"": 0}",0.006478972277704553,0.03692697885740817,1.0,0.0,1,0,0
rsr-M1024-f0.70-u,rsr,0.5,LBQCD-D11-heavy-t5,control-heavy-tail,concentrated,LBQCD-D11-heavy-t5/concentrated,0,update,1024,0.7,0,0.0,0,0,nan,0,nan,400,400,1.363108600009582,4600,588800,302080,302080,3932160,5734400.0,0,0,0,"{""0.1"": 0, ""0.2"": 0, ""0.5"": 0, ""1.0"": 0, ""2.0"": 0}",0.018173607209895914,0.04489148027592443,1.0,0.0,1,0,0
rsr-M1024-f0.70-u,rsr,0.5,LBQCD-D11-heavy-t5,control-heavy-tail,concentrated,LBQCD-D11-heavy-t5/concentrated,1,update,1024,0.7,0,0.0,0,0,nan,0,nan,400,400,1.3067351000063354,4600,588800,302080,302080,3932160,5734400.0,0,0,0,"{""0.1"": 0, ""0.2"": 0, ""0.5"": 0, ""1.0"": 0, ""2.0"": 0}",0.004330550234716846,0.07043062858153311,1.0,0.0,1,0,0
rsr-M1024-f0.70-u,rsr,0.5,LBQCD-D11-heavy-t5,control-heavy-tail,concentrated,LBQCD-D11-heavy-t5/concentrated,2,update,1024,0.7,0,0.0,0,0,nan,0,nan,400,400,1.408552900000359,4600,588800,302080,302080,3932160,5734400.0,0,0,0,"{""0.1"": 0, ""0.2"": 0, ""0.5"": 0, ""1.0"": 0, ""2.0"": 0}",0.007347322974961656,0.04612459985608303,1.0,0.0,1,0,0
gated-M1024-f0.70-u,gated,0.5,LBQCD-D11-heavy-t5,control-heavy-tail,missing,LBQCD-D11-heavy-t5/missing,0,update,1024,0.7,0,0.0,4096,0,128.0,0,0.0,400,400,0.40307850000681356,400,51200,51200,51200,3932160,501760.0,0,0,0,"{""0.1"": 0, ""0.2"": 0, ""0.5"": 0, ""1.0"": 0, ""2.0"": 0}",0.005511017018168252,0.05023522817901599,1.0,0.0,1,0,0
gated-M1024-f0.70-u,gated,0.5,LBQCD-D11-heavy-t5,control-heavy-tail,missing,LBQCD-D11-heavy-t5/missing,1,update,1024,0.7,0,0.0,4096,0,128.0,0,0.0,400,400,0.3466142000106629,400,51200,51200,51200,3932160,501760.0,0,0,0,"{""0.1"": 0, ""0.2"": 0, ""0.5"": 0, ""1.0"": 0, ""2.0"": 0}",0.003442681707254147,0.048513316271181064,1.0,0.0,1,0,0
gated-M1024-f0.70-u,gated,0.5,LBQCD-D11-heavy-t5,control-heavy-tail,missing,LBQCD-D11-heavy-t5/missing,2,update,1024,0.7,0,0.0,4096,0,128.0,0,0.0,400,400,0.3775152999878628,400,51200,51200,51200,3932160,501760.0,0,0,0,"{""0.1"": 0, ""0.2"": 0, ""0.5"": 0, ""1.0"": 0, ""2.0"": 0}",0.006177117173516988,0.06080573379111805,1.0,0.0,1,0,0
paper-0.2,paper,0.2,LBQCD-D11-heavy-t5,control-heavy-tail,missing,LBQCD-D11-heavy-t5/missing,0,update,0,0.0,0,0.0,0,0,nan,0,nan,400,400,0.629173900000751,400,51200,51200,51200,13107200,0.0,0,0,0,"{""0.1"": 0, ""0.2"": 0, ""0.5"": 0, ""1.0"": 0, ""2.0"": 0}",0.00493420706473624,0.04647506631475994,1.0,0.0,1,0,0
paper-0.2,paper,0.2,LBQCD-D11-heavy-t5,control-heavy-tail,missing,LBQCD-D11-heavy-t5/missing,1,update,0,0.0,0,0.0,0,0,nan,0,nan,400,400,0.8698510999965947,400,51200,51200,51200,13107200,0.0,0,0,0,"{""0.1"": 0, ""0.2"": 0, ""0.5"": 0, ""1.0"": 0, ""2.0"": 0}",0.004461819346003981,0.04563192683227615,1.0,0.0,1,0,0
paper-0.2,paper,0.2,LBQCD-D11-heavy-t5,control-heavy-tail,missing,LBQCD-D11-heavy-t5/missing,2,update,0,0.0,0,0.0,0,0,nan,0,nan,400,400,0.6009883000078844,400,51200,51200,51200,13107200,0.0,0,0,0,"{""0.1"": 0, ""0.2"": 0, ""0.5"": 0, ""1.0"": 0, ""2.0"": 0}",0.010496871166721267,0.10126481396317422,1.0,0.0,1,0,0
paper-0.5,paper,0.5,LBQCD-D11-heavy-t5,control-heavy-tail,missing,LBQCD-D11-heavy-t5/missing,0,update,0,0.0,0,0.0,0,0,nan,0,nan,400,400,0.7978444000036689,400,51200,51200,51200,13107200,0.0,0,0,0,"{""0.1"": 0, ""0.2"": 0, ""0.5"": 0, ""1.0"": 0, ""2.0"": 0}",0.0049707366817304255,0.04914608766725788,1.0,0.0,1,0,0
paper-0.5,paper,0.5,LBQCD-D11-heavy-t5,control-heavy-tail,missing,LBQCD-D11-heavy-t5/missing,1,update,0,0.0,0,0.0,0,0,nan,0,nan,400,400,0.7905744000017876,400,51200,51200,51200,13107200,0.0,0,0,0,"{""0.1"": 0, ""0.2"": 0, ""0.5"": 0, ""1.0"": 0, ""2.0"": 0}",0.004377474283890681,0.058666453268731024,1.0,0.0,1,0,0
paper-0.5,paper,0.5,LBQCD-D11-heavy-t5,control-heavy-tail,missing,LBQCD-D11-heavy-t5/missing,2,update,0,0.0,0,0.0,0,0,nan,0,nan,400,400,0.7059722999983933,400,51200,51200,51200,13107200,0.0,0,0,0,"{""0.1"": 0, ""0.2"": 0, ""0.5"": 0, ""1.0"": 0, ""2.0"": 0}",0.007507694829481437,0.08564299726755374,1.0,0.0,1,0,0
paper-1,paper,1.0,LBQCD-D11-heavy-t5,control-heavy-tail,missing,LBQCD-D11-heavy-t5/missing,0,update,0,0.0,0,0.0,0,0,nan,0,nan,400,400,0.5743498000083491,400,51200,51200,51200,13107200,0.0,0,0,0,"{""0.1"": 0, ""0.2"": 0, ""0.5"": 0, ""1.0"": 0, ""2.0"": 0}",0.008037328400023913,0.0729349614732005,1.0,0.0,1,0,0
paper-1,paper,1.0,LBQCD-D11-heavy-t5,control-heavy-tail,missing,LBQCD-D11-heavy-t5/missing,1,update,0,0.0,0,0.0,0,0,nan,0,nan,400,400,0.9010533000109717,400,51200,51200,51200,13107200,0.0,0,0,0,"{""0.1"": 0, ""0.2"": 0, ""0.5"": 0, ""1.0"": 0, ""2.0"": 0}",0.003883540691270504,0.06665579726815236,1.0,0.0,1,0,0
paper-1,paper,1.0,LBQCD-D11-heavy-t5,control-heavy-tail,missing,LBQCD-D11-heavy-t5/missing,2,update,0,0.0,0,0.0,0,0,nan,0,nan,400,400,0.767003000000841,400,51200,51200,51200,13107200,0.0,0,0,0,"{""0.1"": 0, ""0.2"": 0, ""0.5"": 0, ""1.0"": 0, ""2.0"": 0}",0.005625387499316403,0.09000663258342345,1.0,0.0,1,0,0
paper-2,paper,2.0,LBQCD-D11-heavy-t5,control-heavy-tail,missing,LBQCD-D11-heavy-t5/missing,0,update,0,0.0,0,0.0,0,0,nan,0,nan,400,400,0.6151134999963688,400,51200,51200,51200,13107200,0.0,0,0,0,"{""0.1"": 0, ""0.2"": 0, ""0.5"": 0, ""1.0"": 0, ""2.0"": 0}",0.010511273066008409,0.08426383949316149,1.0,0.0,1,0,0
paper-2,paper,2.0,LBQCD-D11-heavy-t5,control-heavy-tail,missing,LBQCD-D11-heavy-t5/missing,1,update,0,0.0,0,0.0,0,0,nan,0,nan,400,400,0.5322737999958917,400,51200,51200,51200,13107200,0.0,0,0,0,"{""0.1"": 0, ""0.2"": 0, ""0.5"": 0, ""1.0"": 0, ""2.0"": 0}",0.0036681751158091913,0.08207037920104611,1.0,0.0,1,0,0
paper-2,paper,2.0,LBQCD-D11-heavy-t5,control-heavy-tail,missing,LBQCD-D11-heavy-t5/missing,2,update,0,0.0,0,0.0,0,0,nan,0,nan,400,400,0.6582448999979533,400,51200,51200,51200,13107200,0.0,0,0,0,"{""0.1"": 0, ""0.2"": 0, ""0.5"": 0, ""1.0"": 0, ""2.0"": 0}",0.006894209392398043,0.10130415429602399,1.0,0.0,1,0,0
paper-4,paper,4.0,LBQCD-D11-heavy-t5,control-heavy-tail,missing,LBQCD-D11-heavy-t5/missing,0,update,0,0.0,0,0.0,0,0,nan,0,nan,400,400,0.7434771999978693,400,51200,51200,51200,13107200,0.0,0,0,0,"{""0.1"": 0, ""0.2"": 0, ""0.5"": 0, ""1.0"": 0, ""2.0"": 0}",0.012905198177890043,0.10098682621806775,1.0,0.0,1,0,0
paper-4,paper,4.0,LBQCD-D11-heavy-t5,control-heavy-tail,missing,LBQCD-D11-heavy-t5/missing,1,update,0,0.0,0,0.0,0,0,nan,0,nan,400,400,0.8861039000039455,400,51200,51200,51200,13107200,0.0,0,0,0,"{""0.1"": 0, ""0.2"": 0, ""0.5"": 0, ""1.0"": 0, ""2.0"": 0}",0.011134302188202216,0.14933486651567182,1.0,0.0,1,0,0
paper-4,paper,4.0,LBQCD-D11-heavy-t5,control-heavy-tail,missing,LBQCD-D11-heavy-t5/missing,2,update,0,0.0,0,0.0,0,0,nan,0,nan,400,400,0.7955922000110149,400,51200,51200,51200,13107200,0.0,0,0,0,"{""0.1"": 0, ""0.2"": 0, ""0.5"": 0, ""1.0"": 0, ""2.0"": 0}",0.014031110220967147,0.14525047180879003,1.0,0.0,1,0,0
qld-v1,qld,0.5,LBQCD-D11-heavy-t5,control-heavy-tail,missing,LBQCD-D11-heavy-t5/missing,0,update,0,0.7,0,0.0,0,0,nan,0,nan,400,400,0.3776228000060655,400,51200,51200,51200,3932160,501760.0,0,0,0,"{""0.1"": 0, ""0.2"": 0, ""0.5"": 0, ""1.0"": 0, ""2.0"": 0}",0.005511017018168252,0.05023522817901599,1.0,0.0,1,0,0
qld-v1,qld,0.5,LBQCD-D11-heavy-t5,control-heavy-tail,missing,LBQCD-D11-heavy-t5/missing,1,update,0,0.7,0,0.0,0,0,nan,0,nan,400,400,0.3002851999917766,400,51200,51200,51200,3932160,501760.0,0,0,0,"{""0.1"": 0, ""0.2"": 0, ""0.5"": 0, ""1.0"": 0, ""2.0"": 0}",0.003442681707254147,0.048513316271181064,1.0,0.0,1,0,0
qld-v1,qld,0.5,LBQCD-D11-heavy-t5,control-heavy-tail,missing,LBQCD-D11-heavy-t5/missing,2,update,0,0.7,0,0.0,0,0,nan,0,nan,400,400,0.39312340000469703,400,51200,51200,51200,3932160,501760.0,0,0,0,"{""0.1"": 0, ""0.2"": 0, ""0.5"": 0, ""1.0"": 0, ""2.0"": 0}",0.006177117173516988,0.06080573379111805,1.0,0.0,1,0,0
rsr-M1024-f0.70-u,rsr,0.5,LBQCD-D11-heavy-t5,control-heavy-tail,missing,LBQCD-D11-heavy-t5/missing,0,update,1024,0.7,0,0.0,0,0,nan,0,nan,400,400,1.3157635999959894,4600,588800,302080,302080,3932160,5734400.0,0,0,0,"{""0.1"": 0, ""0.2"": 0, ""0.5"": 0, ""1.0"": 0, ""2.0"": 0}",0.00734343412002092,0.048826172088714315,1.0,0.0,1,0,0
rsr-M1024-f0.70-u,rsr,0.5,LBQCD-D11-heavy-t5,control-heavy-tail,missing,LBQCD-D11-heavy-t5/missing,1,update,1024,0.7,0,0.0,0,0,nan,0,nan,400,400,1.2941435999964597,4600,588800,302080,302080,3932160,5734400.0,0,0,0,"{""0.1"": 0, ""0.2"": 0, ""0.5"": 0, ""1.0"": 0, ""2.0"": 0}",0.001572954106652702,0.03729163203497606,1.0,0.0,1,0,0
rsr-M1024-f0.70-u,rsr,0.5,LBQCD-D11-heavy-t5,control-heavy-tail,missing,LBQCD-D11-heavy-t5/missing,2,update,1024,0.7,0,0.0,0,0,nan,0,nan,400,400,1.2250658999982988,4600,588800,302080,302080,3932160,5734400.0,0,0,0,"{""0.1"": 0, ""0.2"": 0, ""0.5"": 0, ""1.0"": 0, ""2.0"": 0}",0.010731607163732448,0.07655002721542004,1.0,0.0,1,0,0
gated-M1024-f0.70-u,gated,0.5,LBQCD-D12-connected-normal,control-connected,concentrated,LBQCD-D12-connected-normal/concentrated,0,update,1024,0.7,0,0.0,4096,0,128.0,0,0.0,400,400,0.3747713000047952,400,51200,51200,51200,3932160,501760.0,0,0,0,"{""0.1"": 0, ""0.2"": 0, ""0.5"": 0, ""1.0"": 0, ""2.0"": 0}",0.003789460425047464,0.03746931850138009,1.0,0.0,1,0,0
gated-M1024-f0.70-u,gated,0.5,LBQCD-D12-connected-normal,control-connected,concentrated,LBQCD-D12-connected-normal/concentrated,1,update,1024,0.7,0,0.0,4096,0,128.0,0,0.0,400,400,0.40033210000547115,400,51200,51200,51200,3932160,501760.0,0,0,0,"{""0.1"": 0, ""0.2"": 0, ""0.5"": 0, ""1.0"": 0, ""2.0"": 0}",0.006393169188756431,0.04852995281202067,1.0,0.0,1,0,0
gated-M1024-f0.70-u,gated,0.5,LBQCD-D12-connected-normal,control-connected,concentrated,LBQCD-D12-connected-normal/concentrated,2,update,1024,0.7,0,0.0,4096,0,128.0,0,0.0,400,400,0.3590641000046162,400,51200,51200,51200,3932160,501760.0,0,0,0,"{""0.1"": 0, ""0.2"": 0, ""0.5"": 0, ""1.0"": 0, ""2.0"": 0}",0.010538931462236834,0.09724491426955074,1.0,0.0,1,0,0
paper-0.2,paper,0.2,LBQCD-D12-connected-normal,control-connected,concentrated,LBQCD-D12-connected-normal/concentrated,0,update,0,0.0,0,0.0,0,0,nan,0,nan,400,400,0.9120508000050904,400,51200,51200,51200,13107200,0.0,0,0,0,"{""0.1"": 0, ""0.2"": 0, ""0.5"": 0, ""1.0"": 0, ""2.0"": 0}",0.00791797697645058,0.07076641041032768,1.0,0.0,1,0,0
paper-0.2,paper,0.2,LBQCD-D12-connected-normal,control-connected,concentrated,LBQCD-D12-connected-normal/concentrated,1,update,0,0.0,0,0.0,0,0,nan,0,nan,400,400,0.9547699999966426,400,51200,51200,51200,13107200,0.0,0,0,0,"{""0.1"": 0, ""0.2"": 0, ""0.5"": 0, ""1.0"": 0, ""2.0"": 0}",0.007044588634865345,0.06532960978722778,1.0,0.0,1,0,0
paper-0.2,paper,0.2,LBQCD-D12-connected-normal,control-connected,concentrated,LBQCD-D12-connected-normal/concentrated,2,update,0,0.0,0,0.0,0,0,nan,0,nan,400,400,0.8466940999933286,400,51200,51200,51200,13107200,0.0,0,0,0,"{""0.1"": 0, ""0.2"": 0, ""0.5"": 0, ""1.0"": 0, ""2.0"": 0}",0.015498945349883275,0.1357679111509257,1.0,0.0,1,0,0
paper-0.5,paper,0.5,LBQCD-D12-connected-normal,control-connected,concentrated,LBQCD-D12-connected-normal/concentrated,0,update,0,0.0,0,0.0,0,0,nan,0,nan,400,400,0.9142706000129692,400,51200,51200,51200,13107200,0.0,0,0,0,"{""0.1"": 0, ""0.2"": 0, ""0.5"": 0, ""1.0"": 0, ""2.0"": 0}",0.004454982439528576,0.048262786966949266,1.0,0.0,1,0,0
paper-0.5,paper,0.5,LBQCD-D12-connected-normal,control-connected,concentrated,LBQCD-D12-connected-normal/concentrated,1,update,0,0.0,0,0.0,0,0,nan,0,nan,400,400,0.7328323999972781,400,51200,51200,51200,13107200,0.0,0,0,0,"{""0.1"": 0, ""0.2"": 0, ""0.5"": 0, ""1.0"": 0, ""2.0"": 0}",0.00820619910517939,0.08231286896577451,1.0,0.0,1,0,0
paper-0.5,paper,0.5,LBQCD-D12-connected-normal,control-connected,concentrated,LBQCD-D12-connected-normal/concentrated,2,update,0,0.0,0,0.0,0,0,nan,0,nan,400,400,0.8644850999990012,400,51200,51200,51200,13107200,0.0,0,0,0,"{""0.1"": 0, ""0.2"": 0, ""0.5"": 0, ""1.0"": 0, ""2.0"": 0}",0.014193435519432862,0.12437400210651815,1.0,0.0,1,0,0
paper-1,paper,1.0,LBQCD-D12-connected-normal,control-connected,concentrated,LBQCD-D12-connected-normal/concentrated,0,update,0,0.0,0,0.0,0,0,nan,0,nan,400,400,0.5555744000012055,400,51200,51200,51200,13107200,0.0,0,0,0,"{""0.1"": 0, ""0.2"": 0, ""0.5"": 0, ""1.0"": 0, ""2.0"": 0}",0.0058234953497990904,0.0672012190513674,1.0,0.0,1,0,0
paper-1,paper,1.0,LBQCD-D12-connected-normal,control-connected,concentrated,LBQCD-D12-connected-normal/concentrated,1,update,0,0.0,0,0.0,0,0,nan,0,nan,400,400,0.7977800000080606,400,51200,51200,51200,13107200,0.0,0,0,0,"{""0.1"": 0, ""0.2"": 0, ""0.5"": 0, ""1.0"": 0, ""2.0"": 0}",0.00985635548490782,0.09233534325887943,1.0,0.0,1,0,0
paper-1,paper,1.0,LBQCD-D12-connected-normal,control-connected,concentrated,LBQCD-D12-connected-normal/concentrated,2,update,0,0.0,0,0.0,0,0,nan,0,nan,400,400,0.705419299993082,400,51200,51200,51200,13107200,0.0,0,0,0,"{""0.1"": 0, ""0.2"": 0, ""0.5"": 0, ""1.0"": 0, ""2.0"": 0}",0.012716861982944305,0.11841352671758357,1.0,0.0,1,0,0
paper-2,paper,2.0,LBQCD-D12-connected-normal,control-connected,concentrated,LBQCD-D12-connected-normal/concentrated,0,update,0,0.0,0,0.0,0,0,nan,0,nan,400,400,0.8758402999956161,400,51200,51200,51200,13107200,0.0,0,0,0,"{""0.1"": 0, ""0.2"": 0, ""0.5"": 0, ""1.0"": 0, ""2.0"": 0}",0.0050148675534529286,0.08787251289983576,1.0,0.0,1,0,0
paper-2,paper,2.0,LBQCD-D12-connected-normal,control-connected,concentrated,LBQCD-D12-connected-normal/concentrated,1,update,0,0.0,0,0.0,0,0,nan,0,nan,400,400,0.6676649000000907,400,51200,51200,51200,13107200,0.0,0,0,0,"{""0.1"": 0, ""0.2"": 0, ""0.5"": 0, ""1.0"": 0, ""2.0"": 0}",0.01753465862166248,0.14703643173989198,1.0,0.0,1,0,0
paper-2,paper,2.0,LBQCD-D12-connected-normal,control-connected,concentrated,LBQCD-D12-connected-normal/concentrated,2,update,0,0.0,0,0.0,0,0,nan,0,nan,400,400,0.8391363999980967,400,51200,51200,51200,13107200,0.0,0,0,0,"{""0.1"": 0, ""0.2"": 0, ""0.5"": 0, ""1.0"": 0, ""2.0"": 0}",0.013189539985805965,0.10358542513184958,1.0,0.0,1,0,0
paper-4,paper,4.0,LBQCD-D12-connected-normal,control-connected,concentrated,LBQCD-D12-connected-normal/concentrated,0,update,0,0.0,0,0.0,0,0,nan,0,nan,400,400,0.9226637000101618,400,51200,51200,51200,13107200,0.0,0,0,0,"{""0.1"": 0, ""0.2"": 0, ""0.5"": 0, ""1.0"": 0, ""2.0"": 0}",0.010960373904597143,0.1499525240320675,1.0,0.0,1,0,0
paper-4,paper,4.0,LBQCD-D12-connected-normal,control-connected,concentrated,LBQCD-D12-connected-normal/concentrated,1,update,0,0.0,0,0.0,0,0,nan,0,nan,400,400,0.923776399999042,400,51200,51200,51200,13107200,0.0,0,0,0,"{""0.1"": 0, ""0.2"": 0, ""0.5"": 0, ""1.0"": 0, ""2.0"": 0}",0.019992358114978348,0.16581424334838465,1.0,0.0,1,0,0
paper-4,paper,4.0,LBQCD-D12-connected-normal,control-connected,concentrated,LBQCD-D12-connected-normal/concentrated,2,update,0,0.0,0,0.0,0,0,nan,0,nan,400,400,0.9032173000014154,400,51200,51200,51200,13107200,0.0,0,0,0,"{""0.1"": 0, ""0.2"": 0, ""0.5"": 0, ""1.0"": 0, ""2.0"": 0}",0.026163814826642096,0.16360797827359397,1.0,0.0,1,0,0
qld-v1,qld,0.5,LBQCD-D12-connected-normal,control-connected,concentrated,LBQCD-D12-connected-normal/concentrated,0,update,0,0.7,0,0.0,0,0,nan,0,nan,400,400,0.346687600002042,400,51200,51200,51200,3932160,501760.0,0,0,0,"{""0.1"": 0, ""0.2"": 0, ""0.5"": 0, ""1.0"": 0, ""2.0"": 0}",0.003789460425047464,0.03746931850138009,1.0,0.0,1,0,0
qld-v1,qld,0.5,LBQCD-D12-connected-normal,control-connected,concentrated,LBQCD-D12-connected-normal/concentrated,1,update,0,0.7,0,0.0,0,0,nan,0,nan,400,400,0.3691525000031106,400,51200,51200,51200,3932160,501760.0,0,0,0,"{""0.1"": 0, ""0.2"": 0, ""0.5"": 0, ""1.0"": 0, ""2.0"": 0}",0.006393169188756431,0.04852995281202067,1.0,0.0,1,0,0
qld-v1,qld,0.5,LBQCD-D12-connected-normal,control-connected,concentrated,LBQCD-D12-connected-normal/concentrated,2,update,0,0.7,0,0.0,0,0,nan,0,nan,400,400,0.42059019999578595,400,51200,51200,51200,3932160,501760.0,0,0,0,"{""0.1"": 0, ""0.2"": 0, ""0.5"": 0, ""1.0"": 0, ""2.0"": 0}",0.010538931462236834,0.09724491426955074,1.0,0.0,1,0,0
rsr-M1024-f0.70-u,rsr,0.5,LBQCD-D12-connected-normal,control-connected,concentrated,LBQCD-D12-connected-normal/concentrated,0,update,1024,0.7,0,0.0,0,0,nan,0,nan,400,400,1.1413099000055809,4600,588800,302080,302080,3932160,5734400.0,0,0,0,"{""0.1"": 0, ""0.2"": 0, ""0.5"": 0, ""1.0"": 0, ""2.0"": 0}",0.006959443484924721,0.05810681859817559,1.0,0.0,1,0,0
rsr-M1024-f0.70-u,rsr,0.5,LBQCD-D12-connected-normal,control-connected,concentrated,LBQCD-D12-connected-normal/concentrated,1,update,1024,0.7,0,0.0,0,0,nan,0,nan,400,400,1.1844063000025926,4600,588800,302080,302080,3932160,5734400.0,0,0,0,"{""0.1"": 0, ""0.2"": 0, ""0.5"": 0, ""1.0"": 0, ""2.0"": 0}",0.004555520636098542,0.04009389836439746,1.0,0.0,1,0,0
rsr-M1024-f0.70-u,rsr,0.5,LBQCD-D12-connected-normal,control-connected,concentrated,LBQCD-D12-connected-normal/concentrated,2,update,1024,0.7,0,0.0,0,0,nan,0,nan,400,400,1.0827509999944596,4600,588800,302080,302080,3932160,5734400.0,0,0,0,"{""0.1"": 0, ""0.2"": 0, ""0.5"": 0, ""1.0"": 0, ""2.0"": 0}",0.0017670875877244807,0.04942711279207622,1.0,0.0,1,0,0
gated-M1024-f0.70-u,gated,0.5,LBQCD-D12-connected-normal,control-connected,missing,LBQCD-D12-connected-normal/missing,0,update,1024,0.7,0,0.0,4096,0,128.0,0,0.0,400,400,0.4251370999991195,400,51200,51200,51200,3932160,501760.0,0,0,0,"{""0.1"": 0, ""0.2"": 0, ""0.5"": 0, ""1.0"": 0, ""2.0"": 0}",0.0049502012306874565,0.026815571066405496,1.0,0.0,1,0,0
gated-M1024-f0.70-u,gated,0.5,LBQCD-D12-connected-normal,control-connected,missing,LBQCD-D12-connected-normal/missing,1,update,1024,0.7,0,0.0,4096,0,128.0,0,0.0,400,400,0.4454686999961268,400,51200,51200,51200,3932160,501760.0,0,0,0,"{""0.1"": 0, ""0.2"": 0, ""0.5"": 0, ""1.0"": 0, ""2.0"": 0}",0.005812357555426084,0.05229606008316091,1.0,0.0,1,0,0
gated-M1024-f0.70-u,gated,0.5,LBQCD-D12-connected-normal,control-connected,missing,LBQCD-D12-connected-normal/missing,2,update,1024,0.7,0,0.0,4096,0,128.0,0,0.0,400,400,0.4234534999995958,400,51200,51200,51200,3932160,501760.0,0,0,0,"{""0.1"": 0, ""0.2"": 0, ""0.5"": 0, ""1.0"": 0, ""2.0"": 0}",0.003795319043102152,0.07863565110306626,1.0,0.0,1,0,0
paper-0.2,paper,0.2,LBQCD-D12-connected-normal,control-connected,missing,LBQCD-D12-connected-normal/missing,0,update,0,0.0,0,0.0,0,0,nan,0,nan,400,400,0.6714304000051925,400,51200,51200,51200,13107200,0.0,0,0,0,"{""0.1"": 0, ""0.2"": 0, ""0.5"": 0, ""1.0"": 0, ""2.0"": 0}",0.004856007635755777,0.03000442725158777,1.0,0.0,1,0,0
paper-0.2,paper,0.2,LBQCD-D12-connected-normal,control-connected,missing,LBQCD-D12-connected-normal/missing,1,update,0,0.0,0,0.0,0,0,nan,0,nan,400,400,0.6538908999937121,400,51200,51200,51200,13107200,0.0,0,0,0,"{""0.1"": 0, ""0.2"": 0, ""0.5"": 0, ""1.0"": 0, ""2.0"": 0}",0.004960341136188484,0.05222452408454182,1.0,0.0,1,0,0
paper-0.2,paper,0.2,LBQCD-D12-connected-normal,control-connected,missing,LBQCD-D12-connected-normal/missing,2,update,0,0.0,0,0.0,0,0,nan,0,nan,400,400,0.8009237000078429,400,51200,51200,51200,13107200,0.0,0,0,0,"{""0.1"": 0, ""0.2"": 0, ""0.5"": 0, ""1.0"": 0, ""2.0"": 0}",0.004515874253816499,0.06321339760713089,1.0,0.0,1,0,0
paper-0.5,paper,0.5,LBQCD-D12-connected-normal,control-connected,missing,LBQCD-D12-connected-normal/missing,0,update,0,0.0,0,0.0,0,0,nan,0,nan,400,400,0.9246517999999924,400,51200,51200,51200,13107200,0.0,0,0,0,"{""0.1"": 0, ""0.2"": 0, ""0.5"": 0, ""1.0"": 0, ""2.0"": 0}",0.0030003553200124156,0.04224858023994598,1.0,0.0,1,0,0
paper-0.5,paper,0.5,LBQCD-D12-connected-normal,control-connected,missing,LBQCD-D12-connected-normal/missing,1,update,0,0.0,0,0.0,0,0,nan,0,nan,400,400,0.8868313999992097,400,51200,51200,51200,13107200,0.0,0,0,0,"{""0.1"": 0, ""0.2"": 0, ""0.5"": 0, ""1.0"": 0, ""2.0"": 0}",0.007034032742406993,0.031103038492338607,1.0,0.0,1,0,0
paper-0.5,paper,0.5,LBQCD-D12-connected-normal,control-connected,missing,LBQCD-D12-connected-normal/missing,2,update,0,0.0,0,0.0,0,0,nan,0,nan,400,400,0.7374813000060385,400,51200,51200,51200,13107200,0.0,0,0,0,"{""0.1"": 0, ""0.2"": 0, ""0.5"": 0, ""1.0"": 0, ""2.0"": 0}",0.003103626926211467,0.0544515315019073,1.0,0.0,1,0,0
paper-1,paper,1.0,LBQCD-D12-connected-normal,control-connected,missing,LBQCD-D12-connected-normal/missing,0,update,0,0.0,0,0.0,0,0,nan,0,nan,400,400,0.9679065999953309,400,51200,51200,51200,13107200,0.0,0,0,0,"{""0.1"": 0, ""0.2"": 0, ""0.5"": 0, ""1.0"": 0, ""2.0"": 0}",0.004471085504249128,0.0631502137195567,1.0,0.0,1,0,0
paper-1,paper,1.0,LBQCD-D12-connected-normal,control-connected,missing,LBQCD-D12-connected-normal/missing,1,update,0,0.0,0,0.0,0,0,nan,0,nan,400,400,0.8285887000092771,400,51200,51200,51200,13107200,0.0,0,0,0,"{""0.1"": 0, ""0.2"": 0, ""0.5"": 0, ""1.0"": 0, ""2.0"": 0}",0.007336280340312085,0.0377542182535342,1.0,0.0,1,0,0
paper-1,paper,1.0,LBQCD-D12-connected-normal,control-connected,missing,LBQCD-D12-connected-normal/missing,2,update,0,0.0,0,0.0,0,0,nan,0,nan,400,400,0.9575568000000203,400,51200,51200,51200,13107200,0.0,0,0,0,"{""0.1"": 0, ""0.2"": 0, ""0.5"": 0, ""1.0"": 0, ""2.0"": 0}",0.003386129089726131,0.05037928096882157,1.0,0.0,1,0,0
paper-2,paper,2.0,LBQCD-D12-connected-normal,control-connected,missing,LBQCD-D12-connected-normal/missing,0,update,0,0.0,0,0.0,0,0,nan,0,nan,400,400,0.8532439999980852,400,51200,51200,51200,13107200,0.0,0,0,0,"{""0.1"": 0, ""0.2"": 0, ""0.5"": 0, ""1.0"": 0, ""2.0"": 0}",0.00537761046989349,0.07411085431316716,1.0,0.0,1,0,0
paper-2,paper,2.0,LBQCD-D12-connected-normal,control-connected,missing,LBQCD-D12-connected-normal/missing,1,update,0,0.0,0,0.0,0,0,nan,0,nan,400,400,1.0423257000074955,400,51200,51200,51200,13107200,0.0,0,0,0,"{""0.1"": 0, ""0.2"": 0, ""0.5"": 0, ""1.0"": 0, ""2.0"": 0}",0.007085016481104711,0.047716965621005254,1.0,0.0,1,0,0
paper-2,paper,2.0,LBQCD-D12-connected-normal,control-connected,missing,LBQCD-D12-connected-normal/missing,2,update,0,0.0,0,0.0,0,0,nan,0,nan,400,400,1.0833130000100937,400,51200,51200,51200,13107200,0.0,0,0,0,"{""0.1"": 0, ""0.2"": 0, ""0.5"": 0, ""1.0"": 0, ""2.0"": 0}",0.004130874537512819,0.05671691791159325,1.0,0.0,1,0,0
paper-4,paper,4.0,LBQCD-D12-connected-normal,control-connected,missing,LBQCD-D12-connected-normal/missing,0,update,0,0.0,0,0.0,0,0,nan,0,nan,400,400,0.9416197999962606,400,51200,51200,51200,13107200,0.0,0,0,0,"{""0.1"": 0, ""0.2"": 0, ""0.5"": 0, ""1.0"": 0, ""2.0"": 0}",0.006860257171374506,0.09038623195037654,1.0,0.0,1,0,0
paper-4,paper,4.0,LBQCD-D12-connected-normal,control-connected,missing,LBQCD-D12-connected-normal/missing,1,update,0,0.0,0,0.0,0,0,nan,0,nan,400,400,0.699147899998934,400,51200,51200,51200,13107200,0.0,0,0,0,"{""0.1"": 0, ""0.2"": 0, ""0.5"": 0, ""1.0"": 0, ""2.0"": 0}",0.007955465993183752,0.08661020846642467,1.0,0.0,1,0,0
paper-4,paper,4.0,LBQCD-D12-connected-normal,control-connected,missing,LBQCD-D12-connected-normal/missing,2,update,0,0.0,0,0.0,0,0,nan,0,nan,400,400,0.6690199999866309,400,51200,51200,51200,13107200,0.0,0,0,0,"{""0.1"": 0, ""0.2"": 0, ""0.5"": 0, ""1.0"": 0, ""2.0"": 0}",0.007524273195837594,0.08006747039140746,1.0,0.0,1,0,0
qld-v1,qld,0.5,LBQCD-D12-connected-normal,control-connected,missing,LBQCD-D12-connected-normal/missing,0,update,0,0.7,0,0.0,0,0,nan,0,nan,400,400,0.4242777000035858,400,51200,51200,51200,3932160,501760.0,0,0,0,"{""0.1"": 0, ""0.2"": 0, ""0.5"": 0, ""1.0"": 0, ""2.0"": 0}",0.0049502012306874565,0.026815571066405496,1.0,0.0,1,0,0
qld-v1,qld,0.5,LBQCD-D12-connected-normal,control-connected,missing,LBQCD-D12-connected-normal/missing,1,update,0,0.7,0,0.0,0,0,nan,0,nan,400,400,0.4597875000035856,400,51200,51200,51200,3932160,501760.0,0,0,0,"{""0.1"": 0, ""0.2"": 0, ""0.5"": 0, ""1.0"": 0, ""2.0"": 0}",0.005812357555426084,0.05229606008316091,1.0,0.0,1,0,0
qld-v1,qld,0.5,LBQCD-D12-connected-normal,control-connected,missing,LBQCD-D12-connected-normal/missing,2,update,0,0.7,0,0.0,0,0,nan,0,nan,400,400,0.43201210000552237,400,51200,51200,51200,3932160,501760.0,0,0,0,"{""0.1"": 0, ""0.2"": 0, ""0.5"": 0, ""1.0"": 0, ""2.0"": 0}",0.003795319043102152,0.07863565110306626,1.0,0.0,1,0,0
rsr-M1024-f0.70-u,rsr,0.5,LBQCD-D12-connected-normal,control-connected,missing,LBQCD-D12-connected-normal/missing,0,update,1024,0.7,0,0.0,0,0,nan,0,nan,400,400,1.3979928999906406,4600,588800,302080,302080,3932160,5734400.0,0,0,0,"{""0.1"": 0, ""0.2"": 0, ""0.5"": 0, ""1.0"": 0, ""2.0"": 0}",0.0071591909095682915,0.03829849478381918,1.0,0.0,1,0,0
rsr-M1024-f0.70-u,rsr,0.5,LBQCD-D12-connected-normal,control-connected,missing,LBQCD-D12-connected-normal/missing,1,update,1024,0.7,0,0.0,0,0,nan,0,nan,400,400,1.3724172999936854,4600,588800,302080,302080,3932160,5734400.0,0,0,0,"{""0.1"": 0, ""0.2"": 0, ""0.5"": 0, ""1.0"": 0, ""2.0"": 0}",0.005909195514861798,0.0679688868400701,1.0,0.0,1,0,0
rsr-M1024-f0.70-u,rsr,0.5,LBQCD-D12-connected-normal,control-connected,missing,LBQCD-D12-connected-normal/missing,2,update,1024,0.7,0,0.0,0,0,nan,0,nan,400,400,1.2766331000020728,4600,588800,302080,302080,3932160,5734400.0,0,0,0,"{""0.1"": 0, ""0.2"": 0, ""0.5"": 0, ""1.0"": 0, ""2.0"": 0}",0.003020221022761893,0.05226853098629629,1.0,0.0,1,0,0
