arm,kind,tau,target,family,init,cell,seed,planned_steps,completed_steps,wall_seconds,generator_forward_calls,training_generator_example_evals,controller_probe_evals,event_probe_evals,generator_example_evals,unique_training_latents,backward_example_evals,training_target_samples,atlas_samples,diagnostic_target_samples,target_table_lookups,total_new_target_samples,kernel_pairs,sort_work,global_updates,virtual_batch_total,resolution_cap_hits,controller_checks,controller_transitions,controller_state_counts,atlas_region_count,atlas_unresolved,min_atlas_mass,fixed_diagnostic_route,ed2,sw1,weighted_reach,mass_l1,atlas_mass_l1,event_time,censored,diverged
fixed-lbqcd,fixed,0.5,OASQD-D01-tail-min060-K7,unequal-tail,concentrated,OASQD-D01-tail-min060-K7/concentrated,0,400,400,0.3281053999962751,400,51200,0,3072,54272,51200,51200,51200,0,4096,0,55296,3932160,501760.0,0,0,0,0,0,"{""armed"": 0, ""cooldown"": 0, ""global"": 0, ""local"": 0}",0,0,nan,0,0.012114221602858244,0.14633148899801807,1.0,0.06996093750000001,nan,100,0,0
fixed-lbqcd,fixed,0.5,OASQD-D01-tail-min060-K7,unequal-tail,concentrated,OASQD-D01-tail-min060-K7/concentrated,1,400,400,1.1739442000107374,4600,588800,0,2048,590848,302080,302080,302080,0,4096,0,306176,3932160,5734400.0,280,286720,0,0,0,"{""armed"": 0, ""cooldown"": 0, ""global"": 0, ""local"": 0}",0,0,nan,1,0.014493670815605375,0.1612340144274452,1.0,0.03062500000000004,nan,50,0,0
fixed-lbqcd,fixed,0.5,OASQD-D01-tail-min060-K7,unequal-tail,concentrated,OASQD-D01-tail-min060-K7/concentrated,2,400,400,0.36572570001590066,400,51200,0,2048,53248,51200,51200,51200,0,4096,0,55296,3932160,501760.0,0,0,0,0,0,"{""armed"": 0, ""cooldown"": 0, ""global"": 0, ""local"": 0}",0,0,nan,0,0.013608563601542611,0.14355616567690055,1.0,0.09871093750000001,nan,50,0,0
oa-stop-strat-H25-P50-N2048-K8,oa-stratified,0.5,OASQD-D01-tail-min060-K7,unequal-tail,concentrated,OASQD-D01-tail-min060-K7/concentrated,0,400,400,0.6607689000084065,1000,128000,10240,2048,140288,118400,51200,118400,8192,0,0,126592,3932160,1903360.0,75,76800,0,5,3,"{""armed"": 25, ""cooldown"": 300, ""global"": 75, ""local"": 0}",7,0,0.055419921875,0,0.013217089363027457,0.14125671891595712,1.0,0.08238281250000004,0.096435546875,50,0,0
oa-stop-strat-H25-P50-N2048-K8,oa-stratified,0.5,OASQD-D01-tail-min060-K7,unequal-tail,concentrated,OASQD-D01-tail-min060-K7/concentrated,1,400,400,0.7483982999983709,1200,153600,12288,2048,167936,140800,51200,140800,8192,0,0,148992,3932160,2370560.0,100,102400,0,6,3,"{""armed"": 25, ""cooldown"": 275, ""global"": 100, ""local"": 0}",7,0,0.0618896484375,0,0.015360616780723202,0.1704365866415318,1.0,0.08460937500000001,0.0849609375,50,0,0
oa-stop-strat-H25-P50-N2048-K8,oa-stratified,0.5,OASQD-D01-tail-min060-K7,unequal-tail,concentrated,OASQD-D01-tail-min060-K7/concentrated,2,400,400,0.670345599995926,1000,128000,10240,2048,140288,118400,51200,118400,8192,0,0,126592,3932160,1903360.0,75,76800,0,5,3,"{""armed"": 25, ""cooldown"": 300, ""global"": 75, ""local"": 0}",7,0,0.060302734375,0,0.012104664347452498,0.14563470943807538,1.0,0.07343750000000002,0.0751953125,50,0,0
oasqd-once-adaptive-H25-P50-N2048-K8,oa-stratified,0.5,OASQD-D01-tail-min060-K7,unequal-tail,concentrated,OASQD-D01-tail-min060-K7/concentrated,0,400,400,0.47158819998730905,500,64000,6144,3072,73216,57600,51200,44800,8192,0,12800,52992,3932160,616960.0,50,12800,0,3,3,"{""armed"": 25, ""cooldown"": 326, ""global"": 49, ""local"": 0}",7,0,0.055419921875,0,0.012164480489791352,0.14313487492755766,1.0,0.045546875000000014,0.072021484375,100,0,0
oasqd-once-adaptive-H25-P50-N2048-K8,oa-stratified,0.5,OASQD-D01-tail-min060-K7,unequal-tail,concentrated,OASQD-D01-tail-min060-K7/concentrated,1,400,400,0.39538320002611727,500,64000,6144,2048,72192,57600,51200,44800,8192,0,12800,52992,3932160,616960.0,50,12800,0,3,3,"{""armed"": 25, ""cooldown"": 326, ""global"": 49, ""local"": 0}",7,0,0.0618896484375,0,0.01176790497323199,0.1447846062969957,1.0,0.052109374999999986,0.039306640625,50,0,0
oasqd-once-adaptive-H25-P50-N2048-K8,oa-stratified,0.5,OASQD-D01-tail-min060-K7,unequal-tail,concentrated,OASQD-D01-tail-min060-K7/concentrated,2,400,400,0.4889809000014793,500,64000,6144,2048,72192,57600,51200,44800,8192,0,12800,52992,3932160,616960.0,50,12800,0,3,3,"{""armed"": 25, ""cooldown"": 326, ""global"": 49, ""local"": 0}",7,0,0.060302734375,0,0.01143256967456674,0.1432544230158993,1.0,0.08312499999999998,0.08642578125,50,0,0
oasqd-stop-adaptive-H25-P50-N2048-K8,oa-stratified,0.5,OASQD-D01-tail-min060-K7,unequal-tail,concentrated,OASQD-D01-tail-min060-K7/concentrated,0,400,400,0.49717009998857975,550,70400,10240,3072,83712,60800,51200,41600,8192,0,19200,49792,3932160,674560.0,75,19200,0,5,3,"{""armed"": 25, ""cooldown"": 300, ""global"": 75, ""local"": 0}",7,0,0.055419921875,0,0.013619790653601527,0.14374884801849977,1.0,0.03246093750000004,0.03564453125,100,0,0
oasqd-stop-adaptive-H25-P50-N2048-K8,oa-stratified,0.5,OASQD-D01-tail-min060-K7,unequal-tail,concentrated,OASQD-D01-tail-min060-K7/concentrated,1,400,400,0.5742442999908235,600,76800,12288,2048,91136,64000,51200,38400,8192,0,25600,46592,3932160,732160.0,100,25600,0,6,3,"{""armed"": 25, ""cooldown"": 275, ""global"": 100, ""local"": 0}",7,0,0.0618896484375,0,0.01256821264914687,0.1469411709123372,1.0,0.06347656250000003,0.075927734375,50,0,0
oasqd-stop-adaptive-H25-P50-N2048-K8,oa-stratified,0.5,OASQD-D01-tail-min060-K7,unequal-tail,concentrated,OASQD-D01-tail-min060-K7/concentrated,2,400,400,0.4706476000137627,550,70400,10240,2048,82688,60800,51200,41600,8192,0,19200,49792,3932160,674560.0,75,19200,0,5,3,"{""armed"": 25, ""cooldown"": 300, ""global"": 75, ""local"": 0}",7,0,0.060302734375,0,0.011119608593396446,0.14546167799784318,1.0,0.09199218750000002,0.099609375,50,0,0
oasqd-stop-adaptive-iid-H25-P50-N2048-K8,oa-stratified,0.5,OASQD-D01-tail-min060-K7,unequal-tail,concentrated,OASQD-D01-tail-min060-K7/concentrated,0,400,400,0.5419225000077859,550,70400,10240,3072,83712,60800,51200,60800,8192,0,0,68992,3932160,674560.0,75,19200,0,5,3,"{""armed"": 25, ""cooldown"": 300, ""global"": 75, ""local"": 0}",7,0,0.055419921875,0,0.014941770887182404,0.14091732864917952,1.0,0.060195312500000014,0.07666015625,100,0,0
oasqd-stop-adaptive-iid-H25-P50-N2048-K8,oa-stratified,0.5,OASQD-D01-tail-min060-K7,unequal-tail,concentrated,OASQD-D01-tail-min060-K7/concentrated,1,400,400,0.5420652000175323,600,76800,12288,3072,92160,64000,51200,64000,8192,0,0,72192,3932160,732160.0,100,25600,0,6,3,"{""armed"": 25, ""cooldown"": 275, ""global"": 100, ""local"": 0}",7,0,0.0618896484375,0,0.013944228194844532,0.15405982655742795,1.0,0.04542968750000001,0.0380859375,100,0,0
oasqd-stop-adaptive-iid-H25-P50-N2048-K8,oa-stratified,0.5,OASQD-D01-tail-min060-K7,unequal-tail,concentrated,OASQD-D01-tail-min060-K7/concentrated,2,400,400,0.5468682000064291,550,70400,10240,2048,82688,60800,51200,60800,8192,0,0,68992,3932160,674560.0,75,19200,0,5,3,"{""armed"": 25, ""cooldown"": 300, ""global"": 75, ""local"": 0}",7,0,0.060302734375,0,0.010711240296619629,0.14169281338939752,1.0,0.06687499999999999,0.07080078125,50,0,0
oasqd-stop-systematic-H25-P50-N2048-K8,oa-stratified,0.5,OASQD-D01-tail-min060-K7,unequal-tail,concentrated,OASQD-D01-tail-min060-K7/concentrated,0,400,400,0.6391803000005893,1000,128000,10240,2048,140288,118400,51200,41600,8192,0,76800,49792,3932160,1903360.0,75,76800,0,5,3,"{""armed"": 25, ""cooldown"": 300, ""global"": 75, ""local"": 0}",7,0,0.055419921875,0,0.012186278174399767,0.14510829577143033,1.0,0.07484375000000001,0.10107421875,50,0,0
oasqd-stop-systematic-H25-P50-N2048-K8,oa-stratified,0.5,OASQD-D01-tail-min060-K7,unequal-tail,concentrated,OASQD-D01-tail-min060-K7/concentrated,1,400,400,0.6958648999861907,1200,153600,12288,3072,168960,140800,51200,38400,8192,0,102400,46592,3932160,2370560.0,100,102400,0,6,3,"{""armed"": 25, ""cooldown"": 275, ""global"": 100, ""local"": 0}",7,0,0.0618896484375,0,0.013392691023840886,0.15854688522830093,1.0,0.06312500000000001,0.056640625,100,0,0
oasqd-stop-systematic-H25-P50-N2048-K8,oa-stratified,0.5,OASQD-D01-tail-min060-K7,unequal-tail,concentrated,OASQD-D01-tail-min060-K7/concentrated,2,400,400,0.598693900014041,1000,128000,10240,2048,140288,118400,51200,41600,8192,0,76800,49792,3932160,1903360.0,75,76800,0,5,3,"{""armed"": 25, ""cooldown"": 300, ""global"": 75, ""local"": 0}",7,0,0.060302734375,0,0.014166274242504384,0.141528423320109,1.0,0.07332031250000001,0.0673828125,50,0,0
paper-0.5,paper,0.5,OASQD-D01-tail-min060-K7,unequal-tail,concentrated,OASQD-D01-tail-min060-K7/concentrated,0,400,400,0.7354909999994561,400,51200,0,3072,54272,51200,51200,51200,0,0,0,51200,13107200,0.0,0,0,0,0,0,"{""armed"": 0, ""cooldown"": 0, ""global"": 0, ""local"": 0}",0,0,nan,0,0.014516060429274003,0.15422610741577877,1.0,0.08460937500000001,nan,100,0,0
paper-0.5,paper,0.5,OASQD-D01-tail-min060-K7,unequal-tail,concentrated,OASQD-D01-tail-min060-K7/concentrated,1,400,400,0.7347851000085939,400,51200,0,3072,54272,51200,51200,51200,0,0,0,51200,13107200,0.0,0,0,0,0,0,"{""armed"": 0, ""cooldown"": 0, ""global"": 0, ""local"": 0}",0,0,nan,0,0.012541370080362713,0.14589630169654208,1.0,0.060195312500000014,nan,100,0,0
paper-0.5,paper,0.5,OASQD-D01-tail-min060-K7,unequal-tail,concentrated,OASQD-D01-tail-min060-K7/concentrated,2,400,400,0.8085965999925975,400,51200,0,3072,54272,51200,51200,51200,0,0,0,51200,13107200,0.0,0,0,0,0,0,"{""armed"": 0, ""cooldown"": 0, ""global"": 0, ""local"": 0}",0,0,nan,0,0.017072520637458233,0.1488602070544058,1.0,0.07234375000000001,nan,100,0,0
qld-v1,qld,0.5,OASQD-D01-tail-min060-K7,unequal-tail,concentrated,OASQD-D01-tail-min060-K7/concentrated,0,400,400,0.34950820001540706,400,51200,0,3072,54272,51200,51200,51200,0,0,0,51200,3932160,501760.0,0,0,0,0,0,"{""armed"": 0, ""cooldown"": 0, ""global"": 0, ""local"": 0}",0,0,nan,0,0.012114221602858244,0.14633148899801807,1.0,0.06996093750000001,nan,100,0,0
qld-v1,qld,0.5,OASQD-D01-tail-min060-K7,unequal-tail,concentrated,OASQD-D01-tail-min060-K7/concentrated,1,400,400,0.36860230000456795,400,51200,0,3072,54272,51200,51200,51200,0,0,0,51200,3932160,501760.0,0,0,0,0,0,"{""armed"": 0, ""cooldown"": 0, ""global"": 0, ""local"": 0}",0,0,nan,0,0.013909236924789514,0.15101550191471594,1.0,0.05910156250000001,nan,100,0,0
qld-v1,qld,0.5,OASQD-D01-tail-min060-K7,unequal-tail,concentrated,OASQD-D01-tail-min060-K7/concentrated,2,400,400,0.3921928000054322,400,51200,0,2048,53248,51200,51200,51200,0,0,0,51200,3932160,501760.0,0,0,0,0,0,"{""armed"": 0, ""cooldown"": 0, ""global"": 0, ""local"": 0}",0,0,nan,0,0.013608563601542611,0.14355616567690055,1.0,0.09871093750000001,nan,50,0,0
fixed-lbqcd,fixed,0.5,OASQD-D01-tail-min060-K7,unequal-tail,missing,OASQD-D01-tail-min060-K7/missing,0,400,400,1.177840999996988,4600,588800,0,3072,591872,302080,302080,302080,0,4096,0,306176,3932160,5734400.0,280,286720,0,0,0,"{""armed"": 0, ""cooldown"": 0, ""global"": 0, ""local"": 0}",0,0,nan,1,0.01932253792845451,0.15256988608085467,1.0,0.08691406250000003,nan,100,0,0
fixed-lbqcd,fixed,0.5,OASQD-D01-tail-min060-K7,unequal-tail,missing,OASQD-D01-tail-min060-K7/missing,1,400,400,1.2315048999735154,4600,588800,0,3072,591872,302080,302080,302080,0,4096,0,306176,3932160,5734400.0,280,286720,0,0,0,"{""armed"": 0, ""cooldown"": 0, ""global"": 0, ""local"": 0}",0,0,nan,1,0.017400254245070856,0.13974472881296887,1.0,0.04285156250000002,nan,100,0,0
fixed-lbqcd,fixed,0.5,OASQD-D01-tail-min060-K7,unequal-tail,missing,OASQD-D01-tail-min060-K7/missing,2,400,400,0.3564863000065088,400,51200,0,4096,55296,51200,51200,51200,0,4096,0,55296,3932160,501760.0,0,0,0,0,0,"{""armed"": 0, ""cooldown"": 0, ""global"": 0, ""local"": 0}",0,0,nan,0,0.015868942864061264,0.1416278012525455,1.0,0.05363281249999999,nan,150,0,0
oa-stop-strat-H25-P50-N2048-K8,oa-stratified,0.5,OASQD-D01-tail-min060-K7,unequal-tail,missing,OASQD-D01-tail-min060-K7/missing,0,400,400,0.44446450000396,400,51200,24576,3072,78848,51200,51200,51200,8192,0,0,59392,3932160,501760.0,0,0,0,12,0,"{""armed"": 0, ""cooldown"": 0, ""global"": 0, ""local"": 400}",7,0,0.063720703125,0,0.019757238328779403,0.15245774987859698,1.0,0.089140625,0.0947265625,100,0,0
oa-stop-strat-H25-P50-N2048-K8,oa-stratified,0.5,OASQD-D01-tail-min060-K7,unequal-tail,missing,OASQD-D01-tail-min060-K7/missing,1,400,400,0.44381259998772293,400,51200,24576,3072,78848,51200,51200,51200,8192,0,0,59392,3932160,501760.0,0,0,0,12,4,"{""armed"": 50, ""cooldown"": 0, ""global"": 0, ""local"": 350}",7,0,0.0594482421875,0,0.01654381763128776,0.14138870230748762,1.0,0.05558593749999999,0.05615234375,100,0,0
oa-stop-strat-H25-P50-N2048-K8,oa-stratified,0.5,OASQD-D01-tail-min060-K7,unequal-tail,missing,OASQD-D01-tail-min060-K7/missing,2,400,400,0.39674230001401156,400,51200,24576,4096,79872,51200,51200,51200,8192,0,0,59392,3932160,501760.0,0,0,0,12,4,"{""armed"": 50, ""cooldown"": 0, ""global"": 0, ""local"": 350}",7,0,0.0618896484375,0,0.015868942864061264,0.1416278012525455,1.0,0.05363281249999999,0.0634765625,150,0,0
oasqd-once-adaptive-H25-P50-N2048-K8,oa-stratified,0.5,OASQD-D01-tail-min060-K7,unequal-tail,missing,OASQD-D01-tail-min060-K7/missing,0,400,400,0.41288519999943674,400,51200,24576,3072,78848,51200,51200,51200,8192,0,0,59392,3932160,501760.0,0,0,0,12,0,"{""armed"": 0, ""cooldown"": 0, ""global"": 0, ""local"": 400}",7,0,0.063720703125,0,0.019757238328779403,0.15245774987859698,1.0,0.089140625,0.0947265625,100,0,0
oasqd-once-adaptive-H25-P50-N2048-K8,oa-stratified,0.5,OASQD-D01-tail-min060-K7,unequal-tail,missing,OASQD-D01-tail-min060-K7/missing,1,400,400,0.4272606000013184,400,51200,24576,3072,78848,51200,51200,51200,8192,0,0,59392,3932160,501760.0,0,0,0,12,4,"{""armed"": 50, ""cooldown"": 0, ""global"": 0, ""local"": 350}",7,0,0.0594482421875,0,0.01654381763128776,0.14138870230748762,1.0,0.05558593749999999,0.05615234375,100,0,0
oasqd-once-adaptive-H25-P50-N2048-K8,oa-stratified,0.5,OASQD-D01-tail-min060-K7,unequal-tail,missing,OASQD-D01-tail-min060-K7/missing,2,400,400,0.4453773999994155,400,51200,24576,4096,79872,51200,51200,51200,8192,0,0,59392,3932160,501760.0,0,0,0,12,4,"{""armed"": 50, ""cooldown"": 0, ""global"": 0, ""local"": 350}",7,0,0.0618896484375,0,0.015868942864061264,0.1416278012525455,1.0,0.05363281249999999,0.0634765625,150,0,0
oasqd-stop-adaptive-H25-P50-N2048-K8,oa-stratified,0.5,OASQD-D01-tail-min060-K7,unequal-tail,missing,OASQD-D01-tail-min060-K7/missing,0,400,400,0.4748254000151064,400,51200,24576,3072,78848,51200,51200,51200,8192,0,0,59392,3932160,501760.0,0,0,0,12,0,"{""armed"": 0, ""cooldown"": 0, ""global"": 0, ""local"": 400}",7,0,0.063720703125,0,0.019757238328779403,0.15245774987859698,1.0,0.089140625,0.0947265625,100,0,0
oasqd-stop-adaptive-H25-P50-N2048-K8,oa-stratified,0.5,OASQD-D01-tail-min060-K7,unequal-tail,missing,OASQD-D01-tail-min060-K7/missing,1,400,400,0.46170479999273084,400,51200,24576,3072,78848,51200,51200,51200,8192,0,0,59392,3932160,501760.0,0,0,0,12,4,"{""armed"": 50, ""cooldown"": 0, ""global"": 0, ""local"": 350}",7,0,0.0594482421875,0,0.01654381763128776,0.14138870230748762,1.0,0.05558593749999999,0.05615234375,100,0,0
oasqd-stop-adaptive-H25-P50-N2048-K8,oa-stratified,0.5,OASQD-D01-tail-min060-K7,unequal-tail,missing,OASQD-D01-tail-min060-K7/missing,2,400,400,0.5078281999740284,400,51200,24576,4096,79872,51200,51200,51200,8192,0,0,59392,3932160,501760.0,0,0,0,12,4,"{""armed"": 50, ""cooldown"": 0, ""global"": 0, ""local"": 350}",7,0,0.0618896484375,0,0.015868942864061264,0.1416278012525455,1.0,0.05363281249999999,0.0634765625,150,0,0
oasqd-stop-adaptive-iid-H25-P50-N2048-K8,oa-stratified,0.5,OASQD-D01-tail-min060-K7,unequal-tail,missing,OASQD-D01-tail-min060-K7/missing,0,400,400,0.43921250000130385,400,51200,24576,3072,78848,51200,51200,51200,8192,0,0,59392,3932160,501760.0,0,0,0,12,0,"{""armed"": 0, ""cooldown"": 0, ""global"": 0, ""local"": 400}",7,0,0.063720703125,0,0.019757238328779403,0.15245774987859698,1.0,0.089140625,0.0947265625,100,0,0
oasqd-stop-adaptive-iid-H25-P50-N2048-K8,oa-stratified,0.5,OASQD-D01-tail-min060-K7,unequal-tail,missing,OASQD-D01-tail-min060-K7/missing,1,400,400,0.41096760000800714,400,51200,24576,3072,78848,51200,51200,51200,8192,0,0,59392,3932160,501760.0,0,0,0,12,4,"{""armed"": 50, ""cooldown"": 0, ""global"": 0, ""local"": 350}",7,0,0.0594482421875,0,0.01654381763128776,0.14138870230748762,1.0,0.05558593749999999,0.05615234375,100,0,0
oasqd-stop-adaptive-iid-H25-P50-N2048-K8,oa-stratified,0.5,OASQD-D01-tail-min060-K7,unequal-tail,missing,OASQD-D01-tail-min060-K7/missing,2,400,400,0.4672500000160653,400,51200,24576,4096,79872,51200,51200,51200,8192,0,0,59392,3932160,501760.0,0,0,0,12,4,"{""armed"": 50, ""cooldown"": 0, ""global"": 0, ""local"": 350}",7,0,0.0618896484375,0,0.015868942864061264,0.1416278012525455,1.0,0.05363281249999999,0.0634765625,150,0,0
oasqd-stop-systematic-H25-P50-N2048-K8,oa-stratified,0.5,OASQD-D01-tail-min060-K7,unequal-tail,missing,OASQD-D01-tail-min060-K7/missing,0,400,400,0.43944659997941926,400,51200,24576,3072,78848,51200,51200,51200,8192,0,0,59392,3932160,501760.0,0,0,0,12,0,"{""armed"": 0, ""cooldown"": 0, ""global"": 0, ""local"": 400}",7,0,0.063720703125,0,0.019757238328779403,0.15245774987859698,1.0,0.089140625,0.0947265625,100,0,0
oasqd-stop-systematic-H25-P50-N2048-K8,oa-stratified,0.5,OASQD-D01-tail-min060-K7,unequal-tail,missing,OASQD-D01-tail-min060-K7/missing,1,400,400,0.43155470001511276,400,51200,24576,3072,78848,51200,51200,51200,8192,0,0,59392,3932160,501760.0,0,0,0,12,4,"{""armed"": 50, ""cooldown"": 0, ""global"": 0, ""local"": 350}",7,0,0.0594482421875,0,0.01654381763128776,0.14138870230748762,1.0,0.05558593749999999,0.05615234375,100,0,0
oasqd-stop-systematic-H25-P50-N2048-K8,oa-stratified,0.5,OASQD-D01-tail-min060-K7,unequal-tail,missing,OASQD-D01-tail-min060-K7/missing,2,400,400,0.48289670000667684,400,51200,24576,4096,79872,51200,51200,51200,8192,0,0,59392,3932160,501760.0,0,0,0,12,4,"{""armed"": 50, ""cooldown"": 0, ""global"": 0, ""local"": 350}",7,0,0.0618896484375,0,0.015868942864061264,0.1416278012525455,1.0,0.05363281249999999,0.0634765625,150,0,0
paper-0.5,paper,0.5,OASQD-D01-tail-min060-K7,unequal-tail,missing,OASQD-D01-tail-min060-K7/missing,0,400,400,0.7663640000100713,400,51200,0,3072,54272,51200,51200,51200,0,0,0,51200,13107200,0.0,0,0,0,0,0,"{""armed"": 0, ""cooldown"": 0, ""global"": 0, ""local"": 0}",0,0,nan,0,0.023701189270946443,0.15205099074195824,1.0,0.09437500000000001,nan,100,0,0
paper-0.5,paper,0.5,OASQD-D01-tail-min060-K7,unequal-tail,missing,OASQD-D01-tail-min060-K7/missing,1,400,400,0.6854748000041582,400,51200,0,3072,54272,51200,51200,51200,0,0,0,51200,13107200,0.0,0,0,0,0,0,"{""armed"": 0, ""cooldown"": 0, ""global"": 0, ""local"": 0}",0,0,nan,0,0.019877727557599423,0.14675883461927516,1.0,0.08433593749999999,nan,100,0,0
paper-0.5,paper,0.5,OASQD-D01-tail-min060-K7,unequal-tail,missing,OASQD-D01-tail-min060-K7/missing,2,400,400,0.732296200003475,400,51200,0,3072,54272,51200,51200,51200,0,0,0,51200,13107200,0.0,0,0,0,0,0,"{""armed"": 0, ""cooldown"": 0, ""global"": 0, ""local"": 0}",0,0,nan,0,0.01534174461757809,0.1480912903205965,1.0,0.04828124999999997,nan,100,0,0
qld-v1,qld,0.5,OASQD-D01-tail-min060-K7,unequal-tail,missing,OASQD-D01-tail-min060-K7/missing,0,400,400,0.2849778999807313,400,51200,0,3072,54272,51200,51200,51200,0,0,0,51200,3932160,501760.0,0,0,0,0,0,"{""armed"": 0, ""cooldown"": 0, ""global"": 0, ""local"": 0}",0,0,nan,0,0.019757238328779403,0.15245774987859698,1.0,0.089140625,nan,100,0,0
qld-v1,qld,0.5,OASQD-D01-tail-min060-K7,unequal-tail,missing,OASQD-D01-tail-min060-K7/missing,1,400,400,0.3465653999883216,400,51200,0,3072,54272,51200,51200,51200,0,0,0,51200,3932160,501760.0,0,0,0,0,0,"{""armed"": 0, ""cooldown"": 0, ""global"": 0, ""local"": 0}",0,0,nan,0,0.01654381763128776,0.14138870230748762,1.0,0.05558593749999999,nan,100,0,0
qld-v1,qld,0.5,OASQD-D01-tail-min060-K7,unequal-tail,missing,OASQD-D01-tail-min060-K7/missing,2,400,400,0.3078100999991875,400,51200,0,4096,55296,51200,51200,51200,0,0,0,51200,3932160,501760.0,0,0,0,0,0,"{""armed"": 0, ""cooldown"": 0, ""global"": 0, ""local"": 0}",0,0,nan,0,0.015868942864061264,0.1416278012525455,1.0,0.05363281249999999,nan,150,0,0
fixed-lbqcd,fixed,0.5,OASQD-D02-tail-min035-K9,unequal-tail,concentrated,OASQD-D02-tail-min035-K9/concentrated,0,400,400,1.207373599987477,4600,588800,0,3072,591872,302080,302080,302080,0,4096,0,306176,3932160,5734400.0,280,286720,0,0,0,"{""armed"": 0, ""cooldown"": 0, ""global"": 0, ""local"": 0}",0,0,nan,1,0.0143637410482782,0.14414228209241983,1.0,0.07050781249999999,nan,100,0,0
fixed-lbqcd,fixed,0.5,OASQD-D02-tail-min035-K9,unequal-tail,concentrated,OASQD-D02-tail-min035-K9/concentrated,1,400,400,1.2843719999946188,4600,588800,0,3072,591872,302080,302080,302080,0,4096,0,306176,3932160,5734400.0,280,286720,0,0,0,"{""armed"": 0, ""cooldown"": 0, ""global"": 0, ""local"": 0}",0,0,nan,1,0.009434130691963638,0.15028004719303542,1.0,0.04023437499999999,nan,100,0,0
fixed-lbqcd,fixed,0.5,OASQD-D02-tail-min035-K9,unequal-tail,concentrated,OASQD-D02-tail-min035-K9/concentrated,2,400,400,1.1252470000181347,4600,588800,0,3072,591872,302080,302080,302080,0,4096,0,306176,3932160,5734400.0,280,286720,0,0,0,"{""armed"": 0, ""cooldown"": 0, ""global"": 0, ""local"": 0}",0,0,nan,1,0.019726131922994883,0.14769880280657163,1.0,0.063359375,nan,100,0,0
oa-stop-strat-H25-P50-N2048-K8,oa-stratified,0.5,OASQD-D02-tail-min035-K9,unequal-tail,concentrated,OASQD-D02-tail-min035-K9/concentrated,0,400,400,0.7580163999809884,1200,153600,12288,3072,168960,140800,51200,140800,8192,0,0,148992,3932160,2370560.0,100,102400,0,6,3,"{""armed"": 25, ""cooldown"": 275, ""global"": 100, ""local"": 0}",9,0,0.0345458984375,0,0.016082638485769962,0.14235415822468844,1.0,0.07734374999999999,0.08642578125,100,0,0
oa-stop-strat-H25-P50-N2048-K8,oa-stratified,0.5,OASQD-D02-tail-min035-K9,unequal-tail,concentrated,OASQD-D02-tail-min035-K9/concentrated,1,400,400,0.7583059000025969,1200,153600,12288,3072,168960,140800,51200,140800,8192,0,0,148992,3932160,2370560.0,100,102400,0,6,3,"{""armed"": 25, ""cooldown"": 275, ""global"": 100, ""local"": 0}",9,0,0.038330078125,0,0.010912149492828593,0.15113747412150327,1.0,0.05488281249999999,0.045654296875,100,0,0
oa-stop-strat-H25-P50-N2048-K8,oa-stratified,0.5,OASQD-D02-tail-min035-K9,unequal-tail,concentrated,OASQD-D02-tail-min035-K9/concentrated,2,400,400,0.8168927000078838,1400,179200,14336,3072,196608,163200,51200,163200,8192,0,0,171392,3932160,2837760.0,125,128000,0,7,3,"{""armed"": 25, ""cooldown"": 250, ""global"": 125, ""local"": 0}",9,0,0.034912109375,0,0.01756864363216759,0.15948589016808828,1.0,0.09492187499999999,0.10791015625,100,0,0
oasqd-once-adaptive-H25-P50-N2048-K8,oa-stratified,0.5,OASQD-D02-tail-min035-K9,unequal-tail,concentrated,OASQD-D02-tail-min035-K9/concentrated,0,400,400,0.5036196000000928,600,76800,6144,3072,86016,70400,51200,44800,8192,0,25600,52992,3932160,872960.0,50,25600,0,3,3,"{""armed"": 25, ""cooldown"": 326, ""global"": 49, ""local"": 0}",9,0,0.0345458984375,0,0.02183826319856097,0.1449135285244314,1.0,0.0480078125,0.060546875,100,0,0
oasqd-once-adaptive-H25-P50-N2048-K8,oa-stratified,0.5,OASQD-D02-tail-min035-K9,unequal-tail,concentrated,OASQD-D02-tail-min035-K9/concentrated,1,400,400,0.5432162000215612,500,64000,6144,3072,73216,57600,51200,44800,8192,0,12800,52992,3932160,616960.0,50,12800,0,3,3,"{""armed"": 25, ""cooldown"": 326, ""global"": 49, ""local"": 0}",9,0,0.038330078125,0,0.011223738825840268,0.1632447652279022,1.0,0.064609375,0.061767578125,100,0,0
oasqd-once-adaptive-H25-P50-N2048-K8,oa-stratified,0.5,OASQD-D02-tail-min035-K9,unequal-tail,concentrated,OASQD-D02-tail-min035-K9/concentrated,2,400,400,0.4921983999956865,600,76800,6144,3072,86016,70400,51200,44800,8192,0,25600,52992,3932160,872960.0,50,25600,0,3,3,"{""armed"": 25, ""cooldown"": 326, ""global"": 49, ""local"": 0}",9,0,0.034912109375,0,0.015498927559962405,0.16049342718329188,1.0,0.07441406249999999,0.07080078125,100,0,0
oasqd-stop-adaptive-H25-P50-N2048-K8,oa-stratified,0.5,OASQD-D02-tail-min035-K9,unequal-tail,concentrated,OASQD-D02-tail-min035-K9/concentrated,0,400,400,0.5616375000099652,800,102400,12288,3072,117760,89600,51200,38400,8192,0,51200,46592,3932160,1244160.0,100,51200,0,6,3,"{""armed"": 25, ""cooldown"": 275, ""global"": 100, ""local"": 0}",9,0,0.0345458984375,0,0.017560688283135395,0.13962504213314936,1.0,0.0460546875,0.049072265625,100,0,0
oasqd-stop-adaptive-H25-P50-N2048-K8,oa-stratified,0.5,OASQD-D02-tail-min035-K9,unequal-tail,concentrated,OASQD-D02-tail-min035-K9/concentrated,1,400,400,0.6489124999789055,600,76800,12288,3072,92160,64000,51200,38400,8192,0,25600,46592,3932160,732160.0,100,25600,0,6,3,"{""armed"": 25, ""cooldown"": 275, ""global"": 100, ""local"": 0}",9,0,0.038330078125,0,0.010745244968830558,0.1611577420422034,1.0,0.06761718749999998,0.052734375,100,0,0
oasqd-stop-adaptive-H25-P50-N2048-K8,oa-stratified,0.5,OASQD-D02-tail-min035-K9,unequal-tail,concentrated,OASQD-D02-tail-min035-K9/concentrated,2,400,400,0.7040747000137344,900,115200,14336,3072,132608,99200,51200,35200,8192,0,64000,43392,3932160,1429760.0,125,64000,0,7,3,"{""armed"": 25, ""cooldown"": 250, ""global"": 125, ""local"": 0}",9,0,0.034912109375,0,0.014888142414065442,0.1617924374109729,1.0,0.080234375,0.087646484375,100,0,0
oasqd-stop-adaptive-iid-H25-P50-N2048-K8,oa-stratified,0.5,OASQD-D02-tail-min035-K9,unequal-tail,concentrated,OASQD-D02-tail-min035-K9/concentrated,0,400,400,0.7004503999778535,800,102400,12288,3072,117760,89600,51200,89600,8192,0,0,97792,3932160,1244160.0,100,51200,0,6,3,"{""armed"": 25, ""cooldown"": 275, ""global"": 100, ""local"": 0}",9,0,0.0345458984375,0,0.020123582725316336,0.14818414366831986,1.0,0.0460546875,0.049072265625,100,0,0
oasqd-stop-adaptive-iid-H25-P50-N2048-K8,oa-stratified,0.5,OASQD-D02-tail-min035-K9,unequal-tail,concentrated,OASQD-D02-tail-min035-K9/concentrated,1,400,400,0.6603800999873783,600,76800,12288,3072,92160,64000,51200,64000,8192,0,0,72192,3932160,732160.0,100,25600,0,6,3,"{""armed"": 25, ""cooldown"": 275, ""global"": 100, ""local"": 0}",9,0,0.038330078125,0,0.011249953653419187,0.1511983814966313,1.0,0.0597265625,0.048583984375,100,0,0
oasqd-stop-adaptive-iid-H25-P50-N2048-K8,oa-stratified,0.5,OASQD-D02-tail-min035-K9,unequal-tail,concentrated,OASQD-D02-tail-min035-K9/concentrated,2,400,400,0.5705841000017244,800,102400,12288,3072,117760,89600,51200,89600,8192,0,0,97792,3932160,1244160.0,100,51200,0,6,3,"{""armed"": 25, ""cooldown"": 275, ""global"": 100, ""local"": 0}",9,0,0.034912109375,0,0.015617313398399668,0.17031570062359902,1.0,0.08226562499999998,0.09912109375,100,0,0
oasqd-stop-systematic-H25-P50-N2048-K8,oa-stratified,0.5,OASQD-D02-tail-min035-K9,unequal-tail,concentrated,OASQD-D02-tail-min035-K9/concentrated,0,400,400,0.7231236999796238,1200,153600,12288,3072,168960,140800,51200,38400,8192,0,102400,46592,3932160,2370560.0,100,102400,0,6,3,"{""armed"": 25, ""cooldown"": 275, ""global"": 100, ""local"": 0}",9,0,0.0345458984375,0,0.01493556042364963,0.14020917462418364,1.0,0.05781249999999999,0.0556640625,100,0,0
oasqd-stop-systematic-H25-P50-N2048-K8,oa-stratified,0.5,OASQD-D02-tail-min035-K9,unequal-tail,concentrated,OASQD-D02-tail-min035-K9/concentrated,1,400,400,0.7008174000075087,1200,153600,12288,3072,168960,140800,51200,38400,8192,0,102400,46592,3932160,2370560.0,100,102400,0,6,3,"{""armed"": 25, ""cooldown"": 275, ""global"": 100, ""local"": 0}",9,0,0.038330078125,0,0.010185167553732777,0.150970856505267,1.0,0.04999999999999999,0.048828125,100,0,0
oasqd-stop-systematic-H25-P50-N2048-K8,oa-stratified,0.5,OASQD-D02-tail-min035-K9,unequal-tail,concentrated,OASQD-D02-tail-min035-K9/concentrated,2,400,400,0.6790760000003502,1200,153600,12288,3072,168960,140800,51200,38400,8192,0,102400,46592,3932160,2370560.0,100,102400,0,6,3,"{""armed"": 25, ""cooldown"": 275, ""global"": 100, ""local"": 0}",9,0,0.034912109375,0,0.014504534138402247,0.1583596436159812,1.0,0.056796875,0.05419921875,100,0,0
paper-0.5,paper,0.5,OASQD-D02-tail-min035-K9,unequal-tail,concentrated,OASQD-D02-tail-min035-K9/concentrated,0,400,400,0.8960367999970913,400,51200,0,3072,54272,51200,51200,51200,0,0,0,51200,13107200,0.0,0,0,0,0,0,"{""armed"": 0, ""cooldown"": 0, ""global"": 0, ""local"": 0}",0,0,nan,0,0.014377335840659144,0.1586137399625703,1.0,0.08515624999999999,nan,100,0,0
paper-0.5,paper,0.5,OASQD-D02-tail-min035-K9,unequal-tail,concentrated,OASQD-D02-tail-min035-K9/concentrated,1,400,400,0.5150025000039022,400,51200,0,3072,54272,51200,51200,51200,0,0,0,51200,13107200,0.0,0,0,0,0,0,"{""armed"": 0, ""cooldown"": 0, ""global"": 0, ""local"": 0}",0,0,nan,0,0.013377343691583832,0.17429193465368517,1.0,0.1066015625,nan,100,0,0
paper-0.5,paper,0.5,OASQD-D02-tail-min035-K9,unequal-tail,concentrated,OASQD-D02-tail-min035-K9/concentrated,2,400,400,0.6845939999911934,400,51200,0,3072,54272,51200,51200,51200,0,0,0,51200,13107200,0.0,0,0,0,0,0,"{""armed"": 0, ""cooldown"": 0, ""global"": 0, ""local"": 0}",0,0,nan,0,0.019223497991110117,0.1470325864089936,1.0,0.0665625,nan,100,0,0
qld-v1,qld,0.5,OASQD-D02-tail-min035-K9,unequal-tail,concentrated,OASQD-D02-tail-min035-K9/concentrated,0,400,400,0.3955400999984704,400,51200,0,3072,54272,51200,51200,51200,0,0,0,51200,3932160,501760.0,0,0,0,0,0,"{""armed"": 0, ""cooldown"": 0, ""global"": 0, ""local"": 0}",0,0,nan,0,0.019531525007023376,0.14369973814746662,1.0,0.05875,nan,100,0,0
qld-v1,qld,0.5,OASQD-D02-tail-min035-K9,unequal-tail,concentrated,OASQD-D02-tail-min035-K9/concentrated,1,400,400,0.34154779999516904,400,51200,0,3072,54272,51200,51200,51200,0,0,0,51200,3932160,501760.0,0,0,0,0,0,"{""armed"": 0, ""cooldown"": 0, ""global"": 0, ""local"": 0}",0,0,nan,0,0.012244066628996908,0.15645209352219408,1.0,0.07929687499999999,nan,100,0,0
qld-v1,qld,0.5,OASQD-D02-tail-min035-K9,unequal-tail,concentrated,OASQD-D02-tail-min035-K9/concentrated,2,400,400,0.25221869998495094,400,51200,0,3072,54272,51200,51200,51200,0,0,0,51200,3932160,501760.0,0,0,0,0,0,"{""armed"": 0, ""cooldown"": 0, ""global"": 0, ""local"": 0}",0,0,nan,0,0.014567589873819342,0.15677381536334953,1.0,0.076328125,nan,100,0,0
fixed-lbqcd,fixed,0.5,OASQD-D02-tail-min035-K9,unequal-tail,missing,OASQD-D02-tail-min035-K9/missing,0,400,400,1.1106818000262138,4600,588800,0,4096,592896,302080,302080,302080,0,4096,0,306176,3932160,5734400.0,280,286720,0,0,0,"{""armed"": 0, ""cooldown"": 0, ""global"": 0, ""local"": 0}",0,0,nan,1,0.010208224802282562,0.1639164633614179,0.965,0.10332031250000001,nan,150,0,0
fixed-lbqcd,fixed,0.5,OASQD-D02-tail-min035-K9,unequal-tail,missing,OASQD-D02-tail-min035-K9/missing,1,400,400,1.1792091999959666,4600,588800,0,3072,591872,302080,302080,302080,0,4096,0,306176,3932160,5734400.0,280,286720,0,0,0,"{""armed"": 0, ""cooldown"": 0, ""global"": 0, ""local"": 0}",0,0,nan,1,0.01906766233938706,0.15085534632508374,0.965,0.0808984375,nan,100,0,0
fixed-lbqcd,fixed,0.5,OASQD-D02-tail-min035-K9,unequal-tail,missing,OASQD-D02-tail-min035-K9/missing,2,400,400,1.0953900000022259,4600,588800,0,3072,591872,302080,302080,302080,0,4096,0,306176,3932160,5734400.0,280,286720,0,0,0,"{""armed"": 0, ""cooldown"": 0, ""global"": 0, ""local"": 0}",0,0,nan,1,0.01884524465368842,0.14725141577046816,0.965,0.048671875,nan,100,0,0
oa-stop-strat-H25-P50-N2048-K8,oa-stratified,0.5,OASQD-D02-tail-min035-K9,unequal-tail,missing,OASQD-D02-tail-min035-K9/missing,0,400,400,1.1381501999858301,2440,312320,24576,4096,340992,279680,51200,279680,8192,0,0,287872,3932160,5267200.0,255,261120,0,12,2,"{""armed"": 25, ""cooldown"": 0, ""global"": 375, ""local"": 0}",9,0,0.0394287109375,0,0.01278924625499922,0.14835138130599776,0.965,0.14917968750000002,0.153076171875,150,0,0
oa-stop-strat-H25-P50-N2048-K8,oa-stratified,0.5,OASQD-D02-tail-min035-K9,unequal-tail,missing,OASQD-D02-tail-min035-K9/missing,1,400,400,1.1041476000100374,2440,312320,24576,3072,339968,279680,51200,279680,8192,0,0,287872,3932160,5267200.0,255,261120,0,12,2,"{""armed"": 25, ""cooldown"": 0, ""global"": 375, ""local"": 0}",9,0,0.036376953125,0,0.02261105903933558,0.15670129331847737,0.965,0.09648437500000001,0.104248046875,100,0,0
oa-stop-strat-H25-P50-N2048-K8,oa-stratified,0.5,OASQD-D02-tail-min035-K9,unequal-tail,missing,OASQD-D02-tail-min035-K9/missing,2,400,400,1.146978200005833,2440,312320,24576,3072,339968,279680,51200,279680,8192,0,0,287872,3932160,5267200.0,255,261120,0,12,2,"{""armed"": 25, ""cooldown"": 0, ""global"": 375, ""local"": 0}",9,0,0.036865234375,0,0.01927883722055901,0.1458044550924034,1.0,0.05785156249999998,0.061767578125,100,0,0
oasqd-once-adaptive-H25-P50-N2048-K8,oa-stratified,0.5,OASQD-D02-tail-min035-K9,unequal-tail,missing,OASQD-D02-tail-min035-K9/missing,0,400,400,0.45743200002470985,500,64000,6144,3072,73216,57600,51200,44800,8192,0,12800,52992,3932160,616960.0,50,12800,0,3,3,"{""armed"": 25, ""cooldown"": 326, ""global"": 49, ""local"": 0}",9,0,0.0394287109375,0,0.012417727330870765,0.1449496062809842,0.965,0.1209765625,0.14501953125,100,0,0
oasqd-once-adaptive-H25-P50-N2048-K8,oa-stratified,0.5,OASQD-D02-tail-min035-K9,unequal-tail,missing,OASQD-D02-tail-min035-K9/missing,1,400,400,0.4763868000009097,500,64000,6144,3072,73216,57600,51200,44800,8192,0,12800,52992,3932160,616960.0,50,12800,0,3,3,"{""armed"": 25, ""cooldown"": 326, ""global"": 49, ""local"": 0}",9,0,0.036376953125,0,0.019269871612262346,0.15082707845385335,0.965,0.11210937500000001,0.101318359375,100,0,0
oasqd-once-adaptive-H25-P50-N2048-K8,oa-stratified,0.5,OASQD-D02-tail-min035-K9,unequal-tail,missing,OASQD-D02-tail-min035-K9/missing,2,400,400,0.47784999999566935,500,64000,6144,4096,74240,57600,51200,44800,8192,0,12800,52992,3932160,616960.0,50,12800,0,3,3,"{""armed"": 25, ""cooldown"": 326, ""global"": 49, ""local"": 0}",9,0,0.036865234375,0,0.019002250300319545,0.1588472492165536,0.965,0.0653125,0.077392578125,150,0,0
oasqd-stop-adaptive-H25-P50-N2048-K8,oa-stratified,0.5,OASQD-D02-tail-min035-K9,unequal-tail,missing,OASQD-D02-tail-min035-K9/missing,0,400,400,0.8646139999909792,910,116480,24576,4096,145152,83840,51200,18560,8192,0,65280,26752,3932160,1089280.0,255,65280,0,12,2,"{""armed"": 25, ""cooldown"": 0, ""global"": 375, ""local"": 0}",9,0,0.0394287109375,0,0.012541761238382243,0.15172943510659923,0.965,0.13265625,0.14794921875,150,0,0
oasqd-stop-adaptive-H25-P50-N2048-K8,oa-stratified,0.5,OASQD-D02-tail-min035-K9,unequal-tail,missing,OASQD-D02-tail-min035-K9/missing,1,400,400,0.7813800000003539,910,116480,24576,3072,144128,83840,51200,18560,8192,0,65280,26752,3932160,1089280.0,255,65280,0,12,2,"{""armed"": 25, ""cooldown"": 0, ""global"": 375, ""local"": 0}",9,0,0.036376953125,0,0.019668384372206305,0.1513525690489568,0.965,0.083828125,0.094482421875,100,0,0
oasqd-stop-adaptive-H25-P50-N2048-K8,oa-stratified,0.5,OASQD-D02-tail-min035-K9,unequal-tail,missing,OASQD-D02-tail-min035-K9/missing,2,400,400,0.7815075000107754,910,116480,24576,3072,144128,83840,51200,18560,8192,0,65280,26752,3932160,1089280.0,255,65280,0,12,2,"{""armed"": 25, ""cooldown"": 0, ""global"": 375, ""local"": 0}",9,0,0.036865234375,0,0.01547725810389089,0.1521067438855194,0.965,0.0848046875,0.097412109375,100,0,0
oasqd-stop-adaptive-iid-H25-P50-N2048-K8,oa-stratified,0.5,OASQD-D02-tail-min035-K9,unequal-tail,missing,OASQD-D02-tail-min035-K9/missing,0,400,400,0.8810186999908183,910,116480,24576,4096,145152,83840,51200,83840,8192,0,0,92032,3932160,1089280.0,255,65280,0,12,2,"{""armed"": 25, ""cooldown"": 0, ""global"": 375, ""local"": 0}",9,0,0.0394287109375,0,0.013454652955327884,0.15253658656713187,0.965,0.0975,0.11669921875,150,0,0
oasqd-stop-adaptive-iid-H25-P50-N2048-K8,oa-stratified,0.5,OASQD-D02-tail-min035-K9,unequal-tail,missing,OASQD-D02-tail-min035-K9/missing,1,400,400,0.767685500002699,910,116480,24576,3072,144128,83840,51200,83840,8192,0,0,92032,3932160,1089280.0,255,65280,0,12,2,"{""armed"": 25, ""cooldown"": 0, ""global"": 375, ""local"": 0}",9,0,0.036376953125,0,0.019319644046762896,0.1500508277766195,0.965,0.0769921875,0.068115234375,100,0,0
oasqd-stop-adaptive-iid-H25-P50-N2048-K8,oa-stratified,0.5,OASQD-D02-tail-min035-K9,unequal-tail,missing,OASQD-D02-tail-min035-K9/missing,2,400,400,0.7947996000002604,910,116480,24576,3072,144128,83840,51200,83840,8192,0,0,92032,3932160,1089280.0,255,65280,0,12,2,"{""armed"": 25, ""cooldown"": 0, ""global"": 375, ""local"": 0}",9,0,0.036865234375,0,0.017635011973667902,0.14961668011108933,0.965,0.07218749999999999,0.070068359375,100,0,0
oasqd-stop-systematic-H25-P50-N2048-K8,oa-stratified,0.5,OASQD-D02-tail-min035-K9,unequal-tail,missing,OASQD-D02-tail-min035-K9/missing,0,400,400,0.9390589999966323,2440,312320,24576,4096,340992,279680,51200,18560,8192,0,261120,26752,3932160,5267200.0,255,261120,0,12,2,"{""armed"": 25, ""cooldown"": 0, ""global"": 375, ""local"": 0}",9,0,0.0394287109375,0,0.010886258790864023,0.15341033016163277,0.965,0.14140625,0.15673828125,150,0,0
oasqd-stop-systematic-H25-P50-N2048-K8,oa-stratified,0.5,OASQD-D02-tail-min035-K9,unequal-tail,missing,OASQD-D02-tail-min035-K9/missing,1,400,400,1.0267262999841478,2440,312320,24576,3072,339968,279680,51200,18560,8192,0,261120,26752,3932160,5267200.0,255,261120,0,12,2,"{""armed"": 25, ""cooldown"": 0, ""global"": 375, ""local"": 0}",9,0,0.036376953125,0,0.02012983488562803,0.15082440571078484,0.965,0.12578125,0.12548828125,100,0,0
oasqd-stop-systematic-H25-P50-N2048-K8,oa-stratified,0.5,OASQD-D02-tail-min035-K9,unequal-tail,missing,OASQD-D02-tail-min035-K9/missing,2,400,400,0.916497199999867,2440,312320,24576,3072,339968,279680,51200,18560,8192,0,261120,26752,3932160,5267200.0,255,261120,0,12,2,"{""armed"": 25, ""cooldown"": 0, ""global"": 375, ""local"": 0}",9,0,0.036865234375,0,0.020711948697153648,0.14911231904553826,0.965,0.060390625,0.066650390625,100,0,0
paper-0.5,paper,0.5,OASQD-D02-tail-min035-K9,unequal-tail,missing,OASQD-D02-tail-min035-K9/missing,0,400,400,0.7410215999989305,400,51200,0,3072,54272,51200,51200,51200,0,0,0,51200,13107200,0.0,0,0,0,0,0,"{""armed"": 0, ""cooldown"": 0, ""global"": 0, ""local"": 0}",0,0,nan,0,0.011849997284296476,0.16230093198522427,0.965,0.091640625,nan,100,0,0
paper-0.5,paper,0.5,OASQD-D02-tail-min035-K9,unequal-tail,missing,OASQD-D02-tail-min035-K9/missing,1,400,400,0.6103634999890346,400,51200,0,2048,53248,51200,51200,51200,0,0,0,51200,13107200,0.0,0,0,0,0,0,"{""armed"": 0, ""cooldown"": 0, ""global"": 0, ""local"": 0}",0,0,nan,0,0.012315501743511703,0.155353013463202,0.965,0.12609375,nan,50,0,0
paper-0.5,paper,0.5,OASQD-D02-tail-min035-K9,unequal-tail,missing,OASQD-D02-tail-min035-K9/missing,2,400,400,0.592242000013357,400,51200,0,3072,54272,51200,51200,51200,0,0,0,51200,13107200,0.0,0,0,0,0,0,"{""armed"": 0, ""cooldown"": 0, ""global"": 0, ""local"": 0}",0,0,nan,0,0.021208112333970686,0.15147196609356306,1.0,0.046757812499999996,nan,100,0,0
qld-v1,qld,0.5,OASQD-D02-tail-min035-K9,unequal-tail,missing,OASQD-D02-tail-min035-K9/missing,0,400,400,0.3686604999820702,400,51200,0,4096,55296,51200,51200,51200,0,0,0,51200,3932160,501760.0,0,0,0,0,0,"{""armed"": 0, ""cooldown"": 0, ""global"": 0, ""local"": 0}",0,0,nan,0,0.01194224692799617,0.15049353863675013,0.965,0.09265625,nan,150,0,0
qld-v1,qld,0.5,OASQD-D02-tail-min035-K9,unequal-tail,missing,OASQD-D02-tail-min035-K9/missing,1,400,400,0.29698119999375194,400,51200,0,3072,54272,51200,51200,51200,0,0,0,51200,3932160,501760.0,0,0,0,0,0,"{""armed"": 0, ""cooldown"": 0, ""global"": 0, ""local"": 0}",0,0,nan,0,0.01838194313050856,0.1539595510243083,0.965,0.08964843750000001,nan,100,0,0
qld-v1,qld,0.5,OASQD-D02-tail-min035-K9,unequal-tail,missing,OASQD-D02-tail-min035-K9/missing,2,400,400,0.2341741000127513,400,51200,0,3072,54272,51200,51200,51200,0,0,0,51200,3932160,501760.0,0,0,0,0,0,"{""armed"": 0, ""cooldown"": 0, ""global"": 0, ""local"": 0}",0,0,nan,0,0.01694550990643018,0.1432391442131219,0.965,0.07804687499999999,nan,100,0,0
fixed-lbqcd,fixed,0.5,OASQD-D03-tail-min018-K11,unequal-tail,concentrated,OASQD-D03-tail-min018-K11/concentrated,0,400,400,1.2437915999908,4600,588800,0,4096,592896,302080,302080,302080,0,4096,0,306176,3932160,5734400.0,280,286720,0,0,0,"{""armed"": 0, ""cooldown"": 0, ""global"": 0, ""local"": 0}",0,0,nan,1,0.01748849734616842,0.17523397276229533,0.9820000000000002,0.0756171875,nan,150,0,0
fixed-lbqcd,fixed,0.5,OASQD-D03-tail-min018-K11,unequal-tail,concentrated,OASQD-D03-tail-min018-K11/concentrated,1,400,400,1.2846196999889798,4600,588800,0,4096,592896,302080,302080,302080,0,4096,0,306176,3932160,5734400.0,280,286720,0,0,0,"{""armed"": 0, ""cooldown"": 0, ""global"": 0, ""local"": 0}",0,0,nan,1,0.044542977186963206,0.17190173499474767,0.9820000000000002,0.054487500000000036,nan,150,0,0
fixed-lbqcd,fixed,0.5,OASQD-D03-tail-min018-K11,unequal-tail,concentrated,OASQD-D03-tail-min018-K11/concentrated,2,400,400,1.2147693000151776,4600,588800,0,4096,592896,302080,302080,302080,0,4096,0,306176,3932160,5734400.0,280,286720,0,0,0,"{""armed"": 0, ""cooldown"": 0, ""global"": 0, ""local"": 0}",0,0,nan,1,0.013160136937758082,0.18074269763256878,0.9820000000000002,0.062078125,nan,150,0,0
oa-stop-strat-H25-P50-N2048-K8,oa-stratified,0.5,OASQD-D03-tail-min018-K11,unequal-tail,concentrated,OASQD-D03-tail-min018-K11/concentrated,0,400,400,0.8524747999908868,1800,230400,18432,4096,252928,208000,51200,208000,8192,0,0,216192,3932160,3772160.0,175,179200,0,9,3,"{""armed"": 25, ""cooldown"": 200, ""global"": 175, ""local"": 0}",11,0,0.0159912109375,0,0.017537961899134036,0.19612372810896986,0.9820000000000002,0.07779218750000004,0.093505859375,150,0,0
oa-stop-strat-H25-P50-N2048-K8,oa-stratified,0.5,OASQD-D03-tail-min018-K11,unequal-tail,concentrated,OASQD-D03-tail-min018-K11/concentrated,1,400,400,1.196874300017953,2400,307200,24576,4096,335872,275200,51200,275200,8192,0,0,283392,3932160,5173760.0,250,256000,0,12,3,"{""armed"": 25, ""cooldown"": 125, ""global"": 250, ""local"": 0}",11,0,0.01953125,0,0.050574127779574596,0.17644597243073387,0.9820000000000002,0.06023593750000002,0.0625,150,0,0
oa-stop-strat-H25-P50-N2048-K8,oa-stratified,0.5,OASQD-D03-tail-min018-K11,unequal-tail,concentrated,OASQD-D03-tail-min018-K11/concentrated,2,400,400,1.206550300004892,2400,307200,24576,4096,335872,275200,51200,275200,8192,0,0,283392,3932160,5173760.0,250,256000,0,12,3,"{""armed"": 25, ""cooldown"": 125, ""global"": 250, ""local"": 0}",11,0,0.0179443359375,0,0.011822665668665522,0.17471403760193174,0.9820000000000002,0.06121250000000002,0.077392578125,150,0,0
oasqd-once-adaptive-H25-P50-N2048-K8,oa-stratified,0.5,OASQD-D03-tail-min018-K11,unequal-tail,concentrated,OASQD-D03-tail-min018-K11/concentrated,0,400,400,0.563972100004321,800,102400,6144,4096,112640,96000,51200,44800,8192,0,51200,52992,3932160,1436160.0,50,51200,0,3,3,"{""armed"": 25, ""cooldown"": 326, ""global"": 49, ""local"": 0}",11,0,0.0159912109375,0,0.016513295803149752,0.17570625241124066,0.9820000000000002,0.069890625,0.08984375,150,0,0
oasqd-once-adaptive-H25-P50-N2048-K8,oa-stratified,0.5,OASQD-D03-tail-min018-K11,unequal-tail,concentrated,OASQD-D03-tail-min018-K11/concentrated,1,400,400,0.5325970000121742,600,76800,6144,5120,88064,70400,51200,44800,8192,0,25600,52992,3932160,872960.0,50,25600,0,3,3,"{""armed"": 25, ""cooldown"": 326, ""global"": 49, ""local"": 0}",11,0,0.01953125,0,0.04145521152031151,0.17382760621453403,0.9820000000000002,0.06218906250000002,0.07177734375,200,0,0
oasqd-once-adaptive-H25-P50-N2048-K8,oa-stratified,0.5,OASQD-D03-tail-min018-K11,unequal-tail,concentrated,OASQD-D03-tail-min018-K11/concentrated,2,400,400,0.641293399996357,800,102400,6144,4096,112640,96000,51200,44800,8192,0,51200,52992,3932160,1436160.0,50,51200,0,3,3,"{""armed"": 25, ""cooldown"": 326, ""global"": 49, ""local"": 0}",11,0,0.0179443359375,0,0.011653626002838813,0.1780767678358139,0.9820000000000002,0.06023593750000002,0.080322265625,150,0,0
oasqd-stop-adaptive-H25-P50-N2048-K8,oa-stratified,0.5,OASQD-D03-tail-min018-K11,unequal-tail,concentrated,OASQD-D03-tail-min018-K11/concentrated,0,400,400,0.9249008000188041,1800,230400,18432,4096,252928,208000,51200,28800,8192,0,179200,36992,3932160,3772160.0,175,179200,0,9,3,"{""armed"": 25, ""cooldown"": 200, ""global"": 175, ""local"": 0}",11,0,0.0159912109375,0,0.01777857232202429,0.17086038444464757,0.9820000000000002,0.078546875,0.107421875,150,0,0
oasqd-stop-adaptive-H25-P50-N2048-K8,oa-stratified,0.5,OASQD-D03-tail-min018-K11,unequal-tail,concentrated,OASQD-D03-tail-min018-K11/concentrated,1,400,400,1.0112852999882307,1300,166400,22528,4096,193024,137600,51200,22400,8192,0,115200,30592,3932160,2172160.0,225,115200,0,11,3,"{""armed"": 25, ""cooldown"": 150, ""global"": 225, ""local"": 0}",11,0,0.01953125,0,0.031893402126393244,0.17984893918618206,0.9820000000000002,0.05535312500000002,0.06201171875,150,0,0
oasqd-stop-adaptive-H25-P50-N2048-K8,oa-stratified,0.5,OASQD-D03-tail-min018-K11,unequal-tail,concentrated,OASQD-D03-tail-min018-K11/concentrated,2,400,400,1.1292696000018623,2400,307200,24576,4096,335872,275200,51200,19200,8192,0,256000,27392,3932160,5173760.0,250,256000,0,12,3,"{""armed"": 25, ""cooldown"": 125, ""global"": 250, ""local"": 0}",11,0,0.0179443359375,0,0.010734283227131769,0.17689167306728185,0.9820000000000002,0.06414218750000002,0.073486328125,150,0,0
oasqd-stop-adaptive-iid-H25-P50-N2048-K8,oa-stratified,0.5,OASQD-D03-tail-min018-K11,unequal-tail,concentrated,OASQD-D03-tail-min018-K11/concentrated,0,400,400,1.0166524999949615,1800,230400,18432,4096,252928,208000,51200,208000,8192,0,0,216192,3932160,3772160.0,175,179200,0,9,3,"{""armed"": 25, ""cooldown"": 200, ""global"": 175, ""local"": 0}",11,0,0.0159912109375,0,0.017537961899134036,0.19612372810896986,0.9820000000000002,0.07779218750000004,0.093505859375,150,0,0
oasqd-stop-adaptive-iid-H25-P50-N2048-K8,oa-stratified,0.5,OASQD-D03-tail-min018-K11,unequal-tail,concentrated,OASQD-D03-tail-min018-K11/concentrated,1,400,400,0.8215020999778062,1300,166400,22528,4096,193024,137600,51200,137600,8192,0,0,145792,3932160,2172160.0,225,115200,0,11,3,"{""armed"": 25, ""cooldown"": 150, ""global"": 225, ""local"": 0}",11,0,0.01953125,0,0.019703751110772494,0.2190167421499236,0.9820000000000002,0.06869218749999996,0.08544921875,150,0,0
oasqd-stop-adaptive-iid-H25-P50-N2048-K8,oa-stratified,0.5,OASQD-D03-tail-min018-K11,unequal-tail,concentrated,OASQD-D03-tail-min018-K11/concentrated,2,400,400,1.163034700002754,2400,307200,24576,4096,335872,275200,51200,275200,8192,0,0,283392,3932160,5173760.0,250,256000,0,12,3,"{""armed"": 25, ""cooldown"": 125, ""global"": 250, ""local"": 0}",11,0,0.0179443359375,0,0.011822665668665522,0.17471403760193174,0.9820000000000002,0.06121250000000002,0.077392578125,150,0,0
oasqd-stop-systematic-H25-P50-N2048-K8,oa-stratified,0.5,OASQD-D03-tail-min018-K11,unequal-tail,concentrated,OASQD-D03-tail-min018-K11/concentrated,0,400,400,0.9564569999929518,1800,230400,18432,4096,252928,208000,51200,28800,8192,0,179200,36992,3932160,3772160.0,175,179200,0,9,3,"{""armed"": 25, ""cooldown"": 200, ""global"": 175, ""local"": 0}",11,0,0.0159912109375,0,0.01777857232202429,0.17086038444464757,0.9820000000000002,0.078546875,0.107421875,150,0,0
oasqd-stop-systematic-H25-P50-N2048-K8,oa-stratified,0.5,OASQD-D03-tail-min018-K11,unequal-tail,concentrated,OASQD-D03-tail-min018-K11/concentrated,1,400,400,1.0964338000048883,2400,307200,24576,4096,335872,275200,51200,19200,8192,0,256000,27392,3932160,5173760.0,250,256000,0,12,3,"{""armed"": 25, ""cooldown"": 125, ""global"": 250, ""local"": 0}",11,0,0.01953125,0,0.05501073652084676,0.16704135238078235,0.9820000000000002,0.05621875,0.0576171875,150,0,0
oasqd-stop-systematic-H25-P50-N2048-K8,oa-stratified,0.5,OASQD-D03-tail-min018-K11,unequal-tail,concentrated,OASQD-D03-tail-min018-K11/concentrated,2,400,400,1.1879926999972668,2400,307200,24576,4096,335872,275200,51200,19200,8192,0,256000,27392,3932160,5173760.0,250,256000,0,12,3,"{""armed"": 25, ""cooldown"": 125, ""global"": 250, ""local"": 0}",11,0,0.0179443359375,0,0.010734283227131769,0.17689167306728185,0.9820000000000002,0.06414218750000002,0.073486328125,150,0,0
paper-0.5,paper,0.5,OASQD-D03-tail-min018-K11,unequal-tail,concentrated,OASQD-D03-tail-min018-K11/concentrated,0,400,400,0.8805742000113241,400,51200,0,3072,54272,51200,51200,51200,0,0,0,51200,13107200,0.0,0,0,0,0,0,"{""armed"": 0, ""cooldown"": 0, ""global"": 0, ""local"": 0}",0,0,nan,0,0.01753633301370261,0.17594665893222505,1.0000000000000002,0.039484375,nan,100,0,0
paper-0.5,paper,0.5,OASQD-D03-tail-min018-K11,unequal-tail,concentrated,OASQD-D03-tail-min018-K11/concentrated,1,400,400,0.6811695000214968,400,51200,0,3072,54272,51200,51200,51200,0,0,0,51200,13107200,0.0,0,0,0,0,0,"{""armed"": 0, ""cooldown"": 0, ""global"": 0, ""local"": 0}",0,0,nan,0,0.046599787293169825,0.1664292889750134,0.9820000000000002,0.051203125,nan,100,0,0
paper-0.5,paper,0.5,OASQD-D03-tail-min018-K11,unequal-tail,concentrated,OASQD-D03-tail-min018-K11/concentrated,2,400,400,0.8949597000028007,400,51200,0,3072,54272,51200,51200,51200,0,0,0,51200,13107200,0.0,0,0,0,0,0,"{""armed"": 0, ""cooldown"": 0, ""global"": 0, ""local"": 0}",0,0,nan,0,0.021846183611253345,0.21025863264009592,0.9820000000000002,0.08354062500000002,nan,100,0,0
qld-v1,qld,0.5,OASQD-D03-tail-min018-K11,unequal-tail,concentrated,OASQD-D03-tail-min018-K11/concentrated,0,400,400,0.3035037000081502,400,51200,0,4096,55296,51200,51200,51200,0,0,0,51200,3932160,501760.0,0,0,0,0,0,"{""armed"": 0, ""cooldown"": 0, ""global"": 0, ""local"": 0}",0,0,nan,0,0.016072942334687923,0.1881696141893885,0.9820000000000002,0.06705000000000004,nan,150,0,0
qld-v1,qld,0.5,OASQD-D03-tail-min018-K11,unequal-tail,concentrated,OASQD-D03-tail-min018-K11/concentrated,1,400,400,0.309714700008044,400,51200,0,6144,57344,51200,51200,51200,0,0,0,51200,3932160,501760.0,0,0,0,0,0,"{""armed"": 0, ""cooldown"": 0, ""global"": 0, ""local"": 0}",0,0,nan,0,0.05418214349831807,0.1759129242926246,0.9820000000000002,0.05242343750000002,nan,250,0,0
qld-v1,qld,0.5,OASQD-D03-tail-min018-K11,unequal-tail,concentrated,OASQD-D03-tail-min018-K11/concentrated,2,400,400,0.3282891999988351,400,51200,0,4096,55296,51200,51200,51200,0,0,0,51200,3932160,501760.0,0,0,0,0,0,"{""armed"": 0, ""cooldown"": 0, ""global"": 0, ""local"": 0}",0,0,nan,0,0.011760449226660086,0.1810431836266136,0.9820000000000002,0.062078125,nan,150,0,0
fixed-lbqcd,fixed,0.5,OASQD-D03-tail-min018-K11,unequal-tail,missing,OASQD-D03-tail-min018-K11/missing,0,400,400,1.1963420999818482,4600,588800,0,3072,591872,302080,302080,302080,0,4096,0,306176,3932160,5734400.0,280,286720,0,0,0,"{""armed"": 0, ""cooldown"": 0, ""global"": 0, ""local"": 0}",0,0,nan,1,0.022055942751329383,0.19860911604173329,1.0000000000000002,0.10320468750000002,nan,100,0,0
fixed-lbqcd,fixed,0.5,OASQD-D03-tail-min018-K11,unequal-tail,missing,OASQD-D03-tail-min018-K11/missing,1,400,400,1.2131360000057612,4600,588800,0,3072,591872,302080,302080,302080,0,4096,0,306176,3932160,5734400.0,280,286720,0,0,0,"{""armed"": 0, ""cooldown"": 0, ""global"": 0, ""local"": 0}",0,0,nan,1,0.021548399636485804,0.184835319446671,1.0000000000000002,0.1001640625,nan,100,0,0
fixed-lbqcd,fixed,0.5,OASQD-D03-tail-min018-K11,unequal-tail,missing,OASQD-D03-tail-min018-K11/missing,2,400,400,1.1029339999950025,4600,588800,0,3072,591872,302080,302080,302080,0,4096,0,306176,3932160,5734400.0,280,286720,0,0,0,"{""armed"": 0, ""cooldown"": 0, ""global"": 0, ""local"": 0}",0,0,nan,1,0.01852807420664737,0.20602624308599987,1.0000000000000002,0.13043749999999998,nan,100,0,0
oa-stop-strat-H25-P50-N2048-K8,oa-stratified,0.5,OASQD-D03-tail-min018-K11,unequal-tail,missing,OASQD-D03-tail-min018-K11/missing,0,400,400,0.42769789998419583,400,51200,24576,3072,78848,51200,51200,51200,8192,0,0,59392,3932160,501760.0,0,0,0,12,0,"{""armed"": 0, ""cooldown"": 0, ""global"": 0, ""local"": 400}",11,0,0.0166015625,0,0.01947712378983546,0.17956530182478755,1.0000000000000002,0.1774234375,0.177001953125,100,0,0
oa-stop-strat-H25-P50-N2048-K8,oa-stratified,0.5,OASQD-D03-tail-min018-K11,unequal-tail,missing,OASQD-D03-tail-min018-K11/missing,1,400,400,0.44924270000774413,400,51200,24576,3072,78848,51200,51200,51200,8192,0,0,59392,3932160,501760.0,0,0,0,12,2,"{""armed"": 25, ""cooldown"": 0, ""global"": 0, ""local"": 375}",11,0,0.0157470703125,0,0.014888673710224065,0.1935047246036057,1.0000000000000002,0.10624531250000004,0.1142578125,100,0,0
oa-stop-strat-H25-P50-N2048-K8,oa-stratified,0.5,OASQD-D03-tail-min018-K11,unequal-tail,missing,OASQD-D03-tail-min018-K11/missing,2,400,400,0.507427300006384,400,51200,24576,3072,78848,51200,51200,51200,8192,0,0,59392,3932160,501760.0,0,0,0,12,0,"{""armed"": 0, ""cooldown"": 0, ""global"": 0, ""local"": 400}",11,0,0.016357421875,0,0.012834597090418676,0.18574850062795753,1.0000000000000002,0.15105625,0.1513671875,100,0,0
oasqd-once-adaptive-H25-P50-N2048-K8,oa-stratified,0.5,OASQD-D03-tail-min018-K11,unequal-tail,missing,OASQD-D03-tail-min018-K11/missing,0,400,400,0.5139412999851629,400,51200,24576,3072,78848,51200,51200,51200,8192,0,0,59392,3932160,501760.0,0,0,0,12,0,"{""armed"": 0, ""cooldown"": 0, ""global"": 0, ""local"": 400}",11,0,0.0166015625,0,0.01947712378983546,0.17956530182478755,1.0000000000000002,0.1774234375,0.177001953125,100,0,0
oasqd-once-adaptive-H25-P50-N2048-K8,oa-stratified,0.5,OASQD-D03-tail-min018-K11,unequal-tail,missing,OASQD-D03-tail-min018-K11/missing,1,400,400,0.5025740999844857,400,51200,24576,3072,78848,51200,51200,51200,8192,0,0,59392,3932160,501760.0,0,0,0,12,2,"{""armed"": 25, ""cooldown"": 0, ""global"": 0, ""local"": 375}",11,0,0.0157470703125,0,0.014888673710224065,0.1935047246036057,1.0000000000000002,0.10624531250000004,0.1142578125,100,0,0
oasqd-once-adaptive-H25-P50-N2048-K8,oa-stratified,0.5,OASQD-D03-tail-min018-K11,unequal-tail,missing,OASQD-D03-tail-min018-K11/missing,2,400,400,0.5138941000041086,400,51200,24576,3072,78848,51200,51200,51200,8192,0,0,59392,3932160,501760.0,0,0,0,12,0,"{""armed"": 0, ""cooldown"": 0, ""global"": 0, ""local"": 400}",11,0,0.016357421875,0,0.012834597090418676,0.18574850062795753,1.0000000000000002,0.15105625,0.1513671875,100,0,0
oasqd-stop-adaptive-H25-P50-N2048-K8,oa-stratified,0.5,OASQD-D03-tail-min018-K11,unequal-tail,missing,OASQD-D03-tail-min018-K11/missing,0,400,400,0.48860129999229684,400,51200,24576,3072,78848,51200,51200,51200,8192,0,0,59392,3932160,501760.0,0,0,0,12,0,"{""armed"": 0, ""cooldown"": 0, ""global"": 0, ""local"": 400}",11,0,0.0166015625,0,0.01947712378983546,0.17956530182478755,1.0000000000000002,0.1774234375,0.177001953125,100,0,0
oasqd-stop-adaptive-H25-P50-N2048-K8,oa-stratified,0.5,OASQD-D03-tail-min018-K11,unequal-tail,missing,OASQD-D03-tail-min018-K11/missing,1,400,400,0.45400129997869954,400,51200,24576,3072,78848,51200,51200,51200,8192,0,0,59392,3932160,501760.0,0,0,0,12,2,"{""armed"": 25, ""cooldown"": 0, ""global"": 0, ""local"": 375}",11,0,0.0157470703125,0,0.014888673710224065,0.1935047246036057,1.0000000000000002,0.10624531250000004,0.1142578125,100,0,0
oasqd-stop-adaptive-H25-P50-N2048-K8,oa-stratified,0.5,OASQD-D03-tail-min018-K11,unequal-tail,missing,OASQD-D03-tail-min018-K11/missing,2,400,400,0.42769070001668297,400,51200,24576,3072,78848,51200,51200,51200,8192,0,0,59392,3932160,501760.0,0,0,0,12,0,"{""armed"": 0, ""cooldown"": 0, ""global"": 0, ""local"": 400}",11,0,0.016357421875,0,0.012834597090418676,0.18574850062795753,1.0000000000000002,0.15105625,0.1513671875,100,0,0
oasqd-stop-adaptive-iid-H25-P50-N2048-K8,oa-stratified,0.5,OASQD-D03-tail-min018-K11,unequal-tail,missing,OASQD-D03-tail-min018-K11/missing,0,400,400,0.4108541999885347,400,51200,24576,3072,78848,51200,51200,51200,8192,0,0,59392,3932160,501760.0,0,0,0,12,0,"{""armed"": 0, ""cooldown"": 0, ""global"": 0, ""local"": 400}",11,0,0.0166015625,0,0.01947712378983546,0.17956530182478755,1.0000000000000002,0.1774234375,0.177001953125,100,0,0
oasqd-stop-adaptive-iid-H25-P50-N2048-K8,oa-stratified,0.5,OASQD-D03-tail-min018-K11,unequal-tail,missing,OASQD-D03-tail-min018-K11/missing,1,400,400,0.5177731000003405,400,51200,24576,3072,78848,51200,51200,51200,8192,0,0,59392,3932160,501760.0,0,0,0,12,2,"{""armed"": 25, ""cooldown"": 0, ""global"": 0, ""local"": 375}",11,0,0.0157470703125,0,0.014888673710224065,0.1935047246036057,1.0000000000000002,0.10624531250000004,0.1142578125,100,0,0
oasqd-stop-adaptive-iid-H25-P50-N2048-K8,oa-stratified,0.5,OASQD-D03-tail-min018-K11,unequal-tail,missing,OASQD-D03-tail-min018-K11/missing,2,400,400,0.4918976000044495,400,51200,24576,3072,78848,51200,51200,51200,8192,0,0,59392,3932160,501760.0,0,0,0,12,0,"{""armed"": 0, ""cooldown"": 0, ""global"": 0, ""local"": 400}",11,0,0.016357421875,0,0.012834597090418676,0.18574850062795753,1.0000000000000002,0.15105625,0.1513671875,100,0,0
oasqd-stop-systematic-H25-P50-N2048-K8,oa-stratified,0.5,OASQD-D03-tail-min018-K11,unequal-tail,missing,OASQD-D03-tail-min018-K11/missing,0,400,400,0.5497747999907006,400,51200,24576,3072,78848,51200,51200,51200,8192,0,0,59392,3932160,501760.0,0,0,0,12,0,"{""armed"": 0, ""cooldown"": 0, ""global"": 0, ""local"": 400}",11,0,0.0166015625,0,0.01947712378983546,0.17956530182478755,1.0000000000000002,0.1774234375,0.177001953125,100,0,0
oasqd-stop-systematic-H25-P50-N2048-K8,oa-stratified,0.5,OASQD-D03-tail-min018-K11,unequal-tail,missing,OASQD-D03-tail-min018-K11/missing,1,400,400,0.4493259000009857,400,51200,24576,3072,78848,51200,51200,51200,8192,0,0,59392,3932160,501760.0,0,0,0,12,2,"{""armed"": 25, ""cooldown"": 0, ""global"": 0, ""local"": 375}",11,0,0.0157470703125,0,0.014888673710224065,0.1935047246036057,1.0000000000000002,0.10624531250000004,0.1142578125,100,0,0
oasqd-stop-systematic-H25-P50-N2048-K8,oa-stratified,0.5,OASQD-D03-tail-min018-K11,unequal-tail,missing,OASQD-D03-tail-min018-K11/missing,2,400,400,0.43654230001266114,400,51200,24576,3072,78848,51200,51200,51200,8192,0,0,59392,3932160,501760.0,0,0,0,12,0,"{""armed"": 0, ""cooldown"": 0, ""global"": 0, ""local"": 400}",11,0,0.016357421875,0,0.012834597090418676,0.18574850062795753,1.0000000000000002,0.15105625,0.1513671875,100,0,0
paper-0.5,paper,0.5,OASQD-D03-tail-min018-K11,unequal-tail,missing,OASQD-D03-tail-min018-K11/missing,0,400,400,0.7220169999927748,400,51200,0,3072,54272,51200,51200,51200,0,0,0,51200,13107200,0.0,0,0,0,0,0,"{""armed"": 0, ""cooldown"": 0, ""global"": 0, ""local"": 0}",0,0,nan,0,0.028198553453884223,0.19105446976181698,1.0000000000000002,0.0708671875,nan,100,0,0
paper-0.5,paper,0.5,OASQD-D03-tail-min018-K11,unequal-tail,missing,OASQD-D03-tail-min018-K11/missing,1,400,400,0.6162806999927852,400,51200,0,3072,54272,51200,51200,51200,0,0,0,51200,13107200,0.0,0,0,0,0,0,"{""armed"": 0, ""cooldown"": 0, ""global"": 0, ""local"": 0}",0,0,nan,0,0.022580484370883447,0.18508350159904147,1.0000000000000002,0.07843593749999998,nan,100,0,0
paper-0.5,paper,0.5,OASQD-D03-tail-min018-K11,unequal-tail,missing,OASQD-D03-tail-min018-K11/missing,2,400,400,0.5439972000021953,400,51200,0,3072,54272,51200,51200,51200,0,0,0,51200,13107200,0.0,0,0,0,0,0,"{""armed"": 0, ""cooldown"": 0, ""global"": 0, ""local"": 0}",0,0,nan,0,0.01153145120783039,0.185815294160074,1.0000000000000002,0.06596250000000002,nan,100,0,0
qld-v1,qld,0.5,OASQD-D03-tail-min018-K11,unequal-tail,missing,OASQD-D03-tail-min018-K11/missing,0,400,400,0.31023350000032224,400,51200,0,3072,54272,51200,51200,51200,0,0,0,51200,3932160,501760.0,0,0,0,0,0,"{""armed"": 0, ""cooldown"": 0, ""global"": 0, ""local"": 0}",0,0,nan,0,0.01947712378983546,0.17956530182478755,1.0000000000000002,0.1774234375,nan,100,0,0
qld-v1,qld,0.5,OASQD-D03-tail-min018-K11,unequal-tail,missing,OASQD-D03-tail-min018-K11/missing,1,400,400,0.3361389999918174,400,51200,0,3072,54272,51200,51200,51200,0,0,0,51200,3932160,501760.0,0,0,0,0,0,"{""armed"": 0, ""cooldown"": 0, ""global"": 0, ""local"": 0}",0,0,nan,0,0.014888673710224065,0.1935047246036057,1.0000000000000002,0.10624531250000004,nan,100,0,0
qld-v1,qld,0.5,OASQD-D03-tail-min018-K11,unequal-tail,missing,OASQD-D03-tail-min018-K11/missing,2,400,400,0.37071620000642724,400,51200,0,3072,54272,51200,51200,51200,0,0,0,51200,3932160,501760.0,0,0,0,0,0,"{""armed"": 0, ""cooldown"": 0, ""global"": 0, ""local"": 0}",0,0,nan,0,0.012834597090418676,0.18574850062795753,1.0000000000000002,0.15105625,nan,100,0,0
fixed-lbqcd,fixed,0.5,OASQD-D04-tail-min009-K15,unequal-tail,concentrated,OASQD-D04-tail-min009-K15/concentrated,0,400,400,1.2970565999858081,4600,588800,0,4096,592896,302080,302080,302080,0,4096,0,306176,3932160,5734400.0,280,286720,0,0,0,"{""armed"": 0, ""cooldown"": 0, ""global"": 0, ""local"": 0}",0,0,nan,1,0.01970941544349669,0.15230957025016167,0.9909999999999995,0.08807142857142858,nan,150,0,0
fixed-lbqcd,fixed,0.5,OASQD-D04-tail-min009-K15,unequal-tail,concentrated,OASQD-D04-tail-min009-K15/concentrated,1,400,400,1.2721346000034828,4600,588800,0,3072,591872,302080,302080,302080,0,4096,0,306176,3932160,5734400.0,280,286720,0,0,0,"{""armed"": 0, ""cooldown"": 0, ""global"": 0, ""local"": 0}",0,0,nan,1,0.010636324883593673,0.16742098571299552,0.9909999999999995,0.07052343750000004,nan,100,0,0
fixed-lbqcd,fixed,0.5,OASQD-D04-tail-min009-K15,unequal-tail,concentrated,OASQD-D04-tail-min009-K15/concentrated,2,400,400,1.2134401999937836,4600,588800,0,4096,592896,302080,302080,302080,0,4096,0,306176,3932160,5734400.0,280,286720,0,0,0,"{""armed"": 0, ""cooldown"": 0, ""global"": 0, ""local"": 0}",0,0,nan,1,0.018490698587200427,0.23662445332191642,0.9909999999999995,0.08416517857142858,nan,150,0,0
oa-stop-strat-H25-P50-N2048-K8,oa-stratified,0.5,OASQD-D04-tail-min009-K15,unequal-tail,concentrated,OASQD-D04-tail-min009-K15/concentrated,0,400,400,1.215815700008534,2440,312320,24576,3072,339968,279680,51200,279680,8192,0,0,287872,3932160,5267200.0,255,261120,0,12,2,"{""armed"": 25, ""cooldown"": 0, ""global"": 375, ""local"": 0}",15,0,0.009033203125,0,0.019984206057316545,0.15384639153298332,0.9909999999999995,0.08963281249999996,0.110595703125,100,0,0
oa-stop-strat-H25-P50-N2048-K8,oa-stratified,0.5,OASQD-D04-tail-min009-K15,unequal-tail,concentrated,OASQD-D04-tail-min009-K15/concentrated,1,400,400,1.239454399998067,2400,307200,24576,3072,334848,275200,51200,275200,8192,0,0,283392,3932160,5173760.0,250,256000,0,12,3,"{""armed"": 25, ""cooldown"": 125, ""global"": 250, ""local"": 0}",15,0,0.007568359375,0,0.010963044726359783,0.1836246105538934,0.9909999999999995,0.06667745535714295,0.081787109375,100,0,0
oa-stop-strat-H25-P50-N2048-K8,oa-stratified,0.5,OASQD-D04-tail-min009-K15,unequal-tail,concentrated,OASQD-D04-tail-min009-K15/concentrated,2,400,400,1.2159459000104107,2440,312320,24576,3072,339968,279680,51200,279680,8192,0,0,287872,3932160,5267200.0,255,261120,0,12,2,"{""armed"": 25, ""cooldown"": 0, ""global"": 375, ""local"": 0}",15,0,0.0076904296875,0,0.011995930805817068,0.1876118972657273,0.9909999999999995,0.08514174107142858,0.1123046875,100,0,0
oasqd-once-adaptive-H25-P50-N2048-K8,oa-stratified,0.5,OASQD-D04-tail-min009-K15,unequal-tail,concentrated,OASQD-D04-tail-min009-K15/concentrated,0,400,400,0.6996849999995902,1200,153600,6144,4096,163840,147200,51200,44800,8192,0,102400,52992,3932160,2664960.0,50,102400,0,3,3,"{""armed"": 25, ""cooldown"": 326, ""global"": 49, ""local"": 0}",15,0,0.009033203125,0,0.021315060867289848,0.16096528686835665,0.9909999999999995,0.10860937500000004,0.125,150,0,0
oasqd-once-adaptive-H25-P50-N2048-K8,oa-stratified,0.5,OASQD-D04-tail-min009-K15,unequal-tail,concentrated,OASQD-D04-tail-min009-K15/concentrated,1,400,400,0.662059299997054,1200,153600,6144,4096,163840,147200,51200,44800,8192,0,102400,52992,3932160,2664960.0,50,102400,0,3,3,"{""armed"": 25, ""cooldown"": 326, ""global"": 49, ""local"": 0}",15,0,0.007568359375,0,0.0072923282846635296,0.15896452907571682,0.9909999999999995,0.1037566964285715,0.11328125,150,0,0
oasqd-once-adaptive-H25-P50-N2048-K8,oa-stratified,0.5,OASQD-D04-tail-min009-K15,unequal-tail,concentrated,OASQD-D04-tail-min009-K15/concentrated,2,400,400,0.6427787000138778,1200,153600,6144,4096,163840,147200,51200,44800,8192,0,102400,52992,3932160,2664960.0,50,102400,0,3,3,"{""armed"": 25, ""cooldown"": 326, ""global"": 49, ""local"": 0}",15,0,0.0076904296875,0,0.01243118054464798,0.18021445042864084,0.9909999999999995,0.10271986607142858,0.126953125,150,0,0
oasqd-stop-adaptive-H25-P50-N2048-K8,oa-stratified,0.5,OASQD-D04-tail-min009-K15,unequal-tail,concentrated,OASQD-D04-tail-min009-K15/concentrated,0,400,400,1.5852828999923076,4480,573440,24576,3072,601088,540800,51200,18560,8192,0,522240,26752,3932160,11534080.0,255,522240,0,12,2,"{""armed"": 25, ""cooldown"": 0, ""global"": 375, ""local"": 0}",15,0,0.009033203125,0,0.02413440224049479,0.1762711367049959,0.9909999999999995,0.08770982142857142,0.1044921875,100,0,0
oasqd-stop-adaptive-H25-P50-N2048-K8,oa-stratified,0.5,OASQD-D04-tail-min009-K15,unequal-tail,concentrated,OASQD-D04-tail-min009-K15/concentrated,1,400,400,1.294608900003368,4480,573440,24576,3072,601088,540800,51200,18560,8192,0,522240,26752,3932160,11534080.0,255,522240,0,12,2,"{""armed"": 25, ""cooldown"": 0, ""global"": 375, ""local"": 0}",15,0,0.007568359375,0,0.012784110656841374,0.20934408250708011,0.9909999999999995,0.13790625000000004,0.151611328125,100,0,0
oasqd-stop-adaptive-H25-P50-N2048-K8,oa-stratified,0.5,OASQD-D04-tail-min009-K15,unequal-tail,concentrated,OASQD-D04-tail-min009-K15/concentrated,2,400,400,1.3854015000106301,4480,573440,24576,3072,601088,540800,51200,18560,8192,0,522240,26752,3932160,11534080.0,255,522240,0,12,2,"{""armed"": 25, ""cooldown"": 0, ""global"": 375, ""local"": 0}",15,0,0.0076904296875,0,0.012513968822760457,0.19078903923723226,0.9909999999999995,0.06078794642857149,0.087646484375,100,0,0
oasqd-stop-adaptive-iid-H25-P50-N2048-K8,oa-stratified,0.5,OASQD-D04-tail-min009-K15,unequal-tail,concentrated,OASQD-D04-tail-min009-K15/concentrated,0,400,400,1.554032999993069,4480,573440,24576,3072,601088,540800,51200,540800,8192,0,0,548992,3932160,11534080.0,255,522240,0,12,2,"{""armed"": 25, ""cooldown"": 0, ""global"": 375, ""local"": 0}",15,0,0.009033203125,0,0.021419632462680305,0.16178667468051874,0.9909999999999995,0.1057098214285715,0.119384765625,100,0,0
oasqd-stop-adaptive-iid-H25-P50-N2048-K8,oa-stratified,0.5,OASQD-D04-tail-min009-K15,unequal-tail,concentrated,OASQD-D04-tail-min009-K15/concentrated,1,400,400,1.472081000014441,4400,563200,24576,3072,590848,531200,51200,531200,8192,0,0,539392,3932160,11317760.0,250,512000,0,12,3,"{""armed"": 25, ""cooldown"": 125, ""global"": 250, ""local"": 0}",15,0,0.007568359375,0,0.007418574043289272,0.1509587408696663,0.9909999999999995,0.07693749999999996,0.094970703125,100,0,0
oasqd-stop-adaptive-iid-H25-P50-N2048-K8,oa-stratified,0.5,OASQD-D04-tail-min009-K15,unequal-tail,concentrated,OASQD-D04-tail-min009-K15/concentrated,2,400,400,1.532768400007626,4480,573440,24576,3072,601088,540800,51200,540800,8192,0,0,548992,3932160,11534080.0,255,522240,0,12,2,"{""armed"": 25, ""cooldown"": 0, ""global"": 375, ""local"": 0}",15,0,0.0076904296875,0,0.012095339436118291,0.20311329590560795,0.9909999999999995,0.0891082589285715,0.11328125,100,0,0
oasqd-stop-systematic-H25-P50-N2048-K8,oa-stratified,0.5,OASQD-D04-tail-min009-K15,unequal-tail,concentrated,OASQD-D04-tail-min009-K15/concentrated,0,400,400,1.1321146999835037,2440,312320,24576,4096,340992,279680,51200,18560,8192,0,261120,26752,3932160,5267200.0,255,261120,0,12,2,"{""armed"": 25, ""cooldown"": 0, ""global"": 375, ""local"": 0}",15,0,0.009033203125,0,0.024809053855486596,0.17103434823064761,0.9909999999999995,0.0759308035714285,0.08984375,150,0,0
oasqd-stop-systematic-H25-P50-N2048-K8,oa-stratified,0.5,OASQD-D04-tail-min009-K15,unequal-tail,concentrated,OASQD-D04-tail-min009-K15/concentrated,1,400,400,1.229099199990742,2440,312320,24576,3072,339968,279680,51200,18560,8192,0,261120,26752,3932160,5267200.0,255,261120,0,12,2,"{""armed"": 25, ""cooldown"": 0, ""global"": 375, ""local"": 0}",15,0,0.007568359375,0,0.011667492641576072,0.1950573380927686,0.9909999999999995,0.09396093750000004,0.109375,100,0,0
oasqd-stop-systematic-H25-P50-N2048-K8,oa-stratified,0.5,OASQD-D04-tail-min009-K15,unequal-tail,concentrated,OASQD-D04-tail-min009-K15/concentrated,2,400,400,1.0335180000110995,2440,312320,24576,3072,339968,279680,51200,18560,8192,0,261120,26752,3932160,5267200.0,255,261120,0,12,2,"{""armed"": 25, ""cooldown"": 0, ""global"": 375, ""local"": 0}",15,0,0.0076904296875,0,0.013749854206720702,0.19459170607962994,0.9909999999999995,0.0686004464285715,0.092529296875,100,0,0
paper-0.5,paper,0.5,OASQD-D04-tail-min009-K15,unequal-tail,concentrated,OASQD-D04-tail-min009-K15/concentrated,0,400,400,0.5475337999814656,400,51200,0,3072,54272,51200,51200,51200,0,0,0,51200,13107200,0.0,0,0,0,0,0,"{""armed"": 0, ""cooldown"": 0, ""global"": 0, ""local"": 0}",0,0,nan,0,0.010240097801666792,0.1646531236654538,0.9909999999999995,0.0998504464285715,nan,100,0,0
paper-0.5,paper,0.5,OASQD-D04-tail-min009-K15,unequal-tail,concentrated,OASQD-D04-tail-min009-K15/concentrated,1,400,400,0.9076709999935701,400,51200,0,3072,54272,51200,51200,51200,0,0,0,51200,13107200,0.0,0,0,0,0,0,"{""armed"": 0, ""cooldown"": 0, ""global"": 0, ""local"": 0}",0,0,nan,0,0.009098083074079,0.14785076875939446,0.9909999999999995,0.03979799107142851,nan,100,0,0
paper-0.5,paper,0.5,OASQD-D04-tail-min009-K15,unequal-tail,concentrated,OASQD-D04-tail-min009-K15/concentrated,2,400,400,0.6911397999792825,400,51200,0,3072,54272,51200,51200,51200,0,0,0,51200,13107200,0.0,0,0,0,0,0,"{""armed"": 0, ""cooldown"": 0, ""global"": 0, ""local"": 0}",0,0,nan,0,0.03148466212783596,0.271562118766546,0.9999999999999996,0.1306183035714285,nan,100,0,0
qld-v1,qld,0.5,OASQD-D04-tail-min009-K15,unequal-tail,concentrated,OASQD-D04-tail-min009-K15/concentrated,0,400,400,0.3278725999989547,400,51200,0,4096,55296,51200,51200,51200,0,0,0,51200,3932160,501760.0,0,0,0,0,0,"{""armed"": 0, ""cooldown"": 0, ""global"": 0, ""local"": 0}",0,0,nan,0,0.017957084522552513,0.1500227731995837,0.9909999999999995,0.1193816964285715,nan,150,0,0
qld-v1,qld,0.5,OASQD-D04-tail-min009-K15,unequal-tail,concentrated,OASQD-D04-tail-min009-K15/concentrated,1,400,400,0.34744470001896843,400,51200,0,3072,54272,51200,51200,51200,0,0,0,51200,3932160,501760.0,0,0,0,0,0,"{""armed"": 0, ""cooldown"": 0, ""global"": 0, ""local"": 0}",0,0,nan,0,0.012242621765769623,0.2044138627709719,0.9909999999999995,0.0832488839285715,nan,100,0,0
qld-v1,qld,0.5,OASQD-D04-tail-min009-K15,unequal-tail,concentrated,OASQD-D04-tail-min009-K15/concentrated,2,400,400,0.3300556000031065,400,51200,0,4096,55296,51200,51200,51200,0,0,0,51200,3932160,501760.0,0,0,0,0,0,"{""armed"": 0, ""cooldown"": 0, ""global"": 0, ""local"": 0}",0,0,nan,0,0.012942169410342874,0.18406860410808928,0.9909999999999995,0.09982031250000004,nan,150,0,0
fixed-lbqcd,fixed,0.5,OASQD-D04-tail-min009-K15,unequal-tail,missing,OASQD-D04-tail-min009-K15/missing,0,400,400,1.2398713000002317,4600,588800,0,4096,592896,302080,302080,302080,0,4096,0,306176,3932160,5734400.0,280,286720,0,0,0,"{""armed"": 0, ""cooldown"": 0, ""global"": 0, ""local"": 0}",0,0,nan,1,0.011019917374465837,0.16737983327504546,0.9909999999999995,0.10662611607142858,nan,150,0,0
fixed-lbqcd,fixed,0.5,OASQD-D04-tail-min009-K15,unequal-tail,missing,OASQD-D04-tail-min009-K15/missing,1,400,400,0.43531289999373257,400,51200,0,5120,56320,51200,51200,51200,0,4096,0,55296,3932160,501760.0,0,0,0,0,0,"{""armed"": 0, ""cooldown"": 0, ""global"": 0, ""local"": 0}",0,0,nan,0,0.013199333168989913,0.17647048449401226,0.9909999999999995,0.12319754464285712,nan,200,0,0
fixed-lbqcd,fixed,0.5,OASQD-D04-tail-min009-K15,unequal-tail,missing,OASQD-D04-tail-min009-K15/missing,2,400,400,1.3242989999998827,4600,588800,0,4096,592896,302080,302080,302080,0,4096,0,306176,3932160,5734400.0,280,286720,0,0,0,"{""armed"": 0, ""cooldown"": 0, ""global"": 0, ""local"": 0}",0,0,nan,1,0.011440606780714013,0.14776630501407384,0.9909999999999995,0.08230245535714295,nan,150,0,0
oa-stop-strat-H25-P50-N2048-K8,oa-stratified,0.5,OASQD-D04-tail-min009-K15,unequal-tail,missing,OASQD-D04-tail-min009-K15/missing,0,400,400,1.2524932000087574,2440,312320,24576,4096,340992,279680,51200,279680,8192,0,0,287872,3932160,5267200.0,255,261120,0,12,2,"{""armed"": 25, ""cooldown"": 0, ""global"": 375, ""local"": 0}",15,0,0.0103759765625,0,0.01248629055884276,0.17677113778652884,0.9909999999999995,0.0861785714285715,0.09423828125,150,0,0
oa-stop-strat-H25-P50-N2048-K8,oa-stratified,0.5,OASQD-D04-tail-min009-K15,unequal-tail,missing,OASQD-D04-tail-min009-K15/missing,1,400,400,1.270943699986674,2440,312320,24576,5120,342016,279680,51200,279680,8192,0,0,287872,3932160,5267200.0,255,261120,0,12,2,"{""armed"": 25, ""cooldown"": 0, ""global"": 375, ""local"": 0}",15,0,0.0103759765625,0,0.014166030284239461,0.18717695739090026,0.9909999999999995,0.14767187500000004,0.157470703125,200,0,0
oa-stop-strat-H25-P50-N2048-K8,oa-stratified,0.5,OASQD-D04-tail-min009-K15,unequal-tail,missing,OASQD-D04-tail-min009-K15/missing,2,400,400,1.2548274000000674,2440,312320,24576,4096,340992,279680,51200,279680,8192,0,0,287872,3932160,5267200.0,255,261120,0,12,2,"{""armed"": 25, ""cooldown"": 0, ""global"": 375, ""local"": 0}",15,0,0.009521484375,0,0.009071675106795407,0.16117237011375263,0.9909999999999995,0.08419531250000004,0.081298828125,150,0,0
oasqd-once-adaptive-H25-P50-N2048-K8,oa-stratified,0.5,OASQD-D04-tail-min009-K15,unequal-tail,missing,OASQD-D04-tail-min009-K15/missing,0,400,400,0.5430790999962483,800,102400,6144,5120,113664,96000,51200,44800,8192,0,51200,52992,3932160,1436160.0,50,51200,0,3,3,"{""armed"": 25, ""cooldown"": 326, ""global"": 49, ""local"": 0}",15,0,0.0103759765625,0,0.01662858812932333,0.1926586745858194,0.9909999999999995,0.0812957589285715,0.08056640625,200,0,0
oasqd-once-adaptive-H25-P50-N2048-K8,oa-stratified,0.5,OASQD-D04-tail-min009-K15,unequal-tail,missing,OASQD-D04-tail-min009-K15/missing,1,400,400,0.5120355999970343,800,102400,6144,5120,113664,96000,51200,44800,8192,0,51200,52992,3932160,1436160.0,50,51200,0,3,3,"{""armed"": 25, ""cooldown"": 326, ""global"": 49, ""local"": 0}",15,0,0.0103759765625,0,0.013673905937138908,0.17983838234721738,0.9909999999999995,0.11932142857142858,0.1279296875,200,0,0
oasqd-once-adaptive-H25-P50-N2048-K8,oa-stratified,0.5,OASQD-D04-tail-min009-K15,unequal-tail,missing,OASQD-D04-tail-min009-K15/missing,2,400,400,0.6009516999765765,1200,153600,6144,4096,163840,147200,51200,44800,8192,0,102400,52992,3932160,2664960.0,50,102400,0,3,3,"{""armed"": 25, ""cooldown"": 326, ""global"": 49, ""local"": 0}",15,0,0.009521484375,0,0.015753591508695042,0.15864281331347443,0.9909999999999995,0.07159040178571441,0.07470703125,150,0,0
oasqd-stop-adaptive-H25-P50-N2048-K8,oa-stratified,0.5,OASQD-D04-tail-min009-K15,unequal-tail,missing,OASQD-D04-tail-min009-K15/missing,0,400,400,1.0364050999924075,2440,312320,24576,4096,340992,279680,51200,18560,8192,0,261120,26752,3932160,5267200.0,255,261120,0,12,2,"{""armed"": 25, ""cooldown"": 0, ""global"": 375, ""local"": 0}",15,0,0.0103759765625,0,0.014457930668698715,0.18983937850973215,0.9909999999999995,0.08126562500000004,0.09033203125,150,0,0
oasqd-stop-adaptive-H25-P50-N2048-K8,oa-stratified,0.5,OASQD-D04-tail-min009-K15,unequal-tail,missing,OASQD-D04-tail-min009-K15/missing,1,400,400,1.1168582000245806,2440,312320,24576,5120,342016,279680,51200,18560,8192,0,261120,26752,3932160,5267200.0,255,261120,0,12,2,"{""armed"": 25, ""cooldown"": 0, ""global"": 375, ""local"": 0}",15,0,0.0103759765625,0,0.013061156281601427,0.1657905873680449,0.9909999999999995,0.10372656250000004,0.10693359375,200,0,0
oasqd-stop-adaptive-H25-P50-N2048-K8,oa-stratified,0.5,OASQD-D04-tail-min009-K15,unequal-tail,missing,OASQD-D04-tail-min009-K15/missing,2,400,400,1.4261184000060894,4480,573440,24576,4096,602112,540800,51200,18560,8192,0,522240,26752,3932160,11534080.0,255,522240,0,12,2,"{""armed"": 25, ""cooldown"": 0, ""global"": 375, ""local"": 0}",15,0,0.009521484375,0,0.00992107233445827,0.15160213378269785,0.9909999999999995,0.05581473214285712,0.063232421875,150,0,0
oasqd-stop-adaptive-iid-H25-P50-N2048-K8,oa-stratified,0.5,OASQD-D04-tail-min009-K15,unequal-tail,missing,OASQD-D04-tail-min009-K15/missing,0,400,400,1.2557253999984823,2440,312320,24576,4096,340992,279680,51200,279680,8192,0,0,287872,3932160,5267200.0,255,261120,0,12,2,"{""armed"": 25, ""cooldown"": 0, ""global"": 375, ""local"": 0}",15,0,0.0103759765625,0,0.01248629055884276,0.17677113778652884,0.9909999999999995,0.0861785714285715,0.09423828125,150,0,0
oasqd-stop-adaptive-iid-H25-P50-N2048-K8,oa-stratified,0.5,OASQD-D04-tail-min009-K15,unequal-tail,missing,OASQD-D04-tail-min009-K15/missing,1,400,400,1.1369531999807805,2440,312320,24576,5120,342016,279680,51200,279680,8192,0,0,287872,3932160,5267200.0,255,261120,0,12,2,"{""armed"": 25, ""cooldown"": 0, ""global"": 375, ""local"": 0}",15,0,0.0103759765625,0,0.014166030284239461,0.18717695739090026,0.9909999999999995,0.14767187500000004,0.157470703125,200,0,0
oasqd-stop-adaptive-iid-H25-P50-N2048-K8,oa-stratified,0.5,OASQD-D04-tail-min009-K15,unequal-tail,missing,OASQD-D04-tail-min009-K15/missing,2,400,400,1.5597795999783557,4480,573440,24576,4096,602112,540800,51200,540800,8192,0,0,548992,3932160,11534080.0,255,522240,0,12,2,"{""armed"": 25, ""cooldown"": 0, ""global"": 375, ""local"": 0}",15,0,0.009521484375,0,0.008488919865258904,0.15686003950215893,0.9909999999999995,0.08913839285714295,0.0908203125,150,0,0
oasqd-stop-systematic-H25-P50-N2048-K8,oa-stratified,0.5,OASQD-D04-tail-min009-K15,unequal-tail,missing,OASQD-D04-tail-min009-K15/missing,0,400,400,1.2168835999909788,2440,312320,24576,4096,340992,279680,51200,18560,8192,0,261120,26752,3932160,5267200.0,255,261120,0,12,2,"{""armed"": 25, ""cooldown"": 0, ""global"": 375, ""local"": 0}",15,0,0.0103759765625,0,0.014457930668698715,0.18983937850973215,0.9909999999999995,0.08126562500000004,0.09033203125,150,0,0
oasqd-stop-systematic-H25-P50-N2048-K8,oa-stratified,0.5,OASQD-D04-tail-min009-K15,unequal-tail,missing,OASQD-D04-tail-min009-K15/missing,1,400,400,1.2479760999849532,2440,312320,24576,5120,342016,279680,51200,18560,8192,0,261120,26752,3932160,5267200.0,255,261120,0,12,2,"{""armed"": 25, ""cooldown"": 0, ""global"": 375, ""local"": 0}",15,0,0.0103759765625,0,0.013061156281601427,0.1657905873680449,0.9909999999999995,0.10372656250000004,0.10693359375,200,0,0
oasqd-stop-systematic-H25-P50-N2048-K8,oa-stratified,0.5,OASQD-D04-tail-min009-K15,unequal-tail,missing,OASQD-D04-tail-min009-K15/missing,2,400,400,1.150930400006473,2440,312320,24576,4096,340992,279680,51200,18560,8192,0,261120,26752,3932160,5267200.0,255,261120,0,12,2,"{""armed"": 25, ""cooldown"": 0, ""global"": 375, ""local"": 0}",15,0,0.009521484375,0,0.009331880578645535,0.14324672300123564,0.9909999999999995,0.07253683035714295,0.082275390625,150,0,0
paper-0.5,paper,0.5,OASQD-D04-tail-min009-K15,unequal-tail,missing,OASQD-D04-tail-min009-K15/missing,0,400,400,0.5708991999854334,400,51200,0,3072,54272,51200,51200,51200,0,0,0,51200,13107200,0.0,0,0,0,0,0,"{""armed"": 0, ""cooldown"": 0, ""global"": 0, ""local"": 0}",0,0,nan,0,0.013598819532123496,0.18507598863919128,0.9999999999999996,0.09445535714285705,nan,100,0,0
paper-0.5,paper,0.5,OASQD-D04-tail-min009-K15,unequal-tail,missing,OASQD-D04-tail-min009-K15/missing,1,400,400,0.6900276999804191,400,51200,0,3072,54272,51200,51200,51200,0,0,0,51200,13107200,0.0,0,0,0,0,0,"{""armed"": 0, ""cooldown"": 0, ""global"": 0, ""local"": 0}",0,0,nan,0,0.012075769280395221,0.1556318794328432,0.9909999999999995,0.0998504464285715,nan,100,0,0
paper-0.5,paper,0.5,OASQD-D04-tail-min009-K15,unequal-tail,missing,OASQD-D04-tail-min009-K15/missing,2,400,400,0.6399076999805402,400,51200,0,3072,54272,51200,51200,51200,0,0,0,51200,13107200,0.0,0,0,0,0,0,"{""armed"": 0, ""cooldown"": 0, ""global"": 0, ""local"": 0}",0,0,nan,0,0.015455461076604227,0.1469890531684373,0.9909999999999995,0.08419531250000004,nan,100,0,0
qld-v1,qld,0.5,OASQD-D04-tail-min009-K15,unequal-tail,missing,OASQD-D04-tail-min009-K15/missing,0,400,400,0.36692369999946095,400,51200,0,5120,56320,51200,51200,51200,0,0,0,51200,3932160,501760.0,0,0,0,0,0,"{""armed"": 0, ""cooldown"": 0, ""global"": 0, ""local"": 0}",0,0,nan,0,0.013427077835574064,0.17389732693986365,0.9909999999999995,0.12518080357142858,nan,200,0,0
qld-v1,qld,0.5,OASQD-D04-tail-min009-K15,unequal-tail,missing,OASQD-D04-tail-min009-K15/missing,1,400,400,0.4250045999942813,400,51200,0,5120,56320,51200,51200,51200,0,0,0,51200,3932160,501760.0,0,0,0,0,0,"{""armed"": 0, ""cooldown"": 0, ""global"": 0, ""local"": 0}",0,0,nan,0,0.013199333168989913,0.17647048449401226,0.9909999999999995,0.12319754464285712,nan,200,0,0
qld-v1,qld,0.5,OASQD-D04-tail-min009-K15,unequal-tail,missing,OASQD-D04-tail-min009-K15/missing,2,400,400,0.3388416000234429,400,51200,0,3072,54272,51200,51200,51200,0,0,0,51200,3932160,501760.0,0,0,0,0,0,"{""armed"": 0, ""cooldown"": 0, ""global"": 0, ""local"": 0}",0,0,nan,0,0.017935556141948528,0.17907226462036324,0.9909999999999995,0.12136495535714295,nan,100,0,0
fixed-lbqcd,fixed,0.5,OASQD-D05-tail-min0045-K19,unequal-tail,concentrated,OASQD-D05-tail-min0045-K19/concentrated,0,400,400,1.128476000012597,4600,588800,0,4096,592896,302080,302080,302080,0,4096,0,306176,3932160,5734400.0,280,286720,0,0,0,"{""armed"": 0, ""cooldown"": 0, ""global"": 0, ""local"": 0}",0,0,nan,1,0.021439737329753683,0.15127638064900853,0.9955000000000002,0.10534548611111108,nan,150,0,0
fixed-lbqcd,fixed,0.5,OASQD-D05-tail-min0045-K19,unequal-tail,concentrated,OASQD-D05-tail-min0045-K19/concentrated,1,400,400,1.2534409000072628,4600,588800,0,4096,592896,302080,302080,302080,0,4096,0,306176,3932160,5734400.0,280,286720,0,0,0,"{""armed"": 0, ""cooldown"": 0, ""global"": 0, ""local"": 0}",0,0,nan,1,0.015258488865309339,0.22375323030413072,0.9955000000000002,0.07917621527777773,nan,150,0,0
fixed-lbqcd,fixed,0.5,OASQD-D05-tail-min0045-K19,unequal-tail,concentrated,OASQD-D05-tail-min0045-K19/concentrated,2,400,400,1.2201575000071898,4600,588800,0,4096,592896,302080,302080,302080,0,4096,0,306176,3932160,5734400.0,280,286720,0,0,0,"{""armed"": 0, ""cooldown"": 0, ""global"": 0, ""local"": 0}",0,0,nan,1,0.0213650271072936,0.14362846855493208,0.9955000000000002,0.11315798611111108,nan,150,0,0
oa-stop-strat-H25-P50-N2048-K8,oa-stratified,0.5,OASQD-D05-tail-min0045-K19,unequal-tail,concentrated,OASQD-D05-tail-min0045-K19/concentrated,0,400,400,1.279013199993642,2440,312320,24576,4096,340992,279680,51200,279680,8192,0,0,287872,3932160,5267200.0,255,261120,0,12,2,"{""armed"": 25, ""cooldown"": 0, ""global"": 375, ""local"": 0}",19,0,0.0047607421875,0,0.014892589286422453,0.14979704571916322,0.9955000000000002,0.10606249999999998,0.12841796875,150,0,0
oa-stop-strat-H25-P50-N2048-K8,oa-stratified,0.5,OASQD-D05-tail-min0045-K19,unequal-tail,concentrated,OASQD-D05-tail-min0045-K19/concentrated,1,400,400,1.2312953999789897,2440,312320,24576,4096,340992,279680,51200,279680,8192,0,0,287872,3932160,5267200.0,255,261120,0,12,2,"{""armed"": 25, ""cooldown"": 0, ""global"": 375, ""local"": 0}",19,0,0.00390625,0,0.013757249073209632,0.20029793223217607,0.9955000000000002,0.08581423611111108,0.10986328125,150,0,0
oa-stop-strat-H25-P50-N2048-K8,oa-stratified,0.5,OASQD-D05-tail-min0045-K19,unequal-tail,concentrated,OASQD-D05-tail-min0045-K19/concentrated,2,400,400,1.3149796999932732,2440,312320,24576,4096,340992,279680,51200,279680,8192,0,0,287872,3932160,5267200.0,255,261120,0,12,2,"{""armed"": 25, ""cooldown"": 0, ""global"": 375, ""local"": 0}",19,0,0.0048828125,0,0.02447748029700403,0.15918901657913842,0.9955000000000002,0.08581423611111108,0.0869140625,150,0,0
oasqd-once-adaptive-H25-P50-N2048-K8,oa-stratified,0.5,OASQD-D05-tail-min0045-K19,unequal-tail,concentrated,OASQD-D05-tail-min0045-K19/concentrated,0,400,400,0.6224145999876782,1200,153600,6144,5120,164864,147200,51200,44800,8192,0,102400,52992,3932160,2664960.0,50,102400,50,3,3,"{""armed"": 25, ""cooldown"": 326, ""global"": 49, ""local"": 0}",19,0,0.0047607421875,0,0.016366626838219656,0.16133388464430096,0.9955000000000002,0.13047656249999998,0.14013671875,200,0,0
oasqd-once-adaptive-H25-P50-N2048-K8,oa-stratified,0.5,OASQD-D05-tail-min0045-K19,unequal-tail,concentrated,OASQD-D05-tail-min0045-K19/concentrated,1,400,400,0.6931401999900118,1200,153600,6144,5120,164864,147200,51200,44800,8192,0,102400,52992,3932160,2664960.0,50,102400,50,3,3,"{""armed"": 25, ""cooldown"": 326, ""global"": 49, ""local"": 0}",19,0,0.00390625,0,0.011537480972607206,0.13781852598494335,0.9955000000000002,0.10488802083333332,0.111572265625,200,0,0
oasqd-once-adaptive-H25-P50-N2048-K8,oa-stratified,0.5,OASQD-D05-tail-min0045-K19,unequal-tail,concentrated,OASQD-D05-tail-min0045-K19/concentrated,2,400,400,0.6578172000008635,1200,153600,6144,4096,163840,147200,51200,44800,8192,0,102400,52992,3932160,2664960.0,50,102400,50,3,3,"{""armed"": 25, ""cooldown"": 326, ""global"": 49, ""local"": 0}",19,0,0.0048828125,0,0.014442640732902134,0.13814255205633622,0.9955000000000002,0.11973437499999998,0.124267578125,150,0,0
oasqd-stop-adaptive-H25-P50-N2048-K8,oa-stratified,0.5,OASQD-D05-tail-min0045-K19,unequal-tail,concentrated,OASQD-D05-tail-min0045-K19/concentrated,0,400,400,1.4372736000223085,4480,573440,24576,4096,602112,540800,51200,18560,8192,0,522240,26752,3932160,11534080.0,255,522240,255,12,2,"{""armed"": 25, ""cooldown"": 0, ""global"": 375, ""local"": 0}",19,0,0.0047607421875,0,0.014633951086784336,0.15438347209292858,0.9955000000000002,0.11218142361111108,0.12841796875,150,0,0
oasqd-stop-adaptive-H25-P50-N2048-K8,oa-stratified,0.5,OASQD-D05-tail-min0045-K19,unequal-tail,concentrated,OASQD-D05-tail-min0045-K19/concentrated,1,400,400,1.444492899987381,4480,573440,24576,4096,602112,540800,51200,18560,8192,0,522240,26752,3932160,11534080.0,255,522240,255,12,2,"{""armed"": 25, ""cooldown"": 0, ""global"": 375, ""local"": 0}",19,0,0.00390625,0,0.008361902756611528,0.16135500583081203,0.9955000000000002,0.08581423611111108,0.077880859375,150,0,0
oasqd-stop-adaptive-H25-P50-N2048-K8,oa-stratified,0.5,OASQD-D05-tail-min0045-K19,unequal-tail,concentrated,OASQD-D05-tail-min0045-K19/concentrated,2,400,400,1.5042531999934,4480,573440,24576,4096,602112,540800,51200,18560,8192,0,522240,26752,3932160,11534080.0,255,522240,255,12,2,"{""armed"": 25, ""cooldown"": 0, ""global"": 375, ""local"": 0}",19,0,0.0048828125,0,0.031887198806201944,0.18547241105380297,0.9955000000000002,0.10339236111111108,0.117431640625,150,0,0
oasqd-stop-adaptive-iid-H25-P50-N2048-K8,oa-stratified,0.5,OASQD-D05-tail-min0045-K19,unequal-tail,concentrated,OASQD-D05-tail-min0045-K19/concentrated,0,400,400,1.5354436000052374,4480,573440,24576,4096,602112,540800,51200,540800,8192,0,0,548992,3932160,11534080.0,255,522240,255,12,2,"{""armed"": 25, ""cooldown"": 0, ""global"": 375, ""local"": 0}",19,0,0.0047607421875,0,0.015056433655939117,0.16224444676396008,0.9955000000000002,0.11289843749999998,0.12353515625,150,0,0
oasqd-stop-adaptive-iid-H25-P50-N2048-K8,oa-stratified,0.5,OASQD-D05-tail-min0045-K19,unequal-tail,concentrated,OASQD-D05-tail-min0045-K19/concentrated,1,400,400,1.631519099988509,4480,573440,24576,4096,602112,540800,51200,540800,8192,0,0,548992,3932160,11534080.0,255,522240,255,12,2,"{""armed"": 25, ""cooldown"": 0, ""global"": 375, ""local"": 0}",19,0,0.00390625,0,0.012841718409365654,0.18455190204247662,0.9955000000000002,0.09655642361111108,0.125732421875,150,0,0
oasqd-stop-adaptive-iid-H25-P50-N2048-K8,oa-stratified,0.5,OASQD-D05-tail-min0045-K19,unequal-tail,concentrated,OASQD-D05-tail-min0045-K19/concentrated,2,400,400,1.7324464000121225,4480,573440,24576,4096,602112,540800,51200,540800,8192,0,0,548992,3932160,11534080.0,255,522240,255,12,2,"{""armed"": 25, ""cooldown"": 0, ""global"": 375, ""local"": 0}",19,0,0.0048828125,0,0.0280414137184537,0.16706789250788828,0.9955000000000002,0.09655642361111108,0.114501953125,150,0,0
oasqd-stop-systematic-H25-P50-N2048-K8,oa-stratified,0.5,OASQD-D05-tail-min0045-K19,unequal-tail,concentrated,OASQD-D05-tail-min0045-K19/concentrated,0,400,400,1.1604376999894157,2440,312320,24576,4096,340992,279680,51200,18560,8192,0,261120,26752,3932160,5267200.0,255,261120,0,12,2,"{""armed"": 25, ""cooldown"": 0, ""global"": 375, ""local"": 0}",19,0,0.0047607421875,0,0.010653868945894818,0.16075801753836466,0.9955000000000002,0.09557986111111108,0.114501953125,150,0,0
oasqd-stop-systematic-H25-P50-N2048-K8,oa-stratified,0.5,OASQD-D05-tail-min0045-K19,unequal-tail,concentrated,OASQD-D05-tail-min0045-K19/concentrated,1,400,400,1.1917530000209808,2440,312320,24576,4096,340992,279680,51200,18560,8192,0,261120,26752,3932160,5267200.0,255,261120,0,12,2,"{""armed"": 25, ""cooldown"": 0, ""global"": 375, ""local"": 0}",19,0,0.00390625,0,0.011088179964791944,0.1987174455736763,0.9955000000000002,0.09095659722222219,0.093505859375,150,0,0
oasqd-stop-systematic-H25-P50-N2048-K8,oa-stratified,0.5,OASQD-D05-tail-min0045-K19,unequal-tail,concentrated,OASQD-D05-tail-min0045-K19/concentrated,2,400,400,1.1518246000050567,2440,312320,24576,4096,340992,279680,51200,18560,8192,0,261120,26752,3932160,5267200.0,255,261120,0,12,2,"{""armed"": 25, ""cooldown"": 0, ""global"": 375, ""local"": 0}",19,0,0.0048828125,0,0.03498714060973018,0.19867100206062427,0.9955000000000002,0.10632204861111108,0.13037109375,150,0,0
paper-0.5,paper,0.5,OASQD-D05-tail-min0045-K19,unequal-tail,concentrated,OASQD-D05-tail-min0045-K19/concentrated,0,400,400,0.6957733999879565,400,51200,0,3072,54272,51200,51200,51200,0,0,0,51200,13107200,0.0,0,0,0,0,0,"{""armed"": 0, ""cooldown"": 0, ""global"": 0, ""local"": 0}",0,0,nan,0,0.018212431306080745,0.15078021467906788,0.9955000000000002,0.09773090277777774,nan,100,0,0
paper-0.5,paper,0.5,OASQD-D05-tail-min0045-K19,unequal-tail,concentrated,OASQD-D05-tail-min0045-K19/concentrated,1,400,400,0.5791048000101,400,51200,0,3072,54272,51200,51200,51200,0,0,0,51200,13107200,0.0,0,0,0,0,0,"{""armed"": 0, ""cooldown"": 0, ""global"": 0, ""local"": 0}",0,0,nan,0,0.008588488880596046,0.18563959792153195,0.9955000000000002,0.07948437500000002,nan,100,0,0
paper-0.5,paper,0.5,OASQD-D05-tail-min0045-K19,unequal-tail,concentrated,OASQD-D05-tail-min0045-K19/concentrated,2,400,400,0.8363125999749172,400,51200,0,3072,54272,51200,51200,51200,0,0,0,51200,13107200,0.0,0,0,0,0,0,"{""armed"": 0, ""cooldown"": 0, ""global"": 0, ""local"": 0}",0,0,nan,0,0.020546849811940326,0.13801138622172326,0.9955000000000002,0.07434201388888892,nan,100,0,0
qld-v1,qld,0.5,OASQD-D05-tail-min0045-K19,unequal-tail,concentrated,OASQD-D05-tail-min0045-K19/concentrated,0,400,400,0.4106964000093285,400,51200,0,4096,55296,51200,51200,51200,0,0,0,51200,3932160,501760.0,0,0,0,0,0,"{""armed"": 0, ""cooldown"": 0, ""global"": 0, ""local"": 0}",0,0,nan,0,0.01079654091129889,0.23539301303481228,0.9955000000000002,0.13047656249999998,nan,150,0,0
qld-v1,qld,0.5,OASQD-D05-tail-min0045-K19,unequal-tail,concentrated,OASQD-D05-tail-min0045-K19/concentrated,1,400,400,0.38578189999680035,400,51200,0,4096,55296,51200,51200,51200,0,0,0,51200,3932160,501760.0,0,0,0,0,0,"{""armed"": 0, ""cooldown"": 0, ""global"": 0, ""local"": 0}",0,0,nan,0,0.010549085054349927,0.22666034241489685,0.9955000000000002,0.10703906249999995,nan,150,0,0
qld-v1,qld,0.5,OASQD-D05-tail-min0045-K19,unequal-tail,concentrated,OASQD-D05-tail-min0045-K19/concentrated,2,400,400,0.32240609999280423,400,51200,0,4096,55296,51200,51200,51200,0,0,0,51200,3932160,501760.0,0,0,0,0,0,"{""armed"": 0, ""cooldown"": 0, ""global"": 0, ""local"": 0}",0,0,nan,0,0.032831981617865935,0.1922930139610793,0.9955000000000002,0.13171267361111108,nan,150,0,0
fixed-lbqcd,fixed,0.5,OASQD-D05-tail-min0045-K19,unequal-tail,missing,OASQD-D05-tail-min0045-K19/missing,0,400,400,1.1609866000071634,4600,588800,0,6144,594944,302080,302080,302080,0,4096,0,306176,3932160,5734400.0,280,286720,0,0,0,"{""armed"": 0, ""cooldown"": 0, ""global"": 0, ""local"": 0}",0,0,nan,1,0.04023492602247414,0.20876592027679708,0.9446944444444445,0.19009548611111116,nan,250,0,0
fixed-lbqcd,fixed,0.5,OASQD-D05-tail-min0045-K19,unequal-tail,missing,OASQD-D05-tail-min0045-K19/missing,1,400,400,1.1394025000045076,4600,588800,0,5120,593920,302080,302080,302080,0,4096,0,306176,3932160,5734400.0,280,286720,0,0,0,"{""armed"": 0, ""cooldown"": 0, ""global"": 0, ""local"": 0}",0,0,nan,1,0.010071002265341189,0.29682329813015307,0.9446944444444445,0.18521267361111116,nan,200,0,0
fixed-lbqcd,fixed,0.5,OASQD-D05-tail-min0045-K19,unequal-tail,missing,OASQD-D05-tail-min0045-K19/missing,2,400,400,1.2544655999809038,4600,588800,0,6144,594944,302080,302080,302080,0,4096,0,306176,3932160,5734400.0,280,286720,0,0,0,"{""armed"": 0, ""cooldown"": 0, ""global"": 0, ""local"": 0}",0,0,nan,1,0.018008590487842202,0.20345277486501037,0.9446944444444445,0.20253125000000005,nan,250,0,0
oa-stop-strat-H25-P50-N2048-K8,oa-stratified,0.5,OASQD-D05-tail-min0045-K19,unequal-tail,missing,OASQD-D05-tail-min0045-K19/missing,0,400,400,1.2213480999926105,2440,312320,24576,6144,343040,279680,51200,279680,8192,0,0,287872,3932160,5267200.0,255,261120,0,12,2,"{""armed"": 25, ""cooldown"": 0, ""global"": 375, ""local"": 0}",19,0,0.0035400390625,0,0.04628938886543166,0.23195976854542766,0.9446944444444445,0.2069565972222223,0.217529296875,250,0,0
oa-stop-strat-H25-P50-N2048-K8,oa-stratified,0.5,OASQD-D05-tail-min0045-K19,unequal-tail,missing,OASQD-D05-tail-min0045-K19/missing,1,400,400,1.162420699984068,2440,312320,24576,6144,343040,279680,51200,279680,8192,0,0,287872,3932160,5267200.0,255,261120,0,12,2,"{""armed"": 25, ""cooldown"": 0, ""global"": 375, ""local"": 0}",19,0,0.00439453125,0,0.011214422688689663,0.2523287590765895,0.9446944444444445,0.24550000000000005,0.233642578125,250,0,0
oa-stop-strat-H25-P50-N2048-K8,oa-stratified,0.5,OASQD-D05-tail-min0045-K19,unequal-tail,missing,OASQD-D05-tail-min0045-K19/missing,2,400,400,1.1365357000031509,2440,312320,24576,6144,343040,279680,51200,279680,8192,0,0,287872,3932160,5267200.0,255,261120,0,12,2,"{""armed"": 25, ""cooldown"": 0, ""global"": 375, ""local"": 0}",19,0,0.005126953125,0,0.020094735385575824,0.1749315804899794,0.9446944444444445,0.19621440972222226,0.211181640625,250,0,0
oasqd-once-adaptive-H25-P50-N2048-K8,oa-stratified,0.5,OASQD-D05-tail-min0045-K19,unequal-tail,missing,OASQD-D05-tail-min0045-K19/missing,0,400,400,0.5575285000086296,500,64000,6144,7168,77312,57600,51200,44800,8192,0,12800,52992,3932160,616960.0,50,12800,0,3,3,"{""armed"": 25, ""cooldown"": 326, ""global"": 49, ""local"": 0}",19,0,0.0035400390625,0,0.02351274680637916,0.17722542794469143,0.9446944444444445,0.23990017361111116,0.233154296875,300,0,0
oasqd-once-adaptive-H25-P50-N2048-K8,oa-stratified,0.5,OASQD-D05-tail-min0045-K19,unequal-tail,missing,OASQD-D05-tail-min0045-K19/missing,1,400,400,0.5910381999856327,500,64000,6144,7168,77312,57600,51200,44800,8192,0,12800,52992,3932160,616960.0,50,12800,0,3,3,"{""armed"": 25, ""cooldown"": 326, ""global"": 49, ""local"": 0}",19,0,0.00439453125,0,0.012694807024403953,0.2963244463050317,0.9446944444444445,0.25109982638888895,0.2529296875,300,0,0
oasqd-once-adaptive-H25-P50-N2048-K8,oa-stratified,0.5,OASQD-D05-tail-min0045-K19,unequal-tail,missing,OASQD-D05-tail-min0045-K19/missing,2,400,400,0.6040955999924336,500,64000,6144,6144,76288,57600,51200,44800,8192,0,12800,52992,3932160,616960.0,50,12800,0,3,3,"{""armed"": 25, ""cooldown"": 326, ""global"": 49, ""local"": 0}",19,0,0.005126953125,0,0.017113266213254263,0.17744651693388572,0.9446944444444445,0.24621701388888892,0.263916015625,250,0,0
oasqd-stop-adaptive-H25-P50-N2048-K8,oa-stratified,0.5,OASQD-D05-tail-min0045-K19,unequal-tail,missing,OASQD-D05-tail-min0045-K19/missing,0,400,400,0.9161771000071894,910,116480,24576,7168,148224,83840,51200,18560,8192,0,65280,26752,3932160,1089280.0,255,65280,0,12,2,"{""armed"": 25, ""cooldown"": 0, ""global"": 375, ""local"": 0}",19,0,0.0035400390625,0,0.030447009344780174,0.22520645677732995,0.9446944444444445,0.21652430555555563,0.23291015625,300,0,0
oasqd-stop-adaptive-H25-P50-N2048-K8,oa-stratified,0.5,OASQD-D05-tail-min0045-K19,unequal-tail,missing,OASQD-D05-tail-min0045-K19/missing,1,400,400,0.7917506000085268,910,116480,24576,6144,147200,83840,51200,18560,8192,0,65280,26752,3932160,1089280.0,255,65280,0,12,2,"{""armed"": 25, ""cooldown"": 0, ""global"": 375, ""local"": 0}",19,0,0.00439453125,0,0.011416742563100879,0.21554415985131486,0.9446944444444445,0.2313706597222223,0.237060546875,250,0,0
oasqd-stop-adaptive-H25-P50-N2048-K8,oa-stratified,0.5,OASQD-D05-tail-min0045-K19,unequal-tail,missing,OASQD-D05-tail-min0045-K19/missing,2,400,400,0.8512148000008892,910,116480,24576,6144,147200,83840,51200,18560,8192,0,65280,26752,3932160,1089280.0,255,65280,0,12,2,"{""armed"": 25, ""cooldown"": 0, ""global"": 375, ""local"": 0}",19,0,0.005126953125,0,0.016317133001616302,0.1903855756534481,0.9446944444444445,0.19400173611111116,0.2119140625,250,0,0
oasqd-stop-adaptive-iid-H25-P50-N2048-K8,oa-stratified,0.5,OASQD-D05-tail-min0045-K19,unequal-tail,missing,OASQD-D05-tail-min0045-K19/missing,0,400,400,0.8507662000192795,910,116480,24576,7168,148224,83840,51200,83840,8192,0,0,92032,3932160,1089280.0,255,65280,0,12,2,"{""armed"": 25, ""cooldown"": 0, ""global"": 375, ""local"": 0}",19,0,0.0035400390625,0,0.03284325722182935,0.21164688952646907,0.9446944444444445,0.2323472222222223,0.233642578125,300,0,0
oasqd-stop-adaptive-iid-H25-P50-N2048-K8,oa-stratified,0.5,OASQD-D05-tail-min0045-K19,unequal-tail,missing,OASQD-D05-tail-min0045-K19/missing,1,400,400,0.8445791999984067,910,116480,24576,6144,147200,83840,51200,83840,8192,0,0,92032,3932160,1089280.0,255,65280,0,12,2,"{""armed"": 25, ""cooldown"": 0, ""global"": 375, ""local"": 0}",19,0,0.00439453125,0,0.012907441551574639,0.23182477874337407,0.9446944444444445,0.25038281250000005,0.244140625,250,0,0
oasqd-stop-adaptive-iid-H25-P50-N2048-K8,oa-stratified,0.5,OASQD-D05-tail-min0045-K19,unequal-tail,missing,OASQD-D05-tail-min0045-K19/missing,2,400,400,0.952374599990435,910,116480,24576,6144,147200,83840,51200,83840,8192,0,0,92032,3932160,1089280.0,255,65280,0,12,2,"{""armed"": 25, ""cooldown"": 0, ""global"": 375, ""local"": 0}",19,0,0.005126953125,0,0.018199054840848827,0.20569462480604783,0.9446944444444445,0.2479722222222223,0.260009765625,250,0,0
oasqd-stop-systematic-H25-P50-N2048-K8,oa-stratified,0.5,OASQD-D05-tail-min0045-K19,unequal-tail,missing,OASQD-D05-tail-min0045-K19/missing,0,400,400,1.0640891999937594,2440,312320,24576,6144,343040,279680,51200,18560,8192,0,261120,26752,3932160,5267200.0,255,261120,0,12,2,"{""armed"": 25, ""cooldown"": 0, ""global"": 375, ""local"": 0}",19,0,0.0035400390625,0,0.04105047515304161,0.21688084898417578,0.9446944444444445,0.1925677083333334,0.19482421875,250,0,0
oasqd-stop-systematic-H25-P50-N2048-K8,oa-stratified,0.5,OASQD-D05-tail-min0045-K19,unequal-tail,missing,OASQD-D05-tail-min0045-K19/missing,1,400,400,1.1047419999958947,2440,312320,24576,6144,343040,279680,51200,18560,8192,0,261120,26752,3932160,5267200.0,255,261120,0,12,2,"{""armed"": 25, ""cooldown"": 0, ""global"": 375, ""local"": 0}",19,0,0.00439453125,0,0.009008619715262345,0.24282335063007077,0.9446944444444445,0.21106076388888892,0.2109375,250,0,0
oasqd-stop-systematic-H25-P50-N2048-K8,oa-stratified,0.5,OASQD-D05-tail-min0045-K19,unequal-tail,missing,OASQD-D05-tail-min0045-K19/missing,2,400,400,1.1128067999961786,2440,312320,24576,6144,343040,279680,51200,18560,8192,0,261120,26752,3932160,5267200.0,255,261120,0,12,2,"{""armed"": 25, ""cooldown"": 0, ""global"": 375, ""local"": 0}",19,0,0.005126953125,0,0.01579256954842423,0.16594204982394653,0.9446944444444445,0.20741406250000002,0.2255859375,250,0,0
paper-0.5,paper,0.5,OASQD-D05-tail-min0045-K19,unequal-tail,missing,OASQD-D05-tail-min0045-K19/missing,0,400,400,0.6064344999904279,400,51200,0,4096,55296,51200,51200,51200,0,0,0,51200,13107200,0.0,0,0,0,0,0,"{""armed"": 0, ""cooldown"": 0, ""global"": 0, ""local"": 0}",0,0,nan,0,0.11211819821349023,0.46740499220488196,1.0,0.15051388888888892,nan,150,0,0
paper-0.5,paper,0.5,OASQD-D05-tail-min0045-K19,unequal-tail,missing,OASQD-D05-tail-min0045-K19/missing,1,400,400,0.8252335999859497,400,51200,0,4096,55296,51200,51200,51200,0,0,0,51200,13107200,0.0,0,0,0,0,0,"{""armed"": 0, ""cooldown"": 0, ""global"": 0, ""local"": 0}",0,0,nan,0,0.008490761107510014,0.29465553918101417,1.0,0.10734722222222229,nan,150,0,0
paper-0.5,paper,0.5,OASQD-D05-tail-min0045-K19,unequal-tail,missing,OASQD-D05-tail-min0045-K19/missing,2,400,400,0.687595199997304,400,51200,0,4096,55296,51200,51200,51200,0,0,0,51200,13107200,0.0,0,0,0,0,0,"{""armed"": 0, ""cooldown"": 0, ""global"": 0, ""local"": 0}",0,0,nan,0,0.027605965807098176,0.1965082044776986,1.0,0.13150173611111116,nan,150,0,0
qld-v1,qld,0.5,OASQD-D05-tail-min0045-K19,unequal-tail,missing,OASQD-D05-tail-min0045-K19/missing,0,400,400,0.33714550000149757,400,51200,0,7168,58368,51200,51200,51200,0,0,0,51200,3932160,501760.0,0,0,0,0,0,"{""armed"": 0, ""cooldown"": 0, ""global"": 0, ""local"": 0}",0,0,nan,0,0.024045720506455037,0.1653312578699052,0.9446944444444445,0.21203732638888892,nan,300,0,0
qld-v1,qld,0.5,OASQD-D05-tail-min0045-K19,unequal-tail,missing,OASQD-D05-tail-min0045-K19/missing,1,400,400,0.3495726000110153,400,51200,0,6144,57344,51200,51200,51200,0,0,0,51200,3932160,501760.0,0,0,0,0,0,"{""armed"": 0, ""cooldown"": 0, ""global"": 0, ""local"": 0}",0,0,nan,0,0.015115254809982215,0.31835261042165214,0.9446944444444445,0.28091579861111116,nan,250,0,0
qld-v1,qld,0.5,OASQD-D05-tail-min0045-K19,unequal-tail,missing,OASQD-D05-tail-min0045-K19/missing,2,400,400,0.2966543000075035,400,51200,0,6144,57344,51200,51200,51200,0,0,0,51200,3932160,501760.0,0,0,0,0,0,"{""armed"": 0, ""cooldown"": 0, ""global"": 0, ""local"": 0}",0,0,nan,0,0.01781141145276699,0.18092343439196545,0.9446944444444445,0.23671093750000002,nan,250,0,0
fixed-lbqcd,fixed,0.5,OASQD-D06-tail-min003-K21,resolution-boundary,concentrated,OASQD-D06-tail-min003-K21/concentrated,0,400,400,1.1922364000056405,4600,588800,0,5120,593920,302080,302080,302080,0,4096,0,306176,3932160,5734400.0,280,286720,0,0,0,"{""armed"": 0, ""cooldown"": 0, ""global"": 0, ""local"": 0}",0,0,nan,1,0.013203760412775711,0.15732421592693427,0.9970000000000004,0.1094453125,nan,200,0,0
fixed-lbqcd,fixed,0.5,OASQD-D06-tail-min003-K21,resolution-boundary,concentrated,OASQD-D06-tail-min003-K21/concentrated,1,400,400,1.2883796999813057,4600,588800,0,5120,593920,302080,302080,302080,0,4096,0,306176,3932160,5734400.0,280,286720,0,0,0,"{""armed"": 0, ""cooldown"": 0, ""global"": 0, ""local"": 0}",0,0,nan,1,0.010111926857212072,0.12198159935735449,0.9970000000000004,0.11246562500000001,nan,200,0,0
fixed-lbqcd,fixed,0.5,OASQD-D06-tail-min003-K21,resolution-boundary,concentrated,OASQD-D06-tail-min003-K21/concentrated,2,400,400,1.2765132999920752,4600,588800,0,5120,593920,302080,302080,302080,0,4096,0,306176,3932160,5734400.0,280,286720,0,0,0,"{""armed"": 0, ""cooldown"": 0, ""global"": 0, ""local"": 0}",0,0,nan,1,0.0092316177569165,0.16224133577640518,0.9970000000000004,0.11060312500000005,nan,200,0,0
oa-stop-strat-H25-P50-N2048-K8,oa-stratified,0.5,OASQD-D06-tail-min003-K21,resolution-boundary,concentrated,OASQD-D06-tail-min003-K21/concentrated,0,400,400,1.205991000024369,2440,312320,24576,4096,340992,279680,51200,279680,8192,0,0,287872,3932160,5267200.0,255,261120,0,12,2,"{""armed"": 25, ""cooldown"": 0, ""global"": 375, ""local"": 0}",21,0,0.00244140625,0,0.016580726494687337,0.19448481771221746,0.9970000000000004,0.09400156250000002,0.1064453125,150,0,0
oa-stop-strat-H25-P50-N2048-K8,oa-stratified,0.5,OASQD-D06-tail-min003-K21,resolution-boundary,concentrated,OASQD-D06-tail-min003-K21/concentrated,1,400,400,1.3018006999918725,2440,312320,24576,5120,342016,279680,51200,279680,8192,0,0,287872,3932160,5267200.0,255,261120,0,12,2,"{""armed"": 25, ""cooldown"": 0, ""global"": 375, ""local"": 0}",21,0,0.0032958984375,0,0.00951111394181936,0.12102422744885326,0.9970000000000004,0.09888437500000005,0.111572265625,200,0,0
oa-stop-strat-H25-P50-N2048-K8,oa-stratified,0.5,OASQD-D06-tail-min003-K21,resolution-boundary,concentrated,OASQD-D06-tail-min003-K21/concentrated,2,400,400,1.267002999986289,2440,312320,24576,5120,342016,279680,51200,279680,8192,0,0,287872,3932160,5267200.0,255,261120,0,12,2,"{""armed"": 25, ""cooldown"": 0, ""global"": 375, ""local"": 0}",21,0,0.0030517578125,0,0.010286091052572388,0.14282394526630024,0.9970000000000004,0.1367890625,0.14599609375,200,0,0
oasqd-once-adaptive-H25-P50-N2048-K8,oa-stratified,0.5,OASQD-D06-tail-min003-K21,resolution-boundary,concentrated,OASQD-D06-tail-min003-K21/concentrated,0,400,400,0.7980617999855895,1200,153600,6144,5120,164864,147200,51200,44800,8192,0,102400,52992,3932160,2664960.0,50,102400,50,3,3,"{""armed"": 25, ""cooldown"": 326, ""global"": 49, ""local"": 0}",21,0,0.00244140625,0,0.01736291863271644,0.2354391965521992,0.9970000000000004,0.12604687499999997,0.14501953125,200,0,0
oasqd-once-adaptive-H25-P50-N2048-K8,oa-stratified,0.5,OASQD-D06-tail-min003-K21,resolution-boundary,concentrated,OASQD-D06-tail-min003-K21/concentrated,1,400,400,0.6898734999995213,1200,153600,6144,5120,164864,147200,51200,44800,8192,0,102400,52992,3932160,2664960.0,50,102400,50,3,3,"{""armed"": 25, ""cooldown"": 326, ""global"": 49, ""local"": 0}",21,0,0.0032958984375,0,0.007366611924934485,0.12439346715041864,0.9471500000000004,0.139628125,0.15576171875,200,0,0
oasqd-once-adaptive-H25-P50-N2048-K8,oa-stratified,0.5,OASQD-D06-tail-min003-K21,resolution-boundary,concentrated,OASQD-D06-tail-min003-K21/concentrated,2,400,400,0.7569588999904227,1200,153600,6144,6144,165888,147200,51200,44800,8192,0,102400,52992,3932160,2664960.0,50,102400,50,3,3,"{""armed"": 25, ""cooldown"": 326, ""global"": 49, ""local"": 0}",21,0,0.0030517578125,0,0.008972094712864642,0.14138157495069728,0.9471500000000004,0.1309296875,0.138916015625,250,0,0
oasqd-stop-adaptive-H25-P50-N2048-K8,oa-stratified,0.5,OASQD-D06-tail-min003-K21,resolution-boundary,concentrated,OASQD-D06-tail-min003-K21/concentrated,0,400,400,1.6403535999997985,4480,573440,24576,4096,602112,540800,51200,18560,8192,0,522240,26752,3932160,11534080.0,255,522240,255,12,2,"{""armed"": 25, ""cooldown"": 0, ""global"": 375, ""local"": 0}",21,0,0.00244140625,0,0.014063217731145272,0.18598620116774944,0.9970000000000004,0.07828593750000001,0.101806640625,150,0,0
oasqd-stop-adaptive-H25-P50-N2048-K8,oa-stratified,0.5,OASQD-D06-tail-min003-K21,resolution-boundary,concentrated,OASQD-D06-tail-min003-K21/concentrated,1,400,400,1.6269340999715496,4480,573440,24576,5120,603136,540800,51200,18560,8192,0,522240,26752,3932160,11534080.0,255,522240,255,12,2,"{""armed"": 25, ""cooldown"": 0, ""global"": 375, ""local"": 0}",21,0,0.0032958984375,0,0.011853979131315473,0.15144359280043118,0.9970000000000004,0.10447187499999999,0.0986328125,200,0,0
oasqd-stop-adaptive-H25-P50-N2048-K8,oa-stratified,0.5,OASQD-D06-tail-min003-K21,resolution-boundary,concentrated,OASQD-D06-tail-min003-K21/concentrated,2,400,400,1.658437900012359,4480,573440,24576,5120,603136,540800,51200,18560,8192,0,522240,26752,3932160,11534080.0,255,522240,255,12,2,"{""armed"": 25, ""cooldown"": 0, ""global"": 375, ""local"": 0}",21,0,0.0030517578125,0,0.012832114135351347,0.1576423966938668,0.9970000000000004,0.1172578125,0.119384765625,200,0,0
oasqd-stop-adaptive-iid-H25-P50-N2048-K8,oa-stratified,0.5,OASQD-D06-tail-min003-K21,resolution-boundary,concentrated,OASQD-D06-tail-min003-K21/concentrated,0,400,400,1.7759387999831233,4480,573440,24576,5120,603136,540800,51200,540800,8192,0,0,548992,3932160,11534080.0,255,522240,255,12,2,"{""armed"": 25, ""cooldown"": 0, ""global"": 375, ""local"": 0}",21,0,0.00244140625,0,0.011819560750163216,0.15042789199640447,0.9970000000000004,0.08920937500000006,0.11328125,200,0,0
oasqd-stop-adaptive-iid-H25-P50-N2048-K8,oa-stratified,0.5,OASQD-D06-tail-min003-K21,resolution-boundary,concentrated,OASQD-D06-tail-min003-K21/concentrated,1,400,400,1.8454726999916602,4480,573440,24576,5120,603136,540800,51200,540800,8192,0,0,548992,3932160,11534080.0,255,522240,255,12,2,"{""armed"": 25, ""cooldown"": 0, ""global"": 375, ""local"": 0}",21,0,0.0032958984375,0,0.008170171204926913,0.14965529643143352,0.9970000000000004,0.1192109375,0.129638671875,200,0,0
oasqd-stop-adaptive-iid-H25-P50-N2048-K8,oa-stratified,0.5,OASQD-D06-tail-min003-K21,resolution-boundary,concentrated,OASQD-D06-tail-min003-K21/concentrated,2,400,400,1.7803899999998976,4480,573440,24576,5120,603136,540800,51200,540800,8192,0,0,548992,3932160,11534080.0,255,522240,255,12,2,"{""armed"": 25, ""cooldown"": 0, ""global"": 375, ""local"": 0}",21,0,0.0030517578125,0,0.012506057238116597,0.1781382844321621,0.9970000000000004,0.11521406249999996,0.123046875,200,0,0
oasqd-stop-systematic-H25-P50-N2048-K8,oa-stratified,0.5,OASQD-D06-tail-min003-K21,resolution-boundary,concentrated,OASQD-D06-tail-min003-K21/concentrated,0,400,400,1.1153386000078171,2440,312320,24576,4096,340992,279680,51200,18560,8192,0,261120,26752,3932160,5267200.0,255,261120,0,12,2,"{""armed"": 25, ""cooldown"": 0, ""global"": 375, ""local"": 0}",21,0,0.00244140625,0,0.0169477902024866,0.20105297571932113,0.9970000000000004,0.11441875000000001,0.135009765625,150,0,0
oasqd-stop-systematic-H25-P50-N2048-K8,oa-stratified,0.5,OASQD-D06-tail-min003-K21,resolution-boundary,concentrated,OASQD-D06-tail-min003-K21/concentrated,1,400,400,1.303347799985204,2440,312320,24576,5120,342016,279680,51200,18560,8192,0,261120,26752,3932160,5267200.0,255,261120,0,12,2,"{""armed"": 25, ""cooldown"": 0, ""global"": 375, ""local"": 0}",21,0,0.0032958984375,0,0.009975526664191658,0.1289213476896222,0.9970000000000004,0.10349531249999999,0.10888671875,200,0,0
oasqd-stop-systematic-H25-P50-N2048-K8,oa-stratified,0.5,OASQD-D06-tail-min003-K21,resolution-boundary,concentrated,OASQD-D06-tail-min003-K21/concentrated,2,400,400,1.2214200999878813,2440,312320,24576,5120,342016,279680,51200,18560,8192,0,261120,26752,3932160,5267200.0,255,261120,0,12,2,"{""armed"": 25, ""cooldown"": 0, ""global"": 375, ""local"": 0}",21,0,0.0030517578125,0,0.009516900134007855,0.1334647947854703,0.9970000000000004,0.1289765625,0.13525390625,200,0,0
paper-0.5,paper,0.5,OASQD-D06-tail-min003-K21,resolution-boundary,concentrated,OASQD-D06-tail-min003-K21/concentrated,0,400,400,0.5227243000117596,400,51200,0,3072,54272,51200,51200,51200,0,0,0,51200,13107200,0.0,0,0,0,0,0,"{""armed"": 0, ""cooldown"": 0, ""global"": 0, ""local"": 0}",0,0,nan,0,0.018860110550036335,0.2155177698666954,0.9970000000000004,0.10669687500000002,nan,100,0,0
paper-0.5,paper,0.5,OASQD-D06-tail-min003-K21,resolution-boundary,concentrated,OASQD-D06-tail-min003-K21/concentrated,1,400,400,0.9075708000164013,400,51200,0,3072,54272,51200,51200,51200,0,0,0,51200,13107200,0.0,0,0,0,0,0,"{""armed"": 0, ""cooldown"": 0, ""global"": 0, ""local"": 0}",0,0,nan,0,0.006979393293471414,0.15744222227619847,0.9970000000000004,0.0762421875,nan,100,0,0
paper-0.5,paper,0.5,OASQD-D06-tail-min003-K21,resolution-boundary,concentrated,OASQD-D06-tail-min003-K21/concentrated,2,400,400,0.657659499993315,400,51200,0,4096,55296,51200,51200,51200,0,0,0,51200,13107200,0.0,0,0,0,0,0,"{""armed"": 0, ""cooldown"": 0, ""global"": 0, ""local"": 0}",0,0,nan,0,0.01854678151435918,0.2446398156762017,0.9970000000000004,0.08884687499999996,nan,150,0,0
qld-v1,qld,0.5,OASQD-D06-tail-min003-K21,resolution-boundary,concentrated,OASQD-D06-tail-min003-K21/concentrated,0,400,400,0.39923590002581477,400,51200,0,5120,56320,51200,51200,51200,0,0,0,51200,3932160,501760.0,0,0,0,0,0,"{""armed"": 0, ""cooldown"": 0, ""global"": 0, ""local"": 0}",0,0,nan,0,0.016576749741325614,0.20608971519118469,0.9970000000000004,0.13315468750000006,nan,200,0,0
qld-v1,qld,0.5,OASQD-D06-tail-min003-K21,resolution-boundary,concentrated,OASQD-D06-tail-min003-K21/concentrated,1,400,400,0.43146559997694567,400,51200,0,5120,56320,51200,51200,51200,0,0,0,51200,3932160,501760.0,0,0,0,0,0,"{""armed"": 0, ""cooldown"": 0, ""global"": 0, ""local"": 0}",0,0,nan,0,0.0119166906301853,0.13878753179749737,0.9471500000000004,0.1640421875,nan,200,0,0
qld-v1,qld,0.5,OASQD-D06-tail-min003-K21,resolution-boundary,concentrated,OASQD-D06-tail-min003-K21/concentrated,2,400,400,0.32540780000272207,400,51200,0,5120,56320,51200,51200,51200,0,0,0,51200,3932160,501760.0,0,0,0,0,0,"{""armed"": 0, ""cooldown"": 0, ""global"": 0, ""local"": 0}",0,0,nan,0,0.01865977175975475,0.21825435464384782,0.9471500000000004,0.15552500000000002,nan,200,0,0
fixed-lbqcd,fixed,0.5,OASQD-D06-tail-min003-K21,resolution-boundary,missing,OASQD-D06-tail-min003-K21/missing,0,400,400,1.1411126999882981,4600,588800,0,6144,594944,302080,302080,302080,0,4096,0,306176,3932160,5734400.0,280,286720,0,0,0,"{""armed"": 0, ""cooldown"": 0, ""global"": 0, ""local"": 0}",0,0,nan,1,0.012422387604646534,0.19768125032322137,0.9471500000000004,0.2442109375,nan,250,0,0
fixed-lbqcd,fixed,0.5,OASQD-D06-tail-min003-K21,resolution-boundary,missing,OASQD-D06-tail-min003-K21/missing,1,400,400,1.187086799996905,4600,588800,0,6144,594944,302080,302080,302080,0,4096,0,306176,3932160,5734400.0,280,286720,0,0,0,"{""armed"": 0, ""cooldown"": 0, ""global"": 0, ""local"": 0}",0,0,nan,1,0.032456612992065814,0.23590449221295395,0.9970000000000004,0.17603281250000005,nan,250,0,0
fixed-lbqcd,fixed,0.5,OASQD-D06-tail-min003-K21,resolution-boundary,missing,OASQD-D06-tail-min003-K21/missing,2,400,400,1.1418323999969289,4600,588800,0,5120,593920,302080,302080,302080,0,4096,0,306176,3932160,5734400.0,280,286720,0,0,0,"{""armed"": 0, ""cooldown"": 0, ""global"": 0, ""local"": 0}",0,0,nan,1,0.01614365711986432,0.15711132332537706,0.9471500000000004,0.174875,nan,200,0,0
oa-stop-strat-H25-P50-N2048-K8,oa-stratified,0.5,OASQD-D06-tail-min003-K21,resolution-boundary,missing,OASQD-D06-tail-min003-K21/missing,0,400,400,1.0970591999939643,2440,312320,24576,6144,343040,279680,51200,279680,8192,0,0,287872,3932160,5267200.0,255,261120,0,12,2,"{""armed"": 25, ""cooldown"": 0, ""global"": 375, ""local"": 0}",21,0,0.0028076171875,0,0.013399923803718572,0.23416859460216352,0.9471500000000004,0.2221125000000001,0.212646484375,250,0,0
oa-stop-strat-H25-P50-N2048-K8,oa-stratified,0.5,OASQD-D06-tail-min003-K21,resolution-boundary,missing,OASQD-D06-tail-min003-K21/missing,1,400,400,1.128794199990807,2440,312320,24576,6144,343040,279680,51200,279680,8192,0,0,287872,3932160,5267200.0,255,261120,0,12,2,"{""armed"": 25, ""cooldown"": 0, ""global"": 375, ""local"": 0}",21,0,0.0028076171875,0,0.023216624949104592,0.18851635392934427,0.9970000000000004,0.16919687500000005,0.183837890625,250,0,0
oa-stop-strat-H25-P50-N2048-K8,oa-stratified,0.5,OASQD-D06-tail-min003-K21,resolution-boundary,missing,OASQD-D06-tail-min003-K21/missing,2,400,400,1.0966622999985702,2440,312320,24576,6144,343040,279680,51200,279680,8192,0,0,287872,3932160,5267200.0,255,261120,0,12,2,"{""armed"": 25, ""cooldown"": 0, ""global"": 375, ""local"": 0}",21,0,0.0023193359375,0,0.03342829975081951,0.18405408830458808,0.9471500000000004,0.22290781250000005,0.218017578125,250,0,0
oasqd-once-adaptive-H25-P50-N2048-K8,oa-stratified,0.5,OASQD-D06-tail-min003-K21,resolution-boundary,missing,OASQD-D06-tail-min003-K21/missing,0,400,400,0.6285253000096418,1200,153600,6144,6144,165888,147200,51200,44800,8192,0,102400,52992,3932160,2664960.0,50,102400,50,3,3,"{""armed"": 25, ""cooldown"": 326, ""global"": 49, ""local"": 0}",21,0,0.0028076171875,0,0.013067485396424328,0.24864381243109213,0.9471500000000004,0.2308109375000001,0.229248046875,250,0,0
oasqd-once-adaptive-H25-P50-N2048-K8,oa-stratified,0.5,OASQD-D06-tail-min003-K21,resolution-boundary,missing,OASQD-D06-tail-min003-K21/missing,1,400,400,0.6544257999921683,1200,153600,6144,6144,165888,147200,51200,44800,8192,0,102400,52992,3932160,2664960.0,50,102400,50,3,3,"{""armed"": 25, ""cooldown"": 326, ""global"": 49, ""local"": 0}",21,0,0.0028076171875,0,0.016953944794253495,0.21399758150264295,0.9471500000000004,0.235421875,0.245849609375,250,0,0
oasqd-once-adaptive-H25-P50-N2048-K8,oa-stratified,0.5,OASQD-D06-tail-min003-K21,resolution-boundary,missing,OASQD-D06-tail-min003-K21/missing,2,400,400,0.6143087999953423,1200,153600,6144,8192,167936,147200,51200,44800,8192,0,102400,52992,3932160,2664960.0,50,102400,50,3,3,"{""armed"": 25, ""cooldown"": 326, ""global"": 49, ""local"": 0}",21,0,0.0023193359375,0,0.02411381530207235,0.22814222682448496,0.9471500000000004,0.2167765625,0.222412109375,350,0,0
oasqd-stop-adaptive-H25-P50-N2048-K8,oa-stratified,0.5,OASQD-D06-tail-min003-K21,resolution-boundary,missing,OASQD-D06-tail-min003-K21/missing,0,400,400,1.4638015999807976,4480,573440,24576,6144,604160,540800,51200,18560,8192,0,522240,26752,3932160,11534080.0,255,522240,255,12,2,"{""armed"": 25, ""cooldown"": 0, ""global"": 375, ""local"": 0}",21,0,0.0028076171875,0,0.009251340107887973,0.19730563097911255,0.9471500000000004,0.21598125000000004,0.2177734375,250,0,0
oasqd-stop-adaptive-H25-P50-N2048-K8,oa-stratified,0.5,OASQD-D06-tail-min003-K21,resolution-boundary,missing,OASQD-D06-tail-min003-K21/missing,1,400,400,1.4170777999970596,4480,573440,24576,6144,604160,540800,51200,18560,8192,0,522240,26752,3932160,11534080.0,255,522240,255,12,2,"{""armed"": 25, ""cooldown"": 0, ""global"": 375, ""local"": 0}",21,0,0.0028076171875,0,0.012974611978470385,0.19938307723604634,0.9970000000000004,0.1972453125,0.212890625,250,0,0
oasqd-stop-adaptive-H25-P50-N2048-K8,oa-stratified,0.5,OASQD-D06-tail-min003-K21,resolution-boundary,missing,OASQD-D06-tail-min003-K21/missing,2,400,400,1.3470493000058923,4480,573440,24576,6144,604160,540800,51200,18560,8192,0,522240,26752,3932160,11534080.0,255,522240,255,12,2,"{""armed"": 25, ""cooldown"": 0, ""global"": 375, ""local"": 0}",21,0,0.0023193359375,0,0.02821612023736586,0.18834600669055784,0.9471500000000004,0.22965312500000004,0.223876953125,250,0,0
oasqd-stop-adaptive-iid-H25-P50-N2048-K8,oa-stratified,0.5,OASQD-D06-tail-min003-K21,resolution-boundary,missing,OASQD-D06-tail-min003-K21/missing,0,400,400,1.75416199999745,4480,573440,24576,6144,604160,540800,51200,540800,8192,0,0,548992,3932160,11534080.0,255,522240,255,12,2,"{""armed"": 25, ""cooldown"": 0, ""global"": 375, ""local"": 0}",21,0,0.0028076171875,0,0.010697948004911861,0.1936836340129095,0.9471500000000004,0.22867656250000004,0.2255859375,250,0,0
oasqd-stop-adaptive-iid-H25-P50-N2048-K8,oa-stratified,0.5,OASQD-D06-tail-min003-K21,resolution-boundary,missing,OASQD-D06-tail-min003-K21/missing,1,400,400,1.6289305000100285,4480,573440,24576,6144,604160,540800,51200,540800,8192,0,0,548992,3932160,11534080.0,255,522240,255,12,2,"{""armed"": 25, ""cooldown"": 0, ""global"": 375, ""local"": 0}",21,0,0.0028076171875,0,0.015245435918675998,0.1909931032639429,0.9471500000000004,0.21003125,0.215576171875,250,0,0
oasqd-stop-adaptive-iid-H25-P50-N2048-K8,oa-stratified,0.5,OASQD-D06-tail-min003-K21,resolution-boundary,missing,OASQD-D06-tail-min003-K21/missing,2,400,400,1.4257489999872632,4480,573440,24576,6144,604160,540800,51200,540800,8192,0,0,548992,3932160,11534080.0,255,522240,255,12,2,"{""armed"": 25, ""cooldown"": 0, ""global"": 375, ""local"": 0}",21,0,0.0023193359375,0,0.0186615676430546,0.17122675034414367,0.9471500000000004,0.2422578125,0.2275390625,250,0,0
oasqd-stop-systematic-H25-P50-N2048-K8,oa-stratified,0.5,OASQD-D06-tail-min003-K21,resolution-boundary,missing,OASQD-D06-tail-min003-K21/missing,0,400,400,1.0506140999787021,2440,312320,24576,6144,343040,279680,51200,18560,8192,0,261120,26752,3932160,5267200.0,255,261120,0,12,2,"{""armed"": 25, ""cooldown"": 0, ""global"": 375, ""local"": 0}",21,0,0.0028076171875,0,0.011899134675912304,0.20408999972883074,0.9471500000000004,0.2246796875,0.212646484375,250,0,0
oasqd-stop-systematic-H25-P50-N2048-K8,oa-stratified,0.5,OASQD-D06-tail-min003-K21,resolution-boundary,missing,OASQD-D06-tail-min003-K21/missing,1,400,400,1.07951489998959,2440,312320,24576,6144,343040,279680,51200,18560,8192,0,261120,26752,3932160,5267200.0,255,261120,0,12,2,"{""armed"": 25, ""cooldown"": 0, ""global"": 375, ""local"": 0}",21,0,0.0028076171875,0,0.019385662490382316,0.19532117369617777,0.9970000000000004,0.16520000000000004,0.16845703125,250,0,0
oasqd-stop-systematic-H25-P50-N2048-K8,oa-stratified,0.5,OASQD-D06-tail-min003-K21,resolution-boundary,missing,OASQD-D06-tail-min003-K21/missing,2,400,400,1.0820032999909017,2440,312320,24576,6144,343040,279680,51200,18560,8192,0,261120,26752,3932160,5267200.0,255,261120,0,12,2,"{""armed"": 25, ""cooldown"": 0, ""global"": 375, ""local"": 0}",21,0,0.0023193359375,0,0.033388684213062625,0.17880493782026313,0.9471500000000004,0.22281718750000004,0.203369140625,250,0,0
paper-0.5,paper,0.5,OASQD-D06-tail-min003-K21,resolution-boundary,missing,OASQD-D06-tail-min003-K21/missing,0,400,400,0.6583873000054155,400,51200,0,4096,55296,51200,51200,51200,0,0,0,51200,13107200,0.0,0,0,0,0,0,"{""armed"": 0, ""cooldown"": 0, ""global"": 0, ""local"": 0}",0,0,nan,0,0.027716906796646068,0.2058354938767854,0.9970000000000004,0.11646250000000005,nan,150,0,0
paper-0.5,paper,0.5,OASQD-D06-tail-min003-K21,resolution-boundary,missing,OASQD-D06-tail-min003-K21/missing,1,400,400,0.642160999996122,400,51200,0,4096,55296,51200,51200,51200,0,0,0,51200,13107200,0.0,0,0,0,0,0,"{""armed"": 0, ""cooldown"": 0, ""global"": 0, ""local"": 0}",0,0,nan,0,0.018773570595268296,0.1275732573622987,1.0000000000000004,0.09465625,nan,150,0,0
paper-0.5,paper,0.5,OASQD-D06-tail-min003-K21,resolution-boundary,missing,OASQD-D06-tail-min003-K21/missing,2,400,400,0.7663641000108328,400,51200,0,4096,55296,51200,51200,51200,0,0,0,51200,13107200,0.0,0,0,0,0,0,"{""armed"": 0, ""cooldown"": 0, ""global"": 0, ""local"": 0}",0,0,nan,0,0.028137785029249684,0.18837252266053556,1.0000000000000004,0.12706406250000005,nan,150,0,0
qld-v1,qld,0.5,OASQD-D06-tail-min003-K21,resolution-boundary,missing,OASQD-D06-tail-min003-K21/missing,0,400,400,0.34381560000474565,400,51200,0,7168,58368,51200,51200,51200,0,0,0,51200,3932160,501760.0,0,0,0,0,0,"{""armed"": 0, ""cooldown"": 0, ""global"": 0, ""local"": 0}",0,0,nan,0,0.011382917958888683,0.19613991832687763,0.9471500000000004,0.2246796875,nan,300,0,0
qld-v1,qld,0.5,OASQD-D06-tail-min003-K21,resolution-boundary,missing,OASQD-D06-tail-min003-K21/missing,1,400,400,0.27244319999590516,400,51200,0,6144,57344,51200,51200,51200,0,0,0,51200,3932160,501760.0,0,0,0,0,0,"{""armed"": 0, ""cooldown"": 0, ""global"": 0, ""local"": 0}",0,0,nan,0,0.015842098392832682,0.2596876591544035,0.9471500000000004,0.2236125,nan,250,0,0
qld-v1,qld,0.5,OASQD-D06-tail-min003-K21,resolution-boundary,missing,OASQD-D06-tail-min003-K21/missing,2,400,400,0.40667779999785125,400,51200,0,6144,57344,51200,51200,51200,0,0,0,51200,3932160,501760.0,0,0,0,0,0,"{""armed"": 0, ""cooldown"": 0, ""global"": 0, ""local"": 0}",0,0,nan,0,0.02767717979735984,0.18343391393781464,0.9471500000000004,0.2502515625,nan,250,0,0
fixed-lbqcd,fixed,0.5,OASQD-D07-interior-min012-K9,unequal-interior,concentrated,OASQD-D07-interior-min012-K9/concentrated,0,400,400,1.4446109000127763,4600,588800,0,2048,590848,302080,302080,302080,0,4096,0,306176,3932160,5734400.0,280,286720,0,0,0,"{""armed"": 0, ""cooldown"": 0, ""global"": 0, ""local"": 0}",0,0,nan,1,0.021369133252875372,0.18377162108319853,1.0,0.232140625,nan,50,0,0
fixed-lbqcd,fixed,0.5,OASQD-D07-interior-min012-K9,unequal-interior,concentrated,OASQD-D07-interior-min012-K9/concentrated,1,400,400,1.4281111999880522,4600,588800,0,3072,591872,302080,302080,302080,0,4096,0,306176,3932160,5734400.0,280,286720,0,0,0,"{""armed"": 0, ""cooldown"": 0, ""global"": 0, ""local"": 0}",0,0,nan,1,0.012053443465155578,0.18082025136489382,1.0,0.2301171875,nan,100,0,0
fixed-lbqcd,fixed,0.5,OASQD-D07-interior-min012-K9,unequal-interior,concentrated,OASQD-D07-interior-min012-K9/concentrated,2,400,400,1.3527987000124995,4600,588800,0,2048,590848,302080,302080,302080,0,4096,0,306176,3932160,5734400.0,280,286720,0,0,0,"{""armed"": 0, ""cooldown"": 0, ""global"": 0, ""local"": 0}",0,0,nan,1,0.020256917968330512,0.1910499390140219,1.0,0.1891015625,nan,50,0,0
oa-stop-strat-H25-P50-N2048-K8,oa-stratified,0.5,OASQD-D07-interior-min012-K9,unequal-interior,concentrated,OASQD-D07-interior-min012-K9/concentrated,0,400,400,0.4795041000179481,400,51200,24576,2048,77824,51200,51200,51200,8192,0,0,59392,3932160,501760.0,0,0,0,12,0,"{""armed"": 0, ""cooldown"": 0, ""global"": 0, ""local"": 400}",9,0,0.012939453125,0,0.03141010230403918,0.21881594127520193,1.0,0.1803125,0.154052734375,50,0,0
oa-stop-strat-H25-P50-N2048-K8,oa-stratified,0.5,OASQD-D07-interior-min012-K9,unequal-interior,concentrated,OASQD-D07-interior-min012-K9/concentrated,1,400,400,0.40710630000103265,400,51200,24576,2048,77824,51200,51200,51200,8192,0,0,59392,3932160,501760.0,0,0,0,12,0,"{""armed"": 0, ""cooldown"": 0, ""global"": 0, ""local"": 400}",9,0,0.0107421875,0,0.012493398132075395,0.1721986573647638,1.0,0.21149218749999998,0.220947265625,50,0,0
oa-stop-strat-H25-P50-N2048-K8,oa-stratified,0.5,OASQD-D07-interior-min012-K9,unequal-interior,concentrated,OASQD-D07-interior-min012-K9/concentrated,2,400,400,0.44887069999822415,400,51200,24576,2048,77824,51200,51200,51200,8192,0,0,59392,3932160,501760.0,0,0,0,12,0,"{""armed"": 0, ""cooldown"": 0, ""global"": 0, ""local"": 400}",9,0,0.0113525390625,0,0.015079668294998072,0.18193700197665527,1.0,0.19098437499999998,0.191162109375,50,0,0
oasqd-once-adaptive-H25-P50-N2048-K8,oa-stratified,0.5,OASQD-D07-interior-min012-K9,unequal-interior,concentrated,OASQD-D07-interior-min012-K9/concentrated,0,400,400,0.4651777000108268,400,51200,24576,2048,77824,51200,51200,51200,8192,0,0,59392,3932160,501760.0,0,0,0,12,0,"{""armed"": 0, ""cooldown"": 0, ""global"": 0, ""local"": 400}",9,0,0.012939453125,0,0.03141010230403918,0.21881594127520193,1.0,0.1803125,0.154052734375,50,0,0
oasqd-once-adaptive-H25-P50-N2048-K8,oa-stratified,0.5,OASQD-D07-interior-min012-K9,unequal-interior,concentrated,OASQD-D07-interior-min012-K9/concentrated,1,400,400,0.48300039998139255,400,51200,24576,2048,77824,51200,51200,51200,8192,0,0,59392,3932160,501760.0,0,0,0,12,0,"{""armed"": 0, ""cooldown"": 0, ""global"": 0, ""local"": 400}",9,0,0.0107421875,0,0.012493398132075395,0.1721986573647638,1.0,0.21149218749999998,0.220947265625,50,0,0
oasqd-once-adaptive-H25-P50-N2048-K8,oa-stratified,0.5,OASQD-D07-interior-min012-K9,unequal-interior,concentrated,OASQD-D07-interior-min012-K9/concentrated,2,400,400,0.4603631000209134,400,51200,24576,2048,77824,51200,51200,51200,8192,0,0,59392,3932160,501760.0,0,0,0,12,0,"{""armed"": 0, ""cooldown"": 0, ""global"": 0, ""local"": 400}",9,0,0.0113525390625,0,0.015079668294998072,0.18193700197665527,1.0,0.19098437499999998,0.191162109375,50,0,0
oasqd-stop-adaptive-H25-P50-N2048-K8,oa-stratified,0.5,OASQD-D07-interior-min012-K9,unequal-interior,concentrated,OASQD-D07-interior-min012-K9/concentrated,0,400,400,0.5103027000150178,400,51200,24576,2048,77824,51200,51200,51200,8192,0,0,59392,3932160,501760.0,0,0,0,12,0,"{""armed"": 0, ""cooldown"": 0, ""global"": 0, ""local"": 400}",9,0,0.012939453125,0,0.03141010230403918,0.21881594127520193,1.0,0.1803125,0.154052734375,50,0,0
oasqd-stop-adaptive-H25-P50-N2048-K8,oa-stratified,0.5,OASQD-D07-interior-min012-K9,unequal-interior,concentrated,OASQD-D07-interior-min012-K9/concentrated,1,400,400,0.47282180000911467,400,51200,24576,2048,77824,51200,51200,51200,8192,0,0,59392,3932160,501760.0,0,0,0,12,0,"{""armed"": 0, ""cooldown"": 0, ""global"": 0, ""local"": 400}",9,0,0.0107421875,0,0.012493398132075395,0.1721986573647638,1.0,0.21149218749999998,0.220947265625,50,0,0
oasqd-stop-adaptive-H25-P50-N2048-K8,oa-stratified,0.5,OASQD-D07-interior-min012-K9,unequal-interior,concentrated,OASQD-D07-interior-min012-K9/concentrated,2,400,400,0.4787293999979738,400,51200,24576,2048,77824,51200,51200,51200,8192,0,0,59392,3932160,501760.0,0,0,0,12,0,"{""armed"": 0, ""cooldown"": 0, ""global"": 0, ""local"": 400}",9,0,0.0113525390625,0,0.015079668294998072,0.18193700197665527,1.0,0.19098437499999998,0.191162109375,50,0,0
oasqd-stop-adaptive-iid-H25-P50-N2048-K8,oa-stratified,0.5,OASQD-D07-interior-min012-K9,unequal-interior,concentrated,OASQD-D07-interior-min012-K9/concentrated,0,400,400,0.4864434000046458,400,51200,24576,2048,77824,51200,51200,51200,8192,0,0,59392,3932160,501760.0,0,0,0,12,0,"{""armed"": 0, ""cooldown"": 0, ""global"": 0, ""local"": 400}",9,0,0.012939453125,0,0.03141010230403918,0.21881594127520193,1.0,0.1803125,0.154052734375,50,0,0
oasqd-stop-adaptive-iid-H25-P50-N2048-K8,oa-stratified,0.5,OASQD-D07-interior-min012-K9,unequal-interior,concentrated,OASQD-D07-interior-min012-K9/concentrated,1,400,400,0.454654400004074,400,51200,24576,2048,77824,51200,51200,51200,8192,0,0,59392,3932160,501760.0,0,0,0,12,0,"{""armed"": 0, ""cooldown"": 0, ""global"": 0, ""local"": 400}",9,0,0.0107421875,0,0.012493398132075395,0.1721986573647638,1.0,0.21149218749999998,0.220947265625,50,0,0
oasqd-stop-adaptive-iid-H25-P50-N2048-K8,oa-stratified,0.5,OASQD-D07-interior-min012-K9,unequal-interior,concentrated,OASQD-D07-interior-min012-K9/concentrated,2,400,400,0.5684941000072286,400,51200,24576,2048,77824,51200,51200,51200,8192,0,0,59392,3932160,501760.0,0,0,0,12,0,"{""armed"": 0, ""cooldown"": 0, ""global"": 0, ""local"": 400}",9,0,0.0113525390625,0,0.015079668294998072,0.18193700197665527,1.0,0.19098437499999998,0.191162109375,50,0,0
oasqd-stop-systematic-H25-P50-N2048-K8,oa-stratified,0.5,OASQD-D07-interior-min012-K9,unequal-interior,concentrated,OASQD-D07-interior-min012-K9/concentrated,0,400,400,0.534638899989659,400,51200,24576,2048,77824,51200,51200,51200,8192,0,0,59392,3932160,501760.0,0,0,0,12,0,"{""armed"": 0, ""cooldown"": 0, ""global"": 0, ""local"": 400}",9,0,0.012939453125,0,0.03141010230403918,0.21881594127520193,1.0,0.1803125,0.154052734375,50,0,0
oasqd-stop-systematic-H25-P50-N2048-K8,oa-stratified,0.5,OASQD-D07-interior-min012-K9,unequal-interior,concentrated,OASQD-D07-interior-min012-K9/concentrated,1,400,400,0.5320700999873225,400,51200,24576,2048,77824,51200,51200,51200,8192,0,0,59392,3932160,501760.0,0,0,0,12,0,"{""armed"": 0, ""cooldown"": 0, ""global"": 0, ""local"": 400}",9,0,0.0107421875,0,0.012493398132075395,0.1721986573647638,1.0,0.21149218749999998,0.220947265625,50,0,0
oasqd-stop-systematic-H25-P50-N2048-K8,oa-stratified,0.5,OASQD-D07-interior-min012-K9,unequal-interior,concentrated,OASQD-D07-interior-min012-K9/concentrated,2,400,400,0.46192669999436475,400,51200,24576,2048,77824,51200,51200,51200,8192,0,0,59392,3932160,501760.0,0,0,0,12,0,"{""armed"": 0, ""cooldown"": 0, ""global"": 0, ""local"": 400}",9,0,0.0113525390625,0,0.015079668294998072,0.18193700197665527,1.0,0.19098437499999998,0.191162109375,50,0,0
paper-0.5,paper,0.5,OASQD-D07-interior-min012-K9,unequal-interior,concentrated,OASQD-D07-interior-min012-K9/concentrated,0,400,400,0.7124008999962825,400,51200,0,2048,53248,51200,51200,51200,0,0,0,51200,13107200,0.0,0,0,0,0,0,"{""armed"": 0, ""cooldown"": 0, ""global"": 0, ""local"": 0}",0,0,nan,0,0.02855281057348691,0.2086092910741257,1.0,0.2292109375,nan,50,0,0
paper-0.5,paper,0.5,OASQD-D07-interior-min012-K9,unequal-interior,concentrated,OASQD-D07-interior-min012-K9/concentrated,1,400,400,0.8733534000057261,400,51200,0,2048,53248,51200,51200,51200,0,0,0,51200,13107200,0.0,0,0,0,0,0,"{""armed"": 0, ""cooldown"": 0, ""global"": 0, ""local"": 0}",0,0,nan,0,0.013410993617808398,0.20542647372199033,1.0,0.1949609375,nan,50,0,0
paper-0.5,paper,0.5,OASQD-D07-interior-min012-K9,unequal-interior,concentrated,OASQD-D07-interior-min012-K9/concentrated,2,400,400,0.5859661000140477,400,51200,0,2048,53248,51200,51200,51200,0,0,0,51200,13107200,0.0,0,0,0,0,0,"{""armed"": 0, ""cooldown"": 0, ""global"": 0, ""local"": 0}",0,0,nan,0,0.02330477793373209,0.20052557734789053,1.0,0.2194453125,nan,50,0,0
qld-v1,qld,0.5,OASQD-D07-interior-min012-K9,unequal-interior,concentrated,OASQD-D07-interior-min012-K9/concentrated,0,400,400,0.3119246000132989,400,51200,0,2048,53248,51200,51200,51200,0,0,0,51200,3932160,501760.0,0,0,0,0,0,"{""armed"": 0, ""cooldown"": 0, ""global"": 0, ""local"": 0}",0,0,nan,0,0.03141010230403918,0.21881594127520193,1.0,0.1803125,nan,50,0,0
qld-v1,qld,0.5,OASQD-D07-interior-min012-K9,unequal-interior,concentrated,OASQD-D07-interior-min012-K9/concentrated,1,400,400,0.30662209997535683,400,51200,0,2048,53248,51200,51200,51200,0,0,0,51200,3932160,501760.0,0,0,0,0,0,"{""armed"": 0, ""cooldown"": 0, ""global"": 0, ""local"": 0}",0,0,nan,0,0.012493398132075395,0.1721986573647638,1.0,0.21149218749999998,nan,50,0,0
qld-v1,qld,0.5,OASQD-D07-interior-min012-K9,unequal-interior,concentrated,OASQD-D07-interior-min012-K9/concentrated,2,400,400,0.3591141999932006,400,51200,0,2048,53248,51200,51200,51200,0,0,0,51200,3932160,501760.0,0,0,0,0,0,"{""armed"": 0, ""cooldown"": 0, ""global"": 0, ""local"": 0}",0,0,nan,0,0.015079668294998072,0.18193700197665527,1.0,0.19098437499999998,nan,50,0,0
fixed-lbqcd,fixed,0.5,OASQD-D07-interior-min012-K9,unequal-interior,missing,OASQD-D07-interior-min012-K9/missing,0,400,400,1.3771425999875646,4600,588800,0,5120,593920,302080,302080,302080,0,4096,0,306176,3932160,5734400.0,280,286720,0,0,0,"{""armed"": 0, ""cooldown"": 0, ""global"": 0, ""local"": 0}",0,0,nan,1,0.045055395265384046,0.22096793382998361,1.0,0.2125390625,nan,200,0,0
fixed-lbqcd,fixed,0.5,OASQD-D07-interior-min012-K9,unequal-interior,missing,OASQD-D07-interior-min012-K9/missing,1,400,400,1.406441300001461,4600,588800,0,4096,592896,302080,302080,302080,0,4096,0,306176,3932160,5734400.0,280,286720,0,0,0,"{""armed"": 0, ""cooldown"": 0, ""global"": 0, ""local"": 0}",0,0,nan,1,0.01801199007962584,0.19241909889562386,1.0,0.1803125,nan,150,0,0
fixed-lbqcd,fixed,0.5,OASQD-D07-interior-min012-K9,unequal-interior,missing,OASQD-D07-interior-min012-K9/missing,2,400,400,1.351789700012887,4600,588800,0,5120,593920,302080,302080,302080,0,4096,0,306176,3932160,5734400.0,280,286720,0,0,0,"{""armed"": 0, ""cooldown"": 0, ""global"": 0, ""local"": 0}",0,0,nan,1,0.03908042639201881,0.20856171737895482,1.0,0.22028124999999998,nan,200,0,0
oa-stop-strat-H25-P50-N2048-K8,oa-stratified,0.5,OASQD-D07-interior-min012-K9,unequal-interior,missing,OASQD-D07-interior-min012-K9/missing,0,400,400,0.43354890000773594,400,51200,24576,6144,81920,51200,51200,51200,8192,0,0,59392,3932160,501760.0,0,0,0,12,2,"{""armed"": 25, ""cooldown"": 0, ""global"": 0, ""local"": 375}",9,0,0.0111083984375,0,0.04967818218165965,0.24267020666225106,1.0,0.19984375,0.21435546875,250,0,0
oa-stop-strat-H25-P50-N2048-K8,oa-stratified,0.5,OASQD-D07-interior-min012-K9,unequal-interior,missing,OASQD-D07-interior-min012-K9/missing,1,400,400,0.4950210000097286,400,51200,24576,4096,79872,51200,51200,51200,8192,0,0,59392,3932160,501760.0,0,0,0,12,2,"{""armed"": 25, ""cooldown"": 0, ""global"": 0, ""local"": 375}",9,0,0.0111083984375,0,0.017918625287120626,0.20389996731385615,1.0,0.19196093749999998,0.192138671875,150,0,0
oa-stop-strat-H25-P50-N2048-K8,oa-stratified,0.5,OASQD-D07-interior-min012-K9,unequal-interior,missing,OASQD-D07-interior-min012-K9/missing,2,400,400,0.623601500003133,800,102400,8192,6144,116736,96000,51200,96000,8192,0,0,104192,3932160,1436160.0,50,51200,0,4,3,"{""armed"": 25, ""cooldown"": 325, ""global"": 50, ""local"": 0}",9,0,0.010498046875,0,0.03308091660641299,0.19945988870313597,1.0,0.219375,0.196533203125,250,0,0
oasqd-once-adaptive-H25-P50-N2048-K8,oa-stratified,0.5,OASQD-D07-interior-min012-K9,unequal-interior,missing,OASQD-D07-interior-min012-K9/missing,0,400,400,0.4989615000085905,400,51200,24576,6144,81920,51200,51200,51200,8192,0,0,59392,3932160,501760.0,0,0,0,12,2,"{""armed"": 25, ""cooldown"": 0, ""global"": 0, ""local"": 375}",9,0,0.0111083984375,0,0.04967818218165965,0.24267020666225106,1.0,0.19984375,0.21435546875,250,0,0
oasqd-once-adaptive-H25-P50-N2048-K8,oa-stratified,0.5,OASQD-D07-interior-min012-K9,unequal-interior,missing,OASQD-D07-interior-min012-K9/missing,1,400,400,0.4496363000071142,400,51200,24576,4096,79872,51200,51200,51200,8192,0,0,59392,3932160,501760.0,0,0,0,12,2,"{""armed"": 25, ""cooldown"": 0, ""global"": 0, ""local"": 375}",9,0,0.0111083984375,0,0.017918625287120626,0.20389996731385615,1.0,0.19196093749999998,0.192138671875,150,0,0
oasqd-once-adaptive-H25-P50-N2048-K8,oa-stratified,0.5,OASQD-D07-interior-min012-K9,unequal-interior,missing,OASQD-D07-interior-min012-K9/missing,2,400,400,0.6424556999991182,800,102400,6144,5120,113664,96000,51200,44800,8192,0,51200,52992,3932160,1436160.0,50,51200,0,3,3,"{""armed"": 25, ""cooldown"": 326, ""global"": 49, ""local"": 0}",9,0,0.010498046875,0,0.026965384652421598,0.19177762886802063,1.0,0.2125390625,0.18408203125,200,0,0
oasqd-stop-adaptive-H25-P50-N2048-K8,oa-stratified,0.5,OASQD-D07-interior-min012-K9,unequal-interior,missing,OASQD-D07-interior-min012-K9/missing,0,400,400,0.4646966999862343,400,51200,24576,6144,81920,51200,51200,51200,8192,0,0,59392,3932160,501760.0,0,0,0,12,2,"{""armed"": 25, ""cooldown"": 0, ""global"": 0, ""local"": 375}",9,0,0.0111083984375,0,0.04967818218165965,0.24267020666225106,1.0,0.19984375,0.21435546875,250,0,0
oasqd-stop-adaptive-H25-P50-N2048-K8,oa-stratified,0.5,OASQD-D07-interior-min012-K9,unequal-interior,missing,OASQD-D07-interior-min012-K9/missing,1,400,400,0.5007969999860507,400,51200,24576,4096,79872,51200,51200,51200,8192,0,0,59392,3932160,501760.0,0,0,0,12,2,"{""armed"": 25, ""cooldown"": 0, ""global"": 0, ""local"": 375}",9,0,0.0111083984375,0,0.017918625287120626,0.20389996731385615,1.0,0.19196093749999998,0.192138671875,150,0,0
oasqd-stop-adaptive-H25-P50-N2048-K8,oa-stratified,0.5,OASQD-D07-interior-min012-K9,unequal-interior,missing,OASQD-D07-interior-min012-K9/missing,2,400,400,0.5450349999882746,800,102400,8192,5120,115712,96000,51200,44800,8192,0,51200,52992,3932160,1436160.0,50,51200,0,4,3,"{""armed"": 25, ""cooldown"": 325, ""global"": 50, ""local"": 0}",9,0,0.010498046875,0,0.026965384652421598,0.19177762886802063,1.0,0.2125390625,0.18408203125,200,0,0
oasqd-stop-adaptive-iid-H25-P50-N2048-K8,oa-stratified,0.5,OASQD-D07-interior-min012-K9,unequal-interior,missing,OASQD-D07-interior-min012-K9/missing,0,400,400,0.46261829999275506,400,51200,24576,6144,81920,51200,51200,51200,8192,0,0,59392,3932160,501760.0,0,0,0,12,2,"{""armed"": 25, ""cooldown"": 0, ""global"": 0, ""local"": 375}",9,0,0.0111083984375,0,0.04967818218165965,0.24267020666225106,1.0,0.19984375,0.21435546875,250,0,0
oasqd-stop-adaptive-iid-H25-P50-N2048-K8,oa-stratified,0.5,OASQD-D07-interior-min012-K9,unequal-interior,missing,OASQD-D07-interior-min012-K9/missing,1,400,400,0.48046739998972043,400,51200,24576,4096,79872,51200,51200,51200,8192,0,0,59392,3932160,501760.0,0,0,0,12,2,"{""armed"": 25, ""cooldown"": 0, ""global"": 0, ""local"": 375}",9,0,0.0111083984375,0,0.017918625287120626,0.20389996731385615,1.0,0.19196093749999998,0.192138671875,150,0,0
oasqd-stop-adaptive-iid-H25-P50-N2048-K8,oa-stratified,0.5,OASQD-D07-interior-min012-K9,unequal-interior,missing,OASQD-D07-interior-min012-K9/missing,2,400,400,0.6123689999803901,800,102400,8192,6144,116736,96000,51200,96000,8192,0,0,104192,3932160,1436160.0,50,51200,0,4,3,"{""armed"": 25, ""cooldown"": 325, ""global"": 50, ""local"": 0}",9,0,0.010498046875,0,0.03308091660641299,0.19945988870313597,1.0,0.219375,0.196533203125,250,0,0
oasqd-stop-systematic-H25-P50-N2048-K8,oa-stratified,0.5,OASQD-D07-interior-min012-K9,unequal-interior,missing,OASQD-D07-interior-min012-K9/missing,0,400,400,0.5011169000063092,400,51200,24576,6144,81920,51200,51200,51200,8192,0,0,59392,3932160,501760.0,0,0,0,12,2,"{""armed"": 25, ""cooldown"": 0, ""global"": 0, ""local"": 375}",9,0,0.0111083984375,0,0.04967818218165965,0.24267020666225106,1.0,0.19984375,0.21435546875,250,0,0
oasqd-stop-systematic-H25-P50-N2048-K8,oa-stratified,0.5,OASQD-D07-interior-min012-K9,unequal-interior,missing,OASQD-D07-interior-min012-K9/missing,1,400,400,0.458119999995688,400,51200,24576,4096,79872,51200,51200,51200,8192,0,0,59392,3932160,501760.0,0,0,0,12,2,"{""armed"": 25, ""cooldown"": 0, ""global"": 0, ""local"": 375}",9,0,0.0111083984375,0,0.017918625287120626,0.20389996731385615,1.0,0.19196093749999998,0.192138671875,150,0,0
oasqd-stop-systematic-H25-P50-N2048-K8,oa-stratified,0.5,OASQD-D07-interior-min012-K9,unequal-interior,missing,OASQD-D07-interior-min012-K9/missing,2,400,400,0.6005516999866813,800,102400,8192,5120,115712,96000,51200,44800,8192,0,51200,52992,3932160,1436160.0,50,51200,0,4,3,"{""armed"": 25, ""cooldown"": 325, ""global"": 50, ""local"": 0}",9,0,0.010498046875,0,0.026965384652421598,0.19177762886802063,1.0,0.2125390625,0.18408203125,200,0,0
paper-0.5,paper,0.5,OASQD-D07-interior-min012-K9,unequal-interior,missing,OASQD-D07-interior-min012-K9/missing,0,400,400,0.6357793999777641,400,51200,0,3072,54272,51200,51200,51200,0,0,0,51200,13107200,0.0,0,0,0,0,0,"{""armed"": 0, ""cooldown"": 0, ""global"": 0, ""local"": 0}",0,0,nan,0,0.054178210663601956,0.23511127705181997,1.0,0.2584375,nan,100,0,0
paper-0.5,paper,0.5,OASQD-D07-interior-min012-K9,unequal-interior,missing,OASQD-D07-interior-min012-K9/missing,1,400,400,0.5904060000029858,400,51200,0,3072,54272,51200,51200,51200,0,0,0,51200,13107200,0.0,0,0,0,0,0,"{""armed"": 0, ""cooldown"": 0, ""global"": 0, ""local"": 0}",0,0,nan,0,0.0281438080725942,0.19082537992429247,1.0,0.19684374999999998,nan,100,0,0
paper-0.5,paper,0.5,OASQD-D07-interior-min012-K9,unequal-interior,missing,OASQD-D07-interior-min012-K9/missing,2,400,400,0.6118234000168741,400,51200,0,3072,54272,51200,51200,51200,0,0,0,51200,13107200,0.0,0,0,0,0,0,"{""armed"": 0, ""cooldown"": 0, ""global"": 0, ""local"": 0}",0,0,nan,0,0.047689020997093934,0.239870951161093,1.0,0.2242578125,nan,100,0,0
qld-v1,qld,0.5,OASQD-D07-interior-min012-K9,unequal-interior,missing,OASQD-D07-interior-min012-K9/missing,0,400,400,0.3568275999859907,400,51200,0,6144,57344,51200,51200,51200,0,0,0,51200,3932160,501760.0,0,0,0,0,0,"{""armed"": 0, ""cooldown"": 0, ""global"": 0, ""local"": 0}",0,0,nan,0,0.04967818218165965,0.24267020666225106,1.0,0.19984375,nan,250,0,0
qld-v1,qld,0.5,OASQD-D07-interior-min012-K9,unequal-interior,missing,OASQD-D07-interior-min012-K9/missing,1,400,400,0.3739791999978479,400,51200,0,4096,55296,51200,51200,51200,0,0,0,51200,3932160,501760.0,0,0,0,0,0,"{""armed"": 0, ""cooldown"": 0, ""global"": 0, ""local"": 0}",0,0,nan,0,0.017918625287120626,0.20389996731385615,1.0,0.19196093749999998,nan,150,0,0
qld-v1,qld,0.5,OASQD-D07-interior-min012-K9,unequal-interior,missing,OASQD-D07-interior-min012-K9/missing,2,400,400,0.3761557999823708,400,51200,0,6144,57344,51200,51200,51200,0,0,0,51200,3932160,501760.0,0,0,0,0,0,"{""armed"": 0, ""cooldown"": 0, ""global"": 0, ""local"": 0}",0,0,nan,0,0.032195800437435196,0.19557085767717272,1.0,0.21149218749999998,nan,250,0,0
fixed-lbqcd,fixed,0.5,OASQD-D08-interior-min005-K14,unequal-interior,concentrated,OASQD-D08-interior-min005-K14/concentrated,0,400,400,1.3074300000153016,4600,588800,0,4096,592896,302080,302080,302080,0,4096,0,306176,3932160,5734400.0,280,286720,0,0,0,"{""armed"": 0, ""cooldown"": 0, ""global"": 0, ""local"": 0}",0,0,nan,1,0.02050241338158232,0.25483820835118653,1.0,0.20532752403846155,nan,150,0,0
fixed-lbqcd,fixed,0.5,OASQD-D08-interior-min005-K14,unequal-interior,concentrated,OASQD-D08-interior-min005-K14/concentrated,1,400,400,0.4044564999931026,400,51200,0,4096,55296,51200,51200,51200,0,4096,0,55296,3932160,501760.0,0,0,0,0,0,"{""armed"": 0, ""cooldown"": 0, ""global"": 0, ""local"": 0}",0,0,nan,0,0.012555882558845433,0.1767931634288619,1.0,0.14942007211538466,nan,150,0,0
fixed-lbqcd,fixed,0.5,OASQD-D08-interior-min005-K14,unequal-interior,concentrated,OASQD-D08-interior-min005-K14/concentrated,2,400,400,1.2831695000058971,4600,588800,0,4096,592896,302080,302080,302080,0,4096,0,306176,3932160,5734400.0,280,286720,0,0,0,"{""armed"": 0, ""cooldown"": 0, ""global"": 0, ""local"": 0}",0,0,nan,1,0.01464810373747305,0.19473227289022296,1.0,0.16235877403846155,nan,150,0,0
oa-stop-strat-H25-P50-N2048-K8,oa-stratified,0.5,OASQD-D08-interior-min005-K14,unequal-interior,concentrated,OASQD-D08-interior-min005-K14/concentrated,0,400,400,0.49570949998451397,400,51200,24576,5120,80896,51200,51200,51200,8192,0,0,59392,3932160,501760.0,0,0,0,12,0,"{""armed"": 0, ""cooldown"": 0, ""global"": 0, ""local"": 400}",14,0,0.0054931640625,0,0.020296896509887308,0.20779168541233478,1.0,0.16431189903846155,0.16552734375,200,0,0
oa-stop-strat-H25-P50-N2048-K8,oa-stratified,0.5,OASQD-D08-interior-min005-K14,unequal-interior,concentrated,OASQD-D08-interior-min005-K14/concentrated,1,400,400,0.5011009000008926,400,51200,24576,4096,79872,51200,51200,51200,8192,0,0,59392,3932160,501760.0,0,0,0,12,0,"{""armed"": 0, ""cooldown"": 0, ""global"": 0, ""local"": 400}",14,0,0.00390625,0,0.012555882558845433,0.1767931634288619,1.0,0.14942007211538466,0.153076171875,150,0,0
oa-stop-strat-H25-P50-N2048-K8,oa-stratified,0.5,OASQD-D08-interior-min005-K14,unequal-interior,concentrated,OASQD-D08-interior-min005-K14/concentrated,2,400,400,0.5637516000133473,400,51200,24576,5120,80896,51200,51200,51200,8192,0,0,59392,3932160,501760.0,0,0,0,12,0,"{""armed"": 0, ""cooldown"": 0, ""global"": 0, ""local"": 400}",14,0,0.0052490234375,0,0.030501155171203997,0.28283540262075463,1.0,0.14844350961538466,0.148681640625,200,0,0
oasqd-once-adaptive-H25-P50-N2048-K8,oa-stratified,0.5,OASQD-D08-interior-min005-K14,unequal-interior,concentrated,OASQD-D08-interior-min005-K14/concentrated,0,400,400,0.4865601999917999,400,51200,24576,5120,80896,51200,51200,51200,8192,0,0,59392,3932160,501760.0,0,0,0,12,0,"{""armed"": 0, ""cooldown"": 0, ""global"": 0, ""local"": 400}",14,0,0.0054931640625,0,0.020296896509887308,0.20779168541233478,1.0,0.16431189903846155,0.16552734375,200,0,0
oasqd-once-adaptive-H25-P50-N2048-K8,oa-stratified,0.5,OASQD-D08-interior-min005-K14,unequal-interior,concentrated,OASQD-D08-interior-min005-K14/concentrated,1,400,400,0.3998458000132814,400,51200,24576,4096,79872,51200,51200,51200,8192,0,0,59392,3932160,501760.0,0,0,0,12,0,"{""armed"": 0, ""cooldown"": 0, ""global"": 0, ""local"": 400}",14,0,0.00390625,0,0.012555882558845433,0.1767931634288619,1.0,0.14942007211538466,0.153076171875,150,0,0
oasqd-once-adaptive-H25-P50-N2048-K8,oa-stratified,0.5,OASQD-D08-interior-min005-K14,unequal-interior,concentrated,OASQD-D08-interior-min005-K14/concentrated,2,400,400,0.42876569999498315,400,51200,24576,5120,80896,51200,51200,51200,8192,0,0,59392,3932160,501760.0,0,0,0,12,0,"{""armed"": 0, ""cooldown"": 0, ""global"": 0, ""local"": 400}",14,0,0.0052490234375,0,0.030501155171203997,0.28283540262075463,1.0,0.14844350961538466,0.148681640625,200,0,0
oasqd-stop-adaptive-H25-P50-N2048-K8,oa-stratified,0.5,OASQD-D08-interior-min005-K14,unequal-interior,concentrated,OASQD-D08-interior-min005-K14/concentrated,0,400,400,0.5181975000014063,400,51200,24576,5120,80896,51200,51200,51200,8192,0,0,59392,3932160,501760.0,0,0,0,12,0,"{""armed"": 0, ""cooldown"": 0, ""global"": 0, ""local"": 400}",14,0,0.0054931640625,0,0.020296896509887308,0.20779168541233478,1.0,0.16431189903846155,0.16552734375,200,0,0
oasqd-stop-adaptive-H25-P50-N2048-K8,oa-stratified,0.5,OASQD-D08-interior-min005-K14,unequal-interior,concentrated,OASQD-D08-interior-min005-K14/concentrated,1,400,400,0.4032012000097893,400,51200,24576,4096,79872,51200,51200,51200,8192,0,0,59392,3932160,501760.0,0,0,0,12,0,"{""armed"": 0, ""cooldown"": 0, ""global"": 0, ""local"": 400}",14,0,0.00390625,0,0.012555882558845433,0.1767931634288619,1.0,0.14942007211538466,0.153076171875,150,0,0
oasqd-stop-adaptive-H25-P50-N2048-K8,oa-stratified,0.5,OASQD-D08-interior-min005-K14,unequal-interior,concentrated,OASQD-D08-interior-min005-K14/concentrated,2,400,400,0.42401499999687076,400,51200,24576,5120,80896,51200,51200,51200,8192,0,0,59392,3932160,501760.0,0,0,0,12,0,"{""armed"": 0, ""cooldown"": 0, ""global"": 0, ""local"": 400}",14,0,0.0052490234375,0,0.030501155171203997,0.28283540262075463,1.0,0.14844350961538466,0.148681640625,200,0,0
oasqd-stop-adaptive-iid-H25-P50-N2048-K8,oa-stratified,0.5,OASQD-D08-interior-min005-K14,unequal-interior,concentrated,OASQD-D08-interior-min005-K14/concentrated,0,400,400,0.4569836000155192,400,51200,24576,5120,80896,51200,51200,51200,8192,0,0,59392,3932160,501760.0,0,0,0,12,0,"{""armed"": 0, ""cooldown"": 0, ""global"": 0, ""local"": 400}",14,0,0.0054931640625,0,0.020296896509887308,0.20779168541233478,1.0,0.16431189903846155,0.16552734375,200,0,0
oasqd-stop-adaptive-iid-H25-P50-N2048-K8,oa-stratified,0.5,OASQD-D08-interior-min005-K14,unequal-interior,concentrated,OASQD-D08-interior-min005-K14/concentrated,1,400,400,0.40809889999218285,400,51200,24576,4096,79872,51200,51200,51200,8192,0,0,59392,3932160,501760.0,0,0,0,12,0,"{""armed"": 0, ""cooldown"": 0, ""global"": 0, ""local"": 400}",14,0,0.00390625,0,0.012555882558845433,0.1767931634288619,1.0,0.14942007211538466,0.153076171875,150,0,0
oasqd-stop-adaptive-iid-H25-P50-N2048-K8,oa-stratified,0.5,OASQD-D08-interior-min005-K14,unequal-interior,concentrated,OASQD-D08-interior-min005-K14/concentrated,2,400,400,0.49151039999560453,400,51200,24576,5120,80896,51200,51200,51200,8192,0,0,59392,3932160,501760.0,0,0,0,12,0,"{""armed"": 0, ""cooldown"": 0, ""global"": 0, ""local"": 400}",14,0,0.0052490234375,0,0.030501155171203997,0.28283540262075463,1.0,0.14844350961538466,0.148681640625,200,0,0
oasqd-stop-systematic-H25-P50-N2048-K8,oa-stratified,0.5,OASQD-D08-interior-min005-K14,unequal-interior,concentrated,OASQD-D08-interior-min005-K14/concentrated,0,400,400,0.4808406000083778,400,51200,24576,5120,80896,51200,51200,51200,8192,0,0,59392,3932160,501760.0,0,0,0,12,0,"{""armed"": 0, ""cooldown"": 0, ""global"": 0, ""local"": 400}",14,0,0.0054931640625,0,0.020296896509887308,0.20779168541233478,1.0,0.16431189903846155,0.16552734375,200,0,0
oasqd-stop-systematic-H25-P50-N2048-K8,oa-stratified,0.5,OASQD-D08-interior-min005-K14,unequal-interior,concentrated,OASQD-D08-interior-min005-K14/concentrated,1,400,400,0.4878540000063367,400,51200,24576,4096,79872,51200,51200,51200,8192,0,0,59392,3932160,501760.0,0,0,0,12,0,"{""armed"": 0, ""cooldown"": 0, ""global"": 0, ""local"": 400}",14,0,0.00390625,0,0.012555882558845433,0.1767931634288619,1.0,0.14942007211538466,0.153076171875,150,0,0
oasqd-stop-systematic-H25-P50-N2048-K8,oa-stratified,0.5,OASQD-D08-interior-min005-K14,unequal-interior,concentrated,OASQD-D08-interior-min005-K14/concentrated,2,400,400,0.5085060000128578,400,51200,24576,5120,80896,51200,51200,51200,8192,0,0,59392,3932160,501760.0,0,0,0,12,0,"{""armed"": 0, ""cooldown"": 0, ""global"": 0, ""local"": 400}",14,0,0.0052490234375,0,0.030501155171203997,0.28283540262075463,1.0,0.14844350961538466,0.148681640625,200,0,0
paper-0.5,paper,0.5,OASQD-D08-interior-min005-K14,unequal-interior,concentrated,OASQD-D08-interior-min005-K14/concentrated,0,400,400,0.6021271999925375,400,51200,0,3072,54272,51200,51200,51200,0,0,0,51200,13107200,0.0,0,0,0,0,0,"{""armed"": 0, ""cooldown"": 0, ""global"": 0, ""local"": 0}",0,0,nan,0,0.01749802796183353,0.20505275247822238,1.0,0.16235877403846155,nan,100,0,0
paper-0.5,paper,0.5,OASQD-D08-interior-min005-K14,unequal-interior,concentrated,OASQD-D08-interior-min005-K14/concentrated,1,400,400,0.6251289999927394,400,51200,0,3072,54272,51200,51200,51200,0,0,0,51200,13107200,0.0,0,0,0,0,0,"{""armed"": 0, ""cooldown"": 0, ""global"": 0, ""local"": 0}",0,0,nan,0,0.019269517963792282,0.18537198044030836,1.0,0.19409855769230777,nan,100,0,0
paper-0.5,paper,0.5,OASQD-D08-interior-min005-K14,unequal-interior,concentrated,OASQD-D08-interior-min005-K14/concentrated,2,400,400,0.7422626000188757,400,51200,0,3072,54272,51200,51200,51200,0,0,0,51200,13107200,0.0,0,0,0,0,0,"{""armed"": 0, ""cooldown"": 0, ""global"": 0, ""local"": 0}",0,0,nan,0,0.011190931165848461,0.18427036252116688,1.0,0.16138221153846155,nan,100,0,0
qld-v1,qld,0.5,OASQD-D08-interior-min005-K14,unequal-interior,concentrated,OASQD-D08-interior-min005-K14/concentrated,0,400,400,0.3196890999970492,400,51200,0,5120,56320,51200,51200,51200,0,0,0,51200,3932160,501760.0,0,0,0,0,0,"{""armed"": 0, ""cooldown"": 0, ""global"": 0, ""local"": 0}",0,0,nan,0,0.020296896509887308,0.20779168541233478,1.0,0.16431189903846155,nan,200,0,0
qld-v1,qld,0.5,OASQD-D08-interior-min005-K14,unequal-interior,concentrated,OASQD-D08-interior-min005-K14/concentrated,1,400,400,0.4236244999920018,400,51200,0,4096,55296,51200,51200,51200,0,0,0,51200,3932160,501760.0,0,0,0,0,0,"{""armed"": 0, ""cooldown"": 0, ""global"": 0, ""local"": 0}",0,0,nan,0,0.012555882558845433,0.1767931634288619,1.0,0.14942007211538466,nan,150,0,0
qld-v1,qld,0.5,OASQD-D08-interior-min005-K14,unequal-interior,concentrated,OASQD-D08-interior-min005-K14/concentrated,2,400,400,0.3101909000251908,400,51200,0,5120,56320,51200,51200,51200,0,0,0,51200,3932160,501760.0,0,0,0,0,0,"{""armed"": 0, ""cooldown"": 0, ""global"": 0, ""local"": 0}",0,0,nan,0,0.030501155171203997,0.28283540262075463,1.0,0.14844350961538466,nan,200,0,0
fixed-lbqcd,fixed,0.5,OASQD-D08-interior-min005-K14,unequal-interior,missing,OASQD-D08-interior-min005-K14/missing,0,400,400,0.4483996999915689,400,51200,0,5120,56320,51200,51200,51200,0,4096,0,55296,3932160,501760.0,0,0,0,0,0,"{""armed"": 0, ""cooldown"": 0, ""global"": 0, ""local"": 0}",0,0,nan,0,0.05058316527425921,0.21837336446370123,0.9234615384615386,0.25366887019230777,nan,200,0,0
fixed-lbqcd,fixed,0.5,OASQD-D08-interior-min005-K14,unequal-interior,missing,OASQD-D08-interior-min005-K14/missing,1,400,400,1.2594390000158455,4600,588800,0,5120,593920,302080,302080,302080,0,4096,0,306176,3932160,5734400.0,280,286720,0,0,0,"{""armed"": 0, ""cooldown"": 0, ""global"": 0, ""local"": 0}",0,0,nan,1,0.017995273474372908,0.1854046097824262,1.0,0.21240985576923088,nan,200,0,0
fixed-lbqcd,fixed,0.5,OASQD-D08-interior-min005-K14,unequal-interior,missing,OASQD-D08-interior-min005-K14/missing,2,400,400,1.3709273000131361,4600,588800,0,4096,592896,302080,302080,302080,0,4096,0,306176,3932160,5734400.0,280,286720,0,0,0,"{""armed"": 0, ""cooldown"": 0, ""global"": 0, ""local"": 0}",0,0,nan,1,0.015616570197719781,0.172669500637356,1.0,0.23145132211538466,nan,150,0,0
oa-stop-strat-H25-P50-N2048-K8,oa-stratified,0.5,OASQD-D08-interior-min005-K14,unequal-interior,missing,OASQD-D08-interior-min005-K14/missing,0,400,400,0.5920206000155304,800,102400,8192,5120,115712,96000,51200,96000,8192,0,0,104192,3932160,1436160.0,50,51200,0,4,3,"{""armed"": 25, ""cooldown"": 325, ""global"": 50, ""local"": 0}",14,0,0.0045166015625,0,0.022133343318382348,0.20389394929976204,1.0,0.21997896634615394,0.212646484375,200,0,0
oa-stop-strat-H25-P50-N2048-K8,oa-stratified,0.5,OASQD-D08-interior-min005-K14,unequal-interior,missing,OASQD-D08-interior-min005-K14/missing,1,400,400,0.5248256000049878,800,102400,8192,5120,115712,96000,51200,96000,8192,0,0,104192,3932160,1436160.0,50,51200,0,4,3,"{""armed"": 25, ""cooldown"": 325, ""global"": 50, ""local"": 0}",14,0,0.004638671875,0,0.015530682402079332,0.21830213841901328,0.9234615384615386,0.23413762019230777,0.221435546875,200,0,0
oa-stop-strat-H25-P50-N2048-K8,oa-stratified,0.5,OASQD-D08-interior-min005-K14,unequal-interior,missing,OASQD-D08-interior-min005-K14/missing,2,400,400,0.6133336999919266,800,102400,8192,5120,115712,96000,51200,96000,8192,0,0,104192,3932160,1436160.0,50,51200,0,4,3,"{""armed"": 25, ""cooldown"": 325, ""global"": 50, ""local"": 0}",14,0,0.0048828125,0,0.01404418015916864,0.18245134152003473,1.0,0.22534855769230777,0.193603515625,200,0,0
oasqd-once-adaptive-H25-P50-N2048-K8,oa-stratified,0.5,OASQD-D08-interior-min005-K14,unequal-interior,missing,OASQD-D08-interior-min005-K14/missing,0,400,400,0.6835821999993641,1200,153600,6144,5120,164864,147200,51200,44800,8192,0,102400,52992,3932160,2664960.0,50,102400,50,3,3,"{""armed"": 25, ""cooldown"": 326, ""global"": 49, ""local"": 0}",14,0,0.0045166015625,0,0.01885329093427046,0.22376529386012883,1.0,0.23853365384615394,0.233154296875,200,0,0
oasqd-once-adaptive-H25-P50-N2048-K8,oa-stratified,0.5,OASQD-D08-interior-min005-K14,unequal-interior,missing,OASQD-D08-interior-min005-K14/missing,1,400,400,0.6410960000066552,1200,153600,6144,5120,164864,147200,51200,44800,8192,0,102400,52992,3932160,2664960.0,50,102400,50,3,3,"{""armed"": 25, ""cooldown"": 326, ""global"": 49, ""local"": 0}",14,0,0.004638671875,0,0.02216130629854529,0.214178846363236,1.0,0.22510516826923083,0.212646484375,200,0,0
oasqd-once-adaptive-H25-P50-N2048-K8,oa-stratified,0.5,OASQD-D08-interior-min005-K14,unequal-interior,missing,OASQD-D08-interior-min005-K14/missing,2,400,400,0.5688593999948353,1200,153600,6144,5120,164864,147200,51200,44800,8192,0,102400,52992,3932160,2664960.0,50,102400,50,3,3,"{""armed"": 25, ""cooldown"": 326, ""global"": 49, ""local"": 0}",14,0,0.0048828125,0,0.013723802248202244,0.17939951511808214,1.0,0.23340444711538466,0.203125,200,0,0
oasqd-stop-adaptive-H25-P50-N2048-K8,oa-stratified,0.5,OASQD-D08-interior-min005-K14,unequal-interior,missing,OASQD-D08-interior-min005-K14/missing,0,400,400,0.6732527999847662,1200,153600,8192,5120,166912,147200,51200,44800,8192,0,102400,52992,3932160,2664960.0,50,102400,50,4,3,"{""armed"": 25, ""cooldown"": 325, ""global"": 50, ""local"": 0}",14,0,0.0045166015625,0,0.01885329093427046,0.22376529386012883,1.0,0.23853365384615394,0.233154296875,200,0,0
oasqd-stop-adaptive-H25-P50-N2048-K8,oa-stratified,0.5,OASQD-D08-interior-min005-K14,unequal-interior,missing,OASQD-D08-interior-min005-K14/missing,1,400,400,0.6351113000127953,1200,153600,8192,5120,166912,147200,51200,44800,8192,0,102400,52992,3932160,2664960.0,50,102400,50,4,3,"{""armed"": 25, ""cooldown"": 325, ""global"": 50, ""local"": 0}",14,0,0.004638671875,0,0.02216130629854529,0.214178846363236,1.0,0.22510516826923083,0.212646484375,200,0,0
oasqd-stop-adaptive-H25-P50-N2048-K8,oa-stratified,0.5,OASQD-D08-interior-min005-K14,unequal-interior,missing,OASQD-D08-interior-min005-K14/missing,2,400,400,0.727411799976835,1200,153600,8192,5120,166912,147200,51200,44800,8192,0,102400,52992,3932160,2664960.0,50,102400,50,4,3,"{""armed"": 25, ""cooldown"": 325, ""global"": 50, ""local"": 0}",14,0,0.0048828125,0,0.013723802248202244,0.17939951511808214,1.0,0.23340444711538466,0.203125,200,0,0
oasqd-stop-adaptive-iid-H25-P50-N2048-K8,oa-stratified,0.5,OASQD-D08-interior-min005-K14,unequal-interior,missing,OASQD-D08-interior-min005-K14/missing,0,400,400,0.6032547999930102,1200,153600,8192,5120,166912,147200,51200,147200,8192,0,0,155392,3932160,2664960.0,50,102400,50,4,3,"{""armed"": 25, ""cooldown"": 325, ""global"": 50, ""local"": 0}",14,0,0.0045166015625,0,0.0165530267847096,0.2288673507692366,1.0,0.21704927884615388,0.209716796875,200,0,0
oasqd-stop-adaptive-iid-H25-P50-N2048-K8,oa-stratified,0.5,OASQD-D08-interior-min005-K14,unequal-interior,missing,OASQD-D08-interior-min005-K14/missing,1,400,400,0.682589400006691,1200,153600,8192,5120,166912,147200,51200,147200,8192,0,0,155392,3932160,2664960.0,50,102400,50,4,3,"{""armed"": 25, ""cooldown"": 325, ""global"": 50, ""local"": 0}",14,0,0.004638671875,0,0.024504044684925397,0.21309023667517188,0.9234615384615386,0.2749098557692309,0.26904296875,200,0,0
oasqd-stop-adaptive-iid-H25-P50-N2048-K8,oa-stratified,0.5,OASQD-D08-interior-min005-K14,unequal-interior,missing,OASQD-D08-interior-min005-K14/missing,2,400,400,0.7791838000121061,1200,153600,8192,5120,166912,147200,51200,147200,8192,0,0,155392,3932160,2664960.0,50,102400,50,4,3,"{""armed"": 25, ""cooldown"": 325, ""global"": 50, ""local"": 0}",14,0,0.0048828125,0,0.01861888717604998,0.19566552912031282,1.0,0.23023137019230772,0.19921875,200,0,0
oasqd-stop-systematic-H25-P50-N2048-K8,oa-stratified,0.5,OASQD-D08-interior-min005-K14,unequal-interior,missing,OASQD-D08-interior-min005-K14/missing,0,400,400,0.5421801999909803,800,102400,8192,5120,115712,96000,51200,44800,8192,0,51200,52992,3932160,1436160.0,50,51200,0,4,3,"{""armed"": 25, ""cooldown"": 325, ""global"": 50, ""local"": 0}",14,0,0.0045166015625,0,0.03213041100246894,0.20328403681772428,1.0,0.23316105769230772,0.22314453125,200,0,0
oasqd-stop-systematic-H25-P50-N2048-K8,oa-stratified,0.5,OASQD-D08-interior-min005-K14,unequal-interior,missing,OASQD-D08-interior-min005-K14/missing,1,400,400,0.5424566000001505,800,102400,8192,5120,115712,96000,51200,44800,8192,0,51200,52992,3932160,1436160.0,50,51200,0,4,3,"{""armed"": 25, ""cooldown"": 325, ""global"": 50, ""local"": 0}",14,0,0.004638671875,0,0.021154275419204005,0.20275217248627536,1.0,0.21680288461538466,0.212158203125,200,0,0
oasqd-stop-systematic-H25-P50-N2048-K8,oa-stratified,0.5,OASQD-D08-interior-min005-K14,unequal-interior,missing,OASQD-D08-interior-min005-K14/missing,2,400,400,0.6279887999990024,800,102400,8192,5120,115712,96000,51200,44800,8192,0,51200,52992,3932160,1436160.0,50,51200,0,4,3,"{""armed"": 25, ""cooldown"": 325, ""global"": 50, ""local"": 0}",14,0,0.0048828125,0,0.015093555795095082,0.18380782387486397,1.0,0.23438100961538466,0.207763671875,200,0,0
paper-0.5,paper,0.5,OASQD-D08-interior-min005-K14,unequal-interior,missing,OASQD-D08-interior-min005-K14/missing,0,400,400,0.8264812999987043,400,51200,0,3072,54272,51200,51200,51200,0,0,0,51200,13107200,0.0,0,0,0,0,0,"{""armed"": 0, ""cooldown"": 0, ""global"": 0, ""local"": 0}",0,0,nan,0,0.03698264988878108,0.23307729412378117,1.0,0.17212439903846155,nan,100,0,0
paper-0.5,paper,0.5,OASQD-D08-interior-min005-K14,unequal-interior,missing,OASQD-D08-interior-min005-K14/missing,1,400,400,0.6339261000102852,400,51200,0,3072,54272,51200,51200,51200,0,0,0,51200,13107200,0.0,0,0,0,0,0,"{""armed"": 0, ""cooldown"": 0, ""global"": 0, ""local"": 0}",0,0,nan,0,0.012497094123104624,0.21313851691619481,1.0,0.17652043269230783,nan,100,0,0
paper-0.5,paper,0.5,OASQD-D08-interior-min005-K14,unequal-interior,missing,OASQD-D08-interior-min005-K14/missing,2,400,400,0.7235810999991372,400,51200,0,3072,54272,51200,51200,51200,0,0,0,51200,13107200,0.0,0,0,0,0,0,"{""armed"": 0, ""cooldown"": 0, ""global"": 0, ""local"": 0}",0,0,nan,0,0.01946397043128556,0.22912617777816427,1.0,0.20484074519230777,nan,100,0,0
qld-v1,qld,0.5,OASQD-D08-interior-min005-K14,unequal-interior,missing,OASQD-D08-interior-min005-K14/missing,0,400,400,0.35489400001824833,400,51200,0,5120,56320,51200,51200,51200,0,0,0,51200,3932160,501760.0,0,0,0,0,0,"{""armed"": 0, ""cooldown"": 0, ""global"": 0, ""local"": 0}",0,0,nan,0,0.05058316527425921,0.21837336446370123,0.9234615384615386,0.25366887019230777,nan,200,0,0
qld-v1,qld,0.5,OASQD-D08-interior-min005-K14,unequal-interior,missing,OASQD-D08-interior-min005-K14/missing,1,400,400,0.34301549999509007,400,51200,0,5120,56320,51200,51200,51200,0,0,0,51200,3932160,501760.0,0,0,0,0,0,"{""armed"": 0, ""cooldown"": 0, ""global"": 0, ""local"": 0}",0,0,nan,0,0.01634213167160814,0.2130928390220329,0.9234615384615386,0.25659855769230777,nan,200,0,0
qld-v1,qld,0.5,OASQD-D08-interior-min005-K14,unequal-interior,missing,OASQD-D08-interior-min005-K14/missing,2,400,400,0.30349600000772625,400,51200,0,5120,56320,51200,51200,51200,0,0,0,51200,3932160,501760.0,0,0,0,0,0,"{""armed"": 0, ""cooldown"": 0, ""global"": 0, ""local"": 0}",0,0,nan,0,0.013029520444839626,0.18770526472233096,1.0,0.24902944711538466,nan,200,0,0
fixed-lbqcd,fixed,0.5,OASQD-D09-equal-K17,equal,concentrated,OASQD-D09-equal-K17/concentrated,0,400,400,1.1936908999923617,4600,588800,0,5120,593920,302080,302080,302080,0,4096,0,306176,3932160,5734400.0,280,286720,0,0,0,"{""armed"": 0, ""cooldown"": 0, ""global"": 0, ""local"": 0}",0,0,nan,1,0.022598199075825942,0.12094773292681871,1.0,0.0890969669117647,nan,200,0,0
fixed-lbqcd,fixed,0.5,OASQD-D09-equal-K17,equal,concentrated,OASQD-D09-equal-K17/concentrated,1,400,400,1.2795958000060637,4600,588800,0,5120,593920,302080,302080,302080,0,4096,0,306176,3932160,5734400.0,280,286720,0,0,0,"{""armed"": 0, ""cooldown"": 0, ""global"": 0, ""local"": 0}",0,0,nan,1,0.0479402266842448,0.1974032873415897,1.0,0.0744485294117647,nan,200,0,0
fixed-lbqcd,fixed,0.5,OASQD-D09-equal-K17,equal,concentrated,OASQD-D09-equal-K17/concentrated,2,400,400,1.2394677000120282,4600,588800,0,5120,593920,302080,302080,302080,0,4096,0,306176,3932160,5734400.0,280,286720,0,0,0,"{""armed"": 0, ""cooldown"": 0, ""global"": 0, ""local"": 0}",0,0,nan,1,0.005507943734030185,0.13190316851399456,1.0,0.10322840073529412,nan,200,0,0
oa-stop-strat-H25-P50-N2048-K8,oa-stratified,0.5,OASQD-D09-equal-K17,equal,concentrated,OASQD-D09-equal-K17/concentrated,0,400,400,1.179131899989443,2440,312320,24576,4096,340992,279680,51200,279680,8192,0,0,287872,3932160,5267200.0,255,261120,0,12,2,"{""armed"": 25, ""cooldown"": 0, ""global"": 375, ""local"": 0}",17,0,0.0560302734375,0,0.034017837696402875,0.12190812720835223,1.0,0.1066750919117647,0.1064453125,150,0,0
oa-stop-strat-H25-P50-N2048-K8,oa-stratified,0.5,OASQD-D09-equal-K17,equal,concentrated,OASQD-D09-equal-K17/concentrated,1,400,400,1.1888295999960974,2440,312320,24576,5120,342016,279680,51200,279680,8192,0,0,287872,3932160,5267200.0,255,261120,0,12,2,"{""armed"": 25, ""cooldown"": 0, ""global"": 375, ""local"": 0}",17,0,0.054443359375,0,0.0315603909888269,0.1348398006703286,1.0,0.0720358455882353,0.08056640625,200,0,0
oa-stop-strat-H25-P50-N2048-K8,oa-stratified,0.5,OASQD-D09-equal-K17,equal,concentrated,OASQD-D09-equal-K17/concentrated,2,400,400,1.1943936999887228,2400,307200,24576,5120,336896,275200,51200,275200,8192,0,0,283392,3932160,5173760.0,250,256000,0,12,3,"{""armed"": 25, ""cooldown"": 125, ""global"": 250, ""local"": 0}",17,0,0.05419921875,0,0.0067248762791694006,0.14372466440798787,1.0,0.0627297794117647,0.07373046875,200,0,0
oasqd-once-adaptive-H25-P50-N2048-K8,oa-stratified,0.5,OASQD-D09-equal-K17,equal,concentrated,OASQD-D09-equal-K17/concentrated,0,400,400,0.5098543999774847,500,64000,6144,5120,75264,57600,51200,44800,8192,0,12800,52992,3932160,616960.0,50,12800,0,3,3,"{""armed"": 25, ""cooldown"": 326, ""global"": 49, ""local"": 0}",17,0,0.0560302734375,0,0.04332948605936604,0.15591213664265338,1.0,0.1066750919117647,0.11083984375,200,0,0
oasqd-once-adaptive-H25-P50-N2048-K8,oa-stratified,0.5,OASQD-D09-equal-K17,equal,concentrated,OASQD-D09-equal-K17/concentrated,1,400,400,0.4917410000052769,500,64000,6144,5120,75264,57600,51200,44800,8192,0,12800,52992,3932160,616960.0,50,12800,0,3,3,"{""armed"": 25, ""cooldown"": 326, ""global"": 49, ""local"": 0}",17,0,0.054443359375,0,0.04184702086770553,0.18233390854073564,1.0,0.09639246323529412,0.112548828125,200,0,0
oasqd-once-adaptive-H25-P50-N2048-K8,oa-stratified,0.5,OASQD-D09-equal-K17,equal,concentrated,OASQD-D09-equal-K17/concentrated,2,400,400,0.4546277000044938,500,64000,6144,6144,76288,57600,51200,44800,8192,0,12800,52992,3932160,616960.0,50,12800,0,3,3,"{""armed"": 25, ""cooldown"": 326, ""global"": 49, ""local"": 0}",17,0,0.05419921875,0,0.008138725790165946,0.21455187443173793,1.0,0.07536764705882353,0.08056640625,250,0,0
oasqd-stop-adaptive-H25-P50-N2048-K8,oa-stratified,0.5,OASQD-D09-equal-K17,equal,concentrated,OASQD-D09-equal-K17/concentrated,0,400,400,0.9612355999997817,910,116480,24576,4096,145152,83840,51200,18560,8192,0,65280,26752,3932160,1089280.0,255,65280,0,12,2,"{""armed"": 25, ""cooldown"": 0, ""global"": 375, ""local"": 0}",17,0,0.0560302734375,0,0.03187402390413885,0.122140866985802,1.0,0.11638327205882353,0.10302734375,150,0,0
oasqd-stop-adaptive-H25-P50-N2048-K8,oa-stratified,0.5,OASQD-D09-equal-K17,equal,concentrated,OASQD-D09-equal-K17/concentrated,1,400,400,0.8709884000127204,910,116480,24576,5120,146176,83840,51200,18560,8192,0,65280,26752,3932160,1089280.0,255,65280,0,12,2,"{""armed"": 25, ""cooldown"": 0, ""global"": 375, ""local"": 0}",17,0,0.054443359375,0,0.03588971483064185,0.1509595546835333,1.0,0.06318933823529412,0.080810546875,200,0,0
oasqd-stop-adaptive-H25-P50-N2048-K8,oa-stratified,0.5,OASQD-D09-equal-K17,equal,concentrated,OASQD-D09-equal-K17/concentrated,2,400,400,0.847499900002731,910,116480,24576,5120,146176,83840,51200,18560,8192,0,65280,26752,3932160,1089280.0,255,65280,0,12,2,"{""armed"": 25, ""cooldown"": 0, ""global"": 375, ""local"": 0}",17,0,0.05419921875,0,0.009229394733798024,0.1858848208688237,1.0,0.0676125919117647,0.097900390625,200,0,0
oasqd-stop-adaptive-iid-H25-P50-N2048-K8,oa-stratified,0.5,OASQD-D09-equal-K17,equal,concentrated,OASQD-D09-equal-K17/concentrated,0,400,400,0.9283787999884225,910,116480,24576,5120,146176,83840,51200,83840,8192,0,0,92032,3932160,1089280.0,255,65280,0,12,2,"{""armed"": 25, ""cooldown"": 0, ""global"": 375, ""local"": 0}",17,0,0.0560302734375,0,0.04956845455840542,0.1617619107544798,1.0,0.08134191176470588,0.08154296875,200,0,0
oasqd-stop-adaptive-iid-H25-P50-N2048-K8,oa-stratified,0.5,OASQD-D09-equal-K17,equal,concentrated,OASQD-D09-equal-K17/concentrated,1,400,400,0.8010366999951657,910,116480,24576,5120,146176,83840,51200,83840,8192,0,0,92032,3932160,1089280.0,255,65280,0,12,2,"{""armed"": 25, ""cooldown"": 0, ""global"": 375, ""local"": 0}",17,0,0.054443359375,0,0.04550749655985653,0.1928330250798319,1.0,0.09599034926470588,0.113525390625,200,0,0
oasqd-stop-adaptive-iid-H25-P50-N2048-K8,oa-stratified,0.5,OASQD-D09-equal-K17,equal,concentrated,OASQD-D09-equal-K17/concentrated,2,400,400,0.8785256999835838,910,116480,24576,5120,146176,83840,51200,83840,8192,0,0,92032,3932160,1089280.0,255,65280,0,12,2,"{""armed"": 25, ""cooldown"": 0, ""global"": 375, ""local"": 0}",17,0,0.05419921875,0,0.0069517653908865995,0.1444572811446718,1.0,0.07881433823529412,0.087890625,200,0,0
oasqd-stop-systematic-H25-P50-N2048-K8,oa-stratified,0.5,OASQD-D09-equal-K17,equal,concentrated,OASQD-D09-equal-K17/concentrated,0,400,400,1.1868474000075366,2440,312320,24576,4096,340992,279680,51200,18560,8192,0,261120,26752,3932160,5267200.0,255,261120,0,12,2,"{""armed"": 25, ""cooldown"": 0, ""global"": 375, ""local"": 0}",17,0,0.0560302734375,0,0.02779617182605776,0.11328932361886573,1.0,0.10575597426470588,0.116455078125,150,0,0
oasqd-stop-systematic-H25-P50-N2048-K8,oa-stratified,0.5,OASQD-D09-equal-K17,equal,concentrated,OASQD-D09-equal-K17/concentrated,1,400,400,1.1294776999857277,2440,312320,24576,5120,342016,279680,51200,18560,8192,0,261120,26752,3932160,5267200.0,255,261120,0,12,2,"{""armed"": 25, ""cooldown"": 0, ""global"": 375, ""local"": 0}",17,0,0.054443359375,0,0.03642565213909421,0.14895438960629287,1.0,0.0827780330882353,0.08056640625,200,0,0
oasqd-stop-systematic-H25-P50-N2048-K8,oa-stratified,0.5,OASQD-D09-equal-K17,equal,concentrated,OASQD-D09-equal-K17/concentrated,2,400,400,1.1256103999912739,2440,312320,24576,5120,342016,279680,51200,18560,8192,0,261120,26752,3932160,5267200.0,255,261120,0,12,2,"{""armed"": 25, ""cooldown"": 0, ""global"": 375, ""local"": 0}",17,0,0.05419921875,0,0.00699225338484144,0.13771762295530027,1.0,0.0798483455882353,0.0849609375,200,0,0
paper-0.5,paper,0.5,OASQD-D09-equal-K17,equal,concentrated,OASQD-D09-equal-K17/concentrated,0,400,400,0.8297601999947801,400,51200,0,3072,54272,51200,51200,51200,0,0,0,51200,13107200,0.0,0,0,0,0,0,"{""armed"": 0, ""cooldown"": 0, ""global"": 0, ""local"": 0}",0,0,nan,0,0.034655133715332465,0.16539379643868823,1.0,0.10282628676470588,nan,100,0,0
paper-0.5,paper,0.5,OASQD-D09-equal-K17,equal,concentrated,OASQD-D09-equal-K17/concentrated,1,400,400,0.6779093000222929,400,51200,0,4096,55296,51200,51200,51200,0,0,0,51200,13107200,0.0,0,0,0,0,0,"{""armed"": 0, ""cooldown"": 0, ""global"": 0, ""local"": 0}",0,0,nan,0,0.041270175865174785,0.167878975695373,1.0,0.08076746323529412,nan,150,0,0
paper-0.5,paper,0.5,OASQD-D09-equal-K17,equal,concentrated,OASQD-D09-equal-K17/concentrated,2,400,400,0.6356913000054192,400,51200,0,3072,54272,51200,51200,51200,0,0,0,51200,13107200,0.0,0,0,0,0,0,"{""armed"": 0, ""cooldown"": 0, ""global"": 0, ""local"": 0}",0,0,nan,0,0.008797043173298214,0.1770844939502808,1.0,0.07938878676470588,nan,100,0,0
qld-v1,qld,0.5,OASQD-D09-equal-K17,equal,concentrated,OASQD-D09-equal-K17/concentrated,0,400,400,0.33022930001607165,400,51200,0,5120,56320,51200,51200,51200,0,0,0,51200,3932160,501760.0,0,0,0,0,0,"{""armed"": 0, ""cooldown"": 0, ""global"": 0, ""local"": 0}",0,0,nan,0,0.02151494990620595,0.13388704002517837,1.0,0.1183938419117647,nan,200,0,0
qld-v1,qld,0.5,OASQD-D09-equal-K17,equal,concentrated,OASQD-D09-equal-K17/concentrated,1,400,400,0.25247909998870455,400,51200,0,5120,56320,51200,51200,51200,0,0,0,51200,3932160,501760.0,0,0,0,0,0,"{""armed"": 0, ""cooldown"": 0, ""global"": 0, ""local"": 0}",0,0,nan,0,0.05861659058355784,0.23531544778160426,1.0,0.10368795955882353,nan,200,0,0
qld-v1,qld,0.5,OASQD-D09-equal-K17,equal,concentrated,OASQD-D09-equal-K17/concentrated,2,400,400,0.3869346000137739,400,51200,0,5120,56320,51200,51200,51200,0,0,0,51200,3932160,501760.0,0,0,0,0,0,"{""armed"": 0, ""cooldown"": 0, ""global"": 0, ""local"": 0}",0,0,nan,0,0.006343673329905819,0.13508085042802614,1.0,0.0764016544117647,nan,200,0,0
fixed-lbqcd,fixed,0.5,OASQD-D09-equal-K17,equal,missing,OASQD-D09-equal-K17/missing,0,400,400,1.099361400003545,4600,588800,0,5120,593920,302080,302080,302080,0,4096,0,306176,3932160,5734400.0,280,286720,0,0,0,"{""armed"": 0, ""cooldown"": 0, ""global"": 0, ""local"": 0}",0,0,nan,1,0.02175045593679714,0.2311337346954606,1.0,0.15062040441176472,nan,200,0,0
fixed-lbqcd,fixed,0.5,OASQD-D09-equal-K17,equal,missing,OASQD-D09-equal-K17/missing,1,400,400,1.177496299991617,4600,588800,0,5120,593920,302080,302080,302080,0,4096,0,306176,3932160,5734400.0,280,286720,0,0,0,"{""armed"": 0, ""cooldown"": 0, ""global"": 0, ""local"": 0}",0,0,nan,1,0.03292583567160623,0.14724522664992953,1.0,0.09018841911764706,nan,200,0,0
fixed-lbqcd,fixed,0.5,OASQD-D09-equal-K17,equal,missing,OASQD-D09-equal-K17/missing,2,400,400,1.1098973999905866,4600,588800,0,5120,593920,302080,302080,302080,0,4096,0,306176,3932160,5734400.0,280,286720,0,0,0,"{""armed"": 0, ""cooldown"": 0, ""global"": 0, ""local"": 0}",0,0,nan,1,0.03191649817195907,0.1316479998095166,1.0,0.11443014705882353,nan,200,0,0
oa-stop-strat-H25-P50-N2048-K8,oa-stratified,0.5,OASQD-D09-equal-K17,equal,missing,OASQD-D09-equal-K17/missing,0,400,400,1.142311699979473,2440,312320,24576,5120,342016,279680,51200,279680,8192,0,0,287872,3932160,5267200.0,255,261120,0,12,2,"{""armed"": 25, ""cooldown"": 0, ""global"": 375, ""local"": 0}",17,0,0.0555419921875,0,0.023493395408512807,0.22878305180505548,1.0,0.1056985294117647,0.125244140625,200,0,0
oa-stop-strat-H25-P50-N2048-K8,oa-stratified,0.5,OASQD-D09-equal-K17,equal,missing,OASQD-D09-equal-K17/missing,1,400,400,1.1412291000015102,2440,312320,24576,5120,342016,279680,51200,279680,8192,0,0,287872,3932160,5267200.0,255,261120,0,12,2,"{""armed"": 25, ""cooldown"": 0, ""global"": 375, ""local"": 0}",17,0,0.0545654296875,0,0.04204326208476461,0.1529682927504934,1.0,0.13062959558823528,0.134765625,200,0,0
oa-stop-strat-H25-P50-N2048-K8,oa-stratified,0.5,OASQD-D09-equal-K17,equal,missing,OASQD-D09-equal-K17/missing,2,400,400,1.2191570999857504,2440,312320,24576,5120,342016,279680,51200,279680,8192,0,0,287872,3932160,5267200.0,255,261120,0,12,2,"{""armed"": 25, ""cooldown"": 0, ""global"": 375, ""local"": 0}",17,0,0.0537109375,0,0.019724048396472238,0.1661478485281854,1.0,0.14085477941176472,0.158447265625,200,0,0
oasqd-once-adaptive-H25-P50-N2048-K8,oa-stratified,0.5,OASQD-D09-equal-K17,equal,missing,OASQD-D09-equal-K17/missing,0,400,400,0.4661992999899667,500,64000,6144,5120,75264,57600,51200,44800,8192,0,12800,52992,3932160,616960.0,50,12800,0,3,3,"{""armed"": 25, ""cooldown"": 326, ""global"": 49, ""local"": 0}",17,0,0.0555419921875,0,0.022595159286646904,0.20275637737095747,1.0,0.1247702205882353,0.135009765625,200,0,0
oasqd-once-adaptive-H25-P50-N2048-K8,oa-stratified,0.5,OASQD-D09-equal-K17,equal,missing,OASQD-D09-equal-K17/missing,1,400,400,0.47973190000629984,500,64000,6144,5120,75264,57600,51200,44800,8192,0,12800,52992,3932160,616960.0,50,12800,0,3,3,"{""armed"": 25, ""cooldown"": 326, ""global"": 49, ""local"": 0}",17,0,0.0545654296875,0,0.06464423506406014,0.1853977429763206,1.0,0.13987821691176472,0.151123046875,200,0,0
oasqd-once-adaptive-H25-P50-N2048-K8,oa-stratified,0.5,OASQD-D09-equal-K17,equal,missing,OASQD-D09-equal-K17/missing,2,400,400,0.5175809000211302,500,64000,6144,6144,76288,57600,51200,44800,8192,0,12800,52992,3932160,616960.0,50,12800,0,3,3,"{""armed"": 25, ""cooldown"": 326, ""global"": 49, ""local"": 0}",17,0,0.0537109375,0,0.03426052995383655,0.14104606824089694,1.0,0.1559627757352941,0.16015625,250,0,0
oasqd-stop-adaptive-H25-P50-N2048-K8,oa-stratified,0.5,OASQD-D09-equal-K17,equal,missing,OASQD-D09-equal-K17/missing,0,400,400,0.8600671000021975,910,116480,24576,5120,146176,83840,51200,18560,8192,0,65280,26752,3932160,1089280.0,255,65280,0,12,2,"{""armed"": 25, ""cooldown"": 0, ""global"": 375, ""local"": 0}",17,0,0.0555419921875,0,0.0284215173529061,0.2289681589413087,1.0,0.11150045955882353,0.12744140625,200,0,0
oasqd-stop-adaptive-H25-P50-N2048-K8,oa-stratified,0.5,OASQD-D09-equal-K17,equal,missing,OASQD-D09-equal-K17/missing,1,400,400,0.7912666999909561,910,116480,24576,6144,147200,83840,51200,18560,8192,0,65280,26752,3932160,1089280.0,255,65280,0,12,2,"{""armed"": 25, ""cooldown"": 0, ""global"": 375, ""local"": 0}",17,0,0.0545654296875,0,0.03184061095281443,0.15764723409206333,0.9411764705882353,0.1272403492647059,0.148681640625,250,0,0
oasqd-stop-adaptive-H25-P50-N2048-K8,oa-stratified,0.5,OASQD-D09-equal-K17,equal,missing,OASQD-D09-equal-K17/missing,2,400,400,0.8778349999920465,910,116480,24576,5120,146176,83840,51200,18560,8192,0,65280,26752,3932160,1089280.0,255,65280,0,12,2,"{""armed"": 25, ""cooldown"": 0, ""global"": 375, ""local"": 0}",17,0,0.0537109375,0,0.025770986997753376,0.14002198883259523,1.0,0.14671415441176472,0.16455078125,200,0,0
oasqd-stop-adaptive-iid-H25-P50-N2048-K8,oa-stratified,0.5,OASQD-D09-equal-K17,equal,missing,OASQD-D09-equal-K17/missing,0,400,400,0.8143189999973401,910,116480,24576,5120,146176,83840,51200,83840,8192,0,0,92032,3932160,1089280.0,255,65280,0,12,2,"{""armed"": 25, ""cooldown"": 0, ""global"": 375, ""local"": 0}",17,0,0.0555419921875,0,0.04081416050157349,0.33385660754908303,1.0,0.1256893382352941,0.14013671875,200,0,0
oasqd-stop-adaptive-iid-H25-P50-N2048-K8,oa-stratified,0.5,OASQD-D09-equal-K17,equal,missing,OASQD-D09-equal-K17/missing,1,400,400,0.910531900008209,910,116480,24576,5120,146176,83840,51200,83840,8192,0,0,92032,3932160,1089280.0,255,65280,0,12,2,"{""armed"": 25, ""cooldown"": 0, ""global"": 375, ""local"": 0}",17,0,0.0545654296875,0,0.023263745734127816,0.17508561918157722,1.0,0.11747472426470588,0.153076171875,200,0,0
oasqd-stop-adaptive-iid-H25-P50-N2048-K8,oa-stratified,0.5,OASQD-D09-equal-K17,equal,missing,OASQD-D09-equal-K17/missing,2,400,400,0.8934348000038881,910,116480,24576,5120,146176,83840,51200,83840,8192,0,0,92032,3932160,1089280.0,255,65280,0,12,2,"{""armed"": 25, ""cooldown"": 0, ""global"": 375, ""local"": 0}",17,0,0.0537109375,0,0.020721774675994897,0.1560039620986145,1.0,0.13844209558823528,0.15673828125,200,0,0
oasqd-stop-systematic-H25-P50-N2048-K8,oa-stratified,0.5,OASQD-D09-equal-K17,equal,missing,OASQD-D09-equal-K17/missing,0,400,400,1.2306308000115678,2440,312320,24576,5120,342016,279680,51200,18560,8192,0,261120,26752,3932160,5267200.0,255,261120,0,12,2,"{""armed"": 25, ""cooldown"": 0, ""global"": 375, ""local"": 0}",17,0,0.0555419921875,0,0.02413617919299993,0.22312742215266934,1.0,0.09828814338235294,0.115234375,200,0,0
oasqd-stop-systematic-H25-P50-N2048-K8,oa-stratified,0.5,OASQD-D09-equal-K17,equal,missing,OASQD-D09-equal-K17/missing,1,400,400,1.1521254999970552,2440,312320,24576,5120,342016,279680,51200,18560,8192,0,261120,26752,3932160,5267200.0,255,261120,0,12,2,"{""armed"": 25, ""cooldown"": 0, ""global"": 375, ""local"": 0}",17,0,0.0545654296875,0,0.04730200325749845,0.14747505901815586,0.9411764705882353,0.1364315257352941,0.15771484375,200,0,0
oasqd-stop-systematic-H25-P50-N2048-K8,oa-stratified,0.5,OASQD-D09-equal-K17,equal,missing,OASQD-D09-equal-K17/missing,2,400,400,1.094278000004124,2440,312320,24576,5120,342016,279680,51200,18560,8192,0,261120,26752,3932160,5267200.0,255,261120,0,12,2,"{""armed"": 25, ""cooldown"": 0, ""global"": 375, ""local"": 0}",17,0,0.0537109375,0,0.020901695535000098,0.16553954711607788,1.0,0.14866727941176472,0.16552734375,200,0,0
paper-0.5,paper,0.5,OASQD-D09-equal-K17,equal,missing,OASQD-D09-equal-K17/missing,0,400,400,0.6776946000172757,400,51200,0,3072,54272,51200,51200,51200,0,0,0,51200,13107200,0.0,0,0,0,0,0,"{""armed"": 0, ""cooldown"": 0, ""global"": 0, ""local"": 0}",0,0,nan,0,0.018439679753482263,0.1534246074998584,1.0,0.1335018382352941,nan,100,0,0
paper-0.5,paper,0.5,OASQD-D09-equal-K17,equal,missing,OASQD-D09-equal-K17/missing,1,400,400,0.6094812999945134,400,51200,0,3072,54272,51200,51200,51200,0,0,0,51200,13107200,0.0,0,0,0,0,0,"{""armed"": 0, ""cooldown"": 0, ""global"": 0, ""local"": 0}",0,0,nan,0,0.06311056736486753,0.13458328633183939,1.0,0.07100183823529412,nan,100,0,0
paper-0.5,paper,0.5,OASQD-D09-equal-K17,equal,missing,OASQD-D09-equal-K17/missing,2,400,400,0.6775504999968689,400,51200,0,3072,54272,51200,51200,51200,0,0,0,51200,13107200,0.0,0,0,0,0,0,"{""armed"": 0, ""cooldown"": 0, ""global"": 0, ""local"": 0}",0,0,nan,0,0.05266356039509246,0.170649207236397,1.0,0.1013327205882353,nan,100,0,0
qld-v1,qld,0.5,OASQD-D09-equal-K17,equal,missing,OASQD-D09-equal-K17/missing,0,400,400,0.3870279999973718,400,51200,0,5120,56320,51200,51200,51200,0,0,0,51200,3932160,501760.0,0,0,0,0,0,"{""armed"": 0, ""cooldown"": 0, ""global"": 0, ""local"": 0}",0,0,nan,0,0.03753684464212492,0.3130549712101507,1.0,0.1452205882352941,nan,200,0,0
qld-v1,qld,0.5,OASQD-D09-equal-K17,equal,missing,OASQD-D09-equal-K17/missing,1,400,400,0.34678039999562316,400,51200,0,6144,57344,51200,51200,51200,0,0,0,51200,3932160,501760.0,0,0,0,0,0,"{""armed"": 0, ""cooldown"": 0, ""global"": 0, ""local"": 0}",0,0,nan,0,0.06402284859929708,0.1865191014586146,1.0,0.14332490808823528,nan,250,0,0
qld-v1,qld,0.5,OASQD-D09-equal-K17,equal,missing,OASQD-D09-equal-K17/missing,2,400,400,0.37500010000076145,400,51200,0,6144,57344,51200,51200,51200,0,0,0,51200,3932160,501760.0,0,0,0,0,0,"{""armed"": 0, ""cooldown"": 0, ""global"": 0, ""local"": 0}",0,0,nan,0,0.016102456855946023,0.1975184577013576,1.0,0.18141084558823528,nan,250,0,0
fixed-lbqcd,fixed,0.5,OASQD-D10-hetero-K13,heteroscedastic,concentrated,OASQD-D10-hetero-K13/concentrated,0,400,400,0.29219360000570305,400,51200,0,5120,56320,51200,51200,51200,0,4096,0,55296,3932160,501760.0,0,0,0,0,0,"{""armed"": 0, ""cooldown"": 0, ""global"": 0, ""local"": 0}",0,0,nan,0,0.014267213230367837,0.1311327774814306,0.9999999999999998,0.08082932692307693,nan,200,0,0
fixed-lbqcd,fixed,0.5,OASQD-D10-hetero-K13,heteroscedastic,concentrated,OASQD-D10-hetero-K13/concentrated,1,400,400,0.3302047000033781,400,51200,0,4096,55296,51200,51200,51200,0,4096,0,55296,3932160,501760.0,0,0,0,0,0,"{""armed"": 0, ""cooldown"": 0, ""global"": 0, ""local"": 0}",0,0,nan,0,0.0050617519812430345,0.23166897082985022,0.9999999999999998,0.06377704326923078,nan,150,0,0
fixed-lbqcd,fixed,0.5,OASQD-D10-hetero-K13,heteroscedastic,concentrated,OASQD-D10-hetero-K13/concentrated,2,400,400,0.4898562000016682,400,51200,0,5120,56320,51200,51200,51200,0,4096,0,55296,3932160,501760.0,0,0,0,0,0,"{""armed"": 0, ""cooldown"": 0, ""global"": 0, ""local"": 0}",0,0,nan,0,0.007209167464039545,0.1456590917983474,0.9999999999999998,0.06227463942307693,nan,200,0,0
oa-stop-strat-H25-P50-N2048-K8,oa-stratified,0.5,OASQD-D10-hetero-K13,heteroscedastic,concentrated,OASQD-D10-hetero-K13/concentrated,0,400,400,0.4856102999765426,400,51200,24576,5120,80896,51200,51200,51200,8192,0,0,59392,3932160,501760.0,0,0,0,12,0,"{""armed"": 0, ""cooldown"": 0, ""global"": 0, ""local"": 400}",12,0,0.0743408203125,0,0.014267213230367837,0.1311327774814306,0.9999999999999998,0.08082932692307693,0.188232421875,200,0,0
oa-stop-strat-H25-P50-N2048-K8,oa-stratified,0.5,OASQD-D10-hetero-K13,heteroscedastic,concentrated,OASQD-D10-hetero-K13/concentrated,1,400,400,0.5763075999857392,400,51200,24576,4096,79872,51200,51200,51200,8192,0,0,59392,3932160,501760.0,0,0,0,12,0,"{""armed"": 0, ""cooldown"": 0, ""global"": 0, ""local"": 400}",10,0,0.068603515625,0,0.0050617519812430345,0.23166897082985022,0.9999999999999998,0.06377704326923078,0.150634765625,150,0,0
oa-stop-strat-H25-P50-N2048-K8,oa-stratified,0.5,OASQD-D10-hetero-K13,heteroscedastic,concentrated,OASQD-D10-hetero-K13/concentrated,2,400,400,0.4406054000137374,400,51200,24576,5120,80896,51200,51200,51200,8192,0,0,59392,3932160,501760.0,0,0,0,12,0,"{""armed"": 0, ""cooldown"": 0, ""global"": 0, ""local"": 400}",11,0,0.0750732421875,0,0.007209167464039545,0.1456590917983474,0.9999999999999998,0.06227463942307693,0.15185546875,200,0,0
oasqd-once-adaptive-H25-P50-N2048-K8,oa-stratified,0.5,OASQD-D10-hetero-K13,heteroscedastic,concentrated,OASQD-D10-hetero-K13/concentrated,0,400,400,0.44804629997815937,400,51200,24576,5120,80896,51200,51200,51200,8192,0,0,59392,3932160,501760.0,0,0,0,12,0,"{""armed"": 0, ""cooldown"": 0, ""global"": 0, ""local"": 400}",12,0,0.0743408203125,0,0.014267213230367837,0.1311327774814306,0.9999999999999998,0.08082932692307693,0.188232421875,200,0,0
oasqd-once-adaptive-H25-P50-N2048-K8,oa-stratified,0.5,OASQD-D10-hetero-K13,heteroscedastic,concentrated,OASQD-D10-hetero-K13/concentrated,1,400,400,0.4953995000105351,400,51200,24576,4096,79872,51200,51200,51200,8192,0,0,59392,3932160,501760.0,0,0,0,12,0,"{""armed"": 0, ""cooldown"": 0, ""global"": 0, ""local"": 400}",10,0,0.068603515625,0,0.0050617519812430345,0.23166897082985022,0.9999999999999998,0.06377704326923078,0.150634765625,150,0,0
oasqd-once-adaptive-H25-P50-N2048-K8,oa-stratified,0.5,OASQD-D10-hetero-K13,heteroscedastic,concentrated,OASQD-D10-hetero-K13/concentrated,2,400,400,0.46485789999132976,400,51200,24576,5120,80896,51200,51200,51200,8192,0,0,59392,3932160,501760.0,0,0,0,12,0,"{""armed"": 0, ""cooldown"": 0, ""global"": 0, ""local"": 400}",11,0,0.0750732421875,0,0.007209167464039545,0.1456590917983474,0.9999999999999998,0.06227463942307693,0.15185546875,200,0,0
oasqd-stop-adaptive-H25-P50-N2048-K8,oa-stratified,0.5,OASQD-D10-hetero-K13,heteroscedastic,concentrated,OASQD-D10-hetero-K13/concentrated,0,400,400,0.4481934000214096,400,51200,24576,5120,80896,51200,51200,51200,8192,0,0,59392,3932160,501760.0,0,0,0,12,0,"{""armed"": 0, ""cooldown"": 0, ""global"": 0, ""local"": 400}",12,0,0.0743408203125,0,0.014267213230367837,0.1311327774814306,0.9999999999999998,0.08082932692307693,0.188232421875,200,0,0
oasqd-stop-adaptive-H25-P50-N2048-K8,oa-stratified,0.5,OASQD-D10-hetero-K13,heteroscedastic,concentrated,OASQD-D10-hetero-K13/concentrated,1,400,400,0.5114067000104114,400,51200,24576,4096,79872,51200,51200,51200,8192,0,0,59392,3932160,501760.0,0,0,0,12,0,"{""armed"": 0, ""cooldown"": 0, ""global"": 0, ""local"": 400}",10,0,0.068603515625,0,0.0050617519812430345,0.23166897082985022,0.9999999999999998,0.06377704326923078,0.150634765625,150,0,0
oasqd-stop-adaptive-H25-P50-N2048-K8,oa-stratified,0.5,OASQD-D10-hetero-K13,heteroscedastic,concentrated,OASQD-D10-hetero-K13/concentrated,2,400,400,0.45119870000053197,400,51200,24576,5120,80896,51200,51200,51200,8192,0,0,59392,3932160,501760.0,0,0,0,12,0,"{""armed"": 0, ""cooldown"": 0, ""global"": 0, ""local"": 400}",11,0,0.0750732421875,0,0.007209167464039545,0.1456590917983474,0.9999999999999998,0.06227463942307693,0.15185546875,200,0,0
oasqd-stop-adaptive-iid-H25-P50-N2048-K8,oa-stratified,0.5,OASQD-D10-hetero-K13,heteroscedastic,concentrated,OASQD-D10-hetero-K13/concentrated,0,400,400,0.4676853000128176,400,51200,24576,5120,80896,51200,51200,51200,8192,0,0,59392,3932160,501760.0,0,0,0,12,0,"{""armed"": 0, ""cooldown"": 0, ""global"": 0, ""local"": 400}",12,0,0.0743408203125,0,0.014267213230367837,0.1311327774814306,0.9999999999999998,0.08082932692307693,0.188232421875,200,0,0
oasqd-stop-adaptive-iid-H25-P50-N2048-K8,oa-stratified,0.5,OASQD-D10-hetero-K13,heteroscedastic,concentrated,OASQD-D10-hetero-K13/concentrated,1,400,400,0.4324668999761343,400,51200,24576,4096,79872,51200,51200,51200,8192,0,0,59392,3932160,501760.0,0,0,0,12,0,"{""armed"": 0, ""cooldown"": 0, ""global"": 0, ""local"": 400}",10,0,0.068603515625,0,0.0050617519812430345,0.23166897082985022,0.9999999999999998,0.06377704326923078,0.150634765625,150,0,0
oasqd-stop-adaptive-iid-H25-P50-N2048-K8,oa-stratified,0.5,OASQD-D10-hetero-K13,heteroscedastic,concentrated,OASQD-D10-hetero-K13/concentrated,2,400,400,0.4524939999973867,400,51200,24576,5120,80896,51200,51200,51200,8192,0,0,59392,3932160,501760.0,0,0,0,12,0,"{""armed"": 0, ""cooldown"": 0, ""global"": 0, ""local"": 400}",11,0,0.0750732421875,0,0.007209167464039545,0.1456590917983474,0.9999999999999998,0.06227463942307693,0.15185546875,200,0,0
oasqd-stop-systematic-H25-P50-N2048-K8,oa-stratified,0.5,OASQD-D10-hetero-K13,heteroscedastic,concentrated,OASQD-D10-hetero-K13/concentrated,0,400,400,0.5911244000017177,400,51200,24576,5120,80896,51200,51200,51200,8192,0,0,59392,3932160,501760.0,0,0,0,12,0,"{""armed"": 0, ""cooldown"": 0, ""global"": 0, ""local"": 400}",12,0,0.0743408203125,0,0.014267213230367837,0.1311327774814306,0.9999999999999998,0.08082932692307693,0.188232421875,200,0,0
oasqd-stop-systematic-H25-P50-N2048-K8,oa-stratified,0.5,OASQD-D10-hetero-K13,heteroscedastic,concentrated,OASQD-D10-hetero-K13/concentrated,1,400,400,0.5394134999951348,400,51200,24576,4096,79872,51200,51200,51200,8192,0,0,59392,3932160,501760.0,0,0,0,12,0,"{""armed"": 0, ""cooldown"": 0, ""global"": 0, ""local"": 400}",10,0,0.068603515625,0,0.0050617519812430345,0.23166897082985022,0.9999999999999998,0.06377704326923078,0.150634765625,150,0,0
oasqd-stop-systematic-H25-P50-N2048-K8,oa-stratified,0.5,OASQD-D10-hetero-K13,heteroscedastic,concentrated,OASQD-D10-hetero-K13/concentrated,2,400,400,0.5969096999906469,400,51200,24576,5120,80896,51200,51200,51200,8192,0,0,59392,3932160,501760.0,0,0,0,12,0,"{""armed"": 0, ""cooldown"": 0, ""global"": 0, ""local"": 400}",11,0,0.0750732421875,0,0.007209167464039545,0.1456590917983474,0.9999999999999998,0.06227463942307693,0.15185546875,200,0,0
paper-0.5,paper,0.5,OASQD-D10-hetero-K13,heteroscedastic,concentrated,OASQD-D10-hetero-K13/concentrated,0,400,400,0.7763172999839298,400,51200,0,3072,54272,51200,51200,51200,0,0,0,51200,13107200,0.0,0,0,0,0,0,"{""armed"": 0, ""cooldown"": 0, ""global"": 0, ""local"": 0}",0,0,nan,0,0.028529767533107986,0.1890332066137388,0.9999999999999998,0.08082932692307693,nan,100,0,0
paper-0.5,paper,0.5,OASQD-D10-hetero-K13,heteroscedastic,concentrated,OASQD-D10-hetero-K13/concentrated,1,400,400,0.57479450001847,400,51200,0,3072,54272,51200,51200,51200,0,0,0,51200,13107200,0.0,0,0,0,0,0,"{""armed"": 0, ""cooldown"": 0, ""global"": 0, ""local"": 0}",0,0,nan,0,0.00630507199058794,0.1998916363405312,0.9999999999999998,0.06129807692307693,nan,100,0,0
paper-0.5,paper,0.5,OASQD-D10-hetero-K13,heteroscedastic,concentrated,OASQD-D10-hetero-K13/concentrated,2,400,400,0.518146299989894,400,51200,0,3072,54272,51200,51200,51200,0,0,0,51200,13107200,0.0,0,0,0,0,0,"{""armed"": 0, ""cooldown"": 0, ""global"": 0, ""local"": 0}",0,0,nan,0,0.0109575020515158,0.16487066806867778,0.9999999999999998,0.07744891826923078,nan,100,0,0
qld-v1,qld,0.5,OASQD-D10-hetero-K13,heteroscedastic,concentrated,OASQD-D10-hetero-K13/concentrated,0,400,400,0.2885089000046719,400,51200,0,5120,56320,51200,51200,51200,0,0,0,51200,3932160,501760.0,0,0,0,0,0,"{""armed"": 0, ""cooldown"": 0, ""global"": 0, ""local"": 0}",0,0,nan,0,0.014267213230367837,0.1311327774814306,0.9999999999999998,0.08082932692307693,nan,200,0,0
qld-v1,qld,0.5,OASQD-D10-hetero-K13,heteroscedastic,concentrated,OASQD-D10-hetero-K13/concentrated,1,400,400,0.3254233000043314,400,51200,0,4096,55296,51200,51200,51200,0,0,0,51200,3932160,501760.0,0,0,0,0,0,"{""armed"": 0, ""cooldown"": 0, ""global"": 0, ""local"": 0}",0,0,nan,0,0.0050617519812430345,0.23166897082985022,0.9999999999999998,0.06377704326923078,nan,150,0,0
qld-v1,qld,0.5,OASQD-D10-hetero-K13,heteroscedastic,concentrated,OASQD-D10-hetero-K13/concentrated,2,400,400,0.3744042000034824,400,51200,0,5120,56320,51200,51200,51200,0,0,0,51200,3932160,501760.0,0,0,0,0,0,"{""armed"": 0, ""cooldown"": 0, ""global"": 0, ""local"": 0}",0,0,nan,0,0.007209167464039545,0.1456590917983474,0.9999999999999998,0.06227463942307693,nan,200,0,0
fixed-lbqcd,fixed,0.5,OASQD-D10-hetero-K13,heteroscedastic,missing,OASQD-D10-hetero-K13/missing,0,400,400,0.4025484999874607,400,51200,0,4096,55296,51200,51200,51200,0,4096,0,55296,3932160,501760.0,0,0,0,0,0,"{""armed"": 0, ""cooldown"": 0, ""global"": 0, ""local"": 0}",0,0,nan,0,0.02652999290116531,0.15460478369465253,0.9999999999999998,0.11989182692307693,nan,150,0,0
fixed-lbqcd,fixed,0.5,OASQD-D10-hetero-K13,heteroscedastic,missing,OASQD-D10-hetero-K13/missing,1,400,400,0.37599020000197925,400,51200,0,3072,54272,51200,51200,51200,0,4096,0,55296,3932160,501760.0,0,0,0,0,0,"{""armed"": 0, ""cooldown"": 0, ""global"": 0, ""local"": 0}",0,0,nan,0,0.017170767363818396,0.18360552576968703,0.9999999999999998,0.10081129807692307,nan,100,0,0
fixed-lbqcd,fixed,0.5,OASQD-D10-hetero-K13,heteroscedastic,missing,OASQD-D10-hetero-K13/missing,2,400,400,0.3463253999943845,400,51200,0,3072,54272,51200,51200,51200,0,4096,0,55296,3932160,501760.0,0,0,0,0,0,"{""armed"": 0, ""cooldown"": 0, ""global"": 0, ""local"": 0}",0,0,nan,0,0.01076338261572829,0.23407650345349595,0.9999999999999998,0.12725360576923078,nan,100,0,0
oa-stop-strat-H25-P50-N2048-K8,oa-stratified,0.5,OASQD-D10-hetero-K13,heteroscedastic,missing,OASQD-D10-hetero-K13/missing,0,400,400,0.46566009998787194,400,51200,24576,4096,79872,51200,51200,51200,8192,0,0,59392,3932160,501760.0,0,0,0,12,0,"{""armed"": 0, ""cooldown"": 0, ""global"": 0, ""local"": 400}",11,0,0.07470703125,0,0.02652999290116531,0.15460478369465253,0.9999999999999998,0.11989182692307693,0.25341796875,150,0,0
oa-stop-strat-H25-P50-N2048-K8,oa-stratified,0.5,OASQD-D10-hetero-K13,heteroscedastic,missing,OASQD-D10-hetero-K13/missing,1,400,400,0.5635087999980897,400,51200,24576,3072,78848,51200,51200,51200,8192,0,0,59392,3932160,501760.0,0,0,0,12,0,"{""armed"": 0, ""cooldown"": 0, ""global"": 0, ""local"": 400}",11,0,0.068603515625,0,0.017170767363818396,0.18360552576968703,0.9999999999999998,0.10081129807692307,0.26220703125,100,0,0
oa-stop-strat-H25-P50-N2048-K8,oa-stratified,0.5,OASQD-D10-hetero-K13,heteroscedastic,missing,OASQD-D10-hetero-K13/missing,2,400,400,0.5352620999910869,400,51200,24576,3072,78848,51200,51200,51200,8192,0,0,59392,3932160,501760.0,0,0,0,12,0,"{""armed"": 0, ""cooldown"": 0, ""global"": 0, ""local"": 400}",10,0,0.072998046875,0,0.01076338261572829,0.23407650345349595,0.9999999999999998,0.12725360576923078,0.20947265625,100,0,0
oasqd-once-adaptive-H25-P50-N2048-K8,oa-stratified,0.5,OASQD-D10-hetero-K13,heteroscedastic,missing,OASQD-D10-hetero-K13/missing,0,400,400,0.4210845000052359,400,51200,24576,4096,79872,51200,51200,51200,8192,0,0,59392,3932160,501760.0,0,0,0,12,0,"{""armed"": 0, ""cooldown"": 0, ""global"": 0, ""local"": 400}",11,0,0.07470703125,0,0.02652999290116531,0.15460478369465253,0.9999999999999998,0.11989182692307693,0.25341796875,150,0,0
oasqd-once-adaptive-H25-P50-N2048-K8,oa-stratified,0.5,OASQD-D10-hetero-K13,heteroscedastic,missing,OASQD-D10-hetero-K13/missing,1,400,400,0.399458500003675,400,51200,24576,3072,78848,51200,51200,51200,8192,0,0,59392,3932160,501760.0,0,0,0,12,0,"{""armed"": 0, ""cooldown"": 0, ""global"": 0, ""local"": 400}",11,0,0.068603515625,0,0.017170767363818396,0.18360552576968703,0.9999999999999998,0.10081129807692307,0.26220703125,100,0,0
oasqd-once-adaptive-H25-P50-N2048-K8,oa-stratified,0.5,OASQD-D10-hetero-K13,heteroscedastic,missing,OASQD-D10-hetero-K13/missing,2,400,400,0.3861789000220597,400,51200,24576,3072,78848,51200,51200,51200,8192,0,0,59392,3932160,501760.0,0,0,0,12,0,"{""armed"": 0, ""cooldown"": 0, ""global"": 0, ""local"": 400}",10,0,0.072998046875,0,0.01076338261572829,0.23407650345349595,0.9999999999999998,0.12725360576923078,0.20947265625,100,0,0
oasqd-stop-adaptive-H25-P50-N2048-K8,oa-stratified,0.5,OASQD-D10-hetero-K13,heteroscedastic,missing,OASQD-D10-hetero-K13/missing,0,400,400,0.4950247000087984,400,51200,24576,4096,79872,51200,51200,51200,8192,0,0,59392,3932160,501760.0,0,0,0,12,0,"{""armed"": 0, ""cooldown"": 0, ""global"": 0, ""local"": 400}",11,0,0.07470703125,0,0.02652999290116531,0.15460478369465253,0.9999999999999998,0.11989182692307693,0.25341796875,150,0,0
oasqd-stop-adaptive-H25-P50-N2048-K8,oa-stratified,0.5,OASQD-D10-hetero-K13,heteroscedastic,missing,OASQD-D10-hetero-K13/missing,1,400,400,0.478063500020653,400,51200,24576,3072,78848,51200,51200,51200,8192,0,0,59392,3932160,501760.0,0,0,0,12,0,"{""armed"": 0, ""cooldown"": 0, ""global"": 0, ""local"": 400}",11,0,0.068603515625,0,0.017170767363818396,0.18360552576968703,0.9999999999999998,0.10081129807692307,0.26220703125,100,0,0
oasqd-stop-adaptive-H25-P50-N2048-K8,oa-stratified,0.5,OASQD-D10-hetero-K13,heteroscedastic,missing,OASQD-D10-hetero-K13/missing,2,400,400,0.5311182999867015,400,51200,24576,3072,78848,51200,51200,51200,8192,0,0,59392,3932160,501760.0,0,0,0,12,0,"{""armed"": 0, ""cooldown"": 0, ""global"": 0, ""local"": 400}",10,0,0.072998046875,0,0.01076338261572829,0.23407650345349595,0.9999999999999998,0.12725360576923078,0.20947265625,100,0,0
oasqd-stop-adaptive-iid-H25-P50-N2048-K8,oa-stratified,0.5,OASQD-D10-hetero-K13,heteroscedastic,missing,OASQD-D10-hetero-K13/missing,0,400,400,0.500257400010014,400,51200,24576,4096,79872,51200,51200,51200,8192,0,0,59392,3932160,501760.0,0,0,0,12,0,"{""armed"": 0, ""cooldown"": 0, ""global"": 0, ""local"": 400}",11,0,0.07470703125,0,0.02652999290116531,0.15460478369465253,0.9999999999999998,0.11989182692307693,0.25341796875,150,0,0
oasqd-stop-adaptive-iid-H25-P50-N2048-K8,oa-stratified,0.5,OASQD-D10-hetero-K13,heteroscedastic,missing,OASQD-D10-hetero-K13/missing,1,400,400,0.4299996000190731,400,51200,24576,3072,78848,51200,51200,51200,8192,0,0,59392,3932160,501760.0,0,0,0,12,0,"{""armed"": 0, ""cooldown"": 0, ""global"": 0, ""local"": 400}",11,0,0.068603515625,0,0.017170767363818396,0.18360552576968703,0.9999999999999998,0.10081129807692307,0.26220703125,100,0,0
oasqd-stop-adaptive-iid-H25-P50-N2048-K8,oa-stratified,0.5,OASQD-D10-hetero-K13,heteroscedastic,missing,OASQD-D10-hetero-K13/missing,2,400,400,0.3855160999810323,400,51200,24576,3072,78848,51200,51200,51200,8192,0,0,59392,3932160,501760.0,0,0,0,12,0,"{""armed"": 0, ""cooldown"": 0, ""global"": 0, ""local"": 400}",10,0,0.072998046875,0,0.01076338261572829,0.23407650345349595,0.9999999999999998,0.12725360576923078,0.20947265625,100,0,0
oasqd-stop-systematic-H25-P50-N2048-K8,oa-stratified,0.5,OASQD-D10-hetero-K13,heteroscedastic,missing,OASQD-D10-hetero-K13/missing,0,400,400,0.4558369000151288,400,51200,24576,4096,79872,51200,51200,51200,8192,0,0,59392,3932160,501760.0,0,0,0,12,0,"{""armed"": 0, ""cooldown"": 0, ""global"": 0, ""local"": 400}",11,0,0.07470703125,0,0.02652999290116531,0.15460478369465253,0.9999999999999998,0.11989182692307693,0.25341796875,150,0,0
oasqd-stop-systematic-H25-P50-N2048-K8,oa-stratified,0.5,OASQD-D10-hetero-K13,heteroscedastic,missing,OASQD-D10-hetero-K13/missing,1,400,400,0.4249740999948699,400,51200,24576,3072,78848,51200,51200,51200,8192,0,0,59392,3932160,501760.0,0,0,0,12,0,"{""armed"": 0, ""cooldown"": 0, ""global"": 0, ""local"": 400}",11,0,0.068603515625,0,0.017170767363818396,0.18360552576968703,0.9999999999999998,0.10081129807692307,0.26220703125,100,0,0
oasqd-stop-systematic-H25-P50-N2048-K8,oa-stratified,0.5,OASQD-D10-hetero-K13,heteroscedastic,missing,OASQD-D10-hetero-K13/missing,2,400,400,0.36878900000010617,400,51200,24576,3072,78848,51200,51200,51200,8192,0,0,59392,3932160,501760.0,0,0,0,12,0,"{""armed"": 0, ""cooldown"": 0, ""global"": 0, ""local"": 400}",10,0,0.072998046875,0,0.01076338261572829,0.23407650345349595,0.9999999999999998,0.12725360576923078,0.20947265625,100,0,0
paper-0.5,paper,0.5,OASQD-D10-hetero-K13,heteroscedastic,missing,OASQD-D10-hetero-K13/missing,0,400,400,0.8209769999957643,400,51200,0,3072,54272,51200,51200,51200,0,0,0,51200,13107200,0.0,0,0,0,0,0,"{""armed"": 0, ""cooldown"": 0, ""global"": 0, ""local"": 0}",0,0,nan,0,0.016351410717843518,0.2969748334615152,0.9999999999999998,0.13649338942307693,nan,100,0,0
paper-0.5,paper,0.5,OASQD-D10-hetero-K13,heteroscedastic,missing,OASQD-D10-hetero-K13/missing,1,400,400,0.5550865000113845,400,51200,0,3072,54272,51200,51200,51200,0,0,0,51200,13107200,0.0,0,0,0,0,0,"{""armed"": 0, ""cooldown"": 0, ""global"": 0, ""local"": 0}",0,0,nan,0,0.013150510991177367,0.18701798582024964,0.9999999999999998,0.11012620192307693,nan,100,0,0
paper-0.5,paper,0.5,OASQD-D10-hetero-K13,heteroscedastic,missing,OASQD-D10-hetero-K13/missing,2,400,400,0.5577842999773566,400,51200,0,3072,54272,51200,51200,51200,0,0,0,51200,13107200,0.0,0,0,0,0,0,"{""armed"": 0, ""cooldown"": 0, ""global"": 0, ""local"": 0}",0,0,nan,0,0.009706979660295989,0.28076126379848204,0.9999999999999998,0.10036057692307693,nan,100,0,0
qld-v1,qld,0.5,OASQD-D10-hetero-K13,heteroscedastic,missing,OASQD-D10-hetero-K13/missing,0,400,400,0.4006308999960311,400,51200,0,4096,55296,51200,51200,51200,0,0,0,51200,3932160,501760.0,0,0,0,0,0,"{""armed"": 0, ""cooldown"": 0, ""global"": 0, ""local"": 0}",0,0,nan,0,0.02652999290116531,0.15460478369465253,0.9999999999999998,0.11989182692307693,nan,150,0,0
qld-v1,qld,0.5,OASQD-D10-hetero-K13,heteroscedastic,missing,OASQD-D10-hetero-K13/missing,1,400,400,0.3391799000091851,400,51200,0,3072,54272,51200,51200,51200,0,0,0,51200,3932160,501760.0,0,0,0,0,0,"{""armed"": 0, ""cooldown"": 0, ""global"": 0, ""local"": 0}",0,0,nan,0,0.017170767363818396,0.18360552576968703,0.9999999999999998,0.10081129807692307,nan,100,0,0
qld-v1,qld,0.5,OASQD-D10-hetero-K13,heteroscedastic,missing,OASQD-D10-hetero-K13/missing,2,400,400,0.33252910000737756,400,51200,0,3072,54272,51200,51200,51200,0,0,0,51200,3932160,501760.0,0,0,0,0,0,"{""armed"": 0, ""cooldown"": 0, ""global"": 0, ""local"": 0}",0,0,nan,0,0.01076338261572829,0.23407650345349595,0.9999999999999998,0.12725360576923078,nan,100,0,0
fixed-lbqcd,fixed,0.5,OASQD-D11-contaminated-min012,contaminated,concentrated,OASQD-D11-contaminated-min012/concentrated,0,400,400,0.3609209000132978,400,51200,0,2048,53248,51200,51200,51200,0,4096,0,55296,3932160,501760.0,0,0,0,0,0,"{""armed"": 0, ""cooldown"": 0, ""global"": 0, ""local"": 0}",0,0,nan,0,0.015124288700989919,0.1668250823053262,0.988,0.07794754464285716,nan,50,0,0
fixed-lbqcd,fixed,0.5,OASQD-D11-contaminated-min012,contaminated,concentrated,OASQD-D11-contaminated-min012/concentrated,1,400,400,1.2487863000133075,4600,588800,0,2048,590848,302080,302080,302080,0,4096,0,306176,3932160,5734400.0,280,286720,0,0,0,"{""armed"": 0, ""cooldown"": 0, ""global"": 0, ""local"": 0}",0,0,nan,1,0.015051310519503591,0.15817504494460843,0.988,0.09259598214285716,nan,50,0,0
fixed-lbqcd,fixed,0.5,OASQD-D11-contaminated-min012,contaminated,concentrated,OASQD-D11-contaminated-min012/concentrated,2,400,400,1.1296937000006437,4600,588800,0,2048,590848,302080,302080,302080,0,4096,0,306176,3932160,5734400.0,280,286720,0,0,0,"{""armed"": 0, ""cooldown"": 0, ""global"": 0, ""local"": 0}",0,0,nan,1,0.025183263580138338,0.16621155565016785,0.988,0.05933370535714286,nan,50,0,0
oa-stop-strat-H25-P50-N2048-K8,oa-stratified,0.5,OASQD-D11-contaminated-min012,contaminated,concentrated,OASQD-D11-contaminated-min012/concentrated,0,400,400,1.1445978000119794,2440,312320,24576,2048,338944,279680,51200,279680,8192,0,0,287872,3932160,5267200.0,255,261120,0,12,2,"{""armed"": 25, ""cooldown"": 0, ""global"": 375, ""local"": 0}",8,0,0.0126953125,0,0.012453362725716177,0.16535411304057113,0.988,0.07886495535714286,0.122802734375,50,0,0
oa-stop-strat-H25-P50-N2048-K8,oa-stratified,0.5,OASQD-D11-contaminated-min012,contaminated,concentrated,OASQD-D11-contaminated-min012/concentrated,1,400,400,1.2247488000139128,2440,312320,24576,2048,338944,279680,51200,279680,8192,0,0,287872,3932160,5267200.0,255,261120,0,12,2,"{""armed"": 25, ""cooldown"": 0, ""global"": 375, ""local"": 0}",8,0,0.01220703125,0,0.013214857615368336,0.15396864849693903,0.988,0.08771316964285716,0.111328125,50,0,0
oa-stop-strat-H25-P50-N2048-K8,oa-stratified,0.5,OASQD-D11-contaminated-min012,contaminated,concentrated,OASQD-D11-contaminated-min012/concentrated,2,400,400,0.9789928999962285,2440,312320,24576,2048,338944,279680,51200,279680,8192,0,0,287872,3932160,5267200.0,255,261120,0,12,2,"{""armed"": 25, ""cooldown"": 0, ""global"": 375, ""local"": 0}",8,0,0.0113525390625,0,0.03342086123790344,0.17294699227355584,0.988,0.08478348214285716,0.11865234375,50,0,0
oasqd-once-adaptive-H25-P50-N2048-K8,oa-stratified,0.5,OASQD-D11-contaminated-min012,contaminated,concentrated,OASQD-D11-contaminated-min012/concentrated,0,400,400,0.5733081999933347,800,102400,6144,2048,110592,96000,51200,44800,8192,0,51200,52992,3932160,1436160.0,50,51200,0,3,3,"{""armed"": 25, ""cooldown"": 326, ""global"": 49, ""local"": 0}",8,0,0.0126953125,0,0.01504227954492654,0.1664878815198743,0.988,0.06622879464285716,0.13037109375,50,0,0
oasqd-once-adaptive-H25-P50-N2048-K8,oa-stratified,0.5,OASQD-D11-contaminated-min012,contaminated,concentrated,OASQD-D11-contaminated-min012/concentrated,1,400,400,0.5190080999745987,800,102400,6144,2048,110592,96000,51200,44800,8192,0,51200,52992,3932160,1436160.0,50,51200,0,3,3,"{""armed"": 25, ""cooldown"": 326, ""global"": 49, ""local"": 0}",8,0,0.01220703125,0,0.014225403740669718,0.15569776831494264,0.988,0.09156026785714286,0.126220703125,50,0,0
oasqd-once-adaptive-H25-P50-N2048-K8,oa-stratified,0.5,OASQD-D11-contaminated-min012,contaminated,concentrated,OASQD-D11-contaminated-min012/concentrated,2,400,400,0.550331600010395,800,102400,6144,2048,110592,96000,51200,44800,8192,0,51200,52992,3932160,1436160.0,50,51200,0,3,3,"{""armed"": 25, ""cooldown"": 326, ""global"": 49, ""local"": 0}",8,0,0.0113525390625,0,0.03458051920228078,0.18183976114280867,0.988,0.09150111607142855,0.106689453125,50,0,0
oasqd-stop-adaptive-H25-P50-N2048-K8,oa-stratified,0.5,OASQD-D11-contaminated-min012,contaminated,concentrated,OASQD-D11-contaminated-min012/concentrated,0,400,400,1.0292314999969676,2440,312320,24576,2048,338944,279680,51200,18560,8192,0,261120,26752,3932160,5267200.0,255,261120,0,12,2,"{""armed"": 25, ""cooldown"": 0, ""global"": 375, ""local"": 0}",8,0,0.0126953125,0,0.014992324023671566,0.17597530474927442,0.988,0.08570089285714286,0.14404296875,50,0,0
oasqd-stop-adaptive-H25-P50-N2048-K8,oa-stratified,0.5,OASQD-D11-contaminated-min012,contaminated,concentrated,OASQD-D11-contaminated-min012/concentrated,1,400,400,1.0150374000077136,2440,312320,24576,2048,338944,279680,51200,18560,8192,0,261120,26752,3932160,5267200.0,255,261120,0,12,2,"{""armed"": 25, ""cooldown"": 0, ""global"": 375, ""local"": 0}",8,0,0.01220703125,0,0.012910846131508391,0.1642186673881818,0.988,0.09552566964285716,0.099853515625,50,0,0
oasqd-stop-adaptive-H25-P50-N2048-K8,oa-stratified,0.5,OASQD-D11-contaminated-min012,contaminated,concentrated,OASQD-D11-contaminated-min012/concentrated,2,400,400,1.2784478999965359,2440,312320,24576,2048,338944,279680,51200,18560,8192,0,261120,26752,3932160,5267200.0,255,261120,0,12,2,"{""armed"": 25, ""cooldown"": 0, ""global"": 375, ""local"": 0}",8,0,0.0113525390625,0,0.02704979640307048,0.1644684678049171,0.988,0.07794754464285716,0.10205078125,50,0,0
oasqd-stop-adaptive-iid-H25-P50-N2048-K8,oa-stratified,0.5,OASQD-D11-contaminated-min012,contaminated,concentrated,OASQD-D11-contaminated-min012/concentrated,0,400,400,1.3008635000151116,2440,312320,24576,2048,338944,279680,51200,279680,8192,0,0,287872,3932160,5267200.0,255,261120,0,12,2,"{""armed"": 25, ""cooldown"": 0, ""global"": 375, ""local"": 0}",8,0,0.0126953125,0,0.012453362725716177,0.16535411304057113,0.988,0.07886495535714286,0.122802734375,50,0,0
oasqd-stop-adaptive-iid-H25-P50-N2048-K8,oa-stratified,0.5,OASQD-D11-contaminated-min012,contaminated,concentrated,OASQD-D11-contaminated-min012/concentrated,1,400,400,1.0873729000159074,2440,312320,24576,2048,338944,279680,51200,279680,8192,0,0,287872,3932160,5267200.0,255,261120,0,12,2,"{""armed"": 25, ""cooldown"": 0, ""global"": 375, ""local"": 0}",8,0,0.01220703125,0,0.013214857615368336,0.15396864849693903,0.988,0.08771316964285716,0.111328125,50,0,0
oasqd-stop-adaptive-iid-H25-P50-N2048-K8,oa-stratified,0.5,OASQD-D11-contaminated-min012,contaminated,concentrated,OASQD-D11-contaminated-min012/concentrated,2,400,400,1.081374200002756,2440,312320,24576,2048,338944,279680,51200,279680,8192,0,0,287872,3932160,5267200.0,255,261120,0,12,2,"{""armed"": 25, ""cooldown"": 0, ""global"": 375, ""local"": 0}",8,0,0.0113525390625,0,0.03342086123790344,0.17294699227355584,0.988,0.08478348214285716,0.11865234375,50,0,0
oasqd-stop-systematic-H25-P50-N2048-K8,oa-stratified,0.5,OASQD-D11-contaminated-min012,contaminated,concentrated,OASQD-D11-contaminated-min012/concentrated,0,400,400,1.1280328999855556,2440,312320,24576,2048,338944,279680,51200,18560,8192,0,261120,26752,3932160,5267200.0,255,261120,0,12,2,"{""armed"": 25, ""cooldown"": 0, ""global"": 375, ""local"": 0}",8,0,0.0126953125,0,0.014992324023671566,0.17597530474927442,0.988,0.08570089285714286,0.14404296875,50,0,0
oasqd-stop-systematic-H25-P50-N2048-K8,oa-stratified,0.5,OASQD-D11-contaminated-min012,contaminated,concentrated,OASQD-D11-contaminated-min012/concentrated,1,400,400,1.0430178999959026,2440,312320,24576,2048,338944,279680,51200,18560,8192,0,261120,26752,3932160,5267200.0,255,261120,0,12,2,"{""armed"": 25, ""cooldown"": 0, ""global"": 375, ""local"": 0}",8,0,0.01220703125,0,0.012910846131508391,0.1642186673881818,0.988,0.09552566964285716,0.099853515625,50,0,0
oasqd-stop-systematic-H25-P50-N2048-K8,oa-stratified,0.5,OASQD-D11-contaminated-min012,contaminated,concentrated,OASQD-D11-contaminated-min012/concentrated,2,400,400,1.1514953000005335,2440,312320,24576,2048,338944,279680,51200,18560,8192,0,261120,26752,3932160,5267200.0,255,261120,0,12,2,"{""armed"": 25, ""cooldown"": 0, ""global"": 375, ""local"": 0}",8,0,0.0113525390625,0,0.02704979640307048,0.1644684678049171,0.988,0.07794754464285716,0.10205078125,50,0,0
paper-0.5,paper,0.5,OASQD-D11-contaminated-min012,contaminated,concentrated,OASQD-D11-contaminated-min012/concentrated,0,400,400,0.8089563999965321,400,51200,0,2048,53248,51200,51200,51200,0,0,0,51200,13107200,0.0,0,0,0,0,0,"{""armed"": 0, ""cooldown"": 0, ""global"": 0, ""local"": 0}",0,0,nan,0,0.01284468328093702,0.15362891878110313,0.988,0.10132589285714286,nan,50,0,0
paper-0.5,paper,0.5,OASQD-D11-contaminated-min012,contaminated,concentrated,OASQD-D11-contaminated-min012/concentrated,1,400,400,0.6542284000024665,400,51200,0,2048,53248,51200,51200,51200,0,0,0,51200,13107200,0.0,0,0,0,0,0,"{""armed"": 0, ""cooldown"": 0, ""global"": 0, ""local"": 0}",0,0,nan,0,0.0173933269757367,0.15160290779565233,0.988,0.11402120535714286,nan,50,0,0
paper-0.5,paper,0.5,OASQD-D11-contaminated-min012,contaminated,concentrated,OASQD-D11-contaminated-min012/concentrated,2,400,400,0.5460364999889862,400,51200,0,2048,53248,51200,51200,51200,0,0,0,51200,13107200,0.0,0,0,0,0,0,"{""armed"": 0, ""cooldown"": 0, ""global"": 0, ""local"": 0}",0,0,nan,0,0.020644750464449135,0.16812115426949248,0.988,0.08087723214285716,nan,50,0,0
qld-v1,qld,0.5,OASQD-D11-contaminated-min012,contaminated,concentrated,OASQD-D11-contaminated-min012/concentrated,0,400,400,0.3217847000050824,400,51200,0,2048,53248,51200,51200,51200,0,0,0,51200,3932160,501760.0,0,0,0,0,0,"{""armed"": 0, ""cooldown"": 0, ""global"": 0, ""local"": 0}",0,0,nan,0,0.015124288700989919,0.1668250823053262,0.988,0.07794754464285716,nan,50,0,0
qld-v1,qld,0.5,OASQD-D11-contaminated-min012,contaminated,concentrated,OASQD-D11-contaminated-min012/concentrated,1,400,400,0.35371049999957904,400,51200,0,2048,53248,51200,51200,51200,0,0,0,51200,3932160,501760.0,0,0,0,0,0,"{""armed"": 0, ""cooldown"": 0, ""global"": 0, ""local"": 0}",0,0,nan,0,0.015216202951717772,0.15092554126280355,0.988,0.09259598214285716,nan,50,0,0
qld-v1,qld,0.5,OASQD-D11-contaminated-min012,contaminated,concentrated,OASQD-D11-contaminated-min012/concentrated,2,400,400,0.39816240000072867,400,51200,0,2048,53248,51200,51200,51200,0,0,0,51200,3932160,501760.0,0,0,0,0,0,"{""armed"": 0, ""cooldown"": 0, ""global"": 0, ""local"": 0}",0,0,nan,0,0.02552397853874,0.1700030103806573,0.988,0.06226339285714286,nan,50,0,0
fixed-lbqcd,fixed,0.5,OASQD-D11-contaminated-min012,contaminated,missing,OASQD-D11-contaminated-min012/missing,0,400,400,1.210174299980281,4600,588800,0,3072,591872,302080,302080,302080,0,4096,0,306176,3932160,5734400.0,280,286720,0,0,0,"{""armed"": 0, ""cooldown"": 0, ""global"": 0, ""local"": 0}",0,0,nan,1,0.011929899687997292,0.17683288380934478,0.988,0.09741964285714286,nan,100,0,0
fixed-lbqcd,fixed,0.5,OASQD-D11-contaminated-min012,contaminated,missing,OASQD-D11-contaminated-min012/missing,1,400,400,0.32294739998178557,400,51200,0,3072,54272,51200,51200,51200,0,4096,0,55296,3932160,501760.0,0,0,0,0,0,"{""armed"": 0, ""cooldown"": 0, ""global"": 0, ""local"": 0}",0,0,nan,0,0.018225524808711535,0.14392145283314897,0.988,0.06519308035714286,nan,100,0,0
fixed-lbqcd,fixed,0.5,OASQD-D11-contaminated-min012,contaminated,missing,OASQD-D11-contaminated-min012/missing,2,400,400,1.0773422000056598,4600,588800,0,2048,590848,302080,302080,302080,0,4096,0,306176,3932160,5734400.0,280,286720,0,0,0,"{""armed"": 0, ""cooldown"": 0, ""global"": 0, ""local"": 0}",0,0,nan,1,0.03393499255918386,0.17184319036402446,0.988,0.09931361607142855,nan,50,0,0
oa-stop-strat-H25-P50-N2048-K8,oa-stratified,0.5,OASQD-D11-contaminated-min012,contaminated,missing,OASQD-D11-contaminated-min012/missing,0,400,400,1.1451902999833692,2440,312320,24576,3072,339968,279680,51200,279680,8192,0,0,287872,3932160,5267200.0,255,261120,0,12,2,"{""armed"": 25, ""cooldown"": 0, ""global"": 375, ""local"": 0}",8,0,0.01318359375,0,0.012042633400655367,0.18100418501330465,0.988,0.09552566964285716,0.14306640625,100,0,0
oa-stop-strat-H25-P50-N2048-K8,oa-stratified,0.5,OASQD-D11-contaminated-min012,contaminated,missing,OASQD-D11-contaminated-min012/missing,1,400,400,1.0705116000026464,2440,312320,24576,3072,339968,279680,51200,279680,8192,0,0,287872,3932160,5267200.0,255,261120,0,12,2,"{""armed"": 25, ""cooldown"": 0, ""global"": 375, ""local"": 0}",8,0,0.01220703125,0,0.014158119857449414,0.14607122894295418,0.988,0.08759486607142855,0.1318359375,100,0,0
oa-stop-strat-H25-P50-N2048-K8,oa-stratified,0.5,OASQD-D11-contaminated-min012,contaminated,missing,OASQD-D11-contaminated-min012/missing,2,400,400,1.0201515999797266,2440,312320,24576,2048,338944,279680,51200,279680,8192,0,0,287872,3932160,5267200.0,255,261120,0,12,2,"{""armed"": 25, ""cooldown"": 0, ""global"": 375, ""local"": 0}",8,0,0.0103759765625,0,0.03236637817068777,0.17176985320902244,0.988,0.09443080357142855,0.1142578125,50,0,0
oasqd-once-adaptive-H25-P50-N2048-K8,oa-stratified,0.5,OASQD-D11-contaminated-min012,contaminated,missing,OASQD-D11-contaminated-min012/missing,0,400,400,0.5946721000073012,800,102400,6144,3072,111616,96000,51200,44800,8192,0,51200,52992,3932160,1436160.0,50,51200,0,3,3,"{""armed"": 25, ""cooldown"": 326, ""global"": 49, ""local"": 0}",8,0,0.01318359375,0,0.011394365414045815,0.1770941792729825,0.988,0.10034933035714286,0.144287109375,100,0,0
oasqd-once-adaptive-H25-P50-N2048-K8,oa-stratified,0.5,OASQD-D11-contaminated-min012,contaminated,missing,OASQD-D11-contaminated-min012/missing,1,400,400,0.5059914000157733,800,102400,6144,3072,111616,96000,51200,44800,8192,0,51200,52992,3932160,1436160.0,50,51200,0,3,3,"{""armed"": 25, ""cooldown"": 326, ""global"": 49, ""local"": 0}",8,0,0.01220703125,0,0.01374680916923543,0.14027955945771925,0.988,0.06031026785714286,0.125,100,0,0
oasqd-once-adaptive-H25-P50-N2048-K8,oa-stratified,0.5,OASQD-D11-contaminated-min012,contaminated,missing,OASQD-D11-contaminated-min012/missing,2,400,400,0.4763964000158012,800,102400,6144,2048,110592,96000,51200,44800,8192,0,51200,52992,3932160,1436160.0,50,51200,0,3,3,"{""armed"": 25, ""cooldown"": 326, ""global"": 49, ""local"": 0}",8,0,0.0103759765625,0,0.03432760192878148,0.17210720347302902,0.988,0.09937276785714286,0.1083984375,50,0,0
oasqd-stop-adaptive-H25-P50-N2048-K8,oa-stratified,0.5,OASQD-D11-contaminated-min012,contaminated,missing,OASQD-D11-contaminated-min012/missing,0,400,400,1.0712169000180438,2440,312320,24576,3072,339968,279680,51200,18560,8192,0,261120,26752,3932160,5267200.0,255,261120,0,12,2,"{""armed"": 25, ""cooldown"": 0, ""global"": 375, ""local"": 0}",8,0,0.01318359375,0,0.01303751283542276,0.18521872389505784,0.988,0.09741964285714286,0.16064453125,100,0,0
oasqd-stop-adaptive-H25-P50-N2048-K8,oa-stratified,0.5,OASQD-D11-contaminated-min012,contaminated,missing,OASQD-D11-contaminated-min012/missing,1,400,400,1.0412265000049956,2440,312320,24576,3072,339968,279680,51200,18560,8192,0,261120,26752,3932160,5267200.0,255,261120,0,12,2,"{""armed"": 25, ""cooldown"": 0, ""global"": 375, ""local"": 0}",8,0,0.01220703125,0,0.01759535255681821,0.14692777488860315,0.988,0.10034933035714286,0.14306640625,100,0,0
oasqd-stop-adaptive-H25-P50-N2048-K8,oa-stratified,0.5,OASQD-D11-contaminated-min012,contaminated,missing,OASQD-D11-contaminated-min012/missing,2,400,400,1.1126255999843124,2440,312320,24576,2048,338944,279680,51200,18560,8192,0,261120,26752,3932160,5267200.0,255,261120,0,12,2,"{""armed"": 25, ""cooldown"": 0, ""global"": 375, ""local"": 0}",8,0,0.0103759765625,0,0.029380856054923576,0.1705456331022474,0.988,0.07013504464285716,0.09619140625,50,0,0
oasqd-stop-adaptive-iid-H25-P50-N2048-K8,oa-stratified,0.5,OASQD-D11-contaminated-min012,contaminated,missing,OASQD-D11-contaminated-min012/missing,0,400,400,1.1653331000125036,2440,312320,24576,3072,339968,279680,51200,279680,8192,0,0,287872,3932160,5267200.0,255,261120,0,12,2,"{""armed"": 25, ""cooldown"": 0, ""global"": 375, ""local"": 0}",8,0,0.01318359375,0,0.012042633400655367,0.18100418501330465,0.988,0.09552566964285716,0.14306640625,100,0,0
oasqd-stop-adaptive-iid-H25-P50-N2048-K8,oa-stratified,0.5,OASQD-D11-contaminated-min012,contaminated,missing,OASQD-D11-contaminated-min012/missing,1,400,400,1.1905398000089917,2440,312320,24576,3072,339968,279680,51200,279680,8192,0,0,287872,3932160,5267200.0,255,261120,0,12,2,"{""armed"": 25, ""cooldown"": 0, ""global"": 375, ""local"": 0}",8,0,0.01220703125,0,0.014158119857449414,0.14607122894295418,0.988,0.08759486607142855,0.1318359375,100,0,0
oasqd-stop-adaptive-iid-H25-P50-N2048-K8,oa-stratified,0.5,OASQD-D11-contaminated-min012,contaminated,missing,OASQD-D11-contaminated-min012/missing,2,400,400,1.0828762000019196,2440,312320,24576,2048,338944,279680,51200,279680,8192,0,0,287872,3932160,5267200.0,255,261120,0,12,2,"{""armed"": 25, ""cooldown"": 0, ""global"": 375, ""local"": 0}",8,0,0.0103759765625,0,0.03236637817068777,0.17176985320902244,0.988,0.09443080357142855,0.1142578125,50,0,0
oasqd-stop-systematic-H25-P50-N2048-K8,oa-stratified,0.5,OASQD-D11-contaminated-min012,contaminated,missing,OASQD-D11-contaminated-min012/missing,0,400,400,1.1404220999975223,2440,312320,24576,3072,339968,279680,51200,18560,8192,0,261120,26752,3932160,5267200.0,255,261120,0,12,2,"{""armed"": 25, ""cooldown"": 0, ""global"": 375, ""local"": 0}",8,0,0.01318359375,0,0.01303751283542276,0.18521872389505784,0.988,0.09741964285714286,0.16064453125,100,0,0
oasqd-stop-systematic-H25-P50-N2048-K8,oa-stratified,0.5,OASQD-D11-contaminated-min012,contaminated,missing,OASQD-D11-contaminated-min012/missing,1,400,400,1.1128823999897577,2440,312320,24576,3072,339968,279680,51200,18560,8192,0,261120,26752,3932160,5267200.0,255,261120,0,12,2,"{""armed"": 25, ""cooldown"": 0, ""global"": 375, ""local"": 0}",8,0,0.01220703125,0,0.01759535255681821,0.14692777488860315,0.988,0.10034933035714286,0.14306640625,100,0,0
oasqd-stop-systematic-H25-P50-N2048-K8,oa-stratified,0.5,OASQD-D11-contaminated-min012,contaminated,missing,OASQD-D11-contaminated-min012/missing,2,400,400,1.0617568000161555,2440,312320,24576,2048,338944,279680,51200,18560,8192,0,261120,26752,3932160,5267200.0,255,261120,0,12,2,"{""armed"": 25, ""cooldown"": 0, ""global"": 375, ""local"": 0}",8,0,0.0103759765625,0,0.029380856054923576,0.1705456331022474,0.988,0.07013504464285716,0.09619140625,50,0,0
paper-0.5,paper,0.5,OASQD-D11-contaminated-min012,contaminated,missing,OASQD-D11-contaminated-min012/missing,0,400,400,0.4634368999977596,400,51200,0,2048,53248,51200,51200,51200,0,0,0,51200,13107200,0.0,0,0,0,0,0,"{""armed"": 0, ""cooldown"": 0, ""global"": 0, ""local"": 0}",0,0,nan,0,0.012923155206941761,0.17637019485606742,0.988,0.08271205357142855,nan,50,0,0
paper-0.5,paper,0.5,OASQD-D11-contaminated-min012,contaminated,missing,OASQD-D11-contaminated-min012/missing,1,400,400,0.4919629999785684,400,51200,0,2048,53248,51200,51200,51200,0,0,0,51200,13107200,0.0,0,0,0,0,0,"{""armed"": 0, ""cooldown"": 0, ""global"": 0, ""local"": 0}",0,0,nan,0,0.02436025353380411,0.15836266662059376,0.988,0.08179464285714286,nan,50,0,0
paper-0.5,paper,0.5,OASQD-D11-contaminated-min012,contaminated,missing,OASQD-D11-contaminated-min012/missing,2,400,400,0.6733120999997482,400,51200,0,2048,53248,51200,51200,51200,0,0,0,51200,13107200,0.0,0,0,0,0,0,"{""armed"": 0, ""cooldown"": 0, ""global"": 0, ""local"": 0}",0,0,nan,0,0.025506154559441274,0.18231559854707005,0.988,0.09845535714285716,nan,50,0,0
qld-v1,qld,0.5,OASQD-D11-contaminated-min012,contaminated,missing,OASQD-D11-contaminated-min012/missing,0,400,400,0.3058502999774646,400,51200,0,3072,54272,51200,51200,51200,0,0,0,51200,3932160,501760.0,0,0,0,0,0,"{""armed"": 0, ""cooldown"": 0, ""global"": 0, ""local"": 0}",0,0,nan,0,0.01026508226251499,0.17817269683882558,0.988,0.08380691964285716,nan,100,0,0
qld-v1,qld,0.5,OASQD-D11-contaminated-min012,contaminated,missing,OASQD-D11-contaminated-min012/missing,1,400,400,0.3895331000094302,400,51200,0,3072,54272,51200,51200,51200,0,0,0,51200,3932160,501760.0,0,0,0,0,0,"{""armed"": 0, ""cooldown"": 0, ""global"": 0, ""local"": 0}",0,0,nan,0,0.018225524808711535,0.14392145283314897,0.988,0.06519308035714286,nan,100,0,0
qld-v1,qld,0.5,OASQD-D11-contaminated-min012,contaminated,missing,OASQD-D11-contaminated-min012/missing,2,400,400,0.40323029999854043,400,51200,0,2048,53248,51200,51200,51200,0,0,0,51200,3932160,501760.0,0,0,0,0,0,"{""armed"": 0, ""cooldown"": 0, ""global"": 0, ""local"": 0}",0,0,nan,0,0.03761761118794027,0.16726985931483054,0.988,0.04566183035714286,nan,50,0,0
fixed-lbqcd,fixed,0.5,OASQD-D12-overlap-K9,overlap,concentrated,OASQD-D12-overlap-K9/concentrated,0,400,400,0.3589063999825157,400,51200,0,2048,53248,51200,51200,51200,0,4096,0,55296,3932160,501760.0,0,0,0,0,0,"{""armed"": 0, ""cooldown"": 0, ""global"": 0, ""local"": 0}",0,0,nan,0,0.0014844748588394019,0.03155487869101731,1.0,0.0812717013888889,nan,50,0,0
fixed-lbqcd,fixed,0.5,OASQD-D12-overlap-K9,overlap,concentrated,OASQD-D12-overlap-K9/concentrated,1,400,400,0.34453500001109205,400,51200,0,2048,53248,51200,51200,51200,0,4096,0,55296,3932160,501760.0,0,0,0,0,0,"{""armed"": 0, ""cooldown"": 0, ""global"": 0, ""local"": 0}",0,0,nan,0,0.0018153379737340103,0.021805684681782997,1.0,0.1008029513888889,nan,50,0,0
fixed-lbqcd,fixed,0.5,OASQD-D12-overlap-K9,overlap,concentrated,OASQD-D12-overlap-K9/concentrated,2,400,400,0.36438559999805875,400,51200,0,2048,53248,51200,51200,51200,0,4096,0,55296,3932160,501760.0,0,0,0,0,0,"{""armed"": 0, ""cooldown"": 0, ""global"": 0, ""local"": 0}",0,0,nan,0,0.008817132221256685,0.025541904496957823,1.0,0.0808376736111111,nan,50,0,0
oa-stop-strat-H25-P50-N2048-K8,oa-stratified,0.5,OASQD-D12-overlap-K9,overlap,concentrated,OASQD-D12-overlap-K9/concentrated,0,400,400,0.5153092000109609,400,51200,24576,2048,77824,51200,51200,51200,8192,0,0,59392,3932160,501760.0,0,0,0,12,0,"{""armed"": 0, ""cooldown"": 0, ""global"": 0, ""local"": 400}",1,0,1.0,0,0.0014844748588394019,0.03155487869101731,1.0,0.0812717013888889,0.0,50,0,0
oa-stop-strat-H25-P50-N2048-K8,oa-stratified,0.5,OASQD-D12-overlap-K9,overlap,concentrated,OASQD-D12-overlap-K9/concentrated,1,400,400,0.46670250000897795,400,51200,24576,2048,77824,51200,51200,51200,8192,0,0,59392,3932160,501760.0,0,0,0,12,0,"{""armed"": 0, ""cooldown"": 0, ""global"": 0, ""local"": 400}",1,0,1.0,0,0.0018153379737340103,0.021805684681782997,1.0,0.1008029513888889,0.0,50,0,0
oa-stop-strat-H25-P50-N2048-K8,oa-stratified,0.5,OASQD-D12-overlap-K9,overlap,concentrated,OASQD-D12-overlap-K9/concentrated,2,400,400,0.4078105999797117,400,51200,24576,2048,77824,51200,51200,51200,8192,0,0,59392,3932160,501760.0,0,0,0,12,0,"{""armed"": 0, ""cooldown"": 0, ""global"": 0, ""local"": 400}",1,0,1.0,0,0.008817132221256685,0.025541904496957823,1.0,0.0808376736111111,0.0,50,0,0
oasqd-once-adaptive-H25-P50-N2048-K8,oa-stratified,0.5,OASQD-D12-overlap-K9,overlap,concentrated,OASQD-D12-overlap-K9/concentrated,0,400,400,0.4721142999769654,400,51200,24576,2048,77824,51200,51200,51200,8192,0,0,59392,3932160,501760.0,0,0,0,12,0,"{""armed"": 0, ""cooldown"": 0, ""global"": 0, ""local"": 400}",1,0,1.0,0,0.0014844748588394019,0.03155487869101731,1.0,0.0812717013888889,0.0,50,0,0
oasqd-once-adaptive-H25-P50-N2048-K8,oa-stratified,0.5,OASQD-D12-overlap-K9,overlap,concentrated,OASQD-D12-overlap-K9/concentrated,1,400,400,0.39408570001251064,400,51200,24576,2048,77824,51200,51200,51200,8192,0,0,59392,3932160,501760.0,0,0,0,12,0,"{""armed"": 0, ""cooldown"": 0, ""global"": 0, ""local"": 400}",1,0,1.0,0,0.0018153379737340103,0.021805684681782997,1.0,0.1008029513888889,0.0,50,0,0
oasqd-once-adaptive-H25-P50-N2048-K8,oa-stratified,0.5,OASQD-D12-overlap-K9,overlap,concentrated,OASQD-D12-overlap-K9/concentrated,2,400,400,0.4791935999819543,400,51200,24576,2048,77824,51200,51200,51200,8192,0,0,59392,3932160,501760.0,0,0,0,12,0,"{""armed"": 0, ""cooldown"": 0, ""global"": 0, ""local"": 400}",1,0,1.0,0,0.008817132221256685,0.025541904496957823,1.0,0.0808376736111111,0.0,50,0,0
oasqd-stop-adaptive-H25-P50-N2048-K8,oa-stratified,0.5,OASQD-D12-overlap-K9,overlap,concentrated,OASQD-D12-overlap-K9/concentrated,0,400,400,0.4146636999794282,400,51200,24576,2048,77824,51200,51200,51200,8192,0,0,59392,3932160,501760.0,0,0,0,12,0,"{""armed"": 0, ""cooldown"": 0, ""global"": 0, ""local"": 400}",1,0,1.0,0,0.0014844748588394019,0.03155487869101731,1.0,0.0812717013888889,0.0,50,0,0
oasqd-stop-adaptive-H25-P50-N2048-K8,oa-stratified,0.5,OASQD-D12-overlap-K9,overlap,concentrated,OASQD-D12-overlap-K9/concentrated,1,400,400,0.43928999998024665,400,51200,24576,2048,77824,51200,51200,51200,8192,0,0,59392,3932160,501760.0,0,0,0,12,0,"{""armed"": 0, ""cooldown"": 0, ""global"": 0, ""local"": 400}",1,0,1.0,0,0.0018153379737340103,0.021805684681782997,1.0,0.1008029513888889,0.0,50,0,0
oasqd-stop-adaptive-H25-P50-N2048-K8,oa-stratified,0.5,OASQD-D12-overlap-K9,overlap,concentrated,OASQD-D12-overlap-K9/concentrated,2,400,400,0.45620789998793043,400,51200,24576,2048,77824,51200,51200,51200,8192,0,0,59392,3932160,501760.0,0,0,0,12,0,"{""armed"": 0, ""cooldown"": 0, ""global"": 0, ""local"": 400}",1,0,1.0,0,0.008817132221256685,0.025541904496957823,1.0,0.0808376736111111,0.0,50,0,0
oasqd-stop-adaptive-iid-H25-P50-N2048-K8,oa-stratified,0.5,OASQD-D12-overlap-K9,overlap,concentrated,OASQD-D12-overlap-K9/concentrated,0,400,400,0.5208191999990959,400,51200,24576,2048,77824,51200,51200,51200,8192,0,0,59392,3932160,501760.0,0,0,0,12,0,"{""armed"": 0, ""cooldown"": 0, ""global"": 0, ""local"": 400}",1,0,1.0,0,0.0014844748588394019,0.03155487869101731,1.0,0.0812717013888889,0.0,50,0,0
oasqd-stop-adaptive-iid-H25-P50-N2048-K8,oa-stratified,0.5,OASQD-D12-overlap-K9,overlap,concentrated,OASQD-D12-overlap-K9/concentrated,1,400,400,0.34042660001432523,400,51200,24576,2048,77824,51200,51200,51200,8192,0,0,59392,3932160,501760.0,0,0,0,12,0,"{""armed"": 0, ""cooldown"": 0, ""global"": 0, ""local"": 400}",1,0,1.0,0,0.0018153379737340103,0.021805684681782997,1.0,0.1008029513888889,0.0,50,0,0
oasqd-stop-adaptive-iid-H25-P50-N2048-K8,oa-stratified,0.5,OASQD-D12-overlap-K9,overlap,concentrated,OASQD-D12-overlap-K9/concentrated,2,400,400,0.3686349000199698,400,51200,24576,2048,77824,51200,51200,51200,8192,0,0,59392,3932160,501760.0,0,0,0,12,0,"{""armed"": 0, ""cooldown"": 0, ""global"": 0, ""local"": 400}",1,0,1.0,0,0.008817132221256685,0.025541904496957823,1.0,0.0808376736111111,0.0,50,0,0
oasqd-stop-systematic-H25-P50-N2048-K8,oa-stratified,0.5,OASQD-D12-overlap-K9,overlap,concentrated,OASQD-D12-overlap-K9/concentrated,0,400,400,0.41717489997972734,400,51200,24576,2048,77824,51200,51200,51200,8192,0,0,59392,3932160,501760.0,0,0,0,12,0,"{""armed"": 0, ""cooldown"": 0, ""global"": 0, ""local"": 400}",1,0,1.0,0,0.0014844748588394019,0.03155487869101731,1.0,0.0812717013888889,0.0,50,0,0
oasqd-stop-systematic-H25-P50-N2048-K8,oa-stratified,0.5,OASQD-D12-overlap-K9,overlap,concentrated,OASQD-D12-overlap-K9/concentrated,1,400,400,0.554291899985401,400,51200,24576,2048,77824,51200,51200,51200,8192,0,0,59392,3932160,501760.0,0,0,0,12,0,"{""armed"": 0, ""cooldown"": 0, ""global"": 0, ""local"": 400}",1,0,1.0,0,0.0018153379737340103,0.021805684681782997,1.0,0.1008029513888889,0.0,50,0,0
oasqd-stop-systematic-H25-P50-N2048-K8,oa-stratified,0.5,OASQD-D12-overlap-K9,overlap,concentrated,OASQD-D12-overlap-K9/concentrated,2,400,400,0.4687950999941677,400,51200,24576,2048,77824,51200,51200,51200,8192,0,0,59392,3932160,501760.0,0,0,0,12,0,"{""armed"": 0, ""cooldown"": 0, ""global"": 0, ""local"": 400}",1,0,1.0,0,0.008817132221256685,0.025541904496957823,1.0,0.0808376736111111,0.0,50,0,0
paper-0.5,paper,0.5,OASQD-D12-overlap-K9,overlap,concentrated,OASQD-D12-overlap-K9/concentrated,0,400,400,0.6232063999923412,400,51200,0,2048,53248,51200,51200,51200,0,0,0,51200,13107200,0.0,0,0,0,0,0,"{""armed"": 0, ""cooldown"": 0, ""global"": 0, ""local"": 0}",0,0,nan,0,0.0036085227922030283,0.046905972276358246,1.0,0.1013454861111111,nan,50,0,0
paper-0.5,paper,0.5,OASQD-D12-overlap-K9,overlap,concentrated,OASQD-D12-overlap-K9/concentrated,1,400,400,0.5597840999835171,400,51200,0,2048,53248,51200,51200,51200,0,0,0,51200,13107200,0.0,0,0,0,0,0,"{""armed"": 0, ""cooldown"": 0, ""global"": 0, ""local"": 0}",0,0,nan,0,0.0018279008777272177,0.033656738439207357,1.0,0.07096354166666669,nan,50,0,0
paper-0.5,paper,0.5,OASQD-D12-overlap-K9,overlap,concentrated,OASQD-D12-overlap-K9/concentrated,2,400,400,0.5584440999955405,400,51200,0,2048,53248,51200,51200,51200,0,0,0,51200,13107200,0.0,0,0,0,0,0,"{""armed"": 0, ""cooldown"": 0, ""global"": 0, ""local"": 0}",0,0,nan,0,0.006850249456548108,0.04178562288765323,1.0,0.1105685763888889,nan,50,0,0
qld-v1,qld,0.5,OASQD-D12-overlap-K9,overlap,concentrated,OASQD-D12-overlap-K9/concentrated,0,400,400,0.39282389997970313,400,51200,0,2048,53248,51200,51200,51200,0,0,0,51200,3932160,501760.0,0,0,0,0,0,"{""armed"": 0, ""cooldown"": 0, ""global"": 0, ""local"": 0}",0,0,nan,0,0.0014844748588394019,0.03155487869101731,1.0,0.0812717013888889,nan,50,0,0
qld-v1,qld,0.5,OASQD-D12-overlap-K9,overlap,concentrated,OASQD-D12-overlap-K9/concentrated,1,400,400,0.3331184000126086,400,51200,0,2048,53248,51200,51200,51200,0,0,0,51200,3932160,501760.0,0,0,0,0,0,"{""armed"": 0, ""cooldown"": 0, ""global"": 0, ""local"": 0}",0,0,nan,0,0.0018153379737340103,0.021805684681782997,1.0,0.1008029513888889,nan,50,0,0
qld-v1,qld,0.5,OASQD-D12-overlap-K9,overlap,concentrated,OASQD-D12-overlap-K9/concentrated,2,400,400,0.3830002000031527,400,51200,0,2048,53248,51200,51200,51200,0,0,0,51200,3932160,501760.0,0,0,0,0,0,"{""armed"": 0, ""cooldown"": 0, ""global"": 0, ""local"": 0}",0,0,nan,0,0.008817132221256685,0.025541904496957823,1.0,0.0808376736111111,nan,50,0,0
fixed-lbqcd,fixed,0.5,OASQD-D12-overlap-K9,overlap,missing,OASQD-D12-overlap-K9/missing,0,400,400,0.29799009999260306,400,51200,0,2048,53248,51200,51200,51200,0,4096,0,55296,3932160,501760.0,0,0,0,0,0,"{""armed"": 0, ""cooldown"": 0, ""global"": 0, ""local"": 0}",0,0,nan,0,0.003248907421425473,0.012464744601263981,1.0,0.033962673611111105,nan,50,0,0
fixed-lbqcd,fixed,0.5,OASQD-D12-overlap-K9,overlap,missing,OASQD-D12-overlap-K9/missing,1,400,400,0.37537729999166913,400,51200,0,2048,53248,51200,51200,51200,0,4096,0,55296,3932160,501760.0,0,0,0,0,0,"{""armed"": 0, ""cooldown"": 0, ""global"": 0, ""local"": 0}",0,0,nan,0,0.006363072743883924,0.04653470234708391,1.0,0.0695529513888889,nan,50,0,0
fixed-lbqcd,fixed,0.5,OASQD-D12-overlap-K9,overlap,missing,OASQD-D12-overlap-K9/missing,2,400,400,0.29774760000873357,400,51200,0,2048,53248,51200,51200,51200,0,4096,0,55296,3932160,501760.0,0,0,0,0,0,"{""armed"": 0, ""cooldown"": 0, ""global"": 0, ""local"": 0}",0,0,nan,0,0.005424661850279788,0.04483128620834019,1.0,0.0832248263888889,nan,50,0,0
oa-stop-strat-H25-P50-N2048-K8,oa-stratified,0.5,OASQD-D12-overlap-K9,overlap,missing,OASQD-D12-overlap-K9/missing,0,400,400,0.3936962999869138,400,51200,24576,2048,77824,51200,51200,51200,8192,0,0,59392,3932160,501760.0,0,0,0,12,0,"{""armed"": 0, ""cooldown"": 0, ""global"": 0, ""local"": 400}",1,0,1.0,0,0.003248907421425473,0.012464744601263981,1.0,0.033962673611111105,0.0,50,0,0
oa-stop-strat-H25-P50-N2048-K8,oa-stratified,0.5,OASQD-D12-overlap-K9,overlap,missing,OASQD-D12-overlap-K9/missing,1,400,400,0.4677259000018239,400,51200,24576,2048,77824,51200,51200,51200,8192,0,0,59392,3932160,501760.0,0,0,0,12,0,"{""armed"": 0, ""cooldown"": 0, ""global"": 0, ""local"": 400}",1,0,1.0,0,0.006363072743883924,0.04653470234708391,1.0,0.0695529513888889,0.0,50,0,0
oa-stop-strat-H25-P50-N2048-K8,oa-stratified,0.5,OASQD-D12-overlap-K9,overlap,missing,OASQD-D12-overlap-K9/missing,2,400,400,0.5481464999902528,400,51200,24576,2048,77824,51200,51200,51200,8192,0,0,59392,3932160,501760.0,0,0,0,12,0,"{""armed"": 0, ""cooldown"": 0, ""global"": 0, ""local"": 400}",1,0,1.0,0,0.005424661850279788,0.04483128620834019,1.0,0.0832248263888889,0.0,50,0,0
oasqd-once-adaptive-H25-P50-N2048-K8,oa-stratified,0.5,OASQD-D12-overlap-K9,overlap,missing,OASQD-D12-overlap-K9/missing,0,400,400,0.4435924999997951,400,51200,24576,2048,77824,51200,51200,51200,8192,0,0,59392,3932160,501760.0,0,0,0,12,0,"{""armed"": 0, ""cooldown"": 0, ""global"": 0, ""local"": 400}",1,0,1.0,0,0.003248907421425473,0.012464744601263981,1.0,0.033962673611111105,0.0,50,0,0
oasqd-once-adaptive-H25-P50-N2048-K8,oa-stratified,0.5,OASQD-D12-overlap-K9,overlap,missing,OASQD-D12-overlap-K9/missing,1,400,400,0.5225091999745928,400,51200,24576,2048,77824,51200,51200,51200,8192,0,0,59392,3932160,501760.0,0,0,0,12,0,"{""armed"": 0, ""cooldown"": 0, ""global"": 0, ""local"": 400}",1,0,1.0,0,0.006363072743883924,0.04653470234708391,1.0,0.0695529513888889,0.0,50,0,0
oasqd-once-adaptive-H25-P50-N2048-K8,oa-stratified,0.5,OASQD-D12-overlap-K9,overlap,missing,OASQD-D12-overlap-K9/missing,2,400,400,0.513642300007632,400,51200,24576,2048,77824,51200,51200,51200,8192,0,0,59392,3932160,501760.0,0,0,0,12,0,"{""armed"": 0, ""cooldown"": 0, ""global"": 0, ""local"": 400}",1,0,1.0,0,0.005424661850279788,0.04483128620834019,1.0,0.0832248263888889,0.0,50,0,0
oasqd-stop-adaptive-H25-P50-N2048-K8,oa-stratified,0.5,OASQD-D12-overlap-K9,overlap,missing,OASQD-D12-overlap-K9/missing,0,400,400,0.37365669998689555,400,51200,24576,2048,77824,51200,51200,51200,8192,0,0,59392,3932160,501760.0,0,0,0,12,0,"{""armed"": 0, ""cooldown"": 0, ""global"": 0, ""local"": 400}",1,0,1.0,0,0.003248907421425473,0.012464744601263981,1.0,0.033962673611111105,0.0,50,0,0
oasqd-stop-adaptive-H25-P50-N2048-K8,oa-stratified,0.5,OASQD-D12-overlap-K9,overlap,missing,OASQD-D12-overlap-K9/missing,1,400,400,0.46736179999425076,400,51200,24576,2048,77824,51200,51200,51200,8192,0,0,59392,3932160,501760.0,0,0,0,12,0,"{""armed"": 0, ""cooldown"": 0, ""global"": 0, ""local"": 400}",1,0,1.0,0,0.006363072743883924,0.04653470234708391,1.0,0.0695529513888889,0.0,50,0,0
oasqd-stop-adaptive-H25-P50-N2048-K8,oa-stratified,0.5,OASQD-D12-overlap-K9,overlap,missing,OASQD-D12-overlap-K9/missing,2,400,400,0.5635371999815106,400,51200,24576,2048,77824,51200,51200,51200,8192,0,0,59392,3932160,501760.0,0,0,0,12,0,"{""armed"": 0, ""cooldown"": 0, ""global"": 0, ""local"": 400}",1,0,1.0,0,0.005424661850279788,0.04483128620834019,1.0,0.0832248263888889,0.0,50,0,0
oasqd-stop-adaptive-iid-H25-P50-N2048-K8,oa-stratified,0.5,OASQD-D12-overlap-K9,overlap,missing,OASQD-D12-overlap-K9/missing,0,400,400,0.49065549997612834,400,51200,24576,2048,77824,51200,51200,51200,8192,0,0,59392,3932160,501760.0,0,0,0,12,0,"{""armed"": 0, ""cooldown"": 0, ""global"": 0, ""local"": 400}",1,0,1.0,0,0.003248907421425473,0.012464744601263981,1.0,0.033962673611111105,0.0,50,0,0
oasqd-stop-adaptive-iid-H25-P50-N2048-K8,oa-stratified,0.5,OASQD-D12-overlap-K9,overlap,missing,OASQD-D12-overlap-K9/missing,1,400,400,0.47668039999553,400,51200,24576,2048,77824,51200,51200,51200,8192,0,0,59392,3932160,501760.0,0,0,0,12,0,"{""armed"": 0, ""cooldown"": 0, ""global"": 0, ""local"": 400}",1,0,1.0,0,0.006363072743883924,0.04653470234708391,1.0,0.0695529513888889,0.0,50,0,0
oasqd-stop-adaptive-iid-H25-P50-N2048-K8,oa-stratified,0.5,OASQD-D12-overlap-K9,overlap,missing,OASQD-D12-overlap-K9/missing,2,400,400,0.374339100002544,400,51200,24576,2048,77824,51200,51200,51200,8192,0,0,59392,3932160,501760.0,0,0,0,12,0,"{""armed"": 0, ""cooldown"": 0, ""global"": 0, ""local"": 400}",1,0,1.0,0,0.005424661850279788,0.04483128620834019,1.0,0.0832248263888889,0.0,50,0,0
oasqd-stop-systematic-H25-P50-N2048-K8,oa-stratified,0.5,OASQD-D12-overlap-K9,overlap,missing,OASQD-D12-overlap-K9/missing,0,400,400,0.3731044000014663,400,51200,24576,2048,77824,51200,51200,51200,8192,0,0,59392,3932160,501760.0,0,0,0,12,0,"{""armed"": 0, ""cooldown"": 0, ""global"": 0, ""local"": 400}",1,0,1.0,0,0.003248907421425473,0.012464744601263981,1.0,0.033962673611111105,0.0,50,0,0
oasqd-stop-systematic-H25-P50-N2048-K8,oa-stratified,0.5,OASQD-D12-overlap-K9,overlap,missing,OASQD-D12-overlap-K9/missing,1,400,400,0.5266357000218704,400,51200,24576,2048,77824,51200,51200,51200,8192,0,0,59392,3932160,501760.0,0,0,0,12,0,"{""armed"": 0, ""cooldown"": 0, ""global"": 0, ""local"": 400}",1,0,1.0,0,0.006363072743883924,0.04653470234708391,1.0,0.0695529513888889,0.0,50,0,0
oasqd-stop-systematic-H25-P50-N2048-K8,oa-stratified,0.5,OASQD-D12-overlap-K9,overlap,missing,OASQD-D12-overlap-K9/missing,2,400,400,0.4610912000061944,400,51200,24576,2048,77824,51200,51200,51200,8192,0,0,59392,3932160,501760.0,0,0,0,12,0,"{""armed"": 0, ""cooldown"": 0, ""global"": 0, ""local"": 400}",1,0,1.0,0,0.005424661850279788,0.04483128620834019,1.0,0.0832248263888889,0.0,50,0,0
paper-0.5,paper,0.5,OASQD-D12-overlap-K9,overlap,missing,OASQD-D12-overlap-K9/missing,0,400,400,0.7345539999951143,400,51200,0,2048,53248,51200,51200,51200,0,0,0,51200,13107200,0.0,0,0,0,0,0,"{""armed"": 0, ""cooldown"": 0, ""global"": 0, ""local"": 0}",0,0,nan,0,0.01134861537894738,0.05313219114793035,1.0,0.1238064236111111,nan,50,0,0
paper-0.5,paper,0.5,OASQD-D12-overlap-K9,overlap,missing,OASQD-D12-overlap-K9/missing,1,400,400,0.6240101000003051,400,51200,0,2048,53248,51200,51200,51200,0,0,0,51200,13107200,0.0,0,0,0,0,0,"{""armed"": 0, ""cooldown"": 0, ""global"": 0, ""local"": 0}",0,0,nan,0,0.005346696791407868,0.049695355403542564,1.0,0.1369357638888889,nan,50,0,0
paper-0.5,paper,0.5,OASQD-D12-overlap-K9,overlap,missing,OASQD-D12-overlap-K9/missing,2,400,400,0.5498999999836087,400,51200,0,2048,53248,51200,51200,51200,0,0,0,51200,13107200,0.0,0,0,0,0,0,"{""armed"": 0, ""cooldown"": 0, ""global"": 0, ""local"": 0}",0,0,nan,0,0.006255325099773668,0.06043141240246804,1.0,0.1515842013888889,nan,50,0,0
qld-v1,qld,0.5,OASQD-D12-overlap-K9,overlap,missing,OASQD-D12-overlap-K9/missing,0,400,400,0.3348888999898918,400,51200,0,2048,53248,51200,51200,51200,0,0,0,51200,3932160,501760.0,0,0,0,0,0,"{""armed"": 0, ""cooldown"": 0, ""global"": 0, ""local"": 0}",0,0,nan,0,0.003248907421425473,0.012464744601263981,1.0,0.033962673611111105,nan,50,0,0
qld-v1,qld,0.5,OASQD-D12-overlap-K9,overlap,missing,OASQD-D12-overlap-K9/missing,1,400,400,0.3624200999911409,400,51200,0,2048,53248,51200,51200,51200,0,0,0,51200,3932160,501760.0,0,0,0,0,0,"{""armed"": 0, ""cooldown"": 0, ""global"": 0, ""local"": 0}",0,0,nan,0,0.006363072743883924,0.04653470234708391,1.0,0.0695529513888889,nan,50,0,0
qld-v1,qld,0.5,OASQD-D12-overlap-K9,overlap,missing,OASQD-D12-overlap-K9/missing,2,400,400,0.32373929998720996,400,51200,0,2048,53248,51200,51200,51200,0,0,0,51200,3932160,501760.0,0,0,0,0,0,"{""armed"": 0, ""cooldown"": 0, ""global"": 0, ""local"": 0}",0,0,nan,0,0.005424661850279788,0.04483128620834019,1.0,0.0832248263888889,nan,50,0,0
fixed-lbqcd,fixed,0.5,OASQD-D13-connected-skew,connected,concentrated,OASQD-D13-connected-skew/concentrated,0,400,400,0.32568609999725595,400,51200,0,1024,52224,51200,51200,51200,0,4096,0,55296,3932160,501760.0,0,0,0,0,0,"{""armed"": 0, ""cooldown"": 0, ""global"": 0, ""local"": 0}",0,0,nan,0,0.0064355069064483406,0.08102433828062276,1.0,0.18218749999999995,nan,1,0,0
fixed-lbqcd,fixed,0.5,OASQD-D13-connected-skew,connected,concentrated,OASQD-D13-connected-skew/concentrated,1,400,400,0.3501287999970373,400,51200,0,1024,52224,51200,51200,51200,0,4096,0,55296,3932160,501760.0,0,0,0,0,0,"{""armed"": 0, ""cooldown"": 0, ""global"": 0, ""local"": 0}",0,0,nan,0,0.009974326956596613,0.08516539597990852,1.0,0.14019531249999995,nan,1,0,0
fixed-lbqcd,fixed,0.5,OASQD-D13-connected-skew,connected,concentrated,OASQD-D13-connected-skew/concentrated,2,400,400,0.3367155999876559,400,51200,0,1024,52224,51200,51200,51200,0,4096,0,55296,3932160,501760.0,0,0,0,0,0,"{""armed"": 0, ""cooldown"": 0, ""global"": 0, ""local"": 0}",0,0,nan,0,0.002337328822113127,0.045991351379358426,1.0,0.14019531249999995,nan,1,0,0
oa-stop-strat-H25-P50-N2048-K8,oa-stratified,0.5,OASQD-D13-connected-skew,connected,concentrated,OASQD-D13-connected-skew/concentrated,0,400,400,0.44553599998471327,400,51200,24576,1024,76800,51200,51200,51200,8192,0,0,59392,3932160,501760.0,0,0,0,12,0,"{""armed"": 0, ""cooldown"": 0, ""global"": 0, ""local"": 400}",1,1,1.0,0,0.0064355069064483406,0.08102433828062276,1.0,0.18218749999999995,0.0,1,0,0
oa-stop-strat-H25-P50-N2048-K8,oa-stratified,0.5,OASQD-D13-connected-skew,connected,concentrated,OASQD-D13-connected-skew/concentrated,1,400,400,0.437559300014982,400,51200,24576,1024,76800,51200,51200,51200,8192,0,0,59392,3932160,501760.0,0,0,0,12,0,"{""armed"": 0, ""cooldown"": 0, ""global"": 0, ""local"": 400}",1,0,1.0,0,0.009974326956596613,0.08516539597990852,1.0,0.14019531249999995,0.0,1,0,0
oa-stop-strat-H25-P50-N2048-K8,oa-stratified,0.5,OASQD-D13-connected-skew,connected,concentrated,OASQD-D13-connected-skew/concentrated,2,400,400,0.4662203000043519,400,51200,24576,1024,76800,51200,51200,51200,8192,0,0,59392,3932160,501760.0,0,0,0,12,0,"{""armed"": 0, ""cooldown"": 0, ""global"": 0, ""local"": 400}",1,0,1.0,0,0.002337328822113127,0.045991351379358426,1.0,0.14019531249999995,0.0,1,0,0
oasqd-once-adaptive-H25-P50-N2048-K8,oa-stratified,0.5,OASQD-D13-connected-skew,connected,concentrated,OASQD-D13-connected-skew/concentrated,0,400,400,0.49769089999608696,400,51200,24576,1024,76800,51200,51200,51200,8192,0,0,59392,3932160,501760.0,0,0,0,12,0,"{""armed"": 0, ""cooldown"": 0, ""global"": 0, ""local"": 400}",1,1,1.0,0,0.0064355069064483406,0.08102433828062276,1.0,0.18218749999999995,0.0,1,0,0
oasqd-once-adaptive-H25-P50-N2048-K8,oa-stratified,0.5,OASQD-D13-connected-skew,connected,concentrated,OASQD-D13-connected-skew/concentrated,1,400,400,0.4418434999824967,400,51200,24576,1024,76800,51200,51200,51200,8192,0,0,59392,3932160,501760.0,0,0,0,12,0,"{""armed"": 0, ""cooldown"": 0, ""global"": 0, ""local"": 400}",1,0,1.0,0,0.009974326956596613,0.08516539597990852,1.0,0.14019531249999995,0.0,1,0,0
oasqd-once-adaptive-H25-P50-N2048-K8,oa-stratified,0.5,OASQD-D13-connected-skew,connected,concentrated,OASQD-D13-connected-skew/concentrated,2,400,400,0.36891219997778535,400,51200,24576,1024,76800,51200,51200,51200,8192,0,0,59392,3932160,501760.0,0,0,0,12,0,"{""armed"": 0, ""cooldown"": 0, ""global"": 0, ""local"": 400}",1,0,1.0,0,0.002337328822113127,0.045991351379358426,1.0,0.14019531249999995,0.0,1,0,0
oasqd-stop-adaptive-H25-P50-N2048-K8,oa-stratified,0.5,OASQD-D13-connected-skew,connected,concentrated,OASQD-D13-connected-skew/concentrated,0,400,400,0.4349965000001248,400,51200,24576,1024,76800,51200,51200,51200,8192,0,0,59392,3932160,501760.0,0,0,0,12,0,"{""armed"": 0, ""cooldown"": 0, ""global"": 0, ""local"": 400}",1,1,1.0,0,0.0064355069064483406,0.08102433828062276,1.0,0.18218749999999995,0.0,1,0,0
oasqd-stop-adaptive-H25-P50-N2048-K8,oa-stratified,0.5,OASQD-D13-connected-skew,connected,concentrated,OASQD-D13-connected-skew/concentrated,1,400,400,0.4050384999718517,400,51200,24576,1024,76800,51200,51200,51200,8192,0,0,59392,3932160,501760.0,0,0,0,12,0,"{""armed"": 0, ""cooldown"": 0, ""global"": 0, ""local"": 400}",1,0,1.0,0,0.009974326956596613,0.08516539597990852,1.0,0.14019531249999995,0.0,1,0,0
oasqd-stop-adaptive-H25-P50-N2048-K8,oa-stratified,0.5,OASQD-D13-connected-skew,connected,concentrated,OASQD-D13-connected-skew/concentrated,2,400,400,0.5370796000061091,400,51200,24576,1024,76800,51200,51200,51200,8192,0,0,59392,3932160,501760.0,0,0,0,12,0,"{""armed"": 0, ""cooldown"": 0, ""global"": 0, ""local"": 400}",1,0,1.0,0,0.002337328822113127,0.045991351379358426,1.0,0.14019531249999995,0.0,1,0,0
oasqd-stop-adaptive-iid-H25-P50-N2048-K8,oa-stratified,0.5,OASQD-D13-connected-skew,connected,concentrated,OASQD-D13-connected-skew/concentrated,0,400,400,0.40154920000350103,400,51200,24576,1024,76800,51200,51200,51200,8192,0,0,59392,3932160,501760.0,0,0,0,12,0,"{""armed"": 0, ""cooldown"": 0, ""global"": 0, ""local"": 400}",1,1,1.0,0,0.0064355069064483406,0.08102433828062276,1.0,0.18218749999999995,0.0,1,0,0
oasqd-stop-adaptive-iid-H25-P50-N2048-K8,oa-stratified,0.5,OASQD-D13-connected-skew,connected,concentrated,OASQD-D13-connected-skew/concentrated,1,400,400,0.46955249999882653,400,51200,24576,1024,76800,51200,51200,51200,8192,0,0,59392,3932160,501760.0,0,0,0,12,0,"{""armed"": 0, ""cooldown"": 0, ""global"": 0, ""local"": 400}",1,0,1.0,0,0.009974326956596613,0.08516539597990852,1.0,0.14019531249999995,0.0,1,0,0
oasqd-stop-adaptive-iid-H25-P50-N2048-K8,oa-stratified,0.5,OASQD-D13-connected-skew,connected,concentrated,OASQD-D13-connected-skew/concentrated,2,400,400,0.486739200016018,400,51200,24576,1024,76800,51200,51200,51200,8192,0,0,59392,3932160,501760.0,0,0,0,12,0,"{""armed"": 0, ""cooldown"": 0, ""global"": 0, ""local"": 400}",1,0,1.0,0,0.002337328822113127,0.045991351379358426,1.0,0.14019531249999995,0.0,1,0,0
oasqd-stop-systematic-H25-P50-N2048-K8,oa-stratified,0.5,OASQD-D13-connected-skew,connected,concentrated,OASQD-D13-connected-skew/concentrated,0,400,400,0.4765561000094749,400,51200,24576,1024,76800,51200,51200,51200,8192,0,0,59392,3932160,501760.0,0,0,0,12,0,"{""armed"": 0, ""cooldown"": 0, ""global"": 0, ""local"": 400}",1,1,1.0,0,0.0064355069064483406,0.08102433828062276,1.0,0.18218749999999995,0.0,1,0,0
oasqd-stop-systematic-H25-P50-N2048-K8,oa-stratified,0.5,OASQD-D13-connected-skew,connected,concentrated,OASQD-D13-connected-skew/concentrated,1,400,400,0.42716560000553727,400,51200,24576,1024,76800,51200,51200,51200,8192,0,0,59392,3932160,501760.0,0,0,0,12,0,"{""armed"": 0, ""cooldown"": 0, ""global"": 0, ""local"": 400}",1,0,1.0,0,0.009974326956596613,0.08516539597990852,1.0,0.14019531249999995,0.0,1,0,0
oasqd-stop-systematic-H25-P50-N2048-K8,oa-stratified,0.5,OASQD-D13-connected-skew,connected,concentrated,OASQD-D13-connected-skew/concentrated,2,400,400,0.47894760000053793,400,51200,24576,1024,76800,51200,51200,51200,8192,0,0,59392,3932160,501760.0,0,0,0,12,0,"{""armed"": 0, ""cooldown"": 0, ""global"": 0, ""local"": 400}",1,0,1.0,0,0.002337328822113127,0.045991351379358426,1.0,0.14019531249999995,0.0,1,0,0
paper-0.5,paper,0.5,OASQD-D13-connected-skew,connected,concentrated,OASQD-D13-connected-skew/concentrated,0,400,400,0.8836841000011191,400,51200,0,1024,52224,51200,51200,51200,0,0,0,51200,13107200,0.0,0,0,0,0,0,"{""armed"": 0, ""cooldown"": 0, ""global"": 0, ""local"": 0}",0,0,nan,0,0.010203630450847267,0.11600254579579337,1.0,0.21734374999999995,nan,1,0,0
paper-0.5,paper,0.5,OASQD-D13-connected-skew,connected,concentrated,OASQD-D13-connected-skew/concentrated,1,400,400,0.4711609999940265,400,51200,0,1024,52224,51200,51200,51200,0,0,0,51200,13107200,0.0,0,0,0,0,0,"{""armed"": 0, ""cooldown"": 0, ""global"": 0, ""local"": 0}",0,0,nan,0,0.005773595630930606,0.04965991222376193,1.0,0.16656249999999995,nan,1,0,0
paper-0.5,paper,0.5,OASQD-D13-connected-skew,connected,concentrated,OASQD-D13-connected-skew/concentrated,2,400,400,0.5624532000219915,400,51200,0,1024,52224,51200,51200,51200,0,0,0,51200,13107200,0.0,0,0,0,0,0,"{""armed"": 0, ""cooldown"": 0, ""global"": 0, ""local"": 0}",0,0,nan,0,0.002432302069292014,0.033190405338026766,1.0,0.13824218749999995,nan,1,0,0
qld-v1,qld,0.5,OASQD-D13-connected-skew,connected,concentrated,OASQD-D13-connected-skew/concentrated,0,400,400,0.40456579998135567,400,51200,0,1024,52224,51200,51200,51200,0,0,0,51200,3932160,501760.0,0,0,0,0,0,"{""armed"": 0, ""cooldown"": 0, ""global"": 0, ""local"": 0}",0,0,nan,0,0.0064355069064483406,0.08102433828062276,1.0,0.18218749999999995,nan,1,0,0
qld-v1,qld,0.5,OASQD-D13-connected-skew,connected,concentrated,OASQD-D13-connected-skew/concentrated,1,400,400,0.353671699995175,400,51200,0,1024,52224,51200,51200,51200,0,0,0,51200,3932160,501760.0,0,0,0,0,0,"{""armed"": 0, ""cooldown"": 0, ""global"": 0, ""local"": 0}",0,0,nan,0,0.009974326956596613,0.08516539597990852,1.0,0.14019531249999995,nan,1,0,0
qld-v1,qld,0.5,OASQD-D13-connected-skew,connected,concentrated,OASQD-D13-connected-skew/concentrated,2,400,400,0.3725474000093527,400,51200,0,1024,52224,51200,51200,51200,0,0,0,51200,3932160,501760.0,0,0,0,0,0,"{""armed"": 0, ""cooldown"": 0, ""global"": 0, ""local"": 0}",0,0,nan,0,0.002337328822113127,0.045991351379358426,1.0,0.14019531249999995,nan,1,0,0
fixed-lbqcd,fixed,0.5,OASQD-D13-connected-skew,connected,missing,OASQD-D13-connected-skew/missing,0,400,400,0.2611719000269659,400,51200,0,1024,52224,51200,51200,51200,0,4096,0,55296,3932160,501760.0,0,0,0,0,0,"{""armed"": 0, ""cooldown"": 0, ""global"": 0, ""local"": 0}",0,0,nan,0,0.018643559342056193,0.0966303422097048,1.0,0.13335937499999995,nan,1,0,0
fixed-lbqcd,fixed,0.5,OASQD-D13-connected-skew,connected,missing,OASQD-D13-connected-skew/missing,1,400,400,0.3050531999906525,400,51200,0,1024,52224,51200,51200,51200,0,4096,0,55296,3932160,501760.0,0,0,0,0,0,"{""armed"": 0, ""cooldown"": 0, ""global"": 0, ""local"": 0}",0,0,nan,0,0.004132780912312839,0.042264218492297445,1.0,0.15093749999999995,nan,1,0,0
fixed-lbqcd,fixed,0.5,OASQD-D13-connected-skew,connected,missing,OASQD-D13-connected-skew/missing,2,400,400,0.30659779999405146,400,51200,0,1024,52224,51200,51200,51200,0,4096,0,55296,3932160,501760.0,0,0,0,0,0,"{""armed"": 0, ""cooldown"": 0, ""global"": 0, ""local"": 0}",0,0,nan,0,0.013678047243712133,0.031842364668864996,1.0,0.17730468749999995,nan,1,0,0
oa-stop-strat-H25-P50-N2048-K8,oa-stratified,0.5,OASQD-D13-connected-skew,connected,missing,OASQD-D13-connected-skew/missing,0,400,400,0.4843924999877345,400,51200,24576,1024,76800,51200,51200,51200,8192,0,0,59392,3932160,501760.0,0,0,0,12,0,"{""armed"": 0, ""cooldown"": 0, ""global"": 0, ""local"": 400}",1,0,1.0,0,0.018643559342056193,0.0966303422097048,1.0,0.13335937499999995,0.0,1,0,0
oa-stop-strat-H25-P50-N2048-K8,oa-stratified,0.5,OASQD-D13-connected-skew,connected,missing,OASQD-D13-connected-skew/missing,1,400,400,0.46628200000850484,400,51200,24576,1024,76800,51200,51200,51200,8192,0,0,59392,3932160,501760.0,0,0,0,12,0,"{""armed"": 0, ""cooldown"": 0, ""global"": 0, ""local"": 400}",1,0,1.0,0,0.004132780912312839,0.042264218492297445,1.0,0.15093749999999995,0.0,1,0,0
oa-stop-strat-H25-P50-N2048-K8,oa-stratified,0.5,OASQD-D13-connected-skew,connected,missing,OASQD-D13-connected-skew/missing,2,400,400,0.5104261999949813,400,51200,24576,1024,76800,51200,51200,51200,8192,0,0,59392,3932160,501760.0,0,0,0,12,0,"{""armed"": 0, ""cooldown"": 0, ""global"": 0, ""local"": 400}",1,0,1.0,0,0.013678047243712133,0.031842364668864996,1.0,0.17730468749999995,0.0,1,0,0
oasqd-once-adaptive-H25-P50-N2048-K8,oa-stratified,0.5,OASQD-D13-connected-skew,connected,missing,OASQD-D13-connected-skew/missing,0,400,400,0.4772192999953404,400,51200,24576,1024,76800,51200,51200,51200,8192,0,0,59392,3932160,501760.0,0,0,0,12,0,"{""armed"": 0, ""cooldown"": 0, ""global"": 0, ""local"": 400}",1,0,1.0,0,0.018643559342056193,0.0966303422097048,1.0,0.13335937499999995,0.0,1,0,0
oasqd-once-adaptive-H25-P50-N2048-K8,oa-stratified,0.5,OASQD-D13-connected-skew,connected,missing,OASQD-D13-connected-skew/missing,1,400,400,0.5032841000065673,400,51200,24576,1024,76800,51200,51200,51200,8192,0,0,59392,3932160,501760.0,0,0,0,12,0,"{""armed"": 0, ""cooldown"": 0, ""global"": 0, ""local"": 400}",1,0,1.0,0,0.004132780912312839,0.042264218492297445,1.0,0.15093749999999995,0.0,1,0,0
oasqd-once-adaptive-H25-P50-N2048-K8,oa-stratified,0.5,OASQD-D13-connected-skew,connected,missing,OASQD-D13-connected-skew/missing,2,400,400,0.4655256000114605,400,51200,24576,1024,76800,51200,51200,51200,8192,0,0,59392,3932160,501760.0,0,0,0,12,0,"{""armed"": 0, ""cooldown"": 0, ""global"": 0, ""local"": 400}",1,0,1.0,0,0.013678047243712133,0.031842364668864996,1.0,0.17730468749999995,0.0,1,0,0
oasqd-stop-adaptive-H25-P50-N2048-K8,oa-stratified,0.5,OASQD-D13-connected-skew,connected,missing,OASQD-D13-connected-skew/missing,0,400,400,0.4703899000014644,400,51200,24576,1024,76800,51200,51200,51200,8192,0,0,59392,3932160,501760.0,0,0,0,12,0,"{""armed"": 0, ""cooldown"": 0, ""global"": 0, ""local"": 400}",1,0,1.0,0,0.018643559342056193,0.0966303422097048,1.0,0.13335937499999995,0.0,1,0,0
oasqd-stop-adaptive-H25-P50-N2048-K8,oa-stratified,0.5,OASQD-D13-connected-skew,connected,missing,OASQD-D13-connected-skew/missing,1,400,400,0.39091889999690466,400,51200,24576,1024,76800,51200,51200,51200,8192,0,0,59392,3932160,501760.0,0,0,0,12,0,"{""armed"": 0, ""cooldown"": 0, ""global"": 0, ""local"": 400}",1,0,1.0,0,0.004132780912312839,0.042264218492297445,1.0,0.15093749999999995,0.0,1,0,0
oasqd-stop-adaptive-H25-P50-N2048-K8,oa-stratified,0.5,OASQD-D13-connected-skew,connected,missing,OASQD-D13-connected-skew/missing,2,400,400,0.5163236999942455,400,51200,24576,1024,76800,51200,51200,51200,8192,0,0,59392,3932160,501760.0,0,0,0,12,0,"{""armed"": 0, ""cooldown"": 0, ""global"": 0, ""local"": 400}",1,0,1.0,0,0.013678047243712133,0.031842364668864996,1.0,0.17730468749999995,0.0,1,0,0
oasqd-stop-adaptive-iid-H25-P50-N2048-K8,oa-stratified,0.5,OASQD-D13-connected-skew,connected,missing,OASQD-D13-connected-skew/missing,0,400,400,0.4495758000120986,400,51200,24576,1024,76800,51200,51200,51200,8192,0,0,59392,3932160,501760.0,0,0,0,12,0,"{""armed"": 0, ""cooldown"": 0, ""global"": 0, ""local"": 400}",1,0,1.0,0,0.018643559342056193,0.0966303422097048,1.0,0.13335937499999995,0.0,1,0,0
oasqd-stop-adaptive-iid-H25-P50-N2048-K8,oa-stratified,0.5,OASQD-D13-connected-skew,connected,missing,OASQD-D13-connected-skew/missing,1,400,400,0.5249605000135489,400,51200,24576,1024,76800,51200,51200,51200,8192,0,0,59392,3932160,501760.0,0,0,0,12,0,"{""armed"": 0, ""cooldown"": 0, ""global"": 0, ""local"": 400}",1,0,1.0,0,0.004132780912312839,0.042264218492297445,1.0,0.15093749999999995,0.0,1,0,0
oasqd-stop-adaptive-iid-H25-P50-N2048-K8,oa-stratified,0.5,OASQD-D13-connected-skew,connected,missing,OASQD-D13-connected-skew/missing,2,400,400,0.390944299986586,400,51200,24576,1024,76800,51200,51200,51200,8192,0,0,59392,3932160,501760.0,0,0,0,12,0,"{""armed"": 0, ""cooldown"": 0, ""global"": 0, ""local"": 400}",1,0,1.0,0,0.013678047243712133,0.031842364668864996,1.0,0.17730468749999995,0.0,1,0,0
oasqd-stop-systematic-H25-P50-N2048-K8,oa-stratified,0.5,OASQD-D13-connected-skew,connected,missing,OASQD-D13-connected-skew/missing,0,400,400,0.3789722000074107,400,51200,24576,1024,76800,51200,51200,51200,8192,0,0,59392,3932160,501760.0,0,0,0,12,0,"{""armed"": 0, ""cooldown"": 0, ""global"": 0, ""local"": 400}",1,0,1.0,0,0.018643559342056193,0.0966303422097048,1.0,0.13335937499999995,0.0,1,0,0
oasqd-stop-systematic-H25-P50-N2048-K8,oa-stratified,0.5,OASQD-D13-connected-skew,connected,missing,OASQD-D13-connected-skew/missing,1,400,400,0.4441213999816682,400,51200,24576,1024,76800,51200,51200,51200,8192,0,0,59392,3932160,501760.0,0,0,0,12,0,"{""armed"": 0, ""cooldown"": 0, ""global"": 0, ""local"": 400}",1,0,1.0,0,0.004132780912312839,0.042264218492297445,1.0,0.15093749999999995,0.0,1,0,0
oasqd-stop-systematic-H25-P50-N2048-K8,oa-stratified,0.5,OASQD-D13-connected-skew,connected,missing,OASQD-D13-connected-skew/missing,2,400,400,0.4728516000031959,400,51200,24576,1024,76800,51200,51200,51200,8192,0,0,59392,3932160,501760.0,0,0,0,12,0,"{""armed"": 0, ""cooldown"": 0, ""global"": 0, ""local"": 400}",1,0,1.0,0,0.013678047243712133,0.031842364668864996,1.0,0.17730468749999995,0.0,1,0,0
paper-0.5,paper,0.5,OASQD-D13-connected-skew,connected,missing,OASQD-D13-connected-skew/missing,0,400,400,0.9299041000194848,400,51200,0,1024,52224,51200,51200,51200,0,0,0,51200,13107200,0.0,0,0,0,0,0,"{""armed"": 0, ""cooldown"": 0, ""global"": 0, ""local"": 0}",0,0,nan,0,0.022534314323375826,0.10967646669411836,1.0,0.11578124999999995,nan,1,0,0
paper-0.5,paper,0.5,OASQD-D13-connected-skew,connected,missing,OASQD-D13-connected-skew/missing,1,400,400,0.592455300007714,400,51200,0,1024,52224,51200,51200,51200,0,0,0,51200,13107200,0.0,0,0,0,0,0,"{""armed"": 0, ""cooldown"": 0, ""global"": 0, ""local"": 0}",0,0,nan,0,0.0031919046197075307,0.05249634801347632,1.0,0.10503906249999995,nan,1,0,0
paper-0.5,paper,0.5,OASQD-D13-connected-skew,connected,missing,OASQD-D13-connected-skew/missing,2,400,400,0.5816893000155687,400,51200,0,1024,52224,51200,51200,51200,0,0,0,51200,13107200,0.0,0,0,0,0,0,"{""armed"": 0, ""cooldown"": 0, ""global"": 0, ""local"": 0}",0,0,nan,0,0.015332277400070815,0.032686977559290085,1.0,0.17242187499999995,nan,1,0,0
qld-v1,qld,0.5,OASQD-D13-connected-skew,connected,missing,OASQD-D13-connected-skew/missing,0,400,400,0.3261806999798864,400,51200,0,1024,52224,51200,51200,51200,0,0,0,51200,3932160,501760.0,0,0,0,0,0,"{""armed"": 0, ""cooldown"": 0, ""global"": 0, ""local"": 0}",0,0,nan,0,0.018643559342056193,0.0966303422097048,1.0,0.13335937499999995,nan,1,0,0
qld-v1,qld,0.5,OASQD-D13-connected-skew,connected,missing,OASQD-D13-connected-skew/missing,1,400,400,0.3547070999920834,400,51200,0,1024,52224,51200,51200,51200,0,0,0,51200,3932160,501760.0,0,0,0,0,0,"{""armed"": 0, ""cooldown"": 0, ""global"": 0, ""local"": 0}",0,0,nan,0,0.004132780912312839,0.042264218492297445,1.0,0.15093749999999995,nan,1,0,0
qld-v1,qld,0.5,OASQD-D13-connected-skew,connected,missing,OASQD-D13-connected-skew/missing,2,400,400,0.32486380002228543,400,51200,0,1024,52224,51200,51200,51200,0,0,0,51200,3932160,501760.0,0,0,0,0,0,"{""armed"": 0, ""cooldown"": 0, ""global"": 0, ""local"": 0}",0,0,nan,0,0.013678047243712133,0.031842364668864996,1.0,0.17730468749999995,nan,1,0,0
fixed-lbqcd,fixed,0.5,OASQD-D14-heavy-t4p2,heavy-tail,concentrated,OASQD-D14-heavy-t4p2/concentrated,0,400,400,0.4341757000074722,400,51200,0,1024,52224,51200,51200,51200,0,4096,0,55296,3932160,501760.0,0,0,0,0,0,"{""armed"": 0, ""cooldown"": 0, ""global"": 0, ""local"": 0}",0,0,nan,0,0.007331419287442298,0.08442961204502969,1.0,0.0,nan,1,0,0
fixed-lbqcd,fixed,0.5,OASQD-D14-heavy-t4p2,heavy-tail,concentrated,OASQD-D14-heavy-t4p2/concentrated,1,400,400,0.32858100000885315,400,51200,0,1024,52224,51200,51200,51200,0,4096,0,55296,3932160,501760.0,0,0,0,0,0,"{""armed"": 0, ""cooldown"": 0, ""global"": 0, ""local"": 0}",0,0,nan,0,0.009556311944051377,0.07104079686117172,1.0,0.0,nan,1,0,0
fixed-lbqcd,fixed,0.5,OASQD-D14-heavy-t4p2,heavy-tail,concentrated,OASQD-D14-heavy-t4p2/concentrated,2,400,400,0.32435919999261387,400,51200,0,1024,52224,51200,51200,51200,0,4096,0,55296,3932160,501760.0,0,0,0,0,0,"{""armed"": 0, ""cooldown"": 0, ""global"": 0, ""local"": 0}",0,0,nan,0,0.00640895441984668,0.05735368859109238,1.0,0.0,nan,1,0,0
oa-stop-strat-H25-P50-N2048-K8,oa-stratified,0.5,OASQD-D14-heavy-t4p2,heavy-tail,concentrated,OASQD-D14-heavy-t4p2/concentrated,0,400,400,0.4937707000062801,400,51200,24576,1024,76800,51200,51200,51200,8192,0,0,59392,3932160,501760.0,0,0,0,12,0,"{""armed"": 0, ""cooldown"": 0, ""global"": 0, ""local"": 400}",1,0,1.0,0,0.007331419287442298,0.08442961204502969,1.0,0.0,0.0,1,0,0
oa-stop-strat-H25-P50-N2048-K8,oa-stratified,0.5,OASQD-D14-heavy-t4p2,heavy-tail,concentrated,OASQD-D14-heavy-t4p2/concentrated,1,400,400,0.3922405999910552,400,51200,24576,1024,76800,51200,51200,51200,8192,0,0,59392,3932160,501760.0,0,0,0,12,0,"{""armed"": 0, ""cooldown"": 0, ""global"": 0, ""local"": 400}",1,0,1.0,0,0.009556311944051377,0.07104079686117172,1.0,0.0,0.0,1,0,0
oa-stop-strat-H25-P50-N2048-K8,oa-stratified,0.5,OASQD-D14-heavy-t4p2,heavy-tail,concentrated,OASQD-D14-heavy-t4p2/concentrated,2,400,400,0.407550399977481,400,51200,24576,1024,76800,51200,51200,51200,8192,0,0,59392,3932160,501760.0,0,0,0,12,0,"{""armed"": 0, ""cooldown"": 0, ""global"": 0, ""local"": 400}",1,0,1.0,0,0.00640895441984668,0.05735368859109238,1.0,0.0,0.0,1,0,0
oasqd-once-adaptive-H25-P50-N2048-K8,oa-stratified,0.5,OASQD-D14-heavy-t4p2,heavy-tail,concentrated,OASQD-D14-heavy-t4p2/concentrated,0,400,400,0.4506513999949675,400,51200,24576,1024,76800,51200,51200,51200,8192,0,0,59392,3932160,501760.0,0,0,0,12,0,"{""armed"": 0, ""cooldown"": 0, ""global"": 0, ""local"": 400}",1,0,1.0,0,0.007331419287442298,0.08442961204502969,1.0,0.0,0.0,1,0,0
oasqd-once-adaptive-H25-P50-N2048-K8,oa-stratified,0.5,OASQD-D14-heavy-t4p2,heavy-tail,concentrated,OASQD-D14-heavy-t4p2/concentrated,1,400,400,0.472228400001768,400,51200,24576,1024,76800,51200,51200,51200,8192,0,0,59392,3932160,501760.0,0,0,0,12,0,"{""armed"": 0, ""cooldown"": 0, ""global"": 0, ""local"": 400}",1,0,1.0,0,0.009556311944051377,0.07104079686117172,1.0,0.0,0.0,1,0,0
oasqd-once-adaptive-H25-P50-N2048-K8,oa-stratified,0.5,OASQD-D14-heavy-t4p2,heavy-tail,concentrated,OASQD-D14-heavy-t4p2/concentrated,2,400,400,0.4439554999989923,400,51200,24576,1024,76800,51200,51200,51200,8192,0,0,59392,3932160,501760.0,0,0,0,12,0,"{""armed"": 0, ""cooldown"": 0, ""global"": 0, ""local"": 400}",1,0,1.0,0,0.00640895441984668,0.05735368859109238,1.0,0.0,0.0,1,0,0
oasqd-stop-adaptive-H25-P50-N2048-K8,oa-stratified,0.5,OASQD-D14-heavy-t4p2,heavy-tail,concentrated,OASQD-D14-heavy-t4p2/concentrated,0,400,400,0.47589470000821166,400,51200,24576,1024,76800,51200,51200,51200,8192,0,0,59392,3932160,501760.0,0,0,0,12,0,"{""armed"": 0, ""cooldown"": 0, ""global"": 0, ""local"": 400}",1,0,1.0,0,0.007331419287442298,0.08442961204502969,1.0,0.0,0.0,1,0,0
oasqd-stop-adaptive-H25-P50-N2048-K8,oa-stratified,0.5,OASQD-D14-heavy-t4p2,heavy-tail,concentrated,OASQD-D14-heavy-t4p2/concentrated,1,400,400,0.41281680000247434,400,51200,24576,1024,76800,51200,51200,51200,8192,0,0,59392,3932160,501760.0,0,0,0,12,0,"{""armed"": 0, ""cooldown"": 0, ""global"": 0, ""local"": 400}",1,0,1.0,0,0.009556311944051377,0.07104079686117172,1.0,0.0,0.0,1,0,0
oasqd-stop-adaptive-H25-P50-N2048-K8,oa-stratified,0.5,OASQD-D14-heavy-t4p2,heavy-tail,concentrated,OASQD-D14-heavy-t4p2/concentrated,2,400,400,0.4640498000080697,400,51200,24576,1024,76800,51200,51200,51200,8192,0,0,59392,3932160,501760.0,0,0,0,12,0,"{""armed"": 0, ""cooldown"": 0, ""global"": 0, ""local"": 400}",1,0,1.0,0,0.00640895441984668,0.05735368859109238,1.0,0.0,0.0,1,0,0
oasqd-stop-adaptive-iid-H25-P50-N2048-K8,oa-stratified,0.5,OASQD-D14-heavy-t4p2,heavy-tail,concentrated,OASQD-D14-heavy-t4p2/concentrated,0,400,400,0.41948570002568886,400,51200,24576,1024,76800,51200,51200,51200,8192,0,0,59392,3932160,501760.0,0,0,0,12,0,"{""armed"": 0, ""cooldown"": 0, ""global"": 0, ""local"": 400}",1,0,1.0,0,0.007331419287442298,0.08442961204502969,1.0,0.0,0.0,1,0,0
oasqd-stop-adaptive-iid-H25-P50-N2048-K8,oa-stratified,0.5,OASQD-D14-heavy-t4p2,heavy-tail,concentrated,OASQD-D14-heavy-t4p2/concentrated,1,400,400,0.4190165999752935,400,51200,24576,1024,76800,51200,51200,51200,8192,0,0,59392,3932160,501760.0,0,0,0,12,0,"{""armed"": 0, ""cooldown"": 0, ""global"": 0, ""local"": 400}",1,0,1.0,0,0.009556311944051377,0.07104079686117172,1.0,0.0,0.0,1,0,0
oasqd-stop-adaptive-iid-H25-P50-N2048-K8,oa-stratified,0.5,OASQD-D14-heavy-t4p2,heavy-tail,concentrated,OASQD-D14-heavy-t4p2/concentrated,2,400,400,0.42686709997360595,400,51200,24576,1024,76800,51200,51200,51200,8192,0,0,59392,3932160,501760.0,0,0,0,12,0,"{""armed"": 0, ""cooldown"": 0, ""global"": 0, ""local"": 400}",1,0,1.0,0,0.00640895441984668,0.05735368859109238,1.0,0.0,0.0,1,0,0
oasqd-stop-systematic-H25-P50-N2048-K8,oa-stratified,0.5,OASQD-D14-heavy-t4p2,heavy-tail,concentrated,OASQD-D14-heavy-t4p2/concentrated,0,400,400,0.4178890000039246,400,51200,24576,1024,76800,51200,51200,51200,8192,0,0,59392,3932160,501760.0,0,0,0,12,0,"{""armed"": 0, ""cooldown"": 0, ""global"": 0, ""local"": 400}",1,0,1.0,0,0.007331419287442298,0.08442961204502969,1.0,0.0,0.0,1,0,0
oasqd-stop-systematic-H25-P50-N2048-K8,oa-stratified,0.5,OASQD-D14-heavy-t4p2,heavy-tail,concentrated,OASQD-D14-heavy-t4p2/concentrated,1,400,400,0.4202011000015773,400,51200,24576,1024,76800,51200,51200,51200,8192,0,0,59392,3932160,501760.0,0,0,0,12,0,"{""armed"": 0, ""cooldown"": 0, ""global"": 0, ""local"": 400}",1,0,1.0,0,0.009556311944051377,0.07104079686117172,1.0,0.0,0.0,1,0,0
oasqd-stop-systematic-H25-P50-N2048-K8,oa-stratified,0.5,OASQD-D14-heavy-t4p2,heavy-tail,concentrated,OASQD-D14-heavy-t4p2/concentrated,2,400,400,0.4286398999975063,400,51200,24576,1024,76800,51200,51200,51200,8192,0,0,59392,3932160,501760.0,0,0,0,12,0,"{""armed"": 0, ""cooldown"": 0, ""global"": 0, ""local"": 400}",1,0,1.0,0,0.00640895441984668,0.05735368859109238,1.0,0.0,0.0,1,0,0
paper-0.5,paper,0.5,OASQD-D14-heavy-t4p2,heavy-tail,concentrated,OASQD-D14-heavy-t4p2/concentrated,0,400,400,0.7781381999957375,400,51200,0,1024,52224,51200,51200,51200,0,0,0,51200,13107200,0.0,0,0,0,0,0,"{""armed"": 0, ""cooldown"": 0, ""global"": 0, ""local"": 0}",0,0,nan,0,0.006452560619452763,0.0991347620767875,1.0,0.0,nan,1,0,0
paper-0.5,paper,0.5,OASQD-D14-heavy-t4p2,heavy-tail,concentrated,OASQD-D14-heavy-t4p2/concentrated,1,400,400,0.8916965000098571,400,51200,0,1024,52224,51200,51200,51200,0,0,0,51200,13107200,0.0,0,0,0,0,0,"{""armed"": 0, ""cooldown"": 0, ""global"": 0, ""local"": 0}",0,0,nan,0,0.00457399077953391,0.08541745234412508,1.0,0.0,nan,1,0,0
paper-0.5,paper,0.5,OASQD-D14-heavy-t4p2,heavy-tail,concentrated,OASQD-D14-heavy-t4p2/concentrated,2,400,400,0.675074400001904,400,51200,0,1024,52224,51200,51200,51200,0,0,0,51200,13107200,0.0,0,0,0,0,0,"{""armed"": 0, ""cooldown"": 0, ""global"": 0, ""local"": 0}",0,0,nan,0,0.006977525312930943,0.051630471821335025,1.0,0.0,nan,1,0,0
qld-v1,qld,0.5,OASQD-D14-heavy-t4p2,heavy-tail,concentrated,OASQD-D14-heavy-t4p2/concentrated,0,400,400,0.37950710000586696,400,51200,0,1024,52224,51200,51200,51200,0,0,0,51200,3932160,501760.0,0,0,0,0,0,"{""armed"": 0, ""cooldown"": 0, ""global"": 0, ""local"": 0}",0,0,nan,0,0.007331419287442298,0.08442961204502969,1.0,0.0,nan,1,0,0
qld-v1,qld,0.5,OASQD-D14-heavy-t4p2,heavy-tail,concentrated,OASQD-D14-heavy-t4p2/concentrated,1,400,400,0.2967874999740161,400,51200,0,1024,52224,51200,51200,51200,0,0,0,51200,3932160,501760.0,0,0,0,0,0,"{""armed"": 0, ""cooldown"": 0, ""global"": 0, ""local"": 0}",0,0,nan,0,0.009556311944051377,0.07104079686117172,1.0,0.0,nan,1,0,0
qld-v1,qld,0.5,OASQD-D14-heavy-t4p2,heavy-tail,concentrated,OASQD-D14-heavy-t4p2/concentrated,2,400,400,0.29049230000237003,400,51200,0,1024,52224,51200,51200,51200,0,0,0,51200,3932160,501760.0,0,0,0,0,0,"{""armed"": 0, ""cooldown"": 0, ""global"": 0, ""local"": 0}",0,0,nan,0,0.00640895441984668,0.05735368859109238,1.0,0.0,nan,1,0,0
fixed-lbqcd,fixed,0.5,OASQD-D14-heavy-t4p2,heavy-tail,missing,OASQD-D14-heavy-t4p2/missing,0,400,400,0.3247831999906339,400,51200,0,1024,52224,51200,51200,51200,0,4096,0,55296,3932160,501760.0,0,0,0,0,0,"{""armed"": 0, ""cooldown"": 0, ""global"": 0, ""local"": 0}",0,0,nan,0,0.007793793927165726,0.045381205520356224,1.0,0.0,nan,1,0,0
fixed-lbqcd,fixed,0.5,OASQD-D14-heavy-t4p2,heavy-tail,missing,OASQD-D14-heavy-t4p2/missing,1,400,400,0.24002470000414178,400,51200,0,1024,52224,51200,51200,51200,0,4096,0,55296,3932160,501760.0,0,0,0,0,0,"{""armed"": 0, ""cooldown"": 0, ""global"": 0, ""local"": 0}",0,0,nan,0,0.0033860321908631974,0.060639111028281054,1.0,0.0,nan,1,0,0
fixed-lbqcd,fixed,0.5,OASQD-D14-heavy-t4p2,heavy-tail,missing,OASQD-D14-heavy-t4p2/missing,2,400,400,0.3831720000016503,400,51200,0,1024,52224,51200,51200,51200,0,4096,0,55296,3932160,501760.0,0,0,0,0,0,"{""armed"": 0, ""cooldown"": 0, ""global"": 0, ""local"": 0}",0,0,nan,0,0.009331640549207654,0.06654819427423478,1.0,0.0,nan,1,0,0
oa-stop-strat-H25-P50-N2048-K8,oa-stratified,0.5,OASQD-D14-heavy-t4p2,heavy-tail,missing,OASQD-D14-heavy-t4p2/missing,0,400,400,0.3601337000145577,400,51200,24576,1024,76800,51200,51200,51200,8192,0,0,59392,3932160,501760.0,0,0,0,12,0,"{""armed"": 0, ""cooldown"": 0, ""global"": 0, ""local"": 400}",1,0,1.0,0,0.007793793927165726,0.045381205520356224,1.0,0.0,0.0,1,0,0
oa-stop-strat-H25-P50-N2048-K8,oa-stratified,0.5,OASQD-D14-heavy-t4p2,heavy-tail,missing,OASQD-D14-heavy-t4p2/missing,1,400,400,0.4914567999949213,400,51200,24576,1024,76800,51200,51200,51200,8192,0,0,59392,3932160,501760.0,0,0,0,12,0,"{""armed"": 0, ""cooldown"": 0, ""global"": 0, ""local"": 400}",1,0,1.0,0,0.0033860321908631974,0.060639111028281054,1.0,0.0,0.0,1,0,0
oa-stop-strat-H25-P50-N2048-K8,oa-stratified,0.5,OASQD-D14-heavy-t4p2,heavy-tail,missing,OASQD-D14-heavy-t4p2/missing,2,400,400,0.4200825000007171,400,51200,24576,1024,76800,51200,51200,51200,8192,0,0,59392,3932160,501760.0,0,0,0,12,0,"{""armed"": 0, ""cooldown"": 0, ""global"": 0, ""local"": 400}",1,0,1.0,0,0.009331640549207654,0.06654819427423478,1.0,0.0,0.0,1,0,0
oasqd-once-adaptive-H25-P50-N2048-K8,oa-stratified,0.5,OASQD-D14-heavy-t4p2,heavy-tail,missing,OASQD-D14-heavy-t4p2/missing,0,400,400,0.534430900006555,400,51200,24576,1024,76800,51200,51200,51200,8192,0,0,59392,3932160,501760.0,0,0,0,12,0,"{""armed"": 0, ""cooldown"": 0, ""global"": 0, ""local"": 400}",1,0,1.0,0,0.007793793927165726,0.045381205520356224,1.0,0.0,0.0,1,0,0
oasqd-once-adaptive-H25-P50-N2048-K8,oa-stratified,0.5,OASQD-D14-heavy-t4p2,heavy-tail,missing,OASQD-D14-heavy-t4p2/missing,1,400,400,0.4741226999904029,400,51200,24576,1024,76800,51200,51200,51200,8192,0,0,59392,3932160,501760.0,0,0,0,12,0,"{""armed"": 0, ""cooldown"": 0, ""global"": 0, ""local"": 400}",1,0,1.0,0,0.0033860321908631974,0.060639111028281054,1.0,0.0,0.0,1,0,0
oasqd-once-adaptive-H25-P50-N2048-K8,oa-stratified,0.5,OASQD-D14-heavy-t4p2,heavy-tail,missing,OASQD-D14-heavy-t4p2/missing,2,400,400,0.3880842000071425,400,51200,24576,1024,76800,51200,51200,51200,8192,0,0,59392,3932160,501760.0,0,0,0,12,0,"{""armed"": 0, ""cooldown"": 0, ""global"": 0, ""local"": 400}",1,0,1.0,0,0.009331640549207654,0.06654819427423478,1.0,0.0,0.0,1,0,0
oasqd-stop-adaptive-H25-P50-N2048-K8,oa-stratified,0.5,OASQD-D14-heavy-t4p2,heavy-tail,missing,OASQD-D14-heavy-t4p2/missing,0,400,400,0.456140599999344,400,51200,24576,1024,76800,51200,51200,51200,8192,0,0,59392,3932160,501760.0,0,0,0,12,0,"{""armed"": 0, ""cooldown"": 0, ""global"": 0, ""local"": 400}",1,0,1.0,0,0.007793793927165726,0.045381205520356224,1.0,0.0,0.0,1,0,0
oasqd-stop-adaptive-H25-P50-N2048-K8,oa-stratified,0.5,OASQD-D14-heavy-t4p2,heavy-tail,missing,OASQD-D14-heavy-t4p2/missing,1,400,400,0.49202449998119846,400,51200,24576,1024,76800,51200,51200,51200,8192,0,0,59392,3932160,501760.0,0,0,0,12,0,"{""armed"": 0, ""cooldown"": 0, ""global"": 0, ""local"": 400}",1,0,1.0,0,0.0033860321908631974,0.060639111028281054,1.0,0.0,0.0,1,0,0
oasqd-stop-adaptive-H25-P50-N2048-K8,oa-stratified,0.5,OASQD-D14-heavy-t4p2,heavy-tail,missing,OASQD-D14-heavy-t4p2/missing,2,400,400,0.43825849998393096,400,51200,24576,1024,76800,51200,51200,51200,8192,0,0,59392,3932160,501760.0,0,0,0,12,0,"{""armed"": 0, ""cooldown"": 0, ""global"": 0, ""local"": 400}",1,0,1.0,0,0.009331640549207654,0.06654819427423478,1.0,0.0,0.0,1,0,0
oasqd-stop-adaptive-iid-H25-P50-N2048-K8,oa-stratified,0.5,OASQD-D14-heavy-t4p2,heavy-tail,missing,OASQD-D14-heavy-t4p2/missing,0,400,400,0.43536889998358674,400,51200,24576,1024,76800,51200,51200,51200,8192,0,0,59392,3932160,501760.0,0,0,0,12,0,"{""armed"": 0, ""cooldown"": 0, ""global"": 0, ""local"": 400}",1,0,1.0,0,0.007793793927165726,0.045381205520356224,1.0,0.0,0.0,1,0,0
oasqd-stop-adaptive-iid-H25-P50-N2048-K8,oa-stratified,0.5,OASQD-D14-heavy-t4p2,heavy-tail,missing,OASQD-D14-heavy-t4p2/missing,1,400,400,0.4456867999979295,400,51200,24576,1024,76800,51200,51200,51200,8192,0,0,59392,3932160,501760.0,0,0,0,12,0,"{""armed"": 0, ""cooldown"": 0, ""global"": 0, ""local"": 400}",1,0,1.0,0,0.0033860321908631974,0.060639111028281054,1.0,0.0,0.0,1,0,0
oasqd-stop-adaptive-iid-H25-P50-N2048-K8,oa-stratified,0.5,OASQD-D14-heavy-t4p2,heavy-tail,missing,OASQD-D14-heavy-t4p2/missing,2,400,400,0.5536255000042729,400,51200,24576,1024,76800,51200,51200,51200,8192,0,0,59392,3932160,501760.0,0,0,0,12,0,"{""armed"": 0, ""cooldown"": 0, ""global"": 0, ""local"": 400}",1,0,1.0,0,0.009331640549207654,0.06654819427423478,1.0,0.0,0.0,1,0,0
oasqd-stop-systematic-H25-P50-N2048-K8,oa-stratified,0.5,OASQD-D14-heavy-t4p2,heavy-tail,missing,OASQD-D14-heavy-t4p2/missing,0,400,400,0.5617228000191972,400,51200,24576,1024,76800,51200,51200,51200,8192,0,0,59392,3932160,501760.0,0,0,0,12,0,"{""armed"": 0, ""cooldown"": 0, ""global"": 0, ""local"": 400}",1,0,1.0,0,0.007793793927165726,0.045381205520356224,1.0,0.0,0.0,1,0,0
oasqd-stop-systematic-H25-P50-N2048-K8,oa-stratified,0.5,OASQD-D14-heavy-t4p2,heavy-tail,missing,OASQD-D14-heavy-t4p2/missing,1,400,400,0.3983602999942377,400,51200,24576,1024,76800,51200,51200,51200,8192,0,0,59392,3932160,501760.0,0,0,0,12,0,"{""armed"": 0, ""cooldown"": 0, ""global"": 0, ""local"": 400}",1,0,1.0,0,0.0033860321908631974,0.060639111028281054,1.0,0.0,0.0,1,0,0
oasqd-stop-systematic-H25-P50-N2048-K8,oa-stratified,0.5,OASQD-D14-heavy-t4p2,heavy-tail,missing,OASQD-D14-heavy-t4p2/missing,2,400,400,0.4231996999878902,400,51200,24576,1024,76800,51200,51200,51200,8192,0,0,59392,3932160,501760.0,0,0,0,12,0,"{""armed"": 0, ""cooldown"": 0, ""global"": 0, ""local"": 400}",1,0,1.0,0,0.009331640549207654,0.06654819427423478,1.0,0.0,0.0,1,0,0
paper-0.5,paper,0.5,OASQD-D14-heavy-t4p2,heavy-tail,missing,OASQD-D14-heavy-t4p2/missing,0,400,400,0.9147525000153109,400,51200,0,1024,52224,51200,51200,51200,0,0,0,51200,13107200,0.0,0,0,0,0,0,"{""armed"": 0, ""cooldown"": 0, ""global"": 0, ""local"": 0}",0,0,nan,0,0.011263580530663786,0.09046381687138473,1.0,0.0,nan,1,0,0
paper-0.5,paper,0.5,OASQD-D14-heavy-t4p2,heavy-tail,missing,OASQD-D14-heavy-t4p2/missing,1,400,400,0.8191287000081502,400,51200,0,1024,52224,51200,51200,51200,0,0,0,51200,13107200,0.0,0,0,0,0,0,"{""armed"": 0, ""cooldown"": 0, ""global"": 0, ""local"": 0}",0,0,nan,0,0.004815039715690972,0.067750601229186,1.0,0.0,nan,1,0,0
paper-0.5,paper,0.5,OASQD-D14-heavy-t4p2,heavy-tail,missing,OASQD-D14-heavy-t4p2/missing,2,400,400,0.6043246999906842,400,51200,0,1024,52224,51200,51200,51200,0,0,0,51200,13107200,0.0,0,0,0,0,0,"{""armed"": 0, ""cooldown"": 0, ""global"": 0, ""local"": 0}",0,0,nan,0,0.0032324112507515768,0.08347168768223993,1.0,0.0,nan,1,0,0
qld-v1,qld,0.5,OASQD-D14-heavy-t4p2,heavy-tail,missing,OASQD-D14-heavy-t4p2/missing,0,400,400,0.243824900011532,400,51200,0,1024,52224,51200,51200,51200,0,0,0,51200,3932160,501760.0,0,0,0,0,0,"{""armed"": 0, ""cooldown"": 0, ""global"": 0, ""local"": 0}",0,0,nan,0,0.007793793927165726,0.045381205520356224,1.0,0.0,nan,1,0,0
qld-v1,qld,0.5,OASQD-D14-heavy-t4p2,heavy-tail,missing,OASQD-D14-heavy-t4p2/missing,1,400,400,0.25817230000393465,400,51200,0,1024,52224,51200,51200,51200,0,0,0,51200,3932160,501760.0,0,0,0,0,0,"{""armed"": 0, ""cooldown"": 0, ""global"": 0, ""local"": 0}",0,0,nan,0,0.0033860321908631974,0.060639111028281054,1.0,0.0,nan,1,0,0
qld-v1,qld,0.5,OASQD-D14-heavy-t4p2,heavy-tail,missing,OASQD-D14-heavy-t4p2/missing,2,400,400,0.36304769999696873,400,51200,0,1024,52224,51200,51200,51200,0,0,0,51200,3932160,501760.0,0,0,0,0,0,"{""armed"": 0, ""cooldown"": 0, ""global"": 0, ""local"": 0}",0,0,nan,0,0.009331640549207654,0.06654819427423478,1.0,0.0,nan,1,0,0
fixed-lbqcd,fixed,0.5,OASQD-D15-connected-normal,connected,concentrated,OASQD-D15-connected-normal/concentrated,0,400,400,0.32150569997611456,400,51200,0,1024,52224,51200,51200,51200,0,4096,0,55296,3932160,501760.0,0,0,0,0,0,"{""armed"": 0, ""cooldown"": 0, ""global"": 0, ""local"": 0}",0,0,nan,0,0.004400962785253704,0.047020549896695366,1.0,0.0,nan,1,0,0
fixed-lbqcd,fixed,0.5,OASQD-D15-connected-normal,connected,concentrated,OASQD-D15-connected-normal/concentrated,1,400,400,0.369681899988791,400,51200,0,1024,52224,51200,51200,51200,0,4096,0,55296,3932160,501760.0,0,0,0,0,0,"{""armed"": 0, ""cooldown"": 0, ""global"": 0, ""local"": 0}",0,0,nan,0,0.006620057977072991,0.03919068775869708,1.0,0.0,nan,1,0,0
fixed-lbqcd,fixed,0.5,OASQD-D15-connected-normal,connected,concentrated,OASQD-D15-connected-normal/concentrated,2,400,400,0.31510949999210425,400,51200,0,1024,52224,51200,51200,51200,0,4096,0,55296,3932160,501760.0,0,0,0,0,0,"{""armed"": 0, ""cooldown"": 0, ""global"": 0, ""local"": 0}",0,0,nan,0,0.005053377584167462,0.04318420432987455,1.0,0.0,nan,1,0,0
oa-stop-strat-H25-P50-N2048-K8,oa-stratified,0.5,OASQD-D15-connected-normal,connected,concentrated,OASQD-D15-connected-normal/concentrated,0,400,400,0.4159972000052221,400,51200,24576,1024,76800,51200,51200,51200,8192,0,0,59392,3932160,501760.0,0,0,0,12,0,"{""armed"": 0, ""cooldown"": 0, ""global"": 0, ""local"": 400}",1,0,1.0,0,0.004400962785253704,0.047020549896695366,1.0,0.0,0.0,1,0,0
oa-stop-strat-H25-P50-N2048-K8,oa-stratified,0.5,OASQD-D15-connected-normal,connected,concentrated,OASQD-D15-connected-normal/concentrated,1,400,400,0.4821413999889046,400,51200,24576,1024,76800,51200,51200,51200,8192,0,0,59392,3932160,501760.0,0,0,0,12,0,"{""armed"": 0, ""cooldown"": 0, ""global"": 0, ""local"": 400}",1,0,1.0,0,0.006620057977072991,0.03919068775869708,1.0,0.0,0.0,1,0,0
oa-stop-strat-H25-P50-N2048-K8,oa-stratified,0.5,OASQD-D15-connected-normal,connected,concentrated,OASQD-D15-connected-normal/concentrated,2,400,400,0.44138040000689216,400,51200,24576,1024,76800,51200,51200,51200,8192,0,0,59392,3932160,501760.0,0,0,0,12,0,"{""armed"": 0, ""cooldown"": 0, ""global"": 0, ""local"": 400}",1,0,1.0,0,0.005053377584167462,0.04318420432987455,1.0,0.0,0.0,1,0,0
oasqd-once-adaptive-H25-P50-N2048-K8,oa-stratified,0.5,OASQD-D15-connected-normal,connected,concentrated,OASQD-D15-connected-normal/concentrated,0,400,400,0.4654723000130616,400,51200,24576,1024,76800,51200,51200,51200,8192,0,0,59392,3932160,501760.0,0,0,0,12,0,"{""armed"": 0, ""cooldown"": 0, ""global"": 0, ""local"": 400}",1,0,1.0,0,0.004400962785253704,0.047020549896695366,1.0,0.0,0.0,1,0,0
oasqd-once-adaptive-H25-P50-N2048-K8,oa-stratified,0.5,OASQD-D15-connected-normal,connected,concentrated,OASQD-D15-connected-normal/concentrated,1,400,400,0.4586750000016764,400,51200,24576,1024,76800,51200,51200,51200,8192,0,0,59392,3932160,501760.0,0,0,0,12,0,"{""armed"": 0, ""cooldown"": 0, ""global"": 0, ""local"": 400}",1,0,1.0,0,0.006620057977072991,0.03919068775869708,1.0,0.0,0.0,1,0,0
oasqd-once-adaptive-H25-P50-N2048-K8,oa-stratified,0.5,OASQD-D15-connected-normal,connected,concentrated,OASQD-D15-connected-normal/concentrated,2,400,400,0.46142740000505,400,51200,24576,1024,76800,51200,51200,51200,8192,0,0,59392,3932160,501760.0,0,0,0,12,0,"{""armed"": 0, ""cooldown"": 0, ""global"": 0, ""local"": 400}",1,0,1.0,0,0.005053377584167462,0.04318420432987455,1.0,0.0,0.0,1,0,0
oasqd-stop-adaptive-H25-P50-N2048-K8,oa-stratified,0.5,OASQD-D15-connected-normal,connected,concentrated,OASQD-D15-connected-normal/concentrated,0,400,400,0.4292481000011321,400,51200,24576,1024,76800,51200,51200,51200,8192,0,0,59392,3932160,501760.0,0,0,0,12,0,"{""armed"": 0, ""cooldown"": 0, ""global"": 0, ""local"": 400}",1,0,1.0,0,0.004400962785253704,0.047020549896695366,1.0,0.0,0.0,1,0,0
oasqd-stop-adaptive-H25-P50-N2048-K8,oa-stratified,0.5,OASQD-D15-connected-normal,connected,concentrated,OASQD-D15-connected-normal/concentrated,1,400,400,0.4451410999754444,400,51200,24576,1024,76800,51200,51200,51200,8192,0,0,59392,3932160,501760.0,0,0,0,12,0,"{""armed"": 0, ""cooldown"": 0, ""global"": 0, ""local"": 400}",1,0,1.0,0,0.006620057977072991,0.03919068775869708,1.0,0.0,0.0,1,0,0
oasqd-stop-adaptive-H25-P50-N2048-K8,oa-stratified,0.5,OASQD-D15-connected-normal,connected,concentrated,OASQD-D15-connected-normal/concentrated,2,400,400,0.4146956000186037,400,51200,24576,1024,76800,51200,51200,51200,8192,0,0,59392,3932160,501760.0,0,0,0,12,0,"{""armed"": 0, ""cooldown"": 0, ""global"": 0, ""local"": 400}",1,0,1.0,0,0.005053377584167462,0.04318420432987455,1.0,0.0,0.0,1,0,0
oasqd-stop-adaptive-iid-H25-P50-N2048-K8,oa-stratified,0.5,OASQD-D15-connected-normal,connected,concentrated,OASQD-D15-connected-normal/concentrated,0,400,400,0.43699920002836734,400,51200,24576,1024,76800,51200,51200,51200,8192,0,0,59392,3932160,501760.0,0,0,0,12,0,"{""armed"": 0, ""cooldown"": 0, ""global"": 0, ""local"": 400}",1,0,1.0,0,0.004400962785253704,0.047020549896695366,1.0,0.0,0.0,1,0,0
oasqd-stop-adaptive-iid-H25-P50-N2048-K8,oa-stratified,0.5,OASQD-D15-connected-normal,connected,concentrated,OASQD-D15-connected-normal/concentrated,1,400,400,0.5074603999964893,400,51200,24576,1024,76800,51200,51200,51200,8192,0,0,59392,3932160,501760.0,0,0,0,12,0,"{""armed"": 0, ""cooldown"": 0, ""global"": 0, ""local"": 400}",1,0,1.0,0,0.006620057977072991,0.03919068775869708,1.0,0.0,0.0,1,0,0
oasqd-stop-adaptive-iid-H25-P50-N2048-K8,oa-stratified,0.5,OASQD-D15-connected-normal,connected,concentrated,OASQD-D15-connected-normal/concentrated,2,400,400,0.4404867999837734,400,51200,24576,1024,76800,51200,51200,51200,8192,0,0,59392,3932160,501760.0,0,0,0,12,0,"{""armed"": 0, ""cooldown"": 0, ""global"": 0, ""local"": 400}",1,0,1.0,0,0.005053377584167462,0.04318420432987455,1.0,0.0,0.0,1,0,0
oasqd-stop-systematic-H25-P50-N2048-K8,oa-stratified,0.5,OASQD-D15-connected-normal,connected,concentrated,OASQD-D15-connected-normal/concentrated,0,400,400,0.40026580000994727,400,51200,24576,1024,76800,51200,51200,51200,8192,0,0,59392,3932160,501760.0,0,0,0,12,0,"{""armed"": 0, ""cooldown"": 0, ""global"": 0, ""local"": 400}",1,0,1.0,0,0.004400962785253704,0.047020549896695366,1.0,0.0,0.0,1,0,0
oasqd-stop-systematic-H25-P50-N2048-K8,oa-stratified,0.5,OASQD-D15-connected-normal,connected,concentrated,OASQD-D15-connected-normal/concentrated,1,400,400,0.5148577000072692,400,51200,24576,1024,76800,51200,51200,51200,8192,0,0,59392,3932160,501760.0,0,0,0,12,0,"{""armed"": 0, ""cooldown"": 0, ""global"": 0, ""local"": 400}",1,0,1.0,0,0.006620057977072991,0.03919068775869708,1.0,0.0,0.0,1,0,0
oasqd-stop-systematic-H25-P50-N2048-K8,oa-stratified,0.5,OASQD-D15-connected-normal,connected,concentrated,OASQD-D15-connected-normal/concentrated,2,400,400,0.43310110000311397,400,51200,24576,1024,76800,51200,51200,51200,8192,0,0,59392,3932160,501760.0,0,0,0,12,0,"{""armed"": 0, ""cooldown"": 0, ""global"": 0, ""local"": 400}",1,0,1.0,0,0.005053377584167462,0.04318420432987455,1.0,0.0,0.0,1,0,0
paper-0.5,paper,0.5,OASQD-D15-connected-normal,connected,concentrated,OASQD-D15-connected-normal/concentrated,0,400,400,0.8604546999849845,400,51200,0,1024,52224,51200,51200,51200,0,0,0,51200,13107200,0.0,0,0,0,0,0,"{""armed"": 0, ""cooldown"": 0, ""global"": 0, ""local"": 0}",0,0,nan,0,0.006058403690297753,0.06246050001591856,1.0,0.0,nan,1,0,0
paper-0.5,paper,0.5,OASQD-D15-connected-normal,connected,concentrated,OASQD-D15-connected-normal/concentrated,1,400,400,0.4982171999872662,400,51200,0,1024,52224,51200,51200,51200,0,0,0,51200,13107200,0.0,0,0,0,0,0,"{""armed"": 0, ""cooldown"": 0, ""global"": 0, ""local"": 0}",0,0,nan,0,0.00698339491714739,0.044201175213198496,1.0,0.0,nan,1,0,0
paper-0.5,paper,0.5,OASQD-D15-connected-normal,connected,concentrated,OASQD-D15-connected-normal/concentrated,2,400,400,0.47507459999178536,400,51200,0,1024,52224,51200,51200,51200,0,0,0,51200,13107200,0.0,0,0,0,0,0,"{""armed"": 0, ""cooldown"": 0, ""global"": 0, ""local"": 0}",0,0,nan,0,0.01945973482615848,0.1364238516011929,1.0,0.0,nan,1,0,0
qld-v1,qld,0.5,OASQD-D15-connected-normal,connected,concentrated,OASQD-D15-connected-normal/concentrated,0,400,400,0.284788099990692,400,51200,0,1024,52224,51200,51200,51200,0,0,0,51200,3932160,501760.0,0,0,0,0,0,"{""armed"": 0, ""cooldown"": 0, ""global"": 0, ""local"": 0}",0,0,nan,0,0.004400962785253704,0.047020549896695366,1.0,0.0,nan,1,0,0
qld-v1,qld,0.5,OASQD-D15-connected-normal,connected,concentrated,OASQD-D15-connected-normal/concentrated,1,400,400,0.2879178999864962,400,51200,0,1024,52224,51200,51200,51200,0,0,0,51200,3932160,501760.0,0,0,0,0,0,"{""armed"": 0, ""cooldown"": 0, ""global"": 0, ""local"": 0}",0,0,nan,0,0.006620057977072991,0.03919068775869708,1.0,0.0,nan,1,0,0
qld-v1,qld,0.5,OASQD-D15-connected-normal,connected,concentrated,OASQD-D15-connected-normal/concentrated,2,400,400,0.3459423999884166,400,51200,0,1024,52224,51200,51200,51200,0,0,0,51200,3932160,501760.0,0,0,0,0,0,"{""armed"": 0, ""cooldown"": 0, ""global"": 0, ""local"": 0}",0,0,nan,0,0.005053377584167462,0.04318420432987455,1.0,0.0,nan,1,0,0
fixed-lbqcd,fixed,0.5,OASQD-D15-connected-normal,connected,missing,OASQD-D15-connected-normal/missing,0,400,400,0.32156640000175685,400,51200,0,1024,52224,51200,51200,51200,0,4096,0,55296,3932160,501760.0,0,0,0,0,0,"{""armed"": 0, ""cooldown"": 0, ""global"": 0, ""local"": 0}",0,0,nan,0,0.003339450788078402,0.036961403435337686,1.0,0.0,nan,1,0,0
fixed-lbqcd,fixed,0.5,OASQD-D15-connected-normal,connected,missing,OASQD-D15-connected-normal/missing,1,400,400,0.3218617000093218,400,51200,0,1024,52224,51200,51200,51200,0,4096,0,55296,3932160,501760.0,0,0,0,0,0,"{""armed"": 0, ""cooldown"": 0, ""global"": 0, ""local"": 0}",0,0,nan,0,0.005222444978156382,0.06065230196778399,1.0,0.0,nan,1,0,0
fixed-lbqcd,fixed,0.5,OASQD-D15-connected-normal,connected,missing,OASQD-D15-connected-normal/missing,2,400,400,0.3517989999963902,400,51200,0,1024,52224,51200,51200,51200,0,4096,0,55296,3932160,501760.0,0,0,0,0,0,"{""armed"": 0, ""cooldown"": 0, ""global"": 0, ""local"": 0}",0,0,nan,0,0.001989311982924402,0.03313134220076776,1.0,0.0,nan,1,0,0
oa-stop-strat-H25-P50-N2048-K8,oa-stratified,0.5,OASQD-D15-connected-normal,connected,missing,OASQD-D15-connected-normal/missing,0,400,400,0.4583185999945272,400,51200,24576,1024,76800,51200,51200,51200,8192,0,0,59392,3932160,501760.0,0,0,0,12,0,"{""armed"": 0, ""cooldown"": 0, ""global"": 0, ""local"": 400}",1,0,1.0,0,0.003339450788078402,0.036961403435337686,1.0,0.0,0.0,1,0,0
oa-stop-strat-H25-P50-N2048-K8,oa-stratified,0.5,OASQD-D15-connected-normal,connected,missing,OASQD-D15-connected-normal/missing,1,400,400,0.42266860001836903,400,51200,24576,1024,76800,51200,51200,51200,8192,0,0,59392,3932160,501760.0,0,0,0,12,0,"{""armed"": 0, ""cooldown"": 0, ""global"": 0, ""local"": 400}",1,0,1.0,0,0.005222444978156382,0.06065230196778399,1.0,0.0,0.0,1,0,0
oa-stop-strat-H25-P50-N2048-K8,oa-stratified,0.5,OASQD-D15-connected-normal,connected,missing,OASQD-D15-connected-normal/missing,2,400,400,0.4629735000198707,400,51200,24576,1024,76800,51200,51200,51200,8192,0,0,59392,3932160,501760.0,0,0,0,12,0,"{""armed"": 0, ""cooldown"": 0, ""global"": 0, ""local"": 400}",1,0,1.0,0,0.001989311982924402,0.03313134220076776,1.0,0.0,0.0,1,0,0
oasqd-once-adaptive-H25-P50-N2048-K8,oa-stratified,0.5,OASQD-D15-connected-normal,connected,missing,OASQD-D15-connected-normal/missing,0,400,400,0.4906665000016801,400,51200,24576,1024,76800,51200,51200,51200,8192,0,0,59392,3932160,501760.0,0,0,0,12,0,"{""armed"": 0, ""cooldown"": 0, ""global"": 0, ""local"": 400}",1,0,1.0,0,0.003339450788078402,0.036961403435337686,1.0,0.0,0.0,1,0,0
oasqd-once-adaptive-H25-P50-N2048-K8,oa-stratified,0.5,OASQD-D15-connected-normal,connected,missing,OASQD-D15-connected-normal/missing,1,400,400,0.48121449997415766,400,51200,24576,1024,76800,51200,51200,51200,8192,0,0,59392,3932160,501760.0,0,0,0,12,0,"{""armed"": 0, ""cooldown"": 0, ""global"": 0, ""local"": 400}",1,0,1.0,0,0.005222444978156382,0.06065230196778399,1.0,0.0,0.0,1,0,0
oasqd-once-adaptive-H25-P50-N2048-K8,oa-stratified,0.5,OASQD-D15-connected-normal,connected,missing,OASQD-D15-connected-normal/missing,2,400,400,0.4562234999903012,400,51200,24576,1024,76800,51200,51200,51200,8192,0,0,59392,3932160,501760.0,0,0,0,12,0,"{""armed"": 0, ""cooldown"": 0, ""global"": 0, ""local"": 400}",1,0,1.0,0,0.001989311982924402,0.03313134220076776,1.0,0.0,0.0,1,0,0
oasqd-stop-adaptive-H25-P50-N2048-K8,oa-stratified,0.5,OASQD-D15-connected-normal,connected,missing,OASQD-D15-connected-normal/missing,0,400,400,0.3959319000132382,400,51200,24576,1024,76800,51200,51200,51200,8192,0,0,59392,3932160,501760.0,0,0,0,12,0,"{""armed"": 0, ""cooldown"": 0, ""global"": 0, ""local"": 400}",1,0,1.0,0,0.003339450788078402,0.036961403435337686,1.0,0.0,0.0,1,0,0
oasqd-stop-adaptive-H25-P50-N2048-K8,oa-stratified,0.5,OASQD-D15-connected-normal,connected,missing,OASQD-D15-connected-normal/missing,1,400,400,0.4012872999883257,400,51200,24576,1024,76800,51200,51200,51200,8192,0,0,59392,3932160,501760.0,0,0,0,12,0,"{""armed"": 0, ""cooldown"": 0, ""global"": 0, ""local"": 400}",1,0,1.0,0,0.005222444978156382,0.06065230196778399,1.0,0.0,0.0,1,0,0
oasqd-stop-adaptive-H25-P50-N2048-K8,oa-stratified,0.5,OASQD-D15-connected-normal,connected,missing,OASQD-D15-connected-normal/missing,2,400,400,0.4444184000021778,400,51200,24576,1024,76800,51200,51200,51200,8192,0,0,59392,3932160,501760.0,0,0,0,12,0,"{""armed"": 0, ""cooldown"": 0, ""global"": 0, ""local"": 400}",1,0,1.0,0,0.001989311982924402,0.03313134220076776,1.0,0.0,0.0,1,0,0
oasqd-stop-adaptive-iid-H25-P50-N2048-K8,oa-stratified,0.5,OASQD-D15-connected-normal,connected,missing,OASQD-D15-connected-normal/missing,0,400,400,0.4585728000092786,400,51200,24576,1024,76800,51200,51200,51200,8192,0,0,59392,3932160,501760.0,0,0,0,12,0,"{""armed"": 0, ""cooldown"": 0, ""global"": 0, ""local"": 400}",1,0,1.0,0,0.003339450788078402,0.036961403435337686,1.0,0.0,0.0,1,0,0
oasqd-stop-adaptive-iid-H25-P50-N2048-K8,oa-stratified,0.5,OASQD-D15-connected-normal,connected,missing,OASQD-D15-connected-normal/missing,1,400,400,0.5033322000235785,400,51200,24576,1024,76800,51200,51200,51200,8192,0,0,59392,3932160,501760.0,0,0,0,12,0,"{""armed"": 0, ""cooldown"": 0, ""global"": 0, ""local"": 400}",1,0,1.0,0,0.005222444978156382,0.06065230196778399,1.0,0.0,0.0,1,0,0
oasqd-stop-adaptive-iid-H25-P50-N2048-K8,oa-stratified,0.5,OASQD-D15-connected-normal,connected,missing,OASQD-D15-connected-normal/missing,2,400,400,0.419473600020865,400,51200,24576,1024,76800,51200,51200,51200,8192,0,0,59392,3932160,501760.0,0,0,0,12,0,"{""armed"": 0, ""cooldown"": 0, ""global"": 0, ""local"": 400}",1,0,1.0,0,0.001989311982924402,0.03313134220076776,1.0,0.0,0.0,1,0,0
oasqd-stop-systematic-H25-P50-N2048-K8,oa-stratified,0.5,OASQD-D15-connected-normal,connected,missing,OASQD-D15-connected-normal/missing,0,400,400,0.45090470000286587,400,51200,24576,1024,76800,51200,51200,51200,8192,0,0,59392,3932160,501760.0,0,0,0,12,0,"{""armed"": 0, ""cooldown"": 0, ""global"": 0, ""local"": 400}",1,0,1.0,0,0.003339450788078402,0.036961403435337686,1.0,0.0,0.0,1,0,0
oasqd-stop-systematic-H25-P50-N2048-K8,oa-stratified,0.5,OASQD-D15-connected-normal,connected,missing,OASQD-D15-connected-normal/missing,1,400,400,0.43773840001085773,400,51200,24576,1024,76800,51200,51200,51200,8192,0,0,59392,3932160,501760.0,0,0,0,12,0,"{""armed"": 0, ""cooldown"": 0, ""global"": 0, ""local"": 400}",1,0,1.0,0,0.005222444978156382,0.06065230196778399,1.0,0.0,0.0,1,0,0
oasqd-stop-systematic-H25-P50-N2048-K8,oa-stratified,0.5,OASQD-D15-connected-normal,connected,missing,OASQD-D15-connected-normal/missing,2,400,400,0.4992480000073556,400,51200,24576,1024,76800,51200,51200,51200,8192,0,0,59392,3932160,501760.0,0,0,0,12,0,"{""armed"": 0, ""cooldown"": 0, ""global"": 0, ""local"": 400}",1,0,1.0,0,0.001989311982924402,0.03313134220076776,1.0,0.0,0.0,1,0,0
paper-0.5,paper,0.5,OASQD-D15-connected-normal,connected,missing,OASQD-D15-connected-normal/missing,0,400,400,0.8217450000229292,400,51200,0,1024,52224,51200,51200,51200,0,0,0,51200,13107200,0.0,0,0,0,0,0,"{""armed"": 0, ""cooldown"": 0, ""global"": 0, ""local"": 0}",0,0,nan,0,0.002487137664985095,0.0719034634317089,1.0,0.0,nan,1,0,0
paper-0.5,paper,0.5,OASQD-D15-connected-normal,connected,missing,OASQD-D15-connected-normal/missing,1,400,400,0.5367027999891434,400,51200,0,1024,52224,51200,51200,51200,0,0,0,51200,13107200,0.0,0,0,0,0,0,"{""armed"": 0, ""cooldown"": 0, ""global"": 0, ""local"": 0}",0,0,nan,0,0.006243435720683976,0.08132961868983417,1.0,0.0,nan,1,0,0
paper-0.5,paper,0.5,OASQD-D15-connected-normal,connected,missing,OASQD-D15-connected-normal/missing,2,400,400,0.4902392000076361,400,51200,0,1024,52224,51200,51200,51200,0,0,0,51200,13107200,0.0,0,0,0,0,0,"{""armed"": 0, ""cooldown"": 0, ""global"": 0, ""local"": 0}",0,0,nan,0,0.003993877214148789,0.051669683178168925,1.0,0.0,nan,1,0,0
qld-v1,qld,0.5,OASQD-D15-connected-normal,connected,missing,OASQD-D15-connected-normal/missing,0,400,400,0.33032720000483096,400,51200,0,1024,52224,51200,51200,51200,0,0,0,51200,3932160,501760.0,0,0,0,0,0,"{""armed"": 0, ""cooldown"": 0, ""global"": 0, ""local"": 0}",0,0,nan,0,0.003339450788078402,0.036961403435337686,1.0,0.0,nan,1,0,0
qld-v1,qld,0.5,OASQD-D15-connected-normal,connected,missing,OASQD-D15-connected-normal/missing,1,400,400,0.3510715000156779,400,51200,0,1024,52224,51200,51200,51200,0,0,0,51200,3932160,501760.0,0,0,0,0,0,"{""armed"": 0, ""cooldown"": 0, ""global"": 0, ""local"": 0}",0,0,nan,0,0.005222444978156382,0.06065230196778399,1.0,0.0,nan,1,0,0
qld-v1,qld,0.5,OASQD-D15-connected-normal,connected,missing,OASQD-D15-connected-normal/missing,2,400,400,0.40049840000574477,400,51200,0,1024,52224,51200,51200,51200,0,0,0,51200,3932160,501760.0,0,0,0,0,0,"{""armed"": 0, ""cooldown"": 0, ""global"": 0, ""local"": 0}",0,0,nan,0,0.001989311982924402,0.03313134220076776,1.0,0.0,nan,1,0,0
fixed-lbqcd,fixed,0.5,OASQD-D16-near-overlap-tail,resolution-boundary,concentrated,OASQD-D16-near-overlap-tail/concentrated,0,400,400,0.34488380001857877,400,51200,0,2048,53248,51200,51200,51200,0,4096,0,55296,3932160,501760.0,0,0,0,0,0,"{""armed"": 0, ""cooldown"": 0, ""global"": 0, ""local"": 0}",0,0,nan,0,0.016937901866707517,0.13297664587486857,1.0,0.09078125000000001,nan,50,0,0
fixed-lbqcd,fixed,0.5,OASQD-D16-near-overlap-tail,resolution-boundary,concentrated,OASQD-D16-near-overlap-tail/concentrated,1,400,400,0.2837445999903139,400,51200,0,2048,53248,51200,51200,51200,0,4096,0,55296,3932160,501760.0,0,0,0,0,0,"{""armed"": 0, ""cooldown"": 0, ""global"": 0, ""local"": 0}",0,0,nan,0,0.010384654762228607,0.1251841099116077,1.0,0.10152343750000001,nan,50,0,0
fixed-lbqcd,fixed,0.5,OASQD-D16-near-overlap-tail,resolution-boundary,concentrated,OASQD-D16-near-overlap-tail/concentrated,2,400,400,0.38314469999750145,400,51200,0,2048,53248,51200,51200,51200,0,4096,0,55296,3932160,501760.0,0,0,0,0,0,"{""armed"": 0, ""cooldown"": 0, ""global"": 0, ""local"": 0}",0,0,nan,0,0.011876724347030354,0.1282589033878787,1.0,0.066015625,nan,50,0,0
oa-stop-strat-H25-P50-N2048-K8,oa-stratified,0.5,OASQD-D16-near-overlap-tail,resolution-boundary,concentrated,OASQD-D16-near-overlap-tail/concentrated,0,400,400,0.46739869998418726,400,51200,24576,2048,77824,51200,51200,51200,8192,0,0,59392,3932160,501760.0,0,0,0,12,0,"{""armed"": 0, ""cooldown"": 0, ""global"": 0, ""local"": 400}",6,0,0.15380859375,0,0.016937901866707517,0.13297664587486857,1.0,0.09078125000000001,0.0380859375,50,0,0
oa-stop-strat-H25-P50-N2048-K8,oa-stratified,0.5,OASQD-D16-near-overlap-tail,resolution-boundary,concentrated,OASQD-D16-near-overlap-tail/concentrated,1,400,400,0.45952060000854544,400,51200,24576,2048,77824,51200,51200,51200,8192,0,0,59392,3932160,501760.0,0,0,0,12,0,"{""armed"": 0, ""cooldown"": 0, ""global"": 0, ""local"": 400}",6,0,0.15625,0,0.010384654762228607,0.1251841099116077,1.0,0.10152343750000001,0.05712890625,50,0,0
oa-stop-strat-H25-P50-N2048-K8,oa-stratified,0.5,OASQD-D16-near-overlap-tail,resolution-boundary,concentrated,OASQD-D16-near-overlap-tail/concentrated,2,400,400,0.4448256999894511,400,51200,24576,2048,77824,51200,51200,51200,8192,0,0,59392,3932160,501760.0,0,0,0,12,0,"{""armed"": 0, ""cooldown"": 0, ""global"": 0, ""local"": 400}",6,0,0.157958984375,0,0.011876724347030354,0.1282589033878787,1.0,0.066015625,0.0546875,50,0,0
oasqd-once-adaptive-H25-P50-N2048-K8,oa-stratified,0.5,OASQD-D16-near-overlap-tail,resolution-boundary,concentrated,OASQD-D16-near-overlap-tail/concentrated,0,400,400,0.47791839999263175,400,51200,24576,2048,77824,51200,51200,51200,8192,0,0,59392,3932160,501760.0,0,0,0,12,0,"{""armed"": 0, ""cooldown"": 0, ""global"": 0, ""local"": 400}",6,0,0.15380859375,0,0.016937901866707517,0.13297664587486857,1.0,0.09078125000000001,0.0380859375,50,0,0
oasqd-once-adaptive-H25-P50-N2048-K8,oa-stratified,0.5,OASQD-D16-near-overlap-tail,resolution-boundary,concentrated,OASQD-D16-near-overlap-tail/concentrated,1,400,400,0.47819029999664053,400,51200,24576,2048,77824,51200,51200,51200,8192,0,0,59392,3932160,501760.0,0,0,0,12,0,"{""armed"": 0, ""cooldown"": 0, ""global"": 0, ""local"": 400}",6,0,0.15625,0,0.010384654762228607,0.1251841099116077,1.0,0.10152343750000001,0.05712890625,50,0,0
oasqd-once-adaptive-H25-P50-N2048-K8,oa-stratified,0.5,OASQD-D16-near-overlap-tail,resolution-boundary,concentrated,OASQD-D16-near-overlap-tail/concentrated,2,400,400,0.3374457999889273,400,51200,24576,2048,77824,51200,51200,51200,8192,0,0,59392,3932160,501760.0,0,0,0,12,0,"{""armed"": 0, ""cooldown"": 0, ""global"": 0, ""local"": 400}",6,0,0.157958984375,0,0.011876724347030354,0.1282589033878787,1.0,0.066015625,0.0546875,50,0,0
oasqd-stop-adaptive-H25-P50-N2048-K8,oa-stratified,0.5,OASQD-D16-near-overlap-tail,resolution-boundary,concentrated,OASQD-D16-near-overlap-tail/concentrated,0,400,400,0.5015954000118654,400,51200,24576,2048,77824,51200,51200,51200,8192,0,0,59392,3932160,501760.0,0,0,0,12,0,"{""armed"": 0, ""cooldown"": 0, ""global"": 0, ""local"": 400}",6,0,0.15380859375,0,0.016937901866707517,0.13297664587486857,1.0,0.09078125000000001,0.0380859375,50,0,0
oasqd-stop-adaptive-H25-P50-N2048-K8,oa-stratified,0.5,OASQD-D16-near-overlap-tail,resolution-boundary,concentrated,OASQD-D16-near-overlap-tail/concentrated,1,400,400,0.46990119997644797,400,51200,24576,2048,77824,51200,51200,51200,8192,0,0,59392,3932160,501760.0,0,0,0,12,0,"{""armed"": 0, ""cooldown"": 0, ""global"": 0, ""local"": 400}",6,0,0.15625,0,0.010384654762228607,0.1251841099116077,1.0,0.10152343750000001,0.05712890625,50,0,0
oasqd-stop-adaptive-H25-P50-N2048-K8,oa-stratified,0.5,OASQD-D16-near-overlap-tail,resolution-boundary,concentrated,OASQD-D16-near-overlap-tail/concentrated,2,400,400,0.4201549999997951,400,51200,24576,2048,77824,51200,51200,51200,8192,0,0,59392,3932160,501760.0,0,0,0,12,0,"{""armed"": 0, ""cooldown"": 0, ""global"": 0, ""local"": 400}",6,0,0.157958984375,0,0.011876724347030354,0.1282589033878787,1.0,0.066015625,0.0546875,50,0,0
oasqd-stop-adaptive-iid-H25-P50-N2048-K8,oa-stratified,0.5,OASQD-D16-near-overlap-tail,resolution-boundary,concentrated,OASQD-D16-near-overlap-tail/concentrated,0,400,400,0.534134500019718,400,51200,24576,2048,77824,51200,51200,51200,8192,0,0,59392,3932160,501760.0,0,0,0,12,0,"{""armed"": 0, ""cooldown"": 0, ""global"": 0, ""local"": 400}",6,0,0.15380859375,0,0.016937901866707517,0.13297664587486857,1.0,0.09078125000000001,0.0380859375,50,0,0
oasqd-stop-adaptive-iid-H25-P50-N2048-K8,oa-stratified,0.5,OASQD-D16-near-overlap-tail,resolution-boundary,concentrated,OASQD-D16-near-overlap-tail/concentrated,1,400,400,0.5578963000152726,400,51200,24576,2048,77824,51200,51200,51200,8192,0,0,59392,3932160,501760.0,0,0,0,12,0,"{""armed"": 0, ""cooldown"": 0, ""global"": 0, ""local"": 400}",6,0,0.15625,0,0.010384654762228607,0.1251841099116077,1.0,0.10152343750000001,0.05712890625,50,0,0
oasqd-stop-adaptive-iid-H25-P50-N2048-K8,oa-stratified,0.5,OASQD-D16-near-overlap-tail,resolution-boundary,concentrated,OASQD-D16-near-overlap-tail/concentrated,2,400,400,0.5009076000133064,400,51200,24576,2048,77824,51200,51200,51200,8192,0,0,59392,3932160,501760.0,0,0,0,12,0,"{""armed"": 0, ""cooldown"": 0, ""global"": 0, ""local"": 400}",6,0,0.157958984375,0,0.011876724347030354,0.1282589033878787,1.0,0.066015625,0.0546875,50,0,0
oasqd-stop-systematic-H25-P50-N2048-K8,oa-stratified,0.5,OASQD-D16-near-overlap-tail,resolution-boundary,concentrated,OASQD-D16-near-overlap-tail/concentrated,0,400,400,0.4433592999994289,400,51200,24576,2048,77824,51200,51200,51200,8192,0,0,59392,3932160,501760.0,0,0,0,12,0,"{""armed"": 0, ""cooldown"": 0, ""global"": 0, ""local"": 400}",6,0,0.15380859375,0,0.016937901866707517,0.13297664587486857,1.0,0.09078125000000001,0.0380859375,50,0,0
oasqd-stop-systematic-H25-P50-N2048-K8,oa-stratified,0.5,OASQD-D16-near-overlap-tail,resolution-boundary,concentrated,OASQD-D16-near-overlap-tail/concentrated,1,400,400,0.4658058999921195,400,51200,24576,2048,77824,51200,51200,51200,8192,0,0,59392,3932160,501760.0,0,0,0,12,0,"{""armed"": 0, ""cooldown"": 0, ""global"": 0, ""local"": 400}",6,0,0.15625,0,0.010384654762228607,0.1251841099116077,1.0,0.10152343750000001,0.05712890625,50,0,0
oasqd-stop-systematic-H25-P50-N2048-K8,oa-stratified,0.5,OASQD-D16-near-overlap-tail,resolution-boundary,concentrated,OASQD-D16-near-overlap-tail/concentrated,2,400,400,0.5305475000059232,400,51200,24576,2048,77824,51200,51200,51200,8192,0,0,59392,3932160,501760.0,0,0,0,12,0,"{""armed"": 0, ""cooldown"": 0, ""global"": 0, ""local"": 400}",6,0,0.157958984375,0,0.011876724347030354,0.1282589033878787,1.0,0.066015625,0.0546875,50,0,0
paper-0.5,paper,0.5,OASQD-D16-near-overlap-tail,resolution-boundary,concentrated,OASQD-D16-near-overlap-tail/concentrated,0,400,400,0.5362498000031337,400,51200,0,2048,53248,51200,51200,51200,0,0,0,51200,13107200,0.0,0,0,0,0,0,"{""armed"": 0, ""cooldown"": 0, ""global"": 0, ""local"": 0}",0,0,nan,0,0.011373994793130393,0.1315461346694512,1.0,0.1028125,nan,50,0,0
paper-0.5,paper,0.5,OASQD-D16-near-overlap-tail,resolution-boundary,concentrated,OASQD-D16-near-overlap-tail/concentrated,1,400,400,0.9014523000223562,400,51200,0,2048,53248,51200,51200,51200,0,0,0,51200,13107200,0.0,0,0,0,0,0,"{""armed"": 0, ""cooldown"": 0, ""global"": 0, ""local"": 0}",0,0,nan,0,0.009651726390175197,0.12977862312129773,1.0,0.11324218750000001,nan,50,0,0
paper-0.5,paper,0.5,OASQD-D16-near-overlap-tail,resolution-boundary,concentrated,OASQD-D16-near-overlap-tail/concentrated,2,400,400,0.4681128000083845,400,51200,0,2048,53248,51200,51200,51200,0,0,0,51200,13107200,0.0,0,0,0,0,0,"{""armed"": 0, ""cooldown"": 0, ""global"": 0, ""local"": 0}",0,0,nan,0,0.01339368335342761,0.1282657553026111,1.0,0.155234375,nan,50,0,0
qld-v1,qld,0.5,OASQD-D16-near-overlap-tail,resolution-boundary,concentrated,OASQD-D16-near-overlap-tail/concentrated,0,400,400,0.3464749999984633,400,51200,0,2048,53248,51200,51200,51200,0,0,0,51200,3932160,501760.0,0,0,0,0,0,"{""armed"": 0, ""cooldown"": 0, ""global"": 0, ""local"": 0}",0,0,nan,0,0.016937901866707517,0.13297664587486857,1.0,0.09078125000000001,nan,50,0,0
qld-v1,qld,0.5,OASQD-D16-near-overlap-tail,resolution-boundary,concentrated,OASQD-D16-near-overlap-tail/concentrated,1,400,400,0.2648844000068493,400,51200,0,2048,53248,51200,51200,51200,0,0,0,51200,3932160,501760.0,0,0,0,0,0,"{""armed"": 0, ""cooldown"": 0, ""global"": 0, ""local"": 0}",0,0,nan,0,0.010384654762228607,0.1251841099116077,1.0,0.10152343750000001,nan,50,0,0
qld-v1,qld,0.5,OASQD-D16-near-overlap-tail,resolution-boundary,concentrated,OASQD-D16-near-overlap-tail/concentrated,2,400,400,0.2786971000023186,400,51200,0,2048,53248,51200,51200,51200,0,0,0,51200,3932160,501760.0,0,0,0,0,0,"{""armed"": 0, ""cooldown"": 0, ""global"": 0, ""local"": 0}",0,0,nan,0,0.011876724347030354,0.1282589033878787,1.0,0.066015625,nan,50,0,0
fixed-lbqcd,fixed,0.5,OASQD-D16-near-overlap-tail,resolution-boundary,missing,OASQD-D16-near-overlap-tail/missing,0,400,400,0.3113069999963045,400,51200,0,3072,54272,51200,51200,51200,0,4096,0,55296,3932160,501760.0,0,0,0,0,0,"{""armed"": 0, ""cooldown"": 0, ""global"": 0, ""local"": 0}",0,0,nan,0,0.01192605675869296,0.13282827687038404,1.0,0.11195312500000001,nan,100,0,0
fixed-lbqcd,fixed,0.5,OASQD-D16-near-overlap-tail,resolution-boundary,missing,OASQD-D16-near-overlap-tail/missing,1,400,400,0.3557679000077769,400,51200,0,2048,53248,51200,51200,51200,0,4096,0,55296,3932160,501760.0,0,0,0,0,0,"{""armed"": 0, ""cooldown"": 0, ""global"": 0, ""local"": 0}",0,0,nan,0,0.017259730004745677,0.1277415845975158,1.0,0.0686328125,nan,50,0,0
fixed-lbqcd,fixed,0.5,OASQD-D16-near-overlap-tail,resolution-boundary,missing,OASQD-D16-near-overlap-tail/missing,2,400,400,0.3330990999820642,400,51200,0,3072,54272,51200,51200,51200,0,4096,0,55296,3932160,501760.0,0,0,0,0,0,"{""armed"": 0, ""cooldown"": 0, ""global"": 0, ""local"": 0}",0,0,nan,0,0.009974566043190691,0.13157927007330497,1.0,0.09109375,nan,100,0,0
oa-stop-strat-H25-P50-N2048-K8,oa-stratified,0.5,OASQD-D16-near-overlap-tail,resolution-boundary,missing,OASQD-D16-near-overlap-tail/missing,0,400,400,0.505838799988851,400,51200,24576,3072,78848,51200,51200,51200,8192,0,0,59392,3932160,501760.0,0,0,0,12,0,"{""armed"": 0, ""cooldown"": 0, ""global"": 0, ""local"": 400}",5,0,0.1531982421875,0,0.01192605675869296,0.13282827687038404,1.0,0.11195312500000001,0.049072265625,100,0,0
oa-stop-strat-H25-P50-N2048-K8,oa-stratified,0.5,OASQD-D16-near-overlap-tail,resolution-boundary,missing,OASQD-D16-near-overlap-tail/missing,1,400,400,0.4365119000140112,400,51200,24576,2048,77824,51200,51200,51200,8192,0,0,59392,3932160,501760.0,0,0,0,12,0,"{""armed"": 0, ""cooldown"": 0, ""global"": 0, ""local"": 400}",4,0,0.158447265625,0,0.017259730004745677,0.1277415845975158,1.0,0.0686328125,0.04443359375,50,0,0
oa-stop-strat-H25-P50-N2048-K8,oa-stratified,0.5,OASQD-D16-near-overlap-tail,resolution-boundary,missing,OASQD-D16-near-overlap-tail/missing,2,400,400,0.42765009999857284,400,51200,24576,3072,78848,51200,51200,51200,8192,0,0,59392,3932160,501760.0,0,0,0,12,0,"{""armed"": 0, ""cooldown"": 0, ""global"": 0, ""local"": 400}",6,0,0.155517578125,0,0.009974566043190691,0.13157927007330497,1.0,0.09109375,0.078857421875,100,0,0
oasqd-once-adaptive-H25-P50-N2048-K8,oa-stratified,0.5,OASQD-D16-near-overlap-tail,resolution-boundary,missing,OASQD-D16-near-overlap-tail/missing,0,400,400,0.46268230001442134,400,51200,24576,3072,78848,51200,51200,51200,8192,0,0,59392,3932160,501760.0,0,0,0,12,0,"{""armed"": 0, ""cooldown"": 0, ""global"": 0, ""local"": 400}",5,0,0.1531982421875,0,0.01192605675869296,0.13282827687038404,1.0,0.11195312500000001,0.049072265625,100,0,0
oasqd-once-adaptive-H25-P50-N2048-K8,oa-stratified,0.5,OASQD-D16-near-overlap-tail,resolution-boundary,missing,OASQD-D16-near-overlap-tail/missing,1,400,400,0.4414857999945525,400,51200,24576,2048,77824,51200,51200,51200,8192,0,0,59392,3932160,501760.0,0,0,0,12,0,"{""armed"": 0, ""cooldown"": 0, ""global"": 0, ""local"": 400}",4,0,0.158447265625,0,0.017259730004745677,0.1277415845975158,1.0,0.0686328125,0.04443359375,50,0,0
oasqd-once-adaptive-H25-P50-N2048-K8,oa-stratified,0.5,OASQD-D16-near-overlap-tail,resolution-boundary,missing,OASQD-D16-near-overlap-tail/missing,2,400,400,0.507578899996588,400,51200,24576,3072,78848,51200,51200,51200,8192,0,0,59392,3932160,501760.0,0,0,0,12,0,"{""armed"": 0, ""cooldown"": 0, ""global"": 0, ""local"": 400}",6,0,0.155517578125,0,0.009974566043190691,0.13157927007330497,1.0,0.09109375,0.078857421875,100,0,0
oasqd-stop-adaptive-H25-P50-N2048-K8,oa-stratified,0.5,OASQD-D16-near-overlap-tail,resolution-boundary,missing,OASQD-D16-near-overlap-tail/missing,0,400,400,0.43123000001651235,400,51200,24576,3072,78848,51200,51200,51200,8192,0,0,59392,3932160,501760.0,0,0,0,12,0,"{""armed"": 0, ""cooldown"": 0, ""global"": 0, ""local"": 400}",5,0,0.1531982421875,0,0.01192605675869296,0.13282827687038404,1.0,0.11195312500000001,0.049072265625,100,0,0
oasqd-stop-adaptive-H25-P50-N2048-K8,oa-stratified,0.5,OASQD-D16-near-overlap-tail,resolution-boundary,missing,OASQD-D16-near-overlap-tail/missing,1,400,400,0.4476802000135649,400,51200,24576,2048,77824,51200,51200,51200,8192,0,0,59392,3932160,501760.0,0,0,0,12,0,"{""armed"": 0, ""cooldown"": 0, ""global"": 0, ""local"": 400}",4,0,0.158447265625,0,0.017259730004745677,0.1277415845975158,1.0,0.0686328125,0.04443359375,50,0,0
oasqd-stop-adaptive-H25-P50-N2048-K8,oa-stratified,0.5,OASQD-D16-near-overlap-tail,resolution-boundary,missing,OASQD-D16-near-overlap-tail/missing,2,400,400,0.4913757999893278,400,51200,24576,3072,78848,51200,51200,51200,8192,0,0,59392,3932160,501760.0,0,0,0,12,0,"{""armed"": 0, ""cooldown"": 0, ""global"": 0, ""local"": 400}",6,0,0.155517578125,0,0.009974566043190691,0.13157927007330497,1.0,0.09109375,0.078857421875,100,0,0
oasqd-stop-adaptive-iid-H25-P50-N2048-K8,oa-stratified,0.5,OASQD-D16-near-overlap-tail,resolution-boundary,missing,OASQD-D16-near-overlap-tail/missing,0,400,400,0.40190730002359487,400,51200,24576,3072,78848,51200,51200,51200,8192,0,0,59392,3932160,501760.0,0,0,0,12,0,"{""armed"": 0, ""cooldown"": 0, ""global"": 0, ""local"": 400}",5,0,0.1531982421875,0,0.01192605675869296,0.13282827687038404,1.0,0.11195312500000001,0.049072265625,100,0,0
oasqd-stop-adaptive-iid-H25-P50-N2048-K8,oa-stratified,0.5,OASQD-D16-near-overlap-tail,resolution-boundary,missing,OASQD-D16-near-overlap-tail/missing,1,400,400,0.5170310999965295,400,51200,24576,2048,77824,51200,51200,51200,8192,0,0,59392,3932160,501760.0,0,0,0,12,0,"{""armed"": 0, ""cooldown"": 0, ""global"": 0, ""local"": 400}",4,0,0.158447265625,0,0.017259730004745677,0.1277415845975158,1.0,0.0686328125,0.04443359375,50,0,0
oasqd-stop-adaptive-iid-H25-P50-N2048-K8,oa-stratified,0.5,OASQD-D16-near-overlap-tail,resolution-boundary,missing,OASQD-D16-near-overlap-tail/missing,2,400,400,0.37713750000693835,400,51200,24576,3072,78848,51200,51200,51200,8192,0,0,59392,3932160,501760.0,0,0,0,12,0,"{""armed"": 0, ""cooldown"": 0, ""global"": 0, ""local"": 400}",6,0,0.155517578125,0,0.009974566043190691,0.13157927007330497,1.0,0.09109375,0.078857421875,100,0,0
oasqd-stop-systematic-H25-P50-N2048-K8,oa-stratified,0.5,OASQD-D16-near-overlap-tail,resolution-boundary,missing,OASQD-D16-near-overlap-tail/missing,0,400,400,0.4597735999850556,400,51200,24576,3072,78848,51200,51200,51200,8192,0,0,59392,3932160,501760.0,0,0,0,12,0,"{""armed"": 0, ""cooldown"": 0, ""global"": 0, ""local"": 400}",5,0,0.1531982421875,0,0.01192605675869296,0.13282827687038404,1.0,0.11195312500000001,0.049072265625,100,0,0
oasqd-stop-systematic-H25-P50-N2048-K8,oa-stratified,0.5,OASQD-D16-near-overlap-tail,resolution-boundary,missing,OASQD-D16-near-overlap-tail/missing,1,400,400,0.5383966000226792,400,51200,24576,2048,77824,51200,51200,51200,8192,0,0,59392,3932160,501760.0,0,0,0,12,0,"{""armed"": 0, ""cooldown"": 0, ""global"": 0, ""local"": 400}",4,0,0.158447265625,0,0.017259730004745677,0.1277415845975158,1.0,0.0686328125,0.04443359375,50,0,0
oasqd-stop-systematic-H25-P50-N2048-K8,oa-stratified,0.5,OASQD-D16-near-overlap-tail,resolution-boundary,missing,OASQD-D16-near-overlap-tail/missing,2,400,400,0.43872400000691414,400,51200,24576,3072,78848,51200,51200,51200,8192,0,0,59392,3932160,501760.0,0,0,0,12,0,"{""armed"": 0, ""cooldown"": 0, ""global"": 0, ""local"": 400}",6,0,0.155517578125,0,0.009974566043190691,0.13157927007330497,1.0,0.09109375,0.078857421875,100,0,0
paper-0.5,paper,0.5,OASQD-D16-near-overlap-tail,resolution-boundary,missing,OASQD-D16-near-overlap-tail/missing,0,400,400,0.647014299989678,400,51200,0,2048,53248,51200,51200,51200,0,0,0,51200,13107200,0.0,0,0,0,0,0,"{""armed"": 0, ""cooldown"": 0, ""global"": 0, ""local"": 0}",0,0,nan,0,0.012485063554342979,0.13670082637437847,1.0,0.1425390625,nan,50,0,0
paper-0.5,paper,0.5,OASQD-D16-near-overlap-tail,resolution-boundary,missing,OASQD-D16-near-overlap-tail/missing,1,400,400,0.8852673000073992,400,51200,0,2048,53248,51200,51200,51200,0,0,0,51200,13107200,0.0,0,0,0,0,0,"{""armed"": 0, ""cooldown"": 0, ""global"": 0, ""local"": 0}",0,0,nan,0,0.024887441407306587,0.1482398367569504,1.0,0.08363281250000001,nan,50,0,0
paper-0.5,paper,0.5,OASQD-D16-near-overlap-tail,resolution-boundary,missing,OASQD-D16-near-overlap-tail/missing,2,400,400,0.5410020000126678,400,51200,0,2048,53248,51200,51200,51200,0,0,0,51200,13107200,0.0,0,0,0,0,0,"{""armed"": 0, ""cooldown"": 0, ""global"": 0, ""local"": 0}",0,0,nan,0,0.011529611671179385,0.12913486237003244,1.0,0.09535156250000001,nan,50,0,0
qld-v1,qld,0.5,OASQD-D16-near-overlap-tail,resolution-boundary,missing,OASQD-D16-near-overlap-tail/missing,0,400,400,0.3085741999966558,400,51200,0,3072,54272,51200,51200,51200,0,0,0,51200,3932160,501760.0,0,0,0,0,0,"{""armed"": 0, ""cooldown"": 0, ""global"": 0, ""local"": 0}",0,0,nan,0,0.01192605675869296,0.13282827687038404,1.0,0.11195312500000001,nan,100,0,0
qld-v1,qld,0.5,OASQD-D16-near-overlap-tail,resolution-boundary,missing,OASQD-D16-near-overlap-tail/missing,1,400,400,0.33169169997563586,400,51200,0,2048,53248,51200,51200,51200,0,0,0,51200,3932160,501760.0,0,0,0,0,0,"{""armed"": 0, ""cooldown"": 0, ""global"": 0, ""local"": 0}",0,0,nan,0,0.017259730004745677,0.1277415845975158,1.0,0.0686328125,nan,50,0,0
qld-v1,qld,0.5,OASQD-D16-near-overlap-tail,resolution-boundary,missing,OASQD-D16-near-overlap-tail/missing,2,400,400,0.3996350000088569,400,51200,0,3072,54272,51200,51200,51200,0,0,0,51200,3932160,501760.0,0,0,0,0,0,"{""armed"": 0, ""cooldown"": 0, ""global"": 0, ""local"": 0}",0,0,nan,0,0.009974566043190691,0.13157927007330497,1.0,0.09109375,nan,100,0,0
