arm,kind,target,family,init,seed,ed2,heldout_sw1,heldout_projection_rmse,coverage,mass_l1,training_projection_rmse,event_time,censored,diverged,wall_seconds,target_samples,kernel_pairs,sort_work,projection_dot_products,stored_scalars
paper-tau0.2,paper,PS2-GMM4-equal,gauss,concentrated,0,0.008298466162314333,0.053897441614807404,0.07321660369161567,1.0,0.0625,nan,220,0,0,0.10285759999533184,19200,2457600,0.0,0,128
paper-tau0.5,paper,PS2-GMM4-equal,gauss,concentrated,0,0.008799830081995141,0.05624847262842329,0.071099267228966,1.0,0.03125,nan,140,0,0,0.08986070001265034,19200,2457600,0.0,0,128
paper-tau1,paper,PS2-GMM4-equal,gauss,concentrated,0,0.013845474682650183,0.07336252512529161,0.09118908680597831,1.0,0.03125,nan,120,0,0,0.08705929998541251,19200,2457600,0.0,0,128
paper-tau2,paper,PS2-GMM4-equal,gauss,concentrated,0,0.019197620280822836,0.09034351897074246,0.11405655823539494,1.0,0.03125,nan,120,0,0,0.08822309999959543,19200,2457600,0.0,0,128
coordinate-pqt,coordinate-negative-control,PS2-GMM4-equal,gauss,concentrated,0,0.0271049419985967,0.0968293738313239,0.12505525293803313,1.0,0.0625,0.0,20,0,0,0.041199600003892556,19200,0,460800.0,115200,325
psqt-L8-K64-R3-e0.5,psqt,PS2-GMM4-equal,gauss,concentrated,0,0.0037355539161989526,0.038324866305007456,0.05378223850152977,1.0,0.0625,0.016480873331394676,20,0,0,0.14307829999597743,19200,0,3686400.0,1075200,721
psqt-L16-K64-R3-e0.5,psqt,PS2-GMM4-equal,gauss,concentrated,0,0.0034791914112657363,0.037434565846941985,0.053316101255506614,1.0,0.0,0.01652759543279938,20,0,0,0.2672145999968052,19200,0,7372800.0,2150400,1249
psqt-L32-K64-R3-e0.5,psqt,PS2-GMM4-equal,gauss,concentrated,0,0.0033745888745255748,0.03679165749628871,0.05363212070149895,1.0,0.0,0.015045882989525047,20,0,0,0.5425652999838348,19200,0,14745600.0,4300800,2305
psqt-L16-K64-R6-e0.5,psqt,PS2-GMM4-equal,gauss,concentrated,0,0.003451837436260874,0.037021454211865513,0.05266352549275685,1.0,0.0,0.016206875540648126,20,0,0,0.328384599997662,19200,0,12902400.0,3993600,1249
psqt-L16-K64-R3-e1,psqt,PS2-GMM4-equal,gauss,concentrated,0,0.0035612683633557962,0.03736574458381756,0.05378197036467141,1.0,0.0,0.0153041297279602,20,0,0,0.26062509999610484,19200,0,7372800.0,2150400,1249
paper-tau0.2,paper,PS2-GMM4-equal,gauss,concentrated,1,0.013409765825521336,0.07019869784850298,0.0956869437317372,1.0,0.0,nan,240,0,0,0.09808259998681024,19200,2457600,0.0,0,128
paper-tau0.5,paper,PS2-GMM4-equal,gauss,concentrated,1,0.01288263164274972,0.06979427475698038,0.08592877624687499,1.0,0.09375,nan,140,0,0,0.10702349999337457,19200,2457600,0.0,0,128
paper-tau1,paper,PS2-GMM4-equal,gauss,concentrated,1,0.020044415867624732,0.09120307555193216,0.11173624609974855,1.0,0.09375,nan,120,0,0,0.08835169998928905,19200,2457600,0.0,0,128
paper-tau2,paper,PS2-GMM4-equal,gauss,concentrated,1,0.027163006748678775,0.11137578289622554,0.13894294068728258,1.0,0.09375,nan,120,0,0,0.08799910001107492,19200,2457600,0.0,0,128
coordinate-pqt,coordinate-negative-control,PS2-GMM4-equal,gauss,concentrated,1,0.036561293431413455,0.11216080481231593,0.1461441833658522,1.0,0.15625,0.0,20,0,0,0.04357589999563061,19200,0,460800.0,115200,325
psqt-L8-K64-R3-e0.5,psqt,PS2-GMM4-equal,gauss,concentrated,1,0.002887337075456853,0.03285449607039095,0.04750799632482786,1.0,0.03125,0.016681483196421435,20,0,0,0.14713200001278892,19200,0,3686400.0,1075200,721
psqt-L16-K64-R3-e0.5,psqt,PS2-GMM4-equal,gauss,concentrated,1,0.0024194598082056817,0.030835498645176908,0.043843136537752195,1.0,0.0,0.01574398968910038,20,0,0,0.2714338000223506,19200,0,7372800.0,2150400,1249
psqt-L32-K64-R3-e0.5,psqt,PS2-GMM4-equal,gauss,concentrated,1,0.0022666036521300503,0.03037969176505542,0.04396393073112647,1.0,0.0,0.01567816463066548,20,0,0,0.5197046000103,19200,0,14745600.0,4300800,2305
psqt-L16-K64-R6-e0.5,psqt,PS2-GMM4-equal,gauss,concentrated,1,0.0023416516467533732,0.03048788430301131,0.04351573903897259,1.0,0.03125,0.015581393994817425,20,0,0,0.34243099999730475,19200,0,12902400.0,3993600,1249
psqt-L16-K64-R3-e1,psqt,PS2-GMM4-equal,gauss,concentrated,1,0.0024105382010930487,0.03089614530437059,0.04403267541863841,1.0,0.0,0.01686575852315136,20,0,0,0.26529210002627224,19200,0,7372800.0,2150400,1249
paper-tau0.2,paper,PS2-GMM4-equal,gauss,concentrated,2,0.01262554388343684,0.06843812650592085,0.09203393164977318,1.0,0.03125,nan,240,0,0,0.11935409999568947,19200,2457600,0.0,0,128
paper-tau0.5,paper,PS2-GMM4-equal,gauss,concentrated,2,0.009786112069860686,0.06004640101942644,0.07686572123401489,1.0,0.0625,nan,140,0,0,0.08907650000764988,19200,2457600,0.0,0,128
paper-tau1,paper,PS2-GMM4-equal,gauss,concentrated,2,0.017131005640637187,0.08366038266468699,0.10357163341416695,1.0,0.03125,nan,140,0,0,0.08895689999917522,19200,2457600,0.0,0,128
paper-tau2,paper,PS2-GMM4-equal,gauss,concentrated,2,0.024930675067906027,0.10504550724114536,0.13088317991650397,1.0,0.0625,nan,120,0,0,0.08559060000698082,19200,2457600,0.0,0,128
coordinate-pqt,coordinate-negative-control,PS2-GMM4-equal,gauss,concentrated,2,0.03646228430851062,0.109621389634863,0.14291870761379769,1.0,0.0625,0.0,260,0,0,0.06260050000855699,19200,0,460800.0,115200,325
psqt-L8-K64-R3-e0.5,psqt,PS2-GMM4-equal,gauss,concentrated,2,0.003764500827370565,0.039207487081903886,0.056192773289202476,1.0,0.03125,0.01581953147781626,20,0,0,0.14768720002030022,19200,0,3686400.0,1075200,721
psqt-L16-K64-R3-e0.5,psqt,PS2-GMM4-equal,gauss,concentrated,2,0.0033431982211001854,0.037174607085629044,0.05308650441467438,1.0,0.0,0.015517851884581883,20,0,0,0.2734534000046551,19200,0,7372800.0,2150400,1249
psqt-L32-K64-R3-e0.5,psqt,PS2-GMM4-equal,gauss,concentrated,2,0.003153301577106471,0.036390661127552716,0.051886436608159926,1.0,0.0,0.01542815227675069,20,0,0,0.5135287000157405,19200,0,14745600.0,4300800,2305
psqt-L16-K64-R6-e0.5,psqt,PS2-GMM4-equal,gauss,concentrated,2,0.003280654320585552,0.036784907454321836,0.052710751213083454,1.0,0.0,0.015353441824442473,20,0,0,0.34187410000595264,19200,0,12902400.0,3993600,1249
psqt-L16-K64-R3-e1,psqt,PS2-GMM4-equal,gauss,concentrated,2,0.0032743983318458403,0.036709127401113525,0.052222575031304834,1.0,0.0,0.015447329215886292,20,0,0,0.26602300000377,19200,0,7372800.0,2150400,1249
paper-tau0.2,paper,PS2-GMM4-equal,gauss,concentrated,3,0.010907628553603499,0.06260660187491679,0.08954182160843599,1.0,0.125,nan,220,0,0,0.09596380000584759,19200,2457600,0.0,0,128
paper-tau0.5,paper,PS2-GMM4-equal,gauss,concentrated,3,0.010817658609364678,0.06319959279230111,0.0793715244788029,1.0,0.0625,nan,140,0,0,0.10664980000001378,19200,2457600,0.0,0,128
paper-tau1,paper,PS2-GMM4-equal,gauss,concentrated,3,0.016009814590921767,0.07987512547966757,0.09831627548502536,1.0,0.0625,nan,120,0,0,0.08837760001188144,19200,2457600,0.0,0,128
paper-tau2,paper,PS2-GMM4-equal,gauss,concentrated,3,0.021154791274042184,0.09547396906068117,0.11858937328063635,1.0,0.0625,nan,120,0,0,0.09620400000130758,19200,2457600,0.0,0,128
coordinate-pqt,coordinate-negative-control,PS2-GMM4-equal,gauss,concentrated,3,0.03580180226075269,0.10899753209836592,0.1406177891683811,1.0,0.125,0.0,20,0,0,0.042912299977615476,19200,0,460800.0,115200,325
psqt-L8-K64-R3-e0.5,psqt,PS2-GMM4-equal,gauss,concentrated,3,0.0035066744254900195,0.036400361133925134,0.05290294111344638,1.0,0.03125,0.01642240301142057,20,0,0,0.13922260000254028,19200,0,3686400.0,1075200,721
psqt-L16-K64-R3-e0.5,psqt,PS2-GMM4-equal,gauss,concentrated,3,0.003168723398491835,0.035382307553877265,0.051586832920663676,1.0,0.03125,0.015047146850552107,20,0,0,0.26976500000455417,19200,0,7372800.0,2150400,1249
psqt-L32-K64-R3-e0.5,psqt,PS2-GMM4-equal,gauss,concentrated,3,0.0030580082453149915,0.03489474417038202,0.051998759529429915,1.0,0.03125,0.015003295434087184,20,0,0,0.5125275999889709,19200,0,14745600.0,4300800,2305
psqt-L16-K64-R6-e0.5,psqt,PS2-GMM4-equal,gauss,concentrated,3,0.00314772361578064,0.03539971205106872,0.05157950482016455,1.0,0.0625,0.015276227129070155,20,0,0,0.3387652999954298,19200,0,12902400.0,3993600,1249
psqt-L16-K64-R3-e1,psqt,PS2-GMM4-equal,gauss,concentrated,3,0.0032225396938834194,0.03551146286729116,0.051737627285177105,1.0,0.0,0.014925261997499417,20,0,0,0.27929149998817593,19200,0,7372800.0,2150400,1249
paper-tau0.2,paper,PS2-GMM4-equal,gauss,concentrated,4,0.01235179009571874,0.06651261141220788,0.09657780779856746,1.0,0.0625,nan,220,0,0,0.0965610999846831,19200,2457600,0.0,0,128
paper-tau0.5,paper,PS2-GMM4-equal,gauss,concentrated,4,0.009803971020350688,0.059804094013175525,0.0812002863017902,1.0,0.0625,nan,120,0,0,0.0886463999922853,19200,2457600,0.0,0,128
paper-tau1,paper,PS2-GMM4-equal,gauss,concentrated,4,0.014450738063512714,0.07492296024068207,0.09524558865803269,1.0,0.0625,nan,120,0,0,0.087744600023143,19200,2457600,0.0,0,128
paper-tau2,paper,PS2-GMM4-equal,gauss,concentrated,4,0.02006121304354791,0.09185388766576057,0.11577716125051613,1.0,0.0625,nan,100,0,0,0.0898866000061389,19200,2457600,0.0,0,128
coordinate-pqt,coordinate-negative-control,PS2-GMM4-equal,gauss,concentrated,4,0.02470924696245891,0.09154595457318991,0.12189578253644087,1.0,0.09375,0.0,20,0,0,0.03983429999789223,19200,0,460800.0,115200,325
psqt-L8-K64-R3-e0.5,psqt,PS2-GMM4-equal,gauss,concentrated,4,0.005895289303168516,0.04627791331227682,0.07162530503894077,1.0,0.03125,0.01562946689546182,20,0,0,0.14557270001387224,19200,0,3686400.0,1075200,721
psqt-L16-K64-R3-e0.5,psqt,PS2-GMM4-equal,gauss,concentrated,4,0.005802504157805921,0.046398540729039574,0.07083258116301934,1.0,0.03125,0.015655607142134285,20,0,0,0.2761191999888979,19200,0,7372800.0,2150400,1249
psqt-L32-K64-R3-e0.5,psqt,PS2-GMM4-equal,gauss,concentrated,4,0.00561422308191073,0.04630215829759524,0.0694967583050322,1.0,0.03125,0.015746312084182413,20,0,0,0.5126421999884769,19200,0,14745600.0,4300800,2305
psqt-L16-K64-R6-e0.5,psqt,PS2-GMM4-equal,gauss,concentrated,4,0.005727635585309754,0.04615439403638061,0.06995291077261115,1.0,0.03125,0.014061967704239552,20,0,0,0.3317336000036448,19200,0,12902400.0,3993600,1249
psqt-L16-K64-R3-e1,psqt,PS2-GMM4-equal,gauss,concentrated,4,0.005806017765734972,0.04644271222177531,0.07031559201399686,1.0,0.03125,0.01551780981145991,20,0,0,0.2689894000068307,19200,0,7372800.0,2150400,1249
paper-tau0.2,paper,PS2-GMM4-equal,gauss,far,0,2.5961018578740442,1.2092186264054334,1.3614148415931548,0.5,1.0,nan,300,1,0,0.1085194000042975,19200,2457600,0.0,0,128
paper-tau0.5,paper,PS2-GMM4-equal,gauss,far,0,0.009229103951202688,0.05864379032800813,0.0768254734417835,1.0,0.03125,nan,160,0,0,0.10076050000498071,19200,2457600,0.0,0,128
paper-tau1,paper,PS2-GMM4-equal,gauss,far,0,0.013530529533740232,0.07337777196089267,0.09131019089168643,1.0,0.03125,nan,120,0,0,0.08595610002521425,19200,2457600,0.0,0,128
paper-tau2,paper,PS2-GMM4-equal,gauss,far,0,0.021131690298547223,0.09740201700159243,0.12367801280045934,1.0,0.03125,nan,120,0,0,0.0915153999812901,19200,2457600,0.0,0,128
coordinate-pqt,coordinate-negative-control,PS2-GMM4-equal,gauss,far,0,0.03656415845438965,0.10975113563558309,0.14060287686476364,1.0,0.09375,0.0,80,0,0,0.05331270000897348,19200,0,460800.0,115200,325
psqt-L8-K64-R3-e0.5,psqt,PS2-GMM4-equal,gauss,far,0,0.0037088411771244445,0.039173977821875074,0.05547460147688143,1.0,0.03125,0.014533044187050275,20,0,0,0.14253870001994073,19200,0,3686400.0,1075200,721
psqt-L16-K64-R3-e0.5,psqt,PS2-GMM4-equal,gauss,far,0,0.003322857244682176,0.03785822194913987,0.05367693261592091,1.0,0.0,0.01473536892524734,20,0,0,0.2638009000220336,19200,0,7372800.0,2150400,1249
psqt-L32-K64-R3-e0.5,psqt,PS2-GMM4-equal,gauss,far,0,0.003392999172296185,0.03822723471265074,0.054714452012653125,1.0,0.03125,0.015255770901499698,20,0,0,0.5077099000045564,19200,0,14745600.0,4300800,2305
psqt-L16-K64-R6-e0.5,psqt,PS2-GMM4-equal,gauss,far,0,0.0034350082001501914,0.038529134139768426,0.05436263370360423,1.0,0.03125,0.015262941742159686,20,0,0,0.347930499992799,19200,0,12902400.0,3993600,1249
psqt-L16-K64-R3-e1,psqt,PS2-GMM4-equal,gauss,far,0,0.003495269407066681,0.03838720208476202,0.053941053165414456,1.0,0.03125,0.016773269185431258,20,0,0,0.26151569999638014,19200,0,7372800.0,2150400,1249
paper-tau0.2,paper,PS2-GMM4-equal,gauss,far,1,2.5412974037602813,1.189369309815008,1.3345611298678004,0.5,1.0,nan,300,1,0,0.1182210999832023,19200,2457600,0.0,0,128
paper-tau0.5,paper,PS2-GMM4-equal,gauss,far,1,0.010713938486650143,0.061926414956272866,0.0825011244250945,1.0,0.0625,nan,160,0,0,0.09134339998126961,19200,2457600,0.0,0,128
paper-tau1,paper,PS2-GMM4-equal,gauss,far,1,0.015562012022945604,0.07705478972488705,0.0981578204542522,1.0,0.03125,nan,120,0,0,0.08553749998100102,19200,2457600,0.0,0,128
paper-tau2,paper,PS2-GMM4-equal,gauss,far,1,0.02134547774718132,0.09473293836244284,0.11875696082207511,1.0,0.09375,nan,100,0,0,0.09771299999556504,19200,2457600,0.0,0,128
coordinate-pqt,coordinate-negative-control,PS2-GMM4-equal,gauss,far,1,0.03389142011342128,0.10561316143920822,0.1385684632602096,1.0,0.15625,0.0,40,0,0,0.045936299982713535,19200,0,460800.0,115200,325
psqt-L8-K64-R3-e0.5,psqt,PS2-GMM4-equal,gauss,far,1,0.005275545565382456,0.04419945567188582,0.0648613171838982,1.0,0.03125,0.017778669650682036,20,0,0,0.1389156999939587,19200,0,3686400.0,1075200,721
psqt-L16-K64-R3-e0.5,psqt,PS2-GMM4-equal,gauss,far,1,0.0048124332828199945,0.042145579287149716,0.06312442651696094,1.0,0.03125,0.014665554499604617,20,0,0,0.26430499998969026,19200,0,7372800.0,2150400,1249
psqt-L32-K64-R3-e0.5,psqt,PS2-GMM4-equal,gauss,far,1,0.004776514259191678,0.04190503592694149,0.06310138166703591,1.0,0.03125,0.014589590529596677,20,0,0,0.5168715000036173,19200,0,14745600.0,4300800,2305
psqt-L16-K64-R6-e0.5,psqt,PS2-GMM4-equal,gauss,far,1,0.004942812298746491,0.04233900762393856,0.06375485376838134,1.0,0.0625,0.015376973322467097,20,0,0,0.348204000008991,19200,0,12902400.0,3993600,1249
psqt-L16-K64-R3-e1,psqt,PS2-GMM4-equal,gauss,far,1,0.004863343629766703,0.042190724047878866,0.06370101911254591,1.0,0.03125,0.014596974042744192,20,0,0,0.2698153000092134,19200,0,7372800.0,2150400,1249
paper-tau0.2,paper,PS2-GMM4-equal,gauss,far,2,2.5666266245329714,1.2025487670646655,1.3484843207240451,0.5,1.0,nan,300,1,0,0.10348910000175238,19200,2457600,0.0,0,128
paper-tau0.5,paper,PS2-GMM4-equal,gauss,far,2,0.010941664556298747,0.06447318048426945,0.086681230058917,1.0,0.03125,nan,140,0,0,0.08866179999313317,19200,2457600,0.0,0,128
paper-tau1,paper,PS2-GMM4-equal,gauss,far,2,0.015530956394084972,0.07811646730375453,0.09918798890089232,1.0,0.09375,nan,100,0,0,0.09492169998702593,19200,2457600,0.0,0,128
paper-tau2,paper,PS2-GMM4-equal,gauss,far,2,0.021519638984098477,0.09612030918436561,0.12029208024026693,1.0,0.03125,nan,100,0,0,0.09043790001305752,19200,2457600,0.0,0,128
coordinate-pqt,coordinate-negative-control,PS2-GMM4-equal,gauss,far,2,0.03252280399708907,0.10594088724086102,0.13912091601977863,1.0,0.0625,0.0,20,0,0,0.04216810001526028,19200,0,460800.0,115200,325
psqt-L8-K64-R3-e0.5,psqt,PS2-GMM4-equal,gauss,far,2,0.0036200453000482247,0.03873624352844416,0.054085365960441695,1.0,0.03125,0.017178816281275804,20,0,0,0.1483480999886524,19200,0,3686400.0,1075200,721
psqt-L16-K64-R3-e0.5,psqt,PS2-GMM4-equal,gauss,far,2,0.003288006533391008,0.03723808953518276,0.0515944309582744,1.0,0.0,0.01607995568870273,20,0,0,0.27109970001038164,19200,0,7372800.0,2150400,1249
psqt-L32-K64-R3-e0.5,psqt,PS2-GMM4-equal,gauss,far,2,0.0031551037629489187,0.036759689433942574,0.05134565635199204,1.0,0.03125,0.015601373775305781,20,0,0,0.5136636999959592,19200,0,14745600.0,4300800,2305
psqt-L16-K64-R6-e0.5,psqt,PS2-GMM4-equal,gauss,far,2,0.0032866417130306136,0.03725929478040634,0.051345998612301685,1.0,0.0,0.016765542193323105,20,0,0,0.3452664000215009,19200,0,12902400.0,3993600,1249
psqt-L16-K64-R3-e1,psqt,PS2-GMM4-equal,gauss,far,2,0.0032967485154234977,0.037063913596433684,0.05159484487146897,1.0,0.0,0.015940528064473002,20,0,0,0.26976270001614466,19200,0,7372800.0,2150400,1249
paper-tau0.2,paper,PS2-GMM4-equal,gauss,far,3,2.469566144755927,1.1754483351855778,1.319861359012604,0.5,1.0,nan,300,1,0,0.10941860001184978,19200,2457600,0.0,0,128
paper-tau0.5,paper,PS2-GMM4-equal,gauss,far,3,0.010165367343335063,0.0607184094033411,0.08004639851872966,1.0,0.09375,nan,160,0,0,0.10396199999377131,19200,2457600,0.0,0,128
paper-tau1,paper,PS2-GMM4-equal,gauss,far,3,0.012986574460344569,0.07049562393943329,0.08809750845908979,1.0,0.0625,nan,120,0,0,0.08846540001104586,19200,2457600,0.0,0,128
paper-tau2,paper,PS2-GMM4-equal,gauss,far,3,0.018031219662135722,0.08621534878817534,0.10767616969363582,1.0,0.03125,nan,100,0,0,0.09029800002463162,19200,2457600,0.0,0,128
coordinate-pqt,coordinate-negative-control,PS2-GMM4-equal,gauss,far,3,0.024855626364389982,0.0932750165713072,0.12024714076010508,1.0,0.03125,0.0,40,0,0,0.04337289999239147,19200,0,460800.0,115200,325
psqt-L8-K64-R3-e0.5,psqt,PS2-GMM4-equal,gauss,far,3,0.003998428077375493,0.040163607456845364,0.056475302867086526,1.0,0.0,0.018067769998039815,20,0,0,0.1445125000027474,19200,0,3686400.0,1075200,721
psqt-L16-K64-R3-e0.5,psqt,PS2-GMM4-equal,gauss,far,3,0.003874756195480278,0.039961330238802904,0.056049792034218594,1.0,0.03125,0.017413852509851797,20,0,0,0.2734244999883231,19200,0,7372800.0,2150400,1249
psqt-L32-K64-R3-e0.5,psqt,PS2-GMM4-equal,gauss,far,3,0.003588772213073188,0.038776751387204905,0.054403036130709286,1.0,0.03125,0.016293280023017942,20,0,0,0.5161533999780659,19200,0,14745600.0,4300800,2305
psqt-L16-K64-R6-e0.5,psqt,PS2-GMM4-equal,gauss,far,3,0.003752087177164576,0.03943801543348385,0.05526340780872913,1.0,0.0,0.016667386803857747,20,0,0,0.3445169999904465,19200,0,12902400.0,3993600,1249
psqt-L16-K64-R3-e1,psqt,PS2-GMM4-equal,gauss,far,3,0.003644533064444344,0.03907637726399993,0.05506578983624549,1.0,0.0,0.016267799381835025,20,0,0,0.2674131999956444,19200,0,7372800.0,2150400,1249
paper-tau0.2,paper,PS2-GMM4-equal,gauss,far,4,2.5016523217523448,1.177228066099571,1.3212588840704578,0.5,1.0,nan,300,1,0,0.10530869997455738,19200,2457600,0.0,0,128
paper-tau0.5,paper,PS2-GMM4-equal,gauss,far,4,0.009579305015391615,0.05913419164072646,0.0754647244534791,1.0,0.09375,nan,140,0,0,0.09078990001580678,19200,2457600,0.0,0,128
paper-tau1,paper,PS2-GMM4-equal,gauss,far,4,0.013681547247922143,0.07363311800409605,0.09094219698815853,1.0,0.09375,nan,120,0,0,0.09395959999528714,19200,2457600,0.0,0,128
paper-tau2,paper,PS2-GMM4-equal,gauss,far,4,0.020320977520802197,0.09434983597193178,0.11688494542423808,1.0,0.09375,nan,120,0,0,0.08826910000061616,19200,2457600,0.0,0,128
coordinate-pqt,coordinate-negative-control,PS2-GMM4-equal,gauss,far,4,0.02927132041473024,0.09837469512761601,0.12655788398965517,1.0,0.21875,0.0,20,0,0,0.04005690000485629,19200,0,460800.0,115200,325
psqt-L8-K64-R3-e0.5,psqt,PS2-GMM4-equal,gauss,far,4,0.00409270999914968,0.039244648914134955,0.058919838226836545,1.0,0.0625,0.014625737862800716,20,0,0,0.1442473999923095,19200,0,3686400.0,1075200,721
psqt-L16-K64-R3-e0.5,psqt,PS2-GMM4-equal,gauss,far,4,0.0038690286701157373,0.03840687797123313,0.058424598141758995,1.0,0.0625,0.017526192969669924,20,0,0,0.27656889997888356,19200,0,7372800.0,2150400,1249
psqt-L32-K64-R3-e0.5,psqt,PS2-GMM4-equal,gauss,far,4,0.003708197936529656,0.03808023735540889,0.05792684490865925,1.0,0.03125,0.015561260240447898,20,0,0,0.5138569000118878,19200,0,14745600.0,4300800,2305
psqt-L16-K64-R6-e0.5,psqt,PS2-GMM4-equal,gauss,far,4,0.00379416892618889,0.038491080067225396,0.0579216095419118,1.0,0.0625,0.01575476654853958,20,0,0,0.3369863999832887,19200,0,12902400.0,3993600,1249
psqt-L16-K64-R3-e1,psqt,PS2-GMM4-equal,gauss,far,4,0.0038064889501526755,0.03824615142171097,0.05766086300690761,1.0,0.09375,0.01609690574869014,20,0,0,0.26479879999533296,19200,0,7372800.0,2150400,1249
paper-tau0.2,paper,PS2-GMM5-unequal,gauss,concentrated,0,0.01700742602521821,0.08936434221947924,0.12935480626322998,0.8,0.11250000000000003,nan,240,0,0,0.11296980001498014,19200,2457600,0.0,0,128
paper-tau0.5,paper,PS2-GMM5-unequal,gauss,concentrated,0,0.009034512194427746,0.062033783523786315,0.08856650302855734,1.0,0.04166666666666667,nan,120,0,0,0.08754219999536872,19200,2457600,0.0,0,128
paper-tau1,paper,PS2-GMM5-unequal,gauss,concentrated,0,0.01453469221995407,0.08182911765601797,0.10752974532760196,1.0,0.04166666666666667,nan,100,0,0,0.08915139999589883,19200,2457600,0.0,0,128
paper-tau2,paper,PS2-GMM5-unequal,gauss,concentrated,0,0.020674883858601945,0.10191245432633894,0.13104105086134601,1.0,0.04166666666666667,nan,100,0,0,0.0888044000021182,19200,2457600,0.0,0,128
coordinate-pqt,coordinate-negative-control,PS2-GMM5-unequal,gauss,concentrated,0,0.015107025863188905,0.07899894704087088,0.10133458689976468,0.8,0.0979166666666667,0.0,20,0,0,0.04070969999884255,19200,0,460800.0,115200,325
psqt-L8-K64-R3-e0.5,psqt,PS2-GMM5-unequal,gauss,concentrated,0,0.004706505257146887,0.045604625526255424,0.06605842824556267,1.0,0.029166666666666632,0.018978293096941896,20,0,0,0.14266079998924397,19200,0,3686400.0,1075200,721
psqt-L16-K64-R3-e0.5,psqt,PS2-GMM5-unequal,gauss,concentrated,0,0.004515049485537492,0.04552091423077326,0.06476366095342759,1.0,0.06041666666666663,0.01886355784172365,20,0,0,0.26582410000264645,19200,0,7372800.0,2150400,1249
psqt-L32-K64-R3-e0.5,psqt,PS2-GMM5-unequal,gauss,concentrated,0,0.0044273078537047095,0.0454126210459131,0.06494278000956127,1.0,0.058333333333333307,0.01962368949870125,20,0,0,0.5016296999820042,19200,0,14745600.0,4300800,2305
psqt-L16-K64-R6-e0.5,psqt,PS2-GMM5-unequal,gauss,concentrated,0,0.004531989115228452,0.04579826251330576,0.06492243986485438,1.0,0.04375,0.018067650228805614,20,0,0,0.33613550002337433,19200,0,12902400.0,3993600,1249
psqt-L16-K64-R3-e1,psqt,PS2-GMM5-unequal,gauss,concentrated,0,0.0045042199564313545,0.04568390178723142,0.0649604680071051,1.0,0.0208333333333333,0.01875021704624338,20,0,0,0.2664286000072025,19200,0,7372800.0,2150400,1249
paper-tau0.2,paper,PS2-GMM5-unequal,gauss,concentrated,1,0.024929648317925324,0.10272659320192468,0.1484496865869735,1.0,0.1833333333333333,nan,240,0,0,0.09812969999620691,19200,2457600,0.0,0,128
paper-tau0.5,paper,PS2-GMM5-unequal,gauss,concentrated,1,0.011640867456022441,0.07046734690627231,0.09581805816057408,1.0,0.058333333333333307,nan,120,0,0,0.09041469998192042,19200,2457600,0.0,0,128
paper-tau1,paper,PS2-GMM5-unequal,gauss,concentrated,1,0.0177714606344046,0.09127615017872062,0.11798021281100243,1.0,0.06041666666666663,nan,120,0,0,0.08919180001248606,19200,2457600,0.0,0,128
paper-tau2,paper,PS2-GMM5-unequal,gauss,concentrated,1,0.02464824190485637,0.1125051536741534,0.14313260569468808,1.0,0.029166666666666632,nan,100,0,0,0.08358710000175051,19200,2457600,0.0,0,128
coordinate-pqt,coordinate-negative-control,PS2-GMM5-unequal,gauss,concentrated,1,0.027917273875786464,0.10465409195022744,0.13257490674630354,1.0,0.16875,0.0,20,0,0,0.04218020002008416,19200,0,460800.0,115200,325
psqt-L8-K64-R3-e0.5,psqt,PS2-GMM5-unequal,gauss,concentrated,1,0.0063222973256362724,0.05119224790853728,0.07511499219962128,1.0,0.05,0.01794308286512474,20,0,0,0.14396390001638792,19200,0,3686400.0,1075200,721
psqt-L16-K64-R3-e0.5,psqt,PS2-GMM5-unequal,gauss,concentrated,1,0.005941354678089761,0.04991588084151411,0.07416692484580803,1.0,0.0208333333333333,0.018461402035278563,20,0,0,0.26123450000886805,19200,0,7372800.0,2150400,1249
psqt-L32-K64-R3-e0.5,psqt,PS2-GMM5-unequal,gauss,concentrated,1,0.0058332758671229,0.0495201052553543,0.07365409970194345,1.0,0.058333333333333334,0.019000780637763077,20,0,0,0.5101038000138942,19200,0,14745600.0,4300800,2305
psqt-L16-K64-R6-e0.5,psqt,PS2-GMM5-unequal,gauss,concentrated,1,0.0058029845175782135,0.049210817843548686,0.07286444018495804,1.0,0.058333333333333334,0.0184696660971716,20,0,0,0.3357685999944806,19200,0,12902400.0,3993600,1249
psqt-L16-K64-R3-e1,psqt,PS2-GMM5-unequal,gauss,concentrated,1,0.005800596632176136,0.049594551769858206,0.07464509899243328,1.0,0.03749999999999999,0.01745539210290848,20,0,0,0.266566900012549,19200,0,7372800.0,2150400,1249
paper-tau0.2,paper,PS2-GMM5-unequal,gauss,concentrated,2,0.021831352495052192,0.09888281102606318,0.14277713504093928,1.0,0.09791666666666664,nan,260,0,0,0.10140680000768043,19200,2457600,0.0,0,128
paper-tau0.5,paper,PS2-GMM5-unequal,gauss,concentrated,2,0.009768915002758005,0.0658293061346548,0.09704316155840503,1.0,0.05625000000000001,nan,120,0,0,0.09048039998742752,19200,2457600,0.0,0,128
paper-tau1,paper,PS2-GMM5-unequal,gauss,concentrated,2,0.014616645803889439,0.08218908368345684,0.11276738955607919,1.0,0.03541666666666664,nan,120,0,0,0.08914120000554249,19200,2457600,0.0,0,128
paper-tau2,paper,PS2-GMM5-unequal,gauss,concentrated,2,0.020503861950336155,0.10143184913167473,0.13721764086815674,1.0,0.1208333333333333,nan,100,0,0,0.08705169998575002,19200,2457600,0.0,0,128
coordinate-pqt,coordinate-negative-control,PS2-GMM5-unequal,gauss,concentrated,2,0.02360763972945823,0.0991888938913861,0.1253708761268746,1.0,0.03541666666666664,0.0,20,0,0,0.04097580001689494,19200,0,460800.0,115200,325
psqt-L8-K64-R3-e0.5,psqt,PS2-GMM5-unequal,gauss,concentrated,2,0.0059246768056335775,0.05338278208044394,0.0808250551591405,1.0,0.049999999999999975,0.018658108998825015,20,0,0,0.1420702000032179,19200,0,3686400.0,1075200,721
psqt-L16-K64-R3-e0.5,psqt,PS2-GMM5-unequal,gauss,concentrated,2,0.005683472305034076,0.052898947302398094,0.07935470474354751,1.0,0.075,0.018301455469468868,20,0,0,0.26857670000754297,19200,0,7372800.0,2150400,1249
psqt-L32-K64-R3-e0.5,psqt,PS2-GMM5-unequal,gauss,concentrated,2,0.005632553478979174,0.05285881955781075,0.0794913864111941,1.0,0.05625000000000001,0.019075034094142265,20,0,0,0.5097089999762829,19200,0,14745600.0,4300800,2305
psqt-L16-K64-R6-e0.5,psqt,PS2-GMM5-unequal,gauss,concentrated,2,0.005608394967336672,0.052742684466358054,0.07905802750344731,1.0,0.04375,0.01841661070559541,20,0,0,0.3334063999936916,19200,0,12902400.0,3993600,1249
psqt-L16-K64-R3-e1,psqt,PS2-GMM5-unequal,gauss,concentrated,2,0.005578103376594701,0.052321354755709856,0.0789186409177124,1.0,0.075,0.018679230125760806,20,0,0,0.2712961999932304,19200,0,7372800.0,2150400,1249
paper-tau0.2,paper,PS2-GMM5-unequal,gauss,concentrated,3,0.014132537898431385,0.08053081766708407,0.12226069809799424,1.0,0.13541666666666669,nan,220,0,0,0.09703130001435056,19200,2457600,0.0,0,128
paper-tau0.5,paper,PS2-GMM5-unequal,gauss,concentrated,3,0.0087313773644766,0.05907219109148123,0.08226967714151716,1.0,0.058333333333333307,nan,120,0,0,0.08706520000123419,19200,2457600,0.0,0,128
paper-tau1,paper,PS2-GMM5-unequal,gauss,concentrated,3,0.014062839734273691,0.07669998244900622,0.10006179706530499,1.0,0.058333333333333307,nan,100,0,0,0.08710060000885278,19200,2457600,0.0,0,128
paper-tau2,paper,PS2-GMM5-unequal,gauss,concentrated,3,0.02009156016309155,0.09505892168210602,0.12121419988530349,1.0,0.058333333333333307,nan,100,0,0,0.08460010000271723,19200,2457600,0.0,0,128
coordinate-pqt,coordinate-negative-control,PS2-GMM5-unequal,gauss,concentrated,3,0.017349884899512613,0.08319622352049688,0.10957489939892028,1.0,0.16041666666666665,0.0,20,0,0,0.05171110000810586,19200,0,460800.0,115200,325
psqt-L8-K64-R3-e0.5,psqt,PS2-GMM5-unequal,gauss,concentrated,3,0.004380417788443003,0.043773590591880615,0.06629568170142312,1.0,0.029166666666666632,0.017951421841226077,20,0,0,0.14664560000528581,19200,0,3686400.0,1075200,721
psqt-L16-K64-R3-e0.5,psqt,PS2-GMM5-unequal,gauss,concentrated,3,0.004058317139069789,0.04317903336842926,0.06545960912689949,1.0,0.05208333333333333,0.018610906291863703,20,0,0,0.2694465999957174,19200,0,7372800.0,2150400,1249
psqt-L32-K64-R3-e0.5,psqt,PS2-GMM5-unequal,gauss,concentrated,3,0.0039163225946199365,0.042724275411070475,0.06383703702797336,1.0,0.029166666666666632,0.018636100526911604,20,0,0,0.5064118000154849,19200,0,14745600.0,4300800,2305
psqt-L16-K64-R6-e0.5,psqt,PS2-GMM5-unequal,gauss,concentrated,3,0.00413411195266189,0.04323216274980987,0.06615777300551325,1.0,0.04375,0.01906508833439996,20,0,0,0.33654369998839684,19200,0,12902400.0,3993600,1249
psqt-L16-K64-R3-e1,psqt,PS2-GMM5-unequal,gauss,concentrated,3,0.004038096249830092,0.042769647395544494,0.06499487941158315,1.0,0.058333333333333307,0.01833951301125454,20,0,0,0.2657134000037331,19200,0,7372800.0,2150400,1249
paper-tau0.2,paper,PS2-GMM5-unequal,gauss,concentrated,4,0.021203769537511352,0.09648480310393048,0.12867970913339555,1.0,0.058333333333333334,nan,260,0,0,0.11172220000298694,19200,2457600,0.0,0,128
paper-tau0.5,paper,PS2-GMM5-unequal,gauss,concentrated,4,0.00968848773422315,0.06284477862007058,0.0842276996200215,1.0,0.058333333333333334,nan,120,0,0,0.0860050999908708,19200,2457600,0.0,0,128
paper-tau1,paper,PS2-GMM5-unequal,gauss,concentrated,4,0.015286580615257783,0.08045561265225654,0.10290285615975278,1.0,0.027083333333333334,nan,120,0,0,0.08946770001784898,19200,2457600,0.0,0,128
paper-tau2,paper,PS2-GMM5-unequal,gauss,concentrated,4,0.022012975070541563,0.10062211252319837,0.12817245831147267,1.0,0.05625000000000001,nan,100,0,0,0.08811250000144355,19200,2457600,0.0,0,128
coordinate-pqt,coordinate-negative-control,PS2-GMM5-unequal,gauss,concentrated,4,0.02669716102979458,0.10168374480671497,0.13284225227455837,1.0,0.23125,0.0,20,0,0,0.040678200020920485,19200,0,460800.0,115200,325
psqt-L8-K64-R3-e0.5,psqt,PS2-GMM5-unequal,gauss,concentrated,4,0.005614264121868828,0.04881072231066894,0.06998082450578338,1.0,0.029166666666666632,0.015543220613035735,20,0,0,0.14483999999356456,19200,0,3686400.0,1075200,721
psqt-L16-K64-R3-e0.5,psqt,PS2-GMM5-unequal,gauss,concentrated,4,0.005196069477093168,0.04721891557164722,0.0685400767999753,1.0,0.049999999999999975,0.01785852255177095,20,0,0,0.2713363000075333,19200,0,7372800.0,2150400,1249
psqt-L32-K64-R3-e0.5,psqt,PS2-GMM5-unequal,gauss,concentrated,4,0.005097698489320512,0.046947902985507585,0.0688878762147567,1.0,0.049999999999999975,0.018688216178496243,20,0,0,0.5108630000031553,19200,0,14745600.0,4300800,2305
psqt-L16-K64-R6-e0.5,psqt,PS2-GMM5-unequal,gauss,concentrated,4,0.005187751984552458,0.0472893674811383,0.06892250460211433,1.0,0.05208333333333333,0.018526923838041904,20,0,0,0.3356435000023339,19200,0,12902400.0,3993600,1249
psqt-L16-K64-R3-e1,psqt,PS2-GMM5-unequal,gauss,concentrated,4,0.005138181788193252,0.047055847477242965,0.06870856108911245,1.0,0.058333333333333307,0.017816074968618187,20,0,0,0.267298299993854,19200,0,7372800.0,2150400,1249
paper-tau0.2,paper,PS2-GMM5-unequal,gauss,far,0,4.045489702580895,1.6636591375659853,1.8705504774846542,0.2,1.7333333333333332,nan,300,1,0,0.10735469998326153,19200,2457600,0.0,0,128
paper-tau0.5,paper,PS2-GMM5-unequal,gauss,far,0,0.013345920056924587,0.07329955872001992,0.10130272991219905,1.0,0.10624999999999997,nan,180,0,0,0.09357799999997951,19200,2457600,0.0,0,128
paper-tau1,paper,PS2-GMM5-unequal,gauss,far,0,0.01489238889808897,0.08014868183966078,0.10217615674426168,1.0,0.08333333333333333,nan,120,0,0,0.08609569998225197,19200,2457600,0.0,0,128
paper-tau2,paper,PS2-GMM5-unequal,gauss,far,0,0.02170604211215421,0.1004971198676908,0.12574427871076807,1.0,0.11458333333333333,nan,100,0,0,0.08579360001021996,19200,2457600,0.0,0,128
coordinate-pqt,coordinate-negative-control,PS2-GMM5-unequal,gauss,far,0,0.02633696563499699,0.09974734403465804,0.1295568933261236,1.0,0.16041666666666665,0.0,40,0,0,0.04284529999131337,19200,0,460800.0,115200,325
psqt-L8-K64-R3-e0.5,psqt,PS2-GMM5-unequal,gauss,far,0,0.005243408172500352,0.04824436435322211,0.06892338413609685,1.0,0.06666666666666667,0.016923793432883565,20,0,0,0.14576680000755005,19200,0,3686400.0,1075200,721
psqt-L16-K64-R3-e0.5,psqt,PS2-GMM5-unequal,gauss,far,0,0.004965659974114356,0.04766618461532517,0.0671323527099913,1.0,0.04375,0.01925975039652749,20,0,0,0.2674661999917589,19200,0,7372800.0,2150400,1249
psqt-L32-K64-R3-e0.5,psqt,PS2-GMM5-unequal,gauss,far,0,0.0048642811227017635,0.04762982301877104,0.06651260033042658,1.0,0.04375,0.01932050174824662,20,0,0,0.5074622000101954,19200,0,14745600.0,4300800,2305
psqt-L16-K64-R6-e0.5,psqt,PS2-GMM5-unequal,gauss,far,0,0.005040735383959216,0.047626699569977976,0.06716760187839566,1.0,0.029166666666666632,0.019013632135173385,20,0,0,0.32906560000265017,19200,0,12902400.0,3993600,1249
psqt-L16-K64-R3-e1,psqt,PS2-GMM5-unequal,gauss,far,0,0.0049367639992490275,0.04787354557672535,0.06631592401554254,1.0,0.035416666666666693,0.018494613039367305,20,0,0,0.2673849999846425,19200,0,7372800.0,2150400,1249
paper-tau0.2,paper,PS2-GMM5-unequal,gauss,far,1,4.08300410758705,1.6763542834781464,1.8859016259898245,0.2,1.7333333333333332,nan,300,1,0,0.10673649999080226,19200,2457600,0.0,0,128
paper-tau0.5,paper,PS2-GMM5-unequal,gauss,far,1,0.010662483410992296,0.06426373453059919,0.08526405605654136,1.0,0.09999999999999999,nan,200,0,0,0.09896140001364984,19200,2457600,0.0,0,128
paper-tau1,paper,PS2-GMM5-unequal,gauss,far,1,0.0117917286990874,0.06841496546603788,0.08860090701736166,1.0,0.058333333333333307,nan,100,0,0,0.08789649998652749,19200,2457600,0.0,0,128
paper-tau2,paper,PS2-GMM5-unequal,gauss,far,1,0.019012563238238966,0.08998487471794289,0.11428779343846425,1.0,0.058333333333333307,nan,80,0,0,0.08765120001044124,19200,2457600,0.0,0,128
coordinate-pqt,coordinate-negative-control,PS2-GMM5-unequal,gauss,far,1,0.018079058081542865,0.08466953653331781,0.11183883840978964,1.0,0.07499999999999997,0.0,20,0,0,0.040710599976591766,19200,0,460800.0,115200,325
psqt-L8-K64-R3-e0.5,psqt,PS2-GMM5-unequal,gauss,far,1,0.004353517647650795,0.044295139654650706,0.06666623698389099,1.0,0.05,0.01685696614824729,20,0,0,0.145315199973993,19200,0,3686400.0,1075200,721
psqt-L16-K64-R3-e0.5,psqt,PS2-GMM5-unequal,gauss,far,1,0.004255447276728219,0.04433151418814566,0.06630853166744488,1.0,0.05208333333333333,0.017429706125230805,20,0,0,0.2781271999992896,19200,0,7372800.0,2150400,1249
psqt-L32-K64-R3-e0.5,psqt,PS2-GMM5-unequal,gauss,far,1,0.004105539659844615,0.04314847342852615,0.06548786478839415,1.0,0.05,0.01791010517901939,20,0,0,0.4994439999863971,19200,0,14745600.0,4300800,2305
psqt-L16-K64-R6-e0.5,psqt,PS2-GMM5-unequal,gauss,far,1,0.004297233949488222,0.04446310090181939,0.06677355564762684,1.0,0.05208333333333333,0.01853605053871767,20,0,0,0.33485129999462515,19200,0,12902400.0,3993600,1249
psqt-L16-K64-R3-e1,psqt,PS2-GMM5-unequal,gauss,far,1,0.004246745111883943,0.04441947440659115,0.06726150310143222,1.0,0.06458333333333337,0.01762618930707942,20,0,0,0.2646844999981113,19200,0,7372800.0,2150400,1249
paper-tau0.2,paper,PS2-GMM5-unequal,gauss,far,2,3.8962307534587852,1.6393962774685185,1.840528863064595,0.2,1.7333333333333332,nan,300,1,0,0.10268059998634271,19200,2457600,0.0,0,128
paper-tau0.5,paper,PS2-GMM5-unequal,gauss,far,2,0.011308988189159486,0.07001049742249658,0.09161242975518813,1.0,0.10624999999999997,nan,180,0,0,0.09464930000831373,19200,2457600,0.0,0,128
paper-tau1,paper,PS2-GMM5-unequal,gauss,far,2,0.013278168906562415,0.07716312077637776,0.10243640763697076,1.0,0.05000000000000003,nan,100,0,0,0.08479799999622628,19200,2457600,0.0,0,128
paper-tau2,paper,PS2-GMM5-unequal,gauss,far,2,0.02053632459263377,0.10008467868676771,0.1342589057022031,1.0,0.05625000000000001,nan,100,0,0,0.084814700006973,19200,2457600,0.0,0,128
coordinate-pqt,coordinate-negative-control,PS2-GMM5-unequal,gauss,far,2,0.03565014785772824,0.11866955996527066,0.14471030094673554,1.0,0.325,0.0,40,0,0,0.04222970001865178,19200,0,460800.0,115200,325
psqt-L8-K64-R3-e0.5,psqt,PS2-GMM5-unequal,gauss,far,2,0.004931298139309259,0.0471782913661671,0.0709153654345752,1.0,0.035416666666666693,0.018297373681157306,20,0,0,0.14545710000675172,19200,0,3686400.0,1075200,721
psqt-L16-K64-R3-e0.5,psqt,PS2-GMM5-unequal,gauss,far,2,0.004612113883577962,0.04629757834197773,0.07052108819906992,1.0,0.03749999999999999,0.0194330890135285,20,0,0,0.26788609998766333,19200,0,7372800.0,2150400,1249
psqt-L32-K64-R3-e0.5,psqt,PS2-GMM5-unequal,gauss,far,2,0.004459099923094456,0.04606014699103004,0.07017941882823506,1.0,0.05833333333333336,0.019010662913100655,20,0,0,0.5061127999797463,19200,0,14745600.0,4300800,2305
psqt-L16-K64-R6-e0.5,psqt,PS2-GMM5-unequal,gauss,far,2,0.0044476632261460924,0.045786534166672437,0.0698298410977744,1.0,0.03749999999999999,0.018643969279943277,20,0,0,0.33715800000936724,19200,0,12902400.0,3993600,1249
psqt-L16-K64-R3-e1,psqt,PS2-GMM5-unequal,gauss,far,2,0.004633122298737025,0.04645206012183311,0.0705897945890576,1.0,0.05833333333333336,0.01891688106477066,20,0,0,0.2608299999847077,19200,0,7372800.0,2150400,1249
paper-tau0.2,paper,PS2-GMM5-unequal,gauss,far,3,3.8848431317060754,1.6370227036601581,1.8416301651275442,0.2,1.7333333333333332,nan,300,1,0,0.11432020002393983,19200,2457600,0.0,0,128
paper-tau0.5,paper,PS2-GMM5-unequal,gauss,far,3,0.011886164201934335,0.07175727856513221,0.09343001665823265,1.0,0.2,nan,200,0,0,0.09706689999438822,19200,2457600,0.0,0,128
paper-tau1,paper,PS2-GMM5-unequal,gauss,far,3,0.015607379714769332,0.08296031215955361,0.10754345182308561,1.0,0.049999999999999975,nan,100,0,0,0.08647090001613833,19200,2457600,0.0,0,128
paper-tau2,paper,PS2-GMM5-unequal,gauss,far,3,0.020516747209511355,0.09966614727789284,0.129002761246449,1.0,0.10625,nan,100,0,0,0.0883705000160262,19200,2457600,0.0,0,128
coordinate-pqt,coordinate-negative-control,PS2-GMM5-unequal,gauss,far,3,0.02347791116699849,0.09954034590193982,0.12499476403931824,0.8,0.23125,0.0,40,0,0,0.04465240001445636,19200,0,460800.0,115200,325
psqt-L8-K64-R3-e0.5,psqt,PS2-GMM5-unequal,gauss,far,3,0.0060972093605276,0.053436632023142444,0.08059230177087723,1.0,0.06874999999999999,0.016508821133853158,20,0,0,0.14466749998973683,19200,0,3686400.0,1075200,721
psqt-L16-K64-R3-e0.5,psqt,PS2-GMM5-unequal,gauss,far,3,0.005868965626374845,0.05266848152449898,0.0779861466643963,1.0,0.0208333333333333,0.01846581324170885,20,0,0,0.26392399999895133,19200,0,7372800.0,2150400,1249
psqt-L32-K64-R3-e0.5,psqt,PS2-GMM5-unequal,gauss,far,3,0.005772290843285344,0.0525821326485211,0.07815202485168465,1.0,0.0208333333333333,0.018307406038438657,20,0,0,0.5131393999909051,19200,0,14745600.0,4300800,2305
psqt-L16-K64-R6-e0.5,psqt,PS2-GMM5-unequal,gauss,far,3,0.00588966532013524,0.05315031933987438,0.07938085008778895,1.0,0.09791666666666667,0.019011580229365343,20,0,0,0.3350219000130892,19200,0,12902400.0,3993600,1249
psqt-L16-K64-R3-e1,psqt,PS2-GMM5-unequal,gauss,far,3,0.006028090662539176,0.05351873120300386,0.08012039370324776,1.0,0.04375,0.019161661792323162,20,0,0,0.2634847000008449,19200,0,7372800.0,2150400,1249
paper-tau0.2,paper,PS2-GMM5-unequal,gauss,far,4,4.020551357302546,1.6575743349643972,1.8638156824493552,0.2,1.7333333333333332,nan,300,1,0,0.1110286999901291,19200,2457600,0.0,0,128
paper-tau0.5,paper,PS2-GMM5-unequal,gauss,far,4,0.01230333504772485,0.07293464090053216,0.09840409049261523,1.0,0.09999999999999999,nan,180,0,0,0.10023250000085682,19200,2457600,0.0,0,128
paper-tau1,paper,PS2-GMM5-unequal,gauss,far,4,0.014042842674340417,0.07690085711286067,0.09907117880767156,1.0,0.1208333333333333,nan,100,0,0,0.08421189998625778,19200,2457600,0.0,0,128
paper-tau2,paper,PS2-GMM5-unequal,gauss,far,4,0.021507436857487905,0.09975782119838854,0.12782158825573653,1.0,0.1520833333333333,nan,100,0,0,0.08626180002465844,19200,2457600,0.0,0,128
coordinate-pqt,coordinate-negative-control,PS2-GMM5-unequal,gauss,far,4,0.02100545475811888,0.09125658231195195,0.11593732831158167,1.0,0.1520833333333333,0.0,40,0,0,0.04217100000823848,19200,0,460800.0,115200,325
psqt-L8-K64-R3-e0.5,psqt,PS2-GMM5-unequal,gauss,far,4,0.004341855073214385,0.043883625111083936,0.06430040175129192,1.0,0.03749999999999999,0.017277978159126833,20,0,0,0.1445186999917496,19200,0,3686400.0,1075200,721
psqt-L16-K64-R3-e0.5,psqt,PS2-GMM5-unequal,gauss,far,4,0.003862559752854766,0.04229314449592741,0.061033160855185155,1.0,0.06041666666666663,0.01983653025780377,20,0,0,0.26498229999560863,19200,0,7372800.0,2150400,1249
psqt-L32-K64-R3-e0.5,psqt,PS2-GMM5-unequal,gauss,far,4,0.0038129595799543115,0.042791374015601895,0.06142397888296825,1.0,0.05208333333333333,0.018549001714983724,20,0,0,0.5102014000003692,19200,0,14745600.0,4300800,2305
psqt-L16-K64-R6-e0.5,psqt,PS2-GMM5-unequal,gauss,far,4,0.0039010848345579774,0.04275612738587696,0.06186545083984382,1.0,0.04166666666666667,0.01779075132957298,20,0,0,0.3420863999926951,19200,0,12902400.0,3993600,1249
psqt-L16-K64-R3-e1,psqt,PS2-GMM5-unequal,gauss,far,4,0.00399497084064393,0.04316516661429067,0.06228447894075714,1.0,0.03749999999999999,0.01779087494643732,20,0,0,0.27271200000541285,19200,0,7372800.0,2150400,1249
paper-tau0.2,paper,PS2-GMM4-hetero,gauss,concentrated,0,0.010003815665219573,0.06906336457414566,0.09359268457004799,1.0,0.125,nan,220,0,0,0.09613940000417642,19200,2457600,0.0,0,128
paper-tau0.5,paper,PS2-GMM4-hetero,gauss,concentrated,0,0.008139424568381681,0.05318374471670198,0.06499911719262189,1.0,0.125,nan,120,0,0,0.08652109999093227,19200,2457600,0.0,0,128
paper-tau1,paper,PS2-GMM4-hetero,gauss,concentrated,0,0.012756023407628492,0.06938865250838805,0.0849264328926802,1.0,0.0625,nan,100,0,0,0.0871884000080172,19200,2457600,0.0,0,128
paper-tau2,paper,PS2-GMM4-hetero,gauss,concentrated,0,0.017724735203304975,0.08656260942939197,0.10874079405128713,1.0,0.0625,nan,100,0,0,0.08991569999489002,19200,2457600,0.0,0,128
coordinate-pqt,coordinate-negative-control,PS2-GMM4-hetero,gauss,concentrated,0,0.023715621683431,0.09173738101473176,0.11939419397940886,1.0,0.09375,0.0,20,0,0,0.03983490000246093,19200,0,460800.0,115200,325
psqt-L8-K64-R3-e0.5,psqt,PS2-GMM4-hetero,gauss,concentrated,0,0.0030037397736877303,0.037352596064749936,0.055545370824736054,1.0,0.09375,0.01806229563096633,20,0,0,0.14010530000086874,19200,0,3686400.0,1075200,721
psqt-L16-K64-R3-e0.5,psqt,PS2-GMM4-hetero,gauss,concentrated,0,0.0026922076052444677,0.03652722408861895,0.05235005664581199,1.0,0.09375,0.01805427344666444,20,0,0,0.2682560999819543,19200,0,7372800.0,2150400,1249
psqt-L32-K64-R3-e0.5,psqt,PS2-GMM4-hetero,gauss,concentrated,0,0.002604015655055969,0.03620924070465732,0.052375425350611744,1.0,0.09375,0.018618403860654685,20,0,0,0.5087500000081491,19200,0,14745600.0,4300800,2305
psqt-L16-K64-R6-e0.5,psqt,PS2-GMM4-hetero,gauss,concentrated,0,0.0026813069500454256,0.03611832711625006,0.051925164854070886,1.0,0.09375,0.017836900135002984,20,0,0,0.3387998999969568,19200,0,12902400.0,3993600,1249
psqt-L16-K64-R3-e1,psqt,PS2-GMM4-hetero,gauss,concentrated,0,0.0027480387610732127,0.0370107493379557,0.05256802876700086,1.0,0.0625,0.01801344631162322,20,0,0,0.27081709998310544,19200,0,7372800.0,2150400,1249
paper-tau0.2,paper,PS2-GMM4-hetero,gauss,concentrated,1,0.011509635709906707,0.071795803932097,0.09452963774680878,1.0,0.125,nan,200,0,0,0.09756070000003092,19200,2457600,0.0,0,128
paper-tau0.5,paper,PS2-GMM4-hetero,gauss,concentrated,1,0.008724302757415314,0.055199149925117166,0.0696933903544854,1.0,0.09375,nan,120,0,0,0.08944009998231195,19200,2457600,0.0,0,128
paper-tau1,paper,PS2-GMM4-hetero,gauss,concentrated,1,0.013384518449093497,0.07043976876370807,0.08760067541092012,1.0,0.09375,nan,100,0,0,0.08645750000141561,19200,2457600,0.0,0,128
paper-tau2,paper,PS2-GMM4-hetero,gauss,concentrated,1,0.018377928899862672,0.08683341223813033,0.10977936321362719,1.0,0.125,nan,100,0,0,0.08584900002460927,19200,2457600,0.0,0,128
coordinate-pqt,coordinate-negative-control,PS2-GMM4-hetero,gauss,concentrated,1,0.02284683517070707,0.0906248158599742,0.11448999095678156,1.0,0.09375,0.0,20,0,0,0.04027710002264939,19200,0,460800.0,115200,325
psqt-L8-K64-R3-e0.5,psqt,PS2-GMM4-hetero,gauss,concentrated,1,0.004070336065909119,0.04379669624093504,0.061943133989159266,1.0,0.09375,0.016253621750623108,20,0,0,0.14658319999580272,19200,0,3686400.0,1075200,721
psqt-L16-K64-R3-e0.5,psqt,PS2-GMM4-hetero,gauss,concentrated,1,0.0038505159987450854,0.04305703645240696,0.06016785979677145,1.0,0.09375,0.017688179437862633,20,0,0,0.2620199000230059,19200,0,7372800.0,2150400,1249
psqt-L32-K64-R3-e0.5,psqt,PS2-GMM4-hetero,gauss,concentrated,1,0.0037734757834246846,0.042492548561759075,0.0588198181288709,1.0,0.0625,0.01878793016422722,20,0,0,0.5040026000060607,19200,0,14745600.0,4300800,2305
psqt-L16-K64-R6-e0.5,psqt,PS2-GMM4-hetero,gauss,concentrated,1,0.0038513239013999723,0.04250407711828556,0.058930146111903614,1.0,0.0625,0.01792919529799082,20,0,0,0.3359248999913689,19200,0,12902400.0,3993600,1249
psqt-L16-K64-R3-e1,psqt,PS2-GMM4-hetero,gauss,concentrated,1,0.0038571566092869825,0.04250643251999251,0.05949995227200119,1.0,0.09375,0.017357377754731503,20,0,0,0.2665753999899607,19200,0,7372800.0,2150400,1249
paper-tau0.2,paper,PS2-GMM4-hetero,gauss,concentrated,2,0.008385385334424678,0.059072659877339194,0.07688552796567691,1.0,0.09375,nan,200,0,0,0.11090900000999682,19200,2457600,0.0,0,128
paper-tau0.5,paper,PS2-GMM4-hetero,gauss,concentrated,2,0.007617566073506055,0.050039542652570775,0.06337598980557536,1.0,0.09375,nan,120,0,0,0.08753250000881962,19200,2457600,0.0,0,128
paper-tau1,paper,PS2-GMM4-hetero,gauss,concentrated,2,0.011941732501710822,0.06643631354487675,0.08448438679663461,1.0,0.09375,nan,100,0,0,0.0871348999789916,19200,2457600,0.0,0,128
paper-tau2,paper,PS2-GMM4-hetero,gauss,concentrated,2,0.01741509715767564,0.08589860130810027,0.1118354898936211,1.0,0.09375,nan,100,0,0,0.08976079997955821,19200,2457600,0.0,0,128
coordinate-pqt,coordinate-negative-control,PS2-GMM4-hetero,gauss,concentrated,2,0.020065736281775437,0.08295570102472595,0.10773260956416546,1.0,0.0625,0.0,20,0,0,0.04721590000553988,19200,0,460800.0,115200,325
psqt-L8-K64-R3-e0.5,psqt,PS2-GMM4-hetero,gauss,concentrated,2,0.0029464283944918845,0.03484311872528453,0.04931209435440176,1.0,0.0625,0.016037272652368536,20,0,0,0.14373549999436364,19200,0,3686400.0,1075200,721
psqt-L16-K64-R3-e0.5,psqt,PS2-GMM4-hetero,gauss,concentrated,2,0.00272204570657264,0.03310881799056179,0.04745649617637203,1.0,0.0625,0.017884861928483854,20,0,0,0.2629151000001002,19200,0,7372800.0,2150400,1249
psqt-L32-K64-R3-e0.5,psqt,PS2-GMM4-hetero,gauss,concentrated,2,0.002629346048047987,0.03212115490652614,0.04670226154876728,1.0,0.0625,0.01832924538538392,20,0,0,0.5179561999975704,19200,0,14745600.0,4300800,2305
psqt-L16-K64-R6-e0.5,psqt,PS2-GMM4-hetero,gauss,concentrated,2,0.002706434659114798,0.0327091866978955,0.04754962956839236,1.0,0.0625,0.017258665579906986,20,0,0,0.3395271000044886,19200,0,12902400.0,3993600,1249
psqt-L16-K64-R3-e1,psqt,PS2-GMM4-hetero,gauss,concentrated,2,0.002706834947309167,0.03274460110155797,0.04737201898777183,1.0,0.0625,0.016997976851849207,20,0,0,0.2736189999850467,19200,0,7372800.0,2150400,1249
paper-tau0.2,paper,PS2-GMM4-hetero,gauss,concentrated,3,0.012345983843227604,0.07373482493339135,0.09781699149890163,1.0,0.125,nan,200,0,0,0.09593080001650378,19200,2457600,0.0,0,128
paper-tau0.5,paper,PS2-GMM4-hetero,gauss,concentrated,3,0.009374823323443415,0.05793587098817176,0.07171489561152355,1.0,0.09375,nan,120,0,0,0.09160529999644496,19200,2457600,0.0,0,128
paper-tau1,paper,PS2-GMM4-hetero,gauss,concentrated,3,0.014130771654220498,0.0738858480641581,0.09004817069215909,1.0,0.125,nan,100,0,0,0.08606659999350086,19200,2457600,0.0,0,128
paper-tau2,paper,PS2-GMM4-hetero,gauss,concentrated,3,0.019643057346945714,0.09130748007272904,0.11275375337971957,1.0,0.125,nan,100,0,0,0.08906960001331754,19200,2457600,0.0,0,128
coordinate-pqt,coordinate-negative-control,PS2-GMM4-hetero,gauss,concentrated,3,0.025907638056942517,0.09345820012675035,0.12439922132043127,1.0,0.125,0.0,20,0,0,0.04036680000717752,19200,0,460800.0,115200,325
psqt-L8-K64-R3-e0.5,psqt,PS2-GMM4-hetero,gauss,concentrated,3,0.003589246070137442,0.038851345301146575,0.05482393886940962,1.0,0.0625,0.014990151268148975,20,0,0,0.1485474999935832,19200,0,3686400.0,1075200,721
psqt-L16-K64-R3-e0.5,psqt,PS2-GMM4-hetero,gauss,concentrated,3,0.0031753627700885634,0.037245522129279535,0.053058843591351705,1.0,0.09375,0.01726881287788787,20,0,0,0.26218300001346506,19200,0,7372800.0,2150400,1249
psqt-L32-K64-R3-e0.5,psqt,PS2-GMM4-hetero,gauss,concentrated,3,0.0031753810768690993,0.0374096146073336,0.05277788349205927,1.0,0.09375,0.018412958273460043,20,0,0,0.5035564000136219,19200,0,14745600.0,4300800,2305
psqt-L16-K64-R6-e0.5,psqt,PS2-GMM4-hetero,gauss,concentrated,3,0.0033019404138974195,0.03752420622345204,0.05382025040197498,1.0,0.125,0.01673545247365327,20,0,0,0.33334219999960624,19200,0,12902400.0,3993600,1249
psqt-L16-K64-R3-e1,psqt,PS2-GMM4-hetero,gauss,concentrated,3,0.003246443570133817,0.03761059077357908,0.0536395919864219,1.0,0.0625,0.017838445230309717,20,0,0,0.2629721999983303,19200,0,7372800.0,2150400,1249
paper-tau0.2,paper,PS2-GMM4-hetero,gauss,concentrated,4,0.011861268065108233,0.07393896096857366,0.09722555405389188,1.0,0.09375,nan,200,0,0,0.10061960000894032,19200,2457600,0.0,0,128
paper-tau0.5,paper,PS2-GMM4-hetero,gauss,concentrated,4,0.006413402133625068,0.04644406476804263,0.057880399414995204,1.0,0.09375,nan,120,0,0,0.08897840001736768,19200,2457600,0.0,0,128
paper-tau1,paper,PS2-GMM4-hetero,gauss,concentrated,4,0.01067042794444606,0.06378198877744642,0.07787911221338767,1.0,0.0625,nan,100,0,0,0.0876243999809958,19200,2457600,0.0,0,128
paper-tau2,paper,PS2-GMM4-hetero,gauss,concentrated,4,0.015784152087836345,0.08237420196394081,0.10330354688558319,1.0,0.03125,nan,100,0,0,0.08766529997228645,19200,2457600,0.0,0,128
coordinate-pqt,coordinate-negative-control,PS2-GMM4-hetero,gauss,concentrated,4,0.0249365893490201,0.09596308769979264,0.11776600707523775,1.0,0.0625,0.0,20,0,0,0.04195949999848381,19200,0,460800.0,115200,325
psqt-L8-K64-R3-e0.5,psqt,PS2-GMM4-hetero,gauss,concentrated,4,0.0032503193956311405,0.03914201984816557,0.0539598030557424,1.0,0.0625,0.01766891760633963,20,0,0,0.14417039998807013,19200,0,3686400.0,1075200,721
psqt-L16-K64-R3-e0.5,psqt,PS2-GMM4-hetero,gauss,concentrated,4,0.0028752907754451273,0.03748287562924027,0.052118760184073104,1.0,0.0625,0.017386001921753345,20,0,0,0.26619100000243634,19200,0,7372800.0,2150400,1249
psqt-L32-K64-R3-e0.5,psqt,PS2-GMM4-hetero,gauss,concentrated,4,0.0027580320709625905,0.03723762212319223,0.05185235731890859,1.0,0.0625,0.019148908673982747,20,0,0,0.5028625999984797,19200,0,14745600.0,4300800,2305
psqt-L16-K64-R6-e0.5,psqt,PS2-GMM4-hetero,gauss,concentrated,4,0.002891274901753338,0.037813201743466966,0.052406510926742464,1.0,0.0625,0.01740388284973355,20,0,0,0.3313668000046164,19200,0,12902400.0,3993600,1249
psqt-L16-K64-R3-e1,psqt,PS2-GMM4-hetero,gauss,concentrated,4,0.002940003535949476,0.037737975204623325,0.05269799654990499,1.0,0.09375,0.01821336379804056,20,0,0,0.26763769998797216,19200,0,7372800.0,2150400,1249
paper-tau0.2,paper,PS2-GMM4-hetero,gauss,far,0,3.768109074841191,1.560483871449375,1.755342232948365,0.5,1.0,nan,300,1,0,0.10228819999611005,19200,2457600,0.0,0,128
paper-tau0.5,paper,PS2-GMM4-hetero,gauss,far,0,0.009226460572323236,0.0589483299062644,0.08210549180587026,1.0,0.09375,nan,160,0,0,0.09208859998034313,19200,2457600,0.0,0,128
paper-tau1,paper,PS2-GMM4-hetero,gauss,far,0,0.010964590401456697,0.06427452370548817,0.08413809004158612,1.0,0.0625,nan,100,0,0,0.08587640000041574,19200,2457600,0.0,0,128
paper-tau2,paper,PS2-GMM4-hetero,gauss,far,0,0.01526346410432955,0.08080958312640524,0.10505447631774768,1.0,0.0625,nan,80,0,0,0.08160080001107417,19200,2457600,0.0,0,128
coordinate-pqt,coordinate-negative-control,PS2-GMM4-hetero,gauss,far,0,0.014683286899604187,0.07701789798496117,0.10070160808572087,1.0,0.0625,0.0,20,0,0,0.04395930000464432,19200,0,460800.0,115200,325
psqt-L8-K64-R3-e0.5,psqt,PS2-GMM4-hetero,gauss,far,0,0.004120059858018332,0.04250093483073078,0.060603839151063335,1.0,0.0625,0.01558315548275058,20,0,0,0.1432296000130009,19200,0,3686400.0,1075200,721
psqt-L16-K64-R3-e0.5,psqt,PS2-GMM4-hetero,gauss,far,0,0.003903515544469216,0.04199535017304798,0.059546065495513216,1.0,0.03125,0.017616971045826497,20,0,0,0.2656186000094749,19200,0,7372800.0,2150400,1249
psqt-L32-K64-R3-e0.5,psqt,PS2-GMM4-hetero,gauss,far,0,0.003766005427439212,0.041546911104309026,0.05898207551961666,1.0,0.0625,0.01852028151467093,20,0,0,0.5346036999835633,19200,0,14745600.0,4300800,2305
psqt-L16-K64-R6-e0.5,psqt,PS2-GMM4-hetero,gauss,far,0,0.003907744409719416,0.042192533276741995,0.05926636376954199,1.0,0.09375,0.017731918620828267,20,0,0,0.3361315999936778,19200,0,12902400.0,3993600,1249
psqt-L16-K64-R3-e1,psqt,PS2-GMM4-hetero,gauss,far,0,0.003749818522407522,0.04131118565967816,0.05827848477393491,1.0,0.0625,0.018172956646415314,20,0,0,0.26424150000093505,19200,0,7372800.0,2150400,1249
paper-tau0.2,paper,PS2-GMM4-hetero,gauss,far,1,3.656192202791556,1.5360747607919403,1.7216085947682942,0.5,1.0,nan,300,1,0,0.12000210001133382,19200,2457600,0.0,0,128
paper-tau0.5,paper,PS2-GMM4-hetero,gauss,far,1,0.01220145307133258,0.06853975480701754,0.08521761042258429,1.0,0.125,nan,180,0,0,0.094478099985281,19200,2457600,0.0,0,128
paper-tau1,paper,PS2-GMM4-hetero,gauss,far,1,0.016569726726496814,0.07976949420673517,0.09664463957203057,1.0,0.09375,nan,80,0,0,0.08569979999447241,19200,2457600,0.0,0,128
paper-tau2,paper,PS2-GMM4-hetero,gauss,far,1,0.023144612646003537,0.0990934594048092,0.12125991024547524,1.0,0.0625,nan,80,0,0,0.08830289999605156,19200,2457600,0.0,0,128
coordinate-pqt,coordinate-negative-control,PS2-GMM4-hetero,gauss,far,1,0.030362546811626978,0.09922408001015152,0.13046131734597388,1.0,0.15625,0.0,40,0,0,0.0414331000065431,19200,0,460800.0,115200,325
psqt-L8-K64-R3-e0.5,psqt,PS2-GMM4-hetero,gauss,far,1,0.004402720723208908,0.04324681521102211,0.058598236934128425,1.0,0.125,0.016743663093548182,20,0,0,0.1434208000137005,19200,0,3686400.0,1075200,721
psqt-L16-K64-R3-e0.5,psqt,PS2-GMM4-hetero,gauss,far,1,0.0038479181364579063,0.04072061289770315,0.05582761587546463,1.0,0.09375,0.017852145375891422,20,0,0,0.2636732999817468,19200,0,7372800.0,2150400,1249
psqt-L32-K64-R3-e0.5,psqt,PS2-GMM4-hetero,gauss,far,1,0.003804311701506302,0.04034522876960548,0.05612712751879908,1.0,0.0625,0.01911615099325493,20,0,0,0.5238887000014074,19200,0,14745600.0,4300800,2305
psqt-L16-K64-R6-e0.5,psqt,PS2-GMM4-hetero,gauss,far,1,0.0038990673760763706,0.04050770337065777,0.05591243492530905,1.0,0.03125,0.017941684708059402,20,0,0,0.3365351000102237,19200,0,12902400.0,3993600,1249
psqt-L16-K64-R3-e1,psqt,PS2-GMM4-hetero,gauss,far,1,0.003951170197216691,0.041184419343414685,0.056385092206759614,1.0,0.0625,0.018792846468942484,20,0,0,0.26685359998373315,19200,0,7372800.0,2150400,1249
paper-tau0.2,paper,PS2-GMM4-hetero,gauss,far,2,3.7383448647892874,1.552843548514101,1.7455091605965696,0.5,1.0,nan,300,1,0,0.10614949997398071,19200,2457600,0.0,0,128
paper-tau0.5,paper,PS2-GMM4-hetero,gauss,far,2,0.010281395757144707,0.06328947005974969,0.08490895666603221,1.0,0.09375,nan,140,0,0,0.091372599999886,19200,2457600,0.0,0,128
paper-tau1,paper,PS2-GMM4-hetero,gauss,far,2,0.012906734552120214,0.06831047177967207,0.08356330206763572,1.0,0.09375,nan,80,0,0,0.08144549999269657,19200,2457600,0.0,0,128
paper-tau2,paper,PS2-GMM4-hetero,gauss,far,2,0.01851945518615772,0.08450796010750344,0.1042958908783644,1.0,0.03125,nan,80,0,0,0.08107159999781288,19200,2457600,0.0,0,128
coordinate-pqt,coordinate-negative-control,PS2-GMM4-hetero,gauss,far,2,0.02346788537286748,0.09437275975832453,0.12099215428732116,1.0,0.0625,0.0,20,0,0,0.041862200014293194,19200,0,460800.0,115200,325
psqt-L8-K64-R3-e0.5,psqt,PS2-GMM4-hetero,gauss,far,2,0.003045022820785115,0.03593699877063343,0.05195038969864102,1.0,0.03125,0.01700935379732364,20,0,0,0.1416320000134874,19200,0,3686400.0,1075200,721
psqt-L16-K64-R3-e0.5,psqt,PS2-GMM4-hetero,gauss,far,2,0.002712435492916887,0.03406660812860893,0.051051522531075574,1.0,0.0625,0.018037088935740696,20,0,0,0.2678732999775093,19200,0,7372800.0,2150400,1249
psqt-L32-K64-R3-e0.5,psqt,PS2-GMM4-hetero,gauss,far,2,0.002567439688277995,0.03391469995696323,0.05050282618247833,1.0,0.0625,0.01878125421090258,20,0,0,0.505335699999705,19200,0,14745600.0,4300800,2305
psqt-L16-K64-R6-e0.5,psqt,PS2-GMM4-hetero,gauss,far,2,0.002723775355293223,0.03445762696307813,0.051831041570028345,1.0,0.0625,0.017708342414756866,20,0,0,0.3395831999951042,19200,0,12902400.0,3993600,1249
psqt-L16-K64-R3-e1,psqt,PS2-GMM4-hetero,gauss,far,2,0.002719496009992106,0.034261373159305115,0.051156915260119756,1.0,0.0625,0.017942461380445564,20,0,0,0.26394360000267625,19200,0,7372800.0,2150400,1249
paper-tau0.2,paper,PS2-GMM4-hetero,gauss,far,3,3.736931238202242,1.5651908915958068,1.7563201259422145,0.5,1.0,nan,300,1,0,0.10470650001661852,19200,2457600,0.0,0,128
paper-tau0.5,paper,PS2-GMM4-hetero,gauss,far,3,0.01115490572879263,0.06666087555363494,0.08805049721950929,1.0,0.125,nan,160,0,0,0.09605169997666962,19200,2457600,0.0,0,128
paper-tau1,paper,PS2-GMM4-hetero,gauss,far,3,0.012177303402854167,0.06809661440716866,0.08459579719971062,1.0,0.125,nan,80,0,0,0.08703940000850707,19200,2457600,0.0,0,128
paper-tau2,paper,PS2-GMM4-hetero,gauss,far,3,0.017247416857571474,0.08392904294486313,0.10458233690314209,1.0,0.125,nan,80,0,0,0.08260689998860471,19200,2457600,0.0,0,128
coordinate-pqt,coordinate-negative-control,PS2-GMM4-hetero,gauss,far,3,0.02169813085008132,0.09165609556741705,0.11741835319692911,1.0,0.125,0.0,20,0,0,0.0398196000023745,19200,0,460800.0,115200,325
psqt-L8-K64-R3-e0.5,psqt,PS2-GMM4-hetero,gauss,far,3,0.004823139790127606,0.047157864095877806,0.062318169554073745,1.0,0.0625,0.018146141652592825,20,0,0,0.1413100000063423,19200,0,3686400.0,1075200,721
psqt-L16-K64-R3-e0.5,psqt,PS2-GMM4-hetero,gauss,far,3,0.004708497615821816,0.046580199840143895,0.06263876648588208,1.0,0.0625,0.01856369124847787,20,0,0,0.2657374999835156,19200,0,7372800.0,2150400,1249
psqt-L32-K64-R3-e0.5,psqt,PS2-GMM4-hetero,gauss,far,3,0.004617174731314955,0.04610918458852418,0.062376184011341804,1.0,0.0625,0.018622142707381623,20,0,0,0.5026815000164788,19200,0,14745600.0,4300800,2305
psqt-L16-K64-R6-e0.5,psqt,PS2-GMM4-hetero,gauss,far,3,0.004617711528248192,0.04605982353262591,0.06249770740679299,1.0,0.03125,0.017866166576360844,20,0,0,0.33198780001839623,19200,0,12902400.0,3993600,1249
psqt-L16-K64-R3-e1,psqt,PS2-GMM4-hetero,gauss,far,3,0.004629933707245848,0.046483293954177,0.06271546031427429,1.0,0.0625,0.01824911285034817,20,0,0,0.26440220000222325,19200,0,7372800.0,2150400,1249
paper-tau0.2,paper,PS2-GMM4-hetero,gauss,far,4,3.7261997639370303,1.5604417646581794,1.7555995676791032,0.5,1.0,nan,300,1,0,0.11573790002148598,19200,2457600,0.0,0,128
paper-tau0.5,paper,PS2-GMM4-hetero,gauss,far,4,0.009414103683825448,0.06070246835750558,0.07529549473032095,1.0,0.125,nan,160,0,0,0.09565360000124201,19200,2457600,0.0,0,128
paper-tau1,paper,PS2-GMM4-hetero,gauss,far,4,0.01190265173537075,0.0671836029560169,0.07944847552882797,1.0,0.0625,nan,100,0,0,0.08776349999243394,19200,2457600,0.0,0,128
paper-tau2,paper,PS2-GMM4-hetero,gauss,far,4,0.016709227213430933,0.08375696508880981,0.10001629913814059,1.0,0.0625,nan,80,0,0,0.08776299998862669,19200,2457600,0.0,0,128
coordinate-pqt,coordinate-negative-control,PS2-GMM4-hetero,gauss,far,4,0.023281842379992423,0.09072329440975317,0.11677989621633077,1.0,0.125,0.0,20,0,0,0.04168970001046546,19200,0,460800.0,115200,325
psqt-L8-K64-R3-e0.5,psqt,PS2-GMM4-hetero,gauss,far,4,0.003264830603704305,0.03964504535760266,0.054380776200667724,1.0,0.0625,0.018214086481191383,20,0,0,0.14038430000073276,19200,0,3686400.0,1075200,721
psqt-L16-K64-R3-e0.5,psqt,PS2-GMM4-hetero,gauss,far,4,0.002910266695142494,0.038600635725561605,0.05227712951620831,1.0,0.0625,0.018401164361198003,20,0,0,0.26723800000036135,19200,0,7372800.0,2150400,1249
psqt-L32-K64-R3-e0.5,psqt,PS2-GMM4-hetero,gauss,far,4,0.0028987169591169204,0.0385848629007579,0.052029363765707964,1.0,0.0625,0.01917208083686254,20,0,0,0.5071705000009388,19200,0,14745600.0,4300800,2305
psqt-L16-K64-R6-e0.5,psqt,PS2-GMM4-hetero,gauss,far,4,0.0029008113320029283,0.03854794469740188,0.05241356352109022,1.0,0.03125,0.017813913659466586,20,0,0,0.32976229998166673,19200,0,12902400.0,3993600,1249
psqt-L16-K64-R3-e1,psqt,PS2-GMM4-hetero,gauss,far,4,0.002931949006737322,0.03873145853949712,0.05237418253274898,1.0,0.0625,0.017703842342188043,20,0,0,0.2635659000079613,19200,0,7372800.0,2150400,1249
paper-tau0.2,paper,PS2-diagonal-dependence,dependence,concentrated,0,0.4942118410048486,0.5329189510521256,0.6741809317899029,1.0,0.09375,nan,300,1,0,0.11296619998756796,19200,2457600,0.0,0,128
paper-tau0.5,paper,PS2-diagonal-dependence,dependence,concentrated,0,0.006895730545259493,0.05601279789195357,0.13054023258976163,1.0,0.0,nan,100,0,0,0.0849111000134144,19200,2457600,0.0,0,128
paper-tau1,paper,PS2-diagonal-dependence,dependence,concentrated,0,0.010219184355859001,0.06401276165566053,0.13636059050706734,1.0,0.0,nan,80,0,0,0.08247100000153296,19200,2457600,0.0,0,128
paper-tau2,paper,PS2-diagonal-dependence,dependence,concentrated,0,0.02428207480826039,0.09116788605644907,0.1617689837916217,1.0,0.0,nan,100,0,0,0.08641169997281395,19200,2457600,0.0,0,128
coordinate-pqt,coordinate-negative-control,PS2-diagonal-dependence,dependence,concentrated,0,0.26836480919852823,0.4022908111772494,0.5524012865454413,1.0,0.0,0.0,300,1,0,0.07276640000054613,19200,0,460800.0,115200,325
psqt-L8-K64-R3-e0.5,psqt,PS2-diagonal-dependence,dependence,concentrated,0,0.01453813413074001,0.08481719091330756,0.20380430700515437,1.0,0.0,0.019735987432205535,20,0,0,0.14146539999637753,19200,0,3686400.0,1075200,721
psqt-L16-K64-R3-e0.5,psqt,PS2-diagonal-dependence,dependence,concentrated,0,0.014513178106925206,0.0846982390883732,0.20327080067955278,1.0,0.0,0.01997248868284851,20,0,0,0.267521100002341,19200,0,7372800.0,2150400,1249
psqt-L32-K64-R3-e0.5,psqt,PS2-diagonal-dependence,dependence,concentrated,0,0.01455113831271948,0.08564378987471902,0.20330564041343888,1.0,0.0,0.012501743998778582,20,0,0,0.5023719999880996,19200,0,14745600.0,4300800,2305
psqt-L16-K64-R6-e0.5,psqt,PS2-diagonal-dependence,dependence,concentrated,0,0.014500003267442274,0.08520332204792601,0.20576983796580717,1.0,0.03125,0.019569228883044316,20,0,0,0.33491309999953955,19200,0,12902400.0,3993600,1249
psqt-L16-K64-R3-e1,psqt,PS2-diagonal-dependence,dependence,concentrated,0,0.014583764166040236,0.08496196853952982,0.20278702943282273,1.0,0.0,0.02057761547973379,20,0,0,0.26725469998200424,19200,0,7372800.0,2150400,1249
paper-tau0.2,paper,PS2-diagonal-dependence,dependence,concentrated,1,0.5487485106039154,0.5629402855558123,0.7032236981468727,1.0,0.03125,nan,300,1,0,0.10479479999048635,19200,2457600,0.0,0,128
paper-tau0.5,paper,PS2-diagonal-dependence,dependence,concentrated,1,0.007460763249582669,0.05903522665969844,0.13816633770683268,1.0,0.03125,nan,120,0,0,0.08685600000899285,19200,2457600,0.0,0,128
paper-tau1,paper,PS2-diagonal-dependence,dependence,concentrated,1,0.009900397702011121,0.06541484642132746,0.1496676067085885,1.0,0.0,nan,80,0,0,0.08394599999883212,19200,2457600,0.0,0,128
paper-tau2,paper,PS2-diagonal-dependence,dependence,concentrated,1,0.021818709864779073,0.09276499847084678,0.17947232155387188,1.0,0.0,nan,120,0,0,0.08707720000529662,19200,2457600,0.0,0,128
coordinate-pqt,coordinate-negative-control,PS2-diagonal-dependence,dependence,concentrated,1,0.26182560607364125,0.3952283004448786,0.5454324885011543,1.0,0.03125,0.0,300,1,0,0.06642260000808164,19200,0,460800.0,115200,325
psqt-L8-K64-R3-e0.5,psqt,PS2-diagonal-dependence,dependence,concentrated,1,0.016894326839801632,0.09115482197954092,0.21414636989270935,1.0,0.0,0.0187812021317325,20,0,0,0.14561559999128804,19200,0,3686400.0,1075200,721
psqt-L16-K64-R3-e0.5,psqt,PS2-diagonal-dependence,dependence,concentrated,1,0.016962055964734546,0.09148513085744325,0.21542711785290208,1.0,0.0,0.01924478170147386,20,0,0,0.2689927000028547,19200,0,7372800.0,2150400,1249
psqt-L32-K64-R3-e0.5,psqt,PS2-diagonal-dependence,dependence,concentrated,1,0.017000176974821812,0.09181746058658667,0.21360274751413413,1.0,0.0,0.01737233522289098,20,0,0,0.5070673000009265,19200,0,14745600.0,4300800,2305
psqt-L16-K64-R6-e0.5,psqt,PS2-diagonal-dependence,dependence,concentrated,1,0.016968447678749277,0.09170840622732754,0.2157005269496005,1.0,0.0,0.017939324331724845,20,0,0,0.33441100001800805,19200,0,12902400.0,3993600,1249
psqt-L16-K64-R3-e1,psqt,PS2-diagonal-dependence,dependence,concentrated,1,0.016908823438750442,0.0912670852843801,0.21322290437880678,1.0,0.0,0.019673794589764027,20,0,0,0.26532940001925454,19200,0,7372800.0,2150400,1249
paper-tau0.2,paper,PS2-diagonal-dependence,dependence,concentrated,2,0.5232479026097565,0.549213486042095,0.6851277422637347,1.0,0.125,nan,300,1,0,0.10740869998699054,19200,2457600,0.0,0,128
paper-tau0.5,paper,PS2-diagonal-dependence,dependence,concentrated,2,0.01574035790062056,0.09344797844114433,0.30495250731507956,1.0,0.09375,nan,100,0,0,0.08667129999957979,19200,2457600,0.0,0,128
paper-tau1,paper,PS2-diagonal-dependence,dependence,concentrated,2,0.009815037764911327,0.06378206482636042,0.14098737404405132,1.0,0.0,nan,80,0,0,0.08234950000769459,19200,2457600,0.0,0,128
paper-tau2,paper,PS2-diagonal-dependence,dependence,concentrated,2,0.0207560660442907,0.09102678682582921,0.168423990583615,1.0,0.03125,nan,80,0,0,0.08223149998229928,19200,2457600,0.0,0,128
coordinate-pqt,coordinate-negative-control,PS2-diagonal-dependence,dependence,concentrated,2,0.3200728525022063,0.4385883153575897,0.5827894067864263,1.0,0.15625,0.0,300,1,0,0.06575860001612455,19200,0,460800.0,115200,325
psqt-L8-K64-R3-e0.5,psqt,PS2-diagonal-dependence,dependence,concentrated,2,0.01378327695815651,0.08389453154224218,0.19507565050466208,1.0,0.0,0.02001026578355963,20,0,0,0.1453048999828752,19200,0,3686400.0,1075200,721
psqt-L16-K64-R3-e0.5,psqt,PS2-diagonal-dependence,dependence,concentrated,2,0.013799616121938252,0.08358719202629283,0.1919870441052269,1.0,0.0,0.021186800201522627,20,0,0,0.2679673999955412,19200,0,7372800.0,2150400,1249
psqt-L32-K64-R3-e0.5,psqt,PS2-diagonal-dependence,dependence,concentrated,2,0.013760141129997017,0.08417142307275566,0.1916981535463425,1.0,0.0,0.014952023055382846,20,0,0,0.5171808000013698,19200,0,14745600.0,4300800,2305
psqt-L16-K64-R6-e0.5,psqt,PS2-diagonal-dependence,dependence,concentrated,2,0.013760918099918529,0.08441732916289457,0.19180046865014333,1.0,0.0,0.012754779760606431,20,0,0,0.33130659998278134,19200,0,12902400.0,3993600,1249
psqt-L16-K64-R3-e1,psqt,PS2-diagonal-dependence,dependence,concentrated,2,0.01374618263334848,0.08404129188811156,0.1918469508846964,1.0,0.0,0.018789033478302467,20,0,0,0.26551409999956377,19200,0,7372800.0,2150400,1249
paper-tau0.2,paper,PS2-diagonal-dependence,dependence,concentrated,3,0.6191932974854413,0.6007210154483351,0.7275113799560947,1.0,0.21875,nan,300,1,0,0.10219659999711439,19200,2457600,0.0,0,128
paper-tau0.5,paper,PS2-diagonal-dependence,dependence,concentrated,3,0.00793087963726613,0.0617427963860273,0.17111772919444931,1.0,0.09375,nan,120,0,0,0.08694179999292828,19200,2457600,0.0,0,128
paper-tau1,paper,PS2-diagonal-dependence,dependence,concentrated,3,0.010297750353416735,0.07096982267537402,0.18021147000759977,1.0,0.0,nan,80,0,0,0.0851373000186868,19200,2457600,0.0,0,128
paper-tau2,paper,PS2-diagonal-dependence,dependence,concentrated,3,0.021006937991763674,0.09865616952114001,0.20702651502237956,1.0,0.0,nan,100,0,0,0.08940930000972003,19200,2457600,0.0,0,128
coordinate-pqt,coordinate-negative-control,PS2-diagonal-dependence,dependence,concentrated,3,0.2194596974280414,0.3649332273531976,0.5209546038881944,1.0,0.0625,0.0,300,1,0,0.07732949999626726,19200,0,460800.0,115200,325
psqt-L8-K64-R3-e0.5,psqt,PS2-diagonal-dependence,dependence,concentrated,3,0.015679838663781087,0.0881463902364803,0.21827465137212637,1.0,0.0,0.01950775751796686,20,0,0,0.14774720001150854,19200,0,3686400.0,1075200,721
psqt-L16-K64-R3-e0.5,psqt,PS2-diagonal-dependence,dependence,concentrated,3,0.015676071578523576,0.08805924413939886,0.2187852351161772,1.0,0.03125,0.021494570107097866,20,0,0,0.26969099999405444,19200,0,7372800.0,2150400,1249
psqt-L32-K64-R3-e0.5,psqt,PS2-diagonal-dependence,dependence,concentrated,3,0.01573473172022255,0.08867629929031713,0.21784978994810952,1.0,0.0,0.012467378311872675,20,0,0,0.5148837000015192,19200,0,14745600.0,4300800,2305
psqt-L16-K64-R6-e0.5,psqt,PS2-diagonal-dependence,dependence,concentrated,3,0.015722797510242525,0.08815675294197173,0.2171389310334446,1.0,0.03125,0.01933246719469281,20,0,0,0.33392239999375306,19200,0,12902400.0,3993600,1249
psqt-L16-K64-R3-e1,psqt,PS2-diagonal-dependence,dependence,concentrated,3,0.015711808239375014,0.08830448771697681,0.2172390726369407,1.0,0.03125,0.019338993278592453,20,0,0,0.26713760002166964,19200,0,7372800.0,2150400,1249
paper-tau0.2,paper,PS2-diagonal-dependence,dependence,concentrated,4,0.49383481388975214,0.5320691120822392,0.6705160594780041,1.0,0.09375,nan,300,1,0,0.12270620002527721,19200,2457600,0.0,0,128
paper-tau0.5,paper,PS2-diagonal-dependence,dependence,concentrated,4,0.009078937558596678,0.06751745933922491,0.19423256279094772,1.0,0.03125,nan,100,0,0,0.0892228000157047,19200,2457600,0.0,0,128
paper-tau1,paper,PS2-diagonal-dependence,dependence,concentrated,4,0.008801503948066891,0.05989942399857233,0.13693204368242687,1.0,0.0,nan,80,0,0,0.09017690000473522,19200,2457600,0.0,0,128
paper-tau2,paper,PS2-diagonal-dependence,dependence,concentrated,4,0.021863967502624426,0.08919016322602114,0.16296313789154449,1.0,0.0,nan,100,0,0,0.0955672999843955,19200,2457600,0.0,0,128
coordinate-pqt,coordinate-negative-control,PS2-diagonal-dependence,dependence,concentrated,4,0.27542386737111757,0.4080591371098027,0.5588339327058852,1.0,0.03125,0.0,300,1,0,0.06969800000661053,19200,0,460800.0,115200,325
psqt-L8-K64-R3-e0.5,psqt,PS2-diagonal-dependence,dependence,concentrated,4,0.01723123445729069,0.0922367518222199,0.21350783068047507,1.0,0.0,0.020853084757597454,20,0,0,0.1434505000070203,19200,0,3686400.0,1075200,721
psqt-L16-K64-R3-e0.5,psqt,PS2-diagonal-dependence,dependence,concentrated,4,0.01726733022343474,0.09294635925593274,0.21204255189938798,1.0,0.0,0.015713795294155977,20,0,0,0.26590280001983047,19200,0,7372800.0,2150400,1249
psqt-L32-K64-R3-e0.5,psqt,PS2-diagonal-dependence,dependence,concentrated,4,0.0172259855262491,0.09239979670035076,0.21342724506196606,1.0,0.0,0.019880324931925136,20,0,0,0.5096937000053003,19200,0,14745600.0,4300800,2305
psqt-L16-K64-R6-e0.5,psqt,PS2-diagonal-dependence,dependence,concentrated,4,0.01722299353517376,0.09296997495769872,0.21382161611130662,1.0,0.0,0.01706704602404358,20,0,0,0.3367445000039879,19200,0,12902400.0,3993600,1249
psqt-L16-K64-R3-e1,psqt,PS2-diagonal-dependence,dependence,concentrated,4,0.017226584152793656,0.09293379048160168,0.21446017088264527,1.0,0.03125,0.018606127423834013,20,0,0,0.2562104999960866,19200,0,7372800.0,2150400,1249
paper-tau0.2,paper,PS2-diagonal-dependence,dependence,far,0,5.513225806500209,2.3557108464632783,2.7512602020342047,0.5,1.0,nan,300,1,0,0.10329120000824332,19200,2457600,0.0,0,128
paper-tau0.5,paper,PS2-diagonal-dependence,dependence,far,0,0.8759610368640907,0.792421966333976,1.1673046661753315,0.5,0.8125,nan,300,1,0,0.10643280000658706,19200,2457600,0.0,0,128
paper-tau1,paper,PS2-diagonal-dependence,dependence,far,0,0.023594711426358606,0.11849272445253335,0.3359275479439512,1.0,0.09375,nan,120,0,0,0.09181640000315383,19200,2457600,0.0,0,128
paper-tau2,paper,PS2-diagonal-dependence,dependence,far,0,0.023964572151374597,0.09330995172905354,0.1739815802963082,1.0,0.03125,nan,80,0,0,0.08246080001117662,19200,2457600,0.0,0,128
coordinate-pqt,coordinate-negative-control,PS2-diagonal-dependence,dependence,far,0,0.1975728522898419,0.34287733996423,0.49463807379898467,1.0,0.09375,0.0,300,1,0,0.0686678999918513,19200,0,460800.0,115200,325
psqt-L8-K64-R3-e0.5,psqt,PS2-diagonal-dependence,dependence,far,0,0.018549722157495285,0.0917280475848936,0.20862357744802737,1.0,0.0,0.020978810223998497,40,0,0,0.14518230000976473,19200,0,3686400.0,1075200,721
psqt-L16-K64-R3-e0.5,psqt,PS2-diagonal-dependence,dependence,far,0,0.01855500415326583,0.09179913145633985,0.2090050506269081,1.0,0.0,0.02065531754517563,40,0,0,0.264689300005557,19200,0,7372800.0,2150400,1249
psqt-L32-K64-R3-e0.5,psqt,PS2-diagonal-dependence,dependence,far,0,0.018678366941234703,0.09218174774400749,0.20599693838104396,1.0,0.0,0.01315504909183727,40,0,0,0.4990164999908302,19200,0,14745600.0,4300800,2305
psqt-L16-K64-R6-e0.5,psqt,PS2-diagonal-dependence,dependence,far,0,0.018678812952985346,0.09238651471695535,0.2101705981132465,1.0,0.0,0.018189122180746913,40,0,0,0.3456004000036046,19200,0,12902400.0,3993600,1249
psqt-L16-K64-R3-e1,psqt,PS2-diagonal-dependence,dependence,far,0,0.018679618685855992,0.09236403740134444,0.2101343887457257,1.0,0.0,0.01930815212661657,40,0,0,0.26378729997668415,19200,0,7372800.0,2150400,1249
paper-tau0.2,paper,PS2-diagonal-dependence,dependence,far,1,5.507145614387687,2.3360746652474753,2.740098412775231,0.5,1.0,nan,300,1,0,0.10333050001645461,19200,2457600,0.0,0,128
paper-tau0.5,paper,PS2-diagonal-dependence,dependence,far,1,0.7393127995116504,0.7289421129508546,1.11785519532708,0.5,0.78125,nan,300,1,0,0.1041014000074938,19200,2457600,0.0,0,128
paper-tau1,paper,PS2-diagonal-dependence,dependence,far,1,0.014506845056091455,0.09336031368198,0.26856877140894614,1.0,0.09375,nan,140,0,0,0.09036959998775274,19200,2457600,0.0,0,128
paper-tau2,paper,PS2-diagonal-dependence,dependence,far,1,0.015685345293616315,0.07626772485420553,0.13796585722870175,1.0,0.0,nan,80,0,0,0.08578510000370443,19200,2457600,0.0,0,128
coordinate-pqt,coordinate-negative-control,PS2-diagonal-dependence,dependence,far,1,0.21662835157406746,0.3610528414186128,0.509617205642439,1.0,0.0,0.0,300,1,0,0.06819689998519607,19200,0,460800.0,115200,325
psqt-L8-K64-R3-e0.5,psqt,PS2-diagonal-dependence,dependence,far,1,0.016757196164813637,0.09334656020154863,0.21450641786967145,1.0,0.0,0.0200060703824683,40,0,0,0.14254579998669215,19200,0,3686400.0,1075200,721
psqt-L16-K64-R3-e0.5,psqt,PS2-diagonal-dependence,dependence,far,1,0.01669049478840301,0.09345459268667444,0.21520281415061582,1.0,0.03125,0.019658361195880596,40,0,0,0.2662616000161506,19200,0,7372800.0,2150400,1249
psqt-L32-K64-R3-e0.5,psqt,PS2-diagonal-dependence,dependence,far,1,0.01673475280370096,0.09420916251047641,0.2142544822416138,1.0,0.0,0.015493818183227856,40,0,0,0.5090529000153765,19200,0,14745600.0,4300800,2305
psqt-L16-K64-R6-e0.5,psqt,PS2-diagonal-dependence,dependence,far,1,0.016672393538372354,0.09371937780293069,0.21531902751804802,1.0,0.03125,0.018988480297549168,40,0,0,0.3349150999856647,19200,0,12902400.0,3993600,1249
psqt-L16-K64-R3-e1,psqt,PS2-diagonal-dependence,dependence,far,1,0.016725310715518082,0.09432110030248131,0.21605369163303453,1.0,0.03125,0.016575982013851992,40,0,0,0.2637203000194859,19200,0,7372800.0,2150400,1249
paper-tau0.2,paper,PS2-diagonal-dependence,dependence,far,2,5.47352349391819,2.314761511249782,2.7176222945926796,0.5,1.0,nan,300,1,0,0.10303159998147748,19200,2457600,0.0,0,128
paper-tau0.5,paper,PS2-diagonal-dependence,dependence,far,2,0.7160996704619711,0.7126833677378996,1.1043514091249038,0.5,0.75,nan,300,1,0,0.10567610000725836,19200,2457600,0.0,0,128
paper-tau1,paper,PS2-diagonal-dependence,dependence,far,2,0.022215929685590385,0.10782316938473573,0.2593423817460643,1.0,0.0625,nan,160,0,0,0.09358509999583475,19200,2457600,0.0,0,128
paper-tau2,paper,PS2-diagonal-dependence,dependence,far,2,0.02270211737734673,0.09063785282666763,0.14249552005581992,1.0,0.0,nan,120,0,0,0.08718680002493784,19200,2457600,0.0,0,128
coordinate-pqt,coordinate-negative-control,PS2-diagonal-dependence,dependence,far,2,0.3635371875044422,0.4667087295700495,0.6078320072510427,1.0,0.15625,0.0,300,1,0,0.06688140000915155,19200,0,460800.0,115200,325
psqt-L8-K64-R3-e0.5,psqt,PS2-diagonal-dependence,dependence,far,2,0.013665903883190555,0.08088020333844578,0.19764612908936416,1.0,0.0,0.019169591229540834,20,0,0,0.14231749999453314,19200,0,3686400.0,1075200,721
psqt-L16-K64-R3-e0.5,psqt,PS2-diagonal-dependence,dependence,far,2,0.01369384249758232,0.08050070114601318,0.19732598503967988,1.0,0.03125,0.020171162127308084,20,0,0,0.2618242000171449,19200,0,7372800.0,2150400,1249
psqt-L32-K64-R3-e0.5,psqt,PS2-diagonal-dependence,dependence,far,2,0.01374845579172046,0.08088075683965727,0.19757356230675704,1.0,0.03125,0.020042657014635794,20,0,0,0.5050741999875754,19200,0,14745600.0,4300800,2305
psqt-L16-K64-R6-e0.5,psqt,PS2-diagonal-dependence,dependence,far,2,0.01377466895989854,0.08132168558064452,0.19489394544336142,1.0,0.0,0.014968323870950153,20,0,0,0.33287459998973645,19200,0,12902400.0,3993600,1249
psqt-L16-K64-R3-e1,psqt,PS2-diagonal-dependence,dependence,far,2,0.013756262755737048,0.08108032274765282,0.1954985346233761,1.0,0.0,0.019936569440776604,20,0,0,0.2682041000225581,19200,0,7372800.0,2150400,1249
paper-tau0.2,paper,PS2-diagonal-dependence,dependence,far,3,5.2504865975012205,2.2717879869511184,2.6615158268948833,0.5,1.0,nan,300,1,0,0.10221409998484887,19200,2457600,0.0,0,128
paper-tau0.5,paper,PS2-diagonal-dependence,dependence,far,3,0.6921417273232096,0.7108846940208501,1.0937793451749653,0.5,0.75,nan,300,1,0,0.10324289998970926,19200,2457600,0.0,0,128
paper-tau1,paper,PS2-diagonal-dependence,dependence,far,3,0.011906812026976077,0.07787884883428663,0.2097852182463102,1.0,0.0625,nan,200,0,0,0.09722009999677539,19200,2457600,0.0,0,128
paper-tau2,paper,PS2-diagonal-dependence,dependence,far,3,0.02249074313571553,0.09332305014955802,0.18590982324810018,1.0,0.0,nan,100,0,0,0.08628339998540469,19200,2457600,0.0,0,128
coordinate-pqt,coordinate-negative-control,PS2-diagonal-dependence,dependence,far,3,0.13767971117782807,0.28860196396807875,0.4381355543633578,1.0,0.03125,0.0,300,1,0,0.06791909999446943,19200,0,460800.0,115200,325
psqt-L8-K64-R3-e0.5,psqt,PS2-diagonal-dependence,dependence,far,3,0.017898019582902824,0.09467518135665233,0.2151019147803258,1.0,0.03125,0.0220318653490885,60,0,0,0.14507359999697655,19200,0,3686400.0,1075200,721
psqt-L16-K64-R3-e0.5,psqt,PS2-diagonal-dependence,dependence,far,3,0.01789767745553661,0.09487472676605241,0.21489458952918863,1.0,0.03125,0.01958625664430239,60,0,0,0.26840549998451024,19200,0,7372800.0,2150400,1249
psqt-L32-K64-R3-e0.5,psqt,PS2-diagonal-dependence,dependence,far,3,0.018028992256728493,0.09602585938067425,0.21464626398894215,1.0,0.0,0.013061644598394552,60,0,0,0.5057223000039812,19200,0,14745600.0,4300800,2305
psqt-L16-K64-R6-e0.5,psqt,PS2-diagonal-dependence,dependence,far,3,0.01784580201584607,0.09528779947549891,0.21752272340287035,1.0,0.0,0.02040203804999294,60,0,0,0.3319132999749854,19200,0,12902400.0,3993600,1249
psqt-L16-K64-R3-e1,psqt,PS2-diagonal-dependence,dependence,far,3,0.017937542799820294,0.09555037332132217,0.2141164776867447,1.0,0.0,0.01567745553445422,60,0,0,0.269615099998191,19200,0,7372800.0,2150400,1249
paper-tau0.2,paper,PS2-diagonal-dependence,dependence,far,4,5.478367567431626,2.3262609715815725,2.7284419310635464,0.5,1.0,nan,300,1,0,0.11977210000623018,19200,2457600,0.0,0,128
paper-tau0.5,paper,PS2-diagonal-dependence,dependence,far,4,0.7198622400974084,0.7153024714427767,1.1066939663243245,0.5,0.78125,nan,300,1,0,0.10205149999819696,19200,2457600,0.0,0,128
paper-tau1,paper,PS2-diagonal-dependence,dependence,far,4,0.012706051755702275,0.08184424903937566,0.18645047214905303,1.0,0.0625,nan,120,0,0,0.11453110000002198,19200,2457600,0.0,0,128
paper-tau2,paper,PS2-diagonal-dependence,dependence,far,4,0.01884467550081803,0.0901046331265289,0.18708823475363826,1.0,0.0,nan,80,0,0,0.0908147000009194,19200,2457600,0.0,0,128
coordinate-pqt,coordinate-negative-control,PS2-diagonal-dependence,dependence,far,4,0.22359721494293439,0.36978481963482396,0.5215983622620424,1.0,0.0625,0.0,300,1,0,0.06474359999992885,19200,0,460800.0,115200,325
psqt-L8-K64-R3-e0.5,psqt,PS2-diagonal-dependence,dependence,far,4,0.015671098447184617,0.08889407068986062,0.21233643303033822,1.0,0.0,0.0208660849622846,40,0,0,0.1470549000077881,19200,0,3686400.0,1075200,721
psqt-L16-K64-R3-e0.5,psqt,PS2-diagonal-dependence,dependence,far,4,0.015577760496295001,0.08894123493979975,0.21199197634806843,1.0,0.0,0.021079180808798573,40,0,0,0.2647890000080224,19200,0,7372800.0,2150400,1249
psqt-L32-K64-R3-e0.5,psqt,PS2-diagonal-dependence,dependence,far,4,0.015656078634824544,0.08946647693614566,0.2111869188348184,1.0,0.0,0.01735907090773903,40,0,0,0.5122336999920662,19200,0,14745600.0,4300800,2305
psqt-L16-K64-R6-e0.5,psqt,PS2-diagonal-dependence,dependence,far,4,0.015689261776966834,0.08933397291065925,0.2118498880332238,1.0,0.0,0.02102121981309398,40,0,0,0.33527190002496354,19200,0,12902400.0,3993600,1249
psqt-L16-K64-R3-e1,psqt,PS2-diagonal-dependence,dependence,far,4,0.015653653455429906,0.08873972907720172,0.2119287025558634,1.0,0.0,0.021737870695420672,40,0,0,0.26685210000141524,19200,0,7372800.0,2150400,1249
paper-tau0.2,paper,PS2-correlated-rho085,correlated,concentrated,0,0.01778179654698475,0.11167180671946733,0.1545993193477941,nan,nan,nan,140,0,0,0.09229329999652691,19200,2457600,0.0,0,128
paper-tau0.5,paper,PS2-correlated-rho085,correlated,concentrated,0,0.0018355002953182042,0.026556574684915405,0.03862377813231069,nan,nan,nan,60,0,0,0.08190809999359772,19200,2457600,0.0,0,128
paper-tau1,paper,PS2-correlated-rho085,correlated,concentrated,0,0.0027117433586304474,0.027885260244992306,0.037883177917905624,nan,nan,nan,40,0,0,0.0813489000138361,19200,2457600,0.0,0,128
paper-tau2,paper,PS2-correlated-rho085,correlated,concentrated,0,0.005032118286559251,0.03984155388640047,0.05407243169205906,nan,nan,nan,40,0,0,0.07987899999716319,19200,2457600,0.0,0,128
coordinate-pqt,coordinate-negative-control,PS2-correlated-rho085,correlated,concentrated,0,0.03374895699583569,0.13128499629642176,0.17887369458276248,nan,nan,0.0,20,0,0,0.04260970000177622,19200,0,460800.0,115200,325
psqt-L8-K64-R3-e0.5,psqt,PS2-correlated-rho085,correlated,concentrated,0,0.001987900575353141,0.03903448432984255,0.062017058315907043,nan,nan,0.018748035922654848,20,0,0,0.14780219999374822,19200,0,3686400.0,1075200,721
psqt-L16-K64-R3-e0.5,psqt,PS2-correlated-rho085,correlated,concentrated,0,0.0018853788093335933,0.039250804236105684,0.06155001630714255,nan,nan,0.019746963964819782,20,0,0,0.2665305999980774,19200,0,7372800.0,2150400,1249
psqt-L32-K64-R3-e0.5,psqt,PS2-correlated-rho085,correlated,concentrated,0,0.0018885750558218506,0.03933628644546366,0.06154118655076054,nan,nan,0.02009684124409115,20,0,0,0.49827349997940473,19200,0,14745600.0,4300800,2305
psqt-L16-K64-R6-e0.5,psqt,PS2-correlated-rho085,correlated,concentrated,0,0.0019078954192642827,0.03938862224771504,0.06157586748822143,nan,nan,0.019270934999466076,20,0,0,0.3380639999813866,19200,0,12902400.0,3993600,1249
psqt-L16-K64-R3-e1,psqt,PS2-correlated-rho085,correlated,concentrated,0,0.0018742861941524191,0.03928593206658665,0.0615355343870398,nan,nan,0.01879204904746892,1,0,0,0.2627267999923788,19200,0,7372800.0,2150400,1249
paper-tau0.2,paper,PS2-correlated-rho085,correlated,concentrated,1,0.020413024732879537,0.1194562582089746,0.17709042478709883,nan,nan,nan,160,0,0,0.09012420001090504,19200,2457600,0.0,0,128
paper-tau0.5,paper,PS2-correlated-rho085,correlated,concentrated,1,0.0031794970578901127,0.03992497035802863,0.060316921638082534,nan,nan,nan,80,0,0,0.08427419999497943,19200,2457600,0.0,0,128
paper-tau1,paper,PS2-correlated-rho085,correlated,concentrated,1,0.003640105828793816,0.0380193282596395,0.05309055545388262,nan,nan,nan,60,0,0,0.08056129998294637,19200,2457600,0.0,0,128
paper-tau2,paper,PS2-correlated-rho085,correlated,concentrated,1,0.005453650146805655,0.04449750595603644,0.06098040669133085,nan,nan,nan,60,0,0,0.08250770001905039,19200,2457600,0.0,0,128
coordinate-pqt,coordinate-negative-control,PS2-correlated-rho085,correlated,concentrated,1,0.03691638364669503,0.14499951886205356,0.21730305250415677,nan,nan,0.0,20,0,0,0.041125599993392825,19200,0,460800.0,115200,325
psqt-L8-K64-R3-e0.5,psqt,PS2-correlated-rho085,correlated,concentrated,1,0.002832189809295116,0.04627523951169218,0.07730630605733134,nan,nan,0.01767363133343168,20,0,0,0.1456336000119336,19200,0,3686400.0,1075200,721
psqt-L16-K64-R3-e0.5,psqt,PS2-correlated-rho085,correlated,concentrated,1,0.002816896669219471,0.04647608681211534,0.0768929258282177,nan,nan,0.018433890720061526,20,0,0,0.2673701999883633,19200,0,7372800.0,2150400,1249
psqt-L32-K64-R3-e0.5,psqt,PS2-correlated-rho085,correlated,concentrated,1,0.002772911157430835,0.04640846950047971,0.0768626764401496,nan,nan,0.02077925197080836,20,0,0,0.5076728999847546,19200,0,14745600.0,4300800,2305
psqt-L16-K64-R6-e0.5,psqt,PS2-correlated-rho085,correlated,concentrated,1,0.0028640484065600713,0.04677742346418315,0.07724003939049026,nan,nan,0.019456026684162304,1,0,0,0.3314554000098724,19200,0,12902400.0,3993600,1249
psqt-L16-K64-R3-e1,psqt,PS2-correlated-rho085,correlated,concentrated,1,0.002825691883209025,0.046375913582208085,0.07704076270101491,nan,nan,0.01971217338197761,1,0,0,0.26202580000972375,19200,0,7372800.0,2150400,1249
paper-tau0.2,paper,PS2-correlated-rho085,correlated,concentrated,2,0.014392085814423528,0.10012425834930784,0.1455378819108731,nan,nan,nan,180,0,0,0.0991204000019934,19200,2457600,0.0,0,128
paper-tau0.5,paper,PS2-correlated-rho085,correlated,concentrated,2,0.0027772625899973313,0.029295607236550142,0.0372487316812715,nan,nan,nan,80,0,0,0.08499060000758618,19200,2457600,0.0,0,128
paper-tau1,paper,PS2-correlated-rho085,correlated,concentrated,2,0.0044098481043568505,0.03914801093932607,0.05651188042581523,nan,nan,nan,60,0,0,0.08286999998381361,19200,2457600,0.0,0,128
paper-tau2,paper,PS2-correlated-rho085,correlated,concentrated,2,0.007188969366169307,0.05391539575520532,0.08549951650866473,nan,nan,nan,60,0,0,0.08079169999109581,19200,2457600,0.0,0,128
coordinate-pqt,coordinate-negative-control,PS2-correlated-rho085,correlated,concentrated,2,0.03648205867598153,0.12928418507099032,0.18449299637433966,nan,nan,0.0,20,0,0,0.04062069999054074,19200,0,460800.0,115200,325
psqt-L8-K64-R3-e0.5,psqt,PS2-correlated-rho085,correlated,concentrated,2,0.002061526424620874,0.03571629283414053,0.054255969313602374,nan,nan,0.018962178896025063,20,0,0,0.1492895999981556,19200,0,3686400.0,1075200,721
psqt-L16-K64-R3-e0.5,psqt,PS2-correlated-rho085,correlated,concentrated,2,0.0019777858565338535,0.03525612764566864,0.053818936011177154,nan,nan,0.020842689062312042,20,0,0,0.26192719998653047,19200,0,7372800.0,2150400,1249
psqt-L32-K64-R3-e0.5,psqt,PS2-correlated-rho085,correlated,concentrated,2,0.0019349469477698555,0.035240658338277914,0.05387622020012588,nan,nan,0.021340978300839655,20,0,0,0.5014444999978878,19200,0,14745600.0,4300800,2305
psqt-L16-K64-R6-e0.5,psqt,PS2-correlated-rho085,correlated,concentrated,2,0.001990551968410914,0.03552944017819927,0.054273321908871186,nan,nan,0.020157834931576343,20,0,0,0.3401799999992363,19200,0,12902400.0,3993600,1249
psqt-L16-K64-R3-e1,psqt,PS2-correlated-rho085,correlated,concentrated,2,0.0020177740184139648,0.03562678047619032,0.053973498627072826,nan,nan,0.02006929731824014,1,0,0,0.2630092000181321,19200,0,7372800.0,2150400,1249
paper-tau0.2,paper,PS2-correlated-rho085,correlated,concentrated,3,0.014931403574316549,0.10383283242679645,0.1475223989493474,nan,nan,nan,160,0,0,0.0900792000174988,19200,2457600,0.0,0,128
paper-tau0.5,paper,PS2-correlated-rho085,correlated,concentrated,3,0.0025766038383205903,0.029211829093631035,0.03967446667281253,nan,nan,nan,80,0,0,0.08724649998475797,19200,2457600,0.0,0,128
paper-tau1,paper,PS2-correlated-rho085,correlated,concentrated,3,0.004207649341264608,0.038365796847992975,0.05199558669143713,nan,nan,nan,60,0,0,0.07871370000066236,19200,2457600,0.0,0,128
paper-tau2,paper,PS2-correlated-rho085,correlated,concentrated,3,0.008032719202046623,0.058452705181105916,0.07957683634659811,nan,nan,nan,60,0,0,0.08210279999184422,19200,2457600,0.0,0,128
coordinate-pqt,coordinate-negative-control,PS2-correlated-rho085,correlated,concentrated,3,0.033459757426387626,0.13081434221959798,0.19092955025991742,nan,nan,0.0,20,0,0,0.060548000008566305,19200,0,460800.0,115200,325
psqt-L8-K64-R3-e0.5,psqt,PS2-correlated-rho085,correlated,concentrated,3,0.0016275957695471854,0.032273505575594955,0.06038723814967118,nan,nan,0.01665716468413753,20,0,0,0.14567620001616888,19200,0,3686400.0,1075200,721
psqt-L16-K64-R3-e0.5,psqt,PS2-correlated-rho085,correlated,concentrated,3,0.001516354619764293,0.031854372830595445,0.05940770287206739,nan,nan,0.0190504315818198,20,0,0,0.2685683000017889,19200,0,7372800.0,2150400,1249
psqt-L32-K64-R3-e0.5,psqt,PS2-correlated-rho085,correlated,concentrated,3,0.0015459973918803271,0.032215961682959746,0.059460710234922796,nan,nan,0.020191214323018524,20,0,0,0.5337698000075761,19200,0,14745600.0,4300800,2305
psqt-L16-K64-R6-e0.5,psqt,PS2-correlated-rho085,correlated,concentrated,3,0.0014987812163238523,0.031758207570357425,0.0596912743334986,nan,nan,0.019138732321447142,1,0,0,0.36169299998437054,19200,0,12902400.0,3993600,1249
psqt-L16-K64-R3-e1,psqt,PS2-correlated-rho085,correlated,concentrated,3,0.001567689138031625,0.032127720090468735,0.05959363653207108,nan,nan,0.019162218502225017,1,0,0,0.2616238000045996,19200,0,7372800.0,2150400,1249
paper-tau0.2,paper,PS2-correlated-rho085,correlated,concentrated,4,0.018339981289505758,0.11334722059502476,0.16499371882222133,nan,nan,nan,140,0,0,0.09261659998446703,19200,2457600,0.0,0,128
paper-tau0.5,paper,PS2-correlated-rho085,correlated,concentrated,4,0.002422666901484849,0.03122922871372749,0.04458504507818874,nan,nan,nan,60,0,0,0.08234529997571371,19200,2457600,0.0,0,128
paper-tau1,paper,PS2-correlated-rho085,correlated,concentrated,4,0.0033141186378493614,0.03446236096850437,0.04709485102536215,nan,nan,nan,60,0,0,0.08340589998988435,19200,2457600,0.0,0,128
paper-tau2,paper,PS2-correlated-rho085,correlated,concentrated,4,0.005367077420427524,0.04554326431126188,0.06464217323888634,nan,nan,nan,40,0,0,0.07762749999528751,19200,2457600,0.0,0,128
coordinate-pqt,coordinate-negative-control,PS2-correlated-rho085,correlated,concentrated,4,0.038448238186043815,0.14018028650519843,0.2009781952815111,nan,nan,0.0,20,0,0,0.041284200007794425,19200,0,460800.0,115200,325
psqt-L8-K64-R3-e0.5,psqt,PS2-correlated-rho085,correlated,concentrated,4,0.00188281373396193,0.038312125956251004,0.06917532836028419,nan,nan,0.017180431805224432,20,0,0,0.14792499999748543,19200,0,3686400.0,1075200,721
psqt-L16-K64-R3-e0.5,psqt,PS2-correlated-rho085,correlated,concentrated,4,0.0017890814664719423,0.037812837429361944,0.06891118291321202,nan,nan,0.019918954462188138,20,0,0,0.2679645999742206,19200,0,7372800.0,2150400,1249
psqt-L32-K64-R3-e0.5,psqt,PS2-correlated-rho085,correlated,concentrated,4,0.0018189595420869953,0.038101296648986864,0.06843131568796369,nan,nan,0.0202364403502249,20,0,0,0.5020100999972783,19200,0,14745600.0,4300800,2305
psqt-L16-K64-R6-e0.5,psqt,PS2-correlated-rho085,correlated,concentrated,4,0.0017908510159572177,0.03772917936210806,0.06895003544534484,nan,nan,0.019491554789019126,1,0,0,0.32797530002426356,19200,0,12902400.0,3993600,1249
psqt-L16-K64-R3-e1,psqt,PS2-correlated-rho085,correlated,concentrated,4,0.0017880703713215595,0.03802209027021942,0.06889638307579504,nan,nan,0.01957586731963367,1,0,0,0.2606853000179399,19200,0,7372800.0,2150400,1249
paper-tau0.2,paper,PS2-correlated-rho085,correlated,far,0,6.182304625508713,2.3521167794493816,2.647789427094369,nan,nan,nan,300,1,0,0.1054751000192482,19200,2457600,0.0,0,128
paper-tau0.5,paper,PS2-correlated-rho085,correlated,far,0,0.09895970004085419,0.2675820205932019,0.3908395899791675,nan,nan,nan,300,1,0,0.10461389998090453,19200,2457600,0.0,0,128
paper-tau1,paper,PS2-correlated-rho085,correlated,far,0,0.0037510277670245173,0.03592285519768366,0.04943361436417529,nan,nan,nan,60,0,0,0.08054890000494197,19200,2457600,0.0,0,128
paper-tau2,paper,PS2-correlated-rho085,correlated,far,0,0.006541327497769034,0.04987132217969856,0.06926120944168247,nan,nan,nan,40,0,0,0.0790500000002794,19200,2457600,0.0,0,128
coordinate-pqt,coordinate-negative-control,PS2-correlated-rho085,correlated,far,0,0.05611870284158371,0.17399408665259042,0.24197786999094315,nan,nan,0.0,120,0,0,0.050040199974318966,19200,0,460800.0,115200,325
psqt-L8-K64-R3-e0.5,psqt,PS2-correlated-rho085,correlated,far,0,0.00249922928375812,0.04519795956890093,0.0871210092873025,nan,nan,0.018174682476804285,40,0,0,0.14854990001185797,19200,0,3686400.0,1075200,721
psqt-L16-K64-R3-e0.5,psqt,PS2-correlated-rho085,correlated,far,0,0.0023501667089069755,0.044747048620647795,0.08670122478574901,nan,nan,0.020452345552037773,40,0,0,0.26910410000709817,19200,0,7372800.0,2150400,1249
psqt-L32-K64-R3-e0.5,psqt,PS2-correlated-rho085,correlated,far,0,0.0022907300100460937,0.044330882104235345,0.0862088063002851,nan,nan,0.02043143884306589,40,0,0,0.5097143000166398,19200,0,14745600.0,4300800,2305
psqt-L16-K64-R6-e0.5,psqt,PS2-correlated-rho085,correlated,far,0,0.0023273418233702436,0.04491942851549815,0.08640782427637327,nan,nan,0.020290998892605397,40,0,0,0.32986280001932755,19200,0,12902400.0,3993600,1249
psqt-L16-K64-R3-e1,psqt,PS2-correlated-rho085,correlated,far,0,0.0023293756147885203,0.04469884151477204,0.08644304065510525,nan,nan,0.020074167836850756,40,0,0,0.26603820000309497,19200,0,7372800.0,2150400,1249
paper-tau0.2,paper,PS2-correlated-rho085,correlated,far,1,6.287031331971737,2.375073639115948,2.6700953703279775,nan,nan,nan,300,1,0,0.1197204000200145,19200,2457600,0.0,0,128
paper-tau0.5,paper,PS2-correlated-rho085,correlated,far,1,0.18285288690582013,0.3631925973937839,0.5117375540105984,nan,nan,nan,300,1,0,0.10528229997726157,19200,2457600,0.0,0,128
paper-tau1,paper,PS2-correlated-rho085,correlated,far,1,0.0035660910083070707,0.0356798148536564,0.052997235875399194,nan,nan,nan,60,0,0,0.08141459999023937,19200,2457600,0.0,0,128
paper-tau2,paper,PS2-correlated-rho085,correlated,far,1,0.005457147043511412,0.04568220342485282,0.07245306417347157,nan,nan,nan,40,0,0,0.07901840002159588,19200,2457600,0.0,0,128
coordinate-pqt,coordinate-negative-control,PS2-correlated-rho085,correlated,far,1,0.03295324725735216,0.13269019279611355,0.18565456321202628,nan,nan,0.0,20,0,0,0.04023309997864999,19200,0,460800.0,115200,325
psqt-L8-K64-R3-e0.5,psqt,PS2-correlated-rho085,correlated,far,1,0.0022159605147763495,0.0417614326644331,0.06893848855416371,nan,nan,0.01915225789483369,20,0,0,0.13959939999040216,19200,0,3686400.0,1075200,721
psqt-L16-K64-R3-e0.5,psqt,PS2-correlated-rho085,correlated,far,1,0.0021305798859199143,0.04143022090977845,0.06795230199890108,nan,nan,0.01998434545441547,20,0,0,0.2596758999861777,19200,0,7372800.0,2150400,1249
psqt-L32-K64-R3-e0.5,psqt,PS2-correlated-rho085,correlated,far,1,0.002166978922638174,0.041595799859002476,0.0680931298802299,nan,nan,0.02100502228992421,20,0,0,0.502525699994294,19200,0,14745600.0,4300800,2305
psqt-L16-K64-R6-e0.5,psqt,PS2-correlated-rho085,correlated,far,1,0.0022267355245004783,0.042148475807269686,0.06880986590258163,nan,nan,0.020202133790505398,20,0,0,0.3391754999756813,19200,0,12902400.0,3993600,1249
psqt-L16-K64-R3-e1,psqt,PS2-correlated-rho085,correlated,far,1,0.002185987534963685,0.04201928811217503,0.06839195823438618,nan,nan,0.019071625244553213,20,0,0,0.26404229999752715,19200,0,7372800.0,2150400,1249
paper-tau0.2,paper,PS2-correlated-rho085,correlated,far,2,6.284218614316913,2.3726872621429527,2.6680009260456266,nan,nan,nan,300,1,0,0.11176400000113063,19200,2457600,0.0,0,128
paper-tau0.5,paper,PS2-correlated-rho085,correlated,far,2,0.18448741892125864,0.36667785514155926,0.5154875292160597,nan,nan,nan,300,1,0,0.10486459999810904,19200,2457600,0.0,0,128
paper-tau1,paper,PS2-correlated-rho085,correlated,far,2,0.0035244184684435353,0.034943170788329904,0.05728552604565185,nan,nan,nan,60,0,0,0.08407869999064133,19200,2457600,0.0,0,128
paper-tau2,paper,PS2-correlated-rho085,correlated,far,2,0.00557517483294756,0.04507059053931516,0.07311994888518752,nan,nan,nan,40,0,0,0.0805675000010524,19200,2457600,0.0,0,128
coordinate-pqt,coordinate-negative-control,PS2-correlated-rho085,correlated,far,2,0.028093720732957905,0.12325405327568978,0.17060209503114457,nan,nan,0.0,20,0,0,0.04127450002124533,19200,0,460800.0,115200,325
psqt-L8-K64-R3-e0.5,psqt,PS2-correlated-rho085,correlated,far,2,0.002276799057923551,0.04179789706244466,0.0662500055376848,nan,nan,0.019384967043506847,20,0,0,0.15983389999018982,19200,0,3686400.0,1075200,721
psqt-L16-K64-R3-e0.5,psqt,PS2-correlated-rho085,correlated,far,2,0.002138954883103006,0.04132902286725322,0.06483804313725272,nan,nan,0.019833678005369955,20,0,0,0.2657471999991685,19200,0,7372800.0,2150400,1249
psqt-L32-K64-R3-e0.5,psqt,PS2-correlated-rho085,correlated,far,2,0.002109596285510662,0.04142792751933141,0.06462448512371607,nan,nan,0.02066723994303705,20,0,0,0.523294899991015,19200,0,14745600.0,4300800,2305
psqt-L16-K64-R6-e0.5,psqt,PS2-correlated-rho085,correlated,far,2,0.0021613341961496113,0.041493741409212324,0.06481271267370727,nan,nan,0.018898327021238913,20,0,0,0.3356872000149451,19200,0,12902400.0,3993600,1249
psqt-L16-K64-R3-e1,psqt,PS2-correlated-rho085,correlated,far,2,0.0021447992205745336,0.04122883058581208,0.065042566812443,nan,nan,0.019276870209667236,20,0,0,0.26559660001657903,19200,0,7372800.0,2150400,1249
paper-tau0.2,paper,PS2-correlated-rho085,correlated,far,3,6.28577844021366,2.3640884076011512,2.65434124184416,nan,nan,nan,300,1,0,0.10504209998180158,19200,2457600,0.0,0,128
paper-tau0.5,paper,PS2-correlated-rho085,correlated,far,3,0.16473209898713392,0.33390198945452637,0.49172804530104375,nan,nan,nan,300,1,0,0.10434180000447668,19200,2457600,0.0,0,128
paper-tau1,paper,PS2-correlated-rho085,correlated,far,3,0.005083514707832748,0.04146872049964387,0.06083874498840164,nan,nan,nan,60,0,0,0.08080300001893193,19200,2457600,0.0,0,128
paper-tau2,paper,PS2-correlated-rho085,correlated,far,3,0.008016267028598367,0.05490794449839759,0.0802713307534308,nan,nan,nan,20,0,0,0.07930660000420175,19200,2457600,0.0,0,128
coordinate-pqt,coordinate-negative-control,PS2-correlated-rho085,correlated,far,3,0.0476616546306351,0.14387090919373047,0.19257137804465377,nan,nan,0.0,20,0,0,0.04029929998796433,19200,0,460800.0,115200,325
psqt-L8-K64-R3-e0.5,psqt,PS2-correlated-rho085,correlated,far,3,0.0015953688076549843,0.027881804846398413,0.05155098899766387,nan,nan,0.018983114559034276,20,0,0,0.14592549999360926,19200,0,3686400.0,1075200,721
psqt-L16-K64-R3-e0.5,psqt,PS2-correlated-rho085,correlated,far,3,0.0015523004812049157,0.0280903329104531,0.051410595861731856,nan,nan,0.020028161530751338,20,0,0,0.26317580000613816,19200,0,7372800.0,2150400,1249
psqt-L32-K64-R3-e0.5,psqt,PS2-correlated-rho085,correlated,far,3,0.0015044658783871512,0.028085834422134314,0.051580881023865176,nan,nan,0.02038359898969008,20,0,0,0.5072508000012022,19200,0,14745600.0,4300800,2305
psqt-L16-K64-R6-e0.5,psqt,PS2-correlated-rho085,correlated,far,3,0.0014928264459997953,0.02833170799965536,0.051738018900716796,nan,nan,0.01949715400749857,20,0,0,0.3331518000049982,19200,0,12902400.0,3993600,1249
psqt-L16-K64-R3-e1,psqt,PS2-correlated-rho085,correlated,far,3,0.0014979216651308525,0.028203383501635315,0.05193153209894382,nan,nan,0.019818959244369792,20,0,0,0.2660065999953076,19200,0,7372800.0,2150400,1249
paper-tau0.2,paper,PS2-correlated-rho085,correlated,far,4,6.283607355587308,2.374830989100868,2.6723861248507617,nan,nan,nan,300,1,0,0.10675000000628643,19200,2457600,0.0,0,128
paper-tau0.5,paper,PS2-correlated-rho085,correlated,far,4,0.14475553500691996,0.3153120469565563,0.4180736120606751,nan,nan,nan,300,1,0,0.10545999999158084,19200,2457600,0.0,0,128
paper-tau1,paper,PS2-correlated-rho085,correlated,far,4,0.0038462554833261775,0.0377497360365943,0.05289266817362455,nan,nan,nan,60,0,0,0.08356909998110496,19200,2457600,0.0,0,128
paper-tau2,paper,PS2-correlated-rho085,correlated,far,4,0.005640535203358943,0.04725810824503582,0.06901074433252956,nan,nan,nan,40,0,0,0.08087340000201948,19200,2457600,0.0,0,128
coordinate-pqt,coordinate-negative-control,PS2-correlated-rho085,correlated,far,4,0.06318167779834238,0.18717296890342164,0.2537102858342764,nan,nan,0.0,40,0,0,0.04215490000206046,19200,0,460800.0,115200,325
psqt-L8-K64-R3-e0.5,psqt,PS2-correlated-rho085,correlated,far,4,0.0032465346665829786,0.04708532018478809,0.07077456531112969,nan,nan,0.018719592573791258,20,0,0,0.14450210001086816,19200,0,3686400.0,1075200,721
psqt-L16-K64-R3-e0.5,psqt,PS2-correlated-rho085,correlated,far,4,0.0031835511595043053,0.04742926368596876,0.07023290188969072,nan,nan,0.01912340800571398,20,0,0,0.26700780002283864,19200,0,7372800.0,2150400,1249
psqt-L32-K64-R3-e0.5,psqt,PS2-correlated-rho085,correlated,far,4,0.003163962876625681,0.04748717206933083,0.07013113328197013,nan,nan,0.02030143937559572,20,0,0,0.5079137000138871,19200,0,14745600.0,4300800,2305
psqt-L16-K64-R6-e0.5,psqt,PS2-correlated-rho085,correlated,far,4,0.003202687448773167,0.047273328661870104,0.07050522646177672,nan,nan,0.01991779359307315,20,0,0,0.33706249998067506,19200,0,12902400.0,3993600,1249
psqt-L16-K64-R3-e1,psqt,PS2-correlated-rho085,correlated,far,4,0.003179883160830954,0.047185620919522234,0.07026859971168527,nan,nan,0.01904198100368533,20,0,0,0.26556169998366386,19200,0,7372800.0,2150400,1249
paper-tau0.2,paper,PS2-ring,ring,concentrated,0,0.03993406008283529,0.1556532768668276,0.17960835067673023,nan,nan,nan,280,0,0,0.10225769999669865,19200,2457600,0.0,0,128
paper-tau0.5,paper,PS2-ring,ring,concentrated,0,0.007121292478741825,0.052050278508294814,0.06833762926929723,nan,nan,nan,100,0,0,0.08409230000688694,19200,2457600,0.0,0,128
paper-tau1,paper,PS2-ring,ring,concentrated,0,0.010944163554936992,0.06657934007931628,0.08829957325607814,nan,nan,nan,100,0,0,0.085776399995666,19200,2457600,0.0,0,128
paper-tau2,paper,PS2-ring,ring,concentrated,0,0.01740624636376098,0.09012334300555117,0.12161697405051362,nan,nan,nan,80,0,0,0.08263220000662841,19200,2457600,0.0,0,128
coordinate-pqt,coordinate-negative-control,PS2-ring,ring,concentrated,0,0.025415222465474452,0.11168176964998891,0.14503006688068812,nan,nan,0.0,20,0,0,0.04307310000876896,19200,0,460800.0,115200,325
psqt-L8-K64-R3-e0.5,psqt,PS2-ring,ring,concentrated,0,0.00220152662898232,0.03386696401298055,0.042397419089271915,nan,nan,0.01772699255160448,20,0,0,0.14562799999839626,19200,0,3686400.0,1075200,721
psqt-L16-K64-R3-e0.5,psqt,PS2-ring,ring,concentrated,0,0.0020154242886600837,0.0328725407150076,0.039985036809566166,nan,nan,0.016332739744785735,20,0,0,0.26819129998330027,19200,0,7372800.0,2150400,1249
psqt-L32-K64-R3-e0.5,psqt,PS2-ring,ring,concentrated,0,0.0019406779784365558,0.03263985784423473,0.03909456899858582,nan,nan,0.014520975670995338,20,0,0,0.5134068000188563,19200,0,14745600.0,4300800,2305
psqt-L16-K64-R6-e0.5,psqt,PS2-ring,ring,concentrated,0,0.0019956125062396968,0.03250518078161526,0.03890258983629075,nan,nan,0.015261277628036187,20,0,0,0.3390019999933429,19200,0,12902400.0,3993600,1249
psqt-L16-K64-R3-e1,psqt,PS2-ring,ring,concentrated,0,0.0020193410389717226,0.03278136427227029,0.03982829083850901,nan,nan,0.015400015954910928,20,0,0,0.26386390000698157,19200,0,7372800.0,2150400,1249
paper-tau0.2,paper,PS2-ring,ring,concentrated,1,0.032375267047979994,0.13640723154178386,0.1600857517188433,nan,nan,nan,280,0,0,0.12112880000495352,19200,2457600,0.0,0,128
paper-tau0.5,paper,PS2-ring,ring,concentrated,1,0.007958020024119605,0.05803942628359018,0.07271906515092076,nan,nan,nan,100,0,0,0.08605159999569878,19200,2457600,0.0,0,128
paper-tau1,paper,PS2-ring,ring,concentrated,1,0.011758065013287577,0.07216129622382407,0.09002963709591595,nan,nan,nan,100,0,0,0.08544589998200536,19200,2457600,0.0,0,128
paper-tau2,paper,PS2-ring,ring,concentrated,1,0.017933137488104434,0.09252369998516338,0.11757854809199161,nan,nan,nan,80,0,0,0.08362679998390377,19200,2457600,0.0,0,128
coordinate-pqt,coordinate-negative-control,PS2-ring,ring,concentrated,1,0.019843680484685322,0.09765853622964378,0.12575240502948204,nan,nan,0.0,20,0,0,0.04029380000429228,19200,0,460800.0,115200,325
psqt-L8-K64-R3-e0.5,psqt,PS2-ring,ring,concentrated,1,0.00318366034170503,0.04022048254372397,0.05096385435188243,nan,nan,0.01767190058904719,20,0,0,0.1485982000012882,19200,0,3686400.0,1075200,721
psqt-L16-K64-R3-e0.5,psqt,PS2-ring,ring,concentrated,1,0.002924947851013382,0.03834435224365641,0.048240127560437676,nan,nan,0.016132836667049646,20,0,0,0.2689695000008214,19200,0,7372800.0,2150400,1249
psqt-L32-K64-R3-e0.5,psqt,PS2-ring,ring,concentrated,1,0.0028670922169187207,0.038021308027216205,0.047556985383831865,nan,nan,0.017000376271003915,20,0,0,0.5065544999961276,19200,0,14745600.0,4300800,2305
psqt-L16-K64-R6-e0.5,psqt,PS2-ring,ring,concentrated,1,0.002932582230732006,0.038776673597548175,0.04816558290929223,nan,nan,0.01560652072052369,20,0,0,0.3389175000193063,19200,0,12902400.0,3993600,1249
psqt-L16-K64-R3-e1,psqt,PS2-ring,ring,concentrated,1,0.002993337566179477,0.03831703901888154,0.04860759157838122,nan,nan,0.016615170982542775,20,0,0,0.26542810001410544,19200,0,7372800.0,2150400,1249
paper-tau0.2,paper,PS2-ring,ring,concentrated,2,0.03835846623397954,0.1504450582624173,0.17432361900364413,nan,nan,nan,280,0,0,0.10140069999033585,19200,2457600,0.0,0,128
paper-tau0.5,paper,PS2-ring,ring,concentrated,2,0.007059520116314388,0.05185713386149776,0.06698826858099861,nan,nan,nan,120,0,0,0.0852457000000868,19200,2457600,0.0,0,128
paper-tau1,paper,PS2-ring,ring,concentrated,2,0.010842373313564302,0.06691771927953835,0.08597908276098169,nan,nan,nan,100,0,0,0.08576839999295771,19200,2457600,0.0,0,128
paper-tau2,paper,PS2-ring,ring,concentrated,2,0.01659876878634936,0.0864019284255639,0.1150179170829109,nan,nan,nan,100,0,0,0.09195250002085231,19200,2457600,0.0,0,128
coordinate-pqt,coordinate-negative-control,PS2-ring,ring,concentrated,2,0.02351175085492807,0.10791693779301323,0.13845891252828765,nan,nan,0.0,20,0,0,0.041128500015474856,19200,0,460800.0,115200,325
psqt-L8-K64-R3-e0.5,psqt,PS2-ring,ring,concentrated,2,0.0023699801222980543,0.03464520434103294,0.04278930255376833,nan,nan,0.01457424375959961,20,0,0,0.14239379999344237,19200,0,3686400.0,1075200,721
psqt-L16-K64-R3-e0.5,psqt,PS2-ring,ring,concentrated,2,0.001979005968675507,0.03195810242250321,0.03846719611704747,nan,nan,0.01559817227806191,20,0,0,0.25932969999848865,19200,0,7372800.0,2150400,1249
psqt-L32-K64-R3-e0.5,psqt,PS2-ring,ring,concentrated,2,0.0019527327242729875,0.03107341265442104,0.036922567316578225,nan,nan,0.013786130661876667,20,0,0,0.5077823000028729,19200,0,14745600.0,4300800,2305
psqt-L16-K64-R6-e0.5,psqt,PS2-ring,ring,concentrated,2,0.0020276024533678605,0.031691304795555555,0.038573275414818135,nan,nan,0.014729634827122138,20,0,0,0.33506640000268817,19200,0,12902400.0,3993600,1249
psqt-L16-K64-R3-e1,psqt,PS2-ring,ring,concentrated,2,0.002065603617659395,0.031715649151229874,0.03861831263348537,nan,nan,0.014942493605517632,20,0,0,0.2679753999982495,19200,0,7372800.0,2150400,1249
paper-tau0.2,paper,PS2-ring,ring,concentrated,3,0.03257483938510153,0.13424315434430625,0.15921793848412985,nan,nan,nan,280,0,0,0.10419829998863861,19200,2457600,0.0,0,128
paper-tau0.5,paper,PS2-ring,ring,concentrated,3,0.006958154801900873,0.05137551404531358,0.06688071175533787,nan,nan,nan,100,0,0,0.08845700000529177,19200,2457600,0.0,0,128
paper-tau1,paper,PS2-ring,ring,concentrated,3,0.010817336348033058,0.06631839585302013,0.08566179048849469,nan,nan,nan,100,0,0,0.0859399999899324,19200,2457600,0.0,0,128
paper-tau2,paper,PS2-ring,ring,concentrated,3,0.016318552407223796,0.08436710320010252,0.1127227742891729,nan,nan,nan,80,0,0,0.08366689999820665,19200,2457600,0.0,0,128
coordinate-pqt,coordinate-negative-control,PS2-ring,ring,concentrated,3,0.016520838709377594,0.0862959018129248,0.11178430287277101,nan,nan,0.0,20,0,0,0.04251609998755157,19200,0,460800.0,115200,325
psqt-L8-K64-R3-e0.5,psqt,PS2-ring,ring,concentrated,3,0.0022938671031265123,0.033976967149893934,0.04187454488909322,nan,nan,0.015078849371002023,20,0,0,0.14256350000505336,19200,0,3686400.0,1075200,721
psqt-L16-K64-R3-e0.5,psqt,PS2-ring,ring,concentrated,3,0.0020163620461242093,0.03268002702426529,0.03955575416318155,nan,nan,0.016769886875658408,20,0,0,0.26140619997750036,19200,0,7372800.0,2150400,1249
psqt-L32-K64-R3-e0.5,psqt,PS2-ring,ring,concentrated,3,0.0018702921856503796,0.030763021735157586,0.03669496400791294,nan,nan,0.015651190667015428,20,0,0,0.5107540999888442,19200,0,14745600.0,4300800,2305
psqt-L16-K64-R6-e0.5,psqt,PS2-ring,ring,concentrated,3,0.001960149447252313,0.03238115933613422,0.03871442717885446,nan,nan,0.01612494005431658,20,0,0,0.33100209999247454,19200,0,12902400.0,3993600,1249
psqt-L16-K64-R3-e1,psqt,PS2-ring,ring,concentrated,3,0.0019327312283101694,0.03180353125340541,0.03802469953565486,nan,nan,0.015629328362441165,20,0,0,0.2657414000132121,19200,0,7372800.0,2150400,1249
paper-tau0.2,paper,PS2-ring,ring,concentrated,4,0.04470853686858067,0.1605044944310282,0.18588042068240532,nan,nan,nan,300,0,0,0.10664689997793175,19200,2457600,0.0,0,128
paper-tau0.5,paper,PS2-ring,ring,concentrated,4,0.0088073866959677,0.06288391169328444,0.07896521749993583,nan,nan,nan,120,0,0,0.08946479999576695,19200,2457600,0.0,0,128
paper-tau1,paper,PS2-ring,ring,concentrated,4,0.011713477353538782,0.07316683691408818,0.09297536290447422,nan,nan,nan,100,0,0,0.08998219997738488,19200,2457600,0.0,0,128
paper-tau2,paper,PS2-ring,ring,concentrated,4,0.01665394770006845,0.08965127216352958,0.1197529307025368,nan,nan,nan,100,0,0,0.08764559999690391,19200,2457600,0.0,0,128
coordinate-pqt,coordinate-negative-control,PS2-ring,ring,concentrated,4,0.025564216077789803,0.11243296505575609,0.14305144796396543,nan,nan,0.0,20,0,0,0.04126990001532249,19200,0,460800.0,115200,325
psqt-L8-K64-R3-e0.5,psqt,PS2-ring,ring,concentrated,4,0.004418576438783628,0.04678440487342269,0.058617525522129114,nan,nan,0.015570000139710617,20,0,0,0.14397900001495145,19200,0,3686400.0,1075200,721
psqt-L16-K64-R3-e0.5,psqt,PS2-ring,ring,concentrated,4,0.004249299364780246,0.046662495679005045,0.05742454546305798,nan,nan,0.01612343957363835,20,0,0,0.2656243999954313,19200,0,7372800.0,2150400,1249
psqt-L32-K64-R3-e0.5,psqt,PS2-ring,ring,concentrated,4,0.0041525843768535076,0.04574217735424629,0.056378648808653765,nan,nan,0.015998350093521383,20,0,0,0.508925400004955,19200,0,14745600.0,4300800,2305
psqt-L16-K64-R6-e0.5,psqt,PS2-ring,ring,concentrated,4,0.004276842428180494,0.04641995078672628,0.05705587780158683,nan,nan,0.015607017149110804,20,0,0,0.3327714999904856,19200,0,12902400.0,3993600,1249
psqt-L16-K64-R3-e1,psqt,PS2-ring,ring,concentrated,4,0.004318572855415592,0.047008288858701404,0.05779092967961872,nan,nan,0.015469836440874707,20,0,0,0.26391209999565035,19200,0,7372800.0,2150400,1249
paper-tau0.2,paper,PS2-ring,ring,far,0,4.178239267370626,1.8167415852123536,2.052463488534747,nan,nan,nan,300,1,0,0.10563500001444481,19200,2457600,0.0,0,128
paper-tau0.5,paper,PS2-ring,ring,far,0,0.01066723768336475,0.07516215381691224,0.10229044847499762,nan,nan,nan,200,0,0,0.09362939998391084,19200,2457600,0.0,0,128
paper-tau1,paper,PS2-ring,ring,far,0,0.010055628491931756,0.06322339626841444,0.08393905915325896,nan,nan,nan,80,0,0,0.08226819999981672,19200,2457600,0.0,0,128
paper-tau2,paper,PS2-ring,ring,far,0,0.016389613449448337,0.08574983650347015,0.11561454549212344,nan,nan,nan,80,0,0,0.08294419999583624,19200,2457600,0.0,0,128
coordinate-pqt,coordinate-negative-control,PS2-ring,ring,far,0,0.023939436541154047,0.10715754173101211,0.13928020702910804,nan,nan,0.0,20,0,0,0.04259880000608973,19200,0,460800.0,115200,325
psqt-L8-K64-R3-e0.5,psqt,PS2-ring,ring,far,0,0.0023968454268117334,0.03493674483222718,0.04285461946058205,nan,nan,0.017017137413034227,20,0,0,0.14289580000331625,19200,0,3686400.0,1075200,721
psqt-L16-K64-R3-e0.5,psqt,PS2-ring,ring,far,0,0.002174640234208658,0.032946194884908124,0.039893137303391696,nan,nan,0.01596114076770652,20,0,0,0.26625369998509996,19200,0,7372800.0,2150400,1249
psqt-L32-K64-R3-e0.5,psqt,PS2-ring,ring,far,0,0.0020471140373792274,0.03200423226818228,0.03827448588643534,nan,nan,0.014413244609230437,20,0,0,0.51064610001049,19200,0,14745600.0,4300800,2305
psqt-L16-K64-R6-e0.5,psqt,PS2-ring,ring,far,0,0.0021538690118021453,0.03301924942912224,0.03968398600072839,nan,nan,0.015108751883341801,20,0,0,0.3321338999958243,19200,0,12902400.0,3993600,1249
psqt-L16-K64-R3-e1,psqt,PS2-ring,ring,far,0,0.002035775621731961,0.03251384141818134,0.03863346151063595,nan,nan,0.014257649398112112,20,0,0,0.26195539999753237,19200,0,7372800.0,2150400,1249
paper-tau0.2,paper,PS2-ring,ring,far,1,4.115120012197134,1.781060839879499,2.0167946141726616,nan,nan,nan,300,1,0,0.12402080002357252,19200,2457600,0.0,0,128
paper-tau0.5,paper,PS2-ring,ring,far,1,0.008688090061748088,0.06206278712356727,0.10034521536995418,nan,nan,nan,180,0,0,0.0955307999975048,19200,2457600,0.0,0,128
paper-tau1,paper,PS2-ring,ring,far,1,0.010689049653609395,0.06802780826842987,0.08613831339913332,nan,nan,nan,80,0,0,0.08539690001634881,19200,2457600,0.0,0,128
paper-tau2,paper,PS2-ring,ring,far,1,0.016378316558414152,0.08712792875542956,0.11123180056522575,nan,nan,nan,80,0,0,0.08690990001196042,19200,2457600,0.0,0,128
coordinate-pqt,coordinate-negative-control,PS2-ring,ring,far,1,0.017420959016292592,0.09522537946565196,0.11950473486997922,nan,nan,0.0,20,0,0,0.04007029999047518,19200,0,460800.0,115200,325
psqt-L8-K64-R3-e0.5,psqt,PS2-ring,ring,far,1,0.0031831490719165245,0.040434030006437,0.05098746757754161,nan,nan,0.017274523925760368,20,0,0,0.14383420001831837,19200,0,3686400.0,1075200,721
psqt-L16-K64-R3-e0.5,psqt,PS2-ring,ring,far,1,0.002891494305071518,0.038583322615533135,0.047727737260217326,nan,nan,0.014737558738595518,20,0,0,0.25958920002449304,19200,0,7372800.0,2150400,1249
psqt-L32-K64-R3-e0.5,psqt,PS2-ring,ring,far,1,0.0028171615829797325,0.037728741192591626,0.046193504851967875,nan,nan,0.0153958367479281,20,0,0,0.5038227000040933,19200,0,14745600.0,4300800,2305
psqt-L16-K64-R6-e0.5,psqt,PS2-ring,ring,far,1,0.002905815700276815,0.038736520264772076,0.04803911425996794,nan,nan,0.015069337569425875,20,0,0,0.3323048000165727,19200,0,12902400.0,3993600,1249
psqt-L16-K64-R3-e1,psqt,PS2-ring,ring,far,1,0.0027941891003346875,0.038248239533547744,0.046910182217691124,nan,nan,0.01547960427963693,20,0,0,0.26633980000042357,19200,0,7372800.0,2150400,1249
paper-tau0.2,paper,PS2-ring,ring,far,2,4.165438543674542,1.8007724220749708,2.0359822993858128,nan,nan,nan,300,1,0,0.10140270000556484,19200,2457600,0.0,0,128
paper-tau0.5,paper,PS2-ring,ring,far,2,0.011840572925071235,0.0753546858446365,0.09779966680072026,nan,nan,nan,200,0,0,0.09527729998808354,19200,2457600,0.0,0,128
paper-tau1,paper,PS2-ring,ring,far,2,0.011923593041153646,0.0718554294091136,0.09052885054163817,nan,nan,nan,80,0,0,0.09068660001503304,19200,2457600,0.0,0,128
paper-tau2,paper,PS2-ring,ring,far,2,0.018834117100520853,0.09438374023248258,0.12024448162591,nan,nan,nan,80,0,0,0.0847813000145834,19200,2457600,0.0,0,128
coordinate-pqt,coordinate-negative-control,PS2-ring,ring,far,2,0.02257311005586482,0.10501975587921446,0.1350489188273891,nan,nan,0.0,20,0,0,0.0398960999737028,19200,0,460800.0,115200,325
psqt-L8-K64-R3-e0.5,psqt,PS2-ring,ring,far,2,0.004220047669223126,0.04531227281816639,0.0580047049222559,nan,nan,0.017102271623355963,20,0,0,0.1414492000185419,19200,0,3686400.0,1075200,721
psqt-L16-K64-R3-e0.5,psqt,PS2-ring,ring,far,2,0.00396904310428714,0.0439141608376965,0.05606054209041794,nan,nan,0.017095599603273927,20,0,0,0.2643621999886818,19200,0,7372800.0,2150400,1249
psqt-L32-K64-R3-e0.5,psqt,PS2-ring,ring,far,2,0.0037795015377593,0.04346518389238068,0.054359111472815226,nan,nan,0.01658802274230304,20,0,0,0.5039700999914203,19200,0,14745600.0,4300800,2305
psqt-L16-K64-R6-e0.5,psqt,PS2-ring,ring,far,2,0.003964207778822226,0.043809648426625464,0.05602588226361143,nan,nan,0.01606532049585046,20,0,0,0.3369302999926731,19200,0,12902400.0,3993600,1249
psqt-L16-K64-R3-e1,psqt,PS2-ring,ring,far,2,0.003981298517624632,0.044158346067851684,0.05618430960050354,nan,nan,0.015608555992515054,20,0,0,0.2684931000112556,19200,0,7372800.0,2150400,1249
paper-tau0.2,paper,PS2-ring,ring,far,3,4.0728112076296314,1.7735968034269554,2.00887768147137,nan,nan,nan,300,1,0,0.10665480000898242,19200,2457600,0.0,0,128
paper-tau0.5,paper,PS2-ring,ring,far,3,0.008141054116417301,0.0587921414481051,0.08317883660700842,nan,nan,nan,180,0,0,0.09239160001743585,19200,2457600,0.0,0,128
paper-tau1,paper,PS2-ring,ring,far,3,0.009948371989669358,0.06225996718999137,0.079114832016132,nan,nan,nan,80,0,0,0.08108009997522458,19200,2457600,0.0,0,128
paper-tau2,paper,PS2-ring,ring,far,3,0.015677971490547282,0.0801560434692326,0.10679156699207065,nan,nan,nan,80,0,0,0.083986100013135,19200,2457600,0.0,0,128
coordinate-pqt,coordinate-negative-control,PS2-ring,ring,far,3,0.017160512644107673,0.0920549167071844,0.11676749270289186,nan,nan,0.0,20,0,0,0.03955600000335835,19200,0,460800.0,115200,325
psqt-L8-K64-R3-e0.5,psqt,PS2-ring,ring,far,3,0.0026190791771356636,0.03730661098025473,0.04558865708818273,nan,nan,0.01637117821104261,20,0,0,0.14395409999997355,19200,0,3686400.0,1075200,721
psqt-L16-K64-R3-e0.5,psqt,PS2-ring,ring,far,3,0.0023364081662100578,0.035487562690878084,0.042154462955911264,nan,nan,0.015657742712317443,20,0,0,0.26493599999230355,19200,0,7372800.0,2150400,1249
psqt-L32-K64-R3-e0.5,psqt,PS2-ring,ring,far,3,0.0022496231722142213,0.03477199082918605,0.04100872408464677,nan,nan,0.015452632724569731,20,0,0,0.5053331000090111,19200,0,14745600.0,4300800,2305
psqt-L16-K64-R6-e0.5,psqt,PS2-ring,ring,far,3,0.0023901493463542867,0.0355992671600301,0.042178189262836494,nan,nan,0.01461345345734898,20,0,0,0.3340099999913946,19200,0,12902400.0,3993600,1249
psqt-L16-K64-R3-e1,psqt,PS2-ring,ring,far,3,0.002315404194249693,0.03541275092049625,0.042053256346880986,nan,nan,0.015078069233468928,20,0,0,0.26757440000073984,19200,0,7372800.0,2150400,1249
paper-tau0.2,paper,PS2-ring,ring,far,4,4.281621331362542,1.8165226388593558,2.060218376870095,nan,nan,nan,300,1,0,0.10437770001590252,19200,2457600,0.0,0,128
paper-tau0.5,paper,PS2-ring,ring,far,4,0.010097868538315069,0.07060711121040042,0.09922196748054346,nan,nan,nan,180,0,0,0.08964479999849573,19200,2457600,0.0,0,128
paper-tau1,paper,PS2-ring,ring,far,4,0.009742376768826055,0.06369644272046926,0.08165000650266835,nan,nan,nan,80,0,0,0.08343519998015836,19200,2457600,0.0,0,128
paper-tau2,paper,PS2-ring,ring,far,4,0.015345601310400525,0.08246760780992213,0.11001702767232145,nan,nan,nan,80,0,0,0.08747650001896545,19200,2457600,0.0,0,128
coordinate-pqt,coordinate-negative-control,PS2-ring,ring,far,4,0.019604504171073067,0.09716308636801073,0.12365872446269445,nan,nan,0.0,20,0,0,0.045571900001959875,19200,0,460800.0,115200,325
psqt-L8-K64-R3-e0.5,psqt,PS2-ring,ring,far,4,0.002508502958748826,0.03648586930835472,0.044808789078625566,nan,nan,0.01660144879236532,20,0,0,0.14379090000875294,19200,0,3686400.0,1075200,721
psqt-L16-K64-R3-e0.5,psqt,PS2-ring,ring,far,4,0.00195143741010817,0.03217112670633166,0.03816050385533784,nan,nan,0.016606259771123375,20,0,0,0.267980600008741,19200,0,7372800.0,2150400,1249
psqt-L32-K64-R3-e0.5,psqt,PS2-ring,ring,far,4,0.0018038290384425615,0.030505578698164157,0.03603286442680187,nan,nan,0.015530184096872382,20,0,0,0.5251264999969862,19200,0,14745600.0,4300800,2305
psqt-L16-K64-R6-e0.5,psqt,PS2-ring,ring,far,4,0.0018729232843934795,0.031208336603610932,0.03734879587051321,nan,nan,0.016046331701197465,20,0,0,0.3692788000043947,19200,0,12902400.0,3993600,1249
psqt-L16-K64-R3-e1,psqt,PS2-ring,ring,far,4,0.001959921004478282,0.03216464557417655,0.03825989983948963,nan,nan,0.01676381665385643,20,0,0,0.2824996999988798,19200,0,7372800.0,2150400,1249
paper-tau0.2,paper,PS2-circles,circles,concentrated,0,0.014314903212733876,0.09235385636307464,0.12132074443928303,nan,nan,nan,240,0,0,0.11417620000429451,19200,2457600,0.0,0,128
paper-tau0.5,paper,PS2-circles,circles,concentrated,0,0.005703336411883031,0.048238735741597594,0.06505259274614339,nan,nan,nan,120,0,0,0.08521390001988038,19200,2457600,0.0,0,128
paper-tau1,paper,PS2-circles,circles,concentrated,0,0.007282461480377922,0.053824440145208804,0.07459542273533157,nan,nan,nan,100,0,0,0.08373520002351142,19200,2457600,0.0,0,128
paper-tau2,paper,PS2-circles,circles,concentrated,0,0.009713098534348097,0.06316138820073479,0.08990864511210597,nan,nan,nan,80,0,0,0.08315180000499822,19200,2457600,0.0,0,128
coordinate-pqt,coordinate-negative-control,PS2-circles,circles,concentrated,0,0.008792942968053552,0.06397323771756609,0.08596480769030913,nan,nan,0.0,20,0,0,0.04140310001093894,19200,0,460800.0,115200,325
psqt-L8-K64-R3-e0.5,psqt,PS2-circles,circles,concentrated,0,0.003128780915060969,0.03991600766325538,0.0521882695276013,nan,nan,0.018092750339326197,20,0,0,0.1446072999970056,19200,0,3686400.0,1075200,721
psqt-L16-K64-R3-e0.5,psqt,PS2-circles,circles,concentrated,0,0.002527162671972727,0.03563114210763561,0.046674882140132136,nan,nan,0.0184571369978528,20,0,0,0.2726083000015933,19200,0,7372800.0,2150400,1249
psqt-L32-K64-R3-e0.5,psqt,PS2-circles,circles,concentrated,0,0.002382976746796439,0.03461410783146855,0.04540526641106244,nan,nan,0.019943919728515214,20,0,0,0.511378999974113,19200,0,14745600.0,4300800,2305
psqt-L16-K64-R6-e0.5,psqt,PS2-circles,circles,concentrated,0,0.00259267753346637,0.03598891873869738,0.04733540482276762,nan,nan,0.018621409980965665,20,0,0,0.33890540001448244,19200,0,12902400.0,3993600,1249
psqt-L16-K64-R3-e1,psqt,PS2-circles,circles,concentrated,0,0.0025260539369348356,0.035291213044751316,0.04609196211691526,nan,nan,0.017916672074144727,20,0,0,0.2701758999901358,19200,0,7372800.0,2150400,1249
paper-tau0.2,paper,PS2-circles,circles,concentrated,1,0.011935745668208764,0.08501026946712775,0.10966335185754622,nan,nan,nan,220,0,0,0.09659950001514517,19200,2457600,0.0,0,128
paper-tau0.5,paper,PS2-circles,circles,concentrated,1,0.00526105404902899,0.044597495531775735,0.05842746844538171,nan,nan,nan,120,0,0,0.08604269998613745,19200,2457600,0.0,0,128
paper-tau1,paper,PS2-circles,circles,concentrated,1,0.0065994536659168546,0.050432262162991084,0.06852791649838415,nan,nan,nan,100,0,0,0.0893694999977015,19200,2457600,0.0,0,128
paper-tau2,paper,PS2-circles,circles,concentrated,1,0.00874408212506994,0.060083000906848275,0.08559418749278591,nan,nan,nan,80,0,0,0.08454660000279546,19200,2457600,0.0,0,128
coordinate-pqt,coordinate-negative-control,PS2-circles,circles,concentrated,1,0.005480711176499065,0.05129917212472079,0.06556412705234561,nan,nan,0.0,20,0,0,0.04081249999580905,19200,0,460800.0,115200,325
psqt-L8-K64-R3-e0.5,psqt,PS2-circles,circles,concentrated,1,0.0028946538141507716,0.03840562235550476,0.05111342049208524,nan,nan,0.017616453185041087,20,0,0,0.15212650000466965,19200,0,3686400.0,1075200,721
psqt-L16-K64-R3-e0.5,psqt,PS2-circles,circles,concentrated,1,0.002490817791260369,0.036736307239858164,0.047714381987175834,nan,nan,0.017971692032591774,20,0,0,0.273376900004223,19200,0,7372800.0,2150400,1249
psqt-L32-K64-R3-e0.5,psqt,PS2-circles,circles,concentrated,1,0.0022287814628034752,0.034580189316353344,0.044780452328675516,nan,nan,0.01981357916864272,20,0,0,0.5030311000009533,19200,0,14745600.0,4300800,2305
psqt-L16-K64-R6-e0.5,psqt,PS2-circles,circles,concentrated,1,0.002369964151993531,0.035942496574165726,0.04707543205517647,nan,nan,0.017799673639785712,20,0,0,0.3332953000208363,19200,0,12902400.0,3993600,1249
psqt-L16-K64-R3-e1,psqt,PS2-circles,circles,concentrated,1,0.0023974684724914486,0.03575036337722476,0.04662184450501524,nan,nan,0.01782850849687557,20,0,0,0.26552020001690835,19200,0,7372800.0,2150400,1249
paper-tau0.2,paper,PS2-circles,circles,concentrated,2,0.010887094959468158,0.07893070795216035,0.10654204685209917,nan,nan,nan,200,0,0,0.10308719999738969,19200,2457600,0.0,0,128
paper-tau0.5,paper,PS2-circles,circles,concentrated,2,0.0069219945958758355,0.05359082278523632,0.07228073610616388,nan,nan,nan,100,0,0,0.08530259999679402,19200,2457600,0.0,0,128
paper-tau1,paper,PS2-circles,circles,concentrated,2,0.008581276862961174,0.06066792864764964,0.08390086143185513,nan,nan,nan,80,0,0,0.08331339998403564,19200,2457600,0.0,0,128
paper-tau2,paper,PS2-circles,circles,concentrated,2,0.011018911533514197,0.07095151970155561,0.10132363370862867,nan,nan,nan,80,0,0,0.08503600000403821,19200,2457600,0.0,0,128
coordinate-pqt,coordinate-negative-control,PS2-circles,circles,concentrated,2,0.005772871596125828,0.05268200023852167,0.06771939933174499,nan,nan,0.0,20,0,0,0.0408150999865029,19200,0,460800.0,115200,325
psqt-L8-K64-R3-e0.5,psqt,PS2-circles,circles,concentrated,2,0.0029681803914711757,0.03738762546518181,0.046619944096018474,nan,nan,0.016459368424273497,20,0,0,0.14584650000324473,19200,0,3686400.0,1075200,721
psqt-L16-K64-R3-e0.5,psqt,PS2-circles,circles,concentrated,2,0.0023456813834532575,0.03302617139524805,0.04138871356934596,nan,nan,0.017930611660874386,20,0,0,0.2653645999962464,19200,0,7372800.0,2150400,1249
psqt-L32-K64-R3-e0.5,psqt,PS2-circles,circles,concentrated,2,0.0021566027277875044,0.03193007789728941,0.04032744770993882,nan,nan,0.0197184506043614,20,0,0,0.5066487999865785,19200,0,14745600.0,4300800,2305
psqt-L16-K64-R6-e0.5,psqt,PS2-circles,circles,concentrated,2,0.0023577383987845035,0.03321685516771072,0.04218202843468343,nan,nan,0.018159522338259123,20,0,0,0.3353433000156656,19200,0,12902400.0,3993600,1249
psqt-L16-K64-R3-e1,psqt,PS2-circles,circles,concentrated,2,0.002375338451827247,0.03321331121518687,0.041801568864456795,nan,nan,0.016915668533081768,20,0,0,0.2679772999836132,19200,0,7372800.0,2150400,1249
paper-tau0.2,paper,PS2-circles,circles,concentrated,3,0.014687509068017635,0.09232951369059414,0.1204217425148108,nan,nan,nan,200,0,0,0.09446280001429841,19200,2457600,0.0,0,128
paper-tau0.5,paper,PS2-circles,circles,concentrated,3,0.005547347227179422,0.04946907943816078,0.06808264072708536,nan,nan,nan,100,0,0,0.08715479998500086,19200,2457600,0.0,0,128
paper-tau1,paper,PS2-circles,circles,concentrated,3,0.006873748594469653,0.05590055238140812,0.08096273483088195,nan,nan,nan,80,0,0,0.08541180001338944,19200,2457600,0.0,0,128
paper-tau2,paper,PS2-circles,circles,concentrated,3,0.008876546494735793,0.06565326846297566,0.10145989486565797,nan,nan,nan,80,0,0,0.08374760000151582,19200,2457600,0.0,0,128
coordinate-pqt,coordinate-negative-control,PS2-circles,circles,concentrated,3,0.009980178593830269,0.06743971546300719,0.09164267213048392,nan,nan,0.0,20,0,0,0.040627699985634536,19200,0,460800.0,115200,325
psqt-L8-K64-R3-e0.5,psqt,PS2-circles,circles,concentrated,3,0.0027866279291224316,0.0384338323565126,0.04992421612638779,nan,nan,0.015965207335017027,20,0,0,0.14448580000316724,19200,0,3686400.0,1075200,721
psqt-L16-K64-R3-e0.5,psqt,PS2-circles,circles,concentrated,3,0.002621444923436078,0.037608996776992844,0.04823205030013352,nan,nan,0.018615335288187103,20,0,0,0.2661266000068281,19200,0,7372800.0,2150400,1249
psqt-L32-K64-R3-e0.5,psqt,PS2-circles,circles,concentrated,3,0.0024425131394784083,0.03645684668545622,0.046572481683713175,nan,nan,0.019657226908484437,20,0,0,0.509459799999604,19200,0,14745600.0,4300800,2305
psqt-L16-K64-R6-e0.5,psqt,PS2-circles,circles,concentrated,3,0.0026143996228646937,0.03741224121623565,0.048565030025592926,nan,nan,0.018226927463364077,20,0,0,0.33349819999421015,19200,0,12902400.0,3993600,1249
psqt-L16-K64-R3-e1,psqt,PS2-circles,circles,concentrated,3,0.002640119434015986,0.03742414591215871,0.04812248502724254,nan,nan,0.018759154645686817,20,0,0,0.26667920002364554,19200,0,7372800.0,2150400,1249
paper-tau0.2,paper,PS2-circles,circles,concentrated,4,0.014582965009693138,0.09412613823074817,0.117117057275672,nan,nan,nan,220,0,0,0.10635779998847283,19200,2457600,0.0,0,128
paper-tau0.5,paper,PS2-circles,circles,concentrated,4,0.0044833513227839905,0.043326248824517,0.060606241466811026,nan,nan,nan,120,0,0,0.09824399999342859,19200,2457600,0.0,0,128
paper-tau1,paper,PS2-circles,circles,concentrated,4,0.005739976273931635,0.049273098928654536,0.07095151738188392,nan,nan,nan,100,0,0,0.08700110000791028,19200,2457600,0.0,0,128
paper-tau2,paper,PS2-circles,circles,concentrated,4,0.00846042993970686,0.06250097799598198,0.09202266000093773,nan,nan,nan,80,0,0,0.08696640000562184,19200,2457600,0.0,0,128
coordinate-pqt,coordinate-negative-control,PS2-circles,circles,concentrated,4,0.007023381249658733,0.057860879164552695,0.07353335785601847,nan,nan,0.0,20,0,0,0.041688600002089515,19200,0,460800.0,115200,325
psqt-L8-K64-R3-e0.5,psqt,PS2-circles,circles,concentrated,4,0.003121832896191057,0.042419461226638026,0.05505083010046809,nan,nan,0.01790504748382342,20,0,0,0.14255869999760762,19200,0,3686400.0,1075200,721
psqt-L16-K64-R3-e0.5,psqt,PS2-circles,circles,concentrated,4,0.002893135068816166,0.04076916204854467,0.053085613866766294,nan,nan,0.018550613296153547,20,0,0,0.2656342000118457,19200,0,7372800.0,2150400,1249
psqt-L32-K64-R3-e0.5,psqt,PS2-circles,circles,concentrated,4,0.002704171606869865,0.039502101747781446,0.05159328085422339,nan,nan,0.01885647238002724,20,0,0,0.5123943999933545,19200,0,14745600.0,4300800,2305
psqt-L16-K64-R6-e0.5,psqt,PS2-circles,circles,concentrated,4,0.0029221894634328116,0.04081985354705559,0.052799864003297,nan,nan,0.019071325657036224,20,0,0,0.3354560000007041,19200,0,12902400.0,3993600,1249
psqt-L16-K64-R3-e1,psqt,PS2-circles,circles,concentrated,4,0.002934052651922814,0.04071225342834708,0.052965204722197796,nan,nan,0.019124922657453552,20,0,0,0.2663699999975506,19200,0,7372800.0,2150400,1249
paper-tau0.2,paper,PS2-circles,circles,far,0,4.35572467492292,1.7631018298660437,1.978911207624488,nan,nan,nan,300,1,0,0.10245360000408255,19200,2457600,0.0,0,128
paper-tau0.5,paper,PS2-circles,circles,far,0,0.0064954076999181876,0.05432900006035925,0.08009137179825318,nan,nan,nan,180,0,0,0.09088779997546226,19200,2457600,0.0,0,128
paper-tau1,paper,PS2-circles,circles,far,0,0.007286221640907087,0.05495149622344096,0.07323334951113698,nan,nan,nan,80,0,0,0.08282260000123642,19200,2457600,0.0,0,128
paper-tau2,paper,PS2-circles,circles,far,0,0.010379031619188073,0.06827610208676715,0.09302683237254417,nan,nan,nan,60,0,0,0.0805955000105314,19200,2457600,0.0,0,128
coordinate-pqt,coordinate-negative-control,PS2-circles,circles,far,0,0.00875391211872456,0.06546881599606373,0.08048264216480275,nan,nan,0.0,20,0,0,0.040036699996562675,19200,0,460800.0,115200,325
psqt-L8-K64-R3-e0.5,psqt,PS2-circles,circles,far,0,0.0033842633506410147,0.04179003944610979,0.05208595203304291,nan,nan,0.015428330923241744,20,0,0,0.1428416999988258,19200,0,3686400.0,1075200,721
psqt-L16-K64-R3-e0.5,psqt,PS2-circles,circles,far,0,0.0031074552156244994,0.03960762594524246,0.04957520241446497,nan,nan,0.018405441962607235,20,0,0,0.26858280002488755,19200,0,7372800.0,2150400,1249
psqt-L32-K64-R3-e0.5,psqt,PS2-circles,circles,far,0,0.0029471796466619127,0.039208011129325,0.0481499702529207,nan,nan,0.020014312894114584,20,0,0,0.5156973999983165,19200,0,14745600.0,4300800,2305
psqt-L16-K64-R6-e0.5,psqt,PS2-circles,circles,far,0,0.0030189179948527656,0.039417361478910645,0.04873019454193103,nan,nan,0.01809803683393455,20,0,0,0.3404205999977421,19200,0,12902400.0,3993600,1249
psqt-L16-K64-R3-e1,psqt,PS2-circles,circles,far,0,0.0031161908704688823,0.0398020055390244,0.0496084760512443,nan,nan,0.01827825700726401,20,0,0,0.26444030000129715,19200,0,7372800.0,2150400,1249
paper-tau0.2,paper,PS2-circles,circles,far,1,4.295061250495731,1.7455801538190583,1.956318159801241,nan,nan,nan,300,1,0,0.10250889998860657,19200,2457600,0.0,0,128
paper-tau0.5,paper,PS2-circles,circles,far,1,0.0069025776649658255,0.053995709555349616,0.07364128677670088,nan,nan,nan,180,0,0,0.09628910000901669,19200,2457600,0.0,0,128
paper-tau1,paper,PS2-circles,circles,far,1,0.008007814778983269,0.056603701751610495,0.07940364603049732,nan,nan,nan,80,0,0,0.0830337000079453,19200,2457600,0.0,0,128
paper-tau2,paper,PS2-circles,circles,far,1,0.010522929627083677,0.06720069895254972,0.09926708824191195,nan,nan,nan,60,0,0,0.08234349999111146,19200,2457600,0.0,0,128
coordinate-pqt,coordinate-negative-control,PS2-circles,circles,far,1,0.00771836195043496,0.05584876135555539,0.07475785696689999,nan,nan,0.0,20,0,0,0.03997789998538792,19200,0,460800.0,115200,325
psqt-L8-K64-R3-e0.5,psqt,PS2-circles,circles,far,1,0.0024402885977035105,0.03410919586299463,0.044777156079964,nan,nan,0.020050366275789,20,0,0,0.1402630000084173,19200,0,3686400.0,1075200,721
psqt-L16-K64-R3-e0.5,psqt,PS2-circles,circles,far,1,0.0020547104917120196,0.03130562013599778,0.041095083159433235,nan,nan,0.01840397586315505,20,0,0,0.26364240000839345,19200,0,7372800.0,2150400,1249
psqt-L32-K64-R3-e0.5,psqt,PS2-circles,circles,far,1,0.0018804707095215756,0.03028929022772318,0.03911353179808184,nan,nan,0.01993890598925102,20,0,0,0.5089248000003863,19200,0,14745600.0,4300800,2305
psqt-L16-K64-R6-e0.5,psqt,PS2-circles,circles,far,1,0.0020564913061151824,0.031624430123613836,0.04094610226774458,nan,nan,0.01820443657049264,20,0,0,0.33092480001505464,19200,0,12902400.0,3993600,1249
psqt-L16-K64-R3-e1,psqt,PS2-circles,circles,far,1,0.002004291811441572,0.030788330456069424,0.04026893529057257,nan,nan,0.018625162768254624,20,0,0,0.2682277999992948,19200,0,7372800.0,2150400,1249
paper-tau0.2,paper,PS2-circles,circles,far,2,4.204222080429149,1.7247720290305986,1.9338408262110962,nan,nan,nan,300,1,0,0.10283459999482147,19200,2457600,0.0,0,128
paper-tau0.5,paper,PS2-circles,circles,far,2,0.006276807331501377,0.05278742407011008,0.07526200052266044,nan,nan,nan,180,0,0,0.09387079998850822,19200,2457600,0.0,0,128
paper-tau1,paper,PS2-circles,circles,far,2,0.006985953478965801,0.05436621615890328,0.08002556928303951,nan,nan,nan,80,0,0,0.08133009998709895,19200,2457600,0.0,0,128
paper-tau2,paper,PS2-circles,circles,far,2,0.00952965819531304,0.06705773019321871,0.1031448435877368,nan,nan,nan,60,0,0,0.08146210000268184,19200,2457600,0.0,0,128
coordinate-pqt,coordinate-negative-control,PS2-circles,circles,far,2,0.006018197379623835,0.053690685715659096,0.0705832474842881,nan,nan,0.0,20,0,0,0.0417994000017643,19200,0,460800.0,115200,325
psqt-L8-K64-R3-e0.5,psqt,PS2-circles,circles,far,2,0.002573442626985889,0.036413694558774086,0.04726022139901116,nan,nan,0.014699167966194526,20,0,0,0.1452057000133209,19200,0,3686400.0,1075200,721
psqt-L16-K64-R3-e0.5,psqt,PS2-circles,circles,far,2,0.0023048280102725416,0.03501626623701438,0.04501322901983448,nan,nan,0.0177996428664243,20,0,0,0.267109900014475,19200,0,7372800.0,2150400,1249
psqt-L32-K64-R3-e0.5,psqt,PS2-circles,circles,far,2,0.0020898203197009524,0.03305451082844723,0.04316823505717599,nan,nan,0.019053395100514636,20,0,0,0.5081326000217814,19200,0,14745600.0,4300800,2305
psqt-L16-K64-R6-e0.5,psqt,PS2-circles,circles,far,2,0.002326069226070593,0.03510288415557209,0.0456408124357163,nan,nan,0.018329130992759183,20,0,0,0.3333262999949511,19200,0,12902400.0,3993600,1249
psqt-L16-K64-R3-e1,psqt,PS2-circles,circles,far,2,0.0022140701249619976,0.03433590224480015,0.04474581671078161,nan,nan,0.018529656364496314,20,0,0,0.2594784999964759,19200,0,7372800.0,2150400,1249
paper-tau0.2,paper,PS2-circles,circles,far,3,4.302205489816862,1.7471579908854706,1.9618637831267896,nan,nan,nan,300,1,0,0.10435530001996085,19200,2457600,0.0,0,128
paper-tau0.5,paper,PS2-circles,circles,far,3,0.00639345368247235,0.05282073466464986,0.07255362137770487,nan,nan,nan,180,0,0,0.09179340000264347,19200,2457600,0.0,0,128
paper-tau1,paper,PS2-circles,circles,far,3,0.007014317237136858,0.05457509975072669,0.07691902545768059,nan,nan,nan,80,0,0,0.08404549999977462,19200,2457600,0.0,0,128
paper-tau2,paper,PS2-circles,circles,far,3,0.00956858604286337,0.06569723413470174,0.09456802663053436,nan,nan,nan,60,0,0,0.08028869997360744,19200,2457600,0.0,0,128
coordinate-pqt,coordinate-negative-control,PS2-circles,circles,far,3,0.010947432375435717,0.06689511724782118,0.09004947926764023,nan,nan,0.0,20,0,0,0.0397516000084579,19200,0,460800.0,115200,325
psqt-L8-K64-R3-e0.5,psqt,PS2-circles,circles,far,3,0.002896064530568232,0.039447672962759334,0.05131565091466863,nan,nan,0.015492744452595766,20,0,0,0.1419717000098899,19200,0,3686400.0,1075200,721
psqt-L16-K64-R3-e0.5,psqt,PS2-circles,circles,far,3,0.0025378558812323426,0.03692504754339014,0.04793959893836802,nan,nan,0.017802263979933237,20,0,0,0.26321060000918806,19200,0,7372800.0,2150400,1249
psqt-L32-K64-R3-e0.5,psqt,PS2-circles,circles,far,3,0.0024422509657896496,0.03677861408352136,0.04713338878373055,nan,nan,0.019677491528222506,20,0,0,0.5046023999748286,19200,0,14745600.0,4300800,2305
psqt-L16-K64-R6-e0.5,psqt,PS2-circles,circles,far,3,0.002659934399995345,0.037535407703058694,0.04845320714473543,nan,nan,0.01760667528434891,20,0,0,0.33030390000203624,19200,0,12902400.0,3993600,1249
psqt-L16-K64-R3-e1,psqt,PS2-circles,circles,far,3,0.002543269180365959,0.03719595709870811,0.04803436964057184,nan,nan,0.01730517022867694,20,0,0,0.2602020000049379,19200,0,7372800.0,2150400,1249
paper-tau0.2,paper,PS2-circles,circles,far,4,4.320804423647956,1.7478742211438052,1.9594195254269036,nan,nan,nan,300,1,0,0.12042479999945499,19200,2457600,0.0,0,128
paper-tau0.5,paper,PS2-circles,circles,far,4,0.009078824353380144,0.06395309261476133,0.08307221866416298,nan,nan,nan,180,0,0,0.09143939998466522,19200,2457600,0.0,0,128
paper-tau1,paper,PS2-circles,circles,far,4,0.00958581104491496,0.0632132345463034,0.08314474429479159,nan,nan,nan,60,0,0,0.08251719997497275,19200,2457600,0.0,0,128
paper-tau2,paper,PS2-circles,circles,far,4,0.012891167902480793,0.07652943287166897,0.1028506799543395,nan,nan,nan,60,0,0,0.08493700000690296,19200,2457600,0.0,0,128
coordinate-pqt,coordinate-negative-control,PS2-circles,circles,far,4,0.008540556560930002,0.05969475865408241,0.07691343119288936,nan,nan,0.0,20,0,0,0.0398904999892693,19200,0,460800.0,115200,325
psqt-L8-K64-R3-e0.5,psqt,PS2-circles,circles,far,4,0.003768581359686052,0.041524525349466095,0.05209242566558436,nan,nan,0.016374695560865928,20,0,0,0.1439838999940548,19200,0,3686400.0,1075200,721
psqt-L16-K64-R3-e0.5,psqt,PS2-circles,circles,far,4,0.0036008608739392933,0.041634817198620354,0.05055267631000586,nan,nan,0.0187090857890854,20,0,0,0.2671864000149071,19200,0,7372800.0,2150400,1249
psqt-L32-K64-R3-e0.5,psqt,PS2-circles,circles,far,4,0.003377229450023833,0.039606108910816305,0.04822357116864285,nan,nan,0.019427873848471604,20,0,0,0.5050861999916378,19200,0,14745600.0,4300800,2305
psqt-L16-K64-R6-e0.5,psqt,PS2-circles,circles,far,4,0.00359170905063122,0.0414110940202113,0.0506009841050959,nan,nan,0.017684298472090767,20,0,0,0.3366379000071902,19200,0,12902400.0,3993600,1249
psqt-L16-K64-R3-e1,psqt,PS2-circles,circles,far,4,0.003525302699990185,0.04110372767541446,0.05001334150381623,nan,nan,0.01826214905019366,20,0,0,0.26743109998642467,19200,0,7372800.0,2150400,1249
paper-tau0.2,paper,PS2-moons,moons,concentrated,0,0.1032150225955073,0.24059964515045526,0.30904040183421805,nan,nan,nan,300,1,0,0.10934190000989474,19200,2457600,0.0,0,128
paper-tau0.5,paper,PS2-moons,moons,concentrated,0,0.008926576244178808,0.06869960805066588,0.08570838437143584,nan,nan,nan,100,0,0,0.08592670000507496,19200,2457600,0.0,0,128
paper-tau1,paper,PS2-moons,moons,concentrated,0,0.01011580157554981,0.07259037372963413,0.09283422144677095,nan,nan,nan,60,0,0,0.08239190001040697,19200,2457600,0.0,0,128
paper-tau2,paper,PS2-moons,moons,concentrated,0,0.012613804998399258,0.08091632804204196,0.1092596167481579,nan,nan,nan,60,0,0,0.08716110000386834,19200,2457600,0.0,0,128
coordinate-pqt,coordinate-negative-control,PS2-moons,moons,concentrated,0,0.03330407304896599,0.13143032549663586,0.17094977029775443,nan,nan,0.0,20,0,0,0.04019259999040514,19200,0,460800.0,115200,325
psqt-L8-K64-R3-e0.5,psqt,PS2-moons,moons,concentrated,0,0.0057794944285105565,0.0597845354927421,0.07673891486252754,nan,nan,0.02061989947961519,20,0,0,0.1494929000036791,19200,0,3686400.0,1075200,721
psqt-L16-K64-R3-e0.5,psqt,PS2-moons,moons,concentrated,0,0.005219935972864631,0.058336820107747454,0.07396341735121673,nan,nan,0.020074535840277172,20,0,0,0.2761954000161495,19200,0,7372800.0,2150400,1249
psqt-L32-K64-R3-e0.5,psqt,PS2-moons,moons,concentrated,0,0.005073424334531618,0.05801747378319786,0.07304798161424464,nan,nan,0.020179688456649445,20,0,0,0.516291599982651,19200,0,14745600.0,4300800,2305
psqt-L16-K64-R6-e0.5,psqt,PS2-moons,moons,concentrated,0,0.005259189190115032,0.05832198533109801,0.07319756569199831,nan,nan,0.020390137270971196,20,0,0,0.3423359000007622,19200,0,12902400.0,3993600,1249
psqt-L16-K64-R3-e1,psqt,PS2-moons,moons,concentrated,0,0.005263822769504989,0.058580158635928095,0.07326742202028275,nan,nan,0.019016372874437807,20,0,0,0.27469220000784844,19200,0,7372800.0,2150400,1249
paper-tau0.2,paper,PS2-moons,moons,concentrated,1,0.10470333731803505,0.24257028978735223,0.31472771795598004,nan,nan,nan,300,1,0,0.10585449999780394,19200,2457600,0.0,0,128
paper-tau0.5,paper,PS2-moons,moons,concentrated,1,0.006530490188327631,0.05753618828419687,0.0740777492697098,nan,nan,nan,100,0,0,0.08970839998801239,19200,2457600,0.0,0,128
paper-tau1,paper,PS2-moons,moons,concentrated,1,0.008653253932508598,0.06667634878011246,0.08666187495434387,nan,nan,nan,80,0,0,0.08614959998521954,19200,2457600,0.0,0,128
paper-tau2,paper,PS2-moons,moons,concentrated,1,0.011902647869213023,0.08064410032822317,0.1087503043402184,nan,nan,nan,60,0,0,0.08579149999422953,19200,2457600,0.0,0,128
coordinate-pqt,coordinate-negative-control,PS2-moons,moons,concentrated,1,0.030797926025065703,0.12376135867231808,0.1644944142115647,nan,nan,0.0,20,0,0,0.040974500006996095,19200,0,460800.0,115200,325
psqt-L8-K64-R3-e0.5,psqt,PS2-moons,moons,concentrated,1,0.0052177141421800854,0.05817794455318095,0.07178823442236927,nan,nan,0.018424215769905883,20,0,0,0.14087170001585037,19200,0,3686400.0,1075200,721
psqt-L16-K64-R3-e0.5,psqt,PS2-moons,moons,concentrated,1,0.0048458418849524065,0.056916323396202374,0.07140783852777983,nan,nan,0.01979901195769343,20,0,0,0.2726251999847591,19200,0,7372800.0,2150400,1249
psqt-L32-K64-R3-e0.5,psqt,PS2-moons,moons,concentrated,1,0.004677892820971419,0.05635351932841377,0.06999434653194664,nan,nan,0.020911954173305106,20,0,0,0.5092418999993242,19200,0,14745600.0,4300800,2305
psqt-L16-K64-R6-e0.5,psqt,PS2-moons,moons,concentrated,1,0.004826512382906767,0.056500172093221196,0.07086864700493778,nan,nan,0.01938317550238412,20,0,0,0.3324268000142183,19200,0,12902400.0,3993600,1249
psqt-L16-K64-R3-e1,psqt,PS2-moons,moons,concentrated,1,0.004865417200553335,0.05687880018343592,0.07077801870885878,nan,nan,0.019379463322234346,20,0,0,0.2616944999899715,19200,0,7372800.0,2150400,1249
paper-tau0.2,paper,PS2-moons,moons,concentrated,2,0.0972935831790267,0.22643290976045244,0.2966879523570057,nan,nan,nan,300,1,0,0.10200909999548458,19200,2457600,0.0,0,128
paper-tau0.5,paper,PS2-moons,moons,concentrated,2,0.005796476124193539,0.04911988054465891,0.06351214942201026,nan,nan,nan,100,0,0,0.08402180002303794,19200,2457600,0.0,0,128
paper-tau1,paper,PS2-moons,moons,concentrated,2,0.008099395378921459,0.05885647099581688,0.07746638318169868,nan,nan,nan,80,0,0,0.08827850001398474,19200,2457600,0.0,0,128
paper-tau2,paper,PS2-moons,moons,concentrated,2,0.011754144483688833,0.07371756582446794,0.10070707667926172,nan,nan,nan,60,0,0,0.08705499998177402,19200,2457600,0.0,0,128
coordinate-pqt,coordinate-negative-control,PS2-moons,moons,concentrated,2,0.019997960879236443,0.09785059343521638,0.13263851598766882,nan,nan,0.0,20,0,0,0.04229810001561418,19200,0,460800.0,115200,325
psqt-L8-K64-R3-e0.5,psqt,PS2-moons,moons,concentrated,2,0.003045696382441454,0.04207099484671106,0.05593910217017036,nan,nan,0.018428533891569208,20,0,0,0.14586469999630935,19200,0,3686400.0,1075200,721
psqt-L16-K64-R3-e0.5,psqt,PS2-moons,moons,concentrated,2,0.002638614837292552,0.040145603908510324,0.05328553442303519,nan,nan,0.020007939430332012,20,0,0,0.2640536999970209,19200,0,7372800.0,2150400,1249
psqt-L32-K64-R3-e0.5,psqt,PS2-moons,moons,concentrated,2,0.002460563522518333,0.039552231595490234,0.05184431321761559,nan,nan,0.019955105657704045,20,0,0,0.5090155999932904,19200,0,14745600.0,4300800,2305
psqt-L16-K64-R6-e0.5,psqt,PS2-moons,moons,concentrated,2,0.002607721568824717,0.040440290296507586,0.05273328769110487,nan,nan,0.01888354610137853,20,0,0,0.32903199997963384,19200,0,12902400.0,3993600,1249
psqt-L16-K64-R3-e1,psqt,PS2-moons,moons,concentrated,2,0.0026863587510350673,0.04134218291506904,0.05360347417628512,nan,nan,0.019746021775374958,20,0,0,0.26803999999538064,19200,0,7372800.0,2150400,1249
paper-tau0.2,paper,PS2-moons,moons,concentrated,3,0.08660653882298286,0.2122489025030757,0.28424529168422524,nan,nan,nan,300,1,0,0.10690909999539144,19200,2457600,0.0,0,128
paper-tau0.5,paper,PS2-moons,moons,concentrated,3,0.008024867017870418,0.06003871499442188,0.07728908884287587,nan,nan,nan,100,0,0,0.08702410000842065,19200,2457600,0.0,0,128
paper-tau1,paper,PS2-moons,moons,concentrated,3,0.011039328365873846,0.07208930168245277,0.09655677249633546,nan,nan,nan,80,0,0,0.08403450000332668,19200,2457600,0.0,0,128
paper-tau2,paper,PS2-moons,moons,concentrated,3,0.014757348261866365,0.08659555345590571,0.12250307511045798,nan,nan,nan,60,0,0,0.08300660000531934,19200,2457600,0.0,0,128
coordinate-pqt,coordinate-negative-control,PS2-moons,moons,concentrated,3,0.02566021362449611,0.11018325605712528,0.15207436194070126,nan,nan,0.0,20,0,0,0.0439147999859415,19200,0,460800.0,115200,325
psqt-L8-K64-R3-e0.5,psqt,PS2-moons,moons,concentrated,3,0.002858730717306246,0.03873039125655499,0.05033063541928846,nan,nan,0.020762643774032554,20,0,0,0.14664759999141097,19200,0,3686400.0,1075200,721
psqt-L16-K64-R3-e0.5,psqt,PS2-moons,moons,concentrated,3,0.0022274085341944527,0.0349326265122384,0.04539708159513807,nan,nan,0.019819809719469134,20,0,0,0.2651159999950323,19200,0,7372800.0,2150400,1249
psqt-L32-K64-R3-e0.5,psqt,PS2-moons,moons,concentrated,3,0.0019781904034565923,0.03323136079954732,0.04339886660530473,nan,nan,0.01998806509130001,20,0,0,0.5025109999987762,19200,0,14745600.0,4300800,2305
psqt-L16-K64-R6-e0.5,psqt,PS2-moons,moons,concentrated,3,0.002230449003797652,0.03518376364221484,0.046179454907420446,nan,nan,0.019632544672345115,20,0,0,0.3311342000088189,19200,0,12902400.0,3993600,1249
psqt-L16-K64-R3-e1,psqt,PS2-moons,moons,concentrated,3,0.0021811828724058735,0.03497029071827299,0.04518072579818836,nan,nan,0.019144167946455556,20,0,0,0.2837217000196688,19200,0,7372800.0,2150400,1249
paper-tau0.2,paper,PS2-moons,moons,concentrated,4,0.08583955314272362,0.22572472178400627,0.29196258689747745,nan,nan,nan,300,1,0,0.10836790001485497,19200,2457600,0.0,0,128
paper-tau0.5,paper,PS2-moons,moons,concentrated,4,0.007886934751514696,0.06448444000124941,0.08175146313960475,nan,nan,nan,100,0,0,0.0905913999886252,19200,2457600,0.0,0,128
paper-tau1,paper,PS2-moons,moons,concentrated,4,0.010277761411869646,0.07328096466357657,0.0943551125734262,nan,nan,nan,80,0,0,0.08620980000705458,19200,2457600,0.0,0,128
paper-tau2,paper,PS2-moons,moons,concentrated,4,0.01523140968839698,0.09414806980676554,0.12383690431830822,nan,nan,nan,60,0,0,0.08417919999919832,19200,2457600,0.0,0,128
coordinate-pqt,coordinate-negative-control,PS2-moons,moons,concentrated,4,0.04121797089137269,0.14423521110705737,0.18760820282986967,nan,nan,0.0,20,0,0,0.04218099999707192,19200,0,460800.0,115200,325
psqt-L8-K64-R3-e0.5,psqt,PS2-moons,moons,concentrated,4,0.004642134955255894,0.05349805206928692,0.06940481526286192,nan,nan,0.019717094980482616,20,0,0,0.14758550000260584,19200,0,3686400.0,1075200,721
psqt-L16-K64-R3-e0.5,psqt,PS2-moons,moons,concentrated,4,0.004221193276285229,0.05192885553023159,0.06709002335597372,nan,nan,0.019210982566456473,20,0,0,0.2655078000098001,19200,0,7372800.0,2150400,1249
psqt-L32-K64-R3-e0.5,psqt,PS2-moons,moons,concentrated,4,0.004073489545382003,0.05148527249132743,0.06700147291085154,nan,nan,0.019545494706735445,20,0,0,0.516572599997744,19200,0,14745600.0,4300800,2305
psqt-L16-K64-R6-e0.5,psqt,PS2-moons,moons,concentrated,4,0.004182231587419594,0.05151802097372209,0.06703609404649802,nan,nan,0.019279749153889393,20,0,0,0.3542822999879718,19200,0,12902400.0,3993600,1249
psqt-L16-K64-R3-e1,psqt,PS2-moons,moons,concentrated,4,0.0042910637328559265,0.052196116915726884,0.06780262909155328,nan,nan,0.019671053355644084,20,0,0,0.264916699990863,19200,0,7372800.0,2150400,1249
paper-tau0.2,paper,PS2-moons,moons,far,0,5.592357105068537,2.2454265321060807,2.507543438835528,nan,nan,nan,300,1,0,0.10456390000763349,19200,2457600,0.0,0,128
paper-tau0.5,paper,PS2-moons,moons,far,0,0.06673339723135951,0.2206511892615823,0.30966275026842527,nan,nan,nan,300,1,0,0.10576390000642277,19200,2457600,0.0,0,128
paper-tau1,paper,PS2-moons,moons,far,0,0.007508776061492917,0.06150780661626566,0.08644149170292115,nan,nan,nan,60,0,0,0.08225400000810623,19200,2457600,0.0,0,128
paper-tau2,paper,PS2-moons,moons,far,0,0.0105481023811691,0.07510592298457865,0.10642965279197124,nan,nan,nan,40,0,0,0.08001030000741594,19200,2457600,0.0,0,128
coordinate-pqt,coordinate-negative-control,PS2-moons,moons,far,0,0.02511336156250188,0.11214582149821097,0.14397765309750674,nan,nan,0.0,20,0,0,0.04195360001176596,19200,0,460800.0,115200,325
psqt-L8-K64-R3-e0.5,psqt,PS2-moons,moons,far,0,0.003229963659851398,0.04497558288499748,0.061360013596374476,nan,nan,0.01874176158122267,20,0,0,0.1466941999970004,19200,0,3686400.0,1075200,721
psqt-L16-K64-R3-e0.5,psqt,PS2-moons,moons,far,0,0.0029926955540628963,0.04405948346841528,0.05947518924886602,nan,nan,0.019639875089985385,20,0,0,0.269731700012926,19200,0,7372800.0,2150400,1249
psqt-L32-K64-R3-e0.5,psqt,PS2-moons,moons,far,0,0.0028148972076000867,0.04285530188398391,0.0585859652873086,nan,nan,0.020158855197163247,20,0,0,0.5115608999913093,19200,0,14745600.0,4300800,2305
psqt-L16-K64-R6-e0.5,psqt,PS2-moons,moons,far,0,0.002938545924948688,0.043744238997251585,0.05906255841155302,nan,nan,0.018996621488183027,20,0,0,0.34148970001842827,19200,0,12902400.0,3993600,1249
psqt-L16-K64-R3-e1,psqt,PS2-moons,moons,far,0,0.002857997594879258,0.04285491585062193,0.0582170891409927,nan,nan,0.019119344264655575,20,0,0,0.2773853999970015,19200,0,7372800.0,2150400,1249
paper-tau0.2,paper,PS2-moons,moons,far,1,5.598603371891958,2.24865875435088,2.510690174086894,nan,nan,nan,300,1,0,0.10642379999626428,19200,2457600,0.0,0,128
paper-tau0.5,paper,PS2-moons,moons,far,1,0.08667952120937872,0.25157548758633913,0.3762260107435339,nan,nan,nan,300,1,0,0.10848279998754151,19200,2457600,0.0,0,128
paper-tau1,paper,PS2-moons,moons,far,1,0.008508136224747664,0.06274207621824829,0.08604658033162052,nan,nan,nan,60,0,0,0.08712449998711236,19200,2457600,0.0,0,128
paper-tau2,paper,PS2-moons,moons,far,1,0.010856829168744087,0.06932181731682296,0.09942218960664463,nan,nan,nan,40,0,0,0.07907629999681376,19200,2457600,0.0,0,128
coordinate-pqt,coordinate-negative-control,PS2-moons,moons,far,1,0.017749179453518282,0.09301307904460383,0.1252943716371098,nan,nan,0.0,20,0,0,0.04204010000103153,19200,0,460800.0,115200,325
psqt-L8-K64-R3-e0.5,psqt,PS2-moons,moons,far,1,0.0024420125017774463,0.037615469871591076,0.049966810576355124,nan,nan,0.019492905843115305,20,0,0,0.14499749999959022,19200,0,3686400.0,1075200,721
psqt-L16-K64-R3-e0.5,psqt,PS2-moons,moons,far,1,0.00216672331474399,0.0359709474328902,0.04766831873557054,nan,nan,0.019559081643710625,20,0,0,0.27166670002043247,19200,0,7372800.0,2150400,1249
psqt-L32-K64-R3-e0.5,psqt,PS2-moons,moons,far,1,0.0019803130286735193,0.034755547045457864,0.04670920193610806,nan,nan,0.020185246139128275,20,0,0,0.5132460999884643,19200,0,14745600.0,4300800,2305
psqt-L16-K64-R6-e0.5,psqt,PS2-moons,moons,far,1,0.0021008207485386787,0.03604116487790885,0.04749863569182946,nan,nan,0.018605094795206962,20,0,0,0.33610750001389533,19200,0,12902400.0,3993600,1249
psqt-L16-K64-R3-e1,psqt,PS2-moons,moons,far,1,0.002125856012937577,0.035573440049296454,0.047607383603266724,nan,nan,0.01917024364101204,20,0,0,0.2676148999889847,19200,0,7372800.0,2150400,1249
paper-tau0.2,paper,PS2-moons,moons,far,2,5.584337109983006,2.247021126046517,2.5074386096697108,nan,nan,nan,300,1,0,0.10302989999763668,19200,2457600,0.0,0,128
paper-tau0.5,paper,PS2-moons,moons,far,2,0.08951867700677263,0.26159075671085946,0.3773494030259255,nan,nan,nan,300,1,0,0.1048214000184089,19200,2457600,0.0,0,128
paper-tau1,paper,PS2-moons,moons,far,2,0.010746141390249209,0.07731609001260359,0.09867807092270679,nan,nan,nan,80,0,0,0.08354960000724532,19200,2457600,0.0,0,128
paper-tau2,paper,PS2-moons,moons,far,2,0.014467264059238705,0.09073615395352179,0.11748921841135129,nan,nan,nan,60,0,0,0.08513839999795891,19200,2457600,0.0,0,128
coordinate-pqt,coordinate-negative-control,PS2-moons,moons,far,2,0.040699966339608595,0.14116305861632272,0.18920061248251335,nan,nan,0.0,40,0,0,0.04602760000852868,19200,0,460800.0,115200,325
psqt-L8-K64-R3-e0.5,psqt,PS2-moons,moons,far,2,0.004881028876359217,0.055423230722480205,0.07062624931602005,nan,nan,0.020684931755271238,20,0,0,0.14579659997252747,19200,0,3686400.0,1075200,721
psqt-L16-K64-R3-e0.5,psqt,PS2-moons,moons,far,2,0.0045046283866063686,0.05386428522033452,0.06804099438654879,nan,nan,0.01973307336971003,20,0,0,0.27233669999986887,19200,0,7372800.0,2150400,1249
psqt-L32-K64-R3-e0.5,psqt,PS2-moons,moons,far,2,0.004375140517763221,0.05359271384244247,0.06747444947113586,nan,nan,0.02028430633240415,20,0,0,0.5077329000050668,19200,0,14745600.0,4300800,2305
psqt-L16-K64-R6-e0.5,psqt,PS2-moons,moons,far,2,0.004573816851894508,0.05432627714305723,0.06763653408424851,nan,nan,0.02032890966509426,20,0,0,0.33658160001505166,19200,0,12902400.0,3993600,1249
psqt-L16-K64-R3-e1,psqt,PS2-moons,moons,far,2,0.004496232272640288,0.05427094344186699,0.06765629882627303,nan,nan,0.020175184610944714,20,0,0,0.2605308000056539,19200,0,7372800.0,2150400,1249
paper-tau0.2,paper,PS2-moons,moons,far,3,5.533391908106829,2.226397658375125,2.4873556304998052,nan,nan,nan,300,1,0,0.12129079998703673,19200,2457600,0.0,0,128
paper-tau0.5,paper,PS2-moons,moons,far,3,0.047996154725123974,0.18520003079044775,0.28120007578180706,nan,nan,nan,300,0,0,0.11595830001169816,19200,2457600,0.0,0,128
paper-tau1,paper,PS2-moons,moons,far,3,0.008673152057723676,0.06607408476616067,0.08839862571709219,nan,nan,nan,60,0,0,0.08956930000567809,19200,2457600,0.0,0,128
paper-tau2,paper,PS2-moons,moons,far,3,0.012895287478775552,0.08185997058492088,0.11097993629881454,nan,nan,nan,40,0,0,0.08594900000025518,19200,2457600,0.0,0,128
coordinate-pqt,coordinate-negative-control,PS2-moons,moons,far,3,0.01614337486709072,0.08839933686555193,0.1207205943237574,nan,nan,0.0,20,0,0,0.04201989999273792,19200,0,460800.0,115200,325
psqt-L8-K64-R3-e0.5,psqt,PS2-moons,moons,far,3,0.0026835923283952123,0.040874210240647975,0.054594488360944944,nan,nan,0.01909490071322222,20,0,0,0.14437120000366122,19200,0,3686400.0,1075200,721
psqt-L16-K64-R3-e0.5,psqt,PS2-moons,moons,far,3,0.002445741485104236,0.03893378176063312,0.0524252712424428,nan,nan,0.020045011805645385,20,0,0,0.2758748000196647,19200,0,7372800.0,2150400,1249
psqt-L32-K64-R3-e0.5,psqt,PS2-moons,moons,far,3,0.0022423126986386155,0.03813347201978704,0.05051781228090387,nan,nan,0.020539645006716872,20,0,0,0.5155842000094708,19200,0,14745600.0,4300800,2305
psqt-L16-K64-R6-e0.5,psqt,PS2-moons,moons,far,3,0.0024145585774471012,0.039108136986506406,0.05201464096891393,nan,nan,0.018889415204528488,20,0,0,0.3350209000054747,19200,0,12902400.0,3993600,1249
psqt-L16-K64-R3-e1,psqt,PS2-moons,moons,far,3,0.0023709011174926076,0.038728974283329914,0.051820492446686434,nan,nan,0.02001638567816909,20,0,0,0.27939829998649657,19200,0,7372800.0,2150400,1249
paper-tau0.2,paper,PS2-moons,moons,far,4,5.65740518655738,2.271747021034666,2.5357088098977223,nan,nan,nan,300,1,0,0.10891410001204349,19200,2457600,0.0,0,128
paper-tau0.5,paper,PS2-moons,moons,far,4,0.08327812445313532,0.25920157882732564,0.3847430684223735,nan,nan,nan,300,0,0,0.10659040001337416,19200,2457600,0.0,0,128
paper-tau1,paper,PS2-moons,moons,far,4,0.008052661756512647,0.06398804420192611,0.0845746274774045,nan,nan,nan,60,0,0,0.08403680002084002,19200,2457600,0.0,0,128
paper-tau2,paper,PS2-moons,moons,far,4,0.010112793964686784,0.0711062845922135,0.09808151769436968,nan,nan,nan,60,0,0,0.0855176999757532,19200,2457600,0.0,0,128
coordinate-pqt,coordinate-negative-control,PS2-moons,moons,far,4,0.034488170422518394,0.12858298275740493,0.17013050873261487,nan,nan,0.0,20,0,0,0.04342420000466518,19200,0,460800.0,115200,325
psqt-L8-K64-R3-e0.5,psqt,PS2-moons,moons,far,4,0.004723341322089292,0.052915000932428964,0.06854044847438209,nan,nan,0.018569100233034055,20,0,0,0.14632369999890216,19200,0,3686400.0,1075200,721
psqt-L16-K64-R3-e0.5,psqt,PS2-moons,moons,far,4,0.0045187165206437285,0.05153091938277555,0.06722217455843667,nan,nan,0.019591225392580305,20,0,0,0.2656387999886647,19200,0,7372800.0,2150400,1249
psqt-L32-K64-R3-e0.5,psqt,PS2-moons,moons,far,4,0.0042730220837616795,0.05035160288283718,0.06600715498413512,nan,nan,0.02055215668703943,20,0,0,0.5189019000099506,19200,0,14745600.0,4300800,2305
psqt-L16-K64-R6-e0.5,psqt,PS2-moons,moons,far,4,0.004431673205131936,0.05141315227593713,0.06739614564870294,nan,nan,0.01946856093243786,20,0,0,0.3284855000092648,19200,0,12902400.0,3993600,1249
psqt-L16-K64-R3-e1,psqt,PS2-moons,moons,far,4,0.004431346991424778,0.051062923399301983,0.06707251304340868,nan,nan,0.019096754101545137,20,0,0,0.2774369000107981,19200,0,7372800.0,2150400,1249
paper-tau0.2,paper,PS2-skew,skew,concentrated,0,0.010497422816615476,0.07223889241849055,0.13279709527162123,nan,nan,nan,40,0,0,0.0813645999878645,19200,2457600,0.0,0,128
paper-tau0.5,paper,PS2-skew,skew,concentrated,0,0.002424402261353542,0.0348091029682062,0.06878568858859857,nan,nan,nan,20,0,0,0.07969089999096468,19200,2457600,0.0,0,128
paper-tau1,paper,PS2-skew,skew,concentrated,0,0.003232903673351384,0.032007168026176286,0.0526479506960854,nan,nan,nan,20,0,0,0.08141839999007061,19200,2457600,0.0,0,128
paper-tau2,paper,PS2-skew,skew,concentrated,0,0.006546663496310057,0.041846283320766085,0.05907741552655886,nan,nan,nan,20,0,0,0.07693080001627095,19200,2457600,0.0,0,128
coordinate-pqt,coordinate-negative-control,PS2-skew,skew,concentrated,0,0.0029444334605798206,0.038630791307503624,0.07482409664558318,nan,nan,0.0,1,0,0,0.03816120000556111,19200,0,460800.0,115200,325
psqt-L8-K64-R3-e0.5,psqt,PS2-skew,skew,concentrated,0,0.0017495111170688915,0.03255834533746851,0.06945311574172149,nan,nan,0.016368387618579568,1,0,0,0.13906469999346882,19200,0,3686400.0,1075200,721
psqt-L16-K64-R3-e0.5,psqt,PS2-skew,skew,concentrated,0,0.00163266573048515,0.032180779906660094,0.06864735746006463,nan,nan,0.018847691005834912,1,0,0,0.2559690999914892,19200,0,7372800.0,2150400,1249
psqt-L32-K64-R3-e0.5,psqt,PS2-skew,skew,concentrated,0,0.0015924043992653347,0.031845200634489486,0.06802378264661024,nan,nan,0.019803352027806597,1,0,0,0.49451079999562353,19200,0,14745600.0,4300800,2305
psqt-L16-K64-R6-e0.5,psqt,PS2-skew,skew,concentrated,0,0.0015712180432778666,0.03173983895292985,0.06801873220959657,nan,nan,0.01881365467533321,1,0,0,0.34213499998440966,19200,0,12902400.0,3993600,1249
psqt-L16-K64-R3-e1,psqt,PS2-skew,skew,concentrated,0,0.0016155432285124283,0.03185995311237668,0.06852943326012267,nan,nan,0.01992266178655372,1,0,0,0.2629583000089042,19200,0,7372800.0,2150400,1249
paper-tau0.2,paper,PS2-skew,skew,concentrated,1,0.009297659910135203,0.06839241885956254,0.13731136305520175,nan,nan,nan,40,0,0,0.08210110000800341,19200,2457600,0.0,0,128
paper-tau0.5,paper,PS2-skew,skew,concentrated,1,0.0028004833290951048,0.03699155252394726,0.08425259866001446,nan,nan,nan,20,0,0,0.0779482000216376,19200,2457600,0.0,0,128
paper-tau1,paper,PS2-skew,skew,concentrated,1,0.003939654041582363,0.0380144818783074,0.0716417777642568,nan,nan,nan,20,0,0,0.07912409998243675,19200,2457600,0.0,0,128
paper-tau2,paper,PS2-skew,skew,concentrated,1,0.007326817942366004,0.048058330496803976,0.07377565338597634,nan,nan,nan,20,0,0,0.07833550000214018,19200,2457600,0.0,0,128
coordinate-pqt,coordinate-negative-control,PS2-skew,skew,concentrated,1,0.0024209676266592206,0.03740103418488389,0.08051038572532625,nan,nan,0.0,1,0,0,0.0397886999999173,19200,0,460800.0,115200,325
psqt-L8-K64-R3-e0.5,psqt,PS2-skew,skew,concentrated,1,0.0018787606023412673,0.034586010869703046,0.07383155871018066,nan,nan,0.015595262407577134,1,0,0,0.1449729000160005,19200,0,3686400.0,1075200,721
psqt-L16-K64-R3-e0.5,psqt,PS2-skew,skew,concentrated,1,0.0017569330606463929,0.03376443477092525,0.07312898803643626,nan,nan,0.019000955425031423,1,0,0,0.2623293999931775,19200,0,7372800.0,2150400,1249
psqt-L32-K64-R3-e0.5,psqt,PS2-skew,skew,concentrated,1,0.0017697331936128435,0.033882587832898076,0.07354839929166367,nan,nan,0.019977814494655712,1,0,0,0.5125880000123288,19200,0,14745600.0,4300800,2305
psqt-L16-K64-R6-e0.5,psqt,PS2-skew,skew,concentrated,1,0.0017619215251101217,0.03371016797994123,0.07329586741412245,nan,nan,0.019349107465292822,1,0,0,0.33962199999950826,19200,0,12902400.0,3993600,1249
psqt-L16-K64-R3-e1,psqt,PS2-skew,skew,concentrated,1,0.001751401223218263,0.03379767363402939,0.0730880944009695,nan,nan,0.01878243779460206,1,0,0,0.26890119997551665,19200,0,7372800.0,2150400,1249
paper-tau0.2,paper,PS2-skew,skew,concentrated,2,0.0053563806228167365,0.052129422085353094,0.10876529703375463,nan,nan,nan,40,0,0,0.08105629999772646,19200,2457600,0.0,0,128
paper-tau0.5,paper,PS2-skew,skew,concentrated,2,0.002770652755814229,0.03179481397085359,0.06496778985764207,nan,nan,nan,20,0,0,0.07706920002237894,19200,2457600,0.0,0,128
paper-tau1,paper,PS2-skew,skew,concentrated,2,0.005215017645834763,0.04010335171200894,0.05976149363158459,nan,nan,nan,20,0,0,0.08260970000992529,19200,2457600,0.0,0,128
paper-tau2,paper,PS2-skew,skew,concentrated,2,0.010046128182522707,0.05670785116072447,0.07071074976802677,nan,nan,nan,20,0,0,0.08252200001152232,19200,2457600,0.0,0,128
coordinate-pqt,coordinate-negative-control,PS2-skew,skew,concentrated,2,0.002973425955029696,0.032920683323249746,0.060576762795490784,nan,nan,0.0,1,0,0,0.040304699999978766,19200,0,460800.0,115200,325
psqt-L8-K64-R3-e0.5,psqt,PS2-skew,skew,concentrated,2,0.0013445225230510616,0.02279840404552527,0.04778826959066942,nan,nan,0.01626632178409853,1,0,0,0.1461731999879703,19200,0,3686400.0,1075200,721
psqt-L16-K64-R3-e0.5,psqt,PS2-skew,skew,concentrated,2,0.0013006040992511458,0.022558562743878022,0.0472651372217801,nan,nan,0.018294670053346278,1,0,0,0.2634065999882296,19200,0,7372800.0,2150400,1249
psqt-L32-K64-R3-e0.5,psqt,PS2-skew,skew,concentrated,2,0.001259926874100481,0.02238403603042983,0.04695561790276204,nan,nan,0.019208532327059383,1,0,0,0.5172764000017196,19200,0,14745600.0,4300800,2305
psqt-L16-K64-R6-e0.5,psqt,PS2-skew,skew,concentrated,2,0.001285185005637901,0.022512299787320746,0.047212512864044674,nan,nan,0.018165653661105854,1,0,0,0.33878180000465363,19200,0,12902400.0,3993600,1249
psqt-L16-K64-R3-e1,psqt,PS2-skew,skew,concentrated,2,0.0012693960797942605,0.022292106184509938,0.04707780013010737,nan,nan,0.018408007874630573,1,0,0,0.2658767999964766,19200,0,7372800.0,2150400,1249
paper-tau0.2,paper,PS2-skew,skew,concentrated,3,0.006819288993607064,0.055824480392079434,0.10080621650457,nan,nan,nan,60,0,0,0.082670900010271,19200,2457600,0.0,0,128
paper-tau0.5,paper,PS2-skew,skew,concentrated,3,0.003551071953663887,0.035010945326093,0.05851177694117224,nan,nan,nan,40,0,0,0.08450959998299368,19200,2457600,0.0,0,128
paper-tau1,paper,PS2-skew,skew,concentrated,3,0.005740552974227264,0.04170684351339478,0.06225376454963374,nan,nan,nan,20,0,0,0.07952250001835637,19200,2457600,0.0,0,128
paper-tau2,paper,PS2-skew,skew,concentrated,3,0.01037467875725917,0.05827528764889176,0.08320298511601006,nan,nan,nan,20,0,0,0.07998700000462122,19200,2457600,0.0,0,128
coordinate-pqt,coordinate-negative-control,PS2-skew,skew,concentrated,3,0.003012331625016018,0.033358006674749884,0.0579995820662886,nan,nan,0.0,1,0,0,0.038849999982630834,19200,0,460800.0,115200,325
psqt-L8-K64-R3-e0.5,psqt,PS2-skew,skew,concentrated,3,0.0018490065178337067,0.02619923552942036,0.05086816749597153,nan,nan,0.015402807253674319,1,0,0,0.14188949999515899,19200,0,3686400.0,1075200,721
psqt-L16-K64-R3-e0.5,psqt,PS2-skew,skew,concentrated,3,0.0018114527611535758,0.026108556396999587,0.05029514804857923,nan,nan,0.018997224770030643,1,0,0,0.2615427999990061,19200,0,7372800.0,2150400,1249
psqt-L32-K64-R3-e0.5,psqt,PS2-skew,skew,concentrated,3,0.0018024401057409323,0.02602087772211112,0.05065139315597643,nan,nan,0.019688634691598077,1,0,0,0.5131442999991123,19200,0,14745600.0,4300800,2305
psqt-L16-K64-R6-e0.5,psqt,PS2-skew,skew,concentrated,3,0.0018197910191189992,0.02596872164737219,0.05093946196202381,nan,nan,0.019092060496614917,1,0,0,0.3344959999958519,19200,0,12902400.0,3993600,1249
psqt-L16-K64-R3-e1,psqt,PS2-skew,skew,concentrated,3,0.0018445140059908383,0.026012311948990355,0.05078619489636922,nan,nan,0.018851993766952783,1,0,0,0.25986099999863654,19200,0,7372800.0,2150400,1249
paper-tau0.2,paper,PS2-skew,skew,concentrated,4,0.004655972851123291,0.048484024311041915,0.09212062438609633,nan,nan,nan,1,0,0,0.07873119998839684,19200,2457600,0.0,0,128
paper-tau0.5,paper,PS2-skew,skew,concentrated,4,0.0026691138803801584,0.02817472400972828,0.046438707711186425,nan,nan,nan,1,0,0,0.07830949997878633,19200,2457600,0.0,0,128
paper-tau1,paper,PS2-skew,skew,concentrated,4,0.004918700466098325,0.036788199338120914,0.04884208345697149,nan,nan,nan,1,0,0,0.07918380000046454,19200,2457600,0.0,0,128
paper-tau2,paper,PS2-skew,skew,concentrated,4,0.008964274297496022,0.05451026457624646,0.07081877524793492,nan,nan,nan,1,0,0,0.08160149998730049,19200,2457600,0.0,0,128
coordinate-pqt,coordinate-negative-control,PS2-skew,skew,concentrated,4,0.002809994252620851,0.030951125070680187,0.05501292200767302,nan,nan,0.0,1,0,0,0.039710899989586323,19200,0,460800.0,115200,325
psqt-L8-K64-R3-e0.5,psqt,PS2-skew,skew,concentrated,4,0.0013701970824034904,0.02218531949703368,0.044423615558464365,nan,nan,0.01852132535285092,1,0,0,0.140087300009327,19200,0,3686400.0,1075200,721
psqt-L16-K64-R3-e0.5,psqt,PS2-skew,skew,concentrated,4,0.001222018158234417,0.021129536398029936,0.044130944697439646,nan,nan,0.019899856942077944,1,0,0,0.2625482000003103,19200,0,7372800.0,2150400,1249
psqt-L32-K64-R3-e0.5,psqt,PS2-skew,skew,concentrated,4,0.0011973881032465439,0.021029164862565917,0.0437717257320152,nan,nan,0.02014460822720599,1,0,0,0.515346900006989,19200,0,14745600.0,4300800,2305
psqt-L16-K64-R6-e0.5,psqt,PS2-skew,skew,concentrated,4,0.001247119160988408,0.02134017398912705,0.0440023717734319,nan,nan,0.019570631824984107,1,0,0,0.3352269000024535,19200,0,12902400.0,3993600,1249
psqt-L16-K64-R3-e1,psqt,PS2-skew,skew,concentrated,4,0.0012290665525833688,0.02106477321248685,0.043997454226394006,nan,nan,0.01954495869644685,1,0,0,0.25786450001760386,19200,0,7372800.0,2150400,1249
paper-tau0.2,paper,PS2-skew,skew,far,0,6.359181202112458,2.3065118565956837,2.56552077447054,nan,nan,nan,300,1,0,0.11240520002320409,19200,2457600,0.0,0,128
paper-tau0.5,paper,PS2-skew,skew,far,0,0.737750444164733,0.706770140964307,1.0443216901589691,nan,nan,nan,300,1,0,0.10699049997492693,19200,2457600,0.0,0,128
paper-tau1,paper,PS2-skew,skew,far,0,0.004139224355462434,0.03332706042009344,0.053526067530143086,nan,nan,nan,60,0,0,0.08399720001034439,19200,2457600,0.0,0,128
paper-tau2,paper,PS2-skew,skew,far,0,0.007150635481062428,0.044611672215795595,0.0649282121942061,nan,nan,nan,20,0,0,0.0831012999988161,19200,2457600,0.0,0,128
coordinate-pqt,coordinate-negative-control,PS2-skew,skew,far,0,0.003942692969166273,0.04148661580289,0.06978540652393676,nan,nan,0.0,20,0,0,0.040774599998258054,19200,0,460800.0,115200,325
psqt-L8-K64-R3-e0.5,psqt,PS2-skew,skew,far,0,0.00226955626519032,0.03415539251725026,0.060173571966067166,nan,nan,0.018941281917916022,20,0,0,0.14168170001357794,19200,0,3686400.0,1075200,721
psqt-L16-K64-R3-e0.5,psqt,PS2-skew,skew,far,0,0.002010119850648584,0.03295281241672034,0.05826273852689312,nan,nan,0.019377358835623134,20,0,0,0.26830519997747615,19200,0,7372800.0,2150400,1249
psqt-L32-K64-R3-e0.5,psqt,PS2-skew,skew,far,0,0.001978021079013126,0.0326560055573878,0.057854927951865316,nan,nan,0.020069305370608897,20,0,0,0.5256757999886759,19200,0,14745600.0,4300800,2305
psqt-L16-K64-R6-e0.5,psqt,PS2-skew,skew,far,0,0.0020094101681779053,0.032996124331851055,0.05835232428162815,nan,nan,0.01974616362901269,20,0,0,0.35400510000181384,19200,0,12902400.0,3993600,1249
psqt-L16-K64-R3-e1,psqt,PS2-skew,skew,far,0,0.0020254092145739477,0.03299673704040845,0.05832134323282621,nan,nan,0.019537140873161895,20,0,0,0.2918702999886591,19200,0,7372800.0,2150400,1249
paper-tau0.2,paper,PS2-skew,skew,far,1,6.453303261244669,2.318685124565686,2.5790260200834467,nan,nan,nan,300,1,0,0.1062441999965813,19200,2457600,0.0,0,128
paper-tau0.5,paper,PS2-skew,skew,far,1,0.4986375928931166,0.5727225029776359,0.8847257948248747,nan,nan,nan,300,1,0,0.10216919999220408,19200,2457600,0.0,0,128
paper-tau1,paper,PS2-skew,skew,far,1,0.005277327019780342,0.03997953126361609,0.061034877706123085,nan,nan,nan,60,0,0,0.08060809999005869,19200,2457600,0.0,0,128
paper-tau2,paper,PS2-skew,skew,far,1,0.008649047051495717,0.052742118149501846,0.07410921472279354,nan,nan,nan,20,0,0,0.08037519999197684,19200,2457600,0.0,0,128
coordinate-pqt,coordinate-negative-control,PS2-skew,skew,far,1,0.0026720334769398946,0.033492916217623445,0.06631889042339134,nan,nan,0.0,20,0,0,0.04492059999029152,19200,0,460800.0,115200,325
psqt-L8-K64-R3-e0.5,psqt,PS2-skew,skew,far,1,0.0018055796098609411,0.02826787506271644,0.06066607353365201,nan,nan,0.01849528706220967,20,0,0,0.1402982999861706,19200,0,3686400.0,1075200,721
psqt-L16-K64-R3-e0.5,psqt,PS2-skew,skew,far,1,0.0016038221570409128,0.027314775902875878,0.05911396786357478,nan,nan,0.019112488976282285,20,0,0,0.2544153000053484,19200,0,7372800.0,2150400,1249
psqt-L32-K64-R3-e0.5,psqt,PS2-skew,skew,far,1,0.0015971223823718628,0.02691351316760386,0.05821048076513325,nan,nan,0.019224851771594532,20,0,0,0.5141071999969427,19200,0,14745600.0,4300800,2305
psqt-L16-K64-R6-e0.5,psqt,PS2-skew,skew,far,1,0.0016174251676377427,0.027417032544295363,0.05893152258316166,nan,nan,0.018948323141645327,20,0,0,0.3415810000151396,19200,0,12902400.0,3993600,1249
psqt-L16-K64-R3-e1,psqt,PS2-skew,skew,far,1,0.0016509914899025535,0.027329777519526886,0.058721281272215375,nan,nan,0.019655429843260686,20,0,0,0.26471760001732036,19200,0,7372800.0,2150400,1249
paper-tau0.2,paper,PS2-skew,skew,far,2,6.399778810876077,2.308691830791856,2.5681943701305103,nan,nan,nan,300,1,0,0.10542499998700805,19200,2457600,0.0,0,128
paper-tau0.5,paper,PS2-skew,skew,far,2,0.623789628942331,0.6374777809472896,0.9456208958798376,nan,nan,nan,300,1,0,0.10283320001326501,19200,2457600,0.0,0,128
paper-tau1,paper,PS2-skew,skew,far,2,0.005159900066429857,0.04007021048482818,0.05802753378077856,nan,nan,nan,60,0,0,0.08681649999925867,19200,2457600,0.0,0,128
paper-tau2,paper,PS2-skew,skew,far,2,0.008398440878187863,0.04885560889304602,0.06593727552315887,nan,nan,nan,20,0,0,0.07760970000526868,19200,2457600,0.0,0,128
coordinate-pqt,coordinate-negative-control,PS2-skew,skew,far,2,0.003512439544798518,0.04115474346984007,0.07847425954966182,nan,nan,0.0,20,0,0,0.04019279999192804,19200,0,460800.0,115200,325
psqt-L8-K64-R3-e0.5,psqt,PS2-skew,skew,far,2,0.0016403272651160927,0.03175958316894652,0.07006313021564203,nan,nan,0.01708470898347865,20,0,0,0.14137339999433607,19200,0,3686400.0,1075200,721
psqt-L16-K64-R3-e0.5,psqt,PS2-skew,skew,far,2,0.0014515583763218265,0.030591723675522643,0.06869039682436849,nan,nan,0.01903415904015592,20,0,0,0.2623707999882754,19200,0,7372800.0,2150400,1249
psqt-L32-K64-R3-e0.5,psqt,PS2-skew,skew,far,2,0.0014208641092796626,0.030704659645821322,0.0684809611516143,nan,nan,0.019266826905794215,20,0,0,0.5114027000090573,19200,0,14745600.0,4300800,2305
psqt-L16-K64-R6-e0.5,psqt,PS2-skew,skew,far,2,0.0014132187285853526,0.03046293091001506,0.06906594899179544,nan,nan,0.019040998770679163,20,0,0,0.34370249998755753,19200,0,12902400.0,3993600,1249
psqt-L16-K64-R3-e1,psqt,PS2-skew,skew,far,2,0.0014501790462380093,0.03079044478779706,0.069488383497407,nan,nan,0.01989990331405059,20,0,0,0.26572789999772795,19200,0,7372800.0,2150400,1249
paper-tau0.2,paper,PS2-skew,skew,far,3,6.477249454991425,2.3333787464511584,2.596138712649869,nan,nan,nan,300,1,0,0.10643139999592677,19200,2457600,0.0,0,128
paper-tau0.5,paper,PS2-skew,skew,far,3,0.5557581793589539,0.6102169640386151,0.9329241899340369,nan,nan,nan,300,1,0,0.11511359998257831,19200,2457600,0.0,0,128
paper-tau1,paper,PS2-skew,skew,far,3,0.0034973440177484827,0.032870733684458635,0.05793424678935901,nan,nan,nan,60,0,0,0.0848487000039313,19200,2457600,0.0,0,128
paper-tau2,paper,PS2-skew,skew,far,3,0.006022792625962836,0.04388722367258513,0.06588716699587603,nan,nan,nan,40,0,0,0.08270869997795671,19200,2457600,0.0,0,128
coordinate-pqt,coordinate-negative-control,PS2-skew,skew,far,3,0.0029824669192440867,0.038191450517860215,0.06636459875615922,nan,nan,0.0,20,0,0,0.04088680000859313,19200,0,460800.0,115200,325
psqt-L8-K64-R3-e0.5,psqt,PS2-skew,skew,far,3,0.0022638291287304657,0.033957152418690295,0.061082946374643114,nan,nan,0.018802397930670865,20,0,0,0.1538754999928642,19200,0,3686400.0,1075200,721
psqt-L16-K64-R3-e0.5,psqt,PS2-skew,skew,far,3,0.002083381694447106,0.033389417054161104,0.06013105310379459,nan,nan,0.01978594396462154,20,0,0,0.2757391999766696,19200,0,7372800.0,2150400,1249
psqt-L32-K64-R3-e0.5,psqt,PS2-skew,skew,far,3,0.0020394766465798853,0.03279855727583705,0.059402185650384964,nan,nan,0.020677989646803677,20,0,0,0.5108609999879263,19200,0,14745600.0,4300800,2305
psqt-L16-K64-R6-e0.5,psqt,PS2-skew,skew,far,3,0.002101214892603842,0.03342472814302729,0.060096485218055724,nan,nan,0.01981758556457687,20,0,0,0.34355479999794625,19200,0,12902400.0,3993600,1249
psqt-L16-K64-R3-e1,psqt,PS2-skew,skew,far,3,0.0021289415560591385,0.033504762210753485,0.060291339877082,nan,nan,0.01981489905583004,20,0,0,0.26643119999789633,19200,0,7372800.0,2150400,1249
paper-tau0.2,paper,PS2-skew,skew,far,4,6.425589218195187,2.313700219907802,2.573944520774362,nan,nan,nan,300,1,0,0.10700320001342334,19200,2457600,0.0,0,128
paper-tau0.5,paper,PS2-skew,skew,far,4,0.4745862109011043,0.5552020342148325,0.8686309231147541,nan,nan,nan,300,1,0,0.11160120001295581,19200,2457600,0.0,0,128
paper-tau1,paper,PS2-skew,skew,far,4,0.004293304861227587,0.036736488639571206,0.0665029960090668,nan,nan,nan,60,0,0,0.08449400000972673,19200,2457600,0.0,0,128
paper-tau2,paper,PS2-skew,skew,far,4,0.006821886916403064,0.047181942771486636,0.07153176903922558,nan,nan,nan,20,0,0,0.08452390000456944,19200,2457600,0.0,0,128
coordinate-pqt,coordinate-negative-control,PS2-skew,skew,far,4,0.003141457973308337,0.036015496921708495,0.06342156671236832,nan,nan,0.0,20,0,0,0.05022479998297058,19200,0,460800.0,115200,325
psqt-L8-K64-R3-e0.5,psqt,PS2-skew,skew,far,4,0.001800986604997834,0.02936833147689567,0.06137527776729363,nan,nan,0.02146930629790795,20,0,0,0.14367040002252907,19200,0,3686400.0,1075200,721
psqt-L16-K64-R3-e0.5,psqt,PS2-skew,skew,far,4,0.001485723762341351,0.027990544215733104,0.05792238917140172,nan,nan,0.018493638912734988,20,0,0,0.2695804000250064,19200,0,7372800.0,2150400,1249
psqt-L32-K64-R3-e0.5,psqt,PS2-skew,skew,far,4,0.0014448133102318295,0.027961822809803347,0.05808578319974925,nan,nan,0.01987780075468967,20,0,0,0.5097272999992128,19200,0,14745600.0,4300800,2305
psqt-L16-K64-R6-e0.5,psqt,PS2-skew,skew,far,4,0.0014550253569570737,0.027918783411933712,0.058474722406118,nan,nan,0.019760724937012506,20,0,0,0.33127359999343753,19200,0,12902400.0,3993600,1249
psqt-L16-K64-R3-e1,psqt,PS2-skew,skew,far,4,0.0014947886782847863,0.028296095868169356,0.05845593996320651,nan,nan,0.01948623613387758,20,0,0,0.26525299999048,19200,0,7372800.0,2150400,1249
