arm,kind,tau,target,family,init,cell,seed,budget,virtual_batch,warm_fraction,pulse_period,noise_mix,diagnostic_target_samples,diagnostic_use_large_batch,diagnostic_min_expected_count,diagnostic_gap_count,diagnostic_max_gap_ratio,planned_steps,completed_steps,wall_seconds,generator_forward_calls,generator_example_evals,unique_latent_samples,target_samples,kernel_pairs,sort_work,selector_calls,selector_kernel_pairs,selector_example_evals,tau_counts,ed2,sw1,weighted_reach,mass_l1,event_time,censored,diverged
gated-M1024-f0.70-u,gated,0.5,LBQCD-D01-unequal-min050-K8,unequal,concentrated,LBQCD-D01-unequal-min050-K8/concentrated,0,update,1024,0.7,0,0.0,4096,1,7.375,7,708.4287122053491,400,400,1.079668699996546,4600,588800,302080,302080,3932160,5734400.0,0,0,0,"{""0.1"": 0, ""0.2"": 0, ""0.5"": 0, ""1.0"": 0, ""2.0"": 0}",0.0218105285562058,0.16060275866445214,1.0,0.0629296875,150,0,0
gated-M1024-f0.70-u,gated,0.5,LBQCD-D01-unequal-min050-K8,unequal,concentrated,LBQCD-D01-unequal-min050-K8/concentrated,1,update,1024,0.7,0,0.0,4096,1,7.0625,7,725.136797411284,400,400,1.2779544000077294,4600,588800,302080,302080,3932160,5734400.0,0,0,0,"{""0.1"": 0, ""0.2"": 0, ""0.5"": 0, ""1.0"": 0, ""2.0"": 0}",0.014881819662576845,0.14654499107730887,1.0,0.038007812500000016,50,0,0
gated-M1024-f0.70-u,gated,0.5,LBQCD-D01-unequal-min050-K8,unequal,concentrated,LBQCD-D01-unequal-min050-K8/concentrated,2,update,1024,0.7,0,0.0,4096,1,7.1875,7,725.4771086239393,400,400,1.0233474999986356,4600,588800,302080,302080,3932160,5734400.0,0,0,0,"{""0.1"": 0, ""0.2"": 0, ""0.5"": 0, ""1.0"": 0, ""2.0"": 0}",0.017326698644466898,0.16098890058623225,1.0,0.11542968749999999,100,0,0
gated-align-M1024-f0.70-u,gated-align,0.5,LBQCD-D01-unequal-min050-K8,unequal,concentrated,LBQCD-D01-unequal-min050-K8/concentrated,0,update,1024,0.7,0,0.0,4096,1,7.375,7,708.4287122053491,400,400,1.2066705000033835,4600,588800,302080,302080,3932160,5734400.0,3,491520,384,"{""0.1"": 0, ""0.2"": 0, ""0.5"": 2, ""1.0"": 0, ""2.0"": 1}",0.026853674129581284,0.17295373605004496,1.0,0.097109375,150,0,0
gated-align-M1024-f0.70-u,gated-align,0.5,LBQCD-D01-unequal-min050-K8,unequal,concentrated,LBQCD-D01-unequal-min050-K8/concentrated,1,update,1024,0.7,0,0.0,4096,1,7.0625,7,725.136797411284,400,400,1.2046750000008615,4600,588800,302080,302080,3932160,5734400.0,3,491520,384,"{""0.1"": 0, ""0.2"": 0, ""0.5"": 1, ""1.0"": 1, ""2.0"": 1}",0.019442580535024234,0.15486437602601202,1.0,0.044960937499999964,50,0,0
gated-align-M1024-f0.70-u,gated-align,0.5,LBQCD-D01-unequal-min050-K8,unequal,concentrated,LBQCD-D01-unequal-min050-K8/concentrated,2,update,1024,0.7,0,0.0,4096,1,7.1875,7,725.4771086239393,400,400,0.9799669999920297,4600,588800,302080,302080,3932160,5734400.0,3,491520,384,"{""0.1"": 0, ""0.2"": 0, ""0.5"": 0, ""1.0"": 2, ""2.0"": 1}",0.014521205950516647,0.1614124234534012,1.0,0.11078125,100,0,0
gated-lookahead-M1024-f0.70-u,gated-lookahead,0.5,LBQCD-D01-unequal-min050-K8,unequal,concentrated,LBQCD-D01-unequal-min050-K8/concentrated,0,update,1024,0.7,0,0.0,4096,1,7.375,7,708.4287122053491,400,400,1.2982652000064263,4600,588800,302080,302080,3932160,5734400.0,3,491520,3840,"{""0.1"": 1, ""0.2"": 0, ""0.5"": 0, ""1.0"": 1, ""2.0"": 1}",0.029126940777194132,0.1665576254480448,1.0,0.08195312500000002,150,0,0
gated-lookahead-M1024-f0.70-u,gated-lookahead,0.5,LBQCD-D01-unequal-min050-K8,unequal,concentrated,LBQCD-D01-unequal-min050-K8/concentrated,1,update,1024,0.7,0,0.0,4096,1,7.0625,7,725.136797411284,400,400,1.125896500001545,4600,588800,302080,302080,3932160,5734400.0,3,491520,3840,"{""0.1"": 1, ""0.2"": 0, ""0.5"": 0, ""1.0"": 1, ""2.0"": 1}",0.01657762035509114,0.15519482462571543,1.0,0.044531249999999994,50,0,0
gated-lookahead-M1024-f0.70-u,gated-lookahead,0.5,LBQCD-D01-unequal-min050-K8,unequal,concentrated,LBQCD-D01-unequal-min050-K8/concentrated,2,update,1024,0.7,0,0.0,4096,1,7.1875,7,725.4771086239393,400,400,1.1899915999965742,4600,588800,302080,302080,3932160,5734400.0,3,491520,3840,"{""0.1"": 1, ""0.2"": 0, ""0.5"": 1, ""1.0"": 0, ""2.0"": 1}",0.026394774942920973,0.17498788269711973,1.0,0.133125,100,0,0
lbqcd-align-M1024-f0.70-u,align,0.5,LBQCD-D01-unequal-min050-K8,unequal,concentrated,LBQCD-D01-unequal-min050-K8/concentrated,0,update,1024,0.7,0,0.0,0,0,nan,0,nan,400,400,1.154329199998756,4600,588800,302080,302080,3932160,5734400.0,3,491520,384,"{""0.1"": 0, ""0.2"": 0, ""0.5"": 2, ""1.0"": 0, ""2.0"": 1}",0.026853674129581284,0.17295373605004496,1.0,0.097109375,150,0,0
lbqcd-align-M1024-f0.70-u,align,0.5,LBQCD-D01-unequal-min050-K8,unequal,concentrated,LBQCD-D01-unequal-min050-K8/concentrated,1,update,1024,0.7,0,0.0,0,0,nan,0,nan,400,400,1.2176115000038408,4600,588800,302080,302080,3932160,5734400.0,3,491520,384,"{""0.1"": 0, ""0.2"": 0, ""0.5"": 1, ""1.0"": 1, ""2.0"": 1}",0.019442580535024234,0.15486437602601202,1.0,0.044960937499999964,50,0,0
lbqcd-align-M1024-f0.70-u,align,0.5,LBQCD-D01-unequal-min050-K8,unequal,concentrated,LBQCD-D01-unequal-min050-K8/concentrated,2,update,1024,0.7,0,0.0,0,0,nan,0,nan,400,400,1.2279567000077805,4600,588800,302080,302080,3932160,5734400.0,3,491520,384,"{""0.1"": 0, ""0.2"": 0, ""0.5"": 0, ""1.0"": 2, ""2.0"": 1}",0.014521205950516647,0.1614124234534012,1.0,0.11078125,100,0,0
lbqcd-lookahead-M1024-f0.70-u,lookahead,0.5,LBQCD-D01-unequal-min050-K8,unequal,concentrated,LBQCD-D01-unequal-min050-K8/concentrated,0,update,1024,0.7,0,0.0,0,0,nan,0,nan,400,400,1.0607862000033492,4600,588800,302080,302080,3932160,5734400.0,3,491520,3840,"{""0.1"": 1, ""0.2"": 0, ""0.5"": 0, ""1.0"": 1, ""2.0"": 1}",0.029126940777194132,0.1665576254480448,1.0,0.08195312500000002,150,0,0
lbqcd-lookahead-M1024-f0.70-u,lookahead,0.5,LBQCD-D01-unequal-min050-K8,unequal,concentrated,LBQCD-D01-unequal-min050-K8/concentrated,1,update,1024,0.7,0,0.0,0,0,nan,0,nan,400,400,1.1528703999938443,4600,588800,302080,302080,3932160,5734400.0,3,491520,3840,"{""0.1"": 1, ""0.2"": 0, ""0.5"": 0, ""1.0"": 1, ""2.0"": 1}",0.01657762035509114,0.15519482462571543,1.0,0.044531249999999994,50,0,0
lbqcd-lookahead-M1024-f0.70-u,lookahead,0.5,LBQCD-D01-unequal-min050-K8,unequal,concentrated,LBQCD-D01-unequal-min050-K8/concentrated,2,update,1024,0.7,0,0.0,0,0,nan,0,nan,400,400,1.241344800000661,4600,588800,302080,302080,3932160,5734400.0,3,491520,3840,"{""0.1"": 1, ""0.2"": 0, ""0.5"": 1, ""1.0"": 0, ""2.0"": 1}",0.026394774942920973,0.17498788269711973,1.0,0.133125,100,0,0
paper-0.2,paper,0.2,LBQCD-D01-unequal-min050-K8,unequal,concentrated,LBQCD-D01-unequal-min050-K8/concentrated,0,update,0,0.0,0,0.0,0,0,nan,0,nan,400,400,0.7673433000018122,400,51200,51200,51200,13107200,0.0,0,0,0,"{""0.1"": 0, ""0.2"": 0, ""0.5"": 0, ""1.0"": 0, ""2.0"": 0}",0.012940135709264666,0.1531127094934163,1.0,0.08878906250000002,100,0,0
paper-0.2,paper,0.2,LBQCD-D01-unequal-min050-K8,unequal,concentrated,LBQCD-D01-unequal-min050-K8/concentrated,1,update,0,0.0,0,0.0,0,0,nan,0,nan,400,400,0.7314649000036297,400,51200,51200,51200,13107200,0.0,0,0,0,"{""0.1"": 0, ""0.2"": 0, ""0.5"": 0, ""1.0"": 0, ""2.0"": 0}",0.011842598470700239,0.13786795632815724,1.0,0.0640625,50,0,0
paper-0.2,paper,0.2,LBQCD-D01-unequal-min050-K8,unequal,concentrated,LBQCD-D01-unequal-min050-K8/concentrated,2,update,0,0.0,0,0.0,0,0,nan,0,nan,400,400,0.7346289999986766,400,51200,51200,51200,13107200,0.0,0,0,0,"{""0.1"": 0, ""0.2"": 0, ""0.5"": 0, ""1.0"": 0, ""2.0"": 0}",0.012944645781945985,0.1488212335115702,1.0,0.08222656250000002,50,0,0
paper-0.5,paper,0.5,LBQCD-D01-unequal-min050-K8,unequal,concentrated,LBQCD-D01-unequal-min050-K8/concentrated,0,update,0,0.0,0,0.0,0,0,nan,0,nan,400,400,0.89178130000073,400,51200,51200,51200,13107200,0.0,0,0,0,"{""0.1"": 0, ""0.2"": 0, ""0.5"": 0, ""1.0"": 0, ""2.0"": 0}",0.02523463738585252,0.1626057771680749,1.0,0.09031250000000002,100,0,0
paper-0.5,paper,0.5,LBQCD-D01-unequal-min050-K8,unequal,concentrated,LBQCD-D01-unequal-min050-K8/concentrated,1,update,0,0.0,0,0.0,0,0,nan,0,nan,400,400,0.7130075999884866,400,51200,51200,51200,13107200,0.0,0,0,0,"{""0.1"": 0, ""0.2"": 0, ""0.5"": 0, ""1.0"": 0, ""2.0"": 0}",0.012419901776399733,0.15026235473697477,1.0,0.07343749999999996,100,0,0
paper-0.5,paper,0.5,LBQCD-D01-unequal-min050-K8,unequal,concentrated,LBQCD-D01-unequal-min050-K8/concentrated,2,update,0,0.0,0,0.0,0,0,nan,0,nan,400,400,0.6088837999996031,400,51200,51200,51200,13107200,0.0,0,0,0,"{""0.1"": 0, ""0.2"": 0, ""0.5"": 0, ""1.0"": 0, ""2.0"": 0}",0.014935281546164747,0.16313985421656405,1.0,0.13574218750000003,100,0,0
paper-1,paper,1.0,LBQCD-D01-unequal-min050-K8,unequal,concentrated,LBQCD-D01-unequal-min050-K8/concentrated,0,update,0,0.0,0,0.0,0,0,nan,0,nan,400,400,0.7252891999960411,400,51200,51200,51200,13107200,0.0,0,0,0,"{""0.1"": 0, ""0.2"": 0, ""0.5"": 0, ""1.0"": 0, ""2.0"": 0}",0.02874689712312062,0.1686927389108414,1.0,0.11062500000000003,200,0,0
paper-1,paper,1.0,LBQCD-D01-unequal-min050-K8,unequal,concentrated,LBQCD-D01-unequal-min050-K8/concentrated,1,update,0,0.0,0,0.0,0,0,nan,0,nan,400,400,0.6925666000024648,400,51200,51200,51200,13107200,0.0,0,0,0,"{""0.1"": 0, ""0.2"": 0, ""0.5"": 0, ""1.0"": 0, ""2.0"": 0}",0.011924113595340735,0.15292779967905556,1.0,0.06972656249999998,150,0,0
paper-1,paper,1.0,LBQCD-D01-unequal-min050-K8,unequal,concentrated,LBQCD-D01-unequal-min050-K8/concentrated,2,update,0,0.0,0,0.0,0,0,nan,0,nan,400,400,0.7600579999998445,400,51200,51200,51200,13107200,0.0,0,0,0,"{""0.1"": 0, ""0.2"": 0, ""0.5"": 0, ""1.0"": 0, ""2.0"": 0}",0.019381341095712212,0.16972012736377304,1.0,0.17136718750000002,350,0,0
paper-2,paper,2.0,LBQCD-D01-unequal-min050-K8,unequal,concentrated,LBQCD-D01-unequal-min050-K8/concentrated,0,update,0,0.0,0,0.0,0,0,nan,0,nan,400,400,0.6569603999960236,400,51200,51200,51200,13107200,0.0,0,0,0,"{""0.1"": 0, ""0.2"": 0, ""0.5"": 0, ""1.0"": 0, ""2.0"": 0}",0.03372044430221521,0.1829799235288247,0.86,0.1677734375,400,1,0
paper-2,paper,2.0,LBQCD-D01-unequal-min050-K8,unequal,concentrated,LBQCD-D01-unequal-min050-K8/concentrated,1,update,0,0.0,0,0.0,0,0,nan,0,nan,400,400,0.7579861999984132,400,51200,51200,51200,13107200,0.0,0,0,0,"{""0.1"": 0, ""0.2"": 0, ""0.5"": 0, ""1.0"": 0, ""2.0"": 0}",0.01733915690849286,0.18151827360754322,0.86,0.173515625,400,1,0
paper-2,paper,2.0,LBQCD-D01-unequal-min050-K8,unequal,concentrated,LBQCD-D01-unequal-min050-K8/concentrated,2,update,0,0.0,0,0.0,0,0,nan,0,nan,400,400,0.6597189999883994,400,51200,51200,51200,13107200,0.0,0,0,0,"{""0.1"": 0, ""0.2"": 0, ""0.5"": 0, ""1.0"": 0, ""2.0"": 0}",0.028980088516761038,0.19559950859384642,1.0,0.21894531250000004,400,0,0
paper-4,paper,4.0,LBQCD-D01-unequal-min050-K8,unequal,concentrated,LBQCD-D01-unequal-min050-K8/concentrated,0,update,0,0.0,0,0.0,0,0,nan,0,nan,400,400,0.6060658000060357,400,51200,51200,51200,13107200,0.0,0,0,0,"{""0.1"": 0, ""0.2"": 0, ""0.5"": 0, ""1.0"": 0, ""2.0"": 0}",0.03498222939072537,0.19194486981395595,0.86,0.2665234375,400,1,0
paper-4,paper,4.0,LBQCD-D01-unequal-min050-K8,unequal,concentrated,LBQCD-D01-unequal-min050-K8/concentrated,1,update,0,0.0,0,0.0,0,0,nan,0,nan,400,400,0.8784656999923754,400,51200,51200,51200,13107200,0.0,0,0,0,"{""0.1"": 0, ""0.2"": 0, ""0.5"": 0, ""1.0"": 0, ""2.0"": 0}",0.02417857160259551,0.20848349064140625,0.86,0.392890625,400,1,0
paper-4,paper,4.0,LBQCD-D01-unequal-min050-K8,unequal,concentrated,LBQCD-D01-unequal-min050-K8/concentrated,2,update,0,0.0,0,0.0,0,0,nan,0,nan,400,400,0.8093388999986928,400,51200,51200,51200,13107200,0.0,0,0,0,"{""0.1"": 0, ""0.2"": 0, ""0.5"": 0, ""1.0"": 0, ""2.0"": 0}",0.03467430286013995,0.22478367367910124,1.0,0.27199218750000004,400,0,0
qld-v1,qld,0.5,LBQCD-D01-unequal-min050-K8,unequal,concentrated,LBQCD-D01-unequal-min050-K8/concentrated,0,update,0,0.7,0,0.0,0,0,nan,0,nan,400,400,0.34681350000028033,400,51200,51200,51200,3932160,501760.0,0,0,0,"{""0.1"": 0, ""0.2"": 0, ""0.5"": 0, ""1.0"": 0, ""2.0"": 0}",0.02083966037519369,0.15952076006799348,1.0,0.11777343750000002,100,0,0
qld-v1,qld,0.5,LBQCD-D01-unequal-min050-K8,unequal,concentrated,LBQCD-D01-unequal-min050-K8/concentrated,1,update,0,0.7,0,0.0,0,0,nan,0,nan,400,400,0.34431419998873025,400,51200,51200,51200,3932160,501760.0,0,0,0,"{""0.1"": 0, ""0.2"": 0, ""0.5"": 0, ""1.0"": 0, ""2.0"": 0}",0.013503729310657242,0.1514362225211519,1.0,0.129453125,100,0,0
qld-v1,qld,0.5,LBQCD-D01-unequal-min050-K8,unequal,concentrated,LBQCD-D01-unequal-min050-K8/concentrated,2,update,0,0.7,0,0.0,0,0,nan,0,nan,400,400,0.38307820000045467,400,51200,51200,51200,3932160,501760.0,0,0,0,"{""0.1"": 0, ""0.2"": 0, ""0.5"": 0, ""1.0"": 0, ""2.0"": 0}",0.020931325057341077,0.16660808419136308,1.0,0.14777343750000002,100,0,0
rsr-M1024-f0.70-u,rsr,0.5,LBQCD-D01-unequal-min050-K8,unequal,concentrated,LBQCD-D01-unequal-min050-K8/concentrated,0,update,1024,0.7,0,0.0,0,0,nan,0,nan,400,400,1.1591348000074504,4600,588800,302080,302080,3932160,5734400.0,0,0,0,"{""0.1"": 0, ""0.2"": 0, ""0.5"": 0, ""1.0"": 0, ""2.0"": 0}",0.0218105285562058,0.16060275866445214,1.0,0.0629296875,150,0,0
rsr-M1024-f0.70-u,rsr,0.5,LBQCD-D01-unequal-min050-K8,unequal,concentrated,LBQCD-D01-unequal-min050-K8/concentrated,1,update,1024,0.7,0,0.0,0,0,nan,0,nan,400,400,1.133921200002078,4600,588800,302080,302080,3932160,5734400.0,0,0,0,"{""0.1"": 0, ""0.2"": 0, ""0.5"": 0, ""1.0"": 0, ""2.0"": 0}",0.014881819662576845,0.14654499107730887,1.0,0.038007812500000016,50,0,0
rsr-M1024-f0.70-u,rsr,0.5,LBQCD-D01-unequal-min050-K8,unequal,concentrated,LBQCD-D01-unequal-min050-K8/concentrated,2,update,1024,0.7,0,0.0,0,0,nan,0,nan,400,400,1.1833167000004323,4600,588800,302080,302080,3932160,5734400.0,0,0,0,"{""0.1"": 0, ""0.2"": 0, ""0.5"": 0, ""1.0"": 0, ""2.0"": 0}",0.017326698644466898,0.16098890058623225,1.0,0.11542968749999999,100,0,0
gated-M1024-f0.70-u,gated,0.5,LBQCD-D01-unequal-min050-K8,unequal,missing,LBQCD-D01-unequal-min050-K8/missing,0,update,1024,0.7,0,0.0,4096,1,6.75,7,767.000180206984,400,400,1.191963899997063,4600,588800,302080,302080,3932160,5734400.0,0,0,0,"{""0.1"": 0, ""0.2"": 0, ""0.5"": 0, ""1.0"": 0, ""2.0"": 0}",0.019289889363687474,0.14624785604924515,1.0,0.07796875,100,0,0
gated-M1024-f0.70-u,gated,0.5,LBQCD-D01-unequal-min050-K8,unequal,missing,LBQCD-D01-unequal-min050-K8/missing,1,update,1024,0.7,0,0.0,4096,1,6.4375,7,732.8272919956668,400,400,1.1646232999919448,4600,588800,302080,302080,3932160,5734400.0,0,0,0,"{""0.1"": 0, ""0.2"": 0, ""0.5"": 0, ""1.0"": 0, ""2.0"": 0}",0.018409100831193292,0.14632152440243784,1.0,0.06507812499999999,100,0,0
gated-M1024-f0.70-u,gated,0.5,LBQCD-D01-unequal-min050-K8,unequal,missing,LBQCD-D01-unequal-min050-K8/missing,2,update,1024,0.7,0,0.0,4096,1,7.25,7,770.0177627705104,400,400,1.2093728999898303,4600,588800,302080,302080,3932160,5734400.0,0,0,0,"{""0.1"": 0, ""0.2"": 0, ""0.5"": 0, ""1.0"": 0, ""2.0"": 0}",0.012626465364279804,0.15203465030352062,1.0,0.09769531249999999,100,0,0
gated-align-M1024-f0.70-u,gated-align,0.5,LBQCD-D01-unequal-min050-K8,unequal,missing,LBQCD-D01-unequal-min050-K8/missing,0,update,1024,0.7,0,0.0,4096,1,6.75,7,767.000180206984,400,400,1.2887965999980224,4600,588800,302080,302080,3932160,5734400.0,3,491520,384,"{""0.1"": 0, ""0.2"": 0, ""0.5"": 1, ""1.0"": 2, ""2.0"": 0}",0.017899864593409198,0.1466674310669441,1.0,0.10140625,100,0,0
gated-align-M1024-f0.70-u,gated-align,0.5,LBQCD-D01-unequal-min050-K8,unequal,missing,LBQCD-D01-unequal-min050-K8/missing,1,update,1024,0.7,0,0.0,4096,1,6.4375,7,732.8272919956668,400,400,1.1437357000104384,4600,588800,302080,302080,3932160,5734400.0,3,491520,384,"{""0.1"": 0, ""0.2"": 0, ""0.5"": 0, ""1.0"": 3, ""2.0"": 0}",0.018712014925977183,0.14663593270376615,1.0,0.06996093749999999,100,0,0
gated-align-M1024-f0.70-u,gated-align,0.5,LBQCD-D01-unequal-min050-K8,unequal,missing,LBQCD-D01-unequal-min050-K8/missing,2,update,1024,0.7,0,0.0,4096,1,7.25,7,770.0177627705104,400,400,1.1367838000005577,4600,588800,302080,302080,3932160,5734400.0,3,491520,384,"{""0.1"": 0, ""0.2"": 0, ""0.5"": 1, ""1.0"": 2, ""2.0"": 0}",0.012124365932086212,0.15250158217608242,1.0,0.09671874999999999,100,0,0
gated-lookahead-M1024-f0.70-u,gated-lookahead,0.5,LBQCD-D01-unequal-min050-K8,unequal,missing,LBQCD-D01-unequal-min050-K8/missing,0,update,1024,0.7,0,0.0,4096,1,6.75,7,767.000180206984,400,400,1.188803500001086,4600,588800,302080,302080,3932160,5734400.0,3,491520,3840,"{""0.1"": 1, ""0.2"": 1, ""0.5"": 0, ""1.0"": 0, ""2.0"": 1}",0.02160277719588599,0.14521762341130803,1.0,0.0833203125,100,0,0
gated-lookahead-M1024-f0.70-u,gated-lookahead,0.5,LBQCD-D01-unequal-min050-K8,unequal,missing,LBQCD-D01-unequal-min050-K8/missing,1,update,1024,0.7,0,0.0,4096,1,6.4375,7,732.8272919956668,400,400,1.1986241999984486,4600,588800,302080,302080,3932160,5734400.0,3,491520,3840,"{""0.1"": 2, ""0.2"": 0, ""0.5"": 0, ""1.0"": 0, ""2.0"": 1}",0.013156155914820333,0.14847264755657097,1.0,0.10570312499999998,100,0,0
gated-lookahead-M1024-f0.70-u,gated-lookahead,0.5,LBQCD-D01-unequal-min050-K8,unequal,missing,LBQCD-D01-unequal-min050-K8/missing,2,update,1024,0.7,0,0.0,4096,1,7.25,7,770.0177627705104,400,400,1.1234646999946563,4600,588800,302080,302080,3932160,5734400.0,3,491520,3840,"{""0.1"": 0, ""0.2"": 0, ""0.5"": 1, ""1.0"": 0, ""2.0"": 2}",0.014726411718607002,0.15940213516456514,1.0,0.10746093749999999,100,0,0
lbqcd-align-M1024-f0.70-u,align,0.5,LBQCD-D01-unequal-min050-K8,unequal,missing,LBQCD-D01-unequal-min050-K8/missing,0,update,1024,0.7,0,0.0,0,0,nan,0,nan,400,400,1.2232859000068856,4600,588800,302080,302080,3932160,5734400.0,3,491520,384,"{""0.1"": 0, ""0.2"": 0, ""0.5"": 1, ""1.0"": 2, ""2.0"": 0}",0.017899864593409198,0.1466674310669441,1.0,0.10140625,100,0,0
lbqcd-align-M1024-f0.70-u,align,0.5,LBQCD-D01-unequal-min050-K8,unequal,missing,LBQCD-D01-unequal-min050-K8/missing,1,update,1024,0.7,0,0.0,0,0,nan,0,nan,400,400,1.3120637999963947,4600,588800,302080,302080,3932160,5734400.0,3,491520,384,"{""0.1"": 0, ""0.2"": 0, ""0.5"": 0, ""1.0"": 3, ""2.0"": 0}",0.018712014925977183,0.14663593270376615,1.0,0.06996093749999999,100,0,0
lbqcd-align-M1024-f0.70-u,align,0.5,LBQCD-D01-unequal-min050-K8,unequal,missing,LBQCD-D01-unequal-min050-K8/missing,2,update,1024,0.7,0,0.0,0,0,nan,0,nan,400,400,1.1516377999942051,4600,588800,302080,302080,3932160,5734400.0,3,491520,384,"{""0.1"": 0, ""0.2"": 0, ""0.5"": 1, ""1.0"": 2, ""2.0"": 0}",0.012124365932086212,0.15250158217608242,1.0,0.09671874999999999,100,0,0
lbqcd-lookahead-M1024-f0.70-u,lookahead,0.5,LBQCD-D01-unequal-min050-K8,unequal,missing,LBQCD-D01-unequal-min050-K8/missing,0,update,1024,0.7,0,0.0,0,0,nan,0,nan,400,400,1.277398299993365,4600,588800,302080,302080,3932160,5734400.0,3,491520,3840,"{""0.1"": 1, ""0.2"": 1, ""0.5"": 0, ""1.0"": 0, ""2.0"": 1}",0.02160277719588599,0.14521762341130803,1.0,0.0833203125,100,0,0
lbqcd-lookahead-M1024-f0.70-u,lookahead,0.5,LBQCD-D01-unequal-min050-K8,unequal,missing,LBQCD-D01-unequal-min050-K8/missing,1,update,1024,0.7,0,0.0,0,0,nan,0,nan,400,400,1.2436372999945888,4600,588800,302080,302080,3932160,5734400.0,3,491520,3840,"{""0.1"": 2, ""0.2"": 0, ""0.5"": 0, ""1.0"": 0, ""2.0"": 1}",0.013156155914820333,0.14847264755657097,1.0,0.10570312499999998,100,0,0
lbqcd-lookahead-M1024-f0.70-u,lookahead,0.5,LBQCD-D01-unequal-min050-K8,unequal,missing,LBQCD-D01-unequal-min050-K8/missing,2,update,1024,0.7,0,0.0,0,0,nan,0,nan,400,400,1.2840691000019433,4600,588800,302080,302080,3932160,5734400.0,3,491520,3840,"{""0.1"": 0, ""0.2"": 0, ""0.5"": 1, ""1.0"": 0, ""2.0"": 2}",0.014726411718607002,0.15940213516456514,1.0,0.10746093749999999,100,0,0
paper-0.2,paper,0.2,LBQCD-D01-unequal-min050-K8,unequal,missing,LBQCD-D01-unequal-min050-K8/missing,0,update,0,0.0,0,0.0,0,0,nan,0,nan,400,400,0.7325300999946194,400,51200,51200,51200,13107200,0.0,0,0,0,"{""0.1"": 0, ""0.2"": 0, ""0.5"": 0, ""1.0"": 0, ""2.0"": 0}",0.0213053085394046,0.14993552908655305,1.0,0.0909375,100,0,0
paper-0.2,paper,0.2,LBQCD-D01-unequal-min050-K8,unequal,missing,LBQCD-D01-unequal-min050-K8/missing,1,update,0,0.0,0,0.0,0,0,nan,0,nan,400,400,0.8575562000041828,400,51200,51200,51200,13107200,0.0,0,0,0,"{""0.1"": 0, ""0.2"": 0, ""0.5"": 0, ""1.0"": 0, ""2.0"": 0}",0.02161325667545766,0.16689334267170228,1.0,0.0867578125,100,0,0
paper-0.2,paper,0.2,LBQCD-D01-unequal-min050-K8,unequal,missing,LBQCD-D01-unequal-min050-K8/missing,2,update,0,0.0,0,0.0,0,0,nan,0,nan,400,400,0.7136313000082737,400,51200,51200,51200,13107200,0.0,0,0,0,"{""0.1"": 0, ""0.2"": 0, ""0.5"": 0, ""1.0"": 0, ""2.0"": 0}",0.015347944644719336,0.16918358912683618,1.0,0.0760546875,100,0,0
paper-0.5,paper,0.5,LBQCD-D01-unequal-min050-K8,unequal,missing,LBQCD-D01-unequal-min050-K8/missing,0,update,0,0.0,0,0.0,0,0,nan,0,nan,400,400,0.8141386000061175,400,51200,51200,51200,13107200,0.0,0,0,0,"{""0.1"": 0, ""0.2"": 0, ""0.5"": 0, ""1.0"": 0, ""2.0"": 0}",0.021286563840472006,0.159203623451508,1.0,0.06890625,100,0,0
paper-0.5,paper,0.5,LBQCD-D01-unequal-min050-K8,unequal,missing,LBQCD-D01-unequal-min050-K8/missing,1,update,0,0.0,0,0.0,0,0,nan,0,nan,400,400,0.7284035000047879,400,51200,51200,51200,13107200,0.0,0,0,0,"{""0.1"": 0, ""0.2"": 0, ""0.5"": 0, ""1.0"": 0, ""2.0"": 0}",0.021510582012495227,0.15442500836626158,1.0,0.104609375,100,0,0
paper-0.5,paper,0.5,LBQCD-D01-unequal-min050-K8,unequal,missing,LBQCD-D01-unequal-min050-K8/missing,2,update,0,0.0,0,0.0,0,0,nan,0,nan,400,400,0.7981027000059839,400,51200,51200,51200,13107200,0.0,0,0,0,"{""0.1"": 0, ""0.2"": 0, ""0.5"": 0, ""1.0"": 0, ""2.0"": 0}",0.015018158678531845,0.14125246507316874,1.0,0.06085937499999999,100,0,0
paper-1,paper,1.0,LBQCD-D01-unequal-min050-K8,unequal,missing,LBQCD-D01-unequal-min050-K8/missing,0,update,0,0.0,0,0.0,0,0,nan,0,nan,400,400,0.8407467999932123,400,51200,51200,51200,13107200,0.0,0,0,0,"{""0.1"": 0, ""0.2"": 0, ""0.5"": 0, ""1.0"": 0, ""2.0"": 0}",0.02362799290929729,0.15594146941865486,1.0,0.11976562499999999,150,0,0
paper-1,paper,1.0,LBQCD-D01-unequal-min050-K8,unequal,missing,LBQCD-D01-unequal-min050-K8/missing,1,update,0,0.0,0,0.0,0,0,nan,0,nan,400,400,0.8172814999998081,400,51200,51200,51200,13107200,0.0,0,0,0,"{""0.1"": 0, ""0.2"": 0, ""0.5"": 0, ""1.0"": 0, ""2.0"": 0}",0.022591253062664407,0.1634037120107165,1.0,0.108984375,100,0,0
paper-1,paper,1.0,LBQCD-D01-unequal-min050-K8,unequal,missing,LBQCD-D01-unequal-min050-K8/missing,2,update,0,0.0,0,0.0,0,0,nan,0,nan,400,400,0.6995739999983925,400,51200,51200,51200,13107200,0.0,0,0,0,"{""0.1"": 0, ""0.2"": 0, ""0.5"": 0, ""1.0"": 0, ""2.0"": 0}",0.013929365592762588,0.1509437279036196,1.0,0.101875,100,0,0
paper-2,paper,2.0,LBQCD-D01-unequal-min050-K8,unequal,missing,LBQCD-D01-unequal-min050-K8/missing,0,update,0,0.0,0,0.0,0,0,nan,0,nan,400,400,0.6404151000024285,400,51200,51200,51200,13107200,0.0,0,0,0,"{""0.1"": 0, ""0.2"": 0, ""0.5"": 0, ""1.0"": 0, ""2.0"": 0}",0.02809043372425113,0.17383900795393642,1.0,0.17515624999999999,150,0,0
paper-2,paper,2.0,LBQCD-D01-unequal-min050-K8,unequal,missing,LBQCD-D01-unequal-min050-K8/missing,1,update,0,0.0,0,0.0,0,0,nan,0,nan,400,400,0.6933152999990853,400,51200,51200,51200,13107200,0.0,0,0,0,"{""0.1"": 0, ""0.2"": 0, ""0.5"": 0, ""1.0"": 0, ""2.0"": 0}",0.025036642272212806,0.17470132825288462,1.0,0.15765625,150,0,0
paper-2,paper,2.0,LBQCD-D01-unequal-min050-K8,unequal,missing,LBQCD-D01-unequal-min050-K8/missing,2,update,0,0.0,0,0.0,0,0,nan,0,nan,400,400,0.7469643999938853,400,51200,51200,51200,13107200,0.0,0,0,0,"{""0.1"": 0, ""0.2"": 0, ""0.5"": 0, ""1.0"": 0, ""2.0"": 0}",0.018894039818777353,0.18159712266850545,1.0,0.14191406250000002,100,0,0
paper-4,paper,4.0,LBQCD-D01-unequal-min050-K8,unequal,missing,LBQCD-D01-unequal-min050-K8/missing,0,update,0,0.0,0,0.0,0,0,nan,0,nan,400,400,0.6777989999973215,400,51200,51200,51200,13107200,0.0,0,0,0,"{""0.1"": 0, ""0.2"": 0, ""0.5"": 0, ""1.0"": 0, ""2.0"": 0}",0.07531297180913898,0.3580063806415123,0.91,0.501484375,300,0,0
paper-4,paper,4.0,LBQCD-D01-unequal-min050-K8,unequal,missing,LBQCD-D01-unequal-min050-K8/missing,1,update,0,0.0,0,0.0,0,0,nan,0,nan,400,400,0.7710211999947205,400,51200,51200,51200,13107200,0.0,0,0,0,"{""0.1"": 0, ""0.2"": 0, ""0.5"": 0, ""1.0"": 0, ""2.0"": 0}",0.05526832315328334,0.2883658175485353,0.91,0.39675781250000003,250,0,0
paper-4,paper,4.0,LBQCD-D01-unequal-min050-K8,unequal,missing,LBQCD-D01-unequal-min050-K8/missing,2,update,0,0.0,0,0.0,0,0,nan,0,nan,400,400,0.6991880999994464,400,51200,51200,51200,13107200,0.0,0,0,0,"{""0.1"": 0, ""0.2"": 0, ""0.5"": 0, ""1.0"": 0, ""2.0"": 0}",0.04657996088173477,0.28513529384299097,0.91,0.40066406250000003,150,0,0
qld-v1,qld,0.5,LBQCD-D01-unequal-min050-K8,unequal,missing,LBQCD-D01-unequal-min050-K8/missing,0,update,0,0.7,0,0.0,0,0,nan,0,nan,400,400,0.3265229999960866,400,51200,51200,51200,3932160,501760.0,0,0,0,"{""0.1"": 0, ""0.2"": 0, ""0.5"": 0, ""1.0"": 0, ""2.0"": 0}",0.024983469263369917,0.1516477509745107,1.0,0.084296875,100,0,0
qld-v1,qld,0.5,LBQCD-D01-unequal-min050-K8,unequal,missing,LBQCD-D01-unequal-min050-K8/missing,1,update,0,0.7,0,0.0,0,0,nan,0,nan,400,400,0.35323709998920094,400,51200,51200,51200,3932160,501760.0,0,0,0,"{""0.1"": 0, ""0.2"": 0, ""0.5"": 0, ""1.0"": 0, ""2.0"": 0}",0.022571213554384517,0.15369640608985854,1.0,0.09046874999999999,100,0,0
qld-v1,qld,0.5,LBQCD-D01-unequal-min050-K8,unequal,missing,LBQCD-D01-unequal-min050-K8/missing,2,update,0,0.7,0,0.0,0,0,nan,0,nan,400,400,0.37283920000481885,400,51200,51200,51200,3932160,501760.0,0,0,0,"{""0.1"": 0, ""0.2"": 0, ""0.5"": 0, ""1.0"": 0, ""2.0"": 0}",0.01775071534374395,0.17100047522228454,1.0,0.08890624999999999,100,0,0
rsr-M1024-f0.70-u,rsr,0.5,LBQCD-D01-unequal-min050-K8,unequal,missing,LBQCD-D01-unequal-min050-K8/missing,0,update,1024,0.7,0,0.0,0,0,nan,0,nan,400,400,1.1544260000082431,4600,588800,302080,302080,3932160,5734400.0,0,0,0,"{""0.1"": 0, ""0.2"": 0, ""0.5"": 0, ""1.0"": 0, ""2.0"": 0}",0.019289889363687474,0.14624785604924515,1.0,0.07796875,100,0,0
rsr-M1024-f0.70-u,rsr,0.5,LBQCD-D01-unequal-min050-K8,unequal,missing,LBQCD-D01-unequal-min050-K8/missing,1,update,1024,0.7,0,0.0,0,0,nan,0,nan,400,400,1.2016877999994904,4600,588800,302080,302080,3932160,5734400.0,0,0,0,"{""0.1"": 0, ""0.2"": 0, ""0.5"": 0, ""1.0"": 0, ""2.0"": 0}",0.018409100831193292,0.14632152440243784,1.0,0.06507812499999999,100,0,0
rsr-M1024-f0.70-u,rsr,0.5,LBQCD-D01-unequal-min050-K8,unequal,missing,LBQCD-D01-unequal-min050-K8/missing,2,update,1024,0.7,0,0.0,0,0,nan,0,nan,400,400,1.1455325999995694,4600,588800,302080,302080,3932160,5734400.0,0,0,0,"{""0.1"": 0, ""0.2"": 0, ""0.5"": 0, ""1.0"": 0, ""2.0"": 0}",0.012626465364279804,0.15203465030352062,1.0,0.09769531249999999,100,0,0
gated-M1024-f0.70-u,gated,0.5,LBQCD-D02-unequal-min030-K10,unequal,concentrated,LBQCD-D02-unequal-min030-K10/concentrated,0,update,1024,0.7,0,0.0,4096,1,4.1875,9,592.2135401121122,400,400,1.317538200004492,4600,588800,302080,302080,3932160,5734400.0,0,0,0,"{""0.1"": 0, ""0.2"": 0, ""0.5"": 0, ""1.0"": 0, ""2.0"": 0}",0.007932020876773471,0.10906809931006388,1.0,0.0642578125,50,0,0
gated-M1024-f0.70-u,gated,0.5,LBQCD-D02-unequal-min030-K10,unequal,concentrated,LBQCD-D02-unequal-min030-K10/concentrated,1,update,1024,0.7,0,0.0,4096,1,4.6875,9,601.4953974936664,400,400,1.229318300000159,4600,588800,302080,302080,3932160,5734400.0,0,0,0,"{""0.1"": 0, ""0.2"": 0, ""0.5"": 0, ""1.0"": 0, ""2.0"": 0}",0.008705134521828084,0.11369708386850116,1.0,0.089765625,50,0,0
gated-M1024-f0.70-u,gated,0.5,LBQCD-D02-unequal-min030-K10,unequal,concentrated,LBQCD-D02-unequal-min030-K10/concentrated,2,update,1024,0.7,0,0.0,4096,1,3.375,9,653.4581190730954,400,400,1.3642547999916133,4600,588800,302080,302080,3932160,5734400.0,0,0,0,"{""0.1"": 0, ""0.2"": 0, ""0.5"": 0, ""1.0"": 0, ""2.0"": 0}",0.0087144735328466,0.12425530710864403,1.0,0.07042968749999999,50,0,0
gated-align-M1024-f0.70-u,gated-align,0.5,LBQCD-D02-unequal-min030-K10,unequal,concentrated,LBQCD-D02-unequal-min030-K10/concentrated,0,update,1024,0.7,0,0.0,4096,1,4.1875,9,592.2135401121122,400,400,1.271140299999388,4600,588800,302080,302080,3932160,5734400.0,3,491520,384,"{""0.1"": 0, ""0.2"": 0, ""0.5"": 2, ""1.0"": 0, ""2.0"": 1}",0.00859430401392558,0.10967314000407942,1.0,0.059375,50,0,0
gated-align-M1024-f0.70-u,gated-align,0.5,LBQCD-D02-unequal-min030-K10,unequal,concentrated,LBQCD-D02-unequal-min030-K10/concentrated,1,update,1024,0.7,0,0.0,4096,1,4.6875,9,601.4953974936664,400,400,1.360507699995651,4600,588800,302080,302080,3932160,5734400.0,3,491520,384,"{""0.1"": 0, ""0.2"": 0, ""0.5"": 1, ""1.0"": 2, ""2.0"": 0}",0.008294448979978775,0.12084100923619188,1.0,0.08648437499999999,50,0,0
gated-align-M1024-f0.70-u,gated-align,0.5,LBQCD-D02-unequal-min030-K10,unequal,concentrated,LBQCD-D02-unequal-min030-K10/concentrated,2,update,1024,0.7,0,0.0,4096,1,3.375,9,653.4581190730954,400,400,1.393863400007831,4600,588800,302080,302080,3932160,5734400.0,3,491520,384,"{""0.1"": 0, ""0.2"": 1, ""0.5"": 1, ""1.0"": 1, ""2.0"": 0}",0.009738480408819417,0.13096606679262093,1.0,0.0793359375,50,0,0
gated-lookahead-M1024-f0.70-u,gated-lookahead,0.5,LBQCD-D02-unequal-min030-K10,unequal,concentrated,LBQCD-D02-unequal-min030-K10/concentrated,0,update,1024,0.7,0,0.0,4096,1,4.1875,9,592.2135401121122,400,400,1.3107874999986961,4600,588800,302080,302080,3932160,5734400.0,3,491520,3840,"{""0.1"": 2, ""0.2"": 0, ""0.5"": 0, ""1.0"": 0, ""2.0"": 1}",0.008106764984343595,0.12771195085121506,1.0,0.094921875,50,0,0
gated-lookahead-M1024-f0.70-u,gated-lookahead,0.5,LBQCD-D02-unequal-min030-K10,unequal,concentrated,LBQCD-D02-unequal-min030-K10/concentrated,1,update,1024,0.7,0,0.0,4096,1,4.6875,9,601.4953974936664,400,400,1.2475793000048725,4600,588800,302080,302080,3932160,5734400.0,3,491520,3840,"{""0.1"": 0, ""0.2"": 0, ""0.5"": 0, ""1.0"": 0, ""2.0"": 3}",0.008192017351477787,0.12952400757397456,1.0,0.08648437499999999,50,0,0
gated-lookahead-M1024-f0.70-u,gated-lookahead,0.5,LBQCD-D02-unequal-min030-K10,unequal,concentrated,LBQCD-D02-unequal-min030-K10/concentrated,2,update,1024,0.7,0,0.0,4096,1,3.375,9,653.4581190730954,400,400,1.3026189000083832,4600,588800,302080,302080,3932160,5734400.0,3,491520,3840,"{""0.1"": 0, ""0.2"": 1, ""0.5"": 0, ""1.0"": 0, ""2.0"": 2}",0.009674018686617769,0.11714380185958638,1.0,0.057851562499999995,50,0,0
lbqcd-align-M1024-f0.70-u,align,0.5,LBQCD-D02-unequal-min030-K10,unequal,concentrated,LBQCD-D02-unequal-min030-K10/concentrated,0,update,1024,0.7,0,0.0,0,0,nan,0,nan,400,400,1.243113499993342,4600,588800,302080,302080,3932160,5734400.0,3,491520,384,"{""0.1"": 0, ""0.2"": 0, ""0.5"": 2, ""1.0"": 0, ""2.0"": 1}",0.00859430401392558,0.10967314000407942,1.0,0.059375,50,0,0
lbqcd-align-M1024-f0.70-u,align,0.5,LBQCD-D02-unequal-min030-K10,unequal,concentrated,LBQCD-D02-unequal-min030-K10/concentrated,1,update,1024,0.7,0,0.0,0,0,nan,0,nan,400,400,1.3894027000060305,4600,588800,302080,302080,3932160,5734400.0,3,491520,384,"{""0.1"": 0, ""0.2"": 0, ""0.5"": 1, ""1.0"": 2, ""2.0"": 0}",0.008294448979978775,0.12084100923619188,1.0,0.08648437499999999,50,0,0
lbqcd-align-M1024-f0.70-u,align,0.5,LBQCD-D02-unequal-min030-K10,unequal,concentrated,LBQCD-D02-unequal-min030-K10/concentrated,2,update,1024,0.7,0,0.0,0,0,nan,0,nan,400,400,1.3100958000140963,4600,588800,302080,302080,3932160,5734400.0,3,491520,384,"{""0.1"": 0, ""0.2"": 1, ""0.5"": 1, ""1.0"": 1, ""2.0"": 0}",0.009738480408819417,0.13096606679262093,1.0,0.0793359375,50,0,0
lbqcd-lookahead-M1024-f0.70-u,lookahead,0.5,LBQCD-D02-unequal-min030-K10,unequal,concentrated,LBQCD-D02-unequal-min030-K10/concentrated,0,update,1024,0.7,0,0.0,0,0,nan,0,nan,400,400,1.290264199997182,4600,588800,302080,302080,3932160,5734400.0,3,491520,3840,"{""0.1"": 2, ""0.2"": 0, ""0.5"": 0, ""1.0"": 0, ""2.0"": 1}",0.008106764984343595,0.12771195085121506,1.0,0.094921875,50,0,0
lbqcd-lookahead-M1024-f0.70-u,lookahead,0.5,LBQCD-D02-unequal-min030-K10,unequal,concentrated,LBQCD-D02-unequal-min030-K10/concentrated,1,update,1024,0.7,0,0.0,0,0,nan,0,nan,400,400,1.2473410000093281,4600,588800,302080,302080,3932160,5734400.0,3,491520,3840,"{""0.1"": 0, ""0.2"": 0, ""0.5"": 0, ""1.0"": 0, ""2.0"": 3}",0.008192017351477787,0.12952400757397456,1.0,0.08648437499999999,50,0,0
lbqcd-lookahead-M1024-f0.70-u,lookahead,0.5,LBQCD-D02-unequal-min030-K10,unequal,concentrated,LBQCD-D02-unequal-min030-K10/concentrated,2,update,1024,0.7,0,0.0,0,0,nan,0,nan,400,400,1.1779292999999598,4600,588800,302080,302080,3932160,5734400.0,3,491520,3840,"{""0.1"": 0, ""0.2"": 1, ""0.5"": 0, ""1.0"": 0, ""2.0"": 2}",0.009674018686617769,0.11714380185958638,1.0,0.057851562499999995,50,0,0
paper-0.2,paper,0.2,LBQCD-D02-unequal-min030-K10,unequal,concentrated,LBQCD-D02-unequal-min030-K10/concentrated,0,update,0,0.0,0,0.0,0,0,nan,0,nan,400,400,0.7022455999976955,400,51200,51200,51200,13107200,0.0,0,0,0,"{""0.1"": 0, ""0.2"": 0, ""0.5"": 0, ""1.0"": 0, ""2.0"": 0}",0.00698254228486217,0.10761615133457396,1.0,0.08265625,50,0,0
paper-0.2,paper,0.2,LBQCD-D02-unequal-min030-K10,unequal,concentrated,LBQCD-D02-unequal-min030-K10/concentrated,1,update,0,0.0,0,0.0,0,0,nan,0,nan,400,400,0.6150057000049856,400,51200,51200,51200,13107200,0.0,0,0,0,"{""0.1"": 0, ""0.2"": 0, ""0.5"": 0, ""1.0"": 0, ""2.0"": 0}",0.01144912618826166,0.13290996543752454,1.0,0.10882812499999998,50,0,0
paper-0.2,paper,0.2,LBQCD-D02-unequal-min030-K10,unequal,concentrated,LBQCD-D02-unequal-min030-K10/concentrated,2,update,0,0.0,0,0.0,0,0,nan,0,nan,400,400,0.7303463999996893,400,51200,51200,51200,13107200,0.0,0,0,0,"{""0.1"": 0, ""0.2"": 0, ""0.5"": 0, ""1.0"": 0, ""2.0"": 0}",0.008853221410830114,0.12559584292212192,1.0,0.06218749999999999,50,0,0
paper-0.5,paper,0.5,LBQCD-D02-unequal-min030-K10,unequal,concentrated,LBQCD-D02-unequal-min030-K10/concentrated,0,update,0,0.0,0,0.0,0,0,nan,0,nan,400,400,0.4623888999922201,400,51200,51200,51200,13107200,0.0,0,0,0,"{""0.1"": 0, ""0.2"": 0, ""0.5"": 0, ""1.0"": 0, ""2.0"": 0}",0.007998268918559592,0.10781681849376823,1.0,0.04347656249999997,50,0,0
paper-0.5,paper,0.5,LBQCD-D02-unequal-min030-K10,unequal,concentrated,LBQCD-D02-unequal-min030-K10/concentrated,1,update,0,0.0,0,0.0,0,0,nan,0,nan,400,400,0.6578162000078009,400,51200,51200,51200,13107200,0.0,0,0,0,"{""0.1"": 0, ""0.2"": 0, ""0.5"": 0, ""1.0"": 0, ""2.0"": 0}",0.010567867330815828,0.12210743787341764,1.0,0.10195312500000002,50,0,0
paper-0.5,paper,0.5,LBQCD-D02-unequal-min030-K10,unequal,concentrated,LBQCD-D02-unequal-min030-K10/concentrated,2,update,0,0.0,0,0.0,0,0,nan,0,nan,400,400,0.6902277999906801,400,51200,51200,51200,13107200,0.0,0,0,0,"{""0.1"": 0, ""0.2"": 0, ""0.5"": 0, ""1.0"": 0, ""2.0"": 0}",0.016844486656792057,0.11268970288132,1.0,0.08820312499999998,50,0,0
paper-1,paper,1.0,LBQCD-D02-unequal-min030-K10,unequal,concentrated,LBQCD-D02-unequal-min030-K10/concentrated,0,update,0,0.0,0,0.0,0,0,nan,0,nan,400,400,0.5270392000093125,400,51200,51200,51200,13107200,0.0,0,0,0,"{""0.1"": 0, ""0.2"": 0, ""0.5"": 0, ""1.0"": 0, ""2.0"": 0}",0.00743920805668008,0.11406343117920904,1.0,0.08296874999999997,50,0,0
paper-1,paper,1.0,LBQCD-D02-unequal-min030-K10,unequal,concentrated,LBQCD-D02-unequal-min030-K10/concentrated,1,update,0,0.0,0,0.0,0,0,nan,0,nan,400,400,0.5987614999903599,400,51200,51200,51200,13107200,0.0,0,0,0,"{""0.1"": 0, ""0.2"": 0, ""0.5"": 0, ""1.0"": 0, ""2.0"": 0}",0.010979280992880813,0.11956423559386645,1.0,0.12453125000000002,100,0,0
paper-1,paper,1.0,LBQCD-D02-unequal-min030-K10,unequal,concentrated,LBQCD-D02-unequal-min030-K10/concentrated,2,update,0,0.0,0,0.0,0,0,nan,0,nan,400,400,0.6873850000120001,400,51200,51200,51200,13107200,0.0,0,0,0,"{""0.1"": 0, ""0.2"": 0, ""0.5"": 0, ""1.0"": 0, ""2.0"": 0}",0.01756811056599883,0.11846998700921918,1.0,0.12503906250000002,100,0,0
paper-2,paper,2.0,LBQCD-D02-unequal-min030-K10,unequal,concentrated,LBQCD-D02-unequal-min030-K10/concentrated,0,update,0,0.0,0,0.0,0,0,nan,0,nan,400,400,0.7808036999922479,400,51200,51200,51200,13107200,0.0,0,0,0,"{""0.1"": 0, ""0.2"": 0, ""0.5"": 0, ""1.0"": 0, ""2.0"": 0}",0.007025280815362578,0.12988704084690753,1.0,0.10710937499999999,50,0,0
paper-2,paper,2.0,LBQCD-D02-unequal-min030-K10,unequal,concentrated,LBQCD-D02-unequal-min030-K10/concentrated,1,update,0,0.0,0,0.0,0,0,nan,0,nan,400,400,0.4894380000041565,400,51200,51200,51200,13107200,0.0,0,0,0,"{""0.1"": 0, ""0.2"": 0, ""0.5"": 0, ""1.0"": 0, ""2.0"": 0}",0.011169664225774145,0.126130324242551,0.97,0.12160156250000002,50,0,0
paper-2,paper,2.0,LBQCD-D02-unequal-min030-K10,unequal,concentrated,LBQCD-D02-unequal-min030-K10/concentrated,2,update,0,0.0,0,0.0,0,0,nan,0,nan,400,400,0.6682425000035437,400,51200,51200,51200,13107200,0.0,0,0,0,"{""0.1"": 0, ""0.2"": 0, ""0.5"": 0, ""1.0"": 0, ""2.0"": 0}",0.018112859012638705,0.1277547683140828,0.97,0.0994140625,50,0,0
paper-4,paper,4.0,LBQCD-D02-unequal-min030-K10,unequal,concentrated,LBQCD-D02-unequal-min030-K10/concentrated,0,update,0,0.0,0,0.0,0,0,nan,0,nan,400,400,0.6990637999988394,400,51200,51200,51200,13107200,0.0,0,0,0,"{""0.1"": 0, ""0.2"": 0, ""0.5"": 0, ""1.0"": 0, ""2.0"": 0}",0.008043682912437067,0.15732646191108496,1.0,0.1543359375,50,0,0
paper-4,paper,4.0,LBQCD-D02-unequal-min030-K10,unequal,concentrated,LBQCD-D02-unequal-min030-K10/concentrated,1,update,0,0.0,0,0.0,0,0,nan,0,nan,400,400,0.5873176000022795,400,51200,51200,51200,13107200,0.0,0,0,0,"{""0.1"": 0, ""0.2"": 0, ""0.5"": 0, ""1.0"": 0, ""2.0"": 0}",0.01174274175812573,0.13980954878396823,0.97,0.1621484375,50,0,0
paper-4,paper,4.0,LBQCD-D02-unequal-min030-K10,unequal,concentrated,LBQCD-D02-unequal-min030-K10/concentrated,2,update,0,0.0,0,0.0,0,0,nan,0,nan,400,400,0.7625736000045436,400,51200,51200,51200,13107200,0.0,0,0,0,"{""0.1"": 0, ""0.2"": 0, ""0.5"": 0, ""1.0"": 0, ""2.0"": 0}",0.020592399448833953,0.13554456471599838,0.97,0.12292968749999998,50,0,0
qld-v1,qld,0.5,LBQCD-D02-unequal-min030-K10,unequal,concentrated,LBQCD-D02-unequal-min030-K10/concentrated,0,update,0,0.7,0,0.0,0,0,nan,0,nan,400,400,0.3553786999982549,400,51200,51200,51200,3932160,501760.0,0,0,0,"{""0.1"": 0, ""0.2"": 0, ""0.5"": 0, ""1.0"": 0, ""2.0"": 0}",0.007452535516831782,0.11449290649954702,1.0,0.090078125,50,0,0
qld-v1,qld,0.5,LBQCD-D02-unequal-min030-K10,unequal,concentrated,LBQCD-D02-unequal-min030-K10/concentrated,1,update,0,0.7,0,0.0,0,0,nan,0,nan,400,400,0.3668037000024924,400,51200,51200,51200,3932160,501760.0,0,0,0,"{""0.1"": 0, ""0.2"": 0, ""0.5"": 0, ""1.0"": 0, ""2.0"": 0}",0.008247819768252285,0.1226248850637407,1.0,0.11386718750000001,50,0,0
qld-v1,qld,0.5,LBQCD-D02-unequal-min030-K10,unequal,concentrated,LBQCD-D02-unequal-min030-K10/concentrated,2,update,0,0.7,0,0.0,0,0,nan,0,nan,400,400,0.32690960000036284,400,51200,51200,51200,3932160,501760.0,0,0,0,"{""0.1"": 0, ""0.2"": 0, ""0.5"": 0, ""1.0"": 0, ""2.0"": 0}",0.009567835344048481,0.12092213514523474,1.0,0.07843749999999998,50,0,0
rsr-M1024-f0.70-u,rsr,0.5,LBQCD-D02-unequal-min030-K10,unequal,concentrated,LBQCD-D02-unequal-min030-K10/concentrated,0,update,1024,0.7,0,0.0,0,0,nan,0,nan,400,400,1.3335132000065641,4600,588800,302080,302080,3932160,5734400.0,0,0,0,"{""0.1"": 0, ""0.2"": 0, ""0.5"": 0, ""1.0"": 0, ""2.0"": 0}",0.007932020876773471,0.10906809931006388,1.0,0.0642578125,50,0,0
rsr-M1024-f0.70-u,rsr,0.5,LBQCD-D02-unequal-min030-K10,unequal,concentrated,LBQCD-D02-unequal-min030-K10/concentrated,1,update,1024,0.7,0,0.0,0,0,nan,0,nan,400,400,1.2723739999928512,4600,588800,302080,302080,3932160,5734400.0,0,0,0,"{""0.1"": 0, ""0.2"": 0, ""0.5"": 0, ""1.0"": 0, ""2.0"": 0}",0.008705134521828084,0.11369708386850116,1.0,0.089765625,50,0,0
rsr-M1024-f0.70-u,rsr,0.5,LBQCD-D02-unequal-min030-K10,unequal,concentrated,LBQCD-D02-unequal-min030-K10/concentrated,2,update,1024,0.7,0,0.0,0,0,nan,0,nan,400,400,1.2985272000078112,4600,588800,302080,302080,3932160,5734400.0,0,0,0,"{""0.1"": 0, ""0.2"": 0, ""0.5"": 0, ""1.0"": 0, ""2.0"": 0}",0.0087144735328466,0.12425530710864403,1.0,0.07042968749999999,50,0,0
gated-M1024-f0.70-u,gated,0.5,LBQCD-D02-unequal-min030-K10,unequal,missing,LBQCD-D02-unequal-min030-K10/missing,0,update,1024,0.7,0,0.0,4096,1,4.4375,9,624.1647627793877,400,400,1.2034380999975838,4600,588800,302080,302080,3932160,5734400.0,0,0,0,"{""0.1"": 0, ""0.2"": 0, ""0.5"": 0, ""1.0"": 0, ""2.0"": 0}",0.010281560220117836,0.11787144395889461,1.0,0.1529296875,100,0,0
gated-M1024-f0.70-u,gated,0.5,LBQCD-D02-unequal-min030-K10,unequal,missing,LBQCD-D02-unequal-min030-K10/missing,1,update,1024,0.7,0,0.0,4096,1,3.875,9,610.7866530891872,400,400,1.127436900002067,4600,588800,302080,302080,3932160,5734400.0,0,0,0,"{""0.1"": 0, ""0.2"": 0, ""0.5"": 0, ""1.0"": 0, ""2.0"": 0}",0.01943948026340503,0.12393950189303497,1.0,0.11035156249999999,100,0,0
gated-M1024-f0.70-u,gated,0.5,LBQCD-D02-unequal-min030-K10,unequal,missing,LBQCD-D02-unequal-min030-K10/missing,2,update,1024,0.7,0,0.0,4096,1,4.625,9,614.2142499888038,400,400,1.0904050999961328,4600,588800,302080,302080,3932160,5734400.0,0,0,0,"{""0.1"": 0, ""0.2"": 0, ""0.5"": 0, ""1.0"": 0, ""2.0"": 0}",0.015249230672573333,0.11912515039814818,0.97,0.145703125,100,0,0
gated-align-M1024-f0.70-u,gated-align,0.5,LBQCD-D02-unequal-min030-K10,unequal,missing,LBQCD-D02-unequal-min030-K10/missing,0,update,1024,0.7,0,0.0,4096,1,4.4375,9,624.1647627793877,400,400,1.2074798999965424,4600,588800,302080,302080,3932160,5734400.0,3,491520,384,"{""0.1"": 0, ""0.2"": 0, ""0.5"": 1, ""1.0"": 1, ""2.0"": 1}",0.009856159045902313,0.12160160129639654,1.0,0.1470703125,100,0,0
gated-align-M1024-f0.70-u,gated-align,0.5,LBQCD-D02-unequal-min030-K10,unequal,missing,LBQCD-D02-unequal-min030-K10/missing,1,update,1024,0.7,0,0.0,4096,1,3.875,9,610.7866530891872,400,400,1.1821759000013117,4600,588800,302080,302080,3932160,5734400.0,3,491520,384,"{""0.1"": 0, ""0.2"": 0, ""0.5"": 1, ""1.0"": 2, ""2.0"": 0}",0.015235394918347023,0.12259776115124331,1.0,0.1165625,100,0,0
gated-align-M1024-f0.70-u,gated-align,0.5,LBQCD-D02-unequal-min030-K10,unequal,missing,LBQCD-D02-unequal-min030-K10/missing,2,update,1024,0.7,0,0.0,4096,1,4.625,9,614.2142499888038,400,400,1.2186218999995617,4600,588800,302080,302080,3932160,5734400.0,3,491520,384,"{""0.1"": 0, ""0.2"": 0, ""0.5"": 2, ""1.0"": 0, ""2.0"": 1}",0.01494842420048803,0.11918192681962576,0.97,0.1522265625,100,0,0
gated-lookahead-M1024-f0.70-u,gated-lookahead,0.5,LBQCD-D02-unequal-min030-K10,unequal,missing,LBQCD-D02-unequal-min030-K10/missing,0,update,1024,0.7,0,0.0,4096,1,4.4375,9,624.1647627793877,400,400,1.2602160000096774,4600,588800,302080,302080,3932160,5734400.0,3,491520,3840,"{""0.1"": 3, ""0.2"": 0, ""0.5"": 0, ""1.0"": 0, ""2.0"": 0}",0.01397218382632559,0.1169768252154689,1.0,0.1312109375,100,0,0
gated-lookahead-M1024-f0.70-u,gated-lookahead,0.5,LBQCD-D02-unequal-min030-K10,unequal,missing,LBQCD-D02-unequal-min030-K10/missing,1,update,1024,0.7,0,0.0,4096,1,3.875,9,610.7866530891872,400,400,1.2677591999963624,4600,588800,302080,302080,3932160,5734400.0,3,491520,3840,"{""0.1"": 0, ""0.2"": 0, ""0.5"": 0, ""1.0"": 0, ""2.0"": 3}",0.0228492056170293,0.1336787579690307,1.0,0.105703125,100,0,0
gated-lookahead-M1024-f0.70-u,gated-lookahead,0.5,LBQCD-D02-unequal-min030-K10,unequal,missing,LBQCD-D02-unequal-min030-K10/missing,2,update,1024,0.7,0,0.0,4096,1,4.625,9,614.2142499888038,400,400,1.1768854999972973,4600,588800,302080,302080,3932160,5734400.0,3,491520,3840,"{""0.1"": 0, ""0.2"": 0, ""0.5"": 1, ""1.0"": 1, ""2.0"": 1}",0.015455588952224986,0.12265042322139151,0.97,0.1434375,100,0,0
lbqcd-align-M1024-f0.70-u,align,0.5,LBQCD-D02-unequal-min030-K10,unequal,missing,LBQCD-D02-unequal-min030-K10/missing,0,update,1024,0.7,0,0.0,0,0,nan,0,nan,400,400,1.246220600005472,4600,588800,302080,302080,3932160,5734400.0,3,491520,384,"{""0.1"": 0, ""0.2"": 0, ""0.5"": 1, ""1.0"": 1, ""2.0"": 1}",0.009856159045902313,0.12160160129639654,1.0,0.1470703125,100,0,0
lbqcd-align-M1024-f0.70-u,align,0.5,LBQCD-D02-unequal-min030-K10,unequal,missing,LBQCD-D02-unequal-min030-K10/missing,1,update,1024,0.7,0,0.0,0,0,nan,0,nan,400,400,1.1201185999962036,4600,588800,302080,302080,3932160,5734400.0,3,491520,384,"{""0.1"": 0, ""0.2"": 0, ""0.5"": 1, ""1.0"": 2, ""2.0"": 0}",0.015235394918347023,0.12259776115124331,1.0,0.1165625,100,0,0
lbqcd-align-M1024-f0.70-u,align,0.5,LBQCD-D02-unequal-min030-K10,unequal,missing,LBQCD-D02-unequal-min030-K10/missing,2,update,1024,0.7,0,0.0,0,0,nan,0,nan,400,400,1.066319299992756,4600,588800,302080,302080,3932160,5734400.0,3,491520,384,"{""0.1"": 0, ""0.2"": 0, ""0.5"": 2, ""1.0"": 0, ""2.0"": 1}",0.01494842420048803,0.11918192681962576,0.97,0.1522265625,100,0,0
lbqcd-lookahead-M1024-f0.70-u,lookahead,0.5,LBQCD-D02-unequal-min030-K10,unequal,missing,LBQCD-D02-unequal-min030-K10/missing,0,update,1024,0.7,0,0.0,0,0,nan,0,nan,400,400,1.1899028000043472,4600,588800,302080,302080,3932160,5734400.0,3,491520,3840,"{""0.1"": 3, ""0.2"": 0, ""0.5"": 0, ""1.0"": 0, ""2.0"": 0}",0.01397218382632559,0.1169768252154689,1.0,0.1312109375,100,0,0
lbqcd-lookahead-M1024-f0.70-u,lookahead,0.5,LBQCD-D02-unequal-min030-K10,unequal,missing,LBQCD-D02-unequal-min030-K10/missing,1,update,1024,0.7,0,0.0,0,0,nan,0,nan,400,400,1.2999536999996053,4600,588800,302080,302080,3932160,5734400.0,3,491520,3840,"{""0.1"": 0, ""0.2"": 0, ""0.5"": 0, ""1.0"": 0, ""2.0"": 3}",0.0228492056170293,0.1336787579690307,1.0,0.105703125,100,0,0
lbqcd-lookahead-M1024-f0.70-u,lookahead,0.5,LBQCD-D02-unequal-min030-K10,unequal,missing,LBQCD-D02-unequal-min030-K10/missing,2,update,1024,0.7,0,0.0,0,0,nan,0,nan,400,400,1.2159921999991639,4600,588800,302080,302080,3932160,5734400.0,3,491520,3840,"{""0.1"": 0, ""0.2"": 0, ""0.5"": 1, ""1.0"": 1, ""2.0"": 1}",0.015455588952224986,0.12265042322139151,0.97,0.1434375,100,0,0
paper-0.2,paper,0.2,LBQCD-D02-unequal-min030-K10,unequal,missing,LBQCD-D02-unequal-min030-K10/missing,0,update,0,0.0,0,0.0,0,0,nan,0,nan,400,400,0.6819981000007829,400,51200,51200,51200,13107200,0.0,0,0,0,"{""0.1"": 0, ""0.2"": 0, ""0.5"": 0, ""1.0"": 0, ""2.0"": 0}",0.01650962840724568,0.11419838593674728,1.0,0.07812500000000001,50,0,0
paper-0.2,paper,0.2,LBQCD-D02-unequal-min030-K10,unequal,missing,LBQCD-D02-unequal-min030-K10/missing,1,update,0,0.0,0,0.0,0,0,nan,0,nan,400,400,0.6370499000040581,400,51200,51200,51200,13107200,0.0,0,0,0,"{""0.1"": 0, ""0.2"": 0, ""0.5"": 0, ""1.0"": 0, ""2.0"": 0}",0.023130128190450128,0.13155631498266196,1.0,0.084765625,100,0,0
paper-0.2,paper,0.2,LBQCD-D02-unequal-min030-K10,unequal,missing,LBQCD-D02-unequal-min030-K10/missing,2,update,0,0.0,0,0.0,0,0,nan,0,nan,400,400,0.7247533999907319,400,51200,51200,51200,13107200,0.0,0,0,0,"{""0.1"": 0, ""0.2"": 0, ""0.5"": 0, ""1.0"": 0, ""2.0"": 0}",0.017019322470317455,0.121380059757638,1.0,0.08414062500000001,100,0,0
paper-0.5,paper,0.5,LBQCD-D02-unequal-min030-K10,unequal,missing,LBQCD-D02-unequal-min030-K10/missing,0,update,0,0.0,0,0.0,0,0,nan,0,nan,400,400,0.5416540000005625,400,51200,51200,51200,13107200,0.0,0,0,0,"{""0.1"": 0, ""0.2"": 0, ""0.5"": 0, ""1.0"": 0, ""2.0"": 0}",0.015359413442405101,0.11652299496991785,1.0,0.08269531249999999,100,0,0
paper-0.5,paper,0.5,LBQCD-D02-unequal-min030-K10,unequal,missing,LBQCD-D02-unequal-min030-K10/missing,1,update,0,0.0,0,0.0,0,0,nan,0,nan,400,400,0.9251468000002205,400,51200,51200,51200,13107200,0.0,0,0,0,"{""0.1"": 0, ""0.2"": 0, ""0.5"": 0, ""1.0"": 0, ""2.0"": 0}",0.012948536728396132,0.11404306365280222,1.0,0.08648437499999999,100,0,0
paper-0.5,paper,0.5,LBQCD-D02-unequal-min030-K10,unequal,missing,LBQCD-D02-unequal-min030-K10/missing,2,update,0,0.0,0,0.0,0,0,nan,0,nan,400,400,0.6893314999906579,400,51200,51200,51200,13107200,0.0,0,0,0,"{""0.1"": 0, ""0.2"": 0, ""0.5"": 0, ""1.0"": 0, ""2.0"": 0}",0.01955454156568015,0.15273973656001594,1.0,0.12906250000000002,100,0,0
paper-1,paper,1.0,LBQCD-D02-unequal-min030-K10,unequal,missing,LBQCD-D02-unequal-min030-K10/missing,0,update,0,0.0,0,0.0,0,0,nan,0,nan,400,400,0.7049063999875216,400,51200,51200,51200,13107200,0.0,0,0,0,"{""0.1"": 0, ""0.2"": 0, ""0.5"": 0, ""1.0"": 0, ""2.0"": 0}",0.019842030914934305,0.14213248158021285,1.0,0.122421875,100,0,0
paper-1,paper,1.0,LBQCD-D02-unequal-min030-K10,unequal,missing,LBQCD-D02-unequal-min030-K10/missing,1,update,0,0.0,0,0.0,0,0,nan,0,nan,400,400,0.5027681000065058,400,51200,51200,51200,13107200,0.0,0,0,0,"{""0.1"": 0, ""0.2"": 0, ""0.5"": 0, ""1.0"": 0, ""2.0"": 0}",0.023799092642183384,0.14388756213363812,1.0,0.15816406249999995,150,0,0
paper-1,paper,1.0,LBQCD-D02-unequal-min030-K10,unequal,missing,LBQCD-D02-unequal-min030-K10/missing,2,update,0,0.0,0,0.0,0,0,nan,0,nan,400,400,0.7131934000062756,400,51200,51200,51200,13107200,0.0,0,0,0,"{""0.1"": 0, ""0.2"": 0, ""0.5"": 0, ""1.0"": 0, ""2.0"": 0}",0.02168382119030965,0.15111328105916122,0.97,0.16218749999999996,150,0,0
paper-2,paper,2.0,LBQCD-D02-unequal-min030-K10,unequal,missing,LBQCD-D02-unequal-min030-K10/missing,0,update,0,0.0,0,0.0,0,0,nan,0,nan,400,400,0.5607741999992868,400,51200,51200,51200,13107200,0.0,0,0,0,"{""0.1"": 0, ""0.2"": 0, ""0.5"": 0, ""1.0"": 0, ""2.0"": 0}",0.02283898599486056,0.16422703331105337,1.0,0.12636718750000003,100,0,0
paper-2,paper,2.0,LBQCD-D02-unequal-min030-K10,unequal,missing,LBQCD-D02-unequal-min030-K10/missing,1,update,0,0.0,0,0.0,0,0,nan,0,nan,400,400,0.7129180000047199,400,51200,51200,51200,13107200,0.0,0,0,0,"{""0.1"": 0, ""0.2"": 0, ""0.5"": 0, ""1.0"": 0, ""2.0"": 0}",0.04044760340993614,0.20040628052595236,0.97,0.16304687499999995,150,0,0
paper-2,paper,2.0,LBQCD-D02-unequal-min030-K10,unequal,missing,LBQCD-D02-unequal-min030-K10/missing,2,update,0,0.0,0,0.0,0,0,nan,0,nan,400,400,0.7080316000065068,400,51200,51200,51200,13107200,0.0,0,0,0,"{""0.1"": 0, ""0.2"": 0, ""0.5"": 0, ""1.0"": 0, ""2.0"": 0}",0.03173079760925712,0.1735592920899097,0.9199999999999999,0.21617187499999999,200,0,0
paper-4,paper,4.0,LBQCD-D02-unequal-min030-K10,unequal,missing,LBQCD-D02-unequal-min030-K10/missing,0,update,0,0.0,0,0.0,0,0,nan,0,nan,400,400,0.5105668000032892,400,51200,51200,51200,13107200,0.0,0,0,0,"{""0.1"": 0, ""0.2"": 0, ""0.5"": 0, ""1.0"": 0, ""2.0"": 0}",0.039189737134271097,0.25919885228228445,0.9199999999999999,0.20511718750000005,200,0,0
paper-4,paper,4.0,LBQCD-D02-unequal-min030-K10,unequal,missing,LBQCD-D02-unequal-min030-K10/missing,1,update,0,0.0,0,0.0,0,0,nan,0,nan,400,400,0.9710627000022214,400,51200,51200,51200,13107200,0.0,0,0,0,"{""0.1"": 0, ""0.2"": 0, ""0.5"": 0, ""1.0"": 0, ""2.0"": 0}",0.08003847826973431,0.36024381769005537,0.9199999999999999,0.36308593749999996,150,0,0
paper-4,paper,4.0,LBQCD-D02-unequal-min030-K10,unequal,missing,LBQCD-D02-unequal-min030-K10/missing,2,update,0,0.0,0,0.0,0,0,nan,0,nan,400,400,0.6957630000106292,400,51200,51200,51200,13107200,0.0,0,0,0,"{""0.1"": 0, ""0.2"": 0, ""0.5"": 0, ""1.0"": 0, ""2.0"": 0}",0.05562454690756091,0.2973077456553508,0.9199999999999999,0.3062890625,400,1,0
qld-v1,qld,0.5,LBQCD-D02-unequal-min030-K10,unequal,missing,LBQCD-D02-unequal-min030-K10/missing,0,update,0,0.7,0,0.0,0,0,nan,0,nan,400,400,0.3130086000019219,400,51200,51200,51200,3932160,501760.0,0,0,0,"{""0.1"": 0, ""0.2"": 0, ""0.5"": 0, ""1.0"": 0, ""2.0"": 0}",0.014100504410299752,0.12092692962826151,1.0,0.130234375,100,0,0
qld-v1,qld,0.5,LBQCD-D02-unequal-min030-K10,unequal,missing,LBQCD-D02-unequal-min030-K10/missing,1,update,0,0.7,0,0.0,0,0,nan,0,nan,400,400,0.28058859999873675,400,51200,51200,51200,3932160,501760.0,0,0,0,"{""0.1"": 0, ""0.2"": 0, ""0.5"": 0, ""1.0"": 0, ""2.0"": 0}",0.024073892882391812,0.1345090863019206,0.97,0.11382812499999999,100,0,0
qld-v1,qld,0.5,LBQCD-D02-unequal-min030-K10,unequal,missing,LBQCD-D02-unequal-min030-K10/missing,2,update,0,0.7,0,0.0,0,0,nan,0,nan,400,400,0.3114659999992,400,51200,51200,51200,3932160,501760.0,0,0,0,"{""0.1"": 0, ""0.2"": 0, ""0.5"": 0, ""1.0"": 0, ""2.0"": 0}",0.02173372168271248,0.14106885729662097,0.97,0.17566406249999997,150,0,0
rsr-M1024-f0.70-u,rsr,0.5,LBQCD-D02-unequal-min030-K10,unequal,missing,LBQCD-D02-unequal-min030-K10/missing,0,update,1024,0.7,0,0.0,0,0,nan,0,nan,400,400,1.1222197000024607,4600,588800,302080,302080,3932160,5734400.0,0,0,0,"{""0.1"": 0, ""0.2"": 0, ""0.5"": 0, ""1.0"": 0, ""2.0"": 0}",0.010281560220117836,0.11787144395889461,1.0,0.1529296875,100,0,0
rsr-M1024-f0.70-u,rsr,0.5,LBQCD-D02-unequal-min030-K10,unequal,missing,LBQCD-D02-unequal-min030-K10/missing,1,update,1024,0.7,0,0.0,0,0,nan,0,nan,400,400,1.1673679999948945,4600,588800,302080,302080,3932160,5734400.0,0,0,0,"{""0.1"": 0, ""0.2"": 0, ""0.5"": 0, ""1.0"": 0, ""2.0"": 0}",0.01943948026340503,0.12393950189303497,1.0,0.11035156249999999,100,0,0
rsr-M1024-f0.70-u,rsr,0.5,LBQCD-D02-unequal-min030-K10,unequal,missing,LBQCD-D02-unequal-min030-K10/missing,2,update,1024,0.7,0,0.0,0,0,nan,0,nan,400,400,1.0990309000044363,4600,588800,302080,302080,3932160,5734400.0,0,0,0,"{""0.1"": 0, ""0.2"": 0, ""0.5"": 0, ""1.0"": 0, ""2.0"": 0}",0.015249230672573333,0.11912515039814818,0.97,0.145703125,100,0,0
gated-M1024-f0.70-u,gated,0.5,LBQCD-D03-unequal-min020-K12,unequal,concentrated,LBQCD-D03-unequal-min020-K12/concentrated,0,update,1024,0.7,0,0.0,4096,1,2.625,11,1045.4748568178086,400,400,1.3099320999899646,4600,588800,302080,302080,3932160,5734400.0,0,0,0,"{""0.1"": 0, ""0.2"": 0, ""0.5"": 0, ""1.0"": 0, ""2.0"": 0}",0.017565313818404427,0.19750532085625355,0.9599999999999997,0.11699218750000007,100,0,0
gated-M1024-f0.70-u,gated,0.5,LBQCD-D03-unequal-min020-K12,unequal,concentrated,LBQCD-D03-unequal-min020-K12/concentrated,1,update,1024,0.7,0,0.0,4096,1,2.1875,11,1020.7746415741793,400,400,1.3411481999937678,4600,588800,302080,302080,3932160,5734400.0,0,0,0,"{""0.1"": 0, ""0.2"": 0, ""0.5"": 0, ""1.0"": 0, ""2.0"": 0}",0.012966741342109067,0.22721102412625163,0.9599999999999997,0.13183593749999992,100,0,0
gated-M1024-f0.70-u,gated,0.5,LBQCD-D03-unequal-min020-K12,unequal,concentrated,LBQCD-D03-unequal-min020-K12/concentrated,2,update,1024,0.7,0,0.0,4096,1,2.75,11,1104.5930871835444,400,400,1.1250254000042332,4600,588800,302080,302080,3932160,5734400.0,0,0,0,"{""0.1"": 0, ""0.2"": 0, ""0.5"": 0, ""1.0"": 0, ""2.0"": 0}",0.014922603895848319,0.23091001023976798,0.9599999999999997,0.11355468750000006,100,0,0
gated-align-M1024-f0.70-u,gated-align,0.5,LBQCD-D03-unequal-min020-K12,unequal,concentrated,LBQCD-D03-unequal-min020-K12/concentrated,0,update,1024,0.7,0,0.0,4096,1,2.625,11,1045.4748568178086,400,400,1.3291204999986803,4600,588800,302080,302080,3932160,5734400.0,3,491520,384,"{""0.1"": 0, ""0.2"": 0, ""0.5"": 0, ""1.0"": 2, ""2.0"": 1}",0.016600871118573668,0.19544051435189194,0.9599999999999997,0.11683593750000004,100,0,0
gated-align-M1024-f0.70-u,gated-align,0.5,LBQCD-D03-unequal-min020-K12,unequal,concentrated,LBQCD-D03-unequal-min020-K12/concentrated,1,update,1024,0.7,0,0.0,4096,1,2.1875,11,1020.7746415741793,400,400,1.2791866000043228,4600,588800,302080,302080,3932160,5734400.0,3,491520,384,"{""0.1"": 0, ""0.2"": 0, ""0.5"": 0, ""1.0"": 0, ""2.0"": 3}",0.012174404678554573,0.2089117025352892,0.9599999999999997,0.127734375,100,0,0
gated-align-M1024-f0.70-u,gated-align,0.5,LBQCD-D03-unequal-min020-K12,unequal,concentrated,LBQCD-D03-unequal-min020-K12/concentrated,2,update,1024,0.7,0,0.0,4096,1,2.75,11,1104.5930871835444,400,400,1.3101633000042057,4600,588800,302080,302080,3932160,5734400.0,3,491520,384,"{""0.1"": 0, ""0.2"": 0, ""0.5"": 0, ""1.0"": 2, ""2.0"": 1}",0.014523076434115545,0.23422516603515378,0.9599999999999997,0.10414062500000015,100,0,0
gated-lookahead-M1024-f0.70-u,gated-lookahead,0.5,LBQCD-D03-unequal-min020-K12,unequal,concentrated,LBQCD-D03-unequal-min020-K12/concentrated,0,update,1024,0.7,0,0.0,4096,1,2.625,11,1045.4748568178086,400,400,1.3525510000035865,4600,588800,302080,302080,3932160,5734400.0,3,491520,3840,"{""0.1"": 0, ""0.2"": 1, ""0.5"": 0, ""1.0"": 0, ""2.0"": 2}",0.014635982771447509,0.19883571275361347,0.9599999999999997,0.11207031250000007,100,0,0
gated-lookahead-M1024-f0.70-u,gated-lookahead,0.5,LBQCD-D03-unequal-min020-K12,unequal,concentrated,LBQCD-D03-unequal-min020-K12/concentrated,1,update,1024,0.7,0,0.0,4096,1,2.1875,11,1020.7746415741793,400,400,1.282501499998034,4600,588800,302080,302080,3932160,5734400.0,3,491520,3840,"{""0.1"": 1, ""0.2"": 1, ""0.5"": 0, ""1.0"": 0, ""2.0"": 1}",0.012906063284925384,0.21341138288472047,0.9599999999999997,0.13015624999999997,100,0,0
gated-lookahead-M1024-f0.70-u,gated-lookahead,0.5,LBQCD-D03-unequal-min020-K12,unequal,concentrated,LBQCD-D03-unequal-min020-K12/concentrated,2,update,1024,0.7,0,0.0,4096,1,2.75,11,1104.5930871835444,400,400,1.314612300004228,4600,588800,302080,302080,3932160,5734400.0,3,491520,3840,"{""0.1"": 1, ""0.2"": 0, ""0.5"": 0, ""1.0"": 0, ""2.0"": 2}",0.014383456926386096,0.2529913431727948,0.9599999999999997,0.11761718750000011,100,0,0
lbqcd-align-M1024-f0.70-u,align,0.5,LBQCD-D03-unequal-min020-K12,unequal,concentrated,LBQCD-D03-unequal-min020-K12/concentrated,0,update,1024,0.7,0,0.0,0,0,nan,0,nan,400,400,1.3125276000064332,4600,588800,302080,302080,3932160,5734400.0,3,491520,384,"{""0.1"": 0, ""0.2"": 0, ""0.5"": 0, ""1.0"": 2, ""2.0"": 1}",0.016600871118573668,0.19544051435189194,0.9599999999999997,0.11683593750000004,100,0,0
lbqcd-align-M1024-f0.70-u,align,0.5,LBQCD-D03-unequal-min020-K12,unequal,concentrated,LBQCD-D03-unequal-min020-K12/concentrated,1,update,1024,0.7,0,0.0,0,0,nan,0,nan,400,400,1.3124559999996563,4600,588800,302080,302080,3932160,5734400.0,3,491520,384,"{""0.1"": 0, ""0.2"": 0, ""0.5"": 0, ""1.0"": 0, ""2.0"": 3}",0.012174404678554573,0.2089117025352892,0.9599999999999997,0.127734375,100,0,0
lbqcd-align-M1024-f0.70-u,align,0.5,LBQCD-D03-unequal-min020-K12,unequal,concentrated,LBQCD-D03-unequal-min020-K12/concentrated,2,update,1024,0.7,0,0.0,0,0,nan,0,nan,400,400,1.2945848000090336,4600,588800,302080,302080,3932160,5734400.0,3,491520,384,"{""0.1"": 0, ""0.2"": 0, ""0.5"": 0, ""1.0"": 2, ""2.0"": 1}",0.014523076434115545,0.23422516603515378,0.9599999999999997,0.10414062500000015,100,0,0
lbqcd-lookahead-M1024-f0.70-u,lookahead,0.5,LBQCD-D03-unequal-min020-K12,unequal,concentrated,LBQCD-D03-unequal-min020-K12/concentrated,0,update,1024,0.7,0,0.0,0,0,nan,0,nan,400,400,1.316020700003719,4600,588800,302080,302080,3932160,5734400.0,3,491520,3840,"{""0.1"": 0, ""0.2"": 1, ""0.5"": 0, ""1.0"": 0, ""2.0"": 2}",0.014635982771447509,0.19883571275361347,0.9599999999999997,0.11207031250000007,100,0,0
lbqcd-lookahead-M1024-f0.70-u,lookahead,0.5,LBQCD-D03-unequal-min020-K12,unequal,concentrated,LBQCD-D03-unequal-min020-K12/concentrated,1,update,1024,0.7,0,0.0,0,0,nan,0,nan,400,400,1.2635715000069467,4600,588800,302080,302080,3932160,5734400.0,3,491520,3840,"{""0.1"": 1, ""0.2"": 1, ""0.5"": 0, ""1.0"": 0, ""2.0"": 1}",0.012906063284925384,0.21341138288472047,0.9599999999999997,0.13015624999999997,100,0,0
lbqcd-lookahead-M1024-f0.70-u,lookahead,0.5,LBQCD-D03-unequal-min020-K12,unequal,concentrated,LBQCD-D03-unequal-min020-K12/concentrated,2,update,1024,0.7,0,0.0,0,0,nan,0,nan,400,400,1.1845869999960996,4600,588800,302080,302080,3932160,5734400.0,3,491520,3840,"{""0.1"": 1, ""0.2"": 0, ""0.5"": 0, ""1.0"": 0, ""2.0"": 2}",0.014383456926386096,0.2529913431727948,0.9599999999999997,0.11761718750000011,100,0,0
paper-0.2,paper,0.2,LBQCD-D03-unequal-min020-K12,unequal,concentrated,LBQCD-D03-unequal-min020-K12/concentrated,0,update,0,0.0,0,0.0,0,0,nan,0,nan,400,400,0.705401700004586,400,51200,51200,51200,13107200,0.0,0,0,0,"{""0.1"": 0, ""0.2"": 0, ""0.5"": 0, ""1.0"": 0, ""2.0"": 0}",0.012730792916066935,0.1813495890052744,0.9599999999999997,0.15027343749999997,100,0,0
paper-0.2,paper,0.2,LBQCD-D03-unequal-min020-K12,unequal,concentrated,LBQCD-D03-unequal-min020-K12/concentrated,1,update,0,0.0,0,0.0,0,0,nan,0,nan,400,400,0.7569133000069996,400,51200,51200,51200,13107200,0.0,0,0,0,"{""0.1"": 0, ""0.2"": 0, ""0.5"": 0, ""1.0"": 0, ""2.0"": 0}",0.013144531822283145,0.1866259656826783,0.9599999999999997,0.13097656250000003,50,0,0
paper-0.2,paper,0.2,LBQCD-D03-unequal-min020-K12,unequal,concentrated,LBQCD-D03-unequal-min020-K12/concentrated,2,update,0,0.0,0,0.0,0,0,nan,0,nan,400,400,0.7001044000062393,400,51200,51200,51200,13107200,0.0,0,0,0,"{""0.1"": 0, ""0.2"": 0, ""0.5"": 0, ""1.0"": 0, ""2.0"": 0}",0.014214705250000126,0.2545263037529239,0.9599999999999997,0.10687499999999997,50,0,0
paper-0.5,paper,0.5,LBQCD-D03-unequal-min020-K12,unequal,concentrated,LBQCD-D03-unequal-min020-K12/concentrated,0,update,0,0.0,0,0.0,0,0,nan,0,nan,400,400,0.647060600007535,400,51200,51200,51200,13107200,0.0,0,0,0,"{""0.1"": 0, ""0.2"": 0, ""0.5"": 0, ""1.0"": 0, ""2.0"": 0}",0.024744153546066183,0.19762546713776813,0.9599999999999997,0.17222656249999999,50,0,0
paper-0.5,paper,0.5,LBQCD-D03-unequal-min020-K12,unequal,concentrated,LBQCD-D03-unequal-min020-K12/concentrated,1,update,0,0.0,0,0.0,0,0,nan,0,nan,400,400,0.8221183999994537,400,51200,51200,51200,13107200,0.0,0,0,0,"{""0.1"": 0, ""0.2"": 0, ""0.5"": 0, ""1.0"": 0, ""2.0"": 0}",0.012028020949468754,0.19567971463970726,0.9599999999999997,0.13421875,100,0,0
paper-0.5,paper,0.5,LBQCD-D03-unequal-min020-K12,unequal,concentrated,LBQCD-D03-unequal-min020-K12/concentrated,2,update,0,0.0,0,0.0,0,0,nan,0,nan,400,400,0.7007586999970954,400,51200,51200,51200,13107200,0.0,0,0,0,"{""0.1"": 0, ""0.2"": 0, ""0.5"": 0, ""1.0"": 0, ""2.0"": 0}",0.014405302788568886,0.22158551633093052,0.9599999999999997,0.10699218749999995,50,0,0
paper-1,paper,1.0,LBQCD-D03-unequal-min020-K12,unequal,concentrated,LBQCD-D03-unequal-min020-K12/concentrated,0,update,0,0.0,0,0.0,0,0,nan,0,nan,400,400,0.6442196999996668,400,51200,51200,51200,13107200,0.0,0,0,0,"{""0.1"": 0, ""0.2"": 0, ""0.5"": 0, ""1.0"": 0, ""2.0"": 0}",0.02667827764315156,0.210789828929777,0.9599999999999997,0.1869140625,100,0,0
paper-1,paper,1.0,LBQCD-D03-unequal-min020-K12,unequal,concentrated,LBQCD-D03-unequal-min020-K12/concentrated,1,update,0,0.0,0,0.0,0,0,nan,0,nan,400,400,0.6581640000076732,400,51200,51200,51200,13107200,0.0,0,0,0,"{""0.1"": 0, ""0.2"": 0, ""0.5"": 0, ""1.0"": 0, ""2.0"": 0}",0.01401050351080535,0.20047359791908193,0.9599999999999997,0.1601562500000001,100,0,0
paper-1,paper,1.0,LBQCD-D03-unequal-min020-K12,unequal,concentrated,LBQCD-D03-unequal-min020-K12/concentrated,2,update,0,0.0,0,0.0,0,0,nan,0,nan,400,400,0.5379996999981813,400,51200,51200,51200,13107200,0.0,0,0,0,"{""0.1"": 0, ""0.2"": 0, ""0.5"": 0, ""1.0"": 0, ""2.0"": 0}",0.017445688063601583,0.20614122927709475,0.9599999999999997,0.1185546875,50,0,0
paper-2,paper,2.0,LBQCD-D03-unequal-min020-K12,unequal,concentrated,LBQCD-D03-unequal-min020-K12/concentrated,0,update,0,0.0,0,0.0,0,0,nan,0,nan,400,400,0.6321173999895109,400,51200,51200,51200,13107200,0.0,0,0,0,"{""0.1"": 0, ""0.2"": 0, ""0.5"": 0, ""1.0"": 0, ""2.0"": 0}",0.026621643122966443,0.21646847408805744,0.9599999999999997,0.21152343749999988,200,0,0
paper-2,paper,2.0,LBQCD-D03-unequal-min020-K12,unequal,concentrated,LBQCD-D03-unequal-min020-K12/concentrated,1,update,0,0.0,0,0.0,0,0,nan,0,nan,400,400,0.5485931000002893,400,51200,51200,51200,13107200,0.0,0,0,0,"{""0.1"": 0, ""0.2"": 0, ""0.5"": 0, ""1.0"": 0, ""2.0"": 0}",0.016278849026964526,0.2032105785227276,0.9599999999999997,0.1675,150,0,0
paper-2,paper,2.0,LBQCD-D03-unequal-min020-K12,unequal,concentrated,LBQCD-D03-unequal-min020-K12/concentrated,2,update,0,0.0,0,0.0,0,0,nan,0,nan,400,400,0.6705581999995047,400,51200,51200,51200,13107200,0.0,0,0,0,"{""0.1"": 0, ""0.2"": 0, ""0.5"": 0, ""1.0"": 0, ""2.0"": 0}",0.018550001467450006,0.20990420313416355,0.9599999999999997,0.14921874999999993,150,0,0
paper-4,paper,4.0,LBQCD-D03-unequal-min020-K12,unequal,concentrated,LBQCD-D03-unequal-min020-K12/concentrated,0,update,0,0.0,0,0.0,0,0,nan,0,nan,400,400,0.80329100000381,400,51200,51200,51200,13107200,0.0,0,0,0,"{""0.1"": 0, ""0.2"": 0, ""0.5"": 0, ""1.0"": 0, ""2.0"": 0}",0.03318757174559961,0.2507867283444663,0.9199999999999997,0.26171874999999994,300,0,0
paper-4,paper,4.0,LBQCD-D03-unequal-min020-K12,unequal,concentrated,LBQCD-D03-unequal-min020-K12/concentrated,1,update,0,0.0,0,0.0,0,0,nan,0,nan,400,400,0.8020544999890262,400,51200,51200,51200,13107200,0.0,0,0,0,"{""0.1"": 0, ""0.2"": 0, ""0.5"": 0, ""1.0"": 0, ""2.0"": 0}",0.01518365760271978,0.19990334420090575,0.9199999999999997,0.15863281249999997,150,0,0
paper-4,paper,4.0,LBQCD-D03-unequal-min020-K12,unequal,concentrated,LBQCD-D03-unequal-min020-K12/concentrated,2,update,0,0.0,0,0.0,0,0,nan,0,nan,400,400,0.6544575000007171,400,51200,51200,51200,13107200,0.0,0,0,0,"{""0.1"": 0, ""0.2"": 0, ""0.5"": 0, ""1.0"": 0, ""2.0"": 0}",0.020240250871314203,0.23317224788005766,0.9599999999999997,0.16488281249999995,50,0,0
qld-v1,qld,0.5,LBQCD-D03-unequal-min020-K12,unequal,concentrated,LBQCD-D03-unequal-min020-K12/concentrated,0,update,0,0.7,0,0.0,0,0,nan,0,nan,400,400,0.3134788000024855,400,51200,51200,51200,3932160,501760.0,0,0,0,"{""0.1"": 0, ""0.2"": 0, ""0.5"": 0, ""1.0"": 0, ""2.0"": 0}",0.02499780656081363,0.21448727566548098,0.9599999999999997,0.20496093749999997,100,0,0
qld-v1,qld,0.5,LBQCD-D03-unequal-min020-K12,unequal,concentrated,LBQCD-D03-unequal-min020-K12/concentrated,1,update,0,0.7,0,0.0,0,0,nan,0,nan,400,400,0.356892700001481,400,51200,51200,51200,3932160,501760.0,0,0,0,"{""0.1"": 0, ""0.2"": 0, ""0.5"": 0, ""1.0"": 0, ""2.0"": 0}",0.01425116998765974,0.21463406035254584,0.9599999999999997,0.14699218749999998,100,0,0
qld-v1,qld,0.5,LBQCD-D03-unequal-min020-K12,unequal,concentrated,LBQCD-D03-unequal-min020-K12/concentrated,2,update,0,0.7,0,0.0,0,0,nan,0,nan,400,400,0.3155999000009615,400,51200,51200,51200,3932160,501760.0,0,0,0,"{""0.1"": 0, ""0.2"": 0, ""0.5"": 0, ""1.0"": 0, ""2.0"": 0}",0.014304087182607006,0.24507581006899903,0.9599999999999997,0.14980468750000006,150,0,0
rsr-M1024-f0.70-u,rsr,0.5,LBQCD-D03-unequal-min020-K12,unequal,concentrated,LBQCD-D03-unequal-min020-K12/concentrated,0,update,1024,0.7,0,0.0,0,0,nan,0,nan,400,400,1.1930531000107294,4600,588800,302080,302080,3932160,5734400.0,0,0,0,"{""0.1"": 0, ""0.2"": 0, ""0.5"": 0, ""1.0"": 0, ""2.0"": 0}",0.017565313818404427,0.19750532085625355,0.9599999999999997,0.11699218750000007,100,0,0
rsr-M1024-f0.70-u,rsr,0.5,LBQCD-D03-unequal-min020-K12,unequal,concentrated,LBQCD-D03-unequal-min020-K12/concentrated,1,update,1024,0.7,0,0.0,0,0,nan,0,nan,400,400,1.1974342000030447,4600,588800,302080,302080,3932160,5734400.0,0,0,0,"{""0.1"": 0, ""0.2"": 0, ""0.5"": 0, ""1.0"": 0, ""2.0"": 0}",0.012966741342109067,0.22721102412625163,0.9599999999999997,0.13183593749999992,100,0,0
rsr-M1024-f0.70-u,rsr,0.5,LBQCD-D03-unequal-min020-K12,unequal,concentrated,LBQCD-D03-unequal-min020-K12/concentrated,2,update,1024,0.7,0,0.0,0,0,nan,0,nan,400,400,1.259017699994729,4600,588800,302080,302080,3932160,5734400.0,0,0,0,"{""0.1"": 0, ""0.2"": 0, ""0.5"": 0, ""1.0"": 0, ""2.0"": 0}",0.014922603895848319,0.23091001023976798,0.9599999999999997,0.11355468750000006,100,0,0
gated-M1024-f0.70-u,gated,0.5,LBQCD-D03-unequal-min020-K12,unequal,missing,LBQCD-D03-unequal-min020-K12/missing,0,update,1024,0.7,0,0.0,4096,1,2.0625,11,1105.141435965358,400,400,1.3652989999973215,4600,588800,302080,302080,3932160,5734400.0,0,0,0,"{""0.1"": 0, ""0.2"": 0, ""0.5"": 0, ""1.0"": 0, ""2.0"": 0}",0.02664917340389339,0.2175283721352407,0.9799999999999998,0.17839843749999998,150,0,0
gated-M1024-f0.70-u,gated,0.5,LBQCD-D03-unequal-min020-K12,unequal,missing,LBQCD-D03-unequal-min020-K12/missing,1,update,1024,0.7,0,0.0,4096,1,2.375,11,1084.2400320226511,400,400,1.2377656000026036,4600,588800,302080,302080,3932160,5734400.0,0,0,0,"{""0.1"": 0, ""0.2"": 0, ""0.5"": 0, ""1.0"": 0, ""2.0"": 0}",0.028281176494121762,0.24036940796670522,0.9799999999999998,0.1714062499999999,200,0,0
gated-M1024-f0.70-u,gated,0.5,LBQCD-D03-unequal-min020-K12,unequal,missing,LBQCD-D03-unequal-min020-K12/missing,2,update,1024,0.7,0,0.0,4096,1,2.75,11,1032.8148614973786,400,400,1.2500361999991583,4600,588800,302080,302080,3932160,5734400.0,0,0,0,"{""0.1"": 0, ""0.2"": 0, ""0.5"": 0, ""1.0"": 0, ""2.0"": 0}",0.03256637861868361,0.21442224015351047,0.9799999999999998,0.16785156250000002,150,0,0
gated-align-M1024-f0.70-u,gated-align,0.5,LBQCD-D03-unequal-min020-K12,unequal,missing,LBQCD-D03-unequal-min020-K12/missing,0,update,1024,0.7,0,0.0,4096,1,2.0625,11,1105.141435965358,400,400,1.2872921999951359,4600,588800,302080,302080,3932160,5734400.0,3,491520,384,"{""0.1"": 0, ""0.2"": 0, ""0.5"": 0, ""1.0"": 2, ""2.0"": 1}",0.025897715129513,0.2200104198844799,0.9799999999999998,0.19304687499999998,150,0,0
gated-align-M1024-f0.70-u,gated-align,0.5,LBQCD-D03-unequal-min020-K12,unequal,missing,LBQCD-D03-unequal-min020-K12/missing,1,update,1024,0.7,0,0.0,4096,1,2.375,11,1084.2400320226511,400,400,1.3313759000011487,4600,588800,302080,302080,3932160,5734400.0,3,491520,384,"{""0.1"": 0, ""0.2"": 0, ""0.5"": 0, ""1.0"": 1, ""2.0"": 2}",0.0279309255270892,0.2558515107850186,0.9799999999999998,0.2094921874999999,200,0,0
gated-align-M1024-f0.70-u,gated-align,0.5,LBQCD-D03-unequal-min020-K12,unequal,missing,LBQCD-D03-unequal-min020-K12/missing,2,update,1024,0.7,0,0.0,4096,1,2.75,11,1032.8148614973786,400,400,1.2635739999968791,4600,588800,302080,302080,3932160,5734400.0,3,491520,384,"{""0.1"": 0, ""0.2"": 0, ""0.5"": 0, ""1.0"": 2, ""2.0"": 1}",0.04458815056702603,0.25160446324176255,0.9799999999999998,0.19714843750000002,150,0,0
gated-lookahead-M1024-f0.70-u,gated-lookahead,0.5,LBQCD-D03-unequal-min020-K12,unequal,missing,LBQCD-D03-unequal-min020-K12/missing,0,update,1024,0.7,0,0.0,4096,1,2.0625,11,1105.141435965358,400,400,1.284876899997471,4600,588800,302080,302080,3932160,5734400.0,3,491520,3840,"{""0.1"": 1, ""0.2"": 0, ""0.5"": 0, ""1.0"": 0, ""2.0"": 2}",0.02478823009037212,0.22786583895282403,0.9799999999999998,0.19109374999999998,150,0,0
gated-lookahead-M1024-f0.70-u,gated-lookahead,0.5,LBQCD-D03-unequal-min020-K12,unequal,missing,LBQCD-D03-unequal-min020-K12/missing,1,update,1024,0.7,0,0.0,4096,1,2.375,11,1084.2400320226511,400,400,1.22923389999778,4600,588800,302080,302080,3932160,5734400.0,3,491520,3840,"{""0.1"": 0, ""0.2"": 1, ""0.5"": 0, ""1.0"": 1, ""2.0"": 1}",0.0288815102260207,0.2655458258626545,0.9799999999999998,0.21898437499999998,200,0,0
gated-lookahead-M1024-f0.70-u,gated-lookahead,0.5,LBQCD-D03-unequal-min020-K12,unequal,missing,LBQCD-D03-unequal-min020-K12/missing,2,update,1024,0.7,0,0.0,4096,1,2.75,11,1032.8148614973786,400,400,1.334969599993201,4600,588800,302080,302080,3932160,5734400.0,3,491520,3840,"{""0.1"": 0, ""0.2"": 0, ""0.5"": 1, ""1.0"": 0, ""2.0"": 2}",0.040928947785059844,0.23820140200667486,0.9799999999999998,0.19128906250000002,150,0,0
lbqcd-align-M1024-f0.70-u,align,0.5,LBQCD-D03-unequal-min020-K12,unequal,missing,LBQCD-D03-unequal-min020-K12/missing,0,update,1024,0.7,0,0.0,0,0,nan,0,nan,400,400,1.302369400000316,4600,588800,302080,302080,3932160,5734400.0,3,491520,384,"{""0.1"": 0, ""0.2"": 0, ""0.5"": 0, ""1.0"": 2, ""2.0"": 1}",0.025897715129513,0.2200104198844799,0.9799999999999998,0.19304687499999998,150,0,0
lbqcd-align-M1024-f0.70-u,align,0.5,LBQCD-D03-unequal-min020-K12,unequal,missing,LBQCD-D03-unequal-min020-K12/missing,1,update,1024,0.7,0,0.0,0,0,nan,0,nan,400,400,1.358728200008045,4600,588800,302080,302080,3932160,5734400.0,3,491520,384,"{""0.1"": 0, ""0.2"": 0, ""0.5"": 0, ""1.0"": 1, ""2.0"": 2}",0.0279309255270892,0.2558515107850186,0.9799999999999998,0.2094921874999999,200,0,0
lbqcd-align-M1024-f0.70-u,align,0.5,LBQCD-D03-unequal-min020-K12,unequal,missing,LBQCD-D03-unequal-min020-K12/missing,2,update,1024,0.7,0,0.0,0,0,nan,0,nan,400,400,1.137204800004838,4600,588800,302080,302080,3932160,5734400.0,3,491520,384,"{""0.1"": 0, ""0.2"": 0, ""0.5"": 0, ""1.0"": 2, ""2.0"": 1}",0.04458815056702603,0.25160446324176255,0.9799999999999998,0.19714843750000002,150,0,0
lbqcd-lookahead-M1024-f0.70-u,lookahead,0.5,LBQCD-D03-unequal-min020-K12,unequal,missing,LBQCD-D03-unequal-min020-K12/missing,0,update,1024,0.7,0,0.0,0,0,nan,0,nan,400,400,1.3240716000000248,4600,588800,302080,302080,3932160,5734400.0,3,491520,3840,"{""0.1"": 1, ""0.2"": 0, ""0.5"": 0, ""1.0"": 0, ""2.0"": 2}",0.02478823009037212,0.22786583895282403,0.9799999999999998,0.19109374999999998,150,0,0
lbqcd-lookahead-M1024-f0.70-u,lookahead,0.5,LBQCD-D03-unequal-min020-K12,unequal,missing,LBQCD-D03-unequal-min020-K12/missing,1,update,1024,0.7,0,0.0,0,0,nan,0,nan,400,400,1.3098781000007875,4600,588800,302080,302080,3932160,5734400.0,3,491520,3840,"{""0.1"": 0, ""0.2"": 1, ""0.5"": 0, ""1.0"": 1, ""2.0"": 1}",0.0288815102260207,0.2655458258626545,0.9799999999999998,0.21898437499999998,200,0,0
lbqcd-lookahead-M1024-f0.70-u,lookahead,0.5,LBQCD-D03-unequal-min020-K12,unequal,missing,LBQCD-D03-unequal-min020-K12/missing,2,update,1024,0.7,0,0.0,0,0,nan,0,nan,400,400,1.4909627999877557,4600,588800,302080,302080,3932160,5734400.0,3,491520,3840,"{""0.1"": 0, ""0.2"": 0, ""0.5"": 1, ""1.0"": 0, ""2.0"": 2}",0.040928947785059844,0.23820140200667486,0.9799999999999998,0.19128906250000002,150,0,0
paper-0.2,paper,0.2,LBQCD-D03-unequal-min020-K12,unequal,missing,LBQCD-D03-unequal-min020-K12/missing,0,update,0,0.0,0,0.0,0,0,nan,0,nan,400,400,0.7993808000028366,400,51200,51200,51200,13107200,0.0,0,0,0,"{""0.1"": 0, ""0.2"": 0, ""0.5"": 0, ""1.0"": 0, ""2.0"": 0}",0.06044094262895516,0.4336544108136424,0.9999999999999998,0.16203125,150,0,0
paper-0.2,paper,0.2,LBQCD-D03-unequal-min020-K12,unequal,missing,LBQCD-D03-unequal-min020-K12/missing,1,update,0,0.0,0,0.0,0,0,nan,0,nan,400,400,0.6989874999999302,400,51200,51200,51200,13107200,0.0,0,0,0,"{""0.1"": 0, ""0.2"": 0, ""0.5"": 0, ""1.0"": 0, ""2.0"": 0}",0.018166571987183744,0.18841396418362522,0.9999999999999998,0.12421875000000004,150,0,0
paper-0.2,paper,0.2,LBQCD-D03-unequal-min020-K12,unequal,missing,LBQCD-D03-unequal-min020-K12/missing,2,update,0,0.0,0,0.0,0,0,nan,0,nan,400,400,0.7422822000080487,400,51200,51200,51200,13107200,0.0,0,0,0,"{""0.1"": 0, ""0.2"": 0, ""0.5"": 0, ""1.0"": 0, ""2.0"": 0}",0.03861245394198143,0.22655001687441906,0.9999999999999998,0.1209375,150,0,0
paper-0.5,paper,0.5,LBQCD-D03-unequal-min020-K12,unequal,missing,LBQCD-D03-unequal-min020-K12/missing,0,update,0,0.0,0,0.0,0,0,nan,0,nan,400,400,0.5001502000086475,400,51200,51200,51200,13107200,0.0,0,0,0,"{""0.1"": 0, ""0.2"": 0, ""0.5"": 0, ""1.0"": 0, ""2.0"": 0}",0.03332367229220434,0.2700719758382332,0.9999999999999998,0.11425781250000003,150,0,0
paper-0.5,paper,0.5,LBQCD-D03-unequal-min020-K12,unequal,missing,LBQCD-D03-unequal-min020-K12/missing,1,update,0,0.0,0,0.0,0,0,nan,0,nan,400,400,0.6994449999911012,400,51200,51200,51200,13107200,0.0,0,0,0,"{""0.1"": 0, ""0.2"": 0, ""0.5"": 0, ""1.0"": 0, ""2.0"": 0}",0.029405690238273774,0.1972140186426585,0.9999999999999998,0.13574218750000003,150,0,0
paper-0.5,paper,0.5,LBQCD-D03-unequal-min020-K12,unequal,missing,LBQCD-D03-unequal-min020-K12/missing,2,update,0,0.0,0,0.0,0,0,nan,0,nan,400,400,0.7788878999999724,400,51200,51200,51200,13107200,0.0,0,0,0,"{""0.1"": 0, ""0.2"": 0, ""0.5"": 0, ""1.0"": 0, ""2.0"": 0}",0.03863333540860747,0.21275549013088677,0.9999999999999998,0.10238281250000009,150,0,0
paper-1,paper,1.0,LBQCD-D03-unequal-min020-K12,unequal,missing,LBQCD-D03-unequal-min020-K12/missing,0,update,0,0.0,0,0.0,0,0,nan,0,nan,400,400,0.545896100011305,400,51200,51200,51200,13107200,0.0,0,0,0,"{""0.1"": 0, ""0.2"": 0, ""0.5"": 0, ""1.0"": 0, ""2.0"": 0}",0.03852209534958373,0.2843659872779431,0.9799999999999998,0.16792968749999995,150,0,0
paper-1,paper,1.0,LBQCD-D03-unequal-min020-K12,unequal,missing,LBQCD-D03-unequal-min020-K12/missing,1,update,0,0.0,0,0.0,0,0,nan,0,nan,400,400,0.7460370999906445,400,51200,51200,51200,13107200,0.0,0,0,0,"{""0.1"": 0, ""0.2"": 0, ""0.5"": 0, ""1.0"": 0, ""2.0"": 0}",0.04347682308979284,0.24754171311890105,0.9799999999999998,0.1915625,200,0,0
paper-1,paper,1.0,LBQCD-D03-unequal-min020-K12,unequal,missing,LBQCD-D03-unequal-min020-K12/missing,2,update,0,0.0,0,0.0,0,0,nan,0,nan,400,400,0.7285032999934629,400,51200,51200,51200,13107200,0.0,0,0,0,"{""0.1"": 0, ""0.2"": 0, ""0.5"": 0, ""1.0"": 0, ""2.0"": 0}",0.053725685182301586,0.27307991274404564,0.9799999999999998,0.19402343749999998,100,0,0
paper-2,paper,2.0,LBQCD-D03-unequal-min020-K12,unequal,missing,LBQCD-D03-unequal-min020-K12/missing,0,update,0,0.0,0,0.0,0,0,nan,0,nan,400,400,0.7286753000080353,400,51200,51200,51200,13107200,0.0,0,0,0,"{""0.1"": 0, ""0.2"": 0, ""0.5"": 0, ""1.0"": 0, ""2.0"": 0}",0.045841918626178035,0.35224738451986154,0.9399999999999997,0.28496093749999996,250,0,0
paper-2,paper,2.0,LBQCD-D03-unequal-min020-K12,unequal,missing,LBQCD-D03-unequal-min020-K12/missing,1,update,0,0.0,0,0.0,0,0,nan,0,nan,400,400,0.8676799999957439,400,51200,51200,51200,13107200,0.0,0,0,0,"{""0.1"": 0, ""0.2"": 0, ""0.5"": 0, ""1.0"": 0, ""2.0"": 0}",0.06555117814724953,0.3237364901809042,0.9399999999999997,0.3161328124999999,300,0,0
paper-2,paper,2.0,LBQCD-D03-unequal-min020-K12,unequal,missing,LBQCD-D03-unequal-min020-K12/missing,2,update,0,0.0,0,0.0,0,0,nan,0,nan,400,400,0.6646613999910187,400,51200,51200,51200,13107200,0.0,0,0,0,"{""0.1"": 0, ""0.2"": 0, ""0.5"": 0, ""1.0"": 0, ""2.0"": 0}",0.07225886304801366,0.31258645947234287,0.9399999999999997,0.3091015624999999,300,0,0
paper-4,paper,4.0,LBQCD-D03-unequal-min020-K12,unequal,missing,LBQCD-D03-unequal-min020-K12/missing,0,update,0,0.0,0,0.0,0,0,nan,0,nan,400,400,0.5212037999881431,400,51200,51200,51200,13107200,0.0,0,0,0,"{""0.1"": 0, ""0.2"": 0, ""0.5"": 0, ""1.0"": 0, ""2.0"": 0}",0.07126734491407083,0.440404974597527,0.8899999999999998,0.41097656249999986,400,1,0
paper-4,paper,4.0,LBQCD-D03-unequal-min020-K12,unequal,missing,LBQCD-D03-unequal-min020-K12/missing,1,update,0,0.0,0,0.0,0,0,nan,0,nan,400,400,0.7799360000062734,400,51200,51200,51200,13107200,0.0,0,0,0,"{""0.1"": 0, ""0.2"": 0, ""0.5"": 0, ""1.0"": 0, ""2.0"": 0}",0.07700519820798046,0.46188742580224884,0.8199999999999998,0.4165234374999999,400,1,0
paper-4,paper,4.0,LBQCD-D03-unequal-min020-K12,unequal,missing,LBQCD-D03-unequal-min020-K12/missing,2,update,0,0.0,0,0.0,0,0,nan,0,nan,400,400,0.8531244000041625,400,51200,51200,51200,13107200,0.0,0,0,0,"{""0.1"": 0, ""0.2"": 0, ""0.5"": 0, ""1.0"": 0, ""2.0"": 0}",0.07044889636275853,0.42579129771130386,0.8899999999999998,0.4184765624999999,400,1,0
qld-v1,qld,0.5,LBQCD-D03-unequal-min020-K12,unequal,missing,LBQCD-D03-unequal-min020-K12/missing,0,update,0,0.7,0,0.0,0,0,nan,0,nan,400,400,0.35545320001256187,400,51200,51200,51200,3932160,501760.0,0,0,0,"{""0.1"": 0, ""0.2"": 0, ""0.5"": 0, ""1.0"": 0, ""2.0"": 0}",0.029800663068002553,0.22517295236726345,0.9799999999999998,0.20203124999999997,150,0,0
qld-v1,qld,0.5,LBQCD-D03-unequal-min020-K12,unequal,missing,LBQCD-D03-unequal-min020-K12/missing,1,update,0,0.7,0,0.0,0,0,nan,0,nan,400,400,0.31420470000011846,400,51200,51200,51200,3932160,501760.0,0,0,0,"{""0.1"": 0, ""0.2"": 0, ""0.5"": 0, ""1.0"": 0, ""2.0"": 0}",0.04354896425802801,0.2622926842915012,0.9399999999999997,0.20921874999999998,200,0,0
qld-v1,qld,0.5,LBQCD-D03-unequal-min020-K12,unequal,missing,LBQCD-D03-unequal-min020-K12/missing,2,update,0,0.7,0,0.0,0,0,nan,0,nan,400,400,0.4141344000090612,400,51200,51200,51200,3932160,501760.0,0,0,0,"{""0.1"": 0, ""0.2"": 0, ""0.5"": 0, ""1.0"": 0, ""2.0"": 0}",0.04194607410800488,0.23801101408972405,0.9799999999999998,0.18746093749999995,200,0,0
rsr-M1024-f0.70-u,rsr,0.5,LBQCD-D03-unequal-min020-K12,unequal,missing,LBQCD-D03-unequal-min020-K12/missing,0,update,1024,0.7,0,0.0,0,0,nan,0,nan,400,400,1.2848045999999158,4600,588800,302080,302080,3932160,5734400.0,0,0,0,"{""0.1"": 0, ""0.2"": 0, ""0.5"": 0, ""1.0"": 0, ""2.0"": 0}",0.02664917340389339,0.2175283721352407,0.9799999999999998,0.17839843749999998,150,0,0
rsr-M1024-f0.70-u,rsr,0.5,LBQCD-D03-unequal-min020-K12,unequal,missing,LBQCD-D03-unequal-min020-K12/missing,1,update,1024,0.7,0,0.0,0,0,nan,0,nan,400,400,1.2923637999920174,4600,588800,302080,302080,3932160,5734400.0,0,0,0,"{""0.1"": 0, ""0.2"": 0, ""0.5"": 0, ""1.0"": 0, ""2.0"": 0}",0.028281176494121762,0.24036940796670522,0.9799999999999998,0.1714062499999999,200,0,0
rsr-M1024-f0.70-u,rsr,0.5,LBQCD-D03-unequal-min020-K12,unequal,missing,LBQCD-D03-unequal-min020-K12/missing,2,update,1024,0.7,0,0.0,0,0,nan,0,nan,400,400,1.2540490999963367,4600,588800,302080,302080,3932160,5734400.0,0,0,0,"{""0.1"": 0, ""0.2"": 0, ""0.5"": 0, ""1.0"": 0, ""2.0"": 0}",0.03256637861868361,0.21442224015351047,0.9799999999999998,0.16785156250000002,150,0,0
gated-M1024-f0.70-u,gated,0.5,LBQCD-D04-unequal-min015-K14,unequal,concentrated,LBQCD-D04-unequal-min015-K14/concentrated,0,update,1024,0.7,0,0.0,4096,1,2.375,13,745.592754460456,400,400,1.3252454999892507,4600,588800,302080,302080,3932160,5734400.0,0,0,0,"{""0.1"": 0, ""0.2"": 0, ""0.5"": 0, ""1.0"": 0, ""2.0"": 0}",0.009621234630281528,0.14780866731417225,0.9850000000000001,0.0964453125,100,0,0
gated-M1024-f0.70-u,gated,0.5,LBQCD-D04-unequal-min015-K14,unequal,concentrated,LBQCD-D04-unequal-min015-K14/concentrated,1,update,1024,0.7,0,0.0,4096,1,2.25,13,670.5120487794856,400,400,1.370094700003392,4600,588800,302080,302080,3932160,5734400.0,0,0,0,"{""0.1"": 0, ""0.2"": 0, ""0.5"": 0, ""1.0"": 0, ""2.0"": 0}",0.01662132189094212,0.13977521796684242,0.9850000000000001,0.10410156250000001,100,0,0
gated-M1024-f0.70-u,gated,0.5,LBQCD-D04-unequal-min015-K14,unequal,concentrated,LBQCD-D04-unequal-min015-K14/concentrated,2,update,1024,0.7,0,0.0,4096,1,1.75,13,681.0761305613231,400,400,1.2677693000005092,4600,588800,302080,302080,3932160,5734400.0,0,0,0,"{""0.1"": 0, ""0.2"": 0, ""0.5"": 0, ""1.0"": 0, ""2.0"": 0}",0.012344229240590643,0.15708234365429813,0.9850000000000001,0.08750000000000004,100,0,0
gated-align-M1024-f0.70-u,gated-align,0.5,LBQCD-D04-unequal-min015-K14,unequal,concentrated,LBQCD-D04-unequal-min015-K14/concentrated,0,update,1024,0.7,0,0.0,4096,1,2.375,13,745.592754460456,400,400,1.3027485000056913,4600,588800,302080,302080,3932160,5734400.0,3,491520,384,"{""0.1"": 0, ""0.2"": 0, ""0.5"": 1, ""1.0"": 0, ""2.0"": 2}",0.009439959711100787,0.15475078780887006,0.9850000000000001,0.09195312500000001,100,0,0
gated-align-M1024-f0.70-u,gated-align,0.5,LBQCD-D04-unequal-min015-K14,unequal,concentrated,LBQCD-D04-unequal-min015-K14/concentrated,1,update,1024,0.7,0,0.0,4096,1,2.25,13,670.5120487794856,400,400,1.2447306999965804,4600,588800,302080,302080,3932160,5734400.0,3,491520,384,"{""0.1"": 0, ""0.2"": 0, ""0.5"": 0, ""1.0"": 0, ""2.0"": 3}",0.016570700247938497,0.13930268611137253,0.9850000000000001,0.07253906250000001,100,0,0
gated-align-M1024-f0.70-u,gated-align,0.5,LBQCD-D04-unequal-min015-K14,unequal,concentrated,LBQCD-D04-unequal-min015-K14/concentrated,2,update,1024,0.7,0,0.0,4096,1,1.75,13,681.0761305613231,400,400,1.29298359999666,4600,588800,302080,302080,3932160,5734400.0,3,491520,384,"{""0.1"": 0, ""0.2"": 0, ""0.5"": 0, ""1.0"": 2, ""2.0"": 1}",0.015300923738315042,0.1516153040988889,0.9850000000000001,0.07171875000000001,100,0,0
gated-lookahead-M1024-f0.70-u,gated-lookahead,0.5,LBQCD-D04-unequal-min015-K14,unequal,concentrated,LBQCD-D04-unequal-min015-K14/concentrated,0,update,1024,0.7,0,0.0,4096,1,2.375,13,745.592754460456,400,400,1.305421999990358,4600,588800,302080,302080,3932160,5734400.0,3,491520,3840,"{""0.1"": 1, ""0.2"": 2, ""0.5"": 0, ""1.0"": 0, ""2.0"": 0}",0.011222379758469181,0.14885797193796127,0.9850000000000001,0.1111328125,100,0,0
gated-lookahead-M1024-f0.70-u,gated-lookahead,0.5,LBQCD-D04-unequal-min015-K14,unequal,concentrated,LBQCD-D04-unequal-min015-K14/concentrated,1,update,1024,0.7,0,0.0,4096,1,2.25,13,670.5120487794856,400,400,1.326654899996356,4600,588800,302080,302080,3932160,5734400.0,3,491520,3840,"{""0.1"": 0, ""0.2"": 0, ""0.5"": 0, ""1.0"": 0, ""2.0"": 3}",0.016570700247938497,0.13930268611137253,0.9850000000000001,0.07253906250000001,100,0,0
gated-lookahead-M1024-f0.70-u,gated-lookahead,0.5,LBQCD-D04-unequal-min015-K14,unequal,concentrated,LBQCD-D04-unequal-min015-K14/concentrated,2,update,1024,0.7,0,0.0,4096,1,1.75,13,681.0761305613231,400,400,1.195076899995911,4600,588800,302080,302080,3932160,5734400.0,3,491520,3840,"{""0.1"": 1, ""0.2"": 0, ""0.5"": 0, ""1.0"": 0, ""2.0"": 2}",0.012346131469862076,0.1603700324591481,0.9850000000000001,0.08457031250000004,100,0,0
lbqcd-align-M1024-f0.70-u,align,0.5,LBQCD-D04-unequal-min015-K14,unequal,concentrated,LBQCD-D04-unequal-min015-K14/concentrated,0,update,1024,0.7,0,0.0,0,0,nan,0,nan,400,400,1.2554574999958277,4600,588800,302080,302080,3932160,5734400.0,3,491520,384,"{""0.1"": 0, ""0.2"": 0, ""0.5"": 1, ""1.0"": 0, ""2.0"": 2}",0.009439959711100787,0.15475078780887006,0.9850000000000001,0.09195312500000001,100,0,0
lbqcd-align-M1024-f0.70-u,align,0.5,LBQCD-D04-unequal-min015-K14,unequal,concentrated,LBQCD-D04-unequal-min015-K14/concentrated,1,update,1024,0.7,0,0.0,0,0,nan,0,nan,400,400,1.3964013000077102,4600,588800,302080,302080,3932160,5734400.0,3,491520,384,"{""0.1"": 0, ""0.2"": 0, ""0.5"": 0, ""1.0"": 0, ""2.0"": 3}",0.016570700247938497,0.13930268611137253,0.9850000000000001,0.07253906250000001,100,0,0
lbqcd-align-M1024-f0.70-u,align,0.5,LBQCD-D04-unequal-min015-K14,unequal,concentrated,LBQCD-D04-unequal-min015-K14/concentrated,2,update,1024,0.7,0,0.0,0,0,nan,0,nan,400,400,1.3834391999989748,4600,588800,302080,302080,3932160,5734400.0,3,491520,384,"{""0.1"": 0, ""0.2"": 0, ""0.5"": 0, ""1.0"": 2, ""2.0"": 1}",0.015300923738315042,0.1516153040988889,0.9850000000000001,0.07171875000000001,100,0,0
lbqcd-lookahead-M1024-f0.70-u,lookahead,0.5,LBQCD-D04-unequal-min015-K14,unequal,concentrated,LBQCD-D04-unequal-min015-K14/concentrated,0,update,1024,0.7,0,0.0,0,0,nan,0,nan,400,400,1.2384055000002263,4600,588800,302080,302080,3932160,5734400.0,3,491520,3840,"{""0.1"": 1, ""0.2"": 2, ""0.5"": 0, ""1.0"": 0, ""2.0"": 0}",0.011222379758469181,0.14885797193796127,0.9850000000000001,0.1111328125,100,0,0
lbqcd-lookahead-M1024-f0.70-u,lookahead,0.5,LBQCD-D04-unequal-min015-K14,unequal,concentrated,LBQCD-D04-unequal-min015-K14/concentrated,1,update,1024,0.7,0,0.0,0,0,nan,0,nan,400,400,1.2425650999939535,4600,588800,302080,302080,3932160,5734400.0,3,491520,3840,"{""0.1"": 0, ""0.2"": 0, ""0.5"": 0, ""1.0"": 0, ""2.0"": 3}",0.016570700247938497,0.13930268611137253,0.9850000000000001,0.07253906250000001,100,0,0
lbqcd-lookahead-M1024-f0.70-u,lookahead,0.5,LBQCD-D04-unequal-min015-K14,unequal,concentrated,LBQCD-D04-unequal-min015-K14/concentrated,2,update,1024,0.7,0,0.0,0,0,nan,0,nan,400,400,1.317283900003531,4600,588800,302080,302080,3932160,5734400.0,3,491520,3840,"{""0.1"": 1, ""0.2"": 0, ""0.5"": 0, ""1.0"": 0, ""2.0"": 2}",0.012346131469862076,0.1603700324591481,0.9850000000000001,0.08457031250000004,100,0,0
paper-0.2,paper,0.2,LBQCD-D04-unequal-min015-K14,unequal,concentrated,LBQCD-D04-unequal-min015-K14/concentrated,0,update,0,0.0,0,0.0,0,0,nan,0,nan,400,400,0.8552316999994218,400,51200,51200,51200,13107200,0.0,0,0,0,"{""0.1"": 0, ""0.2"": 0, ""0.5"": 0, ""1.0"": 0, ""2.0"": 0}",0.008356973946688662,0.1422118262365024,1.0,0.10156249999999999,100,0,0
paper-0.2,paper,0.2,LBQCD-D04-unequal-min015-K14,unequal,concentrated,LBQCD-D04-unequal-min015-K14/concentrated,1,update,0,0.0,0,0.0,0,0,nan,0,nan,400,400,0.6691820999985794,400,51200,51200,51200,13107200,0.0,0,0,0,"{""0.1"": 0, ""0.2"": 0, ""0.5"": 0, ""1.0"": 0, ""2.0"": 0}",0.013734692914914692,0.13464030816566794,1.0,0.08910156250000002,100,0,0
paper-0.2,paper,0.2,LBQCD-D04-unequal-min015-K14,unequal,concentrated,LBQCD-D04-unequal-min015-K14/concentrated,2,update,0,0.0,0,0.0,0,0,nan,0,nan,400,400,0.6787222999992082,400,51200,51200,51200,13107200,0.0,0,0,0,"{""0.1"": 0, ""0.2"": 0, ""0.5"": 0, ""1.0"": 0, ""2.0"": 0}",0.018323865546784113,0.16860979794154476,1.0,0.10761718750000003,50,0,0
paper-0.5,paper,0.5,LBQCD-D04-unequal-min015-K14,unequal,concentrated,LBQCD-D04-unequal-min015-K14/concentrated,0,update,0,0.0,0,0.0,0,0,nan,0,nan,400,400,0.8871924999984913,400,51200,51200,51200,13107200,0.0,0,0,0,"{""0.1"": 0, ""0.2"": 0, ""0.5"": 0, ""1.0"": 0, ""2.0"": 0}",0.009142904776883842,0.14760810784333023,1.0,0.10124999999999999,100,0,0
paper-0.5,paper,0.5,LBQCD-D04-unequal-min015-K14,unequal,concentrated,LBQCD-D04-unequal-min015-K14/concentrated,1,update,0,0.0,0,0.0,0,0,nan,0,nan,400,400,0.6649015000002692,400,51200,51200,51200,13107200,0.0,0,0,0,"{""0.1"": 0, ""0.2"": 0, ""0.5"": 0, ""1.0"": 0, ""2.0"": 0}",0.01364939281357369,0.14393131070857426,1.0,0.10320312500000002,100,0,0
paper-0.5,paper,0.5,LBQCD-D04-unequal-min015-K14,unequal,concentrated,LBQCD-D04-unequal-min015-K14/concentrated,2,update,0,0.0,0,0.0,0,0,nan,0,nan,400,400,0.8337186999997357,400,51200,51200,51200,13107200,0.0,0,0,0,"{""0.1"": 0, ""0.2"": 0, ""0.5"": 0, ""1.0"": 0, ""2.0"": 0}",0.014437696090213059,0.14856363632528646,0.9850000000000001,0.10191406250000003,100,0,0
paper-1,paper,1.0,LBQCD-D04-unequal-min015-K14,unequal,concentrated,LBQCD-D04-unequal-min015-K14/concentrated,0,update,0,0.0,0,0.0,0,0,nan,0,nan,400,400,0.6532402000011643,400,51200,51200,51200,13107200,0.0,0,0,0,"{""0.1"": 0, ""0.2"": 0, ""0.5"": 0, ""1.0"": 0, ""2.0"": 0}",0.009652325574215581,0.1680417313895598,0.9850000000000001,0.11003906249999999,100,0,0
paper-1,paper,1.0,LBQCD-D04-unequal-min015-K14,unequal,concentrated,LBQCD-D04-unequal-min015-K14/concentrated,1,update,0,0.0,0,0.0,0,0,nan,0,nan,400,400,0.6845991000009235,400,51200,51200,51200,13107200,0.0,0,0,0,"{""0.1"": 0, ""0.2"": 0, ""0.5"": 0, ""1.0"": 0, ""2.0"": 0}",0.016080742711921836,0.15221966313538696,0.9850000000000001,0.12328124999999997,100,0,0
paper-1,paper,1.0,LBQCD-D04-unequal-min015-K14,unequal,concentrated,LBQCD-D04-unequal-min015-K14/concentrated,2,update,0,0.0,0,0.0,0,0,nan,0,nan,400,400,0.6466849000134971,400,51200,51200,51200,13107200,0.0,0,0,0,"{""0.1"": 0, ""0.2"": 0, ""0.5"": 0, ""1.0"": 0, ""2.0"": 0}",0.01539226570498231,0.1668677727859349,0.9850000000000001,0.10480468750000003,100,0,0
paper-2,paper,2.0,LBQCD-D04-unequal-min015-K14,unequal,concentrated,LBQCD-D04-unequal-min015-K14/concentrated,0,update,0,0.0,0,0.0,0,0,nan,0,nan,400,400,0.7558501999883447,400,51200,51200,51200,13107200,0.0,0,0,0,"{""0.1"": 0, ""0.2"": 0, ""0.5"": 0, ""1.0"": 0, ""2.0"": 0}",0.010678485759850087,0.17615460101777536,0.9850000000000001,0.10984375,150,0,0
paper-2,paper,2.0,LBQCD-D04-unequal-min015-K14,unequal,concentrated,LBQCD-D04-unequal-min015-K14/concentrated,1,update,0,0.0,0,0.0,0,0,nan,0,nan,400,400,0.8840010999992955,400,51200,51200,51200,13107200,0.0,0,0,0,"{""0.1"": 0, ""0.2"": 0, ""0.5"": 0, ""1.0"": 0, ""2.0"": 0}",0.020411818034373752,0.1636083867873232,0.9850000000000001,0.12027343749999998,150,0,0
paper-2,paper,2.0,LBQCD-D04-unequal-min015-K14,unequal,concentrated,LBQCD-D04-unequal-min015-K14/concentrated,2,update,0,0.0,0,0.0,0,0,nan,0,nan,400,400,0.8333779000095092,400,51200,51200,51200,13107200,0.0,0,0,0,"{""0.1"": 0, ""0.2"": 0, ""0.5"": 0, ""1.0"": 0, ""2.0"": 0}",0.016428416605696494,0.1918606058902809,0.9850000000000001,0.1501953125,100,0,0
paper-4,paper,4.0,LBQCD-D04-unequal-min015-K14,unequal,concentrated,LBQCD-D04-unequal-min015-K14/concentrated,0,update,0,0.0,0,0.0,0,0,nan,0,nan,400,400,0.7942285000026459,400,51200,51200,51200,13107200,0.0,0,0,0,"{""0.1"": 0, ""0.2"": 0, ""0.5"": 0, ""1.0"": 0, ""2.0"": 0}",0.016434277922394713,0.2036161810298919,0.9850000000000001,0.235546875,350,0,0
paper-4,paper,4.0,LBQCD-D04-unequal-min015-K14,unequal,concentrated,LBQCD-D04-unequal-min015-K14/concentrated,1,update,0,0.0,0,0.0,0,0,nan,0,nan,400,400,0.8228275000001304,400,51200,51200,51200,13107200,0.0,0,0,0,"{""0.1"": 0, ""0.2"": 0, ""0.5"": 0, ""1.0"": 0, ""2.0"": 0}",0.03322797655432108,0.2095494788191821,0.9850000000000001,0.231640625,300,0,0
paper-4,paper,4.0,LBQCD-D04-unequal-min015-K14,unequal,concentrated,LBQCD-D04-unequal-min015-K14/concentrated,2,update,0,0.0,0,0.0,0,0,nan,0,nan,400,400,0.7104189999954542,400,51200,51200,51200,13107200,0.0,0,0,0,"{""0.1"": 0, ""0.2"": 0, ""0.5"": 0, ""1.0"": 0, ""2.0"": 0}",0.014918302279587792,0.19539698515479065,0.9850000000000001,0.15382812499999998,100,0,0
qld-v1,qld,0.5,LBQCD-D04-unequal-min015-K14,unequal,concentrated,LBQCD-D04-unequal-min015-K14/concentrated,0,update,0,0.7,0,0.0,0,0,nan,0,nan,400,400,0.3025218999973731,400,51200,51200,51200,3932160,501760.0,0,0,0,"{""0.1"": 0, ""0.2"": 0, ""0.5"": 0, ""1.0"": 0, ""2.0"": 0}",0.008668817865269851,0.1433865420202382,0.9850000000000001,0.1070703125,100,0,0
qld-v1,qld,0.5,LBQCD-D04-unequal-min015-K14,unequal,concentrated,LBQCD-D04-unequal-min015-K14/concentrated,1,update,0,0.7,0,0.0,0,0,nan,0,nan,400,400,0.36038620000181254,400,51200,51200,51200,3932160,501760.0,0,0,0,"{""0.1"": 0, ""0.2"": 0, ""0.5"": 0, ""1.0"": 0, ""2.0"": 0}",0.016653612572482324,0.14642015809597525,0.9850000000000001,0.081796875,100,0,0
qld-v1,qld,0.5,LBQCD-D04-unequal-min015-K14,unequal,concentrated,LBQCD-D04-unequal-min015-K14/concentrated,2,update,0,0.7,0,0.0,0,0,nan,0,nan,400,400,0.3851804999867454,400,51200,51200,51200,3932160,501760.0,0,0,0,"{""0.1"": 0, ""0.2"": 0, ""0.5"": 0, ""1.0"": 0, ""2.0"": 0}",0.014816412955096947,0.14673214173985172,0.9850000000000001,0.11273437500000001,150,0,0
rsr-M1024-f0.70-u,rsr,0.5,LBQCD-D04-unequal-min015-K14,unequal,concentrated,LBQCD-D04-unequal-min015-K14/concentrated,0,update,1024,0.7,0,0.0,0,0,nan,0,nan,400,400,1.3368736999982502,4600,588800,302080,302080,3932160,5734400.0,0,0,0,"{""0.1"": 0, ""0.2"": 0, ""0.5"": 0, ""1.0"": 0, ""2.0"": 0}",0.009621234630281528,0.14780866731417225,0.9850000000000001,0.0964453125,100,0,0
rsr-M1024-f0.70-u,rsr,0.5,LBQCD-D04-unequal-min015-K14,unequal,concentrated,LBQCD-D04-unequal-min015-K14/concentrated,1,update,1024,0.7,0,0.0,0,0,nan,0,nan,400,400,1.2746161999966716,4600,588800,302080,302080,3932160,5734400.0,0,0,0,"{""0.1"": 0, ""0.2"": 0, ""0.5"": 0, ""1.0"": 0, ""2.0"": 0}",0.01662132189094212,0.13977521796684242,0.9850000000000001,0.10410156250000001,100,0,0
rsr-M1024-f0.70-u,rsr,0.5,LBQCD-D04-unequal-min015-K14,unequal,concentrated,LBQCD-D04-unequal-min015-K14/concentrated,2,update,1024,0.7,0,0.0,0,0,nan,0,nan,400,400,1.3656182999984594,4600,588800,302080,302080,3932160,5734400.0,0,0,0,"{""0.1"": 0, ""0.2"": 0, ""0.5"": 0, ""1.0"": 0, ""2.0"": 0}",0.012344229240590643,0.15708234365429813,0.9850000000000001,0.08750000000000004,100,0,0
gated-M1024-f0.70-u,gated,0.5,LBQCD-D04-unequal-min015-K14,unequal,missing,LBQCD-D04-unequal-min015-K14/missing,0,update,1024,0.7,0,0.0,4096,1,1.875,13,666.061212350473,400,400,1.4487328000104753,4600,588800,302080,302080,3932160,5734400.0,0,0,0,"{""0.1"": 0, ""0.2"": 0, ""0.5"": 0, ""1.0"": 0, ""2.0"": 0}",0.01656908664685197,0.15797503344665037,0.9850000000000001,0.1468359375,100,0,0
gated-M1024-f0.70-u,gated,0.5,LBQCD-D04-unequal-min015-K14,unequal,missing,LBQCD-D04-unequal-min015-K14/missing,1,update,1024,0.7,0,0.0,4096,1,2.5,13,682.023115108316,400,400,1.3318770000041695,4600,588800,302080,302080,3932160,5734400.0,0,0,0,"{""0.1"": 0, ""0.2"": 0, ""0.5"": 0, ""1.0"": 0, ""2.0"": 0}",0.01258856163646005,0.16076089326698345,0.9650000000000001,0.11832031250000004,150,0,0
gated-M1024-f0.70-u,gated,0.5,LBQCD-D04-unequal-min015-K14,unequal,missing,LBQCD-D04-unequal-min015-K14/missing,2,update,1024,0.7,0,0.0,4096,1,1.9375,13,702.7921718718204,400,400,1.3779707000066992,4600,588800,302080,302080,3932160,5734400.0,0,0,0,"{""0.1"": 0, ""0.2"": 0, ""0.5"": 0, ""1.0"": 0, ""2.0"": 0}",0.026705851375997014,0.1652017997709429,0.9850000000000001,0.1253515625,100,0,0
gated-align-M1024-f0.70-u,gated-align,0.5,LBQCD-D04-unequal-min015-K14,unequal,missing,LBQCD-D04-unequal-min015-K14/missing,0,update,1024,0.7,0,0.0,4096,1,1.875,13,666.061212350473,400,400,1.3603177000040887,4600,588800,302080,302080,3932160,5734400.0,3,491520,384,"{""0.1"": 0, ""0.2"": 0, ""0.5"": 0, ""1.0"": 1, ""2.0"": 2}",0.017370378439713008,0.19365612289909995,0.9650000000000001,0.1873046875,100,0,0
gated-align-M1024-f0.70-u,gated-align,0.5,LBQCD-D04-unequal-min015-K14,unequal,missing,LBQCD-D04-unequal-min015-K14/missing,1,update,1024,0.7,0,0.0,4096,1,2.5,13,682.023115108316,400,400,1.400451699999394,4600,588800,302080,302080,3932160,5734400.0,3,491520,384,"{""0.1"": 0, ""0.2"": 0, ""0.5"": 1, ""1.0"": 1, ""2.0"": 1}",0.014567614611975088,0.17301349762294185,0.9650000000000001,0.1345703125,150,0,0
gated-align-M1024-f0.70-u,gated-align,0.5,LBQCD-D04-unequal-min015-K14,unequal,missing,LBQCD-D04-unequal-min015-K14/missing,2,update,1024,0.7,0,0.0,4096,1,1.9375,13,702.7921718718204,400,400,1.3902401000086684,4600,588800,302080,302080,3932160,5734400.0,3,491520,384,"{""0.1"": 0, ""0.2"": 0, ""0.5"": 1, ""1.0"": 2, ""2.0"": 0}",0.03071399676830877,0.17237637268475242,0.9850000000000001,0.13449218750000003,100,0,0
gated-lookahead-M1024-f0.70-u,gated-lookahead,0.5,LBQCD-D04-unequal-min015-K14,unequal,missing,LBQCD-D04-unequal-min015-K14/missing,0,update,1024,0.7,0,0.0,4096,1,1.875,13,666.061212350473,400,400,1.3404079000029014,4600,588800,302080,302080,3932160,5734400.0,3,491520,3840,"{""0.1"": 1, ""0.2"": 0, ""0.5"": 0, ""1.0"": 0, ""2.0"": 2}",0.0177306289545629,0.19550319736185015,0.9650000000000001,0.2,100,0,0
gated-lookahead-M1024-f0.70-u,gated-lookahead,0.5,LBQCD-D04-unequal-min015-K14,unequal,missing,LBQCD-D04-unequal-min015-K14/missing,1,update,1024,0.7,0,0.0,4096,1,2.5,13,682.023115108316,400,400,1.376928300000145,4600,588800,302080,302080,3932160,5734400.0,3,491520,3840,"{""0.1"": 2, ""0.2"": 0, ""0.5"": 1, ""1.0"": 0, ""2.0"": 0}",0.013702489143675223,0.16001194265128715,0.9650000000000001,0.11968750000000004,150,0,0
gated-lookahead-M1024-f0.70-u,gated-lookahead,0.5,LBQCD-D04-unequal-min015-K14,unequal,missing,LBQCD-D04-unequal-min015-K14/missing,2,update,1024,0.7,0,0.0,4096,1,1.9375,13,702.7921718718204,400,400,1.4164142000081483,4600,588800,302080,302080,3932160,5734400.0,3,491520,3840,"{""0.1"": 2, ""0.2"": 1, ""0.5"": 0, ""1.0"": 0, ""2.0"": 0}",0.0215717413974863,0.20124720515040048,0.9850000000000001,0.14175781250000002,100,0,0
lbqcd-align-M1024-f0.70-u,align,0.5,LBQCD-D04-unequal-min015-K14,unequal,missing,LBQCD-D04-unequal-min015-K14/missing,0,update,1024,0.7,0,0.0,0,0,nan,0,nan,400,400,1.4887395999976434,4600,588800,302080,302080,3932160,5734400.0,3,491520,384,"{""0.1"": 0, ""0.2"": 0, ""0.5"": 0, ""1.0"": 1, ""2.0"": 2}",0.017370378439713008,0.19365612289909995,0.9650000000000001,0.1873046875,100,0,0
lbqcd-align-M1024-f0.70-u,align,0.5,LBQCD-D04-unequal-min015-K14,unequal,missing,LBQCD-D04-unequal-min015-K14/missing,1,update,1024,0.7,0,0.0,0,0,nan,0,nan,400,400,1.2498728999926243,4600,588800,302080,302080,3932160,5734400.0,3,491520,384,"{""0.1"": 0, ""0.2"": 0, ""0.5"": 1, ""1.0"": 1, ""2.0"": 1}",0.014567614611975088,0.17301349762294185,0.9650000000000001,0.1345703125,150,0,0
lbqcd-align-M1024-f0.70-u,align,0.5,LBQCD-D04-unequal-min015-K14,unequal,missing,LBQCD-D04-unequal-min015-K14/missing,2,update,1024,0.7,0,0.0,0,0,nan,0,nan,400,400,1.4050109999952838,4600,588800,302080,302080,3932160,5734400.0,3,491520,384,"{""0.1"": 0, ""0.2"": 0, ""0.5"": 1, ""1.0"": 2, ""2.0"": 0}",0.03071399676830877,0.17237637268475242,0.9850000000000001,0.13449218750000003,100,0,0
lbqcd-lookahead-M1024-f0.70-u,lookahead,0.5,LBQCD-D04-unequal-min015-K14,unequal,missing,LBQCD-D04-unequal-min015-K14/missing,0,update,1024,0.7,0,0.0,0,0,nan,0,nan,400,400,1.4014831999957096,4600,588800,302080,302080,3932160,5734400.0,3,491520,3840,"{""0.1"": 1, ""0.2"": 0, ""0.5"": 0, ""1.0"": 0, ""2.0"": 2}",0.0177306289545629,0.19550319736185015,0.9650000000000001,0.2,100,0,0
lbqcd-lookahead-M1024-f0.70-u,lookahead,0.5,LBQCD-D04-unequal-min015-K14,unequal,missing,LBQCD-D04-unequal-min015-K14/missing,1,update,1024,0.7,0,0.0,0,0,nan,0,nan,400,400,1.3635696999990614,4600,588800,302080,302080,3932160,5734400.0,3,491520,3840,"{""0.1"": 2, ""0.2"": 0, ""0.5"": 1, ""1.0"": 0, ""2.0"": 0}",0.013702489143675223,0.16001194265128715,0.9650000000000001,0.11968750000000004,150,0,0
lbqcd-lookahead-M1024-f0.70-u,lookahead,0.5,LBQCD-D04-unequal-min015-K14,unequal,missing,LBQCD-D04-unequal-min015-K14/missing,2,update,1024,0.7,0,0.0,0,0,nan,0,nan,400,400,1.3897390000056475,4600,588800,302080,302080,3932160,5734400.0,3,491520,3840,"{""0.1"": 2, ""0.2"": 1, ""0.5"": 0, ""1.0"": 0, ""2.0"": 0}",0.0215717413974863,0.20124720515040048,0.9850000000000001,0.14175781250000002,100,0,0
paper-0.2,paper,0.2,LBQCD-D04-unequal-min015-K14,unequal,missing,LBQCD-D04-unequal-min015-K14/missing,0,update,0,0.0,0,0.0,0,0,nan,0,nan,400,400,0.7428147999889916,400,51200,51200,51200,13107200,0.0,0,0,0,"{""0.1"": 0, ""0.2"": 0, ""0.5"": 0, ""1.0"": 0, ""2.0"": 0}",0.04710631241108576,0.21403781392701773,1.0,0.1295703125,100,0,0
paper-0.2,paper,0.2,LBQCD-D04-unequal-min015-K14,unequal,missing,LBQCD-D04-unequal-min015-K14/missing,1,update,0,0.0,0,0.0,0,0,nan,0,nan,400,400,0.8596048999897903,400,51200,51200,51200,13107200,0.0,0,0,0,"{""0.1"": 0, ""0.2"": 0, ""0.5"": 0, ""1.0"": 0, ""2.0"": 0}",0.007742642321715287,0.21171412753750807,1.0,0.13117187500000005,100,0,0
paper-0.2,paper,0.2,LBQCD-D04-unequal-min015-K14,unequal,missing,LBQCD-D04-unequal-min015-K14/missing,2,update,0,0.0,0,0.0,0,0,nan,0,nan,400,400,0.7739839999994729,400,51200,51200,51200,13107200,0.0,0,0,0,"{""0.1"": 0, ""0.2"": 0, ""0.5"": 0, ""1.0"": 0, ""2.0"": 0}",0.01861052999536117,0.30500685177293396,1.0,0.18890625,100,0,0
paper-0.5,paper,0.5,LBQCD-D04-unequal-min015-K14,unequal,missing,LBQCD-D04-unequal-min015-K14/missing,0,update,0,0.0,0,0.0,0,0,nan,0,nan,400,400,0.6419483999925433,400,51200,51200,51200,13107200,0.0,0,0,0,"{""0.1"": 0, ""0.2"": 0, ""0.5"": 0, ""1.0"": 0, ""2.0"": 0}",0.021600614904234483,0.13382327082586426,1.0,0.08269531249999999,100,0,0
paper-0.5,paper,0.5,LBQCD-D04-unequal-min015-K14,unequal,missing,LBQCD-D04-unequal-min015-K14/missing,1,update,0,0.0,0,0.0,0,0,nan,0,nan,400,400,0.7119531000062125,400,51200,51200,51200,13107200,0.0,0,0,0,"{""0.1"": 0, ""0.2"": 0, ""0.5"": 0, ""1.0"": 0, ""2.0"": 0}",0.02140536489656686,0.18913490129906493,1.0,0.106484375,150,0,0
paper-0.5,paper,0.5,LBQCD-D04-unequal-min015-K14,unequal,missing,LBQCD-D04-unequal-min015-K14/missing,2,update,0,0.0,0,0.0,0,0,nan,0,nan,400,400,0.7636965999990935,400,51200,51200,51200,13107200,0.0,0,0,0,"{""0.1"": 0, ""0.2"": 0, ""0.5"": 0, ""1.0"": 0, ""2.0"": 0}",0.023260547257993647,0.24525455379539357,1.0,0.12499999999999999,100,0,0
paper-1,paper,1.0,LBQCD-D04-unequal-min015-K14,unequal,missing,LBQCD-D04-unequal-min015-K14/missing,0,update,0,0.0,0,0.0,0,0,nan,0,nan,400,400,0.7410020000097575,400,51200,51200,51200,13107200,0.0,0,0,0,"{""0.1"": 0, ""0.2"": 0, ""0.5"": 0, ""1.0"": 0, ""2.0"": 0}",0.02881938668034678,0.16760031852066962,0.9850000000000001,0.17757812500000003,100,0,0
paper-1,paper,1.0,LBQCD-D04-unequal-min015-K14,unequal,missing,LBQCD-D04-unequal-min015-K14/missing,1,update,0,0.0,0,0.0,0,0,nan,0,nan,400,400,0.5740800000057789,400,51200,51200,51200,13107200,0.0,0,0,0,"{""0.1"": 0, ""0.2"": 0, ""0.5"": 0, ""1.0"": 0, ""2.0"": 0}",0.021608994677775772,0.23435471315190534,1.0,0.1304296875,150,0,0
paper-1,paper,1.0,LBQCD-D04-unequal-min015-K14,unequal,missing,LBQCD-D04-unequal-min015-K14/missing,2,update,0,0.0,0,0.0,0,0,nan,0,nan,400,400,0.8016135999932885,400,51200,51200,51200,13107200,0.0,0,0,0,"{""0.1"": 0, ""0.2"": 0, ""0.5"": 0, ""1.0"": 0, ""2.0"": 0}",0.01950718986968525,0.2251388466598498,0.9850000000000001,0.1201953125,150,0,0
paper-2,paper,2.0,LBQCD-D04-unequal-min015-K14,unequal,missing,LBQCD-D04-unequal-min015-K14/missing,0,update,0,0.0,0,0.0,0,0,nan,0,nan,400,400,0.6697655000025406,400,51200,51200,51200,13107200,0.0,0,0,0,"{""0.1"": 0, ""0.2"": 0, ""0.5"": 0, ""1.0"": 0, ""2.0"": 0}",0.03710649578069525,0.2075301277649252,0.9650000000000001,0.19472656250000003,150,0,0
paper-2,paper,2.0,LBQCD-D04-unequal-min015-K14,unequal,missing,LBQCD-D04-unequal-min015-K14/missing,1,update,0,0.0,0,0.0,0,0,nan,0,nan,400,400,0.8109881999989739,400,51200,51200,51200,13107200,0.0,0,0,0,"{""0.1"": 0, ""0.2"": 0, ""0.5"": 0, ""1.0"": 0, ""2.0"": 0}",0.023278321618271924,0.24419918379763134,0.9650000000000001,0.1941015625,200,0,0
paper-2,paper,2.0,LBQCD-D04-unequal-min015-K14,unequal,missing,LBQCD-D04-unequal-min015-K14/missing,2,update,0,0.0,0,0.0,0,0,nan,0,nan,400,400,0.7543443000031402,400,51200,51200,51200,13107200,0.0,0,0,0,"{""0.1"": 0, ""0.2"": 0, ""0.5"": 0, ""1.0"": 0, ""2.0"": 0}",0.02966983289591152,0.2242988197431825,0.9650000000000001,0.17402343750000004,150,0,0
paper-4,paper,4.0,LBQCD-D04-unequal-min015-K14,unequal,missing,LBQCD-D04-unequal-min015-K14/missing,0,update,0,0.0,0,0.0,0,0,nan,0,nan,400,400,0.8463444999943022,400,51200,51200,51200,13107200,0.0,0,0,0,"{""0.1"": 0, ""0.2"": 0, ""0.5"": 0, ""1.0"": 0, ""2.0"": 0}",0.05846926526710128,0.30667885385458266,0.9450000000000001,0.19949218750000003,300,0,0
paper-4,paper,4.0,LBQCD-D04-unequal-min015-K14,unequal,missing,LBQCD-D04-unequal-min015-K14/missing,1,update,0,0.0,0,0.0,0,0,nan,0,nan,400,400,0.6660804999992251,400,51200,51200,51200,13107200,0.0,0,0,0,"{""0.1"": 0, ""0.2"": 0, ""0.5"": 0, ""1.0"": 0, ""2.0"": 0}",0.08757589776823016,0.5308339086696154,0.915,0.3894140625000001,400,0,0
paper-4,paper,4.0,LBQCD-D04-unequal-min015-K14,unequal,missing,LBQCD-D04-unequal-min015-K14/missing,2,update,0,0.0,0,0.0,0,0,nan,0,nan,400,400,0.6036396999988938,400,51200,51200,51200,13107200,0.0,0,0,0,"{""0.1"": 0, ""0.2"": 0, ""0.5"": 0, ""1.0"": 0, ""2.0"": 0}",0.07272548038676874,0.30558146436196143,0.9450000000000001,0.1812109375,200,0,0
qld-v1,qld,0.5,LBQCD-D04-unequal-min015-K14,unequal,missing,LBQCD-D04-unequal-min015-K14/missing,0,update,0,0.7,0,0.0,0,0,nan,0,nan,400,400,0.3651305999956094,400,51200,51200,51200,3932160,501760.0,0,0,0,"{""0.1"": 0, ""0.2"": 0, ""0.5"": 0, ""1.0"": 0, ""2.0"": 0}",0.018659831205527944,0.16903112527275435,0.9650000000000001,0.1663671875,100,0,0
qld-v1,qld,0.5,LBQCD-D04-unequal-min015-K14,unequal,missing,LBQCD-D04-unequal-min015-K14/missing,1,update,0,0.7,0,0.0,0,0,nan,0,nan,400,400,0.2881478000053903,400,51200,51200,51200,3932160,501760.0,0,0,0,"{""0.1"": 0, ""0.2"": 0, ""0.5"": 0, ""1.0"": 0, ""2.0"": 0}",0.014336694761002633,0.17248036509916548,0.9650000000000001,0.143359375,150,0,0
qld-v1,qld,0.5,LBQCD-D04-unequal-min015-K14,unequal,missing,LBQCD-D04-unequal-min015-K14/missing,2,update,0,0.7,0,0.0,0,0,nan,0,nan,400,400,0.3899715000006836,400,51200,51200,51200,3932160,501760.0,0,0,0,"{""0.1"": 0, ""0.2"": 0, ""0.5"": 0, ""1.0"": 0, ""2.0"": 0}",0.025114419569023383,0.18306321955715804,0.9850000000000001,0.12421875000000003,150,0,0
rsr-M1024-f0.70-u,rsr,0.5,LBQCD-D04-unequal-min015-K14,unequal,missing,LBQCD-D04-unequal-min015-K14/missing,0,update,1024,0.7,0,0.0,0,0,nan,0,nan,400,400,1.3413654000032693,4600,588800,302080,302080,3932160,5734400.0,0,0,0,"{""0.1"": 0, ""0.2"": 0, ""0.5"": 0, ""1.0"": 0, ""2.0"": 0}",0.01656908664685197,0.15797503344665037,0.9850000000000001,0.1468359375,100,0,0
rsr-M1024-f0.70-u,rsr,0.5,LBQCD-D04-unequal-min015-K14,unequal,missing,LBQCD-D04-unequal-min015-K14/missing,1,update,1024,0.7,0,0.0,0,0,nan,0,nan,400,400,1.340125500006252,4600,588800,302080,302080,3932160,5734400.0,0,0,0,"{""0.1"": 0, ""0.2"": 0, ""0.5"": 0, ""1.0"": 0, ""2.0"": 0}",0.01258856163646005,0.16076089326698345,0.9650000000000001,0.11832031250000004,150,0,0
rsr-M1024-f0.70-u,rsr,0.5,LBQCD-D04-unequal-min015-K14,unequal,missing,LBQCD-D04-unequal-min015-K14/missing,2,update,1024,0.7,0,0.0,0,0,nan,0,nan,400,400,1.3400297000043793,4600,588800,302080,302080,3932160,5734400.0,0,0,0,"{""0.1"": 0, ""0.2"": 0, ""0.5"": 0, ""1.0"": 0, ""2.0"": 0}",0.026705851375997014,0.1652017997709429,0.9850000000000001,0.1253515625,100,0,0
gated-M1024-f0.70-u,gated,0.5,LBQCD-D05-unequal-min010-K18,unequal,concentrated,LBQCD-D05-unequal-min010-K18/concentrated,0,update,1024,0.7,0,0.0,4096,1,1.5625,17,395.32381538293623,400,400,1.1419724000006681,4600,588800,302080,302080,3932160,5734400.0,0,0,0,"{""0.1"": 0, ""0.2"": 0, ""0.5"": 0, ""1.0"": 0, ""2.0"": 0}",0.00906706032160498,0.16147784422847727,0.9899999999999999,0.09531939338235296,150,0,0
gated-M1024-f0.70-u,gated,0.5,LBQCD-D05-unequal-min010-K18,unequal,concentrated,LBQCD-D05-unequal-min010-K18/concentrated,1,update,1024,0.7,0,0.0,4096,1,6.3125,16,374.8162781869742,400,400,1.1981423000106588,4600,588800,302080,302080,3932160,5734400.0,0,0,0,"{""0.1"": 0, ""0.2"": 0, ""0.5"": 0, ""1.0"": 0, ""2.0"": 0}",0.011124690627625444,0.16556601466146764,0.9899999999999999,0.11582720588235296,150,0,0
gated-M1024-f0.70-u,gated,0.5,LBQCD-D05-unequal-min010-K18,unequal,concentrated,LBQCD-D05-unequal-min010-K18/concentrated,2,update,1024,0.7,0,0.0,4096,1,6.5,16,386.9830265657726,400,400,1.2658527000021422,4600,588800,302080,302080,3932160,5734400.0,0,0,0,"{""0.1"": 0, ""0.2"": 0, ""0.5"": 0, ""1.0"": 0, ""2.0"": 0}",0.029356868505865386,0.15448896149232172,0.9899999999999999,0.11146369485294116,150,0,0
gated-align-M1024-f0.70-u,gated-align,0.5,LBQCD-D05-unequal-min010-K18,unequal,concentrated,LBQCD-D05-unequal-min010-K18/concentrated,0,update,1024,0.7,0,0.0,4096,1,1.5625,17,395.32381538293623,400,400,1.2513331999944057,4600,588800,302080,302080,3932160,5734400.0,3,491520,384,"{""0.1"": 0, ""0.2"": 0, ""0.5"": 0, ""1.0"": 0, ""2.0"": 3}",0.008746872729783028,0.13626628782932965,0.9899999999999999,0.10925091911764706,150,0,0
gated-align-M1024-f0.70-u,gated-align,0.5,LBQCD-D05-unequal-min010-K18,unequal,concentrated,LBQCD-D05-unequal-min010-K18/concentrated,1,update,1024,0.7,0,0.0,4096,1,6.3125,16,374.8162781869742,400,400,1.3628126999974484,4600,588800,302080,302080,3932160,5734400.0,3,491520,384,"{""0.1"": 0, ""0.2"": 0, ""0.5"": 1, ""1.0"": 1, ""2.0"": 1}",0.009838223053030504,0.15958881462248162,0.9899999999999999,0.10580193014705885,150,0,0
gated-align-M1024-f0.70-u,gated-align,0.5,LBQCD-D05-unequal-min010-K18,unequal,concentrated,LBQCD-D05-unequal-min010-K18/concentrated,2,update,1024,0.7,0,0.0,4096,1,6.5,16,386.9830265657726,400,400,1.191855700002634,4600,588800,302080,302080,3932160,5734400.0,3,491520,384,"{""0.1"": 0, ""0.2"": 0, ""0.5"": 1, ""1.0"": 0, ""2.0"": 2}",0.018211325290229397,0.14027950675521914,0.9899999999999999,0.09238970588235296,150,0,0
gated-lookahead-M1024-f0.70-u,gated-lookahead,0.5,LBQCD-D05-unequal-min010-K18,unequal,concentrated,LBQCD-D05-unequal-min010-K18/concentrated,0,update,1024,0.7,0,0.0,4096,1,1.5625,17,395.32381538293623,400,400,1.198741300002439,4600,588800,302080,302080,3932160,5734400.0,3,491520,3840,"{""0.1"": 1, ""0.2"": 0, ""0.5"": 0, ""1.0"": 0, ""2.0"": 2}",0.008407867444077954,0.16588152275922843,0.9899999999999999,0.09557904411764706,150,0,0
gated-lookahead-M1024-f0.70-u,gated-lookahead,0.5,LBQCD-D05-unequal-min010-K18,unequal,concentrated,LBQCD-D05-unequal-min010-K18/concentrated,1,update,1024,0.7,0,0.0,4096,1,6.3125,16,374.8162781869742,400,400,1.2085507000010693,4600,588800,302080,302080,3932160,5734400.0,3,491520,3840,"{""0.1"": 0, ""0.2"": 0, ""0.5"": 1, ""1.0"": 0, ""2.0"": 2}",0.012832192060407088,0.1841848219159321,0.9899999999999999,0.11875689338235296,150,0,0
gated-lookahead-M1024-f0.70-u,gated-lookahead,0.5,LBQCD-D05-unequal-min010-K18,unequal,concentrated,LBQCD-D05-unequal-min010-K18/concentrated,2,update,1024,0.7,0,0.0,4096,1,6.5,16,386.9830265657726,400,400,1.2349162000027718,4600,588800,302080,302080,3932160,5734400.0,3,491520,3840,"{""0.1"": 1, ""0.2"": 0, ""0.5"": 0, ""1.0"": 0, ""2.0"": 2}",0.024161703756971242,0.15042630421452538,0.9899999999999999,0.09753216911764706,150,0,0
lbqcd-align-M1024-f0.70-u,align,0.5,LBQCD-D05-unequal-min010-K18,unequal,concentrated,LBQCD-D05-unequal-min010-K18/concentrated,0,update,1024,0.7,0,0.0,0,0,nan,0,nan,400,400,1.2045219999999972,4600,588800,302080,302080,3932160,5734400.0,3,491520,384,"{""0.1"": 0, ""0.2"": 0, ""0.5"": 0, ""1.0"": 0, ""2.0"": 3}",0.008746872729783028,0.13626628782932965,0.9899999999999999,0.10925091911764706,150,0,0
lbqcd-align-M1024-f0.70-u,align,0.5,LBQCD-D05-unequal-min010-K18,unequal,concentrated,LBQCD-D05-unequal-min010-K18/concentrated,1,update,1024,0.7,0,0.0,0,0,nan,0,nan,400,400,1.2160051000100793,4600,588800,302080,302080,3932160,5734400.0,3,491520,384,"{""0.1"": 0, ""0.2"": 0, ""0.5"": 1, ""1.0"": 1, ""2.0"": 1}",0.009838223053030504,0.15958881462248162,0.9899999999999999,0.10580193014705885,150,0,0
lbqcd-align-M1024-f0.70-u,align,0.5,LBQCD-D05-unequal-min010-K18,unequal,concentrated,LBQCD-D05-unequal-min010-K18/concentrated,2,update,1024,0.7,0,0.0,0,0,nan,0,nan,400,400,1.286116300005233,4600,588800,302080,302080,3932160,5734400.0,3,491520,384,"{""0.1"": 0, ""0.2"": 0, ""0.5"": 1, ""1.0"": 0, ""2.0"": 2}",0.018211325290229397,0.14027950675521914,0.9899999999999999,0.09238970588235296,150,0,0
lbqcd-lookahead-M1024-f0.70-u,lookahead,0.5,LBQCD-D05-unequal-min010-K18,unequal,concentrated,LBQCD-D05-unequal-min010-K18/concentrated,0,update,1024,0.7,0,0.0,0,0,nan,0,nan,400,400,1.3523304000118515,4600,588800,302080,302080,3932160,5734400.0,3,491520,3840,"{""0.1"": 1, ""0.2"": 0, ""0.5"": 0, ""1.0"": 0, ""2.0"": 2}",0.008407867444077954,0.16588152275922843,0.9899999999999999,0.09557904411764706,150,0,0
lbqcd-lookahead-M1024-f0.70-u,lookahead,0.5,LBQCD-D05-unequal-min010-K18,unequal,concentrated,LBQCD-D05-unequal-min010-K18/concentrated,1,update,1024,0.7,0,0.0,0,0,nan,0,nan,400,400,1.2371886000037193,4600,588800,302080,302080,3932160,5734400.0,3,491520,3840,"{""0.1"": 0, ""0.2"": 0, ""0.5"": 1, ""1.0"": 0, ""2.0"": 2}",0.012832192060407088,0.1841848219159321,0.9899999999999999,0.11875689338235296,150,0,0
lbqcd-lookahead-M1024-f0.70-u,lookahead,0.5,LBQCD-D05-unequal-min010-K18,unequal,concentrated,LBQCD-D05-unequal-min010-K18/concentrated,2,update,1024,0.7,0,0.0,0,0,nan,0,nan,400,400,1.342234499999904,4600,588800,302080,302080,3932160,5734400.0,3,491520,3840,"{""0.1"": 1, ""0.2"": 0, ""0.5"": 0, ""1.0"": 0, ""2.0"": 2}",0.024161703756971242,0.15042630421452538,0.9899999999999999,0.09753216911764706,150,0,0
paper-0.2,paper,0.2,LBQCD-D05-unequal-min010-K18,unequal,concentrated,LBQCD-D05-unequal-min010-K18/concentrated,0,update,0,0.0,0,0.0,0,0,nan,0,nan,400,400,0.6467749000003096,400,51200,51200,51200,13107200,0.0,0,0,0,"{""0.1"": 0, ""0.2"": 0, ""0.5"": 0, ""1.0"": 0, ""2.0"": 0}",0.016180571878987138,0.1779518740177302,0.9999999999999999,0.08997931985294116,150,0,0
paper-0.2,paper,0.2,LBQCD-D05-unequal-min010-K18,unequal,concentrated,LBQCD-D05-unequal-min010-K18/concentrated,1,update,0,0.0,0,0.0,0,0,nan,0,nan,400,400,0.6110004999936791,400,51200,51200,51200,13107200,0.0,0,0,0,"{""0.1"": 0, ""0.2"": 0, ""0.5"": 0, ""1.0"": 0, ""2.0"": 0}",0.016019651292647374,0.22236443614069595,0.9999999999999999,0.08189568014705884,50,0,0
paper-0.2,paper,0.2,LBQCD-D05-unequal-min010-K18,unequal,concentrated,LBQCD-D05-unequal-min010-K18/concentrated,2,update,0,0.0,0,0.0,0,0,nan,0,nan,400,400,0.7981959999888204,400,51200,51200,51200,13107200,0.0,0,0,0,"{""0.1"": 0, ""0.2"": 0, ""0.5"": 0, ""1.0"": 0, ""2.0"": 0}",0.03368873670869643,0.13203234453377977,0.9999999999999999,0.08365119485294115,100,0,0
paper-0.5,paper,0.5,LBQCD-D05-unequal-min010-K18,unequal,concentrated,LBQCD-D05-unequal-min010-K18/concentrated,0,update,0,0.0,0,0.0,0,0,nan,0,nan,400,400,0.6283396000071662,400,51200,51200,51200,13107200,0.0,0,0,0,"{""0.1"": 0, ""0.2"": 0, ""0.5"": 0, ""1.0"": 0, ""2.0"": 0}",0.015158013832336614,0.156474376923239,0.9899999999999999,0.10189568014705885,100,0,0
paper-0.5,paper,0.5,LBQCD-D05-unequal-min010-K18,unequal,concentrated,LBQCD-D05-unequal-min010-K18/concentrated,1,update,0,0.0,0,0.0,0,0,nan,0,nan,400,400,0.8618538000009721,400,51200,51200,51200,13107200,0.0,0,0,0,"{""0.1"": 0, ""0.2"": 0, ""0.5"": 0, ""1.0"": 0, ""2.0"": 0}",0.008199544145223392,0.14511750412547986,0.9999999999999999,0.10462775735294116,100,0,0
paper-0.5,paper,0.5,LBQCD-D05-unequal-min010-K18,unequal,concentrated,LBQCD-D05-unequal-min010-K18/concentrated,2,update,0,0.0,0,0.0,0,0,nan,0,nan,400,400,0.8041546000022208,400,51200,51200,51200,13107200,0.0,0,0,0,"{""0.1"": 0, ""0.2"": 0, ""0.5"": 0, ""1.0"": 0, ""2.0"": 0}",0.021825103971473858,0.11516160886431581,0.9899999999999999,0.08848345588235296,100,0,0
paper-1,paper,1.0,LBQCD-D05-unequal-min010-K18,unequal,concentrated,LBQCD-D05-unequal-min010-K18/concentrated,0,update,0,0.0,0,0.0,0,0,nan,0,nan,400,400,0.6449423000012757,400,51200,51200,51200,13107200,0.0,0,0,0,"{""0.1"": 0, ""0.2"": 0, ""0.5"": 0, ""1.0"": 0, ""2.0"": 0}",0.021214130323048863,0.13440084077377806,0.9899999999999999,0.11094439338235296,200,0,0
paper-1,paper,1.0,LBQCD-D05-unequal-min010-K18,unequal,concentrated,LBQCD-D05-unequal-min010-K18/concentrated,1,update,0,0.0,0,0.0,0,0,nan,0,nan,400,400,0.6047737000044435,400,51200,51200,51200,13107200,0.0,0,0,0,"{""0.1"": 0, ""0.2"": 0, ""0.5"": 0, ""1.0"": 0, ""2.0"": 0}",0.007969552745659136,0.1365160869206353,0.9899999999999999,0.10925091911764706,200,0,0
paper-1,paper,1.0,LBQCD-D05-unequal-min010-K18,unequal,concentrated,LBQCD-D05-unequal-min010-K18/concentrated,2,update,0,0.0,0,0.0,0,0,nan,0,nan,400,400,0.6044856999942567,400,51200,51200,51200,13107200,0.0,0,0,0,"{""0.1"": 0, ""0.2"": 0, ""0.5"": 0, ""1.0"": 0, ""2.0"": 0}",0.020311354468671716,0.12101001928947407,0.9899999999999999,0.11953584558823527,150,0,0
paper-2,paper,2.0,LBQCD-D05-unequal-min010-K18,unequal,concentrated,LBQCD-D05-unequal-min010-K18/concentrated,0,update,0,0.0,0,0.0,0,0,nan,0,nan,400,400,0.7931497000099625,400,51200,51200,51200,13107200,0.0,0,0,0,"{""0.1"": 0, ""0.2"": 0, ""0.5"": 0, ""1.0"": 0, ""2.0"": 0}",0.029230310221787015,0.13895681760043727,0.9317647058823528,0.18516314338235296,350,0,0
paper-2,paper,2.0,LBQCD-D05-unequal-min010-K18,unequal,concentrated,LBQCD-D05-unequal-min010-K18/concentrated,1,update,0,0.0,0,0.0,0,0,nan,0,nan,400,400,0.8442437999910908,400,51200,51200,51200,13107200,0.0,0,0,0,"{""0.1"": 0, ""0.2"": 0, ""0.5"": 0, ""1.0"": 0, ""2.0"": 0}",0.011038220487669559,0.15794570620634193,0.9317647058823528,0.23841681985294116,200,0,0
paper-2,paper,2.0,LBQCD-D05-unequal-min010-K18,unequal,concentrated,LBQCD-D05-unequal-min010-K18/concentrated,2,update,0,0.0,0,0.0,0,0,nan,0,nan,400,400,0.7996681000076933,400,51200,51200,51200,13107200,0.0,0,0,0,"{""0.1"": 0, ""0.2"": 0, ""0.5"": 0, ""1.0"": 0, ""2.0"": 0}",0.03387466032226438,0.1620063300097798,0.9317647058823528,0.25794806985294116,250,0,0
paper-4,paper,4.0,LBQCD-D05-unequal-min010-K18,unequal,concentrated,LBQCD-D05-unequal-min010-K18/concentrated,0,update,0,0.0,0,0.0,0,0,nan,0,nan,400,400,0.6694037999986904,400,51200,51200,51200,13107200,0.0,0,0,0,"{""0.1"": 0, ""0.2"": 0, ""0.5"": 0, ""1.0"": 0, ""2.0"": 0}",0.027552572874407044,0.15150140784933308,0.9317647058823528,0.22350873161764706,350,0,0
paper-4,paper,4.0,LBQCD-D05-unequal-min010-K18,unequal,concentrated,LBQCD-D05-unequal-min010-K18/concentrated,1,update,0,0.0,0,0.0,0,0,nan,0,nan,400,400,0.7947240999928908,400,51200,51200,51200,13107200,0.0,0,0,0,"{""0.1"": 0, ""0.2"": 0, ""0.5"": 0, ""1.0"": 0, ""2.0"": 0}",0.014646536721667935,0.18540799267725863,0.9317647058823528,0.25527803308823527,350,0,0
paper-4,paper,4.0,LBQCD-D05-unequal-min010-K18,unequal,concentrated,LBQCD-D05-unequal-min010-K18/concentrated,2,update,0,0.0,0,0.0,0,0,nan,0,nan,400,400,0.6589329999987967,400,51200,51200,51200,13107200,0.0,0,0,0,"{""0.1"": 0, ""0.2"": 0, ""0.5"": 0, ""1.0"": 0, ""2.0"": 0}",0.0421881835043143,0.20068272914034033,0.8735294117647058,0.39759650735294116,400,1,0
qld-v1,qld,0.5,LBQCD-D05-unequal-min010-K18,unequal,concentrated,LBQCD-D05-unequal-min010-K18/concentrated,0,update,0,0.7,0,0.0,0,0,nan,0,nan,400,400,0.29476030000660103,400,51200,51200,51200,3932160,501760.0,0,0,0,"{""0.1"": 0, ""0.2"": 0, ""0.5"": 0, ""1.0"": 0, ""2.0"": 0}",0.013716055360304402,0.12934470828148675,0.9899999999999999,0.07974494485294115,200,0,0
qld-v1,qld,0.5,LBQCD-D05-unequal-min010-K18,unequal,concentrated,LBQCD-D05-unequal-min010-K18/concentrated,1,update,0,0.7,0,0.0,0,0,nan,0,nan,400,400,0.33310180000262335,400,51200,51200,51200,3932160,501760.0,0,0,0,"{""0.1"": 0, ""0.2"": 0, ""0.5"": 0, ""1.0"": 0, ""2.0"": 0}",0.011647479306552633,0.204485243900914,0.9899999999999999,0.12806525735294116,200,0,0
qld-v1,qld,0.5,LBQCD-D05-unequal-min010-K18,unequal,concentrated,LBQCD-D05-unequal-min010-K18/concentrated,2,update,0,0.7,0,0.0,0,0,nan,0,nan,400,400,0.3181728000054136,400,51200,51200,51200,3932160,501760.0,0,0,0,"{""0.1"": 0, ""0.2"": 0, ""0.5"": 0, ""1.0"": 0, ""2.0"": 0}",0.021234708680011316,0.12142688521383745,0.9899999999999999,0.11022748161764706,150,0,0
rsr-M1024-f0.70-u,rsr,0.5,LBQCD-D05-unequal-min010-K18,unequal,concentrated,LBQCD-D05-unequal-min010-K18/concentrated,0,update,1024,0.7,0,0.0,0,0,nan,0,nan,400,400,1.2522966999968048,4600,588800,302080,302080,3932160,5734400.0,0,0,0,"{""0.1"": 0, ""0.2"": 0, ""0.5"": 0, ""1.0"": 0, ""2.0"": 0}",0.00906706032160498,0.16147784422847727,0.9899999999999999,0.09531939338235296,150,0,0
rsr-M1024-f0.70-u,rsr,0.5,LBQCD-D05-unequal-min010-K18,unequal,concentrated,LBQCD-D05-unequal-min010-K18/concentrated,1,update,1024,0.7,0,0.0,0,0,nan,0,nan,400,400,1.2213019000046188,4600,588800,302080,302080,3932160,5734400.0,0,0,0,"{""0.1"": 0, ""0.2"": 0, ""0.5"": 0, ""1.0"": 0, ""2.0"": 0}",0.011124690627625444,0.16556601466146764,0.9899999999999999,0.11582720588235296,150,0,0
rsr-M1024-f0.70-u,rsr,0.5,LBQCD-D05-unequal-min010-K18,unequal,concentrated,LBQCD-D05-unequal-min010-K18/concentrated,2,update,1024,0.7,0,0.0,0,0,nan,0,nan,400,400,1.371458599998732,4600,588800,302080,302080,3932160,5734400.0,0,0,0,"{""0.1"": 0, ""0.2"": 0, ""0.5"": 0, ""1.0"": 0, ""2.0"": 0}",0.029356868505865386,0.15448896149232172,0.9899999999999999,0.11146369485294116,150,0,0
gated-M1024-f0.70-u,gated,0.5,LBQCD-D05-unequal-min010-K18,unequal,missing,LBQCD-D05-unequal-min010-K18/missing,0,update,1024,0.7,0,0.0,4096,1,1.5,17,371.26168030887055,400,400,1.3882252999901539,4600,588800,302080,302080,3932160,5734400.0,0,0,0,"{""0.1"": 0, ""0.2"": 0, ""0.5"": 0, ""1.0"": 0, ""2.0"": 0}",0.027372299918043907,0.19057454556269302,0.9999999999999999,0.16496553308823525,200,0,0
gated-M1024-f0.70-u,gated,0.5,LBQCD-D05-unequal-min010-K18,unequal,missing,LBQCD-D05-unequal-min010-K18/missing,1,update,1024,0.7,0,0.0,4096,1,6.5625,16,377.1733801482413,400,400,1.3681818000040948,4600,588800,302080,302080,3932160,5734400.0,0,0,0,"{""0.1"": 0, ""0.2"": 0, ""0.5"": 0, ""1.0"": 0, ""2.0"": 0}",0.010934615831052152,0.14668752707021404,0.9417647058823528,0.24797334558823525,200,0,0
gated-M1024-f0.70-u,gated,0.5,LBQCD-D05-unequal-min010-K18,unequal,missing,LBQCD-D05-unequal-min010-K18/missing,2,update,1024,0.7,0,0.0,4096,1,6.0,16,381.00622750420666,400,400,1.270447700007935,4600,588800,302080,302080,3932160,5734400.0,0,0,0,"{""0.1"": 0, ""0.2"": 0, ""0.5"": 0, ""1.0"": 0, ""2.0"": 0}",0.006968509763721986,0.1601687535783399,0.9999999999999999,0.18619025735294115,200,0,0
gated-align-M1024-f0.70-u,gated-align,0.5,LBQCD-D05-unequal-min010-K18,unequal,missing,LBQCD-D05-unequal-min010-K18/missing,0,update,1024,0.7,0,0.0,4096,1,1.5,17,371.26168030887055,400,400,1.230555899994215,4600,588800,302080,302080,3932160,5734400.0,3,491520,384,"{""0.1"": 0, ""0.2"": 0, ""0.5"": 0, ""1.0"": 1, ""2.0"": 2}",0.02002165766342312,0.1519337996763949,0.9999999999999999,0.18423713235294115,200,0,0
gated-align-M1024-f0.70-u,gated-align,0.5,LBQCD-D05-unequal-min010-K18,unequal,missing,LBQCD-D05-unequal-min010-K18/missing,1,update,1024,0.7,0,0.0,4096,1,6.5625,16,377.1733801482413,400,400,1.2728572000050917,4600,588800,302080,302080,3932160,5734400.0,3,491520,384,"{""0.1"": 0, ""0.2"": 0, ""0.5"": 0, ""1.0"": 2, ""2.0"": 1}",0.014295645741096319,0.161072802680512,0.9417647058823528,0.21132123161764704,200,0,0
gated-align-M1024-f0.70-u,gated-align,0.5,LBQCD-D05-unequal-min010-K18,unequal,missing,LBQCD-D05-unequal-min010-K18/missing,2,update,1024,0.7,0,0.0,4096,1,6.0,16,381.00622750420666,400,400,1.2914630000013858,4600,588800,302080,302080,3932160,5734400.0,3,491520,384,"{""0.1"": 0, ""0.2"": 0, ""0.5"": 0, ""1.0"": 1, ""2.0"": 2}",0.008735850311053728,0.20081894356493143,0.9417647058823528,0.18983685661764704,200,0,0
gated-lookahead-M1024-f0.70-u,gated-lookahead,0.5,LBQCD-D05-unequal-min010-K18,unequal,missing,LBQCD-D05-unequal-min010-K18/missing,0,update,1024,0.7,0,0.0,4096,1,1.5,17,371.26168030887055,400,400,1.2137567000027047,4600,588800,302080,302080,3932160,5734400.0,3,491520,3840,"{""0.1"": 3, ""0.2"": 0, ""0.5"": 0, ""1.0"": 0, ""2.0"": 0}",0.03996021497584534,0.2605900970888441,0.9999999999999999,0.16424862132352935,200,0,0
gated-lookahead-M1024-f0.70-u,gated-lookahead,0.5,LBQCD-D05-unequal-min010-K18,unequal,missing,LBQCD-D05-unequal-min010-K18/missing,1,update,1024,0.7,0,0.0,4096,1,6.5625,16,377.1733801482413,400,400,1.2351501000084681,4600,588800,302080,302080,3932160,5734400.0,3,491520,3840,"{""0.1"": 0, ""0.2"": 0, ""0.5"": 0, ""1.0"": 0, ""2.0"": 3}",0.01692677775817808,0.19942493479553536,0.9317647058823528,0.21009650735294116,200,0,0
gated-lookahead-M1024-f0.70-u,gated-lookahead,0.5,LBQCD-D05-unequal-min010-K18,unequal,missing,LBQCD-D05-unequal-min010-K18/missing,2,update,1024,0.7,0,0.0,4096,1,6.0,16,381.00622750420666,400,400,1.194026600001962,4600,588800,302080,302080,3932160,5734400.0,3,491520,3840,"{""0.1"": 0, ""0.2"": 0, ""0.5"": 0, ""1.0"": 1, ""2.0"": 2}",0.007423760323963524,0.15782425271129727,0.9417647058823528,0.20572150735294115,200,0,0
lbqcd-align-M1024-f0.70-u,align,0.5,LBQCD-D05-unequal-min010-K18,unequal,missing,LBQCD-D05-unequal-min010-K18/missing,0,update,1024,0.7,0,0.0,0,0,nan,0,nan,400,400,1.4484931999904802,4600,588800,302080,302080,3932160,5734400.0,3,491520,384,"{""0.1"": 0, ""0.2"": 0, ""0.5"": 0, ""1.0"": 1, ""2.0"": 2}",0.02002165766342312,0.1519337996763949,0.9999999999999999,0.18423713235294115,200,0,0
lbqcd-align-M1024-f0.70-u,align,0.5,LBQCD-D05-unequal-min010-K18,unequal,missing,LBQCD-D05-unequal-min010-K18/missing,1,update,1024,0.7,0,0.0,0,0,nan,0,nan,400,400,1.3235707999992883,4600,588800,302080,302080,3932160,5734400.0,3,491520,384,"{""0.1"": 0, ""0.2"": 0, ""0.5"": 0, ""1.0"": 2, ""2.0"": 1}",0.014295645741096319,0.161072802680512,0.9417647058823528,0.21132123161764704,200,0,0
lbqcd-align-M1024-f0.70-u,align,0.5,LBQCD-D05-unequal-min010-K18,unequal,missing,LBQCD-D05-unequal-min010-K18/missing,2,update,1024,0.7,0,0.0,0,0,nan,0,nan,400,400,1.2910791000031168,4600,588800,302080,302080,3932160,5734400.0,3,491520,384,"{""0.1"": 0, ""0.2"": 0, ""0.5"": 0, ""1.0"": 1, ""2.0"": 2}",0.008735850311053728,0.20081894356493143,0.9417647058823528,0.18983685661764704,200,0,0
lbqcd-lookahead-M1024-f0.70-u,lookahead,0.5,LBQCD-D05-unequal-min010-K18,unequal,missing,LBQCD-D05-unequal-min010-K18/missing,0,update,1024,0.7,0,0.0,0,0,nan,0,nan,400,400,1.2798984999972163,4600,588800,302080,302080,3932160,5734400.0,3,491520,3840,"{""0.1"": 3, ""0.2"": 0, ""0.5"": 0, ""1.0"": 0, ""2.0"": 0}",0.03996021497584534,0.2605900970888441,0.9999999999999999,0.16424862132352935,200,0,0
lbqcd-lookahead-M1024-f0.70-u,lookahead,0.5,LBQCD-D05-unequal-min010-K18,unequal,missing,LBQCD-D05-unequal-min010-K18/missing,1,update,1024,0.7,0,0.0,0,0,nan,0,nan,400,400,1.3923382999928435,4600,588800,302080,302080,3932160,5734400.0,3,491520,3840,"{""0.1"": 0, ""0.2"": 0, ""0.5"": 0, ""1.0"": 0, ""2.0"": 3}",0.01692677775817808,0.19942493479553536,0.9317647058823528,0.21009650735294116,200,0,0
lbqcd-lookahead-M1024-f0.70-u,lookahead,0.5,LBQCD-D05-unequal-min010-K18,unequal,missing,LBQCD-D05-unequal-min010-K18/missing,2,update,1024,0.7,0,0.0,0,0,nan,0,nan,400,400,1.339533099991968,4600,588800,302080,302080,3932160,5734400.0,3,491520,3840,"{""0.1"": 0, ""0.2"": 0, ""0.5"": 0, ""1.0"": 1, ""2.0"": 2}",0.007423760323963524,0.15782425271129727,0.9417647058823528,0.20572150735294115,200,0,0
paper-0.2,paper,0.2,LBQCD-D05-unequal-min010-K18,unequal,missing,LBQCD-D05-unequal-min010-K18/missing,0,update,0,0.0,0,0.0,0,0,nan,0,nan,400,400,0.6311170999979367,400,51200,51200,51200,13107200,0.0,0,0,0,"{""0.1"": 0, ""0.2"": 0, ""0.5"": 0, ""1.0"": 0, ""2.0"": 0}",0.008714366983845423,0.12821073429816138,0.9999999999999999,0.08091911764705884,150,0,0
paper-0.2,paper,0.2,LBQCD-D05-unequal-min010-K18,unequal,missing,LBQCD-D05-unequal-min010-K18/missing,1,update,0,0.0,0,0.0,0,0,nan,0,nan,400,400,0.7385244000033708,400,51200,51200,51200,13107200,0.0,0,0,0,"{""0.1"": 0, ""0.2"": 0, ""0.5"": 0, ""1.0"": 0, ""2.0"": 0}",0.012458742254102706,0.24392930383746758,0.9999999999999999,0.12441865808823527,150,0,0
paper-0.2,paper,0.2,LBQCD-D05-unequal-min010-K18,unequal,missing,LBQCD-D05-unequal-min010-K18/missing,2,update,0,0.0,0,0.0,0,0,nan,0,nan,400,400,0.8437137000000803,400,51200,51200,51200,13107200,0.0,0,0,0,"{""0.1"": 0, ""0.2"": 0, ""0.5"": 0, ""1.0"": 0, ""2.0"": 0}",0.024504813999870034,0.20621181092189306,0.9999999999999999,0.11341681985294116,100,0,0
paper-0.5,paper,0.5,LBQCD-D05-unequal-min010-K18,unequal,missing,LBQCD-D05-unequal-min010-K18/missing,0,update,0,0.0,0,0.0,0,0,nan,0,nan,400,400,0.6558178999985103,400,51200,51200,51200,13107200,0.0,0,0,0,"{""0.1"": 0, ""0.2"": 0, ""0.5"": 0, ""1.0"": 0, ""2.0"": 0}",0.009410876881835506,0.15669837830591424,0.9999999999999999,0.07948529411764704,150,0,0
paper-0.5,paper,0.5,LBQCD-D05-unequal-min010-K18,unequal,missing,LBQCD-D05-unequal-min010-K18/missing,1,update,0,0.0,0,0.0,0,0,nan,0,nan,400,400,0.7616577000007965,400,51200,51200,51200,13107200,0.0,0,0,0,"{""0.1"": 0, ""0.2"": 0, ""0.5"": 0, ""1.0"": 0, ""2.0"": 0}",0.005584517303092618,0.19829798008457236,0.9999999999999999,0.07917509191176475,150,0,0
paper-0.5,paper,0.5,LBQCD-D05-unequal-min010-K18,unequal,missing,LBQCD-D05-unequal-min010-K18/missing,2,update,0,0.0,0,0.0,0,0,nan,0,nan,400,400,0.7525059000035981,400,51200,51200,51200,13107200,0.0,0,0,0,"{""0.1"": 0, ""0.2"": 0, ""0.5"": 0, ""1.0"": 0, ""2.0"": 0}",0.008322446928958893,0.12422762656489292,0.9999999999999999,0.08653033088235296,100,0,0
paper-1,paper,1.0,LBQCD-D05-unequal-min010-K18,unequal,missing,LBQCD-D05-unequal-min010-K18/missing,0,update,0,0.0,0,0.0,0,0,nan,0,nan,400,400,0.6830008000106318,400,51200,51200,51200,13107200,0.0,0,0,0,"{""0.1"": 0, ""0.2"": 0, ""0.5"": 0, ""1.0"": 0, ""2.0"": 0}",0.009774297134544696,0.17474037282684776,0.9999999999999999,0.14517463235294115,150,0,0
paper-1,paper,1.0,LBQCD-D05-unequal-min010-K18,unequal,missing,LBQCD-D05-unequal-min010-K18/missing,1,update,0,0.0,0,0.0,0,0,nan,0,nan,400,400,0.7032678999967175,400,51200,51200,51200,13107200,0.0,0,0,0,"{""0.1"": 0, ""0.2"": 0, ""0.5"": 0, ""1.0"": 0, ""2.0"": 0}",0.01140849251565923,0.1869083883759178,0.9999999999999999,0.13052619485294115,200,0,0
paper-1,paper,1.0,LBQCD-D05-unequal-min010-K18,unequal,missing,LBQCD-D05-unequal-min010-K18/missing,2,update,0,0.0,0,0.0,0,0,nan,0,nan,400,400,0.7112161000113701,400,51200,51200,51200,13107200,0.0,0,0,0,"{""0.1"": 0, ""0.2"": 0, ""0.5"": 0, ""1.0"": 0, ""2.0"": 0}",0.00822005720413621,0.1840423577365383,0.9999999999999999,0.11536994485294116,150,0,0
paper-2,paper,2.0,LBQCD-D05-unequal-min010-K18,unequal,missing,LBQCD-D05-unequal-min010-K18/missing,0,update,0,0.0,0,0.0,0,0,nan,0,nan,400,400,0.8042095999990124,400,51200,51200,51200,13107200,0.0,0,0,0,"{""0.1"": 0, ""0.2"": 0, ""0.5"": 0, ""1.0"": 0, ""2.0"": 0}",0.015090478064907487,0.19364222315623797,0.9999999999999999,0.20038143382352935,300,0,0
paper-2,paper,2.0,LBQCD-D05-unequal-min010-K18,unequal,missing,LBQCD-D05-unequal-min010-K18/missing,1,update,0,0.0,0,0.0,0,0,nan,0,nan,400,400,0.793977299996186,400,51200,51200,51200,13107200,0.0,0,0,0,"{""0.1"": 0, ""0.2"": 0, ""0.5"": 0, ""1.0"": 0, ""2.0"": 0}",0.012908227225561841,0.23157565688540493,0.9417647058823528,0.23430147058823525,400,0,0
paper-2,paper,2.0,LBQCD-D05-unequal-min010-K18,unequal,missing,LBQCD-D05-unequal-min010-K18/missing,2,update,0,0.0,0,0.0,0,0,nan,0,nan,400,400,0.7753962999995565,400,51200,51200,51200,13107200,0.0,0,0,0,"{""0.1"": 0, ""0.2"": 0, ""0.5"": 0, ""1.0"": 0, ""2.0"": 0}",0.016252317568358876,0.2233345334559467,0.9999999999999999,0.21959099264705884,250,0,0
paper-4,paper,4.0,LBQCD-D05-unequal-min010-K18,unequal,missing,LBQCD-D05-unequal-min010-K18/missing,0,update,0,0.0,0,0.0,0,0,nan,0,nan,400,400,0.8715425999980653,400,51200,51200,51200,13107200,0.0,0,0,0,"{""0.1"": 0, ""0.2"": 0, ""0.5"": 0, ""1.0"": 0, ""2.0"": 0}",0.05387121421298513,0.31408041236260126,0.8835294117647058,0.37056295955882346,400,1,0
paper-4,paper,4.0,LBQCD-D05-unequal-min010-K18,unequal,missing,LBQCD-D05-unequal-min010-K18/missing,1,update,0,0.0,0,0.0,0,0,nan,0,nan,400,400,0.6409370000037597,400,51200,51200,51200,13107200,0.0,0,0,0,"{""0.1"": 0, ""0.2"": 0, ""0.5"": 0, ""1.0"": 0, ""2.0"": 0}",0.03909367031193778,0.36337360625046883,0.8835294117647058,0.39152803308823525,400,1,0
paper-4,paper,4.0,LBQCD-D05-unequal-min010-K18,unequal,missing,LBQCD-D05-unequal-min010-K18/missing,2,update,0,0.0,0,0.0,0,0,nan,0,nan,400,400,0.6525327999988804,400,51200,51200,51200,13107200,0.0,0,0,0,"{""0.1"": 0, ""0.2"": 0, ""0.5"": 0, ""1.0"": 0, ""2.0"": 0}",0.08016348377407745,0.5294185306714295,0.8835294117647058,0.41301240808823525,400,1,0
qld-v1,qld,0.5,LBQCD-D05-unequal-min010-K18,unequal,missing,LBQCD-D05-unequal-min010-K18/missing,0,update,0,0.7,0,0.0,0,0,nan,0,nan,400,400,0.33117099999799393,400,51200,51200,51200,3932160,501760.0,0,0,0,"{""0.1"": 0, ""0.2"": 0, ""0.5"": 0, ""1.0"": 0, ""2.0"": 0}",0.022387703726780117,0.17676265556671283,0.9999999999999999,0.20988740808823525,250,0,0
qld-v1,qld,0.5,LBQCD-D05-unequal-min010-K18,unequal,missing,LBQCD-D05-unequal-min010-K18/missing,1,update,0,0.7,0,0.0,0,0,nan,0,nan,400,400,0.29523170000175014,400,51200,51200,51200,3932160,501760.0,0,0,0,"{""0.1"": 0, ""0.2"": 0, ""0.5"": 0, ""1.0"": 0, ""2.0"": 0}",0.02657261188729665,0.37527593280107074,0.9417647058823528,0.28071920955882346,300,0,0
qld-v1,qld,0.5,LBQCD-D05-unequal-min010-K18,unequal,missing,LBQCD-D05-unequal-min010-K18/missing,2,update,0,0.7,0,0.0,0,0,nan,0,nan,400,400,0.3996612999908393,400,51200,51200,51200,3932160,501760.0,0,0,0,"{""0.1"": 0, ""0.2"": 0, ""0.5"": 0, ""1.0"": 0, ""2.0"": 0}",0.013071855907169638,0.231979567382673,0.9417647058823528,0.26210248161764704,250,0,0
rsr-M1024-f0.70-u,rsr,0.5,LBQCD-D05-unequal-min010-K18,unequal,missing,LBQCD-D05-unequal-min010-K18/missing,0,update,1024,0.7,0,0.0,0,0,nan,0,nan,400,400,1.3536175999906845,4600,588800,302080,302080,3932160,5734400.0,0,0,0,"{""0.1"": 0, ""0.2"": 0, ""0.5"": 0, ""1.0"": 0, ""2.0"": 0}",0.027372299918043907,0.19057454556269302,0.9999999999999999,0.16496553308823525,200,0,0
rsr-M1024-f0.70-u,rsr,0.5,LBQCD-D05-unequal-min010-K18,unequal,missing,LBQCD-D05-unequal-min010-K18/missing,1,update,1024,0.7,0,0.0,0,0,nan,0,nan,400,400,1.363184200003161,4600,588800,302080,302080,3932160,5734400.0,0,0,0,"{""0.1"": 0, ""0.2"": 0, ""0.5"": 0, ""1.0"": 0, ""2.0"": 0}",0.010934615831052152,0.14668752707021404,0.9417647058823528,0.24797334558823525,200,0,0
rsr-M1024-f0.70-u,rsr,0.5,LBQCD-D05-unequal-min010-K18,unequal,missing,LBQCD-D05-unequal-min010-K18/missing,2,update,1024,0.7,0,0.0,0,0,nan,0,nan,400,400,1.3140534999984084,4600,588800,302080,302080,3932160,5734400.0,0,0,0,"{""0.1"": 0, ""0.2"": 0, ""0.5"": 0, ""1.0"": 0, ""2.0"": 0}",0.006968509763721986,0.1601687535783399,0.9999999999999999,0.18619025735294115,200,0,0
gated-M1024-f0.70-u,gated,0.5,LBQCD-D06-unequal-min005-K20,unequal,concentrated,LBQCD-D06-unequal-min005-K20/concentrated,0,update,1024,0.7,0,0.0,4096,1,5.625,18,550.5600078643431,400,400,1.2739461000019219,4600,588800,302080,302080,3932160,5734400.0,0,0,0,"{""0.1"": 0, ""0.2"": 0, ""0.5"": 0, ""1.0"": 0, ""2.0"": 0}",0.01633846646487669,0.1953303890712814,0.9950000000000003,0.11937911184210519,200,0,0
gated-M1024-f0.70-u,gated,0.5,LBQCD-D06-unequal-min005-K20,unequal,concentrated,LBQCD-D06-unequal-min005-K20/concentrated,1,update,1024,0.7,0,0.0,4096,1,5.625,18,541.8923767101107,400,400,1.2643671999976505,4600,588800,302080,302080,3932160,5734400.0,0,0,0,"{""0.1"": 0, ""0.2"": 0, ""0.5"": 0, ""1.0"": 0, ""2.0"": 0}",0.01218010323466956,0.29852146851619815,0.9950000000000003,0.17968338815789472,200,0,0
gated-M1024-f0.70-u,gated,0.5,LBQCD-D06-unequal-min005-K20,unequal,concentrated,LBQCD-D06-unequal-min005-K20/concentrated,2,update,1024,0.7,0,0.0,4096,1,5.6875,18,563.3020336641268,400,400,1.230114300007699,4600,588800,302080,302080,3932160,5734400.0,0,0,0,"{""0.1"": 0, ""0.2"": 0, ""0.5"": 0, ""1.0"": 0, ""2.0"": 0}",0.011107383354820755,0.18987602822455926,0.9950000000000003,0.09960526315789474,200,0,0
gated-align-M1024-f0.70-u,gated-align,0.5,LBQCD-D06-unequal-min005-K20,unequal,concentrated,LBQCD-D06-unequal-min005-K20/concentrated,0,update,1024,0.7,0,0.0,4096,1,5.625,18,550.5600078643431,400,400,1.327720400004182,4600,588800,302080,302080,3932160,5734400.0,3,491520,384,"{""0.1"": 0, ""0.2"": 0, ""0.5"": 0, ""1.0"": 0, ""2.0"": 3}",0.019269937277583082,0.2141786682267481,0.9426315789473687,0.12279810855263155,200,0,0
gated-align-M1024-f0.70-u,gated-align,0.5,LBQCD-D06-unequal-min005-K20,unequal,concentrated,LBQCD-D06-unequal-min005-K20/concentrated,1,update,1024,0.7,0,0.0,4096,1,5.625,18,541.8923767101107,400,400,1.2933157999941614,4600,588800,302080,302080,3932160,5734400.0,3,491520,384,"{""0.1"": 0, ""0.2"": 0, ""0.5"": 1, ""1.0"": 1, ""2.0"": 1}",0.010215825813260082,0.27575063491092844,0.9426315789473687,0.19433182565789472,200,0,0
gated-align-M1024-f0.70-u,gated-align,0.5,LBQCD-D06-unequal-min005-K20,unequal,concentrated,LBQCD-D06-unequal-min005-K20/concentrated,2,update,1024,0.7,0,0.0,4096,1,5.6875,18,563.3020336641268,400,400,1.2295056999864755,4600,588800,302080,302080,3932160,5734400.0,3,491520,384,"{""0.1"": 0, ""0.2"": 0, ""0.5"": 0, ""1.0"": 1, ""2.0"": 2}",0.016374585046358803,0.22419155217157946,0.9426315789473687,0.13988692434210517,200,0,0
gated-lookahead-M1024-f0.70-u,gated-lookahead,0.5,LBQCD-D06-unequal-min005-K20,unequal,concentrated,LBQCD-D06-unequal-min005-K20/concentrated,0,update,1024,0.7,0,0.0,4096,1,5.625,18,550.5600078643431,400,400,1.2523339000035776,4600,588800,302080,302080,3932160,5734400.0,3,491520,3840,"{""0.1"": 2, ""0.2"": 0, ""0.5"": 0, ""1.0"": 0, ""2.0"": 1}",0.019841176009347095,0.21163283594989116,0.9950000000000003,0.11889185855263155,200,0,0
gated-lookahead-M1024-f0.70-u,gated-lookahead,0.5,LBQCD-D06-unequal-min005-K20,unequal,concentrated,LBQCD-D06-unequal-min005-K20/concentrated,1,update,1024,0.7,0,0.0,4096,1,5.625,18,541.8923767101107,400,400,1.2498986999999033,4600,588800,302080,302080,3932160,5734400.0,3,491520,3840,"{""0.1"": 2, ""0.2"": 0, ""0.5"": 0, ""1.0"": 0, ""2.0"": 1}",0.018384817426396083,0.2488762029343746,0.9950000000000003,0.18334498355263154,200,0,0
gated-lookahead-M1024-f0.70-u,gated-lookahead,0.5,LBQCD-D06-unequal-min005-K20,unequal,concentrated,LBQCD-D06-unequal-min005-K20/concentrated,2,update,1024,0.7,0,0.0,4096,1,5.6875,18,563.3020336641268,400,400,1.2311552000028314,4600,588800,302080,302080,3932160,5734400.0,3,491520,3840,"{""0.1"": 2, ""0.2"": 0, ""0.5"": 0, ""1.0"": 0, ""2.0"": 1}",0.01445343434467361,0.2073903017134242,0.9426315789473687,0.12768092105263154,200,0,0
lbqcd-align-M1024-f0.70-u,align,0.5,LBQCD-D06-unequal-min005-K20,unequal,concentrated,LBQCD-D06-unequal-min005-K20/concentrated,0,update,1024,0.7,0,0.0,0,0,nan,0,nan,400,400,1.2690301999973599,4600,588800,302080,302080,3932160,5734400.0,3,491520,384,"{""0.1"": 0, ""0.2"": 0, ""0.5"": 0, ""1.0"": 0, ""2.0"": 3}",0.019269937277583082,0.2141786682267481,0.9426315789473687,0.12279810855263155,200,0,0
lbqcd-align-M1024-f0.70-u,align,0.5,LBQCD-D06-unequal-min005-K20,unequal,concentrated,LBQCD-D06-unequal-min005-K20/concentrated,1,update,1024,0.7,0,0.0,0,0,nan,0,nan,400,400,1.3217082000046503,4600,588800,302080,302080,3932160,5734400.0,3,491520,384,"{""0.1"": 0, ""0.2"": 0, ""0.5"": 1, ""1.0"": 1, ""2.0"": 1}",0.010215825813260082,0.27575063491092844,0.9426315789473687,0.19433182565789472,200,0,0
lbqcd-align-M1024-f0.70-u,align,0.5,LBQCD-D06-unequal-min005-K20,unequal,concentrated,LBQCD-D06-unequal-min005-K20/concentrated,2,update,1024,0.7,0,0.0,0,0,nan,0,nan,400,400,1.2866998000099557,4600,588800,302080,302080,3932160,5734400.0,3,491520,384,"{""0.1"": 0, ""0.2"": 0, ""0.5"": 0, ""1.0"": 1, ""2.0"": 2}",0.016374585046358803,0.22419155217157946,0.9426315789473687,0.13988692434210517,200,0,0
lbqcd-lookahead-M1024-f0.70-u,lookahead,0.5,LBQCD-D06-unequal-min005-K20,unequal,concentrated,LBQCD-D06-unequal-min005-K20/concentrated,0,update,1024,0.7,0,0.0,0,0,nan,0,nan,400,400,1.3021516000007978,4600,588800,302080,302080,3932160,5734400.0,3,491520,3840,"{""0.1"": 2, ""0.2"": 0, ""0.5"": 0, ""1.0"": 0, ""2.0"": 1}",0.019841176009347095,0.21163283594989116,0.9950000000000003,0.11889185855263155,200,0,0
lbqcd-lookahead-M1024-f0.70-u,lookahead,0.5,LBQCD-D06-unequal-min005-K20,unequal,concentrated,LBQCD-D06-unequal-min005-K20/concentrated,1,update,1024,0.7,0,0.0,0,0,nan,0,nan,400,400,1.3540124999999534,4600,588800,302080,302080,3932160,5734400.0,3,491520,3840,"{""0.1"": 2, ""0.2"": 0, ""0.5"": 0, ""1.0"": 0, ""2.0"": 1}",0.018384817426396083,0.2488762029343746,0.9950000000000003,0.18334498355263154,200,0,0
lbqcd-lookahead-M1024-f0.70-u,lookahead,0.5,LBQCD-D06-unequal-min005-K20,unequal,concentrated,LBQCD-D06-unequal-min005-K20/concentrated,2,update,1024,0.7,0,0.0,0,0,nan,0,nan,400,400,1.4473150000121677,4600,588800,302080,302080,3932160,5734400.0,3,491520,3840,"{""0.1"": 2, ""0.2"": 0, ""0.5"": 0, ""1.0"": 0, ""2.0"": 1}",0.01445343434467361,0.2073903017134242,0.9426315789473687,0.12768092105263154,200,0,0
paper-0.2,paper,0.2,LBQCD-D06-unequal-min005-K20,unequal,concentrated,LBQCD-D06-unequal-min005-K20/concentrated,0,update,0,0.0,0,0.0,0,0,nan,0,nan,400,400,0.7379816999891773,400,51200,51200,51200,13107200,0.0,0,0,0,"{""0.1"": 0, ""0.2"": 0, ""0.5"": 0, ""1.0"": 0, ""2.0"": 0}",0.05929074439476789,0.39116736711750744,0.9950000000000003,0.15307154605263154,350,0,0
paper-0.2,paper,0.2,LBQCD-D06-unequal-min005-K20,unequal,concentrated,LBQCD-D06-unequal-min005-K20/concentrated,1,update,0,0.0,0,0.0,0,0,nan,0,nan,400,400,0.7015329999994719,400,51200,51200,51200,13107200,0.0,0,0,0,"{""0.1"": 0, ""0.2"": 0, ""0.5"": 0, ""1.0"": 0, ""2.0"": 0}",0.026500984220253265,0.17086470039058219,1.0000000000000002,0.09253495065789481,100,0,0
paper-0.2,paper,0.2,LBQCD-D06-unequal-min005-K20,unequal,concentrated,LBQCD-D06-unequal-min005-K20/concentrated,2,update,0,0.0,0,0.0,0,0,nan,0,nan,400,400,0.6943612999893958,400,51200,51200,51200,13107200,0.0,0,0,0,"{""0.1"": 0, ""0.2"": 0, ""0.5"": 0, ""1.0"": 0, ""2.0"": 0}",0.011171431450746283,0.1875510397785809,0.9950000000000003,0.08324629934210519,200,0,0
paper-0.5,paper,0.5,LBQCD-D06-unequal-min005-K20,unequal,concentrated,LBQCD-D06-unequal-min005-K20/concentrated,0,update,0,0.0,0,0.0,0,0,nan,0,nan,400,400,0.6679313999920851,400,51200,51200,51200,13107200,0.0,0,0,0,"{""0.1"": 0, ""0.2"": 0, ""0.5"": 0, ""1.0"": 0, ""2.0"": 0}",0.01795032102046079,0.2072948772681891,0.9950000000000003,0.085931332236842,150,0,0
paper-0.5,paper,0.5,LBQCD-D06-unequal-min005-K20,unequal,concentrated,LBQCD-D06-unequal-min005-K20/concentrated,1,update,0,0.0,0,0.0,0,0,nan,0,nan,400,400,0.8007010000001173,400,51200,51200,51200,13107200,0.0,0,0,0,"{""0.1"": 0, ""0.2"": 0, ""0.5"": 0, ""1.0"": 0, ""2.0"": 0}",0.011511567228791542,0.19120018820990814,0.9950000000000003,0.10230057565789481,250,0,0
paper-0.5,paper,0.5,LBQCD-D06-unequal-min005-K20,unequal,concentrated,LBQCD-D06-unequal-min005-K20/concentrated,2,update,0,0.0,0,0.0,0,0,nan,0,nan,400,400,0.8323540999990655,400,51200,51200,51200,13107200,0.0,0,0,0,"{""0.1"": 0, ""0.2"": 0, ""0.5"": 0, ""1.0"": 0, ""2.0"": 0}",0.01011914958210447,0.1891409726784204,0.9950000000000003,0.07275904605263163,250,0,0
paper-1,paper,1.0,LBQCD-D06-unequal-min005-K20,unequal,concentrated,LBQCD-D06-unequal-min005-K20/concentrated,0,update,0,0.0,0,0.0,0,0,nan,0,nan,400,400,0.678313900003559,400,51200,51200,51200,13107200,0.0,0,0,0,"{""0.1"": 0, ""0.2"": 0, ""0.5"": 0, ""1.0"": 0, ""2.0"": 0}",0.01616510454202924,0.20003554359105807,0.9950000000000003,0.07982935855263155,250,0,0
paper-1,paper,1.0,LBQCD-D06-unequal-min005-K20,unequal,concentrated,LBQCD-D06-unequal-min005-K20/concentrated,1,update,0,0.0,0,0.0,0,0,nan,0,nan,400,400,0.5970875999919372,400,51200,51200,51200,13107200,0.0,0,0,0,"{""0.1"": 0, ""0.2"": 0, ""0.5"": 0, ""1.0"": 0, ""2.0"": 0}",0.009383068393584715,0.24718010664305412,0.9950000000000003,0.16381373355263154,200,0,0
paper-1,paper,1.0,LBQCD-D06-unequal-min005-K20,unequal,concentrated,LBQCD-D06-unequal-min005-K20/concentrated,2,update,0,0.0,0,0.0,0,0,nan,0,nan,400,400,0.6726500000077067,400,51200,51200,51200,13107200,0.0,0,0,0,"{""0.1"": 0, ""0.2"": 0, ""0.5"": 0, ""1.0"": 0, ""2.0"": 0}",0.012112734551344317,0.21257787009791124,0.9950000000000003,0.10253495065789474,200,0,0
paper-2,paper,2.0,LBQCD-D06-unequal-min005-K20,unequal,concentrated,LBQCD-D06-unequal-min005-K20/concentrated,0,update,0,0.0,0,0.0,0,0,nan,0,nan,400,400,0.6254539999936242,400,51200,51200,51200,13107200,0.0,0,0,0,"{""0.1"": 0, ""0.2"": 0, ""0.5"": 0, ""1.0"": 0, ""2.0"": 0}",0.012206853177580967,0.192127959212583,0.9426315789473687,0.18505345394736836,350,0,0
paper-2,paper,2.0,LBQCD-D06-unequal-min005-K20,unequal,concentrated,LBQCD-D06-unequal-min005-K20/concentrated,1,update,0,0.0,0,0.0,0,0,nan,0,nan,400,400,0.8873523999936879,400,51200,51200,51200,13107200,0.0,0,0,0,"{""0.1"": 0, ""0.2"": 0, ""0.5"": 0, ""1.0"": 0, ""2.0"": 0}",0.01791843193385212,0.2939589618191558,0.8902631578947371,0.31225123355263157,400,1,0
paper-2,paper,2.0,LBQCD-D06-unequal-min005-K20,unequal,concentrated,LBQCD-D06-unequal-min005-K20/concentrated,2,update,0,0.0,0,0.0,0,0,nan,0,nan,400,400,0.7738439000095241,400,51200,51200,51200,13107200,0.0,0,0,0,"{""0.1"": 0, ""0.2"": 0, ""0.5"": 0, ""1.0"": 0, ""2.0"": 0}",0.01887252901654346,0.2749292684703124,0.9426315789473687,0.22851151315789472,400,1,0
paper-4,paper,4.0,LBQCD-D06-unequal-min005-K20,unequal,concentrated,LBQCD-D06-unequal-min005-K20/concentrated,0,update,0,0.0,0,0.0,0,0,nan,0,nan,400,400,0.7957345000031637,400,51200,51200,51200,13107200,0.0,0,0,0,"{""0.1"": 0, ""0.2"": 0, ""0.5"": 0, ""1.0"": 0, ""2.0"": 0}",0.018904353330176704,0.24549481897560965,0.8378947368421055,0.27904810855263157,400,1,0
paper-4,paper,4.0,LBQCD-D06-unequal-min005-K20,unequal,concentrated,LBQCD-D06-unequal-min005-K20/concentrated,1,update,0,0.0,0,0.0,0,0,nan,0,nan,400,400,0.5998076999967452,400,51200,51200,51200,13107200,0.0,0,0,0,"{""0.1"": 0, ""0.2"": 0, ""0.5"": 0, ""1.0"": 0, ""2.0"": 0}",0.02987538179143634,0.31956351284121276,0.8378947368421055,0.3906208881578947,400,1,0
paper-4,paper,4.0,LBQCD-D06-unequal-min005-K20,unequal,concentrated,LBQCD-D06-unequal-min005-K20/concentrated,2,update,0,0.0,0,0.0,0,0,nan,0,nan,400,400,0.581413199994131,400,51200,51200,51200,13107200,0.0,0,0,0,"{""0.1"": 0, ""0.2"": 0, ""0.5"": 0, ""1.0"": 0, ""2.0"": 0}",0.036381516492232535,0.3469192908334431,0.8378947368421055,0.3532689144736843,400,1,0
qld-v1,qld,0.5,LBQCD-D06-unequal-min005-K20,unequal,concentrated,LBQCD-D06-unequal-min005-K20/concentrated,0,update,0,0.7,0,0.0,0,0,nan,0,nan,400,400,0.3648315000027651,400,51200,51200,51200,3932160,501760.0,0,0,0,"{""0.1"": 0, ""0.2"": 0, ""0.5"": 0, ""1.0"": 0, ""2.0"": 0}",0.012073319567485363,0.17032513866035423,0.9426315789473687,0.12792557565789472,200,0,0
qld-v1,qld,0.5,LBQCD-D06-unequal-min005-K20,unequal,concentrated,LBQCD-D06-unequal-min005-K20/concentrated,1,update,0,0.7,0,0.0,0,0,nan,0,nan,400,400,0.3623399000061909,400,51200,51200,51200,3932160,501760.0,0,0,0,"{""0.1"": 0, ""0.2"": 0, ""0.5"": 0, ""1.0"": 0, ""2.0"": 0}",0.014839249313983949,0.2208138121705555,0.9426315789473687,0.20116776315789472,350,0,0
qld-v1,qld,0.5,LBQCD-D06-unequal-min005-K20,unequal,concentrated,LBQCD-D06-unequal-min005-K20/concentrated,2,update,0,0.7,0,0.0,0,0,nan,0,nan,400,400,0.27961389999836683,400,51200,51200,51200,3932160,501760.0,0,0,0,"{""0.1"": 0, ""0.2"": 0, ""0.5"": 0, ""1.0"": 0, ""2.0"": 0}",0.013757071999528137,0.21587016966377875,0.9426315789473687,0.19921463815789472,400,1,0
rsr-M1024-f0.70-u,rsr,0.5,LBQCD-D06-unequal-min005-K20,unequal,concentrated,LBQCD-D06-unequal-min005-K20/concentrated,0,update,1024,0.7,0,0.0,0,0,nan,0,nan,400,400,1.2568896000011591,4600,588800,302080,302080,3932160,5734400.0,0,0,0,"{""0.1"": 0, ""0.2"": 0, ""0.5"": 0, ""1.0"": 0, ""2.0"": 0}",0.01633846646487669,0.1953303890712814,0.9950000000000003,0.11937911184210519,200,0,0
rsr-M1024-f0.70-u,rsr,0.5,LBQCD-D06-unequal-min005-K20,unequal,concentrated,LBQCD-D06-unequal-min005-K20/concentrated,1,update,1024,0.7,0,0.0,0,0,nan,0,nan,400,400,1.2925848000013502,4600,588800,302080,302080,3932160,5734400.0,0,0,0,"{""0.1"": 0, ""0.2"": 0, ""0.5"": 0, ""1.0"": 0, ""2.0"": 0}",0.01218010323466956,0.29852146851619815,0.9950000000000003,0.17968338815789472,200,0,0
rsr-M1024-f0.70-u,rsr,0.5,LBQCD-D06-unequal-min005-K20,unequal,concentrated,LBQCD-D06-unequal-min005-K20/concentrated,2,update,1024,0.7,0,0.0,0,0,nan,0,nan,400,400,1.1954358000075445,4600,588800,302080,302080,3932160,5734400.0,0,0,0,"{""0.1"": 0, ""0.2"": 0, ""0.5"": 0, ""1.0"": 0, ""2.0"": 0}",0.011107383354820755,0.18987602822455926,0.9950000000000003,0.09960526315789474,200,0,0
gated-M1024-f0.70-u,gated,0.5,LBQCD-D06-unequal-min005-K20,unequal,missing,LBQCD-D06-unequal-min005-K20/missing,0,update,1024,0.7,0,0.0,4096,1,5.875,18,542.0109083207427,400,400,1.1853327999997418,4600,588800,302080,302080,3932160,5734400.0,0,0,0,"{""0.1"": 0, ""0.2"": 0, ""0.5"": 0, ""1.0"": 0, ""2.0"": 0}",0.09021245334633932,0.40105136509941547,0.9426315789473687,0.2338836348684211,250,0,0
gated-M1024-f0.70-u,gated,0.5,LBQCD-D06-unequal-min005-K20,unequal,missing,LBQCD-D06-unequal-min005-K20/missing,1,update,1024,0.7,0,0.0,4096,1,6.0,18,573.8414600283512,400,400,1.1846427999989828,4600,588800,302080,302080,3932160,5734400.0,0,0,0,"{""0.1"": 0, ""0.2"": 0, ""0.5"": 0, ""1.0"": 0, ""2.0"": 0}",0.04615108395685219,0.28104028969515216,0.9426315789473687,0.1916467927631579,250,0,0
gated-M1024-f0.70-u,gated,0.5,LBQCD-D06-unequal-min005-K20,unequal,missing,LBQCD-D06-unequal-min005-K20/missing,2,update,1024,0.7,0,0.0,4096,1,5.625,18,544.42128706253,400,400,1.1495637000043644,4600,588800,302080,302080,3932160,5734400.0,0,0,0,"{""0.1"": 0, ""0.2"": 0, ""0.5"": 0, ""1.0"": 0, ""2.0"": 0}",0.024144987758217162,0.21712026593552197,0.9426315789473687,0.18480879934210517,250,0,0
gated-align-M1024-f0.70-u,gated-align,0.5,LBQCD-D06-unequal-min005-K20,unequal,missing,LBQCD-D06-unequal-min005-K20/missing,0,update,1024,0.7,0,0.0,4096,1,5.875,18,542.0109083207427,400,400,1.3231554999947548,4600,588800,302080,302080,3932160,5734400.0,3,491520,384,"{""0.1"": 0, ""0.2"": 0, ""0.5"": 0, ""1.0"": 1, ""2.0"": 2}",0.09231259222123711,0.41507950290817314,0.9426315789473687,0.2250945723684211,250,0,0
gated-align-M1024-f0.70-u,gated-align,0.5,LBQCD-D06-unequal-min005-K20,unequal,missing,LBQCD-D06-unequal-min005-K20/missing,1,update,1024,0.7,0,0.0,4096,1,6.0,18,573.8414600283512,400,400,1.349956000005477,4600,588800,302080,302080,3932160,5734400.0,3,491520,384,"{""0.1"": 0, ""0.2"": 0, ""0.5"": 0, ""1.0"": 0, ""2.0"": 3}",0.042098451668675096,0.2819346855446971,0.9426315789473687,0.2082483552631579,250,0,0
gated-align-M1024-f0.70-u,gated-align,0.5,LBQCD-D06-unequal-min005-K20,unequal,missing,LBQCD-D06-unequal-min005-K20/missing,2,update,1024,0.7,0,0.0,4096,1,5.625,18,544.42128706253,400,400,1.258189800006221,4600,588800,302080,302080,3932160,5734400.0,3,491520,384,"{""0.1"": 0, ""0.2"": 0, ""0.5"": 0, ""1.0"": 0, ""2.0"": 3}",0.03179018729015759,0.25865167945965456,0.9426315789473687,0.18651932565789472,250,0,0
gated-lookahead-M1024-f0.70-u,gated-lookahead,0.5,LBQCD-D06-unequal-min005-K20,unequal,missing,LBQCD-D06-unequal-min005-K20/missing,0,update,1024,0.7,0,0.0,4096,1,5.875,18,542.0109083207427,400,400,1.231325000000652,4600,588800,302080,302080,3932160,5734400.0,3,491520,3840,"{""0.1"": 1, ""0.2"": 0, ""0.5"": 0, ""1.0"": 1, ""2.0"": 1}",0.103437881237598,0.4621936781389079,0.9426315789473687,0.22460526315789472,250,0,0
gated-lookahead-M1024-f0.70-u,gated-lookahead,0.5,LBQCD-D06-unequal-min005-K20,unequal,missing,LBQCD-D06-unequal-min005-K20/missing,1,update,1024,0.7,0,0.0,4096,1,6.0,18,573.8414600283512,400,400,1.23124259999895,4600,588800,302080,302080,3932160,5734400.0,3,491520,3840,"{""0.1"": 0, ""0.2"": 1, ""0.5"": 0, ""1.0"": 1, ""2.0"": 1}",0.023694425679289033,0.24491356614686197,0.9426315789473687,0.21947779605263154,250,0,0
gated-lookahead-M1024-f0.70-u,gated-lookahead,0.5,LBQCD-D06-unequal-min005-K20,unequal,missing,LBQCD-D06-unequal-min005-K20/missing,2,update,1024,0.7,0,0.0,4096,1,5.625,18,544.42128706253,400,400,1.2488689000019804,4600,588800,302080,302080,3932160,5734400.0,3,491520,3840,"{""0.1"": 2, ""0.2"": 0, ""0.5"": 1, ""1.0"": 0, ""2.0"": 0}",0.021122898973292337,0.21708204618585392,0.9426315789473687,0.18700657894736836,250,0,0
lbqcd-align-M1024-f0.70-u,align,0.5,LBQCD-D06-unequal-min005-K20,unequal,missing,LBQCD-D06-unequal-min005-K20/missing,0,update,1024,0.7,0,0.0,0,0,nan,0,nan,400,400,1.2819730000046548,4600,588800,302080,302080,3932160,5734400.0,3,491520,384,"{""0.1"": 0, ""0.2"": 0, ""0.5"": 0, ""1.0"": 1, ""2.0"": 2}",0.09231259222123711,0.41507950290817314,0.9426315789473687,0.2250945723684211,250,0,0
lbqcd-align-M1024-f0.70-u,align,0.5,LBQCD-D06-unequal-min005-K20,unequal,missing,LBQCD-D06-unequal-min005-K20/missing,1,update,1024,0.7,0,0.0,0,0,nan,0,nan,400,400,1.3953796999994665,4600,588800,302080,302080,3932160,5734400.0,3,491520,384,"{""0.1"": 0, ""0.2"": 0, ""0.5"": 0, ""1.0"": 0, ""2.0"": 3}",0.042098451668675096,0.2819346855446971,0.9426315789473687,0.2082483552631579,250,0,0
lbqcd-align-M1024-f0.70-u,align,0.5,LBQCD-D06-unequal-min005-K20,unequal,missing,LBQCD-D06-unequal-min005-K20/missing,2,update,1024,0.7,0,0.0,0,0,nan,0,nan,400,400,1.263882700004615,4600,588800,302080,302080,3932160,5734400.0,3,491520,384,"{""0.1"": 0, ""0.2"": 0, ""0.5"": 0, ""1.0"": 0, ""2.0"": 3}",0.03179018729015759,0.25865167945965456,0.9426315789473687,0.18651932565789472,250,0,0
lbqcd-lookahead-M1024-f0.70-u,lookahead,0.5,LBQCD-D06-unequal-min005-K20,unequal,missing,LBQCD-D06-unequal-min005-K20/missing,0,update,1024,0.7,0,0.0,0,0,nan,0,nan,400,400,1.2351326000061817,4600,588800,302080,302080,3932160,5734400.0,3,491520,3840,"{""0.1"": 1, ""0.2"": 0, ""0.5"": 0, ""1.0"": 1, ""2.0"": 1}",0.103437881237598,0.4621936781389079,0.9426315789473687,0.22460526315789472,250,0,0
lbqcd-lookahead-M1024-f0.70-u,lookahead,0.5,LBQCD-D06-unequal-min005-K20,unequal,missing,LBQCD-D06-unequal-min005-K20/missing,1,update,1024,0.7,0,0.0,0,0,nan,0,nan,400,400,1.3135889999975916,4600,588800,302080,302080,3932160,5734400.0,3,491520,3840,"{""0.1"": 0, ""0.2"": 1, ""0.5"": 0, ""1.0"": 1, ""2.0"": 1}",0.023694425679289033,0.24491356614686197,0.9426315789473687,0.21947779605263154,250,0,0
lbqcd-lookahead-M1024-f0.70-u,lookahead,0.5,LBQCD-D06-unequal-min005-K20,unequal,missing,LBQCD-D06-unequal-min005-K20/missing,2,update,1024,0.7,0,0.0,0,0,nan,0,nan,400,400,1.1342528000095626,4600,588800,302080,302080,3932160,5734400.0,3,491520,3840,"{""0.1"": 2, ""0.2"": 0, ""0.5"": 1, ""1.0"": 0, ""2.0"": 0}",0.021122898973292337,0.21708204618585392,0.9426315789473687,0.18700657894736836,250,0,0
paper-0.2,paper,0.2,LBQCD-D06-unequal-min005-K20,unequal,missing,LBQCD-D06-unequal-min005-K20/missing,0,update,0,0.0,0,0.0,0,0,nan,0,nan,400,400,0.558662399998866,400,51200,51200,51200,13107200,0.0,0,0,0,"{""0.1"": 0, ""0.2"": 0, ""0.5"": 0, ""1.0"": 0, ""2.0"": 0}",0.016963625531068338,0.29054228453753334,0.9950000000000003,0.14916529605263154,200,0,0
paper-0.2,paper,0.2,LBQCD-D06-unequal-min005-K20,unequal,missing,LBQCD-D06-unequal-min005-K20/missing,1,update,0,0.0,0,0.0,0,0,nan,0,nan,400,400,0.7253575999930035,400,51200,51200,51200,13107200,0.0,0,0,0,"{""0.1"": 0, ""0.2"": 0, ""0.5"": 0, ""1.0"": 0, ""2.0"": 0}",0.07127933059264357,0.25329999011714066,0.9950000000000003,0.10253495065789474,200,0,0
paper-0.2,paper,0.2,LBQCD-D06-unequal-min005-K20,unequal,missing,LBQCD-D06-unequal-min005-K20/missing,2,update,0,0.0,0,0.0,0,0,nan,0,nan,400,400,0.629124099999899,400,51200,51200,51200,13107200,0.0,0,0,0,"{""0.1"": 0, ""0.2"": 0, ""0.5"": 0, ""1.0"": 0, ""2.0"": 0}",0.010666959818841804,0.21034206177859718,0.9950000000000003,0.11669407894736837,400,1,0
paper-0.5,paper,0.5,LBQCD-D06-unequal-min005-K20,unequal,missing,LBQCD-D06-unequal-min005-K20/missing,0,update,0,0.0,0,0.0,0,0,nan,0,nan,400,400,0.7759913000045344,400,51200,51200,51200,13107200,0.0,0,0,0,"{""0.1"": 0, ""0.2"": 0, ""0.5"": 0, ""1.0"": 0, ""2.0"": 0}",0.05809992968400568,0.3317156768107284,0.9950000000000003,0.091790707236842,250,0,0
paper-0.5,paper,0.5,LBQCD-D06-unequal-min005-K20,unequal,missing,LBQCD-D06-unequal-min005-K20/missing,1,update,0,0.0,0,0.0,0,0,nan,0,nan,400,400,0.8491960999963339,400,51200,51200,51200,13107200,0.0,0,0,0,"{""0.1"": 0, ""0.2"": 0, ""0.5"": 0, ""1.0"": 0, ""2.0"": 0}",0.09817676246610763,0.430667742445353,0.9950000000000003,0.133795230263158,300,0,0
paper-0.5,paper,0.5,LBQCD-D06-unequal-min005-K20,unequal,missing,LBQCD-D06-unequal-min005-K20/missing,2,update,0,0.0,0,0.0,0,0,nan,0,nan,400,400,0.7264387000032002,400,51200,51200,51200,13107200,0.0,0,0,0,"{""0.1"": 0, ""0.2"": 0, ""0.5"": 0, ""1.0"": 0, ""2.0"": 0}",0.023267939800144077,0.21042371970580534,0.9950000000000003,0.05175370065789474,200,0,0
paper-1,paper,1.0,LBQCD-D06-unequal-min005-K20,unequal,missing,LBQCD-D06-unequal-min005-K20/missing,0,update,0,0.0,0,0.0,0,0,nan,0,nan,400,400,0.6496775999985402,400,51200,51200,51200,13107200,0.0,0,0,0,"{""0.1"": 0, ""0.2"": 0, ""0.5"": 0, ""1.0"": 0, ""2.0"": 0}",0.08323067214384317,0.36369832704107025,0.9950000000000003,0.13451685855263154,300,0,0
paper-1,paper,1.0,LBQCD-D06-unequal-min005-K20,unequal,missing,LBQCD-D06-unequal-min005-K20/missing,1,update,0,0.0,0,0.0,0,0,nan,0,nan,400,400,0.6210260999941966,400,51200,51200,51200,13107200,0.0,0,0,0,"{""0.1"": 0, ""0.2"": 0, ""0.5"": 0, ""1.0"": 0, ""2.0"": 0}",0.07826519825957767,0.37482043268445764,0.9950000000000003,0.12011307565789474,400,1,0
paper-1,paper,1.0,LBQCD-D06-unequal-min005-K20,unequal,missing,LBQCD-D06-unequal-min005-K20/missing,2,update,0,0.0,0,0.0,0,0,nan,0,nan,400,400,0.7387914999999339,400,51200,51200,51200,13107200,0.0,0,0,0,"{""0.1"": 0, ""0.2"": 0, ""0.5"": 0, ""1.0"": 0, ""2.0"": 0}",0.039564507955702766,0.3181821254204214,0.9950000000000003,0.09838404605263155,200,0,0
paper-2,paper,2.0,LBQCD-D06-unequal-min005-K20,unequal,missing,LBQCD-D06-unequal-min005-K20/missing,0,update,0,0.0,0,0.0,0,0,nan,0,nan,400,400,0.7335956000024453,400,51200,51200,51200,13107200,0.0,0,0,0,"{""0.1"": 0, ""0.2"": 0, ""0.5"": 0, ""1.0"": 0, ""2.0"": 0}",0.08717061139554882,0.39000003575905756,0.9426315789473687,0.26146998355263157,400,1,0
paper-2,paper,2.0,LBQCD-D06-unequal-min005-K20,unequal,missing,LBQCD-D06-unequal-min005-K20/missing,1,update,0,0.0,0,0.0,0,0,nan,0,nan,400,400,0.6556027999904472,400,51200,51200,51200,13107200,0.0,0,0,0,"{""0.1"": 0, ""0.2"": 0, ""0.5"": 0, ""1.0"": 0, ""2.0"": 0}",0.07231230523635013,0.3848433344253374,0.9950000000000003,0.2004358552631579,400,0,0
paper-2,paper,2.0,LBQCD-D06-unequal-min005-K20,unequal,missing,LBQCD-D06-unequal-min005-K20/missing,2,update,0,0.0,0,0.0,0,0,nan,0,nan,400,400,0.8542446000064956,400,51200,51200,51200,13107200,0.0,0,0,0,"{""0.1"": 0, ""0.2"": 0, ""0.5"": 0, ""1.0"": 0, ""2.0"": 0}",0.06984154736308934,0.4503961796615368,0.9426315789473687,0.17675370065789472,400,1,0
paper-4,paper,4.0,LBQCD-D06-unequal-min005-K20,unequal,missing,LBQCD-D06-unequal-min005-K20/missing,0,update,0,0.0,0,0.0,0,0,nan,0,nan,400,400,0.8292182000004686,400,51200,51200,51200,13107200,0.0,0,0,0,"{""0.1"": 0, ""0.2"": 0, ""0.5"": 0, ""1.0"": 0, ""2.0"": 0}",0.11023523335987306,0.5143874100796474,0.8902631578947371,0.34716488486842106,400,1,0
paper-4,paper,4.0,LBQCD-D06-unequal-min005-K20,unequal,missing,LBQCD-D06-unequal-min005-K20/missing,1,update,0,0.0,0,0.0,0,0,nan,0,nan,400,400,0.5608209999918472,400,51200,51200,51200,13107200,0.0,0,0,0,"{""0.1"": 0, ""0.2"": 0, ""0.5"": 0, ""1.0"": 0, ""2.0"": 0}",0.0929588346649366,0.47490805260976615,0.9426315789473687,0.2626912006578947,400,1,0
paper-4,paper,4.0,LBQCD-D06-unequal-min005-K20,unequal,missing,LBQCD-D06-unequal-min005-K20/missing,2,update,0,0.0,0,0.0,0,0,nan,0,nan,400,400,0.5743784999940544,400,51200,51200,51200,13107200,0.0,0,0,0,"{""0.1"": 0, ""0.2"": 0, ""0.5"": 0, ""1.0"": 0, ""2.0"": 0}",0.08571890522262571,0.5528290199325423,0.8902631578947371,0.25756373355263157,400,1,0
qld-v1,qld,0.5,LBQCD-D06-unequal-min005-K20,unequal,missing,LBQCD-D06-unequal-min005-K20/missing,0,update,0,0.7,0,0.0,0,0,nan,0,nan,400,400,0.38339250000717584,400,51200,51200,51200,3932160,501760.0,0,0,0,"{""0.1"": 0, ""0.2"": 0, ""0.5"": 0, ""1.0"": 0, ""2.0"": 0}",0.12028965406803849,0.5204290460467583,0.9426315789473687,0.24413651315789472,400,1,0
qld-v1,qld,0.5,LBQCD-D06-unequal-min005-K20,unequal,missing,LBQCD-D06-unequal-min005-K20/missing,1,update,0,0.7,0,0.0,0,0,nan,0,nan,400,400,0.3634133000014117,400,51200,51200,51200,3932160,501760.0,0,0,0,"{""0.1"": 0, ""0.2"": 0, ""0.5"": 0, ""1.0"": 0, ""2.0"": 0}",0.10900097980739343,0.5345109872273975,0.9426315789473687,0.2724568256578947,300,0,0
qld-v1,qld,0.5,LBQCD-D06-unequal-min005-K20,unequal,missing,LBQCD-D06-unequal-min005-K20/missing,2,update,0,0.7,0,0.0,0,0,nan,0,nan,400,400,0.3147181999956956,400,51200,51200,51200,3932160,501760.0,0,0,0,"{""0.1"": 0, ""0.2"": 0, ""0.5"": 0, ""1.0"": 0, ""2.0"": 0}",0.017207479575255036,0.2677677180380173,0.9426315789473687,0.20434004934210517,400,1,0
rsr-M1024-f0.70-u,rsr,0.5,LBQCD-D06-unequal-min005-K20,unequal,missing,LBQCD-D06-unequal-min005-K20/missing,0,update,1024,0.7,0,0.0,0,0,nan,0,nan,400,400,1.2120785000006435,4600,588800,302080,302080,3932160,5734400.0,0,0,0,"{""0.1"": 0, ""0.2"": 0, ""0.5"": 0, ""1.0"": 0, ""2.0"": 0}",0.09021245334633932,0.40105136509941547,0.9426315789473687,0.2338836348684211,250,0,0
rsr-M1024-f0.70-u,rsr,0.5,LBQCD-D06-unequal-min005-K20,unequal,missing,LBQCD-D06-unequal-min005-K20/missing,1,update,1024,0.7,0,0.0,0,0,nan,0,nan,400,400,1.2131044999987353,4600,588800,302080,302080,3932160,5734400.0,0,0,0,"{""0.1"": 0, ""0.2"": 0, ""0.5"": 0, ""1.0"": 0, ""2.0"": 0}",0.04615108395685219,0.28104028969515216,0.9426315789473687,0.1916467927631579,250,0,0
rsr-M1024-f0.70-u,rsr,0.5,LBQCD-D06-unequal-min005-K20,unequal,missing,LBQCD-D06-unequal-min005-K20/missing,2,update,1024,0.7,0,0.0,0,0,nan,0,nan,400,400,1.2620480000041425,4600,588800,302080,302080,3932160,5734400.0,0,0,0,"{""0.1"": 0, ""0.2"": 0, ""0.5"": 0, ""1.0"": 0, ""2.0"": 0}",0.024144987758217162,0.21712026593552197,0.9426315789473687,0.18480879934210517,250,0,0
gated-M1024-f0.70-u,gated,0.5,LBQCD-D07-equal-K9,control-equal,concentrated,LBQCD-D07-equal-K9/concentrated,0,update,1024,0.7,0,0.0,4096,0,13.3125,8,590.0742457711995,400,400,0.36037159999250434,400,51200,51200,51200,3932160,501760.0,0,0,0,"{""0.1"": 0, ""0.2"": 0, ""0.5"": 0, ""1.0"": 0, ""2.0"": 0}",0.009900184725364358,0.13497310826411038,1.0,0.0705295138888889,50,0,0
gated-M1024-f0.70-u,gated,0.5,LBQCD-D07-equal-K9,control-equal,concentrated,LBQCD-D07-equal-K9/concentrated,1,update,1024,0.7,0,0.0,4096,0,13.4375,8,641.8897204492441,400,400,0.3602130000072066,400,51200,51200,51200,3932160,501760.0,0,0,0,"{""0.1"": 0, ""0.2"": 0, ""0.5"": 0, ""1.0"": 0, ""2.0"": 0}",0.00919578038494162,0.13071502046987074,1.0,0.07389322916666669,100,0,0
gated-M1024-f0.70-u,gated,0.5,LBQCD-D07-equal-K9,control-equal,concentrated,LBQCD-D07-equal-K9/concentrated,2,update,1024,0.7,0,0.0,4096,0,13.375,8,620.9051022271078,400,400,0.4561799999937648,400,51200,51200,51200,3932160,501760.0,0,0,0,"{""0.1"": 0, ""0.2"": 0, ""0.5"": 0, ""1.0"": 0, ""2.0"": 0}",0.014008370398297387,0.13206442819699324,1.0,0.08430989583333331,150,0,0
gated-align-M1024-f0.70-u,gated-align,0.5,LBQCD-D07-equal-K9,control-equal,concentrated,LBQCD-D07-equal-K9/concentrated,0,update,1024,0.7,0,0.0,4096,0,13.3125,8,590.0742457711995,400,400,0.4039597000082722,400,51200,51200,51200,3932160,501760.0,3,491520,384,"{""0.1"": 0, ""0.2"": 0, ""0.5"": 0, ""1.0"": 2, ""2.0"": 1}",0.010441396547896886,0.14841427478901292,1.0,0.0779079861111111,50,0,0
gated-align-M1024-f0.70-u,gated-align,0.5,LBQCD-D07-equal-K9,control-equal,concentrated,LBQCD-D07-equal-K9/concentrated,1,update,1024,0.7,0,0.0,4096,0,13.4375,8,641.8897204492441,400,400,0.36490450000565033,400,51200,51200,51200,3932160,501760.0,3,491520,384,"{""0.1"": 0, ""0.2"": 0, ""0.5"": 0, ""1.0"": 2, ""2.0"": 1}",0.009387232128973189,0.1335967574450241,1.0,0.0802951388888889,100,0,0
gated-align-M1024-f0.70-u,gated-align,0.5,LBQCD-D07-equal-K9,control-equal,concentrated,LBQCD-D07-equal-K9/concentrated,2,update,1024,0.7,0,0.0,4096,0,13.375,8,620.9051022271078,400,400,0.3147188000002643,400,51200,51200,51200,3932160,501760.0,3,491520,384,"{""0.1"": 0, ""0.2"": 0, ""0.5"": 1, ""1.0"": 2, ""2.0"": 0}",0.01458633402946452,0.13449143751054585,1.0,0.08333333333333331,150,0,0
gated-lookahead-M1024-f0.70-u,gated-lookahead,0.5,LBQCD-D07-equal-K9,control-equal,concentrated,LBQCD-D07-equal-K9/concentrated,0,update,1024,0.7,0,0.0,4096,0,13.3125,8,590.0742457711995,400,400,0.3998107999941567,400,51200,51200,51200,3932160,501760.0,3,491520,3840,"{""0.1"": 2, ""0.2"": 0, ""0.5"": 0, ""1.0"": 0, ""2.0"": 1}",0.00827072234073123,0.13210800041987064,1.0,0.053385416666666685,50,0,0
gated-lookahead-M1024-f0.70-u,gated-lookahead,0.5,LBQCD-D07-equal-K9,control-equal,concentrated,LBQCD-D07-equal-K9/concentrated,1,update,1024,0.7,0,0.0,4096,0,13.4375,8,641.8897204492441,400,400,0.39411229999677744,400,51200,51200,51200,3932160,501760.0,3,491520,3840,"{""0.1"": 1, ""0.2"": 1, ""0.5"": 1, ""1.0"": 0, ""2.0"": 0}",0.009165855235198972,0.13046089456609605,1.0,0.0783420138888889,100,0,0
gated-lookahead-M1024-f0.70-u,gated-lookahead,0.5,LBQCD-D07-equal-K9,control-equal,concentrated,LBQCD-D07-equal-K9/concentrated,2,update,1024,0.7,0,0.0,4096,0,13.375,8,620.9051022271078,400,400,0.3943462000024738,400,51200,51200,51200,3932160,501760.0,3,491520,3840,"{""0.1"": 0, ""0.2"": 1, ""0.5"": 0, ""1.0"": 0, ""2.0"": 2}",0.015537502236057321,0.1395933856638681,1.0,0.0871310763888889,150,0,0
lbqcd-align-M1024-f0.70-u,align,0.5,LBQCD-D07-equal-K9,control-equal,concentrated,LBQCD-D07-equal-K9/concentrated,0,update,1024,0.7,0,0.0,0,0,nan,0,nan,400,400,1.277594200000749,4600,588800,302080,302080,3932160,5734400.0,3,491520,384,"{""0.1"": 0, ""0.2"": 0, ""0.5"": 0, ""1.0"": 2, ""2.0"": 1}",0.009231649000212894,0.13821977688247755,1.0,0.09505208333333331,50,0,0
lbqcd-align-M1024-f0.70-u,align,0.5,LBQCD-D07-equal-K9,control-equal,concentrated,LBQCD-D07-equal-K9/concentrated,1,update,1024,0.7,0,0.0,0,0,nan,0,nan,400,400,1.3188494999922113,4600,588800,302080,302080,3932160,5734400.0,3,491520,384,"{""0.1"": 0, ""0.2"": 0, ""0.5"": 0, ""1.0"": 2, ""2.0"": 1}",0.008360551449690057,0.13390907668391128,1.0,0.0730251736111111,100,0,0
lbqcd-align-M1024-f0.70-u,align,0.5,LBQCD-D07-equal-K9,control-equal,concentrated,LBQCD-D07-equal-K9/concentrated,2,update,1024,0.7,0,0.0,0,0,nan,0,nan,400,400,1.390320000005886,4600,588800,302080,302080,3932160,5734400.0,3,491520,384,"{""0.1"": 0, ""0.2"": 0, ""0.5"": 1, ""1.0"": 2, ""2.0"": 0}",0.014790272766425971,0.13447115833700932,1.0,0.08040364583333331,100,0,0
lbqcd-lookahead-M1024-f0.70-u,lookahead,0.5,LBQCD-D07-equal-K9,control-equal,concentrated,LBQCD-D07-equal-K9/concentrated,0,update,1024,0.7,0,0.0,0,0,nan,0,nan,400,400,1.170037499992759,4600,588800,302080,302080,3932160,5734400.0,3,491520,3840,"{""0.1"": 2, ""0.2"": 0, ""0.5"": 0, ""1.0"": 0, ""2.0"": 1}",0.007598904773685522,0.12968626211838533,1.0,0.0661892361111111,50,0,0
lbqcd-lookahead-M1024-f0.70-u,lookahead,0.5,LBQCD-D07-equal-K9,control-equal,concentrated,LBQCD-D07-equal-K9/concentrated,1,update,1024,0.7,0,0.0,0,0,nan,0,nan,400,400,1.308329200008302,4600,588800,302080,302080,3932160,5734400.0,3,491520,3840,"{""0.1"": 1, ""0.2"": 0, ""0.5"": 2, ""1.0"": 0, ""2.0"": 0}",0.008077229486754156,0.13148202865109174,1.0,0.0749782986111111,100,0,0
lbqcd-lookahead-M1024-f0.70-u,lookahead,0.5,LBQCD-D07-equal-K9,control-equal,concentrated,LBQCD-D07-equal-K9/concentrated,2,update,1024,0.7,0,0.0,0,0,nan,0,nan,400,400,1.319446399997105,4600,588800,302080,302080,3932160,5734400.0,3,491520,3840,"{""0.1"": 1, ""0.2"": 0, ""0.5"": 0, ""1.0"": 0, ""2.0"": 2}",0.020411852457493218,0.16019303105646004,1.0,0.1199001736111111,100,0,0
paper-0.2,paper,0.2,LBQCD-D07-equal-K9,control-equal,concentrated,LBQCD-D07-equal-K9/concentrated,0,update,0,0.0,0,0.0,0,0,nan,0,nan,400,400,0.672453500010306,400,51200,51200,51200,13107200,0.0,0,0,0,"{""0.1"": 0, ""0.2"": 0, ""0.5"": 0, ""1.0"": 0, ""2.0"": 0}",0.008737040230439863,0.14260747045031397,1.0,0.0802951388888889,50,0,0
paper-0.2,paper,0.2,LBQCD-D07-equal-K9,control-equal,concentrated,LBQCD-D07-equal-K9/concentrated,1,update,0,0.0,0,0.0,0,0,nan,0,nan,400,400,0.7156020999973407,400,51200,51200,51200,13107200,0.0,0,0,0,"{""0.1"": 0, ""0.2"": 0, ""0.5"": 0, ""1.0"": 0, ""2.0"": 0}",0.01005787977676853,0.12502302851371644,1.0,0.055447048611111105,50,0,0
paper-0.2,paper,0.2,LBQCD-D07-equal-K9,control-equal,concentrated,LBQCD-D07-equal-K9/concentrated,2,update,0,0.0,0,0.0,0,0,nan,0,nan,400,400,0.8727281000028597,400,51200,51200,51200,13107200,0.0,0,0,0,"{""0.1"": 0, ""0.2"": 0, ""0.5"": 0, ""1.0"": 0, ""2.0"": 0}",0.013515301038778738,0.13755051129408802,1.0,0.08138020833333331,50,0,0
paper-0.5,paper,0.5,LBQCD-D07-equal-K9,control-equal,concentrated,LBQCD-D07-equal-K9/concentrated,0,update,0,0.0,0,0.0,0,0,nan,0,nan,400,400,0.721978699992178,400,51200,51200,51200,13107200,0.0,0,0,0,"{""0.1"": 0, ""0.2"": 0, ""0.5"": 0, ""1.0"": 0, ""2.0"": 0}",0.009343977906437928,0.1463806252171681,1.0,0.0769314236111111,50,0,0
paper-0.5,paper,0.5,LBQCD-D07-equal-K9,control-equal,concentrated,LBQCD-D07-equal-K9/concentrated,1,update,0,0.0,0,0.0,0,0,nan,0,nan,400,400,0.5388934999937192,400,51200,51200,51200,13107200,0.0,0,0,0,"{""0.1"": 0, ""0.2"": 0, ""0.5"": 0, ""1.0"": 0, ""2.0"": 0}",0.00834868363790875,0.13188014705611265,1.0,0.061740451388888895,100,0,0
paper-0.5,paper,0.5,LBQCD-D07-equal-K9,control-equal,concentrated,LBQCD-D07-equal-K9/concentrated,2,update,0,0.0,0,0.0,0,0,nan,0,nan,400,400,0.8058215999917593,400,51200,51200,51200,13107200,0.0,0,0,0,"{""0.1"": 0, ""0.2"": 0, ""0.5"": 0, ""1.0"": 0, ""2.0"": 0}",0.012744266415366745,0.13474100190726776,1.0,0.0857204861111111,50,0,0
paper-1,paper,1.0,LBQCD-D07-equal-K9,control-equal,concentrated,LBQCD-D07-equal-K9/concentrated,0,update,0,0.0,0,0.0,0,0,nan,0,nan,400,400,0.6245768999942811,400,51200,51200,51200,13107200,0.0,0,0,0,"{""0.1"": 0, ""0.2"": 0, ""0.5"": 0, ""1.0"": 0, ""2.0"": 0}",0.009984917812277061,0.15059326648979518,1.0,0.1150173611111111,100,0,0
paper-1,paper,1.0,LBQCD-D07-equal-K9,control-equal,concentrated,LBQCD-D07-equal-K9/concentrated,1,update,0,0.0,0,0.0,0,0,nan,0,nan,400,400,0.6935393000021577,400,51200,51200,51200,13107200,0.0,0,0,0,"{""0.1"": 0, ""0.2"": 0, ""0.5"": 0, ""1.0"": 0, ""2.0"": 0}",0.010666045405493652,0.14713343740612217,1.0,0.0832248263888889,100,0,0
paper-1,paper,1.0,LBQCD-D07-equal-K9,control-equal,concentrated,LBQCD-D07-equal-K9/concentrated,2,update,0,0.0,0,0.0,0,0,nan,0,nan,400,400,0.7962336000055075,400,51200,51200,51200,13107200,0.0,0,0,0,"{""0.1"": 0, ""0.2"": 0, ""0.5"": 0, ""1.0"": 0, ""2.0"": 0}",0.011341401150741781,0.1331605713600316,1.0,0.0788845486111111,150,0,0
paper-2,paper,2.0,LBQCD-D07-equal-K9,control-equal,concentrated,LBQCD-D07-equal-K9/concentrated,0,update,0,0.0,0,0.0,0,0,nan,0,nan,400,400,0.6243375000049127,400,51200,51200,51200,13107200,0.0,0,0,0,"{""0.1"": 0, ""0.2"": 0, ""0.5"": 0, ""1.0"": 0, ""2.0"": 0}",0.010546236221470107,0.14955710140402514,1.0,0.1134982638888889,150,0,0
paper-2,paper,2.0,LBQCD-D07-equal-K9,control-equal,concentrated,LBQCD-D07-equal-K9/concentrated,1,update,0,0.0,0,0.0,0,0,nan,0,nan,400,400,0.7252509000099963,400,51200,51200,51200,13107200,0.0,0,0,0,"{""0.1"": 0, ""0.2"": 0, ""0.5"": 0, ""1.0"": 0, ""2.0"": 0}",0.01272521385736125,0.1617381727571883,1.0,0.1125217013888889,200,0,0
paper-2,paper,2.0,LBQCD-D07-equal-K9,control-equal,concentrated,LBQCD-D07-equal-K9/concentrated,2,update,0,0.0,0,0.0,0,0,nan,0,nan,400,400,0.600934000001871,400,51200,51200,51200,13107200,0.0,0,0,0,"{""0.1"": 0, ""0.2"": 0, ""0.5"": 0, ""1.0"": 0, ""2.0"": 0}",0.012578799246296679,0.15173928439139625,1.0,0.0734592013888889,150,0,0
paper-4,paper,4.0,LBQCD-D07-equal-K9,control-equal,concentrated,LBQCD-D07-equal-K9/concentrated,0,update,0,0.0,0,0.0,0,0,nan,0,nan,400,400,0.8181902000069385,400,51200,51200,51200,13107200,0.0,0,0,0,"{""0.1"": 0, ""0.2"": 0, ""0.5"": 0, ""1.0"": 0, ""2.0"": 0}",0.011917427661738866,0.15494010378783105,1.0,0.0988498263888889,200,0,0
paper-4,paper,4.0,LBQCD-D07-equal-K9,control-equal,concentrated,LBQCD-D07-equal-K9/concentrated,1,update,0,0.0,0,0.0,0,0,nan,0,nan,400,400,0.6857095000013942,400,51200,51200,51200,13107200,0.0,0,0,0,"{""0.1"": 0, ""0.2"": 0, ""0.5"": 0, ""1.0"": 0, ""2.0"": 0}",0.01750172733204325,0.17512403003268848,0.7777777777777779,0.2510850694444445,350,0,0
paper-4,paper,4.0,LBQCD-D07-equal-K9,control-equal,concentrated,LBQCD-D07-equal-K9/concentrated,2,update,0,0.0,0,0.0,0,0,nan,0,nan,400,400,0.6822777999914251,400,51200,51200,51200,13107200,0.0,0,0,0,"{""0.1"": 0, ""0.2"": 0, ""0.5"": 0, ""1.0"": 0, ""2.0"": 0}",0.015599361095749664,0.17040862054575334,1.0,0.14095052083333331,250,0,0
qld-v1,qld,0.5,LBQCD-D07-equal-K9,control-equal,concentrated,LBQCD-D07-equal-K9/concentrated,0,update,0,0.7,0,0.0,0,0,nan,0,nan,400,400,0.35599999999976717,400,51200,51200,51200,3932160,501760.0,0,0,0,"{""0.1"": 0, ""0.2"": 0, ""0.5"": 0, ""1.0"": 0, ""2.0"": 0}",0.009900184725364358,0.13497310826411038,1.0,0.0705295138888889,50,0,0
qld-v1,qld,0.5,LBQCD-D07-equal-K9,control-equal,concentrated,LBQCD-D07-equal-K9/concentrated,1,update,0,0.7,0,0.0,0,0,nan,0,nan,400,400,0.3358440000010887,400,51200,51200,51200,3932160,501760.0,0,0,0,"{""0.1"": 0, ""0.2"": 0, ""0.5"": 0, ""1.0"": 0, ""2.0"": 0}",0.00919578038494162,0.13071502046987074,1.0,0.07389322916666669,100,0,0
qld-v1,qld,0.5,LBQCD-D07-equal-K9,control-equal,concentrated,LBQCD-D07-equal-K9/concentrated,2,update,0,0.7,0,0.0,0,0,nan,0,nan,400,400,0.3328440000041155,400,51200,51200,51200,3932160,501760.0,0,0,0,"{""0.1"": 0, ""0.2"": 0, ""0.5"": 0, ""1.0"": 0, ""2.0"": 0}",0.014008370398297387,0.13206442819699324,1.0,0.08430989583333331,150,0,0
rsr-M1024-f0.70-u,rsr,0.5,LBQCD-D07-equal-K9,control-equal,concentrated,LBQCD-D07-equal-K9/concentrated,0,update,1024,0.7,0,0.0,0,0,nan,0,nan,400,400,1.2657579999940936,4600,588800,302080,302080,3932160,5734400.0,0,0,0,"{""0.1"": 0, ""0.2"": 0, ""0.5"": 0, ""1.0"": 0, ""2.0"": 0}",0.008017542428339297,0.13448197995622757,1.0,0.06770833333333331,50,0,0
rsr-M1024-f0.70-u,rsr,0.5,LBQCD-D07-equal-K9,control-equal,concentrated,LBQCD-D07-equal-K9/concentrated,1,update,1024,0.7,0,0.0,0,0,nan,0,nan,400,400,1.2774202000000514,4600,588800,302080,302080,3932160,5734400.0,0,0,0,"{""0.1"": 0, ""0.2"": 0, ""0.5"": 0, ""1.0"": 0, ""2.0"": 0}",0.008039972681081586,0.12894144781973105,1.0,0.0671657986111111,100,0,0
rsr-M1024-f0.70-u,rsr,0.5,LBQCD-D07-equal-K9,control-equal,concentrated,LBQCD-D07-equal-K9/concentrated,2,update,1024,0.7,0,0.0,0,0,nan,0,nan,400,400,1.3440631999983452,4600,588800,302080,302080,3932160,5734400.0,0,0,0,"{""0.1"": 0, ""0.2"": 0, ""0.5"": 0, ""1.0"": 0, ""2.0"": 0}",0.012374854980864658,0.1276229826438891,1.0,0.0759548611111111,100,0,0
gated-M1024-f0.70-u,gated,0.5,LBQCD-D07-equal-K9,control-equal,missing,LBQCD-D07-equal-K9/missing,0,update,1024,0.7,0,0.0,4096,0,13.5625,8,589.8447996317168,400,400,0.37629220000235364,400,51200,51200,51200,3932160,501760.0,0,0,0,"{""0.1"": 0, ""0.2"": 0, ""0.5"": 0, ""1.0"": 0, ""2.0"": 0}",0.008966486183081379,0.14980581903634138,1.0,0.057834201388888895,150,0,0
gated-M1024-f0.70-u,gated,0.5,LBQCD-D07-equal-K9,control-equal,missing,LBQCD-D07-equal-K9/missing,1,update,1024,0.7,0,0.0,4096,0,13.125,8,582.2224423094465,400,400,0.35268500000529457,400,51200,51200,51200,3932160,501760.0,0,0,0,"{""0.1"": 0, ""0.2"": 0, ""0.5"": 0, ""1.0"": 0, ""2.0"": 0}",0.021583058492772533,0.16520044638491882,1.0,0.0793185763888889,200,0,0
gated-M1024-f0.70-u,gated,0.5,LBQCD-D07-equal-K9,control-equal,missing,LBQCD-D07-equal-K9/missing,2,update,1024,0.7,0,0.0,4096,0,12.0625,8,595.1109546987518,400,400,0.39321570000902284,400,51200,51200,51200,3932160,501760.0,0,0,0,"{""0.1"": 0, ""0.2"": 0, ""0.5"": 0, ""1.0"": 0, ""2.0"": 0}",0.010740958089739294,0.16174851798436918,1.0,0.0715060763888889,300,0,0
gated-align-M1024-f0.70-u,gated-align,0.5,LBQCD-D07-equal-K9,control-equal,missing,LBQCD-D07-equal-K9/missing,0,update,1024,0.7,0,0.0,4096,0,13.5625,8,589.8447996317168,400,400,0.4148730000015348,400,51200,51200,51200,3932160,501760.0,3,491520,384,"{""0.1"": 0, ""0.2"": 0, ""0.5"": 0, ""1.0"": 1, ""2.0"": 2}",0.009135562058014912,0.14085369447918336,1.0,0.07096354166666669,150,0,0
gated-align-M1024-f0.70-u,gated-align,0.5,LBQCD-D07-equal-K9,control-equal,missing,LBQCD-D07-equal-K9/missing,1,update,1024,0.7,0,0.0,4096,0,13.125,8,582.2224423094465,400,400,0.3262252999993507,400,51200,51200,51200,3932160,501760.0,3,491520,384,"{""0.1"": 0, ""0.2"": 0, ""0.5"": 0, ""1.0"": 3, ""2.0"": 0}",0.029371073475491283,0.19429314097776862,1.0,0.07779947916666669,200,0,0
gated-align-M1024-f0.70-u,gated-align,0.5,LBQCD-D07-equal-K9,control-equal,missing,LBQCD-D07-equal-K9/missing,2,update,1024,0.7,0,0.0,4096,0,12.0625,8,595.1109546987518,400,400,0.3523764999990817,400,51200,51200,51200,3932160,501760.0,3,491520,384,"{""0.1"": 0, ""0.2"": 0, ""0.5"": 1, ""1.0"": 1, ""2.0"": 1}",0.015299764164208085,0.19857388158469422,1.0,0.0968967013888889,300,0,0
gated-lookahead-M1024-f0.70-u,gated-lookahead,0.5,LBQCD-D07-equal-K9,control-equal,missing,LBQCD-D07-equal-K9/missing,0,update,1024,0.7,0,0.0,4096,0,13.5625,8,589.8447996317168,400,400,0.38723329998902045,400,51200,51200,51200,3932160,501760.0,3,491520,3840,"{""0.1"": 1, ""0.2"": 0, ""0.5"": 1, ""1.0"": 0, ""2.0"": 1}",0.00884925018568783,0.14494271086128302,1.0,0.0636935763888889,150,0,0
gated-lookahead-M1024-f0.70-u,gated-lookahead,0.5,LBQCD-D07-equal-K9,control-equal,missing,LBQCD-D07-equal-K9/missing,1,update,1024,0.7,0,0.0,4096,0,13.125,8,582.2224423094465,400,400,0.4262406000052579,400,51200,51200,51200,3932160,501760.0,3,491520,3840,"{""0.1"": 3, ""0.2"": 0, ""0.5"": 0, ""1.0"": 0, ""2.0"": 0}",0.0129269255023714,0.13826538259354695,1.0,0.0812717013888889,200,0,0
gated-lookahead-M1024-f0.70-u,gated-lookahead,0.5,LBQCD-D07-equal-K9,control-equal,missing,LBQCD-D07-equal-K9/missing,2,update,1024,0.7,0,0.0,4096,0,12.0625,8,595.1109546987518,400,400,0.32563000000664033,400,51200,51200,51200,3932160,501760.0,3,491520,3840,"{""0.1"": 1, ""0.2"": 0, ""0.5"": 0, ""1.0"": 0, ""2.0"": 2}",0.009958027320490448,0.15424423075383928,1.0,0.058810763888888895,300,0,0
lbqcd-align-M1024-f0.70-u,align,0.5,LBQCD-D07-equal-K9,control-equal,missing,LBQCD-D07-equal-K9/missing,0,update,1024,0.7,0,0.0,0,0,nan,0,nan,400,400,1.4027145000000019,4600,588800,302080,302080,3932160,5734400.0,3,491520,384,"{""0.1"": 0, ""0.2"": 0, ""0.5"": 0, ""1.0"": 1, ""2.0"": 2}",0.010385430089193015,0.15588325906526063,1.0,0.047526041666666685,150,0,0
lbqcd-align-M1024-f0.70-u,align,0.5,LBQCD-D07-equal-K9,control-equal,missing,LBQCD-D07-equal-K9/missing,1,update,1024,0.7,0,0.0,0,0,nan,0,nan,400,400,1.2994334999966668,4600,588800,302080,302080,3932160,5734400.0,3,491520,384,"{""0.1"": 0, ""0.2"": 1, ""0.5"": 0, ""1.0"": 1, ""2.0"": 1}",0.025314864086879663,0.177721649716715,1.0,0.06412760416666669,150,0,0
lbqcd-align-M1024-f0.70-u,align,0.5,LBQCD-D07-equal-K9,control-equal,missing,LBQCD-D07-equal-K9/missing,2,update,1024,0.7,0,0.0,0,0,nan,0,nan,400,400,1.1779551999934483,4600,588800,302080,302080,3932160,5734400.0,3,491520,384,"{""0.1"": 0, ""0.2"": 0, ""0.5"": 1, ""1.0"": 1, ""2.0"": 1}",0.014216276755822932,0.17344060290517951,1.0,0.11197916666666669,150,0,0
lbqcd-lookahead-M1024-f0.70-u,lookahead,0.5,LBQCD-D07-equal-K9,control-equal,missing,LBQCD-D07-equal-K9/missing,0,update,1024,0.7,0,0.0,0,0,nan,0,nan,400,400,1.2673533000051975,4600,588800,302080,302080,3932160,5734400.0,3,491520,3840,"{""0.1"": 1, ""0.2"": 0, ""0.5"": 0, ""1.0"": 1, ""2.0"": 1}",0.010355997670451256,0.15516998931244172,1.0,0.051432291666666685,150,0,0
lbqcd-lookahead-M1024-f0.70-u,lookahead,0.5,LBQCD-D07-equal-K9,control-equal,missing,LBQCD-D07-equal-K9/missing,1,update,1024,0.7,0,0.0,0,0,nan,0,nan,400,400,1.362939099999494,4600,588800,302080,302080,3932160,5734400.0,3,491520,3840,"{""0.1"": 0, ""0.2"": 1, ""0.5"": 0, ""1.0"": 0, ""2.0"": 2}",0.021299888782595033,0.16115192313662627,1.0,0.07291666666666669,150,0,0
lbqcd-lookahead-M1024-f0.70-u,lookahead,0.5,LBQCD-D07-equal-K9,control-equal,missing,LBQCD-D07-equal-K9/missing,2,update,1024,0.7,0,0.0,0,0,nan,0,nan,400,400,1.2329670000035549,4600,588800,302080,302080,3932160,5734400.0,3,491520,3840,"{""0.1"": 1, ""0.2"": 0, ""0.5"": 0, ""1.0"": 1, ""2.0"": 1}",0.009988421401859515,0.14575603598144227,1.0,0.0705295138888889,150,0,0
paper-0.2,paper,0.2,LBQCD-D07-equal-K9,control-equal,missing,LBQCD-D07-equal-K9/missing,0,update,0,0.0,0,0.0,0,0,nan,0,nan,400,400,0.7184527000063099,400,51200,51200,51200,13107200,0.0,0,0,0,"{""0.1"": 0, ""0.2"": 0, ""0.5"": 0, ""1.0"": 0, ""2.0"": 0}",0.011608960164131155,0.14070723154276055,1.0,0.051974826388888895,100,0,0
paper-0.2,paper,0.2,LBQCD-D07-equal-K9,control-equal,missing,LBQCD-D07-equal-K9/missing,1,update,0,0.0,0,0.0,0,0,nan,0,nan,400,400,0.8639713000011398,400,51200,51200,51200,13107200,0.0,0,0,0,"{""0.1"": 0, ""0.2"": 0, ""0.5"": 0, ""1.0"": 0, ""2.0"": 0}",0.05284784698697331,0.26136093436854674,1.0,0.1072048611111111,100,0,0
paper-0.2,paper,0.2,LBQCD-D07-equal-K9,control-equal,missing,LBQCD-D07-equal-K9/missing,2,update,0,0.0,0,0.0,0,0,nan,0,nan,400,400,0.7688463999947999,400,51200,51200,51200,13107200,0.0,0,0,0,"{""0.1"": 0, ""0.2"": 0, ""0.5"": 0, ""1.0"": 0, ""2.0"": 0}",0.03418130435058009,0.31533888084469563,1.0,0.16341145833333331,100,0,0
paper-0.5,paper,0.5,LBQCD-D07-equal-K9,control-equal,missing,LBQCD-D07-equal-K9/missing,0,update,0,0.0,0,0.0,0,0,nan,0,nan,400,400,0.7276208999974187,400,51200,51200,51200,13107200,0.0,0,0,0,"{""0.1"": 0, ""0.2"": 0, ""0.5"": 0, ""1.0"": 0, ""2.0"": 0}",0.013985266204264768,0.1399627535191809,1.0,0.08138020833333331,100,0,0
paper-0.5,paper,0.5,LBQCD-D07-equal-K9,control-equal,missing,LBQCD-D07-equal-K9/missing,1,update,0,0.0,0,0.0,0,0,nan,0,nan,400,400,0.6221150000055786,400,51200,51200,51200,13107200,0.0,0,0,0,"{""0.1"": 0, ""0.2"": 0, ""0.5"": 0, ""1.0"": 0, ""2.0"": 0}",0.02965465586792737,0.19888521294908587,1.0,0.0705295138888889,100,0,0
paper-0.5,paper,0.5,LBQCD-D07-equal-K9,control-equal,missing,LBQCD-D07-equal-K9/missing,2,update,0,0.0,0,0.0,0,0,nan,0,nan,400,400,0.7866122999985237,400,51200,51200,51200,13107200,0.0,0,0,0,"{""0.1"": 0, ""0.2"": 0, ""0.5"": 0, ""1.0"": 0, ""2.0"": 0}",0.01910522872573761,0.21411064527357068,1.0,0.0954861111111111,100,0,0
paper-1,paper,1.0,LBQCD-D07-equal-K9,control-equal,missing,LBQCD-D07-equal-K9/missing,0,update,0,0.0,0,0.0,0,0,nan,0,nan,400,400,0.7354272000084165,400,51200,51200,51200,13107200,0.0,0,0,0,"{""0.1"": 0, ""0.2"": 0, ""0.5"": 0, ""1.0"": 0, ""2.0"": 0}",0.01796531288904868,0.16851386266174592,1.0,0.09016927083333331,150,0,0
paper-1,paper,1.0,LBQCD-D07-equal-K9,control-equal,missing,LBQCD-D07-equal-K9/missing,1,update,0,0.0,0,0.0,0,0,nan,0,nan,400,400,0.6376362000009976,400,51200,51200,51200,13107200,0.0,0,0,0,"{""0.1"": 0, ""0.2"": 0, ""0.5"": 0, ""1.0"": 0, ""2.0"": 0}",0.032609617723196926,0.19350559676527568,1.0,0.08919270833333331,150,0,0
paper-1,paper,1.0,LBQCD-D07-equal-K9,control-equal,missing,LBQCD-D07-equal-K9/missing,2,update,0,0.0,0,0.0,0,0,nan,0,nan,400,400,0.8173527000035392,400,51200,51200,51200,13107200,0.0,0,0,0,"{""0.1"": 0, ""0.2"": 0, ""0.5"": 0, ""1.0"": 0, ""2.0"": 0}",0.01887087531387799,0.21111450932621115,1.0,0.10319010416666669,100,0,0
paper-2,paper,2.0,LBQCD-D07-equal-K9,control-equal,missing,LBQCD-D07-equal-K9/missing,0,update,0,0.0,0,0.0,0,0,nan,0,nan,400,400,0.6238735999941127,400,51200,51200,51200,13107200,0.0,0,0,0,"{""0.1"": 0, ""0.2"": 0, ""0.5"": 0, ""1.0"": 0, ""2.0"": 0}",0.01557608492553042,0.17825821251138518,1.0,0.0935329861111111,350,0,0
paper-2,paper,2.0,LBQCD-D07-equal-K9,control-equal,missing,LBQCD-D07-equal-K9/missing,1,update,0,0.0,0,0.0,0,0,nan,0,nan,400,400,0.8378533000068273,400,51200,51200,51200,13107200,0.0,0,0,0,"{""0.1"": 0, ""0.2"": 0, ""0.5"": 0, ""1.0"": 0, ""2.0"": 0}",0.029492247336163402,0.18647916123112382,1.0,0.09440104166666669,200,0,0
paper-2,paper,2.0,LBQCD-D07-equal-K9,control-equal,missing,LBQCD-D07-equal-K9/missing,2,update,0,0.0,0,0.0,0,0,nan,0,nan,400,400,0.7403658999974141,400,51200,51200,51200,13107200,0.0,0,0,0,"{""0.1"": 0, ""0.2"": 0, ""0.5"": 0, ""1.0"": 0, ""2.0"": 0}",0.024663222310266963,0.23338489376628524,1.0,0.17936197916666669,300,0,0
paper-4,paper,4.0,LBQCD-D07-equal-K9,control-equal,missing,LBQCD-D07-equal-K9/missing,0,update,0,0.0,0,0.0,0,0,nan,0,nan,400,400,0.6620215000002645,400,51200,51200,51200,13107200,0.0,0,0,0,"{""0.1"": 0, ""0.2"": 0, ""0.5"": 0, ""1.0"": 0, ""2.0"": 0}",0.029425329904345432,0.26290945186713033,0.8888888888888888,0.3333333333333333,400,1,0
paper-4,paper,4.0,LBQCD-D07-equal-K9,control-equal,missing,LBQCD-D07-equal-K9/missing,1,update,0,0.0,0,0.0,0,0,nan,0,nan,400,400,0.8633804000128293,400,51200,51200,51200,13107200,0.0,0,0,0,"{""0.1"": 0, ""0.2"": 0, ""0.5"": 0, ""1.0"": 0, ""2.0"": 0}",0.03451690292300569,0.1844995703177911,1.0,0.1945529513888889,400,1,0
paper-4,paper,4.0,LBQCD-D07-equal-K9,control-equal,missing,LBQCD-D07-equal-K9/missing,2,update,0,0.0,0,0.0,0,0,nan,0,nan,400,400,0.6323872000066331,400,51200,51200,51200,13107200,0.0,0,0,0,"{""0.1"": 0, ""0.2"": 0, ""0.5"": 0, ""1.0"": 0, ""2.0"": 0}",0.03906880762684217,0.24747795446097268,0.8888888888888888,0.2463107638888889,400,1,0
qld-v1,qld,0.5,LBQCD-D07-equal-K9,control-equal,missing,LBQCD-D07-equal-K9/missing,0,update,0,0.7,0,0.0,0,0,nan,0,nan,400,400,0.36749069999495987,400,51200,51200,51200,3932160,501760.0,0,0,0,"{""0.1"": 0, ""0.2"": 0, ""0.5"": 0, ""1.0"": 0, ""2.0"": 0}",0.008966486183081379,0.14980581903634138,1.0,0.057834201388888895,150,0,0
qld-v1,qld,0.5,LBQCD-D07-equal-K9,control-equal,missing,LBQCD-D07-equal-K9/missing,1,update,0,0.7,0,0.0,0,0,nan,0,nan,400,400,0.31542490000720136,400,51200,51200,51200,3932160,501760.0,0,0,0,"{""0.1"": 0, ""0.2"": 0, ""0.5"": 0, ""1.0"": 0, ""2.0"": 0}",0.021583058492772533,0.16520044638491882,1.0,0.0793185763888889,200,0,0
qld-v1,qld,0.5,LBQCD-D07-equal-K9,control-equal,missing,LBQCD-D07-equal-K9/missing,2,update,0,0.7,0,0.0,0,0,nan,0,nan,400,400,0.3411136000067927,400,51200,51200,51200,3932160,501760.0,0,0,0,"{""0.1"": 0, ""0.2"": 0, ""0.5"": 0, ""1.0"": 0, ""2.0"": 0}",0.010740958089739294,0.16174851798436918,1.0,0.0715060763888889,300,0,0
rsr-M1024-f0.70-u,rsr,0.5,LBQCD-D07-equal-K9,control-equal,missing,LBQCD-D07-equal-K9/missing,0,update,1024,0.7,0,0.0,0,0,nan,0,nan,400,400,1.3948906000005081,4600,588800,302080,302080,3932160,5734400.0,0,0,0,"{""0.1"": 0, ""0.2"": 0, ""0.5"": 0, ""1.0"": 0, ""2.0"": 0}",0.009461901503117431,0.1480434126283931,1.0,0.06608072916666669,150,0,0
rsr-M1024-f0.70-u,rsr,0.5,LBQCD-D07-equal-K9,control-equal,missing,LBQCD-D07-equal-K9/missing,1,update,1024,0.7,0,0.0,0,0,nan,0,nan,400,400,1.15321390000463,4600,588800,302080,302080,3932160,5734400.0,0,0,0,"{""0.1"": 0, ""0.2"": 0, ""0.5"": 0, ""1.0"": 0, ""2.0"": 0}",0.02378797432958324,0.17891796760199363,1.0,0.045572916666666685,150,0,0
rsr-M1024-f0.70-u,rsr,0.5,LBQCD-D07-equal-K9,control-equal,missing,LBQCD-D07-equal-K9/missing,2,update,1024,0.7,0,0.0,0,0,nan,0,nan,400,400,1.194108600000618,4600,588800,302080,302080,3932160,5734400.0,0,0,0,"{""0.1"": 0, ""0.2"": 0, ""0.5"": 0, ""1.0"": 0, ""2.0"": 0}",0.010577638583093574,0.15104556382817277,1.0,0.0808376736111111,150,0,0
gated-M1024-f0.70-u,gated,0.5,LBQCD-D08-hetero-K15,control-heteroscedastic,concentrated,LBQCD-D08-hetero-K15/concentrated,0,update,1024,0.7,0,0.0,4096,1,7.6875,12,306.2377389989572,400,400,1.3013655999966431,4600,588800,302080,302080,3932160,5734400.0,0,0,0,"{""0.1"": 0, ""0.2"": 0, ""0.5"": 0, ""1.0"": 0, ""2.0"": 0}",0.010713176322997953,0.15440144023400224,0.9999999999999999,0.08860677083333333,150,0,0
gated-M1024-f0.70-u,gated,0.5,LBQCD-D08-hetero-K15,control-heteroscedastic,concentrated,LBQCD-D08-hetero-K15/concentrated,1,update,1024,0.7,0,0.0,4096,1,7.4375,11,297.66357577250096,400,400,1.346280099998694,4600,588800,302080,302080,3932160,5734400.0,0,0,0,"{""0.1"": 0, ""0.2"": 0, ""0.5"": 0, ""1.0"": 0, ""2.0"": 0}",0.025798465628753764,0.17386210969359472,0.9999999999999999,0.080859375,150,0,0
gated-M1024-f0.70-u,gated,0.5,LBQCD-D08-hetero-K15,control-heteroscedastic,concentrated,LBQCD-D08-hetero-K15/concentrated,2,update,1024,0.7,0,0.0,4096,1,7.8125,10,281.0784511606087,400,400,1.2583334000082687,4600,588800,302080,302080,3932160,5734400.0,0,0,0,"{""0.1"": 0, ""0.2"": 0, ""0.5"": 0, ""1.0"": 0, ""2.0"": 0}",0.009000596881770573,0.25390344312655816,0.9999999999999999,0.0681640625,150,0,0
gated-align-M1024-f0.70-u,gated-align,0.5,LBQCD-D08-hetero-K15,control-heteroscedastic,concentrated,LBQCD-D08-hetero-K15/concentrated,0,update,1024,0.7,0,0.0,4096,1,7.6875,12,306.2377389989572,400,400,1.2913320000079693,4600,588800,302080,302080,3932160,5734400.0,3,491520,384,"{""0.1"": 0, ""0.2"": 0, ""0.5"": 0, ""1.0"": 1, ""2.0"": 2}",0.01064392393732394,0.16523435572033812,0.9999999999999999,0.10618489583333333,150,0,0
gated-align-M1024-f0.70-u,gated-align,0.5,LBQCD-D08-hetero-K15,control-heteroscedastic,concentrated,LBQCD-D08-hetero-K15/concentrated,1,update,1024,0.7,0,0.0,4096,1,7.4375,11,297.66357577250096,400,400,1.404677200000151,4600,588800,302080,302080,3932160,5734400.0,3,491520,384,"{""0.1"": 0, ""0.2"": 0, ""0.5"": 0, ""1.0"": 1, ""2.0"": 2}",0.02339768089836003,0.15794711995212382,0.9999999999999999,0.06328125,150,0,0
gated-align-M1024-f0.70-u,gated-align,0.5,LBQCD-D08-hetero-K15,control-heteroscedastic,concentrated,LBQCD-D08-hetero-K15/concentrated,2,update,1024,0.7,0,0.0,4096,1,7.8125,10,281.0784511606087,400,400,1.3929026999976486,4600,588800,302080,302080,3932160,5734400.0,3,491520,384,"{""0.1"": 0, ""0.2"": 0, ""0.5"": 0, ""1.0"": 1, ""2.0"": 2}",0.008578180665302249,0.27496398517856807,0.9999999999999999,0.07395833333333333,150,0,0
gated-lookahead-M1024-f0.70-u,gated-lookahead,0.5,LBQCD-D08-hetero-K15,control-heteroscedastic,concentrated,LBQCD-D08-hetero-K15/concentrated,0,update,1024,0.7,0,0.0,4096,1,7.6875,12,306.2377389989572,400,400,1.2584596999950008,4600,588800,302080,302080,3932160,5734400.0,3,491520,3840,"{""0.1"": 1, ""0.2"": 0, ""0.5"": 1, ""1.0"": 0, ""2.0"": 1}",0.010010433044619127,0.14425208327427802,0.9999999999999999,0.08756510416666667,150,0,0
gated-lookahead-M1024-f0.70-u,gated-lookahead,0.5,LBQCD-D08-hetero-K15,control-heteroscedastic,concentrated,LBQCD-D08-hetero-K15/concentrated,1,update,1024,0.7,0,0.0,4096,1,7.4375,11,297.66357577250096,400,400,1.3267900999926496,4600,588800,302080,302080,3932160,5734400.0,3,491520,3840,"{""0.1"": 2, ""0.2"": 0, ""0.5"": 0, ""1.0"": 0, ""2.0"": 1}",0.027458535798739803,0.1843064395888736,0.9999999999999999,0.06373697916666667,150,0,0
gated-lookahead-M1024-f0.70-u,gated-lookahead,0.5,LBQCD-D08-hetero-K15,control-heteroscedastic,concentrated,LBQCD-D08-hetero-K15/concentrated,2,update,1024,0.7,0,0.0,4096,1,7.8125,10,281.0784511606087,400,400,1.3325594999914756,4600,588800,302080,302080,3932160,5734400.0,3,491520,3840,"{""0.1"": 1, ""0.2"": 0, ""0.5"": 0, ""1.0"": 0, ""2.0"": 2}",0.011292168253723034,0.2181953329889072,0.9999999999999999,0.08756510416666667,150,0,0
lbqcd-align-M1024-f0.70-u,align,0.5,LBQCD-D08-hetero-K15,control-heteroscedastic,concentrated,LBQCD-D08-hetero-K15/concentrated,0,update,1024,0.7,0,0.0,0,0,nan,0,nan,400,400,1.3136554000084288,4600,588800,302080,302080,3932160,5734400.0,3,491520,384,"{""0.1"": 0, ""0.2"": 0, ""0.5"": 0, ""1.0"": 1, ""2.0"": 2}",0.01064392393732394,0.16523435572033812,0.9999999999999999,0.10618489583333333,150,0,0
lbqcd-align-M1024-f0.70-u,align,0.5,LBQCD-D08-hetero-K15,control-heteroscedastic,concentrated,LBQCD-D08-hetero-K15/concentrated,1,update,1024,0.7,0,0.0,0,0,nan,0,nan,400,400,1.310806000008597,4600,588800,302080,302080,3932160,5734400.0,3,491520,384,"{""0.1"": 0, ""0.2"": 0, ""0.5"": 0, ""1.0"": 1, ""2.0"": 2}",0.02339768089836003,0.15794711995212382,0.9999999999999999,0.06328125,150,0,0
lbqcd-align-M1024-f0.70-u,align,0.5,LBQCD-D08-hetero-K15,control-heteroscedastic,concentrated,LBQCD-D08-hetero-K15/concentrated,2,update,1024,0.7,0,0.0,0,0,nan,0,nan,400,400,1.2854194000101415,4600,588800,302080,302080,3932160,5734400.0,3,491520,384,"{""0.1"": 0, ""0.2"": 0, ""0.5"": 0, ""1.0"": 1, ""2.0"": 2}",0.008578180665302249,0.27496398517856807,0.9999999999999999,0.07395833333333333,150,0,0
lbqcd-lookahead-M1024-f0.70-u,lookahead,0.5,LBQCD-D08-hetero-K15,control-heteroscedastic,concentrated,LBQCD-D08-hetero-K15/concentrated,0,update,1024,0.7,0,0.0,0,0,nan,0,nan,400,400,1.3788880999927642,4600,588800,302080,302080,3932160,5734400.0,3,491520,3840,"{""0.1"": 1, ""0.2"": 0, ""0.5"": 1, ""1.0"": 0, ""2.0"": 1}",0.010010433044619127,0.14425208327427802,0.9999999999999999,0.08756510416666667,150,0,0
lbqcd-lookahead-M1024-f0.70-u,lookahead,0.5,LBQCD-D08-hetero-K15,control-heteroscedastic,concentrated,LBQCD-D08-hetero-K15/concentrated,1,update,1024,0.7,0,0.0,0,0,nan,0,nan,400,400,1.344230000002426,4600,588800,302080,302080,3932160,5734400.0,3,491520,3840,"{""0.1"": 2, ""0.2"": 0, ""0.5"": 0, ""1.0"": 0, ""2.0"": 1}",0.027458535798739803,0.1843064395888736,0.9999999999999999,0.06373697916666667,150,0,0
lbqcd-lookahead-M1024-f0.70-u,lookahead,0.5,LBQCD-D08-hetero-K15,control-heteroscedastic,concentrated,LBQCD-D08-hetero-K15/concentrated,2,update,1024,0.7,0,0.0,0,0,nan,0,nan,400,400,1.2549476999993203,4600,588800,302080,302080,3932160,5734400.0,3,491520,3840,"{""0.1"": 1, ""0.2"": 0, ""0.5"": 0, ""1.0"": 0, ""2.0"": 2}",0.011292168253723034,0.2181953329889072,0.9999999999999999,0.08756510416666667,150,0,0
paper-0.2,paper,0.2,LBQCD-D08-hetero-K15,control-heteroscedastic,concentrated,LBQCD-D08-hetero-K15/concentrated,0,update,0,0.0,0,0.0,0,0,nan,0,nan,400,400,0.7748216000036336,400,51200,51200,51200,13107200,0.0,0,0,0,"{""0.1"": 0, ""0.2"": 0, ""0.5"": 0, ""1.0"": 0, ""2.0"": 0}",0.022947080344777326,0.24923043566778458,0.9999999999999999,0.10182291666666667,100,0,0
paper-0.2,paper,0.2,LBQCD-D08-hetero-K15,control-heteroscedastic,concentrated,LBQCD-D08-hetero-K15/concentrated,1,update,0,0.0,0,0.0,0,0,nan,0,nan,400,400,0.8463429999974323,400,51200,51200,51200,13107200,0.0,0,0,0,"{""0.1"": 0, ""0.2"": 0, ""0.5"": 0, ""1.0"": 0, ""2.0"": 0}",0.05073950334706012,0.24372765883547967,0.9999999999999999,0.08515625,100,0,0
paper-0.2,paper,0.2,LBQCD-D08-hetero-K15,control-heteroscedastic,concentrated,LBQCD-D08-hetero-K15/concentrated,2,update,0,0.0,0,0.0,0,0,nan,0,nan,400,400,0.6233131999906618,400,51200,51200,51200,13107200,0.0,0,0,0,"{""0.1"": 0, ""0.2"": 0, ""0.5"": 0, ""1.0"": 0, ""2.0"": 0}",0.011685221278064706,0.36039323126273454,0.9999999999999999,0.09401041666666667,100,0,0
paper-0.5,paper,0.5,LBQCD-D08-hetero-K15,control-heteroscedastic,concentrated,LBQCD-D08-hetero-K15/concentrated,0,update,0,0.0,0,0.0,0,0,nan,0,nan,400,400,0.8059737000003224,400,51200,51200,51200,13107200,0.0,0,0,0,"{""0.1"": 0, ""0.2"": 0, ""0.5"": 0, ""1.0"": 0, ""2.0"": 0}",0.016665460319294834,0.15104405296740797,0.9999999999999999,0.12526041666666665,150,0,0
paper-0.5,paper,0.5,LBQCD-D08-hetero-K15,control-heteroscedastic,concentrated,LBQCD-D08-hetero-K15/concentrated,1,update,0,0.0,0,0.0,0,0,nan,0,nan,400,400,0.6875175000022864,400,51200,51200,51200,13107200,0.0,0,0,0,"{""0.1"": 0, ""0.2"": 0, ""0.5"": 0, ""1.0"": 0, ""2.0"": 0}",0.04733220233990432,0.22264214693920875,0.9999999999999999,0.11009114583333333,100,0,0
paper-0.5,paper,0.5,LBQCD-D08-hetero-K15,control-heteroscedastic,concentrated,LBQCD-D08-hetero-K15/concentrated,2,update,0,0.0,0,0.0,0,0,nan,0,nan,400,400,0.716651799986721,400,51200,51200,51200,13107200,0.0,0,0,0,"{""0.1"": 0, ""0.2"": 0, ""0.5"": 0, ""1.0"": 0, ""2.0"": 0}",0.012604880553264586,0.3696107084274448,0.9999999999999999,0.11549479166666667,150,0,0
paper-1,paper,1.0,LBQCD-D08-hetero-K15,control-heteroscedastic,concentrated,LBQCD-D08-hetero-K15/concentrated,0,update,0,0.0,0,0.0,0,0,nan,0,nan,400,400,0.7542127000051551,400,51200,51200,51200,13107200,0.0,0,0,0,"{""0.1"": 0, ""0.2"": 0, ""0.5"": 0, ""1.0"": 0, ""2.0"": 0}",0.014881676605957406,0.14512038756545348,0.9999999999999999,0.11106770833333333,200,0,0
paper-1,paper,1.0,LBQCD-D08-hetero-K15,control-heteroscedastic,concentrated,LBQCD-D08-hetero-K15/concentrated,1,update,0,0.0,0,0.0,0,0,nan,0,nan,400,400,0.9153799999912735,400,51200,51200,51200,13107200,0.0,0,0,0,"{""0.1"": 0, ""0.2"": 0, ""0.5"": 0, ""1.0"": 0, ""2.0"": 0}",0.0498409621969933,0.24283965651854347,0.9999999999999999,0.1291015625,150,0,0
paper-1,paper,1.0,LBQCD-D08-hetero-K15,control-heteroscedastic,concentrated,LBQCD-D08-hetero-K15/concentrated,2,update,0,0.0,0,0.0,0,0,nan,0,nan,400,400,0.8025955999910366,400,51200,51200,51200,13107200,0.0,0,0,0,"{""0.1"": 0, ""0.2"": 0, ""0.5"": 0, ""1.0"": 0, ""2.0"": 0}",0.011532529991457707,0.356086050172497,0.9999999999999999,0.12578125,250,0,0
paper-2,paper,2.0,LBQCD-D08-hetero-K15,control-heteroscedastic,concentrated,LBQCD-D08-hetero-K15/concentrated,0,update,0,0.0,0,0.0,0,0,nan,0,nan,400,400,0.6256582999922102,400,51200,51200,51200,13107200,0.0,0,0,0,"{""0.1"": 0, ""0.2"": 0, ""0.5"": 0, ""1.0"": 0, ""2.0"": 0}",0.014495439828078105,0.16354812313520142,0.9999999999999999,0.12278645833333333,400,0,0
paper-2,paper,2.0,LBQCD-D08-hetero-K15,control-heteroscedastic,concentrated,LBQCD-D08-hetero-K15/concentrated,1,update,0,0.0,0,0.0,0,0,nan,0,nan,400,400,0.7196446000016294,400,51200,51200,51200,13107200,0.0,0,0,0,"{""0.1"": 0, ""0.2"": 0, ""0.5"": 0, ""1.0"": 0, ""2.0"": 0}",0.05391875225873921,0.261477042400374,0.8666666666666666,0.2482421875,300,0,0
paper-2,paper,2.0,LBQCD-D08-hetero-K15,control-heteroscedastic,concentrated,LBQCD-D08-hetero-K15/concentrated,2,update,0,0.0,0,0.0,0,0,nan,0,nan,400,400,0.8593678000033833,400,51200,51200,51200,13107200,0.0,0,0,0,"{""0.1"": 0, ""0.2"": 0, ""0.5"": 0, ""1.0"": 0, ""2.0"": 0}",0.015524392037323587,0.382140596083672,0.8666666666666666,0.3415364583333333,400,1,0
paper-4,paper,4.0,LBQCD-D08-hetero-K15,control-heteroscedastic,concentrated,LBQCD-D08-hetero-K15/concentrated,0,update,0,0.0,0,0.0,0,0,nan,0,nan,400,400,0.9091673999937484,400,51200,51200,51200,13107200,0.0,0,0,0,"{""0.1"": 0, ""0.2"": 0, ""0.5"": 0, ""1.0"": 0, ""2.0"": 0}",0.012751615633293412,0.17873121916877543,0.8666666666666666,0.24251302083333326,400,1,0
paper-4,paper,4.0,LBQCD-D08-hetero-K15,control-heteroscedastic,concentrated,LBQCD-D08-hetero-K15/concentrated,1,update,0,0.0,0,0.0,0,0,nan,0,nan,400,400,0.8095062000065809,400,51200,51200,51200,13107200,0.0,0,0,0,"{""0.1"": 0, ""0.2"": 0, ""0.5"": 0, ""1.0"": 0, ""2.0"": 0}",0.0621095608653186,0.29797080672136195,0.8666666666666666,0.3405598958333333,400,1,0
paper-4,paper,4.0,LBQCD-D08-hetero-K15,control-heteroscedastic,concentrated,LBQCD-D08-hetero-K15/concentrated,2,update,0,0.0,0,0.0,0,0,nan,0,nan,400,400,0.7492440000060014,400,51200,51200,51200,13107200,0.0,0,0,0,"{""0.1"": 0, ""0.2"": 0, ""0.5"": 0, ""1.0"": 0, ""2.0"": 0}",0.021518516525491194,0.4124929415131927,0.8666666666666666,0.3757161458333333,400,1,0
qld-v1,qld,0.5,LBQCD-D08-hetero-K15,control-heteroscedastic,concentrated,LBQCD-D08-hetero-K15/concentrated,0,update,0,0.7,0,0.0,0,0,nan,0,nan,400,400,0.4131123999977717,400,51200,51200,51200,3932160,501760.0,0,0,0,"{""0.1"": 0, ""0.2"": 0, ""0.5"": 0, ""1.0"": 0, ""2.0"": 0}",0.013486508581746826,0.1530306581027235,0.9999999999999999,0.0666015625,200,0,0
qld-v1,qld,0.5,LBQCD-D08-hetero-K15,control-heteroscedastic,concentrated,LBQCD-D08-hetero-K15/concentrated,1,update,0,0.7,0,0.0,0,0,nan,0,nan,400,400,0.32680519999121316,400,51200,51200,51200,3932160,501760.0,0,0,0,"{""0.1"": 0, ""0.2"": 0, ""0.5"": 0, ""1.0"": 0, ""2.0"": 0}",0.0467139048328562,0.233272755746453,0.9999999999999999,0.07005208333333333,150,0,0
qld-v1,qld,0.5,LBQCD-D08-hetero-K15,control-heteroscedastic,concentrated,LBQCD-D08-hetero-K15/concentrated,2,update,0,0.7,0,0.0,0,0,nan,0,nan,400,400,0.4262540999916382,400,51200,51200,51200,3932160,501760.0,0,0,0,"{""0.1"": 0, ""0.2"": 0, ""0.5"": 0, ""1.0"": 0, ""2.0"": 0}",0.006121877142937215,0.28752759291241153,0.9999999999999999,0.09641927083333333,250,0,0
rsr-M1024-f0.70-u,rsr,0.5,LBQCD-D08-hetero-K15,control-heteroscedastic,concentrated,LBQCD-D08-hetero-K15/concentrated,0,update,1024,0.7,0,0.0,0,0,nan,0,nan,400,400,1.3296880000125384,4600,588800,302080,302080,3932160,5734400.0,0,0,0,"{""0.1"": 0, ""0.2"": 0, ""0.5"": 0, ""1.0"": 0, ""2.0"": 0}",0.010713176322997953,0.15440144023400224,0.9999999999999999,0.08860677083333333,150,0,0
rsr-M1024-f0.70-u,rsr,0.5,LBQCD-D08-hetero-K15,control-heteroscedastic,concentrated,LBQCD-D08-hetero-K15/concentrated,1,update,1024,0.7,0,0.0,0,0,nan,0,nan,400,400,1.297381199998199,4600,588800,302080,302080,3932160,5734400.0,0,0,0,"{""0.1"": 0, ""0.2"": 0, ""0.5"": 0, ""1.0"": 0, ""2.0"": 0}",0.025798465628753764,0.17386210969359472,0.9999999999999999,0.080859375,150,0,0
rsr-M1024-f0.70-u,rsr,0.5,LBQCD-D08-hetero-K15,control-heteroscedastic,concentrated,LBQCD-D08-hetero-K15/concentrated,2,update,1024,0.7,0,0.0,0,0,nan,0,nan,400,400,1.2735168999934103,4600,588800,302080,302080,3932160,5734400.0,0,0,0,"{""0.1"": 0, ""0.2"": 0, ""0.5"": 0, ""1.0"": 0, ""2.0"": 0}",0.009000596881770573,0.25390344312655816,0.9999999999999999,0.0681640625,150,0,0
gated-M1024-f0.70-u,gated,0.5,LBQCD-D08-hetero-K15,control-heteroscedastic,missing,LBQCD-D08-hetero-K15/missing,0,update,1024,0.7,0,0.0,4096,0,8.0,12,281.12996127425816,400,400,0.3889723000029335,400,51200,51200,51200,3932160,501760.0,0,0,0,"{""0.1"": 0, ""0.2"": 0, ""0.5"": 0, ""1.0"": 0, ""2.0"": 0}",0.016206406518936234,0.11889365159050565,0.9999999999999999,0.1140625,100,0,0
gated-M1024-f0.70-u,gated,0.5,LBQCD-D08-hetero-K15,control-heteroscedastic,missing,LBQCD-D08-hetero-K15/missing,1,update,1024,0.7,0,0.0,4096,1,7.75,10,290.7710150133123,400,400,1.2767002000036882,4600,588800,302080,302080,3932160,5734400.0,0,0,0,"{""0.1"": 0, ""0.2"": 0, ""0.5"": 0, ""1.0"": 0, ""2.0"": 0}",0.01970031587693377,0.20782914631348262,0.9999999999999999,0.10279947916666667,150,0,0
gated-M1024-f0.70-u,gated,0.5,LBQCD-D08-hetero-K15,control-heteroscedastic,missing,LBQCD-D08-hetero-K15/missing,2,update,1024,0.7,0,0.0,4096,1,7.3125,12,273.0982624358552,400,400,1.2316302000108408,4600,588800,302080,302080,3932160,5734400.0,0,0,0,"{""0.1"": 0, ""0.2"": 0, ""0.5"": 0, ""1.0"": 0, ""2.0"": 0}",0.011039029685839807,0.14802067841989633,0.9999999999999999,0.121875,150,0,0
gated-align-M1024-f0.70-u,gated-align,0.5,LBQCD-D08-hetero-K15,control-heteroscedastic,missing,LBQCD-D08-hetero-K15/missing,0,update,1024,0.7,0,0.0,4096,0,8.0,12,281.12996127425816,400,400,0.3704666999983601,400,51200,51200,51200,3932160,501760.0,3,491520,384,"{""0.1"": 0, ""0.2"": 0, ""0.5"": 1, ""1.0"": 0, ""2.0"": 2}",0.024170222620289117,0.13485085732355492,0.9999999999999999,0.112109375,100,0,0
gated-align-M1024-f0.70-u,gated-align,0.5,LBQCD-D08-hetero-K15,control-heteroscedastic,missing,LBQCD-D08-hetero-K15/missing,1,update,1024,0.7,0,0.0,4096,1,7.75,10,290.7710150133123,400,400,1.275760500007891,4600,588800,302080,302080,3932160,5734400.0,3,491520,384,"{""0.1"": 0, ""0.2"": 0, ""0.5"": 1, ""1.0"": 1, ""2.0"": 1}",0.014998938991018562,0.1675302197989869,0.9999999999999999,0.13509114583333331,150,0,0
gated-align-M1024-f0.70-u,gated-align,0.5,LBQCD-D08-hetero-K15,control-heteroscedastic,missing,LBQCD-D08-hetero-K15/missing,2,update,1024,0.7,0,0.0,4096,1,7.3125,12,273.0982624358552,400,400,1.232169700000668,4600,588800,302080,302080,3932160,5734400.0,3,491520,384,"{""0.1"": 0, ""0.2"": 0, ""0.5"": 0, ""1.0"": 2, ""2.0"": 1}",0.016604882105510033,0.16295305962730458,0.9333333333333332,0.15358072916666665,150,0,0
gated-lookahead-M1024-f0.70-u,gated-lookahead,0.5,LBQCD-D08-hetero-K15,control-heteroscedastic,missing,LBQCD-D08-hetero-K15/missing,0,update,1024,0.7,0,0.0,4096,0,8.0,12,281.12996127425816,400,400,0.42992769999546,400,51200,51200,51200,3932160,501760.0,3,491520,3840,"{""0.1"": 0, ""0.2"": 0, ""0.5"": 0, ""1.0"": 0, ""2.0"": 3}",0.019873408442382612,0.12468117489238703,0.9999999999999999,0.131640625,100,0,0
gated-lookahead-M1024-f0.70-u,gated-lookahead,0.5,LBQCD-D08-hetero-K15,control-heteroscedastic,missing,LBQCD-D08-hetero-K15/missing,1,update,1024,0.7,0,0.0,4096,1,7.75,10,290.7710150133123,400,400,1.1974868999968749,4600,588800,302080,302080,3932160,5734400.0,3,491520,3840,"{""0.1"": 2, ""0.2"": 0, ""0.5"": 1, ""1.0"": 0, ""2.0"": 0}",0.020785266343533948,0.20578028776937543,0.9999999999999999,0.09700520833333333,150,0,0
gated-lookahead-M1024-f0.70-u,gated-lookahead,0.5,LBQCD-D08-hetero-K15,control-heteroscedastic,missing,LBQCD-D08-hetero-K15/missing,2,update,1024,0.7,0,0.0,4096,1,7.3125,12,273.0982624358552,400,400,1.387710299997707,4600,588800,302080,302080,3932160,5734400.0,3,491520,3840,"{""0.1"": 0, ""0.2"": 0, ""0.5"": 0, ""1.0"": 0, ""2.0"": 3}",0.010400323894036667,0.14483301412805769,0.9333333333333332,0.15989583333333335,150,0,0
lbqcd-align-M1024-f0.70-u,align,0.5,LBQCD-D08-hetero-K15,control-heteroscedastic,missing,LBQCD-D08-hetero-K15/missing,0,update,1024,0.7,0,0.0,0,0,nan,0,nan,400,400,1.4086461000115378,4600,588800,302080,302080,3932160,5734400.0,3,491520,384,"{""0.1"": 0, ""0.2"": 0, ""0.5"": 1, ""1.0"": 0, ""2.0"": 2}",0.021728549238273942,0.12774795725124866,0.9999999999999999,0.1091796875,100,0,0
lbqcd-align-M1024-f0.70-u,align,0.5,LBQCD-D08-hetero-K15,control-heteroscedastic,missing,LBQCD-D08-hetero-K15/missing,1,update,1024,0.7,0,0.0,0,0,nan,0,nan,400,400,1.3040585999988252,4600,588800,302080,302080,3932160,5734400.0,3,491520,384,"{""0.1"": 0, ""0.2"": 0, ""0.5"": 1, ""1.0"": 1, ""2.0"": 1}",0.014998938991018562,0.1675302197989869,0.9999999999999999,0.13509114583333331,150,0,0
lbqcd-align-M1024-f0.70-u,align,0.5,LBQCD-D08-hetero-K15,control-heteroscedastic,missing,LBQCD-D08-hetero-K15/missing,2,update,1024,0.7,0,0.0,0,0,nan,0,nan,400,400,1.1555531000049086,4600,588800,302080,302080,3932160,5734400.0,3,491520,384,"{""0.1"": 0, ""0.2"": 0, ""0.5"": 0, ""1.0"": 2, ""2.0"": 1}",0.016604882105510033,0.16295305962730458,0.9333333333333332,0.15358072916666665,150,0,0
lbqcd-lookahead-M1024-f0.70-u,lookahead,0.5,LBQCD-D08-hetero-K15,control-heteroscedastic,missing,LBQCD-D08-hetero-K15/missing,0,update,1024,0.7,0,0.0,0,0,nan,0,nan,400,400,1.283480400001281,4600,588800,302080,302080,3932160,5734400.0,3,491520,3840,"{""0.1"": 1, ""0.2"": 0, ""0.5"": 0, ""1.0"": 0, ""2.0"": 2}",0.023047826179266817,0.13811497032708445,0.9999999999999999,0.1111328125,100,0,0
lbqcd-lookahead-M1024-f0.70-u,lookahead,0.5,LBQCD-D08-hetero-K15,control-heteroscedastic,missing,LBQCD-D08-hetero-K15/missing,1,update,1024,0.7,0,0.0,0,0,nan,0,nan,400,400,1.3180394000082742,4600,588800,302080,302080,3932160,5734400.0,3,491520,3840,"{""0.1"": 2, ""0.2"": 0, ""0.5"": 1, ""1.0"": 0, ""2.0"": 0}",0.020785266343533948,0.20578028776937543,0.9999999999999999,0.09700520833333333,150,0,0
lbqcd-lookahead-M1024-f0.70-u,lookahead,0.5,LBQCD-D08-hetero-K15,control-heteroscedastic,missing,LBQCD-D08-hetero-K15/missing,2,update,1024,0.7,0,0.0,0,0,nan,0,nan,400,400,1.2157455999986269,4600,588800,302080,302080,3932160,5734400.0,3,491520,3840,"{""0.1"": 0, ""0.2"": 0, ""0.5"": 0, ""1.0"": 0, ""2.0"": 3}",0.010400323894036667,0.14483301412805769,0.9333333333333332,0.15989583333333335,150,0,0
paper-0.2,paper,0.2,LBQCD-D08-hetero-K15,control-heteroscedastic,missing,LBQCD-D08-hetero-K15/missing,0,update,0,0.0,0,0.0,0,0,nan,0,nan,400,400,0.6695544000103837,400,51200,51200,51200,13107200,0.0,0,0,0,"{""0.1"": 0, ""0.2"": 0, ""0.5"": 0, ""1.0"": 0, ""2.0"": 0}",0.014536137543204042,0.12466954208672286,0.9999999999999999,0.061783854166666666,100,0,0
paper-0.2,paper,0.2,LBQCD-D08-hetero-K15,control-heteroscedastic,missing,LBQCD-D08-hetero-K15/missing,1,update,0,0.0,0,0.0,0,0,nan,0,nan,400,400,0.7883465999912005,400,51200,51200,51200,13107200,0.0,0,0,0,"{""0.1"": 0, ""0.2"": 0, ""0.5"": 0, ""1.0"": 0, ""2.0"": 0}",0.03771411972289407,0.26262927981447554,0.9999999999999999,0.11158854166666667,150,0,0
paper-0.2,paper,0.2,LBQCD-D08-hetero-K15,control-heteroscedastic,missing,LBQCD-D08-hetero-K15/missing,2,update,0,0.0,0,0.0,0,0,nan,0,nan,400,400,0.89087690001179,400,51200,51200,51200,13107200,0.0,0,0,0,"{""0.1"": 0, ""0.2"": 0, ""0.5"": 0, ""1.0"": 0, ""2.0"": 0}",0.04070607796142944,0.3068124360619739,0.9999999999999999,0.13938802083333335,100,0,0
paper-0.5,paper,0.5,LBQCD-D08-hetero-K15,control-heteroscedastic,missing,LBQCD-D08-hetero-K15/missing,0,update,0,0.0,0,0.0,0,0,nan,0,nan,400,400,0.7993146999942837,400,51200,51200,51200,13107200,0.0,0,0,0,"{""0.1"": 0, ""0.2"": 0, ""0.5"": 0, ""1.0"": 0, ""2.0"": 0}",0.01746738659162217,0.1392338277974952,0.9999999999999999,0.09791666666666667,100,0,0
paper-0.5,paper,0.5,LBQCD-D08-hetero-K15,control-heteroscedastic,missing,LBQCD-D08-hetero-K15/missing,1,update,0,0.0,0,0.0,0,0,nan,0,nan,400,400,0.654337799991481,400,51200,51200,51200,13107200,0.0,0,0,0,"{""0.1"": 0, ""0.2"": 0, ""0.5"": 0, ""1.0"": 0, ""2.0"": 0}",0.03683060984598274,0.30458803430189973,0.9999999999999999,0.12623697916666665,200,0,0
paper-0.5,paper,0.5,LBQCD-D08-hetero-K15,control-heteroscedastic,missing,LBQCD-D08-hetero-K15/missing,2,update,0,0.0,0,0.0,0,0,nan,0,nan,400,400,0.802781500009587,400,51200,51200,51200,13107200,0.0,0,0,0,"{""0.1"": 0, ""0.2"": 0, ""0.5"": 0, ""1.0"": 0, ""2.0"": 0}",0.03606985657269668,0.27420638917295276,0.9999999999999999,0.10774739583333333,100,0,0
paper-1,paper,1.0,LBQCD-D08-hetero-K15,control-heteroscedastic,missing,LBQCD-D08-hetero-K15/missing,0,update,0,0.0,0,0.0,0,0,nan,0,nan,400,400,0.5796516000118572,400,51200,51200,51200,13107200,0.0,0,0,0,"{""0.1"": 0, ""0.2"": 0, ""0.5"": 0, ""1.0"": 0, ""2.0"": 0}",0.03019460378229155,0.1588127399329307,0.9999999999999999,0.104296875,100,0,0
paper-1,paper,1.0,LBQCD-D08-hetero-K15,control-heteroscedastic,missing,LBQCD-D08-hetero-K15/missing,1,update,0,0.0,0,0.0,0,0,nan,0,nan,400,400,0.9239276000007521,400,51200,51200,51200,13107200,0.0,0,0,0,"{""0.1"": 0, ""0.2"": 0, ""0.5"": 0, ""1.0"": 0, ""2.0"": 0}",0.050093695387011916,0.39618997750432444,0.9999999999999999,0.12825520833333331,100,0,0
paper-1,paper,1.0,LBQCD-D08-hetero-K15,control-heteroscedastic,missing,LBQCD-D08-hetero-K15/missing,2,update,0,0.0,0,0.0,0,0,nan,0,nan,400,400,0.8430808999983128,400,51200,51200,51200,13107200,0.0,0,0,0,"{""0.1"": 0, ""0.2"": 0, ""0.5"": 0, ""1.0"": 0, ""2.0"": 0}",0.04528591968895235,0.3294986016185072,0.9999999999999999,0.17161458333333335,100,0,0
paper-2,paper,2.0,LBQCD-D08-hetero-K15,control-heteroscedastic,missing,LBQCD-D08-hetero-K15/missing,0,update,0,0.0,0,0.0,0,0,nan,0,nan,400,400,0.6952365000033751,400,51200,51200,51200,13107200,0.0,0,0,0,"{""0.1"": 0, ""0.2"": 0, ""0.5"": 0, ""1.0"": 0, ""2.0"": 0}",0.04015621550030124,0.22280083800319223,0.9333333333333332,0.24498697916666667,150,0,0
paper-2,paper,2.0,LBQCD-D08-hetero-K15,control-heteroscedastic,missing,LBQCD-D08-hetero-K15/missing,1,update,0,0.0,0,0.0,0,0,nan,0,nan,400,400,0.6204978000023402,400,51200,51200,51200,13107200,0.0,0,0,0,"{""0.1"": 0, ""0.2"": 0, ""0.5"": 0, ""1.0"": 0, ""2.0"": 0}",0.0548778511394552,0.4686669228087411,0.9999999999999999,0.16920572916666665,250,0,0
paper-2,paper,2.0,LBQCD-D08-hetero-K15,control-heteroscedastic,missing,LBQCD-D08-hetero-K15/missing,2,update,0,0.0,0,0.0,0,0,nan,0,nan,400,400,0.8250697000039509,400,51200,51200,51200,13107200,0.0,0,0,0,"{""0.1"": 0, ""0.2"": 0, ""0.5"": 0, ""1.0"": 0, ""2.0"": 0}",0.0366655066582382,0.29057077745239485,0.9333333333333332,0.1814453125,150,0,0
paper-4,paper,4.0,LBQCD-D08-hetero-K15,control-heteroscedastic,missing,LBQCD-D08-hetero-K15/missing,0,update,0,0.0,0,0.0,0,0,nan,0,nan,400,400,0.6581465999915963,400,51200,51200,51200,13107200,0.0,0,0,0,"{""0.1"": 0, ""0.2"": 0, ""0.5"": 0, ""1.0"": 0, ""2.0"": 0}",0.021821078026690532,0.21524762757741225,0.9333333333333332,0.2567057291666667,300,0,0
paper-4,paper,4.0,LBQCD-D08-hetero-K15,control-heteroscedastic,missing,LBQCD-D08-hetero-K15/missing,1,update,0,0.0,0,0.0,0,0,nan,0,nan,400,400,0.642180399998324,400,51200,51200,51200,13107200,0.0,0,0,0,"{""0.1"": 0, ""0.2"": 0, ""0.5"": 0, ""1.0"": 0, ""2.0"": 0}",0.05474122692527805,0.5066980812463525,0.9333333333333332,0.3059895833333333,400,0,0
paper-4,paper,4.0,LBQCD-D08-hetero-K15,control-heteroscedastic,missing,LBQCD-D08-hetero-K15/missing,2,update,0,0.0,0,0.0,0,0,nan,0,nan,400,400,0.8800904999952763,400,51200,51200,51200,13107200,0.0,0,0,0,"{""0.1"": 0, ""0.2"": 0, ""0.5"": 0, ""1.0"": 0, ""2.0"": 0}",0.05259209277706489,0.3591844466967602,0.9333333333333332,0.2263671875,350,0,0
qld-v1,qld,0.5,LBQCD-D08-hetero-K15,control-heteroscedastic,missing,LBQCD-D08-hetero-K15/missing,0,update,0,0.7,0,0.0,0,0,nan,0,nan,400,400,0.3200205999892205,400,51200,51200,51200,3932160,501760.0,0,0,0,"{""0.1"": 0, ""0.2"": 0, ""0.5"": 0, ""1.0"": 0, ""2.0"": 0}",0.016206406518936234,0.11889365159050565,0.9999999999999999,0.1140625,100,0,0
qld-v1,qld,0.5,LBQCD-D08-hetero-K15,control-heteroscedastic,missing,LBQCD-D08-hetero-K15/missing,1,update,0,0.7,0,0.0,0,0,nan,0,nan,400,400,0.38655610001296736,400,51200,51200,51200,3932160,501760.0,0,0,0,"{""0.1"": 0, ""0.2"": 0, ""0.5"": 0, ""1.0"": 0, ""2.0"": 0}",0.015781450014697107,0.17890159833864896,0.9999999999999999,0.13802083333333331,250,0,0
qld-v1,qld,0.5,LBQCD-D08-hetero-K15,control-heteroscedastic,missing,LBQCD-D08-hetero-K15/missing,2,update,0,0.7,0,0.0,0,0,nan,0,nan,400,400,0.4310879999975441,400,51200,51200,51200,3932160,501760.0,0,0,0,"{""0.1"": 0, ""0.2"": 0, ""0.5"": 0, ""1.0"": 0, ""2.0"": 0}",0.013929789384408586,0.14455001782661908,0.9999999999999999,0.1296875,150,0,0
rsr-M1024-f0.70-u,rsr,0.5,LBQCD-D08-hetero-K15,control-heteroscedastic,missing,LBQCD-D08-hetero-K15/missing,0,update,1024,0.7,0,0.0,0,0,nan,0,nan,400,400,1.3752037000085693,4600,588800,302080,302080,3932160,5734400.0,0,0,0,"{""0.1"": 0, ""0.2"": 0, ""0.5"": 0, ""1.0"": 0, ""2.0"": 0}",0.024059721313304916,0.12469077241745792,0.9999999999999999,0.09498697916666667,100,0,0
rsr-M1024-f0.70-u,rsr,0.5,LBQCD-D08-hetero-K15,control-heteroscedastic,missing,LBQCD-D08-hetero-K15/missing,1,update,1024,0.7,0,0.0,0,0,nan,0,nan,400,400,1.3572521000023698,4600,588800,302080,302080,3932160,5734400.0,0,0,0,"{""0.1"": 0, ""0.2"": 0, ""0.5"": 0, ""1.0"": 0, ""2.0"": 0}",0.01970031587693377,0.20782914631348262,0.9999999999999999,0.10279947916666667,150,0,0
rsr-M1024-f0.70-u,rsr,0.5,LBQCD-D08-hetero-K15,control-heteroscedastic,missing,LBQCD-D08-hetero-K15/missing,2,update,1024,0.7,0,0.0,0,0,nan,0,nan,400,400,1.367756499996176,4600,588800,302080,302080,3932160,5734400.0,0,0,0,"{""0.1"": 0, ""0.2"": 0, ""0.5"": 0, ""1.0"": 0, ""2.0"": 0}",0.011039029685839807,0.14802067841989633,0.9999999999999999,0.121875,150,0,0
gated-M1024-f0.70-u,gated,0.5,LBQCD-D09-overlap-K8,control-overlap,concentrated,LBQCD-D09-overlap-K8/concentrated,0,update,1024,0.7,0,0.0,4096,0,128.0,0,0.0,400,400,0.36765919999743346,400,51200,51200,51200,3932160,501760.0,0,0,0,"{""0.1"": 0, ""0.2"": 0, ""0.5"": 0, ""1.0"": 0, ""2.0"": 0}",0.0006764280945090739,0.021974102303537562,1.0,0.048828125,50,0,0
gated-M1024-f0.70-u,gated,0.5,LBQCD-D09-overlap-K8,control-overlap,concentrated,LBQCD-D09-overlap-K8/concentrated,1,update,1024,0.7,0,0.0,4096,0,128.0,0,0.0,400,400,0.3947016000020085,400,51200,51200,51200,3932160,501760.0,0,0,0,"{""0.1"": 0, ""0.2"": 0, ""0.5"": 0, ""1.0"": 0, ""2.0"": 0}",0.0027553002764481027,0.0227672853304435,1.0,0.0556640625,50,0,0
gated-M1024-f0.70-u,gated,0.5,LBQCD-D09-overlap-K8,control-overlap,concentrated,LBQCD-D09-overlap-K8/concentrated,2,update,1024,0.7,0,0.0,4096,0,128.0,0,0.0,400,400,0.4152583999966737,400,51200,51200,51200,3932160,501760.0,0,0,0,"{""0.1"": 0, ""0.2"": 0, ""0.5"": 0, ""1.0"": 0, ""2.0"": 0}",0.002670405985642388,0.02864401103541355,1.0,0.052734375,50,0,0
gated-align-M1024-f0.70-u,gated-align,0.5,LBQCD-D09-overlap-K8,control-overlap,concentrated,LBQCD-D09-overlap-K8/concentrated,0,update,1024,0.7,0,0.0,4096,0,128.0,0,0.0,400,400,0.4007992999977432,400,51200,51200,51200,3932160,501760.0,3,491520,384,"{""0.1"": 1, ""0.2"": 0, ""0.5"": 1, ""1.0"": 1, ""2.0"": 0}",0.0005558294054731627,0.016299339245776392,1.0,0.0380859375,50,0,0
gated-align-M1024-f0.70-u,gated-align,0.5,LBQCD-D09-overlap-K8,control-overlap,concentrated,LBQCD-D09-overlap-K8/concentrated,1,update,1024,0.7,0,0.0,4096,0,128.0,0,0.0,400,400,0.39826109999557957,400,51200,51200,51200,3932160,501760.0,3,491520,384,"{""0.1"": 0, ""0.2"": 1, ""0.5"": 1, ""1.0"": 1, ""2.0"": 0}",0.0027269896209931588,0.022160752871371286,1.0,0.0546875,50,0,0
gated-align-M1024-f0.70-u,gated-align,0.5,LBQCD-D09-overlap-K8,control-overlap,concentrated,LBQCD-D09-overlap-K8/concentrated,2,update,1024,0.7,0,0.0,4096,0,128.0,0,0.0,400,400,0.43228239999734797,400,51200,51200,51200,3932160,501760.0,3,491520,384,"{""0.1"": 0, ""0.2"": 1, ""0.5"": 2, ""1.0"": 0, ""2.0"": 0}",0.002702318262558956,0.029794292435613864,1.0,0.052734375,50,0,0
gated-lookahead-M1024-f0.70-u,gated-lookahead,0.5,LBQCD-D09-overlap-K8,control-overlap,concentrated,LBQCD-D09-overlap-K8/concentrated,0,update,1024,0.7,0,0.0,4096,0,128.0,0,0.0,400,400,0.5333970000065165,400,51200,51200,51200,3932160,501760.0,3,491520,3840,"{""0.1"": 0, ""0.2"": 0, ""0.5"": 3, ""1.0"": 0, ""2.0"": 0}",0.0006764280945090739,0.021974102303537562,1.0,0.048828125,50,0,0
gated-lookahead-M1024-f0.70-u,gated-lookahead,0.5,LBQCD-D09-overlap-K8,control-overlap,concentrated,LBQCD-D09-overlap-K8/concentrated,1,update,1024,0.7,0,0.0,4096,0,128.0,0,0.0,400,400,0.5333021000114968,400,51200,51200,51200,3932160,501760.0,3,491520,3840,"{""0.1"": 2, ""0.2"": 0, ""0.5"": 0, ""1.0"": 0, ""2.0"": 1}",0.002605445843639864,0.025985062752625365,1.0,0.056640625,50,0,0
gated-lookahead-M1024-f0.70-u,gated-lookahead,0.5,LBQCD-D09-overlap-K8,control-overlap,concentrated,LBQCD-D09-overlap-K8/concentrated,2,update,1024,0.7,0,0.0,4096,0,128.0,0,0.0,400,400,0.4569952000019839,400,51200,51200,51200,3932160,501760.0,3,491520,3840,"{""0.1"": 3, ""0.2"": 0, ""0.5"": 0, ""1.0"": 0, ""2.0"": 0}",0.004544140114669748,0.024677055338889153,1.0,0.0322265625,50,0,0
lbqcd-align-M1024-f0.70-u,align,0.5,LBQCD-D09-overlap-K8,control-overlap,concentrated,LBQCD-D09-overlap-K8/concentrated,0,update,1024,0.7,0,0.0,0,0,nan,0,nan,400,400,1.5262039000081131,4600,588800,302080,302080,3932160,5734400.0,3,491520,384,"{""0.1"": 1, ""0.2"": 1, ""0.5"": 1, ""1.0"": 0, ""2.0"": 0}",0.0013049798251090206,0.03195166749139002,1.0,0.083984375,50,0,0
lbqcd-align-M1024-f0.70-u,align,0.5,LBQCD-D09-overlap-K8,control-overlap,concentrated,LBQCD-D09-overlap-K8/concentrated,1,update,1024,0.7,0,0.0,0,0,nan,0,nan,400,400,1.525305200004368,4600,588800,302080,302080,3932160,5734400.0,3,491520,384,"{""0.1"": 0, ""0.2"": 1, ""0.5"": 1, ""1.0"": 1, ""2.0"": 0}",0.0038713209197798193,0.02573354376137407,1.0,0.0546875,50,0,0
lbqcd-align-M1024-f0.70-u,align,0.5,LBQCD-D09-overlap-K8,control-overlap,concentrated,LBQCD-D09-overlap-K8/concentrated,2,update,1024,0.7,0,0.0,0,0,nan,0,nan,400,400,1.4711861999967368,4600,588800,302080,302080,3932160,5734400.0,3,491520,384,"{""0.1"": 0, ""0.2"": 0, ""0.5"": 3, ""1.0"": 0, ""2.0"": 0}",0.007016868914262897,0.03253410930929061,1.0,0.083984375,50,0,0
lbqcd-lookahead-M1024-f0.70-u,lookahead,0.5,LBQCD-D09-overlap-K8,control-overlap,concentrated,LBQCD-D09-overlap-K8/concentrated,0,update,1024,0.7,0,0.0,0,0,nan,0,nan,400,400,1.4559657999925548,4600,588800,302080,302080,3932160,5734400.0,3,491520,3840,"{""0.1"": 1, ""0.2"": 0, ""0.5"": 1, ""1.0"": 0, ""2.0"": 1}",0.002845268138133461,0.051646715777152186,1.0,0.13671875,50,0,0
lbqcd-lookahead-M1024-f0.70-u,lookahead,0.5,LBQCD-D09-overlap-K8,control-overlap,concentrated,LBQCD-D09-overlap-K8/concentrated,1,update,1024,0.7,0,0.0,0,0,nan,0,nan,400,400,1.5162458999984665,4600,588800,302080,302080,3932160,5734400.0,3,491520,3840,"{""0.1"": 2, ""0.2"": 0, ""0.5"": 0, ""1.0"": 0, ""2.0"": 1}",0.004171179442976958,0.025854058345194966,1.0,0.0517578125,50,0,0
lbqcd-lookahead-M1024-f0.70-u,lookahead,0.5,LBQCD-D09-overlap-K8,control-overlap,concentrated,LBQCD-D09-overlap-K8/concentrated,2,update,1024,0.7,0,0.0,0,0,nan,0,nan,400,400,1.4456204000016442,4600,588800,302080,302080,3932160,5734400.0,3,491520,3840,"{""0.1"": 2, ""0.2"": 0, ""0.5"": 1, ""1.0"": 0, ""2.0"": 0}",0.005365745963501367,0.02958629242160972,1.0,0.0556640625,50,0,0
paper-0.2,paper,0.2,LBQCD-D09-overlap-K8,control-overlap,concentrated,LBQCD-D09-overlap-K8/concentrated,0,update,0,0.0,0,0.0,0,0,nan,0,nan,400,400,0.7630631000065478,400,51200,51200,51200,13107200,0.0,0,0,0,"{""0.1"": 0, ""0.2"": 0, ""0.5"": 0, ""1.0"": 0, ""2.0"": 0}",0.0013126650273775908,0.03851465097826979,1.0,0.0908203125,50,0,0
paper-0.2,paper,0.2,LBQCD-D09-overlap-K8,control-overlap,concentrated,LBQCD-D09-overlap-K8/concentrated,1,update,0,0.0,0,0.0,0,0,nan,0,nan,400,400,0.964804200004437,400,51200,51200,51200,13107200,0.0,0,0,0,"{""0.1"": 0, ""0.2"": 0, ""0.5"": 0, ""1.0"": 0, ""2.0"": 0}",0.003639284091852102,0.02867695709199199,1.0,0.08203125,50,0,0
paper-0.2,paper,0.2,LBQCD-D09-overlap-K8,control-overlap,concentrated,LBQCD-D09-overlap-K8/concentrated,2,update,0,0.0,0,0.0,0,0,nan,0,nan,400,400,0.9414913999935379,400,51200,51200,51200,13107200,0.0,0,0,0,"{""0.1"": 0, ""0.2"": 0, ""0.5"": 0, ""1.0"": 0, ""2.0"": 0}",0.0034939067102476296,0.0378457342570309,1.0,0.076171875,50,0,0
paper-0.5,paper,0.5,LBQCD-D09-overlap-K8,control-overlap,concentrated,LBQCD-D09-overlap-K8/concentrated,0,update,0,0.0,0,0.0,0,0,nan,0,nan,400,400,0.7288779999944381,400,51200,51200,51200,13107200,0.0,0,0,0,"{""0.1"": 0, ""0.2"": 0, ""0.5"": 0, ""1.0"": 0, ""2.0"": 0}",0.0021047928343713718,0.047022884707723756,1.0,0.111328125,50,0,0
paper-0.5,paper,0.5,LBQCD-D09-overlap-K8,control-overlap,concentrated,LBQCD-D09-overlap-K8/concentrated,1,update,0,0.0,0,0.0,0,0,nan,0,nan,400,400,0.8506081000086851,400,51200,51200,51200,13107200,0.0,0,0,0,"{""0.1"": 0, ""0.2"": 0, ""0.5"": 0, ""1.0"": 0, ""2.0"": 0}",0.0024543690130575113,0.024859649720024666,1.0,0.046875,50,0,0
paper-0.5,paper,0.5,LBQCD-D09-overlap-K8,control-overlap,concentrated,LBQCD-D09-overlap-K8/concentrated,2,update,0,0.0,0,0.0,0,0,nan,0,nan,400,400,0.8767430000007153,400,51200,51200,51200,13107200,0.0,0,0,0,"{""0.1"": 0, ""0.2"": 0, ""0.5"": 0, ""1.0"": 0, ""2.0"": 0}",0.004268868801782233,0.04325972731076443,1.0,0.0693359375,50,0,0
paper-1,paper,1.0,LBQCD-D09-overlap-K8,control-overlap,concentrated,LBQCD-D09-overlap-K8/concentrated,0,update,0,0.0,0,0.0,0,0,nan,0,nan,400,400,0.72175279998919,400,51200,51200,51200,13107200,0.0,0,0,0,"{""0.1"": 0, ""0.2"": 0, ""0.5"": 0, ""1.0"": 0, ""2.0"": 0}",0.002675203185187547,0.05181089737730469,1.0,0.130859375,50,0,0
paper-1,paper,1.0,LBQCD-D09-overlap-K8,control-overlap,concentrated,LBQCD-D09-overlap-K8/concentrated,1,update,0,0.0,0,0.0,0,0,nan,0,nan,400,400,0.8645178000006126,400,51200,51200,51200,13107200,0.0,0,0,0,"{""0.1"": 0, ""0.2"": 0, ""0.5"": 0, ""1.0"": 0, ""2.0"": 0}",0.0023837975501995734,0.026447356054201766,1.0,0.048828125,50,0,0
paper-1,paper,1.0,LBQCD-D09-overlap-K8,control-overlap,concentrated,LBQCD-D09-overlap-K8/concentrated,2,update,0,0.0,0,0.0,0,0,nan,0,nan,400,400,0.6750552000012249,400,51200,51200,51200,13107200,0.0,0,0,0,"{""0.1"": 0, ""0.2"": 0, ""0.5"": 0, ""1.0"": 0, ""2.0"": 0}",0.007747310363097504,0.04062449982195945,1.0,0.0849609375,50,0,0
paper-2,paper,2.0,LBQCD-D09-overlap-K8,control-overlap,concentrated,LBQCD-D09-overlap-K8/concentrated,0,update,0,0.0,0,0.0,0,0,nan,0,nan,400,400,0.9078660999948625,400,51200,51200,51200,13107200,0.0,0,0,0,"{""0.1"": 0, ""0.2"": 0, ""0.5"": 0, ""1.0"": 0, ""2.0"": 0}",0.0034112804206387626,0.05560150152542866,1.0,0.158203125,50,0,0
paper-2,paper,2.0,LBQCD-D09-overlap-K8,control-overlap,concentrated,LBQCD-D09-overlap-K8/concentrated,1,update,0,0.0,0,0.0,0,0,nan,0,nan,400,400,0.9743269000027794,400,51200,51200,51200,13107200,0.0,0,0,0,"{""0.1"": 0, ""0.2"": 0, ""0.5"": 0, ""1.0"": 0, ""2.0"": 0}",0.0041978069065081725,0.043198877486500024,1.0,0.09375,50,0,0
paper-2,paper,2.0,LBQCD-D09-overlap-K8,control-overlap,concentrated,LBQCD-D09-overlap-K8/concentrated,2,update,0,0.0,0,0.0,0,0,nan,0,nan,400,400,0.9174094999907538,400,51200,51200,51200,13107200,0.0,0,0,0,"{""0.1"": 0, ""0.2"": 0, ""0.5"": 0, ""1.0"": 0, ""2.0"": 0}",0.010171557348621185,0.025702021604938775,1.0,0.095703125,50,0,0
paper-4,paper,4.0,LBQCD-D09-overlap-K8,control-overlap,concentrated,LBQCD-D09-overlap-K8/concentrated,0,update,0,0.0,0,0.0,0,0,nan,0,nan,400,400,0.7876244000071893,400,51200,51200,51200,13107200,0.0,0,0,0,"{""0.1"": 0, ""0.2"": 0, ""0.5"": 0, ""1.0"": 0, ""2.0"": 0}",0.004568249037655625,0.056821834323681396,1.0,0.2216796875,50,0,0
paper-4,paper,4.0,LBQCD-D09-overlap-K8,control-overlap,concentrated,LBQCD-D09-overlap-K8/concentrated,1,update,0,0.0,0,0.0,0,0,nan,0,nan,400,400,0.7515036999975564,400,51200,51200,51200,13107200,0.0,0,0,0,"{""0.1"": 0, ""0.2"": 0, ""0.5"": 0, ""1.0"": 0, ""2.0"": 0}",0.010724354604172981,0.08115686081611824,1.0,0.2216796875,50,0,0
paper-4,paper,4.0,LBQCD-D09-overlap-K8,control-overlap,concentrated,LBQCD-D09-overlap-K8/concentrated,2,update,0,0.0,0,0.0,0,0,nan,0,nan,400,400,0.8059022000088589,400,51200,51200,51200,13107200,0.0,0,0,0,"{""0.1"": 0, ""0.2"": 0, ""0.5"": 0, ""1.0"": 0, ""2.0"": 0}",0.01778260126664266,0.05854138372887948,1.0,0.2861328125,50,0,0
qld-v1,qld,0.5,LBQCD-D09-overlap-K8,control-overlap,concentrated,LBQCD-D09-overlap-K8/concentrated,0,update,0,0.7,0,0.0,0,0,nan,0,nan,400,400,0.37342699999862816,400,51200,51200,51200,3932160,501760.0,0,0,0,"{""0.1"": 0, ""0.2"": 0, ""0.5"": 0, ""1.0"": 0, ""2.0"": 0}",0.0006764280945090739,0.021974102303537562,1.0,0.048828125,50,0,0
qld-v1,qld,0.5,LBQCD-D09-overlap-K8,control-overlap,concentrated,LBQCD-D09-overlap-K8/concentrated,1,update,0,0.7,0,0.0,0,0,nan,0,nan,400,400,0.37956890001078136,400,51200,51200,51200,3932160,501760.0,0,0,0,"{""0.1"": 0, ""0.2"": 0, ""0.5"": 0, ""1.0"": 0, ""2.0"": 0}",0.0027553002764481027,0.0227672853304435,1.0,0.0556640625,50,0,0
qld-v1,qld,0.5,LBQCD-D09-overlap-K8,control-overlap,concentrated,LBQCD-D09-overlap-K8/concentrated,2,update,0,0.7,0,0.0,0,0,nan,0,nan,400,400,0.4436067000060575,400,51200,51200,51200,3932160,501760.0,0,0,0,"{""0.1"": 0, ""0.2"": 0, ""0.5"": 0, ""1.0"": 0, ""2.0"": 0}",0.002670405985642388,0.02864401103541355,1.0,0.052734375,50,0,0
rsr-M1024-f0.70-u,rsr,0.5,LBQCD-D09-overlap-K8,control-overlap,concentrated,LBQCD-D09-overlap-K8/concentrated,0,update,1024,0.7,0,0.0,0,0,nan,0,nan,400,400,1.5347112999879755,4600,588800,302080,302080,3932160,5734400.0,0,0,0,"{""0.1"": 0, ""0.2"": 0, ""0.5"": 0, ""1.0"": 0, ""2.0"": 0}",0.003012199907283186,0.05337046831996953,1.0,0.1162109375,50,0,0
rsr-M1024-f0.70-u,rsr,0.5,LBQCD-D09-overlap-K8,control-overlap,concentrated,LBQCD-D09-overlap-K8/concentrated,1,update,1024,0.7,0,0.0,0,0,nan,0,nan,400,400,1.4346848999994108,4600,588800,302080,302080,3932160,5734400.0,0,0,0,"{""0.1"": 0, ""0.2"": 0, ""0.5"": 0, ""1.0"": 0, ""2.0"": 0}",0.0031023115484715147,0.024107307632337358,1.0,0.048828125,50,0,0
rsr-M1024-f0.70-u,rsr,0.5,LBQCD-D09-overlap-K8,control-overlap,concentrated,LBQCD-D09-overlap-K8/concentrated,2,update,1024,0.7,0,0.0,0,0,nan,0,nan,400,400,1.5339086999883875,4600,588800,302080,302080,3932160,5734400.0,0,0,0,"{""0.1"": 0, ""0.2"": 0, ""0.5"": 0, ""1.0"": 0, ""2.0"": 0}",0.007016868914262897,0.03253410930929061,1.0,0.083984375,50,0,0
gated-M1024-f0.70-u,gated,0.5,LBQCD-D09-overlap-K8,control-overlap,missing,LBQCD-D09-overlap-K8/missing,0,update,1024,0.7,0,0.0,4096,0,128.0,0,0.0,400,400,0.4236070000042673,400,51200,51200,51200,3932160,501760.0,0,0,0,"{""0.1"": 0, ""0.2"": 0, ""0.5"": 0, ""1.0"": 0, ""2.0"": 0}",0.00106182618055084,0.018283110583713506,1.0,0.03515625,50,0,0
gated-M1024-f0.70-u,gated,0.5,LBQCD-D09-overlap-K8,control-overlap,missing,LBQCD-D09-overlap-K8/missing,1,update,1024,0.7,0,0.0,4096,0,128.0,0,0.0,400,400,0.3237036999926204,400,51200,51200,51200,3932160,501760.0,0,0,0,"{""0.1"": 0, ""0.2"": 0, ""0.5"": 0, ""1.0"": 0, ""2.0"": 0}",0.005584840473812025,0.0457068401661821,1.0,0.09375,50,0,0
gated-M1024-f0.70-u,gated,0.5,LBQCD-D09-overlap-K8,control-overlap,missing,LBQCD-D09-overlap-K8/missing,2,update,1024,0.7,0,0.0,4096,0,128.0,0,0.0,400,400,0.40180839999811724,400,51200,51200,51200,3932160,501760.0,0,0,0,"{""0.1"": 0, ""0.2"": 0, ""0.5"": 0, ""1.0"": 0, ""2.0"": 0}",0.000631956243016929,0.020139718607040436,1.0,0.0341796875,50,0,0
gated-align-M1024-f0.70-u,gated-align,0.5,LBQCD-D09-overlap-K8,control-overlap,missing,LBQCD-D09-overlap-K8/missing,0,update,1024,0.7,0,0.0,4096,0,128.0,0,0.0,400,400,0.43162719999963883,400,51200,51200,51200,3932160,501760.0,3,491520,384,"{""0.1"": 0, ""0.2"": 2, ""0.5"": 1, ""1.0"": 0, ""2.0"": 0}",0.0016236314023774234,0.013673350214712082,1.0,0.0380859375,50,0,0
gated-align-M1024-f0.70-u,gated-align,0.5,LBQCD-D09-overlap-K8,control-overlap,missing,LBQCD-D09-overlap-K8/missing,1,update,1024,0.7,0,0.0,4096,0,128.0,0,0.0,400,400,0.4391136999911396,400,51200,51200,51200,3932160,501760.0,3,491520,384,"{""0.1"": 0, ""0.2"": 2, ""0.5"": 1, ""1.0"": 0, ""2.0"": 0}",0.00522105193780753,0.03700198056645472,1.0,0.064453125,50,0,0
gated-align-M1024-f0.70-u,gated-align,0.5,LBQCD-D09-overlap-K8,control-overlap,missing,LBQCD-D09-overlap-K8/missing,2,update,1024,0.7,0,0.0,4096,0,128.0,0,0.0,400,400,0.3207101000007242,400,51200,51200,51200,3932160,501760.0,3,491520,384,"{""0.1"": 1, ""0.2"": 1, ""0.5"": 1, ""1.0"": 0, ""2.0"": 0}",0.0006866889332686199,0.020106304051132225,1.0,0.037109375,50,0,0
gated-lookahead-M1024-f0.70-u,gated-lookahead,0.5,LBQCD-D09-overlap-K8,control-overlap,missing,LBQCD-D09-overlap-K8/missing,0,update,1024,0.7,0,0.0,4096,0,128.0,0,0.0,400,400,0.47627350001130253,400,51200,51200,51200,3932160,501760.0,3,491520,3840,"{""0.1"": 1, ""0.2"": 1, ""0.5"": 1, ""1.0"": 0, ""2.0"": 0}",0.0012170449900771318,0.018138794921187577,1.0,0.044921875,50,0,0
gated-lookahead-M1024-f0.70-u,gated-lookahead,0.5,LBQCD-D09-overlap-K8,control-overlap,missing,LBQCD-D09-overlap-K8/missing,1,update,1024,0.7,0,0.0,4096,0,128.0,0,0.0,400,400,0.38074789999518543,400,51200,51200,51200,3932160,501760.0,3,491520,3840,"{""0.1"": 0, ""0.2"": 0, ""0.5"": 1, ""1.0"": 0, ""2.0"": 2}",0.00536907311197754,0.04605813757803752,1.0,0.099609375,50,0,0
gated-lookahead-M1024-f0.70-u,gated-lookahead,0.5,LBQCD-D09-overlap-K8,control-overlap,missing,LBQCD-D09-overlap-K8/missing,2,update,1024,0.7,0,0.0,4096,0,128.0,0,0.0,400,400,0.43634390000079293,400,51200,51200,51200,3932160,501760.0,3,491520,3840,"{""0.1"": 1, ""0.2"": 0, ""0.5"": 1, ""1.0"": 1, ""2.0"": 0}",0.000604752065400449,0.019476889024165518,1.0,0.046875,50,0,0
lbqcd-align-M1024-f0.70-u,align,0.5,LBQCD-D09-overlap-K8,control-overlap,missing,LBQCD-D09-overlap-K8/missing,0,update,1024,0.7,0,0.0,0,0,nan,0,nan,400,400,1.330826999997953,4600,588800,302080,302080,3932160,5734400.0,3,491520,384,"{""0.1"": 0, ""0.2"": 2, ""0.5"": 1, ""1.0"": 0, ""2.0"": 0}",0.0021673745019985535,0.02355161782690194,1.0,0.0732421875,50,0,0
lbqcd-align-M1024-f0.70-u,align,0.5,LBQCD-D09-overlap-K8,control-overlap,missing,LBQCD-D09-overlap-K8/missing,1,update,1024,0.7,0,0.0,0,0,nan,0,nan,400,400,1.356733400010853,4600,588800,302080,302080,3932160,5734400.0,3,491520,384,"{""0.1"": 0, ""0.2"": 1, ""0.5"": 2, ""1.0"": 0, ""2.0"": 0}",0.003152607512696637,0.024666339943260885,1.0,0.09375,50,0,0
lbqcd-align-M1024-f0.70-u,align,0.5,LBQCD-D09-overlap-K8,control-overlap,missing,LBQCD-D09-overlap-K8/missing,2,update,1024,0.7,0,0.0,0,0,nan,0,nan,400,400,1.5392776999942726,4600,588800,302080,302080,3932160,5734400.0,3,491520,384,"{""0.1"": 1, ""0.2"": 0, ""0.5"": 2, ""1.0"": 0, ""2.0"": 0}",0.0006834433643866378,0.023728924212518942,1.0,0.099609375,50,0,0
lbqcd-lookahead-M1024-f0.70-u,lookahead,0.5,LBQCD-D09-overlap-K8,control-overlap,missing,LBQCD-D09-overlap-K8/missing,0,update,1024,0.7,0,0.0,0,0,nan,0,nan,400,400,1.3023283000075025,4600,588800,302080,302080,3932160,5734400.0,3,491520,3840,"{""0.1"": 1, ""0.2"": 0, ""0.5"": 0, ""1.0"": 1, ""2.0"": 1}",0.0010662844405668892,0.023353950977658175,1.0,0.0625,50,0,0
lbqcd-lookahead-M1024-f0.70-u,lookahead,0.5,LBQCD-D09-overlap-K8,control-overlap,missing,LBQCD-D09-overlap-K8/missing,1,update,1024,0.7,0,0.0,0,0,nan,0,nan,400,400,1.3872725999972317,4600,588800,302080,302080,3932160,5734400.0,3,491520,3840,"{""0.1"": 2, ""0.2"": 0, ""0.5"": 0, ""1.0"": 0, ""2.0"": 1}",0.0017883035955950088,0.017237775144429614,1.0,0.068359375,50,0,0
lbqcd-lookahead-M1024-f0.70-u,lookahead,0.5,LBQCD-D09-overlap-K8,control-overlap,missing,LBQCD-D09-overlap-K8/missing,2,update,1024,0.7,0,0.0,0,0,nan,0,nan,400,400,1.4636527000111528,4600,588800,302080,302080,3932160,5734400.0,3,491520,3840,"{""0.1"": 0, ""0.2"": 0, ""0.5"": 1, ""1.0"": 1, ""2.0"": 1}",0.0010173598109275428,0.016322258203228766,1.0,0.0654296875,50,0,0
paper-0.2,paper,0.2,LBQCD-D09-overlap-K8,control-overlap,missing,LBQCD-D09-overlap-K8/missing,0,update,0,0.0,0,0.0,0,0,nan,0,nan,400,400,0.9722215000074357,400,51200,51200,51200,13107200,0.0,0,0,0,"{""0.1"": 0, ""0.2"": 0, ""0.5"": 0, ""1.0"": 0, ""2.0"": 0}",0.0014160162532721454,0.03314571242679019,1.0,0.078125,50,0,0
paper-0.2,paper,0.2,LBQCD-D09-overlap-K8,control-overlap,missing,LBQCD-D09-overlap-K8/missing,1,update,0,0.0,0,0.0,0,0,nan,0,nan,400,400,0.7739408000052208,400,51200,51200,51200,13107200,0.0,0,0,0,"{""0.1"": 0, ""0.2"": 0, ""0.5"": 0, ""1.0"": 0, ""2.0"": 0}",0.004442967355591798,0.052473491466210526,1.0,0.1044921875,50,0,0
paper-0.2,paper,0.2,LBQCD-D09-overlap-K8,control-overlap,missing,LBQCD-D09-overlap-K8/missing,2,update,0,0.0,0,0.0,0,0,nan,0,nan,400,400,0.8069374999904539,400,51200,51200,51200,13107200,0.0,0,0,0,"{""0.1"": 0, ""0.2"": 0, ""0.5"": 0, ""1.0"": 0, ""2.0"": 0}",0.0008808417418753045,0.024841075255762155,1.0,0.087890625,50,0,0
paper-0.5,paper,0.5,LBQCD-D09-overlap-K8,control-overlap,missing,LBQCD-D09-overlap-K8/missing,0,update,0,0.0,0,0.0,0,0,nan,0,nan,400,400,0.8286833000020124,400,51200,51200,51200,13107200,0.0,0,0,0,"{""0.1"": 0, ""0.2"": 0, ""0.5"": 0, ""1.0"": 0, ""2.0"": 0}",0.0013446918980082323,0.03512648067100029,1.0,0.091796875,50,0,0
paper-0.5,paper,0.5,LBQCD-D09-overlap-K8,control-overlap,missing,LBQCD-D09-overlap-K8/missing,1,update,0,0.0,0,0.0,0,0,nan,0,nan,400,400,0.820594600008917,400,51200,51200,51200,13107200,0.0,0,0,0,"{""0.1"": 0, ""0.2"": 0, ""0.5"": 0, ""1.0"": 0, ""2.0"": 0}",0.0031191351311162796,0.04639224616273401,1.0,0.107421875,50,0,0
paper-0.5,paper,0.5,LBQCD-D09-overlap-K8,control-overlap,missing,LBQCD-D09-overlap-K8/missing,2,update,0,0.0,0,0.0,0,0,nan,0,nan,400,400,0.8356750000093598,400,51200,51200,51200,13107200,0.0,0,0,0,"{""0.1"": 0, ""0.2"": 0, ""0.5"": 0, ""1.0"": 0, ""2.0"": 0}",0.0010470391058434725,0.027638297141795318,1.0,0.0673828125,50,0,0
paper-1,paper,1.0,LBQCD-D09-overlap-K8,control-overlap,missing,LBQCD-D09-overlap-K8/missing,0,update,0,0.0,0,0.0,0,0,nan,0,nan,400,400,0.779928200005088,400,51200,51200,51200,13107200,0.0,0,0,0,"{""0.1"": 0, ""0.2"": 0, ""0.5"": 0, ""1.0"": 0, ""2.0"": 0}",0.0015545316341312176,0.031704414426234624,1.0,0.0859375,50,0,0
paper-1,paper,1.0,LBQCD-D09-overlap-K8,control-overlap,missing,LBQCD-D09-overlap-K8/missing,1,update,0,0.0,0,0.0,0,0,nan,0,nan,400,400,0.8676318999932846,400,51200,51200,51200,13107200,0.0,0,0,0,"{""0.1"": 0, ""0.2"": 0, ""0.5"": 0, ""1.0"": 0, ""2.0"": 0}",0.0032172109546163563,0.04897726831068059,1.0,0.087890625,50,0,0
paper-1,paper,1.0,LBQCD-D09-overlap-K8,control-overlap,missing,LBQCD-D09-overlap-K8/missing,2,update,0,0.0,0,0.0,0,0,nan,0,nan,400,400,0.9408350000012433,400,51200,51200,51200,13107200,0.0,0,0,0,"{""0.1"": 0, ""0.2"": 0, ""0.5"": 0, ""1.0"": 0, ""2.0"": 0}",0.0010628299548076647,0.036504712795184156,1.0,0.1005859375,50,0,0
paper-2,paper,2.0,LBQCD-D09-overlap-K8,control-overlap,missing,LBQCD-D09-overlap-K8/missing,0,update,0,0.0,0,0.0,0,0,nan,0,nan,400,400,0.8524522999941837,400,51200,51200,51200,13107200,0.0,0,0,0,"{""0.1"": 0, ""0.2"": 0, ""0.5"": 0, ""1.0"": 0, ""2.0"": 0}",0.002165404676982896,0.028498575892321614,1.0,0.0693359375,50,0,0
paper-2,paper,2.0,LBQCD-D09-overlap-K8,control-overlap,missing,LBQCD-D09-overlap-K8/missing,1,update,0,0.0,0,0.0,0,0,nan,0,nan,400,400,0.8517109999957029,400,51200,51200,51200,13107200,0.0,0,0,0,"{""0.1"": 0, ""0.2"": 0, ""0.5"": 0, ""1.0"": 0, ""2.0"": 0}",0.001953021689263812,0.046088263306069396,1.0,0.07421875,50,0,0
paper-2,paper,2.0,LBQCD-D09-overlap-K8,control-overlap,missing,LBQCD-D09-overlap-K8/missing,2,update,0,0.0,0,0.0,0,0,nan,0,nan,400,400,0.9359302999946522,400,51200,51200,51200,13107200,0.0,0,0,0,"{""0.1"": 0, ""0.2"": 0, ""0.5"": 0, ""1.0"": 0, ""2.0"": 0}",0.002889804419033415,0.06082288098893106,1.0,0.17578125,50,0,0
paper-4,paper,4.0,LBQCD-D09-overlap-K8,control-overlap,missing,LBQCD-D09-overlap-K8/missing,0,update,0,0.0,0,0.0,0,0,nan,0,nan,400,400,0.7786712000088301,400,51200,51200,51200,13107200,0.0,0,0,0,"{""0.1"": 0, ""0.2"": 0, ""0.5"": 0, ""1.0"": 0, ""2.0"": 0}",0.0028738056957758884,0.032164180072637216,1.0,0.09375,50,0,0
paper-4,paper,4.0,LBQCD-D09-overlap-K8,control-overlap,missing,LBQCD-D09-overlap-K8/missing,1,update,0,0.0,0,0.0,0,0,nan,0,nan,400,400,0.6484123999980511,400,51200,51200,51200,13107200,0.0,0,0,0,"{""0.1"": 0, ""0.2"": 0, ""0.5"": 0, ""1.0"": 0, ""2.0"": 0}",0.007075210288181588,0.07808293625598557,1.0,0.15625,50,0,0
paper-4,paper,4.0,LBQCD-D09-overlap-K8,control-overlap,missing,LBQCD-D09-overlap-K8/missing,2,update,0,0.0,0,0.0,0,0,nan,0,nan,400,400,0.7967836999887368,400,51200,51200,51200,13107200,0.0,0,0,0,"{""0.1"": 0, ""0.2"": 0, ""0.5"": 0, ""1.0"": 0, ""2.0"": 0}",0.005398653747864524,0.07801830675195087,1.0,0.2685546875,50,0,0
qld-v1,qld,0.5,LBQCD-D09-overlap-K8,control-overlap,missing,LBQCD-D09-overlap-K8/missing,0,update,0,0.7,0,0.0,0,0,nan,0,nan,400,400,0.44587540000793524,400,51200,51200,51200,3932160,501760.0,0,0,0,"{""0.1"": 0, ""0.2"": 0, ""0.5"": 0, ""1.0"": 0, ""2.0"": 0}",0.00106182618055084,0.018283110583713506,1.0,0.03515625,50,0,0
qld-v1,qld,0.5,LBQCD-D09-overlap-K8,control-overlap,missing,LBQCD-D09-overlap-K8/missing,1,update,0,0.7,0,0.0,0,0,nan,0,nan,400,400,0.40367859999241773,400,51200,51200,51200,3932160,501760.0,0,0,0,"{""0.1"": 0, ""0.2"": 0, ""0.5"": 0, ""1.0"": 0, ""2.0"": 0}",0.005584840473812025,0.0457068401661821,1.0,0.09375,50,0,0
qld-v1,qld,0.5,LBQCD-D09-overlap-K8,control-overlap,missing,LBQCD-D09-overlap-K8/missing,2,update,0,0.7,0,0.0,0,0,nan,0,nan,400,400,0.38063709999551065,400,51200,51200,51200,3932160,501760.0,0,0,0,"{""0.1"": 0, ""0.2"": 0, ""0.5"": 0, ""1.0"": 0, ""2.0"": 0}",0.000631956243016929,0.020139718607040436,1.0,0.0341796875,50,0,0
rsr-M1024-f0.70-u,rsr,0.5,LBQCD-D09-overlap-K8,control-overlap,missing,LBQCD-D09-overlap-K8/missing,0,update,1024,0.7,0,0.0,0,0,nan,0,nan,400,400,1.4840012000058778,4600,588800,302080,302080,3932160,5734400.0,0,0,0,"{""0.1"": 0, ""0.2"": 0, ""0.5"": 0, ""1.0"": 0, ""2.0"": 0}",0.0019953775165423293,0.02999745362379174,1.0,0.0810546875,50,0,0
rsr-M1024-f0.70-u,rsr,0.5,LBQCD-D09-overlap-K8,control-overlap,missing,LBQCD-D09-overlap-K8/missing,1,update,1024,0.7,0,0.0,0,0,nan,0,nan,400,400,1.4355395000020508,4600,588800,302080,302080,3932160,5734400.0,0,0,0,"{""0.1"": 0, ""0.2"": 0, ""0.5"": 0, ""1.0"": 0, ""2.0"": 0}",0.0030878347452709676,0.023405462782815366,1.0,0.08984375,50,0,0
rsr-M1024-f0.70-u,rsr,0.5,LBQCD-D09-overlap-K8,control-overlap,missing,LBQCD-D09-overlap-K8/missing,2,update,1024,0.7,0,0.0,0,0,nan,0,nan,400,400,1.4388036000018474,4600,588800,302080,302080,3932160,5734400.0,0,0,0,"{""0.1"": 0, ""0.2"": 0, ""0.5"": 0, ""1.0"": 0, ""2.0"": 0}",0.00113554003863503,0.023120725601311575,1.0,0.0810546875,50,0,0
gated-M1024-f0.70-u,gated,0.5,LBQCD-D10-contaminated,control-contaminated,concentrated,LBQCD-D10-contaminated/concentrated,0,update,1024,0.7,0,0.0,4096,1,2.8125,7,5186.713519476025,400,400,1.397725700007868,4600,588800,302080,302080,3932160,5734400.0,0,0,0,"{""0.1"": 0, ""0.2"": 0, ""0.5"": 0, ""1.0"": 0, ""2.0"": 0}",0.01262172769610892,0.16744020074754562,0.9800000000000001,0.09484374999999999,50,0,0
gated-M1024-f0.70-u,gated,0.5,LBQCD-D10-contaminated,control-contaminated,concentrated,LBQCD-D10-contaminated/concentrated,1,update,1024,0.7,0,0.0,4096,1,2.5625,7,5270.451229426076,400,400,1.3703864999988582,4600,588800,302080,302080,3932160,5734400.0,0,0,0,"{""0.1"": 0, ""0.2"": 0, ""0.5"": 0, ""1.0"": 0, ""2.0"": 0}",0.015968474284336676,0.21981178423800207,0.9800000000000001,0.11046874999999999,50,0,0
gated-M1024-f0.70-u,gated,0.5,LBQCD-D10-contaminated,control-contaminated,concentrated,LBQCD-D10-contaminated/concentrated,2,update,1024,0.7,0,0.0,4096,1,2.5625,7,5012.556306365,400,400,1.3401435999985551,4600,588800,302080,302080,3932160,5734400.0,0,0,0,"{""0.1"": 0, ""0.2"": 0, ""0.5"": 0, ""1.0"": 0, ""2.0"": 0}",0.019837243372584856,0.19085592966601986,0.9800000000000001,0.10531250000000002,50,0,0
gated-align-M1024-f0.70-u,gated-align,0.5,LBQCD-D10-contaminated,control-contaminated,concentrated,LBQCD-D10-contaminated/concentrated,0,update,1024,0.7,0,0.0,4096,1,2.8125,7,5186.713519476025,400,400,1.2945436000009067,4600,588800,302080,302080,3932160,5734400.0,3,491520,384,"{""0.1"": 0, ""0.2"": 0, ""0.5"": 0, ""1.0"": 3, ""2.0"": 0}",0.013671650967894466,0.18226321615071778,0.9800000000000001,0.10195312499999996,50,0,0
gated-align-M1024-f0.70-u,gated-align,0.5,LBQCD-D10-contaminated,control-contaminated,concentrated,LBQCD-D10-contaminated/concentrated,1,update,1024,0.7,0,0.0,4096,1,2.5625,7,5270.451229426076,400,400,1.3594168999989051,4600,588800,302080,302080,3932160,5734400.0,3,491520,384,"{""0.1"": 0, ""0.2"": 0, ""0.5"": 0, ""1.0"": 2, ""2.0"": 1}",0.01660514801292301,0.2282126442579621,0.9800000000000001,0.1368359375,50,0,0
gated-align-M1024-f0.70-u,gated-align,0.5,LBQCD-D10-contaminated,control-contaminated,concentrated,LBQCD-D10-contaminated/concentrated,2,update,1024,0.7,0,0.0,4096,1,2.5625,7,5012.556306365,400,400,1.3186646999965888,4600,588800,302080,302080,3932160,5734400.0,3,491520,384,"{""0.1"": 1, ""0.2"": 0, ""0.5"": 2, ""1.0"": 0, ""2.0"": 0}",0.02006266430930581,0.1905586639994689,0.9800000000000001,0.09750000000000002,50,0,0
gated-lookahead-M1024-f0.70-u,gated-lookahead,0.5,LBQCD-D10-contaminated,control-contaminated,concentrated,LBQCD-D10-contaminated/concentrated,0,update,1024,0.7,0,0.0,4096,1,2.8125,7,5186.713519476025,400,400,1.4202455000049667,4600,588800,302080,302080,3932160,5734400.0,3,491520,3840,"{""0.1"": 1, ""0.2"": 0, ""0.5"": 0, ""1.0"": 1, ""2.0"": 1}",0.013727267166491863,0.19008346190170886,0.9800000000000001,0.09707031249999996,50,0,0
gated-lookahead-M1024-f0.70-u,gated-lookahead,0.5,LBQCD-D10-contaminated,control-contaminated,concentrated,LBQCD-D10-contaminated/concentrated,1,update,1024,0.7,0,0.0,4096,1,2.5625,7,5270.451229426076,400,400,1.3896394999901531,4600,588800,302080,302080,3932160,5734400.0,3,491520,3840,"{""0.1"": 0, ""0.2"": 0, ""0.5"": 1, ""1.0"": 0, ""2.0"": 2}",0.016511916204155597,0.22539296089677843,0.9800000000000001,0.14437500000000003,50,0,0
gated-lookahead-M1024-f0.70-u,gated-lookahead,0.5,LBQCD-D10-contaminated,control-contaminated,concentrated,LBQCD-D10-contaminated/concentrated,2,update,1024,0.7,0,0.0,4096,1,2.5625,7,5012.556306365,400,400,1.2400886000104947,4600,588800,302080,302080,3932160,5734400.0,3,491520,3840,"{""0.1"": 0, ""0.2"": 0, ""0.5"": 1, ""1.0"": 1, ""2.0"": 1}",0.016527799448974756,0.18464072036477927,0.9800000000000001,0.08968750000000002,50,0,0
lbqcd-align-M1024-f0.70-u,align,0.5,LBQCD-D10-contaminated,control-contaminated,concentrated,LBQCD-D10-contaminated/concentrated,0,update,1024,0.7,0,0.0,0,0,nan,0,nan,400,400,1.43792399999802,4600,588800,302080,302080,3932160,5734400.0,3,491520,384,"{""0.1"": 0, ""0.2"": 0, ""0.5"": 0, ""1.0"": 3, ""2.0"": 0}",0.013671650967894466,0.18226321615071778,0.9800000000000001,0.10195312499999996,50,0,0
lbqcd-align-M1024-f0.70-u,align,0.5,LBQCD-D10-contaminated,control-contaminated,concentrated,LBQCD-D10-contaminated/concentrated,1,update,1024,0.7,0,0.0,0,0,nan,0,nan,400,400,1.2800336000073003,4600,588800,302080,302080,3932160,5734400.0,3,491520,384,"{""0.1"": 0, ""0.2"": 0, ""0.5"": 0, ""1.0"": 2, ""2.0"": 1}",0.01660514801292301,0.2282126442579621,0.9800000000000001,0.1368359375,50,0,0
lbqcd-align-M1024-f0.70-u,align,0.5,LBQCD-D10-contaminated,control-contaminated,concentrated,LBQCD-D10-contaminated/concentrated,2,update,1024,0.7,0,0.0,0,0,nan,0,nan,400,400,1.2558630999992602,4600,588800,302080,302080,3932160,5734400.0,3,491520,384,"{""0.1"": 1, ""0.2"": 0, ""0.5"": 2, ""1.0"": 0, ""2.0"": 0}",0.02006266430930581,0.1905586639994689,0.9800000000000001,0.09750000000000002,50,0,0
lbqcd-lookahead-M1024-f0.70-u,lookahead,0.5,LBQCD-D10-contaminated,control-contaminated,concentrated,LBQCD-D10-contaminated/concentrated,0,update,1024,0.7,0,0.0,0,0,nan,0,nan,400,400,1.4178733000007924,4600,588800,302080,302080,3932160,5734400.0,3,491520,3840,"{""0.1"": 1, ""0.2"": 0, ""0.5"": 0, ""1.0"": 1, ""2.0"": 1}",0.013727267166491863,0.19008346190170886,0.9800000000000001,0.09707031249999996,50,0,0
lbqcd-lookahead-M1024-f0.70-u,lookahead,0.5,LBQCD-D10-contaminated,control-contaminated,concentrated,LBQCD-D10-contaminated/concentrated,1,update,1024,0.7,0,0.0,0,0,nan,0,nan,400,400,1.3643722999986494,4600,588800,302080,302080,3932160,5734400.0,3,491520,3840,"{""0.1"": 0, ""0.2"": 0, ""0.5"": 1, ""1.0"": 0, ""2.0"": 2}",0.016511916204155597,0.22539296089677843,0.9800000000000001,0.14437500000000003,50,0,0
lbqcd-lookahead-M1024-f0.70-u,lookahead,0.5,LBQCD-D10-contaminated,control-contaminated,concentrated,LBQCD-D10-contaminated/concentrated,2,update,1024,0.7,0,0.0,0,0,nan,0,nan,400,400,1.3512038000044413,4600,588800,302080,302080,3932160,5734400.0,3,491520,3840,"{""0.1"": 0, ""0.2"": 0, ""0.5"": 1, ""1.0"": 1, ""2.0"": 1}",0.016527799448974756,0.18464072036477927,0.9800000000000001,0.08968750000000002,50,0,0
paper-0.2,paper,0.2,LBQCD-D10-contaminated,control-contaminated,concentrated,LBQCD-D10-contaminated/concentrated,0,update,0,0.0,0,0.0,0,0,nan,0,nan,400,400,0.7665234000014607,400,51200,51200,51200,13107200,0.0,0,0,0,"{""0.1"": 0, ""0.2"": 0, ""0.5"": 0, ""1.0"": 0, ""2.0"": 0}",0.014819581304089002,0.16185613619788045,0.9800000000000001,0.08828124999999996,50,0,0
paper-0.2,paper,0.2,LBQCD-D10-contaminated,control-contaminated,concentrated,LBQCD-D10-contaminated/concentrated,1,update,0,0.0,0,0.0,0,0,nan,0,nan,400,400,0.7935028999927454,400,51200,51200,51200,13107200,0.0,0,0,0,"{""0.1"": 0, ""0.2"": 0, ""0.5"": 0, ""1.0"": 0, ""2.0"": 0}",0.013803136371892233,0.18939740705824556,0.9800000000000001,0.09750000000000002,50,0,0
paper-0.2,paper,0.2,LBQCD-D10-contaminated,control-contaminated,concentrated,LBQCD-D10-contaminated/concentrated,2,update,0,0.0,0,0.0,0,0,nan,0,nan,400,400,0.8522247999935644,400,51200,51200,51200,13107200,0.0,0,0,0,"{""0.1"": 0, ""0.2"": 0, ""0.5"": 0, ""1.0"": 0, ""2.0"": 0}",0.012323749729467703,0.18090363329030093,0.9800000000000001,0.07976562499999994,50,0,0
paper-0.5,paper,0.5,LBQCD-D10-contaminated,control-contaminated,concentrated,LBQCD-D10-contaminated/concentrated,0,update,0,0.0,0,0.0,0,0,nan,0,nan,400,400,0.7055068999907235,400,51200,51200,51200,13107200,0.0,0,0,0,"{""0.1"": 0, ""0.2"": 0, ""0.5"": 0, ""1.0"": 0, ""2.0"": 0}",0.01516210815581509,0.16867722137402985,0.9800000000000001,0.12023437499999999,50,0,0
paper-0.5,paper,0.5,LBQCD-D10-contaminated,control-contaminated,concentrated,LBQCD-D10-contaminated/concentrated,1,update,0,0.0,0,0.0,0,0,nan,0,nan,400,400,0.9045394999993732,400,51200,51200,51200,13107200,0.0,0,0,0,"{""0.1"": 0, ""0.2"": 0, ""0.5"": 0, ""1.0"": 0, ""2.0"": 0}",0.012504889958837806,0.2011371603863197,0.9800000000000001,0.10488281249999996,50,0,0
paper-0.5,paper,0.5,LBQCD-D10-contaminated,control-contaminated,concentrated,LBQCD-D10-contaminated/concentrated,2,update,0,0.0,0,0.0,0,0,nan,0,nan,400,400,0.6259452999947825,400,51200,51200,51200,13107200,0.0,0,0,0,"{""0.1"": 0, ""0.2"": 0, ""0.5"": 0, ""1.0"": 0, ""2.0"": 0}",0.011964559768321559,0.18127328682271684,0.9800000000000001,0.08410156249999999,50,0,0
paper-1,paper,1.0,LBQCD-D10-contaminated,control-contaminated,concentrated,LBQCD-D10-contaminated/concentrated,0,update,0,0.0,0,0.0,0,0,nan,0,nan,400,400,0.6929832000023453,400,51200,51200,51200,13107200,0.0,0,0,0,"{""0.1"": 0, ""0.2"": 0, ""0.5"": 0, ""1.0"": 0, ""2.0"": 0}",0.016488857895635256,0.1742359279583623,0.9800000000000001,0.11046874999999999,50,0,0
paper-1,paper,1.0,LBQCD-D10-contaminated,control-contaminated,concentrated,LBQCD-D10-contaminated/concentrated,1,update,0,0.0,0,0.0,0,0,nan,0,nan,400,400,0.6840888000006089,400,51200,51200,51200,13107200,0.0,0,0,0,"{""0.1"": 0, ""0.2"": 0, ""0.5"": 0, ""1.0"": 0, ""2.0"": 0}",0.012616314600365275,0.20091998870014124,0.9800000000000001,0.12316406249999999,100,0,0
paper-1,paper,1.0,LBQCD-D10-contaminated,control-contaminated,concentrated,LBQCD-D10-contaminated/concentrated,2,update,0,0.0,0,0.0,0,0,nan,0,nan,400,400,0.7394027999980608,400,51200,51200,51200,13107200,0.0,0,0,0,"{""0.1"": 0, ""0.2"": 0, ""0.5"": 0, ""1.0"": 0, ""2.0"": 0}",0.010641642354891623,0.18199559790200298,0.9800000000000001,0.1251171875,100,0,0
paper-2,paper,2.0,LBQCD-D10-contaminated,control-contaminated,concentrated,LBQCD-D10-contaminated/concentrated,0,update,0,0.0,0,0.0,0,0,nan,0,nan,400,400,0.7185640999960015,400,51200,51200,51200,13107200,0.0,0,0,0,"{""0.1"": 0, ""0.2"": 0, ""0.5"": 0, ""1.0"": 0, ""2.0"": 0}",0.016631728866537188,0.17484645781509375,0.9800000000000001,0.11171874999999996,50,0,0
paper-2,paper,2.0,LBQCD-D10-contaminated,control-contaminated,concentrated,LBQCD-D10-contaminated/concentrated,1,update,0,0.0,0,0.0,0,0,nan,0,nan,400,400,0.94725820000167,400,51200,51200,51200,13107200,0.0,0,0,0,"{""0.1"": 0, ""0.2"": 0, ""0.5"": 0, ""1.0"": 0, ""2.0"": 0}",0.013999218363816457,0.2009682485182469,0.9800000000000001,0.1329296875,100,0,0
paper-2,paper,2.0,LBQCD-D10-contaminated,control-contaminated,concentrated,LBQCD-D10-contaminated/concentrated,2,update,0,0.0,0,0.0,0,0,nan,0,nan,400,400,0.7300921999994898,400,51200,51200,51200,13107200,0.0,0,0,0,"{""0.1"": 0, ""0.2"": 0, ""0.5"": 0, ""1.0"": 0, ""2.0"": 0}",0.009582746440529366,0.18729564552502698,0.9800000000000001,0.155390625,100,0,0
paper-4,paper,4.0,LBQCD-D10-contaminated,control-contaminated,concentrated,LBQCD-D10-contaminated/concentrated,0,update,0,0.0,0,0.0,0,0,nan,0,nan,400,400,0.8535375999927055,400,51200,51200,51200,13107200,0.0,0,0,0,"{""0.1"": 0, ""0.2"": 0, ""0.5"": 0, ""1.0"": 0, ""2.0"": 0}",0.019277608021956993,0.18438002469801887,0.9800000000000001,0.11925781249999999,50,0,0
paper-4,paper,4.0,LBQCD-D10-contaminated,control-contaminated,concentrated,LBQCD-D10-contaminated/concentrated,1,update,0,0.0,0,0.0,0,0,nan,0,nan,400,400,0.6638578999991296,400,51200,51200,51200,13107200,0.0,0,0,0,"{""0.1"": 0, ""0.2"": 0, ""0.5"": 0, ""1.0"": 0, ""2.0"": 0}",0.018371092914952314,0.1994823783920629,0.9800000000000001,0.1505078125,150,0,0
paper-4,paper,4.0,LBQCD-D10-contaminated,control-contaminated,concentrated,LBQCD-D10-contaminated/concentrated,2,update,0,0.0,0,0.0,0,0,nan,0,nan,400,400,0.6955465999926673,400,51200,51200,51200,13107200,0.0,0,0,0,"{""0.1"": 0, ""0.2"": 0, ""0.5"": 0, ""1.0"": 0, ""2.0"": 0}",0.00857109409670409,0.18573480586025046,0.9800000000000001,0.14046875000000003,100,0,0
qld-v1,qld,0.5,LBQCD-D10-contaminated,control-contaminated,concentrated,LBQCD-D10-contaminated/concentrated,0,update,0,0.7,0,0.0,0,0,nan,0,nan,400,400,0.3200698000000557,400,51200,51200,51200,3932160,501760.0,0,0,0,"{""0.1"": 0, ""0.2"": 0, ""0.5"": 0, ""1.0"": 0, ""2.0"": 0}",0.01290574501348285,0.16048156207140993,0.9800000000000001,0.08996093749999999,50,0,0
qld-v1,qld,0.5,LBQCD-D10-contaminated,control-contaminated,concentrated,LBQCD-D10-contaminated/concentrated,1,update,0,0.7,0,0.0,0,0,nan,0,nan,400,400,0.35094619999290444,400,51200,51200,51200,3932160,501760.0,0,0,0,"{""0.1"": 0, ""0.2"": 0, ""0.5"": 0, ""1.0"": 0, ""2.0"": 0}",0.01315324857821265,0.20028033341793625,0.9800000000000001,0.1534375,50,0,0
qld-v1,qld,0.5,LBQCD-D10-contaminated,control-contaminated,concentrated,LBQCD-D10-contaminated/concentrated,2,update,0,0.7,0,0.0,0,0,nan,0,nan,400,400,0.31236169999465346,400,51200,51200,51200,3932160,501760.0,0,0,0,"{""0.1"": 0, ""0.2"": 0, ""0.5"": 0, ""1.0"": 0, ""2.0"": 0}",0.019194983761382955,0.19374716087076993,0.9800000000000001,0.07308593750000002,50,0,0
rsr-M1024-f0.70-u,rsr,0.5,LBQCD-D10-contaminated,control-contaminated,concentrated,LBQCD-D10-contaminated/concentrated,0,update,1024,0.7,0,0.0,0,0,nan,0,nan,400,400,1.3222479999967618,4600,588800,302080,302080,3932160,5734400.0,0,0,0,"{""0.1"": 0, ""0.2"": 0, ""0.5"": 0, ""1.0"": 0, ""2.0"": 0}",0.01262172769610892,0.16744020074754562,0.9800000000000001,0.09484374999999999,50,0,0
rsr-M1024-f0.70-u,rsr,0.5,LBQCD-D10-contaminated,control-contaminated,concentrated,LBQCD-D10-contaminated/concentrated,1,update,1024,0.7,0,0.0,0,0,nan,0,nan,400,400,1.2825355999957537,4600,588800,302080,302080,3932160,5734400.0,0,0,0,"{""0.1"": 0, ""0.2"": 0, ""0.5"": 0, ""1.0"": 0, ""2.0"": 0}",0.015968474284336676,0.21981178423800207,0.9800000000000001,0.11046874999999999,50,0,0
rsr-M1024-f0.70-u,rsr,0.5,LBQCD-D10-contaminated,control-contaminated,concentrated,LBQCD-D10-contaminated/concentrated,2,update,1024,0.7,0,0.0,0,0,nan,0,nan,400,400,1.3569744999986142,4600,588800,302080,302080,3932160,5734400.0,0,0,0,"{""0.1"": 0, ""0.2"": 0, ""0.5"": 0, ""1.0"": 0, ""2.0"": 0}",0.019837243372584856,0.19085592966601986,0.9800000000000001,0.10531250000000002,50,0,0
gated-M1024-f0.70-u,gated,0.5,LBQCD-D10-contaminated,control-contaminated,missing,LBQCD-D10-contaminated/missing,0,update,1024,0.7,0,0.0,4096,1,3.0625,7,4886.631678346818,400,400,1.3317290999984834,4600,588800,302080,302080,3932160,5734400.0,0,0,0,"{""0.1"": 0, ""0.2"": 0, ""0.5"": 0, ""1.0"": 0, ""2.0"": 0}",0.02965732319865344,0.1925903152416841,0.9800000000000001,0.12093750000000002,50,0,0
gated-M1024-f0.70-u,gated,0.5,LBQCD-D10-contaminated,control-contaminated,missing,LBQCD-D10-contaminated/missing,1,update,1024,0.7,0,0.0,4096,1,2.9375,7,5125.972328128385,400,400,1.332909999997355,4600,588800,302080,302080,3932160,5734400.0,0,0,0,"{""0.1"": 0, ""0.2"": 0, ""0.5"": 0, ""1.0"": 0, ""2.0"": 0}",0.016593083153350285,0.1882733106419307,0.9800000000000001,0.07335937499999999,100,0,0
gated-M1024-f0.70-u,gated,0.5,LBQCD-D10-contaminated,control-contaminated,missing,LBQCD-D10-contaminated/missing,2,update,1024,0.7,0,0.0,4096,1,2.75,7,4856.828161734574,400,400,1.3853001999959815,4600,588800,302080,302080,3932160,5734400.0,0,0,0,"{""0.1"": 0, ""0.2"": 0, ""0.5"": 0, ""1.0"": 0, ""2.0"": 0}",0.015414650092742566,0.17027223216603538,0.9800000000000001,0.10335937500000002,100,0,0
gated-align-M1024-f0.70-u,gated-align,0.5,LBQCD-D10-contaminated,control-contaminated,missing,LBQCD-D10-contaminated/missing,0,update,1024,0.7,0,0.0,4096,1,3.0625,7,4886.631678346818,400,400,1.4627586999995401,4600,588800,302080,302080,3932160,5734400.0,3,491520,384,"{""0.1"": 0, ""0.2"": 0, ""0.5"": 0, ""1.0"": 2, ""2.0"": 1}",0.030169504997365593,0.1934122683480708,0.9800000000000001,0.13,50,0,0
gated-align-M1024-f0.70-u,gated-align,0.5,LBQCD-D10-contaminated,control-contaminated,missing,LBQCD-D10-contaminated/missing,1,update,1024,0.7,0,0.0,4096,1,2.9375,7,5125.972328128385,400,400,1.3251270000037039,4600,588800,302080,302080,3932160,5734400.0,3,491520,384,"{""0.1"": 0, ""0.2"": 0, ""0.5"": 1, ""1.0"": 2, ""2.0"": 0}",0.01680831427287588,0.1928536892923866,0.9800000000000001,0.07601562500000002,100,0,0
gated-align-M1024-f0.70-u,gated-align,0.5,LBQCD-D10-contaminated,control-contaminated,missing,LBQCD-D10-contaminated/missing,2,update,1024,0.7,0,0.0,4096,1,2.75,7,4856.828161734574,400,400,1.4402686999965226,4600,588800,302080,302080,3932160,5734400.0,3,491520,384,"{""0.1"": 0, ""0.2"": 0, ""0.5"": 0, ""1.0"": 3, ""2.0"": 0}",0.01591863051404463,0.17444672731629673,0.9800000000000001,0.11019531250000002,100,0,0
gated-lookahead-M1024-f0.70-u,gated-lookahead,0.5,LBQCD-D10-contaminated,control-contaminated,missing,LBQCD-D10-contaminated/missing,0,update,1024,0.7,0,0.0,4096,1,3.0625,7,4886.631678346818,400,400,1.294331199998851,4600,588800,302080,302080,3932160,5734400.0,3,491520,3840,"{""0.1"": 1, ""0.2"": 0, ""0.5"": 1, ""1.0"": 0, ""2.0"": 1}",0.03416710421706837,0.20006803599797224,0.9800000000000001,0.155390625,50,0,0
gated-lookahead-M1024-f0.70-u,gated-lookahead,0.5,LBQCD-D10-contaminated,control-contaminated,missing,LBQCD-D10-contaminated/missing,1,update,1024,0.7,0,0.0,4096,1,2.9375,7,5125.972328128385,400,400,1.2875411999993958,4600,588800,302080,302080,3932160,5734400.0,3,491520,3840,"{""0.1"": 1, ""0.2"": 0, ""0.5"": 0, ""1.0"": 1, ""2.0"": 1}",0.015908502102369493,0.21001142006134302,0.9800000000000001,0.09093749999999999,100,0,0
gated-lookahead-M1024-f0.70-u,gated-lookahead,0.5,LBQCD-D10-contaminated,control-contaminated,missing,LBQCD-D10-contaminated/missing,2,update,1024,0.7,0,0.0,4096,1,2.75,7,4856.828161734574,400,400,1.245459199999459,4600,588800,302080,302080,3932160,5734400.0,3,491520,3840,"{""0.1"": 0, ""0.2"": 0, ""0.5"": 1, ""1.0"": 0, ""2.0"": 2}",0.014355480250962227,0.17555722286928763,0.9800000000000001,0.10488281249999996,100,0,0
lbqcd-align-M1024-f0.70-u,align,0.5,LBQCD-D10-contaminated,control-contaminated,missing,LBQCD-D10-contaminated/missing,0,update,1024,0.7,0,0.0,0,0,nan,0,nan,400,400,1.3635849000129383,4600,588800,302080,302080,3932160,5734400.0,3,491520,384,"{""0.1"": 0, ""0.2"": 0, ""0.5"": 0, ""1.0"": 2, ""2.0"": 1}",0.030169504997365593,0.1934122683480708,0.9800000000000001,0.13,50,0,0
lbqcd-align-M1024-f0.70-u,align,0.5,LBQCD-D10-contaminated,control-contaminated,missing,LBQCD-D10-contaminated/missing,1,update,1024,0.7,0,0.0,0,0,nan,0,nan,400,400,1.359602199998335,4600,588800,302080,302080,3932160,5734400.0,3,491520,384,"{""0.1"": 0, ""0.2"": 0, ""0.5"": 1, ""1.0"": 2, ""2.0"": 0}",0.01680831427287588,0.1928536892923866,0.9800000000000001,0.07601562500000002,100,0,0
lbqcd-align-M1024-f0.70-u,align,0.5,LBQCD-D10-contaminated,control-contaminated,missing,LBQCD-D10-contaminated/missing,2,update,1024,0.7,0,0.0,0,0,nan,0,nan,400,400,1.363775899997563,4600,588800,302080,302080,3932160,5734400.0,3,491520,384,"{""0.1"": 0, ""0.2"": 0, ""0.5"": 0, ""1.0"": 3, ""2.0"": 0}",0.01591863051404463,0.17444672731629673,0.9800000000000001,0.11019531250000002,100,0,0
lbqcd-lookahead-M1024-f0.70-u,lookahead,0.5,LBQCD-D10-contaminated,control-contaminated,missing,LBQCD-D10-contaminated/missing,0,update,1024,0.7,0,0.0,0,0,nan,0,nan,400,400,1.4151827999885427,4600,588800,302080,302080,3932160,5734400.0,3,491520,3840,"{""0.1"": 1, ""0.2"": 0, ""0.5"": 1, ""1.0"": 0, ""2.0"": 1}",0.03416710421706837,0.20006803599797224,0.9800000000000001,0.155390625,50,0,0
lbqcd-lookahead-M1024-f0.70-u,lookahead,0.5,LBQCD-D10-contaminated,control-contaminated,missing,LBQCD-D10-contaminated/missing,1,update,1024,0.7,0,0.0,0,0,nan,0,nan,400,400,1.306981600006111,4600,588800,302080,302080,3932160,5734400.0,3,491520,3840,"{""0.1"": 1, ""0.2"": 0, ""0.5"": 0, ""1.0"": 1, ""2.0"": 1}",0.015908502102369493,0.21001142006134302,0.9800000000000001,0.09093749999999999,100,0,0
lbqcd-lookahead-M1024-f0.70-u,lookahead,0.5,LBQCD-D10-contaminated,control-contaminated,missing,LBQCD-D10-contaminated/missing,2,update,1024,0.7,0,0.0,0,0,nan,0,nan,400,400,1.2317771000089124,4600,588800,302080,302080,3932160,5734400.0,3,491520,3840,"{""0.1"": 0, ""0.2"": 0, ""0.5"": 1, ""1.0"": 0, ""2.0"": 2}",0.014355480250962227,0.17555722286928763,0.9800000000000001,0.10488281249999996,100,0,0
paper-0.2,paper,0.2,LBQCD-D10-contaminated,control-contaminated,missing,LBQCD-D10-contaminated/missing,0,update,0,0.0,0,0.0,0,0,nan,0,nan,400,400,0.8795574999967357,400,51200,51200,51200,13107200,0.0,0,0,0,"{""0.1"": 0, ""0.2"": 0, ""0.5"": 0, ""1.0"": 0, ""2.0"": 0}",0.018975892637731473,0.16119744433806568,0.9800000000000001,0.10265624999999999,50,0,0
paper-0.2,paper,0.2,LBQCD-D10-contaminated,control-contaminated,missing,LBQCD-D10-contaminated/missing,1,update,0,0.0,0,0.0,0,0,nan,0,nan,400,400,0.7240946000092663,400,51200,51200,51200,13107200,0.0,0,0,0,"{""0.1"": 0, ""0.2"": 0, ""0.5"": 0, ""1.0"": 0, ""2.0"": 0}",0.015947970908869902,0.1925754515970362,0.9800000000000001,0.11214843750000002,50,0,0
paper-0.2,paper,0.2,LBQCD-D10-contaminated,control-contaminated,missing,LBQCD-D10-contaminated/missing,2,update,0,0.0,0,0.0,0,0,nan,0,nan,400,400,0.8206026999978349,400,51200,51200,51200,13107200,0.0,0,0,0,"{""0.1"": 0, ""0.2"": 0, ""0.5"": 0, ""1.0"": 0, ""2.0"": 0}",0.009928117264507819,0.1564209024339968,0.9800000000000001,0.06039062500000002,50,0,0
paper-0.5,paper,0.5,LBQCD-D10-contaminated,control-contaminated,missing,LBQCD-D10-contaminated/missing,0,update,0,0.0,0,0.0,0,0,nan,0,nan,400,400,1.0121061999961967,400,51200,51200,51200,13107200,0.0,0,0,0,"{""0.1"": 0, ""0.2"": 0, ""0.5"": 0, ""1.0"": 0, ""2.0"": 0}",0.015695555398877126,0.16846785570799058,0.9800000000000001,0.14242187500000003,50,0,0
paper-0.5,paper,0.5,LBQCD-D10-contaminated,control-contaminated,missing,LBQCD-D10-contaminated/missing,1,update,0,0.0,0,0.0,0,0,nan,0,nan,400,400,0.8583721000031801,400,51200,51200,51200,13107200,0.0,0,0,0,"{""0.1"": 0, ""0.2"": 0, ""0.5"": 0, ""1.0"": 0, ""2.0"": 0}",0.025651164566943274,0.15959988878275047,0.9800000000000001,0.09484374999999999,100,0,0
paper-0.5,paper,0.5,LBQCD-D10-contaminated,control-contaminated,missing,LBQCD-D10-contaminated/missing,2,update,0,0.0,0,0.0,0,0,nan,0,nan,400,400,0.8179093999933684,400,51200,51200,51200,13107200,0.0,0,0,0,"{""0.1"": 0, ""0.2"": 0, ""0.5"": 0, ""1.0"": 0, ""2.0"": 0}",0.011360074178859758,0.16778880742165087,0.9800000000000001,0.10042968750000002,50,0,0
paper-1,paper,1.0,LBQCD-D10-contaminated,control-contaminated,missing,LBQCD-D10-contaminated/missing,0,update,0,0.0,0,0.0,0,0,nan,0,nan,400,400,0.7029843000054825,400,51200,51200,51200,13107200,0.0,0,0,0,"{""0.1"": 0, ""0.2"": 0, ""0.5"": 0, ""1.0"": 0, ""2.0"": 0}",0.02634071105334579,0.17189612997203374,0.9800000000000001,0.12023437499999999,50,0,0
paper-1,paper,1.0,LBQCD-D10-contaminated,control-contaminated,missing,LBQCD-D10-contaminated/missing,1,update,0,0.0,0,0.0,0,0,nan,0,nan,400,400,0.8050665000046138,400,51200,51200,51200,13107200,0.0,0,0,0,"{""0.1"": 0, ""0.2"": 0, ""0.5"": 0, ""1.0"": 0, ""2.0"": 0}",0.02220511193864705,0.15368139505172457,0.9800000000000001,0.09804687499999996,150,0,0
paper-1,paper,1.0,LBQCD-D10-contaminated,control-contaminated,missing,LBQCD-D10-contaminated/missing,2,update,0,0.0,0,0.0,0,0,nan,0,nan,400,400,0.8068490000005113,400,51200,51200,51200,13107200,0.0,0,0,0,"{""0.1"": 0, ""0.2"": 0, ""0.5"": 0, ""1.0"": 0, ""2.0"": 0}",0.010770154877588256,0.1803602613025023,0.9800000000000001,0.11410156250000002,100,0,0
paper-2,paper,2.0,LBQCD-D10-contaminated,control-contaminated,missing,LBQCD-D10-contaminated/missing,0,update,0,0.0,0,0.0,0,0,nan,0,nan,400,400,0.8861728999909246,400,51200,51200,51200,13107200,0.0,0,0,0,"{""0.1"": 0, ""0.2"": 0, ""0.5"": 0, ""1.0"": 0, ""2.0"": 0}",0.033619301921862466,0.18797541061635656,0.9800000000000001,0.11019531250000002,50,0,0
paper-2,paper,2.0,LBQCD-D10-contaminated,control-contaminated,missing,LBQCD-D10-contaminated/missing,1,update,0,0.0,0,0.0,0,0,nan,0,nan,400,400,0.9712431999942055,400,51200,51200,51200,13107200,0.0,0,0,0,"{""0.1"": 0, ""0.2"": 0, ""0.5"": 0, ""1.0"": 0, ""2.0"": 0}",0.023952365858892488,0.1631711479449959,0.9800000000000001,0.11730468749999999,150,0,0
paper-2,paper,2.0,LBQCD-D10-contaminated,control-contaminated,missing,LBQCD-D10-contaminated/missing,2,update,0,0.0,0,0.0,0,0,nan,0,nan,400,400,0.9238974999898346,400,51200,51200,51200,13107200,0.0,0,0,0,"{""0.1"": 0, ""0.2"": 0, ""0.5"": 0, ""1.0"": 0, ""2.0"": 0}",0.015613762539980813,0.2332274714181873,0.9800000000000001,0.15386718750000006,100,0,0
paper-4,paper,4.0,LBQCD-D10-contaminated,control-contaminated,missing,LBQCD-D10-contaminated/missing,0,update,0,0.0,0,0.0,0,0,nan,0,nan,400,400,0.8628139999927953,400,51200,51200,51200,13107200,0.0,0,0,0,"{""0.1"": 0, ""0.2"": 0, ""0.5"": 0, ""1.0"": 0, ""2.0"": 0}",0.041068603898498424,0.20828871164952806,0.9800000000000001,0.1387890625,50,0,0
paper-4,paper,4.0,LBQCD-D10-contaminated,control-contaminated,missing,LBQCD-D10-contaminated/missing,1,update,0,0.0,0,0.0,0,0,nan,0,nan,400,400,0.7258034999977099,400,51200,51200,51200,13107200,0.0,0,0,0,"{""0.1"": 0, ""0.2"": 0, ""0.5"": 0, ""1.0"": 0, ""2.0"": 0}",0.018611094336893785,0.1868783202455594,0.9800000000000001,0.13027343749999998,100,0,0
paper-4,paper,4.0,LBQCD-D10-contaminated,control-contaminated,missing,LBQCD-D10-contaminated/missing,2,update,0,0.0,0,0.0,0,0,nan,0,nan,400,400,0.7902177000069059,400,51200,51200,51200,13107200,0.0,0,0,0,"{""0.1"": 0, ""0.2"": 0, ""0.5"": 0, ""1.0"": 0, ""2.0"": 0}",0.02793398659050106,0.2502037488322017,0.9800000000000001,0.23910156250000003,100,0,0
qld-v1,qld,0.5,LBQCD-D10-contaminated,control-contaminated,missing,LBQCD-D10-contaminated/missing,0,update,0,0.7,0,0.0,0,0,nan,0,nan,400,400,0.4338064000039594,400,51200,51200,51200,3932160,501760.0,0,0,0,"{""0.1"": 0, ""0.2"": 0, ""0.5"": 0, ""1.0"": 0, ""2.0"": 0}",0.021487618221360805,0.17676063436087625,0.9800000000000001,0.08410156249999999,50,0,0
qld-v1,qld,0.5,LBQCD-D10-contaminated,control-contaminated,missing,LBQCD-D10-contaminated/missing,1,update,0,0.7,0,0.0,0,0,nan,0,nan,400,400,0.4204936999885831,400,51200,51200,51200,3932160,501760.0,0,0,0,"{""0.1"": 0, ""0.2"": 0, ""0.5"": 0, ""1.0"": 0, ""2.0"": 0}",0.027386826360647376,0.16133023895577517,0.9800000000000001,0.08214843749999999,100,0,0
qld-v1,qld,0.5,LBQCD-D10-contaminated,control-contaminated,missing,LBQCD-D10-contaminated/missing,2,update,0,0.7,0,0.0,0,0,nan,0,nan,400,400,0.3804165999899851,400,51200,51200,51200,3932160,501760.0,0,0,0,"{""0.1"": 0, ""0.2"": 0, ""0.5"": 0, ""1.0"": 0, ""2.0"": 0}",0.015569268030477978,0.17135679415516505,0.9800000000000001,0.10656249999999999,100,0,0
rsr-M1024-f0.70-u,rsr,0.5,LBQCD-D10-contaminated,control-contaminated,missing,LBQCD-D10-contaminated/missing,0,update,1024,0.7,0,0.0,0,0,nan,0,nan,400,400,1.4012733999988995,4600,588800,302080,302080,3932160,5734400.0,0,0,0,"{""0.1"": 0, ""0.2"": 0, ""0.5"": 0, ""1.0"": 0, ""2.0"": 0}",0.02965732319865344,0.1925903152416841,0.9800000000000001,0.12093750000000002,50,0,0
rsr-M1024-f0.70-u,rsr,0.5,LBQCD-D10-contaminated,control-contaminated,missing,LBQCD-D10-contaminated/missing,1,update,1024,0.7,0,0.0,0,0,nan,0,nan,400,400,1.373794800005271,4600,588800,302080,302080,3932160,5734400.0,0,0,0,"{""0.1"": 0, ""0.2"": 0, ""0.5"": 0, ""1.0"": 0, ""2.0"": 0}",0.016593083153350285,0.1882733106419307,0.9800000000000001,0.07335937499999999,100,0,0
rsr-M1024-f0.70-u,rsr,0.5,LBQCD-D10-contaminated,control-contaminated,missing,LBQCD-D10-contaminated/missing,2,update,1024,0.7,0,0.0,0,0,nan,0,nan,400,400,1.3744977000023937,4600,588800,302080,302080,3932160,5734400.0,0,0,0,"{""0.1"": 0, ""0.2"": 0, ""0.5"": 0, ""1.0"": 0, ""2.0"": 0}",0.015414650092742566,0.17027223216603538,0.9800000000000001,0.10335937500000002,100,0,0
gated-M1024-f0.70-u,gated,0.5,LBQCD-D11-heavy-t5,control-heavy-tail,concentrated,LBQCD-D11-heavy-t5/concentrated,0,update,1024,0.7,0,0.0,4096,0,128.0,0,0.0,400,400,0.2920635000045877,400,51200,51200,51200,3932160,501760.0,0,0,0,"{""0.1"": 0, ""0.2"": 0, ""0.5"": 0, ""1.0"": 0, ""2.0"": 0}",0.014203402425411626,0.051385957243246565,1.0,0.0,1,0,0
gated-M1024-f0.70-u,gated,0.5,LBQCD-D11-heavy-t5,control-heavy-tail,concentrated,LBQCD-D11-heavy-t5/concentrated,1,update,1024,0.7,0,0.0,4096,0,128.0,0,0.0,400,400,0.33047040000383276,400,51200,51200,51200,3932160,501760.0,0,0,0,"{""0.1"": 0, ""0.2"": 0, ""0.5"": 0, ""1.0"": 0, ""2.0"": 0}",0.003115772906914005,0.058144775076870166,1.0,0.0,1,0,0
gated-M1024-f0.70-u,gated,0.5,LBQCD-D11-heavy-t5,control-heavy-tail,concentrated,LBQCD-D11-heavy-t5/concentrated,2,update,1024,0.7,0,0.0,4096,0,128.0,0,0.0,400,400,0.3370522000041092,400,51200,51200,51200,3932160,501760.0,0,0,0,"{""0.1"": 0, ""0.2"": 0, ""0.5"": 0, ""1.0"": 0, ""2.0"": 0}",0.006478972277704553,0.03692697885740817,1.0,0.0,1,0,0
gated-align-M1024-f0.70-u,gated-align,0.5,LBQCD-D11-heavy-t5,control-heavy-tail,concentrated,LBQCD-D11-heavy-t5/concentrated,0,update,1024,0.7,0,0.0,4096,0,128.0,0,0.0,400,400,0.35191119999217335,400,51200,51200,51200,3932160,501760.0,3,491520,384,"{""0.1"": 0, ""0.2"": 0, ""0.5"": 3, ""1.0"": 0, ""2.0"": 0}",0.014203402425411626,0.051385957243246565,1.0,0.0,1,0,0
gated-align-M1024-f0.70-u,gated-align,0.5,LBQCD-D11-heavy-t5,control-heavy-tail,concentrated,LBQCD-D11-heavy-t5/concentrated,1,update,1024,0.7,0,0.0,4096,0,128.0,0,0.0,400,400,0.4087617999903159,400,51200,51200,51200,3932160,501760.0,3,491520,384,"{""0.1"": 0, ""0.2"": 1, ""0.5"": 1, ""1.0"": 1, ""2.0"": 0}",0.0032406885185300993,0.058066291593764176,1.0,0.0,1,0,0
gated-align-M1024-f0.70-u,gated-align,0.5,LBQCD-D11-heavy-t5,control-heavy-tail,concentrated,LBQCD-D11-heavy-t5/concentrated,2,update,1024,0.7,0,0.0,4096,0,128.0,0,0.0,400,400,0.4065530000079889,400,51200,51200,51200,3932160,501760.0,3,491520,384,"{""0.1"": 0, ""0.2"": 0, ""0.5"": 2, ""1.0"": 0, ""2.0"": 1}",0.007578228770985351,0.040804781739182186,1.0,0.0,1,0,0
gated-lookahead-M1024-f0.70-u,gated-lookahead,0.5,LBQCD-D11-heavy-t5,control-heavy-tail,concentrated,LBQCD-D11-heavy-t5/concentrated,0,update,1024,0.7,0,0.0,4096,0,128.0,0,0.0,400,400,0.3124043999996502,400,51200,51200,51200,3932160,501760.0,3,491520,3840,"{""0.1"": 1, ""0.2"": 0, ""0.5"": 0, ""1.0"": 1, ""2.0"": 1}",0.01188713531755714,0.0716850224628362,1.0,0.0,1,0,0
gated-lookahead-M1024-f0.70-u,gated-lookahead,0.5,LBQCD-D11-heavy-t5,control-heavy-tail,concentrated,LBQCD-D11-heavy-t5/concentrated,1,update,1024,0.7,0,0.0,4096,0,128.0,0,0.0,400,400,0.3886021000071196,400,51200,51200,51200,3932160,501760.0,3,491520,3840,"{""0.1"": 1, ""0.2"": 0, ""0.5"": 1, ""1.0"": 0, ""2.0"": 1}",0.0034255443676356467,0.06842243285696901,1.0,0.0,1,0,0
gated-lookahead-M1024-f0.70-u,gated-lookahead,0.5,LBQCD-D11-heavy-t5,control-heavy-tail,concentrated,LBQCD-D11-heavy-t5/concentrated,2,update,1024,0.7,0,0.0,4096,0,128.0,0,0.0,400,400,0.41121669999847654,400,51200,51200,51200,3932160,501760.0,3,491520,3840,"{""0.1"": 2, ""0.2"": 0, ""0.5"": 0, ""1.0"": 1, ""2.0"": 0}",0.008750321701992858,0.04403903468232214,1.0,0.0,1,0,0
lbqcd-align-M1024-f0.70-u,align,0.5,LBQCD-D11-heavy-t5,control-heavy-tail,concentrated,LBQCD-D11-heavy-t5/concentrated,0,update,1024,0.7,0,0.0,0,0,nan,0,nan,400,400,1.3283268999948632,4600,588800,302080,302080,3932160,5734400.0,3,491520,384,"{""0.1"": 0, ""0.2"": 0, ""0.5"": 2, ""1.0"": 0, ""2.0"": 1}",0.018632429363339087,0.04711587539603683,1.0,0.0,1,0,0
lbqcd-align-M1024-f0.70-u,align,0.5,LBQCD-D11-heavy-t5,control-heavy-tail,concentrated,LBQCD-D11-heavy-t5/concentrated,1,update,1024,0.7,0,0.0,0,0,nan,0,nan,400,400,1.2261467999924207,4600,588800,302080,302080,3932160,5734400.0,3,491520,384,"{""0.1"": 0, ""0.2"": 0, ""0.5"": 2, ""1.0"": 1, ""2.0"": 0}",0.004424996456864783,0.071246765730902,1.0,0.0,1,0,0
lbqcd-align-M1024-f0.70-u,align,0.5,LBQCD-D11-heavy-t5,control-heavy-tail,concentrated,LBQCD-D11-heavy-t5/concentrated,2,update,1024,0.7,0,0.0,0,0,nan,0,nan,400,400,1.2665847999887774,4600,588800,302080,302080,3932160,5734400.0,3,491520,384,"{""0.1"": 0, ""0.2"": 1, ""0.5"": 1, ""1.0"": 1, ""2.0"": 0}",0.008730608760759928,0.05525841163769892,1.0,0.0,1,0,0
lbqcd-lookahead-M1024-f0.70-u,lookahead,0.5,LBQCD-D11-heavy-t5,control-heavy-tail,concentrated,LBQCD-D11-heavy-t5/concentrated,0,update,1024,0.7,0,0.0,0,0,nan,0,nan,400,400,1.2666724000009708,4600,588800,302080,302080,3932160,5734400.0,3,491520,3840,"{""0.1"": 0, ""0.2"": 1, ""0.5"": 1, ""1.0"": 0, ""2.0"": 1}",0.007575447241748412,0.056478582262165594,1.0,0.0,1,0,0
lbqcd-lookahead-M1024-f0.70-u,lookahead,0.5,LBQCD-D11-heavy-t5,control-heavy-tail,concentrated,LBQCD-D11-heavy-t5/concentrated,1,update,1024,0.7,0,0.0,0,0,nan,0,nan,400,400,1.3326913000055356,4600,588800,302080,302080,3932160,5734400.0,3,491520,3840,"{""0.1"": 1, ""0.2"": 0, ""0.5"": 0, ""1.0"": 1, ""2.0"": 1}",0.002642251320838618,0.041932494984686555,1.0,0.0,1,0,0
lbqcd-lookahead-M1024-f0.70-u,lookahead,0.5,LBQCD-D11-heavy-t5,control-heavy-tail,concentrated,LBQCD-D11-heavy-t5/concentrated,2,update,1024,0.7,0,0.0,0,0,nan,0,nan,400,400,1.338688900010311,4600,588800,302080,302080,3932160,5734400.0,3,491520,3840,"{""0.1"": 2, ""0.2"": 0, ""0.5"": 0, ""1.0"": 1, ""2.0"": 0}",0.005914159331369184,0.056623958799003185,1.0,0.0,1,0,0
paper-0.2,paper,0.2,LBQCD-D11-heavy-t5,control-heavy-tail,concentrated,LBQCD-D11-heavy-t5/concentrated,0,update,0,0.0,0,0.0,0,0,nan,0,nan,400,400,0.6045650000014575,400,51200,51200,51200,13107200,0.0,0,0,0,"{""0.1"": 0, ""0.2"": 0, ""0.5"": 0, ""1.0"": 0, ""2.0"": 0}",0.018595852609591956,0.054756326498591565,1.0,0.0,1,0,0
paper-0.2,paper,0.2,LBQCD-D11-heavy-t5,control-heavy-tail,concentrated,LBQCD-D11-heavy-t5/concentrated,1,update,0,0.0,0,0.0,0,0,nan,0,nan,400,400,0.7132750999880955,400,51200,51200,51200,13107200,0.0,0,0,0,"{""0.1"": 0, ""0.2"": 0, ""0.5"": 0, ""1.0"": 0, ""2.0"": 0}",0.010222540807300007,0.11822132038957883,1.0,0.0,1,0,0
paper-0.2,paper,0.2,LBQCD-D11-heavy-t5,control-heavy-tail,concentrated,LBQCD-D11-heavy-t5/concentrated,2,update,0,0.0,0,0.0,0,0,nan,0,nan,400,400,0.8413583999936236,400,51200,51200,51200,13107200,0.0,0,0,0,"{""0.1"": 0, ""0.2"": 0, ""0.5"": 0, ""1.0"": 0, ""2.0"": 0}",0.0059658043534276395,0.04244822333459276,1.0,0.0,1,0,0
paper-0.5,paper,0.5,LBQCD-D11-heavy-t5,control-heavy-tail,concentrated,LBQCD-D11-heavy-t5/concentrated,0,update,0,0.0,0,0.0,0,0,nan,0,nan,400,400,0.800413999997545,400,51200,51200,51200,13107200,0.0,0,0,0,"{""0.1"": 0, ""0.2"": 0, ""0.5"": 0, ""1.0"": 0, ""2.0"": 0}",0.019586630782462366,0.12718393312213355,1.0,0.0,1,0,0
paper-0.5,paper,0.5,LBQCD-D11-heavy-t5,control-heavy-tail,concentrated,LBQCD-D11-heavy-t5/concentrated,1,update,0,0.0,0,0.0,0,0,nan,0,nan,400,400,0.9210307999892393,400,51200,51200,51200,13107200,0.0,0,0,0,"{""0.1"": 0, ""0.2"": 0, ""0.5"": 0, ""1.0"": 0, ""2.0"": 0}",0.007734372153204827,0.08910888197682619,1.0,0.0,1,0,0
paper-0.5,paper,0.5,LBQCD-D11-heavy-t5,control-heavy-tail,concentrated,LBQCD-D11-heavy-t5/concentrated,2,update,0,0.0,0,0.0,0,0,nan,0,nan,400,400,0.5975919000047725,400,51200,51200,51200,13107200,0.0,0,0,0,"{""0.1"": 0, ""0.2"": 0, ""0.5"": 0, ""1.0"": 0, ""2.0"": 0}",0.006745702797690489,0.05294498813040822,1.0,0.0,1,0,0
paper-1,paper,1.0,LBQCD-D11-heavy-t5,control-heavy-tail,concentrated,LBQCD-D11-heavy-t5/concentrated,0,update,0,0.0,0,0.0,0,0,nan,0,nan,400,400,0.5723274999909336,400,51200,51200,51200,13107200,0.0,0,0,0,"{""0.1"": 0, ""0.2"": 0, ""0.5"": 0, ""1.0"": 0, ""2.0"": 0}",0.019713353228908215,0.1370357801722529,1.0,0.0,1,0,0
paper-1,paper,1.0,LBQCD-D11-heavy-t5,control-heavy-tail,concentrated,LBQCD-D11-heavy-t5/concentrated,1,update,0,0.0,0,0.0,0,0,nan,0,nan,400,400,0.6854797000123654,400,51200,51200,51200,13107200,0.0,0,0,0,"{""0.1"": 0, ""0.2"": 0, ""0.5"": 0, ""1.0"": 0, ""2.0"": 0}",0.009350332527435778,0.12195491920764161,1.0,0.0,1,0,0
paper-1,paper,1.0,LBQCD-D11-heavy-t5,control-heavy-tail,concentrated,LBQCD-D11-heavy-t5/concentrated,2,update,0,0.0,0,0.0,0,0,nan,0,nan,400,400,0.7469859999982873,400,51200,51200,51200,13107200,0.0,0,0,0,"{""0.1"": 0, ""0.2"": 0, ""0.5"": 0, ""1.0"": 0, ""2.0"": 0}",0.00594618265558422,0.10415910340927967,1.0,0.0,1,0,0
paper-2,paper,2.0,LBQCD-D11-heavy-t5,control-heavy-tail,concentrated,LBQCD-D11-heavy-t5/concentrated,0,update,0,0.0,0,0.0,0,0,nan,0,nan,400,400,0.7656178000033833,400,51200,51200,51200,13107200,0.0,0,0,0,"{""0.1"": 0, ""0.2"": 0, ""0.5"": 0, ""1.0"": 0, ""2.0"": 0}",0.019320927266459176,0.1268425478785988,1.0,0.0,1,0,0
paper-2,paper,2.0,LBQCD-D11-heavy-t5,control-heavy-tail,concentrated,LBQCD-D11-heavy-t5/concentrated,1,update,0,0.0,0,0.0,0,0,nan,0,nan,400,400,0.8094801000115694,400,51200,51200,51200,13107200,0.0,0,0,0,"{""0.1"": 0, ""0.2"": 0, ""0.5"": 0, ""1.0"": 0, ""2.0"": 0}",0.006467127759599123,0.08256998949240486,1.0,0.0,1,0,0
paper-2,paper,2.0,LBQCD-D11-heavy-t5,control-heavy-tail,concentrated,LBQCD-D11-heavy-t5/concentrated,2,update,0,0.0,0,0.0,0,0,nan,0,nan,400,400,0.7427923000068404,400,51200,51200,51200,13107200,0.0,0,0,0,"{""0.1"": 0, ""0.2"": 0, ""0.5"": 0, ""1.0"": 0, ""2.0"": 0}",0.00879599390058261,0.12952568512986437,1.0,0.0,1,0,0
paper-4,paper,4.0,LBQCD-D11-heavy-t5,control-heavy-tail,concentrated,LBQCD-D11-heavy-t5/concentrated,0,update,0,0.0,0,0.0,0,0,nan,0,nan,400,400,0.6781268999911845,400,51200,51200,51200,13107200,0.0,0,0,0,"{""0.1"": 0, ""0.2"": 0, ""0.5"": 0, ""1.0"": 0, ""2.0"": 0}",0.018503144417332917,0.09522806053674372,1.0,0.0,1,0,0
paper-4,paper,4.0,LBQCD-D11-heavy-t5,control-heavy-tail,concentrated,LBQCD-D11-heavy-t5/concentrated,1,update,0,0.0,0,0.0,0,0,nan,0,nan,400,400,0.6164687999989837,400,51200,51200,51200,13107200,0.0,0,0,0,"{""0.1"": 0, ""0.2"": 0, ""0.5"": 0, ""1.0"": 0, ""2.0"": 0}",0.014809332669195152,0.14346429263242547,1.0,0.0,1,0,0
paper-4,paper,4.0,LBQCD-D11-heavy-t5,control-heavy-tail,concentrated,LBQCD-D11-heavy-t5/concentrated,2,update,0,0.0,0,0.0,0,0,nan,0,nan,400,400,0.7557099999976344,400,51200,51200,51200,13107200,0.0,0,0,0,"{""0.1"": 0, ""0.2"": 0, ""0.5"": 0, ""1.0"": 0, ""2.0"": 0}",0.0294959166148141,0.2494940735814767,1.0,0.0,1,0,0
qld-v1,qld,0.5,LBQCD-D11-heavy-t5,control-heavy-tail,concentrated,LBQCD-D11-heavy-t5/concentrated,0,update,0,0.7,0,0.0,0,0,nan,0,nan,400,400,0.32363680000707973,400,51200,51200,51200,3932160,501760.0,0,0,0,"{""0.1"": 0, ""0.2"": 0, ""0.5"": 0, ""1.0"": 0, ""2.0"": 0}",0.014203402425411626,0.051385957243246565,1.0,0.0,1,0,0
qld-v1,qld,0.5,LBQCD-D11-heavy-t5,control-heavy-tail,concentrated,LBQCD-D11-heavy-t5/concentrated,1,update,0,0.7,0,0.0,0,0,nan,0,nan,400,400,0.3823034999950323,400,51200,51200,51200,3932160,501760.0,0,0,0,"{""0.1"": 0, ""0.2"": 0, ""0.5"": 0, ""1.0"": 0, ""2.0"": 0}",0.003115772906914005,0.058144775076870166,1.0,0.0,1,0,0
qld-v1,qld,0.5,LBQCD-D11-heavy-t5,control-heavy-tail,concentrated,LBQCD-D11-heavy-t5/concentrated,2,update,0,0.7,0,0.0,0,0,nan,0,nan,400,400,0.3641780000034487,400,51200,51200,51200,3932160,501760.0,0,0,0,"{""0.1"": 0, ""0.2"": 0, ""0.5"": 0, ""1.0"": 0, ""2.0"": 0}",0.006478972277704553,0.03692697885740817,1.0,0.0,1,0,0
rsr-M1024-f0.70-u,rsr,0.5,LBQCD-D11-heavy-t5,control-heavy-tail,concentrated,LBQCD-D11-heavy-t5/concentrated,0,update,1024,0.7,0,0.0,0,0,nan,0,nan,400,400,1.266251299995929,4600,588800,302080,302080,3932160,5734400.0,0,0,0,"{""0.1"": 0, ""0.2"": 0, ""0.5"": 0, ""1.0"": 0, ""2.0"": 0}",0.018173607209895914,0.04489148027592443,1.0,0.0,1,0,0
rsr-M1024-f0.70-u,rsr,0.5,LBQCD-D11-heavy-t5,control-heavy-tail,concentrated,LBQCD-D11-heavy-t5/concentrated,1,update,1024,0.7,0,0.0,0,0,nan,0,nan,400,400,1.259569100002409,4600,588800,302080,302080,3932160,5734400.0,0,0,0,"{""0.1"": 0, ""0.2"": 0, ""0.5"": 0, ""1.0"": 0, ""2.0"": 0}",0.004330550234716846,0.07043062858153311,1.0,0.0,1,0,0
rsr-M1024-f0.70-u,rsr,0.5,LBQCD-D11-heavy-t5,control-heavy-tail,concentrated,LBQCD-D11-heavy-t5/concentrated,2,update,1024,0.7,0,0.0,0,0,nan,0,nan,400,400,1.3768680000066524,4600,588800,302080,302080,3932160,5734400.0,0,0,0,"{""0.1"": 0, ""0.2"": 0, ""0.5"": 0, ""1.0"": 0, ""2.0"": 0}",0.007347322974961656,0.04612459985608303,1.0,0.0,1,0,0
gated-M1024-f0.70-u,gated,0.5,LBQCD-D11-heavy-t5,control-heavy-tail,missing,LBQCD-D11-heavy-t5/missing,0,update,1024,0.7,0,0.0,4096,0,128.0,0,0.0,400,400,0.3894323999993503,400,51200,51200,51200,3932160,501760.0,0,0,0,"{""0.1"": 0, ""0.2"": 0, ""0.5"": 0, ""1.0"": 0, ""2.0"": 0}",0.005511017018168252,0.05023522817901599,1.0,0.0,1,0,0
gated-M1024-f0.70-u,gated,0.5,LBQCD-D11-heavy-t5,control-heavy-tail,missing,LBQCD-D11-heavy-t5/missing,1,update,1024,0.7,0,0.0,4096,0,128.0,0,0.0,400,400,0.4188214999885531,400,51200,51200,51200,3932160,501760.0,0,0,0,"{""0.1"": 0, ""0.2"": 0, ""0.5"": 0, ""1.0"": 0, ""2.0"": 0}",0.003442681707254147,0.048513316271181064,1.0,0.0,1,0,0
gated-M1024-f0.70-u,gated,0.5,LBQCD-D11-heavy-t5,control-heavy-tail,missing,LBQCD-D11-heavy-t5/missing,2,update,1024,0.7,0,0.0,4096,0,128.0,0,0.0,400,400,0.38148280000314116,400,51200,51200,51200,3932160,501760.0,0,0,0,"{""0.1"": 0, ""0.2"": 0, ""0.5"": 0, ""1.0"": 0, ""2.0"": 0}",0.006177117173516988,0.06080573379111805,1.0,0.0,1,0,0
gated-align-M1024-f0.70-u,gated-align,0.5,LBQCD-D11-heavy-t5,control-heavy-tail,missing,LBQCD-D11-heavy-t5/missing,0,update,1024,0.7,0,0.0,4096,0,128.0,0,0.0,400,400,0.4335434999957215,400,51200,51200,51200,3932160,501760.0,3,491520,384,"{""0.1"": 0, ""0.2"": 0, ""0.5"": 3, ""1.0"": 0, ""2.0"": 0}",0.005511017018168252,0.05023522817901599,1.0,0.0,1,0,0
gated-align-M1024-f0.70-u,gated-align,0.5,LBQCD-D11-heavy-t5,control-heavy-tail,missing,LBQCD-D11-heavy-t5/missing,1,update,1024,0.7,0,0.0,4096,0,128.0,0,0.0,400,400,0.4209155999997165,400,51200,51200,51200,3932160,501760.0,3,491520,384,"{""0.1"": 0, ""0.2"": 0, ""0.5"": 2, ""1.0"": 1, ""2.0"": 0}",0.0035011620724207937,0.049135233718946014,1.0,0.0,1,0,0
gated-align-M1024-f0.70-u,gated-align,0.5,LBQCD-D11-heavy-t5,control-heavy-tail,missing,LBQCD-D11-heavy-t5/missing,2,update,1024,0.7,0,0.0,4096,0,128.0,0,0.0,400,400,0.38915519999864046,400,51200,51200,51200,3932160,501760.0,3,491520,384,"{""0.1"": 0, ""0.2"": 1, ""0.5"": 0, ""1.0"": 2, ""2.0"": 0}",0.005572447030066874,0.06690601986290012,1.0,0.0,1,0,0
gated-lookahead-M1024-f0.70-u,gated-lookahead,0.5,LBQCD-D11-heavy-t5,control-heavy-tail,missing,LBQCD-D11-heavy-t5/missing,0,update,1024,0.7,0,0.0,4096,0,128.0,0,0.0,400,400,0.4180482999945525,400,51200,51200,51200,3932160,501760.0,3,491520,3840,"{""0.1"": 0, ""0.2"": 0, ""0.5"": 0, ""1.0"": 0, ""2.0"": 3}",0.005267280929965645,0.04410013048435412,1.0,0.0,1,0,0
gated-lookahead-M1024-f0.70-u,gated-lookahead,0.5,LBQCD-D11-heavy-t5,control-heavy-tail,missing,LBQCD-D11-heavy-t5/missing,1,update,1024,0.7,0,0.0,4096,0,128.0,0,0.0,400,400,0.4214914000040153,400,51200,51200,51200,3932160,501760.0,3,491520,3840,"{""0.1"": 1, ""0.2"": 1, ""0.5"": 0, ""1.0"": 0, ""2.0"": 1}",0.002779990571973201,0.04644116577220925,1.0,0.0,1,0,0
gated-lookahead-M1024-f0.70-u,gated-lookahead,0.5,LBQCD-D11-heavy-t5,control-heavy-tail,missing,LBQCD-D11-heavy-t5/missing,2,update,1024,0.7,0,0.0,4096,0,128.0,0,0.0,400,400,0.389538099989295,400,51200,51200,51200,3932160,501760.0,3,491520,3840,"{""0.1"": 1, ""0.2"": 0, ""0.5"": 0, ""1.0"": 1, ""2.0"": 1}",0.006939940830711144,0.06550258304229423,1.0,0.0,1,0,0
lbqcd-align-M1024-f0.70-u,align,0.5,LBQCD-D11-heavy-t5,control-heavy-tail,missing,LBQCD-D11-heavy-t5/missing,0,update,1024,0.7,0,0.0,0,0,nan,0,nan,400,400,1.3840704999893205,4600,588800,302080,302080,3932160,5734400.0,3,491520,384,"{""0.1"": 0, ""0.2"": 1, ""0.5"": 2, ""1.0"": 0, ""2.0"": 0}",0.006284069024802275,0.03904658153098983,1.0,0.0,1,0,0
lbqcd-align-M1024-f0.70-u,align,0.5,LBQCD-D11-heavy-t5,control-heavy-tail,missing,LBQCD-D11-heavy-t5/missing,1,update,1024,0.7,0,0.0,0,0,nan,0,nan,400,400,1.3552414000005228,4600,588800,302080,302080,3932160,5734400.0,3,491520,384,"{""0.1"": 0, ""0.2"": 0, ""0.5"": 3, ""1.0"": 0, ""2.0"": 0}",0.001572954106652702,0.03729163203497606,1.0,0.0,1,0,0
lbqcd-align-M1024-f0.70-u,align,0.5,LBQCD-D11-heavy-t5,control-heavy-tail,missing,LBQCD-D11-heavy-t5/missing,2,update,1024,0.7,0,0.0,0,0,nan,0,nan,400,400,1.4003541999991285,4600,588800,302080,302080,3932160,5734400.0,3,491520,384,"{""0.1"": 0, ""0.2"": 0, ""0.5"": 1, ""1.0"": 2, ""2.0"": 0}",0.012500766332387059,0.08334800821169347,1.0,0.0,1,0,0
lbqcd-lookahead-M1024-f0.70-u,lookahead,0.5,LBQCD-D11-heavy-t5,control-heavy-tail,missing,LBQCD-D11-heavy-t5/missing,0,update,1024,0.7,0,0.0,0,0,nan,0,nan,400,400,1.2070783999952255,4600,588800,302080,302080,3932160,5734400.0,3,491520,3840,"{""0.1"": 1, ""0.2"": 0, ""0.5"": 0, ""1.0"": 0, ""2.0"": 2}",0.027704633945222268,0.16320634483061403,1.0,0.0,1,0,0
lbqcd-lookahead-M1024-f0.70-u,lookahead,0.5,LBQCD-D11-heavy-t5,control-heavy-tail,missing,LBQCD-D11-heavy-t5/missing,1,update,1024,0.7,0,0.0,0,0,nan,0,nan,400,400,1.2525812000094447,4600,588800,302080,302080,3932160,5734400.0,3,491520,3840,"{""0.1"": 0, ""0.2"": 0, ""0.5"": 1, ""1.0"": 0, ""2.0"": 2}",0.0019076045350341353,0.053354868486243524,1.0,0.0,1,0,0
lbqcd-lookahead-M1024-f0.70-u,lookahead,0.5,LBQCD-D11-heavy-t5,control-heavy-tail,missing,LBQCD-D11-heavy-t5/missing,2,update,1024,0.7,0,0.0,0,0,nan,0,nan,400,400,1.358025199995609,4600,588800,302080,302080,3932160,5734400.0,3,491520,3840,"{""0.1"": 1, ""0.2"": 0, ""0.5"": 0, ""1.0"": 1, ""2.0"": 1}",0.005078896550101186,0.05947637221466356,1.0,0.0,1,0,0
paper-0.2,paper,0.2,LBQCD-D11-heavy-t5,control-heavy-tail,missing,LBQCD-D11-heavy-t5/missing,0,update,0,0.0,0,0.0,0,0,nan,0,nan,400,400,0.8112188999948557,400,51200,51200,51200,13107200,0.0,0,0,0,"{""0.1"": 0, ""0.2"": 0, ""0.5"": 0, ""1.0"": 0, ""2.0"": 0}",0.00493420706473624,0.04647506631475994,1.0,0.0,1,0,0
paper-0.2,paper,0.2,LBQCD-D11-heavy-t5,control-heavy-tail,missing,LBQCD-D11-heavy-t5/missing,1,update,0,0.0,0,0.0,0,0,nan,0,nan,400,400,0.7866327000083402,400,51200,51200,51200,13107200,0.0,0,0,0,"{""0.1"": 0, ""0.2"": 0, ""0.5"": 0, ""1.0"": 0, ""2.0"": 0}",0.004461819346003981,0.04563192683227615,1.0,0.0,1,0,0
paper-0.2,paper,0.2,LBQCD-D11-heavy-t5,control-heavy-tail,missing,LBQCD-D11-heavy-t5/missing,2,update,0,0.0,0,0.0,0,0,nan,0,nan,400,400,0.6986618999944767,400,51200,51200,51200,13107200,0.0,0,0,0,"{""0.1"": 0, ""0.2"": 0, ""0.5"": 0, ""1.0"": 0, ""2.0"": 0}",0.010496871166721267,0.10126481396317422,1.0,0.0,1,0,0
paper-0.5,paper,0.5,LBQCD-D11-heavy-t5,control-heavy-tail,missing,LBQCD-D11-heavy-t5/missing,0,update,0,0.0,0,0.0,0,0,nan,0,nan,400,400,0.916636699999799,400,51200,51200,51200,13107200,0.0,0,0,0,"{""0.1"": 0, ""0.2"": 0, ""0.5"": 0, ""1.0"": 0, ""2.0"": 0}",0.0049707366817304255,0.04914608766725788,1.0,0.0,1,0,0
paper-0.5,paper,0.5,LBQCD-D11-heavy-t5,control-heavy-tail,missing,LBQCD-D11-heavy-t5/missing,1,update,0,0.0,0,0.0,0,0,nan,0,nan,400,400,0.7586381000000983,400,51200,51200,51200,13107200,0.0,0,0,0,"{""0.1"": 0, ""0.2"": 0, ""0.5"": 0, ""1.0"": 0, ""2.0"": 0}",0.004377474283890681,0.058666453268731024,1.0,0.0,1,0,0
paper-0.5,paper,0.5,LBQCD-D11-heavy-t5,control-heavy-tail,missing,LBQCD-D11-heavy-t5/missing,2,update,0,0.0,0,0.0,0,0,nan,0,nan,400,400,0.8490555000025779,400,51200,51200,51200,13107200,0.0,0,0,0,"{""0.1"": 0, ""0.2"": 0, ""0.5"": 0, ""1.0"": 0, ""2.0"": 0}",0.007507694829481437,0.08564299726755374,1.0,0.0,1,0,0
paper-1,paper,1.0,LBQCD-D11-heavy-t5,control-heavy-tail,missing,LBQCD-D11-heavy-t5/missing,0,update,0,0.0,0,0.0,0,0,nan,0,nan,400,400,0.6052868999977363,400,51200,51200,51200,13107200,0.0,0,0,0,"{""0.1"": 0, ""0.2"": 0, ""0.5"": 0, ""1.0"": 0, ""2.0"": 0}",0.008037328400023913,0.0729349614732005,1.0,0.0,1,0,0
paper-1,paper,1.0,LBQCD-D11-heavy-t5,control-heavy-tail,missing,LBQCD-D11-heavy-t5/missing,1,update,0,0.0,0,0.0,0,0,nan,0,nan,400,400,0.7302373999991687,400,51200,51200,51200,13107200,0.0,0,0,0,"{""0.1"": 0, ""0.2"": 0, ""0.5"": 0, ""1.0"": 0, ""2.0"": 0}",0.003883540691270504,0.06665579726815236,1.0,0.0,1,0,0
paper-1,paper,1.0,LBQCD-D11-heavy-t5,control-heavy-tail,missing,LBQCD-D11-heavy-t5/missing,2,update,0,0.0,0,0.0,0,0,nan,0,nan,400,400,0.7339011000003666,400,51200,51200,51200,13107200,0.0,0,0,0,"{""0.1"": 0, ""0.2"": 0, ""0.5"": 0, ""1.0"": 0, ""2.0"": 0}",0.005625387499316403,0.09000663258342345,1.0,0.0,1,0,0
paper-2,paper,2.0,LBQCD-D11-heavy-t5,control-heavy-tail,missing,LBQCD-D11-heavy-t5/missing,0,update,0,0.0,0,0.0,0,0,nan,0,nan,400,400,0.7000477999972645,400,51200,51200,51200,13107200,0.0,0,0,0,"{""0.1"": 0, ""0.2"": 0, ""0.5"": 0, ""1.0"": 0, ""2.0"": 0}",0.010511273066008409,0.08426383949316149,1.0,0.0,1,0,0
paper-2,paper,2.0,LBQCD-D11-heavy-t5,control-heavy-tail,missing,LBQCD-D11-heavy-t5/missing,1,update,0,0.0,0,0.0,0,0,nan,0,nan,400,400,0.9396863000001758,400,51200,51200,51200,13107200,0.0,0,0,0,"{""0.1"": 0, ""0.2"": 0, ""0.5"": 0, ""1.0"": 0, ""2.0"": 0}",0.0036681751158091913,0.08207037920104611,1.0,0.0,1,0,0
paper-2,paper,2.0,LBQCD-D11-heavy-t5,control-heavy-tail,missing,LBQCD-D11-heavy-t5/missing,2,update,0,0.0,0,0.0,0,0,nan,0,nan,400,400,0.6901904999976978,400,51200,51200,51200,13107200,0.0,0,0,0,"{""0.1"": 0, ""0.2"": 0, ""0.5"": 0, ""1.0"": 0, ""2.0"": 0}",0.006894209392398043,0.10130415429602399,1.0,0.0,1,0,0
paper-4,paper,4.0,LBQCD-D11-heavy-t5,control-heavy-tail,missing,LBQCD-D11-heavy-t5/missing,0,update,0,0.0,0,0.0,0,0,nan,0,nan,400,400,0.713933699997142,400,51200,51200,51200,13107200,0.0,0,0,0,"{""0.1"": 0, ""0.2"": 0, ""0.5"": 0, ""1.0"": 0, ""2.0"": 0}",0.012905198177890043,0.10098682621806775,1.0,0.0,1,0,0
paper-4,paper,4.0,LBQCD-D11-heavy-t5,control-heavy-tail,missing,LBQCD-D11-heavy-t5/missing,1,update,0,0.0,0,0.0,0,0,nan,0,nan,400,400,0.7826081999955932,400,51200,51200,51200,13107200,0.0,0,0,0,"{""0.1"": 0, ""0.2"": 0, ""0.5"": 0, ""1.0"": 0, ""2.0"": 0}",0.011134302188202216,0.14933486651567182,1.0,0.0,1,0,0
paper-4,paper,4.0,LBQCD-D11-heavy-t5,control-heavy-tail,missing,LBQCD-D11-heavy-t5/missing,2,update,0,0.0,0,0.0,0,0,nan,0,nan,400,400,0.6229863000044134,400,51200,51200,51200,13107200,0.0,0,0,0,"{""0.1"": 0, ""0.2"": 0, ""0.5"": 0, ""1.0"": 0, ""2.0"": 0}",0.014031110220967147,0.14525047180879003,1.0,0.0,1,0,0
qld-v1,qld,0.5,LBQCD-D11-heavy-t5,control-heavy-tail,missing,LBQCD-D11-heavy-t5/missing,0,update,0,0.7,0,0.0,0,0,nan,0,nan,400,400,0.3707109999959357,400,51200,51200,51200,3932160,501760.0,0,0,0,"{""0.1"": 0, ""0.2"": 0, ""0.5"": 0, ""1.0"": 0, ""2.0"": 0}",0.005511017018168252,0.05023522817901599,1.0,0.0,1,0,0
qld-v1,qld,0.5,LBQCD-D11-heavy-t5,control-heavy-tail,missing,LBQCD-D11-heavy-t5/missing,1,update,0,0.7,0,0.0,0,0,nan,0,nan,400,400,0.3585177999921143,400,51200,51200,51200,3932160,501760.0,0,0,0,"{""0.1"": 0, ""0.2"": 0, ""0.5"": 0, ""1.0"": 0, ""2.0"": 0}",0.003442681707254147,0.048513316271181064,1.0,0.0,1,0,0
qld-v1,qld,0.5,LBQCD-D11-heavy-t5,control-heavy-tail,missing,LBQCD-D11-heavy-t5/missing,2,update,0,0.7,0,0.0,0,0,nan,0,nan,400,400,0.28583210000942927,400,51200,51200,51200,3932160,501760.0,0,0,0,"{""0.1"": 0, ""0.2"": 0, ""0.5"": 0, ""1.0"": 0, ""2.0"": 0}",0.006177117173516988,0.06080573379111805,1.0,0.0,1,0,0
rsr-M1024-f0.70-u,rsr,0.5,LBQCD-D11-heavy-t5,control-heavy-tail,missing,LBQCD-D11-heavy-t5/missing,0,update,1024,0.7,0,0.0,0,0,nan,0,nan,400,400,1.2409560999949463,4600,588800,302080,302080,3932160,5734400.0,0,0,0,"{""0.1"": 0, ""0.2"": 0, ""0.5"": 0, ""1.0"": 0, ""2.0"": 0}",0.00734343412002092,0.048826172088714315,1.0,0.0,1,0,0
rsr-M1024-f0.70-u,rsr,0.5,LBQCD-D11-heavy-t5,control-heavy-tail,missing,LBQCD-D11-heavy-t5/missing,1,update,1024,0.7,0,0.0,0,0,nan,0,nan,400,400,1.264464499996393,4600,588800,302080,302080,3932160,5734400.0,0,0,0,"{""0.1"": 0, ""0.2"": 0, ""0.5"": 0, ""1.0"": 0, ""2.0"": 0}",0.001572954106652702,0.03729163203497606,1.0,0.0,1,0,0
rsr-M1024-f0.70-u,rsr,0.5,LBQCD-D11-heavy-t5,control-heavy-tail,missing,LBQCD-D11-heavy-t5/missing,2,update,1024,0.7,0,0.0,0,0,nan,0,nan,400,400,1.2364030000026105,4600,588800,302080,302080,3932160,5734400.0,0,0,0,"{""0.1"": 0, ""0.2"": 0, ""0.5"": 0, ""1.0"": 0, ""2.0"": 0}",0.010731607163732448,0.07655002721542004,1.0,0.0,1,0,0
gated-M1024-f0.70-u,gated,0.5,LBQCD-D12-connected-normal,control-connected,concentrated,LBQCD-D12-connected-normal/concentrated,0,update,1024,0.7,0,0.0,4096,0,128.0,0,0.0,400,400,0.34765590001188684,400,51200,51200,51200,3932160,501760.0,0,0,0,"{""0.1"": 0, ""0.2"": 0, ""0.5"": 0, ""1.0"": 0, ""2.0"": 0}",0.003789460425047464,0.03746931850138009,1.0,0.0,1,0,0
gated-M1024-f0.70-u,gated,0.5,LBQCD-D12-connected-normal,control-connected,concentrated,LBQCD-D12-connected-normal/concentrated,1,update,1024,0.7,0,0.0,4096,0,128.0,0,0.0,400,400,0.4293589000008069,400,51200,51200,51200,3932160,501760.0,0,0,0,"{""0.1"": 0, ""0.2"": 0, ""0.5"": 0, ""1.0"": 0, ""2.0"": 0}",0.006393169188756431,0.04852995281202067,1.0,0.0,1,0,0
gated-M1024-f0.70-u,gated,0.5,LBQCD-D12-connected-normal,control-connected,concentrated,LBQCD-D12-connected-normal/concentrated,2,update,1024,0.7,0,0.0,4096,0,128.0,0,0.0,400,400,0.35897609998937696,400,51200,51200,51200,3932160,501760.0,0,0,0,"{""0.1"": 0, ""0.2"": 0, ""0.5"": 0, ""1.0"": 0, ""2.0"": 0}",0.010538931462236834,0.09724491426955074,1.0,0.0,1,0,0
gated-align-M1024-f0.70-u,gated-align,0.5,LBQCD-D12-connected-normal,control-connected,concentrated,LBQCD-D12-connected-normal/concentrated,0,update,1024,0.7,0,0.0,4096,0,128.0,0,0.0,400,400,0.37878030000138097,400,51200,51200,51200,3932160,501760.0,3,491520,384,"{""0.1"": 0, ""0.2"": 0, ""0.5"": 2, ""1.0"": 1, ""2.0"": 0}",0.003855656015912645,0.0380078927796916,1.0,0.0,1,0,0
gated-align-M1024-f0.70-u,gated-align,0.5,LBQCD-D12-connected-normal,control-connected,concentrated,LBQCD-D12-connected-normal/concentrated,1,update,1024,0.7,0,0.0,4096,0,128.0,0,0.0,400,400,0.3847606000053929,400,51200,51200,51200,3932160,501760.0,3,491520,384,"{""0.1"": 0, ""0.2"": 0, ""0.5"": 2, ""1.0"": 1, ""2.0"": 0}",0.00735091638430152,0.052652693366405455,1.0,0.0,1,0,0
gated-align-M1024-f0.70-u,gated-align,0.5,LBQCD-D12-connected-normal,control-connected,concentrated,LBQCD-D12-connected-normal/concentrated,2,update,1024,0.7,0,0.0,4096,0,128.0,0,0.0,400,400,0.3910866999940481,400,51200,51200,51200,3932160,501760.0,3,491520,384,"{""0.1"": 0, ""0.2"": 0, ""0.5"": 3, ""1.0"": 0, ""2.0"": 0}",0.010538931462236834,0.09724491426955074,1.0,0.0,1,0,0
gated-lookahead-M1024-f0.70-u,gated-lookahead,0.5,LBQCD-D12-connected-normal,control-connected,concentrated,LBQCD-D12-connected-normal/concentrated,0,update,1024,0.7,0,0.0,4096,0,128.0,0,0.0,400,400,0.4213294000073802,400,51200,51200,51200,3932160,501760.0,3,491520,3840,"{""0.1"": 2, ""0.2"": 0, ""0.5"": 0, ""1.0"": 1, ""2.0"": 0}",0.004870308530464884,0.04255353015329836,1.0,0.0,1,0,0
gated-lookahead-M1024-f0.70-u,gated-lookahead,0.5,LBQCD-D12-connected-normal,control-connected,concentrated,LBQCD-D12-connected-normal/concentrated,1,update,1024,0.7,0,0.0,4096,0,128.0,0,0.0,400,400,0.43649269999878015,400,51200,51200,51200,3932160,501760.0,3,491520,3840,"{""0.1"": 0, ""0.2"": 1, ""0.5"": 0, ""1.0"": 1, ""2.0"": 1}",0.005925472828233858,0.04867214107627315,1.0,0.0,1,0,0
gated-lookahead-M1024-f0.70-u,gated-lookahead,0.5,LBQCD-D12-connected-normal,control-connected,concentrated,LBQCD-D12-connected-normal/concentrated,2,update,1024,0.7,0,0.0,4096,0,128.0,0,0.0,400,400,0.4186355999991065,400,51200,51200,51200,3932160,501760.0,3,491520,3840,"{""0.1"": 2, ""0.2"": 0, ""0.5"": 0, ""1.0"": 0, ""2.0"": 1}",0.005122319899856009,0.0894524946108378,1.0,0.0,1,0,0
lbqcd-align-M1024-f0.70-u,align,0.5,LBQCD-D12-connected-normal,control-connected,concentrated,LBQCD-D12-connected-normal/concentrated,0,update,1024,0.7,0,0.0,0,0,nan,0,nan,400,400,1.458689900013269,4600,588800,302080,302080,3932160,5734400.0,3,491520,384,"{""0.1"": 0, ""0.2"": 0, ""0.5"": 3, ""1.0"": 0, ""2.0"": 0}",0.006959443484924721,0.05810681859817559,1.0,0.0,1,0,0
lbqcd-align-M1024-f0.70-u,align,0.5,LBQCD-D12-connected-normal,control-connected,concentrated,LBQCD-D12-connected-normal/concentrated,1,update,1024,0.7,0,0.0,0,0,nan,0,nan,400,400,1.4338163000065833,4600,588800,302080,302080,3932160,5734400.0,3,491520,384,"{""0.1"": 0, ""0.2"": 0, ""0.5"": 2, ""1.0"": 1, ""2.0"": 0}",0.0042820090504371855,0.04066787094139963,1.0,0.0,1,0,0
lbqcd-align-M1024-f0.70-u,align,0.5,LBQCD-D12-connected-normal,control-connected,concentrated,LBQCD-D12-connected-normal/concentrated,2,update,1024,0.7,0,0.0,0,0,nan,0,nan,400,400,1.3534318000019994,4600,588800,302080,302080,3932160,5734400.0,3,491520,384,"{""0.1"": 0, ""0.2"": 0, ""0.5"": 2, ""1.0"": 1, ""2.0"": 0}",0.0018112754972672285,0.05172824889670124,1.0,0.0,1,0,0
lbqcd-lookahead-M1024-f0.70-u,lookahead,0.5,LBQCD-D12-connected-normal,control-connected,concentrated,LBQCD-D12-connected-normal/concentrated,0,update,1024,0.7,0,0.0,0,0,nan,0,nan,400,400,1.2356876999983797,4600,588800,302080,302080,3932160,5734400.0,3,491520,3840,"{""0.1"": 2, ""0.2"": 0, ""0.5"": 0, ""1.0"": 1, ""2.0"": 0}",0.006823621401367053,0.05598307915269394,1.0,0.0,1,0,0
lbqcd-lookahead-M1024-f0.70-u,lookahead,0.5,LBQCD-D12-connected-normal,control-connected,concentrated,LBQCD-D12-connected-normal/concentrated,1,update,1024,0.7,0,0.0,0,0,nan,0,nan,400,400,1.2070133999950485,4600,588800,302080,302080,3932160,5734400.0,3,491520,3840,"{""0.1"": 1, ""0.2"": 0, ""0.5"": 0, ""1.0"": 1, ""2.0"": 1}",0.005089909606020626,0.052344763397409906,1.0,0.0,1,0,0
lbqcd-lookahead-M1024-f0.70-u,lookahead,0.5,LBQCD-D12-connected-normal,control-connected,concentrated,LBQCD-D12-connected-normal/concentrated,2,update,1024,0.7,0,0.0,0,0,nan,0,nan,400,400,1.218301300003077,4600,588800,302080,302080,3932160,5734400.0,3,491520,3840,"{""0.1"": 2, ""0.2"": 0, ""0.5"": 0, ""1.0"": 0, ""2.0"": 1}",0.0038600697131112582,0.06320256461627341,1.0,0.0,1,0,0
paper-0.2,paper,0.2,LBQCD-D12-connected-normal,control-connected,concentrated,LBQCD-D12-connected-normal/concentrated,0,update,0,0.0,0,0.0,0,0,nan,0,nan,400,400,0.6329688000114402,400,51200,51200,51200,13107200,0.0,0,0,0,"{""0.1"": 0, ""0.2"": 0, ""0.5"": 0, ""1.0"": 0, ""2.0"": 0}",0.00791797697645058,0.07076641041032768,1.0,0.0,1,0,0
paper-0.2,paper,0.2,LBQCD-D12-connected-normal,control-connected,concentrated,LBQCD-D12-connected-normal/concentrated,1,update,0,0.0,0,0.0,0,0,nan,0,nan,400,400,0.7206342999998014,400,51200,51200,51200,13107200,0.0,0,0,0,"{""0.1"": 0, ""0.2"": 0, ""0.5"": 0, ""1.0"": 0, ""2.0"": 0}",0.007044588634865345,0.06532960978722778,1.0,0.0,1,0,0
paper-0.2,paper,0.2,LBQCD-D12-connected-normal,control-connected,concentrated,LBQCD-D12-connected-normal/concentrated,2,update,0,0.0,0,0.0,0,0,nan,0,nan,400,400,0.6576430999994045,400,51200,51200,51200,13107200,0.0,0,0,0,"{""0.1"": 0, ""0.2"": 0, ""0.5"": 0, ""1.0"": 0, ""2.0"": 0}",0.015498945349883275,0.1357679111509257,1.0,0.0,1,0,0
paper-0.5,paper,0.5,LBQCD-D12-connected-normal,control-connected,concentrated,LBQCD-D12-connected-normal/concentrated,0,update,0,0.0,0,0.0,0,0,nan,0,nan,400,400,0.7136370000080206,400,51200,51200,51200,13107200,0.0,0,0,0,"{""0.1"": 0, ""0.2"": 0, ""0.5"": 0, ""1.0"": 0, ""2.0"": 0}",0.004454982439528576,0.048262786966949266,1.0,0.0,1,0,0
paper-0.5,paper,0.5,LBQCD-D12-connected-normal,control-connected,concentrated,LBQCD-D12-connected-normal/concentrated,1,update,0,0.0,0,0.0,0,0,nan,0,nan,400,400,0.8895303000026615,400,51200,51200,51200,13107200,0.0,0,0,0,"{""0.1"": 0, ""0.2"": 0, ""0.5"": 0, ""1.0"": 0, ""2.0"": 0}",0.00820619910517939,0.08231286896577451,1.0,0.0,1,0,0
paper-0.5,paper,0.5,LBQCD-D12-connected-normal,control-connected,concentrated,LBQCD-D12-connected-normal/concentrated,2,update,0,0.0,0,0.0,0,0,nan,0,nan,400,400,0.688542600008077,400,51200,51200,51200,13107200,0.0,0,0,0,"{""0.1"": 0, ""0.2"": 0, ""0.5"": 0, ""1.0"": 0, ""2.0"": 0}",0.014193435519432862,0.12437400210651815,1.0,0.0,1,0,0
paper-1,paper,1.0,LBQCD-D12-connected-normal,control-connected,concentrated,LBQCD-D12-connected-normal/concentrated,0,update,0,0.0,0,0.0,0,0,nan,0,nan,400,400,0.7824232999992091,400,51200,51200,51200,13107200,0.0,0,0,0,"{""0.1"": 0, ""0.2"": 0, ""0.5"": 0, ""1.0"": 0, ""2.0"": 0}",0.0058234953497990904,0.0672012190513674,1.0,0.0,1,0,0
paper-1,paper,1.0,LBQCD-D12-connected-normal,control-connected,concentrated,LBQCD-D12-connected-normal/concentrated,1,update,0,0.0,0,0.0,0,0,nan,0,nan,400,400,0.7589991999993799,400,51200,51200,51200,13107200,0.0,0,0,0,"{""0.1"": 0, ""0.2"": 0, ""0.5"": 0, ""1.0"": 0, ""2.0"": 0}",0.00985635548490782,0.09233534325887943,1.0,0.0,1,0,0
paper-1,paper,1.0,LBQCD-D12-connected-normal,control-connected,concentrated,LBQCD-D12-connected-normal/concentrated,2,update,0,0.0,0,0.0,0,0,nan,0,nan,400,400,0.6342699999950128,400,51200,51200,51200,13107200,0.0,0,0,0,"{""0.1"": 0, ""0.2"": 0, ""0.5"": 0, ""1.0"": 0, ""2.0"": 0}",0.012716861982944305,0.11841352671758357,1.0,0.0,1,0,0
paper-2,paper,2.0,LBQCD-D12-connected-normal,control-connected,concentrated,LBQCD-D12-connected-normal/concentrated,0,update,0,0.0,0,0.0,0,0,nan,0,nan,400,400,0.6847317000065232,400,51200,51200,51200,13107200,0.0,0,0,0,"{""0.1"": 0, ""0.2"": 0, ""0.5"": 0, ""1.0"": 0, ""2.0"": 0}",0.0050148675534529286,0.08787251289983576,1.0,0.0,1,0,0
paper-2,paper,2.0,LBQCD-D12-connected-normal,control-connected,concentrated,LBQCD-D12-connected-normal/concentrated,1,update,0,0.0,0,0.0,0,0,nan,0,nan,400,400,0.7603822999953991,400,51200,51200,51200,13107200,0.0,0,0,0,"{""0.1"": 0, ""0.2"": 0, ""0.5"": 0, ""1.0"": 0, ""2.0"": 0}",0.01753465862166248,0.14703643173989198,1.0,0.0,1,0,0
paper-2,paper,2.0,LBQCD-D12-connected-normal,control-connected,concentrated,LBQCD-D12-connected-normal/concentrated,2,update,0,0.0,0,0.0,0,0,nan,0,nan,400,400,0.7507979999936651,400,51200,51200,51200,13107200,0.0,0,0,0,"{""0.1"": 0, ""0.2"": 0, ""0.5"": 0, ""1.0"": 0, ""2.0"": 0}",0.013189539985805965,0.10358542513184958,1.0,0.0,1,0,0
paper-4,paper,4.0,LBQCD-D12-connected-normal,control-connected,concentrated,LBQCD-D12-connected-normal/concentrated,0,update,0,0.0,0,0.0,0,0,nan,0,nan,400,400,0.7366925000096671,400,51200,51200,51200,13107200,0.0,0,0,0,"{""0.1"": 0, ""0.2"": 0, ""0.5"": 0, ""1.0"": 0, ""2.0"": 0}",0.010960373904597143,0.1499525240320675,1.0,0.0,1,0,0
paper-4,paper,4.0,LBQCD-D12-connected-normal,control-connected,concentrated,LBQCD-D12-connected-normal/concentrated,1,update,0,0.0,0,0.0,0,0,nan,0,nan,400,400,0.665206899997429,400,51200,51200,51200,13107200,0.0,0,0,0,"{""0.1"": 0, ""0.2"": 0, ""0.5"": 0, ""1.0"": 0, ""2.0"": 0}",0.019992358114978348,0.16581424334838465,1.0,0.0,1,0,0
paper-4,paper,4.0,LBQCD-D12-connected-normal,control-connected,concentrated,LBQCD-D12-connected-normal/concentrated,2,update,0,0.0,0,0.0,0,0,nan,0,nan,400,400,0.8198931000079028,400,51200,51200,51200,13107200,0.0,0,0,0,"{""0.1"": 0, ""0.2"": 0, ""0.5"": 0, ""1.0"": 0, ""2.0"": 0}",0.026163814826642096,0.16360797827359397,1.0,0.0,1,0,0
qld-v1,qld,0.5,LBQCD-D12-connected-normal,control-connected,concentrated,LBQCD-D12-connected-normal/concentrated,0,update,0,0.7,0,0.0,0,0,nan,0,nan,400,400,0.44596669999009464,400,51200,51200,51200,3932160,501760.0,0,0,0,"{""0.1"": 0, ""0.2"": 0, ""0.5"": 0, ""1.0"": 0, ""2.0"": 0}",0.003789460425047464,0.03746931850138009,1.0,0.0,1,0,0
qld-v1,qld,0.5,LBQCD-D12-connected-normal,control-connected,concentrated,LBQCD-D12-connected-normal/concentrated,1,update,0,0.7,0,0.0,0,0,nan,0,nan,400,400,0.34572189999744296,400,51200,51200,51200,3932160,501760.0,0,0,0,"{""0.1"": 0, ""0.2"": 0, ""0.5"": 0, ""1.0"": 0, ""2.0"": 0}",0.006393169188756431,0.04852995281202067,1.0,0.0,1,0,0
qld-v1,qld,0.5,LBQCD-D12-connected-normal,control-connected,concentrated,LBQCD-D12-connected-normal/concentrated,2,update,0,0.7,0,0.0,0,0,nan,0,nan,400,400,0.3133280000038212,400,51200,51200,51200,3932160,501760.0,0,0,0,"{""0.1"": 0, ""0.2"": 0, ""0.5"": 0, ""1.0"": 0, ""2.0"": 0}",0.010538931462236834,0.09724491426955074,1.0,0.0,1,0,0
rsr-M1024-f0.70-u,rsr,0.5,LBQCD-D12-connected-normal,control-connected,concentrated,LBQCD-D12-connected-normal/concentrated,0,update,1024,0.7,0,0.0,0,0,nan,0,nan,400,400,1.3822552999918116,4600,588800,302080,302080,3932160,5734400.0,0,0,0,"{""0.1"": 0, ""0.2"": 0, ""0.5"": 0, ""1.0"": 0, ""2.0"": 0}",0.006959443484924721,0.05810681859817559,1.0,0.0,1,0,0
rsr-M1024-f0.70-u,rsr,0.5,LBQCD-D12-connected-normal,control-connected,concentrated,LBQCD-D12-connected-normal/concentrated,1,update,1024,0.7,0,0.0,0,0,nan,0,nan,400,400,1.37058389998856,4600,588800,302080,302080,3932160,5734400.0,0,0,0,"{""0.1"": 0, ""0.2"": 0, ""0.5"": 0, ""1.0"": 0, ""2.0"": 0}",0.004555520636098542,0.04009389836439746,1.0,0.0,1,0,0
rsr-M1024-f0.70-u,rsr,0.5,LBQCD-D12-connected-normal,control-connected,concentrated,LBQCD-D12-connected-normal/concentrated,2,update,1024,0.7,0,0.0,0,0,nan,0,nan,400,400,1.3657363999955123,4600,588800,302080,302080,3932160,5734400.0,0,0,0,"{""0.1"": 0, ""0.2"": 0, ""0.5"": 0, ""1.0"": 0, ""2.0"": 0}",0.0017670875877244807,0.04942711279207622,1.0,0.0,1,0,0
gated-M1024-f0.70-u,gated,0.5,LBQCD-D12-connected-normal,control-connected,missing,LBQCD-D12-connected-normal/missing,0,update,1024,0.7,0,0.0,4096,0,128.0,0,0.0,400,400,0.41049879998899996,400,51200,51200,51200,3932160,501760.0,0,0,0,"{""0.1"": 0, ""0.2"": 0, ""0.5"": 0, ""1.0"": 0, ""2.0"": 0}",0.0049502012306874565,0.026815571066405496,1.0,0.0,1,0,0
gated-M1024-f0.70-u,gated,0.5,LBQCD-D12-connected-normal,control-connected,missing,LBQCD-D12-connected-normal/missing,1,update,1024,0.7,0,0.0,4096,0,128.0,0,0.0,400,400,0.4063903000060236,400,51200,51200,51200,3932160,501760.0,0,0,0,"{""0.1"": 0, ""0.2"": 0, ""0.5"": 0, ""1.0"": 0, ""2.0"": 0}",0.005812357555426084,0.05229606008316091,1.0,0.0,1,0,0
gated-M1024-f0.70-u,gated,0.5,LBQCD-D12-connected-normal,control-connected,missing,LBQCD-D12-connected-normal/missing,2,update,1024,0.7,0,0.0,4096,0,128.0,0,0.0,400,400,0.39466590000665747,400,51200,51200,51200,3932160,501760.0,0,0,0,"{""0.1"": 0, ""0.2"": 0, ""0.5"": 0, ""1.0"": 0, ""2.0"": 0}",0.003795319043102152,0.07863565110306626,1.0,0.0,1,0,0
gated-align-M1024-f0.70-u,gated-align,0.5,LBQCD-D12-connected-normal,control-connected,missing,LBQCD-D12-connected-normal/missing,0,update,1024,0.7,0,0.0,4096,0,128.0,0,0.0,400,400,0.3330606999952579,400,51200,51200,51200,3932160,501760.0,3,491520,384,"{""0.1"": 0, ""0.2"": 0, ""0.5"": 3, ""1.0"": 0, ""2.0"": 0}",0.0049502012306874565,0.026815571066405496,1.0,0.0,1,0,0
gated-align-M1024-f0.70-u,gated-align,0.5,LBQCD-D12-connected-normal,control-connected,missing,LBQCD-D12-connected-normal/missing,1,update,1024,0.7,0,0.0,4096,0,128.0,0,0.0,400,400,0.3620369000127539,400,51200,51200,51200,3932160,501760.0,3,491520,384,"{""0.1"": 0, ""0.2"": 1, ""0.5"": 2, ""1.0"": 0, ""2.0"": 0}",0.005790251312214556,0.07019007927318541,1.0,0.0,1,0,0
gated-align-M1024-f0.70-u,gated-align,0.5,LBQCD-D12-connected-normal,control-connected,missing,LBQCD-D12-connected-normal/missing,2,update,1024,0.7,0,0.0,4096,0,128.0,0,0.0,400,400,0.3656554000044707,400,51200,51200,51200,3932160,501760.0,3,491520,384,"{""0.1"": 0, ""0.2"": 0, ""0.5"": 3, ""1.0"": 0, ""2.0"": 0}",0.003795319043102152,0.07863565110306626,1.0,0.0,1,0,0
gated-lookahead-M1024-f0.70-u,gated-lookahead,0.5,LBQCD-D12-connected-normal,control-connected,missing,LBQCD-D12-connected-normal/missing,0,update,1024,0.7,0,0.0,4096,0,128.0,0,0.0,400,400,0.400062100001378,400,51200,51200,51200,3932160,501760.0,3,491520,3840,"{""0.1"": 0, ""0.2"": 0, ""0.5"": 0, ""1.0"": 2, ""2.0"": 1}",0.004901070187905976,0.027899480789786445,1.0,0.0,1,0,0
gated-lookahead-M1024-f0.70-u,gated-lookahead,0.5,LBQCD-D12-connected-normal,control-connected,missing,LBQCD-D12-connected-normal/missing,1,update,1024,0.7,0,0.0,4096,0,128.0,0,0.0,400,400,0.46406260000367183,400,51200,51200,51200,3932160,501760.0,3,491520,3840,"{""0.1"": 1, ""0.2"": 0, ""0.5"": 1, ""1.0"": 0, ""2.0"": 1}",0.00608997430862912,0.08176012746512662,1.0,0.0,1,0,0
gated-lookahead-M1024-f0.70-u,gated-lookahead,0.5,LBQCD-D12-connected-normal,control-connected,missing,LBQCD-D12-connected-normal/missing,2,update,1024,0.7,0,0.0,4096,0,128.0,0,0.0,400,400,0.39472620000015013,400,51200,51200,51200,3932160,501760.0,3,491520,3840,"{""0.1"": 1, ""0.2"": 0, ""0.5"": 0, ""1.0"": 2, ""2.0"": 0}",0.004271553935275785,0.07869200516909969,1.0,0.0,1,0,0
lbqcd-align-M1024-f0.70-u,align,0.5,LBQCD-D12-connected-normal,control-connected,missing,LBQCD-D12-connected-normal/missing,0,update,1024,0.7,0,0.0,0,0,nan,0,nan,400,400,1.3769812999962596,4600,588800,302080,302080,3932160,5734400.0,3,491520,384,"{""0.1"": 0, ""0.2"": 1, ""0.5"": 2, ""1.0"": 0, ""2.0"": 0}",0.005814960661620461,0.03285309492088122,1.0,0.0,1,0,0
lbqcd-align-M1024-f0.70-u,align,0.5,LBQCD-D12-connected-normal,control-connected,missing,LBQCD-D12-connected-normal/missing,1,update,1024,0.7,0,0.0,0,0,nan,0,nan,400,400,1.3633065999893006,4600,588800,302080,302080,3932160,5734400.0,3,491520,384,"{""0.1"": 0, ""0.2"": 1, ""0.5"": 1, ""1.0"": 1, ""2.0"": 0}",0.00540770799181467,0.08931141033086819,1.0,0.0,1,0,0
lbqcd-align-M1024-f0.70-u,align,0.5,LBQCD-D12-connected-normal,control-connected,missing,LBQCD-D12-connected-normal/missing,2,update,1024,0.7,0,0.0,0,0,nan,0,nan,400,400,1.3757727000047453,4600,588800,302080,302080,3932160,5734400.0,3,491520,384,"{""0.1"": 0, ""0.2"": 0, ""0.5"": 3, ""1.0"": 0, ""2.0"": 0}",0.003020221022761893,0.05226853098629629,1.0,0.0,1,0,0
lbqcd-lookahead-M1024-f0.70-u,lookahead,0.5,LBQCD-D12-connected-normal,control-connected,missing,LBQCD-D12-connected-normal/missing,0,update,1024,0.7,0,0.0,0,0,nan,0,nan,400,400,1.4199338000034913,4600,588800,302080,302080,3932160,5734400.0,3,491520,3840,"{""0.1"": 1, ""0.2"": 1, ""0.5"": 0, ""1.0"": 0, ""2.0"": 1}",0.01410144134987279,0.08324556211628373,1.0,0.0,1,0,0
lbqcd-lookahead-M1024-f0.70-u,lookahead,0.5,LBQCD-D12-connected-normal,control-connected,missing,LBQCD-D12-connected-normal/missing,1,update,1024,0.7,0,0.0,0,0,nan,0,nan,400,400,1.3426040000049397,4600,588800,302080,302080,3932160,5734400.0,3,491520,3840,"{""0.1"": 3, ""0.2"": 0, ""0.5"": 0, ""1.0"": 0, ""2.0"": 0}",0.006998004731935792,0.05276136366216277,1.0,0.0,1,0,0
lbqcd-lookahead-M1024-f0.70-u,lookahead,0.5,LBQCD-D12-connected-normal,control-connected,missing,LBQCD-D12-connected-normal/missing,2,update,1024,0.7,0,0.0,0,0,nan,0,nan,400,400,1.3473855000047479,4600,588800,302080,302080,3932160,5734400.0,3,491520,3840,"{""0.1"": 0, ""0.2"": 0, ""0.5"": 0, ""1.0"": 2, ""2.0"": 1}",0.0029494481819520857,0.05390025073089675,1.0,0.0,1,0,0
paper-0.2,paper,0.2,LBQCD-D12-connected-normal,control-connected,missing,LBQCD-D12-connected-normal/missing,0,update,0,0.0,0,0.0,0,0,nan,0,nan,400,400,0.6587578000035137,400,51200,51200,51200,13107200,0.0,0,0,0,"{""0.1"": 0, ""0.2"": 0, ""0.5"": 0, ""1.0"": 0, ""2.0"": 0}",0.004856007635755777,0.03000442725158777,1.0,0.0,1,0,0
paper-0.2,paper,0.2,LBQCD-D12-connected-normal,control-connected,missing,LBQCD-D12-connected-normal/missing,1,update,0,0.0,0,0.0,0,0,nan,0,nan,400,400,0.6521351000119466,400,51200,51200,51200,13107200,0.0,0,0,0,"{""0.1"": 0, ""0.2"": 0, ""0.5"": 0, ""1.0"": 0, ""2.0"": 0}",0.004960341136188484,0.05222452408454182,1.0,0.0,1,0,0
paper-0.2,paper,0.2,LBQCD-D12-connected-normal,control-connected,missing,LBQCD-D12-connected-normal/missing,2,update,0,0.0,0,0.0,0,0,nan,0,nan,400,400,0.7645129000011366,400,51200,51200,51200,13107200,0.0,0,0,0,"{""0.1"": 0, ""0.2"": 0, ""0.5"": 0, ""1.0"": 0, ""2.0"": 0}",0.004515874253816499,0.06321339760713089,1.0,0.0,1,0,0
paper-0.5,paper,0.5,LBQCD-D12-connected-normal,control-connected,missing,LBQCD-D12-connected-normal/missing,0,update,0,0.0,0,0.0,0,0,nan,0,nan,400,400,0.6407729000056861,400,51200,51200,51200,13107200,0.0,0,0,0,"{""0.1"": 0, ""0.2"": 0, ""0.5"": 0, ""1.0"": 0, ""2.0"": 0}",0.0030003553200124156,0.04224858023994598,1.0,0.0,1,0,0
paper-0.5,paper,0.5,LBQCD-D12-connected-normal,control-connected,missing,LBQCD-D12-connected-normal/missing,1,update,0,0.0,0,0.0,0,0,nan,0,nan,400,400,0.7129201000061585,400,51200,51200,51200,13107200,0.0,0,0,0,"{""0.1"": 0, ""0.2"": 0, ""0.5"": 0, ""1.0"": 0, ""2.0"": 0}",0.007034032742406993,0.031103038492338607,1.0,0.0,1,0,0
paper-0.5,paper,0.5,LBQCD-D12-connected-normal,control-connected,missing,LBQCD-D12-connected-normal/missing,2,update,0,0.0,0,0.0,0,0,nan,0,nan,400,400,0.6692226000013761,400,51200,51200,51200,13107200,0.0,0,0,0,"{""0.1"": 0, ""0.2"": 0, ""0.5"": 0, ""1.0"": 0, ""2.0"": 0}",0.003103626926211467,0.0544515315019073,1.0,0.0,1,0,0
paper-1,paper,1.0,LBQCD-D12-connected-normal,control-connected,missing,LBQCD-D12-connected-normal/missing,0,update,0,0.0,0,0.0,0,0,nan,0,nan,400,400,0.7483219999994617,400,51200,51200,51200,13107200,0.0,0,0,0,"{""0.1"": 0, ""0.2"": 0, ""0.5"": 0, ""1.0"": 0, ""2.0"": 0}",0.004471085504249128,0.0631502137195567,1.0,0.0,1,0,0
paper-1,paper,1.0,LBQCD-D12-connected-normal,control-connected,missing,LBQCD-D12-connected-normal/missing,1,update,0,0.0,0,0.0,0,0,nan,0,nan,400,400,0.7183411000005435,400,51200,51200,51200,13107200,0.0,0,0,0,"{""0.1"": 0, ""0.2"": 0, ""0.5"": 0, ""1.0"": 0, ""2.0"": 0}",0.007336280340312085,0.0377542182535342,1.0,0.0,1,0,0
paper-1,paper,1.0,LBQCD-D12-connected-normal,control-connected,missing,LBQCD-D12-connected-normal/missing,2,update,0,0.0,0,0.0,0,0,nan,0,nan,400,400,0.7387584999960382,400,51200,51200,51200,13107200,0.0,0,0,0,"{""0.1"": 0, ""0.2"": 0, ""0.5"": 0, ""1.0"": 0, ""2.0"": 0}",0.003386129089726131,0.05037928096882157,1.0,0.0,1,0,0
paper-2,paper,2.0,LBQCD-D12-connected-normal,control-connected,missing,LBQCD-D12-connected-normal/missing,0,update,0,0.0,0,0.0,0,0,nan,0,nan,400,400,0.6532068999949843,400,51200,51200,51200,13107200,0.0,0,0,0,"{""0.1"": 0, ""0.2"": 0, ""0.5"": 0, ""1.0"": 0, ""2.0"": 0}",0.00537761046989349,0.07411085431316716,1.0,0.0,1,0,0
paper-2,paper,2.0,LBQCD-D12-connected-normal,control-connected,missing,LBQCD-D12-connected-normal/missing,1,update,0,0.0,0,0.0,0,0,nan,0,nan,400,400,0.8548442000028444,400,51200,51200,51200,13107200,0.0,0,0,0,"{""0.1"": 0, ""0.2"": 0, ""0.5"": 0, ""1.0"": 0, ""2.0"": 0}",0.007085016481104711,0.047716965621005254,1.0,0.0,1,0,0
paper-2,paper,2.0,LBQCD-D12-connected-normal,control-connected,missing,LBQCD-D12-connected-normal/missing,2,update,0,0.0,0,0.0,0,0,nan,0,nan,400,400,0.7577511999988928,400,51200,51200,51200,13107200,0.0,0,0,0,"{""0.1"": 0, ""0.2"": 0, ""0.5"": 0, ""1.0"": 0, ""2.0"": 0}",0.004130874537512819,0.05671691791159325,1.0,0.0,1,0,0
paper-4,paper,4.0,LBQCD-D12-connected-normal,control-connected,missing,LBQCD-D12-connected-normal/missing,0,update,0,0.0,0,0.0,0,0,nan,0,nan,400,400,0.7063191000052029,400,51200,51200,51200,13107200,0.0,0,0,0,"{""0.1"": 0, ""0.2"": 0, ""0.5"": 0, ""1.0"": 0, ""2.0"": 0}",0.006860257171374506,0.09038623195037654,1.0,0.0,1,0,0
paper-4,paper,4.0,LBQCD-D12-connected-normal,control-connected,missing,LBQCD-D12-connected-normal/missing,1,update,0,0.0,0,0.0,0,0,nan,0,nan,400,400,0.6944974999933038,400,51200,51200,51200,13107200,0.0,0,0,0,"{""0.1"": 0, ""0.2"": 0, ""0.5"": 0, ""1.0"": 0, ""2.0"": 0}",0.007955465993183752,0.08661020846642467,1.0,0.0,1,0,0
paper-4,paper,4.0,LBQCD-D12-connected-normal,control-connected,missing,LBQCD-D12-connected-normal/missing,2,update,0,0.0,0,0.0,0,0,nan,0,nan,400,400,0.6191789000004064,400,51200,51200,51200,13107200,0.0,0,0,0,"{""0.1"": 0, ""0.2"": 0, ""0.5"": 0, ""1.0"": 0, ""2.0"": 0}",0.007524273195837594,0.08006747039140746,1.0,0.0,1,0,0
qld-v1,qld,0.5,LBQCD-D12-connected-normal,control-connected,missing,LBQCD-D12-connected-normal/missing,0,update,0,0.7,0,0.0,0,0,nan,0,nan,400,400,0.38717539999925066,400,51200,51200,51200,3932160,501760.0,0,0,0,"{""0.1"": 0, ""0.2"": 0, ""0.5"": 0, ""1.0"": 0, ""2.0"": 0}",0.0049502012306874565,0.026815571066405496,1.0,0.0,1,0,0
qld-v1,qld,0.5,LBQCD-D12-connected-normal,control-connected,missing,LBQCD-D12-connected-normal/missing,1,update,0,0.7,0,0.0,0,0,nan,0,nan,400,400,0.3324986999941757,400,51200,51200,51200,3932160,501760.0,0,0,0,"{""0.1"": 0, ""0.2"": 0, ""0.5"": 0, ""1.0"": 0, ""2.0"": 0}",0.005812357555426084,0.05229606008316091,1.0,0.0,1,0,0
qld-v1,qld,0.5,LBQCD-D12-connected-normal,control-connected,missing,LBQCD-D12-connected-normal/missing,2,update,0,0.7,0,0.0,0,0,nan,0,nan,400,400,0.3706167999916943,400,51200,51200,51200,3932160,501760.0,0,0,0,"{""0.1"": 0, ""0.2"": 0, ""0.5"": 0, ""1.0"": 0, ""2.0"": 0}",0.003795319043102152,0.07863565110306626,1.0,0.0,1,0,0
rsr-M1024-f0.70-u,rsr,0.5,LBQCD-D12-connected-normal,control-connected,missing,LBQCD-D12-connected-normal/missing,0,update,1024,0.7,0,0.0,0,0,nan,0,nan,400,400,1.4171594000072218,4600,588800,302080,302080,3932160,5734400.0,0,0,0,"{""0.1"": 0, ""0.2"": 0, ""0.5"": 0, ""1.0"": 0, ""2.0"": 0}",0.0071591909095682915,0.03829849478381918,1.0,0.0,1,0,0
rsr-M1024-f0.70-u,rsr,0.5,LBQCD-D12-connected-normal,control-connected,missing,LBQCD-D12-connected-normal/missing,1,update,1024,0.7,0,0.0,0,0,nan,0,nan,400,400,1.2924458000052255,4600,588800,302080,302080,3932160,5734400.0,0,0,0,"{""0.1"": 0, ""0.2"": 0, ""0.5"": 0, ""1.0"": 0, ""2.0"": 0}",0.005909195514861798,0.0679688868400701,1.0,0.0,1,0,0
rsr-M1024-f0.70-u,rsr,0.5,LBQCD-D12-connected-normal,control-connected,missing,LBQCD-D12-connected-normal/missing,2,update,1024,0.7,0,0.0,0,0,nan,0,nan,400,400,1.3026726000098279,4600,588800,302080,302080,3932160,5734400.0,0,0,0,"{""0.1"": 0, ""0.2"": 0, ""0.5"": 0, ""1.0"": 0, ""2.0"": 0}",0.003020221022761893,0.05226853098629629,1.0,0.0,1,0,0
