arm,kind,tau,target,family,init,cell,seed,budget,virtual_batch,warm_fraction,pulse_period,noise_mix,planned_steps,completed_steps,wall_seconds,generator_forward_calls,generator_example_evals,unique_latent_samples,target_samples,kernel_pairs,sort_work,selector_calls,selector_kernel_pairs,selector_example_evals,tau_counts,ed2,sw1,weighted_reach,mass_l1,event_time,censored,diverged
nrsr-M1024-f0.70-l0.25-u,nrsr,0.5,LBQCD-D01-unequal-min050-K8,unequal,concentrated,LBQCD-D01-unequal-min050-K8/concentrated,0,update,1024,0.7,0,0.25,400,400,1.2753315000009025,4600,588800,302080,302080,3932160,5734400.0,0,0,0,"{""0.2"": 0, ""0.5"": 0, ""1.0"": 0, ""2.0"": 0, ""4.0"": 0}",0.022615689589170263,0.16030248538083544,1.0,0.054140625,150,0,0
nrsr-M1024-f0.70-l0.25-u,nrsr,0.5,LBQCD-D01-unequal-min050-K8,unequal,concentrated,LBQCD-D01-unequal-min050-K8/concentrated,1,update,1024,0.7,0,0.25,400,400,1.3454228000045987,4600,588800,302080,302080,3932160,5734400.0,0,0,0,"{""0.2"": 0, ""0.5"": 0, ""1.0"": 0, ""2.0"": 0, ""4.0"": 0}",0.014698963593437364,0.14834875911463535,1.0,0.07703125,50,0,0
nrsr-M1024-f0.70-l0.25-u,nrsr,0.5,LBQCD-D01-unequal-min050-K8,unequal,concentrated,LBQCD-D01-unequal-min050-K8/concentrated,2,update,1024,0.7,0,0.25,400,400,1.3395612000022084,4600,588800,302080,302080,3932160,5734400.0,0,0,0,"{""0.2"": 0, ""0.5"": 0, ""1.0"": 0, ""2.0"": 0, ""4.0"": 0}",0.01715893196842,0.16012389088562912,1.0,0.10371093749999999,100,0,0
nrsr-M1024-f0.70-l0.50-u,nrsr,0.5,LBQCD-D01-unequal-min050-K8,unequal,concentrated,LBQCD-D01-unequal-min050-K8/concentrated,0,update,1024,0.7,0,0.5,400,400,1.3216972000082023,4600,588800,302080,302080,3932160,5734400.0,0,0,0,"{""0.2"": 0, ""0.5"": 0, ""1.0"": 0, ""2.0"": 0, ""4.0"": 0}",0.02169371406443177,0.16152955764167545,1.0,0.0678125,150,0,0
nrsr-M1024-f0.70-l0.50-u,nrsr,0.5,LBQCD-D01-unequal-min050-K8,unequal,concentrated,LBQCD-D01-unequal-min050-K8/concentrated,1,update,1024,0.7,0,0.5,400,400,1.3586474999901839,4600,588800,302080,302080,3932160,5734400.0,0,0,0,"{""0.2"": 0, ""0.5"": 0, ""1.0"": 0, ""2.0"": 0, ""4.0"": 0}",0.014424561207412978,0.14789214717956556,1.0,0.0741015625,50,0,0
nrsr-M1024-f0.70-l0.50-u,nrsr,0.5,LBQCD-D01-unequal-min050-K8,unequal,concentrated,LBQCD-D01-unequal-min050-K8/concentrated,2,update,1024,0.7,0,0.5,400,400,1.3864075000019511,4600,588800,302080,302080,3932160,5734400.0,0,0,0,"{""0.2"": 0, ""0.5"": 0, ""1.0"": 0, ""2.0"": 0, ""4.0"": 0}",0.01721540468558702,0.15949898410214497,1.0,0.10859374999999999,100,0,0
nrsr-M1024-f0.70-l0.75-u,nrsr,0.5,LBQCD-D01-unequal-min050-K8,unequal,concentrated,LBQCD-D01-unequal-min050-K8/concentrated,0,update,1024,0.7,0,0.75,400,400,1.3760542000090936,4600,588800,302080,302080,3932160,5734400.0,0,0,0,"{""0.2"": 0, ""0.5"": 0, ""1.0"": 0, ""2.0"": 0, ""4.0"": 0}",0.023079197888976832,0.15978178681087943,1.0,0.053554687499999976,150,0,0
nrsr-M1024-f0.70-l0.75-u,nrsr,0.5,LBQCD-D01-unequal-min050-K8,unequal,concentrated,LBQCD-D01-unequal-min050-K8/concentrated,1,update,1024,0.7,0,0.75,400,400,1.3939199000014924,4600,588800,302080,302080,3932160,5734400.0,0,0,0,"{""0.2"": 0, ""0.5"": 0, ""1.0"": 0, ""2.0"": 0, ""4.0"": 0}",0.012252569117989776,0.15054552787855724,1.0,0.05953125000000001,100,0,0
nrsr-M1024-f0.70-l0.75-u,nrsr,0.5,LBQCD-D01-unequal-min050-K8,unequal,concentrated,LBQCD-D01-unequal-min050-K8/concentrated,2,update,1024,0.7,0,0.75,400,400,1.3808422000001883,4600,588800,302080,302080,3932160,5734400.0,0,0,0,"{""0.2"": 0, ""0.5"": 0, ""1.0"": 0, ""2.0"": 0, ""4.0"": 0}",0.017223367410694967,0.159782254956389,1.0,0.10761718749999999,100,0,0
paper-0.2,paper,0.2,LBQCD-D01-unequal-min050-K8,unequal,concentrated,LBQCD-D01-unequal-min050-K8/concentrated,0,update,0,0.0,0,0.0,400,400,0.7944386999879498,400,51200,51200,51200,13107200,0.0,0,0,0,"{""0.2"": 0, ""0.5"": 0, ""1.0"": 0, ""2.0"": 0, ""4.0"": 0}",0.012940135709264666,0.1531127094934163,1.0,0.08878906250000002,100,0,0
paper-0.2,paper,0.2,LBQCD-D01-unequal-min050-K8,unequal,concentrated,LBQCD-D01-unequal-min050-K8/concentrated,1,update,0,0.0,0,0.0,400,400,0.7845894999918528,400,51200,51200,51200,13107200,0.0,0,0,0,"{""0.2"": 0, ""0.5"": 0, ""1.0"": 0, ""2.0"": 0, ""4.0"": 0}",0.011842598470700239,0.13786795632815724,1.0,0.0640625,50,0,0
paper-0.2,paper,0.2,LBQCD-D01-unequal-min050-K8,unequal,concentrated,LBQCD-D01-unequal-min050-K8/concentrated,2,update,0,0.0,0,0.0,400,400,0.7919737999909557,400,51200,51200,51200,13107200,0.0,0,0,0,"{""0.2"": 0, ""0.5"": 0, ""1.0"": 0, ""2.0"": 0, ""4.0"": 0}",0.012944645781945985,0.1488212335115702,1.0,0.08222656250000002,50,0,0
paper-0.5,paper,0.5,LBQCD-D01-unequal-min050-K8,unequal,concentrated,LBQCD-D01-unequal-min050-K8/concentrated,0,update,0,0.0,0,0.0,400,400,0.6510635000013281,400,51200,51200,51200,13107200,0.0,0,0,0,"{""0.2"": 0, ""0.5"": 0, ""1.0"": 0, ""2.0"": 0, ""4.0"": 0}",0.02523463738585252,0.1626057771680749,1.0,0.09031250000000002,100,0,0
paper-0.5,paper,0.5,LBQCD-D01-unequal-min050-K8,unequal,concentrated,LBQCD-D01-unequal-min050-K8/concentrated,1,update,0,0.0,0,0.0,400,400,0.8127871999895433,400,51200,51200,51200,13107200,0.0,0,0,0,"{""0.2"": 0, ""0.5"": 0, ""1.0"": 0, ""2.0"": 0, ""4.0"": 0}",0.012419901776399733,0.15026235473697477,1.0,0.07343749999999996,100,0,0
paper-0.5,paper,0.5,LBQCD-D01-unequal-min050-K8,unequal,concentrated,LBQCD-D01-unequal-min050-K8/concentrated,2,update,0,0.0,0,0.0,400,400,0.7795234000077471,400,51200,51200,51200,13107200,0.0,0,0,0,"{""0.2"": 0, ""0.5"": 0, ""1.0"": 0, ""2.0"": 0, ""4.0"": 0}",0.014935281546164747,0.16313985421656405,1.0,0.13574218750000003,100,0,0
paper-1,paper,1.0,LBQCD-D01-unequal-min050-K8,unequal,concentrated,LBQCD-D01-unequal-min050-K8/concentrated,0,update,0,0.0,0,0.0,400,400,0.7028976000001421,400,51200,51200,51200,13107200,0.0,0,0,0,"{""0.2"": 0, ""0.5"": 0, ""1.0"": 0, ""2.0"": 0, ""4.0"": 0}",0.02874689712312062,0.1686927389108414,1.0,0.11062500000000003,200,0,0
paper-1,paper,1.0,LBQCD-D01-unequal-min050-K8,unequal,concentrated,LBQCD-D01-unequal-min050-K8/concentrated,1,update,0,0.0,0,0.0,400,400,0.5869027000007918,400,51200,51200,51200,13107200,0.0,0,0,0,"{""0.2"": 0, ""0.5"": 0, ""1.0"": 0, ""2.0"": 0, ""4.0"": 0}",0.011924113595340735,0.15292779967905556,1.0,0.06972656249999998,150,0,0
paper-1,paper,1.0,LBQCD-D01-unequal-min050-K8,unequal,concentrated,LBQCD-D01-unequal-min050-K8/concentrated,2,update,0,0.0,0,0.0,400,400,0.8075022999983048,400,51200,51200,51200,13107200,0.0,0,0,0,"{""0.2"": 0, ""0.5"": 0, ""1.0"": 0, ""2.0"": 0, ""4.0"": 0}",0.019381341095712212,0.16972012736377304,1.0,0.17136718750000002,350,0,0
paper-2,paper,2.0,LBQCD-D01-unequal-min050-K8,unequal,concentrated,LBQCD-D01-unequal-min050-K8/concentrated,0,update,0,0.0,0,0.0,400,400,0.7147735999897122,400,51200,51200,51200,13107200,0.0,0,0,0,"{""0.2"": 0, ""0.5"": 0, ""1.0"": 0, ""2.0"": 0, ""4.0"": 0}",0.03372044430221521,0.1829799235288247,0.86,0.1677734375,400,1,0
paper-2,paper,2.0,LBQCD-D01-unequal-min050-K8,unequal,concentrated,LBQCD-D01-unequal-min050-K8/concentrated,1,update,0,0.0,0,0.0,400,400,0.6584982000058517,400,51200,51200,51200,13107200,0.0,0,0,0,"{""0.2"": 0, ""0.5"": 0, ""1.0"": 0, ""2.0"": 0, ""4.0"": 0}",0.01733915690849286,0.18151827360754322,0.86,0.173515625,400,1,0
paper-2,paper,2.0,LBQCD-D01-unequal-min050-K8,unequal,concentrated,LBQCD-D01-unequal-min050-K8/concentrated,2,update,0,0.0,0,0.0,400,400,0.6086791999987327,400,51200,51200,51200,13107200,0.0,0,0,0,"{""0.2"": 0, ""0.5"": 0, ""1.0"": 0, ""2.0"": 0, ""4.0"": 0}",0.028980088516761038,0.19559950859384642,1.0,0.21894531250000004,400,0,0
paper-4,paper,4.0,LBQCD-D01-unequal-min050-K8,unequal,concentrated,LBQCD-D01-unequal-min050-K8/concentrated,0,update,0,0.0,0,0.0,400,400,0.5990225999994436,400,51200,51200,51200,13107200,0.0,0,0,0,"{""0.2"": 0, ""0.5"": 0, ""1.0"": 0, ""2.0"": 0, ""4.0"": 0}",0.03498222939072537,0.19194486981395595,0.86,0.2665234375,400,1,0
paper-4,paper,4.0,LBQCD-D01-unequal-min050-K8,unequal,concentrated,LBQCD-D01-unequal-min050-K8/concentrated,1,update,0,0.0,0,0.0,400,400,0.6808453999983612,400,51200,51200,51200,13107200,0.0,0,0,0,"{""0.2"": 0, ""0.5"": 0, ""1.0"": 0, ""2.0"": 0, ""4.0"": 0}",0.02417857160259551,0.20848349064140625,0.86,0.392890625,400,1,0
paper-4,paper,4.0,LBQCD-D01-unequal-min050-K8,unequal,concentrated,LBQCD-D01-unequal-min050-K8/concentrated,2,update,0,0.0,0,0.0,400,400,0.8595810000115307,400,51200,51200,51200,13107200,0.0,0,0,0,"{""0.2"": 0, ""0.5"": 0, ""1.0"": 0, ""2.0"": 0, ""4.0"": 0}",0.03467430286013995,0.22478367367910124,1.0,0.27199218750000004,400,0,0
qld-v1,qld,0.5,LBQCD-D01-unequal-min050-K8,unequal,concentrated,LBQCD-D01-unequal-min050-K8/concentrated,0,update,0,0.7,0,0.0,400,400,0.3840493999887258,400,51200,51200,51200,3932160,501760.0,0,0,0,"{""0.2"": 0, ""0.5"": 0, ""1.0"": 0, ""2.0"": 0, ""4.0"": 0}",0.02083966037519369,0.15952076006799348,1.0,0.11777343750000002,100,0,0
qld-v1,qld,0.5,LBQCD-D01-unequal-min050-K8,unequal,concentrated,LBQCD-D01-unequal-min050-K8/concentrated,1,update,0,0.7,0,0.0,400,400,0.310694700005115,400,51200,51200,51200,3932160,501760.0,0,0,0,"{""0.2"": 0, ""0.5"": 0, ""1.0"": 0, ""2.0"": 0, ""4.0"": 0}",0.013503729310657242,0.1514362225211519,1.0,0.129453125,100,0,0
qld-v1,qld,0.5,LBQCD-D01-unequal-min050-K8,unequal,concentrated,LBQCD-D01-unequal-min050-K8/concentrated,2,update,0,0.7,0,0.0,400,400,0.36778919999778736,400,51200,51200,51200,3932160,501760.0,0,0,0,"{""0.2"": 0, ""0.5"": 0, ""1.0"": 0, ""2.0"": 0, ""4.0"": 0}",0.020931325057341077,0.16660808419136308,1.0,0.14777343750000002,100,0,0
rsr-M1024-f0.70-u,rsr,0.5,LBQCD-D01-unequal-min050-K8,unequal,concentrated,LBQCD-D01-unequal-min050-K8/concentrated,0,update,1024,0.7,0,0.0,400,400,1.1011798999970779,4600,588800,302080,302080,3932160,5734400.0,0,0,0,"{""0.2"": 0, ""0.5"": 0, ""1.0"": 0, ""2.0"": 0, ""4.0"": 0}",0.0218105285562058,0.16060275866445214,1.0,0.0629296875,150,0,0
rsr-M1024-f0.70-u,rsr,0.5,LBQCD-D01-unequal-min050-K8,unequal,concentrated,LBQCD-D01-unequal-min050-K8/concentrated,1,update,1024,0.7,0,0.0,400,400,1.2057719000004,4600,588800,302080,302080,3932160,5734400.0,0,0,0,"{""0.2"": 0, ""0.5"": 0, ""1.0"": 0, ""2.0"": 0, ""4.0"": 0}",0.014881819662576845,0.14654499107730887,1.0,0.038007812500000016,50,0,0
rsr-M1024-f0.70-u,rsr,0.5,LBQCD-D01-unequal-min050-K8,unequal,concentrated,LBQCD-D01-unequal-min050-K8/concentrated,2,update,1024,0.7,0,0.0,400,400,1.1145687000098405,4600,588800,302080,302080,3932160,5734400.0,0,0,0,"{""0.2"": 0, ""0.5"": 0, ""1.0"": 0, ""2.0"": 0, ""4.0"": 0}",0.017326698644466898,0.16098890058623225,1.0,0.11542968749999999,100,0,0
nrsr-M1024-f0.70-l0.25-u,nrsr,0.5,LBQCD-D01-unequal-min050-K8,unequal,missing,LBQCD-D01-unequal-min050-K8/missing,0,update,1024,0.7,0,0.25,400,400,1.5059089999995194,4600,588800,302080,302080,3932160,5734400.0,0,0,0,"{""0.2"": 0, ""0.5"": 0, ""1.0"": 0, ""2.0"": 0, ""4.0"": 0}",0.019387152816107367,0.14563849162322287,1.0,0.07179687500000001,100,0,0
nrsr-M1024-f0.70-l0.25-u,nrsr,0.5,LBQCD-D01-unequal-min050-K8,unequal,missing,LBQCD-D01-unequal-min050-K8/missing,1,update,1024,0.7,0,0.25,400,400,1.411303400003817,4600,588800,302080,302080,3932160,5734400.0,0,0,0,"{""0.2"": 0, ""0.5"": 0, ""1.0"": 0, ""2.0"": 0, ""4.0"": 0}",0.018215603403062275,0.14535224592379986,1.0,0.06117187499999999,100,0,0
nrsr-M1024-f0.70-l0.25-u,nrsr,0.5,LBQCD-D01-unequal-min050-K8,unequal,missing,LBQCD-D01-unequal-min050-K8/missing,2,update,1024,0.7,0,0.25,400,400,1.3971503999928245,4600,588800,302080,302080,3932160,5734400.0,0,0,0,"{""0.2"": 0, ""0.5"": 0, ""1.0"": 0, ""2.0"": 0, ""4.0"": 0}",0.012881210057980708,0.1523419771655273,1.0,0.09378906249999999,100,0,0
nrsr-M1024-f0.70-l0.50-u,nrsr,0.5,LBQCD-D01-unequal-min050-K8,unequal,missing,LBQCD-D01-unequal-min050-K8/missing,0,update,1024,0.7,0,0.5,400,400,1.32498749998922,4600,588800,302080,302080,3932160,5734400.0,0,0,0,"{""0.2"": 0, ""0.5"": 0, ""1.0"": 0, ""2.0"": 0, ""4.0"": 0}",0.018641387362531958,0.1432867298339574,1.0,0.0719921875,100,0,0
nrsr-M1024-f0.70-l0.50-u,nrsr,0.5,LBQCD-D01-unequal-min050-K8,unequal,missing,LBQCD-D01-unequal-min050-K8/missing,1,update,1024,0.7,0,0.5,400,400,1.4486305000027642,4600,588800,302080,302080,3932160,5734400.0,0,0,0,"{""0.2"": 0, ""0.5"": 0, ""1.0"": 0, ""2.0"": 0, ""4.0"": 0}",0.01787004422663041,0.14546953045651254,1.0,0.06449218749999996,100,0,0
nrsr-M1024-f0.70-l0.50-u,nrsr,0.5,LBQCD-D01-unequal-min050-K8,unequal,missing,LBQCD-D01-unequal-min050-K8/missing,2,update,1024,0.7,0,0.5,400,400,1.4083180000016,4600,588800,302080,302080,3932160,5734400.0,0,0,0,"{""0.2"": 0, ""0.5"": 0, ""1.0"": 0, ""2.0"": 0, ""4.0"": 0}",0.012885027442840036,0.15170323542408246,1.0,0.09476562499999999,100,0,0
nrsr-M1024-f0.70-l0.75-u,nrsr,0.5,LBQCD-D01-unequal-min050-K8,unequal,missing,LBQCD-D01-unequal-min050-K8/missing,0,update,1024,0.7,0,0.75,400,400,1.2581406999961473,4600,588800,302080,302080,3932160,5734400.0,0,0,0,"{""0.2"": 0, ""0.5"": 0, ""1.0"": 0, ""2.0"": 0, ""4.0"": 0}",0.01834380972373495,0.14506151083571595,1.0,0.07398437499999999,100,0,0
nrsr-M1024-f0.70-l0.75-u,nrsr,0.5,LBQCD-D01-unequal-min050-K8,unequal,missing,LBQCD-D01-unequal-min050-K8/missing,1,update,1024,0.7,0,0.75,400,400,1.3107815000112168,4600,588800,302080,302080,3932160,5734400.0,0,0,0,"{""0.2"": 0, ""0.5"": 0, ""1.0"": 0, ""2.0"": 0, ""4.0"": 0}",0.01783785110481717,0.145098647982209,1.0,0.06449218749999996,100,0,0
nrsr-M1024-f0.70-l0.75-u,nrsr,0.5,LBQCD-D01-unequal-min050-K8,unequal,missing,LBQCD-D01-unequal-min050-K8/missing,2,update,1024,0.7,0,0.75,400,400,1.2843865000031656,4600,588800,302080,302080,3932160,5734400.0,0,0,0,"{""0.2"": 0, ""0.5"": 0, ""1.0"": 0, ""2.0"": 0, ""4.0"": 0}",0.01370379749664763,0.15076787438104555,1.0,0.1106640625,100,0,0
paper-0.2,paper,0.2,LBQCD-D01-unequal-min050-K8,unequal,missing,LBQCD-D01-unequal-min050-K8/missing,0,update,0,0.0,0,0.0,400,400,0.6657156000001123,400,51200,51200,51200,13107200,0.0,0,0,0,"{""0.2"": 0, ""0.5"": 0, ""1.0"": 0, ""2.0"": 0, ""4.0"": 0}",0.0213053085394046,0.14993552908655305,1.0,0.0909375,100,0,0
paper-0.2,paper,0.2,LBQCD-D01-unequal-min050-K8,unequal,missing,LBQCD-D01-unequal-min050-K8/missing,1,update,0,0.0,0,0.0,400,400,0.832058899992262,400,51200,51200,51200,13107200,0.0,0,0,0,"{""0.2"": 0, ""0.5"": 0, ""1.0"": 0, ""2.0"": 0, ""4.0"": 0}",0.02161325667545766,0.16689334267170228,1.0,0.0867578125,100,0,0
paper-0.2,paper,0.2,LBQCD-D01-unequal-min050-K8,unequal,missing,LBQCD-D01-unequal-min050-K8/missing,2,update,0,0.0,0,0.0,400,400,0.7862418000004254,400,51200,51200,51200,13107200,0.0,0,0,0,"{""0.2"": 0, ""0.5"": 0, ""1.0"": 0, ""2.0"": 0, ""4.0"": 0}",0.015347944644719336,0.16918358912683618,1.0,0.0760546875,100,0,0
paper-0.5,paper,0.5,LBQCD-D01-unequal-min050-K8,unequal,missing,LBQCD-D01-unequal-min050-K8/missing,0,update,0,0.0,0,0.0,400,400,0.784494600011385,400,51200,51200,51200,13107200,0.0,0,0,0,"{""0.2"": 0, ""0.5"": 0, ""1.0"": 0, ""2.0"": 0, ""4.0"": 0}",0.021286563840472006,0.159203623451508,1.0,0.06890625,100,0,0
paper-0.5,paper,0.5,LBQCD-D01-unequal-min050-K8,unequal,missing,LBQCD-D01-unequal-min050-K8/missing,1,update,0,0.0,0,0.0,400,400,0.7840929000085453,400,51200,51200,51200,13107200,0.0,0,0,0,"{""0.2"": 0, ""0.5"": 0, ""1.0"": 0, ""2.0"": 0, ""4.0"": 0}",0.021510582012495227,0.15442500836626158,1.0,0.104609375,100,0,0
paper-0.5,paper,0.5,LBQCD-D01-unequal-min050-K8,unequal,missing,LBQCD-D01-unequal-min050-K8/missing,2,update,0,0.0,0,0.0,400,400,0.7386966000049142,400,51200,51200,51200,13107200,0.0,0,0,0,"{""0.2"": 0, ""0.5"": 0, ""1.0"": 0, ""2.0"": 0, ""4.0"": 0}",0.015018158678531845,0.14125246507316874,1.0,0.06085937499999999,100,0,0
paper-1,paper,1.0,LBQCD-D01-unequal-min050-K8,unequal,missing,LBQCD-D01-unequal-min050-K8/missing,0,update,0,0.0,0,0.0,400,400,0.8814682000083849,400,51200,51200,51200,13107200,0.0,0,0,0,"{""0.2"": 0, ""0.5"": 0, ""1.0"": 0, ""2.0"": 0, ""4.0"": 0}",0.02362799290929729,0.15594146941865486,1.0,0.11976562499999999,150,0,0
paper-1,paper,1.0,LBQCD-D01-unequal-min050-K8,unequal,missing,LBQCD-D01-unequal-min050-K8/missing,1,update,0,0.0,0,0.0,400,400,0.685880700009875,400,51200,51200,51200,13107200,0.0,0,0,0,"{""0.2"": 0, ""0.5"": 0, ""1.0"": 0, ""2.0"": 0, ""4.0"": 0}",0.022591253062664407,0.1634037120107165,1.0,0.108984375,100,0,0
paper-1,paper,1.0,LBQCD-D01-unequal-min050-K8,unequal,missing,LBQCD-D01-unequal-min050-K8/missing,2,update,0,0.0,0,0.0,400,400,0.7639946999988751,400,51200,51200,51200,13107200,0.0,0,0,0,"{""0.2"": 0, ""0.5"": 0, ""1.0"": 0, ""2.0"": 0, ""4.0"": 0}",0.013929365592762588,0.1509437279036196,1.0,0.101875,100,0,0
paper-2,paper,2.0,LBQCD-D01-unequal-min050-K8,unequal,missing,LBQCD-D01-unequal-min050-K8/missing,0,update,0,0.0,0,0.0,400,400,0.6158086999930674,400,51200,51200,51200,13107200,0.0,0,0,0,"{""0.2"": 0, ""0.5"": 0, ""1.0"": 0, ""2.0"": 0, ""4.0"": 0}",0.02809043372425113,0.17383900795393642,1.0,0.17515624999999999,150,0,0
paper-2,paper,2.0,LBQCD-D01-unequal-min050-K8,unequal,missing,LBQCD-D01-unequal-min050-K8/missing,1,update,0,0.0,0,0.0,400,400,0.8104298999969615,400,51200,51200,51200,13107200,0.0,0,0,0,"{""0.2"": 0, ""0.5"": 0, ""1.0"": 0, ""2.0"": 0, ""4.0"": 0}",0.025036642272212806,0.17470132825288462,1.0,0.15765625,150,0,0
paper-2,paper,2.0,LBQCD-D01-unequal-min050-K8,unequal,missing,LBQCD-D01-unequal-min050-K8/missing,2,update,0,0.0,0,0.0,400,400,0.6195035999990068,400,51200,51200,51200,13107200,0.0,0,0,0,"{""0.2"": 0, ""0.5"": 0, ""1.0"": 0, ""2.0"": 0, ""4.0"": 0}",0.018894039818777353,0.18159712266850545,1.0,0.14191406250000002,100,0,0
paper-4,paper,4.0,LBQCD-D01-unequal-min050-K8,unequal,missing,LBQCD-D01-unequal-min050-K8/missing,0,update,0,0.0,0,0.0,400,400,0.7218097000004491,400,51200,51200,51200,13107200,0.0,0,0,0,"{""0.2"": 0, ""0.5"": 0, ""1.0"": 0, ""2.0"": 0, ""4.0"": 0}",0.07531297180913898,0.3580063806415123,0.91,0.501484375,300,0,0
paper-4,paper,4.0,LBQCD-D01-unequal-min050-K8,unequal,missing,LBQCD-D01-unequal-min050-K8/missing,1,update,0,0.0,0,0.0,400,400,0.7845230999955675,400,51200,51200,51200,13107200,0.0,0,0,0,"{""0.2"": 0, ""0.5"": 0, ""1.0"": 0, ""2.0"": 0, ""4.0"": 0}",0.05526832315328334,0.2883658175485353,0.91,0.39675781250000003,250,0,0
paper-4,paper,4.0,LBQCD-D01-unequal-min050-K8,unequal,missing,LBQCD-D01-unequal-min050-K8/missing,2,update,0,0.0,0,0.0,400,400,0.8093651000090176,400,51200,51200,51200,13107200,0.0,0,0,0,"{""0.2"": 0, ""0.5"": 0, ""1.0"": 0, ""2.0"": 0, ""4.0"": 0}",0.04657996088173477,0.28513529384299097,0.91,0.40066406250000003,150,0,0
qld-v1,qld,0.5,LBQCD-D01-unequal-min050-K8,unequal,missing,LBQCD-D01-unequal-min050-K8/missing,0,update,0,0.7,0,0.0,400,400,0.36186049999378156,400,51200,51200,51200,3932160,501760.0,0,0,0,"{""0.2"": 0, ""0.5"": 0, ""1.0"": 0, ""2.0"": 0, ""4.0"": 0}",0.024983469263369917,0.1516477509745107,1.0,0.084296875,100,0,0
qld-v1,qld,0.5,LBQCD-D01-unequal-min050-K8,unequal,missing,LBQCD-D01-unequal-min050-K8/missing,1,update,0,0.7,0,0.0,400,400,0.34600659999705385,400,51200,51200,51200,3932160,501760.0,0,0,0,"{""0.2"": 0, ""0.5"": 0, ""1.0"": 0, ""2.0"": 0, ""4.0"": 0}",0.022571213554384517,0.15369640608985854,1.0,0.09046874999999999,100,0,0
qld-v1,qld,0.5,LBQCD-D01-unequal-min050-K8,unequal,missing,LBQCD-D01-unequal-min050-K8/missing,2,update,0,0.7,0,0.0,400,400,0.3588229000015417,400,51200,51200,51200,3932160,501760.0,0,0,0,"{""0.2"": 0, ""0.5"": 0, ""1.0"": 0, ""2.0"": 0, ""4.0"": 0}",0.01775071534374395,0.17100047522228454,1.0,0.08890624999999999,100,0,0
rsr-M1024-f0.70-u,rsr,0.5,LBQCD-D01-unequal-min050-K8,unequal,missing,LBQCD-D01-unequal-min050-K8/missing,0,update,1024,0.7,0,0.0,400,400,1.1195571000134805,4600,588800,302080,302080,3932160,5734400.0,0,0,0,"{""0.2"": 0, ""0.5"": 0, ""1.0"": 0, ""2.0"": 0, ""4.0"": 0}",0.019289889363687474,0.14624785604924515,1.0,0.07796875,100,0,0
rsr-M1024-f0.70-u,rsr,0.5,LBQCD-D01-unequal-min050-K8,unequal,missing,LBQCD-D01-unequal-min050-K8/missing,1,update,1024,0.7,0,0.0,400,400,1.2015808999858564,4600,588800,302080,302080,3932160,5734400.0,0,0,0,"{""0.2"": 0, ""0.5"": 0, ""1.0"": 0, ""2.0"": 0, ""4.0"": 0}",0.018409100831193292,0.14632152440243784,1.0,0.06507812499999999,100,0,0
rsr-M1024-f0.70-u,rsr,0.5,LBQCD-D01-unequal-min050-K8,unequal,missing,LBQCD-D01-unequal-min050-K8/missing,2,update,1024,0.7,0,0.0,400,400,1.190664800000377,4600,588800,302080,302080,3932160,5734400.0,0,0,0,"{""0.2"": 0, ""0.5"": 0, ""1.0"": 0, ""2.0"": 0, ""4.0"": 0}",0.012626465364279804,0.15203465030352062,1.0,0.09769531249999999,100,0,0
nrsr-M1024-f0.70-l0.25-u,nrsr,0.5,LBQCD-D02-unequal-min030-K10,unequal,concentrated,LBQCD-D02-unequal-min030-K10/concentrated,0,update,1024,0.7,0,0.25,400,400,1.4983944000123302,4600,588800,302080,302080,3932160,5734400.0,0,0,0,"{""0.2"": 0, ""0.5"": 0, ""1.0"": 0, ""2.0"": 0, ""4.0"": 0}",0.00802719011888442,0.1087824075121153,1.0,0.0642578125,50,0,0
nrsr-M1024-f0.70-l0.25-u,nrsr,0.5,LBQCD-D02-unequal-min030-K10,unequal,concentrated,LBQCD-D02-unequal-min030-K10/concentrated,1,update,1024,0.7,0,0.25,400,400,1.6029108999937307,4600,588800,302080,302080,3932160,5734400.0,0,0,0,"{""0.2"": 0, ""0.5"": 0, ""1.0"": 0, ""2.0"": 0, ""4.0"": 0}",0.008470558297088315,0.11444053920950632,1.0,0.0848828125,50,0,0
nrsr-M1024-f0.70-l0.25-u,nrsr,0.5,LBQCD-D02-unequal-min030-K10,unequal,concentrated,LBQCD-D02-unequal-min030-K10/concentrated,2,update,1024,0.7,0,0.25,400,400,1.5923953000019537,4600,588800,302080,302080,3932160,5734400.0,0,0,0,"{""0.2"": 0, ""0.5"": 0, ""1.0"": 0, ""2.0"": 0, ""4.0"": 0}",0.008797363621170451,0.12561761107047906,1.0,0.08214843749999999,50,0,0
nrsr-M1024-f0.70-l0.50-u,nrsr,0.5,LBQCD-D02-unequal-min030-K10,unequal,concentrated,LBQCD-D02-unequal-min030-K10/concentrated,0,update,1024,0.7,0,0.5,400,400,1.508585800009314,4600,588800,302080,302080,3932160,5734400.0,0,0,0,"{""0.2"": 0, ""0.5"": 0, ""1.0"": 0, ""2.0"": 0, ""4.0"": 0}",0.008091036992661227,0.1090535976045357,1.0,0.06503906250000001,50,0,0
nrsr-M1024-f0.70-l0.50-u,nrsr,0.5,LBQCD-D02-unequal-min030-K10,unequal,concentrated,LBQCD-D02-unequal-min030-K10/concentrated,1,update,1024,0.7,0,0.5,400,400,1.5101339999964694,4600,588800,302080,302080,3932160,5734400.0,0,0,0,"{""0.2"": 0, ""0.5"": 0, ""1.0"": 0, ""2.0"": 0, ""4.0"": 0}",0.008284619330743759,0.11577513987750876,1.0,0.0868359375,50,0,0
nrsr-M1024-f0.70-l0.50-u,nrsr,0.5,LBQCD-D02-unequal-min030-K10,unequal,concentrated,LBQCD-D02-unequal-min030-K10/concentrated,2,update,1024,0.7,0,0.5,400,400,1.5375541000103112,4600,588800,302080,302080,3932160,5734400.0,0,0,0,"{""0.2"": 0, ""0.5"": 0, ""1.0"": 0, ""2.0"": 0, ""4.0"": 0}",0.008745562429492537,0.12559645432060526,1.0,0.08312499999999999,50,0,0
nrsr-M1024-f0.70-l0.75-u,nrsr,0.5,LBQCD-D02-unequal-min030-K10,unequal,concentrated,LBQCD-D02-unequal-min030-K10/concentrated,0,update,1024,0.7,0,0.75,400,400,1.4204197999933967,4600,588800,302080,302080,3932160,5734400.0,0,0,0,"{""0.2"": 0, ""0.5"": 0, ""1.0"": 0, ""2.0"": 0, ""4.0"": 0}",0.008734317246340995,0.10798055456159261,1.0,0.06496093750000002,50,0,0
nrsr-M1024-f0.70-l0.75-u,nrsr,0.5,LBQCD-D02-unequal-min030-K10,unequal,concentrated,LBQCD-D02-unequal-min030-K10/concentrated,1,update,1024,0.7,0,0.75,400,400,1.6241069999960018,4600,588800,302080,302080,3932160,5734400.0,0,0,0,"{""0.2"": 0, ""0.5"": 0, ""1.0"": 0, ""2.0"": 0, ""4.0"": 0}",0.008193850168204397,0.1165115436755506,1.0,0.0966015625,50,0,0
nrsr-M1024-f0.70-l0.75-u,nrsr,0.5,LBQCD-D02-unequal-min030-K10,unequal,concentrated,LBQCD-D02-unequal-min030-K10/concentrated,2,update,1024,0.7,0,0.75,400,400,1.3660141000000294,4600,588800,302080,302080,3932160,5734400.0,0,0,0,"{""0.2"": 0, ""0.5"": 0, ""1.0"": 0, ""2.0"": 0, ""4.0"": 0}",0.008738656577219839,0.12614059355748447,1.0,0.07628906249999999,50,0,0
paper-0.2,paper,0.2,LBQCD-D02-unequal-min030-K10,unequal,concentrated,LBQCD-D02-unequal-min030-K10/concentrated,0,update,0,0.0,0,0.0,400,400,0.7560362999938661,400,51200,51200,51200,13107200,0.0,0,0,0,"{""0.2"": 0, ""0.5"": 0, ""1.0"": 0, ""2.0"": 0, ""4.0"": 0}",0.00698254228486217,0.10761615133457396,1.0,0.08265625,50,0,0
paper-0.2,paper,0.2,LBQCD-D02-unequal-min030-K10,unequal,concentrated,LBQCD-D02-unequal-min030-K10/concentrated,1,update,0,0.0,0,0.0,400,400,0.5492779999913182,400,51200,51200,51200,13107200,0.0,0,0,0,"{""0.2"": 0, ""0.5"": 0, ""1.0"": 0, ""2.0"": 0, ""4.0"": 0}",0.01144912618826166,0.13290996543752454,1.0,0.10882812499999998,50,0,0
paper-0.2,paper,0.2,LBQCD-D02-unequal-min030-K10,unequal,concentrated,LBQCD-D02-unequal-min030-K10/concentrated,2,update,0,0.0,0,0.0,400,400,0.8971751000062795,400,51200,51200,51200,13107200,0.0,0,0,0,"{""0.2"": 0, ""0.5"": 0, ""1.0"": 0, ""2.0"": 0, ""4.0"": 0}",0.008853221410830114,0.12559584292212192,1.0,0.06218749999999999,50,0,0
paper-0.5,paper,0.5,LBQCD-D02-unequal-min030-K10,unequal,concentrated,LBQCD-D02-unequal-min030-K10/concentrated,0,update,0,0.0,0,0.0,400,400,0.7347501000040211,400,51200,51200,51200,13107200,0.0,0,0,0,"{""0.2"": 0, ""0.5"": 0, ""1.0"": 0, ""2.0"": 0, ""4.0"": 0}",0.007998268918559592,0.10781681849376823,1.0,0.04347656249999997,50,0,0
paper-0.5,paper,0.5,LBQCD-D02-unequal-min030-K10,unequal,concentrated,LBQCD-D02-unequal-min030-K10/concentrated,1,update,0,0.0,0,0.0,400,400,0.581973200009088,400,51200,51200,51200,13107200,0.0,0,0,0,"{""0.2"": 0, ""0.5"": 0, ""1.0"": 0, ""2.0"": 0, ""4.0"": 0}",0.010567867330815828,0.12210743787341764,1.0,0.10195312500000002,50,0,0
paper-0.5,paper,0.5,LBQCD-D02-unequal-min030-K10,unequal,concentrated,LBQCD-D02-unequal-min030-K10/concentrated,2,update,0,0.0,0,0.0,400,400,0.7559114999894518,400,51200,51200,51200,13107200,0.0,0,0,0,"{""0.2"": 0, ""0.5"": 0, ""1.0"": 0, ""2.0"": 0, ""4.0"": 0}",0.016844486656792057,0.11268970288132,1.0,0.08820312499999998,50,0,0
paper-1,paper,1.0,LBQCD-D02-unequal-min030-K10,unequal,concentrated,LBQCD-D02-unequal-min030-K10/concentrated,0,update,0,0.0,0,0.0,400,400,0.7473041000048397,400,51200,51200,51200,13107200,0.0,0,0,0,"{""0.2"": 0, ""0.5"": 0, ""1.0"": 0, ""2.0"": 0, ""4.0"": 0}",0.00743920805668008,0.11406343117920904,1.0,0.08296874999999997,50,0,0
paper-1,paper,1.0,LBQCD-D02-unequal-min030-K10,unequal,concentrated,LBQCD-D02-unequal-min030-K10/concentrated,1,update,0,0.0,0,0.0,400,400,0.9274185000103898,400,51200,51200,51200,13107200,0.0,0,0,0,"{""0.2"": 0, ""0.5"": 0, ""1.0"": 0, ""2.0"": 0, ""4.0"": 0}",0.010979280992880813,0.11956423559386645,1.0,0.12453125000000002,100,0,0
paper-1,paper,1.0,LBQCD-D02-unequal-min030-K10,unequal,concentrated,LBQCD-D02-unequal-min030-K10/concentrated,2,update,0,0.0,0,0.0,400,400,0.8683063999924343,400,51200,51200,51200,13107200,0.0,0,0,0,"{""0.2"": 0, ""0.5"": 0, ""1.0"": 0, ""2.0"": 0, ""4.0"": 0}",0.01756811056599883,0.11846998700921918,1.0,0.12503906250000002,100,0,0
paper-2,paper,2.0,LBQCD-D02-unequal-min030-K10,unequal,concentrated,LBQCD-D02-unequal-min030-K10/concentrated,0,update,0,0.0,0,0.0,400,400,0.7475711000006413,400,51200,51200,51200,13107200,0.0,0,0,0,"{""0.2"": 0, ""0.5"": 0, ""1.0"": 0, ""2.0"": 0, ""4.0"": 0}",0.007025280815362578,0.12988704084690753,1.0,0.10710937499999999,50,0,0
paper-2,paper,2.0,LBQCD-D02-unequal-min030-K10,unequal,concentrated,LBQCD-D02-unequal-min030-K10/concentrated,1,update,0,0.0,0,0.0,400,400,0.5677835999958916,400,51200,51200,51200,13107200,0.0,0,0,0,"{""0.2"": 0, ""0.5"": 0, ""1.0"": 0, ""2.0"": 0, ""4.0"": 0}",0.011169664225774145,0.126130324242551,0.97,0.12160156250000002,50,0,0
paper-2,paper,2.0,LBQCD-D02-unequal-min030-K10,unequal,concentrated,LBQCD-D02-unequal-min030-K10/concentrated,2,update,0,0.0,0,0.0,400,400,0.730799199998728,400,51200,51200,51200,13107200,0.0,0,0,0,"{""0.2"": 0, ""0.5"": 0, ""1.0"": 0, ""2.0"": 0, ""4.0"": 0}",0.018112859012638705,0.1277547683140828,0.97,0.0994140625,50,0,0
paper-4,paper,4.0,LBQCD-D02-unequal-min030-K10,unequal,concentrated,LBQCD-D02-unequal-min030-K10/concentrated,0,update,0,0.0,0,0.0,400,400,0.7363073000014992,400,51200,51200,51200,13107200,0.0,0,0,0,"{""0.2"": 0, ""0.5"": 0, ""1.0"": 0, ""2.0"": 0, ""4.0"": 0}",0.008043682912437067,0.15732646191108496,1.0,0.1543359375,50,0,0
paper-4,paper,4.0,LBQCD-D02-unequal-min030-K10,unequal,concentrated,LBQCD-D02-unequal-min030-K10/concentrated,1,update,0,0.0,0,0.0,400,400,0.7475895999959903,400,51200,51200,51200,13107200,0.0,0,0,0,"{""0.2"": 0, ""0.5"": 0, ""1.0"": 0, ""2.0"": 0, ""4.0"": 0}",0.01174274175812573,0.13980954878396823,0.97,0.1621484375,50,0,0
paper-4,paper,4.0,LBQCD-D02-unequal-min030-K10,unequal,concentrated,LBQCD-D02-unequal-min030-K10/concentrated,2,update,0,0.0,0,0.0,400,400,0.7126306999998633,400,51200,51200,51200,13107200,0.0,0,0,0,"{""0.2"": 0, ""0.5"": 0, ""1.0"": 0, ""2.0"": 0, ""4.0"": 0}",0.020592399448833953,0.13554456471599838,0.97,0.12292968749999998,50,0,0
qld-v1,qld,0.5,LBQCD-D02-unequal-min030-K10,unequal,concentrated,LBQCD-D02-unequal-min030-K10/concentrated,0,update,0,0.7,0,0.0,400,400,0.30509529999108054,400,51200,51200,51200,3932160,501760.0,0,0,0,"{""0.2"": 0, ""0.5"": 0, ""1.0"": 0, ""2.0"": 0, ""4.0"": 0}",0.007452535516831782,0.11449290649954702,1.0,0.090078125,50,0,0
qld-v1,qld,0.5,LBQCD-D02-unequal-min030-K10,unequal,concentrated,LBQCD-D02-unequal-min030-K10/concentrated,1,update,0,0.7,0,0.0,400,400,0.40991489999578334,400,51200,51200,51200,3932160,501760.0,0,0,0,"{""0.2"": 0, ""0.5"": 0, ""1.0"": 0, ""2.0"": 0, ""4.0"": 0}",0.008247819768252285,0.1226248850637407,1.0,0.11386718750000001,50,0,0
qld-v1,qld,0.5,LBQCD-D02-unequal-min030-K10,unequal,concentrated,LBQCD-D02-unequal-min030-K10/concentrated,2,update,0,0.7,0,0.0,400,400,0.33750039999722503,400,51200,51200,51200,3932160,501760.0,0,0,0,"{""0.2"": 0, ""0.5"": 0, ""1.0"": 0, ""2.0"": 0, ""4.0"": 0}",0.009567835344048481,0.12092213514523474,1.0,0.07843749999999998,50,0,0
rsr-M1024-f0.70-u,rsr,0.5,LBQCD-D02-unequal-min030-K10,unequal,concentrated,LBQCD-D02-unequal-min030-K10/concentrated,0,update,1024,0.7,0,0.0,400,400,1.2951294999948004,4600,588800,302080,302080,3932160,5734400.0,0,0,0,"{""0.2"": 0, ""0.5"": 0, ""1.0"": 0, ""2.0"": 0, ""4.0"": 0}",0.007932020876773471,0.10906809931006388,1.0,0.0642578125,50,0,0
rsr-M1024-f0.70-u,rsr,0.5,LBQCD-D02-unequal-min030-K10,unequal,concentrated,LBQCD-D02-unequal-min030-K10/concentrated,1,update,1024,0.7,0,0.0,400,400,1.370498199990834,4600,588800,302080,302080,3932160,5734400.0,0,0,0,"{""0.2"": 0, ""0.5"": 0, ""1.0"": 0, ""2.0"": 0, ""4.0"": 0}",0.008705134521828084,0.11369708386850116,1.0,0.089765625,50,0,0
rsr-M1024-f0.70-u,rsr,0.5,LBQCD-D02-unequal-min030-K10,unequal,concentrated,LBQCD-D02-unequal-min030-K10/concentrated,2,update,1024,0.7,0,0.0,400,400,1.2589826000039466,4600,588800,302080,302080,3932160,5734400.0,0,0,0,"{""0.2"": 0, ""0.5"": 0, ""1.0"": 0, ""2.0"": 0, ""4.0"": 0}",0.0087144735328466,0.12425530710864403,1.0,0.07042968749999999,50,0,0
nrsr-M1024-f0.70-l0.25-u,nrsr,0.5,LBQCD-D02-unequal-min030-K10,unequal,missing,LBQCD-D02-unequal-min030-K10/missing,0,update,1024,0.7,0,0.25,400,400,1.619067100007669,4600,588800,302080,302080,3932160,5734400.0,0,0,0,"{""0.2"": 0, ""0.5"": 0, ""1.0"": 0, ""2.0"": 0, ""4.0"": 0}",0.010643887590439771,0.11805053787420977,1.0,0.1470703125,100,0,0
nrsr-M1024-f0.70-l0.25-u,nrsr,0.5,LBQCD-D02-unequal-min030-K10,unequal,missing,LBQCD-D02-unequal-min030-K10/missing,1,update,1024,0.7,0,0.25,400,400,1.5489506000012625,4600,588800,302080,302080,3932160,5734400.0,0,0,0,"{""0.2"": 0, ""0.5"": 0, ""1.0"": 0, ""2.0"": 0, ""4.0"": 0}",0.01959341746527299,0.12377641728710263,1.0,0.109609375,100,0,0
nrsr-M1024-f0.70-l0.25-u,nrsr,0.5,LBQCD-D02-unequal-min030-K10,unequal,missing,LBQCD-D02-unequal-min030-K10/missing,2,update,1024,0.7,0,0.25,400,400,1.507240400009323,4600,588800,302080,302080,3932160,5734400.0,0,0,0,"{""0.2"": 0, ""0.5"": 0, ""1.0"": 0, ""2.0"": 0, ""4.0"": 0}",0.015123836202040941,0.1196356258601436,0.97,0.14375,100,0,0
nrsr-M1024-f0.70-l0.50-u,nrsr,0.5,LBQCD-D02-unequal-min030-K10,unequal,missing,LBQCD-D02-unequal-min030-K10/missing,0,update,1024,0.7,0,0.5,400,400,1.4864173000096343,4600,588800,302080,302080,3932160,5734400.0,0,0,0,"{""0.2"": 0, ""0.5"": 0, ""1.0"": 0, ""2.0"": 0, ""4.0"": 0}",0.010139931862886975,0.11654751610975045,1.0,0.140234375,100,0,0
nrsr-M1024-f0.70-l0.50-u,nrsr,0.5,LBQCD-D02-unequal-min030-K10,unequal,missing,LBQCD-D02-unequal-min030-K10/missing,1,update,1024,0.7,0,0.5,400,400,1.5100086000020383,4600,588800,302080,302080,3932160,5734400.0,0,0,0,"{""0.2"": 0, ""0.5"": 0, ""1.0"": 0, ""2.0"": 0, ""4.0"": 0}",0.020109360941658494,0.125635489442299,1.0,0.0969140625,100,0,0
nrsr-M1024-f0.70-l0.50-u,nrsr,0.5,LBQCD-D02-unequal-min030-K10,unequal,missing,LBQCD-D02-unequal-min030-K10/missing,2,update,1024,0.7,0,0.5,400,400,1.5252467000100296,4600,588800,302080,302080,3932160,5734400.0,0,0,0,"{""0.2"": 0, ""0.5"": 0, ""1.0"": 0, ""2.0"": 0, ""4.0"": 0}",0.015015863129390183,0.11997366474324418,0.97,0.137890625,100,0,0
nrsr-M1024-f0.70-l0.75-u,nrsr,0.5,LBQCD-D02-unequal-min030-K10,unequal,missing,LBQCD-D02-unequal-min030-K10/missing,0,update,1024,0.7,0,0.75,400,400,1.5025692000053823,4600,588800,302080,302080,3932160,5734400.0,0,0,0,"{""0.2"": 0, ""0.5"": 0, ""1.0"": 0, ""2.0"": 0, ""4.0"": 0}",0.009424244516259783,0.11630965456533571,1.0,0.1353515625,100,0,0
nrsr-M1024-f0.70-l0.75-u,nrsr,0.5,LBQCD-D02-unequal-min030-K10,unequal,missing,LBQCD-D02-unequal-min030-K10/missing,1,update,1024,0.7,0,0.75,400,400,1.5425219999888213,4600,588800,302080,302080,3932160,5734400.0,0,0,0,"{""0.2"": 0, ""0.5"": 0, ""1.0"": 0, ""2.0"": 0, ""4.0"": 0}",0.020597043159097606,0.12546463348059364,1.0,0.10117187500000001,100,0,0
nrsr-M1024-f0.70-l0.75-u,nrsr,0.5,LBQCD-D02-unequal-min030-K10,unequal,missing,LBQCD-D02-unequal-min030-K10/missing,2,update,1024,0.7,0,0.75,400,400,1.5458285000058822,4600,588800,302080,302080,3932160,5734400.0,0,0,0,"{""0.2"": 0, ""0.5"": 0, ""1.0"": 0, ""2.0"": 0, ""4.0"": 0}",0.014862195074022422,0.12120112139596262,0.97,0.1382421875,100,0,0
paper-0.2,paper,0.2,LBQCD-D02-unequal-min030-K10,unequal,missing,LBQCD-D02-unequal-min030-K10/missing,0,update,0,0.0,0,0.0,400,400,0.6831779000058305,400,51200,51200,51200,13107200,0.0,0,0,0,"{""0.2"": 0, ""0.5"": 0, ""1.0"": 0, ""2.0"": 0, ""4.0"": 0}",0.01650962840724568,0.11419838593674728,1.0,0.07812500000000001,50,0,0
paper-0.2,paper,0.2,LBQCD-D02-unequal-min030-K10,unequal,missing,LBQCD-D02-unequal-min030-K10/missing,1,update,0,0.0,0,0.0,400,400,0.6822439000097802,400,51200,51200,51200,13107200,0.0,0,0,0,"{""0.2"": 0, ""0.5"": 0, ""1.0"": 0, ""2.0"": 0, ""4.0"": 0}",0.023130128190450128,0.13155631498266196,1.0,0.084765625,100,0,0
paper-0.2,paper,0.2,LBQCD-D02-unequal-min030-K10,unequal,missing,LBQCD-D02-unequal-min030-K10/missing,2,update,0,0.0,0,0.0,400,400,0.6524422999937087,400,51200,51200,51200,13107200,0.0,0,0,0,"{""0.2"": 0, ""0.5"": 0, ""1.0"": 0, ""2.0"": 0, ""4.0"": 0}",0.017019322470317455,0.121380059757638,1.0,0.08414062500000001,100,0,0
paper-0.5,paper,0.5,LBQCD-D02-unequal-min030-K10,unequal,missing,LBQCD-D02-unequal-min030-K10/missing,0,update,0,0.0,0,0.0,400,400,0.8846373999986099,400,51200,51200,51200,13107200,0.0,0,0,0,"{""0.2"": 0, ""0.5"": 0, ""1.0"": 0, ""2.0"": 0, ""4.0"": 0}",0.015359413442405101,0.11652299496991785,1.0,0.08269531249999999,100,0,0
paper-0.5,paper,0.5,LBQCD-D02-unequal-min030-K10,unequal,missing,LBQCD-D02-unequal-min030-K10/missing,1,update,0,0.0,0,0.0,400,400,0.6369218999898294,400,51200,51200,51200,13107200,0.0,0,0,0,"{""0.2"": 0, ""0.5"": 0, ""1.0"": 0, ""2.0"": 0, ""4.0"": 0}",0.012948536728396132,0.11404306365280222,1.0,0.08648437499999999,100,0,0
paper-0.5,paper,0.5,LBQCD-D02-unequal-min030-K10,unequal,missing,LBQCD-D02-unequal-min030-K10/missing,2,update,0,0.0,0,0.0,400,400,0.6268157000013161,400,51200,51200,51200,13107200,0.0,0,0,0,"{""0.2"": 0, ""0.5"": 0, ""1.0"": 0, ""2.0"": 0, ""4.0"": 0}",0.01955454156568015,0.15273973656001594,1.0,0.12906250000000002,100,0,0
paper-1,paper,1.0,LBQCD-D02-unequal-min030-K10,unequal,missing,LBQCD-D02-unequal-min030-K10/missing,0,update,0,0.0,0,0.0,400,400,0.8954991000064183,400,51200,51200,51200,13107200,0.0,0,0,0,"{""0.2"": 0, ""0.5"": 0, ""1.0"": 0, ""2.0"": 0, ""4.0"": 0}",0.019842030914934305,0.14213248158021285,1.0,0.122421875,100,0,0
paper-1,paper,1.0,LBQCD-D02-unequal-min030-K10,unequal,missing,LBQCD-D02-unequal-min030-K10/missing,1,update,0,0.0,0,0.0,400,400,0.664572900001076,400,51200,51200,51200,13107200,0.0,0,0,0,"{""0.2"": 0, ""0.5"": 0, ""1.0"": 0, ""2.0"": 0, ""4.0"": 0}",0.023799092642183384,0.14388756213363812,1.0,0.15816406249999995,150,0,0
paper-1,paper,1.0,LBQCD-D02-unequal-min030-K10,unequal,missing,LBQCD-D02-unequal-min030-K10/missing,2,update,0,0.0,0,0.0,400,400,0.716213699997752,400,51200,51200,51200,13107200,0.0,0,0,0,"{""0.2"": 0, ""0.5"": 0, ""1.0"": 0, ""2.0"": 0, ""4.0"": 0}",0.02168382119030965,0.15111328105916122,0.97,0.16218749999999996,150,0,0
paper-2,paper,2.0,LBQCD-D02-unequal-min030-K10,unequal,missing,LBQCD-D02-unequal-min030-K10/missing,0,update,0,0.0,0,0.0,400,400,0.7273025999893434,400,51200,51200,51200,13107200,0.0,0,0,0,"{""0.2"": 0, ""0.5"": 0, ""1.0"": 0, ""2.0"": 0, ""4.0"": 0}",0.02283898599486056,0.16422703331105337,1.0,0.12636718750000003,100,0,0
paper-2,paper,2.0,LBQCD-D02-unequal-min030-K10,unequal,missing,LBQCD-D02-unequal-min030-K10/missing,1,update,0,0.0,0,0.0,400,400,0.7062407999910647,400,51200,51200,51200,13107200,0.0,0,0,0,"{""0.2"": 0, ""0.5"": 0, ""1.0"": 0, ""2.0"": 0, ""4.0"": 0}",0.04044760340993614,0.20040628052595236,0.97,0.16304687499999995,150,0,0
paper-2,paper,2.0,LBQCD-D02-unequal-min030-K10,unequal,missing,LBQCD-D02-unequal-min030-K10/missing,2,update,0,0.0,0,0.0,400,400,0.9096072999964235,400,51200,51200,51200,13107200,0.0,0,0,0,"{""0.2"": 0, ""0.5"": 0, ""1.0"": 0, ""2.0"": 0, ""4.0"": 0}",0.03173079760925712,0.1735592920899097,0.9199999999999999,0.21617187499999999,200,0,0
paper-4,paper,4.0,LBQCD-D02-unequal-min030-K10,unequal,missing,LBQCD-D02-unequal-min030-K10/missing,0,update,0,0.0,0,0.0,400,400,0.6701326000038534,400,51200,51200,51200,13107200,0.0,0,0,0,"{""0.2"": 0, ""0.5"": 0, ""1.0"": 0, ""2.0"": 0, ""4.0"": 0}",0.039189737134271097,0.25919885228228445,0.9199999999999999,0.20511718750000005,200,0,0
paper-4,paper,4.0,LBQCD-D02-unequal-min030-K10,unequal,missing,LBQCD-D02-unequal-min030-K10/missing,1,update,0,0.0,0,0.0,400,400,0.6905346999992616,400,51200,51200,51200,13107200,0.0,0,0,0,"{""0.2"": 0, ""0.5"": 0, ""1.0"": 0, ""2.0"": 0, ""4.0"": 0}",0.08003847826973431,0.36024381769005537,0.9199999999999999,0.36308593749999996,150,0,0
paper-4,paper,4.0,LBQCD-D02-unequal-min030-K10,unequal,missing,LBQCD-D02-unequal-min030-K10/missing,2,update,0,0.0,0,0.0,400,400,0.7355745999957435,400,51200,51200,51200,13107200,0.0,0,0,0,"{""0.2"": 0, ""0.5"": 0, ""1.0"": 0, ""2.0"": 0, ""4.0"": 0}",0.05562454690756091,0.2973077456553508,0.9199999999999999,0.3062890625,400,1,0
qld-v1,qld,0.5,LBQCD-D02-unequal-min030-K10,unequal,missing,LBQCD-D02-unequal-min030-K10/missing,0,update,0,0.7,0,0.0,400,400,0.41071650000230875,400,51200,51200,51200,3932160,501760.0,0,0,0,"{""0.2"": 0, ""0.5"": 0, ""1.0"": 0, ""2.0"": 0, ""4.0"": 0}",0.014100504410299752,0.12092692962826151,1.0,0.130234375,100,0,0
qld-v1,qld,0.5,LBQCD-D02-unequal-min030-K10,unequal,missing,LBQCD-D02-unequal-min030-K10/missing,1,update,0,0.7,0,0.0,400,400,0.3617472999903839,400,51200,51200,51200,3932160,501760.0,0,0,0,"{""0.2"": 0, ""0.5"": 0, ""1.0"": 0, ""2.0"": 0, ""4.0"": 0}",0.024073892882391812,0.1345090863019206,0.97,0.11382812499999999,100,0,0
qld-v1,qld,0.5,LBQCD-D02-unequal-min030-K10,unequal,missing,LBQCD-D02-unequal-min030-K10/missing,2,update,0,0.7,0,0.0,400,400,0.3373855999961961,400,51200,51200,51200,3932160,501760.0,0,0,0,"{""0.2"": 0, ""0.5"": 0, ""1.0"": 0, ""2.0"": 0, ""4.0"": 0}",0.02173372168271248,0.14106885729662097,0.97,0.17566406249999997,150,0,0
rsr-M1024-f0.70-u,rsr,0.5,LBQCD-D02-unequal-min030-K10,unequal,missing,LBQCD-D02-unequal-min030-K10/missing,0,update,1024,0.7,0,0.0,400,400,1.3232775999931619,4600,588800,302080,302080,3932160,5734400.0,0,0,0,"{""0.2"": 0, ""0.5"": 0, ""1.0"": 0, ""2.0"": 0, ""4.0"": 0}",0.010281560220117836,0.11787144395889461,1.0,0.1529296875,100,0,0
rsr-M1024-f0.70-u,rsr,0.5,LBQCD-D02-unequal-min030-K10,unequal,missing,LBQCD-D02-unequal-min030-K10/missing,1,update,1024,0.7,0,0.0,400,400,1.3621241000073496,4600,588800,302080,302080,3932160,5734400.0,0,0,0,"{""0.2"": 0, ""0.5"": 0, ""1.0"": 0, ""2.0"": 0, ""4.0"": 0}",0.01943948026340503,0.12393950189303497,1.0,0.11035156249999999,100,0,0
rsr-M1024-f0.70-u,rsr,0.5,LBQCD-D02-unequal-min030-K10,unequal,missing,LBQCD-D02-unequal-min030-K10/missing,2,update,1024,0.7,0,0.0,400,400,1.2706806999922264,4600,588800,302080,302080,3932160,5734400.0,0,0,0,"{""0.2"": 0, ""0.5"": 0, ""1.0"": 0, ""2.0"": 0, ""4.0"": 0}",0.015249230672573333,0.11912515039814818,0.97,0.145703125,100,0,0
nrsr-M1024-f0.70-l0.25-u,nrsr,0.5,LBQCD-D03-unequal-min020-K12,unequal,concentrated,LBQCD-D03-unequal-min020-K12/concentrated,0,update,1024,0.7,0,0.25,400,400,1.3774405000003753,4600,588800,302080,302080,3932160,5734400.0,0,0,0,"{""0.2"": 0, ""0.5"": 0, ""1.0"": 0, ""2.0"": 0, ""4.0"": 0}",0.017867920094548406,0.19819827396209644,0.9599999999999997,0.12285156250000007,100,0,0
nrsr-M1024-f0.70-l0.25-u,nrsr,0.5,LBQCD-D03-unequal-min020-K12,unequal,concentrated,LBQCD-D03-unequal-min020-K12/concentrated,1,update,1024,0.7,0,0.25,400,400,1.4938303000089945,4600,588800,302080,302080,3932160,5734400.0,0,0,0,"{""0.2"": 0, ""0.5"": 0, ""1.0"": 0, ""2.0"": 0, ""4.0"": 0}",0.013022492378803818,0.22759675868936555,0.9599999999999997,0.13378906249999992,100,0,0
nrsr-M1024-f0.70-l0.25-u,nrsr,0.5,LBQCD-D03-unequal-min020-K12,unequal,concentrated,LBQCD-D03-unequal-min020-K12/concentrated,2,update,1024,0.7,0,0.25,400,400,1.6026557999866782,4600,588800,302080,302080,3932160,5734400.0,0,0,0,"{""0.2"": 0, ""0.5"": 0, ""1.0"": 0, ""2.0"": 0, ""4.0"": 0}",0.013845457582345677,0.22617164629140618,0.9599999999999997,0.12039062499999997,100,0,0
nrsr-M1024-f0.70-l0.50-u,nrsr,0.5,LBQCD-D03-unequal-min020-K12,unequal,concentrated,LBQCD-D03-unequal-min020-K12/concentrated,0,update,1024,0.7,0,0.5,400,400,1.3495470999914687,4600,588800,302080,302080,3932160,5734400.0,0,0,0,"{""0.2"": 0, ""0.5"": 0, ""1.0"": 0, ""2.0"": 0, ""4.0"": 0}",0.018357269850992175,0.19745212876934276,0.9599999999999997,0.13878906250000003,100,0,0
nrsr-M1024-f0.70-l0.50-u,nrsr,0.5,LBQCD-D03-unequal-min020-K12,unequal,concentrated,LBQCD-D03-unequal-min020-K12/concentrated,1,update,1024,0.7,0,0.5,400,400,1.4790136000083294,4600,588800,302080,302080,3932160,5734400.0,0,0,0,"{""0.2"": 0, ""0.5"": 0, ""1.0"": 0, ""2.0"": 0, ""4.0"": 0}",0.012869224145862113,0.22648375772767157,0.9599999999999997,0.1351171874999999,100,0,0
nrsr-M1024-f0.70-l0.50-u,nrsr,0.5,LBQCD-D03-unequal-min020-K12,unequal,concentrated,LBQCD-D03-unequal-min020-K12/concentrated,2,update,1024,0.7,0,0.5,400,400,1.4482855999958701,4600,588800,302080,302080,3932160,5734400.0,0,0,0,"{""0.2"": 0, ""0.5"": 0, ""1.0"": 0, ""2.0"": 0, ""4.0"": 0}",0.013928276213812651,0.22826494181949883,0.9599999999999997,0.11746093749999997,100,0,0
nrsr-M1024-f0.70-l0.75-u,nrsr,0.5,LBQCD-D03-unequal-min020-K12,unequal,concentrated,LBQCD-D03-unequal-min020-K12/concentrated,0,update,1024,0.7,0,0.75,400,400,1.4830665000044974,4600,588800,302080,302080,3932160,5734400.0,0,0,0,"{""0.2"": 0, ""0.5"": 0, ""1.0"": 0, ""2.0"": 0, ""4.0"": 0}",0.018611626315990115,0.19586091830475535,0.9599999999999997,0.11953124999999998,100,0,0
nrsr-M1024-f0.70-l0.75-u,nrsr,0.5,LBQCD-D03-unequal-min020-K12,unequal,concentrated,LBQCD-D03-unequal-min020-K12/concentrated,1,update,1024,0.7,0,0.75,400,400,1.4460872000054223,4600,588800,302080,302080,3932160,5734400.0,0,0,0,"{""0.2"": 0, ""0.5"": 0, ""1.0"": 0, ""2.0"": 0, ""4.0"": 0}",0.012855373404606851,0.22620606328564177,0.9599999999999997,0.1370703124999999,100,0,0
nrsr-M1024-f0.70-l0.75-u,nrsr,0.5,LBQCD-D03-unequal-min020-K12,unequal,concentrated,LBQCD-D03-unequal-min020-K12/concentrated,2,update,1024,0.7,0,0.75,400,400,1.3708255999954417,4600,588800,302080,302080,3932160,5734400.0,0,0,0,"{""0.2"": 0, ""0.5"": 0, ""1.0"": 0, ""2.0"": 0, ""4.0"": 0}",0.01392143653859046,0.23227884301706236,0.9599999999999997,0.11132812500000003,100,0,0
paper-0.2,paper,0.2,LBQCD-D03-unequal-min020-K12,unequal,concentrated,LBQCD-D03-unequal-min020-K12/concentrated,0,update,0,0.0,0,0.0,400,400,0.8927364000119269,400,51200,51200,51200,13107200,0.0,0,0,0,"{""0.2"": 0, ""0.5"": 0, ""1.0"": 0, ""2.0"": 0, ""4.0"": 0}",0.012730792916066935,0.1813495890052744,0.9599999999999997,0.15027343749999997,100,0,0
paper-0.2,paper,0.2,LBQCD-D03-unequal-min020-K12,unequal,concentrated,LBQCD-D03-unequal-min020-K12/concentrated,1,update,0,0.0,0,0.0,400,400,0.7203530999977374,400,51200,51200,51200,13107200,0.0,0,0,0,"{""0.2"": 0, ""0.5"": 0, ""1.0"": 0, ""2.0"": 0, ""4.0"": 0}",0.013144531822283145,0.1866259656826783,0.9599999999999997,0.13097656250000003,50,0,0
paper-0.2,paper,0.2,LBQCD-D03-unequal-min020-K12,unequal,concentrated,LBQCD-D03-unequal-min020-K12/concentrated,2,update,0,0.0,0,0.0,400,400,0.8763463999930536,400,51200,51200,51200,13107200,0.0,0,0,0,"{""0.2"": 0, ""0.5"": 0, ""1.0"": 0, ""2.0"": 0, ""4.0"": 0}",0.014214705250000126,0.2545263037529239,0.9599999999999997,0.10687499999999997,50,0,0
paper-0.5,paper,0.5,LBQCD-D03-unequal-min020-K12,unequal,concentrated,LBQCD-D03-unequal-min020-K12/concentrated,0,update,0,0.0,0,0.0,400,400,0.7288775999913923,400,51200,51200,51200,13107200,0.0,0,0,0,"{""0.2"": 0, ""0.5"": 0, ""1.0"": 0, ""2.0"": 0, ""4.0"": 0}",0.024744153546066183,0.19762546713776813,0.9599999999999997,0.17222656249999999,50,0,0
paper-0.5,paper,0.5,LBQCD-D03-unequal-min020-K12,unequal,concentrated,LBQCD-D03-unequal-min020-K12/concentrated,1,update,0,0.0,0,0.0,400,400,0.7395532999944407,400,51200,51200,51200,13107200,0.0,0,0,0,"{""0.2"": 0, ""0.5"": 0, ""1.0"": 0, ""2.0"": 0, ""4.0"": 0}",0.012028020949468754,0.19567971463970726,0.9599999999999997,0.13421875,100,0,0
paper-0.5,paper,0.5,LBQCD-D03-unequal-min020-K12,unequal,concentrated,LBQCD-D03-unequal-min020-K12/concentrated,2,update,0,0.0,0,0.0,400,400,0.5827086000062991,400,51200,51200,51200,13107200,0.0,0,0,0,"{""0.2"": 0, ""0.5"": 0, ""1.0"": 0, ""2.0"": 0, ""4.0"": 0}",0.014405302788568886,0.22158551633093052,0.9599999999999997,0.10699218749999995,50,0,0
paper-1,paper,1.0,LBQCD-D03-unequal-min020-K12,unequal,concentrated,LBQCD-D03-unequal-min020-K12/concentrated,0,update,0,0.0,0,0.0,400,400,0.8042701999947894,400,51200,51200,51200,13107200,0.0,0,0,0,"{""0.2"": 0, ""0.5"": 0, ""1.0"": 0, ""2.0"": 0, ""4.0"": 0}",0.02667827764315156,0.210789828929777,0.9599999999999997,0.1869140625,100,0,0
paper-1,paper,1.0,LBQCD-D03-unequal-min020-K12,unequal,concentrated,LBQCD-D03-unequal-min020-K12/concentrated,1,update,0,0.0,0,0.0,400,400,0.6161636000033468,400,51200,51200,51200,13107200,0.0,0,0,0,"{""0.2"": 0, ""0.5"": 0, ""1.0"": 0, ""2.0"": 0, ""4.0"": 0}",0.01401050351080535,0.20047359791908193,0.9599999999999997,0.1601562500000001,100,0,0
paper-1,paper,1.0,LBQCD-D03-unequal-min020-K12,unequal,concentrated,LBQCD-D03-unequal-min020-K12/concentrated,2,update,0,0.0,0,0.0,400,400,0.8527557000052184,400,51200,51200,51200,13107200,0.0,0,0,0,"{""0.2"": 0, ""0.5"": 0, ""1.0"": 0, ""2.0"": 0, ""4.0"": 0}",0.017445688063601583,0.20614122927709475,0.9599999999999997,0.1185546875,50,0,0
paper-2,paper,2.0,LBQCD-D03-unequal-min020-K12,unequal,concentrated,LBQCD-D03-unequal-min020-K12/concentrated,0,update,0,0.0,0,0.0,400,400,0.6834201000019675,400,51200,51200,51200,13107200,0.0,0,0,0,"{""0.2"": 0, ""0.5"": 0, ""1.0"": 0, ""2.0"": 0, ""4.0"": 0}",0.026621643122966443,0.21646847408805744,0.9599999999999997,0.21152343749999988,200,0,0
paper-2,paper,2.0,LBQCD-D03-unequal-min020-K12,unequal,concentrated,LBQCD-D03-unequal-min020-K12/concentrated,1,update,0,0.0,0,0.0,400,400,0.7090212999901269,400,51200,51200,51200,13107200,0.0,0,0,0,"{""0.2"": 0, ""0.5"": 0, ""1.0"": 0, ""2.0"": 0, ""4.0"": 0}",0.016278849026964526,0.2032105785227276,0.9599999999999997,0.1675,150,0,0
paper-2,paper,2.0,LBQCD-D03-unequal-min020-K12,unequal,concentrated,LBQCD-D03-unequal-min020-K12/concentrated,2,update,0,0.0,0,0.0,400,400,0.5366186000028392,400,51200,51200,51200,13107200,0.0,0,0,0,"{""0.2"": 0, ""0.5"": 0, ""1.0"": 0, ""2.0"": 0, ""4.0"": 0}",0.018550001467450006,0.20990420313416355,0.9599999999999997,0.14921874999999993,150,0,0
paper-4,paper,4.0,LBQCD-D03-unequal-min020-K12,unequal,concentrated,LBQCD-D03-unequal-min020-K12/concentrated,0,update,0,0.0,0,0.0,400,400,0.6231418999959715,400,51200,51200,51200,13107200,0.0,0,0,0,"{""0.2"": 0, ""0.5"": 0, ""1.0"": 0, ""2.0"": 0, ""4.0"": 0}",0.03318757174559961,0.2507867283444663,0.9199999999999997,0.26171874999999994,300,0,0
paper-4,paper,4.0,LBQCD-D03-unequal-min020-K12,unequal,concentrated,LBQCD-D03-unequal-min020-K12/concentrated,1,update,0,0.0,0,0.0,400,400,0.6606790000078036,400,51200,51200,51200,13107200,0.0,0,0,0,"{""0.2"": 0, ""0.5"": 0, ""1.0"": 0, ""2.0"": 0, ""4.0"": 0}",0.01518365760271978,0.19990334420090575,0.9199999999999997,0.15863281249999997,150,0,0
paper-4,paper,4.0,LBQCD-D03-unequal-min020-K12,unequal,concentrated,LBQCD-D03-unequal-min020-K12/concentrated,2,update,0,0.0,0,0.0,400,400,0.6314349000022048,400,51200,51200,51200,13107200,0.0,0,0,0,"{""0.2"": 0, ""0.5"": 0, ""1.0"": 0, ""2.0"": 0, ""4.0"": 0}",0.020240250871314203,0.23317224788005766,0.9599999999999997,0.16488281249999995,50,0,0
qld-v1,qld,0.5,LBQCD-D03-unequal-min020-K12,unequal,concentrated,LBQCD-D03-unequal-min020-K12/concentrated,0,update,0,0.7,0,0.0,400,400,0.3700661000038963,400,51200,51200,51200,3932160,501760.0,0,0,0,"{""0.2"": 0, ""0.5"": 0, ""1.0"": 0, ""2.0"": 0, ""4.0"": 0}",0.02499780656081363,0.21448727566548098,0.9599999999999997,0.20496093749999997,100,0,0
qld-v1,qld,0.5,LBQCD-D03-unequal-min020-K12,unequal,concentrated,LBQCD-D03-unequal-min020-K12/concentrated,1,update,0,0.7,0,0.0,400,400,0.32370110000192653,400,51200,51200,51200,3932160,501760.0,0,0,0,"{""0.2"": 0, ""0.5"": 0, ""1.0"": 0, ""2.0"": 0, ""4.0"": 0}",0.01425116998765974,0.21463406035254584,0.9599999999999997,0.14699218749999998,100,0,0
qld-v1,qld,0.5,LBQCD-D03-unequal-min020-K12,unequal,concentrated,LBQCD-D03-unequal-min020-K12/concentrated,2,update,0,0.7,0,0.0,400,400,0.280781699999352,400,51200,51200,51200,3932160,501760.0,0,0,0,"{""0.2"": 0, ""0.5"": 0, ""1.0"": 0, ""2.0"": 0, ""4.0"": 0}",0.014304087182607006,0.24507581006899903,0.9599999999999997,0.14980468750000006,150,0,0
rsr-M1024-f0.70-u,rsr,0.5,LBQCD-D03-unequal-min020-K12,unequal,concentrated,LBQCD-D03-unequal-min020-K12/concentrated,0,update,1024,0.7,0,0.0,400,400,1.2472965999913868,4600,588800,302080,302080,3932160,5734400.0,0,0,0,"{""0.2"": 0, ""0.5"": 0, ""1.0"": 0, ""2.0"": 0, ""4.0"": 0}",0.017565313818404427,0.19750532085625355,0.9599999999999997,0.11699218750000007,100,0,0
rsr-M1024-f0.70-u,rsr,0.5,LBQCD-D03-unequal-min020-K12,unequal,concentrated,LBQCD-D03-unequal-min020-K12/concentrated,1,update,1024,0.7,0,0.0,400,400,1.3337953999871388,4600,588800,302080,302080,3932160,5734400.0,0,0,0,"{""0.2"": 0, ""0.5"": 0, ""1.0"": 0, ""2.0"": 0, ""4.0"": 0}",0.012966741342109067,0.22721102412625163,0.9599999999999997,0.13183593749999992,100,0,0
rsr-M1024-f0.70-u,rsr,0.5,LBQCD-D03-unequal-min020-K12,unequal,concentrated,LBQCD-D03-unequal-min020-K12/concentrated,2,update,1024,0.7,0,0.0,400,400,1.303065100000822,4600,588800,302080,302080,3932160,5734400.0,0,0,0,"{""0.2"": 0, ""0.5"": 0, ""1.0"": 0, ""2.0"": 0, ""4.0"": 0}",0.014922603895848319,0.23091001023976798,0.9599999999999997,0.11355468750000006,100,0,0
nrsr-M1024-f0.70-l0.25-u,nrsr,0.5,LBQCD-D03-unequal-min020-K12,unequal,missing,LBQCD-D03-unequal-min020-K12/missing,0,update,1024,0.7,0,0.25,400,400,1.4491872999933548,4600,588800,302080,302080,3932160,5734400.0,0,0,0,"{""0.2"": 0, ""0.5"": 0, ""1.0"": 0, ""2.0"": 0, ""4.0"": 0}",0.026263286186754886,0.21319509214433915,0.9799999999999998,0.16890624999999995,150,0,0
nrsr-M1024-f0.70-l0.25-u,nrsr,0.5,LBQCD-D03-unequal-min020-K12,unequal,missing,LBQCD-D03-unequal-min020-K12/missing,1,update,1024,0.7,0,0.25,400,400,1.5794850999955088,4600,588800,302080,302080,3932160,5734400.0,0,0,0,"{""0.2"": 0, ""0.5"": 0, ""1.0"": 0, ""2.0"": 0, ""4.0"": 0}",0.029515043314605194,0.23922733434944185,0.9799999999999998,0.18488281250000002,200,0,0
nrsr-M1024-f0.70-l0.25-u,nrsr,0.5,LBQCD-D03-unequal-min020-K12,unequal,missing,LBQCD-D03-unequal-min020-K12/missing,2,update,1024,0.7,0,0.25,400,400,1.538873199999216,4600,588800,302080,302080,3932160,5734400.0,0,0,0,"{""0.2"": 0, ""0.5"": 0, ""1.0"": 0, ""2.0"": 0, ""4.0"": 0}",0.032777745102976485,0.21297583689231023,0.9799999999999998,0.17664062500000002,150,0,0
nrsr-M1024-f0.70-l0.50-u,nrsr,0.5,LBQCD-D03-unequal-min020-K12,unequal,missing,LBQCD-D03-unequal-min020-K12/missing,0,update,1024,0.7,0,0.5,400,400,1.5473090000014054,4600,588800,302080,302080,3932160,5734400.0,0,0,0,"{""0.2"": 0, ""0.5"": 0, ""1.0"": 0, ""2.0"": 0, ""4.0"": 0}",0.02641195359954418,0.21471037054920047,0.9799999999999998,0.17183593749999995,150,0,0
nrsr-M1024-f0.70-l0.50-u,nrsr,0.5,LBQCD-D03-unequal-min020-K12,unequal,missing,LBQCD-D03-unequal-min020-K12/missing,1,update,1024,0.7,0,0.5,400,400,1.5371132000000216,4600,588800,302080,302080,3932160,5734400.0,0,0,0,"{""0.2"": 0, ""0.5"": 0, ""1.0"": 0, ""2.0"": 0, ""4.0"": 0}",0.031109944963020553,0.23773158289964383,0.9799999999999998,0.18683593750000002,200,0,0
nrsr-M1024-f0.70-l0.50-u,nrsr,0.5,LBQCD-D03-unequal-min020-K12,unequal,missing,LBQCD-D03-unequal-min020-K12/missing,2,update,1024,0.7,0,0.5,400,400,1.3449373000039486,4600,588800,302080,302080,3932160,5734400.0,0,0,0,"{""0.2"": 0, ""0.5"": 0, ""1.0"": 0, ""2.0"": 0, ""4.0"": 0}",0.04006370065345033,0.23029656088144299,0.9799999999999998,0.19757812500000002,150,0,0
nrsr-M1024-f0.70-l0.75-u,nrsr,0.5,LBQCD-D03-unequal-min020-K12,unequal,missing,LBQCD-D03-unequal-min020-K12/missing,0,update,1024,0.7,0,0.75,400,400,1.419788699990022,4600,588800,302080,302080,3932160,5734400.0,0,0,0,"{""0.2"": 0, ""0.5"": 0, ""1.0"": 0, ""2.0"": 0, ""4.0"": 0}",0.028032251757595716,0.22014239480590622,0.9799999999999998,0.20531249999999998,150,0,0
nrsr-M1024-f0.70-l0.75-u,nrsr,0.5,LBQCD-D03-unequal-min020-K12,unequal,missing,LBQCD-D03-unequal-min020-K12/missing,1,update,1024,0.7,0,0.75,400,400,1.3906331000034697,4600,588800,302080,302080,3932160,5734400.0,0,0,0,"{""0.2"": 0, ""0.5"": 0, ""1.0"": 0, ""2.0"": 0, ""4.0"": 0}",0.03895796221296033,0.21846941412314852,0.9799999999999998,0.150703125,200,0,0
nrsr-M1024-f0.70-l0.75-u,nrsr,0.5,LBQCD-D03-unequal-min020-K12,unequal,missing,LBQCD-D03-unequal-min020-K12/missing,2,update,1024,0.7,0,0.75,400,400,1.3422012999944855,4600,588800,302080,302080,3932160,5734400.0,0,0,0,"{""0.2"": 0, ""0.5"": 0, ""1.0"": 0, ""2.0"": 0, ""4.0"": 0}",0.05133804191473956,0.2349703064535852,0.9799999999999998,0.20957031249999994,150,0,0
paper-0.2,paper,0.2,LBQCD-D03-unequal-min020-K12,unequal,missing,LBQCD-D03-unequal-min020-K12/missing,0,update,0,0.0,0,0.0,400,400,0.7321554999944055,400,51200,51200,51200,13107200,0.0,0,0,0,"{""0.2"": 0, ""0.5"": 0, ""1.0"": 0, ""2.0"": 0, ""4.0"": 0}",0.06044094262895516,0.4336544108136424,0.9999999999999998,0.16203125,150,0,0
paper-0.2,paper,0.2,LBQCD-D03-unequal-min020-K12,unequal,missing,LBQCD-D03-unequal-min020-K12/missing,1,update,0,0.0,0,0.0,400,400,0.7301211999874795,400,51200,51200,51200,13107200,0.0,0,0,0,"{""0.2"": 0, ""0.5"": 0, ""1.0"": 0, ""2.0"": 0, ""4.0"": 0}",0.018166571987183744,0.18841396418362522,0.9999999999999998,0.12421875000000004,150,0,0
paper-0.2,paper,0.2,LBQCD-D03-unequal-min020-K12,unequal,missing,LBQCD-D03-unequal-min020-K12/missing,2,update,0,0.0,0,0.0,400,400,0.7470887999952538,400,51200,51200,51200,13107200,0.0,0,0,0,"{""0.2"": 0, ""0.5"": 0, ""1.0"": 0, ""2.0"": 0, ""4.0"": 0}",0.03861245394198143,0.22655001687441906,0.9999999999999998,0.1209375,150,0,0
paper-0.5,paper,0.5,LBQCD-D03-unequal-min020-K12,unequal,missing,LBQCD-D03-unequal-min020-K12/missing,0,update,0,0.0,0,0.0,400,400,0.7931135999970138,400,51200,51200,51200,13107200,0.0,0,0,0,"{""0.2"": 0, ""0.5"": 0, ""1.0"": 0, ""2.0"": 0, ""4.0"": 0}",0.03332367229220434,0.2700719758382332,0.9999999999999998,0.11425781250000003,150,0,0
paper-0.5,paper,0.5,LBQCD-D03-unequal-min020-K12,unequal,missing,LBQCD-D03-unequal-min020-K12/missing,1,update,0,0.0,0,0.0,400,400,0.6922071000008145,400,51200,51200,51200,13107200,0.0,0,0,0,"{""0.2"": 0, ""0.5"": 0, ""1.0"": 0, ""2.0"": 0, ""4.0"": 0}",0.029405690238273774,0.1972140186426585,0.9999999999999998,0.13574218750000003,150,0,0
paper-0.5,paper,0.5,LBQCD-D03-unequal-min020-K12,unequal,missing,LBQCD-D03-unequal-min020-K12/missing,2,update,0,0.0,0,0.0,400,400,0.7604997000016738,400,51200,51200,51200,13107200,0.0,0,0,0,"{""0.2"": 0, ""0.5"": 0, ""1.0"": 0, ""2.0"": 0, ""4.0"": 0}",0.03863333540860747,0.21275549013088677,0.9999999999999998,0.10238281250000009,150,0,0
paper-1,paper,1.0,LBQCD-D03-unequal-min020-K12,unequal,missing,LBQCD-D03-unequal-min020-K12/missing,0,update,0,0.0,0,0.0,400,400,0.7258046999922954,400,51200,51200,51200,13107200,0.0,0,0,0,"{""0.2"": 0, ""0.5"": 0, ""1.0"": 0, ""2.0"": 0, ""4.0"": 0}",0.03852209534958373,0.2843659872779431,0.9799999999999998,0.16792968749999995,150,0,0
paper-1,paper,1.0,LBQCD-D03-unequal-min020-K12,unequal,missing,LBQCD-D03-unequal-min020-K12/missing,1,update,0,0.0,0,0.0,400,400,0.9283657999912975,400,51200,51200,51200,13107200,0.0,0,0,0,"{""0.2"": 0, ""0.5"": 0, ""1.0"": 0, ""2.0"": 0, ""4.0"": 0}",0.04347682308979284,0.24754171311890105,0.9799999999999998,0.1915625,200,0,0
paper-1,paper,1.0,LBQCD-D03-unequal-min020-K12,unequal,missing,LBQCD-D03-unequal-min020-K12/missing,2,update,0,0.0,0,0.0,400,400,0.5407475999963935,400,51200,51200,51200,13107200,0.0,0,0,0,"{""0.2"": 0, ""0.5"": 0, ""1.0"": 0, ""2.0"": 0, ""4.0"": 0}",0.053725685182301586,0.27307991274404564,0.9799999999999998,0.19402343749999998,100,0,0
paper-2,paper,2.0,LBQCD-D03-unequal-min020-K12,unequal,missing,LBQCD-D03-unequal-min020-K12/missing,0,update,0,0.0,0,0.0,400,400,0.6833504999958677,400,51200,51200,51200,13107200,0.0,0,0,0,"{""0.2"": 0, ""0.5"": 0, ""1.0"": 0, ""2.0"": 0, ""4.0"": 0}",0.045841918626178035,0.35224738451986154,0.9399999999999997,0.28496093749999996,250,0,0
paper-2,paper,2.0,LBQCD-D03-unequal-min020-K12,unequal,missing,LBQCD-D03-unequal-min020-K12/missing,1,update,0,0.0,0,0.0,400,400,0.8984730999945896,400,51200,51200,51200,13107200,0.0,0,0,0,"{""0.2"": 0, ""0.5"": 0, ""1.0"": 0, ""2.0"": 0, ""4.0"": 0}",0.06555117814724953,0.3237364901809042,0.9399999999999997,0.3161328124999999,300,0,0
paper-2,paper,2.0,LBQCD-D03-unequal-min020-K12,unequal,missing,LBQCD-D03-unequal-min020-K12/missing,2,update,0,0.0,0,0.0,400,400,0.7017628999892622,400,51200,51200,51200,13107200,0.0,0,0,0,"{""0.2"": 0, ""0.5"": 0, ""1.0"": 0, ""2.0"": 0, ""4.0"": 0}",0.07225886304801366,0.31258645947234287,0.9399999999999997,0.3091015624999999,300,0,0
paper-4,paper,4.0,LBQCD-D03-unequal-min020-K12,unequal,missing,LBQCD-D03-unequal-min020-K12/missing,0,update,0,0.0,0,0.0,400,400,0.7479475000000093,400,51200,51200,51200,13107200,0.0,0,0,0,"{""0.2"": 0, ""0.5"": 0, ""1.0"": 0, ""2.0"": 0, ""4.0"": 0}",0.07126734491407083,0.440404974597527,0.8899999999999998,0.41097656249999986,400,1,0
paper-4,paper,4.0,LBQCD-D03-unequal-min020-K12,unequal,missing,LBQCD-D03-unequal-min020-K12/missing,1,update,0,0.0,0,0.0,400,400,0.60318050000933,400,51200,51200,51200,13107200,0.0,0,0,0,"{""0.2"": 0, ""0.5"": 0, ""1.0"": 0, ""2.0"": 0, ""4.0"": 0}",0.07700519820798046,0.46188742580224884,0.8199999999999998,0.4165234374999999,400,1,0
paper-4,paper,4.0,LBQCD-D03-unequal-min020-K12,unequal,missing,LBQCD-D03-unequal-min020-K12/missing,2,update,0,0.0,0,0.0,400,400,0.7343854999926407,400,51200,51200,51200,13107200,0.0,0,0,0,"{""0.2"": 0, ""0.5"": 0, ""1.0"": 0, ""2.0"": 0, ""4.0"": 0}",0.07044889636275853,0.42579129771130386,0.8899999999999998,0.4184765624999999,400,1,0
qld-v1,qld,0.5,LBQCD-D03-unequal-min020-K12,unequal,missing,LBQCD-D03-unequal-min020-K12/missing,0,update,0,0.7,0,0.0,400,400,0.37828190000436734,400,51200,51200,51200,3932160,501760.0,0,0,0,"{""0.2"": 0, ""0.5"": 0, ""1.0"": 0, ""2.0"": 0, ""4.0"": 0}",0.029800663068002553,0.22517295236726345,0.9799999999999998,0.20203124999999997,150,0,0
qld-v1,qld,0.5,LBQCD-D03-unequal-min020-K12,unequal,missing,LBQCD-D03-unequal-min020-K12/missing,1,update,0,0.7,0,0.0,400,400,0.3639973999961512,400,51200,51200,51200,3932160,501760.0,0,0,0,"{""0.2"": 0, ""0.5"": 0, ""1.0"": 0, ""2.0"": 0, ""4.0"": 0}",0.04354896425802801,0.2622926842915012,0.9399999999999997,0.20921874999999998,200,0,0
qld-v1,qld,0.5,LBQCD-D03-unequal-min020-K12,unequal,missing,LBQCD-D03-unequal-min020-K12/missing,2,update,0,0.7,0,0.0,400,400,0.4189639999967767,400,51200,51200,51200,3932160,501760.0,0,0,0,"{""0.2"": 0, ""0.5"": 0, ""1.0"": 0, ""2.0"": 0, ""4.0"": 0}",0.04194607410800488,0.23801101408972405,0.9799999999999998,0.18746093749999995,200,0,0
rsr-M1024-f0.70-u,rsr,0.5,LBQCD-D03-unequal-min020-K12,unequal,missing,LBQCD-D03-unequal-min020-K12/missing,0,update,1024,0.7,0,0.0,400,400,1.369588500005193,4600,588800,302080,302080,3932160,5734400.0,0,0,0,"{""0.2"": 0, ""0.5"": 0, ""1.0"": 0, ""2.0"": 0, ""4.0"": 0}",0.02664917340389339,0.2175283721352407,0.9799999999999998,0.17839843749999998,150,0,0
rsr-M1024-f0.70-u,rsr,0.5,LBQCD-D03-unequal-min020-K12,unequal,missing,LBQCD-D03-unequal-min020-K12/missing,1,update,1024,0.7,0,0.0,400,400,1.2363129000004847,4600,588800,302080,302080,3932160,5734400.0,0,0,0,"{""0.2"": 0, ""0.5"": 0, ""1.0"": 0, ""2.0"": 0, ""4.0"": 0}",0.028281176494121762,0.24036940796670522,0.9799999999999998,0.1714062499999999,200,0,0
rsr-M1024-f0.70-u,rsr,0.5,LBQCD-D03-unequal-min020-K12,unequal,missing,LBQCD-D03-unequal-min020-K12/missing,2,update,1024,0.7,0,0.0,400,400,1.3307347999943886,4600,588800,302080,302080,3932160,5734400.0,0,0,0,"{""0.2"": 0, ""0.5"": 0, ""1.0"": 0, ""2.0"": 0, ""4.0"": 0}",0.03256637861868361,0.21442224015351047,0.9799999999999998,0.16785156250000002,150,0,0
nrsr-M1024-f0.70-l0.25-u,nrsr,0.5,LBQCD-D04-unequal-min015-K14,unequal,concentrated,LBQCD-D04-unequal-min015-K14/concentrated,0,update,1024,0.7,0,0.25,400,400,1.4047010999929626,4600,588800,302080,302080,3932160,5734400.0,0,0,0,"{""0.2"": 0, ""0.5"": 0, ""1.0"": 0, ""2.0"": 0, ""4.0"": 0}",0.009415646188059235,0.14686286330829185,0.9850000000000001,0.1019140625,100,0,0
nrsr-M1024-f0.70-l0.25-u,nrsr,0.5,LBQCD-D04-unequal-min015-K14,unequal,concentrated,LBQCD-D04-unequal-min015-K14/concentrated,1,update,1024,0.7,0,0.25,400,400,1.4846011999907205,4600,588800,302080,302080,3932160,5734400.0,0,0,0,"{""0.2"": 0, ""0.5"": 0, ""1.0"": 0, ""2.0"": 0, ""4.0"": 0}",0.01657690660796618,0.13894625110722858,0.9850000000000001,0.10410156250000001,100,0,0
nrsr-M1024-f0.70-l0.25-u,nrsr,0.5,LBQCD-D04-unequal-min015-K14,unequal,concentrated,LBQCD-D04-unequal-min015-K14/concentrated,2,update,1024,0.7,0,0.25,400,400,1.495253800007049,4600,588800,302080,302080,3932160,5734400.0,0,0,0,"{""0.2"": 0, ""0.5"": 0, ""1.0"": 0, ""2.0"": 0, ""4.0"": 0}",0.012135052150259895,0.15762361834888688,0.9850000000000001,0.08519531250000002,100,0,0
nrsr-M1024-f0.70-l0.50-u,nrsr,0.5,LBQCD-D04-unequal-min015-K14,unequal,concentrated,LBQCD-D04-unequal-min015-K14/concentrated,0,update,1024,0.7,0,0.5,400,400,1.3068159999966156,4600,588800,302080,302080,3932160,5734400.0,0,0,0,"{""0.2"": 0, ""0.5"": 0, ""1.0"": 0, ""2.0"": 0, ""4.0"": 0}",0.009718639910016869,0.14785399588745138,0.9850000000000001,0.09374999999999999,100,0,0
nrsr-M1024-f0.70-l0.50-u,nrsr,0.5,LBQCD-D04-unequal-min015-K14,unequal,concentrated,LBQCD-D04-unequal-min015-K14/concentrated,1,update,1024,0.7,0,0.5,400,400,1.3850095000088913,4600,588800,302080,302080,3932160,5734400.0,0,0,0,"{""0.2"": 0, ""0.5"": 0, ""1.0"": 0, ""2.0"": 0, ""4.0"": 0}",0.01682450918037315,0.140481254328022,0.9850000000000001,0.10117187500000001,100,0,0
nrsr-M1024-f0.70-l0.50-u,nrsr,0.5,LBQCD-D04-unequal-min015-K14,unequal,concentrated,LBQCD-D04-unequal-min015-K14/concentrated,2,update,1024,0.7,0,0.5,400,400,1.2780583999992814,4600,588800,302080,302080,3932160,5734400.0,0,0,0,"{""0.2"": 0, ""0.5"": 0, ""1.0"": 0, ""2.0"": 0, ""4.0"": 0}",0.011893273669037363,0.15801023579494647,0.9850000000000001,0.08519531250000002,100,0,0
nrsr-M1024-f0.70-l0.75-u,nrsr,0.5,LBQCD-D04-unequal-min015-K14,unequal,concentrated,LBQCD-D04-unequal-min015-K14/concentrated,0,update,1024,0.7,0,0.75,400,400,1.4128205000015441,4600,588800,302080,302080,3932160,5734400.0,0,0,0,"{""0.2"": 0, ""0.5"": 0, ""1.0"": 0, ""2.0"": 0, ""4.0"": 0}",0.00984697821726721,0.14842361353838351,0.9850000000000001,0.097421875,100,0,0
nrsr-M1024-f0.70-l0.75-u,nrsr,0.5,LBQCD-D04-unequal-min015-K14,unequal,concentrated,LBQCD-D04-unequal-min015-K14/concentrated,1,update,1024,0.7,0,0.75,400,400,1.2887085999973351,4600,588800,302080,302080,3932160,5734400.0,0,0,0,"{""0.2"": 0, ""0.5"": 0, ""1.0"": 0, ""2.0"": 0, ""4.0"": 0}",0.016355492085140533,0.14373545705765228,0.9850000000000001,0.07996093750000002,100,0,0
nrsr-M1024-f0.70-l0.75-u,nrsr,0.5,LBQCD-D04-unequal-min015-K14,unequal,concentrated,LBQCD-D04-unequal-min015-K14/concentrated,2,update,1024,0.7,0,0.75,400,400,1.5030224999936763,4600,588800,302080,302080,3932160,5734400.0,0,0,0,"{""0.2"": 0, ""0.5"": 0, ""1.0"": 0, ""2.0"": 0, ""4.0"": 0}",0.011780469400095583,0.1574574695211736,0.9850000000000001,0.08554687500000004,100,0,0
paper-0.2,paper,0.2,LBQCD-D04-unequal-min015-K14,unequal,concentrated,LBQCD-D04-unequal-min015-K14/concentrated,0,update,0,0.0,0,0.0,400,400,0.6328570000041509,400,51200,51200,51200,13107200,0.0,0,0,0,"{""0.2"": 0, ""0.5"": 0, ""1.0"": 0, ""2.0"": 0, ""4.0"": 0}",0.008356973946688662,0.1422118262365024,1.0,0.10156249999999999,100,0,0
paper-0.2,paper,0.2,LBQCD-D04-unequal-min015-K14,unequal,concentrated,LBQCD-D04-unequal-min015-K14/concentrated,1,update,0,0.0,0,0.0,400,400,0.5605741000035778,400,51200,51200,51200,13107200,0.0,0,0,0,"{""0.2"": 0, ""0.5"": 0, ""1.0"": 0, ""2.0"": 0, ""4.0"": 0}",0.013734692914914692,0.13464030816566794,1.0,0.08910156250000002,100,0,0
paper-0.2,paper,0.2,LBQCD-D04-unequal-min015-K14,unequal,concentrated,LBQCD-D04-unequal-min015-K14/concentrated,2,update,0,0.0,0,0.0,400,400,0.763220500011812,400,51200,51200,51200,13107200,0.0,0,0,0,"{""0.2"": 0, ""0.5"": 0, ""1.0"": 0, ""2.0"": 0, ""4.0"": 0}",0.018323865546784113,0.16860979794154476,1.0,0.10761718750000003,50,0,0
paper-0.5,paper,0.5,LBQCD-D04-unequal-min015-K14,unequal,concentrated,LBQCD-D04-unequal-min015-K14/concentrated,0,update,0,0.0,0,0.0,400,400,0.6244221999950241,400,51200,51200,51200,13107200,0.0,0,0,0,"{""0.2"": 0, ""0.5"": 0, ""1.0"": 0, ""2.0"": 0, ""4.0"": 0}",0.009142904776883842,0.14760810784333023,1.0,0.10124999999999999,100,0,0
paper-0.5,paper,0.5,LBQCD-D04-unequal-min015-K14,unequal,concentrated,LBQCD-D04-unequal-min015-K14/concentrated,1,update,0,0.0,0,0.0,400,400,0.5075932000036119,400,51200,51200,51200,13107200,0.0,0,0,0,"{""0.2"": 0, ""0.5"": 0, ""1.0"": 0, ""2.0"": 0, ""4.0"": 0}",0.01364939281357369,0.14393131070857426,1.0,0.10320312500000002,100,0,0
paper-0.5,paper,0.5,LBQCD-D04-unequal-min015-K14,unequal,concentrated,LBQCD-D04-unequal-min015-K14/concentrated,2,update,0,0.0,0,0.0,400,400,0.6322380000056,400,51200,51200,51200,13107200,0.0,0,0,0,"{""0.2"": 0, ""0.5"": 0, ""1.0"": 0, ""2.0"": 0, ""4.0"": 0}",0.014437696090213059,0.14856363632528646,0.9850000000000001,0.10191406250000003,100,0,0
paper-1,paper,1.0,LBQCD-D04-unequal-min015-K14,unequal,concentrated,LBQCD-D04-unequal-min015-K14/concentrated,0,update,0,0.0,0,0.0,400,400,0.7154271000035806,400,51200,51200,51200,13107200,0.0,0,0,0,"{""0.2"": 0, ""0.5"": 0, ""1.0"": 0, ""2.0"": 0, ""4.0"": 0}",0.009652325574215581,0.1680417313895598,0.9850000000000001,0.11003906249999999,100,0,0
paper-1,paper,1.0,LBQCD-D04-unequal-min015-K14,unequal,concentrated,LBQCD-D04-unequal-min015-K14/concentrated,1,update,0,0.0,0,0.0,400,400,0.6781891999999061,400,51200,51200,51200,13107200,0.0,0,0,0,"{""0.2"": 0, ""0.5"": 0, ""1.0"": 0, ""2.0"": 0, ""4.0"": 0}",0.016080742711921836,0.15221966313538696,0.9850000000000001,0.12328124999999997,100,0,0
paper-1,paper,1.0,LBQCD-D04-unequal-min015-K14,unequal,concentrated,LBQCD-D04-unequal-min015-K14/concentrated,2,update,0,0.0,0,0.0,400,400,0.6791118000110146,400,51200,51200,51200,13107200,0.0,0,0,0,"{""0.2"": 0, ""0.5"": 0, ""1.0"": 0, ""2.0"": 0, ""4.0"": 0}",0.01539226570498231,0.1668677727859349,0.9850000000000001,0.10480468750000003,100,0,0
paper-2,paper,2.0,LBQCD-D04-unequal-min015-K14,unequal,concentrated,LBQCD-D04-unequal-min015-K14/concentrated,0,update,0,0.0,0,0.0,400,400,0.8552089000004344,400,51200,51200,51200,13107200,0.0,0,0,0,"{""0.2"": 0, ""0.5"": 0, ""1.0"": 0, ""2.0"": 0, ""4.0"": 0}",0.010678485759850087,0.17615460101777536,0.9850000000000001,0.10984375,150,0,0
paper-2,paper,2.0,LBQCD-D04-unequal-min015-K14,unequal,concentrated,LBQCD-D04-unequal-min015-K14/concentrated,1,update,0,0.0,0,0.0,400,400,0.5445388999942224,400,51200,51200,51200,13107200,0.0,0,0,0,"{""0.2"": 0, ""0.5"": 0, ""1.0"": 0, ""2.0"": 0, ""4.0"": 0}",0.020411818034373752,0.1636083867873232,0.9850000000000001,0.12027343749999998,150,0,0
paper-2,paper,2.0,LBQCD-D04-unequal-min015-K14,unequal,concentrated,LBQCD-D04-unequal-min015-K14/concentrated,2,update,0,0.0,0,0.0,400,400,0.6678536999970675,400,51200,51200,51200,13107200,0.0,0,0,0,"{""0.2"": 0, ""0.5"": 0, ""1.0"": 0, ""2.0"": 0, ""4.0"": 0}",0.016428416605696494,0.1918606058902809,0.9850000000000001,0.1501953125,100,0,0
paper-4,paper,4.0,LBQCD-D04-unequal-min015-K14,unequal,concentrated,LBQCD-D04-unequal-min015-K14/concentrated,0,update,0,0.0,0,0.0,400,400,0.6194332999875769,400,51200,51200,51200,13107200,0.0,0,0,0,"{""0.2"": 0, ""0.5"": 0, ""1.0"": 0, ""2.0"": 0, ""4.0"": 0}",0.016434277922394713,0.2036161810298919,0.9850000000000001,0.235546875,350,0,0
paper-4,paper,4.0,LBQCD-D04-unequal-min015-K14,unequal,concentrated,LBQCD-D04-unequal-min015-K14/concentrated,1,update,0,0.0,0,0.0,400,400,0.5671391999931075,400,51200,51200,51200,13107200,0.0,0,0,0,"{""0.2"": 0, ""0.5"": 0, ""1.0"": 0, ""2.0"": 0, ""4.0"": 0}",0.03322797655432108,0.2095494788191821,0.9850000000000001,0.231640625,300,0,0
paper-4,paper,4.0,LBQCD-D04-unequal-min015-K14,unequal,concentrated,LBQCD-D04-unequal-min015-K14/concentrated,2,update,0,0.0,0,0.0,400,400,0.6575274000060745,400,51200,51200,51200,13107200,0.0,0,0,0,"{""0.2"": 0, ""0.5"": 0, ""1.0"": 0, ""2.0"": 0, ""4.0"": 0}",0.014918302279587792,0.19539698515479065,0.9850000000000001,0.15382812499999998,100,0,0
qld-v1,qld,0.5,LBQCD-D04-unequal-min015-K14,unequal,concentrated,LBQCD-D04-unequal-min015-K14/concentrated,0,update,0,0.7,0,0.0,400,400,0.3353083000110928,400,51200,51200,51200,3932160,501760.0,0,0,0,"{""0.2"": 0, ""0.5"": 0, ""1.0"": 0, ""2.0"": 0, ""4.0"": 0}",0.008668817865269851,0.1433865420202382,0.9850000000000001,0.1070703125,100,0,0
qld-v1,qld,0.5,LBQCD-D04-unequal-min015-K14,unequal,concentrated,LBQCD-D04-unequal-min015-K14/concentrated,1,update,0,0.7,0,0.0,400,400,0.35525069999857806,400,51200,51200,51200,3932160,501760.0,0,0,0,"{""0.2"": 0, ""0.5"": 0, ""1.0"": 0, ""2.0"": 0, ""4.0"": 0}",0.016653612572482324,0.14642015809597525,0.9850000000000001,0.081796875,100,0,0
qld-v1,qld,0.5,LBQCD-D04-unequal-min015-K14,unequal,concentrated,LBQCD-D04-unequal-min015-K14/concentrated,2,update,0,0.7,0,0.0,400,400,0.3009189000003971,400,51200,51200,51200,3932160,501760.0,0,0,0,"{""0.2"": 0, ""0.5"": 0, ""1.0"": 0, ""2.0"": 0, ""4.0"": 0}",0.014816412955096947,0.14673214173985172,0.9850000000000001,0.11273437500000001,150,0,0
rsr-M1024-f0.70-u,rsr,0.5,LBQCD-D04-unequal-min015-K14,unequal,concentrated,LBQCD-D04-unequal-min015-K14/concentrated,0,update,1024,0.7,0,0.0,400,400,1.2952414000028512,4600,588800,302080,302080,3932160,5734400.0,0,0,0,"{""0.2"": 0, ""0.5"": 0, ""1.0"": 0, ""2.0"": 0, ""4.0"": 0}",0.009621234630281528,0.14780866731417225,0.9850000000000001,0.0964453125,100,0,0
rsr-M1024-f0.70-u,rsr,0.5,LBQCD-D04-unequal-min015-K14,unequal,concentrated,LBQCD-D04-unequal-min015-K14/concentrated,1,update,1024,0.7,0,0.0,400,400,1.2091796000022441,4600,588800,302080,302080,3932160,5734400.0,0,0,0,"{""0.2"": 0, ""0.5"": 0, ""1.0"": 0, ""2.0"": 0, ""4.0"": 0}",0.01662132189094212,0.13977521796684242,0.9850000000000001,0.10410156250000001,100,0,0
rsr-M1024-f0.70-u,rsr,0.5,LBQCD-D04-unequal-min015-K14,unequal,concentrated,LBQCD-D04-unequal-min015-K14/concentrated,2,update,1024,0.7,0,0.0,400,400,1.207787500010454,4600,588800,302080,302080,3932160,5734400.0,0,0,0,"{""0.2"": 0, ""0.5"": 0, ""1.0"": 0, ""2.0"": 0, ""4.0"": 0}",0.012344229240590643,0.15708234365429813,0.9850000000000001,0.08750000000000004,100,0,0
nrsr-M1024-f0.70-l0.25-u,nrsr,0.5,LBQCD-D04-unequal-min015-K14,unequal,missing,LBQCD-D04-unequal-min015-K14/missing,0,update,1024,0.7,0,0.25,400,400,1.368145699991146,4600,588800,302080,302080,3932160,5734400.0,0,0,0,"{""0.2"": 0, ""0.5"": 0, ""1.0"": 0, ""2.0"": 0, ""4.0"": 0}",0.016968311840776185,0.1585943633649248,0.9850000000000001,0.14390625,100,0,0
nrsr-M1024-f0.70-l0.25-u,nrsr,0.5,LBQCD-D04-unequal-min015-K14,unequal,missing,LBQCD-D04-unequal-min015-K14/missing,1,update,1024,0.7,0,0.25,400,400,1.446389699995052,4600,588800,302080,302080,3932160,5734400.0,0,0,0,"{""0.2"": 0, ""0.5"": 0, ""1.0"": 0, ""2.0"": 0, ""4.0"": 0}",0.012966008169914112,0.163421539440635,0.9650000000000001,0.12683593750000005,150,0,0
nrsr-M1024-f0.70-l0.25-u,nrsr,0.5,LBQCD-D04-unequal-min015-K14,unequal,missing,LBQCD-D04-unequal-min015-K14/missing,2,update,1024,0.7,0,0.25,400,400,1.5249541999946814,4600,588800,302080,302080,3932160,5734400.0,0,0,0,"{""0.2"": 0, ""0.5"": 0, ""1.0"": 0, ""2.0"": 0, ""4.0"": 0}",0.026890581738745922,0.16553704270113,0.9850000000000001,0.11250000000000003,100,0,0
nrsr-M1024-f0.70-l0.50-u,nrsr,0.5,LBQCD-D04-unequal-min015-K14,unequal,missing,LBQCD-D04-unequal-min015-K14/missing,0,update,1024,0.7,0,0.5,400,400,1.530395599998883,4600,588800,302080,302080,3932160,5734400.0,0,0,0,"{""0.2"": 0, ""0.5"": 0, ""1.0"": 0, ""2.0"": 0, ""4.0"": 0}",0.01741403127182206,0.15962996692583564,0.9850000000000001,0.1487890625,100,0,0
nrsr-M1024-f0.70-l0.50-u,nrsr,0.5,LBQCD-D04-unequal-min015-K14,unequal,missing,LBQCD-D04-unequal-min015-K14/missing,1,update,1024,0.7,0,0.5,400,400,1.2808494999917457,4600,588800,302080,302080,3932160,5734400.0,0,0,0,"{""0.2"": 0, ""0.5"": 0, ""1.0"": 0, ""2.0"": 0, ""4.0"": 0}",0.013312647875896033,0.16265634775123972,0.9650000000000001,0.13007812500000004,150,0,0
nrsr-M1024-f0.70-l0.50-u,nrsr,0.5,LBQCD-D04-unequal-min015-K14,unequal,missing,LBQCD-D04-unequal-min015-K14/missing,2,update,1024,0.7,0,0.5,400,400,1.3889567000005627,4600,588800,302080,302080,3932160,5734400.0,0,0,0,"{""0.2"": 0, ""0.5"": 0, ""1.0"": 0, ""2.0"": 0, ""4.0"": 0}",0.0247343513021967,0.16486903126316996,0.9850000000000001,0.13757812500000005,100,0,0
nrsr-M1024-f0.70-l0.75-u,nrsr,0.5,LBQCD-D04-unequal-min015-K14,unequal,missing,LBQCD-D04-unequal-min015-K14/missing,0,update,1024,0.7,0,0.75,400,400,1.529347499992582,4600,588800,302080,302080,3932160,5734400.0,0,0,0,"{""0.2"": 0, ""0.5"": 0, ""1.0"": 0, ""2.0"": 0, ""4.0"": 0}",0.017484585673789965,0.16149727450669632,0.9850000000000001,0.1526953125,100,0,0
nrsr-M1024-f0.70-l0.75-u,nrsr,0.5,LBQCD-D04-unequal-min015-K14,unequal,missing,LBQCD-D04-unequal-min015-K14/missing,1,update,1024,0.7,0,0.75,400,400,1.547079299998586,4600,588800,302080,302080,3932160,5734400.0,0,0,0,"{""0.2"": 0, ""0.5"": 0, ""1.0"": 0, ""2.0"": 0, ""4.0"": 0}",0.013665287287077721,0.1615248035075419,0.9650000000000001,0.14082031250000004,150,0,0
nrsr-M1024-f0.70-l0.75-u,nrsr,0.5,LBQCD-D04-unequal-min015-K14,unequal,missing,LBQCD-D04-unequal-min015-K14/missing,2,update,1024,0.7,0,0.75,400,400,1.3918236999888904,4600,588800,302080,302080,3932160,5734400.0,0,0,0,"{""0.2"": 0, ""0.5"": 0, ""1.0"": 0, ""2.0"": 0, ""4.0"": 0}",0.02457740886078863,0.16683586903404174,0.9850000000000001,0.13531250000000006,100,0,0
paper-0.2,paper,0.2,LBQCD-D04-unequal-min015-K14,unequal,missing,LBQCD-D04-unequal-min015-K14/missing,0,update,0,0.0,0,0.0,400,400,0.5775888000061968,400,51200,51200,51200,13107200,0.0,0,0,0,"{""0.2"": 0, ""0.5"": 0, ""1.0"": 0, ""2.0"": 0, ""4.0"": 0}",0.04710631241108576,0.21403781392701773,1.0,0.1295703125,100,0,0
paper-0.2,paper,0.2,LBQCD-D04-unequal-min015-K14,unequal,missing,LBQCD-D04-unequal-min015-K14/missing,1,update,0,0.0,0,0.0,400,400,0.750084400002379,400,51200,51200,51200,13107200,0.0,0,0,0,"{""0.2"": 0, ""0.5"": 0, ""1.0"": 0, ""2.0"": 0, ""4.0"": 0}",0.007742642321715287,0.21171412753750807,1.0,0.13117187500000005,100,0,0
paper-0.2,paper,0.2,LBQCD-D04-unequal-min015-K14,unequal,missing,LBQCD-D04-unequal-min015-K14/missing,2,update,0,0.0,0,0.0,400,400,0.6925455000018701,400,51200,51200,51200,13107200,0.0,0,0,0,"{""0.2"": 0, ""0.5"": 0, ""1.0"": 0, ""2.0"": 0, ""4.0"": 0}",0.01861052999536117,0.30500685177293396,1.0,0.18890625,100,0,0
paper-0.5,paper,0.5,LBQCD-D04-unequal-min015-K14,unequal,missing,LBQCD-D04-unequal-min015-K14/missing,0,update,0,0.0,0,0.0,400,400,0.90813199999684,400,51200,51200,51200,13107200,0.0,0,0,0,"{""0.2"": 0, ""0.5"": 0, ""1.0"": 0, ""2.0"": 0, ""4.0"": 0}",0.021600614904234483,0.13382327082586426,1.0,0.08269531249999999,100,0,0
paper-0.5,paper,0.5,LBQCD-D04-unequal-min015-K14,unequal,missing,LBQCD-D04-unequal-min015-K14/missing,1,update,0,0.0,0,0.0,400,400,0.6790031999989878,400,51200,51200,51200,13107200,0.0,0,0,0,"{""0.2"": 0, ""0.5"": 0, ""1.0"": 0, ""2.0"": 0, ""4.0"": 0}",0.02140536489656686,0.18913490129906493,1.0,0.106484375,150,0,0
paper-0.5,paper,0.5,LBQCD-D04-unequal-min015-K14,unequal,missing,LBQCD-D04-unequal-min015-K14/missing,2,update,0,0.0,0,0.0,400,400,0.7089752000028966,400,51200,51200,51200,13107200,0.0,0,0,0,"{""0.2"": 0, ""0.5"": 0, ""1.0"": 0, ""2.0"": 0, ""4.0"": 0}",0.023260547257993647,0.24525455379539357,1.0,0.12499999999999999,100,0,0
paper-1,paper,1.0,LBQCD-D04-unequal-min015-K14,unequal,missing,LBQCD-D04-unequal-min015-K14/missing,0,update,0,0.0,0,0.0,400,400,0.6450043999939226,400,51200,51200,51200,13107200,0.0,0,0,0,"{""0.2"": 0, ""0.5"": 0, ""1.0"": 0, ""2.0"": 0, ""4.0"": 0}",0.02881938668034678,0.16760031852066962,0.9850000000000001,0.17757812500000003,100,0,0
paper-1,paper,1.0,LBQCD-D04-unequal-min015-K14,unequal,missing,LBQCD-D04-unequal-min015-K14/missing,1,update,0,0.0,0,0.0,400,400,0.6780480000015814,400,51200,51200,51200,13107200,0.0,0,0,0,"{""0.2"": 0, ""0.5"": 0, ""1.0"": 0, ""2.0"": 0, ""4.0"": 0}",0.021608994677775772,0.23435471315190534,1.0,0.1304296875,150,0,0
paper-1,paper,1.0,LBQCD-D04-unequal-min015-K14,unequal,missing,LBQCD-D04-unequal-min015-K14/missing,2,update,0,0.0,0,0.0,400,400,0.861923200005549,400,51200,51200,51200,13107200,0.0,0,0,0,"{""0.2"": 0, ""0.5"": 0, ""1.0"": 0, ""2.0"": 0, ""4.0"": 0}",0.01950718986968525,0.2251388466598498,0.9850000000000001,0.1201953125,150,0,0
paper-2,paper,2.0,LBQCD-D04-unequal-min015-K14,unequal,missing,LBQCD-D04-unequal-min015-K14/missing,0,update,0,0.0,0,0.0,400,400,0.875928000008571,400,51200,51200,51200,13107200,0.0,0,0,0,"{""0.2"": 0, ""0.5"": 0, ""1.0"": 0, ""2.0"": 0, ""4.0"": 0}",0.03710649578069525,0.2075301277649252,0.9650000000000001,0.19472656250000003,150,0,0
paper-2,paper,2.0,LBQCD-D04-unequal-min015-K14,unequal,missing,LBQCD-D04-unequal-min015-K14/missing,1,update,0,0.0,0,0.0,400,400,0.60393440000189,400,51200,51200,51200,13107200,0.0,0,0,0,"{""0.2"": 0, ""0.5"": 0, ""1.0"": 0, ""2.0"": 0, ""4.0"": 0}",0.023278321618271924,0.24419918379763134,0.9650000000000001,0.1941015625,200,0,0
paper-2,paper,2.0,LBQCD-D04-unequal-min015-K14,unequal,missing,LBQCD-D04-unequal-min015-K14/missing,2,update,0,0.0,0,0.0,400,400,0.8709620000008726,400,51200,51200,51200,13107200,0.0,0,0,0,"{""0.2"": 0, ""0.5"": 0, ""1.0"": 0, ""2.0"": 0, ""4.0"": 0}",0.02966983289591152,0.2242988197431825,0.9650000000000001,0.17402343750000004,150,0,0
paper-4,paper,4.0,LBQCD-D04-unequal-min015-K14,unequal,missing,LBQCD-D04-unequal-min015-K14/missing,0,update,0,0.0,0,0.0,400,400,0.716765100005432,400,51200,51200,51200,13107200,0.0,0,0,0,"{""0.2"": 0, ""0.5"": 0, ""1.0"": 0, ""2.0"": 0, ""4.0"": 0}",0.05846926526710128,0.30667885385458266,0.9450000000000001,0.19949218750000003,300,0,0
paper-4,paper,4.0,LBQCD-D04-unequal-min015-K14,unequal,missing,LBQCD-D04-unequal-min015-K14/missing,1,update,0,0.0,0,0.0,400,400,0.739319100001012,400,51200,51200,51200,13107200,0.0,0,0,0,"{""0.2"": 0, ""0.5"": 0, ""1.0"": 0, ""2.0"": 0, ""4.0"": 0}",0.08757589776823016,0.5308339086696154,0.915,0.3894140625000001,400,0,0
paper-4,paper,4.0,LBQCD-D04-unequal-min015-K14,unequal,missing,LBQCD-D04-unequal-min015-K14/missing,2,update,0,0.0,0,0.0,400,400,0.6856545000046026,400,51200,51200,51200,13107200,0.0,0,0,0,"{""0.2"": 0, ""0.5"": 0, ""1.0"": 0, ""2.0"": 0, ""4.0"": 0}",0.07272548038676874,0.30558146436196143,0.9450000000000001,0.1812109375,200,0,0
qld-v1,qld,0.5,LBQCD-D04-unequal-min015-K14,unequal,missing,LBQCD-D04-unequal-min015-K14/missing,0,update,0,0.7,0,0.0,400,400,0.3400372000032803,400,51200,51200,51200,3932160,501760.0,0,0,0,"{""0.2"": 0, ""0.5"": 0, ""1.0"": 0, ""2.0"": 0, ""4.0"": 0}",0.018659831205527944,0.16903112527275435,0.9650000000000001,0.1663671875,100,0,0
qld-v1,qld,0.5,LBQCD-D04-unequal-min015-K14,unequal,missing,LBQCD-D04-unequal-min015-K14/missing,1,update,0,0.7,0,0.0,400,400,0.2804429999960121,400,51200,51200,51200,3932160,501760.0,0,0,0,"{""0.2"": 0, ""0.5"": 0, ""1.0"": 0, ""2.0"": 0, ""4.0"": 0}",0.014336694761002633,0.17248036509916548,0.9650000000000001,0.143359375,150,0,0
qld-v1,qld,0.5,LBQCD-D04-unequal-min015-K14,unequal,missing,LBQCD-D04-unequal-min015-K14/missing,2,update,0,0.7,0,0.0,400,400,0.4095637999998871,400,51200,51200,51200,3932160,501760.0,0,0,0,"{""0.2"": 0, ""0.5"": 0, ""1.0"": 0, ""2.0"": 0, ""4.0"": 0}",0.025114419569023383,0.18306321955715804,0.9850000000000001,0.12421875000000003,150,0,0
rsr-M1024-f0.70-u,rsr,0.5,LBQCD-D04-unequal-min015-K14,unequal,missing,LBQCD-D04-unequal-min015-K14/missing,0,update,1024,0.7,0,0.0,400,400,1.1198191000003135,4600,588800,302080,302080,3932160,5734400.0,0,0,0,"{""0.2"": 0, ""0.5"": 0, ""1.0"": 0, ""2.0"": 0, ""4.0"": 0}",0.01656908664685197,0.15797503344665037,0.9850000000000001,0.1468359375,100,0,0
rsr-M1024-f0.70-u,rsr,0.5,LBQCD-D04-unequal-min015-K14,unequal,missing,LBQCD-D04-unequal-min015-K14/missing,1,update,1024,0.7,0,0.0,400,400,1.195129800005816,4600,588800,302080,302080,3932160,5734400.0,0,0,0,"{""0.2"": 0, ""0.5"": 0, ""1.0"": 0, ""2.0"": 0, ""4.0"": 0}",0.01258856163646005,0.16076089326698345,0.9650000000000001,0.11832031250000004,150,0,0
rsr-M1024-f0.70-u,rsr,0.5,LBQCD-D04-unequal-min015-K14,unequal,missing,LBQCD-D04-unequal-min015-K14/missing,2,update,1024,0.7,0,0.0,400,400,1.2145727000024635,4600,588800,302080,302080,3932160,5734400.0,0,0,0,"{""0.2"": 0, ""0.5"": 0, ""1.0"": 0, ""2.0"": 0, ""4.0"": 0}",0.026705851375997014,0.1652017997709429,0.9850000000000001,0.1253515625,100,0,0
nrsr-M1024-f0.70-l0.25-u,nrsr,0.5,LBQCD-D05-unequal-min010-K18,unequal,concentrated,LBQCD-D05-unequal-min010-K18/concentrated,0,update,1024,0.7,0,0.25,400,400,1.5287965999887092,4600,588800,302080,302080,3932160,5734400.0,0,0,0,"{""0.2"": 0, ""0.5"": 0, ""1.0"": 0, ""2.0"": 0, ""4.0"": 0}",0.008593449132471509,0.15701880412723151,0.9899999999999999,0.10853400735294116,150,0,0
nrsr-M1024-f0.70-l0.25-u,nrsr,0.5,LBQCD-D05-unequal-min010-K18,unequal,concentrated,LBQCD-D05-unequal-min010-K18/concentrated,1,update,1024,0.7,0,0.25,400,400,1.53416089998791,4600,588800,302080,302080,3932160,5734400.0,0,0,0,"{""0.2"": 0, ""0.5"": 0, ""1.0"": 0, ""2.0"": 0, ""4.0"": 0}",0.011088946220485951,0.1656267078057151,0.9899999999999999,0.11875689338235296,150,0,0
nrsr-M1024-f0.70-l0.25-u,nrsr,0.5,LBQCD-D05-unequal-min010-K18,unequal,concentrated,LBQCD-D05-unequal-min010-K18/concentrated,2,update,1024,0.7,0,0.25,400,400,1.439740100002382,4600,588800,302080,302080,3932160,5734400.0,0,0,0,"{""0.2"": 0, ""0.5"": 0, ""1.0"": 0, ""2.0"": 0, ""4.0"": 0}",0.02495509077947311,0.14770179583701729,0.9899999999999999,0.08971966911764706,150,0,0
nrsr-M1024-f0.70-l0.50-u,nrsr,0.5,LBQCD-D05-unequal-min010-K18,unequal,concentrated,LBQCD-D05-unequal-min010-K18/concentrated,0,update,1024,0.7,0,0.5,400,400,1.6268158999882871,4600,588800,302080,302080,3932160,5734400.0,0,0,0,"{""0.2"": 0, ""0.5"": 0, ""1.0"": 0, ""2.0"": 0, ""4.0"": 0}",0.00853055856842122,0.15653183134077928,0.9899999999999999,0.10755744485294116,150,0,0
nrsr-M1024-f0.70-l0.50-u,nrsr,0.5,LBQCD-D05-unequal-min010-K18,unequal,concentrated,LBQCD-D05-unequal-min010-K18/concentrated,1,update,1024,0.7,0,0.5,400,400,1.342925800010562,4600,588800,302080,302080,3932160,5734400.0,0,0,0,"{""0.2"": 0, ""0.5"": 0, ""1.0"": 0, ""2.0"": 0, ""4.0"": 0}",0.011085161193669535,0.1686469876638551,0.9899999999999999,0.11582720588235296,150,0,0
nrsr-M1024-f0.70-l0.50-u,nrsr,0.5,LBQCD-D05-unequal-min010-K18,unequal,concentrated,LBQCD-D05-unequal-min010-K18/concentrated,2,update,1024,0.7,0,0.5,400,400,1.3661919000005582,4600,588800,302080,302080,3932160,5734400.0,0,0,0,"{""0.2"": 0, ""0.5"": 0, ""1.0"": 0, ""2.0"": 0, ""4.0"": 0}",0.02145954484341006,0.13341503285354656,0.9899999999999999,0.08360064338235296,150,0,0
nrsr-M1024-f0.70-l0.75-u,nrsr,0.5,LBQCD-D05-unequal-min010-K18,unequal,concentrated,LBQCD-D05-unequal-min010-K18/concentrated,0,update,1024,0.7,0,0.75,400,400,1.57770100000198,4600,588800,302080,302080,3932160,5734400.0,0,0,0,"{""0.2"": 0, ""0.5"": 0, ""1.0"": 0, ""2.0"": 0, ""4.0"": 0}",0.008537252614466695,0.15747355892638637,0.9899999999999999,0.10899126838235296,150,0,0
nrsr-M1024-f0.70-l0.75-u,nrsr,0.5,LBQCD-D05-unequal-min010-K18,unequal,concentrated,LBQCD-D05-unequal-min010-K18/concentrated,1,update,1024,0.7,0,0.75,400,400,1.3309290000033798,4600,588800,302080,302080,3932160,5734400.0,0,0,0,"{""0.2"": 0, ""0.5"": 0, ""1.0"": 0, ""2.0"": 0, ""4.0"": 0}",0.011132541934177453,0.16739849506821225,0.9899999999999999,0.11973345588235296,150,0,0
nrsr-M1024-f0.70-l0.75-u,nrsr,0.5,LBQCD-D05-unequal-min010-K18,unequal,concentrated,LBQCD-D05-unequal-min010-K18/concentrated,2,update,1024,0.7,0,0.75,400,400,1.516312099993229,4600,588800,302080,302080,3932160,5734400.0,0,0,0,"{""0.2"": 0, ""0.5"": 0, ""1.0"": 0, ""2.0"": 0, ""4.0"": 0}",0.021446993272406623,0.1301342359750736,0.9899999999999999,0.08386029411764706,150,0,0
paper-0.2,paper,0.2,LBQCD-D05-unequal-min010-K18,unequal,concentrated,LBQCD-D05-unequal-min010-K18/concentrated,0,update,0,0.0,0,0.0,400,400,0.5912163000029977,400,51200,51200,51200,13107200,0.0,0,0,0,"{""0.2"": 0, ""0.5"": 0, ""1.0"": 0, ""2.0"": 0, ""4.0"": 0}",0.016180571878987138,0.1779518740177302,0.9999999999999999,0.08997931985294116,150,0,0
paper-0.2,paper,0.2,LBQCD-D05-unequal-min010-K18,unequal,concentrated,LBQCD-D05-unequal-min010-K18/concentrated,1,update,0,0.0,0,0.0,400,400,0.7345668999914778,400,51200,51200,51200,13107200,0.0,0,0,0,"{""0.2"": 0, ""0.5"": 0, ""1.0"": 0, ""2.0"": 0, ""4.0"": 0}",0.016019651292647374,0.22236443614069595,0.9999999999999999,0.08189568014705884,50,0,0
paper-0.2,paper,0.2,LBQCD-D05-unequal-min010-K18,unequal,concentrated,LBQCD-D05-unequal-min010-K18/concentrated,2,update,0,0.0,0,0.0,400,400,0.7080704999971204,400,51200,51200,51200,13107200,0.0,0,0,0,"{""0.2"": 0, ""0.5"": 0, ""1.0"": 0, ""2.0"": 0, ""4.0"": 0}",0.03368873670869643,0.13203234453377977,0.9999999999999999,0.08365119485294115,100,0,0
paper-0.5,paper,0.5,LBQCD-D05-unequal-min010-K18,unequal,concentrated,LBQCD-D05-unequal-min010-K18/concentrated,0,update,0,0.0,0,0.0,400,400,0.7141492000082508,400,51200,51200,51200,13107200,0.0,0,0,0,"{""0.2"": 0, ""0.5"": 0, ""1.0"": 0, ""2.0"": 0, ""4.0"": 0}",0.015158013832336614,0.156474376923239,0.9899999999999999,0.10189568014705885,100,0,0
paper-0.5,paper,0.5,LBQCD-D05-unequal-min010-K18,unequal,concentrated,LBQCD-D05-unequal-min010-K18/concentrated,1,update,0,0.0,0,0.0,400,400,0.6016722999920603,400,51200,51200,51200,13107200,0.0,0,0,0,"{""0.2"": 0, ""0.5"": 0, ""1.0"": 0, ""2.0"": 0, ""4.0"": 0}",0.008199544145223392,0.14511750412547986,0.9999999999999999,0.10462775735294116,100,0,0
paper-0.5,paper,0.5,LBQCD-D05-unequal-min010-K18,unequal,concentrated,LBQCD-D05-unequal-min010-K18/concentrated,2,update,0,0.0,0,0.0,400,400,0.6586799000069732,400,51200,51200,51200,13107200,0.0,0,0,0,"{""0.2"": 0, ""0.5"": 0, ""1.0"": 0, ""2.0"": 0, ""4.0"": 0}",0.021825103971473858,0.11516160886431581,0.9899999999999999,0.08848345588235296,100,0,0
paper-1,paper,1.0,LBQCD-D05-unequal-min010-K18,unequal,concentrated,LBQCD-D05-unequal-min010-K18/concentrated,0,update,0,0.0,0,0.0,400,400,0.8418211999960477,400,51200,51200,51200,13107200,0.0,0,0,0,"{""0.2"": 0, ""0.5"": 0, ""1.0"": 0, ""2.0"": 0, ""4.0"": 0}",0.021214130323048863,0.13440084077377806,0.9899999999999999,0.11094439338235296,200,0,0
paper-1,paper,1.0,LBQCD-D05-unequal-min010-K18,unequal,concentrated,LBQCD-D05-unequal-min010-K18/concentrated,1,update,0,0.0,0,0.0,400,400,0.6371544999856269,400,51200,51200,51200,13107200,0.0,0,0,0,"{""0.2"": 0, ""0.5"": 0, ""1.0"": 0, ""2.0"": 0, ""4.0"": 0}",0.007969552745659136,0.1365160869206353,0.9899999999999999,0.10925091911764706,200,0,0
paper-1,paper,1.0,LBQCD-D05-unequal-min010-K18,unequal,concentrated,LBQCD-D05-unequal-min010-K18/concentrated,2,update,0,0.0,0,0.0,400,400,0.7159385999984806,400,51200,51200,51200,13107200,0.0,0,0,0,"{""0.2"": 0, ""0.5"": 0, ""1.0"": 0, ""2.0"": 0, ""4.0"": 0}",0.020311354468671716,0.12101001928947407,0.9899999999999999,0.11953584558823527,150,0,0
paper-2,paper,2.0,LBQCD-D05-unequal-min010-K18,unequal,concentrated,LBQCD-D05-unequal-min010-K18/concentrated,0,update,0,0.0,0,0.0,400,400,0.664753600009135,400,51200,51200,51200,13107200,0.0,0,0,0,"{""0.2"": 0, ""0.5"": 0, ""1.0"": 0, ""2.0"": 0, ""4.0"": 0}",0.029230310221787015,0.13895681760043727,0.9317647058823528,0.18516314338235296,350,0,0
paper-2,paper,2.0,LBQCD-D05-unequal-min010-K18,unequal,concentrated,LBQCD-D05-unequal-min010-K18/concentrated,1,update,0,0.0,0,0.0,400,400,0.8472277999971993,400,51200,51200,51200,13107200,0.0,0,0,0,"{""0.2"": 0, ""0.5"": 0, ""1.0"": 0, ""2.0"": 0, ""4.0"": 0}",0.011038220487669559,0.15794570620634193,0.9317647058823528,0.23841681985294116,200,0,0
paper-2,paper,2.0,LBQCD-D05-unequal-min010-K18,unequal,concentrated,LBQCD-D05-unequal-min010-K18/concentrated,2,update,0,0.0,0,0.0,400,400,0.6257941999938339,400,51200,51200,51200,13107200,0.0,0,0,0,"{""0.2"": 0, ""0.5"": 0, ""1.0"": 0, ""2.0"": 0, ""4.0"": 0}",0.03387466032226438,0.1620063300097798,0.9317647058823528,0.25794806985294116,250,0,0
paper-4,paper,4.0,LBQCD-D05-unequal-min010-K18,unequal,concentrated,LBQCD-D05-unequal-min010-K18/concentrated,0,update,0,0.0,0,0.0,400,400,0.711201300000539,400,51200,51200,51200,13107200,0.0,0,0,0,"{""0.2"": 0, ""0.5"": 0, ""1.0"": 0, ""2.0"": 0, ""4.0"": 0}",0.027552572874407044,0.15150140784933308,0.9317647058823528,0.22350873161764706,350,0,0
paper-4,paper,4.0,LBQCD-D05-unequal-min010-K18,unequal,concentrated,LBQCD-D05-unequal-min010-K18/concentrated,1,update,0,0.0,0,0.0,400,400,0.6810401999973692,400,51200,51200,51200,13107200,0.0,0,0,0,"{""0.2"": 0, ""0.5"": 0, ""1.0"": 0, ""2.0"": 0, ""4.0"": 0}",0.014646536721667935,0.18540799267725863,0.9317647058823528,0.25527803308823527,350,0,0
paper-4,paper,4.0,LBQCD-D05-unequal-min010-K18,unequal,concentrated,LBQCD-D05-unequal-min010-K18/concentrated,2,update,0,0.0,0,0.0,400,400,0.7304938999877777,400,51200,51200,51200,13107200,0.0,0,0,0,"{""0.2"": 0, ""0.5"": 0, ""1.0"": 0, ""2.0"": 0, ""4.0"": 0}",0.0421881835043143,0.20068272914034033,0.8735294117647058,0.39759650735294116,400,1,0
qld-v1,qld,0.5,LBQCD-D05-unequal-min010-K18,unequal,concentrated,LBQCD-D05-unequal-min010-K18/concentrated,0,update,0,0.7,0,0.0,400,400,0.3243787999963388,400,51200,51200,51200,3932160,501760.0,0,0,0,"{""0.2"": 0, ""0.5"": 0, ""1.0"": 0, ""2.0"": 0, ""4.0"": 0}",0.013716055360304402,0.12934470828148675,0.9899999999999999,0.07974494485294115,200,0,0
qld-v1,qld,0.5,LBQCD-D05-unequal-min010-K18,unequal,concentrated,LBQCD-D05-unequal-min010-K18/concentrated,1,update,0,0.7,0,0.0,400,400,0.3687809999973979,400,51200,51200,51200,3932160,501760.0,0,0,0,"{""0.2"": 0, ""0.5"": 0, ""1.0"": 0, ""2.0"": 0, ""4.0"": 0}",0.011647479306552633,0.204485243900914,0.9899999999999999,0.12806525735294116,200,0,0
qld-v1,qld,0.5,LBQCD-D05-unequal-min010-K18,unequal,concentrated,LBQCD-D05-unequal-min010-K18/concentrated,2,update,0,0.7,0,0.0,400,400,0.3876172000018414,400,51200,51200,51200,3932160,501760.0,0,0,0,"{""0.2"": 0, ""0.5"": 0, ""1.0"": 0, ""2.0"": 0, ""4.0"": 0}",0.021234708680011316,0.12142688521383745,0.9899999999999999,0.11022748161764706,150,0,0
rsr-M1024-f0.70-u,rsr,0.5,LBQCD-D05-unequal-min010-K18,unequal,concentrated,LBQCD-D05-unequal-min010-K18/concentrated,0,update,1024,0.7,0,0.0,400,400,1.0600047999905655,4600,588800,302080,302080,3932160,5734400.0,0,0,0,"{""0.2"": 0, ""0.5"": 0, ""1.0"": 0, ""2.0"": 0, ""4.0"": 0}",0.00906706032160498,0.16147784422847727,0.9899999999999999,0.09531939338235296,150,0,0
rsr-M1024-f0.70-u,rsr,0.5,LBQCD-D05-unequal-min010-K18,unequal,concentrated,LBQCD-D05-unequal-min010-K18/concentrated,1,update,1024,0.7,0,0.0,400,400,1.2277096000034362,4600,588800,302080,302080,3932160,5734400.0,0,0,0,"{""0.2"": 0, ""0.5"": 0, ""1.0"": 0, ""2.0"": 0, ""4.0"": 0}",0.011124690627625444,0.16556601466146764,0.9899999999999999,0.11582720588235296,150,0,0
rsr-M1024-f0.70-u,rsr,0.5,LBQCD-D05-unequal-min010-K18,unequal,concentrated,LBQCD-D05-unequal-min010-K18/concentrated,2,update,1024,0.7,0,0.0,400,400,1.1696656999993138,4600,588800,302080,302080,3932160,5734400.0,0,0,0,"{""0.2"": 0, ""0.5"": 0, ""1.0"": 0, ""2.0"": 0, ""4.0"": 0}",0.029356868505865386,0.15448896149232172,0.9899999999999999,0.11146369485294116,150,0,0
nrsr-M1024-f0.70-l0.25-u,nrsr,0.5,LBQCD-D05-unequal-min010-K18,unequal,missing,LBQCD-D05-unequal-min010-K18/missing,0,update,1024,0.7,0,0.25,400,400,1.44862870000361,4600,588800,302080,302080,3932160,5734400.0,0,0,0,"{""0.2"": 0, ""0.5"": 0, ""1.0"": 0, ""2.0"": 0, ""4.0"": 0}",0.02535425573597827,0.19324581631593185,0.9999999999999999,0.15129365808823525,200,0,0
nrsr-M1024-f0.70-l0.25-u,nrsr,0.5,LBQCD-D05-unequal-min010-K18,unequal,missing,LBQCD-D05-unequal-min010-K18/missing,1,update,1024,0.7,0,0.25,400,400,1.51920959999552,4600,588800,302080,302080,3932160,5734400.0,0,0,0,"{""0.2"": 0, ""0.5"": 0, ""1.0"": 0, ""2.0"": 0, ""4.0"": 0}",0.011516435330489738,0.15284236939514118,0.9417647058823528,0.23475873161764704,200,0,0
nrsr-M1024-f0.70-l0.25-u,nrsr,0.5,LBQCD-D05-unequal-min010-K18,unequal,missing,LBQCD-D05-unequal-min010-K18/missing,2,update,1024,0.7,0,0.25,400,400,1.588334300002316,4600,588800,302080,302080,3932160,5734400.0,0,0,0,"{""0.2"": 0, ""0.5"": 0, ""1.0"": 0, ""2.0"": 0, ""4.0"": 0}",0.007076035801639957,0.16287842243996248,0.9417647058823528,0.18690716911764704,200,0,0
nrsr-M1024-f0.70-l0.50-u,nrsr,0.5,LBQCD-D05-unequal-min010-K18,unequal,missing,LBQCD-D05-unequal-min010-K18/missing,0,update,1024,0.7,0,0.5,400,400,1.5875477000081446,4600,588800,302080,302080,3932160,5734400.0,0,0,0,"{""0.2"": 0, ""0.5"": 0, ""1.0"": 0, ""2.0"": 0, ""4.0"": 0}",0.024330135683920506,0.19270723091577258,0.9999999999999999,0.15494025735294115,200,0,0
nrsr-M1024-f0.70-l0.50-u,nrsr,0.5,LBQCD-D05-unequal-min010-K18,unequal,missing,LBQCD-D05-unequal-min010-K18/missing,1,update,1024,0.7,0,0.5,400,400,1.456826199995703,4600,588800,302080,302080,3932160,5734400.0,0,0,0,"{""0.2"": 0, ""0.5"": 0, ""1.0"": 0, ""2.0"": 0, ""4.0"": 0}",0.012652719607368468,0.16163081154932182,0.9417647058823528,0.21451056985294115,250,0,0
nrsr-M1024-f0.70-l0.50-u,nrsr,0.5,LBQCD-D05-unequal-min010-K18,unequal,missing,LBQCD-D05-unequal-min010-K18/missing,2,update,1024,0.7,0,0.5,400,400,1.5229356000054395,4600,588800,302080,302080,3932160,5734400.0,0,0,0,"{""0.2"": 0, ""0.5"": 0, ""1.0"": 0, ""2.0"": 0, ""4.0"": 0}",0.007983412021243197,0.16661384836867316,0.9417647058823528,0.20083869485294115,200,0,0
nrsr-M1024-f0.70-l0.75-u,nrsr,0.5,LBQCD-D05-unequal-min010-K18,unequal,missing,LBQCD-D05-unequal-min010-K18/missing,0,update,1024,0.7,0,0.75,400,400,1.4935581000027014,4600,588800,302080,302080,3932160,5734400.0,0,0,0,"{""0.2"": 0, ""0.5"": 0, ""1.0"": 0, ""2.0"": 0, ""4.0"": 0}",0.02351608942457606,0.19143963697123922,0.9999999999999999,0.17180147058823525,200,0,0
nrsr-M1024-f0.70-l0.75-u,nrsr,0.5,LBQCD-D05-unequal-min010-K18,unequal,missing,LBQCD-D05-unequal-min010-K18/missing,1,update,1024,0.7,0,0.75,400,400,1.3967564999911701,4600,588800,302080,302080,3932160,5734400.0,0,0,0,"{""0.2"": 0, ""0.5"": 0, ""1.0"": 0, ""2.0"": 0, ""4.0"": 0}",0.01290599427044059,0.1657116211680571,0.9417647058823528,0.21646369485294115,250,0,0
nrsr-M1024-f0.70-l0.75-u,nrsr,0.5,LBQCD-D05-unequal-min010-K18,unequal,missing,LBQCD-D05-unequal-min010-K18/missing,2,update,1024,0.7,0,0.75,400,400,1.468306399998255,4600,588800,302080,302080,3932160,5734400.0,0,0,0,"{""0.2"": 0, ""0.5"": 0, ""1.0"": 0, ""2.0"": 0, ""4.0"": 0}",0.008839941892414327,0.16722197537566544,0.9417647058823528,0.21184053308823525,250,0,0
paper-0.2,paper,0.2,LBQCD-D05-unequal-min010-K18,unequal,missing,LBQCD-D05-unequal-min010-K18/missing,0,update,0,0.0,0,0.0,400,400,0.6467457999970065,400,51200,51200,51200,13107200,0.0,0,0,0,"{""0.2"": 0, ""0.5"": 0, ""1.0"": 0, ""2.0"": 0, ""4.0"": 0}",0.008714366983845423,0.12821073429816138,0.9999999999999999,0.08091911764705884,150,0,0
paper-0.2,paper,0.2,LBQCD-D05-unequal-min010-K18,unequal,missing,LBQCD-D05-unequal-min010-K18/missing,1,update,0,0.0,0,0.0,400,400,0.6801476999971783,400,51200,51200,51200,13107200,0.0,0,0,0,"{""0.2"": 0, ""0.5"": 0, ""1.0"": 0, ""2.0"": 0, ""4.0"": 0}",0.012458742254102706,0.24392930383746758,0.9999999999999999,0.12441865808823527,150,0,0
paper-0.2,paper,0.2,LBQCD-D05-unequal-min010-K18,unequal,missing,LBQCD-D05-unequal-min010-K18/missing,2,update,0,0.0,0,0.0,400,400,0.5736918999900809,400,51200,51200,51200,13107200,0.0,0,0,0,"{""0.2"": 0, ""0.5"": 0, ""1.0"": 0, ""2.0"": 0, ""4.0"": 0}",0.024504813999870034,0.20621181092189306,0.9999999999999999,0.11341681985294116,100,0,0
paper-0.5,paper,0.5,LBQCD-D05-unequal-min010-K18,unequal,missing,LBQCD-D05-unequal-min010-K18/missing,0,update,0,0.0,0,0.0,400,400,0.7590028999984497,400,51200,51200,51200,13107200,0.0,0,0,0,"{""0.2"": 0, ""0.5"": 0, ""1.0"": 0, ""2.0"": 0, ""4.0"": 0}",0.009410876881835506,0.15669837830591424,0.9999999999999999,0.07948529411764704,150,0,0
paper-0.5,paper,0.5,LBQCD-D05-unequal-min010-K18,unequal,missing,LBQCD-D05-unequal-min010-K18/missing,1,update,0,0.0,0,0.0,400,400,0.7325530999951297,400,51200,51200,51200,13107200,0.0,0,0,0,"{""0.2"": 0, ""0.5"": 0, ""1.0"": 0, ""2.0"": 0, ""4.0"": 0}",0.005584517303092618,0.19829798008457236,0.9999999999999999,0.07917509191176475,150,0,0
paper-0.5,paper,0.5,LBQCD-D05-unequal-min010-K18,unequal,missing,LBQCD-D05-unequal-min010-K18/missing,2,update,0,0.0,0,0.0,400,400,0.6113581999961752,400,51200,51200,51200,13107200,0.0,0,0,0,"{""0.2"": 0, ""0.5"": 0, ""1.0"": 0, ""2.0"": 0, ""4.0"": 0}",0.008322446928958893,0.12422762656489292,0.9999999999999999,0.08653033088235296,100,0,0
paper-1,paper,1.0,LBQCD-D05-unequal-min010-K18,unequal,missing,LBQCD-D05-unequal-min010-K18/missing,0,update,0,0.0,0,0.0,400,400,0.7842857000068761,400,51200,51200,51200,13107200,0.0,0,0,0,"{""0.2"": 0, ""0.5"": 0, ""1.0"": 0, ""2.0"": 0, ""4.0"": 0}",0.009774297134544696,0.17474037282684776,0.9999999999999999,0.14517463235294115,150,0,0
paper-1,paper,1.0,LBQCD-D05-unequal-min010-K18,unequal,missing,LBQCD-D05-unequal-min010-K18/missing,1,update,0,0.0,0,0.0,400,400,0.7218202999938512,400,51200,51200,51200,13107200,0.0,0,0,0,"{""0.2"": 0, ""0.5"": 0, ""1.0"": 0, ""2.0"": 0, ""4.0"": 0}",0.01140849251565923,0.1869083883759178,0.9999999999999999,0.13052619485294115,200,0,0
paper-1,paper,1.0,LBQCD-D05-unequal-min010-K18,unequal,missing,LBQCD-D05-unequal-min010-K18/missing,2,update,0,0.0,0,0.0,400,400,0.8949659999925643,400,51200,51200,51200,13107200,0.0,0,0,0,"{""0.2"": 0, ""0.5"": 0, ""1.0"": 0, ""2.0"": 0, ""4.0"": 0}",0.00822005720413621,0.1840423577365383,0.9999999999999999,0.11536994485294116,150,0,0
paper-2,paper,2.0,LBQCD-D05-unequal-min010-K18,unequal,missing,LBQCD-D05-unequal-min010-K18/missing,0,update,0,0.0,0,0.0,400,400,0.7184129999950528,400,51200,51200,51200,13107200,0.0,0,0,0,"{""0.2"": 0, ""0.5"": 0, ""1.0"": 0, ""2.0"": 0, ""4.0"": 0}",0.015090478064907487,0.19364222315623797,0.9999999999999999,0.20038143382352935,300,0,0
paper-2,paper,2.0,LBQCD-D05-unequal-min010-K18,unequal,missing,LBQCD-D05-unequal-min010-K18/missing,1,update,0,0.0,0,0.0,400,400,0.6050203999911901,400,51200,51200,51200,13107200,0.0,0,0,0,"{""0.2"": 0, ""0.5"": 0, ""1.0"": 0, ""2.0"": 0, ""4.0"": 0}",0.012908227225561841,0.23157565688540493,0.9417647058823528,0.23430147058823525,400,0,0
paper-2,paper,2.0,LBQCD-D05-unequal-min010-K18,unequal,missing,LBQCD-D05-unequal-min010-K18/missing,2,update,0,0.0,0,0.0,400,400,0.5681943999952637,400,51200,51200,51200,13107200,0.0,0,0,0,"{""0.2"": 0, ""0.5"": 0, ""1.0"": 0, ""2.0"": 0, ""4.0"": 0}",0.016252317568358876,0.2233345334559467,0.9999999999999999,0.21959099264705884,250,0,0
paper-4,paper,4.0,LBQCD-D05-unequal-min010-K18,unequal,missing,LBQCD-D05-unequal-min010-K18/missing,0,update,0,0.0,0,0.0,400,400,0.7242299999925308,400,51200,51200,51200,13107200,0.0,0,0,0,"{""0.2"": 0, ""0.5"": 0, ""1.0"": 0, ""2.0"": 0, ""4.0"": 0}",0.05387121421298513,0.31408041236260126,0.8835294117647058,0.37056295955882346,400,1,0
paper-4,paper,4.0,LBQCD-D05-unequal-min010-K18,unequal,missing,LBQCD-D05-unequal-min010-K18/missing,1,update,0,0.0,0,0.0,400,400,0.8932294999976875,400,51200,51200,51200,13107200,0.0,0,0,0,"{""0.2"": 0, ""0.5"": 0, ""1.0"": 0, ""2.0"": 0, ""4.0"": 0}",0.03909367031193778,0.36337360625046883,0.8835294117647058,0.39152803308823525,400,1,0
paper-4,paper,4.0,LBQCD-D05-unequal-min010-K18,unequal,missing,LBQCD-D05-unequal-min010-K18/missing,2,update,0,0.0,0,0.0,400,400,0.6782972000073642,400,51200,51200,51200,13107200,0.0,0,0,0,"{""0.2"": 0, ""0.5"": 0, ""1.0"": 0, ""2.0"": 0, ""4.0"": 0}",0.08016348377407745,0.5294185306714295,0.8835294117647058,0.41301240808823525,400,1,0
qld-v1,qld,0.5,LBQCD-D05-unequal-min010-K18,unequal,missing,LBQCD-D05-unequal-min010-K18/missing,0,update,0,0.7,0,0.0,400,400,0.3045603999926243,400,51200,51200,51200,3932160,501760.0,0,0,0,"{""0.2"": 0, ""0.5"": 0, ""1.0"": 0, ""2.0"": 0, ""4.0"": 0}",0.022387703726780117,0.17676265556671283,0.9999999999999999,0.20988740808823525,250,0,0
qld-v1,qld,0.5,LBQCD-D05-unequal-min010-K18,unequal,missing,LBQCD-D05-unequal-min010-K18/missing,1,update,0,0.7,0,0.0,400,400,0.2941599000041606,400,51200,51200,51200,3932160,501760.0,0,0,0,"{""0.2"": 0, ""0.5"": 0, ""1.0"": 0, ""2.0"": 0, ""4.0"": 0}",0.02657261188729665,0.37527593280107074,0.9417647058823528,0.28071920955882346,300,0,0
qld-v1,qld,0.5,LBQCD-D05-unequal-min010-K18,unequal,missing,LBQCD-D05-unequal-min010-K18/missing,2,update,0,0.7,0,0.0,400,400,0.34432299999753013,400,51200,51200,51200,3932160,501760.0,0,0,0,"{""0.2"": 0, ""0.5"": 0, ""1.0"": 0, ""2.0"": 0, ""4.0"": 0}",0.013071855907169638,0.231979567382673,0.9417647058823528,0.26210248161764704,250,0,0
rsr-M1024-f0.70-u,rsr,0.5,LBQCD-D05-unequal-min010-K18,unequal,missing,LBQCD-D05-unequal-min010-K18/missing,0,update,1024,0.7,0,0.0,400,400,1.0771152999950573,4600,588800,302080,302080,3932160,5734400.0,0,0,0,"{""0.2"": 0, ""0.5"": 0, ""1.0"": 0, ""2.0"": 0, ""4.0"": 0}",0.027372299918043907,0.19057454556269302,0.9999999999999999,0.16496553308823525,200,0,0
rsr-M1024-f0.70-u,rsr,0.5,LBQCD-D05-unequal-min010-K18,unequal,missing,LBQCD-D05-unequal-min010-K18/missing,1,update,1024,0.7,0,0.0,400,400,1.2560211999953026,4600,588800,302080,302080,3932160,5734400.0,0,0,0,"{""0.2"": 0, ""0.5"": 0, ""1.0"": 0, ""2.0"": 0, ""4.0"": 0}",0.010934615831052152,0.14668752707021404,0.9417647058823528,0.24797334558823525,200,0,0
rsr-M1024-f0.70-u,rsr,0.5,LBQCD-D05-unequal-min010-K18,unequal,missing,LBQCD-D05-unequal-min010-K18/missing,2,update,1024,0.7,0,0.0,400,400,1.2416674999985844,4600,588800,302080,302080,3932160,5734400.0,0,0,0,"{""0.2"": 0, ""0.5"": 0, ""1.0"": 0, ""2.0"": 0, ""4.0"": 0}",0.006968509763721986,0.1601687535783399,0.9999999999999999,0.18619025735294115,200,0,0
nrsr-M1024-f0.70-l0.25-u,nrsr,0.5,LBQCD-D06-unequal-min005-K20,unequal,concentrated,LBQCD-D06-unequal-min005-K20/concentrated,0,update,1024,0.7,0,0.25,400,400,1.545753300000797,4600,588800,302080,302080,3932160,5734400.0,0,0,0,"{""0.2"": 0, ""0.5"": 0, ""1.0"": 0, ""2.0"": 0, ""4.0"": 0}",0.024643645543847015,0.21391822642103017,0.9950000000000003,0.12084498355263155,200,0,0
nrsr-M1024-f0.70-l0.25-u,nrsr,0.5,LBQCD-D06-unequal-min005-K20,unequal,concentrated,LBQCD-D06-unequal-min005-K20/concentrated,1,update,1024,0.7,0,0.25,400,400,1.4946660999994492,4600,588800,302080,302080,3932160,5734400.0,0,0,0,"{""0.2"": 0, ""0.5"": 0, ""1.0"": 0, ""2.0"": 0, ""4.0"": 0}",0.012819843820649268,0.3004380611600452,0.9426315789473687,0.1867639802631579,200,0,0
nrsr-M1024-f0.70-l0.25-u,nrsr,0.5,LBQCD-D06-unequal-min005-K20,unequal,concentrated,LBQCD-D06-unequal-min005-K20/concentrated,2,update,1024,0.7,0,0.25,400,400,1.4402034999948228,4600,588800,302080,302080,3932160,5734400.0,0,0,0,"{""0.2"": 0, ""0.5"": 0, ""1.0"": 0, ""2.0"": 0, ""4.0"": 0}",0.010887927949863041,0.18767986488145771,0.9950000000000003,0.09936060855263155,200,0,0
nrsr-M1024-f0.70-l0.50-u,nrsr,0.5,LBQCD-D06-unequal-min005-K20,unequal,concentrated,LBQCD-D06-unequal-min005-K20/concentrated,0,update,1024,0.7,0,0.5,400,400,1.4971556999953464,4600,588800,302080,302080,3932160,5734400.0,0,0,0,"{""0.2"": 0, ""0.5"": 0, ""1.0"": 0, ""2.0"": 0, ""4.0"": 0}",0.024747634117069595,0.20828614720758998,0.9950000000000003,0.11962376644736837,200,0,0
nrsr-M1024-f0.70-l0.50-u,nrsr,0.5,LBQCD-D06-unequal-min005-K20,unequal,concentrated,LBQCD-D06-unequal-min005-K20/concentrated,1,update,1024,0.7,0,0.5,400,400,1.4151662999938708,4600,588800,302080,302080,3932160,5734400.0,0,0,0,"{""0.2"": 0, ""0.5"": 0, ""1.0"": 0, ""2.0"": 0, ""4.0"": 0}",0.01337116305223418,0.29830969992607775,0.9426315789473687,0.17968338815789472,200,0,0
nrsr-M1024-f0.70-l0.50-u,nrsr,0.5,LBQCD-D06-unequal-min005-K20,unequal,concentrated,LBQCD-D06-unequal-min005-K20/concentrated,2,update,1024,0.7,0,0.5,400,400,1.3163359000027413,4600,588800,302080,302080,3932160,5734400.0,0,0,0,"{""0.2"": 0, ""0.5"": 0, ""1.0"": 0, ""2.0"": 0, ""4.0"": 0}",0.011504781571252565,0.19080138985546216,0.9426315789473687,0.10424342105263155,200,0,0
nrsr-M1024-f0.70-l0.75-u,nrsr,0.5,LBQCD-D06-unequal-min005-K20,unequal,concentrated,LBQCD-D06-unequal-min005-K20/concentrated,0,update,1024,0.7,0,0.75,400,400,1.4627161000098567,4600,588800,302080,302080,3932160,5734400.0,0,0,0,"{""0.2"": 0, ""0.5"": 0, ""1.0"": 0, ""2.0"": 0, ""4.0"": 0}",0.021700755041706543,0.19753411495389434,0.9426315789473687,0.12426192434210519,200,0,0
nrsr-M1024-f0.70-l0.75-u,nrsr,0.5,LBQCD-D06-unequal-min005-K20,unequal,concentrated,LBQCD-D06-unequal-min005-K20/concentrated,1,update,1024,0.7,0,0.75,400,400,1.3997368999989703,4600,588800,302080,302080,3932160,5734400.0,0,0,0,"{""0.2"": 0, ""0.5"": 0, ""1.0"": 0, ""2.0"": 0, ""4.0"": 0}",0.014442709789456387,0.2999315757610873,0.9426315789473687,0.18822779605263154,200,0,0
nrsr-M1024-f0.70-l0.75-u,nrsr,0.5,LBQCD-D06-unequal-min005-K20,unequal,concentrated,LBQCD-D06-unequal-min005-K20/concentrated,2,update,1024,0.7,0,0.75,400,400,1.4585882000101265,4600,588800,302080,302080,3932160,5734400.0,0,0,0,"{""0.2"": 0, ""0.5"": 0, ""1.0"": 0, ""2.0"": 0, ""4.0"": 0}",0.01206014604910255,0.18079186130303906,0.9950000000000003,0.10521998355263155,200,0,0
paper-0.2,paper,0.2,LBQCD-D06-unequal-min005-K20,unequal,concentrated,LBQCD-D06-unequal-min005-K20/concentrated,0,update,0,0.0,0,0.0,400,400,0.6958271000039531,400,51200,51200,51200,13107200,0.0,0,0,0,"{""0.2"": 0, ""0.5"": 0, ""1.0"": 0, ""2.0"": 0, ""4.0"": 0}",0.05929074439476789,0.39116736711750744,0.9950000000000003,0.15307154605263154,350,0,0
paper-0.2,paper,0.2,LBQCD-D06-unequal-min005-K20,unequal,concentrated,LBQCD-D06-unequal-min005-K20/concentrated,1,update,0,0.0,0,0.0,400,400,0.7222017999883974,400,51200,51200,51200,13107200,0.0,0,0,0,"{""0.2"": 0, ""0.5"": 0, ""1.0"": 0, ""2.0"": 0, ""4.0"": 0}",0.026500984220253265,0.17086470039058219,1.0000000000000002,0.09253495065789481,100,0,0
paper-0.2,paper,0.2,LBQCD-D06-unequal-min005-K20,unequal,concentrated,LBQCD-D06-unequal-min005-K20/concentrated,2,update,0,0.0,0,0.0,400,400,0.7585322999948403,400,51200,51200,51200,13107200,0.0,0,0,0,"{""0.2"": 0, ""0.5"": 0, ""1.0"": 0, ""2.0"": 0, ""4.0"": 0}",0.011171431450746283,0.1875510397785809,0.9950000000000003,0.08324629934210519,200,0,0
paper-0.5,paper,0.5,LBQCD-D06-unequal-min005-K20,unequal,concentrated,LBQCD-D06-unequal-min005-K20/concentrated,0,update,0,0.0,0,0.0,400,400,0.7542267999961041,400,51200,51200,51200,13107200,0.0,0,0,0,"{""0.2"": 0, ""0.5"": 0, ""1.0"": 0, ""2.0"": 0, ""4.0"": 0}",0.01795032102046079,0.2072948772681891,0.9950000000000003,0.085931332236842,150,0,0
paper-0.5,paper,0.5,LBQCD-D06-unequal-min005-K20,unequal,concentrated,LBQCD-D06-unequal-min005-K20/concentrated,1,update,0,0.0,0,0.0,400,400,0.7002913000033004,400,51200,51200,51200,13107200,0.0,0,0,0,"{""0.2"": 0, ""0.5"": 0, ""1.0"": 0, ""2.0"": 0, ""4.0"": 0}",0.011511567228791542,0.19120018820990814,0.9950000000000003,0.10230057565789481,250,0,0
paper-0.5,paper,0.5,LBQCD-D06-unequal-min005-K20,unequal,concentrated,LBQCD-D06-unequal-min005-K20/concentrated,2,update,0,0.0,0,0.0,400,400,0.7154152999864891,400,51200,51200,51200,13107200,0.0,0,0,0,"{""0.2"": 0, ""0.5"": 0, ""1.0"": 0, ""2.0"": 0, ""4.0"": 0}",0.01011914958210447,0.1891409726784204,0.9950000000000003,0.07275904605263163,250,0,0
paper-1,paper,1.0,LBQCD-D06-unequal-min005-K20,unequal,concentrated,LBQCD-D06-unequal-min005-K20/concentrated,0,update,0,0.0,0,0.0,400,400,0.5119452999933856,400,51200,51200,51200,13107200,0.0,0,0,0,"{""0.2"": 0, ""0.5"": 0, ""1.0"": 0, ""2.0"": 0, ""4.0"": 0}",0.01616510454202924,0.20003554359105807,0.9950000000000003,0.07982935855263155,250,0,0
paper-1,paper,1.0,LBQCD-D06-unequal-min005-K20,unequal,concentrated,LBQCD-D06-unequal-min005-K20/concentrated,1,update,0,0.0,0,0.0,400,400,0.7291053000080865,400,51200,51200,51200,13107200,0.0,0,0,0,"{""0.2"": 0, ""0.5"": 0, ""1.0"": 0, ""2.0"": 0, ""4.0"": 0}",0.009383068393584715,0.24718010664305412,0.9950000000000003,0.16381373355263154,200,0,0
paper-1,paper,1.0,LBQCD-D06-unequal-min005-K20,unequal,concentrated,LBQCD-D06-unequal-min005-K20/concentrated,2,update,0,0.0,0,0.0,400,400,0.7976119000086328,400,51200,51200,51200,13107200,0.0,0,0,0,"{""0.2"": 0, ""0.5"": 0, ""1.0"": 0, ""2.0"": 0, ""4.0"": 0}",0.012112734551344317,0.21257787009791124,0.9950000000000003,0.10253495065789474,200,0,0
paper-2,paper,2.0,LBQCD-D06-unequal-min005-K20,unequal,concentrated,LBQCD-D06-unequal-min005-K20/concentrated,0,update,0,0.0,0,0.0,400,400,0.6185144999908516,400,51200,51200,51200,13107200,0.0,0,0,0,"{""0.2"": 0, ""0.5"": 0, ""1.0"": 0, ""2.0"": 0, ""4.0"": 0}",0.012206853177580967,0.192127959212583,0.9426315789473687,0.18505345394736836,350,0,0
paper-2,paper,2.0,LBQCD-D06-unequal-min005-K20,unequal,concentrated,LBQCD-D06-unequal-min005-K20/concentrated,1,update,0,0.0,0,0.0,400,400,0.8845009000069695,400,51200,51200,51200,13107200,0.0,0,0,0,"{""0.2"": 0, ""0.5"": 0, ""1.0"": 0, ""2.0"": 0, ""4.0"": 0}",0.01791843193385212,0.2939589618191558,0.8902631578947371,0.31225123355263157,400,1,0
paper-2,paper,2.0,LBQCD-D06-unequal-min005-K20,unequal,concentrated,LBQCD-D06-unequal-min005-K20/concentrated,2,update,0,0.0,0,0.0,400,400,0.8769496000022627,400,51200,51200,51200,13107200,0.0,0,0,0,"{""0.2"": 0, ""0.5"": 0, ""1.0"": 0, ""2.0"": 0, ""4.0"": 0}",0.01887252901654346,0.2749292684703124,0.9426315789473687,0.22851151315789472,400,1,0
paper-4,paper,4.0,LBQCD-D06-unequal-min005-K20,unequal,concentrated,LBQCD-D06-unequal-min005-K20/concentrated,0,update,0,0.0,0,0.0,400,400,0.5772390000056475,400,51200,51200,51200,13107200,0.0,0,0,0,"{""0.2"": 0, ""0.5"": 0, ""1.0"": 0, ""2.0"": 0, ""4.0"": 0}",0.018904353330176704,0.24549481897560965,0.8378947368421055,0.27904810855263157,400,1,0
paper-4,paper,4.0,LBQCD-D06-unequal-min005-K20,unequal,concentrated,LBQCD-D06-unequal-min005-K20/concentrated,1,update,0,0.0,0,0.0,400,400,0.6699731999979122,400,51200,51200,51200,13107200,0.0,0,0,0,"{""0.2"": 0, ""0.5"": 0, ""1.0"": 0, ""2.0"": 0, ""4.0"": 0}",0.02987538179143634,0.31956351284121276,0.8378947368421055,0.3906208881578947,400,1,0
paper-4,paper,4.0,LBQCD-D06-unequal-min005-K20,unequal,concentrated,LBQCD-D06-unequal-min005-K20/concentrated,2,update,0,0.0,0,0.0,400,400,0.7635739999968791,400,51200,51200,51200,13107200,0.0,0,0,0,"{""0.2"": 0, ""0.5"": 0, ""1.0"": 0, ""2.0"": 0, ""4.0"": 0}",0.036381516492232535,0.3469192908334431,0.8378947368421055,0.3532689144736843,400,1,0
qld-v1,qld,0.5,LBQCD-D06-unequal-min005-K20,unequal,concentrated,LBQCD-D06-unequal-min005-K20/concentrated,0,update,0,0.7,0,0.0,400,400,0.3141890999977477,400,51200,51200,51200,3932160,501760.0,0,0,0,"{""0.2"": 0, ""0.5"": 0, ""1.0"": 0, ""2.0"": 0, ""4.0"": 0}",0.012073319567485363,0.17032513866035423,0.9426315789473687,0.12792557565789472,200,0,0
qld-v1,qld,0.5,LBQCD-D06-unequal-min005-K20,unequal,concentrated,LBQCD-D06-unequal-min005-K20/concentrated,1,update,0,0.7,0,0.0,400,400,0.3661086000065552,400,51200,51200,51200,3932160,501760.0,0,0,0,"{""0.2"": 0, ""0.5"": 0, ""1.0"": 0, ""2.0"": 0, ""4.0"": 0}",0.014839249313983949,0.2208138121705555,0.9426315789473687,0.20116776315789472,350,0,0
qld-v1,qld,0.5,LBQCD-D06-unequal-min005-K20,unequal,concentrated,LBQCD-D06-unequal-min005-K20/concentrated,2,update,0,0.7,0,0.0,400,400,0.3346419000008609,400,51200,51200,51200,3932160,501760.0,0,0,0,"{""0.2"": 0, ""0.5"": 0, ""1.0"": 0, ""2.0"": 0, ""4.0"": 0}",0.013757071999528137,0.21587016966377875,0.9426315789473687,0.19921463815789472,400,1,0
rsr-M1024-f0.70-u,rsr,0.5,LBQCD-D06-unequal-min005-K20,unequal,concentrated,LBQCD-D06-unequal-min005-K20/concentrated,0,update,1024,0.7,0,0.0,400,400,1.104040200007148,4600,588800,302080,302080,3932160,5734400.0,0,0,0,"{""0.2"": 0, ""0.5"": 0, ""1.0"": 0, ""2.0"": 0, ""4.0"": 0}",0.01633846646487669,0.1953303890712814,0.9950000000000003,0.11937911184210519,200,0,0
rsr-M1024-f0.70-u,rsr,0.5,LBQCD-D06-unequal-min005-K20,unequal,concentrated,LBQCD-D06-unequal-min005-K20/concentrated,1,update,1024,0.7,0,0.0,400,400,1.1493806000071345,4600,588800,302080,302080,3932160,5734400.0,0,0,0,"{""0.2"": 0, ""0.5"": 0, ""1.0"": 0, ""2.0"": 0, ""4.0"": 0}",0.01218010323466956,0.29852146851619815,0.9950000000000003,0.17968338815789472,200,0,0
rsr-M1024-f0.70-u,rsr,0.5,LBQCD-D06-unequal-min005-K20,unequal,concentrated,LBQCD-D06-unequal-min005-K20/concentrated,2,update,1024,0.7,0,0.0,400,400,1.3412909999897238,4600,588800,302080,302080,3932160,5734400.0,0,0,0,"{""0.2"": 0, ""0.5"": 0, ""1.0"": 0, ""2.0"": 0, ""4.0"": 0}",0.011107383354820755,0.18987602822455926,0.9950000000000003,0.09960526315789474,200,0,0
nrsr-M1024-f0.70-l0.25-u,nrsr,0.5,LBQCD-D06-unequal-min005-K20,unequal,missing,LBQCD-D06-unequal-min005-K20/missing,0,update,1024,0.7,0,0.25,400,400,1.4682733000081498,4600,588800,302080,302080,3932160,5734400.0,0,0,0,"{""0.2"": 0, ""0.5"": 0, ""1.0"": 0, ""2.0"": 0, ""4.0"": 0}",0.08952890333097674,0.39811969527826496,0.9426315789473687,0.2365686677631579,250,0,0
nrsr-M1024-f0.70-l0.25-u,nrsr,0.5,LBQCD-D06-unequal-min005-K20,unequal,missing,LBQCD-D06-unequal-min005-K20/missing,1,update,1024,0.7,0,0.25,400,400,1.6023386000015307,4600,588800,302080,302080,3932160,5734400.0,0,0,0,"{""0.2"": 0, ""0.5"": 0, ""1.0"": 0, ""2.0"": 0, ""4.0"": 0}",0.04842157188625329,0.28891677557665996,0.9426315789473687,0.2307092927631579,250,0,0
nrsr-M1024-f0.70-l0.25-u,nrsr,0.5,LBQCD-D06-unequal-min005-K20,unequal,missing,LBQCD-D06-unequal-min005-K20/missing,2,update,1024,0.7,0,0.25,400,400,1.502483200005372,4600,588800,302080,302080,3932160,5734400.0,0,0,0,"{""0.2"": 0, ""0.5"": 0, ""1.0"": 0, ""2.0"": 0, ""4.0"": 0}",0.02461573145582996,0.22007247655540513,0.9426315789473687,0.19481907894736836,250,0,0
nrsr-M1024-f0.70-l0.50-u,nrsr,0.5,LBQCD-D06-unequal-min005-K20,unequal,missing,LBQCD-D06-unequal-min005-K20/missing,0,update,1024,0.7,0,0.5,400,400,1.4286908999929437,4600,588800,302080,302080,3932160,5734400.0,0,0,0,"{""0.2"": 0, ""0.5"": 0, ""1.0"": 0, ""2.0"": 0, ""4.0"": 0}",0.09145584730743561,0.4095438953471809,0.9426315789473687,0.2414514802631579,250,0,0
nrsr-M1024-f0.70-l0.50-u,nrsr,0.5,LBQCD-D06-unequal-min005-K20,unequal,missing,LBQCD-D06-unequal-min005-K20/missing,1,update,1024,0.7,0,0.5,400,400,1.4182100000034552,4600,588800,302080,302080,3932160,5734400.0,0,0,0,"{""0.2"": 0, ""0.5"": 0, ""1.0"": 0, ""2.0"": 0, ""4.0"": 0}",0.05186040415774151,0.2966464918462101,0.9426315789473687,0.20409745065789472,250,0,0
nrsr-M1024-f0.70-l0.50-u,nrsr,0.5,LBQCD-D06-unequal-min005-K20,unequal,missing,LBQCD-D06-unequal-min005-K20/missing,2,update,1024,0.7,0,0.5,400,400,1.55994429999555,4600,588800,302080,302080,3932160,5734400.0,0,0,0,"{""0.2"": 0, ""0.5"": 0, ""1.0"": 0, ""2.0"": 0, ""4.0"": 0}",0.024966988691016212,0.23319804622598594,0.9426315789473687,0.19872532894736836,250,0,0
nrsr-M1024-f0.70-l0.75-u,nrsr,0.5,LBQCD-D06-unequal-min005-K20,unequal,missing,LBQCD-D06-unequal-min005-K20/missing,0,update,1024,0.7,0,0.75,400,400,1.3849891999998363,4600,588800,302080,302080,3932160,5734400.0,0,0,0,"{""0.2"": 0, ""0.5"": 0, ""1.0"": 0, ""2.0"": 0, ""4.0"": 0}",0.09298510018435557,0.4136299355208446,0.9426315789473687,0.2346155427631579,250,0,0
nrsr-M1024-f0.70-l0.75-u,nrsr,0.5,LBQCD-D06-unequal-min005-K20,unequal,missing,LBQCD-D06-unequal-min005-K20/missing,1,update,1024,0.7,0,0.75,400,400,1.565679999999702,4600,588800,302080,302080,3932160,5734400.0,0,0,0,"{""0.2"": 0, ""0.5"": 0, ""1.0"": 0, ""2.0"": 0, ""4.0"": 0}",0.05226682764017099,0.3014744579395933,0.9426315789473687,0.23241776315789472,250,0,0
nrsr-M1024-f0.70-l0.75-u,nrsr,0.5,LBQCD-D06-unequal-min005-K20,unequal,missing,LBQCD-D06-unequal-min005-K20/missing,2,update,1024,0.7,0,0.75,400,400,1.3980989000119735,4600,588800,302080,302080,3932160,5734400.0,0,0,0,"{""0.2"": 0, ""0.5"": 0, ""1.0"": 0, ""2.0"": 0, ""4.0"": 0}",0.02532209428160037,0.23870209797793984,0.9426315789473687,0.20141036184210517,250,0,0
paper-0.2,paper,0.2,LBQCD-D06-unequal-min005-K20,unequal,missing,LBQCD-D06-unequal-min005-K20/missing,0,update,0,0.0,0,0.0,400,400,0.644333899996127,400,51200,51200,51200,13107200,0.0,0,0,0,"{""0.2"": 0, ""0.5"": 0, ""1.0"": 0, ""2.0"": 0, ""4.0"": 0}",0.016963625531068338,0.29054228453753334,0.9950000000000003,0.14916529605263154,200,0,0
paper-0.2,paper,0.2,LBQCD-D06-unequal-min005-K20,unequal,missing,LBQCD-D06-unequal-min005-K20/missing,1,update,0,0.0,0,0.0,400,400,0.695626100001391,400,51200,51200,51200,13107200,0.0,0,0,0,"{""0.2"": 0, ""0.5"": 0, ""1.0"": 0, ""2.0"": 0, ""4.0"": 0}",0.07127933059264357,0.25329999011714066,0.9950000000000003,0.10253495065789474,200,0,0
paper-0.2,paper,0.2,LBQCD-D06-unequal-min005-K20,unequal,missing,LBQCD-D06-unequal-min005-K20/missing,2,update,0,0.0,0,0.0,400,400,0.6804745999979787,400,51200,51200,51200,13107200,0.0,0,0,0,"{""0.2"": 0, ""0.5"": 0, ""1.0"": 0, ""2.0"": 0, ""4.0"": 0}",0.010666959818841804,0.21034206177859718,0.9950000000000003,0.11669407894736837,400,1,0
paper-0.5,paper,0.5,LBQCD-D06-unequal-min005-K20,unequal,missing,LBQCD-D06-unequal-min005-K20/missing,0,update,0,0.0,0,0.0,400,400,0.6488084999873536,400,51200,51200,51200,13107200,0.0,0,0,0,"{""0.2"": 0, ""0.5"": 0, ""1.0"": 0, ""2.0"": 0, ""4.0"": 0}",0.05809992968400568,0.3317156768107284,0.9950000000000003,0.091790707236842,250,0,0
paper-0.5,paper,0.5,LBQCD-D06-unequal-min005-K20,unequal,missing,LBQCD-D06-unequal-min005-K20/missing,1,update,0,0.0,0,0.0,400,400,0.6843148999905679,400,51200,51200,51200,13107200,0.0,0,0,0,"{""0.2"": 0, ""0.5"": 0, ""1.0"": 0, ""2.0"": 0, ""4.0"": 0}",0.09817676246610763,0.430667742445353,0.9950000000000003,0.133795230263158,300,0,0
paper-0.5,paper,0.5,LBQCD-D06-unequal-min005-K20,unequal,missing,LBQCD-D06-unequal-min005-K20/missing,2,update,0,0.0,0,0.0,400,400,0.5743358000036096,400,51200,51200,51200,13107200,0.0,0,0,0,"{""0.2"": 0, ""0.5"": 0, ""1.0"": 0, ""2.0"": 0, ""4.0"": 0}",0.023267939800144077,0.21042371970580534,0.9950000000000003,0.05175370065789474,200,0,0
paper-1,paper,1.0,LBQCD-D06-unequal-min005-K20,unequal,missing,LBQCD-D06-unequal-min005-K20/missing,0,update,0,0.0,0,0.0,400,400,0.7520232999959262,400,51200,51200,51200,13107200,0.0,0,0,0,"{""0.2"": 0, ""0.5"": 0, ""1.0"": 0, ""2.0"": 0, ""4.0"": 0}",0.08323067214384317,0.36369832704107025,0.9950000000000003,0.13451685855263154,300,0,0
paper-1,paper,1.0,LBQCD-D06-unequal-min005-K20,unequal,missing,LBQCD-D06-unequal-min005-K20/missing,1,update,0,0.0,0,0.0,400,400,0.6822733000008157,400,51200,51200,51200,13107200,0.0,0,0,0,"{""0.2"": 0, ""0.5"": 0, ""1.0"": 0, ""2.0"": 0, ""4.0"": 0}",0.07826519825957767,0.37482043268445764,0.9950000000000003,0.12011307565789474,400,1,0
paper-1,paper,1.0,LBQCD-D06-unequal-min005-K20,unequal,missing,LBQCD-D06-unequal-min005-K20/missing,2,update,0,0.0,0,0.0,400,400,0.6658876000001328,400,51200,51200,51200,13107200,0.0,0,0,0,"{""0.2"": 0, ""0.5"": 0, ""1.0"": 0, ""2.0"": 0, ""4.0"": 0}",0.039564507955702766,0.3181821254204214,0.9950000000000003,0.09838404605263155,200,0,0
paper-2,paper,2.0,LBQCD-D06-unequal-min005-K20,unequal,missing,LBQCD-D06-unequal-min005-K20/missing,0,update,0,0.0,0,0.0,400,400,0.6866038999869488,400,51200,51200,51200,13107200,0.0,0,0,0,"{""0.2"": 0, ""0.5"": 0, ""1.0"": 0, ""2.0"": 0, ""4.0"": 0}",0.08717061139554882,0.39000003575905756,0.9426315789473687,0.26146998355263157,400,1,0
paper-2,paper,2.0,LBQCD-D06-unequal-min005-K20,unequal,missing,LBQCD-D06-unequal-min005-K20/missing,1,update,0,0.0,0,0.0,400,400,0.8525009999866597,400,51200,51200,51200,13107200,0.0,0,0,0,"{""0.2"": 0, ""0.5"": 0, ""1.0"": 0, ""2.0"": 0, ""4.0"": 0}",0.07231230523635013,0.3848433344253374,0.9950000000000003,0.2004358552631579,400,0,0
paper-2,paper,2.0,LBQCD-D06-unequal-min005-K20,unequal,missing,LBQCD-D06-unequal-min005-K20/missing,2,update,0,0.0,0,0.0,400,400,0.5361933999956818,400,51200,51200,51200,13107200,0.0,0,0,0,"{""0.2"": 0, ""0.5"": 0, ""1.0"": 0, ""2.0"": 0, ""4.0"": 0}",0.06984154736308934,0.4503961796615368,0.9426315789473687,0.17675370065789472,400,1,0
paper-4,paper,4.0,LBQCD-D06-unequal-min005-K20,unequal,missing,LBQCD-D06-unequal-min005-K20/missing,0,update,0,0.0,0,0.0,400,400,0.7178905999899143,400,51200,51200,51200,13107200,0.0,0,0,0,"{""0.2"": 0, ""0.5"": 0, ""1.0"": 0, ""2.0"": 0, ""4.0"": 0}",0.11023523335987306,0.5143874100796474,0.8902631578947371,0.34716488486842106,400,1,0
paper-4,paper,4.0,LBQCD-D06-unequal-min005-K20,unequal,missing,LBQCD-D06-unequal-min005-K20/missing,1,update,0,0.0,0,0.0,400,400,0.7213464999949792,400,51200,51200,51200,13107200,0.0,0,0,0,"{""0.2"": 0, ""0.5"": 0, ""1.0"": 0, ""2.0"": 0, ""4.0"": 0}",0.0929588346649366,0.47490805260976615,0.9426315789473687,0.2626912006578947,400,1,0
paper-4,paper,4.0,LBQCD-D06-unequal-min005-K20,unequal,missing,LBQCD-D06-unequal-min005-K20/missing,2,update,0,0.0,0,0.0,400,400,0.731714000008651,400,51200,51200,51200,13107200,0.0,0,0,0,"{""0.2"": 0, ""0.5"": 0, ""1.0"": 0, ""2.0"": 0, ""4.0"": 0}",0.08571890522262571,0.5528290199325423,0.8902631578947371,0.25756373355263157,400,1,0
qld-v1,qld,0.5,LBQCD-D06-unequal-min005-K20,unequal,missing,LBQCD-D06-unequal-min005-K20/missing,0,update,0,0.7,0,0.0,400,400,0.4244628000014927,400,51200,51200,51200,3932160,501760.0,0,0,0,"{""0.2"": 0, ""0.5"": 0, ""1.0"": 0, ""2.0"": 0, ""4.0"": 0}",0.12028965406803849,0.5204290460467583,0.9426315789473687,0.24413651315789472,400,1,0
qld-v1,qld,0.5,LBQCD-D06-unequal-min005-K20,unequal,missing,LBQCD-D06-unequal-min005-K20/missing,1,update,0,0.7,0,0.0,400,400,0.2621006999979727,400,51200,51200,51200,3932160,501760.0,0,0,0,"{""0.2"": 0, ""0.5"": 0, ""1.0"": 0, ""2.0"": 0, ""4.0"": 0}",0.10900097980739343,0.5345109872273975,0.9426315789473687,0.2724568256578947,300,0,0
qld-v1,qld,0.5,LBQCD-D06-unequal-min005-K20,unequal,missing,LBQCD-D06-unequal-min005-K20/missing,2,update,0,0.7,0,0.0,400,400,0.3927579000010155,400,51200,51200,51200,3932160,501760.0,0,0,0,"{""0.2"": 0, ""0.5"": 0, ""1.0"": 0, ""2.0"": 0, ""4.0"": 0}",0.017207479575255036,0.2677677180380173,0.9426315789473687,0.20434004934210517,400,1,0
rsr-M1024-f0.70-u,rsr,0.5,LBQCD-D06-unequal-min005-K20,unequal,missing,LBQCD-D06-unequal-min005-K20/missing,0,update,1024,0.7,0,0.0,400,400,1.1614381999970647,4600,588800,302080,302080,3932160,5734400.0,0,0,0,"{""0.2"": 0, ""0.5"": 0, ""1.0"": 0, ""2.0"": 0, ""4.0"": 0}",0.09021245334633932,0.40105136509941547,0.9426315789473687,0.2338836348684211,250,0,0
rsr-M1024-f0.70-u,rsr,0.5,LBQCD-D06-unequal-min005-K20,unequal,missing,LBQCD-D06-unequal-min005-K20/missing,1,update,1024,0.7,0,0.0,400,400,1.0108239999972284,4600,588800,302080,302080,3932160,5734400.0,0,0,0,"{""0.2"": 0, ""0.5"": 0, ""1.0"": 0, ""2.0"": 0, ""4.0"": 0}",0.04615108395685219,0.28104028969515216,0.9426315789473687,0.1916467927631579,250,0,0
rsr-M1024-f0.70-u,rsr,0.5,LBQCD-D06-unequal-min005-K20,unequal,missing,LBQCD-D06-unequal-min005-K20/missing,2,update,1024,0.7,0,0.0,400,400,1.165431899993564,4600,588800,302080,302080,3932160,5734400.0,0,0,0,"{""0.2"": 0, ""0.5"": 0, ""1.0"": 0, ""2.0"": 0, ""4.0"": 0}",0.024144987758217162,0.21712026593552197,0.9426315789473687,0.18480879934210517,250,0,0
nrsr-M1024-f0.70-l0.25-u,nrsr,0.5,LBQCD-D07-equal-K9,control-equal,concentrated,LBQCD-D07-equal-K9/concentrated,0,update,1024,0.7,0,0.25,400,400,1.5643238999909954,4600,588800,302080,302080,3932160,5734400.0,0,0,0,"{""0.2"": 0, ""0.5"": 0, ""1.0"": 0, ""2.0"": 0, ""4.0"": 0}",0.008334201079005066,0.1377966552650474,1.0,0.0740017361111111,50,0,0
nrsr-M1024-f0.70-l0.25-u,nrsr,0.5,LBQCD-D07-equal-K9,control-equal,concentrated,LBQCD-D07-equal-K9/concentrated,1,update,1024,0.7,0,0.25,400,400,1.4739187999948626,4600,588800,302080,302080,3932160,5734400.0,0,0,0,"{""0.2"": 0, ""0.5"": 0, ""1.0"": 0, ""2.0"": 0, ""4.0"": 0}",0.008118076175286593,0.12750854869965042,1.0,0.06282552083333331,100,0,0
nrsr-M1024-f0.70-l0.25-u,nrsr,0.5,LBQCD-D07-equal-K9,control-equal,concentrated,LBQCD-D07-equal-K9/concentrated,2,update,1024,0.7,0,0.25,400,400,1.5071762000006856,4600,588800,302080,302080,3932160,5734400.0,0,0,0,"{""0.2"": 0, ""0.5"": 0, ""1.0"": 0, ""2.0"": 0, ""4.0"": 0}",0.013171868859794156,0.13378149849567184,1.0,0.07161458333333331,100,0,0
nrsr-M1024-f0.70-l0.50-u,nrsr,0.5,LBQCD-D07-equal-K9,control-equal,concentrated,LBQCD-D07-equal-K9/concentrated,0,update,1024,0.7,0,0.5,400,400,1.3354914999945322,4600,588800,302080,302080,3932160,5734400.0,0,0,0,"{""0.2"": 0, ""0.5"": 0, ""1.0"": 0, ""2.0"": 0, ""4.0"": 0}",0.011196436723015957,0.1486340159681199,1.0,0.0900607638888889,50,0,0
nrsr-M1024-f0.70-l0.50-u,nrsr,0.5,LBQCD-D07-equal-K9,control-equal,concentrated,LBQCD-D07-equal-K9/concentrated,1,update,1024,0.7,0,0.5,400,400,1.4926095999981044,4600,588800,302080,302080,3932160,5734400.0,0,0,0,"{""0.2"": 0, ""0.5"": 0, ""1.0"": 0, ""2.0"": 0, ""4.0"": 0}",0.007794922993757947,0.12910318401167073,1.0,0.0681423611111111,100,0,0
nrsr-M1024-f0.70-l0.50-u,nrsr,0.5,LBQCD-D07-equal-K9,control-equal,concentrated,LBQCD-D07-equal-K9/concentrated,2,update,1024,0.7,0,0.5,400,400,1.4497186999942642,4600,588800,302080,302080,3932160,5734400.0,0,0,0,"{""0.2"": 0, ""0.5"": 0, ""1.0"": 0, ""2.0"": 0, ""4.0"": 0}",0.013391858717723082,0.13338827498741151,1.0,0.07063802083333331,100,0,0
nrsr-M1024-f0.70-l0.75-u,nrsr,0.5,LBQCD-D07-equal-K9,control-equal,concentrated,LBQCD-D07-equal-K9/concentrated,0,update,1024,0.7,0,0.75,400,400,1.382097400011844,4600,588800,302080,302080,3932160,5734400.0,0,0,0,"{""0.2"": 0, ""0.5"": 0, ""1.0"": 0, ""2.0"": 0, ""4.0"": 0}",0.009373638985735955,0.14202895185131714,1.0,0.059353298611111105,50,0,0
nrsr-M1024-f0.70-l0.75-u,nrsr,0.5,LBQCD-D07-equal-K9,control-equal,concentrated,LBQCD-D07-equal-K9/concentrated,1,update,1024,0.7,0,0.75,400,400,1.4844866000057664,4600,588800,302080,302080,3932160,5734400.0,0,0,0,"{""0.2"": 0, ""0.5"": 0, ""1.0"": 0, ""2.0"": 0, ""4.0"": 0}",0.007955486467058126,0.12631293012323788,1.0,0.059787326388888895,100,0,0
nrsr-M1024-f0.70-l0.75-u,nrsr,0.5,LBQCD-D07-equal-K9,control-equal,concentrated,LBQCD-D07-equal-K9/concentrated,2,update,1024,0.7,0,0.75,400,400,1.3217145999951754,4600,588800,302080,302080,3932160,5734400.0,0,0,0,"{""0.2"": 0, ""0.5"": 0, ""1.0"": 0, ""2.0"": 0, ""4.0"": 0}",0.01344241210260444,0.13300345763120475,1.0,0.06868489583333331,100,0,0
paper-0.2,paper,0.2,LBQCD-D07-equal-K9,control-equal,concentrated,LBQCD-D07-equal-K9/concentrated,0,update,0,0.0,0,0.0,400,400,0.6825498999969568,400,51200,51200,51200,13107200,0.0,0,0,0,"{""0.2"": 0, ""0.5"": 0, ""1.0"": 0, ""2.0"": 0, ""4.0"": 0}",0.008737040230439863,0.14260747045031397,1.0,0.0802951388888889,50,0,0
paper-0.2,paper,0.2,LBQCD-D07-equal-K9,control-equal,concentrated,LBQCD-D07-equal-K9/concentrated,1,update,0,0.0,0,0.0,400,400,0.7234926000091946,400,51200,51200,51200,13107200,0.0,0,0,0,"{""0.2"": 0, ""0.5"": 0, ""1.0"": 0, ""2.0"": 0, ""4.0"": 0}",0.01005787977676853,0.12502302851371644,1.0,0.055447048611111105,50,0,0
paper-0.2,paper,0.2,LBQCD-D07-equal-K9,control-equal,concentrated,LBQCD-D07-equal-K9/concentrated,2,update,0,0.0,0,0.0,400,400,0.7117205999966245,400,51200,51200,51200,13107200,0.0,0,0,0,"{""0.2"": 0, ""0.5"": 0, ""1.0"": 0, ""2.0"": 0, ""4.0"": 0}",0.013515301038778738,0.13755051129408802,1.0,0.08138020833333331,50,0,0
paper-0.5,paper,0.5,LBQCD-D07-equal-K9,control-equal,concentrated,LBQCD-D07-equal-K9/concentrated,0,update,0,0.0,0,0.0,400,400,0.854766299991752,400,51200,51200,51200,13107200,0.0,0,0,0,"{""0.2"": 0, ""0.5"": 0, ""1.0"": 0, ""2.0"": 0, ""4.0"": 0}",0.009343977906437928,0.1463806252171681,1.0,0.0769314236111111,50,0,0
paper-0.5,paper,0.5,LBQCD-D07-equal-K9,control-equal,concentrated,LBQCD-D07-equal-K9/concentrated,1,update,0,0.0,0,0.0,400,400,0.6996176999964518,400,51200,51200,51200,13107200,0.0,0,0,0,"{""0.2"": 0, ""0.5"": 0, ""1.0"": 0, ""2.0"": 0, ""4.0"": 0}",0.00834868363790875,0.13188014705611265,1.0,0.061740451388888895,100,0,0
paper-0.5,paper,0.5,LBQCD-D07-equal-K9,control-equal,concentrated,LBQCD-D07-equal-K9/concentrated,2,update,0,0.0,0,0.0,400,400,0.6516212999995332,400,51200,51200,51200,13107200,0.0,0,0,0,"{""0.2"": 0, ""0.5"": 0, ""1.0"": 0, ""2.0"": 0, ""4.0"": 0}",0.012744266415366745,0.13474100190726776,1.0,0.0857204861111111,50,0,0
paper-1,paper,1.0,LBQCD-D07-equal-K9,control-equal,concentrated,LBQCD-D07-equal-K9/concentrated,0,update,0,0.0,0,0.0,400,400,0.6760472000023583,400,51200,51200,51200,13107200,0.0,0,0,0,"{""0.2"": 0, ""0.5"": 0, ""1.0"": 0, ""2.0"": 0, ""4.0"": 0}",0.009984917812277061,0.15059326648979518,1.0,0.1150173611111111,100,0,0
paper-1,paper,1.0,LBQCD-D07-equal-K9,control-equal,concentrated,LBQCD-D07-equal-K9/concentrated,1,update,0,0.0,0,0.0,400,400,0.7317600999958813,400,51200,51200,51200,13107200,0.0,0,0,0,"{""0.2"": 0, ""0.5"": 0, ""1.0"": 0, ""2.0"": 0, ""4.0"": 0}",0.010666045405493652,0.14713343740612217,1.0,0.0832248263888889,100,0,0
paper-1,paper,1.0,LBQCD-D07-equal-K9,control-equal,concentrated,LBQCD-D07-equal-K9/concentrated,2,update,0,0.0,0,0.0,400,400,0.5635652000055416,400,51200,51200,51200,13107200,0.0,0,0,0,"{""0.2"": 0, ""0.5"": 0, ""1.0"": 0, ""2.0"": 0, ""4.0"": 0}",0.011341401150741781,0.1331605713600316,1.0,0.0788845486111111,150,0,0
paper-2,paper,2.0,LBQCD-D07-equal-K9,control-equal,concentrated,LBQCD-D07-equal-K9/concentrated,0,update,0,0.0,0,0.0,400,400,0.8667477999988478,400,51200,51200,51200,13107200,0.0,0,0,0,"{""0.2"": 0, ""0.5"": 0, ""1.0"": 0, ""2.0"": 0, ""4.0"": 0}",0.010546236221470107,0.14955710140402514,1.0,0.1134982638888889,150,0,0
paper-2,paper,2.0,LBQCD-D07-equal-K9,control-equal,concentrated,LBQCD-D07-equal-K9/concentrated,1,update,0,0.0,0,0.0,400,400,0.901068999999552,400,51200,51200,51200,13107200,0.0,0,0,0,"{""0.2"": 0, ""0.5"": 0, ""1.0"": 0, ""2.0"": 0, ""4.0"": 0}",0.01272521385736125,0.1617381727571883,1.0,0.1125217013888889,200,0,0
paper-2,paper,2.0,LBQCD-D07-equal-K9,control-equal,concentrated,LBQCD-D07-equal-K9/concentrated,2,update,0,0.0,0,0.0,400,400,0.804768600006355,400,51200,51200,51200,13107200,0.0,0,0,0,"{""0.2"": 0, ""0.5"": 0, ""1.0"": 0, ""2.0"": 0, ""4.0"": 0}",0.012578799246296679,0.15173928439139625,1.0,0.0734592013888889,150,0,0
paper-4,paper,4.0,LBQCD-D07-equal-K9,control-equal,concentrated,LBQCD-D07-equal-K9/concentrated,0,update,0,0.0,0,0.0,400,400,0.7508407999994233,400,51200,51200,51200,13107200,0.0,0,0,0,"{""0.2"": 0, ""0.5"": 0, ""1.0"": 0, ""2.0"": 0, ""4.0"": 0}",0.011917427661738866,0.15494010378783105,1.0,0.0988498263888889,200,0,0
paper-4,paper,4.0,LBQCD-D07-equal-K9,control-equal,concentrated,LBQCD-D07-equal-K9/concentrated,1,update,0,0.0,0,0.0,400,400,0.7577796999976272,400,51200,51200,51200,13107200,0.0,0,0,0,"{""0.2"": 0, ""0.5"": 0, ""1.0"": 0, ""2.0"": 0, ""4.0"": 0}",0.01750172733204325,0.17512403003268848,0.7777777777777779,0.2510850694444445,350,0,0
paper-4,paper,4.0,LBQCD-D07-equal-K9,control-equal,concentrated,LBQCD-D07-equal-K9/concentrated,2,update,0,0.0,0,0.0,400,400,0.6815595999942161,400,51200,51200,51200,13107200,0.0,0,0,0,"{""0.2"": 0, ""0.5"": 0, ""1.0"": 0, ""2.0"": 0, ""4.0"": 0}",0.015599361095749664,0.17040862054575334,1.0,0.14095052083333331,250,0,0
qld-v1,qld,0.5,LBQCD-D07-equal-K9,control-equal,concentrated,LBQCD-D07-equal-K9/concentrated,0,update,0,0.7,0,0.0,400,400,0.2940331999998307,400,51200,51200,51200,3932160,501760.0,0,0,0,"{""0.2"": 0, ""0.5"": 0, ""1.0"": 0, ""2.0"": 0, ""4.0"": 0}",0.009900184725364358,0.13497310826411038,1.0,0.0705295138888889,50,0,0
qld-v1,qld,0.5,LBQCD-D07-equal-K9,control-equal,concentrated,LBQCD-D07-equal-K9/concentrated,1,update,0,0.7,0,0.0,400,400,0.38153710000915453,400,51200,51200,51200,3932160,501760.0,0,0,0,"{""0.2"": 0, ""0.5"": 0, ""1.0"": 0, ""2.0"": 0, ""4.0"": 0}",0.00919578038494162,0.13071502046987074,1.0,0.07389322916666669,100,0,0
qld-v1,qld,0.5,LBQCD-D07-equal-K9,control-equal,concentrated,LBQCD-D07-equal-K9/concentrated,2,update,0,0.7,0,0.0,400,400,0.39007829999900423,400,51200,51200,51200,3932160,501760.0,0,0,0,"{""0.2"": 0, ""0.5"": 0, ""1.0"": 0, ""2.0"": 0, ""4.0"": 0}",0.014008370398297387,0.13206442819699324,1.0,0.08430989583333331,150,0,0
rsr-M1024-f0.70-u,rsr,0.5,LBQCD-D07-equal-K9,control-equal,concentrated,LBQCD-D07-equal-K9/concentrated,0,update,1024,0.7,0,0.0,400,400,1.1657298999925843,4600,588800,302080,302080,3932160,5734400.0,0,0,0,"{""0.2"": 0, ""0.5"": 0, ""1.0"": 0, ""2.0"": 0, ""4.0"": 0}",0.008017542428339297,0.13448197995622757,1.0,0.06770833333333331,50,0,0
rsr-M1024-f0.70-u,rsr,0.5,LBQCD-D07-equal-K9,control-equal,concentrated,LBQCD-D07-equal-K9/concentrated,1,update,1024,0.7,0,0.0,400,400,1.2868948000104865,4600,588800,302080,302080,3932160,5734400.0,0,0,0,"{""0.2"": 0, ""0.5"": 0, ""1.0"": 0, ""2.0"": 0, ""4.0"": 0}",0.008039972681081586,0.12894144781973105,1.0,0.0671657986111111,100,0,0
rsr-M1024-f0.70-u,rsr,0.5,LBQCD-D07-equal-K9,control-equal,concentrated,LBQCD-D07-equal-K9/concentrated,2,update,1024,0.7,0,0.0,400,400,1.1560817999998108,4600,588800,302080,302080,3932160,5734400.0,0,0,0,"{""0.2"": 0, ""0.5"": 0, ""1.0"": 0, ""2.0"": 0, ""4.0"": 0}",0.012374854980864658,0.1276229826438891,1.0,0.0759548611111111,100,0,0
nrsr-M1024-f0.70-l0.25-u,nrsr,0.5,LBQCD-D07-equal-K9,control-equal,missing,LBQCD-D07-equal-K9/missing,0,update,1024,0.7,0,0.25,400,400,1.5335201999987476,4600,588800,302080,302080,3932160,5734400.0,0,0,0,"{""0.2"": 0, ""0.5"": 0, ""1.0"": 0, ""2.0"": 0, ""4.0"": 0}",0.009159702493708899,0.14730882693297775,1.0,0.0675998263888889,150,0,0
nrsr-M1024-f0.70-l0.25-u,nrsr,0.5,LBQCD-D07-equal-K9,control-equal,missing,LBQCD-D07-equal-K9/missing,1,update,1024,0.7,0,0.25,400,400,1.3375430000014603,4600,588800,302080,302080,3932160,5734400.0,0,0,0,"{""0.2"": 0, ""0.5"": 0, ""1.0"": 0, ""2.0"": 0, ""4.0"": 0}",0.02383575029961804,0.17945626981871524,1.0,0.045138888888888895,150,0,0
nrsr-M1024-f0.70-l0.25-u,nrsr,0.5,LBQCD-D07-equal-K9,control-equal,missing,LBQCD-D07-equal-K9/missing,2,update,1024,0.7,0,0.25,400,400,1.3529707999987295,4600,588800,302080,302080,3932160,5734400.0,0,0,0,"{""0.2"": 0, ""0.5"": 0, ""1.0"": 0, ""2.0"": 0, ""4.0"": 0}",0.010572321995115264,0.15134361817844097,1.0,0.0779079861111111,150,0,0
nrsr-M1024-f0.70-l0.50-u,nrsr,0.5,LBQCD-D07-equal-K9,control-equal,missing,LBQCD-D07-equal-K9/missing,0,update,1024,0.7,0,0.5,400,400,1.4392007999995258,4600,588800,302080,302080,3932160,5734400.0,0,0,0,"{""0.2"": 0, ""0.5"": 0, ""1.0"": 0, ""2.0"": 0, ""4.0"": 0}",0.009149980221086818,0.1470324573539679,1.0,0.06705729166666669,150,0,0
nrsr-M1024-f0.70-l0.50-u,nrsr,0.5,LBQCD-D07-equal-K9,control-equal,missing,LBQCD-D07-equal-K9/missing,1,update,1024,0.7,0,0.5,400,400,1.6298019000096247,4600,588800,302080,302080,3932160,5734400.0,0,0,0,"{""0.2"": 0, ""0.5"": 0, ""1.0"": 0, ""2.0"": 0, ""4.0"": 0}",0.024218579814956787,0.18028320364232872,1.0,0.045138888888888895,150,0,0
nrsr-M1024-f0.70-l0.50-u,nrsr,0.5,LBQCD-D07-equal-K9,control-equal,missing,LBQCD-D07-equal-K9/missing,2,update,1024,0.7,0,0.5,400,400,1.3276833999989321,4600,588800,302080,302080,3932160,5734400.0,0,0,0,"{""0.2"": 0, ""0.5"": 0, ""1.0"": 0, ""2.0"": 0, ""4.0"": 0}",0.010590684577184817,0.15123636327228207,1.0,0.0710720486111111,150,0,0
nrsr-M1024-f0.70-l0.75-u,nrsr,0.5,LBQCD-D07-equal-K9,control-equal,missing,LBQCD-D07-equal-K9/missing,0,update,1024,0.7,0,0.75,400,400,1.4873127000028035,4600,588800,302080,302080,3932160,5734400.0,0,0,0,"{""0.2"": 0, ""0.5"": 0, ""1.0"": 0, ""2.0"": 0, ""4.0"": 0}",0.009225801158355917,0.14868203180778647,1.0,0.0802951388888889,150,0,0
nrsr-M1024-f0.70-l0.75-u,nrsr,0.5,LBQCD-D07-equal-K9,control-equal,missing,LBQCD-D07-equal-K9/missing,1,update,1024,0.7,0,0.75,400,400,1.3492439999972703,4600,588800,302080,302080,3932160,5734400.0,0,0,0,"{""0.2"": 0, ""0.5"": 0, ""1.0"": 0, ""2.0"": 0, ""4.0"": 0}",0.024374252242368666,0.17944404573030634,1.0,0.046115451388888895,150,0,0
nrsr-M1024-f0.70-l0.75-u,nrsr,0.5,LBQCD-D07-equal-K9,control-equal,missing,LBQCD-D07-equal-K9/missing,2,update,1024,0.7,0,0.75,400,400,1.3516571999934968,4600,588800,302080,302080,3932160,5734400.0,0,0,0,"{""0.2"": 0, ""0.5"": 0, ""1.0"": 0, ""2.0"": 0, ""4.0"": 0}",0.010509926557102034,0.14912443465592626,1.0,0.0661892361111111,200,0,0
paper-0.2,paper,0.2,LBQCD-D07-equal-K9,control-equal,missing,LBQCD-D07-equal-K9/missing,0,update,0,0.0,0,0.0,400,400,0.7500507999939146,400,51200,51200,51200,13107200,0.0,0,0,0,"{""0.2"": 0, ""0.5"": 0, ""1.0"": 0, ""2.0"": 0, ""4.0"": 0}",0.011608960164131155,0.14070723154276055,1.0,0.051974826388888895,100,0,0
paper-0.2,paper,0.2,LBQCD-D07-equal-K9,control-equal,missing,LBQCD-D07-equal-K9/missing,1,update,0,0.0,0,0.0,400,400,0.6480268000013893,400,51200,51200,51200,13107200,0.0,0,0,0,"{""0.2"": 0, ""0.5"": 0, ""1.0"": 0, ""2.0"": 0, ""4.0"": 0}",0.05284784698697331,0.26136093436854674,1.0,0.1072048611111111,100,0,0
paper-0.2,paper,0.2,LBQCD-D07-equal-K9,control-equal,missing,LBQCD-D07-equal-K9/missing,2,update,0,0.0,0,0.0,400,400,0.9111085000040475,400,51200,51200,51200,13107200,0.0,0,0,0,"{""0.2"": 0, ""0.5"": 0, ""1.0"": 0, ""2.0"": 0, ""4.0"": 0}",0.03418130435058009,0.31533888084469563,1.0,0.16341145833333331,100,0,0
paper-0.5,paper,0.5,LBQCD-D07-equal-K9,control-equal,missing,LBQCD-D07-equal-K9/missing,0,update,0,0.0,0,0.0,400,400,0.6651338999945438,400,51200,51200,51200,13107200,0.0,0,0,0,"{""0.2"": 0, ""0.5"": 0, ""1.0"": 0, ""2.0"": 0, ""4.0"": 0}",0.013985266204264768,0.1399627535191809,1.0,0.08138020833333331,100,0,0
paper-0.5,paper,0.5,LBQCD-D07-equal-K9,control-equal,missing,LBQCD-D07-equal-K9/missing,1,update,0,0.0,0,0.0,400,400,0.641018800000893,400,51200,51200,51200,13107200,0.0,0,0,0,"{""0.2"": 0, ""0.5"": 0, ""1.0"": 0, ""2.0"": 0, ""4.0"": 0}",0.02965465586792737,0.19888521294908587,1.0,0.0705295138888889,100,0,0
paper-0.5,paper,0.5,LBQCD-D07-equal-K9,control-equal,missing,LBQCD-D07-equal-K9/missing,2,update,0,0.0,0,0.0,400,400,0.7795985999982804,400,51200,51200,51200,13107200,0.0,0,0,0,"{""0.2"": 0, ""0.5"": 0, ""1.0"": 0, ""2.0"": 0, ""4.0"": 0}",0.01910522872573761,0.21411064527357068,1.0,0.0954861111111111,100,0,0
paper-1,paper,1.0,LBQCD-D07-equal-K9,control-equal,missing,LBQCD-D07-equal-K9/missing,0,update,0,0.0,0,0.0,400,400,0.6839955000032205,400,51200,51200,51200,13107200,0.0,0,0,0,"{""0.2"": 0, ""0.5"": 0, ""1.0"": 0, ""2.0"": 0, ""4.0"": 0}",0.01796531288904868,0.16851386266174592,1.0,0.09016927083333331,150,0,0
paper-1,paper,1.0,LBQCD-D07-equal-K9,control-equal,missing,LBQCD-D07-equal-K9/missing,1,update,0,0.0,0,0.0,400,400,0.7077691999875242,400,51200,51200,51200,13107200,0.0,0,0,0,"{""0.2"": 0, ""0.5"": 0, ""1.0"": 0, ""2.0"": 0, ""4.0"": 0}",0.032609617723196926,0.19350559676527568,1.0,0.08919270833333331,150,0,0
paper-1,paper,1.0,LBQCD-D07-equal-K9,control-equal,missing,LBQCD-D07-equal-K9/missing,2,update,0,0.0,0,0.0,400,400,0.6001533999951789,400,51200,51200,51200,13107200,0.0,0,0,0,"{""0.2"": 0, ""0.5"": 0, ""1.0"": 0, ""2.0"": 0, ""4.0"": 0}",0.01887087531387799,0.21111450932621115,1.0,0.10319010416666669,100,0,0
paper-2,paper,2.0,LBQCD-D07-equal-K9,control-equal,missing,LBQCD-D07-equal-K9/missing,0,update,0,0.0,0,0.0,400,400,0.8962844999914523,400,51200,51200,51200,13107200,0.0,0,0,0,"{""0.2"": 0, ""0.5"": 0, ""1.0"": 0, ""2.0"": 0, ""4.0"": 0}",0.01557608492553042,0.17825821251138518,1.0,0.0935329861111111,350,0,0
paper-2,paper,2.0,LBQCD-D07-equal-K9,control-equal,missing,LBQCD-D07-equal-K9/missing,1,update,0,0.0,0,0.0,400,400,0.6853998000005959,400,51200,51200,51200,13107200,0.0,0,0,0,"{""0.2"": 0, ""0.5"": 0, ""1.0"": 0, ""2.0"": 0, ""4.0"": 0}",0.029492247336163402,0.18647916123112382,1.0,0.09440104166666669,200,0,0
paper-2,paper,2.0,LBQCD-D07-equal-K9,control-equal,missing,LBQCD-D07-equal-K9/missing,2,update,0,0.0,0,0.0,400,400,0.7034448999911547,400,51200,51200,51200,13107200,0.0,0,0,0,"{""0.2"": 0, ""0.5"": 0, ""1.0"": 0, ""2.0"": 0, ""4.0"": 0}",0.024663222310266963,0.23338489376628524,1.0,0.17936197916666669,300,0,0
paper-4,paper,4.0,LBQCD-D07-equal-K9,control-equal,missing,LBQCD-D07-equal-K9/missing,0,update,0,0.0,0,0.0,400,400,0.941283599997405,400,51200,51200,51200,13107200,0.0,0,0,0,"{""0.2"": 0, ""0.5"": 0, ""1.0"": 0, ""2.0"": 0, ""4.0"": 0}",0.029425329904345432,0.26290945186713033,0.8888888888888888,0.3333333333333333,400,1,0
paper-4,paper,4.0,LBQCD-D07-equal-K9,control-equal,missing,LBQCD-D07-equal-K9/missing,1,update,0,0.0,0,0.0,400,400,0.7052089000062551,400,51200,51200,51200,13107200,0.0,0,0,0,"{""0.2"": 0, ""0.5"": 0, ""1.0"": 0, ""2.0"": 0, ""4.0"": 0}",0.03451690292300569,0.1844995703177911,1.0,0.1945529513888889,400,1,0
paper-4,paper,4.0,LBQCD-D07-equal-K9,control-equal,missing,LBQCD-D07-equal-K9/missing,2,update,0,0.0,0,0.0,400,400,0.7191043000057107,400,51200,51200,51200,13107200,0.0,0,0,0,"{""0.2"": 0, ""0.5"": 0, ""1.0"": 0, ""2.0"": 0, ""4.0"": 0}",0.03906880762684217,0.24747795446097268,0.8888888888888888,0.2463107638888889,400,1,0
qld-v1,qld,0.5,LBQCD-D07-equal-K9,control-equal,missing,LBQCD-D07-equal-K9/missing,0,update,0,0.7,0,0.0,400,400,0.35257459999411367,400,51200,51200,51200,3932160,501760.0,0,0,0,"{""0.2"": 0, ""0.5"": 0, ""1.0"": 0, ""2.0"": 0, ""4.0"": 0}",0.008966486183081379,0.14980581903634138,1.0,0.057834201388888895,150,0,0
qld-v1,qld,0.5,LBQCD-D07-equal-K9,control-equal,missing,LBQCD-D07-equal-K9/missing,1,update,0,0.7,0,0.0,400,400,0.3409195999993244,400,51200,51200,51200,3932160,501760.0,0,0,0,"{""0.2"": 0, ""0.5"": 0, ""1.0"": 0, ""2.0"": 0, ""4.0"": 0}",0.021583058492772533,0.16520044638491882,1.0,0.0793185763888889,200,0,0
qld-v1,qld,0.5,LBQCD-D07-equal-K9,control-equal,missing,LBQCD-D07-equal-K9/missing,2,update,0,0.7,0,0.0,400,400,0.33841920000850223,400,51200,51200,51200,3932160,501760.0,0,0,0,"{""0.2"": 0, ""0.5"": 0, ""1.0"": 0, ""2.0"": 0, ""4.0"": 0}",0.010740958089739294,0.16174851798436918,1.0,0.0715060763888889,300,0,0
rsr-M1024-f0.70-u,rsr,0.5,LBQCD-D07-equal-K9,control-equal,missing,LBQCD-D07-equal-K9/missing,0,update,1024,0.7,0,0.0,400,400,1.2005753999983426,4600,588800,302080,302080,3932160,5734400.0,0,0,0,"{""0.2"": 0, ""0.5"": 0, ""1.0"": 0, ""2.0"": 0, ""4.0"": 0}",0.009461901503117431,0.1480434126283931,1.0,0.06608072916666669,150,0,0
rsr-M1024-f0.70-u,rsr,0.5,LBQCD-D07-equal-K9,control-equal,missing,LBQCD-D07-equal-K9/missing,1,update,1024,0.7,0,0.0,400,400,1.201674500000081,4600,588800,302080,302080,3932160,5734400.0,0,0,0,"{""0.2"": 0, ""0.5"": 0, ""1.0"": 0, ""2.0"": 0, ""4.0"": 0}",0.02378797432958324,0.17891796760199363,1.0,0.045572916666666685,150,0,0
rsr-M1024-f0.70-u,rsr,0.5,LBQCD-D07-equal-K9,control-equal,missing,LBQCD-D07-equal-K9/missing,2,update,1024,0.7,0,0.0,400,400,1.2459703999920748,4600,588800,302080,302080,3932160,5734400.0,0,0,0,"{""0.2"": 0, ""0.5"": 0, ""1.0"": 0, ""2.0"": 0, ""4.0"": 0}",0.010577638583093574,0.15104556382817277,1.0,0.0808376736111111,150,0,0
nrsr-M1024-f0.70-l0.25-u,nrsr,0.5,LBQCD-D08-hetero-K15,control-heteroscedastic,concentrated,LBQCD-D08-hetero-K15/concentrated,0,update,1024,0.7,0,0.25,400,400,1.5430599999963306,4600,588800,302080,302080,3932160,5734400.0,0,0,0,"{""0.2"": 0, ""0.5"": 0, ""1.0"": 0, ""2.0"": 0, ""4.0"": 0}",0.010953663737202746,0.15543660442590732,0.9999999999999999,0.08072916666666667,150,0,0
nrsr-M1024-f0.70-l0.25-u,nrsr,0.5,LBQCD-D08-hetero-K15,control-heteroscedastic,concentrated,LBQCD-D08-hetero-K15/concentrated,1,update,1024,0.7,0,0.25,400,400,1.390590599999996,4600,588800,302080,302080,3932160,5734400.0,0,0,0,"{""0.2"": 0, ""0.5"": 0, ""1.0"": 0, ""2.0"": 0, ""4.0"": 0}",0.02622842506899703,0.17344671041839085,0.9999999999999999,0.07493489583333333,150,0,0
nrsr-M1024-f0.70-l0.25-u,nrsr,0.5,LBQCD-D08-hetero-K15,control-heteroscedastic,concentrated,LBQCD-D08-hetero-K15/concentrated,2,update,1024,0.7,0,0.25,400,400,1.5056107999989763,4600,588800,302080,302080,3932160,5734400.0,0,0,0,"{""0.2"": 0, ""0.5"": 0, ""1.0"": 0, ""2.0"": 0, ""4.0"": 0}",0.00894815166831986,0.2543387582451459,0.9999999999999999,0.06471354166666667,150,0,0
nrsr-M1024-f0.70-l0.50-u,nrsr,0.5,LBQCD-D08-hetero-K15,control-heteroscedastic,concentrated,LBQCD-D08-hetero-K15/concentrated,0,update,1024,0.7,0,0.5,400,400,1.6641133000084665,4600,588800,302080,302080,3932160,5734400.0,0,0,0,"{""0.2"": 0, ""0.5"": 0, ""1.0"": 0, ""2.0"": 0, ""4.0"": 0}",0.01098042742440164,0.15433423441721517,0.9999999999999999,0.07786458333333333,150,0,0
nrsr-M1024-f0.70-l0.50-u,nrsr,0.5,LBQCD-D08-hetero-K15,control-heteroscedastic,concentrated,LBQCD-D08-hetero-K15/concentrated,1,update,1024,0.7,0,0.5,400,400,1.4828992000111612,4600,588800,302080,302080,3932160,5734400.0,0,0,0,"{""0.2"": 0, ""0.5"": 0, ""1.0"": 0, ""2.0"": 0, ""4.0"": 0}",0.025639543263774378,0.1707557339985415,0.9999999999999999,0.06516927083333333,150,0,0
nrsr-M1024-f0.70-l0.50-u,nrsr,0.5,LBQCD-D08-hetero-K15,control-heteroscedastic,concentrated,LBQCD-D08-hetero-K15/concentrated,2,update,1024,0.7,0,0.5,400,400,1.501924299998791,4600,588800,302080,302080,3932160,5734400.0,0,0,0,"{""0.2"": 0, ""0.5"": 0, ""1.0"": 0, ""2.0"": 0, ""4.0"": 0}",0.00922347322870376,0.25597443835840966,0.9999999999999999,0.06575520833333333,150,0,0
nrsr-M1024-f0.70-l0.75-u,nrsr,0.5,LBQCD-D08-hetero-K15,control-heteroscedastic,concentrated,LBQCD-D08-hetero-K15/concentrated,0,update,1024,0.7,0,0.75,400,400,1.5801656999974512,4600,588800,302080,302080,3932160,5734400.0,0,0,0,"{""0.2"": 0, ""0.5"": 0, ""1.0"": 0, ""2.0"": 0, ""4.0"": 0}",0.011093671193472154,0.1550333509491856,0.9999999999999999,0.07591145833333333,150,0,0
nrsr-M1024-f0.70-l0.75-u,nrsr,0.5,LBQCD-D08-hetero-K15,control-heteroscedastic,concentrated,LBQCD-D08-hetero-K15/concentrated,1,update,1024,0.7,0,0.75,400,400,1.4666946999932406,4600,588800,302080,302080,3932160,5734400.0,0,0,0,"{""0.2"": 0, ""0.5"": 0, ""1.0"": 0, ""2.0"": 0, ""4.0"": 0}",0.027911401586565354,0.1764134239955923,0.9999999999999999,0.08763020833333333,150,0,0
nrsr-M1024-f0.70-l0.75-u,nrsr,0.5,LBQCD-D08-hetero-K15,control-heteroscedastic,concentrated,LBQCD-D08-hetero-K15/concentrated,2,update,1024,0.7,0,0.75,400,400,1.5037144999951124,4600,588800,302080,302080,3932160,5734400.0,0,0,0,"{""0.2"": 0, ""0.5"": 0, ""1.0"": 0, ""2.0"": 0, ""4.0"": 0}",0.009091707728452914,0.26013990601338977,0.9999999999999999,0.06282552083333333,150,0,0
paper-0.2,paper,0.2,LBQCD-D08-hetero-K15,control-heteroscedastic,concentrated,LBQCD-D08-hetero-K15/concentrated,0,update,0,0.0,0,0.0,400,400,0.7831592000002274,400,51200,51200,51200,13107200,0.0,0,0,0,"{""0.2"": 0, ""0.5"": 0, ""1.0"": 0, ""2.0"": 0, ""4.0"": 0}",0.022947080344777326,0.24923043566778458,0.9999999999999999,0.10182291666666667,100,0,0
paper-0.2,paper,0.2,LBQCD-D08-hetero-K15,control-heteroscedastic,concentrated,LBQCD-D08-hetero-K15/concentrated,1,update,0,0.0,0,0.0,400,400,0.794386100009433,400,51200,51200,51200,13107200,0.0,0,0,0,"{""0.2"": 0, ""0.5"": 0, ""1.0"": 0, ""2.0"": 0, ""4.0"": 0}",0.05073950334706012,0.24372765883547967,0.9999999999999999,0.08515625,100,0,0
paper-0.2,paper,0.2,LBQCD-D08-hetero-K15,control-heteroscedastic,concentrated,LBQCD-D08-hetero-K15/concentrated,2,update,0,0.0,0,0.0,400,400,0.7188185999984853,400,51200,51200,51200,13107200,0.0,0,0,0,"{""0.2"": 0, ""0.5"": 0, ""1.0"": 0, ""2.0"": 0, ""4.0"": 0}",0.011685221278064706,0.36039323126273454,0.9999999999999999,0.09401041666666667,100,0,0
paper-0.5,paper,0.5,LBQCD-D08-hetero-K15,control-heteroscedastic,concentrated,LBQCD-D08-hetero-K15/concentrated,0,update,0,0.0,0,0.0,400,400,0.6784606000001077,400,51200,51200,51200,13107200,0.0,0,0,0,"{""0.2"": 0, ""0.5"": 0, ""1.0"": 0, ""2.0"": 0, ""4.0"": 0}",0.016665460319294834,0.15104405296740797,0.9999999999999999,0.12526041666666665,150,0,0
paper-0.5,paper,0.5,LBQCD-D08-hetero-K15,control-heteroscedastic,concentrated,LBQCD-D08-hetero-K15/concentrated,1,update,0,0.0,0,0.0,400,400,0.6664791000075638,400,51200,51200,51200,13107200,0.0,0,0,0,"{""0.2"": 0, ""0.5"": 0, ""1.0"": 0, ""2.0"": 0, ""4.0"": 0}",0.04733220233990432,0.22264214693920875,0.9999999999999999,0.11009114583333333,100,0,0
paper-0.5,paper,0.5,LBQCD-D08-hetero-K15,control-heteroscedastic,concentrated,LBQCD-D08-hetero-K15/concentrated,2,update,0,0.0,0,0.0,400,400,0.6949298999970779,400,51200,51200,51200,13107200,0.0,0,0,0,"{""0.2"": 0, ""0.5"": 0, ""1.0"": 0, ""2.0"": 0, ""4.0"": 0}",0.012604880553264586,0.3696107084274448,0.9999999999999999,0.11549479166666667,150,0,0
paper-1,paper,1.0,LBQCD-D08-hetero-K15,control-heteroscedastic,concentrated,LBQCD-D08-hetero-K15/concentrated,0,update,0,0.0,0,0.0,400,400,0.7743909999990137,400,51200,51200,51200,13107200,0.0,0,0,0,"{""0.2"": 0, ""0.5"": 0, ""1.0"": 0, ""2.0"": 0, ""4.0"": 0}",0.014881676605957406,0.14512038756545348,0.9999999999999999,0.11106770833333333,200,0,0
paper-1,paper,1.0,LBQCD-D08-hetero-K15,control-heteroscedastic,concentrated,LBQCD-D08-hetero-K15/concentrated,1,update,0,0.0,0,0.0,400,400,0.6740198000043165,400,51200,51200,51200,13107200,0.0,0,0,0,"{""0.2"": 0, ""0.5"": 0, ""1.0"": 0, ""2.0"": 0, ""4.0"": 0}",0.0498409621969933,0.24283965651854347,0.9999999999999999,0.1291015625,150,0,0
paper-1,paper,1.0,LBQCD-D08-hetero-K15,control-heteroscedastic,concentrated,LBQCD-D08-hetero-K15/concentrated,2,update,0,0.0,0,0.0,400,400,0.5243218999967212,400,51200,51200,51200,13107200,0.0,0,0,0,"{""0.2"": 0, ""0.5"": 0, ""1.0"": 0, ""2.0"": 0, ""4.0"": 0}",0.011532529991457707,0.356086050172497,0.9999999999999999,0.12578125,250,0,0
paper-2,paper,2.0,LBQCD-D08-hetero-K15,control-heteroscedastic,concentrated,LBQCD-D08-hetero-K15/concentrated,0,update,0,0.0,0,0.0,400,400,0.648820499991416,400,51200,51200,51200,13107200,0.0,0,0,0,"{""0.2"": 0, ""0.5"": 0, ""1.0"": 0, ""2.0"": 0, ""4.0"": 0}",0.014495439828078105,0.16354812313520142,0.9999999999999999,0.12278645833333333,400,0,0
paper-2,paper,2.0,LBQCD-D08-hetero-K15,control-heteroscedastic,concentrated,LBQCD-D08-hetero-K15/concentrated,1,update,0,0.0,0,0.0,400,400,0.5628507000074023,400,51200,51200,51200,13107200,0.0,0,0,0,"{""0.2"": 0, ""0.5"": 0, ""1.0"": 0, ""2.0"": 0, ""4.0"": 0}",0.05391875225873921,0.261477042400374,0.8666666666666666,0.2482421875,300,0,0
paper-2,paper,2.0,LBQCD-D08-hetero-K15,control-heteroscedastic,concentrated,LBQCD-D08-hetero-K15/concentrated,2,update,0,0.0,0,0.0,400,400,0.8647478000057163,400,51200,51200,51200,13107200,0.0,0,0,0,"{""0.2"": 0, ""0.5"": 0, ""1.0"": 0, ""2.0"": 0, ""4.0"": 0}",0.015524392037323587,0.382140596083672,0.8666666666666666,0.3415364583333333,400,1,0
paper-4,paper,4.0,LBQCD-D08-hetero-K15,control-heteroscedastic,concentrated,LBQCD-D08-hetero-K15/concentrated,0,update,0,0.0,0,0.0,400,400,0.68263169999409,400,51200,51200,51200,13107200,0.0,0,0,0,"{""0.2"": 0, ""0.5"": 0, ""1.0"": 0, ""2.0"": 0, ""4.0"": 0}",0.012751615633293412,0.17873121916877543,0.8666666666666666,0.24251302083333326,400,1,0
paper-4,paper,4.0,LBQCD-D08-hetero-K15,control-heteroscedastic,concentrated,LBQCD-D08-hetero-K15/concentrated,1,update,0,0.0,0,0.0,400,400,0.48297520000778604,400,51200,51200,51200,13107200,0.0,0,0,0,"{""0.2"": 0, ""0.5"": 0, ""1.0"": 0, ""2.0"": 0, ""4.0"": 0}",0.0621095608653186,0.29797080672136195,0.8666666666666666,0.3405598958333333,400,1,0
paper-4,paper,4.0,LBQCD-D08-hetero-K15,control-heteroscedastic,concentrated,LBQCD-D08-hetero-K15/concentrated,2,update,0,0.0,0,0.0,400,400,0.7823464999964926,400,51200,51200,51200,13107200,0.0,0,0,0,"{""0.2"": 0, ""0.5"": 0, ""1.0"": 0, ""2.0"": 0, ""4.0"": 0}",0.021518516525491194,0.4124929415131927,0.8666666666666666,0.3757161458333333,400,1,0
qld-v1,qld,0.5,LBQCD-D08-hetero-K15,control-heteroscedastic,concentrated,LBQCD-D08-hetero-K15/concentrated,0,update,0,0.7,0,0.0,400,400,0.33852560000377707,400,51200,51200,51200,3932160,501760.0,0,0,0,"{""0.2"": 0, ""0.5"": 0, ""1.0"": 0, ""2.0"": 0, ""4.0"": 0}",0.013486508581746826,0.1530306581027235,0.9999999999999999,0.0666015625,200,0,0
qld-v1,qld,0.5,LBQCD-D08-hetero-K15,control-heteroscedastic,concentrated,LBQCD-D08-hetero-K15/concentrated,1,update,0,0.7,0,0.0,400,400,0.3499663000111468,400,51200,51200,51200,3932160,501760.0,0,0,0,"{""0.2"": 0, ""0.5"": 0, ""1.0"": 0, ""2.0"": 0, ""4.0"": 0}",0.0467139048328562,0.233272755746453,0.9999999999999999,0.07005208333333333,150,0,0
qld-v1,qld,0.5,LBQCD-D08-hetero-K15,control-heteroscedastic,concentrated,LBQCD-D08-hetero-K15/concentrated,2,update,0,0.7,0,0.0,400,400,0.24077419999230187,400,51200,51200,51200,3932160,501760.0,0,0,0,"{""0.2"": 0, ""0.5"": 0, ""1.0"": 0, ""2.0"": 0, ""4.0"": 0}",0.006121877142937215,0.28752759291241153,0.9999999999999999,0.09641927083333333,250,0,0
rsr-M1024-f0.70-u,rsr,0.5,LBQCD-D08-hetero-K15,control-heteroscedastic,concentrated,LBQCD-D08-hetero-K15/concentrated,0,update,1024,0.7,0,0.0,400,400,1.1905890999914845,4600,588800,302080,302080,3932160,5734400.0,0,0,0,"{""0.2"": 0, ""0.5"": 0, ""1.0"": 0, ""2.0"": 0, ""4.0"": 0}",0.010713176322997953,0.15440144023400224,0.9999999999999999,0.08860677083333333,150,0,0
rsr-M1024-f0.70-u,rsr,0.5,LBQCD-D08-hetero-K15,control-heteroscedastic,concentrated,LBQCD-D08-hetero-K15/concentrated,1,update,1024,0.7,0,0.0,400,400,0.9795746000017971,4600,588800,302080,302080,3932160,5734400.0,0,0,0,"{""0.2"": 0, ""0.5"": 0, ""1.0"": 0, ""2.0"": 0, ""4.0"": 0}",0.025798465628753764,0.17386210969359472,0.9999999999999999,0.080859375,150,0,0
rsr-M1024-f0.70-u,rsr,0.5,LBQCD-D08-hetero-K15,control-heteroscedastic,concentrated,LBQCD-D08-hetero-K15/concentrated,2,update,1024,0.7,0,0.0,400,400,1.2340002999990247,4600,588800,302080,302080,3932160,5734400.0,0,0,0,"{""0.2"": 0, ""0.5"": 0, ""1.0"": 0, ""2.0"": 0, ""4.0"": 0}",0.009000596881770573,0.25390344312655816,0.9999999999999999,0.0681640625,150,0,0
nrsr-M1024-f0.70-l0.25-u,nrsr,0.5,LBQCD-D08-hetero-K15,control-heteroscedastic,missing,LBQCD-D08-hetero-K15/missing,0,update,1024,0.7,0,0.25,400,400,1.4354420000017853,4600,588800,302080,302080,3932160,5734400.0,0,0,0,"{""0.2"": 0, ""0.5"": 0, ""1.0"": 0, ""2.0"": 0, ""4.0"": 0}",0.024498422413096854,0.12489399532385205,0.9999999999999999,0.09010416666666667,100,0,0
nrsr-M1024-f0.70-l0.25-u,nrsr,0.5,LBQCD-D08-hetero-K15,control-heteroscedastic,missing,LBQCD-D08-hetero-K15/missing,1,update,1024,0.7,0,0.25,400,400,1.5158861000090837,4600,588800,302080,302080,3932160,5734400.0,0,0,0,"{""0.2"": 0, ""0.5"": 0, ""1.0"": 0, ""2.0"": 0, ""4.0"": 0}",0.01984592734725199,0.211548786670381,0.9999999999999999,0.096484375,150,0,0
nrsr-M1024-f0.70-l0.25-u,nrsr,0.5,LBQCD-D08-hetero-K15,control-heteroscedastic,missing,LBQCD-D08-hetero-K15/missing,2,update,1024,0.7,0,0.25,400,400,1.4031571000086842,4600,588800,302080,302080,3932160,5734400.0,0,0,0,"{""0.2"": 0, ""0.5"": 0, ""1.0"": 0, ""2.0"": 0, ""4.0"": 0}",0.011181970431782595,0.15050635369229978,0.9999999999999999,0.1287109375,150,0,0
nrsr-M1024-f0.70-l0.50-u,nrsr,0.5,LBQCD-D08-hetero-K15,control-heteroscedastic,missing,LBQCD-D08-hetero-K15/missing,0,update,1024,0.7,0,0.5,400,400,1.2930887999973493,4600,588800,302080,302080,3932160,5734400.0,0,0,0,"{""0.2"": 0, ""0.5"": 0, ""1.0"": 0, ""2.0"": 0, ""4.0"": 0}",0.024427030746863032,0.12441412279381422,0.9999999999999999,0.08333333333333333,100,0,0
nrsr-M1024-f0.70-l0.50-u,nrsr,0.5,LBQCD-D08-hetero-K15,control-heteroscedastic,missing,LBQCD-D08-hetero-K15/missing,1,update,1024,0.7,0,0.5,400,400,1.441887000008137,4600,588800,302080,302080,3932160,5734400.0,0,0,0,"{""0.2"": 0, ""0.5"": 0, ""1.0"": 0, ""2.0"": 0, ""4.0"": 0}",0.020131418576327498,0.21159723292199475,0.9999999999999999,0.1013671875,150,0,0
nrsr-M1024-f0.70-l0.50-u,nrsr,0.5,LBQCD-D08-hetero-K15,control-heteroscedastic,missing,LBQCD-D08-hetero-K15/missing,2,update,1024,0.7,0,0.5,400,400,1.4479791000048863,4600,588800,302080,302080,3932160,5734400.0,0,0,0,"{""0.2"": 0, ""0.5"": 0, ""1.0"": 0, ""2.0"": 0, ""4.0"": 0}",0.01145107244516641,0.15184861124725957,0.9999999999999999,0.13502604166666665,150,0,0
nrsr-M1024-f0.70-l0.75-u,nrsr,0.5,LBQCD-D08-hetero-K15,control-heteroscedastic,missing,LBQCD-D08-hetero-K15/missing,0,update,1024,0.7,0,0.75,400,400,1.4492839000013191,4600,588800,302080,302080,3932160,5734400.0,0,0,0,"{""0.2"": 0, ""0.5"": 0, ""1.0"": 0, ""2.0"": 0, ""4.0"": 0}",0.02328929986168582,0.12067886822701472,0.9999999999999999,0.0916015625,100,0,0
nrsr-M1024-f0.70-l0.75-u,nrsr,0.5,LBQCD-D08-hetero-K15,control-heteroscedastic,missing,LBQCD-D08-hetero-K15/missing,1,update,1024,0.7,0,0.75,400,400,1.2707107000023825,4600,588800,302080,302080,3932160,5734400.0,0,0,0,"{""0.2"": 0, ""0.5"": 0, ""1.0"": 0, ""2.0"": 0, ""4.0"": 0}",0.02062481918122483,0.21686686938592498,0.9999999999999999,0.10625,150,0,0
nrsr-M1024-f0.70-l0.75-u,nrsr,0.5,LBQCD-D08-hetero-K15,control-heteroscedastic,missing,LBQCD-D08-hetero-K15/missing,2,update,1024,0.7,0,0.75,400,400,1.4531611000129487,4600,588800,302080,302080,3932160,5734400.0,0,0,0,"{""0.2"": 0, ""0.5"": 0, ""1.0"": 0, ""2.0"": 0, ""4.0"": 0}",0.010918209218309105,0.14695766951098185,0.9999999999999999,0.13697916666666665,150,0,0
paper-0.2,paper,0.2,LBQCD-D08-hetero-K15,control-heteroscedastic,missing,LBQCD-D08-hetero-K15/missing,0,update,0,0.0,0,0.0,400,400,0.7883924000052502,400,51200,51200,51200,13107200,0.0,0,0,0,"{""0.2"": 0, ""0.5"": 0, ""1.0"": 0, ""2.0"": 0, ""4.0"": 0}",0.014536137543204042,0.12466954208672286,0.9999999999999999,0.061783854166666666,100,0,0
paper-0.2,paper,0.2,LBQCD-D08-hetero-K15,control-heteroscedastic,missing,LBQCD-D08-hetero-K15/missing,1,update,0,0.0,0,0.0,400,400,0.7311489999992773,400,51200,51200,51200,13107200,0.0,0,0,0,"{""0.2"": 0, ""0.5"": 0, ""1.0"": 0, ""2.0"": 0, ""4.0"": 0}",0.03771411972289407,0.26262927981447554,0.9999999999999999,0.11158854166666667,150,0,0
paper-0.2,paper,0.2,LBQCD-D08-hetero-K15,control-heteroscedastic,missing,LBQCD-D08-hetero-K15/missing,2,update,0,0.0,0,0.0,400,400,0.7016905999917071,400,51200,51200,51200,13107200,0.0,0,0,0,"{""0.2"": 0, ""0.5"": 0, ""1.0"": 0, ""2.0"": 0, ""4.0"": 0}",0.04070607796142944,0.3068124360619739,0.9999999999999999,0.13938802083333335,100,0,0
paper-0.5,paper,0.5,LBQCD-D08-hetero-K15,control-heteroscedastic,missing,LBQCD-D08-hetero-K15/missing,0,update,0,0.0,0,0.0,400,400,0.5856172999920091,400,51200,51200,51200,13107200,0.0,0,0,0,"{""0.2"": 0, ""0.5"": 0, ""1.0"": 0, ""2.0"": 0, ""4.0"": 0}",0.01746738659162217,0.1392338277974952,0.9999999999999999,0.09791666666666667,100,0,0
paper-0.5,paper,0.5,LBQCD-D08-hetero-K15,control-heteroscedastic,missing,LBQCD-D08-hetero-K15/missing,1,update,0,0.0,0,0.0,400,400,0.6601510000036797,400,51200,51200,51200,13107200,0.0,0,0,0,"{""0.2"": 0, ""0.5"": 0, ""1.0"": 0, ""2.0"": 0, ""4.0"": 0}",0.03683060984598274,0.30458803430189973,0.9999999999999999,0.12623697916666665,200,0,0
paper-0.5,paper,0.5,LBQCD-D08-hetero-K15,control-heteroscedastic,missing,LBQCD-D08-hetero-K15/missing,2,update,0,0.0,0,0.0,400,400,0.7921705999906408,400,51200,51200,51200,13107200,0.0,0,0,0,"{""0.2"": 0, ""0.5"": 0, ""1.0"": 0, ""2.0"": 0, ""4.0"": 0}",0.03606985657269668,0.27420638917295276,0.9999999999999999,0.10774739583333333,100,0,0
paper-1,paper,1.0,LBQCD-D08-hetero-K15,control-heteroscedastic,missing,LBQCD-D08-hetero-K15/missing,0,update,0,0.0,0,0.0,400,400,0.6700210999988485,400,51200,51200,51200,13107200,0.0,0,0,0,"{""0.2"": 0, ""0.5"": 0, ""1.0"": 0, ""2.0"": 0, ""4.0"": 0}",0.03019460378229155,0.1588127399329307,0.9999999999999999,0.104296875,100,0,0
paper-1,paper,1.0,LBQCD-D08-hetero-K15,control-heteroscedastic,missing,LBQCD-D08-hetero-K15/missing,1,update,0,0.0,0,0.0,400,400,0.7411743999982718,400,51200,51200,51200,13107200,0.0,0,0,0,"{""0.2"": 0, ""0.5"": 0, ""1.0"": 0, ""2.0"": 0, ""4.0"": 0}",0.050093695387011916,0.39618997750432444,0.9999999999999999,0.12825520833333331,100,0,0
paper-1,paper,1.0,LBQCD-D08-hetero-K15,control-heteroscedastic,missing,LBQCD-D08-hetero-K15/missing,2,update,0,0.0,0,0.0,400,400,0.9205225999903632,400,51200,51200,51200,13107200,0.0,0,0,0,"{""0.2"": 0, ""0.5"": 0, ""1.0"": 0, ""2.0"": 0, ""4.0"": 0}",0.04528591968895235,0.3294986016185072,0.9999999999999999,0.17161458333333335,100,0,0
paper-2,paper,2.0,LBQCD-D08-hetero-K15,control-heteroscedastic,missing,LBQCD-D08-hetero-K15/missing,0,update,0,0.0,0,0.0,400,400,0.7168271999980789,400,51200,51200,51200,13107200,0.0,0,0,0,"{""0.2"": 0, ""0.5"": 0, ""1.0"": 0, ""2.0"": 0, ""4.0"": 0}",0.04015621550030124,0.22280083800319223,0.9333333333333332,0.24498697916666667,150,0,0
paper-2,paper,2.0,LBQCD-D08-hetero-K15,control-heteroscedastic,missing,LBQCD-D08-hetero-K15/missing,1,update,0,0.0,0,0.0,400,400,0.6144846999959555,400,51200,51200,51200,13107200,0.0,0,0,0,"{""0.2"": 0, ""0.5"": 0, ""1.0"": 0, ""2.0"": 0, ""4.0"": 0}",0.0548778511394552,0.4686669228087411,0.9999999999999999,0.16920572916666665,250,0,0
paper-2,paper,2.0,LBQCD-D08-hetero-K15,control-heteroscedastic,missing,LBQCD-D08-hetero-K15/missing,2,update,0,0.0,0,0.0,400,400,0.930396900002961,400,51200,51200,51200,13107200,0.0,0,0,0,"{""0.2"": 0, ""0.5"": 0, ""1.0"": 0, ""2.0"": 0, ""4.0"": 0}",0.0366655066582382,0.29057077745239485,0.9333333333333332,0.1814453125,150,0,0
paper-4,paper,4.0,LBQCD-D08-hetero-K15,control-heteroscedastic,missing,LBQCD-D08-hetero-K15/missing,0,update,0,0.0,0,0.0,400,400,0.6343655999953626,400,51200,51200,51200,13107200,0.0,0,0,0,"{""0.2"": 0, ""0.5"": 0, ""1.0"": 0, ""2.0"": 0, ""4.0"": 0}",0.021821078026690532,0.21524762757741225,0.9333333333333332,0.2567057291666667,300,0,0
paper-4,paper,4.0,LBQCD-D08-hetero-K15,control-heteroscedastic,missing,LBQCD-D08-hetero-K15/missing,1,update,0,0.0,0,0.0,400,400,0.6387283999938518,400,51200,51200,51200,13107200,0.0,0,0,0,"{""0.2"": 0, ""0.5"": 0, ""1.0"": 0, ""2.0"": 0, ""4.0"": 0}",0.05474122692527805,0.5066980812463525,0.9333333333333332,0.3059895833333333,400,0,0
paper-4,paper,4.0,LBQCD-D08-hetero-K15,control-heteroscedastic,missing,LBQCD-D08-hetero-K15/missing,2,update,0,0.0,0,0.0,400,400,0.755011100001866,400,51200,51200,51200,13107200,0.0,0,0,0,"{""0.2"": 0, ""0.5"": 0, ""1.0"": 0, ""2.0"": 0, ""4.0"": 0}",0.05259209277706489,0.3591844466967602,0.9333333333333332,0.2263671875,350,0,0
qld-v1,qld,0.5,LBQCD-D08-hetero-K15,control-heteroscedastic,missing,LBQCD-D08-hetero-K15/missing,0,update,0,0.7,0,0.0,400,400,0.3102604000014253,400,51200,51200,51200,3932160,501760.0,0,0,0,"{""0.2"": 0, ""0.5"": 0, ""1.0"": 0, ""2.0"": 0, ""4.0"": 0}",0.016206406518936234,0.11889365159050565,0.9999999999999999,0.1140625,100,0,0
qld-v1,qld,0.5,LBQCD-D08-hetero-K15,control-heteroscedastic,missing,LBQCD-D08-hetero-K15/missing,1,update,0,0.7,0,0.0,400,400,0.34797030000481755,400,51200,51200,51200,3932160,501760.0,0,0,0,"{""0.2"": 0, ""0.5"": 0, ""1.0"": 0, ""2.0"": 0, ""4.0"": 0}",0.015781450014697107,0.17890159833864896,0.9999999999999999,0.13802083333333331,250,0,0
qld-v1,qld,0.5,LBQCD-D08-hetero-K15,control-heteroscedastic,missing,LBQCD-D08-hetero-K15/missing,2,update,0,0.7,0,0.0,400,400,0.34411989999352954,400,51200,51200,51200,3932160,501760.0,0,0,0,"{""0.2"": 0, ""0.5"": 0, ""1.0"": 0, ""2.0"": 0, ""4.0"": 0}",0.013929789384408586,0.14455001782661908,0.9999999999999999,0.1296875,150,0,0
rsr-M1024-f0.70-u,rsr,0.5,LBQCD-D08-hetero-K15,control-heteroscedastic,missing,LBQCD-D08-hetero-K15/missing,0,update,1024,0.7,0,0.0,400,400,1.182471699998132,4600,588800,302080,302080,3932160,5734400.0,0,0,0,"{""0.2"": 0, ""0.5"": 0, ""1.0"": 0, ""2.0"": 0, ""4.0"": 0}",0.024059721313304916,0.12469077241745792,0.9999999999999999,0.09498697916666667,100,0,0
rsr-M1024-f0.70-u,rsr,0.5,LBQCD-D08-hetero-K15,control-heteroscedastic,missing,LBQCD-D08-hetero-K15/missing,1,update,1024,0.7,0,0.0,400,400,1.2498623999999836,4600,588800,302080,302080,3932160,5734400.0,0,0,0,"{""0.2"": 0, ""0.5"": 0, ""1.0"": 0, ""2.0"": 0, ""4.0"": 0}",0.01970031587693377,0.20782914631348262,0.9999999999999999,0.10279947916666667,150,0,0
rsr-M1024-f0.70-u,rsr,0.5,LBQCD-D08-hetero-K15,control-heteroscedastic,missing,LBQCD-D08-hetero-K15/missing,2,update,1024,0.7,0,0.0,400,400,1.3173378999927081,4600,588800,302080,302080,3932160,5734400.0,0,0,0,"{""0.2"": 0, ""0.5"": 0, ""1.0"": 0, ""2.0"": 0, ""4.0"": 0}",0.011039029685839807,0.14802067841989633,0.9999999999999999,0.121875,150,0,0
nrsr-M1024-f0.70-l0.25-u,nrsr,0.5,LBQCD-D09-overlap-K8,control-overlap,concentrated,LBQCD-D09-overlap-K8/concentrated,0,update,1024,0.7,0,0.25,400,400,1.5701734000031138,4600,588800,302080,302080,3932160,5734400.0,0,0,0,"{""0.2"": 0, ""0.5"": 0, ""1.0"": 0, ""2.0"": 0, ""4.0"": 0}",0.003128644347233145,0.05030022435107092,1.0,0.12109375,50,0,0
nrsr-M1024-f0.70-l0.25-u,nrsr,0.5,LBQCD-D09-overlap-K8,control-overlap,concentrated,LBQCD-D09-overlap-K8/concentrated,1,update,1024,0.7,0,0.25,400,400,1.5021450000058394,4600,588800,302080,302080,3932160,5734400.0,0,0,0,"{""0.2"": 0, ""0.5"": 0, ""1.0"": 0, ""2.0"": 0, ""4.0"": 0}",0.0031605065978349556,0.02413374417881818,1.0,0.0556640625,50,0,0
nrsr-M1024-f0.70-l0.25-u,nrsr,0.5,LBQCD-D09-overlap-K8,control-overlap,concentrated,LBQCD-D09-overlap-K8/concentrated,2,update,1024,0.7,0,0.25,400,400,1.5671627999981865,4600,588800,302080,302080,3932160,5734400.0,0,0,0,"{""0.2"": 0, ""0.5"": 0, ""1.0"": 0, ""2.0"": 0, ""4.0"": 0}",0.006931268745152042,0.032388126875175616,1.0,0.0849609375,50,0,0
nrsr-M1024-f0.70-l0.50-u,nrsr,0.5,LBQCD-D09-overlap-K8,control-overlap,concentrated,LBQCD-D09-overlap-K8/concentrated,0,update,1024,0.7,0,0.5,400,400,1.655641100005596,4600,588800,302080,302080,3932160,5734400.0,0,0,0,"{""0.2"": 0, ""0.5"": 0, ""1.0"": 0, ""2.0"": 0, ""4.0"": 0}",0.0031350032693524543,0.04760411507740218,1.0,0.115234375,50,0,0
nrsr-M1024-f0.70-l0.50-u,nrsr,0.5,LBQCD-D09-overlap-K8,control-overlap,concentrated,LBQCD-D09-overlap-K8/concentrated,1,update,1024,0.7,0,0.5,400,400,1.5376804999978049,4600,588800,302080,302080,3932160,5734400.0,0,0,0,"{""0.2"": 0, ""0.5"": 0, ""1.0"": 0, ""2.0"": 0, ""4.0"": 0}",0.003195113309947817,0.02457514316738198,1.0,0.0478515625,50,0,0
nrsr-M1024-f0.70-l0.50-u,nrsr,0.5,LBQCD-D09-overlap-K8,control-overlap,concentrated,LBQCD-D09-overlap-K8/concentrated,2,update,1024,0.7,0,0.5,400,400,1.5648878999927547,4600,588800,302080,302080,3932160,5734400.0,0,0,0,"{""0.2"": 0, ""0.5"": 0, ""1.0"": 0, ""2.0"": 0, ""4.0"": 0}",0.006663403232119891,0.032019103213243645,1.0,0.08203125,50,0,0
nrsr-M1024-f0.70-l0.75-u,nrsr,0.5,LBQCD-D09-overlap-K8,control-overlap,concentrated,LBQCD-D09-overlap-K8/concentrated,0,update,1024,0.7,0,0.75,400,400,1.6306346000055782,4600,588800,302080,302080,3932160,5734400.0,0,0,0,"{""0.2"": 0, ""0.5"": 0, ""1.0"": 0, ""2.0"": 0, ""4.0"": 0}",0.003106800985105407,0.047178568466205564,1.0,0.109375,50,0,0
nrsr-M1024-f0.70-l0.75-u,nrsr,0.5,LBQCD-D09-overlap-K8,control-overlap,concentrated,LBQCD-D09-overlap-K8/concentrated,1,update,1024,0.7,0,0.75,400,400,1.5425227000087034,4600,588800,302080,302080,3932160,5734400.0,0,0,0,"{""0.2"": 0, ""0.5"": 0, ""1.0"": 0, ""2.0"": 0, ""4.0"": 0}",0.003193107843358245,0.02463401409112999,1.0,0.048828125,50,0,0
nrsr-M1024-f0.70-l0.75-u,nrsr,0.5,LBQCD-D09-overlap-K8,control-overlap,concentrated,LBQCD-D09-overlap-K8/concentrated,2,update,1024,0.7,0,0.75,400,400,1.629209799997625,4600,588800,302080,302080,3932160,5734400.0,0,0,0,"{""0.2"": 0, ""0.5"": 0, ""1.0"": 0, ""2.0"": 0, ""4.0"": 0}",0.006812253534818957,0.03145917224148993,1.0,0.0673828125,50,0,0
paper-0.2,paper,0.2,LBQCD-D09-overlap-K8,control-overlap,concentrated,LBQCD-D09-overlap-K8/concentrated,0,update,0,0.0,0,0.0,400,400,0.5487648999987869,400,51200,51200,51200,13107200,0.0,0,0,0,"{""0.2"": 0, ""0.5"": 0, ""1.0"": 0, ""2.0"": 0, ""4.0"": 0}",0.0013126650273775908,0.03851465097826979,1.0,0.0908203125,50,0,0
paper-0.2,paper,0.2,LBQCD-D09-overlap-K8,control-overlap,concentrated,LBQCD-D09-overlap-K8/concentrated,1,update,0,0.0,0,0.0,400,400,0.7630234000098426,400,51200,51200,51200,13107200,0.0,0,0,0,"{""0.2"": 0, ""0.5"": 0, ""1.0"": 0, ""2.0"": 0, ""4.0"": 0}",0.003639284091852102,0.02867695709199199,1.0,0.08203125,50,0,0
paper-0.2,paper,0.2,LBQCD-D09-overlap-K8,control-overlap,concentrated,LBQCD-D09-overlap-K8/concentrated,2,update,0,0.0,0,0.0,400,400,0.7077974999992875,400,51200,51200,51200,13107200,0.0,0,0,0,"{""0.2"": 0, ""0.5"": 0, ""1.0"": 0, ""2.0"": 0, ""4.0"": 0}",0.0034939067102476296,0.0378457342570309,1.0,0.076171875,50,0,0
paper-0.5,paper,0.5,LBQCD-D09-overlap-K8,control-overlap,concentrated,LBQCD-D09-overlap-K8/concentrated,0,update,0,0.0,0,0.0,400,400,0.7696952999976929,400,51200,51200,51200,13107200,0.0,0,0,0,"{""0.2"": 0, ""0.5"": 0, ""1.0"": 0, ""2.0"": 0, ""4.0"": 0}",0.0021047928343713718,0.047022884707723756,1.0,0.111328125,50,0,0
paper-0.5,paper,0.5,LBQCD-D09-overlap-K8,control-overlap,concentrated,LBQCD-D09-overlap-K8/concentrated,1,update,0,0.0,0,0.0,400,400,0.5814983000018401,400,51200,51200,51200,13107200,0.0,0,0,0,"{""0.2"": 0, ""0.5"": 0, ""1.0"": 0, ""2.0"": 0, ""4.0"": 0}",0.0024543690130575113,0.024859649720024666,1.0,0.046875,50,0,0
paper-0.5,paper,0.5,LBQCD-D09-overlap-K8,control-overlap,concentrated,LBQCD-D09-overlap-K8/concentrated,2,update,0,0.0,0,0.0,400,400,0.723650899992208,400,51200,51200,51200,13107200,0.0,0,0,0,"{""0.2"": 0, ""0.5"": 0, ""1.0"": 0, ""2.0"": 0, ""4.0"": 0}",0.004268868801782233,0.04325972731076443,1.0,0.0693359375,50,0,0
paper-1,paper,1.0,LBQCD-D09-overlap-K8,control-overlap,concentrated,LBQCD-D09-overlap-K8/concentrated,0,update,0,0.0,0,0.0,400,400,0.7174484999995911,400,51200,51200,51200,13107200,0.0,0,0,0,"{""0.2"": 0, ""0.5"": 0, ""1.0"": 0, ""2.0"": 0, ""4.0"": 0}",0.002675203185187547,0.05181089737730469,1.0,0.130859375,50,0,0
paper-1,paper,1.0,LBQCD-D09-overlap-K8,control-overlap,concentrated,LBQCD-D09-overlap-K8/concentrated,1,update,0,0.0,0,0.0,400,400,0.6833502999943448,400,51200,51200,51200,13107200,0.0,0,0,0,"{""0.2"": 0, ""0.5"": 0, ""1.0"": 0, ""2.0"": 0, ""4.0"": 0}",0.0023837975501995734,0.026447356054201766,1.0,0.048828125,50,0,0
paper-1,paper,1.0,LBQCD-D09-overlap-K8,control-overlap,concentrated,LBQCD-D09-overlap-K8/concentrated,2,update,0,0.0,0,0.0,400,400,0.8814506999915466,400,51200,51200,51200,13107200,0.0,0,0,0,"{""0.2"": 0, ""0.5"": 0, ""1.0"": 0, ""2.0"": 0, ""4.0"": 0}",0.007747310363097504,0.04062449982195945,1.0,0.0849609375,50,0,0
paper-2,paper,2.0,LBQCD-D09-overlap-K8,control-overlap,concentrated,LBQCD-D09-overlap-K8/concentrated,0,update,0,0.0,0,0.0,400,400,0.9501894999993965,400,51200,51200,51200,13107200,0.0,0,0,0,"{""0.2"": 0, ""0.5"": 0, ""1.0"": 0, ""2.0"": 0, ""4.0"": 0}",0.0034112804206387626,0.05560150152542866,1.0,0.158203125,50,0,0
paper-2,paper,2.0,LBQCD-D09-overlap-K8,control-overlap,concentrated,LBQCD-D09-overlap-K8/concentrated,1,update,0,0.0,0,0.0,400,400,0.6438992000039434,400,51200,51200,51200,13107200,0.0,0,0,0,"{""0.2"": 0, ""0.5"": 0, ""1.0"": 0, ""2.0"": 0, ""4.0"": 0}",0.0041978069065081725,0.043198877486500024,1.0,0.09375,50,0,0
paper-2,paper,2.0,LBQCD-D09-overlap-K8,control-overlap,concentrated,LBQCD-D09-overlap-K8/concentrated,2,update,0,0.0,0,0.0,400,400,0.696781499995268,400,51200,51200,51200,13107200,0.0,0,0,0,"{""0.2"": 0, ""0.5"": 0, ""1.0"": 0, ""2.0"": 0, ""4.0"": 0}",0.010171557348621185,0.025702021604938775,1.0,0.095703125,50,0,0
paper-4,paper,4.0,LBQCD-D09-overlap-K8,control-overlap,concentrated,LBQCD-D09-overlap-K8/concentrated,0,update,0,0.0,0,0.0,400,400,0.7094876000046497,400,51200,51200,51200,13107200,0.0,0,0,0,"{""0.2"": 0, ""0.5"": 0, ""1.0"": 0, ""2.0"": 0, ""4.0"": 0}",0.004568249037655625,0.056821834323681396,1.0,0.2216796875,50,0,0
paper-4,paper,4.0,LBQCD-D09-overlap-K8,control-overlap,concentrated,LBQCD-D09-overlap-K8/concentrated,1,update,0,0.0,0,0.0,400,400,0.6234728999988874,400,51200,51200,51200,13107200,0.0,0,0,0,"{""0.2"": 0, ""0.5"": 0, ""1.0"": 0, ""2.0"": 0, ""4.0"": 0}",0.010724354604172981,0.08115686081611824,1.0,0.2216796875,50,0,0
paper-4,paper,4.0,LBQCD-D09-overlap-K8,control-overlap,concentrated,LBQCD-D09-overlap-K8/concentrated,2,update,0,0.0,0,0.0,400,400,0.7070021999970777,400,51200,51200,51200,13107200,0.0,0,0,0,"{""0.2"": 0, ""0.5"": 0, ""1.0"": 0, ""2.0"": 0, ""4.0"": 0}",0.01778260126664266,0.05854138372887948,1.0,0.2861328125,50,0,0
qld-v1,qld,0.5,LBQCD-D09-overlap-K8,control-overlap,concentrated,LBQCD-D09-overlap-K8/concentrated,0,update,0,0.7,0,0.0,400,400,0.3606553999998141,400,51200,51200,51200,3932160,501760.0,0,0,0,"{""0.2"": 0, ""0.5"": 0, ""1.0"": 0, ""2.0"": 0, ""4.0"": 0}",0.0006764280945090739,0.021974102303537562,1.0,0.048828125,50,0,0
qld-v1,qld,0.5,LBQCD-D09-overlap-K8,control-overlap,concentrated,LBQCD-D09-overlap-K8/concentrated,1,update,0,0.7,0,0.0,400,400,0.3018032999971183,400,51200,51200,51200,3932160,501760.0,0,0,0,"{""0.2"": 0, ""0.5"": 0, ""1.0"": 0, ""2.0"": 0, ""4.0"": 0}",0.0027553002764481027,0.0227672853304435,1.0,0.0556640625,50,0,0
qld-v1,qld,0.5,LBQCD-D09-overlap-K8,control-overlap,concentrated,LBQCD-D09-overlap-K8/concentrated,2,update,0,0.7,0,0.0,400,400,0.4008934000012232,400,51200,51200,51200,3932160,501760.0,0,0,0,"{""0.2"": 0, ""0.5"": 0, ""1.0"": 0, ""2.0"": 0, ""4.0"": 0}",0.002670405985642388,0.02864401103541355,1.0,0.052734375,50,0,0
rsr-M1024-f0.70-u,rsr,0.5,LBQCD-D09-overlap-K8,control-overlap,concentrated,LBQCD-D09-overlap-K8/concentrated,0,update,1024,0.7,0,0.0,400,400,1.3730448000133038,4600,588800,302080,302080,3932160,5734400.0,0,0,0,"{""0.2"": 0, ""0.5"": 0, ""1.0"": 0, ""2.0"": 0, ""4.0"": 0}",0.003012199907283186,0.05337046831996953,1.0,0.1162109375,50,0,0
rsr-M1024-f0.70-u,rsr,0.5,LBQCD-D09-overlap-K8,control-overlap,concentrated,LBQCD-D09-overlap-K8/concentrated,1,update,1024,0.7,0,0.0,400,400,1.2814582999999402,4600,588800,302080,302080,3932160,5734400.0,0,0,0,"{""0.2"": 0, ""0.5"": 0, ""1.0"": 0, ""2.0"": 0, ""4.0"": 0}",0.0031023115484715147,0.024107307632337358,1.0,0.048828125,50,0,0
rsr-M1024-f0.70-u,rsr,0.5,LBQCD-D09-overlap-K8,control-overlap,concentrated,LBQCD-D09-overlap-K8/concentrated,2,update,1024,0.7,0,0.0,400,400,1.2874523000064073,4600,588800,302080,302080,3932160,5734400.0,0,0,0,"{""0.2"": 0, ""0.5"": 0, ""1.0"": 0, ""2.0"": 0, ""4.0"": 0}",0.007016868914262897,0.03253410930929061,1.0,0.083984375,50,0,0
nrsr-M1024-f0.70-l0.25-u,nrsr,0.5,LBQCD-D09-overlap-K8,control-overlap,missing,LBQCD-D09-overlap-K8/missing,0,update,1024,0.7,0,0.25,400,400,1.5810750000091502,4600,588800,302080,302080,3932160,5734400.0,0,0,0,"{""0.2"": 0, ""0.5"": 0, ""1.0"": 0, ""2.0"": 0, ""4.0"": 0}",0.002478572227743614,0.028267122497822903,1.0,0.0654296875,50,0,0
nrsr-M1024-f0.70-l0.25-u,nrsr,0.5,LBQCD-D09-overlap-K8,control-overlap,missing,LBQCD-D09-overlap-K8/missing,1,update,1024,0.7,0,0.25,400,400,1.5390598000085447,4600,588800,302080,302080,3932160,5734400.0,0,0,0,"{""0.2"": 0, ""0.5"": 0, ""1.0"": 0, ""2.0"": 0, ""4.0"": 0}",0.003235448105344263,0.02234830420011249,1.0,0.099609375,50,0,0
nrsr-M1024-f0.70-l0.25-u,nrsr,0.5,LBQCD-D09-overlap-K8,control-overlap,missing,LBQCD-D09-overlap-K8/missing,2,update,1024,0.7,0,0.25,400,400,1.5376805999985663,4600,588800,302080,302080,3932160,5734400.0,0,0,0,"{""0.2"": 0, ""0.5"": 0, ""1.0"": 0, ""2.0"": 0, ""4.0"": 0}",0.0011070087582256694,0.023508515589495287,1.0,0.087890625,50,0,0
nrsr-M1024-f0.70-l0.50-u,nrsr,0.5,LBQCD-D09-overlap-K8,control-overlap,missing,LBQCD-D09-overlap-K8/missing,0,update,1024,0.7,0,0.5,400,400,1.3981992000044556,4600,588800,302080,302080,3932160,5734400.0,0,0,0,"{""0.2"": 0, ""0.5"": 0, ""1.0"": 0, ""2.0"": 0, ""4.0"": 0}",0.0028320483141184294,0.028413650257082358,1.0,0.05078125,50,0,0
nrsr-M1024-f0.70-l0.50-u,nrsr,0.5,LBQCD-D09-overlap-K8,control-overlap,missing,LBQCD-D09-overlap-K8/missing,1,update,1024,0.7,0,0.5,400,400,1.4057640999963041,4600,588800,302080,302080,3932160,5734400.0,0,0,0,"{""0.2"": 0, ""0.5"": 0, ""1.0"": 0, ""2.0"": 0, ""4.0"": 0}",0.0032846165461493104,0.02209221336030793,1.0,0.1005859375,50,0,0
nrsr-M1024-f0.70-l0.50-u,nrsr,0.5,LBQCD-D09-overlap-K8,control-overlap,missing,LBQCD-D09-overlap-K8/missing,2,update,1024,0.7,0,0.5,400,400,1.423374900012277,4600,588800,302080,302080,3932160,5734400.0,0,0,0,"{""0.2"": 0, ""0.5"": 0, ""1.0"": 0, ""2.0"": 0, ""4.0"": 0}",0.0010634295640634672,0.022189863265422986,1.0,0.0888671875,50,0,0
nrsr-M1024-f0.70-l0.75-u,nrsr,0.5,LBQCD-D09-overlap-K8,control-overlap,missing,LBQCD-D09-overlap-K8/missing,0,update,1024,0.7,0,0.75,400,400,1.3665332999953534,4600,588800,302080,302080,3932160,5734400.0,0,0,0,"{""0.2"": 0, ""0.5"": 0, ""1.0"": 0, ""2.0"": 0, ""4.0"": 0}",0.003054051602849883,0.025843748389761553,1.0,0.06640625,50,0,0
nrsr-M1024-f0.70-l0.75-u,nrsr,0.5,LBQCD-D09-overlap-K8,control-overlap,missing,LBQCD-D09-overlap-K8/missing,1,update,1024,0.7,0,0.75,400,400,1.4296171000023605,4600,588800,302080,302080,3932160,5734400.0,0,0,0,"{""0.2"": 0, ""0.5"": 0, ""1.0"": 0, ""2.0"": 0, ""4.0"": 0}",0.0037521482604689904,0.02361853627723331,1.0,0.0888671875,50,0,0
nrsr-M1024-f0.70-l0.75-u,nrsr,0.5,LBQCD-D09-overlap-K8,control-overlap,missing,LBQCD-D09-overlap-K8/missing,2,update,1024,0.7,0,0.75,400,400,1.5131419999961508,4600,588800,302080,302080,3932160,5734400.0,0,0,0,"{""0.2"": 0, ""0.5"": 0, ""1.0"": 0, ""2.0"": 0, ""4.0"": 0}",0.0010332918755701082,0.02037804996587927,1.0,0.0849609375,50,0,0
paper-0.2,paper,0.2,LBQCD-D09-overlap-K8,control-overlap,missing,LBQCD-D09-overlap-K8/missing,0,update,0,0.0,0,0.0,400,400,0.7153156999993371,400,51200,51200,51200,13107200,0.0,0,0,0,"{""0.2"": 0, ""0.5"": 0, ""1.0"": 0, ""2.0"": 0, ""4.0"": 0}",0.0014160162532721454,0.03314571242679019,1.0,0.078125,50,0,0
paper-0.2,paper,0.2,LBQCD-D09-overlap-K8,control-overlap,missing,LBQCD-D09-overlap-K8/missing,1,update,0,0.0,0,0.0,400,400,0.7160263000114355,400,51200,51200,51200,13107200,0.0,0,0,0,"{""0.2"": 0, ""0.5"": 0, ""1.0"": 0, ""2.0"": 0, ""4.0"": 0}",0.004442967355591798,0.052473491466210526,1.0,0.1044921875,50,0,0
paper-0.2,paper,0.2,LBQCD-D09-overlap-K8,control-overlap,missing,LBQCD-D09-overlap-K8/missing,2,update,0,0.0,0,0.0,400,400,0.7440872000006493,400,51200,51200,51200,13107200,0.0,0,0,0,"{""0.2"": 0, ""0.5"": 0, ""1.0"": 0, ""2.0"": 0, ""4.0"": 0}",0.0008808417418753045,0.024841075255762155,1.0,0.087890625,50,0,0
paper-0.5,paper,0.5,LBQCD-D09-overlap-K8,control-overlap,missing,LBQCD-D09-overlap-K8/missing,0,update,0,0.0,0,0.0,400,400,0.8704749000025913,400,51200,51200,51200,13107200,0.0,0,0,0,"{""0.2"": 0, ""0.5"": 0, ""1.0"": 0, ""2.0"": 0, ""4.0"": 0}",0.0013446918980082323,0.03512648067100029,1.0,0.091796875,50,0,0
paper-0.5,paper,0.5,LBQCD-D09-overlap-K8,control-overlap,missing,LBQCD-D09-overlap-K8/missing,1,update,0,0.0,0,0.0,400,400,0.7291683999937959,400,51200,51200,51200,13107200,0.0,0,0,0,"{""0.2"": 0, ""0.5"": 0, ""1.0"": 0, ""2.0"": 0, ""4.0"": 0}",0.0031191351311162796,0.04639224616273401,1.0,0.107421875,50,0,0
paper-0.5,paper,0.5,LBQCD-D09-overlap-K8,control-overlap,missing,LBQCD-D09-overlap-K8/missing,2,update,0,0.0,0,0.0,400,400,0.629192200009129,400,51200,51200,51200,13107200,0.0,0,0,0,"{""0.2"": 0, ""0.5"": 0, ""1.0"": 0, ""2.0"": 0, ""4.0"": 0}",0.0010470391058434725,0.027638297141795318,1.0,0.0673828125,50,0,0
paper-1,paper,1.0,LBQCD-D09-overlap-K8,control-overlap,missing,LBQCD-D09-overlap-K8/missing,0,update,0,0.0,0,0.0,400,400,0.630025200007367,400,51200,51200,51200,13107200,0.0,0,0,0,"{""0.2"": 0, ""0.5"": 0, ""1.0"": 0, ""2.0"": 0, ""4.0"": 0}",0.0015545316341312176,0.031704414426234624,1.0,0.0859375,50,0,0
paper-1,paper,1.0,LBQCD-D09-overlap-K8,control-overlap,missing,LBQCD-D09-overlap-K8/missing,1,update,0,0.0,0,0.0,400,400,0.7299930000008317,400,51200,51200,51200,13107200,0.0,0,0,0,"{""0.2"": 0, ""0.5"": 0, ""1.0"": 0, ""2.0"": 0, ""4.0"": 0}",0.0032172109546163563,0.04897726831068059,1.0,0.087890625,50,0,0
paper-1,paper,1.0,LBQCD-D09-overlap-K8,control-overlap,missing,LBQCD-D09-overlap-K8/missing,2,update,0,0.0,0,0.0,400,400,0.7299175999942236,400,51200,51200,51200,13107200,0.0,0,0,0,"{""0.2"": 0, ""0.5"": 0, ""1.0"": 0, ""2.0"": 0, ""4.0"": 0}",0.0010628299548076647,0.036504712795184156,1.0,0.1005859375,50,0,0
paper-2,paper,2.0,LBQCD-D09-overlap-K8,control-overlap,missing,LBQCD-D09-overlap-K8/missing,0,update,0,0.0,0,0.0,400,400,0.7485735999944154,400,51200,51200,51200,13107200,0.0,0,0,0,"{""0.2"": 0, ""0.5"": 0, ""1.0"": 0, ""2.0"": 0, ""4.0"": 0}",0.002165404676982896,0.028498575892321614,1.0,0.0693359375,50,0,0
paper-2,paper,2.0,LBQCD-D09-overlap-K8,control-overlap,missing,LBQCD-D09-overlap-K8/missing,1,update,0,0.0,0,0.0,400,400,0.8002844000002369,400,51200,51200,51200,13107200,0.0,0,0,0,"{""0.2"": 0, ""0.5"": 0, ""1.0"": 0, ""2.0"": 0, ""4.0"": 0}",0.001953021689263812,0.046088263306069396,1.0,0.07421875,50,0,0
paper-2,paper,2.0,LBQCD-D09-overlap-K8,control-overlap,missing,LBQCD-D09-overlap-K8/missing,2,update,0,0.0,0,0.0,400,400,0.5905087999999523,400,51200,51200,51200,13107200,0.0,0,0,0,"{""0.2"": 0, ""0.5"": 0, ""1.0"": 0, ""2.0"": 0, ""4.0"": 0}",0.002889804419033415,0.06082288098893106,1.0,0.17578125,50,0,0
paper-4,paper,4.0,LBQCD-D09-overlap-K8,control-overlap,missing,LBQCD-D09-overlap-K8/missing,0,update,0,0.0,0,0.0,400,400,0.6762950999982422,400,51200,51200,51200,13107200,0.0,0,0,0,"{""0.2"": 0, ""0.5"": 0, ""1.0"": 0, ""2.0"": 0, ""4.0"": 0}",0.0028738056957758884,0.032164180072637216,1.0,0.09375,50,0,0
paper-4,paper,4.0,LBQCD-D09-overlap-K8,control-overlap,missing,LBQCD-D09-overlap-K8/missing,1,update,0,0.0,0,0.0,400,400,0.7248855000070762,400,51200,51200,51200,13107200,0.0,0,0,0,"{""0.2"": 0, ""0.5"": 0, ""1.0"": 0, ""2.0"": 0, ""4.0"": 0}",0.007075210288181588,0.07808293625598557,1.0,0.15625,50,0,0
paper-4,paper,4.0,LBQCD-D09-overlap-K8,control-overlap,missing,LBQCD-D09-overlap-K8/missing,2,update,0,0.0,0,0.0,400,400,0.7097041999950306,400,51200,51200,51200,13107200,0.0,0,0,0,"{""0.2"": 0, ""0.5"": 0, ""1.0"": 0, ""2.0"": 0, ""4.0"": 0}",0.005398653747864524,0.07801830675195087,1.0,0.2685546875,50,0,0
qld-v1,qld,0.5,LBQCD-D09-overlap-K8,control-overlap,missing,LBQCD-D09-overlap-K8/missing,0,update,0,0.7,0,0.0,400,400,0.3528859000070952,400,51200,51200,51200,3932160,501760.0,0,0,0,"{""0.2"": 0, ""0.5"": 0, ""1.0"": 0, ""2.0"": 0, ""4.0"": 0}",0.00106182618055084,0.018283110583713506,1.0,0.03515625,50,0,0
qld-v1,qld,0.5,LBQCD-D09-overlap-K8,control-overlap,missing,LBQCD-D09-overlap-K8/missing,1,update,0,0.7,0,0.0,400,400,0.3554770000046119,400,51200,51200,51200,3932160,501760.0,0,0,0,"{""0.2"": 0, ""0.5"": 0, ""1.0"": 0, ""2.0"": 0, ""4.0"": 0}",0.005584840473812025,0.0457068401661821,1.0,0.09375,50,0,0
qld-v1,qld,0.5,LBQCD-D09-overlap-K8,control-overlap,missing,LBQCD-D09-overlap-K8/missing,2,update,0,0.7,0,0.0,400,400,0.3351769000000786,400,51200,51200,51200,3932160,501760.0,0,0,0,"{""0.2"": 0, ""0.5"": 0, ""1.0"": 0, ""2.0"": 0, ""4.0"": 0}",0.000631956243016929,0.020139718607040436,1.0,0.0341796875,50,0,0
rsr-M1024-f0.70-u,rsr,0.5,LBQCD-D09-overlap-K8,control-overlap,missing,LBQCD-D09-overlap-K8/missing,0,update,1024,0.7,0,0.0,400,400,1.221711399994092,4600,588800,302080,302080,3932160,5734400.0,0,0,0,"{""0.2"": 0, ""0.5"": 0, ""1.0"": 0, ""2.0"": 0, ""4.0"": 0}",0.0019953775165423293,0.02999745362379174,1.0,0.0810546875,50,0,0
rsr-M1024-f0.70-u,rsr,0.5,LBQCD-D09-overlap-K8,control-overlap,missing,LBQCD-D09-overlap-K8/missing,1,update,1024,0.7,0,0.0,400,400,1.3348423999996157,4600,588800,302080,302080,3932160,5734400.0,0,0,0,"{""0.2"": 0, ""0.5"": 0, ""1.0"": 0, ""2.0"": 0, ""4.0"": 0}",0.0030878347452709676,0.023405462782815366,1.0,0.08984375,50,0,0
rsr-M1024-f0.70-u,rsr,0.5,LBQCD-D09-overlap-K8,control-overlap,missing,LBQCD-D09-overlap-K8/missing,2,update,1024,0.7,0,0.0,400,400,1.1771008000068832,4600,588800,302080,302080,3932160,5734400.0,0,0,0,"{""0.2"": 0, ""0.5"": 0, ""1.0"": 0, ""2.0"": 0, ""4.0"": 0}",0.00113554003863503,0.023120725601311575,1.0,0.0810546875,50,0,0
nrsr-M1024-f0.70-l0.25-u,nrsr,0.5,LBQCD-D10-contaminated,control-contaminated,concentrated,LBQCD-D10-contaminated/concentrated,0,update,1024,0.7,0,0.25,400,400,1.484514700001455,4600,588800,302080,302080,3932160,5734400.0,0,0,0,"{""0.2"": 0, ""0.5"": 0, ""1.0"": 0, ""2.0"": 0, ""4.0"": 0}",0.012544803189513454,0.16661773195386795,0.9800000000000001,0.10433593750000002,50,0,0
nrsr-M1024-f0.70-l0.25-u,nrsr,0.5,LBQCD-D10-contaminated,control-contaminated,concentrated,LBQCD-D10-contaminated/concentrated,1,update,1024,0.7,0,0.25,400,400,1.4673478000040632,4600,588800,302080,302080,3932160,5734400.0,0,0,0,"{""0.2"": 0, ""0.5"": 0, ""1.0"": 0, ""2.0"": 0, ""4.0"": 0}",0.015848872026038352,0.21907109613738904,0.9800000000000001,0.10949218749999999,50,0,0
nrsr-M1024-f0.70-l0.25-u,nrsr,0.5,LBQCD-D10-contaminated,control-contaminated,concentrated,LBQCD-D10-contaminated/concentrated,2,update,1024,0.7,0,0.25,400,400,1.4966380999976536,4600,588800,302080,302080,3932160,5734400.0,0,0,0,"{""0.2"": 0, ""0.5"": 0, ""1.0"": 0, ""2.0"": 0, ""4.0"": 0}",0.019850664858118927,0.19119524653526043,0.9800000000000001,0.11117187500000002,50,0,0
nrsr-M1024-f0.70-l0.50-u,nrsr,0.5,LBQCD-D10-contaminated,control-contaminated,concentrated,LBQCD-D10-contaminated/concentrated,0,update,1024,0.7,0,0.5,400,400,1.460018300000229,4600,588800,302080,302080,3932160,5734400.0,0,0,0,"{""0.2"": 0, ""0.5"": 0, ""1.0"": 0, ""2.0"": 0, ""4.0"": 0}",0.012546175610202326,0.16609274514892985,0.9800000000000001,0.09847656250000002,50,0,0
nrsr-M1024-f0.70-l0.50-u,nrsr,0.5,LBQCD-D10-contaminated,control-contaminated,concentrated,LBQCD-D10-contaminated/concentrated,1,update,1024,0.7,0,0.5,400,400,1.5369941999961156,4600,588800,302080,302080,3932160,5734400.0,0,0,0,"{""0.2"": 0, ""0.5"": 0, ""1.0"": 0, ""2.0"": 0, ""4.0"": 0}",0.015789125480198063,0.21888947493548105,0.9800000000000001,0.11214843750000002,50,0,0
nrsr-M1024-f0.70-l0.50-u,nrsr,0.5,LBQCD-D10-contaminated,control-contaminated,concentrated,LBQCD-D10-contaminated/concentrated,2,update,1024,0.7,0,0.5,400,400,1.3237298999883933,4600,588800,302080,302080,3932160,5734400.0,0,0,0,"{""0.2"": 0, ""0.5"": 0, ""1.0"": 0, ""2.0"": 0, ""4.0"": 0}",0.020278224269304035,0.19182367814778153,0.9800000000000001,0.10433593750000002,50,0,0
nrsr-M1024-f0.70-l0.75-u,nrsr,0.5,LBQCD-D10-contaminated,control-contaminated,concentrated,LBQCD-D10-contaminated/concentrated,0,update,1024,0.7,0,0.75,400,400,1.5543101000075694,4600,588800,302080,302080,3932160,5734400.0,0,0,0,"{""0.2"": 0, ""0.5"": 0, ""1.0"": 0, ""2.0"": 0, ""4.0"": 0}",0.012617542343626997,0.16691080935950192,0.9800000000000001,0.10042968750000002,50,0,0
nrsr-M1024-f0.70-l0.75-u,nrsr,0.5,LBQCD-D10-contaminated,control-contaminated,concentrated,LBQCD-D10-contaminated/concentrated,1,update,1024,0.7,0,0.75,400,400,1.4651085999939824,4600,588800,302080,302080,3932160,5734400.0,0,0,0,"{""0.2"": 0, ""0.5"": 0, ""1.0"": 0, ""2.0"": 0, ""4.0"": 0}",0.015582985904186497,0.21823584380041647,0.9800000000000001,0.10628906250000002,50,0,0
nrsr-M1024-f0.70-l0.75-u,nrsr,0.5,LBQCD-D10-contaminated,control-contaminated,concentrated,LBQCD-D10-contaminated/concentrated,2,update,1024,0.7,0,0.75,400,400,1.4143312999949558,4600,588800,302080,302080,3932160,5734400.0,0,0,0,"{""0.2"": 0, ""0.5"": 0, ""1.0"": 0, ""2.0"": 0, ""4.0"": 0}",0.020374150555759973,0.19253824410073847,0.9800000000000001,0.10531250000000002,50,0,0
paper-0.2,paper,0.2,LBQCD-D10-contaminated,control-contaminated,concentrated,LBQCD-D10-contaminated/concentrated,0,update,0,0.0,0,0.0,400,400,0.7565754999959609,400,51200,51200,51200,13107200,0.0,0,0,0,"{""0.2"": 0, ""0.5"": 0, ""1.0"": 0, ""2.0"": 0, ""4.0"": 0}",0.014819581304089002,0.16185613619788045,0.9800000000000001,0.08828124999999996,50,0,0
paper-0.2,paper,0.2,LBQCD-D10-contaminated,control-contaminated,concentrated,LBQCD-D10-contaminated/concentrated,1,update,0,0.0,0,0.0,400,400,0.740554100004374,400,51200,51200,51200,13107200,0.0,0,0,0,"{""0.2"": 0, ""0.5"": 0, ""1.0"": 0, ""2.0"": 0, ""4.0"": 0}",0.013803136371892233,0.18939740705824556,0.9800000000000001,0.09750000000000002,50,0,0
paper-0.2,paper,0.2,LBQCD-D10-contaminated,control-contaminated,concentrated,LBQCD-D10-contaminated/concentrated,2,update,0,0.0,0,0.0,400,400,0.6515348000102676,400,51200,51200,51200,13107200,0.0,0,0,0,"{""0.2"": 0, ""0.5"": 0, ""1.0"": 0, ""2.0"": 0, ""4.0"": 0}",0.012323749729467703,0.18090363329030093,0.9800000000000001,0.07976562499999994,50,0,0
paper-0.5,paper,0.5,LBQCD-D10-contaminated,control-contaminated,concentrated,LBQCD-D10-contaminated/concentrated,0,update,0,0.0,0,0.0,400,400,0.6819223999918904,400,51200,51200,51200,13107200,0.0,0,0,0,"{""0.2"": 0, ""0.5"": 0, ""1.0"": 0, ""2.0"": 0, ""4.0"": 0}",0.01516210815581509,0.16867722137402985,0.9800000000000001,0.12023437499999999,50,0,0
paper-0.5,paper,0.5,LBQCD-D10-contaminated,control-contaminated,concentrated,LBQCD-D10-contaminated/concentrated,1,update,0,0.0,0,0.0,400,400,0.5758907999988878,400,51200,51200,51200,13107200,0.0,0,0,0,"{""0.2"": 0, ""0.5"": 0, ""1.0"": 0, ""2.0"": 0, ""4.0"": 0}",0.012504889958837806,0.2011371603863197,0.9800000000000001,0.10488281249999996,50,0,0
paper-0.5,paper,0.5,LBQCD-D10-contaminated,control-contaminated,concentrated,LBQCD-D10-contaminated/concentrated,2,update,0,0.0,0,0.0,400,400,0.6843716000003042,400,51200,51200,51200,13107200,0.0,0,0,0,"{""0.2"": 0, ""0.5"": 0, ""1.0"": 0, ""2.0"": 0, ""4.0"": 0}",0.011964559768321559,0.18127328682271684,0.9800000000000001,0.08410156249999999,50,0,0
paper-1,paper,1.0,LBQCD-D10-contaminated,control-contaminated,concentrated,LBQCD-D10-contaminated/concentrated,0,update,0,0.0,0,0.0,400,400,0.7718213000043761,400,51200,51200,51200,13107200,0.0,0,0,0,"{""0.2"": 0, ""0.5"": 0, ""1.0"": 0, ""2.0"": 0, ""4.0"": 0}",0.016488857895635256,0.1742359279583623,0.9800000000000001,0.11046874999999999,50,0,0
paper-1,paper,1.0,LBQCD-D10-contaminated,control-contaminated,concentrated,LBQCD-D10-contaminated/concentrated,1,update,0,0.0,0,0.0,400,400,0.7258794999943348,400,51200,51200,51200,13107200,0.0,0,0,0,"{""0.2"": 0, ""0.5"": 0, ""1.0"": 0, ""2.0"": 0, ""4.0"": 0}",0.012616314600365275,0.20091998870014124,0.9800000000000001,0.12316406249999999,100,0,0
paper-1,paper,1.0,LBQCD-D10-contaminated,control-contaminated,concentrated,LBQCD-D10-contaminated/concentrated,2,update,0,0.0,0,0.0,400,400,0.8949525999923935,400,51200,51200,51200,13107200,0.0,0,0,0,"{""0.2"": 0, ""0.5"": 0, ""1.0"": 0, ""2.0"": 0, ""4.0"": 0}",0.010641642354891623,0.18199559790200298,0.9800000000000001,0.1251171875,100,0,0
paper-2,paper,2.0,LBQCD-D10-contaminated,control-contaminated,concentrated,LBQCD-D10-contaminated/concentrated,0,update,0,0.0,0,0.0,400,400,0.5829372000007425,400,51200,51200,51200,13107200,0.0,0,0,0,"{""0.2"": 0, ""0.5"": 0, ""1.0"": 0, ""2.0"": 0, ""4.0"": 0}",0.016631728866537188,0.17484645781509375,0.9800000000000001,0.11171874999999996,50,0,0
paper-2,paper,2.0,LBQCD-D10-contaminated,control-contaminated,concentrated,LBQCD-D10-contaminated/concentrated,1,update,0,0.0,0,0.0,400,400,0.6882761000015307,400,51200,51200,51200,13107200,0.0,0,0,0,"{""0.2"": 0, ""0.5"": 0, ""1.0"": 0, ""2.0"": 0, ""4.0"": 0}",0.013999218363816457,0.2009682485182469,0.9800000000000001,0.1329296875,100,0,0
paper-2,paper,2.0,LBQCD-D10-contaminated,control-contaminated,concentrated,LBQCD-D10-contaminated/concentrated,2,update,0,0.0,0,0.0,400,400,0.6240056999959052,400,51200,51200,51200,13107200,0.0,0,0,0,"{""0.2"": 0, ""0.5"": 0, ""1.0"": 0, ""2.0"": 0, ""4.0"": 0}",0.009582746440529366,0.18729564552502698,0.9800000000000001,0.155390625,100,0,0
paper-4,paper,4.0,LBQCD-D10-contaminated,control-contaminated,concentrated,LBQCD-D10-contaminated/concentrated,0,update,0,0.0,0,0.0,400,400,0.6397676000051433,400,51200,51200,51200,13107200,0.0,0,0,0,"{""0.2"": 0, ""0.5"": 0, ""1.0"": 0, ""2.0"": 0, ""4.0"": 0}",0.019277608021956993,0.18438002469801887,0.9800000000000001,0.11925781249999999,50,0,0
paper-4,paper,4.0,LBQCD-D10-contaminated,control-contaminated,concentrated,LBQCD-D10-contaminated/concentrated,1,update,0,0.0,0,0.0,400,400,0.7592709000018658,400,51200,51200,51200,13107200,0.0,0,0,0,"{""0.2"": 0, ""0.5"": 0, ""1.0"": 0, ""2.0"": 0, ""4.0"": 0}",0.018371092914952314,0.1994823783920629,0.9800000000000001,0.1505078125,150,0,0
paper-4,paper,4.0,LBQCD-D10-contaminated,control-contaminated,concentrated,LBQCD-D10-contaminated/concentrated,2,update,0,0.0,0,0.0,400,400,0.7419618999992963,400,51200,51200,51200,13107200,0.0,0,0,0,"{""0.2"": 0, ""0.5"": 0, ""1.0"": 0, ""2.0"": 0, ""4.0"": 0}",0.00857109409670409,0.18573480586025046,0.9800000000000001,0.14046875000000003,100,0,0
qld-v1,qld,0.5,LBQCD-D10-contaminated,control-contaminated,concentrated,LBQCD-D10-contaminated/concentrated,0,update,0,0.7,0,0.0,400,400,0.36604520000400953,400,51200,51200,51200,3932160,501760.0,0,0,0,"{""0.2"": 0, ""0.5"": 0, ""1.0"": 0, ""2.0"": 0, ""4.0"": 0}",0.01290574501348285,0.16048156207140993,0.9800000000000001,0.08996093749999999,50,0,0
qld-v1,qld,0.5,LBQCD-D10-contaminated,control-contaminated,concentrated,LBQCD-D10-contaminated/concentrated,1,update,0,0.7,0,0.0,400,400,0.34538480000628624,400,51200,51200,51200,3932160,501760.0,0,0,0,"{""0.2"": 0, ""0.5"": 0, ""1.0"": 0, ""2.0"": 0, ""4.0"": 0}",0.01315324857821265,0.20028033341793625,0.9800000000000001,0.1534375,50,0,0
qld-v1,qld,0.5,LBQCD-D10-contaminated,control-contaminated,concentrated,LBQCD-D10-contaminated/concentrated,2,update,0,0.7,0,0.0,400,400,0.358071700000437,400,51200,51200,51200,3932160,501760.0,0,0,0,"{""0.2"": 0, ""0.5"": 0, ""1.0"": 0, ""2.0"": 0, ""4.0"": 0}",0.019194983761382955,0.19374716087076993,0.9800000000000001,0.07308593750000002,50,0,0
rsr-M1024-f0.70-u,rsr,0.5,LBQCD-D10-contaminated,control-contaminated,concentrated,LBQCD-D10-contaminated/concentrated,0,update,1024,0.7,0,0.0,400,400,1.330316400009906,4600,588800,302080,302080,3932160,5734400.0,0,0,0,"{""0.2"": 0, ""0.5"": 0, ""1.0"": 0, ""2.0"": 0, ""4.0"": 0}",0.01262172769610892,0.16744020074754562,0.9800000000000001,0.09484374999999999,50,0,0
rsr-M1024-f0.70-u,rsr,0.5,LBQCD-D10-contaminated,control-contaminated,concentrated,LBQCD-D10-contaminated/concentrated,1,update,1024,0.7,0,0.0,400,400,1.260610400000587,4600,588800,302080,302080,3932160,5734400.0,0,0,0,"{""0.2"": 0, ""0.5"": 0, ""1.0"": 0, ""2.0"": 0, ""4.0"": 0}",0.015968474284336676,0.21981178423800207,0.9800000000000001,0.11046874999999999,50,0,0
rsr-M1024-f0.70-u,rsr,0.5,LBQCD-D10-contaminated,control-contaminated,concentrated,LBQCD-D10-contaminated/concentrated,2,update,1024,0.7,0,0.0,400,400,1.3107602999953087,4600,588800,302080,302080,3932160,5734400.0,0,0,0,"{""0.2"": 0, ""0.5"": 0, ""1.0"": 0, ""2.0"": 0, ""4.0"": 0}",0.019837243372584856,0.19085592966601986,0.9800000000000001,0.10531250000000002,50,0,0
nrsr-M1024-f0.70-l0.25-u,nrsr,0.5,LBQCD-D10-contaminated,control-contaminated,missing,LBQCD-D10-contaminated/missing,0,update,1024,0.7,0,0.25,400,400,1.4942085000075167,4600,588800,302080,302080,3932160,5734400.0,0,0,0,"{""0.2"": 0, ""0.5"": 0, ""1.0"": 0, ""2.0"": 0, ""4.0"": 0}",0.02564434288873163,0.18480603541194174,0.9800000000000001,0.09847656250000002,50,0,0
nrsr-M1024-f0.70-l0.25-u,nrsr,0.5,LBQCD-D10-contaminated,control-contaminated,missing,LBQCD-D10-contaminated/missing,1,update,1024,0.7,0,0.25,400,400,1.5322775000095135,4600,588800,302080,302080,3932160,5734400.0,0,0,0,"{""0.2"": 0, ""0.5"": 0, ""1.0"": 0, ""2.0"": 0, ""4.0"": 0}",0.015559147793968942,0.18945021521809974,0.9800000000000001,0.07531249999999999,100,0,0
nrsr-M1024-f0.70-l0.25-u,nrsr,0.5,LBQCD-D10-contaminated,control-contaminated,missing,LBQCD-D10-contaminated/missing,2,update,1024,0.7,0,0.25,400,400,1.5979900999955134,4600,588800,302080,302080,3932160,5734400.0,0,0,0,"{""0.2"": 0, ""0.5"": 0, ""1.0"": 0, ""2.0"": 0, ""4.0"": 0}",0.01509581801733062,0.17106750173424526,0.9800000000000001,0.10433593750000002,100,0,0
nrsr-M1024-f0.70-l0.50-u,nrsr,0.5,LBQCD-D10-contaminated,control-contaminated,missing,LBQCD-D10-contaminated/missing,0,update,1024,0.7,0,0.5,400,400,1.5659702000120888,4600,588800,302080,302080,3932160,5734400.0,0,0,0,"{""0.2"": 0, ""0.5"": 0, ""1.0"": 0, ""2.0"": 0, ""4.0"": 0}",0.02375521916256762,0.1809529661581721,0.9800000000000001,0.10628906250000002,50,0,0
nrsr-M1024-f0.70-l0.50-u,nrsr,0.5,LBQCD-D10-contaminated,control-contaminated,missing,LBQCD-D10-contaminated/missing,1,update,1024,0.7,0,0.5,400,400,1.528677800000878,4600,588800,302080,302080,3932160,5734400.0,0,0,0,"{""0.2"": 0, ""0.5"": 0, ""1.0"": 0, ""2.0"": 0, ""4.0"": 0}",0.015231962583572178,0.1895671113344462,0.9800000000000001,0.06945312499999999,100,0,0
nrsr-M1024-f0.70-l0.50-u,nrsr,0.5,LBQCD-D10-contaminated,control-contaminated,missing,LBQCD-D10-contaminated/missing,2,update,1024,0.7,0,0.5,400,400,1.5541006999992533,4600,588800,302080,302080,3932160,5734400.0,0,0,0,"{""0.2"": 0, ""0.5"": 0, ""1.0"": 0, ""2.0"": 0, ""4.0"": 0}",0.015109852275978497,0.17076226485530394,0.9800000000000001,0.10628906250000002,100,0,0
nrsr-M1024-f0.70-l0.75-u,nrsr,0.5,LBQCD-D10-contaminated,control-contaminated,missing,LBQCD-D10-contaminated/missing,0,update,1024,0.7,0,0.75,400,400,1.5008070999901975,4600,588800,302080,302080,3932160,5734400.0,0,0,0,"{""0.2"": 0, ""0.5"": 0, ""1.0"": 0, ""2.0"": 0, ""4.0"": 0}",0.024008719715364002,0.18032166306314815,0.9800000000000001,0.10363281249999999,50,0,0
nrsr-M1024-f0.70-l0.75-u,nrsr,0.5,LBQCD-D10-contaminated,control-contaminated,missing,LBQCD-D10-contaminated/missing,1,update,1024,0.7,0,0.75,400,400,1.444689500000095,4600,588800,302080,302080,3932160,5734400.0,0,0,0,"{""0.2"": 0, ""0.5"": 0, ""1.0"": 0, ""2.0"": 0, ""4.0"": 0}",0.013220477047159562,0.18851164087313854,0.9800000000000001,0.053124999999999964,100,0,0
nrsr-M1024-f0.70-l0.75-u,nrsr,0.5,LBQCD-D10-contaminated,control-contaminated,missing,LBQCD-D10-contaminated/missing,2,update,1024,0.7,0,0.75,400,400,1.4988518999889493,4600,588800,302080,302080,3932160,5734400.0,0,0,0,"{""0.2"": 0, ""0.5"": 0, ""1.0"": 0, ""2.0"": 0, ""4.0"": 0}",0.015559024034847102,0.16963963615503078,0.9800000000000001,0.10460937499999999,100,0,0
paper-0.2,paper,0.2,LBQCD-D10-contaminated,control-contaminated,missing,LBQCD-D10-contaminated/missing,0,update,0,0.0,0,0.0,400,400,0.7319905000040308,400,51200,51200,51200,13107200,0.0,0,0,0,"{""0.2"": 0, ""0.5"": 0, ""1.0"": 0, ""2.0"": 0, ""4.0"": 0}",0.018975892637731473,0.16119744433806568,0.9800000000000001,0.10265624999999999,50,0,0
paper-0.2,paper,0.2,LBQCD-D10-contaminated,control-contaminated,missing,LBQCD-D10-contaminated/missing,1,update,0,0.0,0,0.0,400,400,0.7406707000045571,400,51200,51200,51200,13107200,0.0,0,0,0,"{""0.2"": 0, ""0.5"": 0, ""1.0"": 0, ""2.0"": 0, ""4.0"": 0}",0.015947970908869902,0.1925754515970362,0.9800000000000001,0.11214843750000002,50,0,0
paper-0.2,paper,0.2,LBQCD-D10-contaminated,control-contaminated,missing,LBQCD-D10-contaminated/missing,2,update,0,0.0,0,0.0,400,400,1.0073092999955406,400,51200,51200,51200,13107200,0.0,0,0,0,"{""0.2"": 0, ""0.5"": 0, ""1.0"": 0, ""2.0"": 0, ""4.0"": 0}",0.009928117264507819,0.1564209024339968,0.9800000000000001,0.06039062500000002,50,0,0
paper-0.5,paper,0.5,LBQCD-D10-contaminated,control-contaminated,missing,LBQCD-D10-contaminated/missing,0,update,0,0.0,0,0.0,400,400,0.8400716000032844,400,51200,51200,51200,13107200,0.0,0,0,0,"{""0.2"": 0, ""0.5"": 0, ""1.0"": 0, ""2.0"": 0, ""4.0"": 0}",0.015695555398877126,0.16846785570799058,0.9800000000000001,0.14242187500000003,50,0,0
paper-0.5,paper,0.5,LBQCD-D10-contaminated,control-contaminated,missing,LBQCD-D10-contaminated/missing,1,update,0,0.0,0,0.0,400,400,0.6421558000001824,400,51200,51200,51200,13107200,0.0,0,0,0,"{""0.2"": 0, ""0.5"": 0, ""1.0"": 0, ""2.0"": 0, ""4.0"": 0}",0.025651164566943274,0.15959988878275047,0.9800000000000001,0.09484374999999999,100,0,0
paper-0.5,paper,0.5,LBQCD-D10-contaminated,control-contaminated,missing,LBQCD-D10-contaminated/missing,2,update,0,0.0,0,0.0,400,400,0.6844629999977769,400,51200,51200,51200,13107200,0.0,0,0,0,"{""0.2"": 0, ""0.5"": 0, ""1.0"": 0, ""2.0"": 0, ""4.0"": 0}",0.011360074178859758,0.16778880742165087,0.9800000000000001,0.10042968750000002,50,0,0
paper-1,paper,1.0,LBQCD-D10-contaminated,control-contaminated,missing,LBQCD-D10-contaminated/missing,0,update,0,0.0,0,0.0,400,400,0.7809994999988703,400,51200,51200,51200,13107200,0.0,0,0,0,"{""0.2"": 0, ""0.5"": 0, ""1.0"": 0, ""2.0"": 0, ""4.0"": 0}",0.02634071105334579,0.17189612997203374,0.9800000000000001,0.12023437499999999,50,0,0
paper-1,paper,1.0,LBQCD-D10-contaminated,control-contaminated,missing,LBQCD-D10-contaminated/missing,1,update,0,0.0,0,0.0,400,400,0.7804873999994015,400,51200,51200,51200,13107200,0.0,0,0,0,"{""0.2"": 0, ""0.5"": 0, ""1.0"": 0, ""2.0"": 0, ""4.0"": 0}",0.02220511193864705,0.15368139505172457,0.9800000000000001,0.09804687499999996,150,0,0
paper-1,paper,1.0,LBQCD-D10-contaminated,control-contaminated,missing,LBQCD-D10-contaminated/missing,2,update,0,0.0,0,0.0,400,400,0.9507940000039525,400,51200,51200,51200,13107200,0.0,0,0,0,"{""0.2"": 0, ""0.5"": 0, ""1.0"": 0, ""2.0"": 0, ""4.0"": 0}",0.010770154877588256,0.1803602613025023,0.9800000000000001,0.11410156250000002,100,0,0
paper-2,paper,2.0,LBQCD-D10-contaminated,control-contaminated,missing,LBQCD-D10-contaminated/missing,0,update,0,0.0,0,0.0,400,400,0.7909285999921849,400,51200,51200,51200,13107200,0.0,0,0,0,"{""0.2"": 0, ""0.5"": 0, ""1.0"": 0, ""2.0"": 0, ""4.0"": 0}",0.033619301921862466,0.18797541061635656,0.9800000000000001,0.11019531250000002,50,0,0
paper-2,paper,2.0,LBQCD-D10-contaminated,control-contaminated,missing,LBQCD-D10-contaminated/missing,1,update,0,0.0,0,0.0,400,400,0.9746618999924976,400,51200,51200,51200,13107200,0.0,0,0,0,"{""0.2"": 0, ""0.5"": 0, ""1.0"": 0, ""2.0"": 0, ""4.0"": 0}",0.023952365858892488,0.1631711479449959,0.9800000000000001,0.11730468749999999,150,0,0
paper-2,paper,2.0,LBQCD-D10-contaminated,control-contaminated,missing,LBQCD-D10-contaminated/missing,2,update,0,0.0,0,0.0,400,400,0.5618784999969648,400,51200,51200,51200,13107200,0.0,0,0,0,"{""0.2"": 0, ""0.5"": 0, ""1.0"": 0, ""2.0"": 0, ""4.0"": 0}",0.015613762539980813,0.2332274714181873,0.9800000000000001,0.15386718750000006,100,0,0
paper-4,paper,4.0,LBQCD-D10-contaminated,control-contaminated,missing,LBQCD-D10-contaminated/missing,0,update,0,0.0,0,0.0,400,400,0.754339399994933,400,51200,51200,51200,13107200,0.0,0,0,0,"{""0.2"": 0, ""0.5"": 0, ""1.0"": 0, ""2.0"": 0, ""4.0"": 0}",0.041068603898498424,0.20828871164952806,0.9800000000000001,0.1387890625,50,0,0
paper-4,paper,4.0,LBQCD-D10-contaminated,control-contaminated,missing,LBQCD-D10-contaminated/missing,1,update,0,0.0,0,0.0,400,400,0.7471495000063442,400,51200,51200,51200,13107200,0.0,0,0,0,"{""0.2"": 0, ""0.5"": 0, ""1.0"": 0, ""2.0"": 0, ""4.0"": 0}",0.018611094336893785,0.1868783202455594,0.9800000000000001,0.13027343749999998,100,0,0
paper-4,paper,4.0,LBQCD-D10-contaminated,control-contaminated,missing,LBQCD-D10-contaminated/missing,2,update,0,0.0,0,0.0,400,400,0.7237356999976328,400,51200,51200,51200,13107200,0.0,0,0,0,"{""0.2"": 0, ""0.5"": 0, ""1.0"": 0, ""2.0"": 0, ""4.0"": 0}",0.02793398659050106,0.2502037488322017,0.9800000000000001,0.23910156250000003,100,0,0
qld-v1,qld,0.5,LBQCD-D10-contaminated,control-contaminated,missing,LBQCD-D10-contaminated/missing,0,update,0,0.7,0,0.0,400,400,0.3781362000008812,400,51200,51200,51200,3932160,501760.0,0,0,0,"{""0.2"": 0, ""0.5"": 0, ""1.0"": 0, ""2.0"": 0, ""4.0"": 0}",0.021487618221360805,0.17676063436087625,0.9800000000000001,0.08410156249999999,50,0,0
qld-v1,qld,0.5,LBQCD-D10-contaminated,control-contaminated,missing,LBQCD-D10-contaminated/missing,1,update,0,0.7,0,0.0,400,400,0.3708885999949416,400,51200,51200,51200,3932160,501760.0,0,0,0,"{""0.2"": 0, ""0.5"": 0, ""1.0"": 0, ""2.0"": 0, ""4.0"": 0}",0.027386826360647376,0.16133023895577517,0.9800000000000001,0.08214843749999999,100,0,0
qld-v1,qld,0.5,LBQCD-D10-contaminated,control-contaminated,missing,LBQCD-D10-contaminated/missing,2,update,0,0.7,0,0.0,400,400,0.3663957999960985,400,51200,51200,51200,3932160,501760.0,0,0,0,"{""0.2"": 0, ""0.5"": 0, ""1.0"": 0, ""2.0"": 0, ""4.0"": 0}",0.015569268030477978,0.17135679415516505,0.9800000000000001,0.10656249999999999,100,0,0
rsr-M1024-f0.70-u,rsr,0.5,LBQCD-D10-contaminated,control-contaminated,missing,LBQCD-D10-contaminated/missing,0,update,1024,0.7,0,0.0,400,400,1.2624184000014793,4600,588800,302080,302080,3932160,5734400.0,0,0,0,"{""0.2"": 0, ""0.5"": 0, ""1.0"": 0, ""2.0"": 0, ""4.0"": 0}",0.02965732319865344,0.1925903152416841,0.9800000000000001,0.12093750000000002,50,0,0
rsr-M1024-f0.70-u,rsr,0.5,LBQCD-D10-contaminated,control-contaminated,missing,LBQCD-D10-contaminated/missing,1,update,1024,0.7,0,0.0,400,400,1.342366700002458,4600,588800,302080,302080,3932160,5734400.0,0,0,0,"{""0.2"": 0, ""0.5"": 0, ""1.0"": 0, ""2.0"": 0, ""4.0"": 0}",0.016593083153350285,0.1882733106419307,0.9800000000000001,0.07335937499999999,100,0,0
rsr-M1024-f0.70-u,rsr,0.5,LBQCD-D10-contaminated,control-contaminated,missing,LBQCD-D10-contaminated/missing,2,update,1024,0.7,0,0.0,400,400,1.2322209999983897,4600,588800,302080,302080,3932160,5734400.0,0,0,0,"{""0.2"": 0, ""0.5"": 0, ""1.0"": 0, ""2.0"": 0, ""4.0"": 0}",0.015414650092742566,0.17027223216603538,0.9800000000000001,0.10335937500000002,100,0,0
nrsr-M1024-f0.70-l0.25-u,nrsr,0.5,LBQCD-D11-heavy-t5,control-heavy-tail,concentrated,LBQCD-D11-heavy-t5/concentrated,0,update,1024,0.7,0,0.25,400,400,1.4677713999990374,4600,588800,302080,302080,3932160,5734400.0,0,0,0,"{""0.2"": 0, ""0.5"": 0, ""1.0"": 0, ""2.0"": 0, ""4.0"": 0}",0.009679829162467124,0.06130765052849709,1.0,0.0,1,0,0
nrsr-M1024-f0.70-l0.25-u,nrsr,0.5,LBQCD-D11-heavy-t5,control-heavy-tail,concentrated,LBQCD-D11-heavy-t5/concentrated,1,update,1024,0.7,0,0.25,400,400,1.6004554999963148,4600,588800,302080,302080,3932160,5734400.0,0,0,0,"{""0.2"": 0, ""0.5"": 0, ""1.0"": 0, ""2.0"": 0, ""4.0"": 0}",0.004557270242111944,0.0702771451541052,1.0,0.0,1,0,0
nrsr-M1024-f0.70-l0.25-u,nrsr,0.5,LBQCD-D11-heavy-t5,control-heavy-tail,concentrated,LBQCD-D11-heavy-t5/concentrated,2,update,1024,0.7,0,0.25,400,400,1.5485594999918249,4600,588800,302080,302080,3932160,5734400.0,0,0,0,"{""0.2"": 0, ""0.5"": 0, ""1.0"": 0, ""2.0"": 0, ""4.0"": 0}",0.007276764237849731,0.04598857169112496,1.0,0.0,1,0,0
nrsr-M1024-f0.70-l0.50-u,nrsr,0.5,LBQCD-D11-heavy-t5,control-heavy-tail,concentrated,LBQCD-D11-heavy-t5/concentrated,0,update,1024,0.7,0,0.5,400,400,1.4616744000086328,4600,588800,302080,302080,3932160,5734400.0,0,0,0,"{""0.2"": 0, ""0.5"": 0, ""1.0"": 0, ""2.0"": 0, ""4.0"": 0}",0.011723488090893852,0.050563414470306586,1.0,0.0,1,0,0
nrsr-M1024-f0.70-l0.50-u,nrsr,0.5,LBQCD-D11-heavy-t5,control-heavy-tail,concentrated,LBQCD-D11-heavy-t5/concentrated,1,update,1024,0.7,0,0.5,400,400,1.5402907999960007,4600,588800,302080,302080,3932160,5734400.0,0,0,0,"{""0.2"": 0, ""0.5"": 0, ""1.0"": 0, ""2.0"": 0, ""4.0"": 0}",0.0046813339706872625,0.06947675139795559,1.0,0.0,1,0,0
nrsr-M1024-f0.70-l0.50-u,nrsr,0.5,LBQCD-D11-heavy-t5,control-heavy-tail,concentrated,LBQCD-D11-heavy-t5/concentrated,2,update,1024,0.7,0,0.5,400,400,1.4483424999925774,4600,588800,302080,302080,3932160,5734400.0,0,0,0,"{""0.2"": 0, ""0.5"": 0, ""1.0"": 0, ""2.0"": 0, ""4.0"": 0}",0.007258546057211657,0.04498419953789822,1.0,0.0,1,0,0
nrsr-M1024-f0.70-l0.75-u,nrsr,0.5,LBQCD-D11-heavy-t5,control-heavy-tail,concentrated,LBQCD-D11-heavy-t5/concentrated,0,update,1024,0.7,0,0.75,400,400,1.4509892999922158,4600,588800,302080,302080,3932160,5734400.0,0,0,0,"{""0.2"": 0, ""0.5"": 0, ""1.0"": 0, ""2.0"": 0, ""4.0"": 0}",0.016680133116715234,0.04631244598031991,1.0,0.0,1,0,0
nrsr-M1024-f0.70-l0.75-u,nrsr,0.5,LBQCD-D11-heavy-t5,control-heavy-tail,concentrated,LBQCD-D11-heavy-t5/concentrated,1,update,1024,0.7,0,0.75,400,400,1.5575391000020318,4600,588800,302080,302080,3932160,5734400.0,0,0,0,"{""0.2"": 0, ""0.5"": 0, ""1.0"": 0, ""2.0"": 0, ""4.0"": 0}",0.004546311865680996,0.06432684116931202,1.0,0.0,1,0,0
nrsr-M1024-f0.70-l0.75-u,nrsr,0.5,LBQCD-D11-heavy-t5,control-heavy-tail,concentrated,LBQCD-D11-heavy-t5/concentrated,2,update,1024,0.7,0,0.75,400,400,1.3881693000002997,4600,588800,302080,302080,3932160,5734400.0,0,0,0,"{""0.2"": 0, ""0.5"": 0, ""1.0"": 0, ""2.0"": 0, ""4.0"": 0}",0.0072258419449588995,0.045268164406359446,1.0,0.0,1,0,0
paper-0.2,paper,0.2,LBQCD-D11-heavy-t5,control-heavy-tail,concentrated,LBQCD-D11-heavy-t5/concentrated,0,update,0,0.0,0,0.0,400,400,0.6783065000054194,400,51200,51200,51200,13107200,0.0,0,0,0,"{""0.2"": 0, ""0.5"": 0, ""1.0"": 0, ""2.0"": 0, ""4.0"": 0}",0.018595852609591956,0.054756326498591565,1.0,0.0,1,0,0
paper-0.2,paper,0.2,LBQCD-D11-heavy-t5,control-heavy-tail,concentrated,LBQCD-D11-heavy-t5/concentrated,1,update,0,0.0,0,0.0,400,400,0.6776894000067841,400,51200,51200,51200,13107200,0.0,0,0,0,"{""0.2"": 0, ""0.5"": 0, ""1.0"": 0, ""2.0"": 0, ""4.0"": 0}",0.010222540807300007,0.11822132038957883,1.0,0.0,1,0,0
paper-0.2,paper,0.2,LBQCD-D11-heavy-t5,control-heavy-tail,concentrated,LBQCD-D11-heavy-t5/concentrated,2,update,0,0.0,0,0.0,400,400,0.9539672000100836,400,51200,51200,51200,13107200,0.0,0,0,0,"{""0.2"": 0, ""0.5"": 0, ""1.0"": 0, ""2.0"": 0, ""4.0"": 0}",0.0059658043534276395,0.04244822333459276,1.0,0.0,1,0,0
paper-0.5,paper,0.5,LBQCD-D11-heavy-t5,control-heavy-tail,concentrated,LBQCD-D11-heavy-t5/concentrated,0,update,0,0.0,0,0.0,400,400,0.6337691999942763,400,51200,51200,51200,13107200,0.0,0,0,0,"{""0.2"": 0, ""0.5"": 0, ""1.0"": 0, ""2.0"": 0, ""4.0"": 0}",0.019586630782462366,0.12718393312213355,1.0,0.0,1,0,0
paper-0.5,paper,0.5,LBQCD-D11-heavy-t5,control-heavy-tail,concentrated,LBQCD-D11-heavy-t5/concentrated,1,update,0,0.0,0,0.0,400,400,0.7237500999908661,400,51200,51200,51200,13107200,0.0,0,0,0,"{""0.2"": 0, ""0.5"": 0, ""1.0"": 0, ""2.0"": 0, ""4.0"": 0}",0.007734372153204827,0.08910888197682619,1.0,0.0,1,0,0
paper-0.5,paper,0.5,LBQCD-D11-heavy-t5,control-heavy-tail,concentrated,LBQCD-D11-heavy-t5/concentrated,2,update,0,0.0,0,0.0,400,400,0.7164542999962578,400,51200,51200,51200,13107200,0.0,0,0,0,"{""0.2"": 0, ""0.5"": 0, ""1.0"": 0, ""2.0"": 0, ""4.0"": 0}",0.006745702797690489,0.05294498813040822,1.0,0.0,1,0,0
paper-1,paper,1.0,LBQCD-D11-heavy-t5,control-heavy-tail,concentrated,LBQCD-D11-heavy-t5/concentrated,0,update,0,0.0,0,0.0,400,400,0.5369661000004271,400,51200,51200,51200,13107200,0.0,0,0,0,"{""0.2"": 0, ""0.5"": 0, ""1.0"": 0, ""2.0"": 0, ""4.0"": 0}",0.019713353228908215,0.1370357801722529,1.0,0.0,1,0,0
paper-1,paper,1.0,LBQCD-D11-heavy-t5,control-heavy-tail,concentrated,LBQCD-D11-heavy-t5/concentrated,1,update,0,0.0,0,0.0,400,400,0.6665657999983523,400,51200,51200,51200,13107200,0.0,0,0,0,"{""0.2"": 0, ""0.5"": 0, ""1.0"": 0, ""2.0"": 0, ""4.0"": 0}",0.009350332527435778,0.12195491920764161,1.0,0.0,1,0,0
paper-1,paper,1.0,LBQCD-D11-heavy-t5,control-heavy-tail,concentrated,LBQCD-D11-heavy-t5/concentrated,2,update,0,0.0,0,0.0,400,400,0.6054327000019839,400,51200,51200,51200,13107200,0.0,0,0,0,"{""0.2"": 0, ""0.5"": 0, ""1.0"": 0, ""2.0"": 0, ""4.0"": 0}",0.00594618265558422,0.10415910340927967,1.0,0.0,1,0,0
paper-2,paper,2.0,LBQCD-D11-heavy-t5,control-heavy-tail,concentrated,LBQCD-D11-heavy-t5/concentrated,0,update,0,0.0,0,0.0,400,400,0.9661487999983365,400,51200,51200,51200,13107200,0.0,0,0,0,"{""0.2"": 0, ""0.5"": 0, ""1.0"": 0, ""2.0"": 0, ""4.0"": 0}",0.019320927266459176,0.1268425478785988,1.0,0.0,1,0,0
paper-2,paper,2.0,LBQCD-D11-heavy-t5,control-heavy-tail,concentrated,LBQCD-D11-heavy-t5/concentrated,1,update,0,0.0,0,0.0,400,400,0.8035841999953846,400,51200,51200,51200,13107200,0.0,0,0,0,"{""0.2"": 0, ""0.5"": 0, ""1.0"": 0, ""2.0"": 0, ""4.0"": 0}",0.006467127759599123,0.08256998949240486,1.0,0.0,1,0,0
paper-2,paper,2.0,LBQCD-D11-heavy-t5,control-heavy-tail,concentrated,LBQCD-D11-heavy-t5/concentrated,2,update,0,0.0,0,0.0,400,400,0.6424001999985194,400,51200,51200,51200,13107200,0.0,0,0,0,"{""0.2"": 0, ""0.5"": 0, ""1.0"": 0, ""2.0"": 0, ""4.0"": 0}",0.00879599390058261,0.12952568512986437,1.0,0.0,1,0,0
paper-4,paper,4.0,LBQCD-D11-heavy-t5,control-heavy-tail,concentrated,LBQCD-D11-heavy-t5/concentrated,0,update,0,0.0,0,0.0,400,400,0.46446600000490434,400,51200,51200,51200,13107200,0.0,0,0,0,"{""0.2"": 0, ""0.5"": 0, ""1.0"": 0, ""2.0"": 0, ""4.0"": 0}",0.018503144417332917,0.09522806053674372,1.0,0.0,1,0,0
paper-4,paper,4.0,LBQCD-D11-heavy-t5,control-heavy-tail,concentrated,LBQCD-D11-heavy-t5/concentrated,1,update,0,0.0,0,0.0,400,400,0.6366038999985904,400,51200,51200,51200,13107200,0.0,0,0,0,"{""0.2"": 0, ""0.5"": 0, ""1.0"": 0, ""2.0"": 0, ""4.0"": 0}",0.014809332669195152,0.14346429263242547,1.0,0.0,1,0,0
paper-4,paper,4.0,LBQCD-D11-heavy-t5,control-heavy-tail,concentrated,LBQCD-D11-heavy-t5/concentrated,2,update,0,0.0,0,0.0,400,400,0.7036841999943135,400,51200,51200,51200,13107200,0.0,0,0,0,"{""0.2"": 0, ""0.5"": 0, ""1.0"": 0, ""2.0"": 0, ""4.0"": 0}",0.0294959166148141,0.2494940735814767,1.0,0.0,1,0,0
qld-v1,qld,0.5,LBQCD-D11-heavy-t5,control-heavy-tail,concentrated,LBQCD-D11-heavy-t5/concentrated,0,update,0,0.7,0,0.0,400,400,0.315270099992631,400,51200,51200,51200,3932160,501760.0,0,0,0,"{""0.2"": 0, ""0.5"": 0, ""1.0"": 0, ""2.0"": 0, ""4.0"": 0}",0.014203402425411626,0.051385957243246565,1.0,0.0,1,0,0
qld-v1,qld,0.5,LBQCD-D11-heavy-t5,control-heavy-tail,concentrated,LBQCD-D11-heavy-t5/concentrated,1,update,0,0.7,0,0.0,400,400,0.2634027000021888,400,51200,51200,51200,3932160,501760.0,0,0,0,"{""0.2"": 0, ""0.5"": 0, ""1.0"": 0, ""2.0"": 0, ""4.0"": 0}",0.003115772906914005,0.058144775076870166,1.0,0.0,1,0,0
qld-v1,qld,0.5,LBQCD-D11-heavy-t5,control-heavy-tail,concentrated,LBQCD-D11-heavy-t5/concentrated,2,update,0,0.7,0,0.0,400,400,0.29112029999669176,400,51200,51200,51200,3932160,501760.0,0,0,0,"{""0.2"": 0, ""0.5"": 0, ""1.0"": 0, ""2.0"": 0, ""4.0"": 0}",0.006478972277704553,0.03692697885740817,1.0,0.0,1,0,0
rsr-M1024-f0.70-u,rsr,0.5,LBQCD-D11-heavy-t5,control-heavy-tail,concentrated,LBQCD-D11-heavy-t5/concentrated,0,update,1024,0.7,0,0.0,400,400,1.2091361999919172,4600,588800,302080,302080,3932160,5734400.0,0,0,0,"{""0.2"": 0, ""0.5"": 0, ""1.0"": 0, ""2.0"": 0, ""4.0"": 0}",0.018173607209895914,0.04489148027592443,1.0,0.0,1,0,0
rsr-M1024-f0.70-u,rsr,0.5,LBQCD-D11-heavy-t5,control-heavy-tail,concentrated,LBQCD-D11-heavy-t5/concentrated,1,update,1024,0.7,0,0.0,400,400,1.224727000007988,4600,588800,302080,302080,3932160,5734400.0,0,0,0,"{""0.2"": 0, ""0.5"": 0, ""1.0"": 0, ""2.0"": 0, ""4.0"": 0}",0.004330550234716846,0.07043062858153311,1.0,0.0,1,0,0
rsr-M1024-f0.70-u,rsr,0.5,LBQCD-D11-heavy-t5,control-heavy-tail,concentrated,LBQCD-D11-heavy-t5/concentrated,2,update,1024,0.7,0,0.0,400,400,1.2415965999971377,4600,588800,302080,302080,3932160,5734400.0,0,0,0,"{""0.2"": 0, ""0.5"": 0, ""1.0"": 0, ""2.0"": 0, ""4.0"": 0}",0.007347322974961656,0.04612459985608303,1.0,0.0,1,0,0
nrsr-M1024-f0.70-l0.25-u,nrsr,0.5,LBQCD-D11-heavy-t5,control-heavy-tail,missing,LBQCD-D11-heavy-t5/missing,0,update,1024,0.7,0,0.25,400,400,1.6346950000006473,4600,588800,302080,302080,3932160,5734400.0,0,0,0,"{""0.2"": 0, ""0.5"": 0, ""1.0"": 0, ""2.0"": 0, ""4.0"": 0}",0.006737896172018365,0.04835730206040065,1.0,0.0,1,0,0
nrsr-M1024-f0.70-l0.25-u,nrsr,0.5,LBQCD-D11-heavy-t5,control-heavy-tail,missing,LBQCD-D11-heavy-t5/missing,1,update,1024,0.7,0,0.25,400,400,1.6390710999985458,4600,588800,302080,302080,3932160,5734400.0,0,0,0,"{""0.2"": 0, ""0.5"": 0, ""1.0"": 0, ""2.0"": 0, ""4.0"": 0}",0.0015781967623316184,0.03710773620993582,1.0,0.0,1,0,0
nrsr-M1024-f0.70-l0.25-u,nrsr,0.5,LBQCD-D11-heavy-t5,control-heavy-tail,missing,LBQCD-D11-heavy-t5/missing,2,update,1024,0.7,0,0.25,400,400,1.4179291000036756,4600,588800,302080,302080,3932160,5734400.0,0,0,0,"{""0.2"": 0, ""0.5"": 0, ""1.0"": 0, ""2.0"": 0, ""4.0"": 0}",0.010549192676442054,0.07611736988739931,1.0,0.0,1,0,0
nrsr-M1024-f0.70-l0.50-u,nrsr,0.5,LBQCD-D11-heavy-t5,control-heavy-tail,missing,LBQCD-D11-heavy-t5/missing,0,update,1024,0.7,0,0.5,400,400,1.517953899994609,4600,588800,302080,302080,3932160,5734400.0,0,0,0,"{""0.2"": 0, ""0.5"": 0, ""1.0"": 0, ""2.0"": 0, ""4.0"": 0}",0.006287894398483651,0.04878973371856184,1.0,0.0,1,0,0
nrsr-M1024-f0.70-l0.50-u,nrsr,0.5,LBQCD-D11-heavy-t5,control-heavy-tail,missing,LBQCD-D11-heavy-t5/missing,1,update,1024,0.7,0,0.5,400,400,1.4844583999947645,4600,588800,302080,302080,3932160,5734400.0,0,0,0,"{""0.2"": 0, ""0.5"": 0, ""1.0"": 0, ""2.0"": 0, ""4.0"": 0}",0.0015890629788843924,0.03704313198909137,1.0,0.0,1,0,0
nrsr-M1024-f0.70-l0.50-u,nrsr,0.5,LBQCD-D11-heavy-t5,control-heavy-tail,missing,LBQCD-D11-heavy-t5/missing,2,update,1024,0.7,0,0.5,400,400,1.3793595000024652,4600,588800,302080,302080,3932160,5734400.0,0,0,0,"{""0.2"": 0, ""0.5"": 0, ""1.0"": 0, ""2.0"": 0, ""4.0"": 0}",0.010093404525008953,0.07450601615777472,1.0,0.0,1,0,0
nrsr-M1024-f0.70-l0.75-u,nrsr,0.5,LBQCD-D11-heavy-t5,control-heavy-tail,missing,LBQCD-D11-heavy-t5/missing,0,update,1024,0.7,0,0.75,400,400,1.5012173000141047,4600,588800,302080,302080,3932160,5734400.0,0,0,0,"{""0.2"": 0, ""0.5"": 0, ""1.0"": 0, ""2.0"": 0, ""4.0"": 0}",0.005786489044164789,0.047718640520685675,1.0,0.0,1,0,0
nrsr-M1024-f0.70-l0.75-u,nrsr,0.5,LBQCD-D11-heavy-t5,control-heavy-tail,missing,LBQCD-D11-heavy-t5/missing,1,update,1024,0.7,0,0.75,400,400,1.4732442000095034,4600,588800,302080,302080,3932160,5734400.0,0,0,0,"{""0.2"": 0, ""0.5"": 0, ""1.0"": 0, ""2.0"": 0, ""4.0"": 0}",0.0016359486617258945,0.03654568249492332,1.0,0.0,1,0,0
nrsr-M1024-f0.70-l0.75-u,nrsr,0.5,LBQCD-D11-heavy-t5,control-heavy-tail,missing,LBQCD-D11-heavy-t5/missing,2,update,1024,0.7,0,0.75,400,400,1.3340370999940205,4600,588800,302080,302080,3932160,5734400.0,0,0,0,"{""0.2"": 0, ""0.5"": 0, ""1.0"": 0, ""2.0"": 0, ""4.0"": 0}",0.009491756694837594,0.07248587379504169,1.0,0.0,1,0,0
paper-0.2,paper,0.2,LBQCD-D11-heavy-t5,control-heavy-tail,missing,LBQCD-D11-heavy-t5/missing,0,update,0,0.0,0,0.0,400,400,0.5618110000068555,400,51200,51200,51200,13107200,0.0,0,0,0,"{""0.2"": 0, ""0.5"": 0, ""1.0"": 0, ""2.0"": 0, ""4.0"": 0}",0.00493420706473624,0.04647506631475994,1.0,0.0,1,0,0
paper-0.2,paper,0.2,LBQCD-D11-heavy-t5,control-heavy-tail,missing,LBQCD-D11-heavy-t5/missing,1,update,0,0.0,0,0.0,400,400,0.6583133999956772,400,51200,51200,51200,13107200,0.0,0,0,0,"{""0.2"": 0, ""0.5"": 0, ""1.0"": 0, ""2.0"": 0, ""4.0"": 0}",0.004461819346003981,0.04563192683227615,1.0,0.0,1,0,0
paper-0.2,paper,0.2,LBQCD-D11-heavy-t5,control-heavy-tail,missing,LBQCD-D11-heavy-t5/missing,2,update,0,0.0,0,0.0,400,400,0.6026057999988552,400,51200,51200,51200,13107200,0.0,0,0,0,"{""0.2"": 0, ""0.5"": 0, ""1.0"": 0, ""2.0"": 0, ""4.0"": 0}",0.010496871166721267,0.10126481396317422,1.0,0.0,1,0,0
paper-0.5,paper,0.5,LBQCD-D11-heavy-t5,control-heavy-tail,missing,LBQCD-D11-heavy-t5/missing,0,update,0,0.0,0,0.0,400,400,0.7463070999947377,400,51200,51200,51200,13107200,0.0,0,0,0,"{""0.2"": 0, ""0.5"": 0, ""1.0"": 0, ""2.0"": 0, ""4.0"": 0}",0.0049707366817304255,0.04914608766725788,1.0,0.0,1,0,0
paper-0.5,paper,0.5,LBQCD-D11-heavy-t5,control-heavy-tail,missing,LBQCD-D11-heavy-t5/missing,1,update,0,0.0,0,0.0,400,400,0.47540290000324603,400,51200,51200,51200,13107200,0.0,0,0,0,"{""0.2"": 0, ""0.5"": 0, ""1.0"": 0, ""2.0"": 0, ""4.0"": 0}",0.004377474283890681,0.058666453268731024,1.0,0.0,1,0,0
paper-0.5,paper,0.5,LBQCD-D11-heavy-t5,control-heavy-tail,missing,LBQCD-D11-heavy-t5/missing,2,update,0,0.0,0,0.0,400,400,0.6952444999915315,400,51200,51200,51200,13107200,0.0,0,0,0,"{""0.2"": 0, ""0.5"": 0, ""1.0"": 0, ""2.0"": 0, ""4.0"": 0}",0.007507694829481437,0.08564299726755374,1.0,0.0,1,0,0
paper-1,paper,1.0,LBQCD-D11-heavy-t5,control-heavy-tail,missing,LBQCD-D11-heavy-t5/missing,0,update,0,0.0,0,0.0,400,400,0.6505469999974594,400,51200,51200,51200,13107200,0.0,0,0,0,"{""0.2"": 0, ""0.5"": 0, ""1.0"": 0, ""2.0"": 0, ""4.0"": 0}",0.008037328400023913,0.0729349614732005,1.0,0.0,1,0,0
paper-1,paper,1.0,LBQCD-D11-heavy-t5,control-heavy-tail,missing,LBQCD-D11-heavy-t5/missing,1,update,0,0.0,0,0.0,400,400,0.6108921000122791,400,51200,51200,51200,13107200,0.0,0,0,0,"{""0.2"": 0, ""0.5"": 0, ""1.0"": 0, ""2.0"": 0, ""4.0"": 0}",0.003883540691270504,0.06665579726815236,1.0,0.0,1,0,0
paper-1,paper,1.0,LBQCD-D11-heavy-t5,control-heavy-tail,missing,LBQCD-D11-heavy-t5/missing,2,update,0,0.0,0,0.0,400,400,0.5573046000063187,400,51200,51200,51200,13107200,0.0,0,0,0,"{""0.2"": 0, ""0.5"": 0, ""1.0"": 0, ""2.0"": 0, ""4.0"": 0}",0.005625387499316403,0.09000663258342345,1.0,0.0,1,0,0
paper-2,paper,2.0,LBQCD-D11-heavy-t5,control-heavy-tail,missing,LBQCD-D11-heavy-t5/missing,0,update,0,0.0,0,0.0,400,400,0.7613152999983868,400,51200,51200,51200,13107200,0.0,0,0,0,"{""0.2"": 0, ""0.5"": 0, ""1.0"": 0, ""2.0"": 0, ""4.0"": 0}",0.010511273066008409,0.08426383949316149,1.0,0.0,1,0,0
paper-2,paper,2.0,LBQCD-D11-heavy-t5,control-heavy-tail,missing,LBQCD-D11-heavy-t5/missing,1,update,0,0.0,0,0.0,400,400,0.710435500004678,400,51200,51200,51200,13107200,0.0,0,0,0,"{""0.2"": 0, ""0.5"": 0, ""1.0"": 0, ""2.0"": 0, ""4.0"": 0}",0.0036681751158091913,0.08207037920104611,1.0,0.0,1,0,0
paper-2,paper,2.0,LBQCD-D11-heavy-t5,control-heavy-tail,missing,LBQCD-D11-heavy-t5/missing,2,update,0,0.0,0,0.0,400,400,0.9044193999870913,400,51200,51200,51200,13107200,0.0,0,0,0,"{""0.2"": 0, ""0.5"": 0, ""1.0"": 0, ""2.0"": 0, ""4.0"": 0}",0.006894209392398043,0.10130415429602399,1.0,0.0,1,0,0
paper-4,paper,4.0,LBQCD-D11-heavy-t5,control-heavy-tail,missing,LBQCD-D11-heavy-t5/missing,0,update,0,0.0,0,0.0,400,400,0.6486648999998579,400,51200,51200,51200,13107200,0.0,0,0,0,"{""0.2"": 0, ""0.5"": 0, ""1.0"": 0, ""2.0"": 0, ""4.0"": 0}",0.012905198177890043,0.10098682621806775,1.0,0.0,1,0,0
paper-4,paper,4.0,LBQCD-D11-heavy-t5,control-heavy-tail,missing,LBQCD-D11-heavy-t5/missing,1,update,0,0.0,0,0.0,400,400,0.7580786000035005,400,51200,51200,51200,13107200,0.0,0,0,0,"{""0.2"": 0, ""0.5"": 0, ""1.0"": 0, ""2.0"": 0, ""4.0"": 0}",0.011134302188202216,0.14933486651567182,1.0,0.0,1,0,0
paper-4,paper,4.0,LBQCD-D11-heavy-t5,control-heavy-tail,missing,LBQCD-D11-heavy-t5/missing,2,update,0,0.0,0,0.0,400,400,0.7002319999883184,400,51200,51200,51200,13107200,0.0,0,0,0,"{""0.2"": 0, ""0.5"": 0, ""1.0"": 0, ""2.0"": 0, ""4.0"": 0}",0.014031110220967147,0.14525047180879003,1.0,0.0,1,0,0
qld-v1,qld,0.5,LBQCD-D11-heavy-t5,control-heavy-tail,missing,LBQCD-D11-heavy-t5/missing,0,update,0,0.7,0,0.0,400,400,0.2866811999992933,400,51200,51200,51200,3932160,501760.0,0,0,0,"{""0.2"": 0, ""0.5"": 0, ""1.0"": 0, ""2.0"": 0, ""4.0"": 0}",0.005511017018168252,0.05023522817901599,1.0,0.0,1,0,0
qld-v1,qld,0.5,LBQCD-D11-heavy-t5,control-heavy-tail,missing,LBQCD-D11-heavy-t5/missing,1,update,0,0.7,0,0.0,400,400,0.2806263999955263,400,51200,51200,51200,3932160,501760.0,0,0,0,"{""0.2"": 0, ""0.5"": 0, ""1.0"": 0, ""2.0"": 0, ""4.0"": 0}",0.003442681707254147,0.048513316271181064,1.0,0.0,1,0,0
qld-v1,qld,0.5,LBQCD-D11-heavy-t5,control-heavy-tail,missing,LBQCD-D11-heavy-t5/missing,2,update,0,0.7,0,0.0,400,400,0.3376542999903904,400,51200,51200,51200,3932160,501760.0,0,0,0,"{""0.2"": 0, ""0.5"": 0, ""1.0"": 0, ""2.0"": 0, ""4.0"": 0}",0.006177117173516988,0.06080573379111805,1.0,0.0,1,0,0
rsr-M1024-f0.70-u,rsr,0.5,LBQCD-D11-heavy-t5,control-heavy-tail,missing,LBQCD-D11-heavy-t5/missing,0,update,1024,0.7,0,0.0,400,400,1.125185099997907,4600,588800,302080,302080,3932160,5734400.0,0,0,0,"{""0.2"": 0, ""0.5"": 0, ""1.0"": 0, ""2.0"": 0, ""4.0"": 0}",0.00734343412002092,0.048826172088714315,1.0,0.0,1,0,0
rsr-M1024-f0.70-u,rsr,0.5,LBQCD-D11-heavy-t5,control-heavy-tail,missing,LBQCD-D11-heavy-t5/missing,1,update,1024,0.7,0,0.0,400,400,1.1467669999983627,4600,588800,302080,302080,3932160,5734400.0,0,0,0,"{""0.2"": 0, ""0.5"": 0, ""1.0"": 0, ""2.0"": 0, ""4.0"": 0}",0.001572954106652702,0.03729163203497606,1.0,0.0,1,0,0
rsr-M1024-f0.70-u,rsr,0.5,LBQCD-D11-heavy-t5,control-heavy-tail,missing,LBQCD-D11-heavy-t5/missing,2,update,1024,0.7,0,0.0,400,400,1.2601257999922382,4600,588800,302080,302080,3932160,5734400.0,0,0,0,"{""0.2"": 0, ""0.5"": 0, ""1.0"": 0, ""2.0"": 0, ""4.0"": 0}",0.010731607163732448,0.07655002721542004,1.0,0.0,1,0,0
nrsr-M1024-f0.70-l0.25-u,nrsr,0.5,LBQCD-D12-connected-normal,control-connected,concentrated,LBQCD-D12-connected-normal/concentrated,0,update,1024,0.7,0,0.25,400,400,1.622458400001051,4600,588800,302080,302080,3932160,5734400.0,0,0,0,"{""0.2"": 0, ""0.5"": 0, ""1.0"": 0, ""2.0"": 0, ""4.0"": 0}",0.006932269267348801,0.057698020322494305,1.0,0.0,1,0,0
nrsr-M1024-f0.70-l0.25-u,nrsr,0.5,LBQCD-D12-connected-normal,control-connected,concentrated,LBQCD-D12-connected-normal/concentrated,1,update,1024,0.7,0,0.25,400,400,1.581586000000243,4600,588800,302080,302080,3932160,5734400.0,0,0,0,"{""0.2"": 0, ""0.5"": 0, ""1.0"": 0, ""2.0"": 0, ""4.0"": 0}",0.0050278737626838765,0.04390594488818078,1.0,0.0,1,0,0
nrsr-M1024-f0.70-l0.25-u,nrsr,0.5,LBQCD-D12-connected-normal,control-connected,concentrated,LBQCD-D12-connected-normal/concentrated,2,update,1024,0.7,0,0.25,400,400,1.6195144000084838,4600,588800,302080,302080,3932160,5734400.0,0,0,0,"{""0.2"": 0, ""0.5"": 0, ""1.0"": 0, ""2.0"": 0, ""4.0"": 0}",0.0017826119285464515,0.0507566396980656,1.0,0.0,1,0,0
nrsr-M1024-f0.70-l0.50-u,nrsr,0.5,LBQCD-D12-connected-normal,control-connected,concentrated,LBQCD-D12-connected-normal/concentrated,0,update,1024,0.7,0,0.5,400,400,1.6315246000012849,4600,588800,302080,302080,3932160,5734400.0,0,0,0,"{""0.2"": 0, ""0.5"": 0, ""1.0"": 0, ""2.0"": 0, ""4.0"": 0}",0.006937530024890837,0.05793066809548357,1.0,0.0,1,0,0
nrsr-M1024-f0.70-l0.50-u,nrsr,0.5,LBQCD-D12-connected-normal,control-connected,concentrated,LBQCD-D12-connected-normal/concentrated,1,update,1024,0.7,0,0.5,400,400,1.6223515000019688,4600,588800,302080,302080,3932160,5734400.0,0,0,0,"{""0.2"": 0, ""0.5"": 0, ""1.0"": 0, ""2.0"": 0, ""4.0"": 0}",0.005464459923860243,0.04532099661494258,1.0,0.0,1,0,0
nrsr-M1024-f0.70-l0.50-u,nrsr,0.5,LBQCD-D12-connected-normal,control-connected,concentrated,LBQCD-D12-connected-normal/concentrated,2,update,1024,0.7,0,0.5,400,400,1.3632161000132328,4600,588800,302080,302080,3932160,5734400.0,0,0,0,"{""0.2"": 0, ""0.5"": 0, ""1.0"": 0, ""2.0"": 0, ""4.0"": 0}",0.0017533419082800261,0.0529339850710251,1.0,0.0,1,0,0
nrsr-M1024-f0.70-l0.75-u,nrsr,0.5,LBQCD-D12-connected-normal,control-connected,concentrated,LBQCD-D12-connected-normal/concentrated,0,update,1024,0.7,0,0.75,400,400,1.2728173000068637,4600,588800,302080,302080,3932160,5734400.0,0,0,0,"{""0.2"": 0, ""0.5"": 0, ""1.0"": 0, ""2.0"": 0, ""4.0"": 0}",0.006949339248778719,0.05769728212274523,1.0,0.0,1,0,0
nrsr-M1024-f0.70-l0.75-u,nrsr,0.5,LBQCD-D12-connected-normal,control-connected,concentrated,LBQCD-D12-connected-normal/concentrated,1,update,1024,0.7,0,0.75,400,400,1.3504414000053657,4600,588800,302080,302080,3932160,5734400.0,0,0,0,"{""0.2"": 0, ""0.5"": 0, ""1.0"": 0, ""2.0"": 0, ""4.0"": 0}",0.005575559037846789,0.045423512567954134,1.0,0.0,1,0,0
nrsr-M1024-f0.70-l0.75-u,nrsr,0.5,LBQCD-D12-connected-normal,control-connected,concentrated,LBQCD-D12-connected-normal/concentrated,2,update,1024,0.7,0,0.75,400,400,1.1867010999994818,4600,588800,302080,302080,3932160,5734400.0,0,0,0,"{""0.2"": 0, ""0.5"": 0, ""1.0"": 0, ""2.0"": 0, ""4.0"": 0}",0.0017193027861037713,0.055227195435388385,1.0,0.0,1,0,0
paper-0.2,paper,0.2,LBQCD-D12-connected-normal,control-connected,concentrated,LBQCD-D12-connected-normal/concentrated,0,update,0,0.0,0,0.0,400,400,0.8116494999994757,400,51200,51200,51200,13107200,0.0,0,0,0,"{""0.2"": 0, ""0.5"": 0, ""1.0"": 0, ""2.0"": 0, ""4.0"": 0}",0.00791797697645058,0.07076641041032768,1.0,0.0,1,0,0
paper-0.2,paper,0.2,LBQCD-D12-connected-normal,control-connected,concentrated,LBQCD-D12-connected-normal/concentrated,1,update,0,0.0,0,0.0,400,400,0.6364818000001833,400,51200,51200,51200,13107200,0.0,0,0,0,"{""0.2"": 0, ""0.5"": 0, ""1.0"": 0, ""2.0"": 0, ""4.0"": 0}",0.007044588634865345,0.06532960978722778,1.0,0.0,1,0,0
paper-0.2,paper,0.2,LBQCD-D12-connected-normal,control-connected,concentrated,LBQCD-D12-connected-normal/concentrated,2,update,0,0.0,0,0.0,400,400,0.8131547000084538,400,51200,51200,51200,13107200,0.0,0,0,0,"{""0.2"": 0, ""0.5"": 0, ""1.0"": 0, ""2.0"": 0, ""4.0"": 0}",0.015498945349883275,0.1357679111509257,1.0,0.0,1,0,0
paper-0.5,paper,0.5,LBQCD-D12-connected-normal,control-connected,concentrated,LBQCD-D12-connected-normal/concentrated,0,update,0,0.0,0,0.0,400,400,0.772196800011443,400,51200,51200,51200,13107200,0.0,0,0,0,"{""0.2"": 0, ""0.5"": 0, ""1.0"": 0, ""2.0"": 0, ""4.0"": 0}",0.004454982439528576,0.048262786966949266,1.0,0.0,1,0,0
paper-0.5,paper,0.5,LBQCD-D12-connected-normal,control-connected,concentrated,LBQCD-D12-connected-normal/concentrated,1,update,0,0.0,0,0.0,400,400,0.6212023999978555,400,51200,51200,51200,13107200,0.0,0,0,0,"{""0.2"": 0, ""0.5"": 0, ""1.0"": 0, ""2.0"": 0, ""4.0"": 0}",0.00820619910517939,0.08231286896577451,1.0,0.0,1,0,0
paper-0.5,paper,0.5,LBQCD-D12-connected-normal,control-connected,concentrated,LBQCD-D12-connected-normal/concentrated,2,update,0,0.0,0,0.0,400,400,0.7520203999883961,400,51200,51200,51200,13107200,0.0,0,0,0,"{""0.2"": 0, ""0.5"": 0, ""1.0"": 0, ""2.0"": 0, ""4.0"": 0}",0.014193435519432862,0.12437400210651815,1.0,0.0,1,0,0
paper-1,paper,1.0,LBQCD-D12-connected-normal,control-connected,concentrated,LBQCD-D12-connected-normal/concentrated,0,update,0,0.0,0,0.0,400,400,0.7677205999934813,400,51200,51200,51200,13107200,0.0,0,0,0,"{""0.2"": 0, ""0.5"": 0, ""1.0"": 0, ""2.0"": 0, ""4.0"": 0}",0.0058234953497990904,0.0672012190513674,1.0,0.0,1,0,0
paper-1,paper,1.0,LBQCD-D12-connected-normal,control-connected,concentrated,LBQCD-D12-connected-normal/concentrated,1,update,0,0.0,0,0.0,400,400,0.807267199998023,400,51200,51200,51200,13107200,0.0,0,0,0,"{""0.2"": 0, ""0.5"": 0, ""1.0"": 0, ""2.0"": 0, ""4.0"": 0}",0.00985635548490782,0.09233534325887943,1.0,0.0,1,0,0
paper-1,paper,1.0,LBQCD-D12-connected-normal,control-connected,concentrated,LBQCD-D12-connected-normal/concentrated,2,update,0,0.0,0,0.0,400,400,0.669066099988413,400,51200,51200,51200,13107200,0.0,0,0,0,"{""0.2"": 0, ""0.5"": 0, ""1.0"": 0, ""2.0"": 0, ""4.0"": 0}",0.012716861982944305,0.11841352671758357,1.0,0.0,1,0,0
paper-2,paper,2.0,LBQCD-D12-connected-normal,control-connected,concentrated,LBQCD-D12-connected-normal/concentrated,0,update,0,0.0,0,0.0,400,400,0.5835021000093548,400,51200,51200,51200,13107200,0.0,0,0,0,"{""0.2"": 0, ""0.5"": 0, ""1.0"": 0, ""2.0"": 0, ""4.0"": 0}",0.0050148675534529286,0.08787251289983576,1.0,0.0,1,0,0
paper-2,paper,2.0,LBQCD-D12-connected-normal,control-connected,concentrated,LBQCD-D12-connected-normal/concentrated,1,update,0,0.0,0,0.0,400,400,0.7713694999984,400,51200,51200,51200,13107200,0.0,0,0,0,"{""0.2"": 0, ""0.5"": 0, ""1.0"": 0, ""2.0"": 0, ""4.0"": 0}",0.01753465862166248,0.14703643173989198,1.0,0.0,1,0,0
paper-2,paper,2.0,LBQCD-D12-connected-normal,control-connected,concentrated,LBQCD-D12-connected-normal/concentrated,2,update,0,0.0,0,0.0,400,400,0.6211543000099482,400,51200,51200,51200,13107200,0.0,0,0,0,"{""0.2"": 0, ""0.5"": 0, ""1.0"": 0, ""2.0"": 0, ""4.0"": 0}",0.013189539985805965,0.10358542513184958,1.0,0.0,1,0,0
paper-4,paper,4.0,LBQCD-D12-connected-normal,control-connected,concentrated,LBQCD-D12-connected-normal/concentrated,0,update,0,0.0,0,0.0,400,400,0.8741389999922831,400,51200,51200,51200,13107200,0.0,0,0,0,"{""0.2"": 0, ""0.5"": 0, ""1.0"": 0, ""2.0"": 0, ""4.0"": 0}",0.010960373904597143,0.1499525240320675,1.0,0.0,1,0,0
paper-4,paper,4.0,LBQCD-D12-connected-normal,control-connected,concentrated,LBQCD-D12-connected-normal/concentrated,1,update,0,0.0,0,0.0,400,400,0.6575448999938089,400,51200,51200,51200,13107200,0.0,0,0,0,"{""0.2"": 0, ""0.5"": 0, ""1.0"": 0, ""2.0"": 0, ""4.0"": 0}",0.019992358114978348,0.16581424334838465,1.0,0.0,1,0,0
paper-4,paper,4.0,LBQCD-D12-connected-normal,control-connected,concentrated,LBQCD-D12-connected-normal/concentrated,2,update,0,0.0,0,0.0,400,400,0.7071195000025909,400,51200,51200,51200,13107200,0.0,0,0,0,"{""0.2"": 0, ""0.5"": 0, ""1.0"": 0, ""2.0"": 0, ""4.0"": 0}",0.026163814826642096,0.16360797827359397,1.0,0.0,1,0,0
qld-v1,qld,0.5,LBQCD-D12-connected-normal,control-connected,concentrated,LBQCD-D12-connected-normal/concentrated,0,update,0,0.7,0,0.0,400,400,0.40527319999819156,400,51200,51200,51200,3932160,501760.0,0,0,0,"{""0.2"": 0, ""0.5"": 0, ""1.0"": 0, ""2.0"": 0, ""4.0"": 0}",0.003789460425047464,0.03746931850138009,1.0,0.0,1,0,0
qld-v1,qld,0.5,LBQCD-D12-connected-normal,control-connected,concentrated,LBQCD-D12-connected-normal/concentrated,1,update,0,0.7,0,0.0,400,400,0.34334690000105184,400,51200,51200,51200,3932160,501760.0,0,0,0,"{""0.2"": 0, ""0.5"": 0, ""1.0"": 0, ""2.0"": 0, ""4.0"": 0}",0.006393169188756431,0.04852995281202067,1.0,0.0,1,0,0
qld-v1,qld,0.5,LBQCD-D12-connected-normal,control-connected,concentrated,LBQCD-D12-connected-normal/concentrated,2,update,0,0.7,0,0.0,400,400,0.3780611999973189,400,51200,51200,51200,3932160,501760.0,0,0,0,"{""0.2"": 0, ""0.5"": 0, ""1.0"": 0, ""2.0"": 0, ""4.0"": 0}",0.010538931462236834,0.09724491426955074,1.0,0.0,1,0,0
rsr-M1024-f0.70-u,rsr,0.5,LBQCD-D12-connected-normal,control-connected,concentrated,LBQCD-D12-connected-normal/concentrated,0,update,1024,0.7,0,0.0,400,400,1.3824972000002163,4600,588800,302080,302080,3932160,5734400.0,0,0,0,"{""0.2"": 0, ""0.5"": 0, ""1.0"": 0, ""2.0"": 0, ""4.0"": 0}",0.006959443484924721,0.05810681859817559,1.0,0.0,1,0,0
rsr-M1024-f0.70-u,rsr,0.5,LBQCD-D12-connected-normal,control-connected,concentrated,LBQCD-D12-connected-normal/concentrated,1,update,1024,0.7,0,0.0,400,400,1.4105126000067685,4600,588800,302080,302080,3932160,5734400.0,0,0,0,"{""0.2"": 0, ""0.5"": 0, ""1.0"": 0, ""2.0"": 0, ""4.0"": 0}",0.004555520636098542,0.04009389836439746,1.0,0.0,1,0,0
rsr-M1024-f0.70-u,rsr,0.5,LBQCD-D12-connected-normal,control-connected,concentrated,LBQCD-D12-connected-normal/concentrated,2,update,1024,0.7,0,0.0,400,400,1.3018128999974579,4600,588800,302080,302080,3932160,5734400.0,0,0,0,"{""0.2"": 0, ""0.5"": 0, ""1.0"": 0, ""2.0"": 0, ""4.0"": 0}",0.0017670875877244807,0.04942711279207622,1.0,0.0,1,0,0
nrsr-M1024-f0.70-l0.25-u,nrsr,0.5,LBQCD-D12-connected-normal,control-connected,missing,LBQCD-D12-connected-normal/missing,0,update,1024,0.7,0,0.25,400,400,1.7036059000092791,4600,588800,302080,302080,3932160,5734400.0,0,0,0,"{""0.2"": 0, ""0.5"": 0, ""1.0"": 0, ""2.0"": 0, ""4.0"": 0}",0.007167989571438049,0.03943939283501811,1.0,0.0,1,0,0
nrsr-M1024-f0.70-l0.25-u,nrsr,0.5,LBQCD-D12-connected-normal,control-connected,missing,LBQCD-D12-connected-normal/missing,1,update,1024,0.7,0,0.25,400,400,1.6888851999974577,4600,588800,302080,302080,3932160,5734400.0,0,0,0,"{""0.2"": 0, ""0.5"": 0, ""1.0"": 0, ""2.0"": 0, ""4.0"": 0}",0.006034277062680227,0.06812035055936738,1.0,0.0,1,0,0
nrsr-M1024-f0.70-l0.25-u,nrsr,0.5,LBQCD-D12-connected-normal,control-connected,missing,LBQCD-D12-connected-normal/missing,2,update,1024,0.7,0,0.25,400,400,1.7113668999954825,4600,588800,302080,302080,3932160,5734400.0,0,0,0,"{""0.2"": 0, ""0.5"": 0, ""1.0"": 0, ""2.0"": 0, ""4.0"": 0}",0.0030294416102718547,0.053027273428676955,1.0,0.0,1,0,0
nrsr-M1024-f0.70-l0.50-u,nrsr,0.5,LBQCD-D12-connected-normal,control-connected,missing,LBQCD-D12-connected-normal/missing,0,update,1024,0.7,0,0.5,400,400,1.6427591999963624,4600,588800,302080,302080,3932160,5734400.0,0,0,0,"{""0.2"": 0, ""0.5"": 0, ""1.0"": 0, ""2.0"": 0, ""4.0"": 0}",0.007141654050910606,0.038996421354900494,1.0,0.0,1,0,0
nrsr-M1024-f0.70-l0.50-u,nrsr,0.5,LBQCD-D12-connected-normal,control-connected,missing,LBQCD-D12-connected-normal/missing,1,update,1024,0.7,0,0.5,400,400,1.6102133999957005,4600,588800,302080,302080,3932160,5734400.0,0,0,0,"{""0.2"": 0, ""0.5"": 0, ""1.0"": 0, ""2.0"": 0, ""4.0"": 0}",0.006072138494229717,0.06843488695770569,1.0,0.0,1,0,0
nrsr-M1024-f0.70-l0.50-u,nrsr,0.5,LBQCD-D12-connected-normal,control-connected,missing,LBQCD-D12-connected-normal/missing,2,update,1024,0.7,0,0.5,400,400,1.5029673999961233,4600,588800,302080,302080,3932160,5734400.0,0,0,0,"{""0.2"": 0, ""0.5"": 0, ""1.0"": 0, ""2.0"": 0, ""4.0"": 0}",0.002982027168334289,0.05458451225445345,1.0,0.0,1,0,0
nrsr-M1024-f0.70-l0.75-u,nrsr,0.5,LBQCD-D12-connected-normal,control-connected,missing,LBQCD-D12-connected-normal/missing,0,update,1024,0.7,0,0.75,400,400,1.690747200002079,4600,588800,302080,302080,3932160,5734400.0,0,0,0,"{""0.2"": 0, ""0.5"": 0, ""1.0"": 0, ""2.0"": 0, ""4.0"": 0}",0.007079323496342438,0.03921807372009076,1.0,0.0,1,0,0
nrsr-M1024-f0.70-l0.75-u,nrsr,0.5,LBQCD-D12-connected-normal,control-connected,missing,LBQCD-D12-connected-normal/missing,1,update,1024,0.7,0,0.75,400,400,1.611543300008634,4600,588800,302080,302080,3932160,5734400.0,0,0,0,"{""0.2"": 0, ""0.5"": 0, ""1.0"": 0, ""2.0"": 0, ""4.0"": 0}",0.0060783672805717615,0.06850436104044577,1.0,0.0,1,0,0
nrsr-M1024-f0.70-l0.75-u,nrsr,0.5,LBQCD-D12-connected-normal,control-connected,missing,LBQCD-D12-connected-normal/missing,2,update,1024,0.7,0,0.75,400,400,1.728950700009591,4600,588800,302080,302080,3932160,5734400.0,0,0,0,"{""0.2"": 0, ""0.5"": 0, ""1.0"": 0, ""2.0"": 0, ""4.0"": 0}",0.003420115200470253,0.056121739467921775,1.0,0.0,1,0,0
paper-0.2,paper,0.2,LBQCD-D12-connected-normal,control-connected,missing,LBQCD-D12-connected-normal/missing,0,update,0,0.0,0,0.0,400,400,0.7625977999996394,400,51200,51200,51200,13107200,0.0,0,0,0,"{""0.2"": 0, ""0.5"": 0, ""1.0"": 0, ""2.0"": 0, ""4.0"": 0}",0.004856007635755777,0.03000442725158777,1.0,0.0,1,0,0
paper-0.2,paper,0.2,LBQCD-D12-connected-normal,control-connected,missing,LBQCD-D12-connected-normal/missing,1,update,0,0.0,0,0.0,400,400,0.5602183000009973,400,51200,51200,51200,13107200,0.0,0,0,0,"{""0.2"": 0, ""0.5"": 0, ""1.0"": 0, ""2.0"": 0, ""4.0"": 0}",0.004960341136188484,0.05222452408454182,1.0,0.0,1,0,0
paper-0.2,paper,0.2,LBQCD-D12-connected-normal,control-connected,missing,LBQCD-D12-connected-normal/missing,2,update,0,0.0,0,0.0,400,400,0.8821142999950098,400,51200,51200,51200,13107200,0.0,0,0,0,"{""0.2"": 0, ""0.5"": 0, ""1.0"": 0, ""2.0"": 0, ""4.0"": 0}",0.004515874253816499,0.06321339760713089,1.0,0.0,1,0,0
paper-0.5,paper,0.5,LBQCD-D12-connected-normal,control-connected,missing,LBQCD-D12-connected-normal/missing,0,update,0,0.0,0,0.0,400,400,0.6461814000067534,400,51200,51200,51200,13107200,0.0,0,0,0,"{""0.2"": 0, ""0.5"": 0, ""1.0"": 0, ""2.0"": 0, ""4.0"": 0}",0.0030003553200124156,0.04224858023994598,1.0,0.0,1,0,0
paper-0.5,paper,0.5,LBQCD-D12-connected-normal,control-connected,missing,LBQCD-D12-connected-normal/missing,1,update,0,0.0,0,0.0,400,400,0.5946892000065418,400,51200,51200,51200,13107200,0.0,0,0,0,"{""0.2"": 0, ""0.5"": 0, ""1.0"": 0, ""2.0"": 0, ""4.0"": 0}",0.007034032742406993,0.031103038492338607,1.0,0.0,1,0,0
paper-0.5,paper,0.5,LBQCD-D12-connected-normal,control-connected,missing,LBQCD-D12-connected-normal/missing,2,update,0,0.0,0,0.0,400,400,0.7311704000021564,400,51200,51200,51200,13107200,0.0,0,0,0,"{""0.2"": 0, ""0.5"": 0, ""1.0"": 0, ""2.0"": 0, ""4.0"": 0}",0.003103626926211467,0.0544515315019073,1.0,0.0,1,0,0
paper-1,paper,1.0,LBQCD-D12-connected-normal,control-connected,missing,LBQCD-D12-connected-normal/missing,0,update,0,0.0,0,0.0,400,400,0.6727468999888515,400,51200,51200,51200,13107200,0.0,0,0,0,"{""0.2"": 0, ""0.5"": 0, ""1.0"": 0, ""2.0"": 0, ""4.0"": 0}",0.004471085504249128,0.0631502137195567,1.0,0.0,1,0,0
paper-1,paper,1.0,LBQCD-D12-connected-normal,control-connected,missing,LBQCD-D12-connected-normal/missing,1,update,0,0.0,0,0.0,400,400,0.6676472999970429,400,51200,51200,51200,13107200,0.0,0,0,0,"{""0.2"": 0, ""0.5"": 0, ""1.0"": 0, ""2.0"": 0, ""4.0"": 0}",0.007336280340312085,0.0377542182535342,1.0,0.0,1,0,0
paper-1,paper,1.0,LBQCD-D12-connected-normal,control-connected,missing,LBQCD-D12-connected-normal/missing,2,update,0,0.0,0,0.0,400,400,0.7094586000021081,400,51200,51200,51200,13107200,0.0,0,0,0,"{""0.2"": 0, ""0.5"": 0, ""1.0"": 0, ""2.0"": 0, ""4.0"": 0}",0.003386129089726131,0.05037928096882157,1.0,0.0,1,0,0
paper-2,paper,2.0,LBQCD-D12-connected-normal,control-connected,missing,LBQCD-D12-connected-normal/missing,0,update,0,0.0,0,0.0,400,400,0.9083635999995749,400,51200,51200,51200,13107200,0.0,0,0,0,"{""0.2"": 0, ""0.5"": 0, ""1.0"": 0, ""2.0"": 0, ""4.0"": 0}",0.00537761046989349,0.07411085431316716,1.0,0.0,1,0,0
paper-2,paper,2.0,LBQCD-D12-connected-normal,control-connected,missing,LBQCD-D12-connected-normal/missing,1,update,0,0.0,0,0.0,400,400,0.7056912999978522,400,51200,51200,51200,13107200,0.0,0,0,0,"{""0.2"": 0, ""0.5"": 0, ""1.0"": 0, ""2.0"": 0, ""4.0"": 0}",0.007085016481104711,0.047716965621005254,1.0,0.0,1,0,0
paper-2,paper,2.0,LBQCD-D12-connected-normal,control-connected,missing,LBQCD-D12-connected-normal/missing,2,update,0,0.0,0,0.0,400,400,0.5673782000085339,400,51200,51200,51200,13107200,0.0,0,0,0,"{""0.2"": 0, ""0.5"": 0, ""1.0"": 0, ""2.0"": 0, ""4.0"": 0}",0.004130874537512819,0.05671691791159325,1.0,0.0,1,0,0
paper-4,paper,4.0,LBQCD-D12-connected-normal,control-connected,missing,LBQCD-D12-connected-normal/missing,0,update,0,0.0,0,0.0,400,400,0.7956995000131428,400,51200,51200,51200,13107200,0.0,0,0,0,"{""0.2"": 0, ""0.5"": 0, ""1.0"": 0, ""2.0"": 0, ""4.0"": 0}",0.006860257171374506,0.09038623195037654,1.0,0.0,1,0,0
paper-4,paper,4.0,LBQCD-D12-connected-normal,control-connected,missing,LBQCD-D12-connected-normal/missing,1,update,0,0.0,0,0.0,400,400,0.7851024999981746,400,51200,51200,51200,13107200,0.0,0,0,0,"{""0.2"": 0, ""0.5"": 0, ""1.0"": 0, ""2.0"": 0, ""4.0"": 0}",0.007955465993183752,0.08661020846642467,1.0,0.0,1,0,0
paper-4,paper,4.0,LBQCD-D12-connected-normal,control-connected,missing,LBQCD-D12-connected-normal/missing,2,update,0,0.0,0,0.0,400,400,0.7245581000024686,400,51200,51200,51200,13107200,0.0,0,0,0,"{""0.2"": 0, ""0.5"": 0, ""1.0"": 0, ""2.0"": 0, ""4.0"": 0}",0.007524273195837594,0.08006747039140746,1.0,0.0,1,0,0
qld-v1,qld,0.5,LBQCD-D12-connected-normal,control-connected,missing,LBQCD-D12-connected-normal/missing,0,update,0,0.7,0,0.0,400,400,0.3329904999991413,400,51200,51200,51200,3932160,501760.0,0,0,0,"{""0.2"": 0, ""0.5"": 0, ""1.0"": 0, ""2.0"": 0, ""4.0"": 0}",0.0049502012306874565,0.026815571066405496,1.0,0.0,1,0,0
qld-v1,qld,0.5,LBQCD-D12-connected-normal,control-connected,missing,LBQCD-D12-connected-normal/missing,1,update,0,0.7,0,0.0,400,400,0.35368430000380613,400,51200,51200,51200,3932160,501760.0,0,0,0,"{""0.2"": 0, ""0.5"": 0, ""1.0"": 0, ""2.0"": 0, ""4.0"": 0}",0.005812357555426084,0.05229606008316091,1.0,0.0,1,0,0
qld-v1,qld,0.5,LBQCD-D12-connected-normal,control-connected,missing,LBQCD-D12-connected-normal/missing,2,update,0,0.7,0,0.0,400,400,0.3345765999983996,400,51200,51200,51200,3932160,501760.0,0,0,0,"{""0.2"": 0, ""0.5"": 0, ""1.0"": 0, ""2.0"": 0, ""4.0"": 0}",0.003795319043102152,0.07863565110306626,1.0,0.0,1,0,0
rsr-M1024-f0.70-u,rsr,0.5,LBQCD-D12-connected-normal,control-connected,missing,LBQCD-D12-connected-normal/missing,0,update,1024,0.7,0,0.0,400,400,1.4213938000029884,4600,588800,302080,302080,3932160,5734400.0,0,0,0,"{""0.2"": 0, ""0.5"": 0, ""1.0"": 0, ""2.0"": 0, ""4.0"": 0}",0.0071591909095682915,0.03829849478381918,1.0,0.0,1,0,0
rsr-M1024-f0.70-u,rsr,0.5,LBQCD-D12-connected-normal,control-connected,missing,LBQCD-D12-connected-normal/missing,1,update,1024,0.7,0,0.0,400,400,1.3912947999924654,4600,588800,302080,302080,3932160,5734400.0,0,0,0,"{""0.2"": 0, ""0.5"": 0, ""1.0"": 0, ""2.0"": 0, ""4.0"": 0}",0.005909195514861798,0.0679688868400701,1.0,0.0,1,0,0
rsr-M1024-f0.70-u,rsr,0.5,LBQCD-D12-connected-normal,control-connected,missing,LBQCD-D12-connected-normal/missing,2,update,1024,0.7,0,0.0,400,400,1.3249170999915805,4600,588800,302080,302080,3932160,5734400.0,0,0,0,"{""0.2"": 0, ""0.5"": 0, ""1.0"": 0, ""2.0"": 0, ""4.0"": 0}",0.003020221022761893,0.05226853098629629,1.0,0.0,1,0,0
