all_reportable_components_reached,arm,best_before_handoff_ed2,best_ed2,best_ed2_step,cell,diverged,ed2,family,finisher,five_step_ed2_change,floor_activations,handoff,handoff_ed2,init,label_free_event_censored,label_free_event_time,mass_l1,minimum_component_occupancy,occupancy_event_censored,occupancy_event_time,output_mean,output_q01,output_q10,output_q50,output_q90,output_q99,output_std,quantile_cdf_error,reference_mode,seed,sw1,target,tau,wall_seconds,work_backward_examples,work_diagnostic_generator_example_evals,work_diagnostic_generator_forward_calls,work_diagnostic_target_samples,work_generator_example_evals,work_generator_forward_calls,work_kernel_pairs,work_metric_generator_example_evals,work_metric_generator_forward_calls,work_metric_target_samples,work_negative_reference_samples,work_optimizer_updates,work_positive_target_samples,work_sort_work,work_unique_latent_samples
0.0,paper-0.5,0.6452867899311472,0.033973505662316716,375,CF-A01-rare005/missing,0,0.04942275974554078,separated-unequal-rare,paper,nan,0,continuous,0.6452867899311472,missing,0,150,0.094375,0.0,1,400,-1.3561828313726059,-2.7601193301303293,-2.5345484006380152,-1.5122694527397056,0.4058875682697279,0.9375748523640016,1.1150051897768654,0.06090914818548387,reused_masked,1,0.2038462288495181,CF-A01-rare005,0.5,0.6434822000155691,25600.0,1408.0,22.0,1408.0,25600.0,400.0,3276800.0,47104.0,23.0,47104.0,25600.0,400.0,25600.0,0.0,25600.0
0.0,qld-v1,0.048394839367454034,0.04755095676443677,375,CF-A01-rare005/missing,0,0.0482552809332486,separated-unequal-rare,paper,0.002933413008600949,0,carry,0.054747090235094165,missing,0,225,0.048085937500000016,0.0,1,400,-1.4381388407807552,-2.7690335402460615,-2.6048829113404994,-1.669753052263251,0.31170556807056626,0.9904764350320922,1.0808623366949464,0.06494140625,reused_masked,1,0.2058317733779639,CF-A01-rare005,0.5,0.81096180001623,25600.0,640.0,10.0,640.0,25600.0,400.0,983040.0,47104.0,23.0,47104.0,7680.0,400.0,25600.0,215040.0,25600.0
0.0,qld-full,0.048394839367454034,0.04283564745371904,375,CF-A01-rare005/missing,0,0.0631805159907659,separated-unequal-rare,qld,0.000250863576171545,0,carry,0.054747090235094165,missing,0,225,0.09886718750000002,0.0,1,400,-1.3107569947668454,-2.825522973886396,-2.5742070004854534,-1.5404145818273802,0.5665950676140632,1.4906678376650249,1.1856610433804964,0.06817036290322581,,1,0.23086178131013285,CF-A01-rare005,,0.946644900017418,25600.0,640.0,10.0,640.0,25600.0,400.0,0.0,47104.0,23.0,47104.0,0.0,400.0,25600.0,307200.0,25600.0
0.0,qld-paper-reset,0.048394839367454034,0.042300852098876573,375,CF-A01-rare005/missing,0,0.05213147927118644,separated-unequal-rare,paper,-0.003760727324449986,0,reset,0.054747090235094165,missing,0,225,0.09105468750000002,0.0,1,400,-1.338232139021284,-2.7835545511869664,-2.5308525281143734,-1.4941129941290692,0.4197128109133995,1.1675052862232094,1.1307691066381744,0.05961756552419355,reused_masked,1,0.2008871487204434,CF-A01-rare005,0.5,1.104661000019405,25600.0,640.0,10.0,640.0,25600.0,400.0,983040.0,47104.0,23.0,47104.0,7680.0,400.0,25600.0,215040.0,25600.0
0.0,qld-mean-crossfit-t0.2,0.048394839367454034,0.029695057085105114,400,CF-A01-rare005/missing,0,0.029695057085105114,separated-unequal-rare,mean,-0.011123117934584759,0,reset,0.054747090235094165,missing,0,225,0.11777343750000001,0.0,1,400,-1.638198002146205,-2.6119650293547267,-2.479282792078423,-1.9784784805700335,-0.2631924872930387,0.30167152741646,0.8738139618556671,0.04791456653225806,crossfit,1,0.21143371691270624,CF-A01-rare005,0.2,1.268044700002065,25600.0,1280.0,20.0,640.0,33280.0,520.0,983040.0,47104.0,23.0,47104.0,7680.0,400.0,25600.0,215040.0,33280.0
0.0,qld-sharp-deleted-t0.2,0.048394839367454034,0.027867190196638303,400,CF-A01-rare005/missing,0,0.027867190196638303,separated-unequal-rare,sharp,-0.0027948692123291874,0,reset,0.054747090235094165,missing,0,225,0.10000000000000002,0.0,1,400,-1.602453155713319,-2.7610402628585997,-2.5308043411150303,-1.756811897410871,-0.3282144198665325,0.24165315314234578,0.8826906180715851,0.05579007056451613,reused_deleted,1,0.20531252124720847,CF-A01-rare005,0.2,1.4400097000179812,25600.0,640.0,10.0,640.0,25600.0,400.0,975360.0,47104.0,23.0,47104.0,7680.0,400.0,25600.0,215040.0,25600.0
0.0,qld-sharp-crossfit-t0.2,0.048394839367454034,0.026038416267474718,400,CF-A01-rare005/missing,0,0.026038416267474718,separated-unequal-rare,sharp,0.0008228303191675224,0,reset,0.054747090235094165,missing,0,225,0.10976562500000002,0.0,1,400,-1.5719682973119498,-2.6758064816307567,-2.4828855898959596,-1.7303825378413746,-0.27880216485764686,0.35829747974962234,0.8868614263259591,0.04695375504032258,crossfit,1,0.18573554623086416,CF-A01-rare005,0.2,1.6089612999930978,25600.0,1280.0,20.0,640.0,33280.0,520.0,983040.0,47104.0,23.0,47104.0,7680.0,400.0,25600.0,215040.0,33280.0
0.0,qld-kgrad-crossfit-t0.2,0.048394839367454034,0.030275322809338867,400,CF-A01-rare005/missing,0,0.030275322809338867,separated-unequal-rare,kgrad,0.010740605493509081,0,reset,0.054747090235094165,missing,0,225,0.11367187500000002,0.0,1,400,-1.5502138663176184,-2.6709434294690384,-2.4610077949934013,-1.7049609125492524,-0.2102878062084037,0.2764920361945438,0.8783089015460263,0.04437058971774194,crossfit,1,0.18683136799417796,CF-A01-rare005,0.2,1.7788112999987788,25600.0,1280.0,20.0,640.0,33280.0,520.0,983040.0,47104.0,23.0,47104.0,7680.0,400.0,25600.0,215040.0,33280.0
0.0,qld-mean-crossfit-t0.5,0.048394839367454034,0.03685675452810844,400,CF-A01-rare005/missing,0,0.03685675452810844,separated-unequal-rare,mean,-0.0050320194366295645,0,reset,0.054747090235094165,missing,0,225,0.07851562500000002,0.0,1,400,-1.477509336693227,-2.646817404871415,-2.5341604342825477,-1.6869411747818046,0.17503019340011747,0.7099217813545753,1.0213673397778977,0.059586063508064516,crossfit,1,0.18271775536788548,CF-A01-rare005,0.5,1.938867000018945,25600.0,1280.0,20.0,640.0,33280.0,520.0,983040.0,47104.0,23.0,47104.0,7680.0,400.0,25600.0,215040.0,33280.0
0.0,qld-sharp-deleted-t0.5,0.048394839367454034,0.036525702382459446,375,CF-A01-rare005/missing,0,0.041695829090635295,separated-unequal-rare,sharp,-0.0024358708090475023,0,reset,0.054747090235094165,missing,0,225,0.07250000000000002,0.0,1,400,-1.396028419663246,-2.7696037029955987,-2.5389641905199243,-1.5616981687985985,0.2908027529715348,0.9761851284954087,1.0799361132987786,0.05345892137096774,reused_deleted,1,0.18172050935872047,CF-A01-rare005,0.5,2.1249517000105698,25600.0,640.0,10.0,640.0,25600.0,400.0,975360.0,47104.0,23.0,47104.0,7680.0,400.0,25600.0,215040.0,25600.0
0.0,qld-sharp-crossfit-t0.5,0.048394839367454034,0.03916861061086108,400,CF-A01-rare005/missing,0,0.03916861061086108,separated-unequal-rare,sharp,0.004519832339806573,0,reset,0.054747090235094165,missing,0,225,0.052968750000000016,0.0,1,400,-1.4323392100142949,-2.7090214513073763,-2.5361953946798512,-1.642933131532137,0.2267914388486685,0.889404756406443,1.0573762135345812,0.055821572580645164,crossfit,1,0.18139626517503246,CF-A01-rare005,0.5,2.306615800014697,25600.0,1280.0,20.0,640.0,33280.0,520.0,983040.0,47104.0,23.0,47104.0,7680.0,400.0,25600.0,215040.0,33280.0
0.0,qld-kgrad-crossfit-t0.5,0.048394839367454034,0.027489237827889035,400,CF-A01-rare005/missing,0,0.027489237827889035,separated-unequal-rare,kgrad,0.009819886340506123,0,reset,0.054747090235094165,missing,0,225,0.11269531250000002,0.0,1,400,-1.549374318679199,-2.6242975100442583,-2.4825612235866474,-1.6820781499284427,-0.21585218398128644,0.4071330250588829,0.901322750736484,0.044654107862903226,crossfit,1,0.17747112465146814,CF-A01-rare005,0.5,2.4821721000189427,25600.0,1280.0,20.0,640.0,33280.0,520.0,983040.0,47104.0,23.0,47104.0,7680.0,400.0,25600.0,215040.0,33280.0
0.0,qld-mean-crossfit-t1,0.048394839367454034,0.041908564521177416,350,CF-A01-rare005/missing,0,0.04559115583653073,separated-unequal-rare,mean,-0.002862011430514233,0,reset,0.054747090235094165,missing,0,225,0.07363281250000002,0.0,1,400,-1.4462970869247356,-2.681607102366357,-2.556081549268195,-1.6469647878926317,0.2170652099556394,0.7437354477748871,1.0245944822923339,0.05834173387096774,crossfit,1,0.1970768395441379,CF-A01-rare005,1.0,2.650786500016693,25600.0,1280.0,20.0,640.0,33280.0,520.0,983040.0,47104.0,23.0,47104.0,7680.0,400.0,25600.0,215040.0,33280.0
0.0,qld-sharp-deleted-t1,0.048394839367454034,0.04570596478281952,350,CF-A01-rare005/missing,0,0.059197349790341525,separated-unequal-rare,sharp,-0.0046054448316388275,0,reset,0.054747090235094165,missing,0,225,0.09105468750000002,0.0,1,400,-1.3520740550145993,-2.8043470701926805,-2.558829232053243,-1.541294475284272,0.35575460117273666,1.0475544758456372,1.105071928738385,0.06434286794354839,reused_deleted,1,0.21954337040433522,CF-A01-rare005,1.0,2.8213991000084206,25600.0,640.0,10.0,640.0,25600.0,400.0,975360.0,47104.0,23.0,47104.0,7680.0,400.0,25600.0,215040.0,25600.0
0.0,qld-sharp-crossfit-t1,0.048394839367454034,0.04511377426794083,350,CF-A01-rare005/missing,0,0.051409114306841364,separated-unequal-rare,sharp,-0.0002446330204781688,0,reset,0.054747090235094165,missing,0,225,0.07484375,0.0,1,400,-1.3854021544465103,-2.7917453859716814,-2.546271088134809,-1.6156644295815408,0.389880089651044,1.0848126817037549,1.104180914041506,0.0635710685483871,crossfit,1,0.20744900864540197,CF-A01-rare005,1.0,3.010957499995129,25600.0,1280.0,20.0,640.0,33280.0,520.0,983040.0,47104.0,23.0,47104.0,7680.0,400.0,25600.0,215040.0,33280.0
0.0,qld-kgrad-crossfit-t1,0.048394839367454034,0.027729131340056945,400,CF-A01-rare005/missing,0,0.027729131340056945,separated-unequal-rare,kgrad,0.007276327976919905,0,reset,0.054747090235094165,missing,0,225,0.10097656250000002,0.0,1,400,-1.4925447319394949,-2.717032113369494,-2.4968951300897966,-1.6562037206030364,-0.00021321827045691234,0.6305223043855351,0.9746335914141884,0.04506363407258065,crossfit,1,0.16266950008297806,CF-A01-rare005,1.0,3.1777250000159256,25600.0,1280.0,20.0,640.0,33280.0,520.0,983040.0,47104.0,23.0,47104.0,7680.0,400.0,25600.0,215040.0,33280.0
0.0,paper-0.5,0.659319919047519,0.028819016552222187,400,CF-A01-rare005/missing,0,0.028819016552222187,separated-unequal-rare,paper,nan,0,continuous,0.659319919047519,missing,0,200,0.10585937500000002,0.0,1,400,-1.5262239989270956,-2.7689487829605146,-2.5746069929424458,-1.7021712341816055,0.042469311896987195,0.6020298200976888,1.0009130767399672,0.07092678931451613,reused_masked,2,0.18826484633915494,CF-A01-rare005,0.5,0.6340896000037901,25600.0,1408.0,22.0,1408.0,25600.0,400.0,3276800.0,47104.0,23.0,47104.0,25600.0,400.0,25600.0,0.0,25600.0
0.0,qld-v1,0.04334159693791406,0.04231114081065379,400,CF-A01-rare005/missing,0,0.04231114081065379,separated-unequal-rare,paper,0.016632022028688853,0,carry,0.0515301343823813,missing,0,225,0.039687499999999994,0.0,1,400,-1.4915882887577356,-2.7644437622494826,-2.637635796527452,-1.766071322653641,0.19024960472995478,1.023892959634536,1.0605136427147188,0.06966670866935484,reused_masked,2,0.21759630656010917,CF-A01-rare005,0.5,0.8122464000189211,25600.0,640.0,10.0,640.0,25600.0,400.0,983040.0,47104.0,23.0,47104.0,7680.0,400.0,25600.0,215040.0,25600.0
0.0,qld-full,0.04334159693791406,0.04334159693791406,250,CF-A01-rare005/missing,0,0.04962083420709007,separated-unequal-rare,qld,0.021213562840330047,0,carry,0.0515301343823813,missing,0,225,0.0416015625,0.0,1,400,-1.5184010635391898,-2.633971821499594,-2.524535441875893,-1.781792307847211,0.026906327747496663,0.9132622379268391,0.9611102097805994,0.0771484375,,2,0.22293541863933442,CF-A01-rare005,,0.9471983000112232,25600.0,640.0,10.0,640.0,25600.0,400.0,0.0,47104.0,23.0,47104.0,0.0,400.0,25600.0,307200.0,25600.0
0.0,qld-paper-reset,0.04334159693791406,0.03960047079833018,325,CF-A01-rare005/missing,0,0.040014069972485355,separated-unequal-rare,paper,-0.0037393003110837153,0,reset,0.0515301343823813,missing,0,225,0.04921875000000001,0.0,1,400,-1.5309984740839258,-2.8262062197155355,-2.683800089367308,-1.7016962039608465,0.0781056071509163,0.8235902126980994,1.0445013588684304,0.07563634072580645,reused_masked,2,0.22074342963345212,CF-A01-rare005,0.5,1.11540400001104,25600.0,640.0,10.0,640.0,25600.0,400.0,983040.0,47104.0,23.0,47104.0,7680.0,400.0,25600.0,215040.0,25600.0
0.0,qld-mean-crossfit-t0.2,0.04334159693791406,0.04334159693791406,250,CF-A01-rare005/missing,0,0.07645145422500166,separated-unequal-rare,mean,0.008553832562816277,0,reset,0.0515301343823813,missing,0,225,0.208984375,0.0,1,400,-1.7541770554657616,-2.6289734515005043,-2.5244213953099868,-2.139051853511148,-0.3936219724438391,0.229209419205129,0.8301050090785108,0.07733744959677419,crossfit,2,0.28619179633216457,CF-A01-rare005,0.2,1.279686900001252,25600.0,1280.0,20.0,640.0,33280.0,520.0,983040.0,47104.0,23.0,47104.0,7680.0,400.0,25600.0,215040.0,33280.0
0.0,qld-sharp-deleted-t0.2,0.04334159693791406,0.0252586483209849,375,CF-A01-rare005/missing,0,0.032261430205151154,separated-unequal-rare,sharp,-7.437869846471656e-06,0,reset,0.0515301343823813,missing,0,225,0.13730468750000002,0.0,1,400,-1.631778222034711,-2.8500231196944688,-2.5228019852931807,-1.7603334423152264,-0.3832490434155755,0.060840211005333135,0.8360386810800089,0.06180695564516129,reused_deleted,2,0.22805042697977124,CF-A01-rare005,0.2,1.4487836000043899,25600.0,640.0,10.0,640.0,25600.0,400.0,975360.0,47104.0,23.0,47104.0,7680.0,400.0,25600.0,215040.0,25600.0
0.0,qld-sharp-crossfit-t0.2,0.04334159693791406,0.026160057869429654,400,CF-A01-rare005/missing,0,0.026160057869429654,separated-unequal-rare,sharp,-0.0006312816501194973,0,reset,0.0515301343823813,missing,0,225,0.10312500000000001,0.0,1,400,-1.6151860687913713,-2.859482260948197,-2.557197751936025,-1.7974362150744536,-0.29428984714783524,0.17192793598208955,0.8842443498195699,0.05653036794354839,crossfit,2,0.20918576580223824,CF-A01-rare005,0.2,1.632016100018518,25600.0,1280.0,20.0,640.0,33280.0,520.0,983040.0,47104.0,23.0,47104.0,7680.0,400.0,25600.0,215040.0,33280.0
0.0,qld-kgrad-crossfit-t0.2,0.04334159693791406,0.025869613560631333,350,CF-A01-rare005/missing,0,0.02705450433299217,separated-unequal-rare,kgrad,0.0015005454766314763,0,reset,0.0515301343823813,missing,0,225,0.12363281250000001,0.0,1,400,-1.6148398774271873,-2.814844031208228,-2.522054642415578,-1.7554175648554025,-0.35915266247997324,0.08107016378547652,0.8498037155467892,0.057601436491935484,crossfit,2,0.21339755317307202,CF-A01-rare005,0.2,1.8019710000080522,25600.0,1280.0,20.0,640.0,33280.0,520.0,983040.0,47104.0,23.0,47104.0,7680.0,400.0,25600.0,215040.0,33280.0
0.0,qld-mean-crossfit-t0.5,0.04334159693791406,0.04334159693791406,250,CF-A01-rare005/missing,0,0.05681639178472575,separated-unequal-rare,mean,0.013629024414874236,0,reset,0.0515301343823813,missing,0,225,0.10000000000000002,0.0,1,400,-1.671998497455188,-2.7439800907289835,-2.60195642655249,-1.9048140842324754,-0.2599074553159229,0.2743175625937481,0.9009186082548327,0.09069430443548387,crossfit,2,0.24816969300788677,CF-A01-rare005,0.5,1.9703338000108488,25600.0,1280.0,20.0,640.0,33280.0,520.0,983040.0,47104.0,23.0,47104.0,7680.0,400.0,25600.0,215040.0,33280.0
0.0,qld-sharp-deleted-t0.5,0.04334159693791406,0.036211496815536925,400,CF-A01-rare005/missing,0,0.036211496815536925,separated-unequal-rare,sharp,-0.002444422683029135,0,reset,0.0515301343823813,missing,0,225,0.10585937500000002,0.0,1,400,-1.5747119387319681,-2.8288004448510087,-2.6363259172887514,-1.742391808071491,-0.07436075299583374,0.5554723105338147,0.9777053960603834,0.07603011592741936,reused_deleted,2,0.2188680848001965,CF-A01-rare005,0.5,2.1439795000187587,25600.0,640.0,10.0,640.0,25600.0,400.0,975360.0,47104.0,23.0,47104.0,7680.0,400.0,25600.0,215040.0,25600.0
0.0,qld-sharp-crossfit-t0.5,0.04334159693791406,0.04320755858514236,325,CF-A01-rare005/missing,0,0.04800539639055712,separated-unequal-rare,sharp,0.0008408987347006125,0,reset,0.0515301343823813,missing,0,225,0.10000000000000002,0.0,1,400,-1.6321374879554333,-2.719687059908828,-2.60585921931246,-1.880323795517623,-0.1675604517728365,0.4519372649423268,0.9368832249493724,0.08297631048387097,crossfit,2,0.22562995213220993,CF-A01-rare005,0.5,2.337905699998373,25600.0,1280.0,20.0,640.0,33280.0,520.0,983040.0,47104.0,23.0,47104.0,7680.0,400.0,25600.0,215040.0,33280.0
0.0,qld-kgrad-crossfit-t0.5,0.04334159693791406,0.026747060776584286,400,CF-A01-rare005/missing,0,0.026747060776584286,separated-unequal-rare,kgrad,-0.0025057335541525116,0,reset,0.0515301343823813,missing,0,225,0.10000000000000002,0.0,1,400,-1.5878976169928518,-2.802328116058937,-2.5143025159365973,-1.7956238040732946,-0.2650282617699102,0.20796396651922705,0.8748438658606126,0.05719191028225806,crossfit,2,0.20618312251887747,CF-A01-rare005,0.5,2.515416100010043,25600.0,1280.0,20.0,640.0,33280.0,520.0,983040.0,47104.0,23.0,47104.0,7680.0,400.0,25600.0,215040.0,33280.0
0.0,qld-mean-crossfit-t1,0.04334159693791406,0.04334159693791406,250,CF-A01-rare005/missing,0,0.05110669576793536,separated-unequal-rare,mean,0.016309343262774778,0,reset,0.0515301343823813,missing,0,225,0.0876953125,0.0,1,400,-1.623113562651597,-2.943090276349077,-2.74809603396932,-1.8582110393200508,-0.04977260151309788,0.6193343178452986,0.9940108159677961,0.07787298387096774,crossfit,2,0.24749948332475633,CF-A01-rare005,1.0,2.6853874000080395,25600.0,1280.0,20.0,640.0,33280.0,520.0,983040.0,47104.0,23.0,47104.0,7680.0,400.0,25600.0,215040.0,33280.0
0.0,qld-sharp-deleted-t1,0.04334159693791406,0.04334159693791406,250,CF-A01-rare005/missing,0,0.052055248181587466,separated-unequal-rare,sharp,0.00034844963740443546,0,reset,0.0515301343823813,missing,0,225,0.04765624999999999,0.0,1,400,-1.5639665267562348,-2.881217594220145,-2.741010145065278,-1.8212811633926078,0.08779490395225029,0.9073474921387822,1.0664486999992544,0.07815650201612903,reused_deleted,2,0.2368283081694539,CF-A01-rare005,1.0,2.857723699999042,25600.0,640.0,10.0,640.0,25600.0,400.0,975360.0,47104.0,23.0,47104.0,7680.0,400.0,25600.0,215040.0,25600.0
0.0,qld-sharp-crossfit-t1,0.04334159693791406,0.04334159693791406,250,CF-A01-rare005/missing,0,0.05161578414750512,separated-unequal-rare,sharp,0.0038326162718145262,0,reset,0.0515301343823813,missing,0,225,0.05351562499999999,0.0,1,400,-1.602387083088424,-2.8808211038202103,-2.694393949639545,-1.8659293232580767,-0.012165626171765498,0.7737792573173703,1.0106446807224054,0.07828251008064516,crossfit,2,0.23873207352746784,CF-A01-rare005,1.0,3.0472993000003044,25600.0,1280.0,20.0,640.0,33280.0,520.0,983040.0,47104.0,23.0,47104.0,7680.0,400.0,25600.0,215040.0,33280.0
0.0,qld-kgrad-crossfit-t1,0.04334159693791406,0.03472826437840104,325,CF-A01-rare005/missing,0,0.03806036902076837,separated-unequal-rare,kgrad,-0.004689134310652099,0,reset,0.0515301343823813,missing,0,225,0.10000000000000002,0.0,1,400,-1.6225261182729391,-2.699602343598117,-2.5515767848917115,-1.8498836092557478,-0.18005988605816992,0.29523643484248596,0.904234998589954,0.07292716733870967,crossfit,2,0.21013241242457228,CF-A01-rare005,1.0,3.2238687000062782,25600.0,1280.0,20.0,640.0,33280.0,520.0,983040.0,47104.0,23.0,47104.0,7680.0,400.0,25600.0,215040.0,33280.0
0.0,paper-0.5,0.5559602862373525,0.024330797453356867,350,CF-A01-rare005/missing,0,0.02502941913202683,separated-unequal-rare,paper,nan,0,continuous,0.5559602862373525,missing,0,225,0.08144531250000002,0.0,1,400,-1.4965791621933486,-2.8473140478177252,-2.5460044965207023,-1.6708547574121853,0.1250323213370321,0.686233203334579,1.0218019190483305,0.05768019153225806,reused_masked,0,0.17414072852788243,CF-A01-rare005,0.5,0.6528063000005204,25600.0,1408.0,22.0,1408.0,25600.0,400.0,3276800.0,47104.0,23.0,47104.0,25600.0,400.0,25600.0,0.0,25600.0
0.0,qld-v1,0.048190352704459594,0.04126621775446182,400,CF-A01-rare005/missing,0,0.04126621775446182,separated-unequal-rare,paper,-0.0017427571533108477,0,carry,0.04844434449211321,missing,0,280,0.08031250000000002,0.0,1,400,-1.4493625554343008,-2.818333757965423,-2.599128565841183,-1.5553891452925708,0.27369803184726443,0.9256778894438114,1.0741303920977794,0.07522681451612903,reused_masked,0,0.215414669644431,CF-A01-rare005,0.5,0.8223256999917794,25600.0,640.0,10.0,640.0,25600.0,400.0,983040.0,47104.0,23.0,47104.0,7680.0,400.0,25600.0,215040.0,25600.0
0.0,qld-full,0.048190352704459594,0.042187327013630815,325,CF-A01-rare005/missing,0,0.04305427075464885,separated-unequal-rare,qld,-0.0016848451789990282,0,carry,0.04844434449211321,missing,0,280,0.059023437500000005,0.0,1,400,-1.4620801560218353,-2.946400771078966,-2.6119965776947502,-1.6658788539136677,0.39527780125182943,1.1686575945199575,1.1267375165602287,0.07779422883064516,,0,0.22317439806726444,CF-A01-rare005,,0.9618787000072189,25600.0,640.0,10.0,640.0,25600.0,400.0,0.0,47104.0,23.0,47104.0,0.0,400.0,25600.0,307200.0,25600.0
0.0,qld-paper-reset,0.048190352704459594,0.027959643565375725,400,CF-A01-rare005/missing,0,0.027959643565375725,separated-unequal-rare,paper,0.0028564466730593985,0,reset,0.04844434449211321,missing,0,280,0.03886718749999999,0.0,1,400,-1.491665079806203,-2.9074149544614403,-2.543205848100708,-1.7115679207111991,0.18636511121876892,0.8473114098425787,1.0498758914653548,0.06212197580645161,reused_masked,0,0.18278402014434048,CF-A01-rare005,0.5,1.1277428999892436,25600.0,640.0,10.0,640.0,25600.0,400.0,983040.0,47104.0,23.0,47104.0,7680.0,400.0,25600.0,215040.0,25600.0
0.0,qld-mean-crossfit-t0.2,0.048190352704459594,0.038744386837989975,400,CF-A01-rare005/missing,0,0.038744386837989975,separated-unequal-rare,mean,0.025909464585346376,0,reset,0.04844434449211321,missing,0,280,0.13437500000000002,0.0,1,400,-1.6837774962705514,-2.771472116612171,-2.5359176522719338,-2.078313363759293,-0.2935169689444704,0.30231646476648466,0.8809025037654493,0.06720955141129033,crossfit,0,0.22352205872885952,CF-A01-rare005,0.2,1.2934996999974828,25600.0,1280.0,20.0,640.0,33280.0,520.0,983040.0,47104.0,23.0,47104.0,7680.0,400.0,25600.0,215040.0,33280.0
0.0,qld-sharp-deleted-t0.2,0.048190352704459594,0.023454834398092483,375,CF-A01-rare005/missing,0,0.036012431411405865,separated-unequal-rare,sharp,0.015443167965111027,0,reset,0.04844434449211321,missing,0,280,0.10000000000000002,0.0,1,400,-1.647002814080583,-2.8688474213475326,-2.5710401786510184,-1.915350157099156,-0.17696841944865077,0.4116672232443501,0.9308343149965851,0.07557333669354839,reused_deleted,0,0.20598319195146123,CF-A01-rare005,0.2,1.4665771999862045,25600.0,640.0,10.0,640.0,25600.0,400.0,975360.0,47104.0,23.0,47104.0,7680.0,400.0,25600.0,215040.0,25600.0
0.0,qld-sharp-crossfit-t0.2,0.048190352704459594,0.028786748160371634,375,CF-A01-rare005/missing,0,0.029526318080921987,separated-unequal-rare,sharp,0.017396027670395275,0,reset,0.04844434449211321,missing,0,280,0.10000000000000002,0.0,1,400,-1.6226507637819427,-2.766311138843797,-2.528490191888602,-1.896875178875779,-0.1661964733394179,0.32616504625772885,0.9093148799437597,0.054845010080645164,crossfit,0,0.187460085713752,CF-A01-rare005,0.2,1.648123699997086,25600.0,1280.0,20.0,640.0,33280.0,520.0,983040.0,47104.0,23.0,47104.0,7680.0,400.0,25600.0,215040.0,33280.0
0.0,qld-kgrad-crossfit-t0.2,0.048190352704459594,0.03269116716772502,375,CF-A01-rare005/missing,0,0.04227310283724006,separated-unequal-rare,kgrad,0.024585582780703552,0,reset,0.04844434449211321,missing,0,280,0.13925781250000002,0.0,1,400,-1.624859302810096,-2.704584777946997,-2.470631700268663,-1.8247413858339245,-0.3664166956467467,0.2433127699345601,0.835548540600863,0.06920992943548387,crossfit,0,0.21705681348047193,CF-A01-rare005,0.2,1.817380199994659,25600.0,1280.0,20.0,640.0,33280.0,520.0,983040.0,47104.0,23.0,47104.0,7680.0,400.0,25600.0,215040.0,33280.0
0.0,qld-mean-crossfit-t0.5,0.048190352704459594,0.031599422522901044,400,CF-A01-rare005/missing,0,0.031599422522901044,separated-unequal-rare,mean,0.011229619115015632,0,reset,0.04844434449211321,missing,0,280,0.10000000000000002,0.0,1,400,-1.573573190084371,-2.645387058086914,-2.5417507568292743,-1.7907546750705314,-0.08890063355760772,0.2930687798356863,0.928567980751628,0.060641381048387094,crossfit,0,0.1986078418863274,CF-A01-rare005,0.5,1.9957442999875639,25600.0,1280.0,20.0,640.0,33280.0,520.0,983040.0,47104.0,23.0,47104.0,7680.0,400.0,25600.0,215040.0,33280.0
0.0,qld-sharp-deleted-t0.5,0.048190352704459594,0.027753408519990863,400,CF-A01-rare005/missing,0,0.027753408519990863,separated-unequal-rare,sharp,0.007791742998150442,0,reset,0.04844434449211321,missing,0,280,0.09609375000000002,0.0,1,400,-1.5438201737436323,-2.779263751788777,-2.545007840255839,-1.7873273544933692,0.030596355995913593,0.5793258326167187,0.9871361290390039,0.06183845766129032,reused_deleted,0,0.18175086481163075,CF-A01-rare005,0.5,2.1724878000095487,25600.0,640.0,10.0,640.0,25600.0,400.0,975360.0,47104.0,23.0,47104.0,7680.0,400.0,25600.0,215040.0,25600.0
0.0,qld-sharp-crossfit-t0.5,0.048190352704459594,0.027840186308337733,400,CF-A01-rare005/missing,0,0.027840186308337733,separated-unequal-rare,sharp,0.0015036062476230239,0,reset,0.04844434449211321,missing,0,280,0.10000000000000002,0.0,1,400,-1.5512276000874075,-2.762060004238735,-2.5514778030035594,-1.7961748687763979,0.006944495230777097,0.5328925391002892,0.9792643773237955,0.061539188508064516,crossfit,0,0.1804735870223896,CF-A01-rare005,0.5,2.3611148000054527,25600.0,1280.0,20.0,640.0,33280.0,520.0,983040.0,47104.0,23.0,47104.0,7680.0,400.0,25600.0,215040.0,33280.0
0.0,qld-kgrad-crossfit-t0.5,0.048190352704459594,0.02730763563816918,350,CF-A01-rare005/missing,0,0.028235629358080327,separated-unequal-rare,kgrad,0.017282031504577633,0,reset,0.04844434449211321,missing,0,280,0.10000000000000002,0.0,1,400,-1.614771359484116,-2.7539909146568218,-2.515474188930287,-1.9066578385634383,-0.16364613735402492,0.3360286625513404,0.9072949975864116,0.04780430947580645,crossfit,0,0.1833097237861446,CF-A01-rare005,0.5,2.539982299989788,25600.0,1280.0,20.0,640.0,33280.0,520.0,983040.0,47104.0,23.0,47104.0,7680.0,400.0,25600.0,215040.0,33280.0
0.0,qld-mean-crossfit-t1,0.048190352704459594,0.04135039218944603,400,CF-A01-rare005/missing,0,0.04135039218944603,separated-unequal-rare,mean,0.001736013484281429,0,reset,0.04844434449211321,missing,0,280,0.06230468749999999,0.0,1,400,-1.5056581406134764,-2.945863981802723,-2.605379183336382,-1.6859567691144952,0.2390426953934534,0.7905188762402089,1.075779808890505,0.0787077872983871,crossfit,0,0.22110245440408052,CF-A01-rare005,1.0,2.7059737000090536,25600.0,1280.0,20.0,640.0,33280.0,520.0,983040.0,47104.0,23.0,47104.0,7680.0,400.0,25600.0,215040.0,33280.0
0.0,qld-sharp-deleted-t1,0.048190352704459594,0.04082729428993237,350,CF-A01-rare005/missing,0,0.04376272693804162,separated-unequal-rare,sharp,0.00902654912158285,0,reset,0.04844434449211321,missing,0,280,0.060195312499999994,0.0,1,400,-1.5035658206852245,-3.196489940967518,-2.6255408607672597,-1.705171600368343,0.3053421658226227,0.9118447583106947,1.1204256468001705,0.07807774697580645,reused_deleted,0,0.23407479840490836,CF-A01-rare005,1.0,2.878992499987362,25600.0,640.0,10.0,640.0,25600.0,400.0,975360.0,47104.0,23.0,47104.0,7680.0,400.0,25600.0,215040.0,25600.0
0.0,qld-sharp-crossfit-t1,0.048190352704459594,0.04012203914868584,400,CF-A01-rare005/missing,0,0.04012203914868584,separated-unequal-rare,sharp,-0.0004965596451353971,0,reset,0.04844434449211321,missing,0,280,0.046523437499999994,0.0,1,400,-1.487430221803536,-2.9705755738132145,-2.596557409492191,-1.6703460755962452,0.27436380741184657,0.8753804539205555,1.0826167769833015,0.07695942540322581,crossfit,0,0.21639257238439494,CF-A01-rare005,1.0,3.0650626000133343,25600.0,1280.0,20.0,640.0,33280.0,520.0,983040.0,47104.0,23.0,47104.0,7680.0,400.0,25600.0,215040.0,33280.0
0.0,qld-kgrad-crossfit-t1,0.048190352704459594,0.024246718998856664,350,CF-A01-rare005/missing,0,0.030001445800254878,separated-unequal-rare,kgrad,0.010194187348569583,0,reset,0.04844434449211321,missing,0,280,0.10000000000000002,0.0,1,400,-1.5987253344899999,-2.9181549169320404,-2.504476720503777,-1.919847135244876,-0.06017086790277477,0.5380576097133004,0.9473609579807861,0.047064012096774195,crossfit,0,0.18039145443361182,CF-A01-rare005,1.0,3.234388399985619,25600.0,1280.0,20.0,640.0,33280.0,520.0,983040.0,47104.0,23.0,47104.0,7680.0,400.0,25600.0,215040.0,33280.0
0.0,paper-0.5,2.140672917996646,0.030665539956210575,250,CF-A01-rare005/concentrated,0,0.033529822303838275,separated-unequal-rare,paper,nan,0,continuous,2.140672917996646,concentrated,0,75,0.090625,0.0,1,400,-1.5650274699105204,-2.5949451257086915,-2.511749754136074,-1.8719520420916829,-0.13901189168549485,0.7796882094400756,0.9295674242773871,0.06226373487903226,reused_masked,0,0.21696876583044009,CF-A01-rare005,0.5,0.6580924000008963,25600.0,1408.0,22.0,1408.0,25600.0,400.0,3276800.0,47104.0,23.0,47104.0,25600.0,400.0,25600.0,0.0,25600.0
0.0,qld-v1,0.04889101061945755,0.04742521171357472,350,CF-A01-rare005/concentrated,0,0.05183507150307398,separated-unequal-rare,paper,-0.004960354340912687,0,carry,0.06164442288685823,concentrated,0,75,0.03398437499999999,0.0,1,400,-1.5149577899864655,-2.75386291356046,-2.5751659474489355,-1.7797576750045867,0.01663064184749981,1.1336528765659353,0.9973182560684802,0.07237588205645161,reused_masked,0,0.22722054762601915,CF-A01-rare005,0.5,0.826850999990711,25600.0,640.0,10.0,640.0,25600.0,400.0,983040.0,47104.0,23.0,47104.0,7680.0,400.0,25600.0,215040.0,25600.0
0.0,qld-full,0.04889101061945755,0.04845874348334389,350,CF-A01-rare005/concentrated,0,0.06882580950918848,separated-unequal-rare,qld,-0.010514873909523548,0,carry,0.06164442288685823,concentrated,0,75,0.05234375,0.0,1,400,-1.4949200809186152,-2.6383539381183923,-2.49213173876505,-1.7605134861037126,-0.06367544052517742,1.2201154689656126,0.9530482832411984,0.08740234375,,0,0.2367512078809839,CF-A01-rare005,,0.9647883999859914,25600.0,640.0,10.0,640.0,25600.0,400.0,0.0,47104.0,23.0,47104.0,0.0,400.0,25600.0,307200.0,25600.0
0.0,qld-paper-reset,0.04889101061945755,0.047300496809447035,300,CF-A01-rare005/concentrated,0,0.06844324424989967,separated-unequal-rare,paper,-0.011591679591535842,0,reset,0.06164442288685823,concentrated,0,75,0.07871093750000001,0.0,1,400,-1.4932605518946422,-2.6181392920604063,-2.4701070541838743,-1.7261787871300893,-0.14028850312394833,0.9730508891179833,0.9093418108275876,0.08647303427419355,reused_masked,0,0.2474245778385315,CF-A01-rare005,0.5,1.1302247999992687,25600.0,640.0,10.0,640.0,25600.0,400.0,983040.0,47104.0,23.0,47104.0,7680.0,400.0,25600.0,215040.0,25600.0
0.0,qld-mean-crossfit-t0.2,0.04889101061945755,0.04853670037566138,282,CF-A01-rare005/concentrated,0,0.06613347932777591,separated-unequal-rare,mean,-0.011461644930691905,0,reset,0.06164442288685823,concentrated,0,75,0.23828125,0.0,1,400,-1.634178347944661,-2.437464579848147,-2.3906918334367346,-2.090286134055413,-0.13442788636991032,1.1161426834868255,0.9352425842745926,0.09719947076612903,crossfit,0,0.2547340195885888,CF-A01-rare005,0.2,1.2937809999857564,25600.0,1280.0,20.0,640.0,33280.0,520.0,983040.0,47104.0,23.0,47104.0,7680.0,400.0,25600.0,215040.0,33280.0
0.0,qld-sharp-deleted-t0.2,0.04889101061945755,0.03634733652887978,350,CF-A01-rare005/concentrated,0,0.04924479239762358,separated-unequal-rare,sharp,-0.014116265095250657,0,reset,0.06164442288685823,concentrated,0,75,0.1728515625,0.0,1,400,-1.6232096559162277,-2.509930702728283,-2.465003623917672,-2.0151336850178447,-0.16135656392199726,1.0368543431354946,0.9439591533940184,0.051946824596774195,reused_deleted,0,0.22099624147965685,CF-A01-rare005,0.2,1.4607753999880515,25600.0,640.0,10.0,640.0,25600.0,400.0,975360.0,47104.0,23.0,47104.0,7680.0,400.0,25600.0,215040.0,25600.0
0.0,qld-sharp-crossfit-t0.2,0.04889101061945755,0.03807023483037786,350,CF-A01-rare005/concentrated,0,0.05101972365246232,separated-unequal-rare,sharp,-0.014210661215815046,0,reset,0.06164442288685823,concentrated,0,75,0.1416015625,0.0,1,400,-1.5777175913513424,-2.4936352549259855,-2.4382938742125653,-1.9765129500878609,-0.10560399754156077,1.116322451199161,0.9524868211680461,0.07664440524193548,crossfit,0,0.22161111809689638,CF-A01-rare005,0.2,1.6430675000010524,25600.0,1280.0,20.0,640.0,33280.0,520.0,983040.0,47104.0,23.0,47104.0,7680.0,400.0,25600.0,215040.0,33280.0
0.0,qld-kgrad-crossfit-t0.2,0.04889101061945755,0.03891770328423161,350,CF-A01-rare005/concentrated,0,0.06390554934274761,separated-unequal-rare,kgrad,-0.011080036929918657,0,reset,0.06164442288685823,concentrated,0,75,0.2353515625,0.0,1,400,-1.649090232671834,-2.4694565035230234,-2.418096864093521,-2.0819348977660717,-0.19042322533403158,1.0094702091920065,0.9229511859787849,0.0807711693548387,crossfit,0,0.25680090000358463,CF-A01-rare005,0.2,1.8133072000055108,25600.0,1280.0,20.0,640.0,33280.0,520.0,983040.0,47104.0,23.0,47104.0,7680.0,400.0,25600.0,215040.0,33280.0
0.0,qld-mean-crossfit-t0.5,0.04889101061945755,0.039691488518043494,350,CF-A01-rare005/concentrated,0,0.07174064958625315,separated-unequal-rare,mean,-0.014668355114226594,0,reset,0.06164442288685823,concentrated,0,75,0.08242187500000002,0.0,1,400,-1.4471279320563215,-2.5244553174436004,-2.389440384894455,-1.7144354527219985,-0.06345722443337162,0.9135618632498456,0.9102097386211425,0.10370463709677419,crossfit,0,0.24549247491543613,CF-A01-rare005,0.5,1.9955383999913465,25600.0,1280.0,20.0,640.0,33280.0,520.0,983040.0,47104.0,23.0,47104.0,7680.0,400.0,25600.0,215040.0,33280.0
0.0,qld-sharp-deleted-t0.5,0.04889101061945755,0.045844025073966455,350,CF-A01-rare005/concentrated,0,0.060789919246927004,separated-unequal-rare,sharp,-0.010750976763733933,0,reset,0.06164442288685823,concentrated,0,75,0.05234375,0.0,1,400,-1.505863491350484,-2.612170696066662,-2.4773450878421013,-1.763011644852622,-0.12141822434705059,0.9794513598132523,0.9248800015914342,0.08107043850806452,reused_deleted,0,0.2362222641361329,CF-A01-rare005,0.5,2.1778186000010464,25600.0,640.0,10.0,640.0,25600.0,400.0,975360.0,47104.0,23.0,47104.0,7680.0,400.0,25600.0,215040.0,25600.0
0.0,qld-sharp-crossfit-t0.5,0.04889101061945755,0.04044160384407047,350,CF-A01-rare005/concentrated,0,0.06765574290938092,separated-unequal-rare,sharp,-0.01416752743301175,0,reset,0.06164442288685823,concentrated,0,75,0.07851562500000002,0.0,1,400,-1.4584539894663553,-2.556044215074432,-2.416680301786243,-1.712122266791261,-0.06634077992080427,0.9320220381317025,0.9156532818133588,0.0939547631048387,crossfit,0,0.23902880930205878,CF-A01-rare005,0.5,2.3626070999889635,25600.0,1280.0,20.0,640.0,33280.0,520.0,983040.0,47104.0,23.0,47104.0,7680.0,400.0,25600.0,215040.0,33280.0
0.0,qld-kgrad-crossfit-t0.5,0.04889101061945755,0.041539029007409356,400,CF-A01-rare005/concentrated,0,0.041539029007409356,separated-unequal-rare,kgrad,-0.01391409476534089,0,reset,0.06164442288685823,concentrated,0,75,0.12597656249999997,0.0,1,400,-1.569108896339964,-2.5190512211839056,-2.4623420075378997,-1.959361383666558,-0.0664009508042019,1.06912357126357,0.971166702376209,0.051364037298387094,crossfit,0,0.20169550267260172,CF-A01-rare005,0.5,2.5365269999892917,25600.0,1280.0,20.0,640.0,33280.0,520.0,983040.0,47104.0,23.0,47104.0,7680.0,400.0,25600.0,215040.0,33280.0
0.0,qld-mean-crossfit-t1,0.04889101061945755,0.03885451676751828,350,CF-A01-rare005/concentrated,0,0.05267894969698439,separated-unequal-rare,mean,-0.015341239739924406,0,reset,0.06164442288685823,concentrated,0,75,0.08242187500000002,0.0,1,400,-1.4520488163782097,-2.6007166310216983,-2.480995985652034,-1.688997214175864,0.04506222306668549,0.8091226135255373,0.95005235750332,0.07777847782258064,crossfit,0,0.22069059011902897,CF-A01-rare005,1.0,2.705685499997344,25600.0,1280.0,20.0,640.0,33280.0,520.0,983040.0,47104.0,23.0,47104.0,7680.0,400.0,25600.0,215040.0,33280.0
0.0,qld-sharp-deleted-t1,0.04889101061945755,0.045543908695853785,300,CF-A01-rare005/concentrated,0,0.06200453609616985,separated-unequal-rare,sharp,-0.010539774672759128,0,reset,0.06164442288685823,concentrated,0,75,0.054296875,0.0,1,400,-1.4834173446433145,-2.7002328748302395,-2.520965566920295,-1.7292832863832925,-0.045384006400146726,1.0948662077015707,0.961163528350798,0.07929057459677419,reused_deleted,0,0.23669463435858334,CF-A01-rare005,1.0,2.8772869000094943,25600.0,640.0,10.0,640.0,25600.0,400.0,975360.0,47104.0,23.0,47104.0,7680.0,400.0,25600.0,215040.0,25600.0
0.0,qld-sharp-crossfit-t1,0.04889101061945755,0.039083318771378606,350,CF-A01-rare005/concentrated,0,0.05556322893719057,separated-unequal-rare,sharp,-0.015014068982919904,0,reset,0.06164442288685823,concentrated,0,75,0.08632812500000002,0.0,1,400,-1.4429853333716438,-2.5794626749694958,-2.4656107805282503,-1.7024699695401095,0.06277022533507476,0.8619322373084628,0.9502422709935751,0.08031439012096774,crossfit,0,0.22081106543757642,CF-A01-rare005,1.0,3.070174799999222,25600.0,1280.0,20.0,640.0,33280.0,520.0,983040.0,47104.0,23.0,47104.0,7680.0,400.0,25600.0,215040.0,33280.0
0.0,qld-kgrad-crossfit-t1,0.04889101061945755,0.04359382304810544,375,CF-A01-rare005/concentrated,0,0.04431655956856084,separated-unequal-rare,kgrad,-0.014294585833889206,0,reset,0.06164442288685823,concentrated,0,75,0.1072265625,0.0,1,400,-1.5266621972535837,-2.4984386745139404,-2.4328581125206132,-1.8849351714073834,-0.023897299716114113,0.9889019964342328,0.9587816385260186,0.07237588205645161,crossfit,0,0.21025146726803998,CF-A01-rare005,1.0,3.242079499992542,25600.0,1280.0,20.0,640.0,33280.0,520.0,983040.0,47104.0,23.0,47104.0,7680.0,400.0,25600.0,215040.0,33280.0
0.0,paper-0.5,1.9001883139059839,0.03471659180793463,350,CF-A01-rare005/concentrated,0,0.040120814129327664,separated-unequal-rare,paper,nan,0,continuous,1.9001883139059839,concentrated,0,75,0.0758203125,0.0,1,400,-1.414868306641995,-2.745306724496982,-2.6285779769094573,-1.6858935904039236,0.2914530795664263,1.2692042582979994,1.1144042409263977,0.07139931955645161,reused_masked,1,0.22611416778890073,CF-A01-rare005,0.5,0.6547875999822281,25600.0,1408.0,22.0,1408.0,25600.0,400.0,3276800.0,47104.0,23.0,47104.0,25600.0,400.0,25600.0,0.0,25600.0
0.0,qld-v1,0.039142882483878205,0.039142882483878205,125,CF-A01-rare005/concentrated,0,0.05568227580705987,separated-unequal-rare,paper,-0.0024365809987456633,0,carry,0.06597217776854847,concentrated,0,75,0.07699218749999999,0.0,1,400,-1.5281731067521704,-2.7400835526077003,-2.5755700079640804,-1.8533138984103104,0.1108792274771338,1.3443942503458814,1.0373980650840615,0.07086378528225806,reused_masked,1,0.2103483081877222,CF-A01-rare005,0.5,0.8201783999975305,25600.0,640.0,10.0,640.0,25600.0,400.0,983040.0,47104.0,23.0,47104.0,7680.0,400.0,25600.0,215040.0,25600.0
0.0,qld-full,0.039142882483878205,0.039142882483878205,125,CF-A01-rare005/concentrated,0,0.048075018694700766,separated-unequal-rare,qld,0.002520145915023697,0,carry,0.06597217776854847,concentrated,0,75,0.07210937499999999,0.0,1,400,-1.5052588587216338,-2.6565870128505495,-2.5376443147540195,-1.8405861362315894,0.15161245930254583,1.3529436947004012,1.0399913545681987,0.0703125,,1,0.2020989156162714,CF-A01-rare005,,0.9573536999814678,25600.0,640.0,10.0,640.0,25600.0,400.0,0.0,47104.0,23.0,47104.0,0.0,400.0,25600.0,307200.0,25600.0
0.0,qld-paper-reset,0.039142882483878205,0.039142882483878205,125,CF-A01-rare005/concentrated,0,0.054469949097402104,separated-unequal-rare,paper,0.014330891818359559,0,reset,0.06597217776854847,concentrated,0,75,0.05937499999999999,0.0,1,400,-1.5402170010155682,-2.757591245224925,-2.600872796659372,-1.833045860301466,0.03016276123200523,1.0984038367821474,1.0180353947541299,0.06900516633064516,reused_masked,1,0.21145035699486212,CF-A01-rare005,0.5,1.1198994999867864,25600.0,640.0,10.0,640.0,25600.0,400.0,983040.0,47104.0,23.0,47104.0,7680.0,400.0,25600.0,215040.0,25600.0
0.0,qld-mean-crossfit-t0.2,0.039142882483878205,0.039142882483878205,125,CF-A01-rare005/concentrated,0,0.17579717761175795,separated-unequal-rare,mean,0.061960034020063004,0,reset,0.06597217776854847,concentrated,0,75,0.34179687499999994,0.0,1,400,-1.8338667597459064,-2.552124588978208,-2.506164131588586,-2.3146817708201617,-0.46229472578473324,0.6658422141573358,0.8673443683879456,0.11647870463709678,crossfit,1,0.35095396643486354,CF-A01-rare005,0.2,1.2841029999835882,25600.0,1280.0,20.0,640.0,33280.0,520.0,983040.0,47104.0,23.0,47104.0,7680.0,400.0,25600.0,215040.0,33280.0
0.0,qld-sharp-deleted-t0.2,0.039142882483878205,0.039142882483878205,125,CF-A01-rare005/concentrated,0,0.10183977413340228,separated-unequal-rare,sharp,0.01902221706579721,0,reset,0.06597217776854847,concentrated,0,75,0.2333984375,0.0,1,400,-1.7197761596689194,-2.5449238949215562,-2.4950386514903578,-2.140540537292795,-0.24462723362692548,0.8514962998218891,0.9192523348628364,0.07287991431451613,reused_deleted,1,0.24731996852053315,CF-A01-rare005,0.2,1.4546403999847826,25600.0,640.0,10.0,640.0,25600.0,400.0,975360.0,47104.0,23.0,47104.0,7680.0,400.0,25600.0,215040.0,25600.0
0.0,qld-sharp-crossfit-t0.2,0.039142882483878205,0.039142882483878205,125,CF-A01-rare005/concentrated,0,0.09781543982631735,separated-unequal-rare,sharp,0.05316117279064625,0,reset,0.06597217776854847,concentrated,0,75,0.23828125,0.0,1,400,-1.6878823899801536,-2.5201389272300116,-2.4738021930391727,-2.1610683659591867,-0.09201320559083558,1.0847911772019476,0.9721159169046235,0.06464213709677419,crossfit,1,0.2295831093591942,CF-A01-rare005,0.2,1.6354019999853335,25600.0,1280.0,20.0,640.0,33280.0,520.0,983040.0,47104.0,23.0,47104.0,7680.0,400.0,25600.0,215040.0,33280.0
0.0,qld-kgrad-crossfit-t0.2,0.039142882483878205,0.039142882483878205,125,CF-A01-rare005/concentrated,0,0.1348812027363644,separated-unequal-rare,kgrad,0.04269161497502094,0,reset,0.06597217776854847,concentrated,0,75,0.34179687499999994,0.0,1,400,-1.7757920250892187,-2.5646197361111307,-2.503309496682283,-2.3141336729910322,-0.1905526597105358,1.012919590745491,0.9469675851289894,0.07729019657258064,crossfit,1,0.2965852575560801,CF-A01-rare005,0.2,1.8081296999880578,25600.0,1280.0,20.0,640.0,33280.0,520.0,983040.0,47104.0,23.0,47104.0,7680.0,400.0,25600.0,215040.0,33280.0
0.0,qld-mean-crossfit-t0.5,0.039142882483878205,0.039142882483878205,125,CF-A01-rare005/concentrated,0,0.06727867338546822,separated-unequal-rare,mean,0.07630094815627109,0,reset,0.06597217776854847,concentrated,0,75,0.12597656249999997,0.0,1,400,-1.601664906642599,-2.763787948489158,-2.625294121586745,-1.9407353929263453,-0.0499426698410089,1.0260192497215126,1.0144403208387145,0.07276965725806452,crossfit,1,0.22080902521038523,CF-A01-rare005,0.5,1.9822402999852784,25600.0,1280.0,20.0,640.0,33280.0,520.0,983040.0,47104.0,23.0,47104.0,7680.0,400.0,25600.0,215040.0,33280.0
0.0,qld-sharp-deleted-t0.5,0.039142882483878205,0.039142882483878205,125,CF-A01-rare005/concentrated,0,0.059135237185775846,separated-unequal-rare,sharp,0.012801496654588407,0,reset,0.06597217776854847,concentrated,0,75,0.0876953125,0.0,1,400,-1.5683300206449302,-2.759346060976992,-2.6187357436979353,-1.8979550923793491,0.01045504460008635,1.0542975003143484,1.026820714472036,0.07122605846774194,reused_deleted,1,0.21429015722784128,CF-A01-rare005,0.5,2.149506499990821,25600.0,640.0,10.0,640.0,25600.0,400.0,975360.0,47104.0,23.0,47104.0,7680.0,400.0,25600.0,215040.0,25600.0
0.0,qld-sharp-crossfit-t0.5,0.039142882483878205,0.039142882483878205,125,CF-A01-rare005/concentrated,0,0.058148335646762694,separated-unequal-rare,sharp,0.07541032342672671,0,reset,0.06597217776854847,concentrated,0,75,0.1140625,0.0,1,400,-1.5646716034494048,-2.7697802290996676,-2.6452882143399683,-1.912249226479276,0.05457331082276952,1.1068469277446424,1.0565153380333931,0.06939894153225806,crossfit,1,0.2166323678696817,CF-A01-rare005,0.5,2.333091599983163,25600.0,1280.0,20.0,640.0,33280.0,520.0,983040.0,47104.0,23.0,47104.0,7680.0,400.0,25600.0,215040.0,33280.0
0.0,qld-kgrad-crossfit-t0.5,0.039142882483878205,0.039142882483878205,125,CF-A01-rare005/concentrated,0,0.10168464301126345,separated-unequal-rare,kgrad,0.06592449028839309,0,reset,0.06597217776854847,concentrated,0,75,0.2421875,0.0,1,400,-1.7113963099840013,-2.5967511340194034,-2.5108087893824655,-2.1722903022362092,-0.14796181178927723,0.9425159942303274,0.9496746040336289,0.07204511088709678,crossfit,1,0.24093957674609257,CF-A01-rare005,0.5,2.499281099997461,25600.0,1280.0,20.0,640.0,33280.0,520.0,983040.0,47104.0,23.0,47104.0,7680.0,400.0,25600.0,215040.0,33280.0
0.0,qld-mean-crossfit-t1,0.039142882483878205,0.039142882483878205,125,CF-A01-rare005/concentrated,0,0.05738861255211014,separated-unequal-rare,mean,0.08545369556031845,0,reset,0.06597217776854847,concentrated,0,75,0.1187890625,0.0,1,400,-1.5678720168834892,-2.8585704865993717,-2.692238882874746,-1.8951066831273882,0.19051618702545953,1.352366286710991,1.099465879852013,0.07336819556451613,crossfit,1,0.2236503401659064,CF-A01-rare005,1.0,2.677672599995276,25600.0,1280.0,20.0,640.0,33280.0,520.0,983040.0,47104.0,23.0,47104.0,7680.0,400.0,25600.0,215040.0,33280.0
0.0,qld-sharp-deleted-t1,0.039142882483878205,0.039142882483878205,125,CF-A01-rare005/concentrated,0,0.05358716097939409,separated-unequal-rare,sharp,0.006763866378225902,0,reset,0.06597217776854847,concentrated,0,75,0.0709375,0.0,1,400,-1.512879645642235,-2.8305161330870607,-2.646865091661399,-1.825605501318315,0.12152444852641991,1.2550312793142286,1.0746636100219222,0.07015498991935484,reused_deleted,1,0.22139420413813496,CF-A01-rare005,1.0,2.8409570999792777,25600.0,640.0,10.0,640.0,25600.0,400.0,975360.0,47104.0,23.0,47104.0,7680.0,400.0,25600.0,215040.0,25600.0
0.0,qld-sharp-crossfit-t1,0.039142882483878205,0.039142882483878205,125,CF-A01-rare005/concentrated,0,0.05149387124675808,separated-unequal-rare,sharp,0.09039276238877991,0,reset,0.06597217776854847,concentrated,0,75,0.10921874999999999,0.0,1,400,-1.5471625085107896,-2.7989495067534227,-2.648117545560258,-1.8796129354308375,0.20914291328445286,1.3649502650448773,1.0936587087849914,0.07013923891129033,crossfit,1,0.215526868420837,CF-A01-rare005,1.0,3.019627599976957,25600.0,1280.0,20.0,640.0,33280.0,520.0,983040.0,47104.0,23.0,47104.0,7680.0,400.0,25600.0,215040.0,33280.0
0.0,qld-kgrad-crossfit-t1,0.039142882483878205,0.039142882483878205,125,CF-A01-rare005/concentrated,0,0.06973678957595242,separated-unequal-rare,kgrad,0.06950094055586287,0,reset,0.06597217776854847,concentrated,0,75,0.18359375,0.0,1,400,-1.6289862067297485,-2.6347207134926607,-2.5328528764470635,-2.0948569208721484,0.05969511845068745,1.0838461253045277,1.0241658694409672,0.064453125,crossfit,1,0.20423314823243438,CF-A01-rare005,1.0,3.1996473999752197,25600.0,1280.0,20.0,640.0,33280.0,520.0,983040.0,47104.0,23.0,47104.0,7680.0,400.0,25600.0,215040.0,33280.0
0.0,paper-0.5,0.883541311497704,0.03350983119615969,400,CF-A02-rare010/missing,0,0.03350983119615969,separated-unequal-rare,paper,nan,0,continuous,0.883541311497704,missing,0,175,0.07671875000000003,0.0,1,400,-1.6996011491914063,-3.371991616700071,-3.129836076111806,-1.8012205947914086,0.4087294800056303,1.4658858877765004,1.3572997667941002,0.05816847278225806,reused_masked,0,0.26490513007875105,CF-A02-rare010,0.5,0.6583702999923844,25600.0,1408.0,22.0,1408.0,25600.0,400.0,3276800.0,47104.0,23.0,47104.0,25600.0,400.0,25600.0,0.0,25600.0
0.0,qld-v1,0.07143045319234642,0.0620440146182204,400,CF-A02-rare010/missing,0,0.0620440146182204,separated-unequal-rare,paper,-0.0032370664863154985,0,carry,0.08730125289315604,missing,0,175,0.108125,0.0,1,400,-1.6147484132130274,-3.4048360183174617,-3.1857038809302685,-1.863094630930318,0.6917163454799902,1.5388273677545607,1.4301192280466635,0.06703629032258064,reused_masked,0,0.2938989565835443,CF-A02-rare010,0.5,0.82434709998779,25600.0,640.0,10.0,640.0,25600.0,400.0,983040.0,47104.0,23.0,47104.0,7680.0,400.0,25600.0,215040.0,25600.0
0.0,qld-full,0.07143045319234642,0.05632832927055054,300,CF-A02-rare010/missing,0,0.07648706077060052,separated-unequal-rare,qld,-0.002871377346521431,0,carry,0.08730125289315604,missing,0,175,0.12945312500000003,0.0,1,400,-1.6567795658246323,-3.3076002852151034,-2.9920642302355542,-1.9304120543608523,0.4267572298769308,1.2984347494405297,1.2695418717890883,0.09368699596774194,,0,0.3456012546323718,CF-A02-rare010,,0.9595282999798656,25600.0,640.0,10.0,640.0,25600.0,400.0,0.0,47104.0,23.0,47104.0,0.0,400.0,25600.0,307200.0,25600.0
0.0,qld-paper-reset,0.07143045319234642,0.049896068864363485,400,CF-A02-rare010/missing,0,0.049896068864363485,separated-unequal-rare,paper,-0.02174147232973689,0,reset,0.08730125289315604,missing,0,175,0.07964843750000003,0.0,1,400,-1.6879476793907193,-3.3284458425854133,-3.0741801467036574,-1.8940054892485272,0.40161731813599255,1.3286767560849984,1.31487220073236,0.07117880544354839,reused_masked,0,0.29184166547240964,CF-A02-rare010,0.5,1.1209041999827605,25600.0,640.0,10.0,640.0,25600.0,400.0,983040.0,47104.0,23.0,47104.0,7680.0,400.0,25600.0,215040.0,25600.0
0.0,qld-mean-crossfit-t0.2,0.07143045319234642,0.04965008917771119,350,CF-A02-rare010/missing,0,0.05169864664852297,separated-unequal-rare,mean,-0.010166467272610502,0,reset,0.08730125289315604,missing,0,175,0.2216406249999999,0.0,1,400,-2.031473584937867,-3.3244072983212267,-3.151517737028992,-2.2916288358912644,-0.3450688091036068,0.21194093264949548,1.0929145956638604,0.10222404233870967,crossfit,0,0.4713374588061006,CF-A02-rare010,0.2,1.282337099983124,25600.0,1280.0,20.0,640.0,33280.0,520.0,983040.0,47104.0,23.0,47104.0,7680.0,400.0,25600.0,215040.0,33280.0
0.0,qld-sharp-deleted-t0.2,0.07143045319234642,0.03165219661524765,400,CF-A02-rare010/missing,0,0.03165219661524765,separated-unequal-rare,sharp,-0.01194325257623663,0,reset,0.08730125289315604,missing,0,175,0.10558593749999987,0.0,1,400,-1.7120654282540035,-3.3513293729670908,-3.0841144095055957,-1.8906928376452456,0.5668509920922573,1.518282625767393,1.381516831000144,0.06275201612903226,reused_deleted,0,0.26043090486115705,CF-A02-rare010,0.2,1.46168409998063,25600.0,640.0,10.0,640.0,25600.0,400.0,975360.0,47104.0,23.0,47104.0,7680.0,400.0,25600.0,215040.0,25600.0
0.0,qld-sharp-crossfit-t0.2,0.07143045319234642,0.03657945019785647,400,CF-A02-rare010/missing,0,0.03657945019785647,separated-unequal-rare,sharp,-0.0017256193672534614,0,reset,0.08730125289315604,missing,0,175,0.10949218749999987,0.0,1,400,-1.6635709867591095,-3.3452679001560712,-3.1379195338691126,-1.8745356664669661,0.7968846141571749,1.7073521838581636,1.4745771833162313,0.05810546875,crossfit,0,0.24279424458738053,CF-A02-rare010,0.2,1.6375346999848261,25600.0,1280.0,20.0,640.0,33280.0,520.0,983040.0,47104.0,23.0,47104.0,7680.0,400.0,25600.0,215040.0,33280.0
0.0,qld-kgrad-crossfit-t0.2,0.07143045319234642,0.03172815329441847,400,CF-A02-rare010/missing,0,0.03172815329441847,separated-unequal-rare,kgrad,0.003263907035531144,0,reset,0.08730125289315604,missing,0,175,0.11144531249999987,0.0,1,400,-1.682774143762446,-3.2973094131975054,-3.0973020498110166,-1.9092219551553966,0.7016850114421791,1.6434444238050998,1.4419269064874345,0.05423072076612903,crossfit,0,0.24144362694226001,CF-A02-rare010,0.2,1.810523699998157,25600.0,1280.0,20.0,640.0,33280.0,520.0,983040.0,47104.0,23.0,47104.0,7680.0,400.0,25600.0,215040.0,33280.0
0.0,qld-mean-crossfit-t0.5,0.07143045319234642,0.04010476629190185,375,CF-A02-rare010/missing,0,0.04547226813246685,separated-unequal-rare,mean,-0.015577654800235763,0,reset,0.08730125289315604,missing,0,175,0.17999999999999985,0.0,1,400,-1.8639794016504152,-3.5494063205560193,-3.1812452652048764,-1.9731635909768874,-0.06309101014714591,0.45222112126622716,1.2010160699306813,0.06684727822580645,crossfit,0,0.37265323321382915,CF-A02-rare010,0.5,1.9798818999843206,25600.0,1280.0,20.0,640.0,33280.0,520.0,983040.0,47104.0,23.0,47104.0,7680.0,400.0,25600.0,215040.0,33280.0
0.0,qld-sharp-deleted-t0.5,0.07143045319234642,0.047245350163028554,400,CF-A02-rare010/missing,0,0.047245350163028554,separated-unequal-rare,sharp,-0.017855241849094483,0,reset,0.08730125289315604,missing,0,175,0.0898046874999999,0.0,1,400,-1.7243759328949038,-3.2799669705664436,-3.059218810640475,-1.9373379159417812,0.31177639257035983,1.233453161950062,1.2820447504550125,0.07828251008064516,reused_deleted,0,0.30520537622058136,CF-A02-rare010,0.5,2.1538281999819446,25600.0,640.0,10.0,640.0,25600.0,400.0,975360.0,47104.0,23.0,47104.0,7680.0,400.0,25600.0,215040.0,25600.0
0.0,qld-sharp-crossfit-t0.5,0.07143045319234642,0.04537796417115514,400,CF-A02-rare010/missing,0,0.04537796417115514,separated-unequal-rare,sharp,-0.013575148965287553,0,reset,0.08730125289315604,missing,0,175,0.0634374999999999,0.0,1,400,-1.7104365640011296,-3.4953124870602448,-3.167543181044383,-1.8807867438305044,0.3928406533290113,1.2840570911754268,1.3573377842207308,0.05971207157258065,crossfit,0,0.29047938658898953,CF-A02-rare010,0.5,2.3347517999936827,25600.0,1280.0,20.0,640.0,33280.0,520.0,983040.0,47104.0,23.0,47104.0,7680.0,400.0,25600.0,215040.0,33280.0
0.0,qld-kgrad-crossfit-t0.5,0.07143045319234642,0.03466403383657135,400,CF-A02-rare010/missing,0,0.03466403383657135,separated-unequal-rare,kgrad,-0.004348177517242036,0,reset,0.08730125289315604,missing,0,175,0.09386718749999987,0.0,1,400,-1.691645798156007,-3.2924500023725685,-3.1420489078207092,-1.856077612441641,0.6427184473452039,1.5150079856089453,1.422250428209155,0.0630827872983871,crossfit,0,0.2531398079405057,CF-A02-rare010,0.5,2.505801399995107,25600.0,1280.0,20.0,640.0,33280.0,520.0,983040.0,47104.0,23.0,47104.0,7680.0,400.0,25600.0,215040.0,33280.0
0.0,qld-mean-crossfit-t1,0.07143045319234642,0.060545659130428975,375,CF-A02-rare010/missing,0,0.07093638051451845,separated-unequal-rare,mean,-0.01972190793921036,0,reset,0.08730125289315604,missing,0,175,0.126875,0.0,1,400,-1.6730217719170453,-3.520039953288123,-3.1612834361548887,-1.830714612133492,0.2913452778551067,0.993047821105298,1.2807259861719629,0.07141507056451613,crossfit,0,0.3374421722779292,CF-A02-rare010,1.0,2.6750660999969114,25600.0,1280.0,20.0,640.0,33280.0,520.0,983040.0,47104.0,23.0,47104.0,7680.0,400.0,25600.0,215040.0,33280.0
0.0,qld-sharp-deleted-t1,0.07143045319234642,0.052275217294020626,325,CF-A02-rare010/missing,0,0.05279088452721181,separated-unequal-rare,sharp,-0.014834169639553973,0,reset,0.08730125289315604,missing,0,175,0.09234375000000003,0.0,1,400,-1.697687506737804,-3.3261074743332264,-3.137616664166022,-1.9035423388105794,0.43852743634349794,1.2682574592556952,1.321049769980502,0.06891066028225806,reused_deleted,0,0.3108941988892031,CF-A02-rare010,1.0,2.8413911999959964,25600.0,640.0,10.0,640.0,25600.0,400.0,975360.0,47104.0,23.0,47104.0,7680.0,400.0,25600.0,215040.0,25600.0
0.0,qld-sharp-crossfit-t1,0.07143045319234642,0.061846386338774595,350,CF-A02-rare010/missing,0,0.06760684750023249,separated-unequal-rare,sharp,-0.019845097578051973,0,reset,0.08730125289315604,missing,0,175,0.07316406249999999,0.0,1,400,-1.6409822874079267,-3.6004172368070675,-3.2520396768343516,-1.8270362886697153,0.49197688024119196,1.298525022295152,1.3856373620562739,0.06684727822580645,crossfit,0,0.31787363684044356,CF-A02-rare010,1.0,3.027310799981933,25600.0,1280.0,20.0,640.0,33280.0,520.0,983040.0,47104.0,23.0,47104.0,7680.0,400.0,25600.0,215040.0,33280.0
0.0,qld-kgrad-crossfit-t1,0.07143045319234642,0.03547467173447871,400,CF-A02-rare010/missing,0,0.03547467173447871,separated-unequal-rare,kgrad,-0.013478199546269387,0,reset,0.08730125289315604,missing,0,175,0.06945312499999987,0.0,1,400,-1.6944599236931024,-3.286082602135493,-3.1177745062509308,-1.8481422913733578,0.5039380545814671,1.37898469807052,1.377933191878853,0.05755418346774194,crossfit,0,0.25635362408235346,CF-A02-rare010,1.0,3.205717499979073,25600.0,1280.0,20.0,640.0,33280.0,520.0,983040.0,47104.0,23.0,47104.0,7680.0,400.0,25600.0,215040.0,33280.0
0.0,paper-0.5,2.1171587902750852,0.03158373688348415,325,CF-A01-rare005/concentrated,0,0.03862136933468796,separated-unequal-rare,paper,nan,0,continuous,2.1171587902750852,concentrated,0,75,0.017382812499999994,0.0,1,400,-1.473352829627414,-2.6199027424932875,-2.5721871911357916,-1.7500662672780238,0.07107069821770713,1.0908286328871677,1.0249409956833806,0.06771358366935484,reused_masked,2,0.19744576216865417,CF-A01-rare005,0.5,0.6675211999972817,25600.0,1408.0,22.0,1408.0,25600.0,400.0,3276800.0,47104.0,23.0,47104.0,25600.0,400.0,25600.0,0.0,25600.0
0.0,qld-v1,0.03882348499635868,0.031891866560103344,325,CF-A01-rare005/concentrated,0,0.03571884641935452,separated-unequal-rare,paper,-0.0057133217353400045,0,carry,0.03961956746190021,concentrated,0,75,0.06703125,0.0,1,400,-1.4995345465402576,-2.681109949853376,-2.570365218240316,-1.8501318797826953,0.16974912523864127,1.212864029489976,1.0555713482426983,0.0665007560483871,reused_masked,2,0.19927007659365834,CF-A01-rare005,0.5,0.8357151999953203,25600.0,640.0,10.0,640.0,25600.0,400.0,983040.0,47104.0,23.0,47104.0,7680.0,400.0,25600.0,215040.0,25600.0
0.0,qld-full,0.03882348499635868,0.0316484228824534,300,CF-A01-rare005/concentrated,0,0.05483824372674806,separated-unequal-rare,qld,-0.0029802562938818777,0,carry,0.03961956746190021,concentrated,0,75,0.030898437499999997,0.0,1,400,-1.393713364283965,-2.555405722907104,-2.45488460926216,-1.73373754907669,0.23307889755678074,1.377371913507865,1.0416816018131472,0.07957409274193548,,2,0.21152798786185759,CF-A01-rare005,,0.9697982000070624,25600.0,640.0,10.0,640.0,25600.0,400.0,0.0,47104.0,23.0,47104.0,0.0,400.0,25600.0,307200.0,25600.0
0.0,qld-paper-reset,0.03882348499635868,0.03209997893655214,325,CF-A01-rare005/concentrated,0,0.038886686953030436,separated-unequal-rare,paper,-0.002476759632413339,0,reset,0.03961956746190021,concentrated,0,75,0.075,0.0,1,400,-1.5577042295542247,-2.746709023826267,-2.6583878027514776,-1.8762900954318913,0.07285762341133374,1.1234770660995406,1.0578706523337857,0.07423450100806452,reused_masked,2,0.21541862260755207,CF-A01-rare005,0.5,1.1359835999901406,25600.0,640.0,10.0,640.0,25600.0,400.0,983040.0,47104.0,23.0,47104.0,7680.0,400.0,25600.0,215040.0,25600.0
0.0,qld-mean-crossfit-t0.2,0.03882348499635868,0.031073287761102186,300,CF-A01-rare005/concentrated,0,0.0351240676384712,separated-unequal-rare,mean,-0.003165865431542736,0,reset,0.03961956746190021,concentrated,0,75,0.27343749999999994,0.0,1,400,-1.699639249775501,-2.5302619608501757,-2.507753049908495,-2.217932756081788,-0.048425642892573006,1.1156835799690272,1.0062422078298752,0.08349609375,crossfit,2,0.241201191646203,CF-A01-rare005,0.2,1.2968910000054166,25600.0,1280.0,20.0,640.0,33280.0,520.0,983040.0,47104.0,23.0,47104.0,7680.0,400.0,25600.0,215040.0,33280.0
0.0,qld-sharp-deleted-t0.2,0.03882348499635868,0.02577418313621105,400,CF-A01-rare005/concentrated,0,0.02577418313621105,separated-unequal-rare,sharp,-0.005879199135235824,0,reset,0.03961956746190021,concentrated,0,75,0.2380859375,0.0,1,400,-1.5979821892904917,-2.6107989345895457,-2.537811844381105,-2.0385167523905743,0.035969489827801605,0.8597811991794418,1.0071246075841527,0.05911353326612903,reused_deleted,2,0.1993772252700318,CF-A01-rare005,0.2,1.4740217000071425,25600.0,640.0,10.0,640.0,25600.0,400.0,975360.0,47104.0,23.0,47104.0,7680.0,400.0,25600.0,215040.0,25600.0
0.0,qld-sharp-crossfit-t0.2,0.03882348499635868,0.02545026581883314,400,CF-A01-rare005/concentrated,0,0.02545026581883314,separated-unequal-rare,sharp,-0.006129146210879899,0,reset,0.03961956746190021,concentrated,0,75,0.1875,0.0,1,400,-1.6246072074367615,-2.49051784623103,-2.4750779180695486,-2.0606008884433225,-0.09127847771263439,1.027867408019999,0.9671405793897712,0.052466607862903226,crossfit,2,0.20212670495507895,CF-A01-rare005,0.2,1.6554360000009183,25600.0,1280.0,20.0,640.0,33280.0,520.0,983040.0,47104.0,23.0,47104.0,7680.0,400.0,25600.0,215040.0,33280.0
0.0,qld-kgrad-crossfit-t0.2,0.03882348499635868,0.030717325224174807,284,CF-A01-rare005/concentrated,0,0.031235350766375403,separated-unequal-rare,kgrad,-0.00852795028180009,0,reset,0.03961956746190021,concentrated,0,75,0.298671875,0.0,1,400,-1.5863137260401312,-2.463800925787577,-2.427478337876237,-2.216208645504246,0.27482080565235717,1.2860567636813471,1.080305380030608,0.061224168346774195,crossfit,2,0.22038563193330687,CF-A01-rare005,0.2,1.8221173000056297,25600.0,1280.0,20.0,640.0,33280.0,520.0,983040.0,47104.0,23.0,47104.0,7680.0,400.0,25600.0,215040.0,33280.0
0.0,qld-mean-crossfit-t0.5,0.03882348499635868,0.031223087745228195,350,CF-A01-rare005/concentrated,0,0.037093634805938525,separated-unequal-rare,mean,-0.00580189054776592,0,reset,0.03961956746190021,concentrated,0,75,0.108203125,0.0,1,400,-1.5946660707557192,-2.7371269063303725,-2.645650019833743,-1.9123100187961266,-0.049998589045095285,0.9306694331717241,1.011461663907589,0.07612462197580645,crossfit,2,0.22113083473531922,CF-A01-rare005,0.5,1.9924006999935955,25600.0,1280.0,20.0,640.0,33280.0,520.0,983040.0,47104.0,23.0,47104.0,7680.0,400.0,25600.0,215040.0,33280.0
0.0,qld-sharp-deleted-t0.5,0.03882348499635868,0.031499771230595774,325,CF-A01-rare005/concentrated,0,0.038876722554698206,separated-unequal-rare,sharp,-0.0036258147994221446,0,reset,0.03961956746190021,concentrated,0,75,0.1169921875,0.0,1,400,-1.5738866347266276,-2.7046580319884126,-2.645979897897099,-1.895239101973241,0.057970919082077396,1.0037993905677507,1.0441439050328734,0.0754000756048387,reused_deleted,2,0.21955580046140258,CF-A01-rare005,0.5,2.163103700004285,25600.0,640.0,10.0,640.0,25600.0,400.0,975360.0,47104.0,23.0,47104.0,7680.0,400.0,25600.0,215040.0,25600.0
0.0,qld-sharp-crossfit-t0.5,0.03882348499635868,0.029822522325460454,350,CF-A01-rare005/concentrated,0,0.03436789506654225,separated-unequal-rare,sharp,-0.006410990838329633,0,reset,0.03961956746190021,concentrated,0,75,0.0662109375,0.0,1,400,-1.5648780916160856,-2.7306953277738684,-2.637488318530687,-1.87355274080061,-0.03263418073578062,1.0415957459090448,1.0169263917217197,0.07110005040322581,crossfit,2,0.2105993612869278,CF-A01-rare005,0.5,2.3464474999927916,25600.0,1280.0,20.0,640.0,33280.0,520.0,983040.0,47104.0,23.0,47104.0,7680.0,400.0,25600.0,215040.0,33280.0
0.0,qld-kgrad-crossfit-t0.5,0.03882348499635868,0.024700698125715403,400,CF-A01-rare005/concentrated,0,0.024700698125715403,separated-unequal-rare,kgrad,0.0035138739354227955,0,reset,0.03961956746190021,concentrated,0,75,0.1494140625,0.0,1,400,-1.6066366327536938,-2.4882661044995027,-2.456638082878311,-2.0275634071547834,-0.14007647419136288,0.9026124087881573,0.9436258616754969,0.04887537802419355,crossfit,2,0.1973415524664007,CF-A01-rare005,0.5,2.5195148999919184,25600.0,1280.0,20.0,640.0,33280.0,520.0,983040.0,47104.0,23.0,47104.0,7680.0,400.0,25600.0,215040.0,33280.0
0.0,qld-mean-crossfit-t1,0.03882348499635868,0.03311399277229987,281,CF-A01-rare005/concentrated,0,0.04075555837325351,separated-unequal-rare,mean,-0.0026928725624049132,0,reset,0.03961956746190021,concentrated,0,75,0.04960937499999999,0.0,1,400,-1.5164980649234638,-2.738391766849192,-2.6103587277998006,-1.7917818083236552,0.02003931059611863,1.0800867063709187,1.0107744680947295,0.07053301411290322,crossfit,2,0.21363250765702937,CF-A01-rare005,1.0,2.6856196000007913,25600.0,1280.0,20.0,640.0,33280.0,520.0,983040.0,47104.0,23.0,47104.0,7680.0,400.0,25600.0,215040.0,33280.0
0.0,qld-sharp-deleted-t1,0.03882348499635868,0.032906510247170395,325,CF-A01-rare005/concentrated,0,0.04011066452344991,separated-unequal-rare,sharp,0.0005657376028957994,0,reset,0.03961956746190021,concentrated,0,75,0.061171874999999994,0.0,1,400,-1.4824097961103773,-2.7293366238978614,-2.605355951399376,-1.8081892176407135,0.1535620245872175,1.1967466024680025,1.0692312721700197,0.0680758568548387,reused_deleted,2,0.20433699918867085,CF-A01-rare005,1.0,2.8522254999843426,25600.0,640.0,10.0,640.0,25600.0,400.0,975360.0,47104.0,23.0,47104.0,7680.0,400.0,25600.0,215040.0,25600.0
0.0,qld-sharp-crossfit-t1,0.03882348499635868,0.03333293778653279,281,CF-A01-rare005/concentrated,0,0.0411109031821455,separated-unequal-rare,sharp,-0.004193529834163767,0,reset,0.03961956746190021,concentrated,0,75,0.03691406249999999,0.0,1,400,-1.5007140856010035,-2.7219368140354936,-2.5969931040317653,-1.7824046997195973,0.04705697913894913,1.1215623238313512,1.0160518728497212,0.07061176915322581,crossfit,2,0.21039091032526774,CF-A01-rare005,1.0,3.0392838999978267,25600.0,1280.0,20.0,640.0,33280.0,520.0,983040.0,47104.0,23.0,47104.0,7680.0,400.0,25600.0,215040.0,33280.0
0.0,qld-kgrad-crossfit-t1,0.03882348499635868,0.02537356435790028,400,CF-A01-rare005/concentrated,0,0.02537356435790028,separated-unequal-rare,kgrad,0.0010829825952050065,0,reset,0.03961956746190021,concentrated,0,75,0.100390625,0.0,1,400,-1.5579066070283991,-2.5204004286015005,-2.493179848277442,-1.9364844761636988,-0.057715517570558206,0.9174661165404958,0.9679507455540863,0.055648311491935484,crossfit,2,0.18629343373907817,CF-A01-rare005,1.0,3.2176437999878544,25600.0,1280.0,20.0,640.0,33280.0,520.0,983040.0,47104.0,23.0,47104.0,7680.0,400.0,25600.0,215040.0,33280.0
0.0,paper-0.5,1.2449739758756961,0.029337201003273528,325,CF-A02-rare010/missing,0,0.030091672240154743,separated-unequal-rare,paper,nan,0,continuous,1.2449739758756961,missing,0,125,0.10421875,0.0,1,400,-1.5560363497313352,-3.601532706188161,-3.1616992481538997,-1.6103186091879444,0.8422912325025262,1.995880860781821,1.5316587068127296,0.05944430443548387,reused_masked,1,0.21966474524744853,CF-A02-rare010,0.5,0.6707618999935221,25600.0,1408.0,22.0,1408.0,25600.0,400.0,3276800.0,47104.0,23.0,47104.0,25600.0,400.0,25600.0,0.0,25600.0
0.0,qld-v1,0.0583353160532325,0.055591131193778676,400,CF-A02-rare010/missing,0,0.055591131193778676,separated-unequal-rare,paper,-0.00020815942844443214,0,carry,0.0583353160532325,missing,0,200,0.045078125000000156,0.0,1,400,-1.6035222880168667,-3.502820223136049,-3.2067526309514354,-2.005419219353519,0.7152569853583118,1.6700541557732975,1.457086789910132,0.07097404233870967,reused_masked,1,0.29318619147747427,CF-A02-rare010,0.5,0.8321814999799244,25600.0,640.0,10.0,640.0,25600.0,400.0,983040.0,47104.0,23.0,47104.0,7680.0,400.0,25600.0,215040.0,25600.0
0.0,qld-full,0.0583353160532325,0.0551067591022405,375,CF-A02-rare010/missing,0,0.06423674405530666,separated-unequal-rare,qld,-0.0016935426187343339,0,carry,0.0583353160532325,missing,0,200,0.086640625,0.0,1,400,-1.5327011502015166,-3.2499259524251465,-3.0305939230281584,-1.9251891730932178,0.7063199086901711,1.6526098357695518,1.381172913793725,0.0842678931451613,,1,0.302077587716738,CF-A02-rare010,,0.9668811000010464,25600.0,640.0,10.0,640.0,25600.0,400.0,0.0,47104.0,23.0,47104.0,0.0,400.0,25600.0,307200.0,25600.0
0.0,qld-paper-reset,0.0583353160532325,0.05243444980145773,375,CF-A02-rare010/missing,0,0.05582059998409594,separated-unequal-rare,paper,0.0011678470376375039,0,reset,0.0583353160532325,missing,0,200,0.06843749999999996,0.0,1,400,-1.6044674028521033,-3.3219778119231402,-3.1123477306153613,-1.8802001353391422,0.5571101436490925,1.426758660249054,1.3493792255441004,0.07313193044354839,reused_masked,1,0.29264389762452614,CF-A02-rare010,0.5,1.1334642999863718,25600.0,640.0,10.0,640.0,25600.0,400.0,983040.0,47104.0,23.0,47104.0,7680.0,400.0,25600.0,215040.0,25600.0
0.0,qld-mean-crossfit-t0.2,0.0583353160532325,0.0583353160532325,280,CF-A02-rare010/missing,0,0.40006707897763283,separated-unequal-rare,mean,0.007844376590369517,0,reset,0.0583353160532325,missing,0,200,0.5257812500000001,0.0,1,400,-2.3736949693806473,-3.1468503586359597,-3.0786296377259363,-2.8275933903310655,-0.7577599670080695,0.032864560929420916,0.9019147261720178,0.1243069556451613,crossfit,1,0.770994604203355,CF-A02-rare010,0.2,1.2959584999771323,25600.0,1280.0,20.0,640.0,33280.0,520.0,983040.0,47104.0,23.0,47104.0,7680.0,400.0,25600.0,215040.0,33280.0
0.0,qld-sharp-deleted-t0.2,0.0583353160532325,0.0583353160532325,280,CF-A02-rare010/missing,0,0.05943415322304402,separated-unequal-rare,sharp,0.0039419953024750765,0,reset,0.0583353160532325,missing,0,200,0.08257812500000003,0.0,1,400,-1.7062063043773112,-3.389640229058801,-3.1776318641542614,-2.108754373482733,0.6400938913081163,1.5426937248563444,1.4202632212432467,0.06531943044354839,reused_deleted,1,0.2746487492895845,CF-A02-rare010,0.2,1.480716799997026,25600.0,640.0,10.0,640.0,25600.0,400.0,975360.0,47104.0,23.0,47104.0,7680.0,400.0,25600.0,215040.0,25600.0
0.0,qld-sharp-crossfit-t0.2,0.0583353160532325,0.043870347751982175,375,CF-A02-rare010/missing,0,0.04566320550345049,separated-unequal-rare,sharp,0.001133560906090736,0,reset,0.0583353160532325,missing,0,200,0.14566406250000016,0.0,1,400,-1.414994898992235,-3.369426877904,-3.1417757250026597,-1.7669190889025352,1.215402571677549,1.9504906562232092,1.5981698395274007,0.06977696572580645,crossfit,1,0.30621024535662467,CF-A02-rare010,0.2,1.6660112999961711,25600.0,1280.0,20.0,640.0,33280.0,520.0,983040.0,47104.0,23.0,47104.0,7680.0,400.0,25600.0,215040.0,33280.0
0.0,qld-kgrad-crossfit-t0.2,0.0583353160532325,0.04330966948679604,400,CF-A02-rare010/missing,0,0.04330966948679604,separated-unequal-rare,kgrad,0.003889655068908926,0,reset,0.0583353160532325,missing,0,200,0.12710937500000016,0.0,1,400,-1.5030765753548345,-3.380335397512909,-3.1708332175008755,-1.9241288711197306,1.1611125871717207,1.8889860456635297,1.577337287328343,0.06642200100806452,crossfit,1,0.2858242291133539,CF-A02-rare010,0.2,1.8330539999878965,25600.0,1280.0,20.0,640.0,33280.0,520.0,983040.0,47104.0,23.0,47104.0,7680.0,400.0,25600.0,215040.0,33280.0
0.0,qld-mean-crossfit-t0.5,0.0583353160532325,0.05138357138915417,325,CF-A02-rare010/missing,0,0.05534664103578635,separated-unequal-rare,mean,-5.537248756670721e-05,0,reset,0.0583353160532325,missing,0,200,0.12492187499999999,0.0,1,400,-1.6932999939316498,-3.4201050971735327,-3.1830403802708465,-1.9152402039319485,0.2652249535433148,0.9080137799787003,1.2853782638200455,0.06806010584677419,crossfit,1,0.3121644603824691,CF-A02-rare010,0.5,2.0037966999807395,25600.0,1280.0,20.0,640.0,33280.0,520.0,983040.0,47104.0,23.0,47104.0,7680.0,400.0,25600.0,215040.0,33280.0
0.0,qld-sharp-deleted-t0.5,0.0583353160532325,0.05562534161584809,375,CF-A02-rare010/missing,0,0.05662708229443458,separated-unequal-rare,sharp,0.0015101081249186965,0,reset,0.0583353160532325,missing,0,200,0.04660156249999999,0.0,1,400,-1.6254790452728587,-3.276845098343487,-3.10154896545404,-1.9258588626732052,0.5326702796144351,1.3916587800000644,1.3435679821761675,0.07286416330645161,reused_deleted,1,0.29027930520367057,CF-A02-rare010,0.5,2.182422099984251,25600.0,640.0,10.0,640.0,25600.0,400.0,975360.0,47104.0,23.0,47104.0,7680.0,400.0,25600.0,215040.0,25600.0
0.0,qld-sharp-crossfit-t0.5,0.0583353160532325,0.047759612658670125,400,CF-A02-rare010/missing,0,0.047759612658670125,separated-unequal-rare,sharp,0.0010043903289331801,0,reset,0.0583353160532325,missing,0,200,0.09773437499999996,0.0,1,400,-1.493512853181452,-3.4379511747320852,-3.166747394014622,-1.7932390198750183,0.8072727451812155,1.6385017198582954,1.4673353716105064,0.07180884576612903,crossfit,1,0.297643990802094,CF-A02-rare010,0.5,2.3555771999817807,25600.0,1280.0,20.0,640.0,33280.0,520.0,983040.0,47104.0,23.0,47104.0,7680.0,400.0,25600.0,215040.0,33280.0
0.0,qld-kgrad-crossfit-t0.5,0.0583353160532325,0.04379396228054899,400,CF-A02-rare010/missing,0,0.04379396228054899,separated-unequal-rare,kgrad,0.002067556686588423,0,reset,0.0583353160532325,missing,0,200,0.12222656250000016,0.0,1,400,-1.4590868512422652,-3.412730853547006,-3.1755103400084708,-1.7906078888718593,1.0738687959645523,1.7691777596417495,1.5577292806964536,0.06820186491935484,crossfit,1,0.2940944063814791,CF-A02-rare010,0.5,2.5302724999783095,25600.0,1280.0,20.0,640.0,33280.0,520.0,983040.0,47104.0,23.0,47104.0,7680.0,400.0,25600.0,215040.0,33280.0
0.0,qld-mean-crossfit-t1,0.0583353160532325,0.055336352991130155,300,CF-A02-rare010/missing,0,0.0580757808952419,separated-unequal-rare,mean,-0.0005808938086999671,0,reset,0.0583353160532325,missing,0,200,0.13484374999999996,0.0,1,400,-1.4877658832057703,-3.473053405591445,-3.131306458786979,-1.7314849988276542,0.6273707815609909,1.2892850831702012,1.37191463923038,0.07872353830645161,crossfit,1,0.33070198122434896,CF-A02-rare010,1.0,2.702432999998564,25600.0,1280.0,20.0,640.0,33280.0,520.0,983040.0,47104.0,23.0,47104.0,7680.0,400.0,25600.0,215040.0,33280.0
0.0,qld-sharp-deleted-t1,0.0583353160532325,0.05399113260387267,400,CF-A02-rare010/missing,0,0.05399113260387267,separated-unequal-rare,sharp,0.00906314164753419,0,reset,0.0583353160532325,missing,0,200,0.06453124999999996,0.0,1,400,-1.590483396719372,-3.437955932931997,-3.203757500679163,-1.9300188232699707,0.6196446236361991,1.4727254905381555,1.4071402743793913,0.07270665322580645,reused_deleted,1,0.3020954139323558,CF-A02-rare010,1.0,2.877042199979769,25600.0,640.0,10.0,640.0,25600.0,400.0,975360.0,47104.0,23.0,47104.0,7680.0,400.0,25600.0,215040.0,25600.0
0.0,qld-sharp-crossfit-t1,0.0583353160532325,0.05651604076101391,300,CF-A02-rare010/missing,0,0.05872035444724699,separated-unequal-rare,sharp,-0.00016712305249177994,0,reset,0.0583353160532325,missing,0,200,0.14558593749999996,0.0,1,400,-1.429716976800385,-3.49834058448273,-3.137458275383997,-1.7317176876347478,0.8104970409568382,1.600124680800145,1.4542435766596478,0.07935357862903226,crossfit,1,0.3304518209193205,CF-A02-rare010,1.0,3.0589183999982197,25600.0,1280.0,20.0,640.0,33280.0,520.0,983040.0,47104.0,23.0,47104.0,7680.0,400.0,25600.0,215040.0,33280.0
0.0,qld-kgrad-crossfit-t1,0.0583353160532325,0.04602522589777447,400,CF-A02-rare010/missing,0,0.04602522589777447,separated-unequal-rare,kgrad,0.0022426382042148862,0,reset,0.0583353160532325,missing,0,200,0.11636718750000016,0.0,1,400,-1.4669886535558012,-3.4058509727614084,-3.20458960649454,-1.801726390324423,1.0195764654807744,1.793170663534202,1.5552142295770457,0.0703125,crossfit,1,0.3008043043616801,CF-A02-rare010,1.0,3.238982999988366,25600.0,1280.0,20.0,640.0,33280.0,520.0,983040.0,47104.0,23.0,47104.0,7680.0,400.0,25600.0,215040.0,33280.0
0.0,paper-0.5,1.0358385528410075,0.028055806904723646,400,CF-A02-rare010/missing,0,0.028055806904723646,separated-unequal-rare,paper,nan,0,continuous,1.0358385528410075,missing,0,175,0.05914062500000002,0.0,1,400,-1.6273462586096592,-3.7452247691515246,-3.1380670039343097,-1.8191546203710294,0.7086057787751266,2.029933053145266,1.5212256721312898,0.0595703125,reused_masked,2,0.24283260719252606,CF-A02-rare010,0.5,0.6470490000210702,25600.0,1408.0,22.0,1408.0,25600.0,400.0,3276800.0,47104.0,23.0,47104.0,25600.0,400.0,25600.0,0.0,25600.0
0.0,qld-v1,0.06088802948389449,0.041738034634030585,325,CF-A02-rare010/missing,0,0.04970930393052275,separated-unequal-rare,paper,0.0067788671717137206,0,carry,0.06088802948389449,missing,0,225,0.0925,0.0,1,400,-1.6087132258858705,-3.6906972558098974,-3.2864258752643347,-1.7750073178508352,0.7465083811904311,1.801745715656381,1.5041346321723266,0.0660124747983871,reused_masked,2,0.2905222445324263,CF-A02-rare010,0.5,0.8177981000044383,25600.0,640.0,10.0,640.0,25600.0,400.0,983040.0,47104.0,23.0,47104.0,7680.0,400.0,25600.0,215040.0,25600.0
0.0,qld-full,0.06088802948389449,0.03845788058685784,400,CF-A02-rare010/missing,0,0.03845788058685784,separated-unequal-rare,qld,-0.006211707386970744,0,carry,0.06088802948389449,missing,0,225,0.086640625,0.0,1,400,-1.5521401311872305,-3.3777038411966385,-3.1976614786326563,-1.7284086575786817,0.7667938797857767,1.850138490280978,1.489263110263022,0.06330330141129033,,2,0.2718507166418815,CF-A02-rare010,,0.9558847000007518,25600.0,640.0,10.0,640.0,25600.0,400.0,0.0,47104.0,23.0,47104.0,0.0,400.0,25600.0,307200.0,25600.0
0.0,qld-paper-reset,0.06088802948389449,0.029658770400259327,400,CF-A02-rare010/missing,0,0.029658770400259327,separated-unequal-rare,paper,-0.01622622233062554,0,reset,0.06088802948389449,missing,0,225,0.05343749999999999,0.0,1,400,-1.5750471938748127,-3.3426372380237566,-3.1136693930491166,-1.6793748494753475,0.6880557265071625,1.8598289840330091,1.460245691593398,0.05237210181451613,reused_masked,2,0.2321429377587202,CF-A02-rare010,0.5,1.1249902000126895,25600.0,640.0,10.0,640.0,25600.0,400.0,983040.0,47104.0,23.0,47104.0,7680.0,400.0,25600.0,215040.0,25600.0
0.0,qld-mean-crossfit-t0.2,0.06088802948389449,0.05012265062827326,285,CF-A02-rare010/missing,0,0.12041738674331781,separated-unequal-rare,mean,-0.010765378855621233,0,reset,0.06088802948389449,missing,0,225,0.2441015624999999,0.0,1,400,-2.003178122954397,-3.4720675529696226,-3.094222144500074,-2.3078731076058103,-0.3682882099488865,0.3916380808343069,1.0722658919936696,0.0860320060483871,crossfit,2,0.45165366169998283,CF-A02-rare010,0.2,1.29147210001247,25600.0,1280.0,20.0,640.0,33280.0,520.0,983040.0,47104.0,23.0,47104.0,7680.0,400.0,25600.0,215040.0,33280.0
0.0,qld-sharp-deleted-t0.2,0.06088802948389449,0.032909609985930066,325,CF-A02-rare010/missing,0,0.037999294460495436,separated-unequal-rare,sharp,-0.015820761991736987,0,reset,0.06088802948389449,missing,0,225,0.1012890625,0.0,1,400,-1.6361757167942323,-3.295917794351831,-3.105924465487161,-1.7295683997338163,0.5938544932546846,1.8163349971844454,1.4185582624162982,0.058199974798387094,reused_deleted,2,0.22204453078340486,CF-A02-rare010,0.2,1.477465600008145,25600.0,640.0,10.0,640.0,25600.0,400.0,975360.0,47104.0,23.0,47104.0,7680.0,400.0,25600.0,215040.0,25600.0
0.0,qld-sharp-crossfit-t0.2,0.06088802948389449,0.03641582423189704,325,CF-A02-rare010/missing,0,0.052698008126202955,separated-unequal-rare,sharp,-0.014402696585134933,0,reset,0.06088802948389449,missing,0,225,0.12999999999999987,0.0,1,400,-1.734742669194703,-3.5494731943792663,-3.174941705167306,-1.832455615692806,0.4605710499117337,1.7867360912357135,1.4116448945047522,0.05859375,crossfit,2,0.24706918084928178,CF-A02-rare010,0.2,1.6597481000062544,25600.0,1280.0,20.0,640.0,33280.0,520.0,983040.0,47104.0,23.0,47104.0,7680.0,400.0,25600.0,215040.0,33280.0
0.0,qld-kgrad-crossfit-t0.2,0.06088802948389449,0.03357542184324647,325,CF-A02-rare010/missing,0,0.06363476554391334,separated-unequal-rare,kgrad,-0.004821529807485625,0,reset,0.06088802948389449,missing,0,225,0.1503515624999999,0.0,1,400,-1.7693769332619518,-3.3560126874938434,-3.067753275309321,-1.857150274573627,0.2522393399453906,1.4267031484483628,1.28249794448197,0.07165133568548387,crossfit,2,0.27897266108124985,CF-A02-rare010,0.2,1.838933100021677,25600.0,1280.0,20.0,640.0,33280.0,520.0,983040.0,47104.0,23.0,47104.0,7680.0,400.0,25600.0,215040.0,33280.0
0.0,qld-mean-crossfit-t0.5,0.06088802948389449,0.04805444716542029,284,CF-A02-rare010/missing,0,0.059627917172168976,separated-unequal-rare,mean,-0.01030829878978401,0,reset,0.06088802948389449,missing,0,225,0.1073828124999999,0.0,1,400,-1.7746247229264454,-3.5779844155374616,-3.171694338789179,-1.9456142820982096,0.29689083894605584,1.5860214952091927,1.36177844094227,0.059097782258064516,crossfit,2,0.27576777104621175,CF-A02-rare010,0.5,2.0117454000283033,25600.0,1280.0,20.0,640.0,33280.0,520.0,983040.0,47104.0,23.0,47104.0,7680.0,400.0,25600.0,215040.0,33280.0
0.0,qld-sharp-deleted-t0.5,0.06088802948389449,0.03538481399455051,325,CF-A02-rare010/missing,0,0.03615907777053029,separated-unequal-rare,sharp,-0.014333368635510935,0,reset,0.06088802948389449,missing,0,225,0.04351562500000002,0.0,1,400,-1.6298002147939303,-3.3998809454687136,-3.142421965226291,-1.7727595278959452,0.6028528228493142,1.7839141799843516,1.4537167093471315,0.04993069556451613,reused_deleted,2,0.2347876588914908,CF-A02-rare010,0.5,2.19171510002343,25600.0,640.0,10.0,640.0,25600.0,400.0,975360.0,47104.0,23.0,47104.0,7680.0,400.0,25600.0,215040.0,25600.0
0.0,qld-sharp-crossfit-t0.5,0.06088802948389449,0.042685048422431704,350,CF-A02-rare010/missing,0,0.0527329418557938,separated-unequal-rare,sharp,-0.012045695640954035,0,reset,0.06088802948389449,missing,0,225,0.09093749999999987,0.0,1,400,-1.736674060926814,-3.5963299649159843,-3.18149170001555,-1.881247767946097,0.43966837015340954,1.7260818522213464,1.4023765745845873,0.057806199596774195,crossfit,2,0.2565730118633014,CF-A02-rare010,0.5,2.378398200002266,25600.0,1280.0,20.0,640.0,33280.0,520.0,983040.0,47104.0,23.0,47104.0,7680.0,400.0,25600.0,215040.0,33280.0
0.0,qld-kgrad-crossfit-t0.5,0.06088802948389449,0.03994595095815057,325,CF-A02-rare010/missing,0,0.04528589083084733,separated-unequal-rare,kgrad,-0.008949983831500585,0,reset,0.06088802948389449,missing,0,225,0.11046874999999987,0.0,1,400,-1.704579415646459,-3.4441230006912957,-3.1122351795482848,-1.8206923296147162,0.38689894764085997,1.6730272838608868,1.3655733961940792,0.05867250504032258,crossfit,2,0.24312908580750084,CF-A02-rare010,0.5,2.5691689000232145,25600.0,1280.0,20.0,640.0,33280.0,520.0,983040.0,47104.0,23.0,47104.0,7680.0,400.0,25600.0,215040.0,33280.0
0.0,qld-mean-crossfit-t1,0.06088802948389449,0.046486566994820455,285,CF-A02-rare010/missing,0,0.06181514516925524,separated-unequal-rare,mean,-0.014401462489074035,0,reset,0.06088802948389449,missing,0,225,0.05089843749999986,0.0,1,400,-1.7196178455271676,-3.6638142518727004,-3.281066195090197,-1.8509644479312617,0.499064072611366,1.5711331519670646,1.4389389822362901,0.06990297379032258,crossfit,2,0.2911337679225732,CF-A02-rare010,1.0,2.749163200001931,25600.0,1280.0,20.0,640.0,33280.0,520.0,983040.0,47104.0,23.0,47104.0,7680.0,400.0,25600.0,215040.0,33280.0
0.0,qld-sharp-deleted-t1,0.06088802948389449,0.03641033204408983,400,CF-A02-rare010/missing,0,0.03641033204408983,separated-unequal-rare,sharp,-0.013167735040619188,0,reset,0.06088802948389449,missing,0,225,0.071015625,0.0,1,400,-1.5918855192574433,-3.460613732690398,-3.171862337051919,-1.730886025704589,0.6532545931149224,1.6885205073625953,1.4465282290279387,0.059901083669354836,reused_deleted,2,0.26389437118209386,CF-A02-rare010,1.0,2.9254100000252947,25600.0,640.0,10.0,640.0,25600.0,400.0,975360.0,47104.0,23.0,47104.0,7680.0,400.0,25600.0,215040.0,25600.0
0.0,qld-sharp-crossfit-t1,0.06088802948389449,0.04520341115676252,285,CF-A02-rare010/missing,0,0.04949713826806401,separated-unequal-rare,sharp,-0.01568461832713197,0,reset,0.06088802948389449,missing,0,225,0.05929687499999999,0.0,1,400,-1.676667577299412,-3.61285468727347,-3.238740376953024,-1.822417954738932,0.5879000176384022,1.6885667451696411,1.4443913116018938,0.06459488407258064,crossfit,2,0.27416985421178286,CF-A02-rare010,1.0,3.108151899999939,25600.0,1280.0,20.0,640.0,33280.0,520.0,983040.0,47104.0,23.0,47104.0,7680.0,400.0,25600.0,215040.0,33280.0
0.0,qld-kgrad-crossfit-t1,0.06088802948389449,0.04020562506763592,325,CF-A02-rare010/missing,0,0.05255834867847664,separated-unequal-rare,kgrad,-0.013954546219859143,0,reset,0.06088802948389449,missing,0,225,0.0995703124999999,0.0,1,400,-1.7433466483669635,-3.492802922451813,-3.1125847192681158,-1.8949290325618848,0.36661758791238724,1.622437521504939,1.3643970992729333,0.05701864919354839,crossfit,2,0.2561981901349067,CF-A02-rare010,1.0,3.2956734000181314,25600.0,1280.0,20.0,640.0,33280.0,520.0,983040.0,47104.0,23.0,47104.0,7680.0,400.0,25600.0,215040.0,33280.0
0.0,paper-0.5,2.2456044136744753,0.037423009978918786,400,CF-A02-rare010/concentrated,0,0.037423009978918786,separated-unequal-rare,paper,nan,0,continuous,2.2456044136744753,concentrated,0,100,0.06945312499999987,0.0,1,400,-1.7068175741439249,-3.2329472163671014,-3.188165016184162,-1.9814789823006085,0.4624031489299638,1.834172995261583,1.4217982532921307,0.06686302923387097,reused_masked,1,0.26977597247325374,CF-A02-rare010,0.5,0.6634034999879077,25600.0,1408.0,22.0,1408.0,25600.0,400.0,3276800.0,47104.0,23.0,47104.0,25600.0,400.0,25600.0,0.0,25600.0
0.0,qld-v1,0.05058151326342619,0.04895148499808655,400,CF-A02-rare010/concentrated,0,0.04895148499808655,separated-unequal-rare,paper,0.010308345898509375,0,carry,0.07722005366420093,concentrated,0,75,0.06304687500000003,0.0,1,400,-1.6189412913366357,-3.413704089771363,-3.280347467247402,-1.970119852410881,0.7621528015131698,2.1353263699857443,1.5342840727315192,0.06566595262096774,reused_masked,1,0.28932897734228835,CF-A02-rare010,0.5,0.8354409000021406,25600.0,640.0,10.0,640.0,25600.0,400.0,983040.0,47104.0,23.0,47104.0,7680.0,400.0,25600.0,215040.0,25600.0
0.0,qld-full,0.05058151326342619,0.04495479356658483,400,CF-A02-rare010/concentrated,0,0.04495479356658483,separated-unequal-rare,qld,-0.006905316464496547,0,carry,0.07722005366420093,concentrated,0,75,0.08550781250000003,0.0,1,400,-1.6329596370723012,-3.3007470855356367,-3.1854335707609174,-2.063531396181983,0.7436887505862445,2.045716061339769,1.487421795394683,0.06553994455645161,,1,0.2795620745192297,CF-A02-rare010,,0.975739399989834,25600.0,640.0,10.0,640.0,25600.0,400.0,0.0,47104.0,23.0,47104.0,0.0,400.0,25600.0,307200.0,25600.0
0.0,qld-paper-reset,0.05058151326342619,0.04313966103219902,325,CF-A02-rare010/concentrated,0,0.043950609249346906,separated-unequal-rare,paper,-0.018410107971059242,0,reset,0.07722005366420093,concentrated,0,75,0.04210937499999986,0.0,1,400,-1.631738222303286,-3.2561621451863063,-3.1571599071489675,-1.9641085044940585,0.5524755223037207,1.9161983934553368,1.4253019837852163,0.06489415322580645,reused_masked,1,0.2747833136214543,CF-A02-rare010,0.5,1.1490937999915332,25600.0,640.0,10.0,640.0,25600.0,400.0,983040.0,47104.0,23.0,47104.0,7680.0,400.0,25600.0,215040.0,25600.0
0.0,qld-mean-crossfit-t0.2,0.05058151326342619,0.04924262635582943,283,CF-A02-rare010/concentrated,0,0.07845167517424323,separated-unequal-rare,mean,-0.02394240258973479,0,reset,0.07722005366420093,concentrated,0,75,0.31386718750000003,0.0,1,400,-1.9954382266618609,-3.1315280474692324,-3.08334394194283,-2.7044917710296668,0.18115786285902957,1.6085606847326912,1.319196114404269,0.07451801915322581,crossfit,1,0.4211387966716577,CF-A02-rare010,0.2,1.326729599997634,25600.0,1280.0,20.0,640.0,33280.0,520.0,983040.0,47104.0,23.0,47104.0,7680.0,400.0,25600.0,215040.0,33280.0
0.0,qld-sharp-deleted-t0.2,0.05058151326342619,0.03335689284207022,400,CF-A02-rare010/concentrated,0,0.03335689284207022,separated-unequal-rare,sharp,-0.02243359380150034,0,reset,0.07722005366420093,concentrated,0,75,0.08312499999999987,0.0,1,400,-1.6619744960526721,-3.1617968885068963,-3.104432000242507,-2.0202804449318084,0.6075687858729987,1.8272619330790807,1.4164225610263323,0.05950730846774194,reused_deleted,1,0.2539829471149221,CF-A02-rare010,0.2,1.5031309000041801,25600.0,640.0,10.0,640.0,25600.0,400.0,975360.0,47104.0,23.0,47104.0,7680.0,400.0,25600.0,215040.0,25600.0
0.0,qld-sharp-crossfit-t0.2,0.05058151326342619,0.03700295879448645,400,CF-A02-rare010/concentrated,0,0.03700295879448645,separated-unequal-rare,sharp,-0.02439868790670774,0,reset,0.07722005366420093,concentrated,0,75,0.10699218750000003,0.0,1,400,-1.6476371042531073,-3.122355985512063,-3.067115036912428,-2.1035621588903552,0.6424599774054893,1.8267839984104277,1.4397723531849573,0.05946005544354839,crossfit,1,0.25763913092322455,CF-A02-rare010,0.2,1.6877435999922454,25600.0,1280.0,20.0,640.0,33280.0,520.0,983040.0,47104.0,23.0,47104.0,7680.0,400.0,25600.0,215040.0,33280.0
0.0,qld-kgrad-crossfit-t0.2,0.05058151326342619,0.039915142958513394,400,CF-A02-rare010/concentrated,0,0.039915142958513394,separated-unequal-rare,kgrad,-0.023884521137119474,0,reset,0.07722005366420093,concentrated,0,75,0.21539062500000003,0.0,1,400,-1.6704904110214396,-3.1015933220280676,-3.056453686360633,-2.3667811582273854,0.8369604833194081,1.7739621183494985,1.4985371768916782,0.05481350806451613,crossfit,1,0.2778089786010854,CF-A02-rare010,0.2,1.8629287999938242,25600.0,1280.0,20.0,640.0,33280.0,520.0,983040.0,47104.0,23.0,47104.0,7680.0,400.0,25600.0,215040.0,33280.0
0.0,qld-mean-crossfit-t0.5,0.05058151326342619,0.04524529043937142,325,CF-A02-rare010/concentrated,0,0.050439406798015396,separated-unequal-rare,mean,-0.029229146605245226,0,reset,0.07722005366420093,concentrated,0,75,0.1015234374999999,0.0,1,400,-1.7604661465868783,-3.295401552235071,-3.176713337586401,-2.06857747008399,0.2727395223905869,1.6567025941216953,1.3195420531047632,0.07297442036290322,crossfit,1,0.3232947669422923,CF-A02-rare010,0.5,2.0443759000045247,25600.0,1280.0,20.0,640.0,33280.0,520.0,983040.0,47104.0,23.0,47104.0,7680.0,400.0,25600.0,215040.0,33280.0
0.0,qld-sharp-deleted-t0.5,0.05058151326342619,0.04247271479441306,400,CF-A02-rare010/concentrated,0,0.04247271479441306,separated-unequal-rare,sharp,-0.021542720287716755,0,reset,0.07722005366420093,concentrated,0,75,0.04644531250000002,0.0,1,400,-1.649201140918385,-3.255551089723029,-3.1561811296964635,-2.0118573898289567,0.5629154136841305,1.8557057168692606,1.4233612095877302,0.06476814516129033,reused_deleted,1,0.27512498075656566,CF-A02-rare010,0.5,2.2210124999983236,25600.0,640.0,10.0,640.0,25600.0,400.0,975360.0,47104.0,23.0,47104.0,7680.0,400.0,25600.0,215040.0,25600.0
0.0,qld-sharp-crossfit-t0.5,0.05058151326342619,0.04521895880300186,350,CF-A02-rare010/concentrated,0,0.047303148385740235,separated-unequal-rare,sharp,-0.027181596694937804,0,reset,0.07722005366420093,concentrated,0,75,0.08941406250000003,0.0,1,400,-1.7022197816304376,-3.267937651488755,-3.163611949884477,-1.969643350510697,0.3071686325908348,1.7325258654871933,1.3308634921853073,0.06952494959677419,crossfit,1,0.30292461182563957,CF-A02-rare010,0.5,2.4158888999954797,25600.0,1280.0,20.0,640.0,33280.0,520.0,983040.0,47104.0,23.0,47104.0,7680.0,400.0,25600.0,215040.0,33280.0
0.0,qld-kgrad-crossfit-t0.5,0.05058151326342619,0.040710649529206,350,CF-A02-rare010/concentrated,0,0.04362386083127201,separated-unequal-rare,kgrad,-0.029927004633548915,0,reset,0.07722005366420093,concentrated,0,75,0.08648437500000003,0.0,1,400,-1.6753531451030819,-3.092774487695168,-3.0298740229812897,-2.146331584012853,0.5009395302441876,1.691407458282648,1.3745121024724567,0.07069052419354839,crossfit,1,0.28017143038726133,CF-A02-rare010,0.5,2.6112046999915037,25600.0,1280.0,20.0,640.0,33280.0,520.0,983040.0,47104.0,23.0,47104.0,7680.0,400.0,25600.0,215040.0,33280.0
0.0,qld-mean-crossfit-t1,0.05058151326342619,0.047552917161253205,284,CF-A02-rare010/concentrated,0,0.04973912249508361,separated-unequal-rare,mean,-0.02924062189028165,0,reset,0.07722005366420093,concentrated,0,75,0.0732031249999999,0.0,1,400,-1.7414240663345837,-3.446350585521923,-3.2996000508472667,-2.0277498564506082,0.36857210073671137,1.7581484895020345,1.391833658158502,0.07069052419354839,crossfit,1,0.3172716139287329,CF-A02-rare010,1.0,2.7874962000059895,25600.0,1280.0,20.0,640.0,33280.0,520.0,983040.0,47104.0,23.0,47104.0,7680.0,400.0,25600.0,215040.0,33280.0
0.0,qld-sharp-deleted-t1,0.05058151326342619,0.04538573646157862,325,CF-A02-rare010/concentrated,0,0.046776318193338495,separated-unequal-rare,sharp,-0.025041904159921913,0,reset,0.07722005366420093,concentrated,0,75,0.04839843750000002,0.0,1,400,-1.6701173894869341,-3.359642830539094,-3.224774599664545,-2.0224207669937098,0.49735465314425437,1.8399343349501125,1.438037970854866,0.06673702116935484,reused_deleted,1,0.2901495349043056,CF-A02-rare010,1.0,2.9596471000113524,25600.0,640.0,10.0,640.0,25600.0,400.0,975360.0,47104.0,23.0,47104.0,7680.0,400.0,25600.0,215040.0,25600.0
0.0,qld-sharp-crossfit-t1,0.05058151326342619,0.0461829735259538,283,CF-A02-rare010/concentrated,0,0.04757383438390872,separated-unequal-rare,sharp,-0.02847224484800792,0,reset,0.07722005366420093,concentrated,0,75,0.0722265624999999,0.0,1,400,-1.7236584975626004,-3.431654389790909,-3.297538674481769,-1.9997252940105512,0.42256141413190806,1.8282524193866685,1.4085446881969772,0.06798135080645161,crossfit,1,0.3070923362087298,CF-A02-rare010,1.0,3.148539699992398,25600.0,1280.0,20.0,640.0,33280.0,520.0,983040.0,47104.0,23.0,47104.0,7680.0,400.0,25600.0,215040.0,33280.0
0.0,qld-kgrad-crossfit-t1,0.05058151326342619,0.04378946218865454,350,CF-A02-rare010/concentrated,0,0.05428011326573201,separated-unequal-rare,kgrad,-0.029940466113751896,0,reset,0.07722005366420093,concentrated,0,75,0.034570312500000054,0.0,1,400,-1.65461434472244,-3.084503397659479,-3.0081045919171814,-2.0398015157977656,0.40777534274591504,1.6115262864934294,1.3256677825350287,0.08385836693548387,crossfit,1,0.29804647425216085,CF-A02-rare010,1.0,3.3281337000080384,25600.0,1280.0,20.0,640.0,33280.0,520.0,983040.0,47104.0,23.0,47104.0,7680.0,400.0,25600.0,215040.0,33280.0
0.0,paper-0.5,2.095959088691087,0.04191268677002258,300,CF-A02-rare010/concentrated,0,0.048383252347284245,separated-unequal-rare,paper,nan,0,continuous,2.095959088691087,concentrated,0,75,0.03960937500000002,0.0,1,400,-1.6400726594914166,-3.294308765484171,-3.2255940616444105,-1.951683325997251,0.6427074616770304,2.114100153108784,1.5018458360217775,0.06675277217741936,reused_masked,0,0.2771860789321602,CF-A02-rare010,0.5,0.6604220999870449,25600.0,1408.0,22.0,1408.0,25600.0,400.0,3276800.0,47104.0,23.0,47104.0,25600.0,400.0,25600.0,0.0,25600.0
0.0,qld-v1,0.0497142109533073,0.0497142109533073,225,CF-A02-rare010/concentrated,0,0.05451760928224014,separated-unequal-rare,paper,-0.0004082001445924188,0,carry,0.05957463378962791,concentrated,0,75,0.06402343750000003,0.0,1,400,-1.6994991949677987,-3.4080335074771826,-3.227384880903243,-2.096873999651624,0.5510871700239967,1.9394953287420746,1.4516950055704974,0.06983996975806452,reused_masked,0,0.30983345386748046,CF-A02-rare010,0.5,0.8309405999898445,25600.0,640.0,10.0,640.0,25600.0,400.0,983040.0,47104.0,23.0,47104.0,7680.0,400.0,25600.0,215040.0,25600.0
0.0,qld-full,0.0497142109533073,0.04741071749447112,325,CF-A02-rare010/concentrated,0,0.050819143659441623,separated-unequal-rare,qld,-0.005883292843850363,0,carry,0.05957463378962791,concentrated,0,75,0.0661328125,0.0,1,400,-1.5597569064087562,-3.1711164163579375,-3.0049089001160922,-1.9207375923161658,0.5703485770269592,1.8919303726602694,1.3639478961269775,0.0797946068548387,,0,0.2995757989807037,CF-A02-rare010,,0.9717031999898609,25600.0,640.0,10.0,640.0,25600.0,400.0,0.0,47104.0,23.0,47104.0,0.0,400.0,25600.0,307200.0,25600.0
0.0,qld-paper-reset,0.0497142109533073,0.04505712126328354,300,CF-A02-rare010/concentrated,0,0.050878978620323645,separated-unequal-rare,paper,0.019396172045865745,0,reset,0.05957463378962791,concentrated,0,75,0.07867187500000003,0.0,1,400,-1.620984501300777,-3.4085982603208267,-3.2774450953819145,-2.0189180788674754,0.7902341630644466,2.155048821119605,1.5556981177505649,0.06656376008064516,reused_masked,0,0.294511690397738,CF-A02-rare010,0.5,1.1394915000128094,25600.0,640.0,10.0,640.0,25600.0,400.0,983040.0,47104.0,23.0,47104.0,7680.0,400.0,25600.0,215040.0,25600.0
0.0,qld-mean-crossfit-t0.2,0.0497142109533073,0.0497142109533073,225,CF-A02-rare010/concentrated,0,0.18204035695377163,separated-unequal-rare,mean,0.050508451749721184,0,reset,0.05957463378962791,concentrated,0,75,0.39199218750000003,0.0,1,400,-2.122445849918611,-3.1353727724197373,-3.0742889797256088,-2.7846072758124727,-0.1537716163557799,1.6270105322162776,1.2495439103161703,0.11129662298387097,crossfit,0,0.583639611997614,CF-A02-rare010,0.2,1.3109271999855991,25600.0,1280.0,20.0,640.0,33280.0,520.0,983040.0,47104.0,23.0,47104.0,7680.0,400.0,25600.0,215040.0,33280.0
0.0,qld-sharp-deleted-t0.2,0.0497142109533073,0.0497142109533073,225,CF-A02-rare010/concentrated,0,0.08810084998549517,separated-unequal-rare,sharp,0.014840896939076975,0,reset,0.05957463378962791,concentrated,0,75,0.23882812500000003,0.0,1,400,-1.8399012645431991,-3.205270709951735,-3.1712732772711085,-2.54847686463005,0.591661610122973,1.8202185402317244,1.4790302541337175,0.08626827116935484,reused_deleted,0,0.3571170418176195,CF-A02-rare010,0.2,1.4974816000030842,25600.0,640.0,10.0,640.0,25600.0,400.0,975360.0,47104.0,23.0,47104.0,7680.0,400.0,25600.0,215040.0,25600.0
0.0,qld-sharp-crossfit-t0.2,0.0497142109533073,0.0497142109533073,225,CF-A02-rare010/concentrated,0,0.07610295546429491,separated-unequal-rare,sharp,0.02011282097125555,0,reset,0.05957463378962791,concentrated,0,75,0.21734375000000003,0.0,1,400,-1.8269858385813031,-3.124905974878689,-3.1007785321869274,-2.5054147805715776,0.5301579692130616,1.7544495803258011,1.436720457036272,0.07445501512096774,crossfit,0,0.3403262546290255,CF-A02-rare010,0.2,1.6821906999975909,25600.0,1280.0,20.0,640.0,33280.0,520.0,983040.0,47104.0,23.0,47104.0,7680.0,400.0,25600.0,215040.0,33280.0
0.0,qld-kgrad-crossfit-t0.2,0.0497142109533073,0.0497142109533073,225,CF-A02-rare010/concentrated,0,0.056608200782559015,separated-unequal-rare,kgrad,0.002512673033981949,0,reset,0.05957463378962791,concentrated,0,75,0.26421875000000006,0.0,1,400,-1.6674451320257502,-3.0658687413647256,-3.033845685356068,-2.3995403077624786,0.8846292745534986,1.8946179439816588,1.5402369050078821,0.04789881552419355,crossfit,0,0.2926723948018237,CF-A02-rare010,0.2,1.8578781000105664,25600.0,1280.0,20.0,640.0,33280.0,520.0,983040.0,47104.0,23.0,47104.0,7680.0,400.0,25600.0,215040.0,33280.0
0.0,qld-mean-crossfit-t0.5,0.0497142109533073,0.044662301387104364,350,CF-A02-rare010/concentrated,0,0.046697319256919556,separated-unequal-rare,mean,0.03222871241162273,0,reset,0.05957463378962791,concentrated,0,75,0.07023437499999999,0.0,1,400,-1.6199410799463572,-3.3799428095012694,-3.2374481790965306,-2.0189431689902424,0.7603504667945555,1.9889361698028087,1.5250120644341354,0.06527217741935484,crossfit,0,0.2893986976143641,CF-A02-rare010,0.5,2.038404199993238,25600.0,1280.0,20.0,640.0,33280.0,520.0,983040.0,47104.0,23.0,47104.0,7680.0,400.0,25600.0,215040.0,33280.0
0.0,qld-sharp-deleted-t0.5,0.0497142109533073,0.044909323350313946,300,CF-A02-rare010/concentrated,0,0.05112045032220114,separated-unequal-rare,sharp,0.022642514941707104,0,reset,0.05957463378962791,concentrated,0,75,0.09917968750000003,0.0,1,400,-1.6147912129396547,-3.389752945810717,-3.2633872983183494,-2.0370371993212872,0.8442881891591137,2.131762517666629,1.5678831221569771,0.06750882056451613,reused_deleted,0,0.2956511824444001,CF-A02-rare010,0.5,2.2130402000038885,25600.0,640.0,10.0,640.0,25600.0,400.0,975360.0,47104.0,23.0,47104.0,7680.0,400.0,25600.0,215040.0,25600.0
0.0,qld-sharp-crossfit-t0.5,0.0497142109533073,0.04236469761385475,350,CF-A02-rare010/concentrated,0,0.04683947091775198,separated-unequal-rare,sharp,0.02683178018275756,0,reset,0.05957463378962791,concentrated,0,75,0.07804687499999999,0.0,1,400,-1.5991018089894888,-3.3846250910237123,-3.24713766628669,-1.9783061203187728,0.7906471206643049,2.031068005357813,1.5374534965669335,0.06528792842741936,crossfit,0,0.2899198691387997,CF-A02-rare010,0.5,2.4201358999998774,25600.0,1280.0,20.0,640.0,33280.0,520.0,983040.0,47104.0,23.0,47104.0,7680.0,400.0,25600.0,215040.0,33280.0
0.0,qld-kgrad-crossfit-t0.5,0.0497142109533073,0.04279491023876614,400,CF-A02-rare010/concentrated,0,0.04279491023876614,separated-unequal-rare,kgrad,0.007262762325713323,0,reset,0.05957463378962791,concentrated,0,75,0.12847656250000003,0.0,1,400,-1.620288629565389,-3.1422175850607554,-3.116923228719171,-2.123953993033414,0.8026307083932955,1.8785023634973061,1.5092549667538748,0.061428931451612906,crossfit,0,0.2741527644614153,CF-A02-rare010,0.5,2.610356999997748,25600.0,1280.0,20.0,640.0,33280.0,520.0,983040.0,47104.0,23.0,47104.0,7680.0,400.0,25600.0,215040.0,33280.0
0.0,qld-mean-crossfit-t1,0.0497142109533073,0.04377213275914715,350,CF-A02-rare010/concentrated,0,0.046030721194386004,separated-unequal-rare,mean,0.02400141595526928,0,reset,0.05957463378962791,concentrated,0,75,0.06558593750000016,0.0,1,400,-1.5458294862447077,-3.4118302320756744,-3.2220691467830953,-1.897808562348527,0.8272016367254438,2.115047668060365,1.5326807154991378,0.0637600806451613,crossfit,0,0.2942671219300596,CF-A02-rare010,1.0,2.78519709999091,25600.0,1280.0,20.0,640.0,33280.0,520.0,983040.0,47104.0,23.0,47104.0,7680.0,400.0,25600.0,215040.0,33280.0
0.0,qld-sharp-deleted-t1,0.0497142109533073,0.0497142109533073,225,CF-A02-rare010/concentrated,0,0.05139455604876897,separated-unequal-rare,sharp,0.012446423467478596,0,reset,0.05957463378962791,concentrated,0,75,0.07085937500000003,0.0,1,400,-1.5815024339092856,-3.4174340901503557,-3.252953002141173,-1.962785110220172,0.7961376149789076,2.1179916365769365,1.5510649091277537,0.06498865927419355,reused_deleted,0,0.2973218050260712,CF-A02-rare010,1.0,2.9601446999877226,25600.0,640.0,10.0,640.0,25600.0,400.0,975360.0,47104.0,23.0,47104.0,7680.0,400.0,25600.0,215040.0,25600.0
0.0,qld-sharp-crossfit-t1,0.0497142109533073,0.04328696040863966,350,CF-A02-rare010/concentrated,0,0.04988979786985559,separated-unequal-rare,sharp,0.017980397452709518,0,reset,0.05957463378962791,concentrated,0,75,0.07437500000000016,0.0,1,400,-1.561417716009093,-3.4533077910494785,-3.2719148860750664,-1.928922754187113,0.9097651674540127,2.1807941355453644,1.5730000621303186,0.06483114919354839,crossfit,0,0.3004978694454679,CF-A02-rare010,1.0,3.148168399988208,25600.0,1280.0,20.0,640.0,33280.0,520.0,983040.0,47104.0,23.0,47104.0,7680.0,400.0,25600.0,215040.0,33280.0
0.0,qld-kgrad-crossfit-t1,0.0497142109533073,0.04155973843775129,400,CF-A02-rare010/concentrated,0,0.04155973843775129,separated-unequal-rare,kgrad,0.010886917105877414,0,reset,0.05957463378962791,concentrated,0,75,0.09464843749999999,0.0,1,400,-1.6208286657118847,-3.214478332892657,-3.1374727023812112,-2.0681793260776398,0.6961772041919153,1.8006696520456444,1.4827674234042627,0.06209047379032258,crossfit,0,0.27792097485686673,CF-A02-rare010,1.0,3.338002000004053,25600.0,1280.0,20.0,640.0,33280.0,520.0,983040.0,47104.0,23.0,47104.0,7680.0,400.0,25600.0,215040.0,33280.0
0.0,paper-0.5,2.2310489965831817,0.03716810678211502,350,CF-A02-rare010/concentrated,0,0.03939077435536431,separated-unequal-rare,paper,nan,0,continuous,2.2310489965831817,concentrated,0,75,0.09640625,0.0,1,400,-1.5595758622888498,-3.2651211662760633,-3.1990609616567456,-1.8482296000824963,0.8454397856800926,2.165859615711497,1.5304483662048614,0.06549269153225806,reused_masked,2,0.26450234168998943,CF-A02-rare010,0.5,0.664387099997839,25600.0,1408.0,22.0,1408.0,25600.0,400.0,3276800.0,47104.0,23.0,47104.0,25600.0,400.0,25600.0,0.0,25600.0
0.0,qld-v1,0.053974289452136226,0.051433795281963235,300,CF-A02-rare010/concentrated,0,0.05451501254761015,separated-unequal-rare,paper,-0.00039446150539901303,0,carry,0.055091048760075534,concentrated,0,75,0.08746093750000003,0.0,1,400,-1.6767337824547268,-3.4508792937309862,-3.302636511141888,-2.1050504104524537,0.6727090445231573,2.0531656805773317,1.5030961269806884,0.0689421622983871,reused_masked,2,0.2894544579125199,CF-A02-rare010,0.5,0.8342304000107106,25600.0,640.0,10.0,640.0,25600.0,400.0,983040.0,47104.0,23.0,47104.0,7680.0,400.0,25600.0,215040.0,25600.0
0.0,qld-full,0.053974289452136226,0.04860278310801425,400,CF-A02-rare010/concentrated,0,0.04860278310801425,separated-unequal-rare,qld,0.0017414826160977448,0,carry,0.055091048760075534,concentrated,0,75,0.09136718750000003,0.0,1,400,-1.5675883924718426,-3.3161479205214186,-3.177612303681448,-1.9911915301941616,0.815719570557504,2.1271386519593203,1.5157909155035785,0.06782384072580645,,2,0.28204798847660173,CF-A02-rare010,,0.9744093999906909,25600.0,640.0,10.0,640.0,25600.0,400.0,0.0,47104.0,23.0,47104.0,0.0,400.0,25600.0,307200.0,25600.0
0.0,qld-paper-reset,0.053974289452136226,0.04790520921225028,400,CF-A02-rare010/concentrated,0,0.04790520921225028,separated-unequal-rare,paper,0.0003361973431870169,0,reset,0.055091048760075534,concentrated,0,75,0.07609374999999999,0.0,1,400,-1.5883190314552205,-3.3505975281144056,-3.2148590987265897,-1.9444511242367015,0.6749430554328414,1.9672640214389394,1.4891624150765017,0.06743006552419355,reused_masked,2,0.2786515648290555,CF-A02-rare010,0.5,1.1403404000157025,25600.0,640.0,10.0,640.0,25600.0,400.0,983040.0,47104.0,23.0,47104.0,7680.0,400.0,25600.0,215040.0,25600.0
0.0,qld-mean-crossfit-t0.2,0.053974289452136226,0.05050243189283554,282,CF-A02-rare010/concentrated,0,0.10929824725282566,separated-unequal-rare,mean,-0.0013949473557341996,0,reset,0.055091048760075534,concentrated,0,75,0.34023437500000003,0.0,1,400,-1.9820050944479086,-3.2025658603612643,-3.1031939446361987,-2.8159825331492283,0.4191548196031641,1.829282865082392,1.4344550867035133,0.10072769657258064,crossfit,2,0.3831897507771866,CF-A02-rare010,0.2,1.3240108000172768,25600.0,1280.0,20.0,640.0,33280.0,520.0,983040.0,47104.0,23.0,47104.0,7680.0,400.0,25600.0,215040.0,33280.0
0.0,qld-sharp-deleted-t0.2,0.053974289452136226,0.03879176410677965,400,CF-A02-rare010/concentrated,0,0.03879176410677965,separated-unequal-rare,sharp,-0.0036195538456542664,0,reset,0.055091048760075534,concentrated,0,75,0.18511718750000003,0.0,1,400,-1.645588411039912,-3.0894065818837975,-3.037005213721361,-2.255888770957778,0.804168356527888,1.8442379699682558,1.4925609122043186,0.05558530745967742,reused_deleted,2,0.24413878205185668,CF-A02-rare010,0.2,1.4973865000065416,25600.0,640.0,10.0,640.0,25600.0,400.0,975360.0,47104.0,23.0,47104.0,7680.0,400.0,25600.0,215040.0,25600.0
0.0,qld-sharp-crossfit-t0.2,0.053974289452136226,0.04276750583653266,350,CF-A02-rare010/concentrated,0,0.053860640838597984,separated-unequal-rare,sharp,-0.005063241486578107,0,reset,0.055091048760075534,concentrated,0,75,0.26324218750000006,0.0,1,400,-1.7785960215141772,-3.133495976660269,-3.065000028292379,-2.5139870088644765,0.8049772581489806,1.8010228712012104,1.503093721985238,0.05060798891129032,crossfit,2,0.2686032882904598,CF-A02-rare010,0.2,1.6816868000023533,25600.0,1280.0,20.0,640.0,33280.0,520.0,983040.0,47104.0,23.0,47104.0,7680.0,400.0,25600.0,215040.0,33280.0
0.0,qld-kgrad-crossfit-t0.2,0.053974289452136226,0.042404279926421484,350,CF-A02-rare010/concentrated,0,0.07000741052785808,separated-unequal-rare,kgrad,0.0009262000951111293,0,reset,0.055091048760075534,concentrated,0,75,0.3384375,0.0,1,400,-1.8341986680031956,-3.1162899357855576,-3.0700380377622825,-2.677123468395558,0.8324499912621773,1.7818792850406868,1.5161216728130456,0.059066280241935484,crossfit,2,0.3015567040301,CF-A02-rare010,0.2,1.8589885999972466,25600.0,1280.0,20.0,640.0,33280.0,520.0,983040.0,47104.0,23.0,47104.0,7680.0,400.0,25600.0,215040.0,33280.0
0.0,qld-mean-crossfit-t0.5,0.053974289452136226,0.04606583054513447,350,CF-A02-rare010/concentrated,0,0.04922049355043878,separated-unequal-rare,mean,0.00014336169840190038,0,reset,0.055091048760075534,concentrated,0,75,0.07511718749999999,0.0,1,400,-1.6700465894981935,-3.2783314783493727,-3.1734392287941486,-2.091270554285873,0.5463758867359625,1.9110353332192214,1.437997063464319,0.06785534274193548,crossfit,2,0.26572979412683734,CF-A02-rare010,0.5,2.042998999997508,25600.0,1280.0,20.0,640.0,33280.0,520.0,983040.0,47104.0,23.0,47104.0,7680.0,400.0,25600.0,215040.0,33280.0
0.0,qld-sharp-deleted-t0.5,0.053974289452136226,0.04652724993665158,400,CF-A02-rare010/concentrated,0,0.04652724993665158,separated-unequal-rare,sharp,-0.0008167497287454584,0,reset,0.055091048760075534,concentrated,0,75,0.07121093749999999,0.0,1,400,-1.6344847119955246,-3.3275168196576597,-3.2102381809335894,-1.998544907893402,0.5992074021883761,1.8200672695195506,1.4567284977886867,0.06613848286290322,reused_deleted,2,0.27063681379078836,CF-A02-rare010,0.5,2.218781300005503,25600.0,640.0,10.0,640.0,25600.0,400.0,975360.0,47104.0,23.0,47104.0,7680.0,400.0,25600.0,215040.0,25600.0
0.0,qld-sharp-crossfit-t0.5,0.053974289452136226,0.04491473716347061,350,CF-A02-rare010/concentrated,0,0.04744698532148517,separated-unequal-rare,sharp,-0.0025118169500668586,0,reset,0.055091048760075534,concentrated,0,75,0.08195312499999999,0.0,1,400,-1.6530391242466782,-3.2783685656845565,-3.1809344368478443,-2.070525675157309,0.5876399086660631,1.8768351983232323,1.4518746583726587,0.06842237903225806,crossfit,2,0.2656652924457888,CF-A02-rare010,0.5,2.4261245999950916,25600.0,1280.0,20.0,640.0,33280.0,520.0,983040.0,47104.0,23.0,47104.0,7680.0,400.0,25600.0,215040.0,33280.0
0.0,qld-kgrad-crossfit-t0.5,0.053974289452136226,0.03735967028460552,400,CF-A02-rare010/concentrated,0,0.03735967028460552,separated-unequal-rare,kgrad,-6.772723059267349e-06,0,reset,0.055091048760075534,concentrated,0,75,0.19683593750000003,0.0,1,400,-1.6495981509154092,-3.0967019354392704,-3.0388068721495984,-2.2645973945353717,0.8066251261712035,1.85789976383238,1.5081712946564052,0.044654107862903226,crossfit,2,0.2416871704060252,CF-A02-rare010,0.5,2.6118715000047814,25600.0,1280.0,20.0,640.0,33280.0,520.0,983040.0,47104.0,23.0,47104.0,7680.0,400.0,25600.0,215040.0,33280.0
0.0,qld-mean-crossfit-t1,0.053974289452136226,0.05119186735457859,282,CF-A02-rare010/concentrated,0,0.056834910134033745,separated-unequal-rare,mean,-0.000693511954031667,0,reset,0.055091048760075534,concentrated,0,75,0.04289062499999998,0.0,1,400,-1.684531901300455,-3.424933536857866,-3.272535970648335,-2.063238415694868,0.5468862919992968,1.8725091310302575,1.4462723525754664,0.06983996975806452,crossfit,2,0.28712754438601135,CF-A02-rare010,1.0,2.7867775000049733,25600.0,1280.0,20.0,640.0,33280.0,520.0,983040.0,47104.0,23.0,47104.0,7680.0,400.0,25600.0,215040.0,33280.0
0.0,qld-sharp-deleted-t1,0.053974289452136226,0.05181674421730276,281,CF-A02-rare010/concentrated,0,0.052252177243282016,separated-unequal-rare,sharp,-0.0003278766790801857,0,reset,0.055091048760075534,concentrated,0,75,0.07511718749999999,0.0,1,400,-1.6167417996965252,-3.418006777513004,-3.2569101403372813,-1.9771042633188232,0.6679569539775145,1.8990284407718092,1.4882253025576715,0.06869014616935484,reused_deleted,2,0.28619031228727493,CF-A02-rare010,1.0,2.9619963000004645,25600.0,640.0,10.0,640.0,25600.0,400.0,975360.0,47104.0,23.0,47104.0,7680.0,400.0,25600.0,215040.0,25600.0
0.0,qld-sharp-crossfit-t1,0.053974289452136226,0.051152407445907766,281,CF-A02-rare010/concentrated,0,0.05507239286048082,separated-unequal-rare,sharp,-0.001929118737674429,0,reset,0.055091048760075534,concentrated,0,75,0.06304687500000003,0.0,1,400,-1.6984134317652213,-3.438891043939326,-3.288996799686172,-2.0751959478964297,0.5324179495162773,1.8899436062537194,1.4576574473427257,0.06911542338709678,crossfit,2,0.28638708144407277,CF-A02-rare010,1.0,3.151229700015392,25600.0,1280.0,20.0,640.0,33280.0,520.0,983040.0,47104.0,23.0,47104.0,7680.0,400.0,25600.0,215040.0,33280.0
0.0,qld-kgrad-crossfit-t1,0.053974289452136226,0.03933785815951962,350,CF-A02-rare010/concentrated,0,0.04112392841716961,separated-unequal-rare,kgrad,-0.0002542769652356114,0,reset,0.055091048760075534,concentrated,0,75,0.1571484375,0.0,1,400,-1.733910272283889,-3.112658495231329,-3.070278467373366,-2.3035289071040665,0.5533325098350569,1.7065930165927115,1.439731606386216,0.05807396673387097,crossfit,2,0.24414056564534148,CF-A02-rare010,1.0,3.343585599999642,25600.0,1280.0,20.0,640.0,33280.0,520.0,983040.0,47104.0,23.0,47104.0,7680.0,400.0,25600.0,215040.0,33280.0
0.0,paper-0.5,1.2195291622196627,0.027497043199666615,250,CF-A03-rare030/missing,0,0.03919912374036283,separated-unequal-rare,paper,nan,0,continuous,1.2195291622196627,missing,0,100,0.09285156249999996,0.0,0,225,-1.0843567142579724,-3.321022335691397,-2.8998435511122804,-1.268575936535167,1.6849037243115497,2.6416276921316295,1.7109561871044905,0.06229523689516129,reused_masked,0,0.25108992350738024,CF-A03-rare030,0.5,0.6653921999968588,25600.0,1408.0,22.0,1408.0,25600.0,400.0,3276800.0,47104.0,23.0,47104.0,25600.0,400.0,25600.0,0.0,25600.0
0.0,qld-v1,0.05526004539921647,0.04944451321212351,400,CF-A03-rare030/missing,0,0.04944451321212351,separated-unequal-rare,paper,-0.011562026423706628,0,carry,0.07807623189837143,missing,0,150,0.12703124999999996,0.0,0,250,-1.202950402796164,-3.330038158732023,-2.9698183079490845,-1.5962925068889628,1.5608182933465748,2.5762067324828886,1.642783216024428,0.06046811995967742,reused_masked,0,0.3068894237217803,CF-A03-rare030,0.5,0.8457694000098854,25600.0,640.0,10.0,640.0,25600.0,400.0,983040.0,47104.0,23.0,47104.0,7680.0,400.0,25600.0,215040.0,25600.0
1.0,qld-full,0.05526004539921647,0.05176980438769929,325,CF-A03-rare030/missing,0,0.05901406665165476,separated-unequal-rare,qld,-0.018881607560397917,0,carry,0.07807623189837143,missing,0,150,0.1369921875,0.02197265625,0,250,-1.046300108006901,-3.1282861219421174,-2.867525950819676,-1.4865271962241189,1.843668525324641,2.95808713966499,1.7174798020152633,0.05758568548387097,,0,0.3044177448842129,CF-A03-rare030,,0.9986055000044871,25600.0,640.0,10.0,640.0,25600.0,400.0,0.0,47104.0,23.0,47104.0,0.0,400.0,25600.0,307200.0,25600.0
1.0,qld-paper-reset,0.05526004539921647,0.04414412667912382,375,CF-A03-rare030/missing,0,0.0492228505428105,separated-unequal-rare,paper,-0.01761110941912647,0,reset,0.07807623189837143,missing,0,150,0.10652343749999996,0.0107421875,0,250,-1.1928194971886281,-3.4672296516244923,-3.0373918129317463,-1.4772497431659584,1.6875701412206545,2.791516431084907,1.7321992088898666,0.06549269153225806,reused_masked,0,0.3102105151503809,CF-A03-rare030,0.5,1.1813600000168663,25600.0,640.0,10.0,640.0,25600.0,400.0,983040.0,47104.0,23.0,47104.0,7680.0,400.0,25600.0,215040.0,25600.0
0.0,qld-mean-crossfit-t0.2,0.05526004539921647,0.03855813676246411,400,CF-A03-rare030/missing,0,0.03855813676246411,separated-unequal-rare,mean,-0.024579421880063013,0,reset,0.07807623189837143,missing,0,150,0.17953124999999995,0.0,0,250,-1.3791388789493377,-2.979298826599917,-2.8042031444138225,-1.5941481407743399,1.006996868654214,2.062596363102926,1.4277070129262237,0.058893019153225805,crossfit,0,0.344955647236095,CF-A03-rare030,0.2,1.3748814999999013,25600.0,1280.0,20.0,640.0,33280.0,520.0,983040.0,47104.0,23.0,47104.0,7680.0,400.0,25600.0,215040.0,33280.0
0.0,qld-sharp-deleted-t0.2,0.05526004539921647,0.033445124959265105,400,CF-A03-rare030/missing,0,0.033445124959265105,separated-unequal-rare,sharp,-0.02346847950498332,0,reset,0.07807623189837143,missing,0,150,0.14265624999999996,0.0,0,250,-1.240943028161177,-3.1314817384519733,-2.798643431522215,-1.4420743101465057,1.2798478149878223,2.181927239439462,1.5203435277792503,0.051915322580645164,reused_deleted,0,0.271445004752125,CF-A03-rare030,0.2,1.5725174999970477,25600.0,640.0,10.0,640.0,25600.0,400.0,975360.0,47104.0,23.0,47104.0,7680.0,400.0,25600.0,215040.0,25600.0
0.0,qld-sharp-crossfit-t0.2,0.05526004539921647,0.03266743606152844,400,CF-A03-rare030/missing,0,0.03266743606152844,separated-unequal-rare,sharp,-0.02650461705330498,0,reset,0.07807623189837143,missing,0,150,0.13874999999999996,0.0,0,250,-1.2589879534036648,-3.2711059737325,-2.8243652898896787,-1.4752114531226028,1.306688831565692,2.187981874416308,1.5444284392848706,0.04846585181451613,crossfit,0,0.2723146845321641,CF-A03-rare030,0.2,1.7874911999970209,25600.0,1280.0,20.0,640.0,33280.0,520.0,983040.0,47104.0,23.0,47104.0,7680.0,400.0,25600.0,215040.0,33280.0
0.0,qld-kgrad-crossfit-t0.2,0.05526004539921647,0.03287697200134887,400,CF-A03-rare030/missing,0,0.03287697200134887,separated-unequal-rare,kgrad,-0.02564309292436384,0,reset,0.07807623189837143,missing,0,150,0.14070312499999996,0.0,0,250,-1.228158148348633,-3.241236422699209,-2.783253215038801,-1.4645412701001113,1.3500763693262279,2.2072558557334414,1.543066243647598,0.04911164314516129,crossfit,0,0.2652275131111674,CF-A03-rare030,0.2,1.978453100018669,25600.0,1280.0,20.0,640.0,33280.0,520.0,983040.0,47104.0,23.0,47104.0,7680.0,400.0,25600.0,215040.0,33280.0
0.0,qld-mean-crossfit-t0.5,0.05526004539921647,0.04649478486210756,400,CF-A03-rare030/missing,0,0.04649478486210756,separated-unequal-rare,mean,-0.01520324927974559,0,reset,0.07807623189837143,missing,0,150,0.10359374999999996,0.0,0,250,-1.272601375160347,-3.144267779725759,-3.0096936474936995,-1.5207815269714118,1.276692746231041,2.1005689988097234,1.542977028662929,0.06303553427419355,crossfit,0,0.3145020266223412,CF-A03-rare030,0.5,2.16890700001386,25600.0,1280.0,20.0,640.0,33280.0,520.0,983040.0,47104.0,23.0,47104.0,7680.0,400.0,25600.0,215040.0,33280.0
0.0,qld-sharp-deleted-t0.5,0.05526004539921647,0.04333259989257865,375,CF-A03-rare030/missing,0,0.04423230487544583,separated-unequal-rare,sharp,-0.023145559918711145,0,reset,0.07807623189837143,missing,0,150,0.12800781249999996,0.0,0,250,-1.2443522623868364,-3.422666444571854,-2.989527753273829,-1.5332778670796472,1.5148251867529205,2.452244777533324,1.6535863976725507,0.06632749495967742,reused_deleted,0,0.30374985688294664,CF-A03-rare030,0.5,2.363491800002521,25600.0,640.0,10.0,640.0,25600.0,400.0,975360.0,47104.0,23.0,47104.0,7680.0,400.0,25600.0,215040.0,25600.0
0.0,qld-sharp-crossfit-t0.5,0.05526004539921647,0.04581838755023693,400,CF-A03-rare030/missing,0,0.04581838755023693,separated-unequal-rare,sharp,-0.013938020201905488,0,reset,0.07807623189837143,missing,0,150,0.10749999999999996,0.0,0,250,-1.2646767496188889,-3.142808048614941,-2.999503536073914,-1.51623041649666,1.3045491428338505,2.150922086084951,1.5541417248080414,0.0632717993951613,crossfit,0,0.30998662824142564,CF-A03-rare030,0.5,2.557081200007815,25600.0,1280.0,20.0,640.0,33280.0,520.0,983040.0,47104.0,23.0,47104.0,7680.0,400.0,25600.0,215040.0,33280.0
0.0,qld-kgrad-crossfit-t0.5,0.05526004539921647,0.033403942355701544,400,CF-A03-rare030/missing,0,0.033403942355701544,separated-unequal-rare,kgrad,-0.024253652701268447,0,reset,0.07807623189837143,missing,0,150,0.12605468749999996,0.0,0,250,-1.304112160990938,-3.3266105691840995,-2.8435527341911424,-1.5091100851358519,1.2335681036848751,2.0792852042611023,1.5284088298249618,0.05460874495967742,crossfit,0,0.2898352994981849,CF-A03-rare030,0.5,2.7481827000156045,25600.0,1280.0,20.0,640.0,33280.0,520.0,983040.0,47104.0,23.0,47104.0,7680.0,400.0,25600.0,215040.0,33280.0
0.0,qld-mean-crossfit-t1,0.05526004539921647,0.047446662928944505,400,CF-A03-rare030/missing,0,0.047446662928944505,separated-unequal-rare,mean,0.00416673411793278,0,reset,0.07807623189837143,missing,0,150,0.12117187499999996,0.0,0,250,-1.235805488286503,-3.2090592627525405,-2.990070730780997,-1.5700278688995604,1.4124127492265515,2.3088025492931776,1.584233753435379,0.06246849798387097,crossfit,0,0.31096271228031946,CF-A03-rare030,1.0,2.9329599000047892,25600.0,1280.0,20.0,640.0,33280.0,520.0,983040.0,47104.0,23.0,47104.0,7680.0,400.0,25600.0,215040.0,33280.0
1.0,qld-sharp-deleted-t1,0.05526004539921647,0.04778895796375937,375,CF-A03-rare030/missing,0,0.06307977809818821,separated-unequal-rare,sharp,-0.012497779550452837,0,reset,0.07807623189837143,missing,0,150,0.08503906249999996,0.01806640625,0,250,-1.1675498489382448,-3.6491702575903564,-3.1867525666239707,-1.5017731979514606,1.8306548978333463,2.869812793928789,1.820875555211488,0.06719380040322581,reused_deleted,0,0.3501470280115296,CF-A03-rare030,1.0,3.133409100002609,25600.0,640.0,10.0,640.0,25600.0,400.0,975360.0,47104.0,23.0,47104.0,7680.0,400.0,25600.0,215040.0,25600.0
0.0,qld-sharp-crossfit-t1,0.05526004539921647,0.047182344292324485,400,CF-A03-rare030/missing,0,0.047182344292324485,separated-unequal-rare,sharp,0.0019219450272633942,0,reset,0.07807623189837143,missing,0,150,0.1184375,0.0,0,250,-1.1973167678222192,-3.231043707372261,-2.9509720855558945,-1.5468934498073916,1.491429747314329,2.4460291017741635,1.6066849263529182,0.05871975806451613,crossfit,0,0.2995865947677454,CF-A03-rare030,1.0,3.326549100020202,25600.0,1280.0,20.0,640.0,33280.0,520.0,983040.0,47104.0,23.0,47104.0,7680.0,400.0,25600.0,215040.0,33280.0
0.0,qld-kgrad-crossfit-t1,0.05526004539921647,0.03585954178999118,400,CF-A03-rare030/missing,0,0.03585954178999118,separated-unequal-rare,kgrad,-0.013534324478531978,0,reset,0.07807623189837143,missing,0,150,0.10847656249999996,0.0,0,250,-1.285569335574697,-3.3694353371736754,-2.8623396837309585,-1.4719214423504847,1.2144854113423842,2.0181479422899518,1.514021032155981,0.05775894657258065,crossfit,0,0.2930273915060053,CF-A03-rare030,1.0,3.5293315000017174,25600.0,1280.0,20.0,640.0,33280.0,520.0,983040.0,47104.0,23.0,47104.0,7680.0,400.0,25600.0,215040.0,33280.0
0.0,paper-0.5,1.305422833392953,0.03849045429665621,400,CF-A03-rare030/missing,0,0.03849045429665621,separated-unequal-rare,paper,nan,0,continuous,1.305422833392953,missing,0,150,0.09773437499999996,0.0,1,400,-1.1780481869749635,-3.08028066826023,-2.8782287543301326,-1.542577377070737,1.4900220436902323,2.4865583572196233,1.6076888953411859,0.05649886592741935,reused_masked,2,0.30230445141204604,CF-A03-rare030,0.5,0.6907013999880292,25600.0,1408.0,22.0,1408.0,25600.0,400.0,3276800.0,47104.0,23.0,47104.0,25600.0,400.0,25600.0,0.0,25600.0
0.0,qld-v1,0.0480459391083381,0.04344822193691389,375,CF-A03-rare030/missing,0,0.04645804584018309,separated-unequal-rare,paper,-0.0006558307718720346,0,carry,0.0480459391083381,missing,0,150,0.11238281249999996,0.0,1,400,-1.1852099336102837,-3.2475967944025737,-2.985104827602674,-1.53621183982754,1.5329293262135149,2.5047466207030165,1.6408480594724288,0.06059412802419355,reused_masked,2,0.32661627595765125,CF-A03-rare030,0.5,0.8683970000129193,25600.0,640.0,10.0,640.0,25600.0,400.0,983040.0,47104.0,23.0,47104.0,7680.0,400.0,25600.0,215040.0,25600.0
0.0,qld-full,0.0480459391083381,0.04720558493578353,282,CF-A03-rare030/missing,0,0.05713073337520935,separated-unequal-rare,qld,-0.0006085719456043748,0,carry,0.0480459391083381,missing,0,150,0.13093749999999996,0.0,0,350,-1.1677849185853424,-3.173871329811057,-2.68283637670793,-1.6269368769965027,1.4794876454269408,2.4366630999706764,1.5532807710585064,0.07023374495967742,,2,0.3313740871714595,CF-A03-rare030,,1.0115075999929104,25600.0,640.0,10.0,640.0,25600.0,400.0,0.0,47104.0,23.0,47104.0,0.0,400.0,25600.0,307200.0,25600.0
0.0,qld-paper-reset,0.0480459391083381,0.04026143656658121,400,CF-A03-rare030/missing,0,0.04026143656658121,separated-unequal-rare,paper,0.0037759235948022773,0,reset,0.0480459391083381,missing,0,150,0.11921874999999996,0.0,1,400,-1.1716382016037814,-3.0079700739644952,-2.8667427268162746,-1.5263229448763147,1.5801198611748397,2.4557698221863675,1.6330884200907338,0.05656186995967742,reused_masked,2,0.2962823717301701,CF-A03-rare030,0.5,1.189458500011824,25600.0,640.0,10.0,640.0,25600.0,400.0,983040.0,47104.0,23.0,47104.0,7680.0,400.0,25600.0,215040.0,25600.0
0.0,qld-mean-crossfit-t0.2,0.0480459391083381,0.04343221852806889,350,CF-A03-rare030/missing,0,0.06437460114957139,separated-unequal-rare,mean,0.006079534340621695,0,reset,0.0480459391083381,missing,0,150,0.19710937499999995,0.0,1,400,-1.4490086744334474,-2.9483431318946067,-2.8283126077518936,-1.8908520832550217,1.0220001725239505,2.0951968326738757,1.4536705286045117,0.07111580141129033,crossfit,2,0.44229067101330755,CF-A03-rare030,0.2,1.3786485999880824,25600.0,1280.0,20.0,640.0,33280.0,520.0,983040.0,47104.0,23.0,47104.0,7680.0,400.0,25600.0,215040.0,33280.0
0.0,qld-sharp-deleted-t0.2,0.0480459391083381,0.040150639220621454,325,CF-A03-rare030/missing,0,0.04530926293901483,separated-unequal-rare,sharp,-0.0012591345437804602,0,reset,0.0480459391083381,missing,0,150,0.1475,0.0,1,400,-1.2730243255908653,-3.0669624602618306,-2.888428536776617,-1.6200601559578427,1.4733910881991799,2.384352059710129,1.6214440551106355,0.06283077116935484,reused_deleted,2,0.3351032975095314,CF-A03-rare030,0.2,1.577310499997111,25600.0,640.0,10.0,640.0,25600.0,400.0,975360.0,47104.0,23.0,47104.0,7680.0,400.0,25600.0,215040.0,25600.0
0.0,qld-sharp-crossfit-t0.2,0.0480459391083381,0.037221371904812894,350,CF-A03-rare030/missing,0,0.044194964414103755,separated-unequal-rare,sharp,0.00013399158083293727,0,reset,0.0480459391083381,missing,0,150,0.131875,0.0,1,400,-1.2619267715023823,-3.0333046565763064,-2.9062475088029274,-1.6080360519473706,1.403722819750634,2.228916320642944,1.5776822311814271,0.05626260080645161,crossfit,2,0.32630592556278926,CF-A03-rare030,0.2,1.780392299988307,25600.0,1280.0,20.0,640.0,33280.0,520.0,983040.0,47104.0,23.0,47104.0,7680.0,400.0,25600.0,215040.0,33280.0
0.0,qld-kgrad-crossfit-t0.2,0.0480459391083381,0.038461763270430716,350,CF-A03-rare030/missing,0,0.04476220583203605,separated-unequal-rare,kgrad,0.0016605908085853827,0,reset,0.0480459391083381,missing,0,150,0.13578125,0.0,1,400,-1.2538550440270941,-3.0443535688878485,-2.9091345662665176,-1.593015750371734,1.4525291602296648,2.264501034533951,1.5957083795085198,0.05700289818548387,crossfit,2,0.32568976840777825,CF-A03-rare030,0.2,1.9623615999880712,25600.0,1280.0,20.0,640.0,33280.0,520.0,983040.0,47104.0,23.0,47104.0,7680.0,400.0,25600.0,215040.0,33280.0
0.0,qld-mean-crossfit-t0.5,0.0480459391083381,0.03820206951926575,350,CF-A03-rare030/missing,0,0.04337795243469378,separated-unequal-rare,mean,0.008204311138258147,0,reset,0.0480459391083381,missing,0,150,0.10945312499999996,0.0,1,400,-1.2460004165205503,-3.051338374771501,-2.8883945241434947,-1.6009744926518963,1.3104415892057524,2.1224459380958534,1.5329394628208217,0.05827872983870968,crossfit,2,0.3291820176027032,CF-A03-rare030,0.5,2.1490538000070956,25600.0,1280.0,20.0,640.0,33280.0,520.0,983040.0,47104.0,23.0,47104.0,7680.0,400.0,25600.0,215040.0,33280.0
0.0,qld-sharp-deleted-t0.5,0.0480459391083381,0.03918811513926146,325,CF-A03-rare030/missing,0,0.04190573549102572,separated-unequal-rare,sharp,0.0024345366126039547,0,reset,0.0480459391083381,missing,0,150,0.10749999999999996,0.0,1,400,-1.255639424237661,-3.019154697670586,-2.8756669115880715,-1.6082263750475398,1.3932279381974277,2.2222235880531724,1.5701660387646859,0.06042086693548387,reused_deleted,2,0.3211906087027782,CF-A03-rare030,0.5,2.340204400010407,25600.0,640.0,10.0,640.0,25600.0,400.0,975360.0,47104.0,23.0,47104.0,7680.0,400.0,25600.0,215040.0,25600.0
0.0,qld-sharp-crossfit-t0.5,0.0480459391083381,0.03900551395492147,350,CF-A03-rare030/missing,0,0.04198359551711994,separated-unequal-rare,sharp,0.006791266259269735,0,reset,0.0480459391083381,missing,0,150,0.10847656249999996,0.0,1,400,-1.242320451542935,-3.0435494993389414,-2.870789337729163,-1.589486397880584,1.3227715635260064,2.100406435996889,1.5320232187244747,0.056656376008064516,crossfit,2,0.3241896454595151,CF-A03-rare030,0.5,2.5363491000025533,25600.0,1280.0,20.0,640.0,33280.0,520.0,983040.0,47104.0,23.0,47104.0,7680.0,400.0,25600.0,215040.0,33280.0
0.0,qld-kgrad-crossfit-t0.5,0.0480459391083381,0.03868949111055309,350,CF-A03-rare030/missing,0,0.04081986924810832,separated-unequal-rare,kgrad,0.0012762640357499855,0,reset,0.0480459391083381,missing,0,150,0.137734375,0.0,1,400,-1.2376296940496578,-3.029126331405631,-2.858506306813973,-1.5813417770287148,1.4678947200719803,2.2035711640109286,1.5961772749207777,0.05749117943548387,crossfit,2,0.3143348046291053,CF-A03-rare030,0.5,2.7342081000097096,25600.0,1280.0,20.0,640.0,33280.0,520.0,983040.0,47104.0,23.0,47104.0,7680.0,400.0,25600.0,215040.0,33280.0
0.0,qld-mean-crossfit-t1,0.0480459391083381,0.042362560402831484,350,CF-A03-rare030/missing,0,0.04372135289056267,separated-unequal-rare,mean,0.020592857314502888,0,reset,0.0480459391083381,missing,0,150,0.11335937499999996,0.0,0,284,-1.2161868027246259,-3.023978222476481,-2.860171887327351,-1.5880116806210687,1.3923819452317854,2.214203230384782,1.5511627882504802,0.059412802419354836,crossfit,2,0.319030210969897,CF-A03-rare030,1.0,2.9281741000013426,25600.0,1280.0,20.0,640.0,33280.0,520.0,983040.0,47104.0,23.0,47104.0,7680.0,400.0,25600.0,215040.0,33280.0
0.0,qld-sharp-deleted-t1,0.0480459391083381,0.041843248640488495,325,CF-A03-rare030/missing,0,0.04977304774304114,separated-unequal-rare,sharp,0.0040664148882687545,0,reset,0.0480459391083381,missing,0,150,0.13777343749999996,0.0,1,400,-1.2432749029898555,-3.384251193069896,-2.8523747616581288,-1.7032106727042868,1.4728105792779038,2.4318418901590984,1.6134971362677029,0.05643586189516129,reused_deleted,2,0.3420098505170106,CF-A03-rare030,1.0,3.122425800014753,25600.0,640.0,10.0,640.0,25600.0,400.0,975360.0,47104.0,23.0,47104.0,7680.0,400.0,25600.0,215040.0,25600.0
0.0,qld-sharp-crossfit-t1,0.0480459391083381,0.043930416779383696,350,CF-A03-rare030/missing,0,0.0445315209920798,separated-unequal-rare,sharp,0.022685067742165943,0,reset,0.0480459391083381,missing,0,150,0.11824218749999996,0.0,0,284,-1.1930455787476406,-3.070721363164254,-2.823380578814671,-1.5943322012946561,1.4246620288981704,2.288807399264922,1.553984915122188,0.057601436491935484,crossfit,2,0.3121047517113251,CF-A03-rare030,1.0,3.3167886000010185,25600.0,1280.0,20.0,640.0,33280.0,520.0,983040.0,47104.0,23.0,47104.0,7680.0,400.0,25600.0,215040.0,33280.0
0.0,qld-kgrad-crossfit-t1,0.0480459391083381,0.036441630256570434,350,CF-A03-rare030/missing,0,0.03806337062800713,separated-unequal-rare,kgrad,0.0009845776368098136,0,reset,0.0480459391083381,missing,0,150,0.11624999999999999,0.0,1,400,-1.1860998890455061,-2.9543698882877125,-2.8409769760748147,-1.5376279285818972,1.4698988503485968,2.217159904386236,1.5775145739823786,0.05207283266129032,crossfit,2,0.29721440622786416,CF-A03-rare030,1.0,3.5317054000042845,25600.0,1280.0,20.0,640.0,33280.0,520.0,983040.0,47104.0,23.0,47104.0,7680.0,400.0,25600.0,215040.0,33280.0
1.0,paper-0.5,1.5149758799308386,0.027660352315169723,375,CF-A03-rare030/missing,0,0.03848934953086314,separated-unequal-rare,paper,nan,0,continuous,1.5149758799308386,missing,0,100,0.124296875,0.0224609375,0,125,-1.0006659901850763,-3.4054736863783432,-2.6895276487415156,-1.3905190347183791,1.7800221199365522,2.991259312319025,1.6740929910194688,0.06703629032258064,reused_masked,1,0.275905312376078,CF-A03-rare030,0.5,0.698291499982588,25600.0,1408.0,22.0,1408.0,25600.0,400.0,3276800.0,47104.0,23.0,47104.0,25600.0,400.0,25600.0,0.0,25600.0
1.0,qld-v1,0.05918667842254477,0.04814033617058655,400,CF-A03-rare030/missing,0,0.04814033617058655,separated-unequal-rare,paper,0.0012289543639580902,0,carry,0.06019513494958573,missing,0,175,0.11390625000000001,0.0009765625,0,250,-1.082591009507949,-3.2394987975506897,-3.031830624693709,-1.4137239127484906,1.5534869663962696,2.512658283866464,1.6680488470125496,0.058924521169354836,reused_masked,1,0.30406571685607703,CF-A03-rare030,0.5,0.8777605000068434,25600.0,640.0,10.0,640.0,25600.0,400.0,983040.0,47104.0,23.0,47104.0,7680.0,400.0,25600.0,215040.0,25600.0
1.0,qld-full,0.05918667842254477,0.043027831983510456,400,CF-A03-rare030/missing,0,0.043027831983510456,separated-unequal-rare,qld,-0.0008865703290339422,0,carry,0.06019513494958573,missing,0,175,0.108671875,0.009765625,0,250,-1.0342602108134331,-2.999192071546746,-2.874251448714974,-1.4563896765932238,1.7269866878563542,2.7675856393224993,1.6812338051579727,0.05695564516129032,,1,0.2770788606701082,CF-A03-rare030,,1.0246767000062391,25600.0,640.0,10.0,640.0,25600.0,400.0,0.0,47104.0,23.0,47104.0,0.0,400.0,25600.0,307200.0,25600.0
1.0,qld-paper-reset,0.05918667842254477,0.0330513059994999,400,CF-A03-rare030/missing,0,0.0330513059994999,separated-unequal-rare,paper,-0.00042687707526356533,0,reset,0.06019513494958573,missing,0,175,0.09285156249999996,0.00146484375,0,250,-1.1057528756485753,-3.1287446462638107,-2.910005944107024,-1.3332782590699148,1.6251508439247786,2.6270400679391392,1.689359585634877,0.059097782258064516,reused_masked,1,0.24801229407553757,CF-A03-rare030,0.5,1.2067497999814805,25600.0,640.0,10.0,640.0,25600.0,400.0,983040.0,47104.0,23.0,47104.0,7680.0,400.0,25600.0,215040.0,25600.0
0.0,qld-mean-crossfit-t0.2,0.05918667842254477,0.03981447994025866,325,CF-A03-rare030/missing,0,0.08233324679086973,separated-unequal-rare,mean,0.01217128337301987,0,reset,0.06019513494958573,missing,0,175,0.17757812499999995,0.0,0,250,-1.3981394637001334,-3.255982293038669,-2.7626362208260775,-1.4772153160154349,0.8543264281417167,2.096003742251709,1.4105990795595005,0.05632560483870968,crossfit,1,0.33041413846506873,CF-A03-rare030,0.2,1.392866399983177,25600.0,1280.0,20.0,640.0,33280.0,520.0,983040.0,47104.0,23.0,47104.0,7680.0,400.0,25600.0,215040.0,33280.0
0.0,qld-sharp-deleted-t0.2,0.05918667842254477,0.032003653072390614,375,CF-A03-rare030/missing,0,0.04478058549369823,separated-unequal-rare,sharp,0.008378400301068734,0,reset,0.06019513494958573,missing,0,175,0.12800781249999996,0.0,0,250,-1.2860836716925137,-3.257535467043105,-2.852645514853103,-1.4378864868062036,1.278720501773193,2.1131090142246567,1.5330362042463115,0.05831023185483871,reused_deleted,1,0.25440166221081917,CF-A03-rare030,0.2,1.6015455999877304,25600.0,640.0,10.0,640.0,25600.0,400.0,975360.0,47104.0,23.0,47104.0,7680.0,400.0,25600.0,215040.0,25600.0
0.0,qld-sharp-crossfit-t0.2,0.05918667842254477,0.035597749736041795,325,CF-A03-rare030/missing,0,0.049107017867797254,separated-unequal-rare,sharp,0.005629269617568378,0,reset,0.06019513494958573,missing,0,175,0.11628906249999996,0.0,0,250,-1.2811359838508054,-3.407039725856589,-2.815602536139494,-1.4809499285757886,1.3069878821073595,2.166260601055219,1.5604794440833087,0.04833984375,crossfit,1,0.2553131063853916,CF-A03-rare030,0.2,1.8089562999957707,25600.0,1280.0,20.0,640.0,33280.0,520.0,983040.0,47104.0,23.0,47104.0,7680.0,400.0,25600.0,215040.0,33280.0
0.0,qld-kgrad-crossfit-t0.2,0.05918667842254477,0.03425127888791568,375,CF-A03-rare030/missing,0,0.05251737798946543,separated-unequal-rare,kgrad,0.009852198996149975,0,reset,0.06019513494958573,missing,0,175,0.12582031249999995,0.0,0,250,-1.3084331311697714,-3.082782441554445,-2.7997985208282747,-1.419631577897999,1.07799851807003,1.8577202958777466,1.4310120940367825,0.05350617439516129,crossfit,1,0.2790445637585179,CF-A03-rare030,0.2,1.9946305000048596,25600.0,1280.0,20.0,640.0,33280.0,520.0,983040.0,47104.0,23.0,47104.0,7680.0,400.0,25600.0,215040.0,33280.0
0.0,qld-mean-crossfit-t0.5,0.05918667842254477,0.03557839840885091,375,CF-A03-rare030/missing,0,0.0416905538654857,separated-unequal-rare,mean,-0.00328673181075545,0,reset,0.06019513494958573,missing,0,175,0.10359374999999996,0.0,0,250,-1.1949608178840037,-3.10673651462772,-2.776453809686595,-1.5310319840926205,1.39151480907249,2.3291519751672918,1.5537964129977262,0.04885962701612903,crossfit,1,0.24328625518800231,CF-A03-rare030,0.5,2.1922726999910083,25600.0,1280.0,20.0,640.0,33280.0,520.0,983040.0,47104.0,23.0,47104.0,7680.0,400.0,25600.0,215040.0,33280.0
0.0,qld-sharp-deleted-t0.5,0.05918667842254477,0.03491233597291332,400,CF-A03-rare030/missing,0,0.03491233597291332,separated-unequal-rare,sharp,-3.087580934901801e-05,0,reset,0.06019513494958573,missing,0,175,0.10066406249999996,0.0,0,250,-1.1803717835211445,-3.2208959820927396,-2.910773385768803,-1.3912241094167563,1.511508860739353,2.4653167607693454,1.6535715972112393,0.061255670362903226,reused_deleted,1,0.24456398077340694,CF-A03-rare030,0.5,2.3708308000059333,25600.0,640.0,10.0,640.0,25600.0,400.0,975360.0,47104.0,23.0,47104.0,7680.0,400.0,25600.0,215040.0,25600.0
0.0,qld-sharp-crossfit-t0.5,0.05918667842254477,0.03515019145168519,400,CF-A03-rare030/missing,0,0.03515019145168519,separated-unequal-rare,sharp,-0.0023357699090647,0,reset,0.06019513494958573,missing,0,175,0.08796874999999996,0.0,0,250,-1.166004214738751,-3.1326336215594783,-2.8235361820542457,-1.4463845375983255,1.4185298486293518,2.3219340560444346,1.5722159211507056,0.05035597278225806,crossfit,1,0.24073703626918752,CF-A03-rare030,0.5,2.57286159999785,25600.0,1280.0,20.0,640.0,33280.0,520.0,983040.0,47104.0,23.0,47104.0,7680.0,400.0,25600.0,215040.0,33280.0
0.0,qld-kgrad-crossfit-t0.5,0.05918667842254477,0.03102212042489616,375,CF-A03-rare030/missing,0,0.04181028408393006,separated-unequal-rare,kgrad,0.004283147799211573,0,reset,0.06019513494958573,missing,0,175,0.11433593749999996,0.0,0,250,-1.2607152320165027,-3.3061040124259007,-2.7835729309008084,-1.4417618562023442,1.2213444199003394,2.0503428263177494,1.497091396610985,0.051049017137096774,crossfit,1,0.2534179671671453,CF-A03-rare030,0.5,2.763695000001462,25600.0,1280.0,20.0,640.0,33280.0,520.0,983040.0,47104.0,23.0,47104.0,7680.0,400.0,25600.0,215040.0,33280.0
0.0,qld-mean-crossfit-t1,0.05918667842254477,0.046557503869921746,400,CF-A03-rare030/missing,0,0.046557503869921746,separated-unequal-rare,mean,-0.00628779386956535,0,reset,0.06019513494958573,missing,0,175,0.0823046875,0.0,0,250,-1.1247717573057994,-3.218203933024303,-3.017592783207198,-1.476965216379619,1.5279598813121993,2.4720917461240095,1.6596261938426626,0.05944430443548387,crossfit,1,0.2912408103399587,CF-A03-rare030,1.0,2.953256099979626,25600.0,1280.0,20.0,640.0,33280.0,520.0,983040.0,47104.0,23.0,47104.0,7680.0,400.0,25600.0,215040.0,33280.0
1.0,qld-sharp-deleted-t1,0.05918667842254477,0.04312683255597838,400,CF-A03-rare030/missing,0,0.04312683255597838,separated-unequal-rare,sharp,-0.005732005947974406,0,reset,0.06019513494958573,missing,0,175,0.08207031249999999,0.0068359375,0,250,-1.0963949474377217,-3.3565906999858353,-3.0008710954563136,-1.4414212160399065,1.7536065882012928,2.723810704298254,1.7484961041493392,0.06276776713709678,reused_deleted,1,0.2858850150397824,CF-A03-rare030,1.0,3.137561999988975,25600.0,640.0,10.0,640.0,25600.0,400.0,975360.0,47104.0,23.0,47104.0,7680.0,400.0,25600.0,215040.0,25600.0
1.0,qld-sharp-crossfit-t1,0.05918667842254477,0.04919061651404011,400,CF-A03-rare030/missing,0,0.04919061651404011,separated-unequal-rare,sharp,-0.005032726482413485,0,reset,0.06019513494958573,missing,0,175,0.08753906250000001,0.0029296875,0,250,-1.0909190184575583,-3.370879014889952,-3.023270059629786,-1.5027150720357416,1.6228813197783512,2.6133162894286492,1.7110728867239537,0.06005859375,crossfit,1,0.30735135978584255,CF-A03-rare030,1.0,3.332327699987218,25600.0,1280.0,20.0,640.0,33280.0,520.0,983040.0,47104.0,23.0,47104.0,7680.0,400.0,25600.0,215040.0,33280.0
0.0,qld-kgrad-crossfit-t1,0.05918667842254477,0.03448177124886098,375,CF-A03-rare030/missing,0,0.03734933580001476,separated-unequal-rare,kgrad,0.0007286780944719684,0,reset,0.06019513494958573,missing,0,175,0.10847656249999996,0.0,0,250,-1.2371795274799626,-3.306615604884712,-2.79264098902124,-1.434219945249165,1.3269713774477323,2.141725599544774,1.5433383691931366,0.045189642137096774,crossfit,1,0.2372797704868427,CF-A03-rare030,1.0,3.5385313000006136,25600.0,1280.0,20.0,640.0,33280.0,520.0,983040.0,47104.0,23.0,47104.0,7680.0,400.0,25600.0,215040.0,33280.0
0.0,paper-0.5,1.5746931918496476,0.036938256895107546,400,CF-A03-rare030/concentrated,0,0.036938256895107546,separated-unequal-rare,paper,nan,0,continuous,1.5746931918496476,concentrated,0,75,0.1367578125,0.0,0,100,-1.1107441864089205,-2.854080344974466,-2.803639046716867,-1.546335851292201,1.6171459764672838,2.4270279703985063,1.6380261234439877,0.05092300907258065,reused_masked,0,0.2703222835520976,CF-A03-rare030,0.5,0.6961490000248887,25600.0,1408.0,22.0,1408.0,25600.0,400.0,3276800.0,47104.0,23.0,47104.0,25600.0,400.0,25600.0,0.0,25600.0
1.0,qld-v1,0.04374244434872132,0.04374244434872132,200,CF-A03-rare030/concentrated,0,0.04394102740658079,separated-unequal-rare,paper,0.013313441904482914,0,carry,0.04561199594903265,concentrated,0,50,0.129921875,0.001953125,0,50,-1.0832385173077574,-3.0736881116402346,-2.9567579058324016,-1.5050388033528805,1.7414488178695375,2.6512989213665623,1.7222490074823238,0.05764868951612903,reused_masked,0,0.301132288816148,CF-A03-rare030,0.5,0.8830480000178795,25600.0,640.0,10.0,640.0,25600.0,400.0,983040.0,47104.0,23.0,47104.0,7680.0,400.0,25600.0,215040.0,25600.0
0.0,qld-full,0.04374244434872132,0.04265824597546031,400,CF-A03-rare030/concentrated,0,0.04265824597546031,separated-unequal-rare,qld,0.008971569787403322,0,carry,0.04561199594903265,concentrated,0,50,0.12113281249999999,0.0,0,50,-1.0657908958865492,-2.9315091111605196,-2.8352825767127126,-1.5236515310558163,1.6849744977093284,2.5591558165607444,1.6622916361487086,0.056861139112903226,,0,0.2875480003227797,CF-A03-rare030,,1.0271809000114445,25600.0,640.0,10.0,640.0,25600.0,400.0,0.0,47104.0,23.0,47104.0,0.0,400.0,25600.0,307200.0,25600.0
0.0,qld-paper-reset,0.04374244434872132,0.04080094183645944,375,CF-A03-rare030/concentrated,0,0.04154215316514831,separated-unequal-rare,paper,0.0041992380302140475,0,reset,0.04561199594903265,concentrated,0,50,0.10550781249999999,0.0,0,50,-1.0765312169107752,-2.89320030483075,-2.8051889319377934,-1.5345032934066927,1.5666491991440041,2.486153948341063,1.6342837666792462,0.05511277721774194,reused_masked,0,0.2799325952800898,CF-A03-rare030,0.5,1.2262148000008892,25600.0,640.0,10.0,640.0,25600.0,400.0,983040.0,47104.0,23.0,47104.0,7680.0,400.0,25600.0,215040.0,25600.0
0.0,qld-mean-crossfit-t0.2,0.04374244434872132,0.04114272986597012,285,CF-A03-rare030/concentrated,0,0.1545547689745077,separated-unequal-rare,mean,-0.004469266083062529,0,reset,0.04561199594903265,concentrated,0,50,0.40605468749999996,0.0,0,50,-1.5864765759976014,-2.8140730603151174,-2.7873832308800814,-2.3658446374150524,1.1663535156163363,2.2051425758611383,1.5170443977967047,0.08694556451612903,crossfit,0,0.4930834308061207,CF-A03-rare030,0.2,1.423428900016006,25600.0,1280.0,20.0,640.0,33280.0,520.0,983040.0,47104.0,23.0,47104.0,7680.0,400.0,25600.0,215040.0,33280.0
0.0,qld-sharp-deleted-t0.2,0.04374244434872132,0.03868457084806698,400,CF-A03-rare030/concentrated,0,0.03868457084806698,separated-unequal-rare,sharp,-0.0015827850357554851,0,reset,0.04561199594903265,concentrated,0,50,0.2285546875,0.0,0,50,-1.195464316960073,-2.895528924601116,-2.857957259036024,-1.802840549278426,1.6499089556147306,2.35719354161324,1.685165673263412,0.05471900201612903,reused_deleted,0,0.2794880193012402,CF-A03-rare030,0.2,1.631543400028022,25600.0,640.0,10.0,640.0,25600.0,400.0,975360.0,47104.0,23.0,47104.0,7680.0,400.0,25600.0,215040.0,25600.0
0.0,qld-sharp-crossfit-t0.2,0.04374244434872132,0.041610655884074976,285,CF-A03-rare030/concentrated,0,0.057201687313160665,separated-unequal-rare,sharp,-0.00400134006495767,0,reset,0.04561199594903265,concentrated,0,50,0.2490625,0.0,0,50,-1.3107733912514932,-2.871921651181622,-2.8293717087932455,-1.954899149320419,1.515364370549973,2.3025759476801326,1.6294784466172003,0.05824722782258065,crossfit,0,0.3051095144981304,CF-A03-rare030,0.2,1.827344000019366,25600.0,1280.0,20.0,640.0,33280.0,520.0,983040.0,47104.0,23.0,47104.0,7680.0,400.0,25600.0,215040.0,33280.0
0.0,qld-kgrad-crossfit-t0.2,0.04374244434872132,0.04189499521786866,285,CF-A03-rare030/concentrated,0,0.0743990740991669,separated-unequal-rare,kgrad,-0.0037170007311639885,0,reset,0.04561199594903265,concentrated,0,50,0.33597656249999996,0.0,0,50,-1.3583113220080407,-2.799539771331576,-2.7780032165367037,-2.144706595879309,1.5721347242417958,2.29969931506821,1.6403803686004053,0.05443548387096774,crossfit,0,0.3358023827613733,CF-A03-rare030,0.2,2.020616500027245,25600.0,1280.0,20.0,640.0,33280.0,520.0,983040.0,47104.0,23.0,47104.0,7680.0,400.0,25600.0,215040.0,33280.0
0.0,qld-mean-crossfit-t0.5,0.04374244434872132,0.043459917316829966,281,CF-A03-rare030/concentrated,0,0.04798505091151384,separated-unequal-rare,mean,-0.0013142526378819852,0,reset,0.04561199594903265,concentrated,0,50,0.09964843749999999,0.0,0,50,-1.2413709580675722,-3.0052245633557004,-2.905516826645674,-1.6344285367138678,1.3320642952517436,2.390877596713761,1.5726231034740106,0.05816847278225806,crossfit,0,0.29717021406759153,CF-A03-rare030,0.5,2.2089256000181194,25600.0,1280.0,20.0,640.0,33280.0,520.0,983040.0,47104.0,23.0,47104.0,7680.0,400.0,25600.0,215040.0,33280.0
0.0,qld-sharp-deleted-t0.5,0.04374244434872132,0.039148433039494446,400,CF-A03-rare030/concentrated,0,0.039148433039494446,separated-unequal-rare,sharp,0.0009054693697501115,0,reset,0.04561199594903265,concentrated,0,50,0.1348046875,0.0,0,50,-1.119699661981341,-2.9446511769216976,-2.860022050044977,-1.5903908725606577,1.5521288989843105,2.4666028409433025,1.6529002653525795,0.05640435987903226,reused_deleted,0,0.27969602133395427,CF-A03-rare030,0.5,2.4015656000119634,25600.0,640.0,10.0,640.0,25600.0,400.0,975360.0,47104.0,23.0,47104.0,7680.0,400.0,25600.0,215040.0,25600.0
0.0,qld-sharp-crossfit-t0.5,0.04374244434872132,0.04370241926229257,281,CF-A03-rare030/concentrated,0,0.04554080285314166,separated-unequal-rare,sharp,0.0027392449043497358,0,reset,0.04561199594903265,concentrated,0,50,0.09281249999999999,0.0,0,50,-1.2046425354263977,-3.0074519058752114,-2.901090188811461,-1.5861155727620684,1.415823696851658,2.4285744472719863,1.5894086060730181,0.05684538810483871,crossfit,0,0.28992215266610816,CF-A03-rare030,0.5,2.605102200002875,25600.0,1280.0,20.0,640.0,33280.0,520.0,983040.0,47104.0,23.0,47104.0,7680.0,400.0,25600.0,215040.0,33280.0
0.0,qld-kgrad-crossfit-t0.5,0.04374244434872132,0.043013212528309364,285,CF-A03-rare030/concentrated,0,0.04600072236750874,separated-unequal-rare,kgrad,-0.002598783420723283,0,reset,0.04561199594903265,concentrated,0,50,0.1777734375,0.0,0,50,-1.2463926067248399,-2.8960858398918368,-2.836399082256471,-1.7635506795131084,1.4945503037045742,2.3581647906981043,1.60998108740009,0.055270287298387094,crossfit,0,0.2855694012711351,CF-A03-rare030,0.5,2.792017500003567,25600.0,1280.0,20.0,640.0,33280.0,520.0,983040.0,47104.0,23.0,47104.0,7680.0,400.0,25600.0,215040.0,33280.0
0.0,qld-mean-crossfit-t1,0.04374244434872132,0.04289477589310797,281,CF-A03-rare030/concentrated,0,0.04399798920424747,separated-unequal-rare,mean,0.004127661742591826,0,reset,0.04561199594903265,concentrated,0,50,0.07425781249999999,0.0,0,50,-1.1416759379179866,-3.0019843840114953,-2.8841660075658733,-1.5553871969954134,1.418281986239624,2.474928240727721,1.6056849251081422,0.05775894657258065,crossfit,0,0.28859022655030114,CF-A03-rare030,1.0,2.9854902000224683,25600.0,1280.0,20.0,640.0,33280.0,520.0,983040.0,47104.0,23.0,47104.0,7680.0,400.0,25600.0,215040.0,33280.0
0.0,qld-sharp-deleted-t1,0.04374244434872132,0.042641178773037414,300,CF-A03-rare030/concentrated,0,0.045875792711105756,separated-unequal-rare,sharp,0.002365215429603662,0,reset,0.04561199594903265,concentrated,0,50,0.08792968749999999,0.0,0,50,-1.059808902347006,-2.9115070768895346,-2.806819830919903,-1.4846085389764991,1.5735757376295845,2.492277489726297,1.6188066316412693,0.05871975806451613,reused_deleted,0,0.28874713020547016,CF-A03-rare030,1.0,3.1688355000223964,25600.0,640.0,10.0,640.0,25600.0,400.0,975360.0,47104.0,23.0,47104.0,7680.0,400.0,25600.0,215040.0,25600.0
0.0,qld-sharp-crossfit-t1,0.04374244434872132,0.04184928160904233,300,CF-A03-rare030/concentrated,0,0.04328494663924065,separated-unequal-rare,sharp,0.006800956320670348,0,reset,0.04561199594903265,concentrated,0,50,0.08792968749999999,0.0,0,50,-1.1388514459077361,-2.9996729116404146,-2.887047487615751,-1.5514495712130196,1.4763420309162723,2.508168282163468,1.6156571311749206,0.05755418346774194,crossfit,0,0.28840187337381246,CF-A03-rare030,1.0,3.3741541000199504,25600.0,1280.0,20.0,640.0,33280.0,520.0,983040.0,47104.0,23.0,47104.0,7680.0,400.0,25600.0,215040.0,33280.0
0.0,qld-kgrad-crossfit-t1,0.04374244434872132,0.043731926221747486,281,CF-A03-rare030/concentrated,0,0.045890501102989756,separated-unequal-rare,kgrad,0.001863750191002378,0,reset,0.04561199594903265,concentrated,0,50,0.1078125,0.0,0,50,-1.1464259851165868,-2.860684932396124,-2.780516181894843,-1.622387885685609,1.4293586060029124,2.36817507903216,1.571168142789637,0.05356917842741935,crossfit,0,0.2722457820293012,CF-A03-rare030,1.0,3.57385900002555,25600.0,1280.0,20.0,640.0,33280.0,520.0,983040.0,47104.0,23.0,47104.0,7680.0,400.0,25600.0,215040.0,33280.0
0.0,paper-0.5,1.653741422153169,0.037051660338456305,275,CF-A03-rare030/concentrated,0,0.03760318678882091,separated-unequal-rare,paper,nan,0,continuous,1.653741422153169,concentrated,0,75,0.06703125000000001,0.0,0,50,-1.1773467660034627,-2.9156166725280754,-2.850457552537756,-1.5326197445501162,1.2660793826731451,2.4564524697193426,1.538921589952727,0.05657762096774194,reused_masked,1,0.2803170809596933,CF-A03-rare030,0.5,0.7061818999936804,25600.0,1408.0,22.0,1408.0,25600.0,400.0,3276800.0,47104.0,23.0,47104.0,25600.0,400.0,25600.0,0.0,25600.0
0.0,qld-v1,0.03967086957131283,0.03967086957131283,280,CF-A03-rare030/concentrated,0,0.043283071215976854,separated-unequal-rare,paper,0.005559458054628319,0,carry,0.03967086957131283,concentrated,0,50,0.078515625,0.0,0,225,-1.1503089881692339,-3.064865680712988,-2.9360746507964066,-1.5628181931547025,1.418939558695772,2.5249458430094225,1.6261948009790455,0.057459677419354836,reused_masked,1,0.2922642811287411,CF-A03-rare030,0.5,0.8864024999784306,25600.0,640.0,10.0,640.0,25600.0,400.0,983040.0,47104.0,23.0,47104.0,7680.0,400.0,25600.0,215040.0,25600.0
0.0,qld-full,0.03967086957131283,0.03967086957131283,280,CF-A03-rare030/concentrated,0,0.04442511516662795,separated-unequal-rare,qld,0.006450795914775487,0,carry,0.03967086957131283,concentrated,0,50,0.0951171875,0.0,0,225,-1.0701683178132737,-2.900192679619064,-2.783828681698459,-1.500055429896551,1.4874054758159039,2.492659287483467,1.5903676112650924,0.0576171875,,1,0.282640017070623,CF-A03-rare030,,1.0447902999876533,25600.0,640.0,10.0,640.0,25600.0,400.0,0.0,47104.0,23.0,47104.0,0.0,400.0,25600.0,307200.0,25600.0
0.0,qld-paper-reset,0.03967086957131283,0.03967086957131283,280,CF-A03-rare030/concentrated,0,0.04316168685237498,separated-unequal-rare,paper,0.010415676434592402,0,reset,0.03967086957131283,concentrated,0,50,0.0931640625,0.0,0,225,-1.1722149363078271,-3.03154312373976,-2.940847086606199,-1.59471209398531,1.4810043219321842,2.5812684119103113,1.6370950025346305,0.05764868951612903,reused_masked,1,0.284015500869926,CF-A03-rare030,0.5,1.211751099996036,25600.0,640.0,10.0,640.0,25600.0,400.0,983040.0,47104.0,23.0,47104.0,7680.0,400.0,25600.0,215040.0,25600.0
0.0,qld-mean-crossfit-t0.2,0.03967086957131283,0.039138577510646755,281,CF-A03-rare030/concentrated,0,0.30754675935168674,separated-unequal-rare,mean,0.011524762829829394,0,reset,0.03967086957131283,concentrated,0,50,0.45097656249999996,0.0,0,225,-1.8508525224687564,-2.8649264536474917,-2.840687756149598,-2.4217884287552813,0.24232382141226386,1.5207191047732762,1.210810566542242,0.14517704133064516,crossfit,1,0.7759350883427184,CF-A03-rare030,0.2,1.4025223999924492,25600.0,1280.0,20.0,640.0,33280.0,520.0,983040.0,47104.0,23.0,47104.0,7680.0,400.0,25600.0,215040.0,33280.0
0.0,qld-sharp-deleted-t0.2,0.03967086957131283,0.039172923622844635,284,CF-A03-rare030/concentrated,0,0.05401860341544351,separated-unequal-rare,sharp,-0.00010788166384645415,0,reset,0.03967086957131283,concentrated,0,50,0.22953125,0.0,0,225,-1.2936964444775279,-2.9852767710985697,-2.894476571314248,-1.9101813927226892,1.4221882047984213,2.2498335941666006,1.6211307431980353,0.06752457157258064,reused_deleted,1,0.31487850759586733,CF-A03-rare030,0.2,1.5773297999985516,25600.0,640.0,10.0,640.0,25600.0,400.0,975360.0,47104.0,23.0,47104.0,7680.0,400.0,25600.0,215040.0,25600.0
0.0,qld-sharp-crossfit-t0.2,0.03967086957131283,0.038894216034184526,300,CF-A03-rare030/concentrated,0,0.046797944023381666,separated-unequal-rare,sharp,0.007126950784864361,0,reset,0.03967086957131283,concentrated,0,50,0.11039062499999999,0.0,0,225,-1.2372792421607754,-2.8316605595955275,-2.789802263667786,-1.719134223034963,1.264327656066078,2.141137187231307,1.5215202004600366,0.05229334677419355,crossfit,1,0.28484185127426975,CF-A03-rare030,0.2,1.7665019999840297,25600.0,1280.0,20.0,640.0,33280.0,520.0,983040.0,47104.0,23.0,47104.0,7680.0,400.0,25600.0,215040.0,33280.0
0.0,qld-kgrad-crossfit-t0.2,0.03967086957131283,0.038797598048232684,281,CF-A03-rare030/concentrated,0,0.04752068644151208,separated-unequal-rare,kgrad,0.00942385090559883,0,reset,0.03967086957131283,concentrated,0,50,0.2383203125,0.0,0,225,-1.2165913399708441,-2.9227696956525056,-2.791882950768628,-1.8739944259249395,1.4942125180131416,2.195813822339215,1.6227858073557793,0.052230342741935484,crossfit,1,0.2927173985684252,CF-A03-rare030,0.2,1.9597647999762557,25600.0,1280.0,20.0,640.0,33280.0,520.0,983040.0,47104.0,23.0,47104.0,7680.0,400.0,25600.0,215040.0,33280.0
0.0,qld-mean-crossfit-t0.5,0.03967086957131283,0.03934199393260185,283,CF-A03-rare030/concentrated,0,0.047012194884535896,separated-unequal-rare,mean,0.0021737837431272666,0,reset,0.03967086957131283,concentrated,0,50,0.084375,0.0,0,225,-1.2212538977874878,-3.059826831030184,-2.9545960937636497,-1.6224872190581987,1.3385368747393547,2.451578221957052,1.5920927198803907,0.05928679435483871,crossfit,1,0.2953230695901482,CF-A03-rare030,0.5,2.1339197999914177,25600.0,1280.0,20.0,640.0,33280.0,520.0,983040.0,47104.0,23.0,47104.0,7680.0,400.0,25600.0,215040.0,33280.0
0.0,qld-sharp-deleted-t0.5,0.03967086957131283,0.03967086957131283,280,CF-A03-rare030/concentrated,0,0.04362847340728093,separated-unequal-rare,sharp,0.008826160723157006,0,reset,0.03967086957131283,concentrated,0,50,0.10390625,0.0,0,225,-1.2007400576909522,-3.009011497349678,-2.9180121952578806,-1.6324810950734223,1.3990297673869911,2.467091730609878,1.6066464971936922,0.05774319556451613,reused_deleted,1,0.28616789033212464,CF-A03-rare030,0.5,2.3033560999901965,25600.0,640.0,10.0,640.0,25600.0,400.0,975360.0,47104.0,23.0,47104.0,7680.0,400.0,25600.0,215040.0,25600.0
0.0,qld-sharp-crossfit-t0.5,0.03967086957131283,0.03951101790376699,284,CF-A03-rare030/concentrated,0,0.04412379622279339,separated-unequal-rare,sharp,0.0006639702564601446,0,reset,0.03967086957131283,concentrated,0,50,0.0814453125,0.0,0,225,-1.1855283226937277,-3.0554226280254757,-2.95182575160557,-1.564482103844226,1.4092523326464153,2.4960319700856632,1.6137708730421416,0.05842048891129032,crossfit,1,0.2890353477217204,CF-A03-rare030,0.5,2.484927499986952,25600.0,1280.0,20.0,640.0,33280.0,520.0,983040.0,47104.0,23.0,47104.0,7680.0,400.0,25600.0,215040.0,33280.0
0.0,qld-kgrad-crossfit-t0.5,0.03967086957131283,0.03907646791824693,281,CF-A03-rare030/concentrated,0,0.04769428257076669,separated-unequal-rare,kgrad,0.004312693050744443,0,reset,0.03967086957131283,concentrated,0,50,0.07914062499999999,0.0,0,225,-1.237077105295233,-2.828400100511991,-2.7790752837025403,-1.6581830374866673,1.22828087486211,2.2037120709742033,1.498532034116336,0.053206905241935484,crossfit,1,0.2880262900543774,CF-A03-rare030,0.5,2.665589899988845,25600.0,1280.0,20.0,640.0,33280.0,520.0,983040.0,47104.0,23.0,47104.0,7680.0,400.0,25600.0,215040.0,33280.0
0.0,qld-mean-crossfit-t1,0.03967086957131283,0.039502822234082524,284,CF-A03-rare030/concentrated,0,0.04380623015847607,separated-unequal-rare,mean,0.0007901176770916951,0,reset,0.03967086957131283,concentrated,0,50,0.1146484375,0.0,0,225,-1.1545721561579976,-3.0949079030466753,-2.9610646973536054,-1.5585240920657852,1.4710619235134883,2.5809235703062847,1.6474098255197687,0.057947958669354836,crossfit,1,0.29132074629469323,CF-A03-rare030,1.0,2.841653599985875,25600.0,1280.0,20.0,640.0,33280.0,520.0,983040.0,47104.0,23.0,47104.0,7680.0,400.0,25600.0,215040.0,33280.0
1.0,qld-sharp-deleted-t1,0.03967086957131283,0.03967086957131283,280,CF-A03-rare030/concentrated,0,0.043094369886801154,separated-unequal-rare,sharp,0.015595092671216504,0,reset,0.03967086957131283,concentrated,0,50,0.1146484375,0.00048828125,0,225,-1.1588004078211873,-3.0638810590802827,-2.9474123758155306,-1.587837566617795,1.484632086419702,2.5880426856221463,1.6494917294208598,0.057522681451612906,reused_deleted,1,0.2882789995643717,CF-A03-rare030,1.0,3.028810899995733,25600.0,640.0,10.0,640.0,25600.0,400.0,975360.0,47104.0,23.0,47104.0,7680.0,400.0,25600.0,215040.0,25600.0
1.0,qld-sharp-crossfit-t1,0.03967086957131283,0.03952070717278722,284,CF-A03-rare030/concentrated,0,0.043519317907411814,separated-unequal-rare,sharp,0.0002034996229620667,0,reset,0.03967086957131283,concentrated,0,50,0.0951171875,0.00048828125,0,225,-1.1402101319498443,-3.0781017246770697,-2.952598943109584,-1.580120918707336,1.525578135174026,2.6014443319691676,1.65424414874876,0.05775894657258065,crossfit,1,0.2901183103547714,CF-A03-rare030,1.0,3.211270899977535,25600.0,1280.0,20.0,640.0,33280.0,520.0,983040.0,47104.0,23.0,47104.0,7680.0,400.0,25600.0,215040.0,33280.0
0.0,qld-kgrad-crossfit-t1,0.03967086957131283,0.03942530081395024,283,CF-A03-rare030/concentrated,0,0.04172873572528912,separated-unequal-rare,kgrad,0.0023053277686735374,0,reset,0.03967086957131283,concentrated,0,50,0.0765625,0.0,0,225,-1.1851431227366704,-2.886436002218459,-2.818078423633177,-1.6126403702796859,1.3296121545644837,2.3490955238943068,1.5519869939409026,0.054214969758064516,crossfit,1,0.27718971262722325,CF-A03-rare030,1.0,3.38876750000054,25600.0,1280.0,20.0,640.0,33280.0,520.0,983040.0,47104.0,23.0,47104.0,7680.0,400.0,25600.0,215040.0,33280.0
0.0,paper-0.5,1.6206218044921905,0.03157586815777291,375,CF-A03-rare030/concentrated,0,0.03254459296146184,separated-unequal-rare,paper,nan,0,continuous,1.6206218044921905,concentrated,0,75,0.06941406249999996,0.0,1,400,-1.1533094395121997,-2.946565206554598,-2.894499147750986,-1.4502886698867776,1.5101323118328778,2.45107737058313,1.6140289413385598,0.05687689012096774,reused_masked,2,0.262605887539225,CF-A03-rare030,0.5,0.6881438000127673,25600.0,1408.0,22.0,1408.0,25600.0,400.0,3276800.0,47104.0,23.0,47104.0,25600.0,400.0,25600.0,0.0,25600.0
0.0,qld-v1,0.041500947315529,0.03853955445812396,350,CF-A03-rare030/concentrated,0,0.039744184587530595,separated-unequal-rare,paper,-0.01105059031752198,0,carry,0.05495217599714475,concentrated,0,75,0.09085937499999999,0.0,1,400,-1.1297339166486822,-3.008599135660899,-2.9144950915839556,-1.5322141974504826,1.576104183476291,2.5703168781800416,1.6548291005711588,0.057916456653225805,reused_masked,2,0.2806277282555732,CF-A03-rare030,0.5,0.8747191000147723,25600.0,640.0,10.0,640.0,25600.0,400.0,983040.0,47104.0,23.0,47104.0,7680.0,400.0,25600.0,215040.0,25600.0
0.0,qld-full,0.041500947315529,0.03591485891492052,300,CF-A03-rare030/concentrated,0,0.03734997442478827,separated-unequal-rare,qld,-0.013597469822059116,0,carry,0.05495217599714475,concentrated,0,75,0.09671874999999999,0.0,1,400,-1.1261407633084404,-2.9975187216864425,-2.905702805409331,-1.5636171443757902,1.532094706514102,2.609675895506333,1.663654230798516,0.05719191028225806,,2,0.278140625734116,CF-A03-rare030,,1.0286387000232935,25600.0,640.0,10.0,640.0,25600.0,400.0,0.0,47104.0,23.0,47104.0,0.0,400.0,25600.0,307200.0,25600.0
0.0,qld-paper-reset,0.041500947315529,0.03437940628871061,375,CF-A03-rare030/concentrated,0,0.03791147089765756,separated-unequal-rare,paper,0.006467105686974284,0,reset,0.05495217599714475,concentrated,0,75,0.078515625,0.0,0,284,-1.1481579671011068,-2.9779090257536254,-2.904612585134032,-1.4908635544666384,1.4966338977928628,2.5130030235966605,1.6253576936697542,0.057884954637096774,reused_masked,2,0.27051640552805223,CF-A03-rare030,0.5,1.2100878000201192,25600.0,640.0,10.0,640.0,25600.0,400.0,983040.0,47104.0,23.0,47104.0,7680.0,400.0,25600.0,215040.0,25600.0
0.0,qld-mean-crossfit-t0.2,0.041500947315529,0.041500947315529,75,CF-A03-rare030/concentrated,0,0.14914757798423084,separated-unequal-rare,mean,0.00033018994123223955,0,reset,0.05495217599714475,concentrated,0,75,0.32792968749999996,0.0,1,400,-1.607257141256738,-2.8223610434657447,-2.80708968261323,-2.285446034886818,0.7340963609325999,2.088571342966108,1.4108017775914157,0.10666582661290322,crossfit,2,0.5678854933519497,CF-A03-rare030,0.2,1.3871507000003476,25600.0,1280.0,20.0,640.0,33280.0,520.0,983040.0,47104.0,23.0,47104.0,7680.0,400.0,25600.0,215040.0,33280.0
0.0,qld-sharp-deleted-t0.2,0.041500947315529,0.03405763351303959,375,CF-A03-rare030/concentrated,0,0.03812069753289116,separated-unequal-rare,sharp,0.0008662158472418913,0,reset,0.05495217599714475,concentrated,0,75,0.090234375,0.0,1,400,-1.1694445387315069,-2.8130935348234445,-2.778970269705542,-1.5248758092683976,1.3501678972349456,2.1387846293764854,1.533288010924787,0.04923765120967742,reused_deleted,2,0.2597066006217806,CF-A03-rare030,0.2,1.5642698000010569,25600.0,640.0,10.0,640.0,25600.0,400.0,975360.0,47104.0,23.0,47104.0,7680.0,400.0,25600.0,215040.0,25600.0
0.0,qld-sharp-crossfit-t0.2,0.041500947315529,0.03549060850500796,325,CF-A03-rare030/concentrated,0,0.03799591532235924,separated-unequal-rare,sharp,-0.004096296713486991,0,reset,0.05495217599714475,concentrated,0,75,0.10160156249999999,0.0,1,400,-1.1854477698905455,-2.8438689465903657,-2.810546947295839,-1.565507692289969,1.4129783353560905,2.176931128951282,1.5612928859507844,0.05279737903225806,crossfit,2,0.2628720961348556,CF-A03-rare030,0.2,1.7572758000169415,25600.0,1280.0,20.0,640.0,33280.0,520.0,983040.0,47104.0,23.0,47104.0,7680.0,400.0,25600.0,215040.0,33280.0
0.0,qld-kgrad-crossfit-t0.2,0.041500947315529,0.03650284969022377,375,CF-A03-rare030/concentrated,0,0.04232740129545687,separated-unequal-rare,kgrad,-0.0025867606014757794,0,reset,0.05495217599714475,concentrated,0,75,0.1894921875,0.0,1,400,-1.197755995296452,-2.783024217507142,-2.754838617562611,-1.7351970854565493,1.4656996087163434,2.1266815236643994,1.586232682285646,0.04578818044354839,crossfit,2,0.27612463516147134,CF-A03-rare030,0.2,1.942634500010172,25600.0,1280.0,20.0,640.0,33280.0,520.0,983040.0,47104.0,23.0,47104.0,7680.0,400.0,25600.0,215040.0,33280.0
0.0,qld-mean-crossfit-t0.5,0.041500947315529,0.03823764681754538,375,CF-A03-rare030/concentrated,0,0.045128650855259966,separated-unequal-rare,mean,-0.0025385809255762393,0,reset,0.05495217599714475,concentrated,0,75,0.06648437499999996,0.0,0,284,-1.2137502739902055,-2.974754774279659,-2.9038537666791835,-1.5626417752952437,1.3190326069678375,2.420863388357456,1.5814480699133924,0.060877646169354836,crossfit,2,0.2882513429948511,CF-A03-rare030,0.5,2.119694300025003,25600.0,1280.0,20.0,640.0,33280.0,520.0,983040.0,47104.0,23.0,47104.0,7680.0,400.0,25600.0,215040.0,33280.0
0.0,qld-sharp-deleted-t0.5,0.041500947315529,0.03622225012752045,375,CF-A03-rare030/concentrated,0,0.04470820864608238,separated-unequal-rare,sharp,0.0026994875577945887,0,reset,0.05495217599714475,concentrated,0,75,0.0775390625,0.0,0,284,-1.223378692141402,-3.032200566331612,-2.956892436592096,-1.5634929846007886,1.3019520100195612,2.436021593282182,1.605386830285374,0.06314579133064516,reused_deleted,2,0.2919139566269849,CF-A03-rare030,0.5,2.2904272000014316,25600.0,640.0,10.0,640.0,25600.0,400.0,975360.0,47104.0,23.0,47104.0,7680.0,400.0,25600.0,215040.0,25600.0
0.0,qld-sharp-crossfit-t0.5,0.041500947315529,0.03619363566760647,375,CF-A03-rare030/concentrated,0,0.04063764952875015,separated-unequal-rare,sharp,-0.0018062191359773383,0,reset,0.05495217599714475,concentrated,0,75,0.07230468749999999,0.0,0,283,-1.1654435528214708,-2.9542171350921045,-2.881506425267955,-1.5072472924621447,1.4373112567002182,2.4480061897796923,1.602557223548647,0.05753843245967742,crossfit,2,0.2761632764860691,CF-A03-rare030,0.5,2.479689600004349,25600.0,1280.0,20.0,640.0,33280.0,520.0,983040.0,47104.0,23.0,47104.0,7680.0,400.0,25600.0,215040.0,33280.0
0.0,qld-kgrad-crossfit-t0.5,0.041500947315529,0.03624748079118989,400,CF-A03-rare030/concentrated,0,0.03624748079118989,separated-unequal-rare,kgrad,-0.008568227183735067,0,reset,0.05495217599714475,concentrated,0,75,0.08597656249999999,0.0,1,400,-1.1226383911695623,-2.8153240416192222,-2.7744473136383383,-1.4689142643483506,1.4642914001573097,2.2311940106498196,1.5633243092440905,0.04764679939516129,crossfit,2,0.2569464582010192,CF-A03-rare030,0.5,2.6633440000005066,25600.0,1280.0,20.0,640.0,33280.0,520.0,983040.0,47104.0,23.0,47104.0,7680.0,400.0,25600.0,215040.0,33280.0
0.0,qld-mean-crossfit-t1,0.041500947315529,0.038806684053236395,325,CF-A03-rare030/concentrated,0,0.042700807767325655,separated-unequal-rare,mean,0.0039787955336447745,0,reset,0.05495217599714475,concentrated,0,75,0.09183593749999999,0.0,0,283,-1.1564610833140487,-3.0553206006018914,-2.965769608432246,-1.5453838830723043,1.536436986110525,2.611451692098143,1.6759451133762215,0.06103515625,crossfit,2,0.28944351507299937,CF-A03-rare030,1.0,2.8455098000122234,25600.0,1280.0,20.0,640.0,33280.0,520.0,983040.0,47104.0,23.0,47104.0,7680.0,400.0,25600.0,215040.0,33280.0
0.0,qld-sharp-deleted-t1,0.041500947315529,0.03812212359563483,375,CF-A03-rare030/concentrated,0,0.04294656909677985,separated-unequal-rare,sharp,0.0025414704139608,0,reset,0.05495217599714475,concentrated,0,75,0.09476562499999999,0.0,0,284,-1.1835993427119145,-3.082366767617437,-2.9927496854230764,-1.5953848986984396,1.451619410452494,2.606298643432521,1.6708254808152083,0.06254725302419355,reused_deleted,2,0.2927200473220286,CF-A03-rare030,1.0,3.0278053000220098,25600.0,640.0,10.0,640.0,25600.0,400.0,975360.0,47104.0,23.0,47104.0,7680.0,400.0,25600.0,215040.0,25600.0
0.0,qld-sharp-crossfit-t1,0.041500947315529,0.03961438426086228,325,CF-A03-rare030/concentrated,0,0.04053166152019161,separated-unequal-rare,sharp,0.003125653839500364,0,reset,0.05495217599714475,concentrated,0,75,0.08890624999999999,0.0,0,283,-1.1319348711710036,-3.027969357413491,-2.9382272072168876,-1.5267279068833814,1.601098640677013,2.6305690573458884,1.676303115638484,0.05952305947580645,crossfit,2,0.2857918759216267,CF-A03-rare030,1.0,3.206299700017553,25600.0,1280.0,20.0,640.0,33280.0,520.0,983040.0,47104.0,23.0,47104.0,7680.0,400.0,25600.0,215040.0,33280.0
0.0,qld-kgrad-crossfit-t1,0.041500947315529,0.03499892863512111,375,CF-A03-rare030/concentrated,0,0.03796088320977287,separated-unequal-rare,kgrad,-0.0077123707629702665,0,reset,0.05495217599714475,concentrated,0,75,0.09671874999999999,0.0,1,400,-1.1182559320699452,-2.806158578148398,-2.7637616041353166,-1.5002246622143018,1.4963506472417292,2.31866458488373,1.5742184901821663,0.047835811491935484,crossfit,2,0.2610176767142291,CF-A03-rare030,1.0,3.403240400017239,25600.0,1280.0,20.0,640.0,33280.0,520.0,983040.0,47104.0,23.0,47104.0,7680.0,400.0,25600.0,215040.0,33280.0
1.0,paper-0.5,5.39519672409632,0.007874079574429427,300,CF-A04-equal-K13/missing,0,0.03204129152189239,equal-high-mode-count,paper,nan,0,continuous,5.39519672409632,missing,0,100,0.10960036057692307,0.0517578125,0,125,-0.2551484982623864,-4.584981582353231,-3.8708699122881933,-0.3248379445675178,3.5008248839823506,4.29610578016525,2.6777994941326706,0.030005670362903226,reused_masked,0,0.2954874815219864,CF-A04-equal-K13,0.5,0.7140161000133958,25600.0,1408.0,22.0,1408.0,25600.0,400.0,3276800.0,47104.0,23.0,47104.0,25600.0,400.0,25600.0,0.0,25600.0
1.0,qld-v1,0.026711381258995637,0.02337415307352808,400,CF-A04-equal-K13/missing,0,0.02337415307352808,equal-high-mode-count,paper,0.014901506867324166,0,carry,0.038081280204943724,missing,0,75,0.14332932692307693,0.04052734375,0,275,-0.16997644909603912,-5.632352745372195,-3.727824111408111,-0.23727867019727156,3.528959186714974,4.103976255205855,2.709940969748023,0.021106350806451613,reused_masked,0,0.2259287338143732,CF-A04-equal-K13,0.5,0.9118707000161521,25600.0,640.0,10.0,640.0,25600.0,400.0,983040.0,47104.0,23.0,47104.0,7680.0,400.0,25600.0,215040.0,25600.0
1.0,qld-full,0.026711381258995637,0.013516140836244528,400,CF-A04-equal-K13/missing,0,0.013516140836244528,equal-high-mode-count,qld,0.0041772683284415635,0,carry,0.038081280204943724,missing,0,75,0.16338641826923078,0.0498046875,0,275,0.02776556150015723,-4.8593330028421144,-3.3093006342057003,-0.059469837140417425,3.5754564996266347,4.156656194237314,2.5547804220179477,0.02200415826612903,,0,0.1931565570803644,CF-A04-equal-K13,,1.064256400015438,25600.0,640.0,10.0,640.0,25600.0,400.0,0.0,47104.0,23.0,47104.0,0.0,400.0,25600.0,307200.0,25600.0
1.0,qld-paper-reset,0.026711381258995637,0.008005583525527715,400,CF-A04-equal-K13/missing,0,0.008005583525527715,equal-high-mode-count,paper,-0.021711796558565588,0,reset,0.038081280204943724,missing,0,75,0.08466045673076922,0.0595703125,0,275,0.08234111746015312,-4.89833000207,-3.46229780901615,0.05538968502301911,3.7562081978414414,4.446809283719763,2.6287310318740924,0.01819241431451613,reused_masked,0,0.1647312871623103,CF-A04-equal-K13,0.5,1.2468022000102792,25600.0,640.0,10.0,640.0,25600.0,400.0,983040.0,47104.0,23.0,47104.0,7680.0,400.0,25600.0,215040.0,25600.0
1.0,qld-mean-crossfit-t0.2,0.026711381258995637,0.010763957273539848,375,CF-A04-equal-K13/missing,0,0.030557497694745805,equal-high-mode-count,mean,-0.01629635462550727,0,reset,0.038081280204943724,missing,0,75,0.11110276442307693,0.05810546875,0,275,-0.21425503720726122,-5.0995761515601075,-3.7448268788042953,-0.343945700109481,3.6556045331721223,4.369191966368363,2.6960087653979063,0.026099420362903226,crossfit,0,0.2720635278652572,CF-A04-equal-K13,0.2,1.4168416000029538,25600.0,1280.0,20.0,640.0,33280.0,520.0,983040.0,47104.0,23.0,47104.0,7680.0,400.0,25600.0,215040.0,33280.0
1.0,qld-sharp-deleted-t0.2,0.026711381258995637,0.008759960482703555,350,CF-A04-equal-K13/missing,0,0.012097874604521053,equal-high-mode-count,sharp,-0.009216734726747777,0,reset,0.038081280204943724,missing,0,75,0.12424879807692307,0.052734375,0,275,-0.005080600762393684,-4.512189301128562,-3.4978384993882874,0.018485986980405933,3.5954341767858833,4.260076721973457,2.5631913561457105,0.01973601310483871,reused_deleted,0,0.17367991871909963,CF-A04-equal-K13,0.2,1.5971338000090327,25600.0,640.0,10.0,640.0,25600.0,400.0,975360.0,47104.0,23.0,47104.0,7680.0,400.0,25600.0,215040.0,25600.0
1.0,qld-sharp-crossfit-t0.2,0.026711381258995637,0.01410155586820272,375,CF-A04-equal-K13/missing,0,0.032447984940255026,equal-high-mode-count,sharp,-0.007480049639331465,0,reset,0.038081280204943724,missing,0,75,0.11403245192307693,0.0595703125,0,275,-0.15944564697168617,-5.038133125579198,-3.8339526960126222,-0.0809092819498698,3.642489258817185,4.411889031680271,2.74776832323085,0.02017704133064516,crossfit,0,0.22200590020661035,CF-A04-equal-K13,0.2,1.8038909000169951,25600.0,1280.0,20.0,640.0,33280.0,520.0,983040.0,47104.0,23.0,47104.0,7680.0,400.0,25600.0,215040.0,33280.0
0.0,qld-kgrad-crossfit-t0.2,0.026711381258995637,0.025171679322452345,325,CF-A04-equal-K13/missing,0,0.0805955841567183,equal-high-mode-count,kgrad,-0.003954638544439781,0,reset,0.038081280204943724,missing,0,75,0.3698167067307692,0.0,0,275,-0.22009939213689797,-4.76280350401102,-3.373042322572451,0.04801896311817622,2.726974529345073,3.1831518609549536,2.2480377109613414,0.046575730846774195,crossfit,0,0.4183808566327408,CF-A04-equal-K13,0.2,1.9852385999984108,25600.0,1280.0,20.0,640.0,33280.0,520.0,983040.0,47104.0,23.0,47104.0,7680.0,400.0,25600.0,215040.0,33280.0
1.0,qld-mean-crossfit-t0.5,0.026711381258995637,0.012004465584259716,375,CF-A04-equal-K13/missing,0,0.02454393306835634,equal-high-mode-count,mean,-0.017817905858117378,0,reset,0.038081280204943724,missing,0,75,0.11298076923076922,0.0595703125,0,275,-0.13948277275818732,-4.875956167145516,-3.7392322180587434,-0.0775447649750105,3.5542234801533956,4.3152554110023456,2.6486442258278338,0.020602318548387098,crossfit,0,0.2035535972700373,CF-A04-equal-K13,0.5,2.1553041000152007,25600.0,1280.0,20.0,640.0,33280.0,520.0,983040.0,47104.0,23.0,47104.0,7680.0,400.0,25600.0,215040.0,33280.0
1.0,qld-sharp-deleted-t0.5,0.026711381258995637,0.008996285915750857,400,CF-A04-equal-K13/missing,0,0.008996285915750857,equal-high-mode-count,sharp,-0.021169427718276346,0,reset,0.038081280204943724,missing,0,75,0.11688701923076922,0.04541015625,0,275,0.11049021553349023,-4.628586916013448,-3.2935094170500836,0.06914437252729622,3.7155883783233907,4.417895744967248,2.558952202625328,0.021893901209677418,reused_deleted,0,0.1884373260611739,CF-A04-equal-K13,0.5,2.329206399997929,25600.0,640.0,10.0,640.0,25600.0,400.0,975360.0,47104.0,23.0,47104.0,7680.0,400.0,25600.0,215040.0,25600.0
1.0,qld-sharp-crossfit-t0.5,0.026711381258995637,0.011828032744524819,375,CF-A04-equal-K13/missing,0,0.026398392114780567,equal-high-mode-count,sharp,-0.018746336295828225,0,reset,0.038081280204943724,missing,0,75,0.11989182692307693,0.05712890625,0,275,-0.13676493721594588,-4.9551293381855475,-3.7766591103394065,-0.04931613524677436,3.558020915951614,4.317960875918788,2.6690615694744757,0.01986202116935484,crossfit,0,0.19868431423829105,CF-A04-equal-K13,0.5,2.5145456000173,25600.0,1280.0,20.0,640.0,33280.0,520.0,983040.0,47104.0,23.0,47104.0,7680.0,400.0,25600.0,215040.0,33280.0
1.0,qld-kgrad-crossfit-t0.5,0.026711381258995637,0.009029998107147552,375,CF-A04-equal-K13/missing,0,0.026645530492321434,equal-high-mode-count,kgrad,-0.0064305091920688895,0,reset,0.038081280204943724,missing,0,75,0.11500901442307693,0.0517578125,0,275,-0.1494864481826499,-5.336360538184279,-4.010919380142316,-0.16006456917229683,3.741179699714607,4.4546837441846,2.7995818606234657,0.01916897681451613,crossfit,0,0.2272016433390844,CF-A04-equal-K13,0.5,2.70234360001632,25600.0,1280.0,20.0,640.0,33280.0,520.0,983040.0,47104.0,23.0,47104.0,7680.0,400.0,25600.0,215040.0,33280.0
1.0,qld-mean-crossfit-t1,0.026711381258995637,0.012408630399448839,375,CF-A04-equal-K13/missing,0,0.024995501796264197,equal-high-mode-count,mean,-0.020443259095123345,0,reset,0.038081280204943724,missing,0,75,0.15061598557692307,0.04052734375,0,275,-0.179902443681833,-5.094090032490888,-3.5341427535373398,-0.30876453682239635,3.4596024426916556,4.1439559296040445,2.5621662926769626,0.028021043346774195,crossfit,0,0.27093478578788693,CF-A04-equal-K13,1.0,2.8756064000190236,25600.0,1280.0,20.0,640.0,33280.0,520.0,983040.0,47104.0,23.0,47104.0,7680.0,400.0,25600.0,215040.0,33280.0
1.0,qld-sharp-deleted-t1,0.026711381258995637,0.011396440423329768,400,CF-A04-equal-K13/missing,0,0.011396440423329768,equal-high-mode-count,sharp,-0.018100022841490038,0,reset,0.038081280204943724,missing,0,75,0.13303786057692307,0.05322265625,0,275,0.034523394562615044,-5.008865143086706,-3.3251406745352523,-0.03570681903403328,3.602190816462011,4.285071725920562,2.5520812309748555,0.021862399193548387,reused_deleted,0,0.19423559028304258,CF-A04-equal-K13,1.0,3.0535439000232145,25600.0,640.0,10.0,640.0,25600.0,400.0,975360.0,47104.0,23.0,47104.0,7680.0,400.0,25600.0,215040.0,25600.0
1.0,qld-sharp-crossfit-t1,0.026711381258995637,0.01158213158001331,375,CF-A04-equal-K13/missing,0,0.023764443359632903,equal-high-mode-count,sharp,-0.020425141439841532,0,reset,0.038081280204943724,missing,0,75,0.12815504807692307,0.046875,0,275,-0.18048896963717465,-5.195856628616471,-3.5625019485186953,-0.2824179980781505,3.503249490539365,4.214392674009892,2.6016642836376653,0.025579637096774195,crossfit,0,0.25278012995998356,CF-A04-equal-K13,1.0,3.2411413000081666,25600.0,1280.0,20.0,640.0,33280.0,520.0,983040.0,47104.0,23.0,47104.0,7680.0,400.0,25600.0,215040.0,33280.0
1.0,qld-kgrad-crossfit-t1,0.026711381258995637,0.01145419069184861,300,CF-A04-equal-K13/missing,0,0.04525353625947215,equal-high-mode-count,kgrad,-0.005565096730790309,0,reset,0.038081280204943724,missing,0,75,0.12424879807692307,0.0537109375,0,275,-0.2984458912482635,-5.1883911711640085,-3.869895597780732,-0.26172016865341474,3.4976449248569876,4.302460591952656,2.6968887014004124,0.03216355846774194,crossfit,0,0.332836261899776,CF-A04-equal-K13,1.0,3.4309477000206243,25600.0,1280.0,20.0,640.0,33280.0,520.0,983040.0,47104.0,23.0,47104.0,7680.0,400.0,25600.0,215040.0,33280.0
1.0,paper-0.5,5.031306518810118,0.014645935515001263,375,CF-A04-equal-K13/missing,0,0.0163778350778383,equal-high-mode-count,paper,nan,0,continuous,5.031306518810118,missing,0,100,0.09885817307692307,0.06005859375,0,100,0.12202560597154025,-4.396616826391364,-3.56204580696161,0.028121280310071217,3.746264114268976,4.586903392680103,2.617733274106461,0.020429057459677418,reused_masked,1,0.19735888442616767,CF-A04-equal-K13,0.5,0.7178346000146121,25600.0,1408.0,22.0,1408.0,25600.0,400.0,3276800.0,47104.0,23.0,47104.0,25600.0,400.0,25600.0,0.0,25600.0
1.0,qld-v1,0.024319395611447803,0.020877259874120035,400,CF-A04-equal-K13/missing,0,0.020877259874120035,equal-high-mode-count,paper,0.004964843560758769,0,carry,0.02816219595836955,missing,0,75,0.11838942307692307,0.044921875,0,275,-0.11845916469440707,-4.9764102253844715,-3.614925860136334,-0.1427961206331836,3.4809958324350085,4.121996636609601,2.6176459909162566,0.01956275201612903,reused_masked,1,0.16821188756333583,CF-A04-equal-K13,0.5,0.908289600018179,25600.0,640.0,10.0,640.0,25600.0,400.0,983040.0,47104.0,23.0,47104.0,7680.0,400.0,25600.0,215040.0,25600.0
1.0,qld-full,0.024319395611447803,0.02069036459010931,350,CF-A04-equal-K13/missing,0,0.029431239305450774,equal-high-mode-count,qld,-0.003100422078503584,0,carry,0.02816219595836955,missing,0,75,0.15790264423076922,0.029296875,0,275,0.09897371561044818,-4.404980862701219,-3.2223826125586768,0.014423194033675646,3.5832770030844885,4.210901670489018,2.495696558177885,0.02620967741935484,,1,0.22504119516111834,CF-A04-equal-K13,,1.0550198999990243,25600.0,640.0,10.0,640.0,25600.0,400.0,0.0,47104.0,23.0,47104.0,0.0,400.0,25600.0,307200.0,25600.0
1.0,qld-paper-reset,0.024319395611447803,0.01867705802048203,281,CF-A04-equal-K13/missing,0,0.025088931142306148,equal-high-mode-count,paper,0.0021939284454197683,0,reset,0.02816219595836955,missing,0,75,0.12372295673076922,0.04296875,0,275,0.027045499345350728,-4.374306029008516,-3.358035617334889,-0.09888690972900527,3.6208240223035038,4.381773465051665,2.5376962174653825,0.02099609375,reused_masked,1,0.1776910722128326,CF-A04-equal-K13,0.5,1.246279900020454,25600.0,640.0,10.0,640.0,25600.0,400.0,983040.0,47104.0,23.0,47104.0,7680.0,400.0,25600.0,215040.0,25600.0
1.0,qld-mean-crossfit-t0.2,0.024319395611447803,0.016777877584408962,400,CF-A04-equal-K13/missing,0,0.016777877584408962,equal-high-mode-count,mean,0.007069290311547682,0,reset,0.02816219595836955,missing,0,75,0.10283954326923078,0.0634765625,0,275,0.06822054172978245,-4.4355707311528745,-3.6685619550849684,0.0746926872093523,3.8272669563744834,4.500914823843169,2.7177346661347612,0.018160912298387098,crossfit,1,0.17211761524534125,CF-A04-equal-K13,0.2,1.4156207000196446,25600.0,1280.0,20.0,640.0,33280.0,520.0,983040.0,47104.0,23.0,47104.0,7680.0,400.0,25600.0,215040.0,33280.0
1.0,qld-sharp-deleted-t0.2,0.024319395611447803,0.017262115257484112,375,CF-A04-equal-K13/missing,0,0.020567848108075992,equal-high-mode-count,sharp,0.015208311319227619,0,reset,0.02816219595836955,missing,0,75,0.06820913461538464,0.0693359375,0,275,-0.07998832225627286,-4.640465294530749,-3.708894650811406,-0.16573367733509548,3.7316822175626383,4.4981589223952065,2.705084238135742,0.017278855846774195,reused_deleted,1,0.15927063102191116,CF-A04-equal-K13,0.2,1.6038451000058558,25600.0,640.0,10.0,640.0,25600.0,400.0,975360.0,47104.0,23.0,47104.0,7680.0,400.0,25600.0,215040.0,25600.0
1.0,qld-sharp-crossfit-t0.2,0.024319395611447803,0.020959110517027035,400,CF-A04-equal-K13/missing,0,0.020959110517027035,equal-high-mode-count,sharp,0.020956162280270085,0,reset,0.02816219595836955,missing,0,75,0.09254807692307693,0.0634765625,0,275,0.0023992394872373243,-4.680552169691824,-3.7257118718950215,-0.11105810075496336,3.8355765979950767,4.673885722009707,2.7080556664583653,0.015845514112903226,crossfit,1,0.15906216921771624,CF-A04-equal-K13,0.2,1.798231000022497,25600.0,1280.0,20.0,640.0,33280.0,520.0,983040.0,47104.0,23.0,47104.0,7680.0,400.0,25600.0,215040.0,33280.0
1.0,qld-kgrad-crossfit-t0.2,0.024319395611447803,0.024319395611447803,275,CF-A04-equal-K13/missing,0,0.04058977237156203,equal-high-mode-count,kgrad,0.05011936913157555,0,reset,0.02816219595836955,missing,0,75,0.20297475961538464,0.0478515625,0,275,-0.09628595173179597,-5.081677459210236,-3.3423138038826794,-0.4021443504915445,3.7961381574079964,4.702207771923551,2.6413073176059103,0.029564642137096774,crossfit,1,0.25850117183674376,CF-A04-equal-K13,0.2,1.9812150000070687,25600.0,1280.0,20.0,640.0,33280.0,520.0,983040.0,47104.0,23.0,47104.0,7680.0,400.0,25600.0,215040.0,33280.0
1.0,qld-mean-crossfit-t0.5,0.024319395611447803,0.01891004010784325,350,CF-A04-equal-K13/missing,0,0.024620516577188223,equal-high-mode-count,mean,0.025385087061738698,0,reset,0.02816219595836955,missing,0,75,0.12184495192307693,0.060546875,0,275,0.06517817430662533,-4.650867764001436,-3.5937084146114735,-0.09647944107335227,3.9964439309610165,4.747728498906334,2.7587503196002046,0.02001953125,crossfit,1,0.19165779832513474,CF-A04-equal-K13,0.5,2.151941700023599,25600.0,1280.0,20.0,640.0,33280.0,520.0,983040.0,47104.0,23.0,47104.0,7680.0,400.0,25600.0,215040.0,33280.0
1.0,qld-sharp-deleted-t0.5,0.024319395611447803,0.018862030995038026,281,CF-A04-equal-K13/missing,0,0.025230370289226922,equal-high-mode-count,sharp,-0.0025294291204907005,0,reset,0.02816219595836955,missing,0,75,0.13206129807692307,0.037109375,0,275,0.03223800289199778,-4.472738463555123,-3.3381667698699253,-0.08516548811909219,3.6755652715582983,4.459023319577786,2.5518821742124627,0.020901587701612902,reused_deleted,1,0.18896919433293463,CF-A04-equal-K13,0.5,2.333109400002286,25600.0,640.0,10.0,640.0,25600.0,400.0,975360.0,47104.0,23.0,47104.0,7680.0,400.0,25600.0,215040.0,25600.0
1.0,qld-sharp-crossfit-t0.5,0.024319395611447803,0.01546883496447471,350,CF-A04-equal-K13/missing,0,0.026133263770968362,equal-high-mode-count,sharp,0.013453843344263028,0,reset,0.02816219595836955,missing,0,75,0.13649338942307693,0.05908203125,0,275,0.020515629828582318,-4.845963399563434,-3.643403965253898,-0.17102117744447476,3.984289516389052,4.7836432380501135,2.788346871473023,0.020287298387096774,crossfit,1,0.19580058717814555,CF-A04-equal-K13,0.5,2.51685010001529,25600.0,1280.0,20.0,640.0,33280.0,520.0,983040.0,47104.0,23.0,47104.0,7680.0,400.0,25600.0,215040.0,33280.0
1.0,qld-kgrad-crossfit-t0.5,0.024319395611447803,0.020838736007548597,375,CF-A04-equal-K13/missing,0,0.03215539569213721,equal-high-mode-count,kgrad,0.03989869234157695,0,reset,0.02816219595836955,missing,0,75,0.11305588942307693,0.04345703125,0,275,0.28077768175611756,-4.572342081582059,-3.3587165733229876,0.32462560063118184,3.9792520329160164,4.646927438167521,2.6558117449862864,0.033990675403225805,crossfit,1,0.3268198901268483,CF-A04-equal-K13,0.5,2.701292400015518,25600.0,1280.0,20.0,640.0,33280.0,520.0,983040.0,47104.0,23.0,47104.0,7680.0,400.0,25600.0,215040.0,33280.0
1.0,qld-mean-crossfit-t1,0.024319395611447803,0.019338568995674432,285,CF-A04-equal-K13/missing,0,0.037806007465884583,equal-high-mode-count,mean,-0.00882362696269512,0,reset,0.02816219595836955,missing,0,75,0.13408954326923078,0.0556640625,0,275,0.29687474522652096,-4.978366582788834,-3.4346065702360487,0.30121984289313186,4.135616550512516,4.77906479802772,2.768121118826433,0.03600680443548387,crossfit,1,0.3561235926062322,CF-A04-equal-K13,1.0,2.8831745000206865,25600.0,1280.0,20.0,640.0,33280.0,520.0,983040.0,47104.0,23.0,47104.0,7680.0,400.0,25600.0,215040.0,33280.0
1.0,qld-sharp-deleted-t1,0.024319395611447803,0.017214320904531455,282,CF-A04-equal-K13/missing,0,0.026128178816899883,equal-high-mode-count,sharp,-0.0009068008730950261,0,reset,0.02816219595836955,missing,0,75,0.12327223557692307,0.0380859375,0,275,0.07938455980751005,-4.557747107324799,-3.294837444759114,-0.042133608045261894,3.650889389393764,4.390593561574539,2.5482475670340707,0.02209866431451613,reused_deleted,1,0.19877665807632958,CF-A04-equal-K13,1.0,3.058052000007592,25600.0,640.0,10.0,640.0,25600.0,400.0,975360.0,47104.0,23.0,47104.0,7680.0,400.0,25600.0,215040.0,25600.0
1.0,qld-sharp-crossfit-t1,0.024319395611447803,0.016916937524342313,285,CF-A04-equal-K13/missing,0,0.034666116063868824,equal-high-mode-count,sharp,-0.011245258434027239,0,reset,0.02816219595836955,missing,0,75,0.14047475961538464,0.05712890625,0,275,0.24975020851898988,-5.002432322812113,-3.465604836561315,0.2251636662454506,4.133023717522754,4.806829046047917,2.781326127060792,0.031643775201612906,crossfit,1,0.31719581515567863,CF-A04-equal-K13,1.0,3.244604100007564,25600.0,1280.0,20.0,640.0,33280.0,520.0,983040.0,47104.0,23.0,47104.0,7680.0,400.0,25600.0,215040.0,33280.0
1.0,qld-kgrad-crossfit-t1,0.024319395611447803,0.016974808550702658,350,CF-A04-equal-K13/missing,0,0.030901606351148025,equal-high-mode-count,kgrad,0.034708709758498824,0,reset,0.02816219595836955,missing,0,75,0.13363882211538464,0.0625,0,275,0.11459848600731952,-4.993521499623713,-3.5632775662561396,-0.021032464335216883,4.098707660680679,4.852152301888419,2.825715507878338,0.023878528225806453,crossfit,1,0.2432555398528228,CF-A04-equal-K13,1.0,3.4285549000196625,25600.0,1280.0,20.0,640.0,33280.0,520.0,983040.0,47104.0,23.0,47104.0,7680.0,400.0,25600.0,215040.0,33280.0
1.0,paper-0.5,5.40076323987072,0.012448233208825599,225,CF-A04-equal-K13/missing,0,0.07644091684795118,equal-high-mode-count,paper,nan,0,continuous,5.40076323987072,missing,0,100,0.13251201923076922,0.0517578125,0,125,0.2915177662581632,-4.453795111869779,-3.7265311686284455,0.43427150946974,3.784619324000893,4.295199309541933,2.632790992804994,0.03992880544354839,reused_masked,2,0.34014526099569614,CF-A04-equal-K13,0.5,0.6985176999878604,25600.0,1408.0,22.0,1408.0,25600.0,400.0,3276800.0,47104.0,23.0,47104.0,25600.0,400.0,25600.0,0.0,25600.0
1.0,qld-v1,0.02198949033998243,0.02107098741742197,285,CF-A04-equal-K13/missing,0,0.03294125633505551,equal-high-mode-count,paper,-0.0009185029225604602,0,carry,0.02198949033998243,missing,0,75,0.13656850961538464,0.04296875,0,325,-0.06200903036010244,-5.035311829386521,-3.668383170859575,-0.09853409747975839,3.610460752737875,4.0432330595129535,2.692853064116385,0.018003402217741934,reused_masked,2,0.17110935166014474,CF-A04-equal-K13,0.5,0.8707858999841847,25600.0,640.0,10.0,640.0,25600.0,400.0,983040.0,47104.0,23.0,47104.0,7680.0,400.0,25600.0,215040.0,25600.0
1.0,qld-full,0.02198949033998243,0.02165088384581937,281,CF-A04-equal-K13/missing,0,0.058141446623614534,equal-high-mode-count,qld,0.0019199057198591163,0,carry,0.02198949033998243,missing,0,75,0.14137620192307693,0.05859375,0,300,0.18197327600408247,-4.537110658481818,-3.5291062028054125,0.1724120823249855,3.712155643055067,4.112479051992344,2.6055171415481144,0.029044858870967742,,2,0.2426820907701761,CF-A04-equal-K13,,1.0148779999872204,25600.0,640.0,10.0,640.0,25600.0,400.0,0.0,47104.0,23.0,47104.0,0.0,400.0,25600.0,307200.0,25600.0
1.0,qld-paper-reset,0.02198949033998243,0.015518549333210174,325,CF-A04-equal-K13/missing,0,0.036151571370337976,equal-high-mode-count,paper,0.04295086416664917,0,reset,0.02198949033998243,missing,0,75,0.09840745192307693,0.0615234375,0,282,0.08294468758912768,-4.5564813035671055,-3.5399989020829654,0.039216283662601104,3.7258390589809727,4.234740466645379,2.6186851261696913,0.020602318548387098,reused_masked,2,0.16881525907307962,CF-A04-equal-K13,0.5,1.1934461999917403,25600.0,640.0,10.0,640.0,25600.0,400.0,983040.0,47104.0,23.0,47104.0,7680.0,400.0,25600.0,215040.0,25600.0
1.0,qld-mean-crossfit-t0.2,0.02198949033998243,0.018993295766364326,350,CF-A04-equal-K13/missing,0,0.06060982154065364,equal-high-mode-count,mean,0.008648269062653924,0,reset,0.02198949033998243,missing,0,75,0.15655048076923078,0.0361328125,0,283,0.21117388109431706,-4.233152748984541,-3.4524751143310364,0.20342704703050396,3.941466862483177,4.438467584211503,2.6723160033928237,0.026099420362903226,crossfit,2,0.22888495425126157,CF-A04-equal-K13,0.2,1.3674270999908913,25600.0,1280.0,20.0,640.0,33280.0,520.0,983040.0,47104.0,23.0,47104.0,7680.0,400.0,25600.0,215040.0,33280.0
1.0,qld-sharp-deleted-t0.2,0.02198949033998243,0.02115323508839495,281,CF-A04-equal-K13/missing,0,0.03674129994535713,equal-high-mode-count,sharp,0.021863570739325322,0,reset,0.02198949033998243,missing,0,75,0.12777944711538464,0.052734375,0,283,0.10417074451240405,-4.473529604429146,-3.401536135195861,-0.019866685176914256,3.7142048719888043,4.228618629855442,2.5600992841950565,0.023610761088709676,reused_deleted,2,0.20072121372634769,CF-A04-equal-K13,0.2,1.5402192999899853,25600.0,640.0,10.0,640.0,25600.0,400.0,975360.0,47104.0,23.0,47104.0,7680.0,400.0,25600.0,215040.0,25600.0
1.0,qld-sharp-crossfit-t0.2,0.02198949033998243,0.02198949033998243,280,CF-A04-equal-K13/missing,0,0.04483576895647179,equal-high-mode-count,sharp,0.02171993722863963,0,reset,0.02198949033998243,missing,0,75,0.13649338942307693,0.05126953125,0,282,0.13689183689636356,-4.5624072437541185,-3.5666204101079364,0.13325481577669285,3.907727513642217,4.4747073602105685,2.7172940233422564,0.020728326612903226,crossfit,2,0.1831470098639183,CF-A04-equal-K13,0.2,1.7244121999829076,25600.0,1280.0,20.0,640.0,33280.0,520.0,983040.0,47104.0,23.0,47104.0,7680.0,400.0,25600.0,215040.0,33280.0
1.0,qld-kgrad-crossfit-t0.2,0.02198949033998243,0.021347506114500536,281,CF-A04-equal-K13/missing,0,0.09275556328140144,equal-high-mode-count,kgrad,0.020129905151065053,0,reset,0.02198949033998243,missing,0,75,0.15512319711538464,0.05712890625,0,283,0.286344194625664,-4.588408019405527,-3.555304759832015,0.32102575467717687,4.06765929455529,4.557053843425207,2.795689551641696,0.03528225806451613,crossfit,2,0.3147670815687211,CF-A04-equal-K13,0.2,1.91628390000551,25600.0,1280.0,20.0,640.0,33280.0,520.0,983040.0,47104.0,23.0,47104.0,7680.0,400.0,25600.0,215040.0,33280.0
1.0,qld-mean-crossfit-t0.5,0.02198949033998243,0.01734619064976073,325,CF-A04-equal-K13/missing,0,0.05003708440919841,equal-high-mode-count,mean,0.020359643343859535,0,reset,0.02198949033998243,missing,0,75,0.10141225961538464,0.064453125,0,283,0.11383628605078212,-4.763092643063966,-3.661473710448373,0.188705497143292,3.924203964829972,4.501049368442387,2.758883776754601,0.02063382056451613,crossfit,2,0.18508291509569955,CF-A04-equal-K13,0.5,2.088040100003127,25600.0,1280.0,20.0,640.0,33280.0,520.0,983040.0,47104.0,23.0,47104.0,7680.0,400.0,25600.0,215040.0,33280.0
1.0,qld-sharp-deleted-t0.5,0.02198949033998243,0.01439984194993249,325,CF-A04-equal-K13/missing,0,0.026469410473593413,equal-high-mode-count,sharp,0.02747206697040916,0,reset,0.02198949033998243,missing,0,75,0.08766526442307693,0.06103515625,0,282,0.003256044690319291,-4.444783484069442,-3.6433392981948547,-0.07772107153615249,3.65820420181511,4.178798029452778,2.6253094605317657,0.018003402217741934,reused_deleted,2,0.1493495583510815,CF-A04-equal-K13,0.5,2.259387500002049,25600.0,640.0,10.0,640.0,25600.0,400.0,975360.0,47104.0,23.0,47104.0,7680.0,400.0,25600.0,215040.0,25600.0
1.0,qld-sharp-crossfit-t0.5,0.02198949033998243,0.015354879679578382,325,CF-A04-equal-K13/missing,0,0.05409013050014533,equal-high-mode-count,sharp,0.03179132288446951,0,reset,0.02198949033998243,missing,0,75,0.10231370192307693,0.06591796875,0,283,0.09741553251684226,-5.046939825448246,-3.7691699814385116,0.1851214875679461,3.9536236246374274,4.580738095209702,2.818975250302831,0.022571194556451613,crossfit,2,0.20461304025994848,CF-A04-equal-K13,0.5,2.442802000005031,25600.0,1280.0,20.0,640.0,33280.0,520.0,983040.0,47104.0,23.0,47104.0,7680.0,400.0,25600.0,215040.0,33280.0
1.0,qld-kgrad-crossfit-t0.5,0.02198949033998243,0.019581264958742572,325,CF-A04-equal-K13/missing,0,0.045289825886756674,equal-high-mode-count,kgrad,0.029511360373316364,0,reset,0.02198949033998243,missing,0,75,0.09645432692307693,0.064453125,0,282,0.06059406557531318,-4.98189461743077,-3.7746019336527277,0.12635598225460365,3.8698985949686295,4.490999339839871,2.800142135002285,0.01973601310483871,crossfit,2,0.18417795531148295,CF-A04-equal-K13,0.5,2.6405301000049803,25600.0,1280.0,20.0,640.0,33280.0,520.0,983040.0,47104.0,23.0,47104.0,7680.0,400.0,25600.0,215040.0,33280.0
1.0,qld-mean-crossfit-t1,0.02198949033998243,0.019309414124821345,375,CF-A04-equal-K13/missing,0,0.06357225047264681,equal-high-mode-count,mean,0.02710080787570135,0,reset,0.02198949033998243,missing,0,75,0.14918870192307693,0.0625,0,283,0.07511035106110706,-5.2245637614450775,-3.9438205512895337,0.2029263457606123,3.89406681247767,4.3959697833642055,2.860551205824874,0.026178175403225805,crossfit,2,0.2388458735948899,CF-A04-equal-K13,1.0,2.843927599984454,25600.0,1280.0,20.0,640.0,33280.0,520.0,983040.0,47104.0,23.0,47104.0,7680.0,400.0,25600.0,215040.0,33280.0
1.0,qld-sharp-deleted-t1,0.02198949033998243,0.02198949033998243,280,CF-A04-equal-K13/missing,0,0.0399822145719706,equal-high-mode-count,sharp,0.02796609901167102,0,reset,0.02198949033998243,missing,0,75,0.11748798076923078,0.0625,0,283,0.069485094115461,-4.651830850362302,-3.7067700805639183,0.00909592232518186,3.7336450313320424,4.209401568793561,2.6763496092793235,0.020649571572580645,reused_deleted,2,0.17196374077169058,CF-A04-equal-K13,1.0,3.0384417999885045,25600.0,640.0,10.0,640.0,25600.0,400.0,975360.0,47104.0,23.0,47104.0,7680.0,400.0,25600.0,215040.0,25600.0
1.0,qld-sharp-crossfit-t1,0.02198949033998243,0.019112876026593728,375,CF-A04-equal-K13/missing,0,0.07014708351253951,equal-high-mode-count,sharp,0.033808395387416645,0,reset,0.02198949033998243,missing,0,75,0.17315204326923078,0.0595703125,0,283,0.08390520496057682,-5.406281152654334,-4.008036995673389,0.21104500978499674,3.974085695146878,4.512572330518325,2.9074808375520624,0.02828881048387097,crossfit,2,0.26926912928644137,CF-A04-equal-K13,1.0,3.231016899982933,25600.0,1280.0,20.0,640.0,33280.0,520.0,983040.0,47104.0,23.0,47104.0,7680.0,400.0,25600.0,215040.0,33280.0
1.0,qld-kgrad-crossfit-t1,0.02198949033998243,0.01439772409744755,325,CF-A04-equal-K13/missing,0,0.04141509273278876,equal-high-mode-count,kgrad,0.03203561509496433,0,reset,0.02198949033998243,missing,0,75,0.09067007211538464,0.06640625,0,282,0.05255552415104953,-4.8592542297890695,-3.7976350033858592,0.09808192807503646,3.904110633193854,4.560797907428777,2.7727965442542013,0.01888545866935484,crossfit,2,0.16947495646728453,CF-A04-equal-K13,1.0,3.4334063999995124,25600.0,1280.0,20.0,640.0,33280.0,520.0,983040.0,47104.0,23.0,47104.0,7680.0,400.0,25600.0,215040.0,33280.0
1.0,paper-0.5,1.5127360692742364,0.01082962100509377,275,CF-A04-equal-K13/concentrated,0,0.015901430333843614,equal-high-mode-count,paper,nan,0,continuous,1.5127360692742364,concentrated,0,75,0.06227463942307693,0.06787109375,0,100,-0.10263543960247222,-4.392371006148899,-3.7184643220463403,-0.12311763274668745,3.69393952116605,4.38280818028812,2.6552485534864103,0.0185546875,reused_masked,0,0.18985253181142048,CF-A04-equal-K13,0.5,0.6951547999924514,25600.0,1408.0,22.0,1408.0,25600.0,400.0,3276800.0,47104.0,23.0,47104.0,25600.0,400.0,25600.0,0.0,25600.0
1.0,qld-v1,0.0161101846554077,0.011195746286888575,300,CF-A04-equal-K13/concentrated,0,0.018130790498886995,equal-high-mode-count,paper,-0.00314607340762052,0,carry,0.0161101846554077,concentrated,0,75,0.08819110576923078,0.0673828125,0,150,-0.1476013586182744,-4.290051544073975,-3.7291570914055865,-0.20501067999880992,3.6188053968737632,4.270170345234336,2.6200175527957295,0.023295740927419355,reused_masked,0,0.22469896872953127,CF-A04-equal-K13,0.5,0.871051099995384,25600.0,640.0,10.0,640.0,25600.0,400.0,983040.0,47104.0,23.0,47104.0,7680.0,400.0,25600.0,215040.0,25600.0
1.0,qld-full,0.0161101846554077,0.01430499488967829,400,CF-A04-equal-K13/concentrated,0,0.01430499488967829,equal-high-mode-count,qld,-0.0010655112248327825,0,carry,0.0161101846554077,concentrated,0,75,0.09209735576923078,0.0654296875,0,150,-0.1021005811600367,-4.286234516392943,-3.7376126874682636,-0.19324521870706873,3.682238530793394,4.279512270758561,2.647018836629628,0.021626134072580645,,0,0.20513646756315615,CF-A04-equal-K13,,1.0196121000044513,25600.0,640.0,10.0,640.0,25600.0,400.0,0.0,47104.0,23.0,47104.0,0.0,400.0,25600.0,307200.0,25600.0
1.0,qld-paper-reset,0.0161101846554077,0.013160197562936737,281,CF-A04-equal-K13/concentrated,0,0.019950721230546087,equal-high-mode-count,paper,0.0025723193164490787,0,reset,0.0161101846554077,concentrated,0,75,0.06858473557692307,0.06591796875,0,150,-0.09667040333862965,-4.3254859748823655,-3.6582518746424877,-0.11064430077660733,3.6400640229987475,4.329115980556712,2.6024042666715146,0.019594254032258066,reused_masked,0,0.18611152864310515,CF-A04-equal-K13,0.5,1.1941636999836192,25600.0,640.0,10.0,640.0,25600.0,400.0,983040.0,47104.0,23.0,47104.0,7680.0,400.0,25600.0,215040.0,25600.0
1.0,qld-mean-crossfit-t0.2,0.0161101846554077,0.0161101846554077,280,CF-A04-equal-K13/concentrated,0,0.02115350108315539,equal-high-mode-count,mean,0.0038478064723328487,0,reset,0.0161101846554077,concentrated,0,75,0.08420973557692307,0.06103515625,0,150,-0.0551207685806855,-4.283887619683219,-3.5628568076411087,-0.11102246248859318,3.61693212623416,4.300809283358926,2.578955077239329,0.0185546875,crossfit,0,0.17357931769304924,CF-A04-equal-K13,0.2,1.3723280999984127,25600.0,1280.0,20.0,640.0,33280.0,520.0,983040.0,47104.0,23.0,47104.0,7680.0,400.0,25600.0,215040.0,33280.0
1.0,qld-sharp-deleted-t0.2,0.0161101846554077,0.012626487360441807,350,CF-A04-equal-K13/concentrated,0,0.028602486127887516,equal-high-mode-count,sharp,0.0009824372567646122,0,reset,0.0161101846554077,concentrated,0,75,0.12762920673076922,0.0498046875,0,150,-0.16132096987553807,-4.3092153375248525,-3.577320029200455,-0.2561995421057528,3.4357803336327977,4.273742623186518,2.521164061545803,0.026304183467741934,reused_deleted,0,0.25676250599566003,CF-A04-equal-K13,0.2,1.5465877999959048,25600.0,640.0,10.0,640.0,25600.0,400.0,975360.0,47104.0,23.0,47104.0,7680.0,400.0,25600.0,215040.0,25600.0
1.0,qld-sharp-crossfit-t0.2,0.0161101846554077,0.0161101846554077,280,CF-A04-equal-K13/concentrated,0,0.023842028448081365,equal-high-mode-count,sharp,0.0016164886866105732,0,reset,0.0161101846554077,concentrated,0,75,0.08954326923076922,0.05712890625,0,150,-0.039824578782116905,-4.300871181463655,-3.580103886892411,-0.09649330477066449,3.614865963062095,4.307174697107438,2.5659855089852797,0.018381426411290324,crossfit,0,0.17001345939397416,CF-A04-equal-K13,0.2,1.7391617000102997,25600.0,1280.0,20.0,640.0,33280.0,520.0,983040.0,47104.0,23.0,47104.0,7680.0,400.0,25600.0,215040.0,33280.0
1.0,qld-kgrad-crossfit-t0.2,0.0161101846554077,0.013998118018874184,325,CF-A04-equal-K13/concentrated,0,0.022070547988593425,equal-high-mode-count,kgrad,0.004677045031374227,0,reset,0.0161101846554077,concentrated,0,75,0.11350661057692307,0.0546875,0,150,-0.23886224757485933,-4.376965137662233,-3.9115215173611526,-0.31145178971557025,3.610158848573079,4.319480264338924,2.6632751336626543,0.03136025705645161,crossfit,0,0.3019616326051554,CF-A04-equal-K13,0.2,1.9231338999816217,25600.0,1280.0,20.0,640.0,33280.0,520.0,983040.0,47104.0,23.0,47104.0,7680.0,400.0,25600.0,215040.0,33280.0
1.0,qld-mean-crossfit-t0.5,0.0161101846554077,0.016026988614380233,281,CF-A04-equal-K13/concentrated,0,0.02693056169473307,equal-high-mode-count,mean,0.007041871199539695,0,reset,0.0161101846554077,concentrated,0,75,0.15842848557692307,0.05322265625,0,150,-0.09558452079878174,-4.19684948002179,-3.53441851904139,-0.1612516028734545,3.4223915957642963,4.188123203068187,2.503954535466124,0.023027973790322582,crossfit,0,0.2159205121585667,CF-A04-equal-K13,0.5,2.091137399984291,25600.0,1280.0,20.0,640.0,33280.0,520.0,983040.0,47104.0,23.0,47104.0,7680.0,400.0,25600.0,215040.0,33280.0
1.0,qld-sharp-deleted-t0.5,0.0161101846554077,0.0137840493371435,281,CF-A04-equal-K13/concentrated,0,0.019897959165295465,equal-high-mode-count,sharp,0.0037229333865194114,0,reset,0.0161101846554077,concentrated,0,75,0.07744891826923078,0.06640625,0,150,-0.11367768694607189,-4.323661497057086,-3.664131389343136,-0.15117303777264574,3.591701386350161,4.325059577929842,2.5976518989177397,0.020570816532258066,reused_deleted,0,0.19599471444759187,CF-A04-equal-K13,0.5,2.274714400002267,25600.0,640.0,10.0,640.0,25600.0,400.0,975360.0,47104.0,23.0,47104.0,7680.0,400.0,25600.0,215040.0,25600.0
1.0,qld-sharp-crossfit-t0.5,0.0161101846554077,0.016050148322510616,281,CF-A04-equal-K13/concentrated,0,0.02772771111098482,equal-high-mode-count,sharp,0.005051820304450061,0,reset,0.0161101846554077,concentrated,0,75,0.13596754807692307,0.05078125,0,150,-0.10324990317071074,-4.194532528444329,-3.5580469200424685,-0.20556537141979275,3.431636486553415,4.178192265986531,2.4967354730280826,0.02438256048387097,crossfit,0,0.22293973970317835,CF-A04-equal-K13,0.5,2.4854724000033457,25600.0,1280.0,20.0,640.0,33280.0,520.0,983040.0,47104.0,23.0,47104.0,7680.0,400.0,25600.0,215040.0,33280.0
1.0,qld-kgrad-crossfit-t0.5,0.0161101846554077,0.01470954835755034,375,CF-A04-equal-K13/concentrated,0,0.022849245618136838,equal-high-mode-count,kgrad,0.0024388223462441516,0,reset,0.0161101846554077,concentrated,0,75,0.10276442307692307,0.056640625,0,150,-0.07118978633531967,-4.228887699358359,-3.5297774466736667,-0.14317695905288186,3.559042708117669,4.228923651874145,2.55062055954141,0.019925025201612902,crossfit,0,0.18863281114647742,CF-A04-equal-K13,0.5,2.6976140000042506,25600.0,1280.0,20.0,640.0,33280.0,520.0,983040.0,47104.0,23.0,47104.0,7680.0,400.0,25600.0,215040.0,33280.0
1.0,qld-mean-crossfit-t1,0.0161101846554077,0.0161101846554077,280,CF-A04-equal-K13/concentrated,0,0.023204864668965097,equal-high-mode-count,mean,0.011597217874510513,0,reset,0.0161101846554077,concentrated,0,75,0.14768629807692307,0.0546875,0,150,-0.0994292708095054,-4.153881166433878,-3.581350471776481,-0.16844586996229777,3.4764613893009617,4.164502198636171,2.5317698844184617,0.02261844758064516,crossfit,0,0.20919316646280658,CF-A04-equal-K13,1.0,2.906063600006746,25600.0,1280.0,20.0,640.0,33280.0,520.0,983040.0,47104.0,23.0,47104.0,7680.0,400.0,25600.0,215040.0,33280.0
1.0,qld-sharp-deleted-t1,0.0161101846554077,0.012877174227408972,281,CF-A04-equal-K13/concentrated,0,0.015499036676686728,equal-high-mode-count,sharp,0.007197231626121514,0,reset,0.0161101846554077,concentrated,0,75,0.06032151442307693,0.06640625,0,150,-0.09496810710425013,-4.328610639262411,-3.740242762196506,-0.1001153926320351,3.697745848172092,4.340498107738052,2.6507220874814146,0.019279233870967742,reused_deleted,0,0.1865451647753391,CF-A04-equal-K13,1.0,3.0929021000047214,25600.0,640.0,10.0,640.0,25600.0,400.0,975360.0,47104.0,23.0,47104.0,7680.0,400.0,25600.0,215040.0,25600.0
1.0,qld-sharp-crossfit-t1,0.0161101846554077,0.0161101846554077,280,CF-A04-equal-K13/concentrated,0,0.024491387865406722,equal-high-mode-count,sharp,0.008271388155811632,0,reset,0.0161101846554077,concentrated,0,75,0.15061598557692307,0.0546875,0,150,-0.09861640296038457,-4.165741626207685,-3.5764133626652193,-0.16791695765329717,3.4683730252055636,4.176483119691633,2.5226888830128176,0.022870463709677418,crossfit,0,0.21141868215296095,CF-A04-equal-K13,1.0,3.2973060999938753,25600.0,1280.0,20.0,640.0,33280.0,520.0,983040.0,47104.0,23.0,47104.0,7680.0,400.0,25600.0,215040.0,33280.0
1.0,qld-kgrad-crossfit-t1,0.0161101846554077,0.0161101846554077,280,CF-A04-equal-K13/concentrated,0,0.026509003794429553,equal-high-mode-count,kgrad,0.004718212967513402,0,reset,0.0161101846554077,concentrated,0,75,0.10960036057692307,0.05517578125,0,150,-0.06308373166736793,-4.239843154308418,-3.562512295056743,-0.13611056816062392,3.572957788895583,4.245424512628654,2.5367008397928843,0.02079133064516129,crossfit,0,0.18850239030334007,CF-A04-equal-K13,1.0,3.500257000006968,25600.0,1280.0,20.0,640.0,33280.0,520.0,983040.0,47104.0,23.0,47104.0,7680.0,400.0,25600.0,215040.0,33280.0
1.0,paper-0.5,1.580934258279643,0.008446097231900929,175,CF-A04-equal-K13/concentrated,0,0.015393620826610999,equal-high-mode-count,paper,nan,0,continuous,1.580934258279643,concentrated,0,75,0.12229567307692307,0.05517578125,0,100,-0.04224371213802518,-4.289000682142551,-3.5946921852154174,0.008999413990387096,3.458147503619784,4.253730327661964,2.533456191565095,0.018318422379032258,reused_masked,1,0.16256833967555942,CF-A04-equal-K13,0.5,0.6752858999825548,25600.0,1408.0,22.0,1408.0,25600.0,400.0,3276800.0,47104.0,23.0,47104.0,25600.0,400.0,25600.0,0.0,25600.0
1.0,qld-v1,0.015161994399137235,0.015161994399137235,125,CF-A04-equal-K13/concentrated,0,0.024409879465104645,equal-high-mode-count,paper,0.0009709174868852699,0,carry,0.028113785171722583,concentrated,0,50,0.09930889423076922,0.06103515625,0,175,-0.07282617284210033,-4.22909783562034,-3.6755500651893342,-0.11165899562918363,3.6290418822660238,4.237255204501728,2.6137690303959866,0.019767515120967742,reused_masked,1,0.15977119788564084,CF-A04-equal-K13,0.5,0.8490507999958936,25600.0,640.0,10.0,640.0,25600.0,400.0,983040.0,47104.0,23.0,47104.0,7680.0,400.0,25600.0,215040.0,25600.0
1.0,qld-full,0.015161994399137235,0.015161994399137235,125,CF-A04-equal-K13/concentrated,0,0.046067523497852036,equal-high-mode-count,qld,-0.001626600479630369,0,carry,0.028113785171722583,concentrated,0,50,0.19358473557692307,0.03076171875,0,175,-0.11739902083798923,-4.0673695243558186,-3.3843521204688174,-0.13871414319625947,3.2603558764348817,4.038397585521159,2.383647544898004,0.031832787298387094,,1,0.2879204410213816,CF-A04-equal-K13,,1.003004600002896,25600.0,640.0,10.0,640.0,25600.0,400.0,0.0,47104.0,23.0,47104.0,0.0,400.0,25600.0,307200.0,25600.0
1.0,qld-paper-reset,0.015161994399137235,0.015161994399137235,125,CF-A04-equal-K13/concentrated,0,0.01764427590780837,equal-high-mode-count,paper,-0.0035671209968133333,0,reset,0.028113785171722583,concentrated,0,50,0.11305588942307693,0.05908203125,0,175,-0.06553980393713718,-4.331309440978859,-3.609254381574723,-0.09869863945277592,3.503508900534826,4.30416058403819,2.567224235202096,0.017641129032258066,reused_masked,1,0.15815574676895727,CF-A04-equal-K13,0.5,1.1768191999872215,25600.0,640.0,10.0,640.0,25600.0,400.0,983040.0,47104.0,23.0,47104.0,7680.0,400.0,25600.0,215040.0,25600.0
1.0,qld-mean-crossfit-t0.2,0.015161994399137235,0.008691261518575022,400,CF-A04-equal-K13/concentrated,0,0.008691261518575022,equal-high-mode-count,mean,-0.007152493553423511,0,reset,0.028113785171722583,concentrated,0,50,0.10231370192307693,0.05517578125,0,175,0.020276122521907712,-4.3178614498545,-3.5938291409994263,0.014963545540629553,3.638623961563054,4.394082203585899,2.62921078160636,0.015688004032258066,crossfit,1,0.139299033494013,CF-A04-equal-K13,0.2,1.3552297999849543,25600.0,1280.0,20.0,640.0,33280.0,520.0,983040.0,47104.0,23.0,47104.0,7680.0,400.0,25600.0,215040.0,33280.0
1.0,qld-sharp-deleted-t0.2,0.015161994399137235,0.010909263809531833,400,CF-A04-equal-K13/concentrated,0,0.010909263809531833,equal-high-mode-count,sharp,-0.0022906244382645546,0,reset,0.028113785171722583,concentrated,0,50,0.05348557692307693,0.0703125,0,175,-0.0386897919157657,-4.4721961833842,-3.7795512114177576,0.002956579020187741,3.624456463049221,4.42838548504045,2.681666754108542,0.01554624495967742,reused_deleted,1,0.14371808345415504,CF-A04-equal-K13,0.2,1.5300444999884348,25600.0,640.0,10.0,640.0,25600.0,400.0,975360.0,47104.0,23.0,47104.0,7680.0,400.0,25600.0,215040.0,25600.0
1.0,qld-sharp-crossfit-t0.2,0.015161994399137235,0.006639395613242449,400,CF-A04-equal-K13/concentrated,0,0.006639395613242449,equal-high-mode-count,sharp,-0.00661750715619025,0,reset,0.028113785171722583,concentrated,0,50,0.11057692307692307,0.0576171875,0,175,0.05246273388266225,-4.331473054904481,-3.5928507264804086,0.1167286744929183,3.6696891983277653,4.399155730441292,2.6578097632711453,0.017656880040322582,crossfit,1,0.15141582865081674,CF-A04-equal-K13,0.2,1.7317146999994293,25600.0,1280.0,20.0,640.0,33280.0,520.0,983040.0,47104.0,23.0,47104.0,7680.0,400.0,25600.0,215040.0,33280.0
1.0,qld-kgrad-crossfit-t0.2,0.015161994399137235,0.015161994399137235,125,CF-A04-equal-K13/concentrated,0,0.016331417957566874,equal-high-mode-count,kgrad,-0.003641388859735084,0,reset,0.028113785171722583,concentrated,0,50,0.12672776442307693,0.056640625,0,175,-0.023044849782334155,-4.407366595420729,-3.8422403006376546,-0.005952831429424382,3.780204241559043,4.415907380003701,2.79728842642485,0.02405178931451613,crossfit,1,0.20984184047339838,CF-A04-equal-K13,0.2,1.9192693999793846,25600.0,1280.0,20.0,640.0,33280.0,520.0,983040.0,47104.0,23.0,47104.0,7680.0,400.0,25600.0,215040.0,33280.0
1.0,qld-mean-crossfit-t0.5,0.015161994399137235,0.015161994399137235,125,CF-A04-equal-K13/concentrated,0,0.020169296476335585,equal-high-mode-count,mean,-0.005378297572140589,0,reset,0.028113785171722583,concentrated,0,50,0.12522536057692307,0.05859375,0,175,-0.07867389921231868,-4.300663405126977,-3.614977387474165,-0.15279143941098502,3.510360961275208,4.302402588272144,2.579551473307922,0.01904296875,crossfit,1,0.1586745397640806,CF-A04-equal-K13,0.5,2.09543649997795,25600.0,1280.0,20.0,640.0,33280.0,520.0,983040.0,47104.0,23.0,47104.0,7680.0,400.0,25600.0,215040.0,33280.0
1.0,qld-sharp-deleted-t0.5,0.015161994399137235,0.015161994399137235,125,CF-A04-equal-K13/concentrated,0,0.02254789867708773,equal-high-mode-count,sharp,-0.0036112626833091355,0,reset,0.028113785171722583,concentrated,0,50,0.13792067307692307,0.05322265625,0,175,-0.07472173773519805,-4.29331362713927,-3.554383690304414,-0.10252793089944637,3.4131042233497064,4.252422734736262,2.5088671886393357,0.020586567540322582,reused_deleted,1,0.18655591091428497,CF-A04-equal-K13,0.5,2.273637999984203,25600.0,640.0,10.0,640.0,25600.0,400.0,975360.0,47104.0,23.0,47104.0,7680.0,400.0,25600.0,215040.0,25600.0
1.0,qld-sharp-crossfit-t0.5,0.015161994399137235,0.015161994399137235,125,CF-A04-equal-K13/concentrated,0,0.0224486936178101,equal-high-mode-count,sharp,-0.004403690556514128,0,reset,0.028113785171722583,concentrated,0,50,0.08616286057692307,0.06494140625,0,175,-0.08827369077044414,-4.334281018860565,-3.645443085731429,-0.1356460324351827,3.534621894864859,4.332756624088805,2.594002926576141,0.018853956653225805,crossfit,1,0.1587835253798064,CF-A04-equal-K13,0.5,2.4822109999950044,25600.0,1280.0,20.0,640.0,33280.0,520.0,983040.0,47104.0,23.0,47104.0,7680.0,400.0,25600.0,215040.0,33280.0
1.0,qld-kgrad-crossfit-t0.5,0.015161994399137235,0.015161994399137235,125,CF-A04-equal-K13/concentrated,0,0.03383527096719252,equal-high-mode-count,kgrad,-0.005590892658492219,0,reset,0.028113785171722583,concentrated,0,50,0.10419170673076922,0.05224609375,0,175,-0.07465416325906458,-4.299486862805743,-3.5395489260467916,-0.1591543285594807,3.4904425226427316,4.324917176021504,2.558854809503538,0.018507434475806453,crossfit,1,0.15971796352357784,CF-A04-equal-K13,0.5,2.6941147999896202,25600.0,1280.0,20.0,640.0,33280.0,520.0,983040.0,47104.0,23.0,47104.0,7680.0,400.0,25600.0,215040.0,33280.0
1.0,qld-mean-crossfit-t1,0.015161994399137235,0.015161994399137235,125,CF-A04-equal-K13/concentrated,0,0.016930923404824494,equal-high-mode-count,mean,-0.008069193861660828,0,reset,0.028113785171722583,concentrated,0,50,0.08075420673076922,0.0625,0,175,-0.0403484082542448,-4.242386769750746,-3.5822266291880593,-0.09117916073739034,3.5515359038227894,4.2519864420035205,2.587457400398842,0.01834992439516129,crossfit,1,0.15235518624224723,CF-A04-equal-K13,1.0,2.8975593999784905,25600.0,1280.0,20.0,640.0,33280.0,520.0,983040.0,47104.0,23.0,47104.0,7680.0,400.0,25600.0,215040.0,33280.0
1.0,qld-sharp-deleted-t1,0.015161994399137235,0.015161994399137235,125,CF-A04-equal-K13/concentrated,0,0.0300423890673307,equal-high-mode-count,sharp,-0.005432669651247668,0,reset,0.028113785171722583,concentrated,0,50,0.13356370192307693,0.0498046875,0,175,-0.0921872737247608,-4.1872586928119,-3.4986962224416134,-0.11440117804312203,3.3805575942551545,4.148754391498204,2.4816892138206,0.024193548387096774,reused_deleted,1,0.21071069129064593,CF-A04-equal-K13,1.0,3.091536299994914,25600.0,640.0,10.0,640.0,25600.0,400.0,975360.0,47104.0,23.0,47104.0,7680.0,400.0,25600.0,215040.0,25600.0
1.0,qld-sharp-crossfit-t1,0.015161994399137235,0.015161994399137235,125,CF-A04-equal-K13/concentrated,0,0.018162831178281102,equal-high-mode-count,sharp,-0.006655394644382362,0,reset,0.028113785171722583,concentrated,0,50,0.07053786057692307,0.06494140625,0,175,-0.04952960229860767,-4.272290353419641,-3.612062457171356,-0.08149441397220611,3.5710683289056138,4.2791143371234766,2.601371512847574,0.017893145161290324,crossfit,1,0.14839368379628862,CF-A04-equal-K13,1.0,3.2959287999838125,25600.0,1280.0,20.0,640.0,33280.0,520.0,983040.0,47104.0,23.0,47104.0,7680.0,400.0,25600.0,215040.0,33280.0
1.0,qld-kgrad-crossfit-t1,0.015161994399137235,0.015161994399137235,125,CF-A04-equal-K13/concentrated,0,0.022852909549719413,equal-high-mode-count,kgrad,-0.0037282504559414953,0,reset,0.028113785171722583,concentrated,0,50,0.07737379807692307,0.064453125,0,175,-0.09588229378895857,-4.39384994990256,-3.712450503089836,-0.1601462679353728,3.5702332754281594,4.400412766193833,2.6257629205473147,0.017515120967741934,crossfit,1,0.15890873975729639,CF-A04-equal-K13,1.0,3.4822942999890074,25600.0,1280.0,20.0,640.0,33280.0,520.0,983040.0,47104.0,23.0,47104.0,7680.0,400.0,25600.0,215040.0,33280.0
1.0,paper-0.5,1.5660183172294966,0.013053989920434717,225,CF-A04-equal-K13/concentrated,0,0.014577528345005142,equal-high-mode-count,paper,nan,0,continuous,1.5660183172294966,concentrated,0,75,0.07354266826923078,0.0673828125,0,100,0.06290046243106337,-4.3660860740450795,-3.6810666806562415,0.11576154098965155,3.7451732110796807,4.348963980799846,2.6739320734790173,0.017719884072580645,reused_masked,2,0.15201426952764974,CF-A04-equal-K13,0.5,0.7060651000065263,25600.0,1408.0,22.0,1408.0,25600.0,400.0,3276800.0,47104.0,23.0,47104.0,25600.0,400.0,25600.0,0.0,25600.0
1.0,qld-v1,0.019053149356424104,0.01610660942455766,325,CF-A04-equal-K13/concentrated,0,0.01770532294439331,equal-high-mode-count,paper,-0.0013475567881426898,0,carry,0.02100264229714588,concentrated,0,50,0.10914963942307693,0.0634765625,0,175,0.0746627693260938,-4.3301132073993704,-3.8040938907918074,0.1272848106572973,3.851904568482755,4.335233377406611,2.731415150825608,0.021547379032258066,reused_masked,2,0.17408786698307108,CF-A04-equal-K13,0.5,0.8806609000021126,25600.0,640.0,10.0,640.0,25600.0,400.0,983040.0,47104.0,23.0,47104.0,7680.0,400.0,25600.0,215040.0,25600.0
1.0,qld-full,0.019053149356424104,0.01653802540523852,285,CF-A04-equal-K13/concentrated,0,0.022665373195353666,equal-high-mode-count,qld,-0.004464616891907358,0,carry,0.02100264229714588,concentrated,0,50,0.17210036057692307,0.044921875,0,175,0.03415271840210552,-4.120408855968095,-3.560613605677846,0.14839249786277764,3.5476429432761214,4.105635926007761,2.5412570507307266,0.019940776209677418,,2,0.18166351397378638,CF-A04-equal-K13,,1.030707199999597,25600.0,640.0,10.0,640.0,25600.0,400.0,0.0,47104.0,23.0,47104.0,0.0,400.0,25600.0,307200.0,25600.0
1.0,qld-paper-reset,0.019053149356424104,0.01532580489348856,282,CF-A04-equal-K13/concentrated,0,0.01684906714117229,equal-high-mode-count,paper,-0.003051373012884717,0,reset,0.02100264229714588,concentrated,0,50,0.08864182692307693,0.06494140625,0,175,0.06963644296942739,-4.4167970294504,-3.756076800944341,0.13026253416790776,3.819639846993004,4.427074060942727,2.7380677817634584,0.020523563508064516,reused_masked,2,0.16979692705060975,CF-A04-equal-K13,0.5,1.2083227000257466,25600.0,640.0,10.0,640.0,25600.0,400.0,983040.0,47104.0,23.0,47104.0,7680.0,400.0,25600.0,215040.0,25600.0
1.0,qld-mean-crossfit-t0.2,0.019053149356424104,0.015199930993104793,325,CF-A04-equal-K13/concentrated,0,0.03585966300294441,equal-high-mode-count,mean,-0.005564168449118778,0,reset,0.02100264229714588,concentrated,0,50,0.13987379807692307,0.05517578125,0,175,-0.07921330908448576,-4.336493032869681,-3.6631124510414947,-0.029363655923598388,3.5305534761189374,4.273720197431908,2.5468576883300633,0.02181514616935484,crossfit,2,0.19211656985496287,CF-A04-equal-K13,0.2,1.3853338000189979,25600.0,1280.0,20.0,640.0,33280.0,520.0,983040.0,47104.0,23.0,47104.0,7680.0,400.0,25600.0,215040.0,33280.0
1.0,qld-sharp-deleted-t0.2,0.019053149356424104,0.01306374136575661,283,CF-A04-equal-K13/concentrated,0,0.01718302094801949,equal-high-mode-count,sharp,-0.007067987533714959,0,reset,0.02100264229714588,concentrated,0,50,0.10712139423076922,0.05908203125,0,175,0.13081973112365503,-4.485525540510217,-3.763432380961457,0.29623576088223097,3.902032021975831,4.553787294045454,2.758963390829804,0.02164188508064516,reused_deleted,2,0.2008890908769471,CF-A04-equal-K13,0.2,1.5665306000155397,25600.0,640.0,10.0,640.0,25600.0,400.0,975360.0,47104.0,23.0,47104.0,7680.0,400.0,25600.0,215040.0,25600.0
1.0,qld-sharp-crossfit-t0.2,0.019053149356424104,0.01407884982437535,285,CF-A04-equal-K13/concentrated,0,0.027840456367145272,equal-high-mode-count,sharp,-0.006923792472770529,0,reset,0.02100264229714588,concentrated,0,50,0.10764723557692307,0.056640625,0,175,-0.04386118204551562,-4.387407931196745,-3.720202260609341,-0.04193090190915053,3.6071659821308235,4.350591225311247,2.6023631675216596,0.018507434475806453,crossfit,2,0.16155640804370636,CF-A04-equal-K13,0.2,1.753792200004682,25600.0,1280.0,20.0,640.0,33280.0,520.0,983040.0,47104.0,23.0,47104.0,7680.0,400.0,25600.0,215040.0,33280.0
1.0,qld-kgrad-crossfit-t0.2,0.019053149356424104,0.01853242080591455,285,CF-A04-equal-K13/concentrated,0,0.021801520903395488,equal-high-mode-count,kgrad,-0.002470221491231328,0,reset,0.02100264229714588,concentrated,0,50,0.16188401442307693,0.05078125,0,175,0.17333619966236202,-4.4826254545839515,-3.79820238517994,0.325743703052488,3.952015781518196,4.5435927550108905,2.823273018595215,0.031754032258064516,crossfit,2,0.265638527399407,CF-A04-equal-K13,0.2,1.9289804000000004,25600.0,1280.0,20.0,640.0,33280.0,520.0,983040.0,47104.0,23.0,47104.0,7680.0,400.0,25600.0,215040.0,33280.0
1.0,qld-mean-crossfit-t0.5,0.019053149356424104,0.012880498120865447,400,CF-A04-equal-K13/concentrated,0,0.012880498120865447,equal-high-mode-count,mean,-0.006102424895438663,0,reset,0.02100264229714588,concentrated,0,50,0.11110276442307693,0.05810546875,0,175,0.10294351861002699,-4.2304839297725625,-3.5448680006770887,0.16348600274011432,3.681821915893224,4.283236545433169,2.578573451136528,0.018507434475806453,crossfit,2,0.18031432207639078,CF-A04-equal-K13,0.5,2.1092191000061575,25600.0,1280.0,20.0,640.0,33280.0,520.0,983040.0,47104.0,23.0,47104.0,7680.0,400.0,25600.0,215040.0,33280.0
1.0,qld-sharp-deleted-t0.5,0.019053149356424104,0.015326325709216881,282,CF-A04-equal-K13/concentrated,0,0.017114950198707568,equal-high-mode-count,sharp,-0.004366393248262046,0,reset,0.02100264229714588,concentrated,0,50,0.08473557692307693,0.06396484375,0,175,0.05995360192664463,-4.43141709952868,-3.763726145781047,0.11754575194275499,3.815437921744291,4.436841513896136,2.7356183113037145,0.020129788306451613,reused_deleted,2,0.16532449870074242,CF-A04-equal-K13,0.5,2.2980446000001393,25600.0,640.0,10.0,640.0,25600.0,400.0,975360.0,47104.0,23.0,47104.0,7680.0,400.0,25600.0,215040.0,25600.0
1.0,qld-sharp-crossfit-t0.5,0.019053149356424104,0.012820351832950827,400,CF-A04-equal-K13/concentrated,0,0.012820351832950827,equal-high-mode-count,sharp,-0.006738055349790439,0,reset,0.02100264229714588,concentrated,0,50,0.08864182692307693,0.06689453125,0,175,0.09719837641034734,-4.287409607307244,-3.6135649980492928,0.161137711705231,3.724658670258459,4.330395902118728,2.619058069629959,0.018302671370967742,crossfit,2,0.16874144942697378,CF-A04-equal-K13,0.5,2.5097241000039503,25600.0,1280.0,20.0,640.0,33280.0,520.0,983040.0,47104.0,23.0,47104.0,7680.0,400.0,25600.0,215040.0,33280.0
1.0,qld-kgrad-crossfit-t0.5,0.019053149356424104,0.014379406827440988,285,CF-A04-equal-K13/concentrated,0,0.02799758782691697,equal-high-mode-count,kgrad,-0.006623235469704891,0,reset,0.02100264229714588,concentrated,0,50,0.09540264423076922,0.06005859375,0,175,-0.05603227574170613,-4.378564995943827,-3.7273032510388906,-0.049844503805878335,3.630867499547354,4.328134927623685,2.6176932254829515,0.018649193548387098,crossfit,2,0.1588106588807241,CF-A04-equal-K13,0.5,2.715590500010876,25600.0,1280.0,20.0,640.0,33280.0,520.0,983040.0,47104.0,23.0,47104.0,7680.0,400.0,25600.0,215040.0,33280.0
1.0,qld-mean-crossfit-t1,0.019053149356424104,0.015878861283905366,285,CF-A04-equal-K13/concentrated,0,0.01900135633924238,equal-high-mode-count,mean,-0.005123781013240514,0,reset,0.02100264229714588,concentrated,0,50,0.14227764423076922,0.04248046875,0,175,0.05631503594267814,-4.094148029630708,-3.471768610191587,0.04659909455573291,3.5468721726533468,4.114499666805187,2.5052722293078755,0.019294984879032258,crossfit,2,0.19425966715657694,CF-A04-equal-K13,1.0,2.9037449000170454,25600.0,1280.0,20.0,640.0,33280.0,520.0,983040.0,47104.0,23.0,47104.0,7680.0,400.0,25600.0,215040.0,33280.0
1.0,qld-sharp-deleted-t1,0.019053149356424104,0.01525223160912148,282,CF-A04-equal-K13/concentrated,0,0.019191852056578806,equal-high-mode-count,sharp,-0.003009425404182142,0,reset,0.02100264229714588,concentrated,0,50,0.09848257211538464,0.06591796875,0,175,0.037708950356796125,-4.245602522179801,-3.6825894559025523,0.17155427482436758,3.690820313737472,4.227544366130374,2.6421023962446157,0.019483996975806453,reused_deleted,2,0.15978601676671506,CF-A04-equal-K13,1.0,3.1055028999981005,25600.0,640.0,10.0,640.0,25600.0,400.0,975360.0,47104.0,23.0,47104.0,7680.0,400.0,25600.0,215040.0,25600.0
1.0,qld-sharp-crossfit-t1,0.019053149356424104,0.015201499581835698,285,CF-A04-equal-K13/concentrated,0,0.016445952114573004,equal-high-mode-count,sharp,-0.005801142715310181,0,reset,0.02100264229714588,concentrated,0,50,0.12868088942307693,0.052734375,0,175,0.05775119181530384,-4.171070532812041,-3.5401518561162537,0.04910103503776601,3.619550781654388,4.189956328134094,2.5556618983750132,0.019027217741935484,crossfit,2,0.17513683952222744,CF-A04-equal-K13,1.0,3.3036476999986917,25600.0,1280.0,20.0,640.0,33280.0,520.0,983040.0,47104.0,23.0,47104.0,7680.0,400.0,25600.0,215040.0,33280.0
1.0,qld-kgrad-crossfit-t1,0.019053149356424104,0.014051048889560658,285,CF-A04-equal-K13/concentrated,0,0.01612861148015199,equal-high-mode-count,kgrad,-0.0069515934075852215,0,reset,0.02100264229714588,concentrated,0,50,0.09788161057692307,0.06494140625,0,175,0.05039259397162596,-4.292581071408192,-3.612271901227231,0.07487581222818279,3.6704257029639593,4.310627362751921,2.597030812463748,0.016160534274193547,crossfit,2,0.15396040027851499,CF-A04-equal-K13,1.0,3.499421100015752,25600.0,1280.0,20.0,640.0,33280.0,520.0,983040.0,47104.0,23.0,47104.0,7680.0,400.0,25600.0,215040.0,33280.0
1.0,paper-0.5,4.384832587874229,0.020149792662654598,225,CF-A05-hetero-K9/missing,0,0.021258992270537735,heteroscedastic,paper,nan,0,continuous,4.384832587874229,missing,0,100,0.2764756944444444,0.06689453125,0,375,0.09133164678465756,-3.519793841844287,-2.4240188051690916,0.1584579935335917,2.670425773992405,3.5167581771251193,1.8019833892256867,0.025311869959677418,reused_masked,0,0.16879929223621093,CF-A05-hetero-K9,0.5,0.6893637999892235,25600.0,1408.0,22.0,1408.0,25600.0,400.0,3276800.0,47104.0,23.0,47104.0,25600.0,400.0,25600.0,0.0,25600.0
1.0,qld-v1,0.027933945028130847,0.020676362657223724,400,CF-A05-hetero-K9/missing,0,0.020676362657223724,heteroscedastic,paper,0.001551276247572897,0,carry,0.04303249886385929,missing,0,75,0.3823784722222222,0.06396484375,1,400,0.19135100488742926,-3.7514778452684743,-2.3212644294767655,0.3000789697127191,2.5401529910196703,2.9374372819988137,1.7725215265098102,0.033297631048387094,reused_masked,0,0.2131727797712888,CF-A05-hetero-K9,0.5,0.8674627000000328,25600.0,640.0,10.0,640.0,25600.0,400.0,983040.0,47104.0,23.0,47104.0,7680.0,400.0,25600.0,215040.0,25600.0
1.0,qld-full,0.027933945028130847,0.021861156658483427,350,CF-A05-hetero-K9/missing,0,0.026658564895203796,heteroscedastic,qld,0.001555825235534325,0,carry,0.04303249886385929,missing,0,75,0.3628472222222222,0.07275390625,1,400,0.13311527393724248,-3.6423758795983603,-2.4227112357204525,0.16930517281663948,2.6067626225550757,2.9770851683922466,1.8109524378754625,0.03121849798387097,,0,0.20329310749489868,CF-A05-hetero-K9,,1.013458500005072,25600.0,640.0,10.0,640.0,25600.0,400.0,0.0,47104.0,23.0,47104.0,0.0,400.0,25600.0,307200.0,25600.0
1.0,qld-paper-reset,0.027933945028130847,0.01903230624976926,400,CF-A05-hetero-K9/missing,0,0.01903230624976926,heteroscedastic,paper,-0.010105139341396896,0,reset,0.04303249886385929,missing,0,75,0.3140190972222222,0.06982421875,1,400,0.18817948908240417,-3.612542487080967,-2.396323397492259,0.23157303866962198,2.8654532949157328,3.4714911653331906,1.8615377615583428,0.026808215725806453,reused_masked,0,0.18381068360994426,CF-A05-hetero-K9,0.5,1.1826951999973971,25600.0,640.0,10.0,640.0,25600.0,400.0,983040.0,47104.0,23.0,47104.0,7680.0,400.0,25600.0,215040.0,25600.0
1.0,qld-mean-crossfit-t0.2,0.027933945028130847,0.027933945028130847,250,CF-A05-hetero-K9/missing,0,0.03770965991109554,heteroscedastic,mean,0.006022749593088683,0,reset,0.04303249886385929,missing,0,75,0.4417317708333333,0.00732421875,1,400,0.09836008876934745,-3.0222538152330767,-2.1581252600294833,0.24036038499934786,2.2388323600065774,2.685713660238994,1.5828749466161631,0.03243132560483871,crossfit,0,0.21569856329320522,CF-A05-hetero-K9,0.2,1.3545217999781016,25600.0,1280.0,20.0,640.0,33280.0,520.0,983040.0,47104.0,23.0,47104.0,7680.0,400.0,25600.0,215040.0,33280.0
1.0,qld-sharp-deleted-t0.2,0.027933945028130847,0.0180390452761352,350,CF-A05-hetero-K9/missing,0,0.021117795222628466,heteroscedastic,sharp,0.001381101228433046,0,reset,0.04303249886385929,missing,0,75,0.2835286458333333,0.05078125,1,400,0.20749527515804425,-3.4761229197895065,-2.2710839773238853,0.1936871016938937,2.8989967091524473,3.503097367342664,1.8210986947385464,0.02616242439516129,reused_deleted,0,0.17024415430626996,CF-A05-hetero-K9,0.2,1.5359408999793231,25600.0,640.0,10.0,640.0,25600.0,400.0,975360.0,47104.0,23.0,47104.0,7680.0,400.0,25600.0,215040.0,25600.0
1.0,qld-sharp-crossfit-t0.2,0.027933945028130847,0.019726030903183478,400,CF-A05-hetero-K9/missing,0,0.019726030903183478,heteroscedastic,sharp,-0.003270230902030047,0,reset,0.04303249886385929,missing,0,75,0.2720269097222222,0.06201171875,1,400,0.22713692758034315,-3.4535418939368223,-2.373091817578162,0.4481935652144662,2.646245313245628,3.1201828925520605,1.7646188338995485,0.03410093245967742,crossfit,0,0.204164709937137,CF-A05-hetero-K9,0.2,1.7247667000046931,25600.0,1280.0,20.0,640.0,33280.0,520.0,983040.0,47104.0,23.0,47104.0,7680.0,400.0,25600.0,215040.0,33280.0
1.0,qld-kgrad-crossfit-t0.2,0.027933945028130847,0.027933945028130847,250,CF-A05-hetero-K9/missing,0,0.03732425453031718,heteroscedastic,kgrad,0.019181773959268344,0,reset,0.04303249886385929,missing,0,75,0.3315972222222222,0.0302734375,1,400,0.05808725542136326,-3.6429474926971084,-2.4980764766039747,0.37986292359697216,2.2881075037628666,2.826687227885696,1.7187647028807218,0.035172001008064516,crossfit,0,0.2405264172446235,CF-A05-hetero-K9,0.2,1.9042761999880895,25600.0,1280.0,20.0,640.0,33280.0,520.0,983040.0,47104.0,23.0,47104.0,7680.0,400.0,25600.0,215040.0,33280.0
1.0,qld-mean-crossfit-t0.5,0.027933945028130847,0.027712973683714726,350,CF-A05-hetero-K9/missing,0,0.03847013446552294,heteroscedastic,mean,-0.006580295427636607,0,reset,0.04303249886385929,missing,0,75,0.3546006944444444,0.08251953125,1,400,0.003999882770281083,-3.6566500580640824,-2.566015481588501,0.10025582817225898,2.5629669978683043,3.162059246367144,1.8076443483833642,0.030163180443548387,crossfit,0,0.21024805385914855,CF-A05-hetero-K9,0.5,2.080922900000587,25600.0,1280.0,20.0,640.0,33280.0,520.0,983040.0,47104.0,23.0,47104.0,7680.0,400.0,25600.0,215040.0,33280.0
1.0,qld-sharp-deleted-t0.5,0.027933945028130847,0.021335981353771682,400,CF-A05-hetero-K9/missing,0,0.021335981353771682,heteroscedastic,sharp,-0.002655957938578979,0,reset,0.04303249886385929,missing,0,75,0.3169487847222222,0.0751953125,1,400,0.15207655233109713,-3.671048109772984,-2.448887514909052,0.20370034562128447,2.8326907861659016,3.4615216117989225,1.867807110317347,0.025563886088709676,reused_deleted,0,0.18121285418947936,CF-A05-hetero-K9,0.5,2.264808899984928,25600.0,640.0,10.0,640.0,25600.0,400.0,975360.0,47104.0,23.0,47104.0,7680.0,400.0,25600.0,215040.0,25600.0
1.0,qld-sharp-crossfit-t0.5,0.027933945028130847,0.02561388627340344,325,CF-A05-hetero-K9/missing,0,0.03999249373885716,heteroscedastic,sharp,-0.011066968078203843,0,reset,0.04303249886385929,missing,0,75,0.3614366319444444,0.0888671875,1,400,-0.004075108056010948,-3.9165369152109992,-2.6239352521535912,0.06594582737896038,2.6668666528705574,3.2984094814073184,1.8806634189144111,0.030462449596774195,crossfit,0,0.22754182788874622,CF-A05-hetero-K9,0.5,2.5003284999984317,25600.0,1280.0,20.0,640.0,33280.0,520.0,983040.0,47104.0,23.0,47104.0,7680.0,400.0,25600.0,215040.0,33280.0
1.0,qld-kgrad-crossfit-t0.5,0.027933945028130847,0.016795209810494427,400,CF-A05-hetero-K9/missing,0,0.016795209810494427,heteroscedastic,kgrad,0.0018513276651686006,0,reset,0.04303249886385929,missing,0,75,0.2021484375,0.07861328125,0,400,0.20078597189299083,-3.6644366435244233,-2.460934099572139,0.4500980335055065,2.778240417602564,3.4553170331888925,1.8645360252317353,0.02884009576612903,crossfit,0,0.2035170343081255,CF-A05-hetero-K9,0.5,2.7007229999871925,25600.0,1280.0,20.0,640.0,33280.0,520.0,983040.0,47104.0,23.0,47104.0,7680.0,400.0,25600.0,215040.0,33280.0
1.0,qld-mean-crossfit-t1,0.027933945028130847,0.027933945028130847,250,CF-A05-hetero-K9/missing,0,0.058511234429680314,heteroscedastic,mean,0.00017441112265759173,0,reset,0.04303249886385929,missing,0,75,0.4004991319444444,0.0537109375,1,400,-0.11097687442688137,-3.918463945244523,-2.652420485568163,-0.05354804445654593,2.405726613417635,2.9251288883905002,1.8138399304033515,0.04065335181451613,crossfit,0,0.2922091307728386,CF-A05-hetero-K9,1.0,2.885096899990458,25600.0,1280.0,20.0,640.0,33280.0,520.0,983040.0,47104.0,23.0,47104.0,7680.0,400.0,25600.0,215040.0,33280.0
1.0,qld-sharp-deleted-t1,0.027933945028130847,0.021396394971919364,350,CF-A05-hetero-K9/missing,0,0.027614255957917333,heteroscedastic,sharp,0.0015886094248096505,0,reset,0.04303249886385929,missing,0,75,0.3657769097222222,0.07666015625,1,400,0.06513747685819382,-4.102880858253498,-2.6260408641140702,0.18328506198393302,2.655617449534463,3.1424553974614406,1.9060518452196293,0.02978515625,reused_deleted,0,0.2302927973689306,CF-A05-hetero-K9,1.0,3.070797099993797,25600.0,640.0,10.0,640.0,25600.0,400.0,975360.0,47104.0,23.0,47104.0,7680.0,400.0,25600.0,215040.0,25600.0
1.0,qld-sharp-crossfit-t1,0.027933945028130847,0.0255821475508462,300,CF-A05-hetero-K9/missing,0,0.05451386455387519,heteroscedastic,sharp,-0.007683546005085251,0,reset,0.04303249886385929,missing,0,75,0.3663194444444444,0.08154296875,1,400,-0.10065789009532351,-4.169499607999582,-2.716718458688937,-0.048711190908023116,2.567901264313444,3.1243852703143884,1.9092514592550593,0.038763230846774195,crossfit,0,0.29291309516194997,CF-A05-hetero-K9,1.0,3.269649900001241,25600.0,1280.0,20.0,640.0,33280.0,520.0,983040.0,47104.0,23.0,47104.0,7680.0,400.0,25600.0,215040.0,33280.0
1.0,qld-kgrad-crossfit-t1,0.027933945028130847,0.026308638093346826,350,CF-A05-hetero-K9/missing,0,0.03477356830756717,heteroscedastic,kgrad,-0.010739937958355483,0,reset,0.04303249886385929,missing,0,75,0.3301866319444444,0.08642578125,1,400,0.032825937395878496,-4.08221922541282,-2.634997588778493,0.16343060712734014,2.7476978015542666,3.3977589130637837,1.928890783515893,0.029737903225806453,crossfit,0,0.228664904915094,CF-A05-hetero-K9,1.0,3.456652099994244,25600.0,1280.0,20.0,640.0,33280.0,520.0,983040.0,47104.0,23.0,47104.0,7680.0,400.0,25600.0,215040.0,33280.0
1.0,paper-0.5,4.385464435119824,0.020461280568133233,375,CF-A05-hetero-K9/missing,0,0.03313708674159188,heteroscedastic,paper,nan,0,continuous,4.385464435119824,missing,0,100,0.3364800347222222,0.064453125,1,400,0.25214059804334843,-3.4391465273782935,-2.3331868923147674,0.39492546362580994,2.6009716966189993,3.5388212100916445,1.7841685220750054,0.03325037802419355,reused_masked,2,0.21022648986735223,CF-A05-hetero-K9,0.5,0.70608530001482,25600.0,1408.0,22.0,1408.0,25600.0,400.0,3276800.0,47104.0,23.0,47104.0,25600.0,400.0,25600.0,0.0,25600.0
1.0,qld-v1,0.026112971393263074,0.021845046318347494,400,CF-A05-hetero-K9/missing,0,0.021845046318347494,heteroscedastic,paper,-0.0009317769426435696,0,carry,0.03043839514624902,missing,0,75,0.3821614583333333,0.048828125,1,400,0.1721327432790027,-3.4793128317639175,-2.216244403992726,0.2426022615910226,2.464128463902472,2.9431819644358836,1.7029536813146293,0.034274193548387094,reused_masked,2,0.21791531635662442,CF-A05-hetero-K9,0.5,0.8827527000103146,25600.0,640.0,10.0,640.0,25600.0,400.0,983040.0,47104.0,23.0,47104.0,7680.0,400.0,25600.0,215040.0,25600.0
1.0,qld-full,0.026112971393263074,0.022376002284953067,375,CF-A05-hetero-K9/missing,0,0.023566338603840054,heteroscedastic,qld,-0.002017792797133655,0,carry,0.03043839514624902,missing,0,75,0.3362630208333333,0.04345703125,1,400,0.26992247836484773,-3.1492175301111467,-2.086216066557193,0.32987703698205095,2.5741870090621903,3.0548885570777293,1.690408066657327,0.03940902217741935,,2,0.23799885529167242,CF-A05-hetero-K9,,1.0216374000010546,25600.0,640.0,10.0,640.0,25600.0,400.0,0.0,47104.0,23.0,47104.0,0.0,400.0,25600.0,307200.0,25600.0
1.0,qld-paper-reset,0.026112971393263074,0.016930933612708143,400,CF-A05-hetero-K9/missing,0,0.016930933612708143,heteroscedastic,paper,0.02083220253698359,0,reset,0.03043839514624902,missing,0,75,0.2505425347222222,0.0625,1,400,0.2377311229149512,-3.49587519201444,-2.3323698073584858,0.3539604242008527,2.764934291198287,3.4781375628613684,1.8303306317536463,0.031470514112903226,reused_masked,2,0.20212545227244805,CF-A05-hetero-K9,0.5,1.1931164000125136,25600.0,640.0,10.0,640.0,25600.0,400.0,983040.0,47104.0,23.0,47104.0,7680.0,400.0,25600.0,215040.0,25600.0
0.0,qld-mean-crossfit-t0.2,0.026112971393263074,0.026112971393263074,175,CF-A05-hetero-K9/missing,0,0.12945071933617114,heteroscedastic,mean,0.03303914922513185,0,reset,0.03043839514624902,missing,0,75,0.4441189236111111,0.0,1,400,-0.3559043347384562,-3.504868680938512,-2.4057392884214956,-0.009966198506812685,1.1722144666004255,1.4817388691787825,1.3453575122482397,0.08199974798387097,crossfit,2,0.5036902073120195,CF-A05-hetero-K9,0.2,1.37232490000315,25600.0,1280.0,20.0,640.0,33280.0,520.0,983040.0,47104.0,23.0,47104.0,7680.0,400.0,25600.0,215040.0,33280.0
1.0,qld-sharp-deleted-t0.2,0.026112971393263074,0.015109924657720653,375,CF-A05-hetero-K9/missing,0,0.019328215636088553,heteroscedastic,sharp,0.0002635527336711796,0,reset,0.03043839514624902,missing,0,75,0.2534722222222222,0.064453125,1,400,0.25147894732241927,-3.498550313020046,-2.358333977324528,0.3892520239863504,2.812966898315371,3.460679436138861,1.8413686350022285,0.03210055443548387,reused_deleted,2,0.21130817692550277,CF-A05-hetero-K9,0.2,1.5482580999960192,25600.0,640.0,10.0,640.0,25600.0,400.0,975360.0,47104.0,23.0,47104.0,7680.0,400.0,25600.0,215040.0,25600.0
1.0,qld-sharp-crossfit-t0.2,0.026112971393263074,0.020507761667022395,375,CF-A05-hetero-K9/missing,0,0.037950509560135126,heteroscedastic,sharp,0.02522228006626248,0,reset,0.03043839514624902,missing,0,75,0.3452690972222222,0.0791015625,1,400,-0.02449403322962261,-3.8471097361901108,-2.476899136325913,0.006006661425350446,2.5252273886141796,3.2464757545237855,1.8477593775287484,0.03825919858870968,crossfit,2,0.24614044538719643,CF-A05-hetero-K9,0.2,1.7400118999939878,25600.0,1280.0,20.0,640.0,33280.0,520.0,983040.0,47104.0,23.0,47104.0,7680.0,400.0,25600.0,215040.0,33280.0
0.0,qld-kgrad-crossfit-t0.2,0.026112971393263074,0.026112971393263074,175,CF-A05-hetero-K9/missing,0,0.08602358670819332,heteroscedastic,kgrad,0.04472183705243116,0,reset,0.03043839514624902,missing,0,75,0.4404296875,0.0,1,400,-0.19466680051741134,-3.0536086388285293,-2.206177378503361,0.05963509498303399,1.353528905529081,1.7910761393250034,1.2843468128305173,0.0704070060483871,crossfit,2,0.43971134689955965,CF-A05-hetero-K9,0.2,1.9208519000094384,25600.0,1280.0,20.0,640.0,33280.0,520.0,983040.0,47104.0,23.0,47104.0,7680.0,400.0,25600.0,215040.0,33280.0
1.0,qld-mean-crossfit-t0.5,0.026112971393263074,0.01897881567728299,375,CF-A05-hetero-K9/missing,0,0.04165165772565049,heteroscedastic,mean,0.02604280568650208,0,reset,0.03043839514624902,missing,0,75,0.3950737847222222,0.00146484375,1,400,-0.08599607376709795,-3.361529252023941,-2.317551559629277,0.11806869497133898,1.9352031962887315,2.5728514969568588,1.5450278474908739,0.04345703125,crossfit,2,0.276215941373849,CF-A05-hetero-K9,0.5,2.094435600010911,25600.0,1280.0,20.0,640.0,33280.0,520.0,983040.0,47104.0,23.0,47104.0,7680.0,400.0,25600.0,215040.0,33280.0
1.0,qld-sharp-deleted-t0.5,0.026112971393263074,0.015694772864028428,400,CF-A05-hetero-K9/missing,0,0.015694772864028428,heteroscedastic,sharp,0.008157162860313871,0,reset,0.03043839514624902,missing,0,75,0.2876519097222222,0.06884765625,1,400,0.19120570572201934,-3.5161161581581983,-2.365281135277571,0.35155864420480487,2.632266195526174,3.36510879456235,1.8039045004522214,0.030131678427419355,reused_deleted,2,0.18694985978257117,CF-A05-hetero-K9,0.5,2.316810499993153,25600.0,640.0,10.0,640.0,25600.0,400.0,975360.0,47104.0,23.0,47104.0,7680.0,400.0,25600.0,215040.0,25600.0
1.0,qld-sharp-crossfit-t0.5,0.026112971393263074,0.019736555103366138,350,CF-A05-hetero-K9/missing,0,0.026441627372925103,heteroscedastic,sharp,0.02030687514321139,0,reset,0.03043839514624902,missing,0,75,0.3862847222222222,0.02783203125,1,400,-0.011020798341373936,-3.3738147451720497,-2.327706552574337,0.17343274224895056,2.164589490865129,2.8776994903124864,1.6287218836485486,0.03491998487903226,crossfit,2,0.21568757402228728,CF-A05-hetero-K9,0.5,2.5209257999958936,25600.0,1280.0,20.0,640.0,33280.0,520.0,983040.0,47104.0,23.0,47104.0,7680.0,400.0,25600.0,215040.0,33280.0
1.0,qld-kgrad-crossfit-t0.5,0.026112971393263074,0.019831371501503048,400,CF-A05-hetero-K9/missing,0,0.019831371501503048,heteroscedastic,kgrad,0.028339079843012538,0,reset,0.03043839514624902,missing,0,75,0.3413628472222222,0.04638671875,1,400,0.0629919649247813,-3.4941189397694714,-2.415115306766204,0.29798291955982115,2.293775796591182,3.003233884522686,1.6997394824086791,0.030320690524193547,crossfit,2,0.19042991377464963,CF-A05-hetero-K9,0.5,2.703096400015056,25600.0,1280.0,20.0,640.0,33280.0,520.0,983040.0,47104.0,23.0,47104.0,7680.0,400.0,25600.0,215040.0,33280.0
0.0,qld-mean-crossfit-t1,0.026112971393263074,0.02509846317816211,325,CF-A05-hetero-K9/missing,0,0.03438623065962321,heteroscedastic,mean,0.02784988346463413,0,reset,0.03043839514624902,missing,0,75,0.4446614583333333,0.0,1,400,0.0053091604596781665,-3.2031105101016673,-2.1408050108535637,0.08993134078044407,2.049977585747342,2.531568812435283,1.518219379825976,0.038558467741935484,crossfit,2,0.2548494140435741,CF-A05-hetero-K9,1.0,2.892799399996875,25600.0,1280.0,20.0,640.0,33280.0,520.0,983040.0,47104.0,23.0,47104.0,7680.0,400.0,25600.0,215040.0,33280.0
1.0,qld-sharp-deleted-t1,0.026112971393263074,0.022846711515198015,283,CF-A05-hetero-K9/missing,0,0.023975812341465952,heteroscedastic,sharp,0.0022027107093811615,0,reset,0.03043839514624902,missing,0,75,0.3372395833333333,0.04833984375,1,400,0.29024742109658036,-3.6686057940973926,-2.1402347715233763,0.3465528346472406,2.6949149033314757,3.275992795477536,1.7692574604991183,0.03777091733870968,reused_deleted,2,0.24479343734633544,CF-A05-hetero-K9,1.0,3.0830027000047266,25600.0,640.0,10.0,640.0,25600.0,400.0,975360.0,47104.0,23.0,47104.0,7680.0,400.0,25600.0,215040.0,25600.0
1.0,qld-sharp-crossfit-t1,0.026112971393263074,0.02358441456097382,350,CF-A05-hetero-K9/missing,0,0.023673076932283044,heteroscedastic,sharp,0.02352891079265107,0,reset,0.03043839514624902,missing,0,75,0.4104817708333333,0.0244140625,1,400,0.07643966660598879,-3.280002281773094,-2.1543518862401703,0.15818859416581033,2.254477211229011,2.7965175021274513,1.601565575499717,0.03307711693548387,crossfit,2,0.21208392066601633,CF-A05-hetero-K9,1.0,3.2747633999970276,25600.0,1280.0,20.0,640.0,33280.0,520.0,983040.0,47104.0,23.0,47104.0,7680.0,400.0,25600.0,215040.0,33280.0
1.0,qld-kgrad-crossfit-t1,0.026112971393263074,0.019727450525893753,375,CF-A05-hetero-K9/missing,0,0.02036422264359916,heteroscedastic,kgrad,0.02064535283793023,0,reset,0.03043839514624902,missing,0,75,0.3745659722222222,0.04541015625,1,400,0.02081792216748617,-3.4534915531162995,-2.3943201381505124,0.190638423657989,2.310754569363911,3.0285684463173426,1.697526101260751,0.03091922883064516,crossfit,2,0.19101630274930625,CF-A05-hetero-K9,1.0,3.4619721000199206,25600.0,1280.0,20.0,640.0,33280.0,520.0,983040.0,47104.0,23.0,47104.0,7680.0,400.0,25600.0,215040.0,33280.0
1.0,paper-0.5,4.446398579706325,0.015319289182969209,375,CF-A05-hetero-K9/missing,0,0.016321483795463942,heteroscedastic,paper,nan,0,continuous,4.446398579706325,missing,0,100,0.2720269097222222,0.06884765625,1,400,0.19905514024700138,-3.4163683513771974,-2.392850691983837,0.39097406330561446,2.497488547421337,3.517394962562328,1.7440115545907948,0.028792842741935484,reused_masked,1,0.1672163194683825,CF-A05-hetero-K9,0.5,0.6953311999968719,25600.0,1408.0,22.0,1408.0,25600.0,400.0,3276800.0,47104.0,23.0,47104.0,25600.0,400.0,25600.0,0.0,25600.0
1.0,qld-v1,0.024364983951204122,0.020415947861984085,400,CF-A05-hetero-K9/missing,0,0.020415947861984085,heteroscedastic,paper,0.0022448088989919235,0,carry,0.026689685984868428,missing,0,75,0.3882378472222222,0.06005859375,1,400,0.15573169087792507,-3.708099247759036,-2.3003479186707905,0.22581686949860424,2.480105367385323,3.1525304220979495,1.7493323244149255,0.02942288306451613,reused_masked,1,0.19891289219625566,CF-A05-hetero-K9,0.5,0.8861312999797519,25600.0,640.0,10.0,640.0,25600.0,400.0,983040.0,47104.0,23.0,47104.0,7680.0,400.0,25600.0,215040.0,25600.0
1.0,qld-full,0.024364983951204122,0.019061099200151643,400,CF-A05-hetero-K9/missing,0,0.019061099200151643,heteroscedastic,qld,0.00236152911361609,0,carry,0.026689685984868428,missing,0,75,0.3606770833333333,0.05224609375,1,400,0.17661978357070257,-3.49600021658088,-2.167244767484813,0.24663010893453086,2.3994759617175334,3.101087218263081,1.6766624186012768,0.03073021673387097,,1,0.19847526422318396,CF-A05-hetero-K9,,1.030266899993876,25600.0,640.0,10.0,640.0,25600.0,400.0,0.0,47104.0,23.0,47104.0,0.0,400.0,25600.0,307200.0,25600.0
1.0,qld-paper-reset,0.024364983951204122,0.015341475601900356,400,CF-A05-hetero-K9/missing,0,0.015341475601900356,heteroscedastic,paper,0.006338264307627295,0,reset,0.026689685984868428,missing,0,75,0.3521050347222222,0.06103515625,1,400,0.17985920984241188,-3.6804622107796217,-2.241560000531957,0.2886500226700963,2.412378978007265,3.317106546305424,1.7135665841906647,0.027847782258064516,reused_masked,1,0.183773549890443,CF-A05-hetero-K9,0.5,1.2066955999762286,25600.0,640.0,10.0,640.0,25600.0,400.0,983040.0,47104.0,23.0,47104.0,7680.0,400.0,25600.0,215040.0,25600.0
1.0,qld-mean-crossfit-t0.2,0.024364983951204122,0.01763052850369129,375,CF-A05-hetero-K9/missing,0,0.017779575110806745,heteroscedastic,mean,-0.0009634866115808549,0,reset,0.026689685984868428,missing,0,75,0.3130425347222222,0.0654296875,1,400,0.11964013747268487,-3.5763441560996707,-2.3417731552809644,0.19002934026323826,2.5339455138484897,3.3945550293444713,1.7599743059347792,0.028336063508064516,crossfit,1,0.18152766661113895,CF-A05-hetero-K9,0.2,1.3903467999771237,25600.0,1280.0,20.0,640.0,33280.0,520.0,983040.0,47104.0,23.0,47104.0,7680.0,400.0,25600.0,215040.0,33280.0
1.0,qld-sharp-deleted-t0.2,0.024364983951204122,0.017659376990288633,400,CF-A05-hetero-K9/missing,0,0.017659376990288633,heteroscedastic,sharp,0.012119511216936107,0,reset,0.026689685984868428,missing,0,75,0.3401692708333333,0.0478515625,1,400,0.17767085515774755,-3.2942246648804443,-2.2824302469727913,0.28846349759131806,2.4221609693591746,3.251715923712839,1.6758726690848915,0.02783203125,reused_deleted,1,0.17644410548810482,CF-A05-hetero-K9,0.2,1.5706552999909036,25600.0,640.0,10.0,640.0,25600.0,400.0,975360.0,47104.0,23.0,47104.0,7680.0,400.0,25600.0,215040.0,25600.0
1.0,qld-sharp-crossfit-t0.2,0.024364983951204122,0.020621693988701173,375,CF-A05-hetero-K9/missing,0,0.025623037614196376,heteroscedastic,sharp,0.005581727446733797,0,reset,0.026689685984868428,missing,0,75,0.4048394097222222,0.060546875,1,400,0.04495650806977174,-3.4228171722869782,-2.5005396531867192,0.16898455539234503,2.3660768490068116,3.2293715912729106,1.7287610142677348,0.03331338205645161,crossfit,1,0.20584977774957572,CF-A05-hetero-K9,0.2,1.762300000002142,25600.0,1280.0,20.0,640.0,33280.0,520.0,983040.0,47104.0,23.0,47104.0,7680.0,400.0,25600.0,215040.0,33280.0
0.0,qld-kgrad-crossfit-t0.2,0.024364983951204122,0.024364983951204122,250,CF-A05-hetero-K9/missing,0,0.05992121492962599,heteroscedastic,kgrad,0.015904355854706065,0,reset,0.026689685984868428,missing,0,75,0.4585503472222222,0.0,1,400,-0.0995886826483075,-3.2361553828544936,-2.3638313056110483,0.08698348487243313,1.8785362156978787,2.428603334740566,1.5152097484940599,0.054703251008064516,crossfit,1,0.34264854206119233,CF-A05-hetero-K9,0.2,1.9543946999765467,25600.0,1280.0,20.0,640.0,33280.0,520.0,983040.0,47104.0,23.0,47104.0,7680.0,400.0,25600.0,215040.0,33280.0
1.0,qld-mean-crossfit-t0.5,0.024364983951204122,0.0178499496035458,400,CF-A05-hetero-K9/missing,0,0.0178499496035458,heteroscedastic,mean,0.00802670583237175,0,reset,0.026689685984868428,missing,0,75,0.3530815972222222,0.06396484375,1,400,0.06455387865311538,-4.019287172742199,-2.5924080385417767,0.25586619603229077,2.3755042106978235,3.345749740605695,1.809007131828752,0.02909211189516129,crossfit,1,0.1979198906558237,CF-A05-hetero-K9,0.5,2.1241154999879654,25600.0,1280.0,20.0,640.0,33280.0,520.0,983040.0,47104.0,23.0,47104.0,7680.0,400.0,25600.0,215040.0,33280.0
1.0,qld-sharp-deleted-t0.5,0.024364983951204122,0.01882531113000696,375,CF-A05-hetero-K9/missing,0,0.019041119124515893,heteroscedastic,sharp,0.0006497326927559222,0,reset,0.026689685984868428,missing,0,75,0.3384331597222222,0.04931640625,1,400,0.12961410752680327,-3.5274437608857636,-2.2809744791262903,0.2461387688012251,2.2858517113189474,3.2101870546398428,1.644502139104658,0.029926915322580645,reused_deleted,1,0.19856212096684897,CF-A05-hetero-K9,0.5,2.342653400002746,25600.0,640.0,10.0,640.0,25600.0,400.0,975360.0,47104.0,23.0,47104.0,7680.0,400.0,25600.0,215040.0,25600.0
1.0,qld-sharp-crossfit-t0.5,0.024364983951204122,0.017974000565499137,400,CF-A05-hetero-K9/missing,0,0.017974000565499137,heteroscedastic,sharp,0.005348693266124638,0,reset,0.026689685984868428,missing,0,75,0.3550347222222222,0.0712890625,1,400,0.07957901287521611,-4.0814803308265235,-2.6119211420105364,0.28195827658159067,2.4382029221493515,3.4201346914990447,1.8380018934532618,0.02847782258064516,crossfit,1,0.19399425959820568,CF-A05-hetero-K9,0.5,2.5472717999946326,25600.0,1280.0,20.0,640.0,33280.0,520.0,983040.0,47104.0,23.0,47104.0,7680.0,400.0,25600.0,215040.0,33280.0
1.0,qld-kgrad-crossfit-t0.5,0.024364983951204122,0.01824226394146744,350,CF-A05-hetero-K9/missing,0,0.02663598483609486,heteroscedastic,kgrad,0.006644768606747231,0,reset,0.026689685984868428,missing,0,75,0.3872612847222222,0.06787109375,1,400,0.042960688420597505,-3.4717899719039407,-2.514146605058266,0.13582302629833443,2.4222920285841165,3.288730257015209,1.7623914546839852,0.032730594758064516,crossfit,1,0.20588750320139176,CF-A05-hetero-K9,0.5,2.732252099987818,25600.0,1280.0,20.0,640.0,33280.0,520.0,983040.0,47104.0,23.0,47104.0,7680.0,400.0,25600.0,215040.0,33280.0
1.0,qld-mean-crossfit-t1,0.024364983951204122,0.020298851199307633,375,CF-A05-hetero-K9/missing,0,0.02110965930268227,heteroscedastic,mean,0.004590831401136697,0,reset,0.026689685984868428,missing,0,75,0.3862847222222222,0.0498046875,1,400,0.08745889325913658,-3.753397876740292,-2.322816353804135,0.19199478755533872,2.3068047043871394,3.105327760512192,1.6935621615722976,0.031139742943548387,crossfit,1,0.20281487581714588,CF-A05-hetero-K9,1.0,2.925775399984559,25600.0,1280.0,20.0,640.0,33280.0,520.0,983040.0,47104.0,23.0,47104.0,7680.0,400.0,25600.0,215040.0,33280.0
1.0,qld-sharp-deleted-t1,0.024364983951204122,0.02105089975020369,400,CF-A05-hetero-K9/missing,0,0.02105089975020369,heteroscedastic,sharp,0.0013022604971171248,0,reset,0.026689685984868428,missing,0,75,0.4097222222222222,0.052734375,1,400,0.1405996911492795,-3.9247670420319194,-2.1222279097019174,0.21533695426823396,2.348119717148263,3.1300219138235312,1.70733357592552,0.030667212701612902,reused_deleted,1,0.21020573417014884,CF-A05-hetero-K9,1.0,3.1109586999809835,25600.0,640.0,10.0,640.0,25600.0,400.0,975360.0,47104.0,23.0,47104.0,7680.0,400.0,25600.0,215040.0,25600.0
1.0,qld-sharp-crossfit-t1,0.024364983951204122,0.020144847846987668,400,CF-A05-hetero-K9/missing,0,0.020144847846987668,heteroscedastic,sharp,0.0021944872348611533,0,reset,0.026689685984868428,missing,0,75,0.3628472222222222,0.05859375,1,400,0.11763826079073963,-3.6600789145858803,-2.2743530862038353,0.17864647292835745,2.3860979072470663,3.1653157598288337,1.7028836015106643,0.029470136088709676,crossfit,1,0.19084203743697173,CF-A05-hetero-K9,1.0,3.3019800999900326,25600.0,1280.0,20.0,640.0,33280.0,520.0,983040.0,47104.0,23.0,47104.0,7680.0,400.0,25600.0,215040.0,33280.0
1.0,qld-kgrad-crossfit-t1,0.024364983951204122,0.018057625198580007,400,CF-A05-hetero-K9/missing,0,0.018057625198580007,heteroscedastic,kgrad,0.004093559071264963,0,reset,0.026689685984868428,missing,0,75,0.3599175347222222,0.0732421875,1,400,0.13067391259533973,-3.8611525830899245,-2.447186583573679,0.21866348609289887,2.5341024173650637,3.4279559393076227,1.8086353965792057,0.026382938508064516,crossfit,1,0.1781618704073601,CF-A05-hetero-K9,1.0,3.4943435000022873,25600.0,1280.0,20.0,640.0,33280.0,520.0,983040.0,47104.0,23.0,47104.0,7680.0,400.0,25600.0,215040.0,33280.0
1.0,paper-0.5,0.8919414968622745,0.014271844291391167,325,CF-A05-hetero-K9/concentrated,0,0.014807492479147033,heteroscedastic,paper,nan,0,continuous,0.8919414968622745,concentrated,0,50,0.20225694444444442,0.06689453125,0,225,0.15978471108251485,-3.245538842147509,-2.535966149755635,0.2795195761535104,2.764457334258661,3.473133832516972,1.8058570396287614,0.027280745967741934,reused_masked,0,0.15438971695479575,CF-A05-hetero-K9,0.5,0.7063761999888811,25600.0,1408.0,22.0,1408.0,25600.0,400.0,3276800.0,47104.0,23.0,47104.0,25600.0,400.0,25600.0,0.0,25600.0
1.0,qld-v1,0.02262313988368536,0.021607906502920216,350,CF-A05-hetero-K9/concentrated,0,0.022322872792269965,heteroscedastic,paper,0.004680263955478381,0,carry,0.03635038949921077,concentrated,0,75,0.2549913194444444,0.07470703125,1,400,0.12968935399651116,-3.129680388451041,-2.4727451525471973,0.1913676689082814,2.6343900979874073,3.2750902312117445,1.74081772258807,0.028336063508064516,reused_masked,0,0.16481759837580276,CF-A05-hetero-K9,0.5,0.8874716999998782,25600.0,640.0,10.0,640.0,25600.0,400.0,983040.0,47104.0,23.0,47104.0,7680.0,400.0,25600.0,215040.0,25600.0
1.0,qld-full,0.02262313988368536,0.019217203359642276,350,CF-A05-hetero-K9/concentrated,0,0.019478839730057818,heteroscedastic,qld,-0.009747666335810035,0,carry,0.03635038949921077,concentrated,0,75,0.2388237847222222,0.0634765625,0,400,0.12251117299183951,-3.0296512431269838,-2.39354863542517,0.1775996892922621,2.525012204312902,3.164847999003569,1.6689894781737185,0.032384072580645164,,0,0.17399282645814665,CF-A05-hetero-K9,,1.0268233999959193,25600.0,640.0,10.0,640.0,25600.0,400.0,0.0,47104.0,23.0,47104.0,0.0,400.0,25600.0,307200.0,25600.0
1.0,qld-paper-reset,0.02262313988368536,0.015656702629051278,350,CF-A05-hetero-K9/concentrated,0,0.021139305920533147,heteroscedastic,paper,-0.012648160468251346,0,reset,0.03635038949921077,concentrated,0,75,0.23546006944444442,0.068359375,0,325,0.15076053978882,-3.2059863909300863,-2.5369511456863507,0.2411425291104271,2.7119320109854104,3.4050162416429934,1.7672021174674446,0.027406754032258066,reused_masked,0,0.1600561994834403,CF-A05-hetero-K9,0.5,1.2024792000011075,25600.0,640.0,10.0,640.0,25600.0,400.0,983040.0,47104.0,23.0,47104.0,7680.0,400.0,25600.0,215040.0,25600.0
1.0,qld-mean-crossfit-t0.2,0.02262313988368536,0.015134667100255683,375,CF-A05-hetero-K9/concentrated,0,0.016586711914127417,heteroscedastic,mean,-0.010619746856354029,0,reset,0.03635038949921077,concentrated,0,75,0.1384548611111111,0.0712890625,0,325,0.1701342436854041,-3.1625210283473604,-2.4231399142763816,0.2695015716846599,2.64978165241365,3.3488853780252845,1.7220728355342667,0.026193926411290324,crossfit,0,0.14716763833006197,CF-A05-hetero-K9,0.2,1.384059999982128,25600.0,1280.0,20.0,640.0,33280.0,520.0,983040.0,47104.0,23.0,47104.0,7680.0,400.0,25600.0,215040.0,33280.0
1.0,qld-sharp-deleted-t0.2,0.02262313988368536,0.016012902978028265,400,CF-A05-hetero-K9/concentrated,0,0.016012902978028265,heteroscedastic,sharp,-0.012599982589107217,0,reset,0.03635038949921077,concentrated,0,75,0.1794704861111111,0.06689453125,0,300,0.16226071139076742,-3.1757085259801188,-2.4426083464768307,0.24079479488874855,2.666724371411134,3.341634685570394,1.7273552511859878,0.026052167338709676,reused_deleted,0,0.14818139431810984,CF-A05-hetero-K9,0.2,1.566697899979772,25600.0,640.0,10.0,640.0,25600.0,400.0,975360.0,47104.0,23.0,47104.0,7680.0,400.0,25600.0,215040.0,25600.0
1.0,qld-sharp-crossfit-t0.2,0.02262313988368536,0.013129688886222013,375,CF-A05-hetero-K9/concentrated,0,0.015711630519053,heteroscedastic,sharp,-0.012842452751453237,0,reset,0.03635038949921077,concentrated,0,75,0.15299479166666669,0.06640625,0,300,0.16038122184498735,-3.171901097121679,-2.415680461299627,0.2853811197424171,2.6417882237619823,3.340927931815896,1.717889578621384,0.02780052923387097,crossfit,0,0.1499280545562045,CF-A05-hetero-K9,0.2,1.7581653999804985,25600.0,1280.0,20.0,640.0,33280.0,520.0,983040.0,47104.0,23.0,47104.0,7680.0,400.0,25600.0,215040.0,33280.0
1.0,qld-kgrad-crossfit-t0.2,0.02262313988368536,0.019373352635638552,375,CF-A05-hetero-K9/concentrated,0,0.027044579169768213,heteroscedastic,kgrad,-0.014445760204811364,0,reset,0.03635038949921077,concentrated,0,75,0.2144097222222222,0.06982421875,0,375,0.19484584456459597,-3.185041542649949,-2.5256591204913215,0.25933782175158293,2.799859915832566,3.33970859023402,1.79773815882957,0.027926537298387098,crossfit,0,0.16762715959777105,CF-A05-hetero-K9,0.2,1.9551667999767233,25600.0,1280.0,20.0,640.0,33280.0,520.0,983040.0,47104.0,23.0,47104.0,7680.0,400.0,25600.0,215040.0,33280.0
1.0,qld-mean-crossfit-t0.5,0.02262313988368536,0.018310943922467793,350,CF-A05-hetero-K9/concentrated,0,0.026849439899254257,heteroscedastic,mean,-0.009963780491589969,0,reset,0.03635038949921077,concentrated,0,75,0.22764756944444442,0.0654296875,0,375,0.14620019176716967,-3.2593379471867645,-2.6111356935649086,0.24095282498603096,2.7384468743826544,3.451328064860944,1.8150522988568016,0.027973790322580645,crossfit,0,0.16880044557286597,CF-A05-hetero-K9,0.5,2.1584037999855354,25600.0,1280.0,20.0,640.0,33280.0,520.0,983040.0,47104.0,23.0,47104.0,7680.0,400.0,25600.0,215040.0,33280.0
1.0,qld-sharp-deleted-t0.5,0.02262313988368536,0.015998538732944656,350,CF-A05-hetero-K9/concentrated,0,0.021732314169528255,heteroscedastic,sharp,-0.012183631688522434,0,reset,0.03635038949921077,concentrated,0,75,0.23546006944444442,0.0673828125,0,300,0.15764860697153266,-3.205977608022465,-2.5330513570828948,0.24852220469633984,2.722920774799654,3.408501325696938,1.771254141021196,0.027249243951612902,reused_deleted,0,0.1601602215244607,CF-A05-hetero-K9,0.5,2.3683015999849886,25600.0,640.0,10.0,640.0,25600.0,400.0,975360.0,47104.0,23.0,47104.0,7680.0,400.0,25600.0,215040.0,25600.0
1.0,qld-sharp-crossfit-t0.5,0.02262313988368536,0.017950268761994348,350,CF-A05-hetero-K9/concentrated,0,0.026806277055070105,heteroscedastic,sharp,-0.010071446285120578,0,reset,0.03635038949921077,concentrated,0,75,0.22081163194444442,0.06640625,0,375,0.1537898501037112,-3.235698704208773,-2.5943830404368047,0.24616984427692715,2.737254226550154,3.4297121306203797,1.8085888682038862,0.027816280241935484,crossfit,0,0.16616936209195357,CF-A05-hetero-K9,0.5,2.563146799977403,25600.0,1280.0,20.0,640.0,33280.0,520.0,983040.0,47104.0,23.0,47104.0,7680.0,400.0,25600.0,215040.0,33280.0
1.0,qld-kgrad-crossfit-t0.5,0.02262313988368536,0.014624207185359506,375,CF-A05-hetero-K9/concentrated,0,0.01783430465759217,heteroscedastic,kgrad,-0.013555313388469603,0,reset,0.03635038949921077,concentrated,0,75,0.17784288194444442,0.064453125,0,350,0.14199547250919056,-3.2203852931735035,-2.5434176049397013,0.22267188278120492,2.7565580960176796,3.377903061797095,1.7742835404744208,0.025973412298387098,crossfit,0,0.15165176213082357,CF-A05-hetero-K9,0.5,2.7603724999935366,25600.0,1280.0,20.0,640.0,33280.0,520.0,983040.0,47104.0,23.0,47104.0,7680.0,400.0,25600.0,215040.0,33280.0
1.0,qld-mean-crossfit-t1,0.02262313988368536,0.018879253832873255,350,CF-A05-hetero-K9/concentrated,0,0.03091682421433406,heteroscedastic,mean,-0.009592692557238491,0,reset,0.03635038949921077,concentrated,0,75,0.2891710069444444,0.06494140625,1,400,0.09412288661627499,-3.2788675880270786,-2.683532150325513,0.11397235490557686,2.725685680335279,3.3951422363890265,1.8313620727599955,0.03323462701612903,crossfit,0,0.19420076964017904,CF-A05-hetero-K9,1.0,2.9487003999820445,25600.0,1280.0,20.0,640.0,33280.0,520.0,983040.0,47104.0,23.0,47104.0,7680.0,400.0,25600.0,215040.0,33280.0
1.0,qld-sharp-deleted-t1,0.02262313988368536,0.017226311175071896,350,CF-A05-hetero-K9/concentrated,0,0.02258415283290871,heteroscedastic,sharp,-0.011939821870775802,0,reset,0.03635038949921077,concentrated,0,75,0.2774522569444444,0.068359375,1,400,0.12877956410479915,-3.231691424531939,-2.5640205642969067,0.189655653737714,2.697526826961518,3.3828711535040066,1.7669528773900383,0.02965914818548387,reused_deleted,0,0.16957063815009352,CF-A05-hetero-K9,1.0,3.141053200000897,25600.0,640.0,10.0,640.0,25600.0,400.0,975360.0,47104.0,23.0,47104.0,7680.0,400.0,25600.0,215040.0,25600.0
1.0,qld-sharp-crossfit-t1,0.02262313988368536,0.019256254404776074,350,CF-A05-hetero-K9/concentrated,0,0.030361210575513997,heteroscedastic,sharp,-0.009562569620140238,0,reset,0.03635038949921077,concentrated,0,75,0.3047960069444444,0.0654296875,1,400,0.09977326879618267,-3.250080907147122,-2.651984161765505,0.1402537347874792,2.712188166003248,3.3711400912236598,1.8200340425127932,0.03243132560483871,crossfit,0,0.19059966807864961,CF-A05-hetero-K9,1.0,3.339660099998582,25600.0,1280.0,20.0,640.0,33280.0,520.0,983040.0,47104.0,23.0,47104.0,7680.0,400.0,25600.0,215040.0,33280.0
1.0,qld-kgrad-crossfit-t1,0.02262313988368536,0.014195334921691671,375,CF-A05-hetero-K9/concentrated,0,0.02054415827816447,heteroscedastic,kgrad,-0.012024877355752084,0,reset,0.03635038949921077,concentrated,0,75,0.18858506944444442,0.0654296875,0,325,0.15307853560508927,-3.2334330797780675,-2.551691111458005,0.23431229654703126,2.734878959337442,3.4053926646355293,1.7870215002545211,0.026052167338709676,crossfit,0,0.15566394527604926,CF-A05-hetero-K9,1.0,3.530027400003746,25600.0,1280.0,20.0,640.0,33280.0,520.0,983040.0,47104.0,23.0,47104.0,7680.0,400.0,25600.0,215040.0,33280.0
1.0,paper-0.5,0.7664906817154624,0.014110146548797164,225,CF-A05-hetero-K9/concentrated,0,0.022453818630673972,heteroscedastic,paper,nan,0,continuous,0.7664906817154624,concentrated,0,50,0.146484375,0.06982421875,0,100,0.17850144158156975,-3.0741939161820255,-2.4639538091732485,0.3674712251918616,2.777506241794382,3.2892237570432825,1.7578305454831156,0.026414440524193547,reused_masked,1,0.1474923253278726,CF-A05-hetero-K9,0.5,0.70921809997526,25600.0,1408.0,22.0,1408.0,25600.0,400.0,3276800.0,47104.0,23.0,47104.0,25600.0,400.0,25600.0,0.0,25600.0
1.0,qld-v1,0.01663282736780758,0.01663282736780758,225,CF-A05-hetero-K9/concentrated,0,0.029272607890193925,heteroscedastic,paper,0.0064345134753445166,0,carry,0.027602321358513482,concentrated,0,50,0.2378472222222222,0.06640625,0,275,0.21050764107688405,-3.115359526959047,-2.4014179831309934,0.233075655975854,2.7897081511680697,3.279912864703014,1.7613541085063227,0.029359879032258066,reused_masked,1,0.18756843865313963,CF-A05-hetero-K9,0.5,0.8779415999888442,25600.0,640.0,10.0,640.0,25600.0,400.0,983040.0,47104.0,23.0,47104.0,7680.0,400.0,25600.0,215040.0,25600.0
1.0,qld-full,0.01663282736780758,0.01663282736780758,225,CF-A05-hetero-K9/concentrated,0,0.023556660871361323,heteroscedastic,qld,0.008853939352809093,0,carry,0.027602321358513482,concentrated,0,50,0.22200520833333331,0.05078125,0,275,0.15067892661306362,-2.962137748936549,-2.327264544762564,0.1765965255495539,2.6059045333895834,3.084095100068072,1.6734365998636413,0.028871597782258066,,1,0.17887978363224782,CF-A05-hetero-K9,,1.024455599981593,25600.0,640.0,10.0,640.0,25600.0,400.0,0.0,47104.0,23.0,47104.0,0.0,400.0,25600.0,307200.0,25600.0
1.0,qld-paper-reset,0.01663282736780758,0.01663282736780758,225,CF-A05-hetero-K9/concentrated,0,0.023103237874738003,heteroscedastic,paper,0.021639973170572535,0,reset,0.027602321358513482,concentrated,0,50,0.1750217013888889,0.07080078125,0,275,0.16985386971514296,-3.145324457083749,-2.4730579575135754,0.15300906234174635,2.7706550324245787,3.325422644615149,1.7602573229258605,0.026115171370967742,reused_masked,1,0.1668571251368265,CF-A05-hetero-K9,0.5,1.2005257999990135,25600.0,640.0,10.0,640.0,25600.0,400.0,983040.0,47104.0,23.0,47104.0,7680.0,400.0,25600.0,215040.0,25600.0
1.0,qld-mean-crossfit-t0.2,0.01663282736780758,0.01663282736780758,225,CF-A05-hetero-K9/concentrated,0,0.026803765256997014,heteroscedastic,mean,0.016429976067874552,0,reset,0.027602321358513482,concentrated,0,50,0.1584201388888889,0.0654296875,0,275,0.24151716202605472,-3.1088443948956472,-2.385167504191046,0.2983242630723052,2.837508498204498,3.274342667046089,1.7331583340551386,0.03369140625,crossfit,1,0.19914849127018197,CF-A05-hetero-K9,0.2,1.3762843000004068,25600.0,1280.0,20.0,640.0,33280.0,520.0,983040.0,47104.0,23.0,47104.0,7680.0,400.0,25600.0,215040.0,33280.0
1.0,qld-sharp-deleted-t0.2,0.01663282736780758,0.01663282736780758,225,CF-A05-hetero-K9/concentrated,0,0.023780107666988126,heteroscedastic,sharp,0.017186145203921033,0,reset,0.027602321358513482,concentrated,0,50,0.1759982638888889,0.068359375,0,275,0.21196436505441563,-3.121054772788936,-2.4651884001628117,0.24169761088920766,2.8527878608134674,3.2865225424464595,1.7613439069807544,0.031643775201612906,reused_deleted,1,0.18753140779814448,CF-A05-hetero-K9,0.2,1.5518255999777466,25600.0,640.0,10.0,640.0,25600.0,400.0,975360.0,47104.0,23.0,47104.0,7680.0,400.0,25600.0,215040.0,25600.0
1.0,qld-sharp-crossfit-t0.2,0.01663282736780758,0.01663282736780758,225,CF-A05-hetero-K9/concentrated,0,0.027975707421467266,heteroscedastic,sharp,0.01964228439610105,0,reset,0.027602321358513482,concentrated,0,50,0.1730685763888889,0.068359375,0,275,0.21682445632671668,-3.1717920359008596,-2.447914702816646,0.28746009492422775,2.884680323818919,3.3149579370791376,1.785475384707609,0.030777469758064516,crossfit,1,0.1865961996009536,CF-A05-hetero-K9,0.2,1.745118899998488,25600.0,1280.0,20.0,640.0,33280.0,520.0,983040.0,47104.0,23.0,47104.0,7680.0,400.0,25600.0,215040.0,33280.0
1.0,qld-kgrad-crossfit-t0.2,0.01663282736780758,0.01663282736780758,225,CF-A05-hetero-K9/concentrated,0,0.01739046442985659,heteroscedastic,kgrad,0.021009576002102737,0,reset,0.027602321358513482,concentrated,0,50,0.1863064236111111,0.0654296875,0,275,0.12173644145123702,-3.1727095307907898,-2.3552197898033054,0.0936644157001886,2.713536511010867,3.287907502618586,1.6976146600135862,0.02958039314516129,crossfit,1,0.17722304020163446,CF-A05-hetero-K9,0.2,1.925299399998039,25600.0,1280.0,20.0,640.0,33280.0,520.0,983040.0,47104.0,23.0,47104.0,7680.0,400.0,25600.0,215040.0,33280.0
1.0,qld-mean-crossfit-t0.5,0.01663282736780758,0.01663282736780758,225,CF-A05-hetero-K9/concentrated,0,0.02061288118630511,heteroscedastic,mean,0.01646060465346455,0,reset,0.027602321358513482,concentrated,0,50,0.19346788194444442,0.056640625,0,275,0.17600587013272617,-3.0499132050770403,-2.3315162595092973,0.1939770400981536,2.628474359327817,3.2150968821210943,1.670820224501533,0.028950352822580645,crossfit,1,0.17864534964355666,CF-A05-hetero-K9,0.5,2.10094449997996,25600.0,1280.0,20.0,640.0,33280.0,520.0,983040.0,47104.0,23.0,47104.0,7680.0,400.0,25600.0,215040.0,33280.0
1.0,qld-sharp-deleted-t0.5,0.01663282736780758,0.01663282736780758,225,CF-A05-hetero-K9/concentrated,0,0.022487637008313577,heteroscedastic,sharp,0.019194056510088764,0,reset,0.027602321358513482,concentrated,0,50,0.1769748263888889,0.0693359375,0,275,0.17828000488080856,-3.1211518702959995,-2.4398498336270427,0.16770995895290453,2.740552763661444,3.30128368695726,1.7444821676956828,0.02713898689516129,reused_deleted,1,0.17014177772883296,CF-A05-hetero-K9,0.5,2.281989799987059,25600.0,640.0,10.0,640.0,25600.0,400.0,975360.0,47104.0,23.0,47104.0,7680.0,400.0,25600.0,215040.0,25600.0
1.0,qld-sharp-crossfit-t0.5,0.01663282736780758,0.01663282736780758,225,CF-A05-hetero-K9/concentrated,0,0.02175281817152408,heteroscedastic,sharp,0.017561362581164808,0,reset,0.027602321358513482,concentrated,0,50,0.19911024305555552,0.0546875,0,275,0.19076016222040554,-3.0374676631532256,-2.3374655299113676,0.2181185137699017,2.657527094556005,3.2056863818337,1.6723916131393906,0.029611895161290324,crossfit,1,0.1826440494887621,CF-A05-hetero-K9,0.5,2.4645195999764837,25600.0,1280.0,20.0,640.0,33280.0,520.0,983040.0,47104.0,23.0,47104.0,7680.0,400.0,25600.0,215040.0,33280.0
1.0,qld-kgrad-crossfit-t0.5,0.01663282736780758,0.01663282736780758,225,CF-A05-hetero-K9/concentrated,0,0.021668027152550007,heteroscedastic,kgrad,0.019996495639032386,0,reset,0.027602321358513482,concentrated,0,50,0.1808810763888889,0.06982421875,0,275,0.17953617586062443,-3.1190637622346746,-2.490655282834724,0.1960125933607758,2.7787407291104813,3.2407450922483707,1.7471175945714448,0.029485887096774195,crossfit,1,0.17455496947619198,CF-A05-hetero-K9,0.5,2.6444205999723636,25600.0,1280.0,20.0,640.0,33280.0,520.0,983040.0,47104.0,23.0,47104.0,7680.0,400.0,25600.0,215040.0,33280.0
1.0,qld-mean-crossfit-t1,0.01663282736780758,0.01663282736780758,225,CF-A05-hetero-K9/concentrated,0,0.02178850878986771,heteroscedastic,mean,0.014075910225012311,0,reset,0.027602321358513482,concentrated,0,50,0.21961805555555552,0.04931640625,0,275,0.18311457097862266,-3.0026941084869634,-2.2534951204622913,0.22309992651355282,2.5609108777707443,3.1522993981617997,1.632888012794197,0.030824722782258066,crossfit,1,0.19525816175873872,CF-A05-hetero-K9,1.0,2.8212372999987565,25600.0,1280.0,20.0,640.0,33280.0,520.0,983040.0,47104.0,23.0,47104.0,7680.0,400.0,25600.0,215040.0,33280.0
1.0,qld-sharp-deleted-t1,0.01663282736780758,0.01663282736780758,225,CF-A05-hetero-K9/concentrated,0,0.024128854110612608,heteroscedastic,sharp,0.018887312621873154,0,reset,0.027602321358513482,concentrated,0,50,0.21202256944444442,0.0703125,0,275,0.15101285837883527,-3.150768847200274,-2.4923348546593225,0.18415309565949262,2.749583340640343,3.2821214841252453,1.7626696923293135,0.02639868951612903,reused_deleted,1,0.1624770574797107,CF-A05-hetero-K9,1.0,3.004442299978109,25600.0,640.0,10.0,640.0,25600.0,400.0,975360.0,47104.0,23.0,47104.0,7680.0,400.0,25600.0,215040.0,25600.0
1.0,qld-sharp-crossfit-t1,0.01663282736780758,0.01663282736780758,225,CF-A05-hetero-K9/concentrated,0,0.022300487800541946,heteroscedastic,sharp,0.015452388371553383,0,reset,0.027602321358513482,concentrated,0,50,0.21668836805555552,0.04736328125,0,275,0.1928110259861489,-3.0002459955175,-2.262120251481172,0.24036315997906677,2.6034006307324713,3.148572958932736,1.6379532249585973,0.031265751008064516,crossfit,1,0.19595296776326382,CF-A05-hetero-K9,1.0,3.202077999972971,25600.0,1280.0,20.0,640.0,33280.0,520.0,983040.0,47104.0,23.0,47104.0,7680.0,400.0,25600.0,215040.0,33280.0
1.0,qld-kgrad-crossfit-t1,0.01663282736780758,0.01663282736780758,225,CF-A05-hetero-K9/concentrated,0,0.02329117497493849,heteroscedastic,kgrad,0.02016012811579282,0,reset,0.027602321358513482,concentrated,0,50,0.1638454861111111,0.05810546875,0,275,0.2033040292241411,-3.0525318642249752,-2.3569119641781886,0.24067284201334987,2.7155112086753843,3.1940353513462814,1.6990310435954852,0.02962764616935484,crossfit,1,0.18126807233614847,CF-A05-hetero-K9,1.0,3.3903105999925174,25600.0,1280.0,20.0,640.0,33280.0,520.0,983040.0,47104.0,23.0,47104.0,7680.0,400.0,25600.0,215040.0,33280.0
1.0,paper-0.5,0.8653122291708348,0.009680148775717212,175,CF-A05-hetero-K9/concentrated,0,0.009814211400363648,heteroscedastic,paper,nan,0,continuous,0.8653122291708348,concentrated,0,50,0.1748046875,0.06982421875,0,150,0.2049056165136831,-3.1470406545306764,-2.438403105858493,0.3660868673728372,2.7055861387180893,3.33802649150511,1.7332750920509914,0.027280745967741934,reused_masked,2,0.14251709699415616,CF-A05-hetero-K9,0.5,0.6858117000083439,25600.0,1408.0,22.0,1408.0,25600.0,400.0,3276800.0,47104.0,23.0,47104.0,25600.0,400.0,25600.0,0.0,25600.0
1.0,qld-v1,0.017376313525412135,0.01417671755624128,400,CF-A05-hetero-K9/concentrated,0,0.01417671755624128,heteroscedastic,paper,-0.0010096599734781275,0,carry,0.017376313525412135,concentrated,0,75,0.2913411458333333,0.05224609375,1,400,0.22079614237087553,-3.074323094749872,-2.2783161878849247,0.24654091949374204,2.651838013508541,3.2304275468761254,1.6990862569051706,0.029391381048387098,reused_masked,2,0.1742946135744527,CF-A05-hetero-K9,0.5,0.8588180000078864,25600.0,640.0,10.0,640.0,25600.0,400.0,983040.0,47104.0,23.0,47104.0,7680.0,400.0,25600.0,215040.0,25600.0
1.0,qld-full,0.017376313525412135,0.0141061713054762,400,CF-A05-hetero-K9/concentrated,0,0.0141061713054762,heteroscedastic,qld,-0.0011416950388727365,0,carry,0.017376313525412135,concentrated,0,75,0.2991536458333333,0.048828125,1,400,0.19833217697848404,-3.027043904777996,-2.2861034414029757,0.25453758888079103,2.596695877345312,3.151432515339081,1.6809693910815666,0.02884009576612903,,2,0.17351255693376064,CF-A05-hetero-K9,,1.0103033000195865,25600.0,640.0,10.0,640.0,25600.0,400.0,0.0,47104.0,23.0,47104.0,0.0,400.0,25600.0,307200.0,25600.0
1.0,qld-paper-reset,0.017376313525412135,0.010703231082799691,400,CF-A05-hetero-K9/concentrated,0,0.010703231082799691,heteroscedastic,paper,-0.0008124097364041738,0,reset,0.017376313525412135,concentrated,0,75,0.2427300347222222,0.06201171875,0,400,0.19704480838858288,-3.1439026363989377,-2.3506791349070637,0.30595460353342663,2.624260782707964,3.337799665497841,1.7214072053835725,0.02665070564516129,reused_masked,2,0.1527723941857962,CF-A05-hetero-K9,0.5,1.1802478000172414,25600.0,640.0,10.0,640.0,25600.0,400.0,983040.0,47104.0,23.0,47104.0,7680.0,400.0,25600.0,215040.0,25600.0
1.0,qld-mean-crossfit-t0.2,0.017376313525412135,0.010106659235372906,400,CF-A05-hetero-K9/concentrated,0,0.010106659235372906,heteroscedastic,mean,-0.0024493882110840914,0,reset,0.017376313525412135,concentrated,0,75,0.1421440972222222,0.05029296875,0,325,0.2727615682214285,-3.091805695122812,-2.1895085151676374,0.38351733131969196,2.690130351865708,3.34042907937777,1.6806175199186106,0.033203125,crossfit,2,0.17692221476485528,CF-A05-hetero-K9,0.2,1.3540314999991097,25600.0,1280.0,20.0,640.0,33280.0,520.0,983040.0,47104.0,23.0,47104.0,7680.0,400.0,25600.0,215040.0,33280.0
1.0,qld-sharp-deleted-t0.2,0.017376313525412135,0.009516576766860352,400,CF-A05-hetero-K9/concentrated,0,0.009516576766860352,heteroscedastic,sharp,0.0011399148082587018,0,reset,0.017376313525412135,concentrated,0,75,0.18565538194444442,0.05810546875,0,375,0.2502014633238998,-3.155118294221662,-2.2948144400857355,0.362606561038356,2.719966007483386,3.3846397734016267,1.7254134165271449,0.029769405241935484,reused_deleted,2,0.1621587992687555,CF-A05-hetero-K9,0.2,1.5402670000039507,25600.0,640.0,10.0,640.0,25600.0,400.0,975360.0,47104.0,23.0,47104.0,7680.0,400.0,25600.0,215040.0,25600.0
1.0,qld-sharp-crossfit-t0.2,0.017376313525412135,0.01035307860505763,400,CF-A05-hetero-K9/concentrated,0,0.01035307860505763,heteroscedastic,sharp,-0.002200806979262282,0,reset,0.017376313525412135,concentrated,0,75,0.15342881944444442,0.0615234375,0,350,0.2327564257960795,-3.155079880414366,-2.3228274737952277,0.33874582837253614,2.7637085568692883,3.353946717477967,1.7413109906556985,0.029029107862903226,crossfit,2,0.15386031581602047,CF-A05-hetero-K9,0.2,1.7254112999944482,25600.0,1280.0,20.0,640.0,33280.0,520.0,983040.0,47104.0,23.0,47104.0,7680.0,400.0,25600.0,215040.0,33280.0
1.0,qld-kgrad-crossfit-t0.2,0.017376313525412135,0.01182376470554547,350,CF-A05-hetero-K9/concentrated,0,0.019295278231002078,heteroscedastic,kgrad,-5.7893329641345304e-05,0,reset,0.017376313525412135,concentrated,0,75,0.26171875,0.04345703125,0,325,0.14029259437120012,-3.122182168457981,-2.010295618095776,0.24139348252260026,2.370101107731193,3.205046837180178,1.55187314987466,0.03365990423387097,crossfit,2,0.2206511158280272,CF-A05-hetero-K9,0.2,1.9029103000066243,25600.0,1280.0,20.0,640.0,33280.0,520.0,983040.0,47104.0,23.0,47104.0,7680.0,400.0,25600.0,215040.0,33280.0
1.0,qld-mean-crossfit-t0.5,0.017376313525412135,0.012774117797949236,350,CF-A05-hetero-K9/concentrated,0,0.013871382105733021,heteroscedastic,mean,-0.0009479280184778727,0,reset,0.017376313525412135,concentrated,0,75,0.2718098958333333,0.044921875,1,400,0.21841829849674765,-3.022369669852154,-2.186551276186519,0.2826895888978159,2.502995344486049,3.2415885634581447,1.6423577120849437,0.03112399193548387,crossfit,2,0.18765823380847343,CF-A05-hetero-K9,0.5,2.0790374999924097,25600.0,1280.0,20.0,640.0,33280.0,520.0,983040.0,47104.0,23.0,47104.0,7680.0,400.0,25600.0,215040.0,33280.0
1.0,qld-sharp-deleted-t0.5,0.017376313525412135,0.011697317022813847,400,CF-A05-hetero-K9/concentrated,0,0.011697317022813847,heteroscedastic,sharp,0.0009339855620451587,0,reset,0.017376313525412135,concentrated,0,75,0.2612847222222222,0.06201171875,0,350,0.2126419923875608,-3.1720274083276183,-2.3679231183380987,0.30467424585406466,2.647125949588837,3.345671452079518,1.730464471921373,0.027075982862903226,reused_deleted,2,0.1583674523639543,CF-A05-hetero-K9,0.5,2.2549325000145473,25600.0,640.0,10.0,640.0,25600.0,400.0,975360.0,47104.0,23.0,47104.0,7680.0,400.0,25600.0,215040.0,25600.0
1.0,qld-sharp-crossfit-t0.5,0.017376313525412135,0.012663726937512498,350,CF-A05-hetero-K9/concentrated,0,0.014007604574411081,heteroscedastic,sharp,-0.001868165800560817,0,reset,0.017376313525412135,concentrated,0,75,0.2825520833333333,0.044921875,1,400,0.21019549989730124,-3.0238327920048578,-2.1895105620022255,0.26994030527408264,2.502942170501416,3.221365999091144,1.647693196706381,0.031076738911290324,crossfit,2,0.18528454644131875,CF-A05-hetero-K9,0.5,2.4405912999936845,25600.0,1280.0,20.0,640.0,33280.0,520.0,983040.0,47104.0,23.0,47104.0,7680.0,400.0,25600.0,215040.0,33280.0
1.0,qld-kgrad-crossfit-t0.5,0.017376313525412135,0.01060706376081888,400,CF-A05-hetero-K9/concentrated,0,0.01060706376081888,heteroscedastic,kgrad,-0.0019667482714016415,0,reset,0.017376313525412135,concentrated,0,75,0.21202256944444442,0.0712890625,0,350,0.22261714444658048,-3.2040570544127083,-2.4217896701957224,0.3458302249009645,2.783167335045514,3.354880995773594,1.7811138724166473,0.026477444556451613,crossfit,2,0.15148719944863118,CF-A05-hetero-K9,0.5,2.6214428000093903,25600.0,1280.0,20.0,640.0,33280.0,520.0,983040.0,47104.0,23.0,47104.0,7680.0,400.0,25600.0,215040.0,33280.0
1.0,qld-mean-crossfit-t1,0.017376313525412135,0.014263990327973763,375,CF-A05-hetero-K9/concentrated,0,0.015659203149778422,heteroscedastic,mean,0.002418677607771702,0,reset,0.017376313525412135,concentrated,0,75,0.2952473958333333,0.04052734375,1,400,0.2051263247942246,-2.9871732613736235,-2.1647647412706794,0.2327143194871496,2.4836204400440156,3.1299339043388534,1.6261789568217264,0.031958795362903226,crossfit,2,0.19588487018458914,CF-A05-hetero-K9,1.0,2.8069842999975663,25600.0,1280.0,20.0,640.0,33280.0,520.0,983040.0,47104.0,23.0,47104.0,7680.0,400.0,25600.0,215040.0,33280.0
1.0,qld-sharp-deleted-t1,0.017376313525412135,0.012918921430256525,400,CF-A05-hetero-K9/concentrated,0,0.012918921430256525,heteroscedastic,sharp,-0.0005210431277524741,0,reset,0.017376313525412135,concentrated,0,75,0.2720269097222222,0.060546875,1,400,0.2135398171662009,-3.1522184375909106,-2.342986640819631,0.2525108117624909,2.662907369248191,3.2794280319946574,1.7237304828436728,0.027564264112903226,reused_deleted,2,0.16324561270415347,CF-A05-hetero-K9,1.0,2.99465280000004,25600.0,640.0,10.0,640.0,25600.0,400.0,975360.0,47104.0,23.0,47104.0,7680.0,400.0,25600.0,215040.0,25600.0
1.0,qld-sharp-crossfit-t1,0.017376313525412135,0.014175096433620915,375,CF-A05-hetero-K9/concentrated,0,0.015416889964061653,heteroscedastic,sharp,0.0006382643052387227,0,reset,0.017376313525412135,concentrated,0,75,0.2854817708333333,0.041015625,1,400,0.20653305143446044,-2.9864114159872277,-2.1449821724265763,0.24579364725745137,2.4989733928983915,3.128113306408468,1.6336711666509256,0.03170677923387097,crossfit,2,0.19431368587831796,CF-A05-hetero-K9,1.0,3.189555899996776,25600.0,1280.0,20.0,640.0,33280.0,520.0,983040.0,47104.0,23.0,47104.0,7680.0,400.0,25600.0,215040.0,33280.0
1.0,qld-kgrad-crossfit-t1,0.017376313525412135,0.011880092060465364,375,CF-A05-hetero-K9/concentrated,0,0.012811037036194017,heteroscedastic,kgrad,-0.0015691434229667678,0,reset,0.017376313525412135,concentrated,0,75,0.17762586805555552,0.048828125,0,350,0.17699385018343688,-3.018151308300444,-2.2166248973918616,0.2545099830418624,2.5256637875607924,3.191203234311928,1.6367035616445345,0.030257686491935484,crossfit,2,0.17170116941066185,CF-A05-hetero-K9,1.0,3.386242000007769,25600.0,1280.0,20.0,640.0,33280.0,520.0,983040.0,47104.0,23.0,47104.0,7680.0,400.0,25600.0,215040.0,33280.0
1.0,paper-0.5,0.8783440837811491,0.0028112925343622974,350,CF-A06-overlap-K7/missing,0,0.008874728278845168,overlap,paper,nan,0,continuous,0.8783440837811491,missing,0,50,0.083984375,0.0458984375,0,50,-0.023959269488557387,-1.0262088740871853,-0.5727671895317213,-0.025233157060780054,0.5295840126223821,0.8312505233214615,0.4183140023211807,0.021657636088709676,reused_masked,0,0.04344120393889602,CF-A06-overlap-K7,0.5,0.6795608999964315,25600.0,1408.0,22.0,1408.0,25600.0,400.0,3276800.0,47104.0,23.0,47104.0,25600.0,400.0,25600.0,0.0,25600.0
1.0,qld-v1,0.003347859226273453,0.003347859226273453,125,CF-A06-overlap-K7/missing,0,0.005942439906791996,overlap,paper,0.0013468873678716964,0,carry,0.005546214443574726,missing,0,50,0.0859375,0.06787109375,0,50,-0.005345887405527013,-1.0171588144981665,-0.6091772070414504,-0.004516202528684232,0.5937724979518372,0.8759529441314218,0.4500120070135068,0.0077967489919354835,reused_masked,0,0.01743843010238535,CF-A06-overlap-K7,0.5,0.8544188000087161,25600.0,640.0,10.0,640.0,25600.0,400.0,983040.0,47104.0,23.0,47104.0,7680.0,400.0,25600.0,215040.0,25600.0
1.0,qld-full,0.003347859226273453,0.0028239359383863682,350,CF-A06-overlap-K7/missing,0,0.007656907736174001,overlap,qld,0.009968868240928241,0,carry,0.005546214443574726,missing,0,50,0.080078125,0.04541015625,0,50,-0.01956531938167573,-0.9225806612436998,-0.5794973897090704,-0.02636870341310177,0.5354368477705987,0.8101128901617755,0.4143600435217848,0.016507056451612902,,0,0.03865594832086049,CF-A06-overlap-K7,,1.0025351000076625,25600.0,640.0,10.0,640.0,25600.0,400.0,0.0,47104.0,23.0,47104.0,0.0,400.0,25600.0,307200.0,25600.0
1.0,qld-paper-reset,0.003347859226273453,0.003002865409421851,350,CF-A06-overlap-K7/missing,0,0.00817472314903922,overlap,paper,0.02133505098506483,0,reset,0.005546214443574726,missing,0,50,0.078125,0.046875,0,50,-0.02171315461697819,-0.9832469635913647,-0.5780855589453675,-0.02641646684340665,0.5371718210718748,0.8197125678925977,0.41737232489838366,0.018412928427419355,reused_masked,0,0.03990241024216876,CF-A06-overlap-K7,0.5,1.1743340000102762,25600.0,640.0,10.0,640.0,25600.0,400.0,983040.0,47104.0,23.0,47104.0,7680.0,400.0,25600.0,215040.0,25600.0
1.0,qld-mean-crossfit-t0.2,0.003347859226273453,0.003178599300101226,375,CF-A06-overlap-K7/missing,0,0.00860262849731519,overlap,mean,0.018730020195169228,0,reset,0.005546214443574726,missing,0,50,0.1298828125,0.02490234375,0,50,-0.07918123169059252,-1.0483127959983363,-0.6516668869198289,-0.06772252204627066,0.4690178543646029,0.7528349875633802,0.4192433634372027,0.041834677419354836,crossfit,0,0.07182367767302307,CF-A06-overlap-K7,0.2,1.3496248000010382,25600.0,1280.0,20.0,640.0,33280.0,520.0,983040.0,47104.0,23.0,47104.0,7680.0,400.0,25600.0,215040.0,33280.0
1.0,qld-sharp-deleted-t0.2,0.003347859226273453,0.002695710124601014,350,CF-A06-overlap-K7/missing,0,0.009877062000785752,overlap,sharp,0.02293214059730464,0,reset,0.005546214443574726,missing,0,50,0.1171875,0.0400390625,0,50,-0.02638403075684957,-0.9810447643029019,-0.5660892800762661,-0.025658039597125037,0.5162772001491931,0.8166587482467224,0.4079419499222576,0.02457157258064516,reused_deleted,0,0.05052417743824699,CF-A06-overlap-K7,0.2,1.5359091999998782,25600.0,640.0,10.0,640.0,25600.0,400.0,975360.0,47104.0,23.0,47104.0,7680.0,400.0,25600.0,215040.0,25600.0
1.0,qld-sharp-crossfit-t0.2,0.003347859226273453,0.002842654702058356,375,CF-A06-overlap-K7/missing,0,0.007824353561233788,overlap,sharp,0.016750387070941564,0,reset,0.005546214443574726,missing,0,50,0.142578125,0.02880859375,0,50,-0.0748075704846638,-1.0626115020713705,-0.6549440802438286,-0.05933496454214815,0.47538854279580595,0.7689831193564182,0.42206754573642624,0.03959803427419355,crossfit,0,0.06767066152021474,CF-A06-overlap-K7,0.2,1.721993899991503,25600.0,1280.0,20.0,640.0,33280.0,520.0,983040.0,47104.0,23.0,47104.0,7680.0,400.0,25600.0,215040.0,33280.0
1.0,qld-kgrad-crossfit-t0.2,0.003347859226273453,0.0029077940500195076,375,CF-A06-overlap-K7/missing,0,0.0076862372899273446,overlap,kgrad,0.015475012314935532,0,reset,0.005546214443574726,missing,0,50,0.1064453125,0.037109375,0,50,-0.049520938415450674,-1.0446791338933057,-0.6112975617717605,-0.04033500710954985,0.5071270867978507,0.8004494460130257,0.42204814350122627,0.025075604838709676,crossfit,0,0.04659578223686048,CF-A06-overlap-K7,0.2,1.898410399997374,25600.0,1280.0,20.0,640.0,33280.0,520.0,983040.0,47104.0,23.0,47104.0,7680.0,400.0,25600.0,215040.0,33280.0
1.0,qld-mean-crossfit-t0.5,0.003347859226273453,0.003347859226273453,125,CF-A06-overlap-K7/missing,0,0.013826013488190458,overlap,mean,0.02130804307944012,0,reset,0.005546214443574726,missing,0,50,0.193359375,0.0029296875,0,50,-0.09299753552059681,-0.9573467993634718,-0.6634164137413439,-0.05097130015462792,0.4026453477952243,0.637464751166074,0.39470412858373294,0.04991494455645161,crossfit,0,0.08908306944216021,CF-A06-overlap-K7,0.5,2.0747414999932516,25600.0,1280.0,20.0,640.0,33280.0,520.0,983040.0,47104.0,23.0,47104.0,7680.0,400.0,25600.0,215040.0,33280.0
1.0,qld-sharp-deleted-t0.5,0.003347859226273453,0.0028300366858688975,350,CF-A06-overlap-K7/missing,0,0.008123230507156465,overlap,sharp,0.02097110269889335,0,reset,0.005546214443574726,missing,0,50,0.07421875,0.04736328125,0,50,-0.023254519225765578,-0.9888422286348011,-0.5766904379039633,-0.027017080211816813,0.5371224899847801,0.8225786232911472,0.41753645653372473,0.01904296875,reused_deleted,0,0.04064127896788994,CF-A06-overlap-K7,0.5,2.249881700001424,25600.0,640.0,10.0,640.0,25600.0,400.0,975360.0,47104.0,23.0,47104.0,7680.0,400.0,25600.0,215040.0,25600.0
1.0,qld-sharp-crossfit-t0.5,0.003347859226273453,0.003217042150482019,375,CF-A06-overlap-K7/missing,0,0.010632754638661868,overlap,sharp,0.018512709121190074,0,reset,0.005546214443574726,missing,0,50,0.2216796875,0.0126953125,0,50,-0.08484684989239483,-0.9984399008124011,-0.6958888301272754,-0.03357686147592254,0.4419620837719692,0.6858072759972312,0.4201537356504781,0.04164566532258065,crossfit,0,0.07800353405094251,CF-A06-overlap-K7,0.5,2.4411293000157457,25600.0,1280.0,20.0,640.0,33280.0,520.0,983040.0,47104.0,23.0,47104.0,7680.0,400.0,25600.0,215040.0,33280.0
1.0,qld-kgrad-crossfit-t0.5,0.003347859226273453,0.0025709707011354332,375,CF-A06-overlap-K7/missing,0,0.007693827102272399,overlap,kgrad,0.015005104870928654,0,reset,0.005546214443574726,missing,0,50,0.1435546875,0.02783203125,0,50,-0.07487993655824976,-1.0536712504063221,-0.6579892553919159,-0.053713557002072365,0.4744327042992056,0.7693334762753327,0.4227330506792973,0.039330267137096774,crossfit,0,0.0678468791629739,CF-A06-overlap-K7,0.5,2.624796599993715,25600.0,1280.0,20.0,640.0,33280.0,520.0,983040.0,47104.0,23.0,47104.0,7680.0,400.0,25600.0,215040.0,33280.0
1.0,qld-mean-crossfit-t1,0.003347859226273453,0.003347859226273453,125,CF-A06-overlap-K7/missing,0,0.01592595009868214,overlap,mean,0.02264501878579428,0,reset,0.005546214443574726,missing,0,50,0.29296875,0.0009765625,0,50,-0.09334468292645527,-0.9571451919055743,-0.6856256906824564,-0.027164452705876696,0.3898637625535884,0.5798754942706765,0.40119401747263633,0.04594569052419355,crossfit,0,0.08804687448695335,CF-A06-overlap-K7,1.0,2.811543299991172,25600.0,1280.0,20.0,640.0,33280.0,520.0,983040.0,47104.0,23.0,47104.0,7680.0,400.0,25600.0,215040.0,33280.0
1.0,qld-sharp-deleted-t1,0.003347859226273453,0.0027787055592063403,350,CF-A06-overlap-K7/missing,0,0.007099549353685175,overlap,sharp,0.017355228344268392,0,reset,0.005546214443574726,missing,0,50,0.0703125,0.05078125,0,50,-0.0225476994915017,-1.001136310874947,-0.586839380251543,-0.027235273622711942,0.5495151143389198,0.8342620975518416,0.42524907851511284,0.015388734879032258,reused_deleted,0,0.03385912906060199,CF-A06-overlap-K7,1.0,2.9973846999928355,25600.0,640.0,10.0,640.0,25600.0,400.0,975360.0,47104.0,23.0,47104.0,7680.0,400.0,25600.0,215040.0,25600.0
1.0,qld-sharp-crossfit-t1,0.003347859226273453,0.003347859226273453,125,CF-A06-overlap-K7/missing,0,0.013603849162928783,overlap,sharp,0.020099689363760498,0,reset,0.005546214443574726,missing,0,50,0.30078125,0.00341796875,0,50,-0.08476908736812228,-1.0194848674669796,-0.7287337230587155,-0.009388588475041926,0.44189926188147016,0.6288586892763062,0.43619440665352954,0.036526587701612906,crossfit,0,0.0773330995074121,CF-A06-overlap-K7,1.0,3.1953126000007614,25600.0,1280.0,20.0,640.0,33280.0,520.0,983040.0,47104.0,23.0,47104.0,7680.0,400.0,25600.0,215040.0,33280.0
1.0,qld-kgrad-crossfit-t1,0.003347859226273453,0.003197605280101601,375,CF-A06-overlap-K7/missing,0,0.0077714762222422795,overlap,kgrad,0.014798482402369029,0,reset,0.005546214443574726,missing,0,50,0.1640625,0.02587890625,0,50,-0.08229650789967881,-1.0718490158634444,-0.6781865241148904,-0.05237486974614375,0.4632366375311358,0.7599278339928643,0.42732728521203295,0.042259954637096774,crossfit,0,0.07490206774905363,CF-A06-overlap-K7,1.0,3.3868899999943096,25600.0,1280.0,20.0,640.0,33280.0,520.0,983040.0,47104.0,23.0,47104.0,7680.0,400.0,25600.0,215040.0,33280.0
1.0,paper-0.5,1.119972070922043,0.0016128214760244841,200,CF-A06-overlap-K7/missing,0,0.007322709693287743,overlap,paper,nan,0,continuous,1.119972070922043,missing,0,50,0.158203125,0.06689453125,0,100,-0.03011880943841736,-1.1619297993945015,-0.6901838232859621,-0.0448836713114954,0.6130734051919351,0.877744153717805,0.47358402848882136,0.020807081653225805,reused_masked,1,0.041866164204683295,CF-A06-overlap-K7,0.5,0.6717473000171594,25600.0,1408.0,22.0,1408.0,25600.0,400.0,3276800.0,47104.0,23.0,47104.0,25600.0,400.0,25600.0,0.0,25600.0
1.0,qld-v1,0.0015972021640811018,0.0015972021640811018,100,CF-A06-overlap-K7/missing,0,0.00767822125232176,overlap,paper,-0.006732334291424724,0,carry,0.012300130813282295,missing,0,50,0.1748046875,0.076171875,0,50,-0.031662323141955856,-1.1551133157050106,-0.7083047229123307,-0.041061721623559255,0.6231122672008826,0.9118104336925551,0.4859226988714702,0.019468245967741934,reused_masked,1,0.039867643027064706,CF-A06-overlap-K7,0.5,0.8449585000053048,25600.0,640.0,10.0,640.0,25600.0,400.0,983040.0,47104.0,23.0,47104.0,7680.0,400.0,25600.0,215040.0,25600.0
1.0,qld-full,0.0015972021640811018,0.0014248330602980586,350,CF-A06-overlap-K7/missing,0,0.008317421830435712,overlap,qld,-0.008806478056397005,0,carry,0.012300130813282295,missing,0,50,0.103515625,0.06103515625,0,50,-0.035849623117114655,-1.0413369253569513,-0.6621173741835273,-0.02024312997755051,0.587858583031459,0.8581777118008111,0.461418606735766,0.023169732862903226,,1,0.044218669679418905,CF-A06-overlap-K7,,0.9915794999978971,25600.0,640.0,10.0,640.0,25600.0,400.0,0.0,47104.0,23.0,47104.0,0.0,400.0,25600.0,307200.0,25600.0
1.0,qld-paper-reset,0.0015972021640811018,0.0015972021640811018,100,CF-A06-overlap-K7/missing,0,0.007819834158114491,overlap,paper,-0.0028310028103337714,0,reset,0.012300130813282295,missing,0,50,0.126953125,0.0673828125,0,50,-0.03540225782863546,-1.1502162098470579,-0.6890626515823072,-0.034505919644950755,0.5990884895109423,0.8866286152750588,0.4744832168478547,0.022350680443548387,reused_masked,1,0.043607819305614866,CF-A06-overlap-K7,0.5,1.164461400010623,25600.0,640.0,10.0,640.0,25600.0,400.0,983040.0,47104.0,23.0,47104.0,7680.0,400.0,25600.0,215040.0,25600.0
1.0,qld-mean-crossfit-t0.2,0.0015972021640811018,0.0015972021640811018,100,CF-A06-overlap-K7/missing,0,0.009065624218467128,overlap,mean,0.016075375663430536,0,reset,0.012300130813282295,missing,0,50,0.08203125,0.056640625,0,50,-0.03337794971698538,-1.065626245916296,-0.6259819347321134,-0.019111731559827816,0.5592150832395113,0.8595017446251864,0.44550527028615466,0.024351058467741934,crossfit,1,0.0438597726197905,CF-A06-overlap-K7,0.2,1.3506322000175714,25600.0,1280.0,20.0,640.0,33280.0,520.0,983040.0,47104.0,23.0,47104.0,7680.0,400.0,25600.0,215040.0,33280.0
1.0,qld-sharp-deleted-t0.2,0.0015972021640811018,0.0015972021640811018,100,CF-A06-overlap-K7/missing,0,0.008737629053693685,overlap,sharp,-0.0035672809610040046,0,reset,0.012300130813282295,missing,0,50,0.0966796875,0.05419921875,0,50,-0.04056473491122399,-1.087094952876904,-0.6725320663920207,-0.019245430296077504,0.568182888842513,0.8585644774520444,0.4614830857638923,0.024729082661290324,reused_deleted,1,0.04861731474053295,CF-A06-overlap-K7,0.2,1.5268725999922026,25600.0,640.0,10.0,640.0,25600.0,400.0,975360.0,47104.0,23.0,47104.0,7680.0,400.0,25600.0,215040.0,25600.0
1.0,qld-sharp-crossfit-t0.2,0.0015972021640811018,0.0015972021640811018,100,CF-A06-overlap-K7/missing,0,0.006985974775220449,overlap,sharp,0.015083960125959361,0,reset,0.012300130813282295,missing,0,50,0.1005859375,0.07177734375,0,50,-0.02528664710269627,-1.0996491288693944,-0.6432734631875463,-0.0022415334180098667,0.5909228386204296,0.9030970848168196,0.4634330041938238,0.018113659274193547,crossfit,1,0.03462751671943319,CF-A06-overlap-K7,0.2,1.7117177000036463,25600.0,1280.0,20.0,640.0,33280.0,520.0,983040.0,47104.0,23.0,47104.0,7680.0,400.0,25600.0,215040.0,33280.0
1.0,qld-kgrad-crossfit-t0.2,0.0015972021640811018,0.0012975510205183172,375,CF-A06-overlap-K7/missing,0,0.011601026122152192,overlap,kgrad,0.008945864511769153,0,reset,0.012300130813282295,missing,0,50,0.1572265625,0.05517578125,0,50,-0.051260092861366444,-1.0668191328805081,-0.6785442958179294,-0.0116057104557859,0.5564817538038677,0.8492543071733986,0.4643772288670209,0.03161227318548387,crossfit,1,0.0594963148087581,CF-A06-overlap-K7,0.2,1.8957681000174489,25600.0,1280.0,20.0,640.0,33280.0,520.0,983040.0,47104.0,23.0,47104.0,7680.0,400.0,25600.0,215040.0,33280.0
1.0,qld-mean-crossfit-t0.5,0.0015972021640811018,0.0015972021640811018,100,CF-A06-overlap-K7/missing,0,0.007352066217098163,overlap,mean,0.020533564203757737,0,reset,0.012300130813282295,missing,0,50,0.0849609375,0.05859375,0,50,-0.023282151447632706,-1.0500458377143427,-0.6095753453644465,-0.00827974420436145,0.5682689316446805,0.8553258976587557,0.4439631968281576,0.019751764112903226,crossfit,1,0.03775946167265987,CF-A06-overlap-K7,0.5,2.073444700014079,25600.0,1280.0,20.0,640.0,33280.0,520.0,983040.0,47104.0,23.0,47104.0,7680.0,400.0,25600.0,215040.0,33280.0
1.0,qld-sharp-deleted-t0.5,0.0015972021640811018,0.0015972021640811018,100,CF-A06-overlap-K7/missing,0,0.0081740204402867,overlap,sharp,-0.0026821122592406432,0,reset,0.012300130813282295,missing,0,50,0.1171875,0.064453125,0,50,-0.0360679126774088,-1.1267764805952247,-0.6775512839920537,-0.037098506936626086,0.593566283672096,0.8788204951316466,0.46895449679097206,0.023201234879032258,reused_deleted,1,0.04424481755721829,CF-A06-overlap-K7,0.5,2.2555696000054013,25600.0,640.0,10.0,640.0,25600.0,400.0,975360.0,47104.0,23.0,47104.0,7680.0,400.0,25600.0,215040.0,25600.0
1.0,qld-sharp-crossfit-t0.5,0.0015972021640811018,0.0015972021640811018,100,CF-A06-overlap-K7/missing,0,0.00640440834709699,overlap,sharp,0.021052552647887968,0,reset,0.012300130813282295,missing,0,50,0.11328125,0.0703125,0,50,-0.021488989687397347,-1.1022151770729216,-0.6413107833091946,0.00042875229196198683,0.5976558839697717,0.8919233058897572,0.46596962354984883,0.014632686491935484,crossfit,1,0.030742937820307768,CF-A06-overlap-K7,0.5,2.4419920000073034,25600.0,1280.0,20.0,640.0,33280.0,520.0,983040.0,47104.0,23.0,47104.0,7680.0,400.0,25600.0,215040.0,33280.0
1.0,qld-kgrad-crossfit-t0.5,0.0015972021640811018,0.0014643828476638143,375,CF-A06-overlap-K7/missing,0,0.005770226800142053,overlap,kgrad,0.012764543686297536,0,reset,0.012300130813282295,missing,0,50,0.1474609375,0.07861328125,0,50,-0.018270182688226156,-1.1026640617125756,-0.6546203341406158,0.007648478315315066,0.6123467890993148,0.9147964430457076,0.475838776596796,0.012931577620967742,crossfit,1,0.028299568374734307,CF-A06-overlap-K7,0.5,2.631279099994572,25600.0,1280.0,20.0,640.0,33280.0,520.0,983040.0,47104.0,23.0,47104.0,7680.0,400.0,25600.0,215040.0,33280.0
1.0,qld-mean-crossfit-t1,0.0015972021640811018,0.0015972021640811018,100,CF-A06-overlap-K7/missing,0,0.006383040993494293,overlap,mean,0.02506242240925749,0,reset,0.012300130813282295,missing,0,50,0.0712890625,0.05859375,0,50,-0.017718239042275093,-1.0434841768181657,-0.6082023756296577,0.00519050805040383,0.5709989795069855,0.8520819889274469,0.44566340289369044,0.015845514112903226,crossfit,1,0.032521267397351686,CF-A06-overlap-K7,1.0,2.8182698000164237,25600.0,1280.0,20.0,640.0,33280.0,520.0,983040.0,47104.0,23.0,47104.0,7680.0,400.0,25600.0,215040.0,33280.0
1.0,qld-sharp-deleted-t1,0.0015972021640811018,0.0015972021640811018,100,CF-A06-overlap-K7/missing,0,0.005927300092292254,overlap,sharp,-0.0037377233825858225,0,reset,0.012300130813282295,missing,0,50,0.1474609375,0.07373046875,0,50,-0.022729882171189982,-1.1328877905027566,-0.6844056554324949,-0.029170467550689305,0.6206458032405401,0.89646334557102,0.47541234668957927,0.015388734879032258,reused_deleted,1,0.03270995929567549,CF-A06-overlap-K7,1.0,3.0020559999975376,25600.0,640.0,10.0,640.0,25600.0,400.0,975360.0,47104.0,23.0,47104.0,7680.0,400.0,25600.0,215040.0,25600.0
1.0,qld-sharp-crossfit-t1,0.0015972021640811018,0.0015972021640811018,100,CF-A06-overlap-K7/missing,0,0.005396872889464666,overlap,sharp,0.02555122047892755,0,reset,0.012300130813282295,missing,0,50,0.1748046875,0.080078125,0,50,-0.013099102719400445,-1.1078933241845377,-0.6505272666886677,0.015115503864789215,0.617104674140557,0.9089234379749034,0.4783819339377405,0.012585055443548387,crossfit,1,0.026906665479450607,CF-A06-overlap-K7,1.0,3.2035948999982793,25600.0,1280.0,20.0,640.0,33280.0,520.0,983040.0,47104.0,23.0,47104.0,7680.0,400.0,25600.0,215040.0,33280.0
1.0,qld-kgrad-crossfit-t1,0.0015972021640811018,0.0015972021640811018,100,CF-A06-overlap-K7/missing,0,0.0063573197838635576,overlap,kgrad,0.019520878158961752,0,reset,0.012300130813282295,missing,0,50,0.130859375,0.07080078125,0,50,-0.02209638017492124,-1.0850112084429568,-0.6502118786134333,0.004753759123204415,0.6013240554412175,0.900250070426918,0.46891409487431923,0.014979208669354838,crossfit,1,0.031420220436628066,CF-A06-overlap-K7,1.0,3.397423799993703,25600.0,1280.0,20.0,640.0,33280.0,520.0,983040.0,47104.0,23.0,47104.0,7680.0,400.0,25600.0,215040.0,33280.0
1.0,paper-0.5,1.039579482224625,0.002164654391402343,282,CF-A06-overlap-K7/missing,0,0.007191003900861803,overlap,paper,nan,0,continuous,1.039579482224625,missing,0,50,0.169921875,0.07421875,0,75,-0.03967924531298637,-1.1912988449085034,-0.7240059520087765,-0.017875502017190903,0.6129559029174776,0.8651399226810361,0.497885909793959,0.027233492943548387,reused_masked,2,0.055901981303713676,CF-A06-overlap-K7,0.5,0.7768196000251919,25600.0,1408.0,22.0,1408.0,25600.0,400.0,3276800.0,47104.0,23.0,47104.0,25600.0,400.0,25600.0,0.0,25600.0
1.0,qld-v1,0.0020327301614393445,0.002013745566719738,375,CF-A06-overlap-K7/missing,0,0.003321896968720095,overlap,paper,0.005097264621111597,0,carry,0.0033427810537680624,missing,0,50,0.1142578125,0.0615234375,0,50,-0.034973445324612544,-1.1129469153038116,-0.6429762788730553,-0.03323904821803736,0.5954788055724715,0.8677171888029971,0.4673764348274486,0.027847782258064516,reused_masked,2,0.048639214262382637,CF-A06-overlap-K7,0.5,0.973834500007797,25600.0,640.0,10.0,640.0,25600.0,400.0,983040.0,47104.0,23.0,47104.0,7680.0,400.0,25600.0,215040.0,25600.0
1.0,qld-full,0.0020327301614393445,0.0020327301614393445,250,CF-A06-overlap-K7/missing,0,0.004807705762242209,overlap,qld,0.00876768167961628,0,carry,0.0033427810537680624,missing,0,50,0.154296875,0.0634765625,0,50,-0.025954810631803497,-1.0390978181287795,-0.6863885771118182,-0.008547525199104511,0.59539220841404,0.8446526859508956,0.47107637579968653,0.02194115423387097,,2,0.04147977967318353,CF-A06-overlap-K7,,1.1325489000009838,25600.0,640.0,10.0,640.0,25600.0,400.0,0.0,47104.0,23.0,47104.0,0.0,400.0,25600.0,307200.0,25600.0
1.0,qld-paper-reset,0.0020327301614393445,0.0015456983316091133,281,CF-A06-overlap-K7/missing,0,0.006788750055162551,overlap,paper,0.011495024470393078,0,reset,0.0033427810537680624,missing,0,50,0.15625,0.07470703125,0,50,-0.0392756136570661,-1.1731423213112464,-0.7178319173564839,-0.024014552929494115,0.6190172910905192,0.8794926035468145,0.49432023356553345,0.027753276209677418,reused_masked,2,0.05416688348382967,CF-A06-overlap-K7,0.5,1.3266852000087965,25600.0,640.0,10.0,640.0,25600.0,400.0,983040.0,47104.0,23.0,47104.0,7680.0,400.0,25600.0,215040.0,25600.0
1.0,qld-mean-crossfit-t0.2,0.0020327301614393445,0.0020327301614393445,250,CF-A06-overlap-K7/missing,0,0.0038939970729496842,overlap,mean,0.010078214162456023,0,reset,0.0033427810537680624,missing,0,50,0.1552734375,0.0263671875,0,50,-0.04213447976513536,-0.9685693999932088,-0.6087645009359833,-0.0240617700281065,0.5028701752836419,0.7452733442331417,0.41277859273274214,0.034935735887096774,crossfit,2,0.06084077030313198,CF-A06-overlap-K7,0.2,1.525584400020307,25600.0,1280.0,20.0,640.0,33280.0,520.0,983040.0,47104.0,23.0,47104.0,7680.0,400.0,25600.0,215040.0,33280.0
1.0,qld-sharp-deleted-t0.2,0.0020327301614393445,0.0020327301614393445,250,CF-A06-overlap-K7/missing,0,0.005953140184805195,overlap,sharp,0.011324101152102806,0,reset,0.0033427810537680624,missing,0,50,0.126953125,0.0595703125,0,50,-0.059662138982813126,-1.173951161056918,-0.6672915481189219,-0.05441882467259895,0.5802732114313637,0.8686651019502233,0.47505023808204333,0.04207094254032258,reused_deleted,2,0.07309422004967733,CF-A06-overlap-K7,0.2,1.7112702000013087,25600.0,640.0,10.0,640.0,25600.0,400.0,975360.0,47104.0,23.0,47104.0,7680.0,400.0,25600.0,215040.0,25600.0
1.0,qld-sharp-crossfit-t0.2,0.0020327301614393445,0.0020327301614393445,250,CF-A06-overlap-K7/missing,0,0.0023710591210162058,overlap,sharp,0.009179442372397872,0,reset,0.0033427810537680624,missing,0,50,0.123046875,0.037109375,0,50,-0.02856636159492411,-0.9765885519651948,-0.6002141583123688,-0.012977366348743746,0.5271307272886833,0.7877440943095638,0.42083791149870486,0.026430191532258066,crossfit,2,0.04740614575980921,CF-A06-overlap-K7,0.2,1.9128594000067096,25600.0,1280.0,20.0,640.0,33280.0,520.0,983040.0,47104.0,23.0,47104.0,7680.0,400.0,25600.0,215040.0,33280.0
1.0,qld-kgrad-crossfit-t0.2,0.0020327301614393445,0.0020327301614393445,250,CF-A06-overlap-K7/missing,0,0.0025884455633573555,overlap,kgrad,0.004083708429774013,0,reset,0.0033427810537680624,missing,0,50,0.076171875,0.05908203125,0,50,0.021509658358857764,-1.0361533636621465,-0.5454036158308537,0.023210190162463284,0.6277998737615679,0.9004349150882461,0.44901105467909036,0.008143271169354838,crossfit,2,0.018195937907943733,CF-A06-overlap-K7,0.2,2.101274500018917,25600.0,1280.0,20.0,640.0,33280.0,520.0,983040.0,47104.0,23.0,47104.0,7680.0,400.0,25600.0,215040.0,33280.0
1.0,qld-mean-crossfit-t0.5,0.0020327301614393445,0.0017527684057038195,400,CF-A06-overlap-K7/missing,0,0.0017527684057038195,overlap,mean,0.0028617502717613874,0,reset,0.0033427810537680624,missing,0,50,0.11328125,0.04296875,0,50,-0.021027674010425955,-0.973417788825552,-0.5487887174989998,-0.02963159418359823,0.5448639630405069,0.8121148563610945,0.4151783184708,0.027816280241935484,crossfit,2,0.04959120881863009,CF-A06-overlap-K7,0.5,2.287932400009595,25600.0,1280.0,20.0,640.0,33280.0,520.0,983040.0,47104.0,23.0,47104.0,7680.0,400.0,25600.0,215040.0,33280.0
1.0,qld-sharp-deleted-t0.5,0.0020327301614393445,0.0019387436194677754,281,CF-A06-overlap-K7/missing,0,0.006909768246408654,overlap,sharp,0.013669850613373669,0,reset,0.0033427810537680624,missing,0,50,0.1484375,0.0712890625,0,50,-0.04371048998112511,-1.1758059286797198,-0.7199051681401185,-0.029697173339532035,0.6118349471558463,0.8769273987762101,0.4924210505543838,0.02991116431451613,reused_deleted,2,0.05783033227804283,CF-A06-overlap-K7,0.5,2.463008600025205,25600.0,640.0,10.0,640.0,25600.0,400.0,975360.0,47104.0,23.0,47104.0,7680.0,400.0,25600.0,215040.0,25600.0
1.0,qld-sharp-crossfit-t0.5,0.0020327301614393445,0.0015810648422719398,300,CF-A06-overlap-K7/missing,0,0.0022728673573295666,overlap,sharp,0.003488644354805226,0,reset,0.0033427810537680624,missing,0,50,0.119140625,0.03759765625,0,50,-0.0268352735403339,-0.9496495732039992,-0.5534409401709889,-0.029678280798992762,0.5283631748823238,0.7926127326938915,0.40873718601430675,0.03159652217741935,crossfit,2,0.05599749660316059,CF-A06-overlap-K7,0.5,2.65197450001142,25600.0,1280.0,20.0,640.0,33280.0,520.0,983040.0,47104.0,23.0,47104.0,7680.0,400.0,25600.0,215040.0,33280.0
1.0,qld-kgrad-crossfit-t0.5,0.0020327301614393445,0.0017446394471641868,400,CF-A06-overlap-K7/missing,0,0.0017446394471641868,overlap,kgrad,0.011068078307239437,0,reset,0.0033427810537680624,missing,0,50,0.076171875,0.05712890625,0,50,0.012646819719292088,-1.0225911145729976,-0.5457675996052261,0.010419732682000693,0.6002341879298507,0.8760043519234708,0.4399246486371282,0.00634765625,crossfit,2,0.017285841494248964,CF-A06-overlap-K7,0.5,2.8414745000191033,25600.0,1280.0,20.0,640.0,33280.0,520.0,983040.0,47104.0,23.0,47104.0,7680.0,400.0,25600.0,215040.0,33280.0
1.0,qld-mean-crossfit-t1,0.0020327301614393445,0.00115316572590074,400,CF-A06-overlap-K7/missing,0,0.00115316572590074,overlap,mean,0.0003052585181245737,0,reset,0.0033427810537680624,missing,0,50,0.1015625,0.05029296875,0,50,-0.006590853742781442,-0.9795323017035442,-0.5243588800438397,-0.021650796910002157,0.5663750113405948,0.8513581245914024,0.41873352110193424,0.023862777217741934,crossfit,2,0.04302006224670316,CF-A06-overlap-K7,1.0,3.0183520000136923,25600.0,1280.0,20.0,640.0,33280.0,520.0,983040.0,47104.0,23.0,47104.0,7680.0,400.0,25600.0,215040.0,33280.0
1.0,qld-sharp-deleted-t1,0.0020327301614393445,0.0014781816468253384,281,CF-A06-overlap-K7/missing,0,0.008015378539333096,overlap,sharp,0.011903520309952897,0,reset,0.0033427810537680624,missing,0,50,0.1796875,0.08056640625,0,50,-0.03962155499463413,-1.1908828280931782,-0.7367739077169871,-0.022045690707036936,0.633403762272623,0.8972822808909828,0.5050629003838815,0.030100176411290324,reused_deleted,2,0.059264150966953144,CF-A06-overlap-K7,1.0,3.2055363000254147,25600.0,640.0,10.0,640.0,25600.0,400.0,975360.0,47104.0,23.0,47104.0,7680.0,400.0,25600.0,215040.0,25600.0
1.0,qld-sharp-crossfit-t1,0.0020327301614393445,0.0012044624713505314,400,CF-A06-overlap-K7/missing,0,0.0012044624713505314,overlap,sharp,0.0007304630256821376,0,reset,0.0033427810537680624,missing,0,50,0.0751953125,0.05224609375,0,50,-0.012921831866967503,-1.0003360666382817,-0.5343786475219643,-0.021540595711247557,0.5674873562160944,0.8518068444528176,0.4258564113424261,0.02364226310483871,crossfit,2,0.042073400423105194,CF-A06-overlap-K7,1.0,3.40149040002143,25600.0,1280.0,20.0,640.0,33280.0,520.0,983040.0,47104.0,23.0,47104.0,7680.0,400.0,25600.0,215040.0,33280.0
1.0,qld-kgrad-crossfit-t1,0.0020327301614393445,0.0015196565314778976,400,CF-A06-overlap-K7/missing,0,0.0015196565314778976,overlap,kgrad,0.008573864084090443,0,reset,0.0033427810537680624,missing,0,50,0.0947265625,0.0478515625,0,50,-0.012565504995328484,-0.9822554346585217,-0.5854741111494993,-0.003959885119137918,0.5647944051666562,0.8225585405651689,0.4299594186376936,0.017137096774193547,crossfit,2,0.03329319927841403,CF-A06-overlap-K7,1.0,3.5916652000159957,25600.0,1280.0,20.0,640.0,33280.0,520.0,983040.0,47104.0,23.0,47104.0,7680.0,400.0,25600.0,215040.0,33280.0
1.0,paper-0.5,0.23186068464817255,0.001369603030426103,175,CF-A06-overlap-K7/concentrated,0,0.0036025644005475144,overlap,paper,nan,0,continuous,0.23186068464817255,concentrated,0,25,0.1142578125,0.06787109375,0,75,-0.023972254606937027,-0.8743579534869657,-0.6163503465498317,-0.017734297248497982,0.5766581945783131,0.8430708493403125,0.4244140442469568,0.026256930443548387,reused_masked,0,0.04522818514086163,CF-A06-overlap-K7,0.5,0.7560787000111304,25600.0,1408.0,22.0,1408.0,25600.0,400.0,3276800.0,47104.0,23.0,47104.0,25600.0,400.0,25600.0,0.0,25600.0
1.0,qld-v1,0.004246791671083994,0.0020855192206232775,300,CF-A06-overlap-K7/concentrated,0,0.00451042760326581,overlap,paper,-0.0020637058669248365,0,carry,0.004246791671083994,concentrated,0,25,0.09375,0.06396484375,0,50,-0.003878499479382843,-0.8971519517794768,-0.5994442049699233,-0.004550113764879614,0.5956163591768594,0.8440264364898444,0.4326889282260174,0.014207409274193549,reused_masked,0,0.028868417679518612,CF-A06-overlap-K7,0.5,0.9401472999888938,25600.0,640.0,10.0,640.0,25600.0,400.0,983040.0,47104.0,23.0,47104.0,7680.0,400.0,25600.0,215040.0,25600.0
1.0,qld-full,0.004246791671083994,0.0022483845346952247,284,CF-A06-overlap-K7/concentrated,0,0.007071343007339581,overlap,qld,-0.0019434215334146465,0,carry,0.004246791671083994,concentrated,0,25,0.091796875,0.048828125,0,50,-0.0033431439020719248,-0.843699533684861,-0.5448183780176643,-0.006941649483649246,0.5491119705227828,0.8004187716217509,0.4048850628574276,0.024886592741935484,,0,0.04938752015179237,CF-A06-overlap-K7,,1.0996527000097558,25600.0,640.0,10.0,640.0,25600.0,400.0,0.0,47104.0,23.0,47104.0,0.0,400.0,25600.0,307200.0,25600.0
1.0,qld-paper-reset,0.004246791671083994,0.0029273513423160313,300,CF-A06-overlap-K7/concentrated,0,0.006239209471296525,overlap,paper,0.000613835103951299,0,reset,0.004246791671083994,concentrated,0,25,0.1220703125,0.0498046875,0,50,-0.006052413308829497,-0.8521179309293978,-0.5549828753488116,-0.012298602307423374,0.550526852723158,0.8036681187410117,0.41005362317472965,0.020240045362903226,reused_masked,0,0.04341275773275274,CF-A06-overlap-K7,0.5,1.2910736000048928,25600.0,640.0,10.0,640.0,25600.0,400.0,983040.0,47104.0,23.0,47104.0,7680.0,400.0,25600.0,215040.0,25600.0
1.0,qld-mean-crossfit-t0.2,0.004246791671083994,0.0012047674271817854,375,CF-A06-overlap-K7/concentrated,0,0.00607229615791216,overlap,mean,-0.0005794942596175634,0,reset,0.004246791671083994,concentrated,0,25,0.12109375,0.03662109375,0,50,-0.026434984734164918,-0.8247465573885535,-0.5639850103083349,-0.034901256617835934,0.5180076001746687,0.7608236605342943,0.39759761491715717,0.02803679435483871,crossfit,0,0.05640220165849668,CF-A06-overlap-K7,0.2,1.4744787999952678,25600.0,1280.0,20.0,640.0,33280.0,520.0,983040.0,47104.0,23.0,47104.0,7680.0,400.0,25600.0,215040.0,33280.0
1.0,qld-sharp-deleted-t0.2,0.004246791671083994,0.002821221995156886,300,CF-A06-overlap-K7/concentrated,0,0.0066043175296064405,overlap,sharp,0.0009666872252314107,0,reset,0.004246791671083994,concentrated,0,25,0.052734375,0.06396484375,0,50,-0.007331111134442977,-0.9095211877162432,-0.6029355668804605,-0.01322430517995909,0.5765375287331954,0.8686824674379352,0.4235850310320363,0.02734375,reused_deleted,0,0.04704117944184228,CF-A06-overlap-K7,0.2,1.6664213000040036,25600.0,640.0,10.0,640.0,25600.0,400.0,975360.0,47104.0,23.0,47104.0,7680.0,400.0,25600.0,215040.0,25600.0
1.0,qld-sharp-crossfit-t0.2,0.004246791671083994,0.0010611286766528671,375,CF-A06-overlap-K7/concentrated,0,0.006463444167978949,overlap,sharp,-0.0003521039392400116,0,reset,0.004246791671083994,concentrated,0,25,0.0927734375,0.04931640625,0,50,-0.03151742096357228,-0.9044000805884579,-0.5965942308543905,-0.03934265267709676,0.5367288862254999,0.8227018092558734,0.4105029279717222,0.03265183971774194,crossfit,0,0.05741387561407583,CF-A06-overlap-K7,0.2,1.8584097000129987,25600.0,1280.0,20.0,640.0,33280.0,520.0,983040.0,47104.0,23.0,47104.0,7680.0,400.0,25600.0,215040.0,33280.0
1.0,qld-kgrad-crossfit-t0.2,0.004246791671083994,0.002855096529063905,281,CF-A06-overlap-K7/concentrated,0,0.010285028428207887,overlap,kgrad,-7.662749895720466e-06,0,reset,0.004246791671083994,concentrated,0,25,0.1357421875,0.0458984375,0,50,-0.024103373934410192,-0.8887974202896488,-0.5638078401965239,-0.025677142379132892,0.514388135469453,0.8306294313847853,0.39647188464630045,0.03978704637096774,crossfit,0,0.0701872503600538,CF-A06-overlap-K7,0.2,2.043941799987806,25600.0,1280.0,20.0,640.0,33280.0,520.0,983040.0,47104.0,23.0,47104.0,7680.0,400.0,25600.0,215040.0,33280.0
1.0,qld-mean-crossfit-t0.5,0.004246791671083994,0.001279331905748582,375,CF-A06-overlap-K7/concentrated,0,0.007897316744478466,overlap,mean,0.00010317808217641389,0,reset,0.004246791671083994,concentrated,0,25,0.2109375,0.02294921875,0,50,-0.023776550132185357,-0.7888443058390376,-0.5255145175278062,-0.031022501193486623,0.49092966684595857,0.7259554218148743,0.38290324147557026,0.030588457661290324,crossfit,0,0.06342585937057756,CF-A06-overlap-K7,0.5,2.2214472999912687,25600.0,1280.0,20.0,640.0,33280.0,520.0,983040.0,47104.0,23.0,47104.0,7680.0,400.0,25600.0,215040.0,33280.0
1.0,qld-sharp-deleted-t0.5,0.004246791671083994,0.0028181038359735844,300,CF-A06-overlap-K7/concentrated,0,0.005689464743082739,overlap,sharp,0.0008505728561206682,0,reset,0.004246791671083994,concentrated,0,25,0.111328125,0.05419921875,0,50,-0.008040828190663615,-0.8776546937553648,-0.5681435632540707,-0.010287407336890618,0.5589607677548328,0.8227681428369222,0.41610621726180436,0.01940524193548387,reused_deleted,0,0.04015462021224768,CF-A06-overlap-K7,0.5,2.4070221000001766,25600.0,640.0,10.0,640.0,25600.0,400.0,975360.0,47104.0,23.0,47104.0,7680.0,400.0,25600.0,215040.0,25600.0
1.0,qld-sharp-crossfit-t0.5,0.004246791671083994,0.001255861747385012,375,CF-A06-overlap-K7/concentrated,0,0.006998135593761612,overlap,sharp,0.00034619940195812493,0,reset,0.004246791671083994,concentrated,0,25,0.146484375,0.03369140625,0,50,-0.02291258159191564,-0.8164778060925347,-0.5404922494609213,-0.029540959218560724,0.5057228810938821,0.7567902891780453,0.39070889898036115,0.029233870967741934,crossfit,0,0.05946007562620941,CF-A06-overlap-K7,0.5,2.5972629000025336,25600.0,1280.0,20.0,640.0,33280.0,520.0,983040.0,47104.0,23.0,47104.0,7680.0,400.0,25600.0,215040.0,33280.0
1.0,qld-kgrad-crossfit-t0.5,0.004246791671083994,0.0013613307374691352,375,CF-A06-overlap-K7/concentrated,0,0.007655186083564414,overlap,kgrad,-0.00010867241081768952,0,reset,0.004246791671083994,concentrated,0,25,0.1171875,0.04931640625,0,50,-0.035748037467388694,-0.9148072765069181,-0.5967828813069078,-0.03817646310790893,0.5175327392996181,0.8180083637151505,0.4074922686572424,0.03577053931451613,crossfit,0,0.06237053214078726,CF-A06-overlap-K7,0.5,2.777294700004859,25600.0,1280.0,20.0,640.0,33280.0,520.0,983040.0,47104.0,23.0,47104.0,7680.0,400.0,25600.0,215040.0,33280.0
1.0,qld-mean-crossfit-t1,0.004246791671083994,0.0012478782511221587,375,CF-A06-overlap-K7/concentrated,0,0.009123450842134395,overlap,mean,0.00033365692093911825,0,reset,0.004246791671083994,concentrated,0,25,0.2890625,0.017578125,0,50,-0.02045056179551897,-0.753887394225373,-0.49935646718589605,-0.02388227165864946,0.4753443214500424,0.707406279221035,0.37735127214272957,0.031344506048387094,crossfit,0,0.06656899548876953,CF-A06-overlap-K7,1.0,2.964044799999101,25600.0,1280.0,20.0,640.0,33280.0,520.0,983040.0,47104.0,23.0,47104.0,7680.0,400.0,25600.0,215040.0,33280.0
1.0,qld-sharp-deleted-t1,0.004246791671083994,0.0027696157257970366,375,CF-A06-overlap-K7/concentrated,0,0.007895581638313498,overlap,sharp,0.00032027330940431753,0,reset,0.004246791671083994,concentrated,0,25,0.19140625,0.03857421875,0,50,-0.006595595731718723,-0.8112872709183143,-0.5179170062549903,-0.011693852237978001,0.5239248798769263,0.7762093656290309,0.39496636237255467,0.02487084173387097,reused_deleted,0,0.0533151785024214,CF-A06-overlap-K7,1.0,3.1477016999851912,25600.0,640.0,10.0,640.0,25600.0,400.0,975360.0,47104.0,23.0,47104.0,7680.0,400.0,25600.0,215040.0,25600.0
1.0,qld-sharp-crossfit-t1,0.004246791671083994,0.0014213026744946955,375,CF-A06-overlap-K7/concentrated,0,0.007643453161952474,overlap,sharp,0.00041625794110766723,0,reset,0.004246791671083994,concentrated,0,25,0.2333984375,0.0263671875,0,50,-0.01961952931921207,-0.7911631695709449,-0.5178630582394416,-0.02188893446298864,0.4955182590395652,0.7380644657127206,0.3865266893629484,0.027580015120967742,crossfit,0,0.05917500336114264,CF-A06-overlap-K7,1.0,3.3408102999965195,25600.0,1280.0,20.0,640.0,33280.0,520.0,983040.0,47104.0,23.0,47104.0,7680.0,400.0,25600.0,215040.0,33280.0
1.0,qld-kgrad-crossfit-t1,0.004246791671083994,0.0012105965840776278,375,CF-A06-overlap-K7/concentrated,0,0.0069606632894445575,overlap,kgrad,0.00011752126944775121,0,reset,0.004246791671083994,concentrated,0,25,0.10546875,0.05126953125,0,50,-0.032806057854672846,-0.914880138111664,-0.6037453319518086,-0.03320603288179748,0.5276660578347218,0.8211066154636469,0.4115118483737345,0.03309286794354839,crossfit,0,0.05804037249331227,CF-A06-overlap-K7,1.0,3.530808599985903,25600.0,1280.0,20.0,640.0,33280.0,520.0,983040.0,47104.0,23.0,47104.0,7680.0,400.0,25600.0,215040.0,33280.0
1.0,paper-0.5,0.23407384004117382,0.0030886227743447403,50,CF-A06-overlap-K7/concentrated,0,0.00327241418411095,overlap,paper,nan,0,continuous,0.23407384004117382,concentrated,0,25,0.08984375,0.068359375,0,100,-0.024591606896729658,-0.9191826380142998,-0.6547490573487933,-0.024729970762561317,0.5875987046760601,0.8841466997852369,0.44644830932305657,0.013419858870967742,reused_masked,1,0.024370237583593787,CF-A06-overlap-K7,0.5,0.7582039999833796,25600.0,1408.0,22.0,1408.0,25600.0,400.0,3276800.0,47104.0,23.0,47104.0,25600.0,400.0,25600.0,0.0,25600.0
1.0,qld-v1,0.0024272478137327136,0.0020101356618458244,400,CF-A06-overlap-K7/concentrated,0,0.0020101356618458244,overlap,paper,0.00017003873360643684,0,carry,0.0024272478137327136,concentrated,0,25,0.107421875,0.07861328125,0,75,0.0030438191712601464,-0.9237910340242246,-0.6347514108122768,0.012017847969307712,0.6226856548726414,0.8959052355603836,0.4553314298335772,0.007654989919354839,reused_masked,1,0.014707351265627774,CF-A06-overlap-K7,0.5,0.9450346999801695,25600.0,640.0,10.0,640.0,25600.0,400.0,983040.0,47104.0,23.0,47104.0,7680.0,400.0,25600.0,215040.0,25600.0
1.0,qld-full,0.0024272478137327136,0.0017867304912572157,284,CF-A06-overlap-K7/concentrated,0,0.0022505485355398536,overlap,qld,-0.0005035438592969621,0,carry,0.0024272478137327136,concentrated,0,25,0.1640625,0.083984375,0,75,-0.0023354981040541595,-0.9444933897215869,-0.6633353697305984,0.008774662200756416,0.6477704682422927,0.902971933327425,0.4766689950894749,0.017830141129032258,,1,0.031649692710861724,CF-A06-overlap-K7,,1.1012279999849852,25600.0,640.0,10.0,640.0,25600.0,400.0,0.0,47104.0,23.0,47104.0,0.0,400.0,25600.0,307200.0,25600.0
1.0,qld-paper-reset,0.0024272478137327136,0.0014978164164497487,281,CF-A06-overlap-K7/concentrated,0,0.0019180044847288968,overlap,paper,-0.000774052068303277,0,reset,0.0024272478137327136,concentrated,0,25,0.1513671875,0.095703125,0,75,-0.0024294108508016755,-0.9706008379393957,-0.687244381597092,0.02062261239298886,0.6667058589643647,0.9322952006616584,0.485609903729694,0.01623928931451613,reused_masked,1,0.030712366556801804,CF-A06-overlap-K7,0.5,1.296428100002231,25600.0,640.0,10.0,640.0,25600.0,400.0,983040.0,47104.0,23.0,47104.0,7680.0,400.0,25600.0,215040.0,25600.0
1.0,qld-mean-crossfit-t0.2,0.0024272478137327136,0.0016917199562067609,375,CF-A06-overlap-K7/concentrated,0,0.002211930036736809,overlap,mean,0.00561614613621253,0,reset,0.0024272478137327136,concentrated,0,25,0.068359375,0.06591796875,0,75,-0.00620827805485521,-0.912677601695235,-0.6219119974635168,0.003249721481650908,0.5948487711300655,0.8797078381480876,0.44291891076783646,0.005339591733870968,crossfit,1,0.013351660883427294,CF-A06-overlap-K7,0.2,1.483252399979392,25600.0,1280.0,20.0,640.0,33280.0,520.0,983040.0,47104.0,23.0,47104.0,7680.0,400.0,25600.0,215040.0,33280.0
1.0,qld-sharp-deleted-t0.2,0.0024272478137327136,0.0014104157681024132,281,CF-A06-overlap-K7/concentrated,0,0.002334691108400677,overlap,sharp,0.000296679802695321,0,reset,0.0024272478137327136,concentrated,0,25,0.16015625,0.07763671875,0,75,-0.0019212226557170113,-0.9223516069522286,-0.6514635952833064,0.0072185250843277,0.6296105345351981,0.8927327371330864,0.4689183846282111,0.016333795362903226,reused_deleted,1,0.029019457761615023,CF-A06-overlap-K7,0.2,1.6763733999978285,25600.0,640.0,10.0,640.0,25600.0,400.0,975360.0,47104.0,23.0,47104.0,7680.0,400.0,25600.0,215040.0,25600.0
1.0,qld-sharp-crossfit-t0.2,0.0024272478137327136,0.0014867583621349656,400,CF-A06-overlap-K7/concentrated,0,0.0014867583621349656,overlap,sharp,0.004181800506521394,0,reset,0.0024272478137327136,concentrated,0,25,0.0751953125,0.072265625,0,75,-0.013085641369572567,-0.9550846835800113,-0.6393033223387831,-0.0013070893938662703,0.6030147711911253,0.9138442775375595,0.45365216528703917,0.005764868951612903,crossfit,1,0.013534437140503033,CF-A06-overlap-K7,0.2,1.8670127999794204,25600.0,1280.0,20.0,640.0,33280.0,520.0,983040.0,47104.0,23.0,47104.0,7680.0,400.0,25600.0,215040.0,33280.0
1.0,qld-kgrad-crossfit-t0.2,0.0024272478137327136,0.0014346821479146454,400,CF-A06-overlap-K7/concentrated,0,0.0014346821479146454,overlap,kgrad,0.0018003685311165363,0,reset,0.0024272478137327136,concentrated,0,25,0.0771484375,0.07568359375,0,75,-0.00794909406923773,-0.9659444723474785,-0.6325342061787947,-0.0024125211214102104,0.6071100158441769,0.9337453099227976,0.4584336501511555,0.00390625,crossfit,1,0.009279350433146746,CF-A06-overlap-K7,0.2,2.064916000002995,25600.0,1280.0,20.0,640.0,33280.0,520.0,983040.0,47104.0,23.0,47104.0,7680.0,400.0,25600.0,215040.0,33280.0
1.0,qld-mean-crossfit-t0.5,0.0024272478137327136,0.0012486246891267871,400,CF-A06-overlap-K7/concentrated,0,0.0012486246891267871,overlap,mean,0.005317141614306298,0,reset,0.0024272478137327136,concentrated,0,25,0.0927734375,0.07763671875,0,75,-0.010579505987969154,-0.9270020097316868,-0.6333554411261304,-0.013363191169789167,0.6153701957135309,0.8801690252150046,0.4576440206990195,0.006158644153225807,crossfit,1,0.013215452035194449,CF-A06-overlap-K7,0.5,2.2408694999758154,25600.0,1280.0,20.0,640.0,33280.0,520.0,983040.0,47104.0,23.0,47104.0,7680.0,400.0,25600.0,215040.0,33280.0
1.0,qld-sharp-deleted-t0.5,0.0024272478137327136,0.0014586227103182692,281,CF-A06-overlap-K7/concentrated,0,0.0021692277425273687,overlap,sharp,-0.0006486898184876466,0,reset,0.0024272478137327136,concentrated,0,25,0.1513671875,0.09375,0,75,-0.002050374057035546,-0.9638741674195919,-0.6828772452753339,0.012325535708743597,0.6668328777930137,0.9308394683969011,0.4852907485713729,0.01721585181451613,reused_deleted,1,0.03213559905989091,CF-A06-overlap-K7,0.5,2.4251052999752574,25600.0,640.0,10.0,640.0,25600.0,400.0,975360.0,47104.0,23.0,47104.0,7680.0,400.0,25600.0,215040.0,25600.0
1.0,qld-sharp-crossfit-t0.5,0.0024272478137327136,0.0008245872269116994,400,CF-A06-overlap-K7/concentrated,0,0.0008245872269116994,overlap,sharp,0.0035514981122470868,0,reset,0.0024272478137327136,concentrated,0,25,0.1123046875,0.0859375,0,75,-0.01274749276892463,-0.9796051124448838,-0.6625268577455992,-0.008725305415134969,0.6341916221015028,0.9357910431507429,0.47164584623111466,0.007654989919354839,crossfit,1,0.016576302942043885,CF-A06-overlap-K7,0.5,2.6165206999867223,25600.0,1280.0,20.0,640.0,33280.0,520.0,983040.0,47104.0,23.0,47104.0,7680.0,400.0,25600.0,215040.0,33280.0
1.0,qld-kgrad-crossfit-t0.5,0.0024272478137327136,0.001573190903093824,375,CF-A06-overlap-K7/concentrated,0,0.0016264198986482015,overlap,kgrad,0.0016931744484123268,0,reset,0.0024272478137327136,concentrated,0,25,0.0654296875,0.068359375,0,75,-0.013391535181705962,-0.9385398156238157,-0.6271111437495018,-0.0057336710116250795,0.5900116459567813,0.886487423477164,0.4494046336847644,0.0053080897177419355,crossfit,1,0.012677608106297356,CF-A06-overlap-K7,0.5,2.797298099991167,25600.0,1280.0,20.0,640.0,33280.0,520.0,983040.0,47104.0,23.0,47104.0,7680.0,400.0,25600.0,215040.0,33280.0
1.0,qld-mean-crossfit-t1,0.0024272478137327136,0.0005309477079737945,400,CF-A06-overlap-K7/concentrated,0,0.0005309477079737945,overlap,mean,0.0050356524550113635,0,reset,0.0024272478137327136,concentrated,0,25,0.1435546875,0.0859375,0,75,-0.0128554779382496,-0.9642324034299841,-0.6612479863296674,-0.020173231258979022,0.6387339551957579,0.9263815484226501,0.4797166931807184,0.015735257056451613,crossfit,1,0.028392582508658025,CF-A06-overlap-K7,1.0,2.9812527999747545,25600.0,1280.0,20.0,640.0,33280.0,520.0,983040.0,47104.0,23.0,47104.0,7680.0,400.0,25600.0,215040.0,33280.0
1.0,qld-sharp-deleted-t1,0.0024272478137327136,0.0012890111101276913,285,CF-A06-overlap-K7/concentrated,0,0.0019898016544281916,overlap,sharp,-0.0011382367036050223,0,reset,0.0024272478137327136,concentrated,0,25,0.169921875,0.1005859375,0,75,-0.0017907029005097838,-0.9863432887459023,-0.6923805836160191,0.019558449962717897,0.6759326699513192,0.9528613218546154,0.48887512265537725,0.014412172379032258,reused_deleted,1,0.0298293135253928,CF-A06-overlap-K7,1.0,3.1701378999860026,25600.0,640.0,10.0,640.0,25600.0,400.0,975360.0,47104.0,23.0,47104.0,7680.0,400.0,25600.0,215040.0,25600.0
1.0,qld-sharp-crossfit-t1,0.0024272478137327136,0.0003934134623244656,400,CF-A06-overlap-K7/concentrated,0,0.0003934134623244656,overlap,sharp,0.0031496414889478075,0,reset,0.0024272478137327136,concentrated,0,25,0.1416015625,0.09130859375,0,75,-0.013583855024698553,-0.9942783963758424,-0.6773417855544916,-0.02379309512306628,0.6504056925571794,0.9568060006951061,0.4881042354087295,0.015325730846774193,crossfit,1,0.02982362647527587,CF-A06-overlap-K7,1.0,3.36545230000047,25600.0,1280.0,20.0,640.0,33280.0,520.0,983040.0,47104.0,23.0,47104.0,7680.0,400.0,25600.0,215040.0,33280.0
1.0,qld-kgrad-crossfit-t1,0.0024272478137327136,0.0010321217564126517,400,CF-A06-overlap-K7/concentrated,0,0.0010321217564126517,overlap,kgrad,0.0018045751196182902,0,reset,0.0024272478137327136,concentrated,0,25,0.0927734375,0.07861328125,0,75,-0.012145227951966705,-0.9711321517004328,-0.6488864144300273,-0.00464772612432655,0.6141496517600158,0.9229504702283567,0.4639363410233305,0.004630796370967742,crossfit,1,0.012130152019702247,CF-A06-overlap-K7,1.0,3.5487041999876965,25600.0,1280.0,20.0,640.0,33280.0,520.0,983040.0,47104.0,23.0,47104.0,7680.0,400.0,25600.0,215040.0,33280.0
1.0,paper-0.5,0.18140457254434617,0.0017793544596779176,400,CF-A06-overlap-K7/concentrated,0,0.0017793544596779176,overlap,paper,nan,0,continuous,0.18140457254434617,concentrated,0,25,0.1015625,0.08642578125,0,100,0.007550327605825098,-0.8183458291767224,-0.6440978443623737,0.014262059774923322,0.652019761204895,0.8304173910667642,0.44701793507346416,0.010505922379032258,reused_masked,2,0.022585430188168013,CF-A06-overlap-K7,0.5,0.7563281999900937,25600.0,1408.0,22.0,1408.0,25600.0,400.0,3276800.0,47104.0,23.0,47104.0,25600.0,400.0,25600.0,0.0,25600.0
1.0,qld-v1,0.0008908545773828602,0.0008908545773828602,150,CF-A06-overlap-K7/concentrated,0,0.001450886542820995,overlap,paper,0.000506610821534137,0,carry,0.0011369996397332383,concentrated,0,25,0.095703125,0.072265625,0,25,-0.005299843355475276,-0.8912526156810536,-0.6249046167717747,-0.0023702415041041112,0.6117330555350246,0.873674992287644,0.44061901605793,0.009875882056451613,reused_masked,2,0.019932875576914554,CF-A06-overlap-K7,0.5,0.95096509999712,25600.0,640.0,10.0,640.0,25600.0,400.0,983040.0,47104.0,23.0,47104.0,7680.0,400.0,25600.0,215040.0,25600.0
1.0,qld-full,0.0008908545773828602,0.0007755948787226963,300,CF-A06-overlap-K7/concentrated,0,0.002587622866952466,overlap,qld,0.0006689017140087961,0,carry,0.0011369996397332383,concentrated,0,25,0.0791015625,0.04443359375,0,25,0.0012385815977132568,-0.8042034278068272,-0.5597757171538618,0.0030306377316128745,0.5507171610115973,0.8068621615851636,0.3931949905780912,0.028383316532258066,,2,0.05416723473597355,CF-A06-overlap-K7,,1.110948899993673,25600.0,640.0,10.0,640.0,25600.0,400.0,0.0,47104.0,23.0,47104.0,0.0,400.0,25600.0,307200.0,25600.0
1.0,qld-paper-reset,0.0008908545773828602,0.0008908545773828602,150,CF-A06-overlap-K7/concentrated,0,0.002858672931364714,overlap,paper,0.0010550709901894217,0,reset,0.0011369996397332383,concentrated,0,25,0.1337890625,0.0361328125,0,25,0.005000138258793631,-0.7516263936134278,-0.5476570216607206,0.007749804104654671,0.5488427384293736,0.7539390377573806,0.38572087891074364,0.02852507560483871,reused_masked,2,0.055924278750637345,CF-A06-overlap-K7,0.5,1.2951752999797463,25600.0,640.0,10.0,640.0,25600.0,400.0,983040.0,47104.0,23.0,47104.0,7680.0,400.0,25600.0,215040.0,25600.0
1.0,qld-mean-crossfit-t0.2,0.0008908545773828602,0.0005886139072650565,300,CF-A06-overlap-K7/concentrated,0,0.004414039445617246,overlap,mean,0.001534585613045425,0,reset,0.0011369996397332383,concentrated,0,25,0.1787109375,0.03125,0,25,0.005170435057546403,-0.7480245647333899,-0.5063342041808364,0.004788471553598366,0.5152171872865361,0.7510393599135958,0.3714600139582603,0.03030493951612903,crossfit,2,0.06326858597520385,CF-A06-overlap-K7,0.2,1.4898227999801748,25600.0,1280.0,20.0,640.0,33280.0,520.0,983040.0,47104.0,23.0,47104.0,7680.0,400.0,25600.0,215040.0,33280.0
1.0,qld-sharp-deleted-t0.2,0.0008908545773828602,0.0008908545773828602,150,CF-A06-overlap-K7/concentrated,0,0.006111525376037208,overlap,sharp,0.0029498514890026195,0,reset,0.0011369996397332383,concentrated,0,25,0.1787109375,0.02392578125,0,25,0.006084741645834346,-0.7325579429232191,-0.4831464037580358,0.005514896554503234,0.49442660369505537,0.7331295433709287,0.3560037903346889,0.040369833669354836,reused_deleted,2,0.07933460880955252,CF-A06-overlap-K7,0.2,1.6784606999717653,25600.0,640.0,10.0,640.0,25600.0,400.0,975360.0,47104.0,23.0,47104.0,7680.0,400.0,25600.0,215040.0,25600.0
1.0,qld-sharp-crossfit-t0.2,0.0008908545773828602,0.0007736601491290518,300,CF-A06-overlap-K7/concentrated,0,0.003504479772648672,overlap,sharp,0.0015912554299082338,0,reset,0.0011369996397332383,concentrated,0,25,0.130859375,0.03759765625,0,25,0.0057507855313703275,-0.7797201775655432,-0.5223762999345676,0.006924716629505263,0.5387060080179444,0.7821120471676614,0.3815763039837963,0.028792842741935484,crossfit,2,0.058098629103419994,CF-A06-overlap-K7,0.2,1.8721676999994088,25600.0,1280.0,20.0,640.0,33280.0,520.0,983040.0,47104.0,23.0,47104.0,7680.0,400.0,25600.0,215040.0,33280.0
1.0,qld-kgrad-crossfit-t0.2,0.0008908545773828602,0.0006731198068936628,300,CF-A06-overlap-K7/concentrated,0,0.0022697610290601244,overlap,kgrad,0.0028205728725082535,0,reset,0.0011369996397332383,concentrated,0,25,0.158203125,0.0458984375,0,25,-0.002426358669085926,-0.8216737666444158,-0.5374406822543416,-0.010581249355630207,0.5461043263981652,0.8278765191533195,0.4073201615517595,0.019027217741935484,crossfit,2,0.04154647016913807,CF-A06-overlap-K7,0.2,2.05638349999208,25600.0,1280.0,20.0,640.0,33280.0,520.0,983040.0,47104.0,23.0,47104.0,7680.0,400.0,25600.0,215040.0,33280.0
1.0,qld-mean-crossfit-t0.5,0.0008908545773828602,0.0005887320122835993,300,CF-A06-overlap-K7/concentrated,0,0.0035227304835266926,overlap,mean,0.0007168616764560154,0,reset,0.0011369996397332383,concentrated,0,25,0.1318359375,0.03515625,0,25,0.004019365527580464,-0.7723434962663209,-0.530530268794048,0.008067111175513291,0.5360671616329211,0.7817089142809861,0.38237780490254697,0.026934223790322582,crossfit,2,0.05565932186964779,CF-A06-overlap-K7,0.5,2.2435597000003327,25600.0,1280.0,20.0,640.0,33280.0,520.0,983040.0,47104.0,23.0,47104.0,7680.0,400.0,25600.0,215040.0,33280.0
1.0,qld-sharp-deleted-t0.5,0.0008908545773828602,0.0008908545773828602,150,CF-A06-overlap-K7/concentrated,0,0.0024355410313580683,overlap,sharp,0.0016791237167584905,0,reset,0.0011369996397332383,concentrated,0,25,0.0830078125,0.04150390625,0,25,0.007632075698288528,-0.7700121492471508,-0.5536455826610261,0.012746376212269601,0.5574548676818849,0.7727894388504774,0.3948227172049504,0.02279170866935484,reused_deleted,2,0.04668864149776258,CF-A06-overlap-K7,0.5,2.4339290999923833,25600.0,640.0,10.0,640.0,25600.0,400.0,975360.0,47104.0,23.0,47104.0,7680.0,400.0,25600.0,215040.0,25600.0
1.0,qld-sharp-crossfit-t0.5,0.0008908545773828602,0.0007152443642074457,300,CF-A06-overlap-K7/concentrated,0,0.0028636014035015034,overlap,sharp,0.0012490928373352084,0,reset,0.0011369996397332383,concentrated,0,25,0.10546875,0.0458984375,0,25,0.0036440408277039526,-0.8061629876570247,-0.5490151387836604,0.0088076791914008,0.5471658638863646,0.8116313853284657,0.39108290502388826,0.026540448588709676,crossfit,2,0.052336016245584885,CF-A06-overlap-K7,0.5,2.6297404999786522,25600.0,1280.0,20.0,640.0,33280.0,520.0,983040.0,47104.0,23.0,47104.0,7680.0,400.0,25600.0,215040.0,33280.0
1.0,qld-kgrad-crossfit-t0.5,0.0008908545773828602,0.0008908545773828602,150,CF-A06-overlap-K7/concentrated,0,0.0033503083542626433,overlap,kgrad,0.002130431619817408,0,reset,0.0011369996397332383,concentrated,0,25,0.11328125,0.03955078125,0,25,0.0021673248518467845,-0.7927996720100405,-0.5280124893842435,0.00439975057520717,0.5308486603006194,0.7951654204200443,0.3840163282729123,0.028635332661290324,crossfit,2,0.057366604936123854,CF-A06-overlap-K7,0.5,2.8186541999748442,25600.0,1280.0,20.0,640.0,33280.0,520.0,983040.0,47104.0,23.0,47104.0,7680.0,400.0,25600.0,215040.0,33280.0
1.0,qld-mean-crossfit-t1,0.0008908545773828602,0.000722731368491103,283,CF-A06-overlap-K7/concentrated,0,0.0030194389923209886,overlap,mean,-0.0002521028958540894,0,reset,0.0011369996397332383,concentrated,0,25,0.15234375,0.04052734375,0,25,0.002287681333655314,-0.7757122955067656,-0.5447798326432644,0.00612996616535871,0.547099833835055,0.7814383531435116,0.3908287596943962,0.02213016633064516,crossfit,2,0.047984418061854286,CF-A06-overlap-K7,1.0,3.0115476999781094,25600.0,1280.0,20.0,640.0,33280.0,520.0,983040.0,47104.0,23.0,47104.0,7680.0,400.0,25600.0,215040.0,33280.0
1.0,qld-sharp-deleted-t1,0.0008908545773828602,0.0008908545773828602,150,CF-A06-overlap-K7/concentrated,0,0.001705260290265742,overlap,sharp,0.0005604155279571588,0,reset,0.0011369996397332383,concentrated,0,25,0.06640625,0.06640625,0,25,0.00633105061082126,-0.8345221390402445,-0.6080567708262845,0.02028733334324967,0.6162697204777458,0.8360535367657281,0.4322292933430891,0.008521295362903226,reused_deleted,2,0.019921645996698576,CF-A06-overlap-K7,1.0,3.204061099997489,25600.0,640.0,10.0,640.0,25600.0,400.0,975360.0,47104.0,23.0,47104.0,7680.0,400.0,25600.0,215040.0,25600.0
1.0,qld-sharp-crossfit-t1,0.0008908545773828602,0.0007419102144001766,283,CF-A06-overlap-K7/concentrated,0,0.002977811246046791,overlap,sharp,0.0007763715525945791,0,reset,0.0011369996397332383,concentrated,0,25,0.2021484375,0.04443359375,0,25,0.0021932528917768986,-0.7983804117590668,-0.5427932845304874,0.0033718018945484932,0.5454066279679857,0.8023997498098867,0.39364436126986396,0.023169732862903226,crossfit,2,0.04860158924242235,CF-A06-overlap-K7,1.0,3.3918274999887217,25600.0,1280.0,20.0,640.0,33280.0,520.0,983040.0,47104.0,23.0,47104.0,7680.0,400.0,25600.0,215040.0,33280.0
1.0,qld-kgrad-crossfit-t1,0.0008908545773828602,0.0008908545773828602,150,CF-A06-overlap-K7/concentrated,0,0.00223321577510438,overlap,kgrad,0.0018821434314300056,0,reset,0.0011369996397332383,concentrated,0,25,0.0693359375,0.048828125,0,25,0.004524815309217602,-0.8223783737738517,-0.564099125386567,0.006132924191137727,0.556908288127336,0.8241316073747582,0.3978052309020534,0.027422505040322582,crossfit,2,0.051749509487787386,CF-A06-overlap-K7,1.0,3.5872851999884006,25600.0,1280.0,20.0,640.0,33280.0,520.0,983040.0,47104.0,23.0,47104.0,7680.0,400.0,25600.0,215040.0,33280.0
nan,paper-0.5,0.09785884405262735,0.005257996051546865,400,CF-A07-shifted-lognormal/missing,0,0.005257996051546865,connected-skew,paper,nan,0,continuous,0.09785884405262735,missing,1,400,nan,nan,1,400,-0.031735704943428054,-0.9183333707692408,-0.6076590717506261,-0.1200851161369173,0.7050111506424056,1.1102347379721398,0.4890477908270392,0.02102759576612903,reused_masked,0,0.07385512596797948,CF-A07-shifted-lognormal,0.5,0.704605700011598,25600.0,1408.0,22.0,1408.0,25600.0,400.0,3276800.0,47104.0,23.0,47104.0,25600.0,400.0,25600.0,0.0,25600.0
nan,qld-v1,0.0024160951723942725,0.001354607007677755,375,CF-A07-shifted-lognormal/missing,0,0.001736741260764063,connected-skew,paper,0.003292507231530961,0,carry,0.003312554737054718,missing,0,200,nan,nan,1,400,0.008581183351796404,-0.8368046637060066,-0.5077776545723399,-0.12400612801470504,0.7808323772380732,1.699952588136442,0.5351193974924152,0.014191658266129033,reused_masked,0,0.030266777078805738,CF-A07-shifted-lognormal,0.5,0.8771368000016082,25600.0,640.0,10.0,640.0,25600.0,400.0,983040.0,47104.0,23.0,47104.0,7680.0,400.0,25600.0,215040.0,25600.0
nan,qld-full,0.0024160951723942725,0.001974081735444111,350,CF-A07-shifted-lognormal/missing,0,0.01145643514049699,connected-skew,qld,0.0012831279841031273,0,carry,0.003312554737054718,missing,0,200,nan,nan,1,400,0.07332196975336669,-0.7285934645078213,-0.43977091338176805,-0.10170993355491505,0.9207700017292998,1.7102427644350409,0.5395013915096581,0.05503402217741935,,0,0.08133604773691061,CF-A07-shifted-lognormal,,1.0207388999988325,25600.0,640.0,10.0,640.0,25600.0,400.0,0.0,47104.0,23.0,47104.0,0.0,400.0,25600.0,307200.0,25600.0
nan,qld-paper-reset,0.0024160951723942725,0.002090565616114648,285,CF-A07-shifted-lognormal/missing,0,0.002803392395471338,connected-skew,paper,-0.0012219891209400702,0,reset,0.003312554737054718,missing,0,200,nan,nan,1,400,0.01798546332995723,-0.8182525488297085,-0.47989909779146156,-0.056870022267816775,0.7854968945919136,1.6240476542878493,0.5184865237598654,0.030257686491935484,reused_masked,0,0.04868397739806818,CF-A07-shifted-lognormal,0.5,1.1957369000010658,25600.0,640.0,10.0,640.0,25600.0,400.0,983040.0,47104.0,23.0,47104.0,7680.0,400.0,25600.0,215040.0,25600.0
nan,qld-mean-crossfit-t0.2,0.0024160951723942725,0.0024160951723942725,200,CF-A07-shifted-lognormal/missing,0,0.006150029961892067,connected-skew,mean,0.001296407081931461,0,reset,0.003312554737054718,missing,0,200,nan,nan,1,400,-0.06055305765953286,-0.6907518712687903,-0.5194938120578164,-0.17141826640866492,0.5224238918992444,1.4373531294199602,0.4498649350009864,0.026146673387096774,crossfit,0,0.07930227089806342,CF-A07-shifted-lognormal,0.2,1.3646911999967415,25600.0,1280.0,20.0,640.0,33280.0,520.0,983040.0,47104.0,23.0,47104.0,7680.0,400.0,25600.0,215040.0,33280.0
nan,qld-sharp-deleted-t0.2,0.0024160951723942725,0.0017643277869916485,300,CF-A07-shifted-lognormal/missing,0,0.001920247986676893,connected-skew,sharp,0.0047817434633424805,0,reset,0.003312554737054718,missing,0,200,nan,nan,1,400,-0.014885761661824183,-0.8061464321282744,-0.5274320576302832,-0.13827978964940912,0.6852549401809646,1.5394888733646432,0.5004589055602241,0.013545866935483871,reused_deleted,0,0.04422856914479971,CF-A07-shifted-lognormal,0.2,1.5413647000095807,25600.0,640.0,10.0,640.0,25600.0,400.0,975360.0,47104.0,23.0,47104.0,7680.0,400.0,25600.0,215040.0,25600.0
nan,qld-sharp-crossfit-t0.2,0.0024160951723942725,0.0024160951723942725,200,CF-A07-shifted-lognormal/missing,0,0.007140818290170325,connected-skew,sharp,-4.459657827704522e-05,0,reset,0.003312554737054718,missing,0,200,nan,nan,1,400,-0.06410643191997276,-0.7074542638027536,-0.5183088573572946,-0.18221863582798634,0.5335127477958521,1.4773020757527613,0.4580968758885187,0.031927293346774195,crossfit,0,0.08543384147537099,CF-A07-shifted-lognormal,0.2,1.7373043000116013,25600.0,1280.0,20.0,640.0,33280.0,520.0,983040.0,47104.0,23.0,47104.0,7680.0,400.0,25600.0,215040.0,33280.0
nan,qld-kgrad-crossfit-t0.2,0.0024160951723942725,0.001695263992496976,281,CF-A07-shifted-lognormal/missing,0,0.006040447148832451,connected-skew,kgrad,-0.00022974584852464286,0,reset,0.003312554737054718,missing,0,200,nan,nan,1,400,-0.06125685056788295,-0.748079382954437,-0.5323634058551041,-0.1790019350672561,0.5675979722518575,1.5618425891575491,0.47947078456535064,0.028792842741935484,crossfit,0,0.0772458922583534,CF-A07-shifted-lognormal,0.2,1.9409229999873787,25600.0,1280.0,20.0,640.0,33280.0,520.0,983040.0,47104.0,23.0,47104.0,7680.0,400.0,25600.0,215040.0,33280.0
nan,qld-mean-crossfit-t0.5,0.0024160951723942725,0.002356317871249569,375,CF-A07-shifted-lognormal/missing,0,0.011401908819297146,connected-skew,mean,0.0016308812992901212,0,reset,0.003312554737054718,missing,0,200,nan,nan,1,400,-0.006484952356039772,-0.6295889098776712,-0.406053565742316,-0.06761586704808993,0.6002704266069488,1.400946720306126,0.42751443886297885,0.060326360887096774,crossfit,0,0.10918909968434212,CF-A07-shifted-lognormal,0.5,2.131079499988118,25600.0,1280.0,20.0,640.0,33280.0,520.0,983040.0,47104.0,23.0,47104.0,7680.0,400.0,25600.0,215040.0,33280.0
nan,qld-sharp-deleted-t0.5,0.0024160951723942725,0.0021810989652644164,300,CF-A07-shifted-lognormal/missing,0,0.004530178298847276,connected-skew,sharp,-3.612624774884665e-06,0,reset,0.003312554737054718,missing,0,200,nan,nan,1,400,0.010842566409542561,-0.7568039405267576,-0.4636243054355534,-0.08251473511974128,0.7361311640298144,1.5187970664564217,0.4874236125555477,0.037928427419354836,reused_deleted,0,0.06330780852184646,CF-A07-shifted-lognormal,0.5,2.3350496999919415,25600.0,640.0,10.0,640.0,25600.0,400.0,975360.0,47104.0,23.0,47104.0,7680.0,400.0,25600.0,215040.0,25600.0
nan,qld-sharp-crossfit-t0.5,0.0024160951723942725,0.0024160951723942725,200,CF-A07-shifted-lognormal/missing,0,0.006815517535828652,connected-skew,sharp,0.0009308906926245308,0,reset,0.003312554737054718,missing,0,200,nan,nan,1,400,-0.008647124335168378,-0.7072972990709775,-0.4323510642489821,-0.08020573812913219,0.6387258660853888,1.4946576923910078,0.4581117952523549,0.04479586693548387,crossfit,0,0.08621772832574137,CF-A07-shifted-lognormal,0.5,2.5482429999974556,25600.0,1280.0,20.0,640.0,33280.0,520.0,983040.0,47104.0,23.0,47104.0,7680.0,400.0,25600.0,215040.0,33280.0
nan,qld-kgrad-crossfit-t0.5,0.0024160951723942725,0.0019226566238871312,375,CF-A07-shifted-lognormal/missing,0,0.003766151079213409,connected-skew,kgrad,-0.0011529450443517053,0,reset,0.003312554737054718,missing,0,200,nan,nan,1,400,-0.03565385782852422,-0.7198413031555781,-0.5206338823400515,-0.1502237987877884,0.5923984098990626,1.5131512519449943,0.4745750207571451,0.019105972782258066,crossfit,0,0.060358928651276976,CF-A07-shifted-lognormal,0.5,2.747715600009542,25600.0,1280.0,20.0,640.0,33280.0,520.0,983040.0,47104.0,23.0,47104.0,7680.0,400.0,25600.0,215040.0,33280.0
nan,qld-mean-crossfit-t1,0.0024160951723942725,0.0020788918254934785,375,CF-A07-shifted-lognormal/missing,0,0.00887388103367226,connected-skew,mean,0.007152147895221339,0,reset,0.003312554737054718,missing,0,200,nan,nan,1,400,0.012812801339875632,-0.6731276365260529,-0.4261413181931306,-0.04868993941418598,0.6654492390266322,1.462445558267491,0.4521770287175238,0.05671938004032258,crossfit,0,0.09515306434845007,CF-A07-shifted-lognormal,1.0,2.9498043000057805,25600.0,1280.0,20.0,640.0,33280.0,520.0,983040.0,47104.0,23.0,47104.0,7680.0,400.0,25600.0,215040.0,33280.0
nan,qld-sharp-deleted-t1,0.0024160951723942725,0.0017476187070865068,375,CF-A07-shifted-lognormal/missing,0,0.005429240256682455,connected-skew,sharp,-0.0008025017789496935,0,reset,0.003312554737054718,missing,0,200,nan,nan,1,400,0.029618754527354595,-0.9411550516018615,-0.5293871844132194,-0.13150845298349031,0.9122010012755237,1.7316914212551309,0.5674809891119682,0.028241557459677418,reused_deleted,0,0.056676688967439534,CF-A07-shifted-lognormal,1.0,3.1455223000084516,25600.0,640.0,10.0,640.0,25600.0,400.0,975360.0,47104.0,23.0,47104.0,7680.0,400.0,25600.0,215040.0,25600.0
nan,qld-sharp-crossfit-t1,0.0024160951723942725,0.0019153731921144335,375,CF-A07-shifted-lognormal/missing,0,0.005291391393158595,connected-skew,sharp,0.008412202591296825,0,reset,0.003312554737054718,missing,0,200,nan,nan,1,400,0.013987116243784016,-0.7528428061966522,-0.45539433274841895,-0.06427260046734798,0.7166274960502403,1.5682449111235703,0.4849862058277613,0.044244581653225805,crossfit,0,0.07400283540247064,CF-A07-shifted-lognormal,1.0,3.341726099984953,25600.0,1280.0,20.0,640.0,33280.0,520.0,983040.0,47104.0,23.0,47104.0,7680.0,400.0,25600.0,215040.0,33280.0
nan,qld-kgrad-crossfit-t1,0.0024160951723942725,0.0017919914836671547,325,CF-A07-shifted-lognormal/missing,0,0.0029403206500115964,connected-skew,kgrad,-0.0013850456825624802,0,reset,0.003312554737054718,missing,0,200,nan,nan,1,400,-0.01560692095425588,-0.7229056755555094,-0.513784034674812,-0.13825380291485825,0.6409695597508559,1.5373440615810199,0.4852406768414511,0.017641129032258066,crossfit,0,0.049752949563560134,CF-A07-shifted-lognormal,1.0,3.5263987999933306,25600.0,1280.0,20.0,640.0,33280.0,520.0,983040.0,47104.0,23.0,47104.0,7680.0,400.0,25600.0,215040.0,33280.0
nan,paper-0.5,0.08225686671472154,0.0037503505299915085,400,CF-A07-shifted-lognormal/missing,0,0.0037503505299915085,connected-skew,paper,nan,0,continuous,0.08225686671472154,missing,0,400,nan,nan,1,400,-0.05272058931708597,-0.8535528229691947,-0.6091165573202874,-0.14893913174241524,0.694545080862533,1.0266251071283252,0.4680646761694432,0.02030304939516129,reused_masked,1,0.055228970953717864,CF-A07-shifted-lognormal,0.5,0.6802578999777324,25600.0,1408.0,22.0,1408.0,25600.0,400.0,3276800.0,47104.0,23.0,47104.0,25600.0,400.0,25600.0,0.0,25600.0
nan,qld-v1,0.001832171415079853,0.0013373131126039883,400,CF-A07-shifted-lognormal/missing,0,0.0013373131126039883,connected-skew,paper,0.006197772472639973,0,carry,0.003948426416437556,missing,0,225,nan,nan,1,400,-0.012714278883786722,-0.930917489392009,-0.5375581648424604,-0.14647495377324157,0.8124189108727513,1.6379149198719904,0.5556628989216628,0.01163999495967742,reused_masked,1,0.03910264870098095,CF-A07-shifted-lognormal,0.5,0.8584891999780666,25600.0,640.0,10.0,640.0,25600.0,400.0,983040.0,47104.0,23.0,47104.0,7680.0,400.0,25600.0,215040.0,25600.0
nan,qld-full,0.001832171415079853,0.001832171415079853,225,CF-A07-shifted-lognormal/missing,0,0.002156829614942235,connected-skew,qld,5.898419151884049e-05,0,carry,0.003948426416437556,missing,0,225,nan,nan,1,400,0.03487104465385087,-0.79643019708761,-0.5057906557762671,-0.1272325495614964,0.9133213565047521,1.767448319327616,0.5698841827884072,0.021342615927419355,,1,0.05340438148322712,CF-A07-shifted-lognormal,,1.003352100000484,25600.0,640.0,10.0,640.0,25600.0,400.0,0.0,47104.0,23.0,47104.0,0.0,400.0,25600.0,307200.0,25600.0
nan,qld-paper-reset,0.001832171415079853,0.0013106591319100858,400,CF-A07-shifted-lognormal/missing,0,0.0013106591319100858,connected-skew,paper,-0.0012047506537270491,0,reset,0.003948426416437556,missing,0,225,nan,nan,1,400,-0.0181297334818804,-0.8782446762844516,-0.5062206390497341,-0.15121649288639522,0.7511354017986378,1.5747669033234681,0.5246456909446369,0.014396421370967742,reused_masked,1,0.036728171937473665,CF-A07-shifted-lognormal,0.5,1.172120899980655,25600.0,640.0,10.0,640.0,25600.0,400.0,983040.0,47104.0,23.0,47104.0,7680.0,400.0,25600.0,215040.0,25600.0
nan,qld-mean-crossfit-t0.2,0.001832171415079853,0.0014066879918624986,325,CF-A07-shifted-lognormal/missing,0,0.0023015855476404834,connected-skew,mean,-0.001028092631017108,0,reset,0.003948426416437556,missing,0,225,nan,nan,1,400,-0.008765057800338457,-0.7937989117872427,-0.5909755177259847,-0.09966782173952825,0.6860852418891348,1.5433420458980682,0.525277037749256,0.01705834173387097,crossfit,1,0.03515550696461987,CF-A07-shifted-lognormal,0.2,1.3436587000032887,25600.0,1280.0,20.0,640.0,33280.0,520.0,983040.0,47104.0,23.0,47104.0,7680.0,400.0,25600.0,215040.0,33280.0
nan,qld-sharp-deleted-t0.2,0.001832171415079853,0.0015258733104943634,283,CF-A07-shifted-lognormal/missing,0,0.0022732864961887422,connected-skew,sharp,-0.0014514888641238288,0,reset,0.003948426416437556,missing,0,225,nan,nan,1,400,-0.009583008023175662,-0.767887407952079,-0.500571178056032,-0.13648180125438392,0.6874536243780828,1.5704511448997323,0.49726940368092115,0.02161038306451613,reused_deleted,1,0.037671361306222936,CF-A07-shifted-lognormal,0.2,1.5349291999882553,25600.0,640.0,10.0,640.0,25600.0,400.0,975360.0,47104.0,23.0,47104.0,7680.0,400.0,25600.0,215040.0,25600.0
nan,qld-sharp-crossfit-t0.2,0.001832171415079853,0.0017208292861266017,325,CF-A07-shifted-lognormal/missing,0,0.003046421779321573,connected-skew,sharp,-0.0018049427084914083,0,reset,0.003948426416437556,missing,0,225,nan,nan,1,400,0.0010389134112767815,-0.7943755893925533,-0.5760941443518586,-0.08402202462525887,0.6807216130062544,1.5114831269312754,0.5176808532755217,0.019751764112903226,crossfit,1,0.03996097741324692,CF-A07-shifted-lognormal,0.2,1.7391369999968447,25600.0,1280.0,20.0,640.0,33280.0,520.0,983040.0,47104.0,23.0,47104.0,7680.0,400.0,25600.0,215040.0,33280.0
nan,qld-kgrad-crossfit-t0.2,0.001832171415079853,0.0017858698113656368,325,CF-A07-shifted-lognormal/missing,0,0.005430291606470572,connected-skew,kgrad,0.00035797592004416234,0,reset,0.003948426416437556,missing,0,225,nan,nan,1,400,0.0005530313384816124,-0.8324149977032655,-0.6237127681682869,-0.08077672622673443,0.7157027428701495,1.5233039128623966,0.5400272837894085,0.03055695564516129,crossfit,1,0.06046397224276658,CF-A07-shifted-lognormal,0.2,1.932030099997064,25600.0,1280.0,20.0,640.0,33280.0,520.0,983040.0,47104.0,23.0,47104.0,7680.0,400.0,25600.0,215040.0,33280.0
nan,qld-mean-crossfit-t0.5,0.001832171415079853,0.0017194030258639303,400,CF-A07-shifted-lognormal/missing,0,0.0017194030258639303,connected-skew,mean,-0.0017157491779925538,0,reset,0.003948426416437556,missing,0,225,nan,nan,1,400,-0.02865752157603627,-0.9077246960040193,-0.5638698199824247,-0.1499454320618075,0.7848118068479064,1.5071051711555523,0.5308909744139527,0.014963457661290322,crossfit,1,0.03791024774730487,CF-A07-shifted-lognormal,0.5,2.1321031999832485,25600.0,1280.0,20.0,640.0,33280.0,520.0,983040.0,47104.0,23.0,47104.0,7680.0,400.0,25600.0,215040.0,33280.0
nan,qld-sharp-deleted-t0.5,0.001832171415079853,0.001244208585160056,375,CF-A07-shifted-lognormal/missing,0,0.0018128119532072606,connected-skew,sharp,-0.0005704245408384434,0,reset,0.003948426416437556,missing,0,225,nan,nan,1,400,-0.021644013171545243,-0.8668166199222032,-0.5015054172841799,-0.14672174642894847,0.7278943371180393,1.555453933830822,0.5117690544109603,0.019357988911290324,reused_deleted,1,0.04130658620393527,CF-A07-shifted-lognormal,0.5,2.322136699978728,25600.0,640.0,10.0,640.0,25600.0,400.0,975360.0,47104.0,23.0,47104.0,7680.0,400.0,25600.0,215040.0,25600.0
nan,qld-sharp-crossfit-t0.5,0.001832171415079853,0.0012521988856838417,284,CF-A07-shifted-lognormal/missing,0,0.0014476393892010053,connected-skew,sharp,-0.0021811364957243784,0,reset,0.003948426416437556,missing,0,225,nan,nan,1,400,-0.01870008183286232,-0.8933599818757649,-0.5636519922237201,-0.14150698808978798,0.8097610640894966,1.4960265516579028,0.5356390260468361,0.012553553427419355,crossfit,1,0.03535875465495831,CF-A07-shifted-lognormal,0.5,2.5179915000044275,25600.0,1280.0,20.0,640.0,33280.0,520.0,983040.0,47104.0,23.0,47104.0,7680.0,400.0,25600.0,215040.0,33280.0
nan,qld-kgrad-crossfit-t0.5,0.001832171415079853,0.0017837540033551758,375,CF-A07-shifted-lognormal/missing,0,0.004449133272777961,connected-skew,kgrad,-0.0012190365697416494,0,reset,0.003948426416437556,missing,0,225,nan,nan,1,400,0.004337406975682318,-0.794417526287664,-0.5788605150373816,-0.07014254648763288,0.680226977778962,1.4215216694448418,0.5038942350611888,0.02542212701612903,crossfit,1,0.051215912909539016,CF-A07-shifted-lognormal,0.5,2.719560500001535,25600.0,1280.0,20.0,640.0,33280.0,520.0,983040.0,47104.0,23.0,47104.0,7680.0,400.0,25600.0,215040.0,33280.0
nan,qld-mean-crossfit-t1,0.001832171415079853,0.001832171415079853,225,CF-A07-shifted-lognormal/missing,0,0.0019976654907486457,connected-skew,mean,-0.0008705491601408433,0,reset,0.003948426416437556,missing,0,225,nan,nan,1,400,-0.012082117282214316,-0.9177643911588843,-0.5536798643197931,-0.13124502054090575,0.8272051957834691,1.5353977423311675,0.535446496279464,0.01790889616935484,crossfit,1,0.042929813590155665,CF-A07-shifted-lognormal,1.0,2.925194299983559,25600.0,1280.0,20.0,640.0,33280.0,520.0,983040.0,47104.0,23.0,47104.0,7680.0,400.0,25600.0,215040.0,33280.0
nan,qld-sharp-deleted-t1,0.001832171415079853,0.0013797119339359343,284,CF-A07-shifted-lognormal/missing,0,0.0014898873383675237,connected-skew,sharp,-0.0015858578795772127,0,reset,0.003948426416437556,missing,0,225,nan,nan,1,400,-0.024141336286317247,-0.9236670980443115,-0.525771694714989,-0.16016578913952756,0.7770326999832446,1.5738367455225752,0.5379342682002474,0.016648815524193547,reused_deleted,1,0.043727907391588536,CF-A07-shifted-lognormal,1.0,3.1197928999899887,25600.0,640.0,10.0,640.0,25600.0,400.0,975360.0,47104.0,23.0,47104.0,7680.0,400.0,25600.0,215040.0,25600.0
nan,qld-sharp-crossfit-t1,0.001832171415079853,0.001832171415079853,225,CF-A07-shifted-lognormal/missing,0,0.0021395390230606326,connected-skew,sharp,-0.0021040651282369094,0,reset,0.003948426416437556,missing,0,225,nan,nan,1,400,-0.0031666963601069548,-0.9311656312443569,-0.5627683691100666,-0.1292008530955809,0.8794375249551004,1.570864899185111,0.5541506942385857,0.017893145161290324,crossfit,1,0.05033485492952569,CF-A07-shifted-lognormal,1.0,3.3165044999914244,25600.0,1280.0,20.0,640.0,33280.0,520.0,983040.0,47104.0,23.0,47104.0,7680.0,400.0,25600.0,215040.0,33280.0
nan,qld-kgrad-crossfit-t1,0.001832171415079853,0.0017053814003475942,325,CF-A07-shifted-lognormal/missing,0,0.004927645228047894,connected-skew,kgrad,-0.001415030653875271,0,reset,0.003948426416437556,missing,0,225,nan,nan,1,400,0.00529472730934807,-0.7711378841735014,-0.5818678335275308,-0.06408714290945267,0.6729528934021044,1.3870237854599465,0.5002615973622311,0.027264994959677418,crossfit,1,0.0546882561051559,CF-A07-shifted-lognormal,1.0,3.5153585999796633,25600.0,1280.0,20.0,640.0,33280.0,520.0,983040.0,47104.0,23.0,47104.0,7680.0,400.0,25600.0,215040.0,33280.0
nan,paper-0.5,0.11308154511023127,0.003784853256607046,400,CF-A07-shifted-lognormal/missing,0,0.003784853256607046,connected-skew,paper,nan,0,continuous,0.11308154511023127,missing,0,250,nan,nan,1,400,-0.012869227817874314,-0.808563977141502,-0.5270807243002151,-0.07441869640143035,0.6657249975578974,1.0984157784342317,0.45277246006349375,0.024508568548387098,reused_masked,2,0.05841858141728979,CF-A07-shifted-lognormal,0.5,0.6859339000075124,25600.0,1408.0,22.0,1408.0,25600.0,400.0,3276800.0,47104.0,23.0,47104.0,25600.0,400.0,25600.0,0.0,25600.0
nan,qld-v1,0.0031780117575942457,0.0028314166832624776,400,CF-A07-shifted-lognormal/missing,0,0.0028314166832624776,connected-skew,paper,0.012351196445922197,0,carry,0.008757710508361272,missing,0,175,nan,nan,1,400,-0.004362092655786868,-0.8101927752594776,-0.48084879962383237,-0.10172613107522754,0.758166608401342,1.5463548453602227,0.5096506608578467,0.02005103326612903,reused_masked,2,0.041213192711057764,CF-A07-shifted-lognormal,0.5,0.854616900003748,25600.0,640.0,10.0,640.0,25600.0,400.0,983040.0,47104.0,23.0,47104.0,7680.0,400.0,25600.0,215040.0,25600.0
nan,qld-full,0.0031780117575942457,0.0016347415890143324,375,CF-A07-shifted-lognormal/missing,0,0.0025963007431226703,connected-skew,qld,0.006194301447899564,0,carry,0.008757710508361272,missing,0,175,nan,nan,1,400,-0.010079600592978596,-0.7941767014340865,-0.4860261246272183,-0.1276466631118959,0.7750208811801523,1.616236864713749,0.5201676552356944,0.01505796370967742,,2,0.033107548023804695,CF-A07-shifted-lognormal,,0.9992438000044785,25600.0,640.0,10.0,640.0,25600.0,400.0,0.0,47104.0,23.0,47104.0,0.0,400.0,25600.0,307200.0,25600.0
nan,qld-paper-reset,0.0031780117575942457,0.0031780117575942457,200,CF-A07-shifted-lognormal/missing,0,0.004425815900976238,connected-skew,paper,-0.0030859698785672407,0,reset,0.008757710508361272,missing,0,175,nan,nan,1,400,-0.03246623046699863,-0.9364260952732381,-0.5489820691066416,-0.15173712287120847,0.7587307195537468,1.5592346014946805,0.5325314221254148,0.016286542338709676,reused_masked,2,0.04471612619097657,CF-A07-shifted-lognormal,0.5,1.1692387000075541,25600.0,640.0,10.0,640.0,25600.0,400.0,983040.0,47104.0,23.0,47104.0,7680.0,400.0,25600.0,215040.0,25600.0
nan,qld-mean-crossfit-t0.2,0.0031780117575942457,0.0021504114427349785,350,CF-A07-shifted-lognormal/missing,0,0.00906605346271816,connected-skew,mean,-0.005044447264565655,0,reset,0.008757710508361272,missing,0,175,nan,nan,1,400,-0.0023984968719632403,-0.9866700588404618,-0.6651062813511824,-0.09848612820299066,0.8583567684529758,1.5659991996313498,0.5903953601688589,0.04972593245967742,crossfit,2,0.10143753726479603,CF-A07-shifted-lognormal,0.2,1.3419169000117108,25600.0,1280.0,20.0,640.0,33280.0,520.0,983040.0,47104.0,23.0,47104.0,7680.0,400.0,25600.0,215040.0,33280.0
nan,qld-sharp-deleted-t0.2,0.0031780117575942457,0.0021829020116949094,400,CF-A07-shifted-lognormal/missing,0,0.0021829020116949094,connected-skew,sharp,-0.0011075363347513578,0,reset,0.008757710508361272,missing,0,175,nan,nan,1,400,-0.025312835889290612,-0.8590711987339195,-0.5505428012699464,-0.13602008012559025,0.7125102378532762,1.4555415616068756,0.5090117338155626,0.008190524193548387,reused_deleted,2,0.028827119831826592,CF-A07-shifted-lognormal,0.2,1.5383224000106566,25600.0,640.0,10.0,640.0,25600.0,400.0,975360.0,47104.0,23.0,47104.0,7680.0,400.0,25600.0,215040.0,25600.0
nan,qld-sharp-crossfit-t0.2,0.0031780117575942457,0.0019049965336986885,300,CF-A07-shifted-lognormal/missing,0,0.004358312592764313,connected-skew,sharp,-0.004375190815823493,0,reset,0.008757710508361272,missing,0,175,nan,nan,1,400,-0.0027367233009312447,-0.8895556384192285,-0.6229978190736237,-0.08887757595557194,0.7771995874488229,1.481222243790261,0.5413189916293955,0.03543976814516129,crossfit,2,0.06967871920934098,CF-A07-shifted-lognormal,0.2,1.745118499995442,25600.0,1280.0,20.0,640.0,33280.0,520.0,983040.0,47104.0,23.0,47104.0,7680.0,400.0,25600.0,215040.0,33280.0
nan,qld-kgrad-crossfit-t0.2,0.0031780117575942457,0.0031780117575942457,200,CF-A07-shifted-lognormal/missing,0,0.004529744257440682,connected-skew,kgrad,-0.0022047924000825336,0,reset,0.008757710508361272,missing,0,175,nan,nan,1,400,-0.02340204001537334,-0.9654951669166294,-0.611112686341855,-0.14723191237086206,0.8042936692070818,1.5001317725833847,0.5531500131151119,0.019389490927419355,crossfit,2,0.0530905227133296,CF-A07-shifted-lognormal,0.2,1.9400715999945533,25600.0,1280.0,20.0,640.0,33280.0,520.0,983040.0,47104.0,23.0,47104.0,7680.0,400.0,25600.0,215040.0,33280.0
nan,qld-mean-crossfit-t0.5,0.0031780117575942457,0.0030962745305659345,350,CF-A07-shifted-lognormal/missing,0,0.008887608230473965,connected-skew,mean,-0.0036126244952902065,0,reset,0.008757710508361272,missing,0,175,nan,nan,1,400,-0.040656108483838334,-0.9042949437128321,-0.6607202382441748,-0.14198645026260884,0.7762952672482998,1.4047176895574929,0.5479218117981136,0.030698714717741934,crossfit,2,0.06521310883112276,CF-A07-shifted-lognormal,0.5,2.146550700010266,25600.0,1280.0,20.0,640.0,33280.0,520.0,983040.0,47104.0,23.0,47104.0,7680.0,400.0,25600.0,215040.0,33280.0
nan,qld-sharp-deleted-t0.5,0.0031780117575942457,0.0021015920187300585,400,CF-A07-shifted-lognormal/missing,0,0.0021015920187300585,connected-skew,sharp,-0.0043399051290344826,0,reset,0.008757710508361272,missing,0,175,nan,nan,1,400,-0.026055928695497124,-0.7590254358159361,-0.5453213811207468,-0.11654547025165127,0.6462888630614599,1.30903821651805,0.4697781940919557,0.015089465725806451,reused_deleted,2,0.03988858959164318,CF-A07-shifted-lognormal,0.5,2.346367200021632,25600.0,640.0,10.0,640.0,25600.0,400.0,975360.0,47104.0,23.0,47104.0,7680.0,400.0,25600.0,215040.0,25600.0
nan,qld-sharp-crossfit-t0.5,0.0031780117575942457,0.002846811906797586,300,CF-A07-shifted-lognormal/missing,0,0.005521631584561093,connected-skew,sharp,-0.0026238827628942696,0,reset,0.008757710508361272,missing,0,175,nan,nan,1,400,-0.03400102857532977,-0.9119416788604011,-0.6171380218539558,-0.14736131168929,0.7763806011425193,1.441262025470616,0.5398647332167931,0.022602696572580645,crossfit,2,0.05371025412560741,CF-A07-shifted-lognormal,0.5,2.543033199995989,25600.0,1280.0,20.0,640.0,33280.0,520.0,983040.0,47104.0,23.0,47104.0,7680.0,400.0,25600.0,215040.0,33280.0
nan,qld-kgrad-crossfit-t0.5,0.0031780117575942457,0.0031780117575942457,200,CF-A07-shifted-lognormal/missing,0,0.005832493440208308,connected-skew,kgrad,-0.0035462563201713593,0,reset,0.008757710508361272,missing,0,175,nan,nan,1,400,-0.0301176914107887,-0.92620030522576,-0.6283617053381825,-0.13739516383443343,0.7771259834153754,1.390534004885098,0.541594724542078,0.028540826612903226,crossfit,2,0.06345716994582587,CF-A07-shifted-lognormal,0.5,2.744064900005469,25600.0,1280.0,20.0,640.0,33280.0,520.0,983040.0,47104.0,23.0,47104.0,7680.0,400.0,25600.0,215040.0,33280.0
nan,qld-mean-crossfit-t1,0.0031780117575942457,0.002233265973411336,350,CF-A07-shifted-lognormal/missing,0,0.007789476492014558,connected-skew,mean,-0.0022635078283858023,0,reset,0.008757710508361272,missing,0,175,nan,nan,1,400,-0.02403304976908375,-0.9422586159448267,-0.6437351576861331,-0.13994706149286842,0.8411407850265188,1.541058614656605,0.5747765065262879,0.027910786290322582,crossfit,2,0.06893005504682798,CF-A07-shifted-lognormal,1.0,2.938934700010577,25600.0,1280.0,20.0,640.0,33280.0,520.0,983040.0,47104.0,23.0,47104.0,7680.0,400.0,25600.0,215040.0,33280.0
nan,qld-sharp-deleted-t1,0.0031780117575942457,0.0031780117575942457,200,CF-A07-shifted-lognormal/missing,0,0.006423901098416729,connected-skew,sharp,-0.004982972033200639,0,reset,0.008757710508361272,missing,0,175,nan,nan,1,400,-0.030801008371788903,-0.9624205515460972,-0.5431998870149922,-0.18987485768481274,0.8034643148984039,1.5959596351503935,0.5436038563323197,0.030131678427419355,reused_deleted,2,0.06155123289092546,CF-A07-shifted-lognormal,1.0,3.128859400021611,25600.0,640.0,10.0,640.0,25600.0,400.0,975360.0,47104.0,23.0,47104.0,7680.0,400.0,25600.0,215040.0,25600.0
nan,qld-sharp-crossfit-t1,0.0031780117575942457,0.0026685751708033223,350,CF-A07-shifted-lognormal/missing,0,0.004968899956897532,connected-skew,sharp,-0.002851386326402583,0,reset,0.008757710508361272,missing,0,175,nan,nan,1,400,-0.01672261199646636,-0.9646881645577003,-0.6141196460652892,-0.13841441562908402,0.8479302455648271,1.5813858743870477,0.5692834177898142,0.018932711693548387,crossfit,2,0.057969118646488675,CF-A07-shifted-lognormal,1.0,3.3234669000084978,25600.0,1280.0,20.0,640.0,33280.0,520.0,983040.0,47104.0,23.0,47104.0,7680.0,400.0,25600.0,215040.0,33280.0
nan,qld-kgrad-crossfit-t1,0.0031780117575942457,0.0018333737140099338,300,CF-A07-shifted-lognormal/missing,0,0.003423046285146114,connected-skew,kgrad,-0.0020706104399754732,0,reset,0.008757710508361272,missing,0,175,nan,nan,1,400,-0.0036575575342769895,-0.7733278528728853,-0.5929438067012799,-0.08084874871872949,0.7069831270287811,1.3768305855263405,0.5015355394967412,0.02795803931451613,crossfit,2,0.05334834382568346,CF-A07-shifted-lognormal,1.0,3.522765400004573,25600.0,1280.0,20.0,640.0,33280.0,520.0,983040.0,47104.0,23.0,47104.0,7680.0,400.0,25600.0,215040.0,33280.0
nan,paper-0.5,0.2341830890648401,0.006691791341083775,400,CF-A07-shifted-lognormal/concentrated,0,0.006691791341083775,connected-skew,paper,nan,0,continuous,0.2341830890648401,concentrated,0,300,nan,nan,1,400,-0.07445633017546464,-0.7927132077483307,-0.6082992812569127,-0.14637791279647186,0.5883442943033157,0.9073543074012829,0.4383983486872388,0.020649571572580645,reused_masked,0,0.07320850706563399,CF-A07-shifted-lognormal,0.5,0.6859993000107352,25600.0,1408.0,22.0,1408.0,25600.0,400.0,3276800.0,47104.0,23.0,47104.0,25600.0,400.0,25600.0,0.0,25600.0
nan,qld-v1,0.0051077191246520215,0.002636380858916487,400,CF-A07-shifted-lognormal/concentrated,0,0.002636380858916487,connected-skew,paper,0.0010769876688376812,0,carry,0.01036329578205275,concentrated,0,150,nan,nan,1,400,-0.0520555027532655,-0.8013991834460862,-0.5469057192767096,-0.17977177828427512,0.7124754521304418,1.4567166293699703,0.4999031834594048,0.022760206653225805,reused_masked,0,0.05388584463309618,CF-A07-shifted-lognormal,0.5,0.8667067000060342,25600.0,640.0,10.0,640.0,25600.0,400.0,983040.0,47104.0,23.0,47104.0,7680.0,400.0,25600.0,215040.0,25600.0
nan,qld-full,0.0051077191246520215,0.002795409125137649,375,CF-A07-shifted-lognormal/concentrated,0,0.0037447768369289758,connected-skew,qld,-0.005274875971941206,0,carry,0.01036329578205275,concentrated,0,150,nan,nan,1,400,0.0019716075375555767,-0.755289246167775,-0.5184735814494479,-0.13191550464386986,0.8123712243408502,1.6589949270611115,0.5314900110033786,0.024524319556451613,,0,0.04454484158757557,CF-A07-shifted-lognormal,,1.0054780000064056,25600.0,640.0,10.0,640.0,25600.0,400.0,0.0,47104.0,23.0,47104.0,0.0,400.0,25600.0,307200.0,25600.0
nan,qld-paper-reset,0.0051077191246520215,0.002428799973897222,283,CF-A07-shifted-lognormal/concentrated,0,0.0026804597712339895,connected-skew,paper,-0.007909988746265806,0,reset,0.01036329578205275,concentrated,0,150,nan,nan,1,400,-0.02340635595936725,-0.812554209918652,-0.5556042789571561,-0.1258438744806889,0.74507361054108,1.473646117112303,0.5055176634488489,0.019121723790322582,reused_masked,0,0.04328574784507159,CF-A07-shifted-lognormal,0.5,1.1847100000013597,25600.0,640.0,10.0,640.0,25600.0,400.0,983040.0,47104.0,23.0,47104.0,7680.0,400.0,25600.0,215040.0,25600.0
nan,qld-mean-crossfit-t0.2,0.0051077191246520215,0.0024010735918527093,285,CF-A07-shifted-lognormal/concentrated,0,0.0030576196030189795,connected-skew,mean,-0.007962222190200041,0,reset,0.01036329578205275,concentrated,0,150,nan,nan,1,400,-0.013259774365310879,-0.725049080894716,-0.5440885608319878,-0.146795793634547,0.7858264515544463,1.4118670758142788,0.5122814544938789,0.00711945564516129,crossfit,0,0.02882881584257026,CF-A07-shifted-lognormal,0.2,1.3706419999944046,25600.0,1280.0,20.0,640.0,33280.0,520.0,983040.0,47104.0,23.0,47104.0,7680.0,400.0,25600.0,215040.0,33280.0
nan,qld-sharp-deleted-t0.2,0.0051077191246520215,0.00251699549514528,285,CF-A07-shifted-lognormal/concentrated,0,0.0026745234220557634,connected-skew,sharp,-0.00784630028690747,0,reset,0.01036329578205275,concentrated,0,150,nan,nan,1,400,-0.02411682704226908,-0.7403357469505216,-0.5048674419871433,-0.15064532185453958,0.6944087824992234,1.4241564873319774,0.47989876733732195,0.025957661290322582,reused_deleted,0,0.052849584912367464,CF-A07-shifted-lognormal,0.2,1.5720251000020653,25600.0,640.0,10.0,640.0,25600.0,400.0,975360.0,47104.0,23.0,47104.0,7680.0,400.0,25600.0,215040.0,25600.0
nan,qld-sharp-crossfit-t0.2,0.0051077191246520215,0.0023054568508096285,284,CF-A07-shifted-lognormal/concentrated,0,0.007984475963174087,connected-skew,sharp,-0.0076570484472207045,0,reset,0.01036329578205275,concentrated,0,150,nan,nan,1,400,0.023278082261013675,-0.6364719334425006,-0.44749742514042823,-0.10931195288147023,0.7424119243155475,1.4211518673654204,0.47673993815023674,0.041488155241935484,crossfit,0,0.06227002306509586,CF-A07-shifted-lognormal,0.2,1.7791588999971282,25600.0,1280.0,20.0,640.0,33280.0,520.0,983040.0,47104.0,23.0,47104.0,7680.0,400.0,25600.0,215040.0,33280.0
nan,qld-kgrad-crossfit-t0.2,0.0051077191246520215,0.0022564152676504134,284,CF-A07-shifted-lognormal/concentrated,0,0.005720491830675911,connected-skew,kgrad,-0.00757603889334757,0,reset,0.01036329578205275,concentrated,0,150,nan,nan,1,400,0.0051116545196602595,-0.6358712225525345,-0.4749366657536177,-0.12063321212604937,0.7334439607400689,1.3810626239836257,0.4740547172728014,0.028981854838709676,crossfit,0,0.04932696619248388,CF-A07-shifted-lognormal,0.2,1.9824176999973133,25600.0,1280.0,20.0,640.0,33280.0,520.0,983040.0,47104.0,23.0,47104.0,7680.0,400.0,25600.0,215040.0,33280.0
nan,qld-mean-crossfit-t0.5,0.0051077191246520215,0.0022389398223836565,325,CF-A07-shifted-lognormal/concentrated,0,0.004005817712480431,connected-skew,mean,-0.007732620508445365,0,reset,0.01036329578205275,concentrated,0,150,nan,nan,1,400,-0.014129710059977197,-0.8212980056080116,-0.5717480664431489,-0.15506570878820022,0.8221909531438842,1.4816272917016309,0.5377934828390534,0.009230090725806451,crossfit,0,0.03573224406073151,CF-A07-shifted-lognormal,0.5,2.1874535999959335,25600.0,1280.0,20.0,640.0,33280.0,520.0,983040.0,47104.0,23.0,47104.0,7680.0,400.0,25600.0,215040.0,33280.0
nan,qld-sharp-deleted-t0.5,0.0051077191246520215,0.002353306537757671,400,CF-A07-shifted-lognormal/concentrated,0,0.002353306537757671,connected-skew,sharp,-0.007770788059431655,0,reset,0.01036329578205275,concentrated,0,150,nan,nan,1,400,-0.028460977337904408,-0.7874945269273255,-0.5432622813187741,-0.13833633629933428,0.7209139237469403,1.4229612790309827,0.4957598210557249,0.019720262096774195,reused_deleted,0,0.04505079669341408,CF-A07-shifted-lognormal,0.5,2.380922600015765,25600.0,640.0,10.0,640.0,25600.0,400.0,975360.0,47104.0,23.0,47104.0,7680.0,400.0,25600.0,215040.0,25600.0
nan,qld-sharp-crossfit-t0.5,0.0051077191246520215,0.002164283967243996,375,CF-A07-shifted-lognormal/concentrated,0,0.0036231340286558833,connected-skew,sharp,-0.007278780671599039,0,reset,0.01036329578205275,concentrated,0,150,nan,nan,1,400,-0.0034232498729041723,-0.8144071167744265,-0.5310923221412676,-0.1392789405687611,0.798487524663015,1.4854908560470763,0.5211456774292459,0.013167842741935484,crossfit,0,0.03483723563308428,CF-A07-shifted-lognormal,0.5,2.5897369000012986,25600.0,1280.0,20.0,640.0,33280.0,520.0,983040.0,47104.0,23.0,47104.0,7680.0,400.0,25600.0,215040.0,33280.0
nan,qld-kgrad-crossfit-t0.5,0.0051077191246520215,0.0024599422987547914,284,CF-A07-shifted-lognormal/concentrated,0,0.00784173583232195,connected-skew,kgrad,-0.007430463587979608,0,reset,0.01036329578205275,concentrated,0,150,nan,nan,1,400,0.020698337010659974,-0.6409698400558494,-0.44768393168002285,-0.10981563842390586,0.7461885251479673,1.3845011826351616,0.47167780345180993,0.04185042842741935,crossfit,0,0.06322953854170814,CF-A07-shifted-lognormal,0.5,2.7998508000164293,25600.0,1280.0,20.0,640.0,33280.0,520.0,983040.0,47104.0,23.0,47104.0,7680.0,400.0,25600.0,215040.0,33280.0
nan,qld-mean-crossfit-t1,0.0051077191246520215,0.002672101928224757,375,CF-A07-shifted-lognormal/concentrated,0,0.004006563474014402,connected-skew,mean,-0.0066773850224702835,0,reset,0.01036329578205275,concentrated,0,150,nan,nan,1,400,-0.01264577414848154,-0.850212422832749,-0.5736465937537797,-0.15303811821705757,0.8173593875598768,1.4983815027080494,0.5404713327774572,0.011702998991935484,crossfit,0,0.038692193623719784,CF-A07-shifted-lognormal,1.0,2.9902596000174526,25600.0,1280.0,20.0,640.0,33280.0,520.0,983040.0,47104.0,23.0,47104.0,7680.0,400.0,25600.0,215040.0,33280.0
nan,qld-sharp-deleted-t1,0.0051077191246520215,0.002407480593905831,285,CF-A07-shifted-lognormal/concentrated,0,0.002636638778451328,connected-skew,sharp,-0.00795581518814692,0,reset,0.01036329578205275,concentrated,0,150,nan,nan,1,400,-0.028705984123216816,-0.7970302664165728,-0.5564016947860262,-0.13178727046709582,0.7340925438990291,1.4133472007361525,0.49844548202877903,0.016255040322580645,reused_deleted,0,0.041489372710069486,CF-A07-shifted-lognormal,1.0,3.180473200016422,25600.0,640.0,10.0,640.0,25600.0,400.0,975360.0,47104.0,23.0,47104.0,7680.0,400.0,25600.0,215040.0,25600.0
nan,qld-sharp-crossfit-t1,0.0051077191246520215,0.0028003940477130396,375,CF-A07-shifted-lognormal/concentrated,0,0.0038419774346059032,connected-skew,sharp,-0.007249846841963059,0,reset,0.01036329578205275,concentrated,0,150,nan,nan,1,400,-0.0027091296659880904,-0.8328221924376407,-0.5368965770017436,-0.1467853467647563,0.8231077974749254,1.5147142798552609,0.5315911775026082,0.012789818548387098,crossfit,0,0.036610855447449096,CF-A07-shifted-lognormal,1.0,3.396412900008727,25600.0,1280.0,20.0,640.0,33280.0,520.0,983040.0,47104.0,23.0,47104.0,7680.0,400.0,25600.0,215040.0,33280.0
nan,qld-kgrad-crossfit-t1,0.0051077191246520215,0.0020355552783992703,375,CF-A07-shifted-lognormal/concentrated,0,0.004369625544855094,connected-skew,kgrad,-0.007721091658499324,0,reset,0.01036329578205275,concentrated,0,150,nan,nan,1,400,0.0006973664985320573,-0.708921581972447,-0.5053738116467532,-0.12641102625023923,0.76861308825482,1.3985871667842007,0.4921580822539976,0.02132686491935484,crossfit,0,0.04063743088438943,CF-A07-shifted-lognormal,1.0,3.594801400002325,25600.0,1280.0,20.0,640.0,33280.0,520.0,983040.0,47104.0,23.0,47104.0,7680.0,400.0,25600.0,215040.0,33280.0
nan,paper-0.5,0.18573437822070726,0.004292867796537703,400,CF-A07-shifted-lognormal/concentrated,0,0.004292867796537703,connected-skew,paper,nan,0,continuous,0.18573437822070726,concentrated,0,325,nan,nan,1,400,-0.08096895097449489,-0.7685478720833736,-0.5621269723164042,-0.14012921073498552,0.5687757322168189,0.9051351379378816,0.41267694478483136,0.018995715725806453,reused_masked,1,0.06746862451379103,CF-A07-shifted-lognormal,0.5,0.787439000006998,25600.0,1408.0,22.0,1408.0,25600.0,400.0,3276800.0,47104.0,23.0,47104.0,25600.0,400.0,25600.0,0.0,25600.0
nan,qld-v1,0.002570328255717347,0.002570328255717347,250,CF-A07-shifted-lognormal/concentrated,0,0.004376594216423113,connected-skew,paper,-0.0001196852599107956,0,carry,0.005478184775551731,concentrated,0,175,nan,nan,1,400,-0.02653538991519689,-0.7538404332057872,-0.47365664629490767,-0.1824766008025267,0.7101590200208089,1.440118721687285,0.4921579604765793,0.02379977318548387,reused_masked,1,0.039260625722471056,CF-A07-shifted-lognormal,0.5,0.9794828000012785,25600.0,640.0,10.0,640.0,25600.0,400.0,983040.0,47104.0,23.0,47104.0,7680.0,400.0,25600.0,215040.0,25600.0
nan,qld-full,0.002570328255717347,0.002570328255717347,250,CF-A07-shifted-lognormal/concentrated,0,0.00710822122595689,connected-skew,qld,-0.00024354271418525197,0,carry,0.005478184775551731,concentrated,0,175,nan,nan,1,400,-0.03365232032742119,-0.6272659988976002,-0.44797381885547993,-0.19313708003781135,0.6746389026479669,1.4155703233115178,0.46453352672268394,0.04304750504032258,,1,0.06532487984644973,CF-A07-shifted-lognormal,,1.1490878000040539,25600.0,640.0,10.0,640.0,25600.0,400.0,0.0,47104.0,23.0,47104.0,0.0,400.0,25600.0,307200.0,25600.0
nan,qld-paper-reset,0.002570328255717347,0.002570328255717347,250,CF-A07-shifted-lognormal/concentrated,0,0.004802818856700419,connected-skew,paper,0.006738000101922048,0,reset,0.005478184775551731,concentrated,0,175,nan,nan,1,400,-0.03846270865369465,-0.685221482767967,-0.48868857044419517,-0.13222025455884498,0.672398485308843,1.3411675218708552,0.4614234019173942,0.03362840221774194,reused_masked,1,0.05859221367960279,CF-A07-shifted-lognormal,0.5,1.357754600001499,25600.0,640.0,10.0,640.0,25600.0,400.0,983040.0,47104.0,23.0,47104.0,7680.0,400.0,25600.0,215040.0,25600.0
nan,qld-mean-crossfit-t0.2,0.002570328255717347,0.002145627005967654,400,CF-A07-shifted-lognormal/concentrated,0,0.002145627005967654,connected-skew,mean,0.007771408072481778,0,reset,0.005478184775551731,concentrated,0,175,nan,nan,1,400,-0.048079890311001454,-0.772697361018907,-0.5259836020686806,-0.18592280450063411,0.6749131545542321,1.360824768098596,0.48551005233372474,0.01822391633064516,crossfit,1,0.038094975932938785,CF-A07-shifted-lognormal,0.2,1.5879396999953315,25600.0,1280.0,20.0,640.0,33280.0,520.0,983040.0,47104.0,23.0,47104.0,7680.0,400.0,25600.0,215040.0,33280.0
nan,qld-sharp-deleted-t0.2,0.002570328255717347,0.002570328255717347,250,CF-A07-shifted-lognormal/concentrated,0,0.003310374372547331,connected-skew,sharp,0.008803081190396411,0,reset,0.005478184775551731,concentrated,0,175,nan,nan,1,400,-0.03746546943013408,-0.7111894783922621,-0.4802507192640176,-0.1620424051856159,0.6280547457492147,1.3492658543161675,0.46924820490308233,0.01408140120967742,reused_deleted,1,0.03688434721787759,CF-A07-shifted-lognormal,0.2,1.7836855000059586,25600.0,640.0,10.0,640.0,25600.0,400.0,975360.0,47104.0,23.0,47104.0,7680.0,400.0,25600.0,215040.0,25600.0
nan,qld-sharp-crossfit-t0.2,0.002570328255717347,0.002570328255717347,250,CF-A07-shifted-lognormal/concentrated,0,0.0027346151219915793,connected-skew,sharp,0.008474544038563736,0,reset,0.005478184775551731,concentrated,0,175,nan,nan,1,400,-0.04693123765599607,-0.7476320131374437,-0.5065322782906363,-0.1867678010221612,0.6580277239548632,1.3369576066433957,0.474485196044961,0.022397933467741934,crossfit,1,0.04442420198973531,CF-A07-shifted-lognormal,0.2,2.002480800001649,25600.0,1280.0,20.0,640.0,33280.0,520.0,983040.0,47104.0,23.0,47104.0,7680.0,400.0,25600.0,215040.0,33280.0
nan,qld-kgrad-crossfit-t0.2,0.002570328255717347,0.0019518146419466031,400,CF-A07-shifted-lognormal/concentrated,0,0.0019518146419466031,connected-skew,kgrad,0.007418574724526894,0,reset,0.005478184775551731,concentrated,0,175,nan,nan,1,400,-0.05042824455621914,-0.7332649104078195,-0.5289835067287811,-0.19319569380664123,0.6804354173387237,1.3518628835027895,0.4872233282761262,0.014616935483870967,crossfit,1,0.03282647340200412,CF-A07-shifted-lognormal,0.2,2.222250199993141,25600.0,1280.0,20.0,640.0,33280.0,520.0,983040.0,47104.0,23.0,47104.0,7680.0,400.0,25600.0,215040.0,33280.0
nan,qld-mean-crossfit-t0.5,0.002570328255717347,0.002570328255717347,250,CF-A07-shifted-lognormal/concentrated,0,0.0029579939540249622,connected-skew,mean,0.010133875700761963,0,reset,0.005478184775551731,concentrated,0,175,nan,nan,1,400,-0.054888140542207274,-0.7446075122009943,-0.49942761877207176,-0.1965008353384849,0.6376012866885286,1.269626897789941,0.46156978679538274,0.02567414314516129,crossfit,1,0.0533794491914367,CF-A07-shifted-lognormal,0.5,2.4337757999892347,25600.0,1280.0,20.0,640.0,33280.0,520.0,983040.0,47104.0,23.0,47104.0,7680.0,400.0,25600.0,215040.0,33280.0
nan,qld-sharp-deleted-t0.5,0.002570328255717347,0.002570328255717347,250,CF-A07-shifted-lognormal/concentrated,0,0.004716151997717466,connected-skew,sharp,0.010632222706793648,0,reset,0.005478184775551731,concentrated,0,175,nan,nan,1,400,-0.04287790061122347,-0.7121726620867729,-0.47779665722242703,-0.19106772028904026,0.6461024323858132,1.3141653998395504,0.45734695184719387,0.03411668346774194,reused_deleted,1,0.05921565794400211,CF-A07-shifted-lognormal,0.5,2.6461268000130076,25600.0,640.0,10.0,640.0,25600.0,400.0,975360.0,47104.0,23.0,47104.0,7680.0,400.0,25600.0,215040.0,25600.0
nan,qld-sharp-crossfit-t0.5,0.002570328255717347,0.002570328255717347,250,CF-A07-shifted-lognormal/concentrated,0,0.004450896041093277,connected-skew,sharp,0.013110397594644052,0,reset,0.005478184775551731,concentrated,0,175,nan,nan,1,400,-0.0394808899738527,-0.7209045975035278,-0.48617123298230697,-0.18394820897587458,0.657421896486404,1.3120397201587006,0.46005580303356824,0.03165952620967742,crossfit,1,0.055355194794853006,CF-A07-shifted-lognormal,0.5,2.864695099997334,25600.0,1280.0,20.0,640.0,33280.0,520.0,983040.0,47104.0,23.0,47104.0,7680.0,400.0,25600.0,215040.0,33280.0
nan,qld-kgrad-crossfit-t0.5,0.002570328255717347,0.002444333861713721,400,CF-A07-shifted-lognormal/concentrated,0,0.002444333861713721,connected-skew,kgrad,0.00910763987453067,0,reset,0.005478184775551731,concentrated,0,175,nan,nan,1,400,-0.0511743425609681,-0.7286549777783302,-0.5140896263331288,-0.18755644419900322,0.6546422718430838,1.2988530064779678,0.47012540803126723,0.018964213709677418,crossfit,1,0.0421307235078994,CF-A07-shifted-lognormal,0.5,3.081787400005851,25600.0,1280.0,20.0,640.0,33280.0,520.0,983040.0,47104.0,23.0,47104.0,7680.0,400.0,25600.0,215040.0,33280.0
nan,qld-mean-crossfit-t1,0.002570328255717347,0.002570328255717347,250,CF-A07-shifted-lognormal/concentrated,0,0.004204343908686958,connected-skew,mean,0.008552700226175713,0,reset,0.005478184775551731,concentrated,0,175,nan,nan,1,400,-0.0472243352255155,-0.6919615100753085,-0.48057901588390084,-0.1963763352254895,0.6426077638740307,1.238323599979582,0.44982540078343264,0.02962764616935484,crossfit,1,0.057021368610884,CF-A07-shifted-lognormal,1.0,3.3039509000082035,25600.0,1280.0,20.0,640.0,33280.0,520.0,983040.0,47104.0,23.0,47104.0,7680.0,400.0,25600.0,215040.0,33280.0
nan,qld-sharp-deleted-t1,0.002570328255717347,0.002570328255717347,250,CF-A07-shifted-lognormal/concentrated,0,0.0051163203060314855,connected-skew,sharp,0.009334249830575736,0,reset,0.005478184775551731,concentrated,0,175,nan,nan,1,400,-0.03422106736323371,-0.6596429396647477,-0.4885551930009691,-0.12200484485820585,0.6761624796759805,1.2968167156264174,0.4537315052447536,0.03380166330645161,reused_deleted,1,0.06027933740705742,CF-A07-shifted-lognormal,1.0,3.5045449000026565,25600.0,640.0,10.0,640.0,25600.0,400.0,975360.0,47104.0,23.0,47104.0,7680.0,400.0,25600.0,215040.0,25600.0
nan,qld-sharp-crossfit-t1,0.002570328255717347,0.002570328255717347,250,CF-A07-shifted-lognormal/concentrated,0,0.005392325748155291,connected-skew,sharp,0.009378504680243593,0,reset,0.005478184775551731,concentrated,0,175,nan,nan,1,400,-0.025461557138984726,-0.6701071805004667,-0.49355388133684264,-0.1300664332792185,0.6820127709693593,1.2816083339871298,0.4590001904125729,0.03014742943548387,crossfit,1,0.05045763701330155,CF-A07-shifted-lognormal,1.0,3.7074947000073735,25600.0,1280.0,20.0,640.0,33280.0,520.0,983040.0,47104.0,23.0,47104.0,7680.0,400.0,25600.0,215040.0,33280.0
nan,qld-kgrad-crossfit-t1,0.002570328255717347,0.002570328255717347,250,CF-A07-shifted-lognormal/concentrated,0,0.0034075788112595262,connected-skew,kgrad,0.007141584774261633,0,reset,0.005478184775551731,concentrated,0,175,nan,nan,1,400,-0.04787080944136522,-0.6907945160003651,-0.49136336122274604,-0.1897529033070594,0.6500446665288842,1.2815369236326632,0.45985291201996603,0.023216985887096774,crossfit,1,0.048335891521584635,CF-A07-shifted-lognormal,1.0,3.9320309000031557,25600.0,1280.0,20.0,640.0,33280.0,520.0,983040.0,47104.0,23.0,47104.0,7680.0,400.0,25600.0,215040.0,33280.0
nan,paper-0.5,0.2304241123153512,0.005994792178505848,400,CF-A07-shifted-lognormal/concentrated,0,0.005994792178505848,connected-skew,paper,nan,0,continuous,0.2304241123153512,concentrated,0,300,nan,nan,1,400,-0.03879423021153633,-0.8680393386353351,-0.5792496625656316,-0.09736879304878066,0.6317602989703096,1.043406573647591,0.4566048016315357,0.019027217741935484,reused_masked,2,0.06850906179925259,CF-A07-shifted-lognormal,0.5,0.7808190000068862,25600.0,1408.0,22.0,1408.0,25600.0,400.0,3276800.0,47104.0,23.0,47104.0,25600.0,400.0,25600.0,0.0,25600.0
nan,qld-v1,0.0032685369899061456,0.0032685369899061456,275,CF-A07-shifted-lognormal/concentrated,0,0.01067247026442808,connected-skew,paper,-0.0034702173470999575,0,carry,0.016566226412522922,concentrated,0,100,nan,nan,1,400,-0.020352910854146554,-0.7201321396194202,-0.5215765840342128,-0.15467418333990704,0.7166783884511303,1.486670273435212,0.49719641490853594,0.020318800403225805,reused_masked,2,0.04408594683675289,CF-A07-shifted-lognormal,0.5,0.9839951999892946,25600.0,640.0,10.0,640.0,25600.0,400.0,983040.0,47104.0,23.0,47104.0,7680.0,400.0,25600.0,215040.0,25600.0
nan,qld-full,0.0032685369899061456,0.002813084931452381,325,CF-A07-shifted-lognormal/concentrated,0,0.012860919213457,connected-skew,qld,-0.010943217643059389,0,carry,0.016566226412522922,concentrated,0,100,nan,nan,1,400,-0.007239835850370095,-0.6185034878723961,-0.46870934207602044,-0.12542820823775222,0.646549549370382,1.541224622768405,0.4753802351083317,0.03137600806451613,,2,0.06222629327762815,CF-A07-shifted-lognormal,,1.1617418999958318,25600.0,640.0,10.0,640.0,25600.0,400.0,0.0,47104.0,23.0,47104.0,0.0,400.0,25600.0,307200.0,25600.0
nan,qld-paper-reset,0.0032685369899061456,0.0026457835033355526,282,CF-A07-shifted-lognormal/concentrated,0,0.009581833951582963,connected-skew,paper,-0.004525623857216665,0,reset,0.016566226412522922,concentrated,0,100,nan,nan,1,400,-0.026702253821799506,-0.8177498845948313,-0.5237644629299391,-0.141302886344457,0.7031488383692522,1.5116415683122164,0.5094418640097292,0.02014553931451613,reused_masked,2,0.04523067261534362,CF-A07-shifted-lognormal,0.5,1.3811718999932054,25600.0,640.0,10.0,640.0,25600.0,400.0,983040.0,47104.0,23.0,47104.0,7680.0,400.0,25600.0,215040.0,25600.0
nan,qld-mean-crossfit-t0.2,0.0032685369899061456,0.0025700217847214324,282,CF-A07-shifted-lognormal/concentrated,0,0.014320002550323618,connected-skew,mean,-0.00358045305399346,0,reset,0.016566226412522922,concentrated,0,100,nan,nan,1,400,-0.05902001655062415,-0.6550753535739192,-0.5221659131645277,-0.1451098613749905,0.5237908741421557,1.1757962976329108,0.4279139766135073,0.02282321068548387,crossfit,2,0.07593039558334128,CF-A07-shifted-lognormal,0.2,1.5823897999944165,25600.0,1280.0,20.0,640.0,33280.0,520.0,983040.0,47104.0,23.0,47104.0,7680.0,400.0,25600.0,215040.0,33280.0
nan,qld-sharp-deleted-t0.2,0.0032685369899061456,0.0028950490796636474,282,CF-A07-shifted-lognormal/concentrated,0,0.0101681184849719,connected-skew,sharp,-0.006864166084316503,0,reset,0.016566226412522922,concentrated,0,100,nan,nan,1,400,-0.01643605131210281,-0.6684518723624446,-0.4998102677609254,-0.11192485274688133,0.6029013594089188,1.3438893030497123,0.4526604190266508,0.02591040826612903,reused_deleted,2,0.06389398339296208,CF-A07-shifted-lognormal,0.2,1.7783606000011787,25600.0,640.0,10.0,640.0,25600.0,400.0,975360.0,47104.0,23.0,47104.0,7680.0,400.0,25600.0,215040.0,25600.0
nan,qld-sharp-crossfit-t0.2,0.0032685369899061456,0.002414536576424209,282,CF-A07-shifted-lognormal/concentrated,0,0.01222298155490198,connected-skew,sharp,-0.002657803546962323,0,reset,0.016566226412522922,concentrated,0,100,nan,nan,1,400,-0.04450171312712005,-0.6922665381297187,-0.5173197716050306,-0.14215385004149206,0.566481165180972,1.299327918083632,0.4487382845168565,0.017357610887096774,crossfit,2,0.06127939305371771,CF-A07-shifted-lognormal,0.2,2.0014935999934096,25600.0,1280.0,20.0,640.0,33280.0,520.0,983040.0,47104.0,23.0,47104.0,7680.0,400.0,25600.0,215040.0,33280.0
nan,qld-kgrad-crossfit-t0.2,0.0032685369899061456,0.0020301862019068695,282,CF-A07-shifted-lognormal/concentrated,0,0.008624367413635481,connected-skew,kgrad,-0.007780815029756805,0,reset,0.016566226412522922,concentrated,0,100,nan,nan,1,400,-0.013364007318591263,-0.6312300297622254,-0.5181825134140866,-0.10771616144039976,0.6150313185783095,1.3138267432135877,0.44879238169163865,0.026871219758064516,crossfit,2,0.06641615483789258,CF-A07-shifted-lognormal,0.2,2.227149099984672,25600.0,1280.0,20.0,640.0,33280.0,520.0,983040.0,47104.0,23.0,47104.0,7680.0,400.0,25600.0,215040.0,33280.0
nan,qld-mean-crossfit-t0.5,0.0032685369899061456,0.003032950635808329,282,CF-A07-shifted-lognormal/concentrated,0,0.009646402525528175,connected-skew,mean,-0.0010444987988736942,0,reset,0.016566226412522922,concentrated,0,100,nan,nan,1,400,-0.04274507284141607,-0.7148437042421323,-0.5567957552778702,-0.13500817518013802,0.6131960892023849,1.3208593090978258,0.47670937712589956,0.021563130040322582,crossfit,2,0.05857774754156927,CF-A07-shifted-lognormal,0.5,2.4140749000071082,25600.0,1280.0,20.0,640.0,33280.0,520.0,983040.0,47104.0,23.0,47104.0,7680.0,400.0,25600.0,215040.0,33280.0
nan,qld-sharp-deleted-t0.5,0.0032685369899061456,0.003032549021952269,282,CF-A07-shifted-lognormal/concentrated,0,0.01049597371322697,connected-skew,sharp,-0.005009397729560772,0,reset,0.016566226412522922,concentrated,0,100,nan,nan,1,400,-0.03655231344509638,-0.790764565417729,-0.5399277965638941,-0.13755129139549502,0.6716108074337626,1.4175594688063016,0.4955748430622395,0.02298072076612903,reused_deleted,2,0.05357524979196223,CF-A07-shifted-lognormal,0.5,2.634300000005169,25600.0,640.0,10.0,640.0,25600.0,400.0,975360.0,47104.0,23.0,47104.0,7680.0,400.0,25600.0,215040.0,25600.0
nan,qld-sharp-crossfit-t0.5,0.0032685369899061456,0.002882024493748858,282,CF-A07-shifted-lognormal/concentrated,0,0.008423497102167055,connected-skew,sharp,0.0004500412558428035,0,reset,0.016566226412522922,concentrated,0,100,nan,nan,1,400,-0.027747654545275426,-0.7326849773150935,-0.5363506755976296,-0.1257368856865745,0.6451673979727715,1.4245237268213446,0.487177579507242,0.016129032258064516,crossfit,2,0.04661223724173752,CF-A07-shifted-lognormal,0.5,2.85913110000547,25600.0,1280.0,20.0,640.0,33280.0,520.0,983040.0,47104.0,23.0,47104.0,7680.0,400.0,25600.0,215040.0,33280.0
nan,qld-kgrad-crossfit-t0.5,0.0032685369899061456,0.0022641433831144253,282,CF-A07-shifted-lognormal/concentrated,0,0.009242064144631468,connected-skew,kgrad,-0.003891636328265502,0,reset,0.016566226412522922,concentrated,0,100,nan,nan,1,400,-0.030859872259108228,-0.6828948446804464,-0.5310041116930193,-0.1282967581757637,0.605416024687626,1.3245578438196,0.46084938098539463,0.01163999495967742,crossfit,2,0.04982145521197512,CF-A07-shifted-lognormal,0.5,3.0735858000116423,25600.0,1280.0,20.0,640.0,33280.0,520.0,983040.0,47104.0,23.0,47104.0,7680.0,400.0,25600.0,215040.0,33280.0
nan,qld-mean-crossfit-t1,0.0032685369899061456,0.0030294568000005517,282,CF-A07-shifted-lognormal/concentrated,0,0.008528354577497343,connected-skew,mean,0.00300662942376162,0,reset,0.016566226412522922,concentrated,0,100,nan,nan,1,400,-0.03526841706884583,-0.7980869392216962,-0.5785353656412271,-0.1386618780981081,0.7015720756704261,1.4314296907983193,0.508923177726861,0.016790574596774195,crossfit,2,0.04468275605518243,CF-A07-shifted-lognormal,1.0,3.2771575000078883,25600.0,1280.0,20.0,640.0,33280.0,520.0,983040.0,47104.0,23.0,47104.0,7680.0,400.0,25600.0,215040.0,33280.0
nan,qld-sharp-deleted-t1,0.0032685369899061456,0.002794894785790536,282,CF-A07-shifted-lognormal/concentrated,0,0.010597800712085603,connected-skew,sharp,-0.0012586216962492403,0,reset,0.016566226412522922,concentrated,0,100,nan,nan,1,400,-0.032546609870061444,-0.7707374332002411,-0.5338467293346676,-0.1428864107820407,0.7126247991340713,1.4532642887999296,0.5094136363735849,0.025469380040322582,reused_deleted,2,0.04968784097085561,CF-A07-shifted-lognormal,1.0,3.4666157999890856,25600.0,640.0,10.0,640.0,25600.0,400.0,975360.0,47104.0,23.0,47104.0,7680.0,400.0,25600.0,215040.0,25600.0
nan,qld-sharp-crossfit-t1,0.0032685369899061456,0.002886473607113804,282,CF-A07-shifted-lognormal/concentrated,0,0.007308364283168722,connected-skew,sharp,0.004849545891189022,0,reset,0.016566226412522922,concentrated,0,100,nan,nan,1,400,-0.023850507155979552,-0.7910011658923181,-0.5658534018793103,-0.12899599938941717,0.7115551397721279,1.4868924019973497,0.5137801133302131,0.013246597782258064,crossfit,2,0.03703042489045279,CF-A07-shifted-lognormal,1.0,3.6844643999938853,25600.0,1280.0,20.0,640.0,33280.0,520.0,983040.0,47104.0,23.0,47104.0,7680.0,400.0,25600.0,215040.0,33280.0
nan,qld-kgrad-crossfit-t1,0.0032685369899061456,0.0023832865709813023,282,CF-A07-shifted-lognormal/concentrated,0,0.00837414193809305,connected-skew,kgrad,-0.0014967441216592325,0,reset,0.016566226412522922,concentrated,0,100,nan,nan,1,400,-0.026060626853457586,-0.6920711479419985,-0.5307538569441295,-0.13065184188654388,0.6385668418538141,1.3767339222041597,0.47515900563461094,0.011592741935483871,crossfit,2,0.043295995041107795,CF-A07-shifted-lognormal,1.0,3.8991150000074413,25600.0,1280.0,20.0,640.0,33280.0,520.0,983040.0,47104.0,23.0,47104.0,7680.0,400.0,25600.0,215040.0,33280.0
nan,paper-0.5,0.18691169194471802,0.0032143361862397857,350,CF-A08-student-t3.5/missing,0,0.00645064816924501,connected-heavy-tail,paper,nan,0,continuous,0.18691169194471802,missing,0,100,nan,nan,1,400,0.04202931465017494,-1.9003043498272405,-1.0637379475910673,0.04815439564153354,1.1728096014813947,2.062520788998833,0.8336814722856547,0.014853200604838709,reused_masked,0,0.07419952877470928,CF-A08-student-t3.5,0.5,0.8118064000154845,25600.0,1408.0,22.0,1408.0,25600.0,400.0,3276800.0,47104.0,23.0,47104.0,25600.0,400.0,25600.0,0.0,25600.0
nan,qld-v1,0.0030454592230544364,0.0026254256783888597,282,CF-A08-student-t3.5/missing,0,0.0034257979766447733,connected-heavy-tail,paper,0.000865057815242043,0,carry,0.0030454592230544364,missing,0,75,nan,nan,1,400,0.021999506047949643,-2.201341637156022,-1.0584675889703183,0.002538049326325172,1.2030598004768212,2.360660548792352,0.9221965062253993,0.010490171370967742,reused_masked,0,0.04981075067920502,CF-A08-student-t3.5,0.5,1.0104794999933802,25600.0,640.0,10.0,640.0,25600.0,400.0,983040.0,47104.0,23.0,47104.0,7680.0,400.0,25600.0,215040.0,25600.0
nan,qld-full,0.0030454592230544364,0.0026388832366359694,281,CF-A08-student-t3.5/missing,0,0.0064636414885090865,connected-heavy-tail,qld,0.001042935821050861,0,carry,0.0030454592230544364,missing,0,75,nan,nan,1,400,0.060328222124691924,-2.3247152049054995,-1.0584918194693114,0.042457770207540275,1.2802994210385108,2.5463279172762086,0.964364893751158,0.011766003024193549,,0,0.058819062300766646,CF-A08-student-t3.5,,1.191794000013033,25600.0,640.0,10.0,640.0,25600.0,400.0,0.0,47104.0,23.0,47104.0,0.0,400.0,25600.0,307200.0,25600.0
nan,qld-paper-reset,0.0030454592230544364,0.0030454592230544364,280,CF-A08-student-t3.5/missing,0,0.007078511346199079,connected-heavy-tail,paper,0.00011875835825692072,0,reset,0.0030454592230544364,missing,0,75,nan,nan,1,400,0.04887990120064692,-1.973824328945174,-0.8995668515088857,0.02808414627139869,1.1147563951356894,2.170758720601072,0.8299802844628886,0.014207409274193549,reused_masked,0,0.07770308109164398,CF-A08-student-t3.5,0.5,1.4131678999983706,25600.0,640.0,10.0,640.0,25600.0,400.0,983040.0,47104.0,23.0,47104.0,7680.0,400.0,25600.0,215040.0,25600.0
nan,qld-mean-crossfit-t0.2,0.0030454592230544364,0.0030454592230544364,280,CF-A08-student-t3.5/missing,0,0.007090807658530096,connected-heavy-tail,mean,0.010592905393789431,0,reset,0.0030454592230544364,missing,0,75,nan,nan,1,400,0.05859169563030351,-2.0582751104165014,-1.019274315861132,0.04563241310831407,1.2420647514237633,2.2876321513529727,0.9093019074727866,0.013482862903225807,crossfit,0,0.06792155662664308,CF-A08-student-t3.5,0.2,1.6071253000118304,25600.0,1280.0,20.0,640.0,33280.0,520.0,983040.0,47104.0,23.0,47104.0,7680.0,400.0,25600.0,215040.0,33280.0
nan,qld-sharp-deleted-t0.2,0.0030454592230544364,0.0030454592230544364,280,CF-A08-student-t3.5/missing,0,0.008873560635200395,connected-heavy-tail,sharp,0.0034507914432342357,0,reset,0.0030454592230544364,missing,0,75,nan,nan,1,400,0.06750534451861234,-1.9218026718653887,-0.9009022796738491,0.038524951245849454,1.1416640021163253,2.18186332084662,0.8335457619906279,0.015026461693548387,reused_deleted,0,0.08108699633561488,CF-A08-student-t3.5,0.2,1.8197396000032313,25600.0,640.0,10.0,640.0,25600.0,400.0,975360.0,47104.0,23.0,47104.0,7680.0,400.0,25600.0,215040.0,25600.0
nan,qld-sharp-crossfit-t0.2,0.0030454592230544364,0.0030454592230544364,280,CF-A08-student-t3.5/missing,0,0.005024455254726057,connected-heavy-tail,sharp,0.005252132569526502,0,reset,0.0030454592230544364,missing,0,75,nan,nan,1,400,0.031868190208267755,-2.1179754338774295,-1.0753155832920476,0.020885311382461656,1.1846950268958907,2.3070786190552552,0.9152212579767226,0.010127898185483871,crossfit,0,0.051846667696620705,CF-A08-student-t3.5,0.2,2.034195300017018,25600.0,1280.0,20.0,640.0,33280.0,520.0,983040.0,47104.0,23.0,47104.0,7680.0,400.0,25600.0,215040.0,33280.0
nan,qld-kgrad-crossfit-t0.2,0.0030454592230544364,0.0025772393608081146,350,CF-A08-student-t3.5/missing,0,0.013019454595490254,connected-heavy-tail,kgrad,0.015899799114471147,0,reset,0.0030454592230544364,missing,0,75,nan,nan,1,400,0.10613165056134163,-2.090028509063369,-0.9666460123532586,0.0688292023609103,1.297760672745904,2.3031083450193264,0.9026304024825422,0.026256930443548387,crossfit,0,0.10408889873970403,CF-A08-student-t3.5,0.2,2.2465988000039943,25600.0,1280.0,20.0,640.0,33280.0,520.0,983040.0,47104.0,23.0,47104.0,7680.0,400.0,25600.0,215040.0,33280.0
nan,qld-mean-crossfit-t0.5,0.0030454592230544364,0.002676311809717946,281,CF-A08-student-t3.5/missing,0,0.004350556197074695,connected-heavy-tail,mean,0.003698564869496268,0,reset,0.0030454592230544364,missing,0,75,nan,nan,1,400,0.031205208249876618,-2.096736863798189,-1.0445678257715922,0.010721041739574479,1.2105313699148783,2.2365090119739186,0.9007844629529183,0.010080645161290322,crossfit,0,0.054486659209534105,CF-A08-student-t3.5,0.5,2.4592133999976795,25600.0,1280.0,20.0,640.0,33280.0,520.0,983040.0,47104.0,23.0,47104.0,7680.0,400.0,25600.0,215040.0,33280.0
nan,qld-sharp-deleted-t0.5,0.0030454592230544364,0.0030454592230544364,280,CF-A08-student-t3.5/missing,0,0.008347835229943978,connected-heavy-tail,sharp,0.0002406861679284944,0,reset,0.0030454592230544364,missing,0,75,nan,nan,1,400,0.04783683301333763,-1.8721839610556066,-0.8746760129259104,0.024565275014170405,1.0678574164472945,2.0846016048542175,0.800893841831738,0.01696383568548387,reused_deleted,0,0.09378023767502901,CF-A08-student-t3.5,0.5,2.6626756000041496,25600.0,640.0,10.0,640.0,25600.0,400.0,975360.0,47104.0,23.0,47104.0,7680.0,400.0,25600.0,215040.0,25600.0
nan,qld-sharp-crossfit-t0.5,0.0030454592230544364,0.0030000662759235297,350,CF-A08-student-t3.5/missing,0,0.0036695097481715955,connected-heavy-tail,sharp,0.002104780314818644,0,reset,0.0030454592230544364,missing,0,75,nan,nan,1,400,0.02016835723197507,-2.157456908566531,-1.0957695715008813,0.013233178016535589,1.1978520548567932,2.2817295759768723,0.9174004548163869,0.006048387096774193,crossfit,0,0.042819561775598015,CF-A08-student-t3.5,0.5,2.8938377000158653,25600.0,1280.0,20.0,640.0,33280.0,520.0,983040.0,47104.0,23.0,47104.0,7680.0,400.0,25600.0,215040.0,33280.0
nan,qld-kgrad-crossfit-t0.5,0.0030454592230544364,0.0030454592230544364,280,CF-A08-student-t3.5/missing,0,0.004142368476987457,connected-heavy-tail,kgrad,0.003698134894456029,0,reset,0.0030454592230544364,missing,0,75,nan,nan,1,400,0.017691382846775523,-2.2035649247206943,-1.117411127517585,0.007284600837062005,1.2161612272202396,2.349661051257079,0.9356679261229931,0.010159400201612902,crossfit,0,0.054243783011002675,CF-A08-student-t3.5,0.5,3.1139187999942806,25600.0,1280.0,20.0,640.0,33280.0,520.0,983040.0,47104.0,23.0,47104.0,7680.0,400.0,25600.0,215040.0,33280.0
nan,qld-mean-crossfit-t1,0.0030454592230544364,0.0024442402267783603,350,CF-A08-student-t3.5/missing,0,0.003572918402308556,connected-heavy-tail,mean,0.001278699756216195,0,reset,0.0030454592230544364,missing,0,75,nan,nan,1,400,0.019424125551140294,-2.1487166935770294,-1.1046167652059007,0.01992788201822685,1.2024888791076995,2.2583814265183713,0.9150915338407286,0.006883190524193549,crossfit,0,0.045200337965276366,CF-A08-student-t3.5,1.0,3.3143808000022545,25600.0,1280.0,20.0,640.0,33280.0,520.0,983040.0,47104.0,23.0,47104.0,7680.0,400.0,25600.0,215040.0,33280.0
nan,qld-sharp-deleted-t1,0.0030454592230544364,0.0026294375663002967,282,CF-A08-student-t3.5/missing,0,0.007273996195513721,connected-heavy-tail,sharp,0.0016153854615050811,0,reset,0.0030454592230544364,missing,0,75,nan,nan,1,400,0.04431172196840661,-1.9830850467949186,-0.9163776602454098,0.031174843440391065,1.116461396673866,2.140089024644895,0.8276894923993976,0.015231224798387098,reused_deleted,0,0.08130297005534952,CF-A08-student-t3.5,1.0,3.520308200008003,25600.0,640.0,10.0,640.0,25600.0,400.0,975360.0,47104.0,23.0,47104.0,7680.0,400.0,25600.0,215040.0,25600.0
nan,qld-sharp-crossfit-t1,0.0030454592230544364,0.0024045743597185254,350,CF-A08-student-t3.5/missing,0,0.003484929959610472,connected-heavy-tail,sharp,0.0016872851053744142,0,reset,0.0030454592230544364,missing,0,75,nan,nan,1,400,0.017814168573371036,-2.2483542203995874,-1.1263860325901498,0.008694983134176952,1.2157627490561285,2.3476751951588506,0.9371247544046003,0.007056451612903226,crossfit,0,0.04663038877519009,CF-A08-student-t3.5,1.0,3.7483369999972638,25600.0,1280.0,20.0,640.0,33280.0,520.0,983040.0,47104.0,23.0,47104.0,7680.0,400.0,25600.0,215040.0,33280.0
nan,qld-kgrad-crossfit-t1,0.0030454592230544364,0.0030454592230544364,280,CF-A08-student-t3.5/missing,0,0.003424667603351139,connected-heavy-tail,kgrad,0.0021724860520890843,0,reset,0.0030454592230544364,missing,0,75,nan,nan,1,400,0.014845200905726585,-2.097293973130323,-1.0861849116030708,0.00990150334289575,1.1517776962460275,2.2168588899114443,0.8916776345894901,0.00508757560483871,crossfit,0,0.040034734636415714,CF-A08-student-t3.5,1.0,3.948841100005666,25600.0,1280.0,20.0,640.0,33280.0,520.0,983040.0,47104.0,23.0,47104.0,7680.0,400.0,25600.0,215040.0,33280.0
nan,paper-0.5,0.2803748125464576,0.00395424373481279,400,CF-A08-student-t3.5/missing,0,0.00395424373481279,connected-heavy-tail,paper,nan,0,continuous,0.2803748125464576,missing,0,50,nan,nan,1,400,-0.01037765647743978,-1.9423926615865104,-1.164617838795034,-0.003784983405040363,1.0832090048063991,1.907664744027388,0.8426809126555785,0.009702620967741936,reused_masked,1,0.0602669820252139,CF-A08-student-t3.5,0.5,0.8136541999992914,25600.0,1408.0,22.0,1408.0,25600.0,400.0,3276800.0,47104.0,23.0,47104.0,25600.0,400.0,25600.0,0.0,25600.0
nan,qld-v1,0.004220860826555706,0.004220860826555706,150,CF-A08-student-t3.5/missing,0,0.004244458361210457,connected-heavy-tail,paper,0.014649494998592028,0,carry,0.008589419443692403,missing,0,50,nan,nan,1,400,-0.01949895285655124,-2.415152077480933,-1.196598146210843,-0.003433459033419254,1.1039429653702797,2.4181785302522703,0.9354452866164367,0.011246219758064516,reused_masked,1,0.05746664441735819,CF-A08-student-t3.5,0.5,1.0404185999941546,25600.0,640.0,10.0,640.0,25600.0,400.0,983040.0,47104.0,23.0,47104.0,7680.0,400.0,25600.0,215040.0,25600.0
nan,qld-full,0.004220860826555706,0.0030829810403596447,325,CF-A08-student-t3.5/missing,0,0.005298039845316627,connected-heavy-tail,qld,0.011449876373919032,0,carry,0.008589419443692403,missing,0,50,nan,nan,1,400,-0.040280248015790006,-2.4061761349555764,-1.2006101916339849,-0.017463580815876407,1.0380769456286318,2.3260819596347475,0.9091815800353427,0.018129410282258066,,1,0.07408287887425372,CF-A08-student-t3.5,,1.2093953999865334,25600.0,640.0,10.0,640.0,25600.0,400.0,0.0,47104.0,23.0,47104.0,0.0,400.0,25600.0,307200.0,25600.0
nan,qld-paper-reset,0.004220860826555706,0.0024313587744648757,400,CF-A08-student-t3.5/missing,0,0.0024313587744648757,connected-heavy-tail,paper,0.002323807181438653,0,reset,0.008589419443692403,missing,0,50,nan,nan,1,400,0.0007653808010689607,-2.2546625506758478,-1.1469183733035297,0.00013229783220089974,1.0891069322511846,2.239750359625837,0.8944626988617558,0.009371849798387098,reused_masked,1,0.04882308483797336,CF-A08-student-t3.5,0.5,1.3967367000004742,25600.0,640.0,10.0,640.0,25600.0,400.0,983040.0,47104.0,23.0,47104.0,7680.0,400.0,25600.0,215040.0,25600.0
nan,qld-mean-crossfit-t0.2,0.004220860826555706,0.0037613138864109885,400,CF-A08-student-t3.5/missing,0,0.0037613138864109885,connected-heavy-tail,mean,0.004232515407200044,0,reset,0.008589419443692403,missing,0,50,nan,nan,1,400,0.0722826715543391,-1.942048894305872,-0.9547387506657333,0.05257764732948243,1.0958500299420293,2.121174847066026,0.8155683800717166,0.03125,crossfit,1,0.12009592038726052,CF-A08-student-t3.5,0.2,1.6189060999895446,25600.0,1280.0,20.0,640.0,33280.0,520.0,983040.0,47104.0,23.0,47104.0,7680.0,400.0,25600.0,215040.0,33280.0
nan,qld-sharp-deleted-t0.2,0.004220860826555706,0.001891145880464018,400,CF-A08-student-t3.5/missing,0,0.001891145880464018,connected-heavy-tail,sharp,0.0059721964242986925,0,reset,0.008589419443692403,missing,0,50,nan,nan,1,400,0.013160196886961422,-2.138089320305272,-1.0586015550741996,0.013549652494563951,1.065286737064337,2.1871146370848007,0.8517884019717742,0.014790196572580645,reused_deleted,1,0.06898730532210656,CF-A08-student-t3.5,0.2,1.8250494999811053,25600.0,640.0,10.0,640.0,25600.0,400.0,975360.0,47104.0,23.0,47104.0,7680.0,400.0,25600.0,215040.0,25600.0
nan,qld-sharp-crossfit-t0.2,0.004220860826555706,0.00358951665825602,400,CF-A08-student-t3.5/missing,0,0.00358951665825602,connected-heavy-tail,sharp,0.007564099129760304,0,reset,0.008589419443692403,missing,0,50,nan,nan,1,400,0.059614818801593854,-1.9688117867297936,-0.906424104595617,0.046014373899060074,1.0307090099968796,2.110667351237666,0.7921001052133821,0.030131678427419355,crossfit,1,0.12458178689759386,CF-A08-student-t3.5,0.2,2.0511074000096414,25600.0,1280.0,20.0,640.0,33280.0,520.0,983040.0,47104.0,23.0,47104.0,7680.0,400.0,25600.0,215040.0,33280.0
nan,qld-kgrad-crossfit-t0.2,0.004220860826555706,0.002798860859947183,400,CF-A08-student-t3.5/missing,0,0.002798860859947183,connected-heavy-tail,kgrad,0.0030585152937563365,0,reset,0.008589419443692403,missing,0,50,nan,nan,1,400,0.04021946366518743,-2.026990482143718,-1.0181044221211608,0.056510539594127315,1.0489119406173029,2.0936580951975006,0.8174627273926897,0.023831275201612902,crossfit,1,0.1020007623986169,CF-A08-student-t3.5,0.2,2.2703726000036113,25600.0,1280.0,20.0,640.0,33280.0,520.0,983040.0,47104.0,23.0,47104.0,7680.0,400.0,25600.0,215040.0,33280.0
nan,qld-mean-crossfit-t0.5,0.004220860826555706,0.004220860826555706,150,CF-A08-student-t3.5/missing,0,0.004537314840438622,connected-heavy-tail,mean,0.005125314144530879,0,reset,0.008589419443692403,missing,0,50,nan,nan,1,400,0.044572157466888,-1.9659804761262487,-0.9686610218641368,0.05232498941999224,1.0458218326850781,2.09545227242378,0.7910173069481724,0.03284085181451613,crossfit,1,0.1285323836958273,CF-A08-student-t3.5,0.5,2.4915961000078823,25600.0,1280.0,20.0,640.0,33280.0,520.0,983040.0,47104.0,23.0,47104.0,7680.0,400.0,25600.0,215040.0,33280.0
nan,qld-sharp-deleted-t0.5,0.004220860826555706,0.0024116616065381624,400,CF-A08-student-t3.5/missing,0,0.0024116616065381624,connected-heavy-tail,sharp,0.0038212588365156286,0,reset,0.008589419443692403,missing,0,50,nan,nan,1,400,0.004863076450370584,-2.181764386210813,-1.1226090440056191,0.0020372807853324434,1.0969481517508741,2.210869697192299,0.880447407629887,0.008820564516129033,reused_deleted,1,0.0491612201104008,CF-A08-student-t3.5,0.5,2.726415499986615,25600.0,640.0,10.0,640.0,25600.0,400.0,975360.0,47104.0,23.0,47104.0,7680.0,400.0,25600.0,215040.0,25600.0
nan,qld-sharp-crossfit-t0.5,0.004220860826555706,0.0041007923255964585,400,CF-A08-student-t3.5/missing,0,0.0041007923255964585,connected-heavy-tail,sharp,0.008486933510540862,0,reset,0.008589419443692403,missing,0,50,nan,nan,1,400,0.041726169817985576,-2.06668213488117,-0.9850093892043454,0.04406265514301344,1.0435290264341845,2.1911413837522846,0.8137896453646825,0.03228956653225806,crossfit,1,0.11946642600513349,CF-A08-student-t3.5,0.5,2.943186999997124,25600.0,1280.0,20.0,640.0,33280.0,520.0,983040.0,47104.0,23.0,47104.0,7680.0,400.0,25600.0,215040.0,33280.0
nan,qld-kgrad-crossfit-t0.5,0.004220860826555706,0.004163318104618785,300,CF-A08-student-t3.5/missing,0,0.005582206496060227,connected-heavy-tail,kgrad,0.009244483366037226,0,reset,0.008589419443692403,missing,0,50,nan,nan,1,400,0.05967475786168198,-1.8293938706261286,-0.8772276028576855,0.05308059679982906,0.9947101666881011,1.9329470032669536,0.7543174378310799,0.03302986391129032,crossfit,1,0.14476048470900527,CF-A08-student-t3.5,0.5,3.141720699990401,25600.0,1280.0,20.0,640.0,33280.0,520.0,983040.0,47104.0,23.0,47104.0,7680.0,400.0,25600.0,215040.0,33280.0
nan,qld-mean-crossfit-t1,0.004220860826555706,0.004220860826555706,150,CF-A08-student-t3.5/missing,0,0.005136672858531366,connected-heavy-tail,mean,0.0053934913483426605,0,reset,0.008589419443692403,missing,0,50,nan,nan,1,400,0.04267522278080903,-2.0441695612176387,-0.9625582505175484,0.04704117354879665,1.0508362091864103,2.1666468247341903,0.8091218499349626,0.03503024193548387,crossfit,1,0.12603237379779966,CF-A08-student-t3.5,1.0,3.3516681999899447,25600.0,1280.0,20.0,640.0,33280.0,520.0,983040.0,47104.0,23.0,47104.0,7680.0,400.0,25600.0,215040.0,33280.0
nan,qld-sharp-deleted-t1,0.004220860826555706,0.003116853684832499,400,CF-A08-student-t3.5/missing,0,0.003116853684832499,connected-heavy-tail,sharp,0.0018625411734938258,0,reset,0.008589419443692403,missing,0,50,nan,nan,1,400,-0.008035861844364363,-2.2157313213683993,-1.150391059010706,-0.005995696962819658,1.1077650988836907,2.224603083811725,0.8926983159178464,0.005780619959677419,reused_deleted,1,0.040786342466397174,CF-A08-student-t3.5,1.0,3.56895300000906,25600.0,640.0,10.0,640.0,25600.0,400.0,975360.0,47104.0,23.0,47104.0,7680.0,400.0,25600.0,215040.0,25600.0
nan,qld-sharp-crossfit-t1,0.004220860826555706,0.004220860826555706,150,CF-A08-student-t3.5/missing,0,0.004836359692964365,connected-heavy-tail,sharp,0.007291043953659093,0,reset,0.008589419443692403,missing,0,50,nan,nan,1,400,0.04329440228378614,-2.1683667067964394,-1.003140137317519,0.04665994098068669,1.090705436605908,2.292053133017357,0.8419460586431601,0.033990675403225805,crossfit,1,0.11492139774063029,CF-A08-student-t3.5,1.0,3.8054252000001725,25600.0,1280.0,20.0,640.0,33280.0,520.0,983040.0,47104.0,23.0,47104.0,7680.0,400.0,25600.0,215040.0,33280.0
nan,qld-kgrad-crossfit-t1,0.004220860826555706,0.0032057960366542737,400,CF-A08-student-t3.5/missing,0,0.0032057960366542737,connected-heavy-tail,kgrad,0.01041179397902825,0,reset,0.008589419443692403,missing,0,50,nan,nan,1,400,0.0506711651488822,-1.9617069619005592,-0.9396320295968189,0.04009483306677121,1.0425471912016668,2.0749789133089904,0.7955393140854206,0.026902721774193547,crossfit,1,0.11618831553352628,CF-A08-student-t3.5,1.0,3.9997920999885537,25600.0,1280.0,20.0,640.0,33280.0,520.0,983040.0,47104.0,23.0,47104.0,7680.0,400.0,25600.0,215040.0,33280.0
nan,paper-0.5,0.139011690768299,0.0035420284326668217,225,CF-A08-student-t3.5/missing,0,0.007365939011824585,connected-heavy-tail,paper,nan,0,continuous,0.139011690768299,missing,0,100,nan,nan,1,400,0.005871944153722807,-2.018961105504103,-1.189990376466744,-0.002863181431879922,1.2463356064395639,2.08785367930815,0.9003671464259864,0.016255040322580645,reused_masked,2,0.07752415366526959,CF-A08-student-t3.5,0.5,0.774133900005836,25600.0,1408.0,22.0,1408.0,25600.0,400.0,3276800.0,47104.0,23.0,47104.0,25600.0,400.0,25600.0,0.0,25600.0
nan,qld-v1,0.0029022032634253847,0.0024405307046948543,285,CF-A08-student-t3.5/missing,0,0.004858706127297552,connected-heavy-tail,paper,-0.0012638702249767597,0,carry,0.003704400929671614,missing,0,100,nan,nan,1,400,-0.005840862159870616,-2.3035543960203126,-1.1992297179560152,-0.03453114853138751,1.2317130806116,2.407317195608246,0.9645947982404524,0.010474420362903226,reused_masked,2,0.05653878968816654,CF-A08-student-t3.5,0.5,0.9592631999985315,25600.0,640.0,10.0,640.0,25600.0,400.0,983040.0,47104.0,23.0,47104.0,7680.0,400.0,25600.0,215040.0,25600.0
nan,qld-full,0.0029022032634253847,0.0022168238272504137,285,CF-A08-student-t3.5/missing,0,0.010961800978745107,connected-heavy-tail,qld,-0.0014875771024212003,0,carry,0.003704400929671614,missing,0,100,nan,nan,1,400,0.03753935176666826,-2.339989124683719,-1.1110597220106864,0.028520292169076103,1.2392087223301957,2.542984806044261,0.940103402751571,0.026871219758064516,,2,0.09479360487324345,CF-A08-student-t3.5,,1.1237684999941848,25600.0,640.0,10.0,640.0,25600.0,400.0,0.0,47104.0,23.0,47104.0,0.0,400.0,25600.0,307200.0,25600.0
nan,qld-paper-reset,0.0029022032634253847,0.0029022032634253847,125,CF-A08-student-t3.5/missing,0,0.005757865951041996,connected-heavy-tail,paper,0.0006287157449638148,0,reset,0.003704400929671614,missing,0,100,nan,nan,1,400,-0.0018443453213918709,-2.296277882213404,-1.2971520132944336,-0.01739349608441347,1.3134981790762064,2.4385955256375045,0.9862880025690178,0.009387600806451613,reused_masked,2,0.06687885694828442,CF-A08-student-t3.5,0.5,1.31852460000664,25600.0,640.0,10.0,640.0,25600.0,400.0,983040.0,47104.0,23.0,47104.0,7680.0,400.0,25600.0,215040.0,25600.0
nan,qld-mean-crossfit-t0.2,0.0029022032634253847,0.0029022032634253847,125,CF-A08-student-t3.5/missing,0,0.012059241852861557,connected-heavy-tail,mean,0.0038321734828570264,0,reset,0.003704400929671614,missing,0,100,nan,nan,1,400,0.048108081523510725,-2.153664780044524,-1.0815951472051362,0.031173899715960143,1.2190051949119785,2.334935960804014,0.9185320884952387,0.02405178931451613,crossfit,2,0.0899958808023717,CF-A08-student-t3.5,0.2,1.5174101000011433,25600.0,1280.0,20.0,640.0,33280.0,520.0,983040.0,47104.0,23.0,47104.0,7680.0,400.0,25600.0,215040.0,33280.0
nan,qld-sharp-deleted-t0.2,0.0029022032634253847,0.0029022032634253847,125,CF-A08-student-t3.5/missing,0,0.0051601138865389196,connected-heavy-tail,sharp,0.0010974783988426662,0,reset,0.003704400929671614,missing,0,100,nan,nan,1,400,-0.0013695111172823756,-2.2057652380903403,-1.205454572287396,-0.007765254288748051,1.2273277966045106,2.2995499720324304,0.9331709835965908,0.008474042338709678,reused_deleted,2,0.05277499455999176,CF-A08-student-t3.5,0.2,1.7399606000108179,25600.0,640.0,10.0,640.0,25600.0,400.0,975360.0,47104.0,23.0,47104.0,7680.0,400.0,25600.0,215040.0,25600.0
nan,qld-sharp-crossfit-t0.2,0.0029022032634253847,0.0029022032634253847,125,CF-A08-student-t3.5/missing,0,0.006720930447872142,connected-heavy-tail,sharp,0.002843842055489265,0,reset,0.003704400929671614,missing,0,100,nan,nan,1,400,0.018334970042839793,-2.073001504543906,-1.1010577306871576,0.008698570480602904,1.138665589753488,2.236450653054878,0.8801905959369569,0.014443674395161291,crossfit,2,0.06897282988192262,CF-A08-student-t3.5,0.2,1.9757519999984652,25600.0,1280.0,20.0,640.0,33280.0,520.0,983040.0,47104.0,23.0,47104.0,7680.0,400.0,25600.0,215040.0,33280.0
nan,qld-kgrad-crossfit-t0.2,0.0029022032634253847,0.0029022032634253847,125,CF-A08-student-t3.5/missing,0,0.004454262284584898,connected-heavy-tail,kgrad,0.008449202710777204,0,reset,0.003704400929671614,missing,0,100,nan,nan,1,400,-0.02022671500780229,-2.0686752274130393,-1.0903427461467892,-0.025562294785167784,1.094553078494045,2.15367896914148,0.862600708753112,0.011766003024193549,crossfit,2,0.059460298685443454,CF-A08-student-t3.5,0.2,2.1863527999958023,25600.0,1280.0,20.0,640.0,33280.0,520.0,983040.0,47104.0,23.0,47104.0,7680.0,400.0,25600.0,215040.0,33280.0
nan,qld-mean-crossfit-t0.5,0.0029022032634253847,0.0029022032634253847,125,CF-A08-student-t3.5/missing,0,0.010275591487165947,connected-heavy-tail,mean,-0.00030841205957665707,0,reset,0.003704400929671614,missing,0,100,nan,nan,1,400,0.026580833511455897,-2.025632218320532,-1.036137880529886,0.024577490872216917,1.1207432517944689,2.1592485949619276,0.8532416163370519,0.021405619959677418,crossfit,2,0.08652700962174815,CF-A08-student-t3.5,0.5,2.3850549000198953,25600.0,1280.0,20.0,640.0,33280.0,520.0,983040.0,47104.0,23.0,47104.0,7680.0,400.0,25600.0,215040.0,33280.0
nan,qld-sharp-deleted-t0.5,0.0029022032634253847,0.0029022032634253847,125,CF-A08-student-t3.5/missing,0,0.005864963457550498,connected-heavy-tail,sharp,0.0005793341287454457,0,reset,0.003704400929671614,missing,0,100,nan,nan,1,400,0.00010522011807457838,-2.013306918239076,-1.1783218360281564,-0.007751056660684506,1.1810722546368029,2.1480106583279297,0.892097313442503,0.007481728830645161,reused_deleted,2,0.054447959967583004,CF-A08-student-t3.5,0.5,2.599946900008945,25600.0,640.0,10.0,640.0,25600.0,400.0,975360.0,47104.0,23.0,47104.0,7680.0,400.0,25600.0,215040.0,25600.0
nan,qld-sharp-crossfit-t0.5,0.0029022032634253847,0.002161818332401033,285,CF-A08-student-t3.5/missing,0,0.00689484438808341,connected-heavy-tail,sharp,-0.0015425825972705809,0,reset,0.003704400929671614,missing,0,100,nan,nan,1,400,0.022728475403171314,-2.0876723763996288,-1.1224250718802484,0.016501544225393884,1.178196062843978,2.239445715008822,0.8856611585305281,0.017105594758064516,crossfit,2,0.07522105899753084,CF-A08-student-t3.5,0.5,2.8060226000088733,25600.0,1280.0,20.0,640.0,33280.0,520.0,983040.0,47104.0,23.0,47104.0,7680.0,400.0,25600.0,215040.0,33280.0
nan,qld-kgrad-crossfit-t0.5,0.0029022032634253847,0.0029022032634253847,125,CF-A08-student-t3.5/missing,0,0.007233127065752187,connected-heavy-tail,kgrad,0.0014475685716528464,0,reset,0.003704400929671614,missing,0,100,nan,nan,1,400,0.01721478307566159,-2.0180616102528077,-1.0808288145096183,0.007301882297734579,1.107695426513706,2.1842670546343506,0.8533274522147808,0.016853578629032258,crossfit,2,0.07760231833225449,CF-A08-student-t3.5,0.5,3.027782399993157,25600.0,1280.0,20.0,640.0,33280.0,520.0,983040.0,47104.0,23.0,47104.0,7680.0,400.0,25600.0,215040.0,33280.0
nan,qld-mean-crossfit-t1,0.0029022032634253847,0.0028827632021934946,285,CF-A08-student-t3.5/missing,0,0.010923487049874891,connected-heavy-tail,mean,-0.0008216377274781195,0,reset,0.003704400929671614,missing,0,100,nan,nan,1,400,0.022327769261199296,-2.01203693234119,-1.085662657270064,0.015019537479217979,1.1487681982179305,2.1196537942303024,0.8483485983237087,0.027044480846774195,crossfit,2,0.10065782084302627,CF-A08-student-t3.5,1.0,3.215072199993301,25600.0,1280.0,20.0,640.0,33280.0,520.0,983040.0,47104.0,23.0,47104.0,7680.0,400.0,25600.0,215040.0,33280.0
nan,qld-sharp-deleted-t1,0.0029022032634253847,0.0029022032634253847,125,CF-A08-student-t3.5/missing,0,0.006092370721239471,connected-heavy-tail,sharp,-0.00015122032026226861,0,reset,0.003704400929671614,missing,0,100,nan,nan,1,400,0.0059503722602243896,-2.1415420097735742,-1.24083770867009,-0.0053341692844969734,1.2757236685342241,2.2796971526234175,0.9403316956349702,0.010238155241935484,reused_deleted,2,0.06207815604359573,CF-A08-student-t3.5,1.0,3.4208140000118874,25600.0,640.0,10.0,640.0,25600.0,400.0,975360.0,47104.0,23.0,47104.0,7680.0,400.0,25600.0,215040.0,25600.0
nan,qld-sharp-crossfit-t1,0.0029022032634253847,0.0023790346088126135,285,CF-A08-student-t3.5/missing,0,0.007491410833627921,connected-heavy-tail,sharp,-0.0013253663208590005,0,reset,0.003704400929671614,missing,0,100,nan,nan,1,400,0.02386831012108045,-2.1516765895437553,-1.1328916907375703,0.016147647870342008,1.1980846449679006,2.297798248361558,0.8975836722736089,0.021547379032258066,crossfit,2,0.08358035503981663,CF-A08-student-t3.5,1.0,3.623175999993691,25600.0,1280.0,20.0,640.0,33280.0,520.0,983040.0,47104.0,23.0,47104.0,7680.0,400.0,25600.0,215040.0,33280.0
nan,qld-kgrad-crossfit-t1,0.0029022032634253847,0.00256135381087641,350,CF-A08-student-t3.5/missing,0,0.0066339636971259885,connected-heavy-tail,kgrad,-6.979241358173738e-07,0,reset,0.003704400929671614,missing,0,100,nan,nan,1,400,0.015204898555486119,-2.0052050510971147,-1.08335562539998,0.010301353425349524,1.1125899091119955,2.134328318114455,0.852425426535157,0.01657006048387097,crossfit,2,0.07628390505231182,CF-A08-student-t3.5,1.0,3.813993899995694,25600.0,1280.0,20.0,640.0,33280.0,520.0,983040.0,47104.0,23.0,47104.0,7680.0,400.0,25600.0,215040.0,33280.0
nan,paper-0.5,0.3961011596260233,0.0028274592376491547,300,CF-A08-student-t3.5/concentrated,0,0.003392206678157761,connected-heavy-tail,paper,nan,0,continuous,0.3961011596260233,concentrated,0,75,nan,nan,1,400,0.013663572928937438,-2.0081880682540616,-1.0712657073434828,0.04481313415394803,1.0529729993484283,1.959591462804061,0.8419938593598317,0.016869329637096774,reused_masked,0,0.10826339742670558,CF-A08-student-t3.5,0.5,0.7779963999928441,25600.0,1408.0,22.0,1408.0,25600.0,400.0,3276800.0,47104.0,23.0,47104.0,25600.0,400.0,25600.0,0.0,25600.0
nan,qld-v1,0.003865828222211709,0.0024935691275336236,325,CF-A08-student-t3.5/concentrated,0,0.0039077918583874105,connected-heavy-tail,paper,0.0020670726097651304,0,carry,0.004636369689613007,concentrated,0,50,nan,nan,1,400,0.019584374342423178,-2.2324835590916488,-1.0015537615300378,0.031855488423838285,1.0741547374199596,2.301682515908809,0.8735757933472165,0.017924647177419355,reused_masked,0,0.10227515585345906,CF-A08-student-t3.5,0.5,0.9548491000023205,25600.0,640.0,10.0,640.0,25600.0,400.0,983040.0,47104.0,23.0,47104.0,7680.0,400.0,25600.0,215040.0,25600.0
nan,qld-full,0.003865828222211709,0.0032667021700849563,400,CF-A08-student-t3.5/concentrated,0,0.0032667021700849563,connected-heavy-tail,qld,0.0034162158031172396,0,carry,0.004636369689613007,concentrated,0,50,nan,nan,1,400,0.008818896556621315,-2.5305316596140592,-1.096649270438199,0.05693006885541803,1.0774215078483595,2.5171918819416157,0.9555341747615507,0.013325352822580645,,0,0.06938664299278216,CF-A08-student-t3.5,,1.1310900999815203,25600.0,640.0,10.0,640.0,25600.0,400.0,0.0,47104.0,23.0,47104.0,0.0,400.0,25600.0,307200.0,25600.0
nan,qld-paper-reset,0.003865828222211709,0.00223894311246009,300,CF-A08-student-t3.5/concentrated,0,0.00386582707776828,connected-heavy-tail,paper,-0.0011404399733834225,0,reset,0.004636369689613007,concentrated,0,50,nan,nan,1,400,0.013145296783349369,-2.037257620714045,-0.9873816546661693,0.04046577438045769,1.0216734683906112,2.1173784394008046,0.8432706728183157,0.016696068548387098,reused_masked,0,0.11201071280619683,CF-A08-student-t3.5,0.5,1.3210475999803748,25600.0,640.0,10.0,640.0,25600.0,400.0,983040.0,47104.0,23.0,47104.0,7680.0,400.0,25600.0,215040.0,25600.0
nan,qld-mean-crossfit-t0.2,0.003865828222211709,0.0022744918407229253,300,CF-A08-student-t3.5/concentrated,0,0.004984967122862338,connected-heavy-tail,mean,-0.0009403712329352221,0,reset,0.004636369689613007,concentrated,0,50,nan,nan,1,400,-0.00549221357032199,-1.9299654089176719,-1.0530310921237063,0.025753941896539158,1.0180912298723779,1.9468965567749998,0.8320103951410524,0.014900453629032258,crossfit,0,0.110791126524265,CF-A08-student-t3.5,0.2,1.5312873999937437,25600.0,1280.0,20.0,640.0,33280.0,520.0,983040.0,47104.0,23.0,47104.0,7680.0,400.0,25600.0,215040.0,33280.0
nan,qld-sharp-deleted-t0.2,0.003865828222211709,0.0033958472395363426,300,CF-A08-student-t3.5/concentrated,0,0.0066024824215242806,connected-heavy-tail,sharp,0.0006393789493746027,0,reset,0.004636369689613007,concentrated,0,50,nan,nan,1,400,0.0014721970688564463,-1.8625136744890873,-0.9506026823754287,-0.00532520699296473,0.9763958488826758,1.8950433295949627,0.7782601100191856,0.020570816532258066,reused_deleted,0,0.14159138617253336,CF-A08-student-t3.5,0.2,1.7493754999886733,25600.0,640.0,10.0,640.0,25600.0,400.0,975360.0,47104.0,23.0,47104.0,7680.0,400.0,25600.0,215040.0,25600.0
nan,qld-sharp-crossfit-t0.2,0.003865828222211709,0.002535672152987223,300,CF-A08-student-t3.5/concentrated,0,0.005655229492559144,connected-heavy-tail,sharp,-0.0009240632666287496,0,reset,0.004636369689613007,concentrated,0,50,nan,nan,1,400,-0.018415429636168115,-2.017257154602171,-1.0729226254769124,0.022024685275417906,1.0186650434441633,1.9910935071540021,0.8406984853639295,0.016507056451612902,crossfit,0,0.11059952097372629,CF-A08-student-t3.5,0.2,1.978062999987742,25600.0,1280.0,20.0,640.0,33280.0,520.0,983040.0,47104.0,23.0,47104.0,7680.0,400.0,25600.0,215040.0,33280.0
nan,qld-kgrad-crossfit-t0.2,0.003865828222211709,0.002721013918447257,400,CF-A08-student-t3.5/concentrated,0,0.002721013918447257,connected-heavy-tail,kgrad,0.0004329818564343668,0,reset,0.004636369689613007,concentrated,0,50,nan,nan,1,400,0.01373010203227878,-2.1272904106040214,-1.0974095600812386,0.058364027237368526,1.092230479739286,2.128314591997077,0.8802081422124772,0.009860131048387098,crossfit,0,0.08124527926006707,CF-A08-student-t3.5,0.2,2.188482700003078,25600.0,1280.0,20.0,640.0,33280.0,520.0,983040.0,47104.0,23.0,47104.0,7680.0,400.0,25600.0,215040.0,33280.0
nan,qld-mean-crossfit-t0.5,0.003865828222211709,0.0025340058907510343,300,CF-A08-student-t3.5/concentrated,0,0.004795147173100478,connected-heavy-tail,mean,-1.0950442797863502e-05,0,reset,0.004636369689613007,concentrated,0,50,nan,nan,1,400,-0.01118685610600286,-2.069802087870461,-1.0879105353900804,0.03288480926704032,1.0522259958029148,2.0578303808133454,0.8641675026285704,0.01623928931451613,crossfit,0,0.10058317222380364,CF-A08-student-t3.5,0.5,2.405415899993386,25600.0,1280.0,20.0,640.0,33280.0,520.0,983040.0,47104.0,23.0,47104.0,7680.0,400.0,25600.0,215040.0,33280.0
nan,qld-sharp-deleted-t0.5,0.003865828222211709,0.0018630108007033908,300,CF-A08-student-t3.5/concentrated,0,0.005841181196710066,connected-heavy-tail,sharp,-0.0009792557283043735,0,reset,0.004636369689613007,concentrated,0,50,nan,nan,1,400,0.0044181064790992045,-1.9105532557297382,-0.9569078734719954,0.029861274217389086,0.9805177270292084,1.9659018841615437,0.7981547718482336,0.020240045362903226,reused_deleted,0,0.1343832801312431,CF-A08-student-t3.5,0.5,2.604089800006477,25600.0,640.0,10.0,640.0,25600.0,400.0,975360.0,47104.0,23.0,47104.0,7680.0,400.0,25600.0,215040.0,25600.0
nan,qld-sharp-crossfit-t0.5,0.003865828222211709,0.002388156933153196,300,CF-A08-student-t3.5/concentrated,0,0.0046182515165476,connected-heavy-tail,sharp,-0.0004274999316646877,0,reset,0.004636369689613007,concentrated,0,50,nan,nan,1,400,-0.012632170973899804,-2.15224055527971,-1.0944679983871195,0.03309568429945541,1.042079798169367,2.1168741056442615,0.8745092926767536,0.015719506048387098,crossfit,0,0.09724542062933872,CF-A08-student-t3.5,0.5,2.8158859999966808,25600.0,1280.0,20.0,640.0,33280.0,520.0,983040.0,47104.0,23.0,47104.0,7680.0,400.0,25600.0,215040.0,33280.0
nan,qld-kgrad-crossfit-t0.5,0.003865828222211709,0.0030563045893172713,300,CF-A08-student-t3.5/concentrated,0,0.006420019305685587,connected-heavy-tail,kgrad,-0.001094783029603974,0,reset,0.004636369689613007,concentrated,0,50,nan,nan,1,400,-0.02482015282407324,-2.0314891765588214,-1.0950821042416574,0.03927486959960123,0.9914020416819512,1.9710096015836718,0.8422582804197516,0.017562373991935484,crossfit,0,0.1146770771552714,CF-A08-student-t3.5,0.5,3.031059600005392,25600.0,1280.0,20.0,640.0,33280.0,520.0,983040.0,47104.0,23.0,47104.0,7680.0,400.0,25600.0,215040.0,33280.0
nan,qld-mean-crossfit-t1,0.003865828222211709,0.002643842748439651,300,CF-A08-student-t3.5/concentrated,0,0.005415214485540387,connected-heavy-tail,mean,0.0007736103850453091,0,reset,0.004636369689613007,concentrated,0,50,nan,nan,1,400,-0.012558573679958857,-2.1814828577927816,-1.1163943039384439,0.0416805776082873,1.0770517746566486,2.1477770179525044,0.8984076964690433,0.01839717741935484,crossfit,0,0.09713706673758489,CF-A08-student-t3.5,1.0,3.2202622999902815,25600.0,1280.0,20.0,640.0,33280.0,520.0,983040.0,47104.0,23.0,47104.0,7680.0,400.0,25600.0,215040.0,33280.0
nan,qld-sharp-deleted-t1,0.003865828222211709,0.0024498766592062626,300,CF-A08-student-t3.5/concentrated,0,0.004262400919685216,connected-heavy-tail,sharp,-6.9370408581903575e-06,0,reset,0.004636369689613007,concentrated,0,50,nan,nan,1,400,0.013167021355893604,-2.046141715827188,-1.0123724523728064,0.057719905389734295,1.0295821294192335,2.1147447910075012,0.855624908599008,0.020429057459677418,reused_deleted,0,0.11618607385849057,CF-A08-student-t3.5,1.0,3.409198000008473,25600.0,640.0,10.0,640.0,25600.0,400.0,975360.0,47104.0,23.0,47104.0,7680.0,400.0,25600.0,215040.0,25600.0
nan,qld-sharp-crossfit-t1,0.003865828222211709,0.002581798822614889,300,CF-A08-student-t3.5/concentrated,0,0.0055523860244559575,connected-heavy-tail,sharp,0.0003842681714651963,0,reset,0.004636369689613007,concentrated,0,50,nan,nan,1,400,-0.01218030687210826,-2.2389899972886447,-1.1155347984256976,0.0577965674849545,1.073029184884742,2.2144110186511106,0.9116582176957344,0.019925025201612902,crossfit,0,0.0973188379647608,CF-A08-student-t3.5,1.0,3.6214200999820605,25600.0,1280.0,20.0,640.0,33280.0,520.0,983040.0,47104.0,23.0,47104.0,7680.0,400.0,25600.0,215040.0,33280.0
nan,qld-kgrad-crossfit-t1,0.003865828222211709,0.002297951319197411,300,CF-A08-student-t3.5/concentrated,0,0.004980671039553464,connected-heavy-tail,kgrad,-0.0010487482893388744,0,reset,0.004636369689613007,concentrated,0,50,nan,nan,1,400,-0.014732114625983795,-2.054289575584983,-1.0867246384876605,0.042855478879655344,1.0142915886199337,2.026358328561177,0.8549016456314776,0.015735257056451613,crossfit,0,0.10407487561206552,CF-A08-student-t3.5,1.0,3.8037150999880396,25600.0,1280.0,20.0,640.0,33280.0,520.0,983040.0,47104.0,23.0,47104.0,7680.0,400.0,25600.0,215040.0,33280.0
nan,paper-0.5,0.35558564708107143,0.004023488257890229,250,CF-A08-student-t3.5/concentrated,0,0.010591161727764975,connected-heavy-tail,paper,nan,0,continuous,0.35558564708107143,concentrated,0,75,nan,nan,1,400,-0.003775692223101604,-1.8680980316602687,-1.074207758532612,-0.015473955696699605,1.0136239796644806,1.8401901749908378,0.7796381020199528,0.03658959173387097,reused_masked,1,0.1486092618538513,CF-A08-student-t3.5,0.5,0.7876275999878999,25600.0,1408.0,22.0,1408.0,25600.0,400.0,3276800.0,47104.0,23.0,47104.0,25600.0,400.0,25600.0,0.0,25600.0
nan,qld-v1,0.0032005442400269146,0.0032005442400269146,150,CF-A08-student-t3.5/concentrated,0,0.006484892315179458,connected-heavy-tail,paper,-0.00011213325579495503,0,carry,0.00777859389114699,concentrated,0,50,nan,nan,1,400,0.018034161300361774,-2.3401511140773033,-1.1085987962123327,-0.0004782319147843819,1.202933714901505,2.3796264389651447,0.9196039575435854,0.018160912298387098,reused_masked,1,0.06640119808554694,CF-A08-student-t3.5,0.5,0.9837774999905378,25600.0,640.0,10.0,640.0,25600.0,400.0,983040.0,47104.0,23.0,47104.0,7680.0,400.0,25600.0,215040.0,25600.0
nan,qld-full,0.0032005442400269146,0.0032005442400269146,150,CF-A08-student-t3.5/concentrated,0,0.010419454572083042,connected-heavy-tail,qld,-0.001913932898961912,0,carry,0.00777859389114699,concentrated,0,50,nan,nan,1,400,0.04749798048581851,-2.272596542468716,-1.0156832475982853,0.013564519260415226,1.14426175302903,2.4229664336291146,0.8865865051093162,0.027170488911290324,,1,0.09848812692072104,CF-A08-student-t3.5,,1.151662899996154,25600.0,640.0,10.0,640.0,25600.0,400.0,0.0,47104.0,23.0,47104.0,0.0,400.0,25600.0,307200.0,25600.0
nan,qld-paper-reset,0.0032005442400269146,0.0032005442400269146,150,CF-A08-student-t3.5/concentrated,0,0.012595822996458006,connected-heavy-tail,paper,-0.001999825528661736,0,reset,0.00777859389114699,concentrated,0,50,nan,nan,1,400,0.016659778567504144,-2.0672818697896527,-0.997920560514636,-0.0021565950115270665,1.0625297990448963,2.1491699101276636,0.823456581728115,0.03030493951612903,reused_masked,1,0.12482279550036644,CF-A08-student-t3.5,0.5,1.3492363000113983,25600.0,640.0,10.0,640.0,25600.0,400.0,983040.0,47104.0,23.0,47104.0,7680.0,400.0,25600.0,215040.0,25600.0
nan,qld-mean-crossfit-t0.2,0.0032005442400269146,0.0032005442400269146,150,CF-A08-student-t3.5/concentrated,0,0.008224331120106676,connected-heavy-tail,mean,-0.00047470557175488537,0,reset,0.00777859389114699,concentrated,0,50,nan,nan,1,400,-0.03403298367628771,-2.192929559749962,-1.1695077007656394,-0.05201948893634573,1.1159184111833553,2.1815457367629643,0.8908226392869306,0.028572328629032258,crossfit,1,0.10427874854289035,CF-A08-student-t3.5,0.2,1.56319899999653,25600.0,1280.0,20.0,640.0,33280.0,520.0,983040.0,47104.0,23.0,47104.0,7680.0,400.0,25600.0,215040.0,33280.0
nan,qld-sharp-deleted-t0.2,0.0032005442400269146,0.0032005442400269146,150,CF-A08-student-t3.5/concentrated,0,0.01625467074843967,connected-heavy-tail,sharp,-0.0017869827567786878,0,reset,0.00777859389114699,concentrated,0,50,nan,nan,1,400,0.010638321227959532,-1.9511564381586677,-0.9239295405211371,-0.0066296033141326795,0.9917647989490131,1.9688138916174405,0.7597447372380072,0.03343939012096774,reused_deleted,1,0.15585170593533487,CF-A08-student-t3.5,0.2,1.7905883000057656,25600.0,640.0,10.0,640.0,25600.0,400.0,975360.0,47104.0,23.0,47104.0,7680.0,400.0,25600.0,215040.0,25600.0
nan,qld-sharp-crossfit-t0.2,0.0032005442400269146,0.0027152446885618797,375,CF-A08-student-t3.5/concentrated,0,0.006836323729789484,connected-heavy-tail,sharp,0.0005808339486808034,0,reset,0.00777859389114699,concentrated,0,50,nan,nan,1,400,-0.02239642050190472,-2.207773161625073,-1.1538829058304094,-0.04208935233850929,1.1330885996190558,2.2613855942566277,0.8990050484040364,0.024807837701612902,crossfit,1,0.09043963325208935,CF-A08-student-t3.5,0.2,2.0073645999946166,25600.0,1280.0,20.0,640.0,33280.0,520.0,983040.0,47104.0,23.0,47104.0,7680.0,400.0,25600.0,215040.0,33280.0
nan,qld-kgrad-crossfit-t0.2,0.0032005442400269146,0.0024969403979946403,375,CF-A08-student-t3.5/concentrated,0,0.006435265481906649,connected-heavy-tail,kgrad,-0.00012510057218717563,0,reset,0.00777859389114699,concentrated,0,50,nan,nan,1,400,0.016752896360075216,-2.069367495045524,-1.035327646969052,0.012460956771013845,1.1020818163684494,2.0919063626551395,0.8425108866533717,0.018507434475806453,crossfit,1,0.09093353717547291,CF-A08-student-t3.5,0.2,2.208672300010221,25600.0,1280.0,20.0,640.0,33280.0,520.0,983040.0,47104.0,23.0,47104.0,7680.0,400.0,25600.0,215040.0,33280.0
nan,qld-mean-crossfit-t0.5,0.0032005442400269146,0.0032005442400269146,150,CF-A08-student-t3.5/concentrated,0,0.019413570393832957,connected-heavy-tail,mean,4.10399829706698e-05,0,reset,0.00777859389114699,concentrated,0,50,nan,nan,1,400,-0.043257449026991426,-1.9564778194355443,-1.0446052208584824,-0.05769181939002862,0.9796379647095851,1.8843075426938598,0.7788861725265175,0.03888923891129032,crossfit,1,0.15887731227164686,CF-A08-student-t3.5,0.5,2.4242799000057857,25600.0,1280.0,20.0,640.0,33280.0,520.0,983040.0,47104.0,23.0,47104.0,7680.0,400.0,25600.0,215040.0,33280.0
nan,qld-sharp-deleted-t0.5,0.0032005442400269146,0.0032005442400269146,150,CF-A08-student-t3.5/concentrated,0,0.013234741835197017,connected-heavy-tail,sharp,-0.0021317113114540653,0,reset,0.00777859389114699,concentrated,0,50,nan,nan,1,400,0.014489110632789536,-1.9584970922822496,-0.9737766283875485,-0.004120029161468459,1.034121805001671,2.0245245110421077,0.793834907748008,0.03006867439516129,reused_deleted,1,0.13636329767222108,CF-A08-student-t3.5,0.5,2.6399560999998357,25600.0,640.0,10.0,640.0,25600.0,400.0,975360.0,47104.0,23.0,47104.0,7680.0,400.0,25600.0,215040.0,25600.0
nan,qld-sharp-crossfit-t0.5,0.0032005442400269146,0.0032005442400269146,150,CF-A08-student-t3.5/concentrated,0,0.014287475867789778,connected-heavy-tail,sharp,0.002968824983831997,0,reset,0.00777859389114699,concentrated,0,50,nan,nan,1,400,-0.03686828066647914,-2.128301595527336,-1.0973773135965157,-0.03721483024461707,1.0503826824930016,2.040403850250202,0.8427741106040934,0.03247857862903226,crossfit,1,0.12010633875066978,CF-A08-student-t3.5,0.5,2.859028400009265,25600.0,1280.0,20.0,640.0,33280.0,520.0,983040.0,47104.0,23.0,47104.0,7680.0,400.0,25600.0,215040.0,33280.0
nan,qld-kgrad-crossfit-t0.5,0.0032005442400269146,0.0032005442400269146,150,CF-A08-student-t3.5/concentrated,0,0.006636465565135641,connected-heavy-tail,kgrad,0.0010976223552241482,0,reset,0.00777859389114699,concentrated,0,50,nan,nan,1,400,-0.01572908947010302,-2.095343893773177,-1.1234109863714101,-0.010544023605069359,1.0975540199699352,2.182523757864224,0.8750041025542172,0.022523941532258066,crossfit,1,0.09725691370307246,CF-A08-student-t3.5,0.5,3.0565926999843214,25600.0,1280.0,20.0,640.0,33280.0,520.0,983040.0,47104.0,23.0,47104.0,7680.0,400.0,25600.0,215040.0,33280.0
nan,qld-mean-crossfit-t1,0.0032005442400269146,0.0032005442400269146,150,CF-A08-student-t3.5/concentrated,0,0.016426120429278823,connected-heavy-tail,mean,-0.0010218189848343329,0,reset,0.00777859389114699,concentrated,0,50,nan,nan,1,400,-0.037739382895565644,-2.0370554833125025,-1.0938586726583286,-0.05117823831024952,1.0327532737305194,1.9521225793594026,0.816376773149933,0.03460496471774194,crossfit,1,0.1367738297260718,CF-A08-student-t3.5,1.0,3.263685499987332,25600.0,1280.0,20.0,640.0,33280.0,520.0,983040.0,47104.0,23.0,47104.0,7680.0,400.0,25600.0,215040.0,33280.0
nan,qld-sharp-deleted-t1,0.0032005442400269146,0.0032005442400269146,150,CF-A08-student-t3.5/concentrated,0,0.012169686277465841,connected-heavy-tail,sharp,-0.0025072725198580503,0,reset,0.00777859389114699,concentrated,0,50,nan,nan,1,400,0.017396514469077428,-2.093378584121687,-1.0277155991214277,0.001972381657729479,1.0951533826909792,2.182709234852565,0.8377718782452311,0.02991116431451613,reused_deleted,1,0.11818825493863788,CF-A08-student-t3.5,1.0,3.457656999991741,25600.0,640.0,10.0,640.0,25600.0,400.0,975360.0,47104.0,23.0,47104.0,7680.0,400.0,25600.0,215040.0,25600.0
nan,qld-sharp-crossfit-t1,0.0032005442400269146,0.0032005442400269146,150,CF-A08-student-t3.5/concentrated,0,0.013202329194585305,connected-heavy-tail,sharp,0.0016539542698230658,0,reset,0.00777859389114699,concentrated,0,50,nan,nan,1,400,-0.03500448709065285,-2.254360399831095,-1.1602950377283365,-0.05285347759239507,1.1030388194070666,2.2013665546292294,0.8813567759056147,0.029737903225806453,crossfit,1,0.10396658622950627,CF-A08-student-t3.5,1.0,3.655252800002927,25600.0,1280.0,20.0,640.0,33280.0,520.0,983040.0,47104.0,23.0,47104.0,7680.0,400.0,25600.0,215040.0,33280.0
nan,qld-kgrad-crossfit-t1,0.0032005442400269146,0.002778794453991873,350,CF-A08-student-t3.5/concentrated,0,0.009713665687560935,connected-heavy-tail,kgrad,0.0019701625603458783,0,reset,0.00777859389114699,concentrated,0,50,nan,nan,1,400,-0.02973865910925878,-2.1546454935422603,-1.114269532387488,-0.04536485072560032,1.1104148559482576,2.0912815215626503,0.8687437705574538,0.028273059475806453,crossfit,1,0.10609364564210434,CF-A08-student-t3.5,1.0,3.8232641000067815,25600.0,1280.0,20.0,640.0,33280.0,520.0,983040.0,47104.0,23.0,47104.0,7680.0,400.0,25600.0,215040.0,33280.0
nan,paper-0.5,0.3130405443051687,0.002829359832624112,275,CF-A08-student-t3.5/concentrated,0,0.003416300649276449,connected-heavy-tail,paper,nan,0,continuous,0.3130405443051687,concentrated,0,50,nan,nan,1,400,0.040090214871470284,-1.960337633358242,-1.163033325681479,0.05339052058690135,1.2521161805425904,2.0581454515682345,0.8836939442668256,0.014128654233870967,reused_masked,2,0.0696433076588482,CF-A08-student-t3.5,0.5,0.7544264000025578,25600.0,1408.0,22.0,1408.0,25600.0,400.0,3276800.0,47104.0,23.0,47104.0,25600.0,400.0,25600.0,0.0,25600.0
nan,qld-v1,0.002745077069371993,0.002745077069371993,225,CF-A08-student-t3.5/concentrated,0,0.00443057693765625,connected-heavy-tail,paper,0.0027194791069080626,0,carry,0.0031788072521325983,concentrated,0,50,nan,nan,1,400,0.01815345891198806,-2.2588477321775677,-1.117607643774332,0.01575191899416695,1.1531068076534092,2.265817622980062,0.912620121914563,0.014223160282258064,reused_masked,2,0.064202353251946,CF-A08-student-t3.5,0.5,0.9608910999959335,25600.0,640.0,10.0,640.0,25600.0,400.0,983040.0,47104.0,23.0,47104.0,7680.0,400.0,25600.0,215040.0,25600.0
nan,qld-full,0.002745077069371993,0.002582612547447738,400,CF-A08-student-t3.5/concentrated,0,0.002582612547447738,connected-heavy-tail,qld,0.0014512791986225348,0,carry,0.0031788072521325983,concentrated,0,50,nan,nan,1,400,0.01566714796731263,-2.66743210762983,-1.258507274759264,0.012329765496142207,1.262492856656954,2.61344724484348,1.0293375896986623,0.011009954637096774,,2,0.06879344625993836,CF-A08-student-t3.5,,1.1322043999971356,25600.0,640.0,10.0,640.0,25600.0,400.0,0.0,47104.0,23.0,47104.0,0.0,400.0,25600.0,307200.0,25600.0
nan,qld-paper-reset,0.002745077069371993,0.002745077069371993,225,CF-A08-student-t3.5/concentrated,0,0.0031898054708736634,connected-heavy-tail,paper,0.01211776380734464,0,reset,0.0031788072521325983,concentrated,0,50,nan,nan,1,400,0.042954444420458864,-2.224454917461436,-1.1396793419624704,0.04813513263093929,1.2185085319697138,2.264698235175183,0.9263346447239892,0.012648059475806451,reused_masked,2,0.057844800892987255,CF-A08-student-t3.5,0.5,1.3499417999992147,25600.0,640.0,10.0,640.0,25600.0,400.0,983040.0,47104.0,23.0,47104.0,7680.0,400.0,25600.0,215040.0,25600.0
nan,qld-mean-crossfit-t0.2,0.002745077069371993,0.0019575811822472033,375,CF-A08-student-t3.5/concentrated,0,0.004331480592252079,connected-heavy-tail,mean,0.0006144279062867408,0,reset,0.0031788072521325983,concentrated,0,50,nan,nan,1,400,0.06348106120768635,-1.9755678343038643,-1.068805358762076,0.06473536454238182,1.197275043956815,2.2111828353069614,0.8803171730759776,0.016790574596774195,crossfit,2,0.0791368573757113,CF-A08-student-t3.5,0.2,1.5698294999892823,25600.0,1280.0,20.0,640.0,33280.0,520.0,983040.0,47104.0,23.0,47104.0,7680.0,400.0,25600.0,215040.0,33280.0
nan,qld-sharp-deleted-t0.2,0.002745077069371993,0.0018244708368757578,400,CF-A08-student-t3.5/concentrated,0,0.0018244708368757578,connected-heavy-tail,sharp,0.01331928921645309,0,reset,0.0031788072521325983,concentrated,0,50,nan,nan,1,400,0.02393575844217629,-2.2954890692680805,-1.1804626784921475,0.04082740926012735,1.2253760497257906,2.2565561091252877,0.9436757243985638,0.007859753024193549,reused_deleted,2,0.04653153980935703,CF-A08-student-t3.5,0.2,1.778859599988209,25600.0,640.0,10.0,640.0,25600.0,400.0,975360.0,47104.0,23.0,47104.0,7680.0,400.0,25600.0,215040.0,25600.0
nan,qld-sharp-crossfit-t0.2,0.002745077069371993,0.002745077069371993,225,CF-A08-student-t3.5/concentrated,0,0.006077246162770722,connected-heavy-tail,sharp,0.0004675030879262021,0,reset,0.0031788072521325983,concentrated,0,50,nan,nan,1,400,0.0795220159529195,-1.9254012784060834,-1.0218069471761086,0.07226692152496163,1.1846035500189065,2.1970811717522314,0.8625430194333161,0.022901965725806453,crossfit,2,0.09683101246958156,CF-A08-student-t3.5,0.2,1.994284799991874,25600.0,1280.0,20.0,640.0,33280.0,520.0,983040.0,47104.0,23.0,47104.0,7680.0,400.0,25600.0,215040.0,33280.0
nan,qld-kgrad-crossfit-t0.2,0.002745077069371993,0.002745077069371993,225,CF-A08-student-t3.5/concentrated,0,0.00559795002746144,connected-heavy-tail,kgrad,0.0028274423526859493,0,reset,0.0031788072521325983,concentrated,0,50,nan,nan,1,400,0.07899779221191833,-1.9495884537611332,-1.0478561602594514,0.07701198442692885,1.205669945884349,2.1858600707951776,0.8681770024813525,0.023201234879032258,crossfit,2,0.09668510051357544,CF-A08-student-t3.5,0.2,2.2034316000062972,25600.0,1280.0,20.0,640.0,33280.0,520.0,983040.0,47104.0,23.0,47104.0,7680.0,400.0,25600.0,215040.0,33280.0
nan,qld-mean-crossfit-t0.5,0.002745077069371993,0.002244316598357665,325,CF-A08-student-t3.5/concentrated,0,0.005853989963633843,connected-heavy-tail,mean,0.00048073097875001025,0,reset,0.0031788072521325983,concentrated,0,50,nan,nan,1,400,0.0534925066264161,-1.9900416123663527,-1.030253577136758,0.0586239528400115,1.1332347818643378,2.1313591368964726,0.8583268922918502,0.01672757056451613,crossfit,2,0.08050241485903604,CF-A08-student-t3.5,0.5,2.405484199989587,25600.0,1280.0,20.0,640.0,33280.0,520.0,983040.0,47104.0,23.0,47104.0,7680.0,400.0,25600.0,215040.0,33280.0
nan,qld-sharp-deleted-t0.5,0.002745077069371993,0.0027059091764207732,350,CF-A08-student-t3.5/concentrated,0,0.0031982188369974462,connected-heavy-tail,sharp,0.010408297551579793,0,reset,0.0031788072521325983,concentrated,0,50,nan,nan,1,400,0.04132534986612033,-2.0656585187706136,-1.1136228867928968,0.04448026765055766,1.207248290920007,2.140702818154818,0.8893704451202167,0.012711063508064516,reused_deleted,2,0.06143605218519563,CF-A08-student-t3.5,0.5,2.6265631999995094,25600.0,640.0,10.0,640.0,25600.0,400.0,975360.0,47104.0,23.0,47104.0,7680.0,400.0,25600.0,215040.0,25600.0
nan,qld-sharp-crossfit-t0.5,0.002745077069371993,0.002745077069371993,225,CF-A08-student-t3.5/concentrated,0,0.00650265782378745,connected-heavy-tail,sharp,0.0001695548413014336,0,reset,0.0031788072521325983,concentrated,0,50,nan,nan,1,400,0.06378836216743863,-1.9228684511016556,-0.9946103810688587,0.06470872518762247,1.1541230722726175,2.1331246095073415,0.8413727925060488,0.02030304939516129,crossfit,2,0.09248976683449872,CF-A08-student-t3.5,0.5,2.8285435999860056,25600.0,1280.0,20.0,640.0,33280.0,520.0,983040.0,47104.0,23.0,47104.0,7680.0,400.0,25600.0,215040.0,33280.0
nan,qld-kgrad-crossfit-t0.5,0.002745077069371993,0.0023460668660229,375,CF-A08-student-t3.5/concentrated,0,0.006865775699509635,connected-heavy-tail,kgrad,0.00127498476304444,0,reset,0.0031788072521325983,concentrated,0,50,nan,nan,1,400,0.08287381258042417,-1.9290212116479188,-1.0174517855310448,0.07878881139042945,1.1782420057237004,2.1693183615133695,0.8521625829157418,0.025201612903225805,crossfit,2,0.10190845193993074,CF-A08-student-t3.5,0.5,3.0332102999964263,25600.0,1280.0,20.0,640.0,33280.0,520.0,983040.0,47104.0,23.0,47104.0,7680.0,400.0,25600.0,215040.0,33280.0
nan,qld-mean-crossfit-t1,0.002745077069371993,0.0020745478994175226,325,CF-A08-student-t3.5/concentrated,0,0.005916471296788517,connected-heavy-tail,mean,0.001152229468126098,0,reset,0.0031788072521325983,concentrated,0,50,nan,nan,1,400,0.058622254555942,-2.028781997601148,-1.067916064962838,0.0629998480129901,1.2091797919596514,2.1907875701940718,0.8666964843548436,0.022838961693548387,crossfit,2,0.09232730653810349,CF-A08-student-t3.5,1.0,3.22166599999764,25600.0,1280.0,20.0,640.0,33280.0,520.0,983040.0,47104.0,23.0,47104.0,7680.0,400.0,25600.0,215040.0,33280.0
nan,qld-sharp-deleted-t1,0.002745077069371993,0.002745077069371993,225,CF-A08-student-t3.5/concentrated,0,0.0031620882642708903,connected-heavy-tail,sharp,0.011156922686890614,0,reset,0.0031788072521325983,concentrated,0,50,nan,nan,1,400,0.0427243429617578,-2.211564763310263,-1.1540466682624564,0.040352321839966857,1.2396997320233885,2.26355327551611,0.925533080061642,0.012884324596774193,reused_deleted,2,0.06074767546297065,CF-A08-student-t3.5,1.0,3.4010818999959156,25600.0,640.0,10.0,640.0,25600.0,400.0,975360.0,47104.0,23.0,47104.0,7680.0,400.0,25600.0,215040.0,25600.0
nan,qld-sharp-crossfit-t1,0.002745077069371993,0.0026653689051878704,325,CF-A08-student-t3.5/concentrated,0,0.005761270867389312,connected-heavy-tail,sharp,0.0014349538409890172,0,reset,0.0031788072521325983,concentrated,0,50,nan,nan,1,400,0.06423936761498547,-2.07117638200719,-1.0895701995826463,0.05325694862549463,1.2313209243983536,2.274455026586322,0.8849829551503852,0.023988785282258066,crossfit,2,0.09201507977681816,CF-A08-student-t3.5,1.0,3.566700600000331,25600.0,1280.0,20.0,640.0,33280.0,520.0,983040.0,47104.0,23.0,47104.0,7680.0,400.0,25600.0,215040.0,33280.0
nan,qld-kgrad-crossfit-t1,0.002745077069371993,0.0023746439476328707,375,CF-A08-student-t3.5/concentrated,0,0.004856847965682087,connected-heavy-tail,kgrad,0.0006963520201812567,0,reset,0.0031788072521325983,concentrated,0,50,nan,nan,1,400,0.07408030487944997,-1.9252383070145607,-1.0597902536943324,0.07379763172128109,1.1976418992458173,2.155451735893466,0.8653889155570054,0.02164188508064516,crossfit,2,0.09293436176569783,CF-A08-student-t3.5,1.0,3.737278599990532,25600.0,1280.0,20.0,640.0,33280.0,520.0,983040.0,47104.0,23.0,47104.0,7680.0,400.0,25600.0,215040.0,33280.0
