arm,kind,target,family,init,cell,seed,planned_steps,completed_steps,maximum_training_batch,large_batch_updates,ordinary_batch_updates,knot_count,prior_batches,diagnostic_target_samples,diagnostic_use_large_batch,diagnostic_min_expected_count,tail_mass,wall_seconds,generator_example_evals,unique_latent_samples,target_samples,kernel_pairs,sort_work,stored_scalars,ed2,sw1,w2_quantile_rmse,weighted_reach,mass_l1,event_time,censored,diverged
gated-pqt-M1024-f0.70,persistent-quantile-transport,LBQCD-C01-unequal-min045-K7,unequal,concentrated,LBQCD-C01-unequal-min045-K7/concentrated,0,1200,1200,1024,840,360,128,1.0,4096,1,6.875,0.0078125,0.266020999988541,8192,8192,906240,0,8924160.0,256,0.00729175942561322,0.0843109398359744,0.14947343041399508,1.0,0.04876953125000004,50,0,0
gated-pqt-M1024-f0.70,persistent-quantile-transport,LBQCD-C01-unequal-min045-K7,unequal,concentrated,LBQCD-C01-unequal-min045-K7/concentrated,1,1200,1200,1024,840,360,128,1.0,4096,1,6.0625,0.0078125,0.2694146000139881,8192,8192,906240,0,8924160.0,256,0.007432767060188805,0.06368883135510518,0.10439532156263995,1.0,0.04091796874999999,50,0,0
gated-pqt-M1024-f0.70,persistent-quantile-transport,LBQCD-C01-unequal-min045-K7,unequal,concentrated,LBQCD-C01-unequal-min045-K7/concentrated,2,1200,1200,1024,840,360,128,1.0,4096,1,5.5,0.0078125,0.24721500001032837,8192,8192,906240,0,8924160.0,256,0.007190717824536064,0.07139162140994244,0.12234757260042302,1.0,0.028554687500000023,50,0,0
gated-pqt-M1024-f0.70,persistent-quantile-transport,LBQCD-C01-unequal-min045-K7,unequal,concentrated,LBQCD-C01-unequal-min045-K7/concentrated,3,1200,1200,1024,840,360,128,1.0,4096,1,6.25,0.0078125,0.23601210000924766,8192,8192,906240,0,8924160.0,256,0.003670481630634992,0.06216845906086827,0.10075738719299675,1.0,0.017734374999999983,50,0,0
gated-pqt-M1024-f0.70,persistent-quantile-transport,LBQCD-C01-unequal-min045-K7,unequal,concentrated,LBQCD-C01-unequal-min045-K7/concentrated,4,1200,1200,1024,840,360,128,1.0,4096,1,6.5,0.0078125,0.21651770002790727,8192,8192,906240,0,8924160.0,256,0.0026414190785810643,0.06425952578177724,0.10968963383070236,1.0,0.04058593749999999,50,0,0
gated-pqt-M1024-f0.70,persistent-quantile-transport,LBQCD-C01-unequal-min045-K7,unequal,concentrated,LBQCD-C01-unequal-min045-K7/concentrated,5,1200,1200,1024,840,360,128,1.0,4096,1,6.9375,0.0078125,0.27521329998853616,8192,8192,906240,0,8924160.0,256,0.0026452069286961866,0.0684188827914115,0.11901886386854404,1.0,0.04410156249999998,50,0,0
gated-pqt-M1024-f0.70,persistent-quantile-transport,LBQCD-C01-unequal-min045-K7,unequal,concentrated,LBQCD-C01-unequal-min045-K7/concentrated,6,1200,1200,1024,840,360,128,1.0,4096,1,6.3125,0.0078125,0.2909644999890588,8192,8192,906240,0,8924160.0,256,0.006709800108954944,0.05970809084465286,0.09824258339727314,1.0,0.019316406250000015,50,0,0
gated-pqt-M1024-f0.70,persistent-quantile-transport,LBQCD-C01-unequal-min045-K7,unequal,concentrated,LBQCD-C01-unequal-min045-K7/concentrated,7,1200,1200,1024,840,360,128,1.0,4096,1,5.875,0.0078125,0.251711199991405,8192,8192,906240,0,8924160.0,256,0.002623310998845829,0.0676222445196016,0.11545877837837477,1.0,0.020273437500000005,50,0,0
gated-pqt-M1024-f0.70,persistent-quantile-transport,LBQCD-C01-unequal-min045-K7,unequal,concentrated,LBQCD-C01-unequal-min045-K7/concentrated,8,1200,1200,1024,840,360,128,1.0,4096,1,6.375,0.0078125,0.281767900014529,8192,8192,906240,0,8924160.0,256,0.005650222663000637,0.07595823380850619,0.14698345683227998,1.0,0.036894531250000015,50,0,0
gated-pqt-M1024-f0.70,persistent-quantile-transport,LBQCD-C01-unequal-min045-K7,unequal,concentrated,LBQCD-C01-unequal-min045-K7/concentrated,9,1200,1200,1024,840,360,128,1.0,4096,1,5.1875,0.0078125,0.2151884000049904,8192,8192,906240,0,8924160.0,256,0.005765904264846133,0.061888682759104474,0.10332872323125121,1.0,0.02425781249999999,50,0,0
gated-pqt-M1024-f0.70,persistent-quantile-transport,LBQCD-C01-unequal-min045-K7,unequal,concentrated,LBQCD-C01-unequal-min045-K7/concentrated,10,1200,1200,1024,840,360,128,1.0,4096,1,6.875,0.0078125,0.271407000022009,8192,8192,906240,0,8924160.0,256,0.004797751561477881,0.07155466712719485,0.13587652746495008,1.0,0.022363281249999964,50,0,0
gated-pqt-M1024-f0.70,persistent-quantile-transport,LBQCD-C01-unequal-min045-K7,unequal,concentrated,LBQCD-C01-unequal-min045-K7/concentrated,11,1200,1200,1024,840,360,128,1.0,4096,1,6.9375,0.0078125,0.2293962999829091,8192,8192,906240,0,8924160.0,256,0.002322860749827793,0.06553018906156773,0.11189125681977137,1.0,0.030058593749999987,50,0,0
gated-pqt-M1024-f0.70,persistent-quantile-transport,LBQCD-C01-unequal-min045-K7,unequal,concentrated,LBQCD-C01-unequal-min045-K7/concentrated,12,1200,1200,1024,840,360,128,1.0,4096,1,6.125,0.0078125,0.3316343000042252,8192,8192,906240,0,8924160.0,256,0.002672532790974902,0.06941233041033891,0.11574652374936857,1.0,0.023554687499999963,50,0,0
gated-pqt-M1024-f0.70,persistent-quantile-transport,LBQCD-C01-unequal-min045-K7,unequal,concentrated,LBQCD-C01-unequal-min045-K7/concentrated,13,1200,1200,1024,840,360,128,1.0,4096,1,5.75,0.0078125,0.27788650000002235,8192,8192,906240,0,8924160.0,256,0.004227497362088162,0.06049656707682577,0.10033519620536387,1.0,0.04369140625000005,50,0,0
gated-pqt-M1024-f0.70,persistent-quantile-transport,LBQCD-C01-unequal-min045-K7,unequal,concentrated,LBQCD-C01-unequal-min045-K7/concentrated,14,1200,1200,1024,840,360,128,1.0,4096,1,5.625,0.0078125,0.28095050001866184,8192,8192,906240,0,8924160.0,256,0.0027231896375301545,0.06712558636058216,0.11654016878004539,1.0,0.01675781250000001,50,0,0
gated-pqt-M1024-f0.70,persistent-quantile-transport,LBQCD-C01-unequal-min045-K7,unequal,concentrated,LBQCD-C01-unequal-min045-K7/concentrated,15,1200,1200,1024,840,360,128,1.0,4096,1,5.25,0.0078125,0.301846199989086,8192,8192,906240,0,8924160.0,256,0.0036405272923125676,0.06256616013610443,0.11117759349692001,1.0,0.030449218749999965,50,0,0
gated-pqt-M1024-f0.70,persistent-quantile-transport,LBQCD-C01-unequal-min045-K7,unequal,concentrated,LBQCD-C01-unequal-min045-K7/concentrated,16,1200,1200,1024,840,360,128,1.0,4096,1,6.3125,0.0078125,0.2810864000057336,8192,8192,906240,0,8924160.0,256,0.004577455527577268,0.06457233002745327,0.11014220078291014,1.0,0.02240234375000001,50,0,0
gated-pqt-M1024-f0.70,persistent-quantile-transport,LBQCD-C01-unequal-min045-K7,unequal,concentrated,LBQCD-C01-unequal-min045-K7/concentrated,17,1200,1200,1024,840,360,128,1.0,4096,1,5.625,0.0078125,0.30122519997530617,8192,8192,906240,0,8924160.0,256,0.006185090526316328,0.059024009740725865,0.10236018148169809,1.0,0.01603515625,50,0,0
gated-pqt-M1024-f0.70,persistent-quantile-transport,LBQCD-C01-unequal-min045-K7,unequal,concentrated,LBQCD-C01-unequal-min045-K7/concentrated,18,1200,1200,1024,840,360,128,1.0,4096,1,5.25,0.0078125,0.2758386000059545,8192,8192,906240,0,8924160.0,256,0.0029927394704720722,0.06281546225549697,0.11372453050735774,1.0,0.03888671874999998,50,0,0
gated-pqt-M1024-f0.70,persistent-quantile-transport,LBQCD-C01-unequal-min045-K7,unequal,concentrated,LBQCD-C01-unequal-min045-K7/concentrated,19,1200,1200,1024,840,360,128,1.0,4096,1,6.0625,0.0078125,0.2750909000169486,8192,8192,906240,0,8924160.0,256,0.0038361048595103586,0.06330519769737095,0.09966160334531725,1.0,0.04029296874999998,50,0,0
gated-pqt-M1024-f0.70,persistent-quantile-transport,LBQCD-C01-unequal-min045-K7,unequal,missing,LBQCD-C01-unequal-min045-K7/missing,0,1200,1200,1024,840,360,128,1.0,4096,1,6.25,0.0078125,0.2536989999935031,8192,8192,906240,0,8924160.0,256,0.005734777700592275,0.06348925743901261,0.1067642815525372,1.0,0.03787109374999999,50,0,0
gated-pqt-M1024-f0.70,persistent-quantile-transport,LBQCD-C01-unequal-min045-K7,unequal,missing,LBQCD-C01-unequal-min045-K7/missing,1,1200,1200,1024,840,360,128,1.0,4096,1,5.4375,0.0078125,0.3041021999961231,8192,8192,906240,0,8924160.0,256,0.006070704267885585,0.07515450827881837,0.13300719952977308,1.0,0.06691406249999994,50,0,0
gated-pqt-M1024-f0.70,persistent-quantile-transport,LBQCD-C01-unequal-min045-K7,unequal,missing,LBQCD-C01-unequal-min045-K7/missing,2,1200,1200,1024,840,360,128,1.0,4096,1,5.75,0.0078125,0.29832669999450445,8192,8192,906240,0,8924160.0,256,0.004014146000980157,0.05841852315535275,0.10400888352616906,1.0,0.03089843750000003,50,0,0
gated-pqt-M1024-f0.70,persistent-quantile-transport,LBQCD-C01-unequal-min045-K7,unequal,missing,LBQCD-C01-unequal-min045-K7/missing,3,1200,1200,1024,840,360,128,1.0,4096,1,6.75,0.0078125,0.2739864999894053,8192,8192,906240,0,8924160.0,256,0.00723272711346179,0.07620617707117305,0.13434664891302037,1.0,0.03273437499999997,50,0,0
gated-pqt-M1024-f0.70,persistent-quantile-transport,LBQCD-C01-unequal-min045-K7,unequal,missing,LBQCD-C01-unequal-min045-K7/missing,4,1200,1200,1024,840,360,128,1.0,4096,1,5.1875,0.0078125,0.2938562999770511,8192,8192,906240,0,8924160.0,256,0.002812171323724133,0.06573894050654355,0.11158106742683599,1.0,0.03615234374999994,50,0,0
gated-pqt-M1024-f0.70,persistent-quantile-transport,LBQCD-C01-unequal-min045-K7,unequal,missing,LBQCD-C01-unequal-min045-K7/missing,5,1200,1200,1024,840,360,128,1.0,4096,1,6.8125,0.0078125,0.251729699986754,8192,8192,906240,0,8924160.0,256,0.0059722715108405655,0.06516033140288875,0.1141552154087922,1.0,0.03966796875000002,50,0,0
gated-pqt-M1024-f0.70,persistent-quantile-transport,LBQCD-C01-unequal-min045-K7,unequal,missing,LBQCD-C01-unequal-min045-K7/missing,6,1200,1200,1024,840,360,128,1.0,4096,1,6.375,0.0078125,0.26552840002113953,8192,8192,906240,0,8924160.0,256,0.004104308546710067,0.07076417215804805,0.12431704465472256,1.0,0.021718749999999967,50,0,0
gated-pqt-M1024-f0.70,persistent-quantile-transport,LBQCD-C01-unequal-min045-K7,unequal,missing,LBQCD-C01-unequal-min045-K7/missing,7,1200,1200,1024,840,360,128,1.0,4096,1,5.25,0.0078125,0.24518120000720955,8192,8192,906240,0,8924160.0,256,0.0058671052902636855,0.06149955374348979,0.1041956238935328,1.0,0.03298828124999999,50,0,0
gated-pqt-M1024-f0.70,persistent-quantile-transport,LBQCD-C01-unequal-min045-K7,unequal,missing,LBQCD-C01-unequal-min045-K7/missing,8,1200,1200,1024,840,360,128,1.0,4096,1,5.875,0.0078125,0.2792470999993384,8192,8192,906240,0,8924160.0,256,0.00566337683123419,0.057398358200956456,0.09750501128745626,1.0,0.02199218749999997,50,0,0
gated-pqt-M1024-f0.70,persistent-quantile-transport,LBQCD-C01-unequal-min045-K7,unequal,missing,LBQCD-C01-unequal-min045-K7/missing,9,1200,1200,1024,840,360,128,1.0,4096,1,6.375,0.0078125,0.25807199999690056,8192,8192,906240,0,8924160.0,256,0.003591111402263314,0.07511542773069284,0.13304239320478717,1.0,0.039726562499999965,50,0,0
gated-pqt-M1024-f0.70,persistent-quantile-transport,LBQCD-C01-unequal-min045-K7,unequal,missing,LBQCD-C01-unequal-min045-K7/missing,10,1200,1200,1024,840,360,128,1.0,4096,1,6.4375,0.0078125,0.25309260000358336,8192,8192,906240,0,8924160.0,256,0.011136435820570112,0.07146617106105423,0.1237714492694759,1.0,0.02873046875,50,0,0
gated-pqt-M1024-f0.70,persistent-quantile-transport,LBQCD-C01-unequal-min045-K7,unequal,missing,LBQCD-C01-unequal-min045-K7/missing,11,1200,1200,1024,840,360,128,1.0,4096,1,6.4375,0.0078125,0.2515578999882564,8192,8192,906240,0,8924160.0,256,0.003232545600483805,0.07455256985243937,0.1277769648435249,1.0,0.026191406250000007,50,0,0
gated-pqt-M1024-f0.70,persistent-quantile-transport,LBQCD-C01-unequal-min045-K7,unequal,missing,LBQCD-C01-unequal-min045-K7/missing,12,1200,1200,1024,840,360,128,1.0,4096,1,6.9375,0.0078125,0.2536151000240352,8192,8192,906240,0,8924160.0,256,0.003903455810457368,0.06776274006173531,0.11781619894755775,1.0,0.02576171875000001,50,0,0
gated-pqt-M1024-f0.70,persistent-quantile-transport,LBQCD-C01-unequal-min045-K7,unequal,missing,LBQCD-C01-unequal-min045-K7/missing,13,1200,1200,1024,840,360,128,1.0,4096,1,5.625,0.0078125,0.25088969999342225,8192,8192,906240,0,8924160.0,256,0.0027048883917011324,0.06706347834255993,0.11988001840495013,1.0,0.034960937500000025,50,0,0
gated-pqt-M1024-f0.70,persistent-quantile-transport,LBQCD-C01-unequal-min045-K7,unequal,missing,LBQCD-C01-unequal-min045-K7/missing,14,1200,1200,1024,840,360,128,1.0,4096,1,6.625,0.0078125,0.2796907000010833,8192,8192,906240,0,8924160.0,256,0.00489326213818142,0.08465678926775712,0.15280302775990043,1.0,0.04369140624999997,50,0,0
gated-pqt-M1024-f0.70,persistent-quantile-transport,LBQCD-C01-unequal-min045-K7,unequal,missing,LBQCD-C01-unequal-min045-K7/missing,15,1200,1200,1024,840,360,128,1.0,4096,1,6.125,0.0078125,0.2198465999972541,8192,8192,906240,0,8924160.0,256,0.0029282260396661375,0.06142216670205153,0.09753773334685673,1.0,0.015351562499999985,50,0,0
gated-pqt-M1024-f0.70,persistent-quantile-transport,LBQCD-C01-unequal-min045-K7,unequal,missing,LBQCD-C01-unequal-min045-K7/missing,16,1200,1200,1024,840,360,128,1.0,4096,1,5.5625,0.0078125,0.24369959998875856,8192,8192,906240,0,8924160.0,256,0.008816779217954762,0.06303309009948276,0.10897479454266548,1.0,0.037558593749999994,50,0,0
gated-pqt-M1024-f0.70,persistent-quantile-transport,LBQCD-C01-unequal-min045-K7,unequal,missing,LBQCD-C01-unequal-min045-K7/missing,17,1200,1200,1024,840,360,128,1.0,4096,1,6.0625,0.0078125,0.24491569999372587,8192,8192,906240,0,8924160.0,256,0.0024343450903789865,0.07288976508437214,0.13007969710378803,1.0,0.02199218749999997,50,0,0
gated-pqt-M1024-f0.70,persistent-quantile-transport,LBQCD-C01-unequal-min045-K7,unequal,missing,LBQCD-C01-unequal-min045-K7/missing,18,1200,1200,1024,840,360,128,1.0,4096,1,7.625,0.0078125,0.24212550002266653,8192,8192,906240,0,8924160.0,256,0.002672922646123954,0.05781772254119787,0.10043803319641444,1.0,0.030058593750000015,50,0,0
gated-pqt-M1024-f0.70,persistent-quantile-transport,LBQCD-C01-unequal-min045-K7,unequal,missing,LBQCD-C01-unequal-min045-K7/missing,19,1200,1200,1024,840,360,128,1.0,4096,1,6.625,0.0078125,0.2639859000046272,8192,8192,906240,0,8924160.0,256,0.007007394127696909,0.07177415304711399,0.1293571549055545,1.0,0.018046874999999976,50,0,0
gated-pqt-M1024-f0.70,persistent-quantile-transport,LBQCD-C02-unequal-min030-K9,unequal,concentrated,LBQCD-C02-unequal-min030-K9/concentrated,0,1200,1200,1024,840,360,128,1.0,4096,1,4.0625,0.0078125,0.28035040001850575,8192,8192,906240,0,8924160.0,256,0.004934041484876639,0.06136254783152385,0.08678478881509367,1.0000000000000002,0.03769531250000002,50,0,0
gated-pqt-M1024-f0.70,persistent-quantile-transport,LBQCD-C02-unequal-min030-K9,unequal,concentrated,LBQCD-C02-unequal-min030-K9/concentrated,1,1200,1200,1024,840,360,128,1.0,4096,1,4.4375,0.0078125,0.28312850001384504,8192,8192,906240,0,8924160.0,256,0.002455489807397182,0.0633881615049027,0.0898327294630283,1.0000000000000002,0.0334765625,50,0,0
gated-pqt-M1024-f0.70,persistent-quantile-transport,LBQCD-C02-unequal-min030-K9,unequal,concentrated,LBQCD-C02-unequal-min030-K9/concentrated,2,1200,1200,1024,840,360,128,1.0,4096,1,4.0,0.0078125,0.24405610002577305,8192,8192,906240,0,8924160.0,256,0.004544296530829772,0.06865054796591244,0.1031192502777473,1.0000000000000002,0.03376953124999996,50,0,0
gated-pqt-M1024-f0.70,persistent-quantile-transport,LBQCD-C02-unequal-min030-K9,unequal,concentrated,LBQCD-C02-unequal-min030-K9/concentrated,3,1200,1200,1024,840,360,128,1.0,4096,1,4.375,0.0078125,0.256824800017057,8192,8192,906240,0,8924160.0,256,0.005046558400895185,0.07116613278432544,0.11295939798885778,1.0000000000000002,0.05863281250000002,50,0,0
gated-pqt-M1024-f0.70,persistent-quantile-transport,LBQCD-C02-unequal-min030-K9,unequal,concentrated,LBQCD-C02-unequal-min030-K9/concentrated,4,1200,1200,1024,840,360,128,1.0,4096,1,4.1875,0.0078125,0.29866149998269975,8192,8192,906240,0,8924160.0,256,0.006491446789483879,0.07058650690069136,0.10802052130163108,1.0000000000000002,0.021035156250000023,50,0,0
gated-pqt-M1024-f0.70,persistent-quantile-transport,LBQCD-C02-unequal-min030-K9,unequal,concentrated,LBQCD-C02-unequal-min030-K9/concentrated,5,1200,1200,1024,840,360,128,1.0,4096,1,4.3125,0.0078125,0.25959830000647344,8192,8192,906240,0,8924160.0,256,0.0036664674027382382,0.06596985094378727,0.0959374936694285,1.0000000000000002,0.02724609374999998,50,0,0
gated-pqt-M1024-f0.70,persistent-quantile-transport,LBQCD-C02-unequal-min030-K9,unequal,concentrated,LBQCD-C02-unequal-min030-K9/concentrated,6,1200,1200,1024,840,360,128,1.0,4096,1,3.3125,0.0078125,0.2591272999998182,8192,8192,906240,0,8924160.0,256,0.006265030118552062,0.06967066264642538,0.10519946186856446,1.0000000000000002,0.03359374999999998,50,0,0
gated-pqt-M1024-f0.70,persistent-quantile-transport,LBQCD-C02-unequal-min030-K9,unequal,concentrated,LBQCD-C02-unequal-min030-K9/concentrated,7,1200,1200,1024,840,360,128,1.0,4096,1,3.9375,0.0078125,0.290747699997155,8192,8192,906240,0,8924160.0,256,0.003734708810849696,0.08356960855301425,0.12506135426210138,1.0000000000000002,0.03798828124999998,50,0,0
gated-pqt-M1024-f0.70,persistent-quantile-transport,LBQCD-C02-unequal-min030-K9,unequal,concentrated,LBQCD-C02-unequal-min030-K9/concentrated,8,1200,1200,1024,840,360,128,1.0,4096,1,4.0,0.0078125,0.26457030000165105,8192,8192,906240,0,8924160.0,256,0.012304917498321633,0.08382822073813977,0.1324197278289812,1.0000000000000002,0.04390624999999998,50,0,0
gated-pqt-M1024-f0.70,persistent-quantile-transport,LBQCD-C02-unequal-min030-K9,unequal,concentrated,LBQCD-C02-unequal-min030-K9/concentrated,9,1200,1200,1024,840,360,128,1.0,4096,1,4.25,0.0078125,0.27896950001013465,8192,8192,906240,0,8924160.0,256,0.0046498883410728276,0.06822288076520024,0.09928226731187978,1.0000000000000002,0.04007812500000002,50,0,0
gated-pqt-M1024-f0.70,persistent-quantile-transport,LBQCD-C02-unequal-min030-K9,unequal,concentrated,LBQCD-C02-unequal-min030-K9/concentrated,10,1200,1200,1024,840,360,128,1.0,4096,1,4.1875,0.0078125,0.25115070000174455,8192,8192,906240,0,8924160.0,256,0.0029285309743398713,0.05837629731398096,0.10059363159760579,1.0000000000000002,0.06228515625,50,0,0
gated-pqt-M1024-f0.70,persistent-quantile-transport,LBQCD-C02-unequal-min030-K9,unequal,concentrated,LBQCD-C02-unequal-min030-K9/concentrated,11,1200,1200,1024,840,360,128,1.0,4096,1,3.9375,0.0078125,0.29243489998043515,8192,8192,906240,0,8924160.0,256,0.004117771646320323,0.06490470979120726,0.10119417549455313,1.0000000000000002,0.03769531250000002,50,0,0
gated-pqt-M1024-f0.70,persistent-quantile-transport,LBQCD-C02-unequal-min030-K9,unequal,concentrated,LBQCD-C02-unequal-min030-K9/concentrated,12,1200,1200,1024,840,360,128,1.0,4096,1,4.1875,0.0078125,0.30475829998613335,8192,8192,906240,0,8924160.0,256,0.003937563808267264,0.060388329484097086,0.09227260167331137,1.0000000000000002,0.04892578125000002,50,0,0
gated-pqt-M1024-f0.70,persistent-quantile-transport,LBQCD-C02-unequal-min030-K9,unequal,concentrated,LBQCD-C02-unequal-min030-K9/concentrated,13,1200,1200,1024,840,360,128,1.0,4096,1,4.0625,0.0078125,0.2738080999988597,8192,8192,906240,0,8924160.0,256,0.005621532894212189,0.06479202435448173,0.09381214338312792,1.0000000000000002,0.030234374999999977,50,0,0
gated-pqt-M1024-f0.70,persistent-quantile-transport,LBQCD-C02-unequal-min030-K9,unequal,concentrated,LBQCD-C02-unequal-min030-K9/concentrated,14,1200,1200,1024,840,360,128,1.0,4096,1,3.8125,0.0078125,0.30284990000654943,8192,8192,906240,0,8924160.0,256,0.005809023289520265,0.07017396610234539,0.11066052517804166,1.0000000000000002,0.04544921875000002,50,0,0
gated-pqt-M1024-f0.70,persistent-quantile-transport,LBQCD-C02-unequal-min030-K9,unequal,concentrated,LBQCD-C02-unequal-min030-K9/concentrated,15,1200,1200,1024,840,360,128,1.0,4096,1,4.0,0.0078125,0.3301973000052385,8192,8192,906240,0,8924160.0,256,0.004099877061034318,0.07057936915542252,0.11010006349966989,1.0000000000000002,0.04123046875,50,0,0
gated-pqt-M1024-f0.70,persistent-quantile-transport,LBQCD-C02-unequal-min030-K9,unequal,concentrated,LBQCD-C02-unequal-min030-K9/concentrated,16,1200,1200,1024,840,360,128,1.0,4096,1,4.5,0.0078125,0.28018050000537187,8192,8192,906240,0,8924160.0,256,0.0036045090711422922,0.06391369921106034,0.09359708621881768,1.0000000000000002,0.025605468750000002,50,0,0
gated-pqt-M1024-f0.70,persistent-quantile-transport,LBQCD-C02-unequal-min030-K9,unequal,concentrated,LBQCD-C02-unequal-min030-K9/concentrated,17,1200,1200,1024,840,360,128,1.0,4096,1,3.875,0.0078125,0.27197820000583306,8192,8192,906240,0,8924160.0,256,0.006524242105790723,0.08182214619288161,0.12422682782340112,1.0000000000000002,0.04921874999999998,50,0,0
gated-pqt-M1024-f0.70,persistent-quantile-transport,LBQCD-C02-unequal-min030-K9,unequal,concentrated,LBQCD-C02-unequal-min030-K9/concentrated,18,1200,1200,1024,840,360,128,1.0,4096,1,4.3125,0.0078125,0.26547389998449944,8192,8192,906240,0,8924160.0,256,0.004508203357594276,0.06730161062705879,0.10517720880415916,1.0000000000000002,0.03232421875000002,50,0,0
gated-pqt-M1024-f0.70,persistent-quantile-transport,LBQCD-C02-unequal-min030-K9,unequal,concentrated,LBQCD-C02-unequal-min030-K9/concentrated,19,1200,1200,1024,840,360,128,1.0,4096,1,4.5625,0.0078125,0.27005029999418184,8192,8192,906240,0,8924160.0,256,0.004247786956732558,0.06440511088684996,0.09198152935848752,1.0000000000000002,0.030488281250000002,50,0,0
gated-pqt-M1024-f0.70,persistent-quantile-transport,LBQCD-C02-unequal-min030-K9,unequal,missing,LBQCD-C02-unequal-min030-K9/missing,0,1200,1200,1024,840,360,128,1.0,4096,1,4.125,0.0078125,0.2943508999887854,8192,8192,906240,0,8924160.0,256,0.002832626106166636,0.06109068391141994,0.09328105261689634,1.0000000000000002,0.03574218750000002,50,0,0
gated-pqt-M1024-f0.70,persistent-quantile-transport,LBQCD-C02-unequal-min030-K9,unequal,missing,LBQCD-C02-unequal-min030-K9/missing,1,1200,1200,1024,840,360,128,1.0,4096,1,4.125,0.0078125,0.2316970000101719,8192,8192,906240,0,8924160.0,256,0.005876740981527684,0.06770480388359701,0.09815698620487538,1.0000000000000002,0.03749999999999998,50,0,0
gated-pqt-M1024-f0.70,persistent-quantile-transport,LBQCD-C02-unequal-min030-K9,unequal,missing,LBQCD-C02-unequal-min030-K9/missing,2,1200,1200,1024,840,360,128,1.0,4096,1,4.625,0.0078125,0.2660325000179,8192,8192,906240,0,8924160.0,256,0.0044572848425346034,0.06483465915054112,0.0977402505944026,1.0000000000000002,0.03999999999999998,50,0,0
gated-pqt-M1024-f0.70,persistent-quantile-transport,LBQCD-C02-unequal-min030-K9,unequal,missing,LBQCD-C02-unequal-min030-K9/missing,3,1200,1200,1024,840,360,128,1.0,4096,1,4.5625,0.0078125,0.24502090000896715,8192,8192,906240,0,8924160.0,256,0.01570946036537002,0.06962934681782607,0.10951513674538242,1.0000000000000002,0.035859375,50,0,0
gated-pqt-M1024-f0.70,persistent-quantile-transport,LBQCD-C02-unequal-min030-K9,unequal,missing,LBQCD-C02-unequal-min030-K9/missing,4,1200,1200,1024,840,360,128,1.0,4096,1,3.5,0.0078125,0.2824096000113059,8192,8192,906240,0,8924160.0,256,0.014638449367486928,0.0693934550637088,0.10390056736437613,1.0000000000000002,0.05154296875,50,0,0
gated-pqt-M1024-f0.70,persistent-quantile-transport,LBQCD-C02-unequal-min030-K9,unequal,missing,LBQCD-C02-unequal-min030-K9/missing,5,1200,1200,1024,840,360,128,1.0,4096,1,4.6875,0.0078125,0.2385710999951698,8192,8192,906240,0,8924160.0,256,0.009860154177700142,0.10231085633161066,0.15420820697210827,1.0000000000000002,0.05447265625,50,0,0
gated-pqt-M1024-f0.70,persistent-quantile-transport,LBQCD-C02-unequal-min030-K9,unequal,missing,LBQCD-C02-unequal-min030-K9/missing,6,1200,1200,1024,840,360,128,1.0,4096,1,4.375,0.0078125,0.29140519999782555,8192,8192,906240,0,8924160.0,256,0.009956629158380581,0.07913531720996597,0.1291292465353932,1.0000000000000002,0.03787109375,50,0,0
gated-pqt-M1024-f0.70,persistent-quantile-transport,LBQCD-C02-unequal-min030-K9,unequal,missing,LBQCD-C02-unequal-min030-K9/missing,7,1200,1200,1024,840,360,128,1.0,4096,1,4.5625,0.0078125,0.2660279000119772,8192,8192,906240,0,8924160.0,256,0.0038435045089288966,0.06314475473447322,0.09875379093923455,1.0000000000000002,0.03201171875,50,0,0
gated-pqt-M1024-f0.70,persistent-quantile-transport,LBQCD-C02-unequal-min030-K9,unequal,missing,LBQCD-C02-unequal-min030-K9/missing,8,1200,1200,1024,840,360,128,1.0,4096,1,3.6875,0.0078125,0.2554890000028536,8192,8192,906240,0,8924160.0,256,0.0022293356824902855,0.05940747949462379,0.08732941471441588,1.0000000000000002,0.02158203125000002,50,0,0
gated-pqt-M1024-f0.70,persistent-quantile-transport,LBQCD-C02-unequal-min030-K9,unequal,missing,LBQCD-C02-unequal-min030-K9/missing,9,1200,1200,1024,840,360,128,1.0,4096,1,3.8125,0.0078125,0.2745691000018269,8192,8192,906240,0,8924160.0,256,0.007281086844253437,0.07342116931798792,0.11316128387581194,1.0000000000000002,0.027128906249999998,50,0,0
gated-pqt-M1024-f0.70,persistent-quantile-transport,LBQCD-C02-unequal-min030-K9,unequal,missing,LBQCD-C02-unequal-min030-K9/missing,10,1200,1200,1024,840,360,128,1.0,4096,1,3.8125,0.0078125,0.2629824999894481,8192,8192,906240,0,8924160.0,256,0.0028256346456025927,0.07577467662305737,0.12298697960985218,1.0000000000000002,0.04628906249999998,50,0,0
gated-pqt-M1024-f0.70,persistent-quantile-transport,LBQCD-C02-unequal-min030-K9,unequal,missing,LBQCD-C02-unequal-min030-K9/missing,11,1200,1200,1024,840,360,128,1.0,4096,1,3.9375,0.0078125,0.27100729997619055,8192,8192,906240,0,8924160.0,256,0.005194681178970262,0.06963540176498194,0.10965669769714867,1.0000000000000002,0.03617187500000002,50,0,0
gated-pqt-M1024-f0.70,persistent-quantile-transport,LBQCD-C02-unequal-min030-K9,unequal,missing,LBQCD-C02-unequal-min030-K9/missing,12,1200,1200,1024,840,360,128,1.0,4096,1,4.375,0.0078125,0.2538349000096787,8192,8192,906240,0,8924160.0,256,0.003149262871488645,0.07167123185800311,0.11760494764070993,1.0000000000000002,0.05197265625,50,0,0
gated-pqt-M1024-f0.70,persistent-quantile-transport,LBQCD-C02-unequal-min030-K9,unequal,missing,LBQCD-C02-unequal-min030-K9/missing,13,1200,1200,1024,840,360,128,1.0,4096,1,3.5625,0.0078125,0.2687058000010438,8192,8192,906240,0,8924160.0,256,0.004450833911623375,0.07421842644663199,0.12707819832167588,1.0000000000000002,0.0403125,50,0,0
gated-pqt-M1024-f0.70,persistent-quantile-transport,LBQCD-C02-unequal-min030-K9,unequal,missing,LBQCD-C02-unequal-min030-K9/missing,14,1200,1200,1024,840,360,128,1.0,4096,1,4.5625,0.0078125,0.25731489999452606,8192,8192,906240,0,8924160.0,256,0.0034991409854678857,0.06761151715848258,0.10227722166490749,1.0000000000000002,0.03396484375,50,0,0
gated-pqt-M1024-f0.70,persistent-quantile-transport,LBQCD-C02-unequal-min030-K9,unequal,missing,LBQCD-C02-unequal-min030-K9/missing,15,1200,1200,1024,840,360,128,1.0,4096,1,3.9375,0.0078125,0.27544489997671917,8192,8192,906240,0,8924160.0,256,0.0034297914365657434,0.07636890268366917,0.12630231907434747,1.0000000000000002,0.019492187499999977,50,0,0
gated-pqt-M1024-f0.70,persistent-quantile-transport,LBQCD-C02-unequal-min030-K9,unequal,missing,LBQCD-C02-unequal-min030-K9/missing,16,1200,1200,1024,840,360,128,1.0,4096,1,3.8125,0.0078125,0.25914859998738393,8192,8192,906240,0,8924160.0,256,0.002961018503272017,0.06534135441476807,0.10268709823456576,1.0000000000000002,0.026816406249999977,50,0,0
gated-pqt-M1024-f0.70,persistent-quantile-transport,LBQCD-C02-unequal-min030-K9,unequal,missing,LBQCD-C02-unequal-min030-K9/missing,17,1200,1200,1024,840,360,128,1.0,4096,1,5.1875,0.0078125,0.24288949999026954,8192,8192,906240,0,8924160.0,256,0.003364887821013296,0.06840660823580809,0.10590245914013856,1.0000000000000002,0.01914062500000002,50,0,0
gated-pqt-M1024-f0.70,persistent-quantile-transport,LBQCD-C02-unequal-min030-K9,unequal,missing,LBQCD-C02-unequal-min030-K9/missing,18,1200,1200,1024,840,360,128,1.0,4096,1,3.9375,0.0078125,0.3054615000146441,8192,8192,906240,0,8924160.0,256,0.002799719906337206,0.08414309495968358,0.13152794783526808,1.0000000000000002,0.04873046874999998,50,0,0
gated-pqt-M1024-f0.70,persistent-quantile-transport,LBQCD-C02-unequal-min030-K9,unequal,missing,LBQCD-C02-unequal-min030-K9/missing,19,1200,1200,1024,840,360,128,1.0,4096,1,4.125,0.0078125,0.3012328000040725,8192,8192,906240,0,8924160.0,256,0.00369679451099425,0.06697474854505898,0.10397654369684417,1.0000000000000002,0.03183593750000002,50,0,0
gated-pqt-M1024-f0.70,persistent-quantile-transport,LBQCD-C03-unequal-min020-K11,unequal,concentrated,LBQCD-C03-unequal-min020-K11/concentrated,0,1200,1200,1024,840,360,128,1.0,4096,1,3.0,0.0078125,0.23970559998997487,8192,8192,906240,0,8924160.0,256,0.006544448336484265,0.11440746702045368,0.1665595373004077,1.0,0.036890624999999996,50,0,0
gated-pqt-M1024-f0.70,persistent-quantile-transport,LBQCD-C03-unequal-min020-K11,unequal,concentrated,LBQCD-C03-unequal-min020-K11/concentrated,1,1200,1200,1024,840,360,128,1.0,4096,1,2.8125,0.0078125,0.23984299998846836,8192,8192,906240,0,8924160.0,256,0.010390234039404422,0.12503714573833344,0.1834549370237079,1.0,0.04119531250000001,50,0,0
gated-pqt-M1024-f0.70,persistent-quantile-transport,LBQCD-C03-unequal-min020-K11,unequal,concentrated,LBQCD-C03-unequal-min020-K11/concentrated,2,1200,1200,1024,840,360,128,1.0,4096,1,2.9375,0.0078125,0.24772890002350323,8192,8192,906240,0,8924160.0,256,0.005285616958269124,0.12122232883253854,0.18358372179295815,1.0,0.037378906249999996,50,0,0
gated-pqt-M1024-f0.70,persistent-quantile-transport,LBQCD-C03-unequal-min020-K11,unequal,concentrated,LBQCD-C03-unequal-min020-K11/concentrated,3,1200,1200,1024,840,360,128,1.0,4096,1,2.625,0.0078125,0.2989127000037115,8192,8192,906240,0,8924160.0,256,0.024504927190382553,0.11558541016544863,0.1822821002438059,1.0,0.044414062500000004,50,0,0
gated-pqt-M1024-f0.70,persistent-quantile-transport,LBQCD-C03-unequal-min020-K11,unequal,concentrated,LBQCD-C03-unequal-min020-K11/concentrated,4,1200,1200,1024,840,360,128,1.0,4096,1,3.0,0.0078125,0.2557063999993261,8192,8192,906240,0,8924160.0,256,0.00966527636438741,0.11496743894197117,0.15921058142383565,1.0,0.03135937499999998,50,0,0
gated-pqt-M1024-f0.70,persistent-quantile-transport,LBQCD-C03-unequal-min020-K11,unequal,concentrated,LBQCD-C03-unequal-min020-K11/concentrated,5,1200,1200,1024,840,360,128,1.0,4096,1,3.5,0.0078125,0.24210020000464283,8192,8192,906240,0,8924160.0,256,0.007952472804880095,0.11430673687957697,0.16010902677155361,1.0,0.037578125000000004,50,0,0
gated-pqt-M1024-f0.70,persistent-quantile-transport,LBQCD-C03-unequal-min020-K11,unequal,concentrated,LBQCD-C03-unequal-min020-K11/concentrated,6,1200,1200,1024,840,360,128,1.0,4096,1,2.625,0.0078125,0.23754779997398145,8192,8192,906240,0,8924160.0,256,0.00631570384733271,0.11288987461986795,0.1541155257960598,1.0,0.038593749999999996,50,0,0
gated-pqt-M1024-f0.70,persistent-quantile-transport,LBQCD-C03-unequal-min020-K11,unequal,concentrated,LBQCD-C03-unequal-min020-K11/concentrated,7,1200,1200,1024,840,360,128,1.0,4096,1,2.6875,0.0078125,0.23779079999076203,8192,8192,906240,0,8924160.0,256,0.013363871943479655,0.1165856831701534,0.17929030261111142,1.0,0.021792968749999992,50,0,0
gated-pqt-M1024-f0.70,persistent-quantile-transport,LBQCD-C03-unequal-min020-K11,unequal,concentrated,LBQCD-C03-unequal-min020-K11/concentrated,8,1200,1200,1024,840,360,128,1.0,4096,1,2.8125,0.0078125,0.2515272000164259,8192,8192,906240,0,8924160.0,256,0.0065302980832426805,0.10901293118118335,0.15933756163127924,1.0,0.036113281250000004,50,0,0
gated-pqt-M1024-f0.70,persistent-quantile-transport,LBQCD-C03-unequal-min020-K11,unequal,concentrated,LBQCD-C03-unequal-min020-K11/concentrated,9,1200,1200,1024,840,360,128,1.0,4096,1,2.8125,0.0078125,0.2874702999833971,8192,8192,906240,0,8924160.0,256,0.009234876960563021,0.12574602075641214,0.18602114677216508,1.0,0.04217187500000001,50,0,0
gated-pqt-M1024-f0.70,persistent-quantile-transport,LBQCD-C03-unequal-min020-K11,unequal,concentrated,LBQCD-C03-unequal-min020-K11/concentrated,10,1200,1200,1024,840,360,128,1.0,4096,1,2.5625,0.0078125,0.2475601999904029,8192,8192,906240,0,8924160.0,256,0.00505909882679223,0.12179048355480078,0.17657798948279504,1.0,0.046167968749999996,50,0,0
gated-pqt-M1024-f0.70,persistent-quantile-transport,LBQCD-C03-unequal-min020-K11,unequal,concentrated,LBQCD-C03-unequal-min020-K11/concentrated,11,1200,1200,1024,840,360,128,1.0,4096,1,2.1875,0.0078125,0.2337822999979835,8192,8192,906240,0,8924160.0,256,0.022318615565826594,0.11546412389152799,0.16567028223896565,1.0,0.039042968750000004,50,0,0
gated-pqt-M1024-f0.70,persistent-quantile-transport,LBQCD-C03-unequal-min020-K11,unequal,concentrated,LBQCD-C03-unequal-min020-K11/concentrated,12,1200,1200,1024,840,360,128,1.0,4096,1,2.75,0.0078125,0.2112988000153564,8192,8192,906240,0,8924160.0,256,0.006216449468924079,0.1448851685268048,0.22623077251370616,1.0,0.046367187500000004,50,0,0
gated-pqt-M1024-f0.70,persistent-quantile-transport,LBQCD-C03-unequal-min020-K11,unequal,concentrated,LBQCD-C03-unequal-min020-K11/concentrated,13,1200,1200,1024,840,360,128,1.0,4096,1,2.5625,0.0078125,0.24281570001039654,8192,8192,906240,0,8924160.0,256,0.010029034790326463,0.13127572022374404,0.19750618269055156,1.0,0.04425390624999999,50,0,0
gated-pqt-M1024-f0.70,persistent-quantile-transport,LBQCD-C03-unequal-min020-K11,unequal,concentrated,LBQCD-C03-unequal-min020-K11/concentrated,14,1200,1200,1024,840,360,128,1.0,4096,1,3.1875,0.0078125,0.24161719999392517,8192,8192,906240,0,8924160.0,256,0.016401598142639973,0.1303230005831641,0.19711365102781261,1.0,0.02439453125,50,0,0
gated-pqt-M1024-f0.70,persistent-quantile-transport,LBQCD-C03-unequal-min020-K11,unequal,concentrated,LBQCD-C03-unequal-min020-K11/concentrated,15,1200,1200,1024,840,360,128,1.0,4096,1,2.375,0.0078125,0.2412476999743376,8192,8192,906240,0,8924160.0,256,0.005321217753957885,0.11583183706046947,0.16908358921734262,1.0,0.035625000000000004,50,0,0
gated-pqt-M1024-f0.70,persistent-quantile-transport,LBQCD-C03-unequal-min020-K11,unequal,concentrated,LBQCD-C03-unequal-min020-K11/concentrated,16,1200,1200,1024,840,360,128,1.0,4096,1,2.375,0.0078125,0.2412080999929458,8192,8192,906240,0,8924160.0,256,0.010834489733683395,0.13387750499542278,0.1972946117859391,1.0,0.044703124999999996,50,0,0
gated-pqt-M1024-f0.70,persistent-quantile-transport,LBQCD-C03-unequal-min020-K11,unequal,concentrated,LBQCD-C03-unequal-min020-K11/concentrated,17,1200,1200,1024,840,360,128,1.0,4096,1,3.0,0.0078125,0.22285550000378862,8192,8192,906240,0,8924160.0,256,0.012993270389365819,0.1348048808766653,0.1956436718200591,1.0,0.036113281250000004,50,0,0
gated-pqt-M1024-f0.70,persistent-quantile-transport,LBQCD-C03-unequal-min020-K11,unequal,concentrated,LBQCD-C03-unequal-min020-K11/concentrated,18,1200,1200,1024,840,360,128,1.0,4096,1,3.125,0.0078125,0.23410479997983202,8192,8192,906240,0,8924160.0,256,0.014077275041522785,0.13066219438288854,0.2063584440199846,1.0,0.030003906250000007,50,0,0
gated-pqt-M1024-f0.70,persistent-quantile-transport,LBQCD-C03-unequal-min020-K11,unequal,concentrated,LBQCD-C03-unequal-min020-K11/concentrated,19,1200,1200,1024,840,360,128,1.0,4096,1,2.625,0.0078125,0.24606609999318607,8192,8192,906240,0,8924160.0,256,0.005412437304482154,0.10456710916247342,0.15767887676141246,1.0,0.029117187499999992,50,0,0
gated-pqt-M1024-f0.70,persistent-quantile-transport,LBQCD-C03-unequal-min020-K11,unequal,missing,LBQCD-C03-unequal-min020-K11/missing,0,1200,1200,1024,840,360,128,1.0,4096,1,2.6875,0.0078125,0.2654972999880556,8192,8192,906240,0,8924160.0,256,0.00789149978693171,0.11380487596319062,0.16519077270648203,1.0,0.043964843749999996,50,0,0
gated-pqt-M1024-f0.70,persistent-quantile-transport,LBQCD-C03-unequal-min020-K11,unequal,missing,LBQCD-C03-unequal-min020-K11/missing,1,1200,1200,1024,840,360,128,1.0,4096,1,2.6875,0.0078125,0.25830419998965226,8192,8192,906240,0,8924160.0,256,0.00672421846551341,0.11178674332156048,0.15954564697491108,1.0,0.03680078125000001,50,0,0
gated-pqt-M1024-f0.70,persistent-quantile-transport,LBQCD-C03-unequal-min020-K11,unequal,missing,LBQCD-C03-unequal-min020-K11/missing,2,1200,1200,1024,840,360,128,1.0,4096,1,2.75,0.0078125,0.24913500002003275,8192,8192,906240,0,8924160.0,256,0.00915980540735628,0.12323764695347805,0.18672699308056198,1.0,0.040546874999999996,50,0,0
gated-pqt-M1024-f0.70,persistent-quantile-transport,LBQCD-C03-unequal-min020-K11,unequal,missing,LBQCD-C03-unequal-min020-K11/missing,3,1200,1200,1024,840,360,128,1.0,4096,1,2.9375,0.0078125,0.26708779999171384,8192,8192,906240,0,8924160.0,256,0.020643372853311526,0.13837505154025095,0.20641147901623114,1.0,0.040058593749999996,100,0,0
gated-pqt-M1024-f0.70,persistent-quantile-transport,LBQCD-C03-unequal-min020-K11,unequal,missing,LBQCD-C03-unequal-min020-K11/missing,4,1200,1200,1024,840,360,128,1.0,4096,1,2.75,0.0078125,0.2654608000011649,8192,8192,906240,0,8924160.0,256,0.010921037321364846,0.11536303388033572,0.16013116235264108,1.0,0.030453125000000008,50,0,0
gated-pqt-M1024-f0.70,persistent-quantile-transport,LBQCD-C03-unequal-min020-K11,unequal,missing,LBQCD-C03-unequal-min020-K11/missing,5,1200,1200,1024,840,360,128,1.0,4096,1,2.9375,0.0078125,0.2827846000145655,8192,8192,906240,0,8924160.0,256,0.011980221009836534,0.10522625380790548,0.1503411001345953,1.0,0.03123046875,50,0,0
gated-pqt-M1024-f0.70,persistent-quantile-transport,LBQCD-C03-unequal-min020-K11,unequal,missing,LBQCD-C03-unequal-min020-K11/missing,6,1200,1200,1024,840,360,128,1.0,4096,1,3.0,0.0078125,0.23115880001569167,8192,8192,906240,0,8924160.0,256,0.012607025188091647,0.12650104965630501,0.18670126814385335,1.0,0.027523437500000008,50,0,0
gated-pqt-M1024-f0.70,persistent-quantile-transport,LBQCD-C03-unequal-min020-K11,unequal,missing,LBQCD-C03-unequal-min020-K11/missing,7,1200,1200,1024,840,360,128,1.0,4096,1,2.8125,0.0078125,0.26098829999682494,8192,8192,906240,0,8924160.0,256,0.006234263061666301,0.13846185757117713,0.21314024389604525,1.0,0.054667968750000004,50,0,0
gated-pqt-M1024-f0.70,persistent-quantile-transport,LBQCD-C03-unequal-min020-K11,unequal,missing,LBQCD-C03-unequal-min020-K11/missing,8,1200,1200,1024,840,360,128,1.0,4096,1,2.875,0.0078125,0.21827129999292083,8192,8192,906240,0,8924160.0,256,0.00669676725319146,0.13445888639329256,0.1956991417285532,1.0,0.046117187500000004,50,0,0
gated-pqt-M1024-f0.70,persistent-quantile-transport,LBQCD-C03-unequal-min020-K11,unequal,missing,LBQCD-C03-unequal-min020-K11/missing,9,1200,1200,1024,840,360,128,1.0,4096,1,2.9375,0.0078125,0.21787979998043738,8192,8192,906240,0,8924160.0,256,0.004728257761581922,0.1162853252470632,0.16328900262962376,1.0,0.03864453124999999,50,0,0
gated-pqt-M1024-f0.70,persistent-quantile-transport,LBQCD-C03-unequal-min020-K11,unequal,missing,LBQCD-C03-unequal-min020-K11/missing,10,1200,1200,1024,840,360,128,1.0,4096,1,3.0,0.0078125,0.2227357999945525,8192,8192,906240,0,8924160.0,256,0.00865986687526954,0.1392431904396203,0.2069673813962739,1.0,0.045878906250000004,50,0,0
gated-pqt-M1024-f0.70,persistent-quantile-transport,LBQCD-C03-unequal-min020-K11,unequal,missing,LBQCD-C03-unequal-min020-K11/missing,11,1200,1200,1024,840,360,128,1.0,4096,1,2.4375,0.0078125,0.23346990000572987,8192,8192,906240,0,8924160.0,256,0.010273835935089792,0.1115368133360557,0.15788293935397057,1.0,0.03741796874999999,50,0,0
gated-pqt-M1024-f0.70,persistent-quantile-transport,LBQCD-C03-unequal-min020-K11,unequal,missing,LBQCD-C03-unequal-min020-K11/missing,12,1200,1200,1024,840,360,128,1.0,4096,1,2.875,0.0078125,0.2473730999918189,8192,8192,906240,0,8924160.0,256,0.006491620678326093,0.10731999111194758,0.1552337541925924,1.0,0.03680078125000001,50,0,0
gated-pqt-M1024-f0.70,persistent-quantile-transport,LBQCD-C03-unequal-min020-K11,unequal,missing,LBQCD-C03-unequal-min020-K11/missing,13,1200,1200,1024,840,360,128,1.0,4096,1,3.1875,0.0078125,0.2358034999924712,8192,8192,906240,0,8924160.0,256,0.00641244997999646,0.12077825502053334,0.17167782739141302,1.0,0.03557421875000001,50,0,0
gated-pqt-M1024-f0.70,persistent-quantile-transport,LBQCD-C03-unequal-min020-K11,unequal,missing,LBQCD-C03-unequal-min020-K11/missing,14,1200,1200,1024,840,360,128,1.0,4096,1,3.0,0.0078125,0.23138410001411103,8192,8192,906240,0,8924160.0,256,0.005310305698816631,0.11415775485569256,0.16517978112023426,1.0,0.050800781249999996,50,0,0
gated-pqt-M1024-f0.70,persistent-quantile-transport,LBQCD-C03-unequal-min020-K11,unequal,missing,LBQCD-C03-unequal-min020-K11/missing,15,1200,1200,1024,840,360,128,1.0,4096,1,2.5,0.0078125,0.24264350000885315,8192,8192,906240,0,8924160.0,256,0.004261681373519899,0.1252889201641375,0.19330179998612937,1.0,0.04461328125000001,50,0,0
gated-pqt-M1024-f0.70,persistent-quantile-transport,LBQCD-C03-unequal-min020-K11,unequal,missing,LBQCD-C03-unequal-min020-K11/missing,16,1200,1200,1024,840,360,128,1.0,4096,1,2.4375,0.0078125,0.23416660001385026,8192,8192,906240,0,8924160.0,256,0.01590252991598584,0.12198408276405671,0.17846216862374606,1.0,0.046855468750000004,50,0,0
gated-pqt-M1024-f0.70,persistent-quantile-transport,LBQCD-C03-unequal-min020-K11,unequal,missing,LBQCD-C03-unequal-min020-K11/missing,17,1200,1200,1024,840,360,128,1.0,4096,1,2.75,0.0078125,0.24553389998618513,8192,8192,906240,0,8924160.0,256,0.012375756001071103,0.11817429368265066,0.1702997989661991,1.0,0.039332031249999996,50,0,0
gated-pqt-M1024-f0.70,persistent-quantile-transport,LBQCD-C03-unequal-min020-K11,unequal,missing,LBQCD-C03-unequal-min020-K11/missing,18,1200,1200,1024,840,360,128,1.0,4096,1,2.5625,0.0078125,0.235004599991953,8192,8192,906240,0,8924160.0,256,0.006157307191716033,0.11716526715094334,0.16290952121457175,1.0,0.033710937499999996,50,0,0
gated-pqt-M1024-f0.70,persistent-quantile-transport,LBQCD-C03-unequal-min020-K11,unequal,missing,LBQCD-C03-unequal-min020-K11/missing,19,1200,1200,1024,840,360,128,1.0,4096,1,3.125,0.0078125,0.22839309999835677,8192,8192,906240,0,8924160.0,256,0.005372313431704967,0.11413507449378418,0.18083410637081793,1.0,0.043476562499999996,50,0,0
gated-pqt-M1024-f0.70,persistent-quantile-transport,LBQCD-C04-unequal-min012-K13,unequal,concentrated,LBQCD-C04-unequal-min012-K13/concentrated,0,1200,1200,1024,840,360,128,1.0,4096,1,1.6875,0.0078125,0.2561778000090271,8192,8192,906240,0,8924160.0,256,0.0043072842623876895,0.08066561995350952,0.11397650855747818,1.0,0.050574218750000045,50,0,0
gated-pqt-M1024-f0.70,persistent-quantile-transport,LBQCD-C04-unequal-min012-K13,unequal,concentrated,LBQCD-C04-unequal-min012-K13/concentrated,1,1200,1200,128,0,1200,128,1.0,4096,0,9.25,0.0078125,0.16260440001497045,8192,8192,153600,0,1075200.0,256,0.005907171917075349,0.1619681187820649,0.20056212258857806,0.988,0.0507565104166667,50,0,0
gated-pqt-M1024-f0.70,persistent-quantile-transport,LBQCD-C04-unequal-min012-K13,unequal,concentrated,LBQCD-C04-unequal-min012-K13/concentrated,2,1200,1200,128,0,1200,128,1.0,4096,0,9.0,0.0078125,0.1301884999847971,8192,8192,153600,0,1075200.0,256,0.007668455935101459,0.10552098961760793,0.1320356353853261,0.988,0.05729427083333342,50,0,0
gated-pqt-M1024-f0.70,persistent-quantile-transport,LBQCD-C04-unequal-min012-K13,unequal,concentrated,LBQCD-C04-unequal-min012-K13/concentrated,3,1200,1200,128,0,1200,128,1.0,4096,0,9.1875,0.0078125,0.1518447999842465,8192,8192,153600,0,1075200.0,256,0.005732244654464758,0.11145941971392384,0.13787771821516023,0.988,0.034949218750000045,50,0,0
gated-pqt-M1024-f0.70,persistent-quantile-transport,LBQCD-C04-unequal-min012-K13,unequal,concentrated,LBQCD-C04-unequal-min012-K13/concentrated,4,1200,1200,1024,840,360,128,1.0,4096,1,2.125,0.0078125,0.24041820000275038,8192,8192,906240,0,8924160.0,256,0.025742571849474594,0.0901025855262006,0.123919034611006,1.0,0.039832031250000045,50,0,0
gated-pqt-M1024-f0.70,persistent-quantile-transport,LBQCD-C04-unequal-min012-K13,unequal,concentrated,LBQCD-C04-unequal-min012-K13/concentrated,5,1200,1200,1024,840,360,128,1.0,4096,1,1.75,0.0078125,0.2648691999784205,8192,8192,906240,0,8924160.0,256,0.0039229070308137715,0.07542863524048203,0.09803032867053042,1.0,0.04971354166666667,50,0,0
gated-pqt-M1024-f0.70,persistent-quantile-transport,LBQCD-C04-unequal-min012-K13,unequal,concentrated,LBQCD-C04-unequal-min012-K13/concentrated,6,1200,1200,128,0,1200,128,1.0,4096,0,9.125,0.0078125,0.12879039999097586,8192,8192,153600,0,1075200.0,256,0.007463036749541185,0.10832221709897348,0.13234149041848367,0.988,0.05387630208333342,50,0,0
gated-pqt-M1024-f0.70,persistent-quantile-transport,LBQCD-C04-unequal-min012-K13,unequal,concentrated,LBQCD-C04-unequal-min012-K13/concentrated,7,1200,1200,1024,840,360,128,1.0,4096,1,2.0625,0.0078125,0.2532491000019945,8192,8192,906240,0,8924160.0,256,0.0053526732280388956,0.09105171807823643,0.12696115027114535,1.0,0.04459895833333342,50,0,0
gated-pqt-M1024-f0.70,persistent-quantile-transport,LBQCD-C04-unequal-min012-K13,unequal,concentrated,LBQCD-C04-unequal-min012-K13/concentrated,8,1200,1200,128,0,1200,128,1.0,4096,0,9.875,0.0078125,0.13756610002019443,8192,8192,153600,0,1075200.0,256,0.008553178526595762,0.12573484662454004,0.15303685588517868,0.988,0.037878906250000045,50,0,0
gated-pqt-M1024-f0.70,persistent-quantile-transport,LBQCD-C04-unequal-min012-K13,unequal,concentrated,LBQCD-C04-unequal-min012-K13/concentrated,9,1200,1200,128,0,1200,128,1.0,4096,0,9.1875,0.0078125,0.1717631000210531,8192,8192,153600,0,1075200.0,256,0.018024223869847145,0.110209824747149,0.13481388317604873,0.988,0.06413020833333341,50,0,0
gated-pqt-M1024-f0.70,persistent-quantile-transport,LBQCD-C04-unequal-min012-K13,unequal,concentrated,LBQCD-C04-unequal-min012-K13/concentrated,10,1200,1200,1024,840,360,128,1.0,4096,1,1.9375,0.0078125,0.2336209999921266,8192,8192,906240,0,8924160.0,256,0.003607102992128297,0.07564905783652816,0.11123658444163548,1.0,0.0366458333333333,50,0,0
gated-pqt-M1024-f0.70,persistent-quantile-transport,LBQCD-C04-unequal-min012-K13,unequal,concentrated,LBQCD-C04-unequal-min012-K13/concentrated,11,1200,1200,1024,840,360,128,1.0,4096,1,2.125,0.0078125,0.24773689999710768,8192,8192,906240,0,8924160.0,256,0.00866490009042531,0.0809517373731315,0.11664260015540366,1.0,0.028113281250000045,50,0,0
gated-pqt-M1024-f0.70,persistent-quantile-transport,LBQCD-C04-unequal-min012-K13,unequal,concentrated,LBQCD-C04-unequal-min012-K13/concentrated,12,1200,1200,1024,840,360,128,1.0,4096,1,2.0,0.0078125,0.230852100008633,8192,8192,906240,0,8924160.0,256,0.0026116937310320942,0.07478957316007316,0.10640525728899272,1.0,0.032019531250000045,50,0,0
gated-pqt-M1024-f0.70,persistent-quantile-transport,LBQCD-C04-unequal-min012-K13,unequal,concentrated,LBQCD-C04-unequal-min012-K13/concentrated,13,1200,1200,1024,840,360,128,1.0,4096,1,1.8125,0.0078125,0.24137790000531822,8192,8192,906240,0,8924160.0,256,0.0061081142022061385,0.07233647017716688,0.10084604025361699,1.0,0.03329427083333333,50,0,0
gated-pqt-M1024-f0.70,persistent-quantile-transport,LBQCD-C04-unequal-min012-K13,unequal,concentrated,LBQCD-C04-unequal-min012-K13/concentrated,14,1200,1200,1024,840,360,128,1.0,4096,1,2.0,0.0078125,0.2633186000166461,8192,8192,906240,0,8924160.0,256,0.004090950131740101,0.07462701520870457,0.1059180452818765,1.0,0.03262369791666667,50,0,0
gated-pqt-M1024-f0.70,persistent-quantile-transport,LBQCD-C04-unequal-min012-K13,unequal,concentrated,LBQCD-C04-unequal-min012-K13/concentrated,15,1200,1200,1024,840,360,128,1.0,4096,1,2.0,0.0078125,0.2596778000006452,8192,8192,906240,0,8924160.0,256,0.007504124556345193,0.07210632433307759,0.09652721484864377,1.0,0.02983463541666679,50,0,0
gated-pqt-M1024-f0.70,persistent-quantile-transport,LBQCD-C04-unequal-min012-K13,unequal,concentrated,LBQCD-C04-unequal-min012-K13/concentrated,16,1200,1200,128,0,1200,128,1.0,4096,0,9.5,0.0078125,0.16041879999102093,8192,8192,153600,0,1075200.0,256,0.008210408172742323,0.11158051155345314,0.13484155576427861,0.988,0.06815234375000004,50,0,0
gated-pqt-M1024-f0.70,persistent-quantile-transport,LBQCD-C04-unequal-min012-K13,unequal,concentrated,LBQCD-C04-unequal-min012-K13/concentrated,17,1200,1200,128,0,1200,128,1.0,4096,0,9.0625,0.0078125,0.1567353999998886,8192,8192,153600,0,1075200.0,256,0.0056559235891091575,0.10928366527913724,0.130544536618522,0.988,0.04287760416666667,50,0,0
gated-pqt-M1024-f0.70,persistent-quantile-transport,LBQCD-C04-unequal-min012-K13,unequal,concentrated,LBQCD-C04-unequal-min012-K13/concentrated,18,1200,1200,128,0,1200,128,1.0,4096,0,9.5625,0.0078125,0.17326360000879504,8192,8192,153600,0,1075200.0,256,0.0064187428476722985,0.10505708076636704,0.13232829071495641,0.988,0.047644531250000045,50,0,0
gated-pqt-M1024-f0.70,persistent-quantile-transport,LBQCD-C04-unequal-min012-K13,unequal,concentrated,LBQCD-C04-unequal-min012-K13/concentrated,19,1200,1200,1024,840,360,128,1.0,4096,1,1.8125,0.0078125,0.27168179998989217,8192,8192,906240,0,8924160.0,256,0.007571730803981325,0.09983938720147337,0.1412804522521554,1.0,0.03848307291666667,50,0,0
gated-pqt-M1024-f0.70,persistent-quantile-transport,LBQCD-C04-unequal-min012-K13,unequal,missing,LBQCD-C04-unequal-min012-K13/missing,0,1200,1200,1024,840,360,128,1.0,4096,1,1.6875,0.0078125,0.20848930001375265,8192,8192,906240,0,8924160.0,256,0.007204054506129598,0.0849013165887885,0.12026328198282432,1.0,0.043175781249999955,50,0,0
gated-pqt-M1024-f0.70,persistent-quantile-transport,LBQCD-C04-unequal-min012-K13,unequal,missing,LBQCD-C04-unequal-min012-K13/missing,1,1200,1200,128,0,1200,128,1.0,4096,0,9.875,0.0078125,0.18361099998583086,8192,8192,153600,0,1075200.0,256,0.006162322741853021,0.11652493882895257,0.13984749317918527,0.988,0.036902343750000045,50,0,0
gated-pqt-M1024-f0.70,persistent-quantile-transport,LBQCD-C04-unequal-min012-K13,unequal,missing,LBQCD-C04-unequal-min012-K13/missing,2,1200,1200,1024,840,360,128,1.0,4096,1,1.75,0.0078125,0.2635485000209883,8192,8192,906240,0,8924160.0,256,0.009003115808038586,0.07613989691791043,0.10758321431035137,1.0,0.051550781250000045,50,0,0
gated-pqt-M1024-f0.70,persistent-quantile-transport,LBQCD-C04-unequal-min012-K13,unequal,missing,LBQCD-C04-unequal-min012-K13/missing,3,1200,1200,128,0,1200,128,1.0,4096,0,9.5625,0.0078125,0.13993350000237115,8192,8192,153600,0,1075200.0,256,0.009585154846041277,0.11032154003151864,0.13755317340391468,0.988,0.04678385416666667,50,0,0
gated-pqt-M1024-f0.70,persistent-quantile-transport,LBQCD-C04-unequal-min012-K13,unequal,missing,LBQCD-C04-unequal-min012-K13/missing,4,1200,1200,1024,840,360,128,1.0,4096,1,1.6875,0.0078125,0.25406559999100864,8192,8192,906240,0,8924160.0,256,0.006204933695328041,0.08814661453957615,0.12792479148288477,1.0,0.04385416666666667,50,0,0
gated-pqt-M1024-f0.70,persistent-quantile-transport,LBQCD-C04-unequal-min012-K13,unequal,missing,LBQCD-C04-unequal-min012-K13/missing,5,1200,1200,128,0,1200,128,1.0,4096,0,9.5625,0.0078125,0.1542321000015363,8192,8192,153600,0,1075200.0,256,0.007237495133888494,0.10828925351000905,0.12938772130775067,0.988,0.03994791666666667,50,0,0
gated-pqt-M1024-f0.70,persistent-quantile-transport,LBQCD-C04-unequal-min012-K13,unequal,missing,LBQCD-C04-unequal-min012-K13/missing,6,1200,1200,1024,840,360,128,1.0,4096,1,2.375,0.0078125,0.24248159999842755,8192,8192,906240,0,8924160.0,256,0.019189517039049697,0.08544909071688236,0.12810051131576547,1.0,0.041296875000000045,50,0,0
gated-pqt-M1024-f0.70,persistent-quantile-transport,LBQCD-C04-unequal-min012-K13,unequal,missing,LBQCD-C04-unequal-min012-K13/missing,7,1200,1200,1024,840,360,128,1.0,4096,1,1.8125,0.0078125,0.25517499999841675,8192,8192,906240,0,8924160.0,256,0.0033386618766613196,0.09384457183223816,0.13362767129667283,1.0,0.04190104166666667,50,0,0
gated-pqt-M1024-f0.70,persistent-quantile-transport,LBQCD-C04-unequal-min012-K13,unequal,missing,LBQCD-C04-unequal-min012-K13/missing,8,1200,1200,1024,840,360,128,1.0,4096,1,1.875,0.0078125,0.2583320999983698,8192,8192,906240,0,8924160.0,256,0.0033677927259336826,0.07285267604311622,0.09913795770924716,1.0,0.03239192708333342,50,0,0
gated-pqt-M1024-f0.70,persistent-quantile-transport,LBQCD-C04-unequal-min012-K13,unequal,missing,LBQCD-C04-unequal-min012-K13/missing,9,1200,1200,1024,840,360,128,1.0,4096,1,1.6875,0.0078125,0.21640810000826605,8192,8192,906240,0,8924160.0,256,0.004969309856218906,0.12726612091858497,0.18051926408854813,1.0,0.05069010416666667,50,0,0
gated-pqt-M1024-f0.70,persistent-quantile-transport,LBQCD-C04-unequal-min012-K13,unequal,missing,LBQCD-C04-unequal-min012-K13/missing,10,1200,1200,1024,840,360,128,1.0,4096,1,1.5625,0.0078125,0.21091320001869462,8192,8192,906240,0,8924160.0,256,0.004085634596470378,0.10103196146038215,0.13818544283046522,1.0,0.07003124999999996,50,0,0
gated-pqt-M1024-f0.70,persistent-quantile-transport,LBQCD-C04-unequal-min012-K13,unequal,missing,LBQCD-C04-unequal-min012-K13/missing,11,1200,1200,1024,840,360,128,1.0,4096,1,1.375,0.0078125,0.20603820000542328,8192,8192,906240,0,8924160.0,256,0.009261208703772006,0.08525589549131661,0.11930237370638366,1.0,0.030438802083333417,50,0,0
gated-pqt-M1024-f0.70,persistent-quantile-transport,LBQCD-C04-unequal-min012-K13,unequal,missing,LBQCD-C04-unequal-min012-K13/missing,12,1200,1200,128,0,1200,128,1.0,4096,0,9.3125,0.0078125,0.14348639998934232,8192,8192,153600,0,1075200.0,256,0.015652814167497198,0.11353088101991,0.1413952268379815,0.988,0.04776041666666667,50,0,0
gated-pqt-M1024-f0.70,persistent-quantile-transport,LBQCD-C04-unequal-min012-K13,unequal,missing,LBQCD-C04-unequal-min012-K13/missing,13,1200,1200,128,0,1200,128,1.0,4096,0,9.8125,0.0078125,0.16156890001730062,8192,8192,153600,0,1075200.0,256,0.010899346976620539,0.11212286751539266,0.13952216059982075,0.988,0.04678385416666667,50,0,0
gated-pqt-M1024-f0.70,persistent-quantile-transport,LBQCD-C04-unequal-min012-K13,unequal,missing,LBQCD-C04-unequal-min012-K13/missing,14,1200,1200,1024,840,360,128,1.0,4096,1,1.5625,0.0078125,0.25652110000373796,8192,8192,906240,0,8924160.0,256,0.0052038609137343705,0.08094696438071479,0.11102975635437635,1.0,0.03964192708333333,50,0,0
gated-pqt-M1024-f0.70,persistent-quantile-transport,LBQCD-C04-unequal-min012-K13,unequal,missing,LBQCD-C04-unequal-min012-K13/missing,15,1200,1200,1024,840,360,128,1.0,4096,1,1.875,0.0078125,0.2621969000028912,8192,8192,906240,0,8924160.0,256,0.007941475826474864,0.07999050303771453,0.11625292247417154,1.0,0.0425052083333333,50,0,0
gated-pqt-M1024-f0.70,persistent-quantile-transport,LBQCD-C04-unequal-min012-K13,unequal,missing,LBQCD-C04-unequal-min012-K13/missing,16,1200,1200,1024,840,360,128,1.0,4096,1,1.875,0.0078125,0.24045720000867732,8192,8192,906240,0,8924160.0,256,0.003039419419950562,0.09631908846171168,0.14011042434430246,1.0,0.04531901041666667,50,0,0
gated-pqt-M1024-f0.70,persistent-quantile-transport,LBQCD-C04-unequal-min012-K13,unequal,missing,LBQCD-C04-unequal-min012-K13/missing,17,1200,1200,1024,840,360,128,1.0,4096,1,1.9375,0.0078125,0.2565916999883484,8192,8192,906240,0,8924160.0,256,0.007946935592224147,0.09883102650503463,0.14088726485707523,1.0,0.03580989583333342,50,0,0
gated-pqt-M1024-f0.70,persistent-quantile-transport,LBQCD-C04-unequal-min012-K13,unequal,missing,LBQCD-C04-unequal-min012-K13/missing,18,1200,1200,128,0,1200,128,1.0,4096,0,8.5,0.0078125,0.13898069999413565,8192,8192,153600,0,1075200.0,256,0.013023282777345102,0.11602414366388507,0.1373961926481495,0.988,0.05327213541666679,50,0,0
gated-pqt-M1024-f0.70,persistent-quantile-transport,LBQCD-C04-unequal-min012-K13,unequal,missing,LBQCD-C04-unequal-min012-K13/missing,19,1200,1200,128,0,1200,128,1.0,4096,0,9.0625,0.0078125,0.1339542000205256,8192,8192,153600,0,1075200.0,256,0.006309434752153287,0.11076669505700895,0.13370961672515158,0.988,0.02836979166666679,50,0,0
gated-pqt-M1024-f0.70,persistent-quantile-transport,LBQCD-C05-unequal-min0075-K16,unequal,concentrated,LBQCD-C05-unequal-min0075-K16/concentrated,0,1200,1200,1024,840,360,128,1.0,4096,1,7.1875,0.0078125,0.25807469998835586,8192,8192,906240,0,8924160.0,256,0.0151987249379264,0.1542708759619738,0.2112593590665494,0.9925000000000004,0.04242578125,50,0,0
gated-pqt-M1024-f0.70,persistent-quantile-transport,LBQCD-C05-unequal-min0075-K16,unequal,concentrated,LBQCD-C05-unequal-min0075-K16/concentrated,1,1200,1200,1024,840,360,128,1.0,4096,1,7.5625,0.0078125,0.24131519999355078,8192,8192,906240,0,8924160.0,256,0.003936315774744514,0.11650964806994966,0.15853315396243392,0.9925000000000004,0.04145833333333336,50,0,0
gated-pqt-M1024-f0.70,persistent-quantile-transport,LBQCD-C05-unequal-min0075-K16,unequal,concentrated,LBQCD-C05-unequal-min0075-K16/concentrated,2,1200,1200,1024,840,360,128,1.0,4096,1,7.3125,0.0078125,0.21534479997353628,8192,8192,906240,0,8924160.0,256,0.007710828665080882,0.11896527846805413,0.15516333929310466,0.9925000000000004,0.041440104166666644,50,0,0
gated-pqt-M1024-f0.70,persistent-quantile-transport,LBQCD-C05-unequal-min0075-K16,unequal,concentrated,LBQCD-C05-unequal-min0075-K16/concentrated,3,1200,1200,1024,840,360,128,1.0,4096,1,7.625,0.0078125,0.22782430000370368,8192,8192,906240,0,8924160.0,256,0.026417551718709742,0.13261382000661057,0.17868621374302318,0.9925000000000004,0.051684895833333286,50,0,0
gated-pqt-M1024-f0.70,persistent-quantile-transport,LBQCD-C05-unequal-min0075-K16,unequal,concentrated,LBQCD-C05-unequal-min0075-K16/concentrated,4,1200,1200,1024,840,360,128,1.0,4096,1,6.875,0.0078125,0.21606899998732843,8192,8192,906240,0,8924160.0,256,0.009559191645222676,0.15221408017682783,0.2150091144357966,0.9925000000000004,0.036557291666666644,50,0,0
gated-pqt-M1024-f0.70,persistent-quantile-transport,LBQCD-C05-unequal-min0075-K16,unequal,concentrated,LBQCD-C05-unequal-min0075-K16/concentrated,5,1200,1200,1024,840,360,128,1.0,4096,1,7.625,0.0078125,0.22776840001461096,8192,8192,906240,0,8924160.0,256,0.006043104033427671,0.18861279324805458,0.2585094923097913,0.9925000000000004,0.054126302083333286,50,0,0
gated-pqt-M1024-f0.70,persistent-quantile-transport,LBQCD-C05-unequal-min0075-K16,unequal,concentrated,LBQCD-C05-unequal-min0075-K16/concentrated,6,1200,1200,1024,840,360,128,1.0,4096,1,7.4375,0.0078125,0.24774919997435063,8192,8192,906240,0,8924160.0,256,0.011414843122563134,0.12843143497075143,0.1802494351799935,0.9925000000000004,0.044848958333333286,50,0,0
gated-pqt-M1024-f0.70,persistent-quantile-transport,LBQCD-C05-unequal-min0075-K16,unequal,concentrated,LBQCD-C05-unequal-min0075-K16/concentrated,7,1200,1200,1024,840,360,128,1.0,4096,1,7.375,0.0078125,0.2581595999945421,8192,8192,906240,0,8924160.0,256,0.010390721561740701,0.12454209006699593,0.17090121732237495,0.9925000000000004,0.052182291666666644,50,0,0
gated-pqt-M1024-f0.70,persistent-quantile-transport,LBQCD-C05-unequal-min0075-K16,unequal,concentrated,LBQCD-C05-unequal-min0075-K16/concentrated,8,1200,1200,1024,840,360,128,1.0,4096,1,6.4375,0.0078125,0.26453050001873635,8192,8192,906240,0,8924160.0,256,0.014811831798873687,0.11334415498127848,0.15277444586930938,0.9925000000000004,0.05121484375,50,0,0
gated-pqt-M1024-f0.70,persistent-quantile-transport,LBQCD-C05-unequal-min0075-K16,unequal,concentrated,LBQCD-C05-unequal-min0075-K16/concentrated,9,1200,1200,1024,840,360,128,1.0,4096,1,7.4375,0.0078125,0.28318709999439307,8192,8192,906240,0,8924160.0,256,0.015898985446741953,0.24119993591525876,0.3286555380820577,0.9925000000000004,0.03767968750000007,50,0,0
gated-pqt-M1024-f0.70,persistent-quantile-transport,LBQCD-C05-unequal-min0075-K16,unequal,concentrated,LBQCD-C05-unequal-min0075-K16/concentrated,10,1200,1200,1024,840,360,128,1.0,4096,1,7.375,0.0078125,0.29497009998885915,8192,8192,906240,0,8924160.0,256,0.01822888829016689,0.146705881085068,0.20330168008523936,0.9925000000000004,0.05558203124999993,50,0,0
gated-pqt-M1024-f0.70,persistent-quantile-transport,LBQCD-C05-unequal-min0075-K16,unequal,concentrated,LBQCD-C05-unequal-min0075-K16/concentrated,11,1200,1200,1024,840,360,128,1.0,4096,1,7.5625,0.0078125,0.21555580000858754,8192,8192,906240,0,8924160.0,256,0.038882148971874475,0.1870927021860741,0.25961354519130675,0.9925000000000004,0.057192708333333356,50,0,0
gated-pqt-M1024-f0.70,persistent-quantile-transport,LBQCD-C05-unequal-min0075-K16,unequal,concentrated,LBQCD-C05-unequal-min0075-K16/concentrated,12,1200,1200,1024,840,360,128,1.0,4096,1,7.0,0.0078125,0.2373879999795463,8192,8192,906240,0,8924160.0,256,0.016062253866092835,0.1295831832939013,0.171194926064393,0.9925000000000004,0.04142187499999993,50,0,0
gated-pqt-M1024-f0.70,persistent-quantile-transport,LBQCD-C05-unequal-min0075-K16,unequal,concentrated,LBQCD-C05-unequal-min0075-K16/concentrated,13,1200,1200,1024,840,360,128,1.0,4096,1,6.9375,0.0078125,0.25177559998701327,8192,8192,906240,0,8924160.0,256,0.012981048521948146,0.15626237508524773,0.21511993913240693,0.9925000000000004,0.038022135416666644,50,0,0
gated-pqt-M1024-f0.70,persistent-quantile-transport,LBQCD-C05-unequal-min0075-K16,unequal,concentrated,LBQCD-C05-unequal-min0075-K16/concentrated,14,1200,1200,1024,840,360,128,1.0,4096,1,7.4375,0.0078125,0.26144030000432394,8192,8192,906240,0,8924160.0,256,0.010585310649677382,0.13788283222599143,0.19533331312695124,0.9925000000000004,0.041567708333333356,50,0,0
gated-pqt-M1024-f0.70,persistent-quantile-transport,LBQCD-C05-unequal-min0075-K16,unequal,concentrated,LBQCD-C05-unequal-min0075-K16/concentrated,15,1200,1200,1024,840,360,128,1.0,4096,1,7.8125,0.0078125,0.2418343999888748,8192,8192,906240,0,8924160.0,256,0.015966998808357502,0.14939069198454283,0.2184281627772987,0.9925000000000004,0.038989583333333286,50,0,0
gated-pqt-M1024-f0.70,persistent-quantile-transport,LBQCD-C05-unequal-min0075-K16,unequal,concentrated,LBQCD-C05-unequal-min0075-K16/concentrated,16,1200,1200,1024,840,360,128,1.0,4096,1,7.625,0.0078125,0.26038599997991696,8192,8192,906240,0,8924160.0,256,0.03173162795239204,0.1283808490049103,0.17924171032572545,0.9925000000000004,0.04923437499999993,50,0,0
gated-pqt-M1024-f0.70,persistent-quantile-transport,LBQCD-C05-unequal-min0075-K16,unequal,concentrated,LBQCD-C05-unequal-min0075-K16/concentrated,17,1200,1200,1024,840,360,128,1.0,4096,1,7.5625,0.0078125,0.2404337000043597,8192,8192,906240,0,8924160.0,256,0.008795103218260714,0.11992982387614064,0.16046393189369346,0.9925000000000004,0.055102864583333286,50,0,0
gated-pqt-M1024-f0.70,persistent-quantile-transport,LBQCD-C05-unequal-min0075-K16,unequal,concentrated,LBQCD-C05-unequal-min0075-K16/concentrated,18,1200,1200,1024,840,360,128,1.0,4096,1,7.75,0.0078125,0.23816809998243116,8192,8192,906240,0,8924160.0,256,0.00547204685849545,0.1226754596812558,0.1643609003840386,0.9925000000000004,0.050220052083333286,50,0,0
gated-pqt-M1024-f0.70,persistent-quantile-transport,LBQCD-C05-unequal-min0075-K16,unequal,concentrated,LBQCD-C05-unequal-min0075-K16/concentrated,19,1200,1200,1024,840,360,128,1.0,4096,1,7.875,0.0078125,0.2320711000065785,8192,8192,906240,0,8924160.0,256,0.005022644800525278,0.1256191658323762,0.1711999907903746,0.9925000000000004,0.0518125,50,0,0
gated-pqt-M1024-f0.70,persistent-quantile-transport,LBQCD-C05-unequal-min0075-K16,unequal,missing,LBQCD-C05-unequal-min0075-K16/missing,0,1200,1200,1024,840,360,128,1.0,4096,1,7.25,0.0078125,0.24106089997803792,8192,8192,906240,0,8924160.0,256,0.010525683931439378,0.12298925506558066,0.1730588863761568,0.9925000000000004,0.030200520833333286,100,0,0
gated-pqt-M1024-f0.70,persistent-quantile-transport,LBQCD-C05-unequal-min0075-K16,unequal,missing,LBQCD-C05-unequal-min0075-K16/missing,1,1200,1200,1024,840,360,128,1.0,4096,1,7.375,0.0078125,0.21855009999126196,8192,8192,906240,0,8924160.0,256,0.007776771403705585,0.13634012210866467,0.1884357637691948,0.9925000000000004,0.0449765625,50,0,0
gated-pqt-M1024-f0.70,persistent-quantile-transport,LBQCD-C05-unequal-min0075-K16,unequal,missing,LBQCD-C05-unequal-min0075-K16/missing,2,1200,1200,1024,840,360,128,1.0,4096,1,7.4375,0.0078125,0.2651633000059519,8192,8192,906240,0,8924160.0,256,0.0068925199636349355,0.1557186182988302,0.2217809120168848,0.9925000000000004,0.037045572916666644,50,0,0
gated-pqt-M1024-f0.70,persistent-quantile-transport,LBQCD-C05-unequal-min0075-K16,unequal,missing,LBQCD-C05-unequal-min0075-K16/missing,3,1200,1200,1024,840,360,128,1.0,4096,1,7.0625,0.0078125,0.2359878999995999,8192,8192,906240,0,8924160.0,256,0.014383614505923958,0.1597793623053781,0.21598404541907804,0.9925000000000004,0.041567708333333356,50,0,0
gated-pqt-M1024-f0.70,persistent-quantile-transport,LBQCD-C05-unequal-min0075-K16,unequal,missing,LBQCD-C05-unequal-min0075-K16/missing,4,1200,1200,1024,840,360,128,1.0,4096,1,7.8125,0.0078125,0.19733560000895523,8192,8192,906240,0,8924160.0,256,0.006436817852326637,0.14787570240413056,0.20683343308019556,0.9925000000000004,0.06599088541666671,50,0,0
gated-pqt-M1024-f0.70,persistent-quantile-transport,LBQCD-C05-unequal-min0075-K16,unequal,missing,LBQCD-C05-unequal-min0075-K16/missing,5,1200,1200,1024,840,360,128,1.0,4096,1,7.1875,0.0078125,0.24097440001787618,8192,8192,906240,0,8924160.0,256,0.00953856062885361,0.1199921597898002,0.15579460634081918,0.9925000000000004,0.053638020833333286,50,0,0
gated-pqt-M1024-f0.70,persistent-quantile-transport,LBQCD-C05-unequal-min0075-K16,unequal,missing,LBQCD-C05-unequal-min0075-K16/missing,6,1200,1200,1024,840,360,128,1.0,4096,1,7.4375,0.0078125,0.21960739998030476,8192,8192,906240,0,8924160.0,256,0.011459250950502486,0.17230285319494293,0.23491271242001074,0.9925000000000004,0.06001302083333336,50,0,0
gated-pqt-M1024-f0.70,persistent-quantile-transport,LBQCD-C05-unequal-min0075-K16,unequal,missing,LBQCD-C05-unequal-min0075-K16/missing,7,1200,1200,1024,840,360,128,1.0,4096,1,7.5,0.0078125,0.25975369999650866,8192,8192,906240,0,8924160.0,256,0.005603034814851693,0.1205457635542741,0.1541593292579867,0.9925000000000004,0.042065104166666714,50,0,0
gated-pqt-M1024-f0.70,persistent-quantile-transport,LBQCD-C05-unequal-min0075-K16,unequal,missing,LBQCD-C05-unequal-min0075-K16/missing,8,1200,1200,1024,840,360,128,1.0,4096,1,7.1875,0.0078125,0.2620294999796897,8192,8192,906240,0,8924160.0,256,0.006161225457087749,0.1185509050606858,0.16354687868815057,0.9925000000000004,0.046459635416666714,100,0,0
gated-pqt-M1024-f0.70,persistent-quantile-transport,LBQCD-C05-unequal-min0075-K16,unequal,missing,LBQCD-C05-unequal-min0075-K16/missing,9,1200,1200,128,0,1200,128,1.0,4096,0,8.0,0.0078125,0.14258769998559728,8192,8192,153600,0,1075200.0,256,0.013056826569024516,0.2021783136072958,0.2548532020637205,0.9925000000000004,0.07266276041666657,50,0,0
gated-pqt-M1024-f0.70,persistent-quantile-transport,LBQCD-C05-unequal-min0075-K16,unequal,missing,LBQCD-C05-unequal-min0075-K16/missing,10,1200,1200,1024,840,360,128,1.0,4096,1,7.75,0.0078125,0.22871739999391139,8192,8192,906240,0,8924160.0,256,0.012020118869723984,0.12638276095951514,0.19101414769601036,0.9925000000000004,0.052182291666666644,100,0,0
gated-pqt-M1024-f0.70,persistent-quantile-transport,LBQCD-C05-unequal-min0075-K16,unequal,missing,LBQCD-C05-unequal-min0075-K16/missing,11,1200,1200,1024,840,360,128,1.0,4096,1,7.0625,0.0078125,0.20373509998898953,8192,8192,906240,0,8924160.0,256,0.005722185551800596,0.12286127973065039,0.15933579705789933,0.9925000000000004,0.041919270833333286,50,0,0
gated-pqt-M1024-f0.70,persistent-quantile-transport,LBQCD-C05-unequal-min0075-K16,unequal,missing,LBQCD-C05-unequal-min0075-K16/missing,12,1200,1200,1024,840,360,128,1.0,4096,1,7.75,0.0078125,0.29133720000390895,8192,8192,906240,0,8924160.0,256,0.005654513410163986,0.12964092918692624,0.18827830625763736,0.9925000000000004,0.07610807291666664,100,0,0
gated-pqt-M1024-f0.70,persistent-quantile-transport,LBQCD-C05-unequal-min0075-K16,unequal,missing,LBQCD-C05-unequal-min0075-K16/missing,13,1200,1200,1024,840,360,128,1.0,4096,1,7.9375,0.0078125,0.23614870000164956,8192,8192,906240,0,8924160.0,256,0.0059870398882777565,0.19584424655015484,0.2783639489494113,0.9925000000000004,0.05509374999999993,50,0,0
gated-pqt-M1024-f0.70,persistent-quantile-transport,LBQCD-C05-unequal-min0075-K16,unequal,missing,LBQCD-C05-unequal-min0075-K16/missing,14,1200,1200,1024,840,360,128,1.0,4096,1,7.1875,0.0078125,0.2690671000164002,8192,8192,906240,0,8924160.0,256,0.00769706583233809,0.14504568998649553,0.1915120924820587,0.9925000000000004,0.044018229166666714,100,0,0
gated-pqt-M1024-f0.70,persistent-quantile-transport,LBQCD-C05-unequal-min0075-K16,unequal,missing,LBQCD-C05-unequal-min0075-K16/missing,15,1200,1200,1024,840,360,128,1.0,4096,1,7.4375,0.0078125,0.27216709998901933,8192,8192,906240,0,8924160.0,256,0.012459061809380945,0.1597623875745297,0.22294262949947527,0.9925000000000004,0.04535546875,50,0,0
gated-pqt-M1024-f0.70,persistent-quantile-transport,LBQCD-C05-unequal-min0075-K16,unequal,missing,LBQCD-C05-unequal-min0075-K16/missing,16,1200,1200,1024,840,360,128,1.0,4096,1,7.375,0.0078125,0.2529534999921452,8192,8192,906240,0,8924160.0,256,0.009533187548196764,0.12869511836870587,0.18101972414447956,0.9925000000000004,0.03558984375,100,0,0
gated-pqt-M1024-f0.70,persistent-quantile-transport,LBQCD-C05-unequal-min0075-K16,unequal,missing,LBQCD-C05-unequal-min0075-K16/missing,17,1200,1200,1024,840,360,128,1.0,4096,1,7.1875,0.0078125,0.2729160000162665,8192,8192,906240,0,8924160.0,256,0.01036316776831514,0.17925746061568412,0.24882649777540256,0.9925000000000004,0.047290364583333286,50,0,0
gated-pqt-M1024-f0.70,persistent-quantile-transport,LBQCD-C05-unequal-min0075-K16,unequal,missing,LBQCD-C05-unequal-min0075-K16/missing,18,1200,1200,1024,840,360,128,1.0,4096,1,7.6875,0.0078125,0.2687138000037521,8192,8192,906240,0,8924160.0,256,0.008731697745868239,0.18720900315954525,0.26056662399070996,0.9925000000000004,0.056088541666666644,50,0,0
gated-pqt-M1024-f0.70,persistent-quantile-transport,LBQCD-C05-unequal-min0075-K16,unequal,missing,LBQCD-C05-unequal-min0075-K16/missing,19,1200,1200,1024,840,360,128,1.0,4096,1,7.8125,0.0078125,0.2767208000004757,8192,8192,906240,0,8924160.0,256,0.006365942845599104,0.11827036231629152,0.16306976175231433,0.9925000000000004,0.054614583333333286,100,0,0
gated-pqt-M1024-f0.70,persistent-quantile-transport,LBQCD-C06-unequal-min004-K20,unequal,concentrated,LBQCD-C06-unequal-min004-K20/concentrated,0,1200,1200,1024,840,360,128,1.0,4096,1,5.5625,0.0078125,0.21805250001489185,8192,8192,906240,0,8924160.0,256,0.008429352342047558,0.10588214586519562,0.14258899315200008,0.9959999999999999,0.048047080592105273,100,0,0
gated-pqt-M1024-f0.70,persistent-quantile-transport,LBQCD-C06-unequal-min004-K20,unequal,concentrated,LBQCD-C06-unequal-min004-K20/concentrated,1,1200,1200,1024,840,360,128,1.0,4096,1,5.3125,0.0078125,0.27429239999037236,8192,8192,906240,0,8924160.0,256,0.0032910651442108474,0.10652653735330518,0.14674252876229327,0.9959999999999999,0.06144222861842105,50,0,0
gated-pqt-M1024-f0.70,persistent-quantile-transport,LBQCD-C06-unequal-min004-K20,unequal,concentrated,LBQCD-C06-unequal-min004-K20/concentrated,2,1200,1200,1024,840,360,128,1.0,4096,1,5.4375,0.0078125,0.22672970002167858,8192,8192,906240,0,8924160.0,256,0.004093959805373526,0.10548877060501587,0.14452259521818123,0.9959999999999999,0.06451027960526316,50,0,0
gated-pqt-M1024-f0.70,persistent-quantile-transport,LBQCD-C06-unequal-min004-K20,unequal,concentrated,LBQCD-C06-unequal-min004-K20/concentrated,3,1200,1200,1024,840,360,128,1.0,4096,1,5.625,0.0078125,0.2625244999944698,8192,8192,906240,0,8924160.0,256,0.008900753034855047,0.10397795755595471,0.13680551822092218,0.9959999999999999,0.04581722861842105,50,0,0
gated-pqt-M1024-f0.70,persistent-quantile-transport,LBQCD-C06-unequal-min004-K20,unequal,concentrated,LBQCD-C06-unequal-min004-K20/concentrated,4,1200,1200,1024,840,360,128,1.0,4096,1,5.875,0.0078125,0.26524519998929463,8192,8192,906240,0,8924160.0,256,0.008238514901123484,0.10449787870183122,0.1440411406318119,0.9959999999999999,0.060254111842105273,50,0,0
gated-pqt-M1024-f0.70,persistent-quantile-transport,LBQCD-C06-unequal-min004-K20,unequal,concentrated,LBQCD-C06-unequal-min004-K20/concentrated,5,1200,1200,1024,840,360,128,1.0,4096,1,5.625,0.0078125,0.22905130000435747,8192,8192,906240,0,8924160.0,256,0.012120653154049865,0.08778211038958265,0.11676175352382945,0.9959999999999999,0.05251480263157894,50,0,0
gated-pqt-M1024-f0.70,persistent-quantile-transport,LBQCD-C06-unequal-min004-K20,unequal,concentrated,LBQCD-C06-unequal-min004-K20/concentrated,6,1200,1200,1024,840,360,128,1.0,4096,1,5.875,0.0078125,0.21048969999537803,8192,8192,906240,0,8924160.0,256,0.01135900164015835,0.0883397041967815,0.11034405297488502,0.9959999999999999,0.04888527960526316,50,0,0
gated-pqt-M1024-f0.70,persistent-quantile-transport,LBQCD-C06-unequal-min004-K20,unequal,concentrated,LBQCD-C06-unequal-min004-K20/concentrated,7,1200,1200,1024,840,360,128,1.0,4096,1,5.875,0.0078125,0.23280810000142083,8192,8192,906240,0,8924160.0,256,0.006924366728111586,0.0965460892999967,0.12663122510369823,0.9959999999999999,0.05530612664473683,50,0,0
gated-pqt-M1024-f0.70,persistent-quantile-transport,LBQCD-C06-unequal-min004-K20,unequal,concentrated,LBQCD-C06-unequal-min004-K20/concentrated,8,1200,1200,1024,840,360,128,1.0,4096,1,6.1875,0.0078125,0.3091644999803975,8192,8192,906240,0,8924160.0,256,0.010171046600883749,0.09585392247781248,0.12891157846401022,0.9959999999999999,0.05425637335526316,50,0,0
gated-pqt-M1024-f0.70,persistent-quantile-transport,LBQCD-C06-unequal-min004-K20,unequal,concentrated,LBQCD-C06-unequal-min004-K20/concentrated,9,1200,1200,1024,840,360,128,1.0,4096,1,5.75,0.0078125,0.2655553999939002,8192,8192,906240,0,8924160.0,256,0.003554722194955673,0.11191006049547508,0.15320571786824796,0.9959999999999999,0.05091159539473683,50,0,0
gated-pqt-M1024-f0.70,persistent-quantile-transport,LBQCD-C06-unequal-min004-K20,unequal,concentrated,LBQCD-C06-unequal-min004-K20/concentrated,10,1200,1200,1024,840,360,128,1.0,4096,1,5.9375,0.0078125,0.27474130000337027,8192,8192,906240,0,8924160.0,256,0.010806834373944696,0.11498479223101242,0.15311112512711636,0.9959999999999999,0.07937027138157893,50,0,0
gated-pqt-M1024-f0.70,persistent-quantile-transport,LBQCD-C06-unequal-min004-K20,unequal,concentrated,LBQCD-C06-unequal-min004-K20/concentrated,11,1200,1200,1024,840,360,128,1.0,4096,1,5.8125,0.0078125,0.23186259999056347,8192,8192,906240,0,8924160.0,256,0.00843623225211143,0.10244320198087375,0.13378091258971678,0.9959999999999999,0.06778988486842105,50,0,0
gated-pqt-M1024-f0.70,persistent-quantile-transport,LBQCD-C06-unequal-min004-K20,unequal,concentrated,LBQCD-C06-unequal-min004-K20/concentrated,12,1200,1200,1024,840,360,128,1.0,4096,1,5.4375,0.0078125,0.2544116000062786,8192,8192,906240,0,8924160.0,256,0.0031932266524883346,0.09607822955941159,0.13225718404400055,0.9959999999999999,0.06130386513157894,50,0,0
gated-pqt-M1024-f0.70,persistent-quantile-transport,LBQCD-C06-unequal-min004-K20,unequal,concentrated,LBQCD-C06-unequal-min004-K20/concentrated,13,1200,1200,1024,840,360,128,1.0,4096,1,5.1875,0.0078125,0.2523302000190597,8192,8192,906240,0,8924160.0,256,0.007856946398175246,0.10399344837650878,0.14460405955307054,0.9959999999999999,0.06939309210526316,50,0,0
gated-pqt-M1024-f0.70,persistent-quantile-transport,LBQCD-C06-unequal-min004-K20,unequal,concentrated,LBQCD-C06-unequal-min004-K20/concentrated,14,1200,1200,1024,840,360,128,1.0,4096,1,5.8125,0.0078125,0.32111980000627227,8192,8192,906240,0,8924160.0,256,0.007455676207033246,0.11301152926004207,0.1467502325871113,0.9959999999999999,0.06311862664473683,50,0,0
gated-pqt-M1024-f0.70,persistent-quantile-transport,LBQCD-C06-unequal-min004-K20,unequal,concentrated,LBQCD-C06-unequal-min004-K20/concentrated,15,1200,1200,1024,840,360,128,1.0,4096,1,5.6875,0.0078125,0.2716373000002932,8192,8192,906240,0,8924160.0,256,0.007141730736077712,0.09102776361651163,0.12161060672249586,0.9959999999999999,0.06353371710526316,50,0,0
gated-pqt-M1024-f0.70,persistent-quantile-transport,LBQCD-C06-unequal-min004-K20,unequal,concentrated,LBQCD-C06-unequal-min004-K20/concentrated,16,1200,1200,1024,840,360,128,1.0,4096,1,5.5,0.0078125,0.22887329998775385,8192,8192,906240,0,8924160.0,256,0.007942613647278662,0.11570769180154507,0.15203208315197025,0.9959999999999999,0.04790871710526316,50,0,0
gated-pqt-M1024-f0.70,persistent-quantile-transport,LBQCD-C06-unequal-min004-K20,unequal,concentrated,LBQCD-C06-unequal-min004-K20/concentrated,17,1200,1200,1024,840,360,128,1.0,4096,1,5.75,0.0078125,0.2508257000008598,8192,8192,906240,0,8924160.0,256,0.008445185694128554,0.10641595288178331,0.14435043126236688,0.9959999999999999,0.04784354440789472,50,0,0
gated-pqt-M1024-f0.70,persistent-quantile-transport,LBQCD-C06-unequal-min004-K20,unequal,concentrated,LBQCD-C06-unequal-min004-K20/concentrated,18,1200,1200,1024,840,360,128,1.0,4096,1,6.0625,0.0078125,0.26768729998730123,8192,8192,906240,0,8924160.0,256,0.010851373662920771,0.14198560279559727,0.17714780562871563,0.9959999999999999,0.06290707236842105,50,0,0
gated-pqt-M1024-f0.70,persistent-quantile-transport,LBQCD-C06-unequal-min004-K20,unequal,concentrated,LBQCD-C06-unequal-min004-K20/concentrated,19,1200,1200,1024,840,360,128,1.0,4096,1,5.5625,0.0078125,0.21508539997739717,8192,8192,906240,0,8924160.0,256,0.008555344056960568,0.1289136816915017,0.17008107300308417,0.9959999999999999,0.05070004111842105,50,0,0
gated-pqt-M1024-f0.70,persistent-quantile-transport,LBQCD-C06-unequal-min004-K20,unequal,missing,LBQCD-C06-unequal-min004-K20/missing,0,1200,1200,1024,840,360,128,1.0,4096,1,5.875,0.0078125,0.263977700000396,8192,8192,906240,0,8924160.0,256,0.010078165600676758,0.09238323453993018,0.11550989506094964,0.9959999999999999,0.05704769736842105,50,0,0
gated-pqt-M1024-f0.70,persistent-quantile-transport,LBQCD-C06-unequal-min004-K20,unequal,missing,LBQCD-C06-unequal-min004-K20/missing,1,1200,1200,1024,840,360,128,1.0,4096,1,5.5,0.0078125,0.2678670000168495,8192,8192,906240,0,8924160.0,256,0.003689950594247815,0.10140606305813707,0.13731940795789105,0.9959999999999999,0.05753597861842105,50,0,0
gated-pqt-M1024-f0.70,persistent-quantile-transport,LBQCD-C06-unequal-min004-K20,unequal,missing,LBQCD-C06-unequal-min004-K20/missing,2,1200,1200,1024,840,360,128,1.0,4096,1,5.8125,0.0078125,0.24110360001213849,8192,8192,906240,0,8924160.0,256,0.006510449060218804,0.11244714352511158,0.14818193473231503,0.9959999999999999,0.06534847861842105,50,0,0
gated-pqt-M1024-f0.70,persistent-quantile-transport,LBQCD-C06-unequal-min004-K20,unequal,missing,LBQCD-C06-unequal-min004-K20/missing,3,1200,1200,1024,840,360,128,1.0,4096,1,5.6875,0.0078125,0.22676960000535473,8192,8192,906240,0,8924160.0,256,0.004814543446245434,0.09352168113035719,0.1256527085780009,0.9959999999999999,0.037093338815789495,50,0,0
gated-pqt-M1024-f0.70,persistent-quantile-transport,LBQCD-C06-unequal-min004-K20,unequal,missing,LBQCD-C06-unequal-min004-K20/missing,4,1200,1200,1024,840,360,128,1.0,4096,1,5.6875,0.0078125,0.25394100000266917,8192,8192,906240,0,8924160.0,256,0.012148791435144357,0.0941796202396401,0.12092379719194744,0.9959999999999999,0.06974300986842105,50,0,0
gated-pqt-M1024-f0.70,persistent-quantile-transport,LBQCD-C06-unequal-min004-K20,unequal,missing,LBQCD-C06-unequal-min004-K20/missing,5,1200,1200,1024,840,360,128,1.0,4096,1,5.5,0.0078125,0.24792120000347495,8192,8192,906240,0,8924160.0,256,0.004047281971408356,0.09320424936569995,0.12719279990112722,0.9959999999999999,0.05718606085526316,50,0,0
gated-pqt-M1024-f0.70,persistent-quantile-transport,LBQCD-C06-unequal-min004-K20,unequal,missing,LBQCD-C06-unequal-min004-K20/missing,6,1200,1200,1024,840,360,128,1.0,4096,1,6.0,0.0078125,0.21217510002315976,8192,8192,906240,0,8924160.0,256,0.0027300309036992765,0.08419935249757103,0.10931203823522512,0.9959999999999999,0.04777035361842105,50,0,0
gated-pqt-M1024-f0.70,persistent-quantile-transport,LBQCD-C06-unequal-min004-K20,unequal,missing,LBQCD-C06-unequal-min004-K20/missing,7,1200,1200,1024,840,360,128,1.0,4096,1,5.6875,0.0078125,0.26508349998039193,8192,8192,906240,0,8924160.0,256,0.0028609359995783734,0.12076853194912406,0.17014084497251616,0.9959999999999999,0.05628268914473683,50,0,0
gated-pqt-M1024-f0.70,persistent-quantile-transport,LBQCD-C06-unequal-min004-K20,unequal,missing,LBQCD-C06-unequal-min004-K20/missing,8,1200,1200,1024,840,360,128,1.0,4096,1,5.4375,0.0078125,0.3093436999770347,8192,8192,906240,0,8924160.0,256,0.010714187146832366,0.08492588808803168,0.10595624741474381,0.9959999999999999,0.051465049342105273,50,0,0
gated-pqt-M1024-f0.70,persistent-quantile-transport,LBQCD-C06-unequal-min004-K20,unequal,missing,LBQCD-C06-unequal-min004-K20/missing,9,1200,1200,1024,840,360,128,1.0,4096,1,6.1875,0.0078125,0.2527762000099756,8192,8192,906240,0,8924160.0,256,0.007353775442086707,0.11314214275213365,0.1477548429771777,0.9959999999999999,0.06095394736842105,50,0,0
gated-pqt-M1024-f0.70,persistent-quantile-transport,LBQCD-C06-unequal-min004-K20,unequal,missing,LBQCD-C06-unequal-min004-K20/missing,10,1200,1200,1024,840,360,128,1.0,4096,1,5.625,0.0078125,0.2529560999828391,8192,8192,906240,0,8924160.0,256,0.011511380328776522,0.09777795978477646,0.13255895674734136,0.9959999999999999,0.06583675986842105,100,0,0
gated-pqt-M1024-f0.70,persistent-quantile-transport,LBQCD-C06-unequal-min004-K20,unequal,missing,LBQCD-C06-unequal-min004-K20/missing,11,1200,1200,1024,840,360,128,1.0,4096,1,5.875,0.0078125,0.21797530000912957,8192,8192,906240,0,8924160.0,256,0.004474905012206598,0.08467875943571593,0.11163252278178364,0.9959999999999999,0.05900082236842105,100,0,0
gated-pqt-M1024-f0.70,persistent-quantile-transport,LBQCD-C06-unequal-min004-K20,unequal,missing,LBQCD-C06-unequal-min004-K20/missing,12,1200,1200,1024,840,360,128,1.0,4096,1,5.9375,0.0078125,0.25051139999413863,8192,8192,906240,0,8924160.0,256,0.008682569438418497,0.09989221138595646,0.12887351278501388,0.9959999999999999,0.04093441611842105,50,0,0
gated-pqt-M1024-f0.70,persistent-quantile-transport,LBQCD-C06-unequal-min004-K20,unequal,missing,LBQCD-C06-unequal-min004-K20/missing,13,1200,1200,1024,840,360,128,1.0,4096,1,5.8125,0.0078125,0.263414000015473,8192,8192,906240,0,8924160.0,256,0.007257916028217792,0.08488420185030894,0.10765846451287435,0.9959999999999999,0.04665542763157894,50,0,0
gated-pqt-M1024-f0.70,persistent-quantile-transport,LBQCD-C06-unequal-min004-K20,unequal,missing,LBQCD-C06-unequal-min004-K20/missing,14,1200,1200,1024,840,360,128,1.0,4096,1,5.625,0.0078125,0.2535848999978043,8192,8192,906240,0,8924160.0,256,0.006288725582497712,0.1800237692696196,0.213565616085203,0.9959999999999999,0.06193050986842105,50,0,0
gated-pqt-M1024-f0.70,persistent-quantile-transport,LBQCD-C06-unequal-min004-K20,unequal,missing,LBQCD-C06-unequal-min004-K20/missing,15,1200,1200,1024,840,360,128,1.0,4096,1,5.5,0.0078125,0.23156269997707568,8192,8192,906240,0,8924160.0,256,0.0052615426635220786,0.14860680724541284,0.1872256865292387,0.9959999999999999,0.05970065789473683,50,0,0
gated-pqt-M1024-f0.70,persistent-quantile-transport,LBQCD-C06-unequal-min004-K20,unequal,missing,LBQCD-C06-unequal-min004-K20/missing,16,1200,1200,1024,840,360,128,1.0,4096,1,5.5,0.0078125,0.3017404999991413,8192,8192,906240,0,8924160.0,256,0.00954130384713947,0.09506549517962652,0.13125381447346585,0.9959999999999999,0.07058120888157896,50,0,0
gated-pqt-M1024-f0.70,persistent-quantile-transport,LBQCD-C06-unequal-min004-K20,unequal,missing,LBQCD-C06-unequal-min004-K20/missing,17,1200,1200,1024,840,360,128,1.0,4096,1,5.8125,0.0078125,0.2478094000252895,8192,8192,906240,0,8924160.0,256,0.008510526319297718,0.09805682730889505,0.13178215581179636,0.9959999999999999,0.05327981085526316,50,0,0
gated-pqt-M1024-f0.70,persistent-quantile-transport,LBQCD-C06-unequal-min004-K20,unequal,missing,LBQCD-C06-unequal-min004-K20/missing,18,1200,1200,1024,840,360,128,1.0,4096,1,5.75,0.0078125,0.2837066999927629,8192,8192,906240,0,8924160.0,256,0.004069198106793959,0.09117739285717963,0.11970711689587296,0.9959999999999999,0.05230324835526316,100,0,0
gated-pqt-M1024-f0.70,persistent-quantile-transport,LBQCD-C06-unequal-min004-K20,unequal,missing,LBQCD-C06-unequal-min004-K20/missing,19,1200,1200,1024,840,360,128,1.0,4096,1,5.9375,0.0078125,0.30244430000311695,8192,8192,906240,0,8924160.0,256,0.003530527398619032,0.09317024099230105,0.11482430609853524,0.9959999999999999,0.055859580592105273,50,0,0
gated-pqt-M1024-f0.70,persistent-quantile-transport,LBQCD-C07-unequal-resolved-K2,unequal,concentrated,LBQCD-C07-unequal-resolved-K2/concentrated,0,1200,1200,128,0,1200,128,1.0,4096,0,13.375,0.0078125,0.1603498999902513,8192,8192,153600,0,1075200.0,256,0.004812639669005581,0.06698251113652336,0.2074199795765429,1.0,0.020214843750000017,50,0,0
gated-pqt-M1024-f0.70,persistent-quantile-transport,LBQCD-C07-unequal-resolved-K2,unequal,concentrated,LBQCD-C07-unequal-resolved-K2/concentrated,1,1200,1200,128,0,1200,128,1.0,4096,0,14.0625,0.0078125,0.17457949998788536,8192,8192,153600,0,1075200.0,256,0.004040429018884462,0.05598872410001604,0.1892752228792326,1.0,0.015429687499999983,50,0,0
gated-pqt-M1024-f0.70,persistent-quantile-transport,LBQCD-C07-unequal-resolved-K2,unequal,concentrated,LBQCD-C07-unequal-resolved-K2/concentrated,2,1200,1200,128,0,1200,128,1.0,4096,0,12.9375,0.0078125,0.1676181000075303,8192,8192,153600,0,1075200.0,256,0.005472848193225799,0.05014508833771793,0.17775602406834462,1.0,0.010546874999999983,50,0,0
gated-pqt-M1024-f0.70,persistent-quantile-transport,LBQCD-C07-unequal-resolved-K2,unequal,concentrated,LBQCD-C07-unequal-resolved-K2/concentrated,3,1200,1200,128,0,1200,128,1.0,4096,0,12.3125,0.0078125,0.16111720001208596,8192,8192,153600,0,1075200.0,256,0.010714201904567289,0.060233263636046225,0.19591880718758767,1.0,0.009472656250000017,50,0,0
gated-pqt-M1024-f0.70,persistent-quantile-transport,LBQCD-C07-unequal-resolved-K2,unequal,concentrated,LBQCD-C07-unequal-resolved-K2/concentrated,4,1200,1200,128,0,1200,128,1.0,4096,0,12.6875,0.0078125,0.18174319999525324,8192,8192,153600,0,1075200.0,256,0.004263438652895024,0.05883768688251033,0.19620026928912293,1.0,0.009472656250000017,50,0,0
gated-pqt-M1024-f0.70,persistent-quantile-transport,LBQCD-C07-unequal-resolved-K2,unequal,concentrated,LBQCD-C07-unequal-resolved-K2/concentrated,5,1200,1200,128,0,1200,128,1.0,4096,0,13.875,0.0078125,0.18944839999312535,8192,8192,153600,0,1075200.0,256,0.003404410783142353,0.05736112786970271,0.19941432616254523,1.0,0.004589843750000017,50,0,0
gated-pqt-M1024-f0.70,persistent-quantile-transport,LBQCD-C07-unequal-resolved-K2,unequal,concentrated,LBQCD-C07-unequal-resolved-K2/concentrated,6,1200,1200,128,0,1200,128,1.0,4096,0,13.25,0.0078125,0.13690589999896474,8192,8192,153600,0,1075200.0,256,0.0023712096129446802,0.06498300682646699,0.20792420021369865,1.0,0.013867187500000017,50,0,0
gated-pqt-M1024-f0.70,persistent-quantile-transport,LBQCD-C07-unequal-resolved-K2,unequal,concentrated,LBQCD-C07-unequal-resolved-K2/concentrated,7,1200,1200,128,0,1200,128,1.0,4096,0,13.6875,0.0078125,0.18527719998382963,8192,8192,153600,0,1075200.0,256,0.0031472403235264235,0.055890777724782736,0.18772222812209435,1.0,0.006054687500000017,50,0,0
gated-pqt-M1024-f0.70,persistent-quantile-transport,LBQCD-C07-unequal-resolved-K2,unequal,concentrated,LBQCD-C07-unequal-resolved-K2/concentrated,8,1200,1200,128,0,1200,128,1.0,4096,0,13.9375,0.0078125,0.14957930002128705,8192,8192,153600,0,1075200.0,256,0.002595690459943678,0.0551803208878669,0.201180852097084,1.0,0.010546874999999983,50,0,0
gated-pqt-M1024-f0.70,persistent-quantile-transport,LBQCD-C07-unequal-resolved-K2,unequal,concentrated,LBQCD-C07-unequal-resolved-K2/concentrated,9,1200,1200,128,0,1200,128,1.0,4096,0,14.0,0.0078125,0.1607048999867402,8192,8192,153600,0,1075200.0,256,0.003613563140385412,0.06462913653687391,0.19329916328542943,1.0,0.005664062499999983,50,0,0
gated-pqt-M1024-f0.70,persistent-quantile-transport,LBQCD-C07-unequal-resolved-K2,unequal,concentrated,LBQCD-C07-unequal-resolved-K2/concentrated,10,1200,1200,128,0,1200,128,1.0,4096,0,12.875,0.0078125,0.1861540999962017,8192,8192,153600,0,1075200.0,256,0.004044915074102651,0.05935413837513948,0.19359064906426635,1.0,0.0036132812500000167,50,0,0
gated-pqt-M1024-f0.70,persistent-quantile-transport,LBQCD-C07-unequal-resolved-K2,unequal,concentrated,LBQCD-C07-unequal-resolved-K2/concentrated,11,1200,1200,128,0,1200,128,1.0,4096,0,13.0625,0.0078125,0.16164129998651333,8192,8192,153600,0,1075200.0,256,0.004155469885745999,0.061588610307769194,0.19786689432449064,1.0,0.0022460937499999833,50,0,0
gated-pqt-M1024-f0.70,persistent-quantile-transport,LBQCD-C07-unequal-resolved-K2,unequal,concentrated,LBQCD-C07-unequal-resolved-K2/concentrated,12,1200,1200,128,0,1200,128,1.0,4096,0,12.25,0.0078125,0.14763439999660477,8192,8192,153600,0,1075200.0,256,0.004954853029065953,0.05953149844768852,0.19540978628225286,1.0,0.006152343749999983,50,0,0
gated-pqt-M1024-f0.70,persistent-quantile-transport,LBQCD-C07-unequal-resolved-K2,unequal,concentrated,LBQCD-C07-unequal-resolved-K2/concentrated,13,1200,1200,128,0,1200,128,1.0,4096,0,12.3125,0.0078125,0.17774719998124056,8192,8192,153600,0,1075200.0,256,0.004246488098956558,0.057822274591773665,0.18331964354782873,1.0,0.009960937500000017,50,0,0
gated-pqt-M1024-f0.70,persistent-quantile-transport,LBQCD-C07-unequal-resolved-K2,unequal,concentrated,LBQCD-C07-unequal-resolved-K2/concentrated,14,1200,1200,128,0,1200,128,1.0,4096,0,13.25,0.0078125,0.13434409999172203,8192,8192,153600,0,1075200.0,256,0.0030900097123760517,0.061171557671117,0.1901712730125464,1.0,0.0037109374999999833,50,0,0
gated-pqt-M1024-f0.70,persistent-quantile-transport,LBQCD-C07-unequal-resolved-K2,unequal,concentrated,LBQCD-C07-unequal-resolved-K2/concentrated,15,1200,1200,128,0,1200,128,1.0,4096,0,13.375,0.0078125,0.15557870001066476,8192,8192,153600,0,1075200.0,256,0.003989156514825121,0.05854937252007435,0.22700074888145205,1.0,0.0032226562499999833,50,0,0
gated-pqt-M1024-f0.70,persistent-quantile-transport,LBQCD-C07-unequal-resolved-K2,unequal,concentrated,LBQCD-C07-unequal-resolved-K2/concentrated,16,1200,1200,128,0,1200,128,1.0,4096,0,12.125,0.0078125,0.1869416999979876,8192,8192,153600,0,1075200.0,256,0.0031676673607972106,0.06652694060883248,0.20380363976791396,1.0,0.0027343749999999833,50,0,0
gated-pqt-M1024-f0.70,persistent-quantile-transport,LBQCD-C07-unequal-resolved-K2,unequal,concentrated,LBQCD-C07-unequal-resolved-K2/concentrated,17,1200,1200,128,0,1200,128,1.0,4096,0,13.375,0.0078125,0.13133629999356344,8192,8192,153600,0,1075200.0,256,0.003186502990396578,0.05416074844194161,0.20153448690249529,1.0,0.005566406250000017,50,0,0
gated-pqt-M1024-f0.70,persistent-quantile-transport,LBQCD-C07-unequal-resolved-K2,unequal,concentrated,LBQCD-C07-unequal-resolved-K2/concentrated,18,1200,1200,128,0,1200,128,1.0,4096,0,13.375,0.0078125,0.12388540001120418,8192,8192,153600,0,1075200.0,256,0.0028876109176266818,0.06451074323476581,0.2327416437122113,1.0,0.021289062499999983,50,0,0
gated-pqt-M1024-f0.70,persistent-quantile-transport,LBQCD-C07-unequal-resolved-K2,unequal,concentrated,LBQCD-C07-unequal-resolved-K2/concentrated,19,1200,1200,128,0,1200,128,1.0,4096,0,12.3125,0.0078125,0.21010799999930896,8192,8192,153600,0,1075200.0,256,0.0029668966300175903,0.05630711549191453,0.20493273522861177,1.0,0.009082031249999983,50,0,0
gated-pqt-M1024-f0.70,persistent-quantile-transport,LBQCD-C07-unequal-resolved-K2,unequal,missing,LBQCD-C07-unequal-resolved-K2/missing,0,1200,1200,128,0,1200,128,1.0,4096,0,14.375,0.0078125,0.17439060000469908,8192,8192,153600,0,1075200.0,256,0.005256840781955319,0.054115368391415314,0.18296183046166292,1.0,0.005078125000000017,1,0,0
gated-pqt-M1024-f0.70,persistent-quantile-transport,LBQCD-C07-unequal-resolved-K2,unequal,missing,LBQCD-C07-unequal-resolved-K2/missing,1,1200,1200,128,0,1200,128,1.0,4096,0,13.125,0.0078125,0.15477260001352988,8192,8192,153600,0,1075200.0,256,0.003658108480329436,0.04853817353410696,0.16886761421388477,1.0,0.0026367187500000167,1,0,0
gated-pqt-M1024-f0.70,persistent-quantile-transport,LBQCD-C07-unequal-resolved-K2,unequal,missing,LBQCD-C07-unequal-resolved-K2/missing,2,1200,1200,128,0,1200,128,1.0,4096,0,12.25,0.0078125,0.13418409999576397,8192,8192,153600,0,1075200.0,256,0.009169702252405099,0.06125633230078657,0.2065298160918865,1.0,0.014453124999999983,1,0,0
gated-pqt-M1024-f0.70,persistent-quantile-transport,LBQCD-C07-unequal-resolved-K2,unequal,missing,LBQCD-C07-unequal-resolved-K2/missing,3,1200,1200,128,0,1200,128,1.0,4096,0,13.375,0.0078125,0.17521570000099018,8192,8192,153600,0,1075200.0,256,0.003573623287305039,0.06648406595358317,0.23774456067384497,1.0,0.016894531249999983,1,0,0
gated-pqt-M1024-f0.70,persistent-quantile-transport,LBQCD-C07-unequal-resolved-K2,unequal,missing,LBQCD-C07-unequal-resolved-K2/missing,4,1200,1200,128,0,1200,128,1.0,4096,0,12.875,0.0078125,0.1557516999891959,8192,8192,153600,0,1075200.0,256,0.003999862977396296,0.05920658267986254,0.19157664031417526,1.0,0.0027343749999999833,1,0,0
gated-pqt-M1024-f0.70,persistent-quantile-transport,LBQCD-C07-unequal-resolved-K2,unequal,missing,LBQCD-C07-unequal-resolved-K2/missing,5,1200,1200,128,0,1200,128,1.0,4096,0,13.875,0.0078125,0.1507096999848727,8192,8192,153600,0,1075200.0,256,0.0036884643510252113,0.057730937886989554,0.18790176943236436,1.0,0.0007812499999999833,1,0,0
gated-pqt-M1024-f0.70,persistent-quantile-transport,LBQCD-C07-unequal-resolved-K2,unequal,missing,LBQCD-C07-unequal-resolved-K2/missing,6,1200,1200,128,0,1200,128,1.0,4096,0,14.0,0.0078125,0.18435779999708757,8192,8192,153600,0,1075200.0,256,0.005042814252534389,0.05081528838955028,0.17406512138486913,1.0,0.004589843750000017,1,0,0
gated-pqt-M1024-f0.70,persistent-quantile-transport,LBQCD-C07-unequal-resolved-K2,unequal,missing,LBQCD-C07-unequal-resolved-K2/missing,7,1200,1200,128,0,1200,128,1.0,4096,0,13.0,0.0078125,0.12175120000028983,8192,8192,153600,0,1075200.0,256,0.0033728239876682498,0.054462033394938145,0.19050914495665328,1.0,0.004199218749999983,1,0,0
gated-pqt-M1024-f0.70,persistent-quantile-transport,LBQCD-C07-unequal-resolved-K2,unequal,missing,LBQCD-C07-unequal-resolved-K2/missing,8,1200,1200,128,0,1200,128,1.0,4096,0,14.125,0.0078125,0.16814379999414086,8192,8192,153600,0,1075200.0,256,0.0036165823517771978,0.05187901227305806,0.18323519031452734,1.0,0.0006835937500000167,1,0,0
gated-pqt-M1024-f0.70,persistent-quantile-transport,LBQCD-C07-unequal-resolved-K2,unequal,missing,LBQCD-C07-unequal-resolved-K2/missing,9,1200,1200,128,0,1200,128,1.0,4096,0,12.25,0.0078125,0.1810166999930516,8192,8192,153600,0,1075200.0,256,0.005254462013953853,0.05527564061098489,0.19082627454389656,1.0,0.013476562499999983,1,0,0
gated-pqt-M1024-f0.70,persistent-quantile-transport,LBQCD-C07-unequal-resolved-K2,unequal,missing,LBQCD-C07-unequal-resolved-K2/missing,10,1200,1200,128,0,1200,128,1.0,4096,0,13.8125,0.0078125,0.1696012000029441,8192,8192,153600,0,1075200.0,256,0.0028456999606053524,0.060419970664937254,0.19832992033364755,1.0,0.009960937500000017,1,0,0
gated-pqt-M1024-f0.70,persistent-quantile-transport,LBQCD-C07-unequal-resolved-K2,unequal,missing,LBQCD-C07-unequal-resolved-K2/missing,11,1200,1200,128,0,1200,128,1.0,4096,0,12.9375,0.0078125,0.12864270000136457,8192,8192,153600,0,1075200.0,256,0.002938868588863719,0.05505039748944117,0.18509837395652354,1.0,0.0017578124999999833,1,0,0
gated-pqt-M1024-f0.70,persistent-quantile-transport,LBQCD-C07-unequal-resolved-K2,unequal,missing,LBQCD-C07-unequal-resolved-K2/missing,12,1200,1200,128,0,1200,128,1.0,4096,0,13.1875,0.0078125,0.12773029998061247,8192,8192,153600,0,1075200.0,256,0.0038614190663306402,0.05405799730188035,0.19019116098165556,1.0,0.015917968749999983,1,0,0
gated-pqt-M1024-f0.70,persistent-quantile-transport,LBQCD-C07-unequal-resolved-K2,unequal,missing,LBQCD-C07-unequal-resolved-K2/missing,13,1200,1200,128,0,1200,128,1.0,4096,0,14.75,0.0078125,0.16442230000393465,8192,8192,153600,0,1075200.0,256,0.0033024139638337946,0.06483956346073616,0.22370987559871158,1.0,0.021191406250000017,1,0,0
gated-pqt-M1024-f0.70,persistent-quantile-transport,LBQCD-C07-unequal-resolved-K2,unequal,missing,LBQCD-C07-unequal-resolved-K2/missing,14,1200,1200,128,0,1200,128,1.0,4096,0,15.125,0.0078125,0.14640550001058728,8192,8192,153600,0,1075200.0,256,0.003412549203502979,0.06683662893276207,0.23493210616302573,1.0,0.015429687499999983,1,0,0
gated-pqt-M1024-f0.70,persistent-quantile-transport,LBQCD-C07-unequal-resolved-K2,unequal,missing,LBQCD-C07-unequal-resolved-K2/missing,15,1200,1200,128,0,1200,128,1.0,4096,0,12.625,0.0078125,0.1475227999908384,8192,8192,153600,0,1075200.0,256,0.004334874843275105,0.06370683796403405,0.20288395927393743,1.0,0.005566406250000017,1,0,0
gated-pqt-M1024-f0.70,persistent-quantile-transport,LBQCD-C07-unequal-resolved-K2,unequal,missing,LBQCD-C07-unequal-resolved-K2/missing,16,1200,1200,128,0,1200,128,1.0,4096,0,13.4375,0.0078125,0.16810330000589602,8192,8192,153600,0,1075200.0,256,0.002234387044990682,0.056626705114109964,0.18862565925746985,1.0,0.00029296874999998335,1,0,0
gated-pqt-M1024-f0.70,persistent-quantile-transport,LBQCD-C07-unequal-resolved-K2,unequal,missing,LBQCD-C07-unequal-resolved-K2/missing,17,1200,1200,128,0,1200,128,1.0,4096,0,13.375,0.0078125,0.17769209999823943,8192,8192,153600,0,1075200.0,256,0.0056913553171301645,0.05971642929975476,0.23678983779117335,1.0,0.014453124999999983,1,0,0
gated-pqt-M1024-f0.70,persistent-quantile-transport,LBQCD-C07-unequal-resolved-K2,unequal,missing,LBQCD-C07-unequal-resolved-K2/missing,18,1200,1200,128,0,1200,128,1.0,4096,0,14.0,0.0078125,0.16144450000138022,8192,8192,153600,0,1075200.0,256,0.00351086603771511,0.05576129077899393,0.1859691060573052,1.0,0.006054687500000017,1,0,0
gated-pqt-M1024-f0.70,persistent-quantile-transport,LBQCD-C07-unequal-resolved-K2,unequal,missing,LBQCD-C07-unequal-resolved-K2/missing,19,1200,1200,128,0,1200,128,1.0,4096,0,13.25,0.0078125,0.14276059999247082,8192,8192,153600,0,1075200.0,256,0.003958279660907671,0.05366384714068633,0.20853925067654788,1.0,0.017382812499999983,1,0,0
gated-pqt-M1024-f0.70,persistent-quantile-transport,LBQCD-C08-equal-K6,equal,concentrated,LBQCD-C08-equal-K6/concentrated,0,1200,1200,128,0,1200,128,1.0,4096,0,20.8125,0.0078125,0.13194200000725687,8192,8192,153600,0,1075200.0,256,0.007520663181915133,0.11162533382275958,0.15370045732380122,0.9999999999999999,0.045572916666666685,50,0,0
gated-pqt-M1024-f0.70,persistent-quantile-transport,LBQCD-C08-equal-K6,equal,concentrated,LBQCD-C08-equal-K6/concentrated,1,1200,1200,128,0,1200,128,1.0,4096,0,21.0,0.0078125,0.19305739999981597,8192,8192,153600,0,1075200.0,256,0.007040120261540439,0.10353063490099453,0.14558553710743655,0.9999999999999999,0.031087239583333315,50,0,0
gated-pqt-M1024-f0.70,persistent-quantile-transport,LBQCD-C08-equal-K6,equal,concentrated,LBQCD-C08-equal-K6/concentrated,2,1200,1200,128,0,1200,128,1.0,4096,0,19.875,0.0078125,0.15936109999893233,8192,8192,153600,0,1075200.0,256,0.006921993211788768,0.10020501663442168,0.13871160724172454,0.9999999999999999,0.02978515625,50,0,0
gated-pqt-M1024-f0.70,persistent-quantile-transport,LBQCD-C08-equal-K6,equal,concentrated,LBQCD-C08-equal-K6/concentrated,3,1200,1200,128,0,1200,128,1.0,4096,0,20.25,0.0078125,0.1535196999902837,8192,8192,153600,0,1075200.0,256,0.0073622653073393,0.10113491125540285,0.1400738685650688,0.9999999999999999,0.0244140625,50,0,0
gated-pqt-M1024-f0.70,persistent-quantile-transport,LBQCD-C08-equal-K6,equal,concentrated,LBQCD-C08-equal-K6/concentrated,4,1200,1200,128,0,1200,128,1.0,4096,0,19.75,0.0078125,0.14681549998931587,8192,8192,153600,0,1075200.0,256,0.00938053036973363,0.1058084572514424,0.1455163183751952,0.9999999999999999,0.0380859375,50,0,0
gated-pqt-M1024-f0.70,persistent-quantile-transport,LBQCD-C08-equal-K6,equal,concentrated,LBQCD-C08-equal-K6/concentrated,5,1200,1200,128,0,1200,128,1.0,4096,0,20.5,0.0078125,0.1656078000087291,8192,8192,153600,0,1075200.0,256,0.012074975086753037,0.11457097972020124,0.16632144132679286,0.9999999999999999,0.023600260416666685,50,0,0
gated-pqt-M1024-f0.70,persistent-quantile-transport,LBQCD-C08-equal-K6,equal,concentrated,LBQCD-C08-equal-K6/concentrated,6,1200,1200,128,0,1200,128,1.0,4096,0,19.9375,0.0078125,0.18260979998740368,8192,8192,153600,0,1075200.0,256,0.006436179161041444,0.10869802490259198,0.15642513858643656,0.9999999999999999,0.037760416666666685,50,0,0
gated-pqt-M1024-f0.70,persistent-quantile-transport,LBQCD-C08-equal-K6,equal,concentrated,LBQCD-C08-equal-K6/concentrated,7,1200,1200,128,0,1200,128,1.0,4096,0,19.75,0.0078125,0.1665528000157792,8192,8192,153600,0,1075200.0,256,0.009890653261164006,0.1051946603537343,0.14168724980103334,0.9999999999999999,0.0244140625,50,0,0
gated-pqt-M1024-f0.70,persistent-quantile-transport,LBQCD-C08-equal-K6,equal,concentrated,LBQCD-C08-equal-K6/concentrated,8,1200,1200,128,0,1200,128,1.0,4096,0,19.9375,0.0078125,0.16672680000192486,8192,8192,153600,0,1075200.0,256,0.009274133130029005,0.11215751082557497,0.15739622088476948,0.9999999999999999,0.045084635416666685,50,0,0
gated-pqt-M1024-f0.70,persistent-quantile-transport,LBQCD-C08-equal-K6,equal,concentrated,LBQCD-C08-equal-K6/concentrated,9,1200,1200,128,0,1200,128,1.0,4096,0,20.8125,0.0078125,0.17477129999315366,8192,8192,153600,0,1075200.0,256,0.008164749867219268,0.10479909668377789,0.14027130898410242,0.9999999999999999,0.01806640625,50,0,0
gated-pqt-M1024-f0.70,persistent-quantile-transport,LBQCD-C08-equal-K6,equal,concentrated,LBQCD-C08-equal-K6/concentrated,10,1200,1200,128,0,1200,128,1.0,4096,0,20.0,0.0078125,0.148137999989558,8192,8192,153600,0,1075200.0,256,0.010136835976042757,0.1044379188937512,0.15057967426695326,0.9999999999999999,0.012532552083333315,50,0,0
gated-pqt-M1024-f0.70,persistent-quantile-transport,LBQCD-C08-equal-K6,equal,concentrated,LBQCD-C08-equal-K6/concentrated,11,1200,1200,128,0,1200,128,1.0,4096,0,20.75,0.0078125,0.13184469999396242,8192,8192,153600,0,1075200.0,256,0.022837127787336486,0.13544904618529427,0.19834474507653072,0.9999999999999999,0.06754557291666669,50,0,0
gated-pqt-M1024-f0.70,persistent-quantile-transport,LBQCD-C08-equal-K6,equal,concentrated,LBQCD-C08-equal-K6/concentrated,12,1200,1200,128,0,1200,128,1.0,4096,0,20.1875,0.0078125,0.17858720000367612,8192,8192,153600,0,1075200.0,256,0.008243073286575253,0.11050050660200801,0.15550986765601346,0.9999999999999999,0.03369140625,50,0,0
gated-pqt-M1024-f0.70,persistent-quantile-transport,LBQCD-C08-equal-K6,equal,concentrated,LBQCD-C08-equal-K6/concentrated,13,1200,1200,128,0,1200,128,1.0,4096,0,20.4375,0.0078125,0.1304938000102993,8192,8192,153600,0,1075200.0,256,0.010378536624224388,0.10203000841364841,0.1366052128132832,0.9999999999999999,0.02783203125,50,0,0
gated-pqt-M1024-f0.70,persistent-quantile-transport,LBQCD-C08-equal-K6,equal,concentrated,LBQCD-C08-equal-K6/concentrated,14,1200,1200,128,0,1200,128,1.0,4096,0,19.8125,0.0078125,0.16327089999685995,8192,8192,153600,0,1075200.0,256,0.013851554455218906,0.10363067936522216,0.138307575530406,0.9999999999999999,0.02001953125,50,0,0
gated-pqt-M1024-f0.70,persistent-quantile-transport,LBQCD-C08-equal-K6,equal,concentrated,LBQCD-C08-equal-K6/concentrated,15,1200,1200,128,0,1200,128,1.0,4096,0,19.875,0.0078125,0.20850490001612343,8192,8192,153600,0,1075200.0,256,0.01830893938800271,0.10751155876545289,0.14839075631605378,0.9999999999999999,0.04443359375,50,0,0
gated-pqt-M1024-f0.70,persistent-quantile-transport,LBQCD-C08-equal-K6,equal,concentrated,LBQCD-C08-equal-K6/concentrated,16,1200,1200,128,0,1200,128,1.0,4096,0,20.1875,0.0078125,0.14010580000467598,8192,8192,153600,0,1075200.0,256,0.006834697358087283,0.10740505240365329,0.14516902793063188,0.9999999999999999,0.02392578125,50,0,0
gated-pqt-M1024-f0.70,persistent-quantile-transport,LBQCD-C08-equal-K6,equal,concentrated,LBQCD-C08-equal-K6/concentrated,17,1200,1200,128,0,1200,128,1.0,4096,0,19.875,0.0078125,0.14142610001727007,8192,8192,153600,0,1075200.0,256,0.013249911881197507,0.10421976743944461,0.14151753101451292,0.9999999999999999,0.03515625,50,0,0
gated-pqt-M1024-f0.70,persistent-quantile-transport,LBQCD-C08-equal-K6,equal,concentrated,LBQCD-C08-equal-K6/concentrated,18,1200,1200,128,0,1200,128,1.0,4096,0,20.1875,0.0078125,0.20388859999366105,8192,8192,153600,0,1075200.0,256,0.007535162037154874,0.11499041337892951,0.16358321884541127,0.9999999999999999,0.035807291666666685,50,0,0
gated-pqt-M1024-f0.70,persistent-quantile-transport,LBQCD-C08-equal-K6,equal,concentrated,LBQCD-C08-equal-K6/concentrated,19,1200,1200,128,0,1200,128,1.0,4096,0,20.75,0.0078125,0.15969920001225546,8192,8192,153600,0,1075200.0,256,0.0120261716113923,0.10261212264361767,0.14135120911696983,0.9999999999999999,0.030598958333333315,50,0,0
gated-pqt-M1024-f0.70,persistent-quantile-transport,LBQCD-C08-equal-K6,equal,missing,LBQCD-C08-equal-K6/missing,0,1200,1200,128,0,1200,128,1.0,4096,0,20.5,0.0078125,0.13734840002143756,8192,8192,153600,0,1075200.0,256,0.012970877812018777,0.1113154436539637,0.14753265105119598,0.9999999999999999,0.03173828125,50,0,0
gated-pqt-M1024-f0.70,persistent-quantile-transport,LBQCD-C08-equal-K6,equal,missing,LBQCD-C08-equal-K6/missing,1,1200,1200,128,0,1200,128,1.0,4096,0,19.75,0.0078125,0.16372290000435896,8192,8192,153600,0,1075200.0,256,0.011293617537386336,0.10490245741180837,0.1423634009049964,0.9999999999999999,0.044108072916666685,50,0,0
gated-pqt-M1024-f0.70,persistent-quantile-transport,LBQCD-C08-equal-K6,equal,missing,LBQCD-C08-equal-K6/missing,2,1200,1200,128,0,1200,128,1.0,4096,0,20.5625,0.0078125,0.14090510000823997,8192,8192,153600,0,1075200.0,256,0.00862993158255021,0.11348483829318767,0.15961087483228042,0.9999999999999999,0.04248046875,50,0,0
gated-pqt-M1024-f0.70,persistent-quantile-transport,LBQCD-C08-equal-K6,equal,missing,LBQCD-C08-equal-K6/missing,3,1200,1200,128,0,1200,128,1.0,4096,0,19.8125,0.0078125,0.18612890000804327,8192,8192,153600,0,1075200.0,256,0.007210529056753234,0.10462415803955177,0.14092535098062334,0.9999999999999999,0.030436197916666685,50,0,0
gated-pqt-M1024-f0.70,persistent-quantile-transport,LBQCD-C08-equal-K6,equal,missing,LBQCD-C08-equal-K6/missing,4,1200,1200,128,0,1200,128,1.0,4096,0,19.9375,0.0078125,0.14390520000597462,8192,8192,153600,0,1075200.0,256,0.007134719423003588,0.10296150290548967,0.13949580900556074,0.9999999999999999,0.034342447916666685,50,0,0
gated-pqt-M1024-f0.70,persistent-quantile-transport,LBQCD-C08-equal-K6,equal,missing,LBQCD-C08-equal-K6/missing,5,1200,1200,128,0,1200,128,1.0,4096,0,20.3125,0.0078125,0.17862419999437407,8192,8192,153600,0,1075200.0,256,0.008770941449935954,0.09834600854636029,0.13412479743504446,0.9999999999999999,0.02783203125,50,0,0
gated-pqt-M1024-f0.70,persistent-quantile-transport,LBQCD-C08-equal-K6,equal,missing,LBQCD-C08-equal-K6/missing,6,1200,1200,128,0,1200,128,1.0,4096,0,20.125,0.0078125,0.13210439999238588,8192,8192,153600,0,1075200.0,256,0.009540771024365569,0.1039857287912811,0.14304602291293717,0.9999999999999999,0.0478515625,50,0,0
gated-pqt-M1024-f0.70,persistent-quantile-transport,LBQCD-C08-equal-K6,equal,missing,LBQCD-C08-equal-K6/missing,7,1200,1200,128,0,1200,128,1.0,4096,0,20.0625,0.0078125,0.1437449000077322,8192,8192,153600,0,1075200.0,256,0.00893768182827892,0.10432830673247798,0.1384527538026977,0.9999999999999999,0.04150390625,50,0,0
gated-pqt-M1024-f0.70,persistent-quantile-transport,LBQCD-C08-equal-K6,equal,missing,LBQCD-C08-equal-K6/missing,8,1200,1200,128,0,1200,128,1.0,4096,0,20.25,0.0078125,0.14600539999082685,8192,8192,153600,0,1075200.0,256,0.007189444467238237,0.10485554337339031,0.1392969009979014,0.9999999999999999,0.015625,50,0,0
gated-pqt-M1024-f0.70,persistent-quantile-transport,LBQCD-C08-equal-K6,equal,missing,LBQCD-C08-equal-K6/missing,9,1200,1200,128,0,1200,128,1.0,4096,0,19.9375,0.0078125,0.17002019999199547,8192,8192,153600,0,1075200.0,256,0.00669979903801643,0.10830541269295602,0.1564628698868488,0.9999999999999999,0.04150390625,50,0,0
gated-pqt-M1024-f0.70,persistent-quantile-transport,LBQCD-C08-equal-K6,equal,missing,LBQCD-C08-equal-K6/missing,10,1200,1200,128,0,1200,128,1.0,4096,0,19.75,0.0078125,0.17816860001767054,8192,8192,153600,0,1075200.0,256,0.01276094606078848,0.1099569329529686,0.15677333398777601,0.9999999999999999,0.017415364583333315,50,0,0
gated-pqt-M1024-f0.70,persistent-quantile-transport,LBQCD-C08-equal-K6,equal,missing,LBQCD-C08-equal-K6/missing,11,1200,1200,128,0,1200,128,1.0,4096,0,20.625,0.0078125,0.19311710001784377,8192,8192,153600,0,1075200.0,256,0.006588395718813755,0.1057742766684826,0.14381231839368497,0.9999999999999999,0.039713541666666685,50,0,0
gated-pqt-M1024-f0.70,persistent-quantile-transport,LBQCD-C08-equal-K6,equal,missing,LBQCD-C08-equal-K6/missing,12,1200,1200,128,0,1200,128,1.0,4096,0,20.375,0.0078125,0.1359948000172153,8192,8192,153600,0,1075200.0,256,0.006115474565303369,0.10985197325358036,0.1481496591353528,0.9999999999999999,0.011555989583333315,50,0,0
gated-pqt-M1024-f0.70,persistent-quantile-transport,LBQCD-C08-equal-K6,equal,missing,LBQCD-C08-equal-K6/missing,13,1200,1200,128,0,1200,128,1.0,4096,0,20.375,0.0078125,0.13984909999999218,8192,8192,153600,0,1075200.0,256,0.006523877620027818,0.0984735044790531,0.13763074571090284,0.9999999999999999,0.01953125,50,0,0
gated-pqt-M1024-f0.70,persistent-quantile-transport,LBQCD-C08-equal-K6,equal,missing,LBQCD-C08-equal-K6/missing,14,1200,1200,128,0,1200,128,1.0,4096,0,19.75,0.0078125,0.1522529000067152,8192,8192,153600,0,1075200.0,256,0.008418756384818371,0.10964006765589439,0.15173285655217977,0.9999999999999999,0.0234375,50,0,0
gated-pqt-M1024-f0.70,persistent-quantile-transport,LBQCD-C08-equal-K6,equal,missing,LBQCD-C08-equal-K6/missing,15,1200,1200,128,0,1200,128,1.0,4096,0,20.5,0.0078125,0.15198439999949187,8192,8192,153600,0,1075200.0,256,0.006702463911572476,0.1002397181851661,0.13398560806598353,0.9999999999999999,0.03125,50,0,0
gated-pqt-M1024-f0.70,persistent-quantile-transport,LBQCD-C08-equal-K6,equal,missing,LBQCD-C08-equal-K6/missing,16,1200,1200,128,0,1200,128,1.0,4096,0,19.5,0.0078125,0.17534149999846704,8192,8192,153600,0,1075200.0,256,0.01170131117690687,0.11944060988580625,0.1710086411307725,0.9999999999999999,0.035970052083333315,50,0,0
gated-pqt-M1024-f0.70,persistent-quantile-transport,LBQCD-C08-equal-K6,equal,missing,LBQCD-C08-equal-K6/missing,17,1200,1200,128,0,1200,128,1.0,4096,0,20.8125,0.0078125,0.1884596000018064,8192,8192,153600,0,1075200.0,256,0.0070526515485047625,0.10521500970560814,0.14291667955923298,0.9999999999999999,0.02880859375,50,0,0
gated-pqt-M1024-f0.70,persistent-quantile-transport,LBQCD-C08-equal-K6,equal,missing,LBQCD-C08-equal-K6/missing,18,1200,1200,128,0,1200,128,1.0,4096,0,20.125,0.0078125,0.14371350000146776,8192,8192,153600,0,1075200.0,256,0.00992549907564988,0.11255003664271795,0.16153980956474834,0.9999999999999999,0.0234375,50,0,0
gated-pqt-M1024-f0.70,persistent-quantile-transport,LBQCD-C08-equal-K6,equal,missing,LBQCD-C08-equal-K6/missing,19,1200,1200,128,0,1200,128,1.0,4096,0,19.8125,0.0078125,0.16187430001446046,8192,8192,153600,0,1075200.0,256,0.006200398923207784,0.10425001059908368,0.15314252451747815,0.9999999999999999,0.03369140625,50,0,0
gated-pqt-M1024-f0.70,persistent-quantile-transport,LBQCD-C09-equal-K12,equal,concentrated,LBQCD-C09-equal-K12/concentrated,0,1200,1200,128,0,1200,128,1.0,4096,0,9.6875,0.0078125,0.23039360000984743,8192,8192,153600,0,1075200.0,256,0.011655585445196959,0.11246388021692463,0.13414930582804666,1.0,0.05582682291666666,50,0,0
gated-pqt-M1024-f0.70,persistent-quantile-transport,LBQCD-C09-equal-K12,equal,concentrated,LBQCD-C09-equal-K12/concentrated,1,1200,1200,128,0,1200,128,1.0,4096,0,9.5625,0.0078125,0.20910199999343604,8192,8192,153600,0,1075200.0,256,0.0059198621276221886,0.12272052122465658,0.14481226051761767,1.0,0.040364583333333315,50,0,0
gated-pqt-M1024-f0.70,persistent-quantile-transport,LBQCD-C09-equal-K12,equal,concentrated,LBQCD-C09-equal-K12/concentrated,2,1200,1200,128,0,1200,128,1.0,4096,0,9.25,0.0078125,0.20430469998973422,8192,8192,153600,0,1075200.0,256,0.014597692808577367,0.12568691425613707,0.15202314294315636,1.0,0.03857421875000003,50,0,0
gated-pqt-M1024-f0.70,persistent-quantile-transport,LBQCD-C09-equal-K12,equal,concentrated,LBQCD-C09-equal-K12/concentrated,3,1200,1200,128,0,1200,128,1.0,4096,0,9.9375,0.0078125,0.20684719999553636,8192,8192,153600,0,1075200.0,256,0.004849296228798039,0.11191456190329178,0.13372048884263174,1.0,0.0380859375,50,0,0
gated-pqt-M1024-f0.70,persistent-quantile-transport,LBQCD-C09-equal-K12,equal,concentrated,LBQCD-C09-equal-K12/concentrated,4,1200,1200,128,0,1200,128,1.0,4096,0,9.5,0.0078125,0.20908629999030381,8192,8192,153600,0,1075200.0,256,0.005680046703886443,0.11152342012790123,0.13199012238955576,1.0,0.03369140625,50,0,0
gated-pqt-M1024-f0.70,persistent-quantile-transport,LBQCD-C09-equal-K12,equal,concentrated,LBQCD-C09-equal-K12/concentrated,5,1200,1200,128,0,1200,128,1.0,4096,0,9.25,0.0078125,0.20402809997904114,8192,8192,153600,0,1075200.0,256,0.007397130522900142,0.11334472893959786,0.13556575089644513,1.0,0.0693359375,50,0,0
gated-pqt-M1024-f0.70,persistent-quantile-transport,LBQCD-C09-equal-K12,equal,concentrated,LBQCD-C09-equal-K12/concentrated,6,1200,1200,128,0,1200,128,1.0,4096,0,9.4375,0.0078125,0.14974210000946186,8192,8192,153600,0,1075200.0,256,0.007266617453594915,0.11484035413148821,0.14248362702497583,1.0,0.04671223958333334,50,0,0
gated-pqt-M1024-f0.70,persistent-quantile-transport,LBQCD-C09-equal-K12,equal,concentrated,LBQCD-C09-equal-K12/concentrated,7,1200,1200,128,0,1200,128,1.0,4096,0,10.0,0.0078125,0.1521743999910541,8192,8192,153600,0,1075200.0,256,0.005742050636457385,0.1276765212617638,0.16423758857599327,1.0,0.05159505208333334,50,0,0
gated-pqt-M1024-f0.70,persistent-quantile-transport,LBQCD-C09-equal-K12,equal,concentrated,LBQCD-C09-equal-K12/concentrated,8,1200,1200,128,0,1200,128,1.0,4096,0,9.625,0.0078125,0.19811219998518936,8192,8192,153600,0,1075200.0,256,0.004923869818452609,0.1180815230509033,0.14082286018356993,1.0,0.05078125,50,0,0
gated-pqt-M1024-f0.70,persistent-quantile-transport,LBQCD-C09-equal-K12,equal,concentrated,LBQCD-C09-equal-K12/concentrated,9,1200,1200,128,0,1200,128,1.0,4096,0,9.75,0.0078125,0.1815894000174012,8192,8192,153600,0,1075200.0,256,0.005847663437551276,0.11329248267747395,0.1351522794424921,1.0,0.03271484374999997,50,0,0
gated-pqt-M1024-f0.70,persistent-quantile-transport,LBQCD-C09-equal-K12,equal,concentrated,LBQCD-C09-equal-K12/concentrated,10,1200,1200,128,0,1200,128,1.0,4096,0,9.75,0.0078125,0.15710129999206401,8192,8192,153600,0,1075200.0,256,0.005586746973266887,0.11827635856796184,0.14429019434561746,1.0,0.06038411458333334,50,0,0
gated-pqt-M1024-f0.70,persistent-quantile-transport,LBQCD-C09-equal-K12,equal,concentrated,LBQCD-C09-equal-K12/concentrated,11,1200,1200,128,0,1200,128,1.0,4096,0,9.875,0.0078125,0.15874660000554286,8192,8192,153600,0,1075200.0,256,0.016058928422832963,0.12816774699461128,0.15926018213270715,1.0,0.03743489583333334,50,0,0
gated-pqt-M1024-f0.70,persistent-quantile-transport,LBQCD-C09-equal-K12,equal,concentrated,LBQCD-C09-equal-K12/concentrated,12,1200,1200,128,0,1200,128,1.0,4096,0,9.75,0.0078125,0.19852209999226034,8192,8192,153600,0,1075200.0,256,0.006469811515671164,0.11018936891118729,0.12777987183245926,1.0,0.035481770833333315,50,0,0
gated-pqt-M1024-f0.70,persistent-quantile-transport,LBQCD-C09-equal-K12,equal,concentrated,LBQCD-C09-equal-K12/concentrated,13,1200,1200,128,0,1200,128,1.0,4096,0,10.125,0.0078125,0.15302820000215434,8192,8192,153600,0,1075200.0,256,0.009759510674057559,0.12087852479384129,0.14873570922915186,1.0,0.0439453125,50,0,0
gated-pqt-M1024-f0.70,persistent-quantile-transport,LBQCD-C09-equal-K12,equal,concentrated,LBQCD-C09-equal-K12/concentrated,14,1200,1200,128,0,1200,128,1.0,4096,0,9.5,0.0078125,0.17638709998573177,8192,8192,153600,0,1075200.0,256,0.01133197569151978,0.11289393029162187,0.13440451868678294,1.0,0.03499348958333334,50,0,0
gated-pqt-M1024-f0.70,persistent-quantile-transport,LBQCD-C09-equal-K12,equal,concentrated,LBQCD-C09-equal-K12/concentrated,15,1200,1200,128,0,1200,128,1.0,4096,0,9.625,0.0078125,0.1562397000088822,8192,8192,153600,0,1075200.0,256,0.006308280567873581,0.13163463932329375,0.1618021908867691,1.0,0.04296875,50,0,0
gated-pqt-M1024-f0.70,persistent-quantile-transport,LBQCD-C09-equal-K12,equal,concentrated,LBQCD-C09-equal-K12/concentrated,16,1200,1200,128,0,1200,128,1.0,4096,0,9.5625,0.0078125,0.13248670002212748,8192,8192,153600,0,1075200.0,256,0.006713963048808669,0.11569783467945208,0.13835556040916003,1.0,0.04069010416666666,50,0,0
gated-pqt-M1024-f0.70,persistent-quantile-transport,LBQCD-C09-equal-K12,equal,concentrated,LBQCD-C09-equal-K12/concentrated,17,1200,1200,128,0,1200,128,1.0,4096,0,9.875,0.0078125,0.18708649999462068,8192,8192,153600,0,1075200.0,256,0.009037962056768212,0.135221807000697,0.16468388414030127,1.0,0.04508463541666666,50,0,0
gated-pqt-M1024-f0.70,persistent-quantile-transport,LBQCD-C09-equal-K12,equal,concentrated,LBQCD-C09-equal-K12/concentrated,18,1200,1200,128,0,1200,128,1.0,4096,0,9.5625,0.0078125,0.17818950000219047,8192,8192,153600,0,1075200.0,256,0.005810619048129961,0.1264851885394608,0.149941335842488,1.0,0.0615234375,50,0,0
gated-pqt-M1024-f0.70,persistent-quantile-transport,LBQCD-C09-equal-K12,equal,concentrated,LBQCD-C09-equal-K12/concentrated,19,1200,1200,128,0,1200,128,1.0,4096,0,9.9375,0.0078125,0.14495980000356212,8192,8192,153600,0,1075200.0,256,0.005489725230504394,0.11930661147292672,0.14351811245260962,1.0,0.05582682291666666,50,0,0
gated-pqt-M1024-f0.70,persistent-quantile-transport,LBQCD-C09-equal-K12,equal,missing,LBQCD-C09-equal-K12/missing,0,1200,1200,128,0,1200,128,1.0,4096,0,9.6875,0.0078125,0.15104349999455735,8192,8192,153600,0,1075200.0,256,0.009960102058961251,0.12047560868833174,0.14690630409956099,1.0,0.04508463541666666,50,0,0
gated-pqt-M1024-f0.70,persistent-quantile-transport,LBQCD-C09-equal-K12,equal,missing,LBQCD-C09-equal-K12/missing,1,1200,1200,128,0,1200,128,1.0,4096,0,9.875,0.0078125,0.13571510001202114,8192,8192,153600,0,1075200.0,256,0.007659141480578668,0.10882531428052754,0.12993908851521913,1.0,0.04378255208333334,50,0,0
gated-pqt-M1024-f0.70,persistent-quantile-transport,LBQCD-C09-equal-K12,equal,missing,LBQCD-C09-equal-K12/missing,2,1200,1200,128,0,1200,128,1.0,4096,0,9.5,0.0078125,0.16281849998631515,8192,8192,153600,0,1075200.0,256,0.008291985256831502,0.11954325943828649,0.14495112825949893,1.0,0.04736328125,50,0,0
gated-pqt-M1024-f0.70,persistent-quantile-transport,LBQCD-C09-equal-K12,equal,missing,LBQCD-C09-equal-K12/missing,3,1200,1200,128,0,1200,128,1.0,4096,0,9.6875,0.0078125,0.2073169999930542,8192,8192,153600,0,1075200.0,256,0.007215635274486765,0.12795096404272238,0.1551462112053811,1.0,0.05680338541666666,50,0,0
gated-pqt-M1024-f0.70,persistent-quantile-transport,LBQCD-C09-equal-K12,equal,missing,LBQCD-C09-equal-K12/missing,4,1200,1200,128,0,1200,128,1.0,4096,0,9.75,0.0078125,0.17960440000751987,8192,8192,153600,0,1075200.0,256,0.0050515543513585115,0.1325766100103555,0.17173033007414876,1.0,0.04069010416666666,50,0,0
gated-pqt-M1024-f0.70,persistent-quantile-transport,LBQCD-C09-equal-K12,equal,missing,LBQCD-C09-equal-K12/missing,5,1200,1200,128,0,1200,128,1.0,4096,0,9.8125,0.0078125,0.18904999998630956,8192,8192,153600,0,1075200.0,256,0.006278920599624094,0.11176943872545358,0.1334751728379637,1.0,0.04475911458333334,50,0,0
gated-pqt-M1024-f0.70,persistent-quantile-transport,LBQCD-C09-equal-K12,equal,missing,LBQCD-C09-equal-K12/missing,6,1200,1200,128,0,1200,128,1.0,4096,0,9.4375,0.0078125,0.15537910000421107,8192,8192,153600,0,1075200.0,256,0.010279244775851293,0.11646557503505729,0.14161819206384943,1.0,0.0498046875,50,0,0
gated-pqt-M1024-f0.70,persistent-quantile-transport,LBQCD-C09-equal-K12,equal,missing,LBQCD-C09-equal-K12/missing,7,1200,1200,128,0,1200,128,1.0,4096,0,9.375,0.0078125,0.16813669999828562,8192,8192,153600,0,1075200.0,256,0.006776591619155337,0.1143328104519218,0.14191686058353406,1.0,0.05338541666666666,50,0,0
gated-pqt-M1024-f0.70,persistent-quantile-transport,LBQCD-C09-equal-K12,equal,missing,LBQCD-C09-equal-K12/missing,8,1200,1200,128,0,1200,128,1.0,4096,0,10.0625,0.0078125,0.17007799999555573,8192,8192,153600,0,1075200.0,256,0.00637816580235695,0.10974670419032977,0.1326185682544744,1.0,0.06282552083333334,50,0,0
gated-pqt-M1024-f0.70,persistent-quantile-transport,LBQCD-C09-equal-K12,equal,missing,LBQCD-C09-equal-K12/missing,9,1200,1200,128,0,1200,128,1.0,4096,0,9.1875,0.0078125,0.15072440000949427,8192,8192,153600,0,1075200.0,256,0.01750018958904409,0.11416156175943837,0.13638979337785923,1.0,0.04947916666666666,50,0,0
gated-pqt-M1024-f0.70,persistent-quantile-transport,LBQCD-C09-equal-K12,equal,missing,LBQCD-C09-equal-K12/missing,10,1200,1200,128,0,1200,128,1.0,4096,0,9.375,0.0078125,0.16904180002165958,8192,8192,153600,0,1075200.0,256,0.005947020082904597,0.13187109338590988,0.16422617932500494,1.0,0.05664062499999997,50,0,0
gated-pqt-M1024-f0.70,persistent-quantile-transport,LBQCD-C09-equal-K12,equal,missing,LBQCD-C09-equal-K12/missing,11,1200,1200,128,0,1200,128,1.0,4096,0,9.5625,0.0078125,0.13939719999325462,8192,8192,153600,0,1075200.0,256,0.00999074990727511,0.12050779556184554,0.14502601323143208,1.0,0.0283203125,50,0,0
gated-pqt-M1024-f0.70,persistent-quantile-transport,LBQCD-C09-equal-K12,equal,missing,LBQCD-C09-equal-K12/missing,12,1200,1200,128,0,1200,128,1.0,4096,0,9.75,0.0078125,0.1468006999930367,8192,8192,153600,0,1075200.0,256,0.013347235675873037,0.11230412045501366,0.1344965633299748,1.0,0.06233723958333334,50,0,0
gated-pqt-M1024-f0.70,persistent-quantile-transport,LBQCD-C09-equal-K12,equal,missing,LBQCD-C09-equal-K12/missing,13,1200,1200,128,0,1200,128,1.0,4096,0,9.3125,0.0078125,0.1757140999834519,8192,8192,153600,0,1075200.0,256,0.010680607145325816,0.11802062440306232,0.14585924759096944,1.0,0.05322265625,50,0,0
gated-pqt-M1024-f0.70,persistent-quantile-transport,LBQCD-C09-equal-K12,equal,missing,LBQCD-C09-equal-K12/missing,14,1200,1200,128,0,1200,128,1.0,4096,0,9.5625,0.0078125,0.15514550000079907,8192,8192,153600,0,1075200.0,256,0.010396436136734799,0.117814783147178,0.14819381345785546,1.0,0.0322265625,50,0,0
gated-pqt-M1024-f0.70,persistent-quantile-transport,LBQCD-C09-equal-K12,equal,missing,LBQCD-C09-equal-K12/missing,15,1200,1200,128,0,1200,128,1.0,4096,0,9.4375,0.0078125,0.1562084000033792,8192,8192,153600,0,1075200.0,256,0.0054175524927493335,0.10941380179147417,0.13538910861214873,1.0,0.020670572916666657,50,0,0
gated-pqt-M1024-f0.70,persistent-quantile-transport,LBQCD-C09-equal-K12,equal,missing,LBQCD-C09-equal-K12/missing,16,1200,1200,128,0,1200,128,1.0,4096,0,10.125,0.0078125,0.21250110000255518,8192,8192,153600,0,1075200.0,256,0.005446664274580293,0.11341280772552659,0.13187599865185207,1.0,0.036946614583333315,50,0,0
gated-pqt-M1024-f0.70,persistent-quantile-transport,LBQCD-C09-equal-K12,equal,missing,LBQCD-C09-equal-K12/missing,17,1200,1200,128,0,1200,128,1.0,4096,0,8.8125,0.0078125,0.12723660000483505,8192,8192,153600,0,1075200.0,256,0.007653947528142524,0.11760888876945996,0.14563858701456597,1.0,0.03206380208333334,50,0,0
gated-pqt-M1024-f0.70,persistent-quantile-transport,LBQCD-C09-equal-K12,equal,missing,LBQCD-C09-equal-K12/missing,18,1200,1200,128,0,1200,128,1.0,4096,0,9.125,0.0078125,0.17897680000169203,8192,8192,153600,0,1075200.0,256,0.011137939867839286,0.13056199704683807,0.16139468907885343,1.0,0.032389322916666685,50,0,0
gated-pqt-M1024-f0.70,persistent-quantile-transport,LBQCD-C09-equal-K12,equal,missing,LBQCD-C09-equal-K12/missing,19,1200,1200,128,0,1200,128,1.0,4096,0,9.875,0.0078125,0.17904050002107397,8192,8192,153600,0,1075200.0,256,0.01317600138994246,0.11580748922397702,0.14260164548350912,1.0,0.04768880208333334,50,0,0
gated-pqt-M1024-f0.70,persistent-quantile-transport,LBQCD-C10-equal-K24,equal,concentrated,LBQCD-C10-equal-K24/concentrated,0,1200,1200,1024,840,360,128,1.0,4096,1,4.3125,0.0078125,0.27705010000499897,8192,8192,906240,0,8924160.0,256,0.0039630899633693595,0.09217556492390613,0.12565581436741705,1.0,0.05680338541666667,50,0,0
gated-pqt-M1024-f0.70,persistent-quantile-transport,LBQCD-C10-equal-K24,equal,concentrated,LBQCD-C10-equal-K24/concentrated,1,1200,1200,1024,840,360,128,1.0,4096,1,4.5625,0.0078125,0.27604739999515004,8192,8192,906240,0,8924160.0,256,0.007894384197000726,0.10711696618422986,0.125328281706917,1.0,0.06819661458333333,50,0,0
gated-pqt-M1024-f0.70,persistent-quantile-transport,LBQCD-C10-equal-K24,equal,concentrated,LBQCD-C10-equal-K24/concentrated,2,1200,1200,1024,840,360,128,1.0,4096,1,4.5625,0.0078125,0.26587269999436103,8192,8192,906240,0,8924160.0,256,0.00534744901352191,0.1047470482862236,0.12680827999553815,1.0,0.05810546875,50,0,0
gated-pqt-M1024-f0.70,persistent-quantile-transport,LBQCD-C10-equal-K24,equal,concentrated,LBQCD-C10-equal-K24/concentrated,3,1200,1200,1024,840,360,128,1.0,4096,1,4.5625,0.0078125,0.2775050999771338,8192,8192,906240,0,8924160.0,256,0.002971099652313569,0.16032298261796718,0.20051332831589438,1.0,0.05045572916666666,50,0,0
gated-pqt-M1024-f0.70,persistent-quantile-transport,LBQCD-C10-equal-K24,equal,concentrated,LBQCD-C10-equal-K24/concentrated,4,1200,1200,1024,840,360,128,1.0,4096,1,4.375,0.0078125,0.2984733000048436,8192,8192,906240,0,8924160.0,256,0.003288706850294254,0.08747627575011878,0.10743852881148941,1.0,0.06998697916666667,50,0,0
gated-pqt-M1024-f0.70,persistent-quantile-transport,LBQCD-C10-equal-K24,equal,concentrated,LBQCD-C10-equal-K24/concentrated,5,1200,1200,1024,840,360,128,1.0,4096,1,4.25,0.0078125,0.28285950000281446,8192,8192,906240,0,8924160.0,256,0.005240546343419972,0.10896792882581417,0.13540970384580628,1.0,0.0498046875,50,0,0
gated-pqt-M1024-f0.70,persistent-quantile-transport,LBQCD-C10-equal-K24,equal,concentrated,LBQCD-C10-equal-K24/concentrated,6,1200,1200,1024,840,360,128,1.0,4096,1,4.5,0.0078125,0.2574721999990288,8192,8192,906240,0,8924160.0,256,0.018532890809095814,0.09238196086503545,0.10670028099554586,1.0,0.06656901041666667,50,0,0
gated-pqt-M1024-f0.70,persistent-quantile-transport,LBQCD-C10-equal-K24,equal,concentrated,LBQCD-C10-equal-K24/concentrated,7,1200,1200,1024,840,360,128,1.0,4096,1,4.4375,0.0078125,0.30245709998416714,8192,8192,906240,0,8924160.0,256,0.0053739138841506495,0.11222823824828872,0.13634636535850866,1.0,0.06217447916666666,50,0,0
gated-pqt-M1024-f0.70,persistent-quantile-transport,LBQCD-C10-equal-K24,equal,concentrated,LBQCD-C10-equal-K24/concentrated,8,1200,1200,1024,840,360,128,1.0,4096,1,4.5,0.0078125,0.250221700000111,8192,8192,906240,0,8924160.0,256,0.03021787726603753,0.0888687886703006,0.11626005452415475,1.0,0.06184895833333333,50,0,0
gated-pqt-M1024-f0.70,persistent-quantile-transport,LBQCD-C10-equal-K24,equal,concentrated,LBQCD-C10-equal-K24/concentrated,9,1200,1200,1024,840,360,128,1.0,4096,1,4.1875,0.0078125,0.27425699998275377,8192,8192,906240,0,8924160.0,256,0.029363976102458444,0.10796618523817773,0.13544573801670723,1.0,0.04459635416666667,50,0,0
gated-pqt-M1024-f0.70,persistent-quantile-transport,LBQCD-C10-equal-K24,equal,concentrated,LBQCD-C10-equal-K24/concentrated,10,1200,1200,1024,840,360,128,1.0,4096,1,4.3125,0.0078125,0.2765986000013072,8192,8192,906240,0,8924160.0,256,0.009439556896436496,0.09484595258366642,0.13059368576703062,1.0,0.04638671875,50,0,0
gated-pqt-M1024-f0.70,persistent-quantile-transport,LBQCD-C10-equal-K24,equal,concentrated,LBQCD-C10-equal-K24/concentrated,11,1200,1200,1024,840,360,128,1.0,4096,1,4.4375,0.0078125,0.22912020000512712,8192,8192,906240,0,8924160.0,256,0.0049771240067029154,0.12817736157023898,0.16013493425879474,1.0,0.06510416666666667,50,0,0
gated-pqt-M1024-f0.70,persistent-quantile-transport,LBQCD-C10-equal-K24,equal,concentrated,LBQCD-C10-equal-K24/concentrated,12,1200,1200,1024,840,360,128,1.0,4096,1,4.25,0.0078125,0.31161400000564754,8192,8192,906240,0,8924160.0,256,0.0052973382968635185,0.09815116607234384,0.12337880782456345,1.0,0.04069010416666667,50,0,0
gated-pqt-M1024-f0.70,persistent-quantile-transport,LBQCD-C10-equal-K24,equal,concentrated,LBQCD-C10-equal-K24/concentrated,13,1200,1200,1024,840,360,128,1.0,4096,1,4.3125,0.0078125,0.25494159999652766,8192,8192,906240,0,8924160.0,256,0.004533792105164025,0.12097793096756765,0.15354807289050088,1.0,0.06852213541666666,50,0,0
gated-pqt-M1024-f0.70,persistent-quantile-transport,LBQCD-C10-equal-K24,equal,concentrated,LBQCD-C10-equal-K24/concentrated,14,1200,1200,1024,840,360,128,1.0,4096,1,4.3125,0.0078125,0.25041609999607317,8192,8192,906240,0,8924160.0,256,0.005612196115311274,0.1236963167435925,0.15324572235106898,1.0,0.04654947916666666,50,0,0
gated-pqt-M1024-f0.70,persistent-quantile-transport,LBQCD-C10-equal-K24,equal,concentrated,LBQCD-C10-equal-K24/concentrated,15,1200,1200,1024,840,360,128,1.0,4096,1,4.25,0.0078125,0.26763029998983257,8192,8192,906240,0,8924160.0,256,0.003030824682655364,0.10527746459800276,0.13432177746680277,1.0,0.04801432291666667,100,0,0
gated-pqt-M1024-f0.70,persistent-quantile-transport,LBQCD-C10-equal-K24,equal,concentrated,LBQCD-C10-equal-K24/concentrated,16,1200,1200,1024,840,360,128,1.0,4096,1,4.3125,0.0078125,0.25902399999904446,8192,8192,906240,0,8924160.0,256,0.004635980452103006,0.08080572730625234,0.09985113292727943,1.0,0.04622395833333333,50,0,0
gated-pqt-M1024-f0.70,persistent-quantile-transport,LBQCD-C10-equal-K24,equal,concentrated,LBQCD-C10-equal-K24/concentrated,17,1200,1200,1024,840,360,128,1.0,4096,1,4.4375,0.0078125,0.2275054000201635,8192,8192,906240,0,8924160.0,256,0.007812632584319523,0.14175636951477494,0.17137476533695853,1.0,0.0751953125,50,0,0
gated-pqt-M1024-f0.70,persistent-quantile-transport,LBQCD-C10-equal-K24,equal,concentrated,LBQCD-C10-equal-K24/concentrated,18,1200,1200,1024,840,360,128,1.0,4096,1,4.4375,0.0078125,0.2660407999937888,8192,8192,906240,0,8924160.0,256,0.003689496836392081,0.11557711422784671,0.14420677871087986,1.0,0.06380208333333333,50,0,0
gated-pqt-M1024-f0.70,persistent-quantile-transport,LBQCD-C10-equal-K24,equal,concentrated,LBQCD-C10-equal-K24/concentrated,19,1200,1200,1024,840,360,128,1.0,4096,1,4.4375,0.0078125,0.26380869999411516,8192,8192,906240,0,8924160.0,256,0.0045728366986166336,0.0954771399814479,0.12127570648172364,1.0,0.06770833333333334,100,0,0
gated-pqt-M1024-f0.70,persistent-quantile-transport,LBQCD-C10-equal-K24,equal,missing,LBQCD-C10-equal-K24/missing,0,1200,1200,1024,840,360,128,1.0,4096,1,4.5625,0.0078125,0.24349470000015572,8192,8192,906240,0,8924160.0,256,0.00743908864057552,0.10300389983715003,0.12416359433828124,1.0,0.06315104166666666,100,0,0
gated-pqt-M1024-f0.70,persistent-quantile-transport,LBQCD-C10-equal-K24,equal,missing,LBQCD-C10-equal-K24/missing,1,1200,1200,1024,840,360,128,1.0,4096,1,4.625,0.0078125,0.2173283000010997,8192,8192,906240,0,8924160.0,256,0.004119100335367332,0.10894281640529332,0.13564841090648805,1.0,0.051269531249999986,50,0,0
gated-pqt-M1024-f0.70,persistent-quantile-transport,LBQCD-C10-equal-K24,equal,missing,LBQCD-C10-equal-K24/missing,2,1200,1200,1024,840,360,128,1.0,4096,1,4.375,0.0078125,0.21668230000068434,8192,8192,906240,0,8924160.0,256,0.007913196414172319,0.08222540157379937,0.09815451114171071,1.0,0.05126953125,50,0,0
gated-pqt-M1024-f0.70,persistent-quantile-transport,LBQCD-C10-equal-K24,equal,missing,LBQCD-C10-equal-K24/missing,3,1200,1200,1024,840,360,128,1.0,4096,1,4.5,0.0078125,0.2809699999925215,8192,8192,906240,0,8924160.0,256,0.010787867340046553,0.13832453305103265,0.17112593876719107,1.0,0.06233723958333334,50,0,0
gated-pqt-M1024-f0.70,persistent-quantile-transport,LBQCD-C10-equal-K24,equal,missing,LBQCD-C10-equal-K24/missing,4,1200,1200,1024,840,360,128,1.0,4096,1,4.3125,0.0078125,0.24163650002446957,8192,8192,906240,0,8924160.0,256,0.003727551340972024,0.12577164382491143,0.15390328816033913,1.0,0.05305989583333333,50,0,0
gated-pqt-M1024-f0.70,persistent-quantile-transport,LBQCD-C10-equal-K24,equal,missing,LBQCD-C10-equal-K24/missing,5,1200,1200,1024,840,360,128,1.0,4096,1,4.75,0.0078125,0.24669460000586696,8192,8192,906240,0,8924160.0,256,0.011235722779406654,0.11082797225841451,0.14003102426131228,1.0,0.04117838541666667,50,0,0
gated-pqt-M1024-f0.70,persistent-quantile-transport,LBQCD-C10-equal-K24,equal,missing,LBQCD-C10-equal-K24/missing,6,1200,1200,1024,840,360,128,1.0,4096,1,4.4375,0.0078125,0.28924040001584217,8192,8192,906240,0,8924160.0,256,0.004857977385607004,0.09397156577855051,0.11754669372588163,1.0,0.07893880208333333,100,0,0
gated-pqt-M1024-f0.70,persistent-quantile-transport,LBQCD-C10-equal-K24,equal,missing,LBQCD-C10-equal-K24/missing,7,1200,1200,1024,840,360,128,1.0,4096,1,4.375,0.0078125,0.24334929999895394,8192,8192,906240,0,8924160.0,256,0.008449214289669715,0.12309665234285493,0.1629597315745146,1.0,0.055175781249999986,50,0,0
gated-pqt-M1024-f0.70,persistent-quantile-transport,LBQCD-C10-equal-K24,equal,missing,LBQCD-C10-equal-K24/missing,8,1200,1200,1024,840,360,128,1.0,4096,1,3.875,0.0078125,0.260765499988338,8192,8192,906240,0,8924160.0,256,0.005358668826315416,0.09202764540582019,0.11567695746958075,1.0,0.07014973958333333,100,0,0
gated-pqt-M1024-f0.70,persistent-quantile-transport,LBQCD-C10-equal-K24,equal,missing,LBQCD-C10-equal-K24/missing,9,1200,1200,1024,840,360,128,1.0,4096,1,4.3125,0.0078125,0.2399452999816276,8192,8192,906240,0,8924160.0,256,0.017473560626503293,0.11571772210741517,0.1391758168790642,1.0,0.05680338541666666,50,0,0
gated-pqt-M1024-f0.70,persistent-quantile-transport,LBQCD-C10-equal-K24,equal,missing,LBQCD-C10-equal-K24/missing,10,1200,1200,1024,840,360,128,1.0,4096,1,4.4375,0.0078125,0.25254149999818765,8192,8192,906240,0,8924160.0,256,0.007980531238287014,0.08365318194491347,0.1031605234935905,1.0,0.05810546875,50,0,0
gated-pqt-M1024-f0.70,persistent-quantile-transport,LBQCD-C10-equal-K24,equal,missing,LBQCD-C10-equal-K24/missing,11,1200,1200,1024,840,360,128,1.0,4096,1,4.125,0.0078125,0.29344740000669844,8192,8192,906240,0,8924160.0,256,0.020280914351804125,0.08271298190345086,0.10511765168436317,1.0,0.06591796875,50,0,0
gated-pqt-M1024-f0.70,persistent-quantile-transport,LBQCD-C10-equal-K24,equal,missing,LBQCD-C10-equal-K24/missing,12,1200,1200,1024,840,360,128,1.0,4096,1,4.375,0.0078125,0.25061200000345707,8192,8192,906240,0,8924160.0,256,0.006429469300591961,0.09162301221301018,0.10698242184295674,1.0,0.05631510416666666,50,0,0
gated-pqt-M1024-f0.70,persistent-quantile-transport,LBQCD-C10-equal-K24,equal,missing,LBQCD-C10-equal-K24/missing,13,1200,1200,1024,840,360,128,1.0,4096,1,4.375,0.0078125,0.28477560001192614,8192,8192,906240,0,8924160.0,256,0.013624543181099735,0.10353403667983438,0.1257513418676461,1.0,0.054687500000000014,50,0,0
gated-pqt-M1024-f0.70,persistent-quantile-transport,LBQCD-C10-equal-K24,equal,missing,LBQCD-C10-equal-K24/missing,14,1200,1200,1024,840,360,128,1.0,4096,1,4.3125,0.0078125,0.24796649999916553,8192,8192,906240,0,8924160.0,256,0.012586426715054166,0.09392590702086753,0.12096908273074052,1.0,0.06396484375,50,0,0
gated-pqt-M1024-f0.70,persistent-quantile-transport,LBQCD-C10-equal-K24,equal,missing,LBQCD-C10-equal-K24/missing,15,1200,1200,1024,840,360,128,1.0,4096,1,4.5625,0.0078125,0.3069746000110172,8192,8192,906240,0,8924160.0,256,0.006759625991012541,0.08476620558942949,0.11179145305066263,1.0,0.06705729166666667,50,0,0
gated-pqt-M1024-f0.70,persistent-quantile-transport,LBQCD-C10-equal-K24,equal,missing,LBQCD-C10-equal-K24/missing,16,1200,1200,1024,840,360,128,1.0,4096,1,4.5,0.0078125,0.22249730001203716,8192,8192,906240,0,8924160.0,256,0.011218044318392906,0.08612920204100222,0.10404754807739161,1.0,0.04817708333333334,100,0,0
gated-pqt-M1024-f0.70,persistent-quantile-transport,LBQCD-C10-equal-K24,equal,missing,LBQCD-C10-equal-K24/missing,17,1200,1200,1024,840,360,128,1.0,4096,1,4.375,0.0078125,0.2262371999968309,8192,8192,906240,0,8924160.0,256,0.01606728210372932,0.09284687162795245,0.11534545742109906,1.0,0.05598958333333334,50,0,0
gated-pqt-M1024-f0.70,persistent-quantile-transport,LBQCD-C10-equal-K24,equal,missing,LBQCD-C10-equal-K24/missing,18,1200,1200,1024,840,360,128,1.0,4096,1,4.1875,0.0078125,0.2612229000078514,8192,8192,906240,0,8924160.0,256,0.006402881575970909,0.0830544911676413,0.104132865629084,1.0,0.06396484375,100,0,0
gated-pqt-M1024-f0.70,persistent-quantile-transport,LBQCD-C10-equal-K24,equal,missing,LBQCD-C10-equal-K24/missing,19,1200,1200,1024,840,360,128,1.0,4096,1,4.25,0.0078125,0.28850759999477305,8192,8192,906240,0,8924160.0,256,0.007780581699307287,0.20255898219936105,0.24179974545351063,1.0,0.05647786458333334,50,0,0
gated-pqt-M1024-f0.70,persistent-quantile-transport,LBQCD-C11-hetero-K10,heteroscedastic,concentrated,LBQCD-C11-hetero-K10/concentrated,0,1200,1200,128,0,1200,128,1.0,4096,0,11.875,0.0078125,0.156032899976708,8192,8192,153600,0,1075200.0,256,0.011487743427051278,0.1216266602429856,0.15286123379932612,1.0,0.03681640624999999,50,0,0
gated-pqt-M1024-f0.70,persistent-quantile-transport,LBQCD-C11-hetero-K10,heteroscedastic,concentrated,LBQCD-C11-hetero-K10/concentrated,1,1200,1200,128,0,1200,128,1.0,4096,0,11.5625,0.0078125,0.1506085000000894,8192,8192,153600,0,1075200.0,256,0.008331460999927653,0.11091803908295729,0.13562887611389485,1.0,0.0400390625,50,0,0
gated-pqt-M1024-f0.70,persistent-quantile-transport,LBQCD-C11-hetero-K10,heteroscedastic,concentrated,LBQCD-C11-hetero-K10/concentrated,2,1200,1200,128,0,1200,128,1.0,4096,0,12.0,0.0078125,0.18973700000788085,8192,8192,153600,0,1075200.0,256,0.007731580933554305,0.11167515490029661,0.14369306918349586,1.0,0.06201171875,50,0,0
gated-pqt-M1024-f0.70,persistent-quantile-transport,LBQCD-C11-hetero-K10,heteroscedastic,concentrated,LBQCD-C11-hetero-K10/concentrated,3,1200,1200,128,0,1200,128,1.0,4096,0,11.875,0.0078125,0.18549080000957474,8192,8192,153600,0,1075200.0,256,0.006032543605315688,0.12169217484674416,0.1547415013358023,1.0,0.05732421874999999,50,0,0
gated-pqt-M1024-f0.70,persistent-quantile-transport,LBQCD-C11-hetero-K10,heteroscedastic,concentrated,LBQCD-C11-hetero-K10/concentrated,4,1200,1200,128,0,1200,128,1.0,4096,0,11.25,0.0078125,0.13349780000862665,8192,8192,153600,0,1075200.0,256,0.010386977836343014,0.1214720811572402,0.1533263071633726,1.0,0.04736328125,50,0,0
gated-pqt-M1024-f0.70,persistent-quantile-transport,LBQCD-C11-hetero-K10,heteroscedastic,concentrated,LBQCD-C11-hetero-K10/concentrated,5,1200,1200,128,0,1200,128,1.0,4096,0,11.5,0.0078125,0.16596869999193586,8192,8192,153600,0,1075200.0,256,0.014593539770267672,0.1365703245825163,0.18300483255167854,1.0,0.06611328124999999,50,0,0
gated-pqt-M1024-f0.70,persistent-quantile-transport,LBQCD-C11-hetero-K10,heteroscedastic,concentrated,LBQCD-C11-hetero-K10/concentrated,6,1200,1200,128,0,1200,128,1.0,4096,0,11.6875,0.0078125,0.16192969999974594,8192,8192,153600,0,1075200.0,256,0.006091682345684468,0.10876165877684303,0.13471723832463542,1.0,0.04912109375000001,50,0,0
gated-pqt-M1024-f0.70,persistent-quantile-transport,LBQCD-C11-hetero-K10,heteroscedastic,concentrated,LBQCD-C11-hetero-K10/concentrated,7,1200,1200,128,0,1200,128,1.0,4096,0,12.1875,0.0078125,0.12715980000211857,8192,8192,153600,0,1075200.0,256,0.005388706542563515,0.1226600008283914,0.1523540006107317,1.0,0.06220703124999999,50,0,0
gated-pqt-M1024-f0.70,persistent-quantile-transport,LBQCD-C11-hetero-K10,heteroscedastic,concentrated,LBQCD-C11-hetero-K10/concentrated,8,1200,1200,128,0,1200,128,1.0,4096,0,11.6875,0.0078125,0.14527009997982532,8192,8192,153600,0,1075200.0,256,0.007546184586527005,0.11422861260306132,0.14633073616685816,1.0,0.046875,50,0,0
gated-pqt-M1024-f0.70,persistent-quantile-transport,LBQCD-C11-hetero-K10,heteroscedastic,concentrated,LBQCD-C11-hetero-K10/concentrated,9,1200,1200,128,0,1200,128,1.0,4096,0,11.4375,0.0078125,0.1571950000070501,8192,8192,153600,0,1075200.0,256,0.008075767390908872,0.11376817278463797,0.1371706838602432,1.0,0.03955078125,50,0,0
gated-pqt-M1024-f0.70,persistent-quantile-transport,LBQCD-C11-hetero-K10,heteroscedastic,concentrated,LBQCD-C11-hetero-K10/concentrated,10,1200,1200,128,0,1200,128,1.0,4096,0,12.1875,0.0078125,0.1789555000141263,8192,8192,153600,0,1075200.0,256,0.012929498667331618,0.11915359058250594,0.14836429416300898,1.0,0.04160156250000002,50,0,0
gated-pqt-M1024-f0.70,persistent-quantile-transport,LBQCD-C11-hetero-K10,heteroscedastic,concentrated,LBQCD-C11-hetero-K10/concentrated,11,1200,1200,128,0,1200,128,1.0,4096,0,12.0625,0.0078125,0.15676329997950234,8192,8192,153600,0,1075200.0,256,0.01636922328435153,0.1475608277642182,0.18958095003623765,1.0,0.08027343749999999,50,0,0
gated-pqt-M1024-f0.70,persistent-quantile-transport,LBQCD-C11-hetero-K10,heteroscedastic,concentrated,LBQCD-C11-hetero-K10/concentrated,12,1200,1200,128,0,1200,128,1.0,4096,0,11.375,0.0078125,0.1320230000128504,8192,8192,153600,0,1075200.0,256,0.009672731107543076,0.11543831248079242,0.14137573087964958,1.0,0.03398437500000001,50,0,0
gated-pqt-M1024-f0.70,persistent-quantile-transport,LBQCD-C11-hetero-K10,heteroscedastic,concentrated,LBQCD-C11-hetero-K10/concentrated,13,1200,1200,128,0,1200,128,1.0,4096,0,11.9375,0.0078125,0.16919059999054298,8192,8192,153600,0,1075200.0,256,0.00906954856387232,0.11585083679378935,0.14141755995987085,1.0,0.0498046875,50,0,0
gated-pqt-M1024-f0.70,persistent-quantile-transport,LBQCD-C11-hetero-K10,heteroscedastic,concentrated,LBQCD-C11-hetero-K10/concentrated,14,1200,1200,128,0,1200,128,1.0,4096,0,12.4375,0.0078125,0.16902510001091287,8192,8192,153600,0,1075200.0,256,0.007842022421879147,0.11064298915054285,0.13490258005493255,1.0,0.05742187500000001,50,0,0
gated-pqt-M1024-f0.70,persistent-quantile-transport,LBQCD-C11-hetero-K10,heteroscedastic,concentrated,LBQCD-C11-hetero-K10/concentrated,15,1200,1200,128,0,1200,128,1.0,4096,0,11.0625,0.0078125,0.1355907999968622,8192,8192,153600,0,1075200.0,256,0.01122578265722396,0.12193643451326198,0.15383951362382933,1.0,0.04726562499999998,50,0,0
gated-pqt-M1024-f0.70,persistent-quantile-transport,LBQCD-C11-hetero-K10,heteroscedastic,concentrated,LBQCD-C11-hetero-K10/concentrated,16,1200,1200,128,0,1200,128,1.0,4096,0,11.9375,0.0078125,0.1318874999997206,8192,8192,153600,0,1075200.0,256,0.005469317867187851,0.11412330690598843,0.1407618965806455,1.0,0.03496093750000001,50,0,0
gated-pqt-M1024-f0.70,persistent-quantile-transport,LBQCD-C11-hetero-K10,heteroscedastic,concentrated,LBQCD-C11-hetero-K10/concentrated,17,1200,1200,128,0,1200,128,1.0,4096,0,12.1875,0.0078125,0.18408180002006702,8192,8192,153600,0,1075200.0,256,0.008763336258921672,0.11026852961232896,0.13513367971151743,1.0,0.05097656249999999,50,0,0
gated-pqt-M1024-f0.70,persistent-quantile-transport,LBQCD-C11-hetero-K10,heteroscedastic,concentrated,LBQCD-C11-hetero-K10/concentrated,18,1200,1200,128,0,1200,128,1.0,4096,0,11.75,0.0078125,0.15370549997896887,8192,8192,153600,0,1075200.0,256,0.008082258744649629,0.11951338458232351,0.1470162845983136,1.0,0.0419921875,50,0,0
gated-pqt-M1024-f0.70,persistent-quantile-transport,LBQCD-C11-hetero-K10,heteroscedastic,concentrated,LBQCD-C11-hetero-K10/concentrated,19,1200,1200,128,0,1200,128,1.0,4096,0,11.8125,0.0078125,0.1950782999920193,8192,8192,153600,0,1075200.0,256,0.008418316716311214,0.1125519662721314,0.14081827722569987,1.0,0.05253906250000001,50,0,0
gated-pqt-M1024-f0.70,persistent-quantile-transport,LBQCD-C11-hetero-K10,heteroscedastic,missing,LBQCD-C11-hetero-K10/missing,0,1200,1200,128,0,1200,128,1.0,4096,0,11.875,0.0078125,0.1781642000132706,8192,8192,153600,0,1075200.0,256,0.01324566040304731,0.13137809130535305,0.17256943431664062,1.0,0.05556640624999998,50,0,0
gated-pqt-M1024-f0.70,persistent-quantile-transport,LBQCD-C11-hetero-K10,heteroscedastic,missing,LBQCD-C11-hetero-K10/missing,1,1200,1200,128,0,1200,128,1.0,4096,0,11.9375,0.0078125,0.14269659999990836,8192,8192,153600,0,1075200.0,256,0.00842779255479309,0.11768778115848991,0.15030982068070978,1.0,0.03837890625000001,50,0,0
gated-pqt-M1024-f0.70,persistent-quantile-transport,LBQCD-C11-hetero-K10,heteroscedastic,missing,LBQCD-C11-hetero-K10/missing,2,1200,1200,128,0,1200,128,1.0,4096,0,12.125,0.0078125,0.15034319998812862,8192,8192,153600,0,1075200.0,256,0.01055008456034301,0.11507639601085017,0.14241445762544727,1.0,0.03593750000000001,50,0,0
gated-pqt-M1024-f0.70,persistent-quantile-transport,LBQCD-C11-hetero-K10,heteroscedastic,missing,LBQCD-C11-hetero-K10/missing,3,1200,1200,128,0,1200,128,1.0,4096,0,11.75,0.0078125,0.16516649999539368,8192,8192,153600,0,1075200.0,256,0.012235069426348666,0.10990510903752392,0.1347335678266367,1.0,0.05146484374999999,50,0,0
gated-pqt-M1024-f0.70,persistent-quantile-transport,LBQCD-C11-hetero-K10,heteroscedastic,missing,LBQCD-C11-hetero-K10/missing,4,1200,1200,128,0,1200,128,1.0,4096,0,11.8125,0.0078125,0.17111039999872446,8192,8192,153600,0,1075200.0,256,0.012932831525763966,0.12310212462932336,0.15561759383995213,1.0,0.0283203125,50,0,0
gated-pqt-M1024-f0.70,persistent-quantile-transport,LBQCD-C11-hetero-K10,heteroscedastic,missing,LBQCD-C11-hetero-K10/missing,5,1200,1200,128,0,1200,128,1.0,4096,0,11.25,0.0078125,0.15889039999456145,8192,8192,153600,0,1075200.0,256,0.007601772425021913,0.12061009483087487,0.14755337407047978,1.0,0.0595703125,50,0,0
gated-pqt-M1024-f0.70,persistent-quantile-transport,LBQCD-C11-hetero-K10,heteroscedastic,missing,LBQCD-C11-hetero-K10/missing,6,1200,1200,128,0,1200,128,1.0,4096,0,11.375,0.0078125,0.12230970000382513,8192,8192,153600,0,1075200.0,256,0.009561787256714194,0.10875453358525079,0.13144793255025372,1.0,0.056640625,50,0,0
gated-pqt-M1024-f0.70,persistent-quantile-transport,LBQCD-C11-hetero-K10,heteroscedastic,missing,LBQCD-C11-hetero-K10/missing,7,1200,1200,128,0,1200,128,1.0,4096,0,12.0625,0.0078125,0.1806831999856513,8192,8192,153600,0,1075200.0,256,0.005911418049191486,0.11092124081385046,0.13507148565711669,1.0,0.04912109375000001,50,0,0
gated-pqt-M1024-f0.70,persistent-quantile-transport,LBQCD-C11-hetero-K10,heteroscedastic,missing,LBQCD-C11-hetero-K10/missing,8,1200,1200,128,0,1200,128,1.0,4096,0,11.3125,0.0078125,0.17885709999245591,8192,8192,153600,0,1075200.0,256,0.005657616220556161,0.11151150420521609,0.13635675452519275,1.0,0.04179687500000001,50,0,0
gated-pqt-M1024-f0.70,persistent-quantile-transport,LBQCD-C11-hetero-K10,heteroscedastic,missing,LBQCD-C11-hetero-K10/missing,9,1200,1200,128,0,1200,128,1.0,4096,0,11.875,0.0078125,0.11782230000244454,8192,8192,153600,0,1075200.0,256,0.00719358023593486,0.10931822820340546,0.13627817577884294,1.0,0.05351562500000001,50,0,0
gated-pqt-M1024-f0.70,persistent-quantile-transport,LBQCD-C11-hetero-K10,heteroscedastic,missing,LBQCD-C11-hetero-K10/missing,10,1200,1200,128,0,1200,128,1.0,4096,0,12.125,0.0078125,0.1382807000190951,8192,8192,153600,0,1075200.0,256,0.006869362129229728,0.12523914188953011,0.15453963546357474,1.0,0.03447265625000001,50,0,0
gated-pqt-M1024-f0.70,persistent-quantile-transport,LBQCD-C11-hetero-K10,heteroscedastic,missing,LBQCD-C11-hetero-K10/missing,11,1200,1200,128,0,1200,128,1.0,4096,0,12.1875,0.0078125,0.2108629000140354,8192,8192,153600,0,1075200.0,256,0.00664985221536174,0.11245121153004356,0.1421733259237391,1.0,0.04150390625,50,0,0
gated-pqt-M1024-f0.70,persistent-quantile-transport,LBQCD-C11-hetero-K10,heteroscedastic,missing,LBQCD-C11-hetero-K10/missing,12,1200,1200,128,0,1200,128,1.0,4096,0,11.5625,0.0078125,0.1548526000115089,8192,8192,153600,0,1075200.0,256,0.008389733033052682,0.13042550336539857,0.1657536756424466,1.0,0.04912109375000001,50,0,0
gated-pqt-M1024-f0.70,persistent-quantile-transport,LBQCD-C11-hetero-K10,heteroscedastic,missing,LBQCD-C11-hetero-K10/missing,13,1200,1200,128,0,1200,128,1.0,4096,0,11.625,0.0078125,0.1373031999974046,8192,8192,153600,0,1075200.0,256,0.006619081707849084,0.11107738396439572,0.13262189815523637,1.0,0.04951171874999999,50,0,0
gated-pqt-M1024-f0.70,persistent-quantile-transport,LBQCD-C11-hetero-K10,heteroscedastic,missing,LBQCD-C11-hetero-K10/missing,14,1200,1200,128,0,1200,128,1.0,4096,0,11.5625,0.0078125,0.1848865000065416,8192,8192,153600,0,1075200.0,256,0.0070873504539350485,0.11542758792262879,0.1443449784280872,1.0,0.04716796875000001,50,0,0
gated-pqt-M1024-f0.70,persistent-quantile-transport,LBQCD-C11-hetero-K10,heteroscedastic,missing,LBQCD-C11-hetero-K10/missing,15,1200,1200,128,0,1200,128,1.0,4096,0,11.9375,0.0078125,0.19873259999440052,8192,8192,153600,0,1075200.0,256,0.006462867116701965,0.11198153267836518,0.13346555254862316,1.0,0.05195312499999999,50,0,0
gated-pqt-M1024-f0.70,persistent-quantile-transport,LBQCD-C11-hetero-K10,heteroscedastic,missing,LBQCD-C11-hetero-K10/missing,16,1200,1200,128,0,1200,128,1.0,4096,0,11.5,0.0078125,0.17581459999200888,8192,8192,153600,0,1075200.0,256,0.009314102740018537,0.10701511512916216,0.1304500214438022,1.0,0.03593750000000001,50,0,0
gated-pqt-M1024-f0.70,persistent-quantile-transport,LBQCD-C11-hetero-K10,heteroscedastic,missing,LBQCD-C11-hetero-K10/missing,17,1200,1200,128,0,1200,128,1.0,4096,0,11.6875,0.0078125,0.20794600000954233,8192,8192,153600,0,1075200.0,256,0.006178970011351481,0.11254077022263691,0.14000362794366217,1.0,0.03662109375,50,0,0
gated-pqt-M1024-f0.70,persistent-quantile-transport,LBQCD-C11-hetero-K10,heteroscedastic,missing,LBQCD-C11-hetero-K10/missing,18,1200,1200,128,0,1200,128,1.0,4096,0,12.1875,0.0078125,0.1708109000173863,8192,8192,153600,0,1075200.0,256,0.006184585154970446,0.11375638946061012,0.1418313611741167,1.0,0.03740234375000001,50,0,0
gated-pqt-M1024-f0.70,persistent-quantile-transport,LBQCD-C11-hetero-K10,heteroscedastic,missing,LBQCD-C11-hetero-K10/missing,19,1200,1200,128,0,1200,128,1.0,4096,0,11.5625,0.0078125,0.14982750001945533,8192,8192,153600,0,1075200.0,256,0.008531253945951445,0.11339386632506894,0.14365171865423243,1.0,0.05126953125,50,0,0
gated-pqt-M1024-f0.70,persistent-quantile-transport,LBQCD-C12-hetero-K18,heteroscedastic,concentrated,LBQCD-C12-hetero-K18/concentrated,0,1200,1200,1024,840,360,128,1.0,4096,1,6.3125,0.0078125,0.2678684999991674,8192,8192,906240,0,8924160.0,256,0.004530726292296006,0.079998266200972,0.10491734625123735,1.0,0.0715603298611111,50,0,0
gated-pqt-M1024-f0.70,persistent-quantile-transport,LBQCD-C12-hetero-K18,heteroscedastic,concentrated,LBQCD-C12-hetero-K18/concentrated,1,1200,1200,1024,840,360,128,1.0,4096,1,6.5,0.0078125,0.2844356000132393,8192,8192,906240,0,8924160.0,256,0.0023941793974606718,0.0806346649906956,0.10094387815240696,1.0,0.0576171875,50,0,0
gated-pqt-M1024-f0.70,persistent-quantile-transport,LBQCD-C12-hetero-K18,heteroscedastic,concentrated,LBQCD-C12-hetero-K18/concentrated,2,1200,1200,1024,840,360,128,1.0,4096,1,6.125,0.0078125,0.264266599988332,8192,8192,906240,0,8924160.0,256,0.0025080806196258187,0.0832868887256553,0.10662421447319836,1.0,0.06353081597222221,50,0,0
gated-pqt-M1024-f0.70,persistent-quantile-transport,LBQCD-C12-hetero-K18,heteroscedastic,concentrated,LBQCD-C12-hetero-K18/concentrated,3,1200,1200,1024,840,360,128,1.0,4096,1,6.875,0.0078125,0.29870140002458356,8192,8192,906240,0,8924160.0,256,0.0026109711870359043,0.10791757278899172,0.13832243886272544,1.0,0.0891384548611111,50,0,0
gated-pqt-M1024-f0.70,persistent-quantile-transport,LBQCD-C12-hetero-K18,heteroscedastic,concentrated,LBQCD-C12-hetero-K18/concentrated,4,1200,1200,1024,840,360,128,1.0,4096,1,6.5625,0.0078125,0.279915399994934,8192,8192,906240,0,8924160.0,256,0.0035518032910926145,0.07007649715382484,0.09367461847028018,1.0,0.05859375,50,0,0
gated-pqt-M1024-f0.70,persistent-quantile-transport,LBQCD-C12-hetero-K18,heteroscedastic,concentrated,LBQCD-C12-hetero-K18/concentrated,5,1200,1200,1024,840,360,128,1.0,4096,1,6.4375,0.0078125,0.23346560000209138,8192,8192,906240,0,8924160.0,256,0.0029420674648816814,0.08605390842546935,0.11940440195887399,1.0,0.057888454861111105,50,0,0
gated-pqt-M1024-f0.70,persistent-quantile-transport,LBQCD-C12-hetero-K18,heteroscedastic,concentrated,LBQCD-C12-hetero-K18/concentrated,6,1200,1200,1024,840,360,128,1.0,4096,1,6.3125,0.0078125,0.2558509999944363,8192,8192,906240,0,8924160.0,256,0.007891341833670129,0.08835172592707123,0.10814506176122511,1.0,0.062282986111111105,50,0,0
gated-pqt-M1024-f0.70,persistent-quantile-transport,LBQCD-C12-hetero-K18,heteroscedastic,concentrated,LBQCD-C12-hetero-K18/concentrated,7,1200,1200,1024,840,360,128,1.0,4096,1,6.625,0.0078125,0.2625125000195112,8192,8192,906240,0,8924160.0,256,0.011621181730288033,0.09248626984190869,0.12013489412856952,1.0,0.0641818576388889,50,0,0
gated-pqt-M1024-f0.70,persistent-quantile-transport,LBQCD-C12-hetero-K18,heteroscedastic,concentrated,LBQCD-C12-hetero-K18/concentrated,8,1200,1200,1024,840,360,128,1.0,4096,1,6.5625,0.0078125,0.2777377000020351,8192,8192,906240,0,8924160.0,256,0.004186486964872671,0.09057918615349178,0.11541978201447503,1.0,0.08056640625,50,0,0
gated-pqt-M1024-f0.70,persistent-quantile-transport,LBQCD-C12-hetero-K18,heteroscedastic,concentrated,LBQCD-C12-hetero-K18/concentrated,9,1200,1200,1024,840,360,128,1.0,4096,1,6.3125,0.0078125,0.23229789998731576,8192,8192,906240,0,8924160.0,256,0.006465130024496002,0.1340480626343654,0.17654315932185527,1.0,0.061306423611111105,50,0,0
gated-pqt-M1024-f0.70,persistent-quantile-transport,LBQCD-C12-hetero-K18,heteroscedastic,concentrated,LBQCD-C12-hetero-K18/concentrated,10,1200,1200,1024,840,360,128,1.0,4096,1,6.0625,0.0078125,0.23878859999240376,8192,8192,906240,0,8924160.0,256,0.0027232166893527143,0.0771022212264586,0.101706977091621,1.0,0.0739474826388889,50,0,0
gated-pqt-M1024-f0.70,persistent-quantile-transport,LBQCD-C12-hetero-K18,heteroscedastic,concentrated,LBQCD-C12-hetero-K18/concentrated,11,1200,1200,1024,840,360,128,1.0,4096,1,6.1875,0.0078125,0.2688043999951333,8192,8192,906240,0,8924160.0,256,0.007093565685177605,0.09923936423650824,0.13042673175424363,1.0,0.041720920138888895,50,0,0
gated-pqt-M1024-f0.70,persistent-quantile-transport,LBQCD-C12-hetero-K18,heteroscedastic,concentrated,LBQCD-C12-hetero-K18/concentrated,12,1200,1200,1024,840,360,128,1.0,4096,1,6.4375,0.0078125,0.2590859000047203,8192,8192,906240,0,8924160.0,256,0.0053464047009321725,0.1128338606532796,0.14479496187154364,1.0,0.0632595486111111,50,0,0
gated-pqt-M1024-f0.70,persistent-quantile-transport,LBQCD-C12-hetero-K18,heteroscedastic,concentrated,LBQCD-C12-hetero-K18/concentrated,13,1200,1200,1024,840,360,128,1.0,4096,1,6.375,0.0078125,0.2512017000117339,8192,8192,906240,0,8924160.0,256,0.004765857484193781,0.09617720244959589,0.1264122413808668,1.0,0.0642361111111111,50,0,0
gated-pqt-M1024-f0.70,persistent-quantile-transport,LBQCD-C12-hetero-K18,heteroscedastic,concentrated,LBQCD-C12-hetero-K18/concentrated,14,1200,1200,1024,840,360,128,1.0,4096,1,6.6875,0.0078125,0.20866919998661615,8192,8192,906240,0,8924160.0,256,0.004736969250467293,0.09938971571165069,0.13265362697452338,1.0,0.0632052951388889,50,0,0
gated-pqt-M1024-f0.70,persistent-quantile-transport,LBQCD-C12-hetero-K18,heteroscedastic,concentrated,LBQCD-C12-hetero-K18/concentrated,15,1200,1200,1024,840,360,128,1.0,4096,1,6.375,0.0078125,0.3055992999870796,8192,8192,906240,0,8924160.0,256,0.008745311646854326,0.08374433809847512,0.10769237644757546,1.0,0.06309678819444442,50,0,0
gated-pqt-M1024-f0.70,persistent-quantile-transport,LBQCD-C12-hetero-K18,heteroscedastic,concentrated,LBQCD-C12-hetero-K18/concentrated,16,1200,1200,1024,840,360,128,1.0,4096,1,6.4375,0.0078125,0.23318390001077205,8192,8192,906240,0,8924160.0,256,0.01873411152746307,0.07407503422532793,0.09552478263006768,1.0,0.0749782986111111,50,0,0
gated-pqt-M1024-f0.70,persistent-quantile-transport,LBQCD-C12-hetero-K18,heteroscedastic,concentrated,LBQCD-C12-hetero-K18/concentrated,17,1200,1200,1024,840,360,128,1.0,4096,1,6.6875,0.0078125,0.246769299992593,8192,8192,906240,0,8924160.0,256,0.0025921102199886192,0.08047260259024923,0.10815325167433726,1.0,0.04638671875,50,0,0
gated-pqt-M1024-f0.70,persistent-quantile-transport,LBQCD-C12-hetero-K18,heteroscedastic,concentrated,LBQCD-C12-hetero-K18/concentrated,18,1200,1200,1024,840,360,128,1.0,4096,1,6.8125,0.0078125,0.2896576999919489,8192,8192,906240,0,8924160.0,256,0.004596527058319477,0.07793873676303008,0.10015066947743415,1.0,0.03266059027777779,50,0,0
gated-pqt-M1024-f0.70,persistent-quantile-transport,LBQCD-C12-hetero-K18,heteroscedastic,concentrated,LBQCD-C12-hetero-K18/concentrated,19,1200,1200,1024,840,360,128,1.0,4096,1,6.0625,0.0078125,0.22722949998569675,8192,8192,906240,0,8924160.0,256,0.00210602343320776,0.08584561754332724,0.11285788963666112,1.0,0.046875,50,0,0
gated-pqt-M1024-f0.70,persistent-quantile-transport,LBQCD-C12-hetero-K18,heteroscedastic,missing,LBQCD-C12-hetero-K18/missing,0,1200,1200,1024,840,360,128,1.0,4096,1,6.875,0.0078125,0.2925270000123419,8192,8192,906240,0,8924160.0,256,0.005345174185162449,0.1205214924814112,0.1487635614193995,1.0,0.07275390625,50,0,0
gated-pqt-M1024-f0.70,persistent-quantile-transport,LBQCD-C12-hetero-K18,heteroscedastic,missing,LBQCD-C12-hetero-K18/missing,1,1200,1200,1024,840,360,128,1.0,4096,1,6.5625,0.0078125,0.30374899998423643,8192,8192,906240,0,8924160.0,256,0.006714156489461942,0.08785328619602423,0.11420764220435657,1.0,0.0671657986111111,50,0,0
gated-pqt-M1024-f0.70,persistent-quantile-transport,LBQCD-C12-hetero-K18,heteroscedastic,missing,LBQCD-C12-hetero-K18/missing,2,1200,1200,1024,840,360,128,1.0,4096,1,6.1875,0.0078125,0.2653652000008151,8192,8192,906240,0,8924160.0,256,0.0029953827742743577,0.09019824153839831,0.1186786389212841,1.0,0.06787109375,50,0,0
gated-pqt-M1024-f0.70,persistent-quantile-transport,LBQCD-C12-hetero-K18,heteroscedastic,missing,LBQCD-C12-hetero-K18/missing,3,1200,1200,1024,840,360,128,1.0,4096,1,6.125,0.0078125,0.24684929999057204,8192,8192,906240,0,8924160.0,256,0.0031821609346711632,0.0922361574427213,0.1224597663949381,1.0,0.0498046875,50,0,0
gated-pqt-M1024-f0.70,persistent-quantile-transport,LBQCD-C12-hetero-K18,heteroscedastic,missing,LBQCD-C12-hetero-K18/missing,4,1200,1200,1024,840,360,128,1.0,4096,1,6.4375,0.0078125,0.2682820000045467,8192,8192,906240,0,8924160.0,256,0.0022593544745128646,0.08775267682723259,0.1169302117530549,1.0,0.06548394097222221,50,0,0
gated-pqt-M1024-f0.70,persistent-quantile-transport,LBQCD-C12-hetero-K18,heteroscedastic,missing,LBQCD-C12-hetero-K18/missing,5,1200,1200,1024,840,360,128,1.0,4096,1,6.75,0.0078125,0.24589620000915602,8192,8192,906240,0,8924160.0,256,0.010300351237060745,0.07966348054759698,0.1022285491715615,1.0,0.04736328125,50,0,0
gated-pqt-M1024-f0.70,persistent-quantile-transport,LBQCD-C12-hetero-K18,heteroscedastic,missing,LBQCD-C12-hetero-K18/missing,6,1200,1200,1024,840,360,128,1.0,4096,1,6.6875,0.0078125,0.27668650000123307,8192,8192,906240,0,8924160.0,256,0.00323086534311523,0.06988844346810885,0.09040577204298014,1.0,0.049533420138888895,100,0,0
gated-pqt-M1024-f0.70,persistent-quantile-transport,LBQCD-C12-hetero-K18,heteroscedastic,missing,LBQCD-C12-hetero-K18/missing,7,1200,1200,1024,840,360,128,1.0,4096,1,6.3125,0.0078125,0.2607610000122804,8192,8192,906240,0,8924160.0,256,0.005248360395845975,0.07920775897715887,0.10868634114595421,1.0,0.07389322916666669,50,0,0
gated-pqt-M1024-f0.70,persistent-quantile-transport,LBQCD-C12-hetero-K18,heteroscedastic,missing,LBQCD-C12-hetero-K18/missing,8,1200,1200,1024,840,360,128,1.0,4096,1,6.5625,0.0078125,0.27831660001538694,8192,8192,906240,0,8924160.0,256,0.005902004150754703,0.09817858067419652,0.13085986093636265,1.0,0.041232638888888895,100,0,0
gated-pqt-M1024-f0.70,persistent-quantile-transport,LBQCD-C12-hetero-K18,heteroscedastic,missing,LBQCD-C12-hetero-K18/missing,9,1200,1200,1024,840,360,128,1.0,4096,1,5.875,0.0078125,0.2753299999749288,8192,8192,906240,0,8924160.0,256,0.006900922429169842,0.14319249044520582,0.1738320399169387,1.0,0.0517578125,50,0,0
gated-pqt-M1024-f0.70,persistent-quantile-transport,LBQCD-C12-hetero-K18,heteroscedastic,missing,LBQCD-C12-hetero-K18/missing,10,1200,1200,1024,840,360,128,1.0,4096,1,6.6875,0.0078125,0.2853160999948159,8192,8192,906240,0,8924160.0,256,0.0026848301898971805,0.08031639134970131,0.1061062432533501,1.0,0.05414496527777779,50,0,0
gated-pqt-M1024-f0.70,persistent-quantile-transport,LBQCD-C12-hetero-K18,heteroscedastic,missing,LBQCD-C12-hetero-K18/missing,11,1200,1200,1024,840,360,128,1.0,4096,1,6.5625,0.0078125,0.24651960001210682,8192,8192,906240,0,8924160.0,256,0.006423147817239627,0.11262293731600799,0.14717798594777348,1.0,0.0798068576388889,50,0,0
gated-pqt-M1024-f0.70,persistent-quantile-transport,LBQCD-C12-hetero-K18,heteroscedastic,missing,LBQCD-C12-hetero-K18/missing,12,1200,1200,1024,840,360,128,1.0,4096,1,6.5625,0.0078125,0.2846881000150461,8192,8192,906240,0,8924160.0,256,0.0028291276731806647,0.08972322413424544,0.11800096838057421,1.0,0.06646050347222221,50,0,0
gated-pqt-M1024-f0.70,persistent-quantile-transport,LBQCD-C12-hetero-K18,heteroscedastic,missing,LBQCD-C12-hetero-K18/missing,13,1200,1200,1024,840,360,128,1.0,4096,1,6.4375,0.0078125,0.2666552999871783,8192,8192,906240,0,8924160.0,256,0.004676208215713906,0.11768178710702307,0.14811563159556973,1.0,0.0546875,50,0,0
gated-pqt-M1024-f0.70,persistent-quantile-transport,LBQCD-C12-hetero-K18,heteroscedastic,missing,LBQCD-C12-hetero-K18/missing,14,1200,1200,1024,840,360,128,1.0,4096,1,5.9375,0.0078125,0.25917909998679534,8192,8192,906240,0,8924160.0,256,0.003450758027395473,0.06898335532169805,0.08656831790876746,1.0,0.055392795138888895,50,0,0
gated-pqt-M1024-f0.70,persistent-quantile-transport,LBQCD-C12-hetero-K18,heteroscedastic,missing,LBQCD-C12-hetero-K18/missing,15,1200,1200,1024,840,360,128,1.0,4096,1,7.0,0.0078125,0.2817862000083551,8192,8192,906240,0,8924160.0,256,0.004363028471908503,0.06702677924853233,0.09269482536200553,1.0,0.0556640625,50,0,0
gated-pqt-M1024-f0.70,persistent-quantile-transport,LBQCD-C12-hetero-K18,heteroscedastic,missing,LBQCD-C12-hetero-K18/missing,16,1200,1200,1024,840,360,128,1.0,4096,1,6.5,0.0078125,0.2445605999964755,8192,8192,906240,0,8924160.0,256,0.0030949676397540316,0.08239420056296917,0.10767934319025296,1.0,0.07047526041666669,50,0,0
gated-pqt-M1024-f0.70,persistent-quantile-transport,LBQCD-C12-hetero-K18,heteroscedastic,missing,LBQCD-C12-hetero-K18/missing,17,1200,1200,1024,840,360,128,1.0,4096,1,6.375,0.0078125,0.2995607999910135,8192,8192,906240,0,8924160.0,256,0.0073424039686109666,0.12765493506269232,0.16405018414238942,1.0,0.06890190972222221,50,0,0
gated-pqt-M1024-f0.70,persistent-quantile-transport,LBQCD-C12-hetero-K18,heteroscedastic,missing,LBQCD-C12-hetero-K18/missing,18,1200,1200,1024,840,360,128,1.0,4096,1,6.25,0.0078125,0.2974141000013333,8192,8192,906240,0,8924160.0,256,0.005586410250951079,0.10516712076247269,0.1341312134571331,1.0,0.056640625,50,0,0
gated-pqt-M1024-f0.70,persistent-quantile-transport,LBQCD-C12-hetero-K18,heteroscedastic,missing,LBQCD-C12-hetero-K18/missing,19,1200,1200,1024,840,360,128,1.0,4096,1,5.6875,0.0078125,0.26091000001179054,8192,8192,906240,0,8924160.0,256,0.004517166214319079,0.10768576264866792,0.13814036371372024,1.0,0.05620659722222221,50,0,0
gated-pqt-M1024-f0.70,persistent-quantile-transport,LBQCD-C13-overlap-K10,overlap,concentrated,LBQCD-C13-overlap-K10/concentrated,0,1200,1200,128,0,1200,128,1.0,4096,0,128.0,0.0078125,0.14359669998520985,8192,8192,153600,0,1075200.0,256,0.0021108025918524786,0.02776470863328628,0.03458371230335786,1.0,0.0693359375,1,0,0
gated-pqt-M1024-f0.70,persistent-quantile-transport,LBQCD-C13-overlap-K10,overlap,concentrated,LBQCD-C13-overlap-K10/concentrated,1,1200,1200,128,0,1200,128,1.0,4096,0,128.0,0.0078125,0.14209670000127517,8192,8192,153600,0,1075200.0,256,0.002754451888500764,0.018287817877121155,0.026836408792637663,1.0,0.064453125,1,0,0
gated-pqt-M1024-f0.70,persistent-quantile-transport,LBQCD-C13-overlap-K10,overlap,concentrated,LBQCD-C13-overlap-K10/concentrated,2,1200,1200,128,0,1200,128,1.0,4096,0,128.0,0.0078125,0.17792560000088997,8192,8192,153600,0,1075200.0,256,0.0006198920015584308,0.027708698166054296,0.03297278991137108,1.0,0.01513671875,1,0,0
gated-pqt-M1024-f0.70,persistent-quantile-transport,LBQCD-C13-overlap-K10,overlap,concentrated,LBQCD-C13-overlap-K10/concentrated,3,1200,1200,128,0,1200,128,1.0,4096,0,128.0,0.0078125,0.154135499993572,8192,8192,153600,0,1075200.0,256,0.0024370421771510165,0.015827176214962064,0.021782430976231334,1.0,0.05546875000000001,1,0,0
gated-pqt-M1024-f0.70,persistent-quantile-transport,LBQCD-C13-overlap-K10,overlap,concentrated,LBQCD-C13-overlap-K10/concentrated,4,1200,1200,128,0,1200,128,1.0,4096,0,128.0,0.0078125,0.17566029998124577,8192,8192,153600,0,1075200.0,256,0.0008348279159664518,0.01594091234437143,0.02256546092718936,1.0,0.05419921875,1,0,0
gated-pqt-M1024-f0.70,persistent-quantile-transport,LBQCD-C13-overlap-K10,overlap,concentrated,LBQCD-C13-overlap-K10/concentrated,5,1200,1200,128,0,1200,128,1.0,4096,0,128.0,0.0078125,0.1699369999987539,8192,8192,153600,0,1075200.0,256,0.0007533771243876108,0.014640418110068514,0.025048969933098783,1.0,0.03154296875000001,1,0,0
gated-pqt-M1024-f0.70,persistent-quantile-transport,LBQCD-C13-overlap-K10,overlap,concentrated,LBQCD-C13-overlap-K10/concentrated,6,1200,1200,128,0,1200,128,1.0,4096,0,128.0,0.0078125,0.15093390000401996,8192,8192,153600,0,1075200.0,256,0.00041246447878229286,0.023234274016607895,0.0307120165679347,1.0,0.04345703125,1,0,0
gated-pqt-M1024-f0.70,persistent-quantile-transport,LBQCD-C13-overlap-K10,overlap,concentrated,LBQCD-C13-overlap-K10/concentrated,7,1200,1200,128,0,1200,128,1.0,4096,0,128.0,0.0078125,0.1532551999844145,8192,8192,153600,0,1075200.0,256,0.00127753248501139,0.041883318845746045,0.04794863726997645,1.0,0.05224609375,1,0,0
gated-pqt-M1024-f0.70,persistent-quantile-transport,LBQCD-C13-overlap-K10,overlap,concentrated,LBQCD-C13-overlap-K10/concentrated,8,1200,1200,128,0,1200,128,1.0,4096,0,128.0,0.0078125,0.145570199994836,8192,8192,153600,0,1075200.0,256,0.0014257198991730613,0.011164561743121868,0.018436338242284012,1.0,0.02978515625,1,0,0
gated-pqt-M1024-f0.70,persistent-quantile-transport,LBQCD-C13-overlap-K10,overlap,concentrated,LBQCD-C13-overlap-K10/concentrated,9,1200,1200,128,0,1200,128,1.0,4096,0,128.0,0.0078125,0.20206989999860525,8192,8192,153600,0,1075200.0,256,0.0012659897278385346,0.03066160994934365,0.038099018671890486,1.0,0.04638671875,1,0,0
gated-pqt-M1024-f0.70,persistent-quantile-transport,LBQCD-C13-overlap-K10,overlap,concentrated,LBQCD-C13-overlap-K10/concentrated,10,1200,1200,128,0,1200,128,1.0,4096,0,128.0,0.0078125,0.1457669000083115,8192,8192,153600,0,1075200.0,256,0.000918826965198738,0.013409123224112909,0.022634163494477118,1.0,0.0283203125,1,0,0
gated-pqt-M1024-f0.70,persistent-quantile-transport,LBQCD-C13-overlap-K10,overlap,concentrated,LBQCD-C13-overlap-K10/concentrated,11,1200,1200,128,0,1200,128,1.0,4096,0,128.0,0.0078125,0.13597390000359155,8192,8192,153600,0,1075200.0,256,0.005778014108939189,0.031608358994770006,0.037305894940095334,1.0,0.03300781250000001,1,0,0
gated-pqt-M1024-f0.70,persistent-quantile-transport,LBQCD-C13-overlap-K10,overlap,concentrated,LBQCD-C13-overlap-K10/concentrated,12,1200,1200,128,0,1200,128,1.0,4096,0,128.0,0.0078125,0.16801580000901595,8192,8192,153600,0,1075200.0,256,0.0013759874461555244,0.029364227989754674,0.0336145792994775,1.0,0.03632812499999999,1,0,0
gated-pqt-M1024-f0.70,persistent-quantile-transport,LBQCD-C13-overlap-K10,overlap,concentrated,LBQCD-C13-overlap-K10/concentrated,13,1200,1200,128,0,1200,128,1.0,4096,0,128.0,0.0078125,0.17745010001817718,8192,8192,153600,0,1075200.0,256,0.0021378273313056306,0.01896693196275897,0.026098509935200773,1.0,0.0361328125,1,0,0
gated-pqt-M1024-f0.70,persistent-quantile-transport,LBQCD-C13-overlap-K10,overlap,concentrated,LBQCD-C13-overlap-K10/concentrated,14,1200,1200,128,0,1200,128,1.0,4096,0,128.0,0.0078125,0.1980555999907665,8192,8192,153600,0,1075200.0,256,0.0008294196968885448,0.02451036504670527,0.03151332057293967,1.0,0.02958984375000001,1,0,0
gated-pqt-M1024-f0.70,persistent-quantile-transport,LBQCD-C13-overlap-K10,overlap,concentrated,LBQCD-C13-overlap-K10/concentrated,15,1200,1200,128,0,1200,128,1.0,4096,0,128.0,0.0078125,0.20501770000555553,8192,8192,153600,0,1075200.0,256,0.0010770187345779947,0.026812338645378703,0.035104140994747186,1.0,0.03857421875,1,0,0
gated-pqt-M1024-f0.70,persistent-quantile-transport,LBQCD-C13-overlap-K10,overlap,concentrated,LBQCD-C13-overlap-K10/concentrated,16,1200,1200,128,0,1200,128,1.0,4096,0,128.0,0.0078125,0.14536530000623316,8192,8192,153600,0,1075200.0,256,0.0047006008333756455,0.023410921556969132,0.03037576035226082,1.0,0.03496093750000001,1,0,0
gated-pqt-M1024-f0.70,persistent-quantile-transport,LBQCD-C13-overlap-K10,overlap,concentrated,LBQCD-C13-overlap-K10/concentrated,17,1200,1200,128,0,1200,128,1.0,4096,0,128.0,0.0078125,0.13055309999617748,8192,8192,153600,0,1075200.0,256,0.000428464995039457,0.017947556724299703,0.026295463131274524,1.0,0.0341796875,1,0,0
gated-pqt-M1024-f0.70,persistent-quantile-transport,LBQCD-C13-overlap-K10,overlap,concentrated,LBQCD-C13-overlap-K10/concentrated,18,1200,1200,128,0,1200,128,1.0,4096,0,128.0,0.0078125,0.17027380000217818,8192,8192,153600,0,1075200.0,256,0.00037209599602316956,0.016765033494720912,0.025345412694704163,1.0,0.04638671875,1,0,0
gated-pqt-M1024-f0.70,persistent-quantile-transport,LBQCD-C13-overlap-K10,overlap,concentrated,LBQCD-C13-overlap-K10/concentrated,19,1200,1200,128,0,1200,128,1.0,4096,0,128.0,0.0078125,0.14253050001570955,8192,8192,153600,0,1075200.0,256,0.0009191684816375334,0.00924149305568492,0.015815148173905964,1.0,0.04150390625,1,0,0
gated-pqt-M1024-f0.70,persistent-quantile-transport,LBQCD-C13-overlap-K10,overlap,missing,LBQCD-C13-overlap-K10/missing,0,1200,1200,128,0,1200,128,1.0,4096,0,128.0,0.0078125,0.1500950999907218,8192,8192,153600,0,1075200.0,256,0.0022643856196462586,0.02663479050707781,0.03355196550564194,1.0,0.05048828124999999,50,0,0
gated-pqt-M1024-f0.70,persistent-quantile-transport,LBQCD-C13-overlap-K10,overlap,missing,LBQCD-C13-overlap-K10/missing,1,1200,1200,128,0,1200,128,1.0,4096,0,128.0,0.0078125,0.1590272999892477,8192,8192,153600,0,1075200.0,256,0.000530187082989797,0.022014725908742233,0.029125238835796652,1.0,0.025390625,50,0,0
gated-pqt-M1024-f0.70,persistent-quantile-transport,LBQCD-C13-overlap-K10,overlap,missing,LBQCD-C13-overlap-K10/missing,2,1200,1200,128,0,1200,128,1.0,4096,0,128.0,0.0078125,0.16506210001534782,8192,8192,153600,0,1075200.0,256,0.0015670312008638776,0.01939433054146365,0.02734975450234892,1.0,0.03251953125000001,50,0,0
gated-pqt-M1024-f0.70,persistent-quantile-transport,LBQCD-C13-overlap-K10,overlap,missing,LBQCD-C13-overlap-K10/missing,3,1200,1200,128,0,1200,128,1.0,4096,0,128.0,0.0078125,0.15445709999767132,8192,8192,153600,0,1075200.0,256,0.0018601943515654806,0.02985907362386499,0.03859638964142323,1.0,0.04833984375,50,0,0
gated-pqt-M1024-f0.70,persistent-quantile-transport,LBQCD-C13-overlap-K10,overlap,missing,LBQCD-C13-overlap-K10/missing,4,1200,1200,128,0,1200,128,1.0,4096,0,128.0,0.0078125,0.16810010001063347,8192,8192,153600,0,1075200.0,256,0.000871026966434485,0.020849733715543058,0.02675721804483051,1.0,0.03749999999999998,50,0,0
gated-pqt-M1024-f0.70,persistent-quantile-transport,LBQCD-C13-overlap-K10,overlap,missing,LBQCD-C13-overlap-K10/missing,5,1200,1200,128,0,1200,128,1.0,4096,0,128.0,0.0078125,0.13776290000532754,8192,8192,153600,0,1075200.0,256,0.001135099035106446,0.011041525209623175,0.025894551210250603,1.0,0.04248046875,50,0,0
gated-pqt-M1024-f0.70,persistent-quantile-transport,LBQCD-C13-overlap-K10,overlap,missing,LBQCD-C13-overlap-K10/missing,6,1200,1200,128,0,1200,128,1.0,4096,0,128.0,0.0078125,0.1520139000203926,8192,8192,153600,0,1075200.0,256,0.0026074969806284543,0.025252001177903605,0.0357411102707175,1.0,0.03935546875000001,50,0,0
gated-pqt-M1024-f0.70,persistent-quantile-transport,LBQCD-C13-overlap-K10,overlap,missing,LBQCD-C13-overlap-K10/missing,7,1200,1200,128,0,1200,128,1.0,4096,0,128.0,0.0078125,0.18610180000541732,8192,8192,153600,0,1075200.0,256,0.0012328919670155924,0.017332398005608395,0.027434922345739802,1.0,0.05732421874999999,1,0,0
gated-pqt-M1024-f0.70,persistent-quantile-transport,LBQCD-C13-overlap-K10,overlap,missing,LBQCD-C13-overlap-K10/missing,8,1200,1200,128,0,1200,128,1.0,4096,0,128.0,0.0078125,0.2070573999953922,8192,8192,153600,0,1075200.0,256,0.0007493584639243211,0.028091791108133767,0.03279713377451903,1.0,0.04082031250000001,50,0,0
gated-pqt-M1024-f0.70,persistent-quantile-transport,LBQCD-C13-overlap-K10,overlap,missing,LBQCD-C13-overlap-K10/missing,9,1200,1200,128,0,1200,128,1.0,4096,0,128.0,0.0078125,0.16193370000110008,8192,8192,153600,0,1075200.0,256,0.0005881702681370671,0.010861526667150845,0.01980993826848186,1.0,0.03300781250000001,50,0,0
gated-pqt-M1024-f0.70,persistent-quantile-transport,LBQCD-C13-overlap-K10,overlap,missing,LBQCD-C13-overlap-K10/missing,10,1200,1200,128,0,1200,128,1.0,4096,0,128.0,0.0078125,0.20504470000742003,8192,8192,153600,0,1075200.0,256,0.005492589479631715,0.02346409929595036,0.03154734970316187,1.0,0.03242187499999999,50,0,0
gated-pqt-M1024-f0.70,persistent-quantile-transport,LBQCD-C13-overlap-K10,overlap,missing,LBQCD-C13-overlap-K10/missing,11,1200,1200,128,0,1200,128,1.0,4096,0,128.0,0.0078125,0.14273300001514144,8192,8192,153600,0,1075200.0,256,0.001105554105894746,0.018905395650727484,0.0293724494675852,1.0,0.05732421874999999,50,0,0
gated-pqt-M1024-f0.70,persistent-quantile-transport,LBQCD-C13-overlap-K10,overlap,missing,LBQCD-C13-overlap-K10/missing,12,1200,1200,128,0,1200,128,1.0,4096,0,128.0,0.0078125,0.17387490000692196,8192,8192,153600,0,1075200.0,256,0.0011414482508214085,0.01058075366856797,0.02144011535799825,1.0,0.0380859375,50,0,0
gated-pqt-M1024-f0.70,persistent-quantile-transport,LBQCD-C13-overlap-K10,overlap,missing,LBQCD-C13-overlap-K10/missing,13,1200,1200,128,0,1200,128,1.0,4096,0,128.0,0.0078125,0.17002289998345077,8192,8192,153600,0,1075200.0,256,0.0006471832468862848,0.0289556033274608,0.03506661071375584,1.0,0.04619140625000001,50,0,0
gated-pqt-M1024-f0.70,persistent-quantile-transport,LBQCD-C13-overlap-K10,overlap,missing,LBQCD-C13-overlap-K10/missing,14,1200,1200,128,0,1200,128,1.0,4096,0,128.0,0.0078125,0.17584320000605658,8192,8192,153600,0,1075200.0,256,0.0002436247402346492,0.015017988332159614,0.02396481119876008,1.0,0.04169921874999999,50,0,0
gated-pqt-M1024-f0.70,persistent-quantile-transport,LBQCD-C13-overlap-K10,overlap,missing,LBQCD-C13-overlap-K10/missing,15,1200,1200,128,0,1200,128,1.0,4096,0,128.0,0.0078125,0.14482600000337698,8192,8192,153600,0,1075200.0,256,0.0018734638548152382,0.018974176353317003,0.026659852531376156,1.0,0.06591796875,50,0,0
gated-pqt-M1024-f0.70,persistent-quantile-transport,LBQCD-C13-overlap-K10,overlap,missing,LBQCD-C13-overlap-K10/missing,16,1200,1200,128,0,1200,128,1.0,4096,0,128.0,0.0078125,0.2053304000000935,8192,8192,153600,0,1075200.0,256,0.001330060753057527,0.014209199324155358,0.02212772117708764,1.0,0.04833984375,50,0,0
gated-pqt-M1024-f0.70,persistent-quantile-transport,LBQCD-C13-overlap-K10,overlap,missing,LBQCD-C13-overlap-K10/missing,17,1200,1200,128,0,1200,128,1.0,4096,0,128.0,0.0078125,0.1574615999998059,8192,8192,153600,0,1075200.0,256,0.0052427769770327926,0.013157423219693577,0.020056452295013055,1.0,0.02392578125,50,0,0
gated-pqt-M1024-f0.70,persistent-quantile-transport,LBQCD-C13-overlap-K10,overlap,missing,LBQCD-C13-overlap-K10/missing,18,1200,1200,128,0,1200,128,1.0,4096,0,128.0,0.0078125,0.156337300024461,8192,8192,153600,0,1075200.0,256,0.000737940592943187,0.009803496807176475,0.021499683397287556,1.0,0.02226562500000001,50,0,0
gated-pqt-M1024-f0.70,persistent-quantile-transport,LBQCD-C13-overlap-K10,overlap,missing,LBQCD-C13-overlap-K10/missing,19,1200,1200,128,0,1200,128,1.0,4096,0,128.0,0.0078125,0.18775709997862577,8192,8192,153600,0,1075200.0,256,0.0015549885812979891,0.014087229614501474,0.021631225524345227,1.0,0.0302734375,50,0,0
gated-pqt-M1024-f0.70,persistent-quantile-transport,LBQCD-C14-contaminated,contaminated,concentrated,LBQCD-C14-contaminated/concentrated,0,1200,1200,1024,840,360,128,1.0,4096,1,3.125,0.0078125,0.2713882999960333,8192,8192,906240,0,8924160.0,256,0.004096404197259762,0.07534853480683232,0.17571618211178203,0.9999999999999999,0.030535714285714256,50,0,0
gated-pqt-M1024-f0.70,persistent-quantile-transport,LBQCD-C14-contaminated,contaminated,concentrated,LBQCD-C14-contaminated/concentrated,1,1200,1200,1024,840,360,128,1.0,4096,1,2.3125,0.0078125,0.28605210001114756,8192,8192,906240,0,8924160.0,256,0.003822563607815299,0.07700864429150338,0.1732341037038463,0.9999999999999999,0.01847098214285716,50,0,0
gated-pqt-M1024-f0.70,persistent-quantile-transport,LBQCD-C14-contaminated,contaminated,concentrated,LBQCD-C14-contaminated/concentrated,2,1200,1200,1024,840,360,128,1.0,4096,1,2.5625,0.0078125,0.22273609999683686,8192,8192,906240,0,8924160.0,256,0.005079087513235381,0.07861831843747043,0.172062658011821,0.9999999999999999,0.021531808035714327,50,0,0
gated-pqt-M1024-f0.70,persistent-quantile-transport,LBQCD-C14-contaminated,contaminated,concentrated,LBQCD-C14-contaminated/concentrated,3,1200,1200,1024,840,360,128,1.0,4096,1,1.8125,0.0078125,0.2529860000067856,8192,8192,906240,0,8924160.0,256,0.01267789061012814,0.0828800969616242,0.2036962683515358,0.9999999999999999,0.03559709821428567,50,0,0
gated-pqt-M1024-f0.70,persistent-quantile-transport,LBQCD-C14-contaminated,contaminated,concentrated,LBQCD-C14-contaminated/concentrated,4,1200,1200,128,0,1200,128,1.0,4096,0,16.1875,0.0078125,0.13872819999232888,8192,8192,153600,0,1075200.0,256,0.008586577666332751,0.13222316919284538,0.24199666806186224,0.9849999999999999,0.04407645089285709,50,0,0
gated-pqt-M1024-f0.70,persistent-quantile-transport,LBQCD-C14-contaminated,contaminated,concentrated,LBQCD-C14-contaminated/concentrated,5,1200,1200,1024,840,360,128,1.0,4096,1,1.8125,0.0078125,0.25855879997834563,8192,8192,906240,0,8924160.0,256,0.0042076292949855265,0.07686801372778326,0.17553957288348,0.9999999999999999,0.04682756696428567,50,0,0
gated-pqt-M1024-f0.70,persistent-quantile-transport,LBQCD-C14-contaminated,contaminated,concentrated,LBQCD-C14-contaminated/concentrated,6,1200,1200,1024,840,360,128,1.0,4096,1,2.25,0.0078125,0.22483039999497123,8192,8192,906240,0,8924160.0,256,0.0042830485870835044,0.0768539295138252,0.22377905056893987,0.9999999999999999,0.02986886160714284,50,0,0
gated-pqt-M1024-f0.70,persistent-quantile-transport,LBQCD-C14-contaminated,contaminated,concentrated,LBQCD-C14-contaminated/concentrated,7,1200,1200,1024,840,360,128,1.0,4096,1,2.0625,0.0078125,0.23986140001215972,8192,8192,906240,0,8924160.0,256,0.006835122418174855,0.08686237440123203,0.1689683279491669,0.9999999999999999,0.05903459821428567,50,0,0
gated-pqt-M1024-f0.70,persistent-quantile-transport,LBQCD-C14-contaminated,contaminated,concentrated,LBQCD-C14-contaminated/concentrated,8,1200,1200,1024,840,360,128,1.0,4096,1,2.0625,0.0078125,0.2805196999979671,8192,8192,906240,0,8924160.0,256,0.006287996008355279,0.08967263931962353,0.1923642449063024,0.9999999999999999,0.049542410714285744,50,0,0
gated-pqt-M1024-f0.70,persistent-quantile-transport,LBQCD-C14-contaminated,contaminated,concentrated,LBQCD-C14-contaminated/concentrated,9,1200,1200,1024,840,360,128,1.0,4096,1,2.5,0.0078125,0.2847864999785088,8192,8192,906240,0,8924160.0,256,0.009984436758568194,0.08748434820882674,0.1812281425326084,0.9999999999999999,0.032000558035714256,50,0,0
gated-pqt-M1024-f0.70,persistent-quantile-transport,LBQCD-C14-contaminated,contaminated,concentrated,LBQCD-C14-contaminated/concentrated,10,1200,1200,1024,840,360,128,1.0,4096,1,2.25,0.0078125,0.2402711000177078,8192,8192,906240,0,8924160.0,256,0.0033722574555883345,0.07611908330245996,0.2017662178201806,0.9999999999999999,0.027784598214285673,50,0,0
gated-pqt-M1024-f0.70,persistent-quantile-transport,LBQCD-C14-contaminated,contaminated,concentrated,LBQCD-C14-contaminated/concentrated,11,1200,1200,1024,840,360,128,1.0,4096,1,2.375,0.0078125,0.2310134999861475,8192,8192,906240,0,8924160.0,256,0.0043661704059407835,0.08516110661037678,0.19365245220671973,0.9999999999999999,0.044171316964285744,50,0,0
gated-pqt-M1024-f0.70,persistent-quantile-transport,LBQCD-C14-contaminated,contaminated,concentrated,LBQCD-C14-contaminated/concentrated,12,1200,1200,1024,840,360,128,1.0,4096,1,1.625,0.0078125,0.21626290000858717,8192,8192,906240,0,8924160.0,256,0.0030671933325727707,0.11379364331782897,0.2273062567493907,0.9999999999999999,0.039324776785714256,50,0,0
gated-pqt-M1024-f0.70,persistent-quantile-transport,LBQCD-C14-contaminated,contaminated,concentrated,LBQCD-C14-contaminated/concentrated,13,1200,1200,1024,840,360,128,1.0,4096,1,1.9375,0.0078125,0.2732222000195179,8192,8192,906240,0,8924160.0,256,0.004760464928340147,0.0850229624099294,0.1798235159454499,0.9999999999999999,0.04975725446428567,50,0,0
gated-pqt-M1024-f0.70,persistent-quantile-transport,LBQCD-C14-contaminated,contaminated,concentrated,LBQCD-C14-contaminated/concentrated,14,1200,1200,1024,840,360,128,1.0,4096,1,1.875,0.0078125,0.22908889999962412,8192,8192,906240,0,8924160.0,256,0.004542725418166249,0.07326143128340938,0.16882314632168285,0.9999999999999999,0.036358816964285744,50,0,0
gated-pqt-M1024-f0.70,persistent-quantile-transport,LBQCD-C14-contaminated,contaminated,concentrated,LBQCD-C14-contaminated/concentrated,15,1200,1200,1024,840,360,128,1.0,4096,1,2.1875,0.0078125,0.264145399996778,8192,8192,906240,0,8924160.0,256,0.003205017188799175,0.1051333104053661,0.20273179906733754,0.9999999999999999,0.07612444196428567,50,0,0
gated-pqt-M1024-f0.70,persistent-quantile-transport,LBQCD-C14-contaminated,contaminated,concentrated,LBQCD-C14-contaminated/concentrated,16,1200,1200,1024,840,360,128,1.0,4096,1,1.8125,0.0078125,0.2958632000081707,8192,8192,906240,0,8924160.0,256,0.0036005125780960157,0.08385906356732038,0.1988604323189585,0.9999999999999999,0.01944754464285716,50,0,0
gated-pqt-M1024-f0.70,persistent-quantile-transport,LBQCD-C14-contaminated,contaminated,concentrated,LBQCD-C14-contaminated/concentrated,17,1200,1200,1024,840,360,128,1.0,4096,1,1.625,0.0078125,0.2552193999872543,8192,8192,906240,0,8924160.0,256,0.003819407313299994,0.0816148634101541,0.1859698705759861,0.9999999999999999,0.029522879464285744,50,0,0
gated-pqt-M1024-f0.70,persistent-quantile-transport,LBQCD-C14-contaminated,contaminated,concentrated,LBQCD-C14-contaminated/concentrated,18,1200,1200,1024,840,360,128,1.0,4096,1,2.25,0.0078125,0.2377416999952402,8192,8192,906240,0,8924160.0,256,0.0033912372603372987,0.08775433749296417,0.2029142313043461,0.9999999999999999,0.014601004464285675,50,0,0
gated-pqt-M1024-f0.70,persistent-quantile-transport,LBQCD-C14-contaminated,contaminated,concentrated,LBQCD-C14-contaminated/concentrated,19,1200,1200,1024,840,360,128,1.0,4096,1,1.875,0.0078125,0.2964673000096809,8192,8192,906240,0,8924160.0,256,0.0034789507454890956,0.09328405999558428,0.20221149086229406,0.9999999999999999,0.031512276785714256,50,0,0
gated-pqt-M1024-f0.70,persistent-quantile-transport,LBQCD-C14-contaminated,contaminated,missing,LBQCD-C14-contaminated/missing,0,1200,1200,1024,840,360,128,1.0,4096,1,2.0,0.0078125,0.21517129999119788,8192,8192,906240,0,8924160.0,256,0.008937807024835598,0.07687531603278548,0.17537873428377898,0.9999999999999999,0.029344308035714327,50,0,0
gated-pqt-M1024-f0.70,persistent-quantile-transport,LBQCD-C14-contaminated,contaminated,missing,LBQCD-C14-contaminated/missing,1,1200,1200,1024,840,360,128,1.0,4096,1,2.3125,0.0078125,0.219049500010442,8192,8192,906240,0,8924160.0,256,0.0025626600874608663,0.08088972349633057,0.1765873810461713,0.9999999999999999,0.02628348214285716,50,0,0
gated-pqt-M1024-f0.70,persistent-quantile-transport,LBQCD-C14-contaminated,contaminated,missing,LBQCD-C14-contaminated/missing,2,1200,1200,1024,840,360,128,1.0,4096,1,1.8125,0.0078125,0.2198396000021603,8192,8192,906240,0,8924160.0,256,0.01549290184544394,0.09485658778551755,0.19300877717165113,0.9999999999999999,0.050555245535714256,50,0,0
gated-pqt-M1024-f0.70,persistent-quantile-transport,LBQCD-C14-contaminated,contaminated,missing,LBQCD-C14-contaminated/missing,3,1200,1200,1024,840,360,128,1.0,4096,1,2.5,0.0078125,0.24374840001109987,8192,8192,906240,0,8924160.0,256,0.0031199795746243986,0.07168679232546352,0.15502713615232652,0.9999999999999999,0.018292410714285744,50,0,0
gated-pqt-M1024-f0.70,persistent-quantile-transport,LBQCD-C14-contaminated,contaminated,missing,LBQCD-C14-contaminated/missing,4,1200,1200,1024,840,360,128,1.0,4096,1,2.25,0.0078125,0.26579010000568815,8192,8192,906240,0,8924160.0,256,0.008604933881018129,0.09717231667765452,0.19899150640676266,0.9999999999999999,0.03852678571428567,50,0,0
gated-pqt-M1024-f0.70,persistent-quantile-transport,LBQCD-C14-contaminated,contaminated,missing,LBQCD-C14-contaminated/missing,5,1200,1200,1024,840,360,128,1.0,4096,1,2.0,0.0078125,0.244625499995891,8192,8192,906240,0,8924160.0,256,0.005346906522563533,0.0949812482343089,0.22081195418229,0.9999999999999999,0.03475167410714284,50,0,0
gated-pqt-M1024-f0.70,persistent-quantile-transport,LBQCD-C14-contaminated,contaminated,missing,LBQCD-C14-contaminated/missing,6,1200,1200,1024,840,360,128,1.0,4096,1,1.8125,0.0078125,0.28583399998024106,8192,8192,906240,0,8924160.0,256,0.0036451722003894016,0.08071197625099402,0.19304772920839228,0.9999999999999999,0.03178571428571433,50,0,0
gated-pqt-M1024-f0.70,persistent-quantile-transport,LBQCD-C14-contaminated,contaminated,missing,LBQCD-C14-contaminated/missing,7,1200,1200,1024,840,360,128,1.0,4096,1,2.3125,0.0078125,0.22910980001324788,8192,8192,906240,0,8924160.0,256,0.0027082308316259684,0.09911093419990426,0.2158190265319298,0.9999999999999999,0.046612723214285744,50,0,0
gated-pqt-M1024-f0.70,persistent-quantile-transport,LBQCD-C14-contaminated,contaminated,missing,LBQCD-C14-contaminated/missing,8,1200,1200,1024,840,360,128,1.0,4096,1,2.0625,0.0078125,0.26449300002423115,8192,8192,906240,0,8924160.0,256,0.0034407495547945643,0.08413297187953289,0.1775542244786739,0.9999999999999999,0.03227399553571433,50,0,0
gated-pqt-M1024-f0.70,persistent-quantile-transport,LBQCD-C14-contaminated,contaminated,missing,LBQCD-C14-contaminated/missing,9,1200,1200,1024,840,360,128,1.0,4096,1,2.75,0.0078125,0.2921522999822628,8192,8192,906240,0,8924160.0,256,0.004780393515729564,0.08316700486203124,0.18344682854446775,0.9999999999999999,0.03227399553571433,50,0,0
gated-pqt-M1024-f0.70,persistent-quantile-transport,LBQCD-C14-contaminated,contaminated,missing,LBQCD-C14-contaminated/missing,10,1200,1200,1024,840,360,128,1.0,4096,1,2.0,0.0078125,0.27727399999275804,8192,8192,906240,0,8924160.0,256,0.009023484716855101,0.10347762982502372,0.21042914941259916,0.9999999999999999,0.04190848214285716,50,0,0
gated-pqt-M1024-f0.70,persistent-quantile-transport,LBQCD-C14-contaminated,contaminated,missing,LBQCD-C14-contaminated/missing,11,1200,1200,1024,840,360,128,1.0,4096,1,2.125,0.0078125,0.21995649999007583,8192,8192,906240,0,8924160.0,256,0.0038285801749586845,0.0777090256002493,0.16509063407539937,0.9999999999999999,0.03169084821428567,50,0,0
gated-pqt-M1024-f0.70,persistent-quantile-transport,LBQCD-C14-contaminated,contaminated,missing,LBQCD-C14-contaminated/missing,12,1200,1200,1024,840,360,128,1.0,4096,1,2.0625,0.0078125,0.24930130000575446,8192,8192,906240,0,8924160.0,256,0.006576599127066762,0.08592496237721003,0.17368713109393594,0.9999999999999999,0.030499441964285744,50,0,0
gated-pqt-M1024-f0.70,persistent-quantile-transport,LBQCD-C14-contaminated,contaminated,missing,LBQCD-C14-contaminated/missing,13,1200,1200,1024,840,360,128,1.0,4096,1,2.375,0.0078125,0.23619170000893064,8192,8192,906240,0,8924160.0,256,0.00602083569286016,0.09601921229476544,0.20915928986241517,0.9999999999999999,0.05424665178571433,50,0,0
gated-pqt-M1024-f0.70,persistent-quantile-transport,LBQCD-C14-contaminated,contaminated,missing,LBQCD-C14-contaminated/missing,14,1200,1200,1024,840,360,128,1.0,4096,1,1.9375,0.0078125,0.2563631000230089,8192,8192,906240,0,8924160.0,256,0.010590933042631479,0.07966483007956955,0.17508205647340402,0.9999999999999999,0.025164620535714256,50,0,0
gated-pqt-M1024-f0.70,persistent-quantile-transport,LBQCD-C14-contaminated,contaminated,missing,LBQCD-C14-contaminated/missing,15,1200,1200,1024,840,360,128,1.0,4096,1,2.25,0.0078125,0.269962399994256,8192,8192,906240,0,8924160.0,256,0.0034455427873034683,0.07179816492013387,0.1650337104923871,0.9999999999999999,0.031512276785714256,50,0,0
gated-pqt-M1024-f0.70,persistent-quantile-transport,LBQCD-C14-contaminated,contaminated,missing,LBQCD-C14-contaminated/missing,16,1200,1200,1024,840,360,128,1.0,4096,1,2.375,0.0078125,0.2502354000171181,8192,8192,906240,0,8924160.0,256,0.004130204717356811,0.08046707015597056,0.1853771001126931,0.9999999999999999,0.02254464285714284,50,0,0
gated-pqt-M1024-f0.70,persistent-quantile-transport,LBQCD-C14-contaminated,contaminated,missing,LBQCD-C14-contaminated/missing,17,1200,1200,1024,840,360,128,1.0,4096,1,2.3125,0.0078125,0.2708291999879293,8192,8192,906240,0,8924160.0,256,0.008389707289969905,0.07953004032350856,0.18259905956653216,0.9999999999999999,0.025831473214285673,50,0,0
gated-pqt-M1024-f0.70,persistent-quantile-transport,LBQCD-C14-contaminated,contaminated,missing,LBQCD-C14-contaminated/missing,18,1200,1200,128,0,1200,128,1.0,4096,0,16.5625,0.0078125,0.17238080000970513,8192,8192,153600,0,1075200.0,256,0.007504578257073291,0.12981995990203835,0.2323394248390811,0.9849999999999999,0.03706194196428567,50,0,0
gated-pqt-M1024-f0.70,persistent-quantile-transport,LBQCD-C14-contaminated,contaminated,missing,LBQCD-C14-contaminated/missing,19,1200,1200,1024,840,360,128,1.0,4096,1,2.1875,0.0078125,0.2311473999870941,8192,8192,906240,0,8924160.0,256,0.0038916756607059177,0.07943396371764509,0.1802669377843122,0.9999999999999999,0.03186941964285709,50,0,0
gated-pqt-M1024-f0.70,persistent-quantile-transport,LBQCD-C15-heavy-t3p5,heavy-tail,concentrated,LBQCD-C15-heavy-t3p5/concentrated,0,1200,1200,128,0,1200,128,1.0,4096,0,128.0,0.0078125,0.12745010000071488,8192,8192,153600,0,1075200.0,256,0.0013601114317163265,0.02302430886165125,0.22756085474990945,1.0,0.0,1,0,0
gated-pqt-M1024-f0.70,persistent-quantile-transport,LBQCD-C15-heavy-t3p5,heavy-tail,concentrated,LBQCD-C15-heavy-t3p5/concentrated,1,1200,1200,128,0,1200,128,1.0,4096,0,128.0,0.0078125,0.13626639998983592,8192,8192,153600,0,1075200.0,256,0.005758605319547971,0.019758041437085733,0.4083662618318204,1.0,0.0,1,0,0
gated-pqt-M1024-f0.70,persistent-quantile-transport,LBQCD-C15-heavy-t3p5,heavy-tail,concentrated,LBQCD-C15-heavy-t3p5/concentrated,2,1200,1200,128,0,1200,128,1.0,4096,0,128.0,0.0078125,0.10665679999510758,8192,8192,153600,0,1075200.0,256,0.00188713388225481,0.037379405683443834,0.24742334319539122,1.0,0.0,1,0,0
gated-pqt-M1024-f0.70,persistent-quantile-transport,LBQCD-C15-heavy-t3p5,heavy-tail,concentrated,LBQCD-C15-heavy-t3p5/concentrated,3,1200,1200,128,0,1200,128,1.0,4096,0,128.0,0.0078125,0.1433207000081893,8192,8192,153600,0,1075200.0,256,0.0012353461530107968,0.03583574024945308,0.24833822592273394,1.0,0.0,1,0,0
gated-pqt-M1024-f0.70,persistent-quantile-transport,LBQCD-C15-heavy-t3p5,heavy-tail,concentrated,LBQCD-C15-heavy-t3p5/concentrated,4,1200,1200,128,0,1200,128,1.0,4096,0,128.0,0.0078125,0.14889969999785535,8192,8192,153600,0,1075200.0,256,0.0029946481055498353,0.032957990806876246,0.23739054489440284,1.0,0.0,1,0,0
gated-pqt-M1024-f0.70,persistent-quantile-transport,LBQCD-C15-heavy-t3p5,heavy-tail,concentrated,LBQCD-C15-heavy-t3p5/concentrated,5,1200,1200,128,0,1200,128,1.0,4096,0,128.0,0.0078125,0.11006439998163842,8192,8192,153600,0,1075200.0,256,0.003736605634715895,0.05771684931729378,0.3894597754389385,1.0,0.0,1,0,0
gated-pqt-M1024-f0.70,persistent-quantile-transport,LBQCD-C15-heavy-t3p5,heavy-tail,concentrated,LBQCD-C15-heavy-t3p5/concentrated,6,1200,1200,128,0,1200,128,1.0,4096,0,128.0,0.0078125,0.14922890000161715,8192,8192,153600,0,1075200.0,256,0.002051913318973364,0.04744835133160295,0.3102411048256779,1.0,0.0,1,0,0
gated-pqt-M1024-f0.70,persistent-quantile-transport,LBQCD-C15-heavy-t3p5,heavy-tail,concentrated,LBQCD-C15-heavy-t3p5/concentrated,7,1200,1200,128,0,1200,128,1.0,4096,0,128.0,0.0078125,0.10091870001633652,8192,8192,153600,0,1075200.0,256,0.0035453746672184927,0.044838798611799895,0.18209044617420897,1.0,0.0,1,0,0
gated-pqt-M1024-f0.70,persistent-quantile-transport,LBQCD-C15-heavy-t3p5,heavy-tail,concentrated,LBQCD-C15-heavy-t3p5/concentrated,8,1200,1200,128,0,1200,128,1.0,4096,0,128.0,0.0078125,0.1402541999996174,8192,8192,153600,0,1075200.0,256,0.002088933973537266,0.05723904608857178,0.2154365173736609,1.0,0.0,1,0,0
gated-pqt-M1024-f0.70,persistent-quantile-transport,LBQCD-C15-heavy-t3p5,heavy-tail,concentrated,LBQCD-C15-heavy-t3p5/concentrated,9,1200,1200,128,0,1200,128,1.0,4096,0,128.0,0.0078125,0.11990019999211654,8192,8192,153600,0,1075200.0,256,0.0016809735079199584,0.049617914379125105,0.3289855630651099,1.0,0.0,1,0,0
gated-pqt-M1024-f0.70,persistent-quantile-transport,LBQCD-C15-heavy-t3p5,heavy-tail,concentrated,LBQCD-C15-heavy-t3p5/concentrated,10,1200,1200,128,0,1200,128,1.0,4096,0,128.0,0.0078125,0.1301026000001002,8192,8192,153600,0,1075200.0,256,0.002236832025692914,0.029222787532648915,0.26433932921734843,1.0,0.0,1,0,0
gated-pqt-M1024-f0.70,persistent-quantile-transport,LBQCD-C15-heavy-t3p5,heavy-tail,concentrated,LBQCD-C15-heavy-t3p5/concentrated,11,1200,1200,128,0,1200,128,1.0,4096,0,128.0,0.0078125,0.14601549998042174,8192,8192,153600,0,1075200.0,256,0.0010374030627009478,0.025282011753980465,0.16788417285380716,1.0,0.0,1,0,0
gated-pqt-M1024-f0.70,persistent-quantile-transport,LBQCD-C15-heavy-t3p5,heavy-tail,concentrated,LBQCD-C15-heavy-t3p5/concentrated,12,1200,1200,128,0,1200,128,1.0,4096,0,128.0,0.0078125,0.130713199992897,8192,8192,153600,0,1075200.0,256,0.001278546526438884,0.05630155303991685,0.2850063585879432,1.0,0.0,1,0,0
gated-pqt-M1024-f0.70,persistent-quantile-transport,LBQCD-C15-heavy-t3p5,heavy-tail,concentrated,LBQCD-C15-heavy-t3p5/concentrated,13,1200,1200,128,0,1200,128,1.0,4096,0,128.0,0.0078125,0.12287960000685416,8192,8192,153600,0,1075200.0,256,0.003245892492999669,0.03480040399106476,0.592659590595204,1.0,0.0,1,0,0
gated-pqt-M1024-f0.70,persistent-quantile-transport,LBQCD-C15-heavy-t3p5,heavy-tail,concentrated,LBQCD-C15-heavy-t3p5/concentrated,14,1200,1200,128,0,1200,128,1.0,4096,0,128.0,0.0078125,0.12883750000037253,8192,8192,153600,0,1075200.0,256,0.0028178827929532524,0.043556301847266866,0.49489241095487074,1.0,0.0,1,0,0
gated-pqt-M1024-f0.70,persistent-quantile-transport,LBQCD-C15-heavy-t3p5,heavy-tail,concentrated,LBQCD-C15-heavy-t3p5/concentrated,15,1200,1200,128,0,1200,128,1.0,4096,0,128.0,0.0078125,0.12628830000176094,8192,8192,153600,0,1075200.0,256,0.004230671183652612,0.057316050283190485,0.24900309323184486,1.0,0.0,1,0,0
gated-pqt-M1024-f0.70,persistent-quantile-transport,LBQCD-C15-heavy-t3p5,heavy-tail,concentrated,LBQCD-C15-heavy-t3p5/concentrated,16,1200,1200,128,0,1200,128,1.0,4096,0,128.0,0.0078125,0.15640559999155812,8192,8192,153600,0,1075200.0,256,0.0011169976032607831,0.017257405516366384,0.3964914582371856,1.0,0.0,1,0,0
gated-pqt-M1024-f0.70,persistent-quantile-transport,LBQCD-C15-heavy-t3p5,heavy-tail,concentrated,LBQCD-C15-heavy-t3p5/concentrated,17,1200,1200,128,0,1200,128,1.0,4096,0,128.0,0.0078125,0.10798020000220276,8192,8192,153600,0,1075200.0,256,0.0007631321460790375,0.02448805250831562,0.21451199759536105,1.0,0.0,1,0,0
gated-pqt-M1024-f0.70,persistent-quantile-transport,LBQCD-C15-heavy-t3p5,heavy-tail,concentrated,LBQCD-C15-heavy-t3p5/concentrated,18,1200,1200,128,0,1200,128,1.0,4096,0,128.0,0.0078125,0.14971229998627678,8192,8192,153600,0,1075200.0,256,0.003541377175459992,0.020006260399356594,0.38601436852208865,1.0,0.0,1,0,0
gated-pqt-M1024-f0.70,persistent-quantile-transport,LBQCD-C15-heavy-t3p5,heavy-tail,concentrated,LBQCD-C15-heavy-t3p5/concentrated,19,1200,1200,128,0,1200,128,1.0,4096,0,128.0,0.0078125,0.13985569999204017,8192,8192,153600,0,1075200.0,256,0.006808584288816588,0.04173265466527651,0.2154503137904374,1.0,0.0,1,0,0
gated-pqt-M1024-f0.70,persistent-quantile-transport,LBQCD-C15-heavy-t3p5,heavy-tail,missing,LBQCD-C15-heavy-t3p5/missing,0,1200,1200,128,0,1200,128,1.0,4096,0,128.0,0.0078125,0.1238176999904681,8192,8192,153600,0,1075200.0,256,0.0016893266971125254,0.039785295553150156,0.20407495744360005,1.0,0.0,1,0,0
gated-pqt-M1024-f0.70,persistent-quantile-transport,LBQCD-C15-heavy-t3p5,heavy-tail,missing,LBQCD-C15-heavy-t3p5/missing,1,1200,1200,128,0,1200,128,1.0,4096,0,128.0,0.0078125,0.16854699997929856,8192,8192,153600,0,1075200.0,256,0.0011642780437297606,0.03999450655225098,0.33995528181232254,1.0,0.0,1,0,0
gated-pqt-M1024-f0.70,persistent-quantile-transport,LBQCD-C15-heavy-t3p5,heavy-tail,missing,LBQCD-C15-heavy-t3p5/missing,2,1200,1200,128,0,1200,128,1.0,4096,0,128.0,0.0078125,0.09667940001236275,8192,8192,153600,0,1075200.0,256,0.0034837686245206,0.03187729470636778,0.26122916172054883,1.0,0.0,1,0,0
gated-pqt-M1024-f0.70,persistent-quantile-transport,LBQCD-C15-heavy-t3p5,heavy-tail,missing,LBQCD-C15-heavy-t3p5/missing,3,1200,1200,128,0,1200,128,1.0,4096,0,128.0,0.0078125,0.09941860000253655,8192,8192,153600,0,1075200.0,256,0.0013874012003156633,0.041337906696887326,0.2717510625506839,1.0,0.0,1,0,0
gated-pqt-M1024-f0.70,persistent-quantile-transport,LBQCD-C15-heavy-t3p5,heavy-tail,missing,LBQCD-C15-heavy-t3p5/missing,4,1200,1200,128,0,1200,128,1.0,4096,0,128.0,0.0078125,0.1054817000112962,8192,8192,153600,0,1075200.0,256,0.0020549379860572703,0.02926749771124308,0.42718302989494095,1.0,0.0,1,0,0
gated-pqt-M1024-f0.70,persistent-quantile-transport,LBQCD-C15-heavy-t3p5,heavy-tail,missing,LBQCD-C15-heavy-t3p5/missing,5,1200,1200,128,0,1200,128,1.0,4096,0,128.0,0.0078125,0.13035180000588298,8192,8192,153600,0,1075200.0,256,0.0028503318446899684,0.028284085963695835,1.1281696314596978,1.0,0.0,1,0,0
gated-pqt-M1024-f0.70,persistent-quantile-transport,LBQCD-C15-heavy-t3p5,heavy-tail,missing,LBQCD-C15-heavy-t3p5/missing,6,1200,1200,128,0,1200,128,1.0,4096,0,128.0,0.0078125,0.12273450000793673,8192,8192,153600,0,1075200.0,256,0.0013935232120056984,0.04260762462783018,0.3171235749012393,1.0,0.0,1,0,0
gated-pqt-M1024-f0.70,persistent-quantile-transport,LBQCD-C15-heavy-t3p5,heavy-tail,missing,LBQCD-C15-heavy-t3p5/missing,7,1200,1200,128,0,1200,128,1.0,4096,0,128.0,0.0078125,0.14716120000230148,8192,8192,153600,0,1075200.0,256,0.0019021418178002403,0.03696136419254857,0.2479849196031519,1.0,0.0,1,0,0
gated-pqt-M1024-f0.70,persistent-quantile-transport,LBQCD-C15-heavy-t3p5,heavy-tail,missing,LBQCD-C15-heavy-t3p5/missing,8,1200,1200,128,0,1200,128,1.0,4096,0,128.0,0.0078125,0.13240530001348816,8192,8192,153600,0,1075200.0,256,0.0019774594207264684,0.02734991545001199,0.3852978846032744,1.0,0.0,1,0,0
gated-pqt-M1024-f0.70,persistent-quantile-transport,LBQCD-C15-heavy-t3p5,heavy-tail,missing,LBQCD-C15-heavy-t3p5/missing,9,1200,1200,128,0,1200,128,1.0,4096,0,128.0,0.0078125,0.1360815000080038,8192,8192,153600,0,1075200.0,256,0.004788385394141503,0.0433453743371738,0.27988105609766717,1.0,0.0,1,0,0
gated-pqt-M1024-f0.70,persistent-quantile-transport,LBQCD-C15-heavy-t3p5,heavy-tail,missing,LBQCD-C15-heavy-t3p5/missing,10,1200,1200,128,0,1200,128,1.0,4096,0,128.0,0.0078125,0.09695840001222678,8192,8192,153600,0,1075200.0,256,0.001974940991495089,0.028488068402700472,0.3105145398376629,1.0,0.0,1,0,0
gated-pqt-M1024-f0.70,persistent-quantile-transport,LBQCD-C15-heavy-t3p5,heavy-tail,missing,LBQCD-C15-heavy-t3p5/missing,11,1200,1200,128,0,1200,128,1.0,4096,0,128.0,0.0078125,0.1430813000188209,8192,8192,153600,0,1075200.0,256,0.001178754850386765,0.03218781061148284,0.24866963292217967,1.0,0.0,1,0,0
gated-pqt-M1024-f0.70,persistent-quantile-transport,LBQCD-C15-heavy-t3p5,heavy-tail,missing,LBQCD-C15-heavy-t3p5/missing,12,1200,1200,128,0,1200,128,1.0,4096,0,128.0,0.0078125,0.1215931000187993,8192,8192,153600,0,1075200.0,256,0.0026039396359487377,0.040847624327960914,0.2055120485668031,1.0,0.0,1,0,0
gated-pqt-M1024-f0.70,persistent-quantile-transport,LBQCD-C15-heavy-t3p5,heavy-tail,missing,LBQCD-C15-heavy-t3p5/missing,13,1200,1200,128,0,1200,128,1.0,4096,0,128.0,0.0078125,0.1362255000276491,8192,8192,153600,0,1075200.0,256,0.0011581792446018202,0.034081409478982055,0.315390935366671,1.0,0.0,1,0,0
gated-pqt-M1024-f0.70,persistent-quantile-transport,LBQCD-C15-heavy-t3p5,heavy-tail,missing,LBQCD-C15-heavy-t3p5/missing,14,1200,1200,128,0,1200,128,1.0,4096,0,128.0,0.0078125,0.1284116000169888,8192,8192,153600,0,1075200.0,256,0.00408895127009945,0.03417869319071718,0.2394813530809767,1.0,0.0,1,0,0
gated-pqt-M1024-f0.70,persistent-quantile-transport,LBQCD-C15-heavy-t3p5,heavy-tail,missing,LBQCD-C15-heavy-t3p5/missing,15,1200,1200,128,0,1200,128,1.0,4096,0,128.0,0.0078125,0.134857800003374,8192,8192,153600,0,1075200.0,256,0.001150315104303079,0.023941256279161428,0.2504889814132367,1.0,0.0,1,0,0
gated-pqt-M1024-f0.70,persistent-quantile-transport,LBQCD-C15-heavy-t3p5,heavy-tail,missing,LBQCD-C15-heavy-t3p5/missing,16,1200,1200,128,0,1200,128,1.0,4096,0,128.0,0.0078125,0.12746360001619905,8192,8192,153600,0,1075200.0,256,0.005139280768209797,0.04937972436902656,0.28271766889522487,1.0,0.0,1,0,0
gated-pqt-M1024-f0.70,persistent-quantile-transport,LBQCD-C15-heavy-t3p5,heavy-tail,missing,LBQCD-C15-heavy-t3p5/missing,17,1200,1200,128,0,1200,128,1.0,4096,0,128.0,0.0078125,0.1570349000103306,8192,8192,153600,0,1075200.0,256,0.0017335983162454216,0.02794162803166986,0.4780279786213951,1.0,0.0,1,0,0
gated-pqt-M1024-f0.70,persistent-quantile-transport,LBQCD-C15-heavy-t3p5,heavy-tail,missing,LBQCD-C15-heavy-t3p5/missing,18,1200,1200,128,0,1200,128,1.0,4096,0,128.0,0.0078125,0.12074459998984821,8192,8192,153600,0,1075200.0,256,0.0010271986804388789,0.04451866839262857,0.24566624714525104,1.0,0.0,1,0,0
gated-pqt-M1024-f0.70,persistent-quantile-transport,LBQCD-C15-heavy-t3p5,heavy-tail,missing,LBQCD-C15-heavy-t3p5/missing,19,1200,1200,128,0,1200,128,1.0,4096,0,128.0,0.0078125,0.14429530000779778,8192,8192,153600,0,1075200.0,256,0.0027085533905741865,0.04065544434268331,0.25388160335857574,1.0,0.0,1,0,0
gated-pqt-M1024-f0.70,persistent-quantile-transport,LBQCD-C16-connected-normal,connected,concentrated,LBQCD-C16-connected-normal/concentrated,0,1200,1200,128,0,1200,128,1.0,4096,0,128.0,0.0078125,0.16975339999771677,8192,8192,153600,0,1075200.0,256,0.0020136892505400183,0.04265967248801001,0.06450475902025507,1.0,0.0,1,0,0
gated-pqt-M1024-f0.70,persistent-quantile-transport,LBQCD-C16-connected-normal,connected,concentrated,LBQCD-C16-connected-normal/concentrated,1,1200,1200,128,0,1200,128,1.0,4096,0,128.0,0.0078125,0.14274050001404248,8192,8192,153600,0,1075200.0,256,0.0032431556715271093,0.028014570177390813,0.06477297309024846,1.0,0.0,1,0,0
gated-pqt-M1024-f0.70,persistent-quantile-transport,LBQCD-C16-connected-normal,connected,concentrated,LBQCD-C16-connected-normal/concentrated,2,1200,1200,128,0,1200,128,1.0,4096,0,128.0,0.0078125,0.14037950002239086,8192,8192,153600,0,1075200.0,256,0.001787339813681399,0.029734122111207205,0.06348238802135137,1.0,0.0,1,0,0
gated-pqt-M1024-f0.70,persistent-quantile-transport,LBQCD-C16-connected-normal,connected,concentrated,LBQCD-C16-connected-normal/concentrated,3,1200,1200,128,0,1200,128,1.0,4096,0,128.0,0.0078125,0.14701010001590475,8192,8192,153600,0,1075200.0,256,0.001636449082890401,0.016402768916578048,0.05551154627114949,1.0,0.0,1,0,0
gated-pqt-M1024-f0.70,persistent-quantile-transport,LBQCD-C16-connected-normal,connected,concentrated,LBQCD-C16-connected-normal/concentrated,4,1200,1200,128,0,1200,128,1.0,4096,0,128.0,0.0078125,0.15328880000743084,8192,8192,153600,0,1075200.0,256,0.0007093803122990572,0.025044468787629493,0.06384907513483537,1.0,0.0,1,0,0
gated-pqt-M1024-f0.70,persistent-quantile-transport,LBQCD-C16-connected-normal,connected,concentrated,LBQCD-C16-connected-normal/concentrated,5,1200,1200,128,0,1200,128,1.0,4096,0,128.0,0.0078125,0.14460629998939112,8192,8192,153600,0,1075200.0,256,0.00939242307446575,0.036383294400176056,0.0691906755588925,1.0,0.0,1,0,0
gated-pqt-M1024-f0.70,persistent-quantile-transport,LBQCD-C16-connected-normal,connected,concentrated,LBQCD-C16-connected-normal/concentrated,6,1200,1200,128,0,1200,128,1.0,4096,0,128.0,0.0078125,0.2101703000080306,8192,8192,153600,0,1075200.0,256,0.0012839654991030347,0.021672285434969466,0.05222237588026879,1.0,0.0,1,0,0
gated-pqt-M1024-f0.70,persistent-quantile-transport,LBQCD-C16-connected-normal,connected,concentrated,LBQCD-C16-connected-normal/concentrated,7,1200,1200,128,0,1200,128,1.0,4096,0,128.0,0.0078125,0.18144859999301843,8192,8192,153600,0,1075200.0,256,0.0013997595151984399,0.02385982896438236,0.057278871030999004,1.0,0.0,1,0,0
gated-pqt-M1024-f0.70,persistent-quantile-transport,LBQCD-C16-connected-normal,connected,concentrated,LBQCD-C16-connected-normal/concentrated,8,1200,1200,128,0,1200,128,1.0,4096,0,128.0,0.0078125,0.14880510000512004,8192,8192,153600,0,1075200.0,256,0.001976787192439655,0.028166129712977335,0.067525373909077,1.0,0.0,1,0,0
gated-pqt-M1024-f0.70,persistent-quantile-transport,LBQCD-C16-connected-normal,connected,concentrated,LBQCD-C16-connected-normal/concentrated,9,1200,1200,128,0,1200,128,1.0,4096,0,128.0,0.0078125,0.12525799998547882,8192,8192,153600,0,1075200.0,256,0.0032410419582369343,0.03439148739418558,0.07535135963285519,1.0,0.0,1,0,0
gated-pqt-M1024-f0.70,persistent-quantile-transport,LBQCD-C16-connected-normal,connected,concentrated,LBQCD-C16-connected-normal/concentrated,10,1200,1200,128,0,1200,128,1.0,4096,0,128.0,0.0078125,0.1792047999915667,8192,8192,153600,0,1075200.0,256,0.004681963676191003,0.02423945733823187,0.05551911926076745,1.0,0.0,1,0,0
gated-pqt-M1024-f0.70,persistent-quantile-transport,LBQCD-C16-connected-normal,connected,concentrated,LBQCD-C16-connected-normal/concentrated,11,1200,1200,128,0,1200,128,1.0,4096,0,128.0,0.0078125,0.16410759999416769,8192,8192,153600,0,1075200.0,256,0.0018881363081058034,0.034786139915436616,0.06840785174150953,1.0,0.0,1,0,0
gated-pqt-M1024-f0.70,persistent-quantile-transport,LBQCD-C16-connected-normal,connected,concentrated,LBQCD-C16-connected-normal/concentrated,12,1200,1200,128,0,1200,128,1.0,4096,0,128.0,0.0078125,0.16368050000164658,8192,8192,153600,0,1075200.0,256,0.001840643265497821,0.04588726878405686,0.07822855845360834,1.0,0.0,1,0,0
gated-pqt-M1024-f0.70,persistent-quantile-transport,LBQCD-C16-connected-normal,connected,concentrated,LBQCD-C16-connected-normal/concentrated,13,1200,1200,128,0,1200,128,1.0,4096,0,128.0,0.0078125,0.1605344999989029,8192,8192,153600,0,1075200.0,256,0.000984702252445624,0.016128577344007126,0.07045994080317593,1.0,0.0,1,0,0
gated-pqt-M1024-f0.70,persistent-quantile-transport,LBQCD-C16-connected-normal,connected,concentrated,LBQCD-C16-connected-normal/concentrated,14,1200,1200,128,0,1200,128,1.0,4096,0,128.0,0.0078125,0.17211320000933483,8192,8192,153600,0,1075200.0,256,0.0035731695825194087,0.04243164337876066,0.08838671375593467,1.0,0.0,1,0,0
gated-pqt-M1024-f0.70,persistent-quantile-transport,LBQCD-C16-connected-normal,connected,concentrated,LBQCD-C16-connected-normal/concentrated,15,1200,1200,128,0,1200,128,1.0,4096,0,128.0,0.0078125,0.13098060002084821,8192,8192,153600,0,1075200.0,256,0.00592966121058458,0.03211225953827468,0.07124146746749624,1.0,0.0,1,0,0
gated-pqt-M1024-f0.70,persistent-quantile-transport,LBQCD-C16-connected-normal,connected,concentrated,LBQCD-C16-connected-normal/concentrated,16,1200,1200,128,0,1200,128,1.0,4096,0,128.0,0.0078125,0.1460197000124026,8192,8192,153600,0,1075200.0,256,0.001242999439124759,0.019671830399954324,0.04734569001199786,1.0,0.0,1,0,0
gated-pqt-M1024-f0.70,persistent-quantile-transport,LBQCD-C16-connected-normal,connected,concentrated,LBQCD-C16-connected-normal/concentrated,17,1200,1200,128,0,1200,128,1.0,4096,0,128.0,0.0078125,0.14424029999645427,8192,8192,153600,0,1075200.0,256,0.0004879562251267622,0.04931159963815576,0.07693850736491449,1.0,0.0,1,0,0
gated-pqt-M1024-f0.70,persistent-quantile-transport,LBQCD-C16-connected-normal,connected,concentrated,LBQCD-C16-connected-normal/concentrated,18,1200,1200,128,0,1200,128,1.0,4096,0,128.0,0.0078125,0.12976199999684468,8192,8192,153600,0,1075200.0,256,0.0011065701446635323,0.017286947094243752,0.05830834062619295,1.0,0.0,1,0,0
gated-pqt-M1024-f0.70,persistent-quantile-transport,LBQCD-C16-connected-normal,connected,concentrated,LBQCD-C16-connected-normal/concentrated,19,1200,1200,128,0,1200,128,1.0,4096,0,128.0,0.0078125,0.11976739999954589,8192,8192,153600,0,1075200.0,256,0.0010921693059753323,0.02879391737275382,0.05789602299236624,1.0,0.0,1,0,0
gated-pqt-M1024-f0.70,persistent-quantile-transport,LBQCD-C16-connected-normal,connected,missing,LBQCD-C16-connected-normal/missing,0,1200,1200,128,0,1200,128,1.0,4096,0,128.0,0.0078125,0.1454694000130985,8192,8192,153600,0,1075200.0,256,0.002278515220800692,0.017277326760688022,0.048662893526774866,1.0,0.0,1,0,0
gated-pqt-M1024-f0.70,persistent-quantile-transport,LBQCD-C16-connected-normal,connected,missing,LBQCD-C16-connected-normal/missing,1,1200,1200,128,0,1200,128,1.0,4096,0,128.0,0.0078125,0.18079219997162,8192,8192,153600,0,1075200.0,256,0.0008415084311987897,0.013155728618615123,0.06406787134660602,1.0,0.0,1,0,0
gated-pqt-M1024-f0.70,persistent-quantile-transport,LBQCD-C16-connected-normal,connected,missing,LBQCD-C16-connected-normal/missing,2,1200,1200,128,0,1200,128,1.0,4096,0,128.0,0.0078125,0.16181210000650026,8192,8192,153600,0,1075200.0,256,0.0020416745174776096,0.02102322095130951,0.056143885089746805,1.0,0.0,1,0,0
gated-pqt-M1024-f0.70,persistent-quantile-transport,LBQCD-C16-connected-normal,connected,missing,LBQCD-C16-connected-normal/missing,3,1200,1200,128,0,1200,128,1.0,4096,0,128.0,0.0078125,0.15164480000385083,8192,8192,153600,0,1075200.0,256,0.005818654770636478,0.03917436087666125,0.0694780529465968,1.0,0.0,1,0,0
gated-pqt-M1024-f0.70,persistent-quantile-transport,LBQCD-C16-connected-normal,connected,missing,LBQCD-C16-connected-normal/missing,4,1200,1200,128,0,1200,128,1.0,4096,0,128.0,0.0078125,0.20335439997143112,8192,8192,153600,0,1075200.0,256,0.003835318021484957,0.018115223264595966,0.06906333659312845,1.0,0.0,1,0,0
gated-pqt-M1024-f0.70,persistent-quantile-transport,LBQCD-C16-connected-normal,connected,missing,LBQCD-C16-connected-normal/missing,5,1200,1200,128,0,1200,128,1.0,4096,0,128.0,0.0078125,0.13421669998206198,8192,8192,153600,0,1075200.0,256,0.00046250645313139493,0.04990437177856457,0.08327774307060704,1.0,0.0,1,0,0
gated-pqt-M1024-f0.70,persistent-quantile-transport,LBQCD-C16-connected-normal,connected,missing,LBQCD-C16-connected-normal/missing,6,1200,1200,128,0,1200,128,1.0,4096,0,128.0,0.0078125,0.16142620000755414,8192,8192,153600,0,1075200.0,256,0.0018088604320807278,0.021395196661827195,0.06486054814636692,1.0,0.0,1,0,0
gated-pqt-M1024-f0.70,persistent-quantile-transport,LBQCD-C16-connected-normal,connected,missing,LBQCD-C16-connected-normal/missing,7,1200,1200,128,0,1200,128,1.0,4096,0,128.0,0.0078125,0.17426080000586808,8192,8192,153600,0,1075200.0,256,0.0018389785141676995,0.04834619448158732,0.09858083566623142,1.0,0.0,1,0,0
gated-pqt-M1024-f0.70,persistent-quantile-transport,LBQCD-C16-connected-normal,connected,missing,LBQCD-C16-connected-normal/missing,8,1200,1200,128,0,1200,128,1.0,4096,0,128.0,0.0078125,0.18401260001701303,8192,8192,153600,0,1075200.0,256,0.0014351802444998452,0.02731509173663712,0.07367610256638266,1.0,0.0,1,0,0
gated-pqt-M1024-f0.70,persistent-quantile-transport,LBQCD-C16-connected-normal,connected,missing,LBQCD-C16-connected-normal/missing,9,1200,1200,128,0,1200,128,1.0,4096,0,128.0,0.0078125,0.16933740000240505,8192,8192,153600,0,1075200.0,256,0.0013258113869722976,0.01539136697142112,0.057042867945708974,1.0,0.0,1,0,0
gated-pqt-M1024-f0.70,persistent-quantile-transport,LBQCD-C16-connected-normal,connected,missing,LBQCD-C16-connected-normal/missing,10,1200,1200,128,0,1200,128,1.0,4096,0,128.0,0.0078125,0.17126820000703447,8192,8192,153600,0,1075200.0,256,0.001598549737859889,0.032460883163314434,0.08351890262009805,1.0,0.0,1,0,0
gated-pqt-M1024-f0.70,persistent-quantile-transport,LBQCD-C16-connected-normal,connected,missing,LBQCD-C16-connected-normal/missing,11,1200,1200,128,0,1200,128,1.0,4096,0,128.0,0.0078125,0.14849039999535307,8192,8192,153600,0,1075200.0,256,0.0016334770615071825,0.026265205896089834,0.07377625224714422,1.0,0.0,1,0,0
gated-pqt-M1024-f0.70,persistent-quantile-transport,LBQCD-C16-connected-normal,connected,missing,LBQCD-C16-connected-normal/missing,12,1200,1200,128,0,1200,128,1.0,4096,0,128.0,0.0078125,0.16980960001819767,8192,8192,153600,0,1075200.0,256,0.0037446169243406935,0.0303745987379539,0.06260802521759906,1.0,0.0,1,0,0
gated-pqt-M1024-f0.70,persistent-quantile-transport,LBQCD-C16-connected-normal,connected,missing,LBQCD-C16-connected-normal/missing,13,1200,1200,128,0,1200,128,1.0,4096,0,128.0,0.0078125,0.18712660000892356,8192,8192,153600,0,1075200.0,256,0.0006616483575589971,0.02663439735431566,0.06060749546502949,1.0,0.0,1,0,0
gated-pqt-M1024-f0.70,persistent-quantile-transport,LBQCD-C16-connected-normal,connected,missing,LBQCD-C16-connected-normal/missing,14,1200,1200,128,0,1200,128,1.0,4096,0,128.0,0.0078125,0.14215249998960644,8192,8192,153600,0,1075200.0,256,0.001489899437767006,0.02313453755010395,0.0721340061643114,1.0,0.0,1,0,0
gated-pqt-M1024-f0.70,persistent-quantile-transport,LBQCD-C16-connected-normal,connected,missing,LBQCD-C16-connected-normal/missing,15,1200,1200,128,0,1200,128,1.0,4096,0,128.0,0.0078125,0.19181649998063222,8192,8192,153600,0,1075200.0,256,0.0013059200370222346,0.016452472712751784,0.055819040428893435,1.0,0.0,1,0,0
gated-pqt-M1024-f0.70,persistent-quantile-transport,LBQCD-C16-connected-normal,connected,missing,LBQCD-C16-connected-normal/missing,16,1200,1200,128,0,1200,128,1.0,4096,0,128.0,0.0078125,0.14146859999164008,8192,8192,153600,0,1075200.0,256,0.0023488320161664245,0.028304564096312764,0.06768736267036467,1.0,0.0,1,0,0
gated-pqt-M1024-f0.70,persistent-quantile-transport,LBQCD-C16-connected-normal,connected,missing,LBQCD-C16-connected-normal/missing,17,1200,1200,128,0,1200,128,1.0,4096,0,128.0,0.0078125,0.13574070000322536,8192,8192,153600,0,1075200.0,256,0.001158554067505868,0.026822900731478763,0.06100681638900651,1.0,0.0,1,0,0
gated-pqt-M1024-f0.70,persistent-quantile-transport,LBQCD-C16-connected-normal,connected,missing,LBQCD-C16-connected-normal/missing,18,1200,1200,128,0,1200,128,1.0,4096,0,128.0,0.0078125,0.12992199999280274,8192,8192,153600,0,1075200.0,256,0.0018088636237272304,0.030541310668327038,0.07329139907987749,1.0,0.0,1,0,0
gated-pqt-M1024-f0.70,persistent-quantile-transport,LBQCD-C16-connected-normal,connected,missing,LBQCD-C16-connected-normal/missing,19,1200,1200,128,0,1200,128,1.0,4096,0,128.0,0.0078125,0.16815199999837205,8192,8192,153600,0,1075200.0,256,0.009425072542194934,0.0420158679680312,0.06845791292437475,1.0,0.0,1,0,0
