arm,kind,tau,target,family,init,cell,seed,budget,virtual_batch,warm_fraction,planned_steps,completed_steps,wall_seconds,generator_forward_calls,generator_example_evals,unique_latent_samples,target_samples,kernel_pairs,sort_work,selector_calls,selector_kernel_pairs,selector_example_evals,tau_counts,ed2,sw1,weighted_reach,mass_l1,event_time,censored,diverged
paper-0.2,paper,0.2,LBQCD-D01-unequal-min050-K8,unequal,concentrated,LBQCD-D01-unequal-min050-K8/concentrated,0,update,0,0.0,400,400,0.45653999999922235,400,51200,51200,51200,13107200,0.0,0,0,0,"{""0.2"": 0, ""0.5"": 0, ""1.0"": 0, ""2.0"": 0, ""4.0"": 0}",0.012940135709264666,0.1531127094934163,1.0,0.08878906250000002,100,0,0
paper-0.2,paper,0.2,LBQCD-D01-unequal-min050-K8,unequal,concentrated,LBQCD-D01-unequal-min050-K8/concentrated,1,update,0,0.0,400,400,0.46280619999743067,400,51200,51200,51200,13107200,0.0,0,0,0,"{""0.2"": 0, ""0.5"": 0, ""1.0"": 0, ""2.0"": 0, ""4.0"": 0}",0.011842598470700239,0.13786795632815724,1.0,0.0640625,50,0,0
paper-0.2,paper,0.2,LBQCD-D01-unequal-min050-K8,unequal,concentrated,LBQCD-D01-unequal-min050-K8/concentrated,2,update,0,0.0,400,400,0.5435197000042535,400,51200,51200,51200,13107200,0.0,0,0,0,"{""0.2"": 0, ""0.5"": 0, ""1.0"": 0, ""2.0"": 0, ""4.0"": 0}",0.012944645781945985,0.1488212335115702,1.0,0.08222656250000002,50,0,0
paper-0.5,paper,0.5,LBQCD-D01-unequal-min050-K8,unequal,concentrated,LBQCD-D01-unequal-min050-K8/concentrated,0,update,0,0.0,400,400,0.5320921000093222,400,51200,51200,51200,13107200,0.0,0,0,0,"{""0.2"": 0, ""0.5"": 0, ""1.0"": 0, ""2.0"": 0, ""4.0"": 0}",0.02523463738585252,0.1626057771680749,1.0,0.09031250000000002,100,0,0
paper-0.5,paper,0.5,LBQCD-D01-unequal-min050-K8,unequal,concentrated,LBQCD-D01-unequal-min050-K8/concentrated,1,update,0,0.0,400,400,0.7203662000101758,400,51200,51200,51200,13107200,0.0,0,0,0,"{""0.2"": 0, ""0.5"": 0, ""1.0"": 0, ""2.0"": 0, ""4.0"": 0}",0.012419901776399733,0.15026235473697477,1.0,0.07343749999999996,100,0,0
paper-0.5,paper,0.5,LBQCD-D01-unequal-min050-K8,unequal,concentrated,LBQCD-D01-unequal-min050-K8/concentrated,2,update,0,0.0,400,400,0.4369358999974793,400,51200,51200,51200,13107200,0.0,0,0,0,"{""0.2"": 0, ""0.5"": 0, ""1.0"": 0, ""2.0"": 0, ""4.0"": 0}",0.014935281546164747,0.16313985421656405,1.0,0.13574218750000003,100,0,0
paper-1,paper,1.0,LBQCD-D01-unequal-min050-K8,unequal,concentrated,LBQCD-D01-unequal-min050-K8/concentrated,0,update,0,0.0,400,400,0.7175705999979982,400,51200,51200,51200,13107200,0.0,0,0,0,"{""0.2"": 0, ""0.5"": 0, ""1.0"": 0, ""2.0"": 0, ""4.0"": 0}",0.02874689712312062,0.1686927389108414,1.0,0.11062500000000003,200,0,0
paper-1,paper,1.0,LBQCD-D01-unequal-min050-K8,unequal,concentrated,LBQCD-D01-unequal-min050-K8/concentrated,1,update,0,0.0,400,400,0.5124647999909939,400,51200,51200,51200,13107200,0.0,0,0,0,"{""0.2"": 0, ""0.5"": 0, ""1.0"": 0, ""2.0"": 0, ""4.0"": 0}",0.011924113595340735,0.15292779967905556,1.0,0.06972656249999998,150,0,0
paper-1,paper,1.0,LBQCD-D01-unequal-min050-K8,unequal,concentrated,LBQCD-D01-unequal-min050-K8/concentrated,2,update,0,0.0,400,400,0.6441863999934867,400,51200,51200,51200,13107200,0.0,0,0,0,"{""0.2"": 0, ""0.5"": 0, ""1.0"": 0, ""2.0"": 0, ""4.0"": 0}",0.019381341095712212,0.16972012736377304,1.0,0.17136718750000002,350,0,0
paper-2,paper,2.0,LBQCD-D01-unequal-min050-K8,unequal,concentrated,LBQCD-D01-unequal-min050-K8/concentrated,0,update,0,0.0,400,400,0.5693273999931989,400,51200,51200,51200,13107200,0.0,0,0,0,"{""0.2"": 0, ""0.5"": 0, ""1.0"": 0, ""2.0"": 0, ""4.0"": 0}",0.03372044430221521,0.1829799235288247,0.86,0.1677734375,400,1,0
paper-2,paper,2.0,LBQCD-D01-unequal-min050-K8,unequal,concentrated,LBQCD-D01-unequal-min050-K8/concentrated,1,update,0,0.0,400,400,0.5796200000040699,400,51200,51200,51200,13107200,0.0,0,0,0,"{""0.2"": 0, ""0.5"": 0, ""1.0"": 0, ""2.0"": 0, ""4.0"": 0}",0.01733915690849286,0.18151827360754322,0.86,0.173515625,400,1,0
paper-2,paper,2.0,LBQCD-D01-unequal-min050-K8,unequal,concentrated,LBQCD-D01-unequal-min050-K8/concentrated,2,update,0,0.0,400,400,0.4086288999969838,400,51200,51200,51200,13107200,0.0,0,0,0,"{""0.2"": 0, ""0.5"": 0, ""1.0"": 0, ""2.0"": 0, ""4.0"": 0}",0.028980088516761038,0.19559950859384642,1.0,0.21894531250000004,400,0,0
paper-4,paper,4.0,LBQCD-D01-unequal-min050-K8,unequal,concentrated,LBQCD-D01-unequal-min050-K8/concentrated,0,update,0,0.0,400,400,0.5305050000024494,400,51200,51200,51200,13107200,0.0,0,0,0,"{""0.2"": 0, ""0.5"": 0, ""1.0"": 0, ""2.0"": 0, ""4.0"": 0}",0.03498222939072537,0.19194486981395595,0.86,0.2665234375,400,1,0
paper-4,paper,4.0,LBQCD-D01-unequal-min050-K8,unequal,concentrated,LBQCD-D01-unequal-min050-K8/concentrated,1,update,0,0.0,400,400,0.7204851999995299,400,51200,51200,51200,13107200,0.0,0,0,0,"{""0.2"": 0, ""0.5"": 0, ""1.0"": 0, ""2.0"": 0, ""4.0"": 0}",0.02417857160259551,0.20848349064140625,0.86,0.392890625,400,1,0
paper-4,paper,4.0,LBQCD-D01-unequal-min050-K8,unequal,concentrated,LBQCD-D01-unequal-min050-K8/concentrated,2,update,0,0.0,400,400,0.7114314000064041,400,51200,51200,51200,13107200,0.0,0,0,0,"{""0.2"": 0, ""0.5"": 0, ""1.0"": 0, ""2.0"": 0, ""4.0"": 0}",0.03467430286013995,0.22478367367910124,1.0,0.27199218750000004,400,0,0
qld-v1,qld,0.5,LBQCD-D01-unequal-min050-K8,unequal,concentrated,LBQCD-D01-unequal-min050-K8/concentrated,0,update,0,0.7,400,400,0.25688819999049883,400,51200,51200,51200,3932160,501760.0,0,0,0,"{""0.2"": 0, ""0.5"": 0, ""1.0"": 0, ""2.0"": 0, ""4.0"": 0}",0.02083966037519369,0.15952076006799348,1.0,0.11777343750000002,100,0,0
qld-v1,qld,0.5,LBQCD-D01-unequal-min050-K8,unequal,concentrated,LBQCD-D01-unequal-min050-K8/concentrated,1,update,0,0.7,400,400,0.2668487999908393,400,51200,51200,51200,3932160,501760.0,0,0,0,"{""0.2"": 0, ""0.5"": 0, ""1.0"": 0, ""2.0"": 0, ""4.0"": 0}",0.013503729310657242,0.1514362225211519,1.0,0.129453125,100,0,0
qld-v1,qld,0.5,LBQCD-D01-unequal-min050-K8,unequal,concentrated,LBQCD-D01-unequal-min050-K8/concentrated,2,update,0,0.7,400,400,0.33474720000231173,400,51200,51200,51200,3932160,501760.0,0,0,0,"{""0.2"": 0, ""0.5"": 0, ""1.0"": 0, ""2.0"": 0, ""4.0"": 0}",0.020931325057341077,0.16660808419136308,1.0,0.14777343750000002,100,0,0
rsr-M1024-f0.60-e,rsr,0.5,LBQCD-D01-unequal-min050-K8,unequal,concentrated,LBQCD-D01-unequal-min050-K8/concentrated,0,examples,1024,0.6,40,40,0.10788009999669157,400,51200,26624,26624,524288,491520.0,0,0,0,"{""0.2"": 0, ""0.5"": 0, ""1.0"": 0, ""2.0"": 0, ""4.0"": 0}",0.10155897440079475,0.36377996672492935,0.86,0.559765625,40,1,0
rsr-M1024-f0.60-e,rsr,0.5,LBQCD-D01-unequal-min050-K8,unequal,concentrated,LBQCD-D01-unequal-min050-K8/concentrated,1,examples,1024,0.6,40,40,0.11100830000941642,400,51200,26624,26624,524288,491520.0,0,0,0,"{""0.2"": 0, ""0.5"": 0, ""1.0"": 0, ""2.0"": 0, ""4.0"": 0}",0.043952748813227194,0.28548360840026066,0.86,0.4650390625,40,1,0
rsr-M1024-f0.60-e,rsr,0.5,LBQCD-D01-unequal-min050-K8,unequal,concentrated,LBQCD-D01-unequal-min050-K8/concentrated,2,examples,1024,0.6,40,40,0.09680610000214074,400,51200,26624,26624,524288,491520.0,0,0,0,"{""0.2"": 0, ""0.5"": 0, ""1.0"": 0, ""2.0"": 0, ""4.0"": 0}",0.05251413645103975,0.30931795796946293,0.91,0.40675781250000004,40,1,0
rsr-M1024-f0.60-u,rsr,0.5,LBQCD-D01-unequal-min050-K8,unequal,concentrated,LBQCD-D01-unequal-min050-K8/concentrated,0,update,1024,0.6,400,400,0.9649600999982795,4000,512000,266240,266240,5242880,4915200.0,0,0,0,"{""0.2"": 0, ""0.5"": 0, ""1.0"": 0, ""2.0"": 0, ""4.0"": 0}",0.02098158685448359,0.15601132358019804,1.0,0.07218750000000002,150,0,0
rsr-M1024-f0.60-u,rsr,0.5,LBQCD-D01-unequal-min050-K8,unequal,concentrated,LBQCD-D01-unequal-min050-K8/concentrated,1,update,1024,0.6,400,400,0.9746101000055205,4000,512000,266240,266240,5242880,4915200.0,0,0,0,"{""0.2"": 0, ""0.5"": 0, ""1.0"": 0, ""2.0"": 0, ""4.0"": 0}",0.011202597967717054,0.1506389476517691,1.0,0.05867187500000004,50,0,0
rsr-M1024-f0.60-u,rsr,0.5,LBQCD-D01-unequal-min050-K8,unequal,concentrated,LBQCD-D01-unequal-min050-K8/concentrated,2,update,1024,0.6,400,400,1.0137228999956278,4000,512000,266240,266240,5242880,4915200.0,0,0,0,"{""0.2"": 0, ""0.5"": 0, ""1.0"": 0, ""2.0"": 0, ""4.0"": 0}",0.016785245181052177,0.16233316441666198,1.0,0.10953125,100,0,0
rsr-M1024-f0.80-e,rsr,0.5,LBQCD-D01-unequal-min050-K8,unequal,concentrated,LBQCD-D01-unequal-min050-K8/concentrated,0,examples,1024,0.8,31,31,0.10106079999241047,406,51968,26368,26368,196608,512000.0,0,0,0,"{""0.2"": 0, ""0.5"": 0, ""1.0"": 0, ""2.0"": 0, ""4.0"": 0}",0.06239918498345842,0.2764473272431269,0.86,0.5188671874999999,31,1,0
rsr-M1024-f0.80-e,rsr,0.5,LBQCD-D01-unequal-min050-K8,unequal,concentrated,LBQCD-D01-unequal-min050-K8/concentrated,1,examples,1024,0.8,31,31,0.0834032999991905,406,51968,26368,26368,196608,512000.0,0,0,0,"{""0.2"": 0, ""0.5"": 0, ""1.0"": 0, ""2.0"": 0, ""4.0"": 0}",0.027665859911198076,0.23317172959228996,0.86,0.4221875,31,1,0
rsr-M1024-f0.80-e,rsr,0.5,LBQCD-D01-unequal-min050-K8,unequal,concentrated,LBQCD-D01-unequal-min050-K8/concentrated,2,examples,1024,0.8,31,31,0.07680889999028295,406,51968,26368,26368,196608,512000.0,0,0,0,"{""0.2"": 0, ""0.5"": 0, ""1.0"": 0, ""2.0"": 0, ""4.0"": 0}",0.03475288758302275,0.23428617286055906,0.86,0.40265625,31,1,0
rsr-M1024-f0.80-u,rsr,0.5,LBQCD-D01-unequal-min050-K8,unequal,concentrated,LBQCD-D01-unequal-min050-K8/concentrated,0,update,1024,0.8,400,400,1.0856450999999652,5200,665600,337920,337920,2621440,6553600.0,0,0,0,"{""0.2"": 0, ""0.5"": 0, ""1.0"": 0, ""2.0"": 0, ""4.0"": 0}",0.01990286733140123,0.16400457436544247,1.0,0.083828125,150,0,0
rsr-M1024-f0.80-u,rsr,0.5,LBQCD-D01-unequal-min050-K8,unequal,concentrated,LBQCD-D01-unequal-min050-K8/concentrated,1,update,1024,0.8,400,400,1.0715026999969268,5200,665600,337920,337920,2621440,6553600.0,0,0,0,"{""0.2"": 0, ""0.5"": 0, ""1.0"": 0, ""2.0"": 0, ""4.0"": 0}",0.012370844564620231,0.14701884227886072,1.0,0.033320312500000004,50,0,0
rsr-M1024-f0.80-u,rsr,0.5,LBQCD-D01-unequal-min050-K8,unequal,concentrated,LBQCD-D01-unequal-min050-K8/concentrated,2,update,1024,0.8,400,400,1.121556199999759,5200,665600,337920,337920,2621440,6553600.0,0,0,0,"{""0.2"": 0, ""0.5"": 0, ""1.0"": 0, ""2.0"": 0, ""4.0"": 0}",0.02239792180598399,0.16545033330025904,1.0,0.10578125,100,0,0
rsr-M512-f0.60-e,rsr,0.5,LBQCD-D01-unequal-min050-K8,unequal,concentrated,LBQCD-D01-unequal-min050-K8/concentrated,0,examples,512,0.6,77,77,0.10489860000961926,399,51072,27520,27520,1015808,423936.0,0,0,0,"{""0.2"": 0, ""0.5"": 0, ""1.0"": 0, ""2.0"": 0, ""4.0"": 0}",0.04741587455812857,0.23067455577357596,0.86,0.3391796875,77,1,0
rsr-M512-f0.60-e,rsr,0.5,LBQCD-D01-unequal-min050-K8,unequal,concentrated,LBQCD-D01-unequal-min050-K8/concentrated,1,examples,512,0.6,77,77,0.131405399995856,399,51072,27520,27520,1015808,423936.0,0,0,0,"{""0.2"": 0, ""0.5"": 0, ""1.0"": 0, ""2.0"": 0, ""4.0"": 0}",0.021152908360056344,0.19070141703209703,0.86,0.251640625,50,0,0
rsr-M512-f0.60-e,rsr,0.5,LBQCD-D01-unequal-min050-K8,unequal,concentrated,LBQCD-D01-unequal-min050-K8/concentrated,2,examples,512,0.6,77,77,0.13958020000427496,399,51072,27520,27520,1015808,423936.0,0,0,0,"{""0.2"": 0, ""0.5"": 0, ""1.0"": 0, ""2.0"": 0, ""4.0"": 0}",0.032029803251818256,0.21371902674990398,0.86,0.27234375,77,1,0
rsr-M512-f0.60-u,rsr,0.5,LBQCD-D01-unequal-min050-K8,unequal,concentrated,LBQCD-D01-unequal-min050-K8/concentrated,0,update,512,0.6,400,400,0.667440400007763,2080,266240,143360,143360,5242880,2211840.0,0,0,0,"{""0.2"": 0, ""0.5"": 0, ""1.0"": 0, ""2.0"": 0, ""4.0"": 0}",0.019669579760827727,0.1655685239430792,1.0,0.08226562499999998,100,0,0
rsr-M512-f0.60-u,rsr,0.5,LBQCD-D01-unequal-min050-K8,unequal,concentrated,LBQCD-D01-unequal-min050-K8/concentrated,1,update,512,0.6,400,400,0.5859118000080343,2080,266240,143360,143360,5242880,2211840.0,0,0,0,"{""0.2"": 0, ""0.5"": 0, ""1.0"": 0, ""2.0"": 0, ""4.0"": 0}",0.010120304668484348,0.15149374102521335,1.0,0.06843750000000001,50,0,0
rsr-M512-f0.60-u,rsr,0.5,LBQCD-D01-unequal-min050-K8,unequal,concentrated,LBQCD-D01-unequal-min050-K8/concentrated,2,update,512,0.6,400,400,0.5976010000013048,2080,266240,143360,143360,5242880,2211840.0,0,0,0,"{""0.2"": 0, ""0.5"": 0, ""1.0"": 0, ""2.0"": 0, ""4.0"": 0}",0.018128511832994354,0.15884704039338826,1.0,0.1066015625,100,0,0
rsr-M512-f0.80-e,rsr,0.5,LBQCD-D01-unequal-min050-K8,unequal,concentrated,LBQCD-D01-unequal-min050-K8/concentrated,0,examples,512,0.8,61,61,0.13731409999309108,404,51712,26624,26624,393216,451584.0,0,0,0,"{""0.2"": 0, ""0.5"": 0, ""1.0"": 0, ""2.0"": 0, ""4.0"": 0}",0.04589760694697764,0.2290527520362434,0.86,0.3411328125,61,1,0
rsr-M512-f0.80-e,rsr,0.5,LBQCD-D01-unequal-min050-K8,unequal,concentrated,LBQCD-D01-unequal-min050-K8/concentrated,1,examples,512,0.8,61,61,0.08518650000041816,404,51712,26624,26624,393216,451584.0,0,0,0,"{""0.2"": 0, ""0.5"": 0, ""1.0"": 0, ""2.0"": 0, ""4.0"": 0}",0.02244038994969877,0.19183418410442876,0.86,0.2760546875,50,0,0
rsr-M512-f0.80-e,rsr,0.5,LBQCD-D01-unequal-min050-K8,unequal,concentrated,LBQCD-D01-unequal-min050-K8/concentrated,2,examples,512,0.8,61,61,0.10461779999604914,404,51712,26624,26624,393216,451584.0,0,0,0,"{""0.2"": 0, ""0.5"": 0, ""1.0"": 0, ""2.0"": 0, ""4.0"": 0}",0.03279621060793336,0.21665729239350684,0.86,0.2811328125,61,1,0
rsr-M512-f0.80-u,rsr,0.5,LBQCD-D01-unequal-min050-K8,unequal,concentrated,LBQCD-D01-unequal-min050-K8/concentrated,0,update,512,0.8,400,400,0.6811148999986472,2640,337920,174080,174080,2621440,2949120.0,0,0,0,"{""0.2"": 0, ""0.5"": 0, ""1.0"": 0, ""2.0"": 0, ""4.0"": 0}",0.02448087046162395,0.1609700683033168,1.0,0.08031250000000001,100,0,0
rsr-M512-f0.80-u,rsr,0.5,LBQCD-D01-unequal-min050-K8,unequal,concentrated,LBQCD-D01-unequal-min050-K8/concentrated,1,update,512,0.8,400,400,0.710902700011502,2640,337920,174080,174080,2621440,2949120.0,0,0,0,"{""0.2"": 0, ""0.5"": 0, ""1.0"": 0, ""2.0"": 0, ""4.0"": 0}",0.01133073613206892,0.14615521211358667,1.0,0.04714843750000003,50,0,0
rsr-M512-f0.80-u,rsr,0.5,LBQCD-D01-unequal-min050-K8,unequal,concentrated,LBQCD-D01-unequal-min050-K8/concentrated,2,update,512,0.8,400,400,0.7045344000071054,2640,337920,174080,174080,2621440,2949120.0,0,0,0,"{""0.2"": 0, ""0.5"": 0, ""1.0"": 0, ""2.0"": 0, ""4.0"": 0}",0.015227644931536277,0.16018081726997502,1.0,0.123203125,100,0,0
paper-0.2,paper,0.2,LBQCD-D01-unequal-min050-K8,unequal,missing,LBQCD-D01-unequal-min050-K8/missing,0,update,0,0.0,400,400,0.7209053999977186,400,51200,51200,51200,13107200,0.0,0,0,0,"{""0.2"": 0, ""0.5"": 0, ""1.0"": 0, ""2.0"": 0, ""4.0"": 0}",0.0213053085394046,0.14993552908655305,1.0,0.0909375,100,0,0
paper-0.2,paper,0.2,LBQCD-D01-unequal-min050-K8,unequal,missing,LBQCD-D01-unequal-min050-K8/missing,1,update,0,0.0,400,400,0.8456254999910016,400,51200,51200,51200,13107200,0.0,0,0,0,"{""0.2"": 0, ""0.5"": 0, ""1.0"": 0, ""2.0"": 0, ""4.0"": 0}",0.02161325667545766,0.16689334267170228,1.0,0.0867578125,100,0,0
paper-0.2,paper,0.2,LBQCD-D01-unequal-min050-K8,unequal,missing,LBQCD-D01-unequal-min050-K8/missing,2,update,0,0.0,400,400,0.6632212000113213,400,51200,51200,51200,13107200,0.0,0,0,0,"{""0.2"": 0, ""0.5"": 0, ""1.0"": 0, ""2.0"": 0, ""4.0"": 0}",0.015347944644719336,0.16918358912683618,1.0,0.0760546875,100,0,0
paper-0.5,paper,0.5,LBQCD-D01-unequal-min050-K8,unequal,missing,LBQCD-D01-unequal-min050-K8/missing,0,update,0,0.0,400,400,0.7185383999894839,400,51200,51200,51200,13107200,0.0,0,0,0,"{""0.2"": 0, ""0.5"": 0, ""1.0"": 0, ""2.0"": 0, ""4.0"": 0}",0.021286563840472006,0.159203623451508,1.0,0.06890625,100,0,0
paper-0.5,paper,0.5,LBQCD-D01-unequal-min050-K8,unequal,missing,LBQCD-D01-unequal-min050-K8/missing,1,update,0,0.0,400,400,0.8090200000006007,400,51200,51200,51200,13107200,0.0,0,0,0,"{""0.2"": 0, ""0.5"": 0, ""1.0"": 0, ""2.0"": 0, ""4.0"": 0}",0.021510582012495227,0.15442500836626158,1.0,0.104609375,100,0,0
paper-0.5,paper,0.5,LBQCD-D01-unequal-min050-K8,unequal,missing,LBQCD-D01-unequal-min050-K8/missing,2,update,0,0.0,400,400,0.7826845999952639,400,51200,51200,51200,13107200,0.0,0,0,0,"{""0.2"": 0, ""0.5"": 0, ""1.0"": 0, ""2.0"": 0, ""4.0"": 0}",0.015018158678531845,0.14125246507316874,1.0,0.06085937499999999,100,0,0
paper-1,paper,1.0,LBQCD-D01-unequal-min050-K8,unequal,missing,LBQCD-D01-unequal-min050-K8/missing,0,update,0,0.0,400,400,0.6786695999908261,400,51200,51200,51200,13107200,0.0,0,0,0,"{""0.2"": 0, ""0.5"": 0, ""1.0"": 0, ""2.0"": 0, ""4.0"": 0}",0.02362799290929729,0.15594146941865486,1.0,0.11976562499999999,150,0,0
paper-1,paper,1.0,LBQCD-D01-unequal-min050-K8,unequal,missing,LBQCD-D01-unequal-min050-K8/missing,1,update,0,0.0,400,400,0.8543124000134412,400,51200,51200,51200,13107200,0.0,0,0,0,"{""0.2"": 0, ""0.5"": 0, ""1.0"": 0, ""2.0"": 0, ""4.0"": 0}",0.022591253062664407,0.1634037120107165,1.0,0.108984375,100,0,0
paper-1,paper,1.0,LBQCD-D01-unequal-min050-K8,unequal,missing,LBQCD-D01-unequal-min050-K8/missing,2,update,0,0.0,400,400,0.6415078999998514,400,51200,51200,51200,13107200,0.0,0,0,0,"{""0.2"": 0, ""0.5"": 0, ""1.0"": 0, ""2.0"": 0, ""4.0"": 0}",0.013929365592762588,0.1509437279036196,1.0,0.101875,100,0,0
paper-2,paper,2.0,LBQCD-D01-unequal-min050-K8,unequal,missing,LBQCD-D01-unequal-min050-K8/missing,0,update,0,0.0,400,400,0.667050800009747,400,51200,51200,51200,13107200,0.0,0,0,0,"{""0.2"": 0, ""0.5"": 0, ""1.0"": 0, ""2.0"": 0, ""4.0"": 0}",0.02809043372425113,0.17383900795393642,1.0,0.17515624999999999,150,0,0
paper-2,paper,2.0,LBQCD-D01-unequal-min050-K8,unequal,missing,LBQCD-D01-unequal-min050-K8/missing,1,update,0,0.0,400,400,0.5292681999999331,400,51200,51200,51200,13107200,0.0,0,0,0,"{""0.2"": 0, ""0.5"": 0, ""1.0"": 0, ""2.0"": 0, ""4.0"": 0}",0.025036642272212806,0.17470132825288462,1.0,0.15765625,150,0,0
paper-2,paper,2.0,LBQCD-D01-unequal-min050-K8,unequal,missing,LBQCD-D01-unequal-min050-K8/missing,2,update,0,0.0,400,400,0.8067153000010876,400,51200,51200,51200,13107200,0.0,0,0,0,"{""0.2"": 0, ""0.5"": 0, ""1.0"": 0, ""2.0"": 0, ""4.0"": 0}",0.018894039818777353,0.18159712266850545,1.0,0.14191406250000002,100,0,0
paper-4,paper,4.0,LBQCD-D01-unequal-min050-K8,unequal,missing,LBQCD-D01-unequal-min050-K8/missing,0,update,0,0.0,400,400,0.45527900000161026,400,51200,51200,51200,13107200,0.0,0,0,0,"{""0.2"": 0, ""0.5"": 0, ""1.0"": 0, ""2.0"": 0, ""4.0"": 0}",0.07531297180913898,0.3580063806415123,0.91,0.501484375,300,0,0
paper-4,paper,4.0,LBQCD-D01-unequal-min050-K8,unequal,missing,LBQCD-D01-unequal-min050-K8/missing,1,update,0,0.0,400,400,0.7306054000073345,400,51200,51200,51200,13107200,0.0,0,0,0,"{""0.2"": 0, ""0.5"": 0, ""1.0"": 0, ""2.0"": 0, ""4.0"": 0}",0.05526832315328334,0.2883658175485353,0.91,0.39675781250000003,250,0,0
paper-4,paper,4.0,LBQCD-D01-unequal-min050-K8,unequal,missing,LBQCD-D01-unequal-min050-K8/missing,2,update,0,0.0,400,400,0.7540211000014096,400,51200,51200,51200,13107200,0.0,0,0,0,"{""0.2"": 0, ""0.5"": 0, ""1.0"": 0, ""2.0"": 0, ""4.0"": 0}",0.04657996088173477,0.28513529384299097,0.91,0.40066406250000003,150,0,0
qld-v1,qld,0.5,LBQCD-D01-unequal-min050-K8,unequal,missing,LBQCD-D01-unequal-min050-K8/missing,0,update,0,0.7,400,400,0.34099219999916386,400,51200,51200,51200,3932160,501760.0,0,0,0,"{""0.2"": 0, ""0.5"": 0, ""1.0"": 0, ""2.0"": 0, ""4.0"": 0}",0.024983469263369917,0.1516477509745107,1.0,0.084296875,100,0,0
qld-v1,qld,0.5,LBQCD-D01-unequal-min050-K8,unequal,missing,LBQCD-D01-unequal-min050-K8/missing,1,update,0,0.7,400,400,0.35915179998846725,400,51200,51200,51200,3932160,501760.0,0,0,0,"{""0.2"": 0, ""0.5"": 0, ""1.0"": 0, ""2.0"": 0, ""4.0"": 0}",0.022571213554384517,0.15369640608985854,1.0,0.09046874999999999,100,0,0
qld-v1,qld,0.5,LBQCD-D01-unequal-min050-K8,unequal,missing,LBQCD-D01-unequal-min050-K8/missing,2,update,0,0.7,400,400,0.35550040000816807,400,51200,51200,51200,3932160,501760.0,0,0,0,"{""0.2"": 0, ""0.5"": 0, ""1.0"": 0, ""2.0"": 0, ""4.0"": 0}",0.01775071534374395,0.17100047522228454,1.0,0.08890624999999999,100,0,0
rsr-M1024-f0.60-e,rsr,0.5,LBQCD-D01-unequal-min050-K8,unequal,missing,LBQCD-D01-unequal-min050-K8/missing,0,examples,1024,0.6,40,40,0.09912090000580065,400,51200,26624,26624,524288,491520.0,0,0,0,"{""0.2"": 0, ""0.5"": 0, ""1.0"": 0, ""2.0"": 0, ""4.0"": 0}",1.028789789108803,1.9644383347206604,0.7000000000000001,0.9435156250000001,40,1,0
rsr-M1024-f0.60-e,rsr,0.5,LBQCD-D01-unequal-min050-K8,unequal,missing,LBQCD-D01-unequal-min050-K8/missing,1,examples,1024,0.6,40,40,0.11699969999608584,400,51200,26624,26624,524288,491520.0,0,0,0,"{""0.2"": 0, ""0.5"": 0, ""1.0"": 0, ""2.0"": 0, ""4.0"": 0}",1.1165728017472598,2.0654863944908035,0.7000000000000001,1.0069921875,40,1,0
rsr-M1024-f0.60-e,rsr,0.5,LBQCD-D01-unequal-min050-K8,unequal,missing,LBQCD-D01-unequal-min050-K8/missing,2,examples,1024,0.6,40,40,0.09521610000228975,400,51200,26624,26624,524288,491520.0,0,0,0,"{""0.2"": 0, ""0.5"": 0, ""1.0"": 0, ""2.0"": 0, ""4.0"": 0}",1.1503536163784374,1.994963188287052,0.7000000000000001,1.013828125,40,1,0
rsr-M1024-f0.60-u,rsr,0.5,LBQCD-D01-unequal-min050-K8,unequal,missing,LBQCD-D01-unequal-min050-K8/missing,0,update,1024,0.6,400,400,1.0468945000029635,4000,512000,266240,266240,5242880,4915200.0,0,0,0,"{""0.2"": 0, ""0.5"": 0, ""1.0"": 0, ""2.0"": 0, ""4.0"": 0}",0.025794657537894228,0.15112330165158822,1.0,0.08273437499999997,100,0,0
rsr-M1024-f0.60-u,rsr,0.5,LBQCD-D01-unequal-min050-K8,unequal,missing,LBQCD-D01-unequal-min050-K8/missing,1,update,1024,0.6,400,400,1.1432626000023447,4000,512000,266240,266240,5242880,4915200.0,0,0,0,"{""0.2"": 0, ""0.5"": 0, ""1.0"": 0, ""2.0"": 0, ""4.0"": 0}",0.01918293515144409,0.14829133991648563,1.0,0.06898437499999999,100,0,0
rsr-M1024-f0.60-u,rsr,0.5,LBQCD-D01-unequal-min050-K8,unequal,missing,LBQCD-D01-unequal-min050-K8/missing,2,update,1024,0.6,400,400,1.1492946999933338,4000,512000,266240,266240,5242880,4915200.0,0,0,0,"{""0.2"": 0, ""0.5"": 0, ""1.0"": 0, ""2.0"": 0, ""4.0"": 0}",0.017159014604611444,0.15683231288447277,1.0,0.08472656249999999,100,0,0
rsr-M1024-f0.80-e,rsr,0.5,LBQCD-D01-unequal-min050-K8,unequal,missing,LBQCD-D01-unequal-min050-K8/missing,0,examples,1024,0.8,31,31,0.13350229999923613,406,51968,26368,26368,196608,512000.0,0,0,0,"{""0.2"": 0, ""0.5"": 0, ""1.0"": 0, ""2.0"": 0, ""4.0"": 0}",1.1893183170588695,2.058135577316693,0.7000000000000001,0.9017578125000001,31,1,0
rsr-M1024-f0.80-e,rsr,0.5,LBQCD-D01-unequal-min050-K8,unequal,missing,LBQCD-D01-unequal-min050-K8/missing,1,examples,1024,0.8,31,31,0.07324729999527335,406,51968,26368,26368,196608,512000.0,0,0,0,"{""0.2"": 0, ""0.5"": 0, ""1.0"": 0, ""2.0"": 0, ""4.0"": 0}",1.2222831946833654,2.1396653507157457,0.7000000000000001,1.0169921875,31,1,0
rsr-M1024-f0.80-e,rsr,0.5,LBQCD-D01-unequal-min050-K8,unequal,missing,LBQCD-D01-unequal-min050-K8/missing,2,examples,1024,0.8,31,31,0.0868474999879254,406,51968,26368,26368,196608,512000.0,0,0,0,"{""0.2"": 0, ""0.5"": 0, ""1.0"": 0, ""2.0"": 0, ""4.0"": 0}",1.2632357399700622,2.077942091185619,0.7000000000000001,0.9757421875000001,31,1,0
rsr-M1024-f0.80-u,rsr,0.5,LBQCD-D01-unequal-min050-K8,unequal,missing,LBQCD-D01-unequal-min050-K8/missing,0,update,1024,0.8,400,400,1.0844612999935634,5200,665600,337920,337920,2621440,6553600.0,0,0,0,"{""0.2"": 0, ""0.5"": 0, ""1.0"": 0, ""2.0"": 0, ""4.0"": 0}",0.022323123349817342,0.14135040680895128,1.0,0.06613281249999997,100,0,0
rsr-M1024-f0.80-u,rsr,0.5,LBQCD-D01-unequal-min050-K8,unequal,missing,LBQCD-D01-unequal-min050-K8/missing,1,update,1024,0.8,400,400,1.1259351000044262,5200,665600,337920,337920,2621440,6553600.0,0,0,0,"{""0.2"": 0, ""0.5"": 0, ""1.0"": 0, ""2.0"": 0, ""4.0"": 0}",0.02083183716243653,0.14907487251585733,1.0,0.06300781250000001,100,0,0
rsr-M1024-f0.80-u,rsr,0.5,LBQCD-D01-unequal-min050-K8,unequal,missing,LBQCD-D01-unequal-min050-K8/missing,2,update,1024,0.8,400,400,1.053850500000408,5200,665600,337920,337920,2621440,6553600.0,0,0,0,"{""0.2"": 0, ""0.5"": 0, ""1.0"": 0, ""2.0"": 0, ""4.0"": 0}",0.01206322673969562,0.15376563177566338,1.0,0.09867187499999999,100,0,0
rsr-M512-f0.60-e,rsr,0.5,LBQCD-D01-unequal-min050-K8,unequal,missing,LBQCD-D01-unequal-min050-K8/missing,0,examples,512,0.6,77,77,0.14411169999220874,399,51072,27520,27520,1015808,423936.0,0,0,0,"{""0.2"": 0, ""0.5"": 0, ""1.0"": 0, ""2.0"": 0, ""4.0"": 0}",0.08948667147419087,0.42739419544810375,0.81,0.5379687500000001,77,1,0
rsr-M512-f0.60-e,rsr,0.5,LBQCD-D01-unequal-min050-K8,unequal,missing,LBQCD-D01-unequal-min050-K8/missing,1,examples,512,0.6,77,77,0.15051939999102615,399,51072,27520,27520,1015808,423936.0,0,0,0,"{""0.2"": 0, ""0.5"": 0, ""1.0"": 0, ""2.0"": 0, ""4.0"": 0}",0.26254305285312673,0.897458379476429,0.81,0.568359375,77,1,0
rsr-M512-f0.60-e,rsr,0.5,LBQCD-D01-unequal-min050-K8,unequal,missing,LBQCD-D01-unequal-min050-K8/missing,2,examples,512,0.6,77,77,0.15011339999909978,399,51072,27520,27520,1015808,423936.0,0,0,0,"{""0.2"": 0, ""0.5"": 0, ""1.0"": 0, ""2.0"": 0, ""4.0"": 0}",0.17101482780866317,0.6032775414953649,0.81,0.5489843750000001,77,1,0
rsr-M512-f0.60-u,rsr,0.5,LBQCD-D01-unequal-min050-K8,unequal,missing,LBQCD-D01-unequal-min050-K8/missing,0,update,512,0.6,400,400,0.6435420000052545,2080,266240,143360,143360,5242880,2211840.0,0,0,0,"{""0.2"": 0, ""0.5"": 0, ""1.0"": 0, ""2.0"": 0, ""4.0"": 0}",0.021847859229238598,0.14584186175198952,1.0,0.0735546875,100,0,0
rsr-M512-f0.60-u,rsr,0.5,LBQCD-D01-unequal-min050-K8,unequal,missing,LBQCD-D01-unequal-min050-K8/missing,1,update,512,0.6,400,400,0.7175205999956233,2080,266240,143360,143360,5242880,2211840.0,0,0,0,"{""0.2"": 0, ""0.5"": 0, ""1.0"": 0, ""2.0"": 0, ""4.0"": 0}",0.021109229629749482,0.15160917543484245,1.0,0.06570312500000003,100,0,0
rsr-M512-f0.60-u,rsr,0.5,LBQCD-D01-unequal-min050-K8,unequal,missing,LBQCD-D01-unequal-min050-K8/missing,2,update,512,0.6,400,400,0.7585940999997547,2080,266240,143360,143360,5242880,2211840.0,0,0,0,"{""0.2"": 0, ""0.5"": 0, ""1.0"": 0, ""2.0"": 0, ""4.0"": 0}",0.018389058157505023,0.1653643885397586,1.0,0.0922265625,100,0,0
rsr-M512-f0.80-e,rsr,0.5,LBQCD-D01-unequal-min050-K8,unequal,missing,LBQCD-D01-unequal-min050-K8/missing,0,examples,512,0.8,61,61,0.09006470000895206,404,51712,26624,26624,393216,451584.0,0,0,0,"{""0.2"": 0, ""0.5"": 0, ""1.0"": 0, ""2.0"": 0, ""4.0"": 0}",0.12369911180429871,0.47761618351670976,0.81,0.49109375000000005,61,1,0
rsr-M512-f0.80-e,rsr,0.5,LBQCD-D01-unequal-min050-K8,unequal,missing,LBQCD-D01-unequal-min050-K8/missing,1,examples,512,0.8,61,61,0.1414204000029713,404,51712,26624,26624,393216,451584.0,0,0,0,"{""0.2"": 0, ""0.5"": 0, ""1.0"": 0, ""2.0"": 0, ""4.0"": 0}",0.3227700209215647,0.988647779776065,0.81,0.6171875,61,1,0
rsr-M512-f0.80-e,rsr,0.5,LBQCD-D01-unequal-min050-K8,unequal,missing,LBQCD-D01-unequal-min050-K8/missing,2,examples,512,0.8,61,61,0.11631430000124965,404,51712,26624,26624,393216,451584.0,0,0,0,"{""0.2"": 0, ""0.5"": 0, ""1.0"": 0, ""2.0"": 0, ""4.0"": 0}",0.22067423281991894,0.7007956625472885,0.81,0.6251562500000001,61,1,0
rsr-M512-f0.80-u,rsr,0.5,LBQCD-D01-unequal-min050-K8,unequal,missing,LBQCD-D01-unequal-min050-K8/missing,0,update,512,0.8,400,400,0.7826547000004211,2640,337920,174080,174080,2621440,2949120.0,0,0,0,"{""0.2"": 0, ""0.5"": 0, ""1.0"": 0, ""2.0"": 0, ""4.0"": 0}",0.024669509127953848,0.15107129688975152,1.0,0.06546874999999996,100,0,0
rsr-M512-f0.80-u,rsr,0.5,LBQCD-D01-unequal-min050-K8,unequal,missing,LBQCD-D01-unequal-min050-K8/missing,1,update,512,0.8,400,400,0.7051705000048969,2640,337920,174080,174080,2621440,2949120.0,0,0,0,"{""0.2"": 0, ""0.5"": 0, ""1.0"": 0, ""2.0"": 0, ""4.0"": 0}",0.022198083596254747,0.1521689856554536,1.0,0.07546875000000003,100,0,0
rsr-M512-f0.80-u,rsr,0.5,LBQCD-D01-unequal-min050-K8,unequal,missing,LBQCD-D01-unequal-min050-K8/missing,2,update,512,0.8,400,400,0.7341795999964233,2640,337920,174080,174080,2621440,2949120.0,0,0,0,"{""0.2"": 0, ""0.5"": 0, ""1.0"": 0, ""2.0"": 0, ""4.0"": 0}",0.014691207295000286,0.16016467263468656,1.0,0.08207031249999999,100,0,0
paper-0.2,paper,0.2,LBQCD-D02-unequal-min030-K10,unequal,concentrated,LBQCD-D02-unequal-min030-K10/concentrated,0,update,0,0.0,400,400,0.7549031999951694,400,51200,51200,51200,13107200,0.0,0,0,0,"{""0.2"": 0, ""0.5"": 0, ""1.0"": 0, ""2.0"": 0, ""4.0"": 0}",0.00698254228486217,0.10761615133457396,1.0,0.08265625,50,0,0
paper-0.2,paper,0.2,LBQCD-D02-unequal-min030-K10,unequal,concentrated,LBQCD-D02-unequal-min030-K10/concentrated,1,update,0,0.0,400,400,0.6405029000015929,400,51200,51200,51200,13107200,0.0,0,0,0,"{""0.2"": 0, ""0.5"": 0, ""1.0"": 0, ""2.0"": 0, ""4.0"": 0}",0.01144912618826166,0.13290996543752454,1.0,0.10882812499999998,50,0,0
paper-0.2,paper,0.2,LBQCD-D02-unequal-min030-K10,unequal,concentrated,LBQCD-D02-unequal-min030-K10/concentrated,2,update,0,0.0,400,400,0.48486480000428855,400,51200,51200,51200,13107200,0.0,0,0,0,"{""0.2"": 0, ""0.5"": 0, ""1.0"": 0, ""2.0"": 0, ""4.0"": 0}",0.008853221410830114,0.12559584292212192,1.0,0.06218749999999999,50,0,0
paper-0.5,paper,0.5,LBQCD-D02-unequal-min030-K10,unequal,concentrated,LBQCD-D02-unequal-min030-K10/concentrated,0,update,0,0.0,400,400,0.476031400001375,400,51200,51200,51200,13107200,0.0,0,0,0,"{""0.2"": 0, ""0.5"": 0, ""1.0"": 0, ""2.0"": 0, ""4.0"": 0}",0.007998268918559592,0.10781681849376823,1.0,0.04347656249999997,50,0,0
paper-0.5,paper,0.5,LBQCD-D02-unequal-min030-K10,unequal,concentrated,LBQCD-D02-unequal-min030-K10/concentrated,1,update,0,0.0,400,400,0.8175497000047471,400,51200,51200,51200,13107200,0.0,0,0,0,"{""0.2"": 0, ""0.5"": 0, ""1.0"": 0, ""2.0"": 0, ""4.0"": 0}",0.010567867330815828,0.12210743787341764,1.0,0.10195312500000002,50,0,0
paper-0.5,paper,0.5,LBQCD-D02-unequal-min030-K10,unequal,concentrated,LBQCD-D02-unequal-min030-K10/concentrated,2,update,0,0.0,400,400,0.6172943999990821,400,51200,51200,51200,13107200,0.0,0,0,0,"{""0.2"": 0, ""0.5"": 0, ""1.0"": 0, ""2.0"": 0, ""4.0"": 0}",0.016844486656792057,0.11268970288132,1.0,0.08820312499999998,50,0,0
paper-1,paper,1.0,LBQCD-D02-unequal-min030-K10,unequal,concentrated,LBQCD-D02-unequal-min030-K10/concentrated,0,update,0,0.0,400,400,0.725720000002184,400,51200,51200,51200,13107200,0.0,0,0,0,"{""0.2"": 0, ""0.5"": 0, ""1.0"": 0, ""2.0"": 0, ""4.0"": 0}",0.00743920805668008,0.11406343117920904,1.0,0.08296874999999997,50,0,0
paper-1,paper,1.0,LBQCD-D02-unequal-min030-K10,unequal,concentrated,LBQCD-D02-unequal-min030-K10/concentrated,1,update,0,0.0,400,400,0.6431185999972513,400,51200,51200,51200,13107200,0.0,0,0,0,"{""0.2"": 0, ""0.5"": 0, ""1.0"": 0, ""2.0"": 0, ""4.0"": 0}",0.010979280992880813,0.11956423559386645,1.0,0.12453125000000002,100,0,0
paper-1,paper,1.0,LBQCD-D02-unequal-min030-K10,unequal,concentrated,LBQCD-D02-unequal-min030-K10/concentrated,2,update,0,0.0,400,400,0.5009162000060314,400,51200,51200,51200,13107200,0.0,0,0,0,"{""0.2"": 0, ""0.5"": 0, ""1.0"": 0, ""2.0"": 0, ""4.0"": 0}",0.01756811056599883,0.11846998700921918,1.0,0.12503906250000002,100,0,0
paper-2,paper,2.0,LBQCD-D02-unequal-min030-K10,unequal,concentrated,LBQCD-D02-unequal-min030-K10/concentrated,0,update,0,0.0,400,400,0.707346499999403,400,51200,51200,51200,13107200,0.0,0,0,0,"{""0.2"": 0, ""0.5"": 0, ""1.0"": 0, ""2.0"": 0, ""4.0"": 0}",0.007025280815362578,0.12988704084690753,1.0,0.10710937499999999,50,0,0
paper-2,paper,2.0,LBQCD-D02-unequal-min030-K10,unequal,concentrated,LBQCD-D02-unequal-min030-K10/concentrated,1,update,0,0.0,400,400,0.5383467000065139,400,51200,51200,51200,13107200,0.0,0,0,0,"{""0.2"": 0, ""0.5"": 0, ""1.0"": 0, ""2.0"": 0, ""4.0"": 0}",0.011169664225774145,0.126130324242551,0.97,0.12160156250000002,50,0,0
paper-2,paper,2.0,LBQCD-D02-unequal-min030-K10,unequal,concentrated,LBQCD-D02-unequal-min030-K10/concentrated,2,update,0,0.0,400,400,0.6918236999918008,400,51200,51200,51200,13107200,0.0,0,0,0,"{""0.2"": 0, ""0.5"": 0, ""1.0"": 0, ""2.0"": 0, ""4.0"": 0}",0.018112859012638705,0.1277547683140828,0.97,0.0994140625,50,0,0
paper-4,paper,4.0,LBQCD-D02-unequal-min030-K10,unequal,concentrated,LBQCD-D02-unequal-min030-K10/concentrated,0,update,0,0.0,400,400,0.8442686000053072,400,51200,51200,51200,13107200,0.0,0,0,0,"{""0.2"": 0, ""0.5"": 0, ""1.0"": 0, ""2.0"": 0, ""4.0"": 0}",0.008043682912437067,0.15732646191108496,1.0,0.1543359375,50,0,0
paper-4,paper,4.0,LBQCD-D02-unequal-min030-K10,unequal,concentrated,LBQCD-D02-unequal-min030-K10/concentrated,1,update,0,0.0,400,400,0.6745223000034457,400,51200,51200,51200,13107200,0.0,0,0,0,"{""0.2"": 0, ""0.5"": 0, ""1.0"": 0, ""2.0"": 0, ""4.0"": 0}",0.01174274175812573,0.13980954878396823,0.97,0.1621484375,50,0,0
paper-4,paper,4.0,LBQCD-D02-unequal-min030-K10,unequal,concentrated,LBQCD-D02-unequal-min030-K10/concentrated,2,update,0,0.0,400,400,0.49771579999651294,400,51200,51200,51200,13107200,0.0,0,0,0,"{""0.2"": 0, ""0.5"": 0, ""1.0"": 0, ""2.0"": 0, ""4.0"": 0}",0.020592399448833953,0.13554456471599838,0.97,0.12292968749999998,50,0,0
qld-v1,qld,0.5,LBQCD-D02-unequal-min030-K10,unequal,concentrated,LBQCD-D02-unequal-min030-K10/concentrated,0,update,0,0.7,400,400,0.2715110999997705,400,51200,51200,51200,3932160,501760.0,0,0,0,"{""0.2"": 0, ""0.5"": 0, ""1.0"": 0, ""2.0"": 0, ""4.0"": 0}",0.007452535516831782,0.11449290649954702,1.0,0.090078125,50,0,0
qld-v1,qld,0.5,LBQCD-D02-unequal-min030-K10,unequal,concentrated,LBQCD-D02-unequal-min030-K10/concentrated,1,update,0,0.7,400,400,0.3301928000000771,400,51200,51200,51200,3932160,501760.0,0,0,0,"{""0.2"": 0, ""0.5"": 0, ""1.0"": 0, ""2.0"": 0, ""4.0"": 0}",0.008247819768252285,0.1226248850637407,1.0,0.11386718750000001,50,0,0
qld-v1,qld,0.5,LBQCD-D02-unequal-min030-K10,unequal,concentrated,LBQCD-D02-unequal-min030-K10/concentrated,2,update,0,0.7,400,400,0.35990209999727085,400,51200,51200,51200,3932160,501760.0,0,0,0,"{""0.2"": 0, ""0.5"": 0, ""1.0"": 0, ""2.0"": 0, ""4.0"": 0}",0.009567835344048481,0.12092213514523474,1.0,0.07843749999999998,50,0,0
rsr-M1024-f0.60-e,rsr,0.5,LBQCD-D02-unequal-min030-K10,unequal,concentrated,LBQCD-D02-unequal-min030-K10/concentrated,0,examples,1024,0.6,40,40,0.09860499999194872,400,51200,26624,26624,524288,491520.0,0,0,0,"{""0.2"": 0, ""0.5"": 0, ""1.0"": 0, ""2.0"": 0, ""4.0"": 0}",0.11281848571962083,0.46460239895148936,0.97,0.36687499999999995,40,1,0
rsr-M1024-f0.60-e,rsr,0.5,LBQCD-D02-unequal-min030-K10,unequal,concentrated,LBQCD-D02-unequal-min030-K10/concentrated,1,examples,1024,0.6,40,40,0.09548689999792259,400,51200,26624,26624,524288,491520.0,0,0,0,"{""0.2"": 0, ""0.5"": 0, ""1.0"": 0, ""2.0"": 0, ""4.0"": 0}",0.13022259099821643,0.4609881612854532,0.97,0.513359375,40,1,0
rsr-M1024-f0.60-e,rsr,0.5,LBQCD-D02-unequal-min030-K10,unequal,concentrated,LBQCD-D02-unequal-min030-K10/concentrated,2,examples,1024,0.6,40,40,0.12082989999908023,400,51200,26624,26624,524288,491520.0,0,0,0,"{""0.2"": 0, ""0.5"": 0, ""1.0"": 0, ""2.0"": 0, ""4.0"": 0}",0.15799200149347303,0.4824436930821504,0.97,0.46843749999999995,40,1,0
rsr-M1024-f0.60-u,rsr,0.5,LBQCD-D02-unequal-min030-K10,unequal,concentrated,LBQCD-D02-unequal-min030-K10/concentrated,0,update,1024,0.6,400,400,1.0738988999946741,4000,512000,266240,266240,5242880,4915200.0,0,0,0,"{""0.2"": 0, ""0.5"": 0, ""1.0"": 0, ""2.0"": 0, ""4.0"": 0}",0.008689904681333571,0.11184817713823178,1.0,0.06332031249999999,50,0,0
rsr-M1024-f0.60-u,rsr,0.5,LBQCD-D02-unequal-min030-K10,unequal,concentrated,LBQCD-D02-unequal-min030-K10/concentrated,1,update,1024,0.6,400,400,1.0967259999888483,4000,512000,266240,266240,5242880,4915200.0,0,0,0,"{""0.2"": 0, ""0.5"": 0, ""1.0"": 0, ""2.0"": 0, ""4.0"": 0}",0.010366030563759843,0.11012098465171014,1.0,0.07285156250000001,50,0,0
rsr-M1024-f0.60-u,rsr,0.5,LBQCD-D02-unequal-min030-K10,unequal,concentrated,LBQCD-D02-unequal-min030-K10/concentrated,2,update,1024,0.6,400,400,1.0670021000114502,4000,512000,266240,266240,5242880,4915200.0,0,0,0,"{""0.2"": 0, ""0.5"": 0, ""1.0"": 0, ""2.0"": 0, ""4.0"": 0}",0.009916150920265654,0.11625874141247207,1.0,0.08722656249999998,50,0,0
rsr-M1024-f0.80-e,rsr,0.5,LBQCD-D02-unequal-min030-K10,unequal,concentrated,LBQCD-D02-unequal-min030-K10/concentrated,0,examples,1024,0.8,31,31,0.09626920000300743,406,51968,26368,26368,196608,512000.0,0,0,0,"{""0.2"": 0, ""0.5"": 0, ""1.0"": 0, ""2.0"": 0, ""4.0"": 0}",0.15745101499881198,0.5708222777971436,0.79,0.4644921875,31,1,0
rsr-M1024-f0.80-e,rsr,0.5,LBQCD-D02-unequal-min030-K10,unequal,concentrated,LBQCD-D02-unequal-min030-K10/concentrated,1,examples,1024,0.8,31,31,0.12063240000861697,406,51968,26368,26368,196608,512000.0,0,0,0,"{""0.2"": 0, ""0.5"": 0, ""1.0"": 0, ""2.0"": 0, ""4.0"": 0}",0.1706620611632066,0.55898091260752,0.79,0.5507421875,31,1,0
rsr-M1024-f0.80-e,rsr,0.5,LBQCD-D02-unequal-min030-K10,unequal,concentrated,LBQCD-D02-unequal-min030-K10/concentrated,2,examples,1024,0.8,31,31,0.09752450000087265,406,51968,26368,26368,196608,512000.0,0,0,0,"{""0.2"": 0, ""0.5"": 0, ""1.0"": 0, ""2.0"": 0, ""4.0"": 0}",0.1707449029124457,0.5231619644779397,0.79,0.5983203125000001,31,1,0
rsr-M1024-f0.80-u,rsr,0.5,LBQCD-D02-unequal-min030-K10,unequal,concentrated,LBQCD-D02-unequal-min030-K10/concentrated,0,update,1024,0.8,400,400,1.3124702000059187,5200,665600,337920,337920,2621440,6553600.0,0,0,0,"{""0.2"": 0, ""0.5"": 0, ""1.0"": 0, ""2.0"": 0, ""4.0"": 0}",0.0076805845949923235,0.10738666123503912,1.0,0.06113281250000001,50,0,0
rsr-M1024-f0.80-u,rsr,0.5,LBQCD-D02-unequal-min030-K10,unequal,concentrated,LBQCD-D02-unequal-min030-K10/concentrated,1,update,1024,0.8,400,400,1.3783548999927007,5200,665600,337920,337920,2621440,6553600.0,0,0,0,"{""0.2"": 0, ""0.5"": 0, ""1.0"": 0, ""2.0"": 0, ""4.0"": 0}",0.00996906658597263,0.11232025742662781,1.0,0.08027343749999998,50,0,0
rsr-M1024-f0.80-u,rsr,0.5,LBQCD-D02-unequal-min030-K10,unequal,concentrated,LBQCD-D02-unequal-min030-K10/concentrated,2,update,1024,0.8,400,400,1.4344765999994706,5200,665600,337920,337920,2621440,6553600.0,0,0,0,"{""0.2"": 0, ""0.5"": 0, ""1.0"": 0, ""2.0"": 0, ""4.0"": 0}",0.008395414925749911,0.12274222633818294,1.0,0.06363281250000001,50,0,0
rsr-M512-f0.60-e,rsr,0.5,LBQCD-D02-unequal-min030-K10,unequal,concentrated,LBQCD-D02-unequal-min030-K10/concentrated,0,examples,512,0.6,77,77,0.13927090000652242,399,51072,27520,27520,1015808,423936.0,0,0,0,"{""0.2"": 0, ""0.5"": 0, ""1.0"": 0, ""2.0"": 0, ""4.0"": 0}",0.01411646265177735,0.1454018150245853,0.97,0.17515624999999999,50,0,0
rsr-M512-f0.60-e,rsr,0.5,LBQCD-D02-unequal-min030-K10,unequal,concentrated,LBQCD-D02-unequal-min030-K10/concentrated,1,examples,512,0.6,77,77,0.11109389999182895,399,51072,27520,27520,1015808,423936.0,0,0,0,"{""0.2"": 0, ""0.5"": 0, ""1.0"": 0, ""2.0"": 0, ""4.0"": 0}",0.018305725263009442,0.16741810817409167,0.97,0.2207421875,50,0,0
rsr-M512-f0.60-e,rsr,0.5,LBQCD-D02-unequal-min030-K10,unequal,concentrated,LBQCD-D02-unequal-min030-K10/concentrated,2,examples,512,0.6,77,77,0.11015789999510162,399,51072,27520,27520,1015808,423936.0,0,0,0,"{""0.2"": 0, ""0.5"": 0, ""1.0"": 0, ""2.0"": 0, ""4.0"": 0}",0.01858869752323411,0.1528388196558099,0.97,0.18640624999999997,50,0,0
rsr-M512-f0.60-u,rsr,0.5,LBQCD-D02-unequal-min030-K10,unequal,concentrated,LBQCD-D02-unequal-min030-K10/concentrated,0,update,512,0.6,400,400,0.7088288999948418,2080,266240,143360,143360,5242880,2211840.0,0,0,0,"{""0.2"": 0, ""0.5"": 0, ""1.0"": 0, ""2.0"": 0, ""4.0"": 0}",0.007822489525780574,0.11635957269961998,1.0,0.069140625,50,0,0
rsr-M512-f0.60-u,rsr,0.5,LBQCD-D02-unequal-min030-K10,unequal,concentrated,LBQCD-D02-unequal-min030-K10/concentrated,1,update,512,0.6,400,400,0.6743535999994492,2080,266240,143360,143360,5242880,2211840.0,0,0,0,"{""0.2"": 0, ""0.5"": 0, ""1.0"": 0, ""2.0"": 0, ""4.0"": 0}",0.013674292418420775,0.11947605391069425,1.0,0.08554687500000001,50,0,0
rsr-M512-f0.60-u,rsr,0.5,LBQCD-D02-unequal-min030-K10,unequal,concentrated,LBQCD-D02-unequal-min030-K10/concentrated,2,update,512,0.6,400,400,0.6795189999975264,2080,266240,143360,143360,5242880,2211840.0,0,0,0,"{""0.2"": 0, ""0.5"": 0, ""1.0"": 0, ""2.0"": 0, ""4.0"": 0}",0.009187510663284826,0.14994946454005886,1.0,0.094765625,50,0,0
rsr-M512-f0.80-e,rsr,0.5,LBQCD-D02-unequal-min030-K10,unequal,concentrated,LBQCD-D02-unequal-min030-K10/concentrated,0,examples,512,0.8,61,61,0.1317642999929376,404,51712,26624,26624,393216,451584.0,0,0,0,"{""0.2"": 0, ""0.5"": 0, ""1.0"": 0, ""2.0"": 0, ""4.0"": 0}",0.017954809470926536,0.15699504649706908,0.97,0.21128906249999999,50,0,0
rsr-M512-f0.80-e,rsr,0.5,LBQCD-D02-unequal-min030-K10,unequal,concentrated,LBQCD-D02-unequal-min030-K10/concentrated,1,examples,512,0.8,61,61,0.08963389998825733,404,51712,26624,26624,393216,451584.0,0,0,0,"{""0.2"": 0, ""0.5"": 0, ""1.0"": 0, ""2.0"": 0, ""4.0"": 0}",0.020233216520751718,0.17140544988622594,0.97,0.23894531249999998,50,0,0
rsr-M512-f0.80-e,rsr,0.5,LBQCD-D02-unequal-min030-K10,unequal,concentrated,LBQCD-D02-unequal-min030-K10/concentrated,2,examples,512,0.8,61,61,0.11205389999668114,404,51712,26624,26624,393216,451584.0,0,0,0,"{""0.2"": 0, ""0.5"": 0, ""1.0"": 0, ""2.0"": 0, ""4.0"": 0}",0.02390695685758404,0.16297501890049007,0.97,0.21257812499999998,50,0,0
rsr-M512-f0.80-u,rsr,0.5,LBQCD-D02-unequal-min030-K10,unequal,concentrated,LBQCD-D02-unequal-min030-K10/concentrated,0,update,512,0.8,400,400,0.7613633000000846,2640,337920,174080,174080,2621440,2949120.0,0,0,0,"{""0.2"": 0, ""0.5"": 0, ""1.0"": 0, ""2.0"": 0, ""4.0"": 0}",0.0084798987151542,0.11395792191502797,1.0,0.08015624999999997,50,0,0
rsr-M512-f0.80-u,rsr,0.5,LBQCD-D02-unequal-min030-K10,unequal,concentrated,LBQCD-D02-unequal-min030-K10/concentrated,1,update,512,0.8,400,400,0.7110428000014508,2640,337920,174080,174080,2621440,2949120.0,0,0,0,"{""0.2"": 0, ""0.5"": 0, ""1.0"": 0, ""2.0"": 0, ""4.0"": 0}",0.009430609794374378,0.11262349065089516,1.0,0.081953125,50,0,0
rsr-M512-f0.80-u,rsr,0.5,LBQCD-D02-unequal-min030-K10,unequal,concentrated,LBQCD-D02-unequal-min030-K10/concentrated,2,update,512,0.8,400,400,0.7531487000087509,2640,337920,174080,174080,2621440,2949120.0,0,0,0,"{""0.2"": 0, ""0.5"": 0, ""1.0"": 0, ""2.0"": 0, ""4.0"": 0}",0.010962196137234148,0.118310711433231,1.0,0.08367187499999999,50,0,0
paper-0.2,paper,0.2,LBQCD-D02-unequal-min030-K10,unequal,missing,LBQCD-D02-unequal-min030-K10/missing,0,update,0,0.0,400,400,0.776406599994516,400,51200,51200,51200,13107200,0.0,0,0,0,"{""0.2"": 0, ""0.5"": 0, ""1.0"": 0, ""2.0"": 0, ""4.0"": 0}",0.01650962840724568,0.11419838593674728,1.0,0.07812500000000001,50,0,0
paper-0.2,paper,0.2,LBQCD-D02-unequal-min030-K10,unequal,missing,LBQCD-D02-unequal-min030-K10/missing,1,update,0,0.0,400,400,0.7416778000042541,400,51200,51200,51200,13107200,0.0,0,0,0,"{""0.2"": 0, ""0.5"": 0, ""1.0"": 0, ""2.0"": 0, ""4.0"": 0}",0.023130128190450128,0.13155631498266196,1.0,0.084765625,100,0,0
paper-0.2,paper,0.2,LBQCD-D02-unequal-min030-K10,unequal,missing,LBQCD-D02-unequal-min030-K10/missing,2,update,0,0.0,400,400,0.5228365999937523,400,51200,51200,51200,13107200,0.0,0,0,0,"{""0.2"": 0, ""0.5"": 0, ""1.0"": 0, ""2.0"": 0, ""4.0"": 0}",0.017019322470317455,0.121380059757638,1.0,0.08414062500000001,100,0,0
paper-0.5,paper,0.5,LBQCD-D02-unequal-min030-K10,unequal,missing,LBQCD-D02-unequal-min030-K10/missing,0,update,0,0.0,400,400,0.5982976000086637,400,51200,51200,51200,13107200,0.0,0,0,0,"{""0.2"": 0, ""0.5"": 0, ""1.0"": 0, ""2.0"": 0, ""4.0"": 0}",0.015359413442405101,0.11652299496991785,1.0,0.08269531249999999,100,0,0
paper-0.5,paper,0.5,LBQCD-D02-unequal-min030-K10,unequal,missing,LBQCD-D02-unequal-min030-K10/missing,1,update,0,0.0,400,400,0.6494342000078177,400,51200,51200,51200,13107200,0.0,0,0,0,"{""0.2"": 0, ""0.5"": 0, ""1.0"": 0, ""2.0"": 0, ""4.0"": 0}",0.012948536728396132,0.11404306365280222,1.0,0.08648437499999999,100,0,0
paper-0.5,paper,0.5,LBQCD-D02-unequal-min030-K10,unequal,missing,LBQCD-D02-unequal-min030-K10/missing,2,update,0,0.0,400,400,0.6615839000005508,400,51200,51200,51200,13107200,0.0,0,0,0,"{""0.2"": 0, ""0.5"": 0, ""1.0"": 0, ""2.0"": 0, ""4.0"": 0}",0.01955454156568015,0.15273973656001594,1.0,0.12906250000000002,100,0,0
paper-1,paper,1.0,LBQCD-D02-unequal-min030-K10,unequal,missing,LBQCD-D02-unequal-min030-K10/missing,0,update,0,0.0,400,400,0.7476365000038641,400,51200,51200,51200,13107200,0.0,0,0,0,"{""0.2"": 0, ""0.5"": 0, ""1.0"": 0, ""2.0"": 0, ""4.0"": 0}",0.019842030914934305,0.14213248158021285,1.0,0.122421875,100,0,0
paper-1,paper,1.0,LBQCD-D02-unequal-min030-K10,unequal,missing,LBQCD-D02-unequal-min030-K10/missing,1,update,0,0.0,400,400,0.5373949999921024,400,51200,51200,51200,13107200,0.0,0,0,0,"{""0.2"": 0, ""0.5"": 0, ""1.0"": 0, ""2.0"": 0, ""4.0"": 0}",0.023799092642183384,0.14388756213363812,1.0,0.15816406249999995,150,0,0
paper-1,paper,1.0,LBQCD-D02-unequal-min030-K10,unequal,missing,LBQCD-D02-unequal-min030-K10/missing,2,update,0,0.0,400,400,0.634951900006854,400,51200,51200,51200,13107200,0.0,0,0,0,"{""0.2"": 0, ""0.5"": 0, ""1.0"": 0, ""2.0"": 0, ""4.0"": 0}",0.02168382119030965,0.15111328105916122,0.97,0.16218749999999996,150,0,0
paper-2,paper,2.0,LBQCD-D02-unequal-min030-K10,unequal,missing,LBQCD-D02-unequal-min030-K10/missing,0,update,0,0.0,400,400,0.5360419000062393,400,51200,51200,51200,13107200,0.0,0,0,0,"{""0.2"": 0, ""0.5"": 0, ""1.0"": 0, ""2.0"": 0, ""4.0"": 0}",0.02283898599486056,0.16422703331105337,1.0,0.12636718750000003,100,0,0
paper-2,paper,2.0,LBQCD-D02-unequal-min030-K10,unequal,missing,LBQCD-D02-unequal-min030-K10/missing,1,update,0,0.0,400,400,0.47271609999006614,400,51200,51200,51200,13107200,0.0,0,0,0,"{""0.2"": 0, ""0.5"": 0, ""1.0"": 0, ""2.0"": 0, ""4.0"": 0}",0.04044760340993614,0.20040628052595236,0.97,0.16304687499999995,150,0,0
paper-2,paper,2.0,LBQCD-D02-unequal-min030-K10,unequal,missing,LBQCD-D02-unequal-min030-K10/missing,2,update,0,0.0,400,400,0.5160126999981003,400,51200,51200,51200,13107200,0.0,0,0,0,"{""0.2"": 0, ""0.5"": 0, ""1.0"": 0, ""2.0"": 0, ""4.0"": 0}",0.03173079760925712,0.1735592920899097,0.9199999999999999,0.21617187499999999,200,0,0
paper-4,paper,4.0,LBQCD-D02-unequal-min030-K10,unequal,missing,LBQCD-D02-unequal-min030-K10/missing,0,update,0,0.0,400,400,0.5783306999946944,400,51200,51200,51200,13107200,0.0,0,0,0,"{""0.2"": 0, ""0.5"": 0, ""1.0"": 0, ""2.0"": 0, ""4.0"": 0}",0.039189737134271097,0.25919885228228445,0.9199999999999999,0.20511718750000005,200,0,0
paper-4,paper,4.0,LBQCD-D02-unequal-min030-K10,unequal,missing,LBQCD-D02-unequal-min030-K10/missing,1,update,0,0.0,400,400,0.565862699993886,400,51200,51200,51200,13107200,0.0,0,0,0,"{""0.2"": 0, ""0.5"": 0, ""1.0"": 0, ""2.0"": 0, ""4.0"": 0}",0.08003847826973431,0.36024381769005537,0.9199999999999999,0.36308593749999996,150,0,0
paper-4,paper,4.0,LBQCD-D02-unequal-min030-K10,unequal,missing,LBQCD-D02-unequal-min030-K10/missing,2,update,0,0.0,400,400,0.5772485000052257,400,51200,51200,51200,13107200,0.0,0,0,0,"{""0.2"": 0, ""0.5"": 0, ""1.0"": 0, ""2.0"": 0, ""4.0"": 0}",0.05562454690756091,0.2973077456553508,0.9199999999999999,0.3062890625,400,1,0
qld-v1,qld,0.5,LBQCD-D02-unequal-min030-K10,unequal,missing,LBQCD-D02-unequal-min030-K10/missing,0,update,0,0.7,400,400,0.27131749999534804,400,51200,51200,51200,3932160,501760.0,0,0,0,"{""0.2"": 0, ""0.5"": 0, ""1.0"": 0, ""2.0"": 0, ""4.0"": 0}",0.014100504410299752,0.12092692962826151,1.0,0.130234375,100,0,0
qld-v1,qld,0.5,LBQCD-D02-unequal-min030-K10,unequal,missing,LBQCD-D02-unequal-min030-K10/missing,1,update,0,0.7,400,400,0.3800193999923067,400,51200,51200,51200,3932160,501760.0,0,0,0,"{""0.2"": 0, ""0.5"": 0, ""1.0"": 0, ""2.0"": 0, ""4.0"": 0}",0.024073892882391812,0.1345090863019206,0.97,0.11382812499999999,100,0,0
qld-v1,qld,0.5,LBQCD-D02-unequal-min030-K10,unequal,missing,LBQCD-D02-unequal-min030-K10/missing,2,update,0,0.7,400,400,0.3541447000025073,400,51200,51200,51200,3932160,501760.0,0,0,0,"{""0.2"": 0, ""0.5"": 0, ""1.0"": 0, ""2.0"": 0, ""4.0"": 0}",0.02173372168271248,0.14106885729662097,0.97,0.17566406249999997,150,0,0
rsr-M1024-f0.60-e,rsr,0.5,LBQCD-D02-unequal-min030-K10,unequal,missing,LBQCD-D02-unequal-min030-K10/missing,0,examples,1024,0.6,40,40,0.0930823000089731,400,51200,26624,26624,524288,491520.0,0,0,0,"{""0.2"": 0, ""0.5"": 0, ""1.0"": 0, ""2.0"": 0, ""4.0"": 0}",0.5329999968546049,1.3181755548523442,0.7899999999999999,0.6271875,40,1,0
rsr-M1024-f0.60-e,rsr,0.5,LBQCD-D02-unequal-min030-K10,unequal,missing,LBQCD-D02-unequal-min030-K10/missing,1,examples,1024,0.6,40,40,0.08788610000920016,400,51200,26624,26624,524288,491520.0,0,0,0,"{""0.2"": 0, ""0.5"": 0, ""1.0"": 0, ""2.0"": 0, ""4.0"": 0}",0.4894103849429998,1.361112897971912,0.7899999999999999,0.750234375,40,1,0
rsr-M1024-f0.60-e,rsr,0.5,LBQCD-D02-unequal-min030-K10,unequal,missing,LBQCD-D02-unequal-min030-K10/missing,2,examples,1024,0.6,40,40,0.11775820000912063,400,51200,26624,26624,524288,491520.0,0,0,0,"{""0.2"": 0, ""0.5"": 0, ""1.0"": 0, ""2.0"": 0, ""4.0"": 0}",0.507111463809033,1.4410182766861483,0.7899999999999999,0.7375390625,40,1,0
rsr-M1024-f0.60-u,rsr,0.5,LBQCD-D02-unequal-min030-K10,unequal,missing,LBQCD-D02-unequal-min030-K10/missing,0,update,1024,0.6,400,400,0.9721480000007432,4000,512000,266240,266240,5242880,4915200.0,0,0,0,"{""0.2"": 0, ""0.5"": 0, ""1.0"": 0, ""2.0"": 0, ""4.0"": 0}",0.012068473084816844,0.12376373840921556,1.0,0.1083203125,100,0,0
rsr-M1024-f0.60-u,rsr,0.5,LBQCD-D02-unequal-min030-K10,unequal,missing,LBQCD-D02-unequal-min030-K10/missing,1,update,1024,0.6,400,400,0.9879489000013564,4000,512000,266240,266240,5242880,4915200.0,0,0,0,"{""0.2"": 0, ""0.5"": 0, ""1.0"": 0, ""2.0"": 0, ""4.0"": 0}",0.018124135419444576,0.1244940313813025,1.0,0.1271875,100,0,0
rsr-M1024-f0.60-u,rsr,0.5,LBQCD-D02-unequal-min030-K10,unequal,missing,LBQCD-D02-unequal-min030-K10/missing,2,update,1024,0.6,400,400,1.076026800001273,4000,512000,266240,266240,5242880,4915200.0,0,0,0,"{""0.2"": 0, ""0.5"": 0, ""1.0"": 0, ""2.0"": 0, ""4.0"": 0}",0.018695729960114704,0.1270043351535152,0.97,0.15417968749999997,100,0,0
rsr-M1024-f0.80-e,rsr,0.5,LBQCD-D02-unequal-min030-K10,unequal,missing,LBQCD-D02-unequal-min030-K10/missing,0,examples,1024,0.8,31,31,0.12327179999556392,406,51968,26368,26368,196608,512000.0,0,0,0,"{""0.2"": 0, ""0.5"": 0, ""1.0"": 0, ""2.0"": 0, ""4.0"": 0}",0.6001681439944582,1.4218492000152372,0.7899999999999999,0.62328125,31,1,0
rsr-M1024-f0.80-e,rsr,0.5,LBQCD-D02-unequal-min030-K10,unequal,missing,LBQCD-D02-unequal-min030-K10/missing,1,examples,1024,0.8,31,31,0.07888299999467563,406,51968,26368,26368,196608,512000.0,0,0,0,"{""0.2"": 0, ""0.5"": 0, ""1.0"": 0, ""2.0"": 0, ""4.0"": 0}",0.5498952738494707,1.4447606892394318,0.7899999999999999,0.7163671875000001,31,1,0
rsr-M1024-f0.80-e,rsr,0.5,LBQCD-D02-unequal-min030-K10,unequal,missing,LBQCD-D02-unequal-min030-K10/missing,2,examples,1024,0.8,31,31,0.0743466999992961,406,51968,26368,26368,196608,512000.0,0,0,0,"{""0.2"": 0, ""0.5"": 0, ""1.0"": 0, ""2.0"": 0, ""4.0"": 0}",0.5741053527922197,1.5134352521680758,0.7,0.7537109375000001,31,1,0
rsr-M1024-f0.80-u,rsr,0.5,LBQCD-D02-unequal-min030-K10,unequal,missing,LBQCD-D02-unequal-min030-K10/missing,0,update,1024,0.8,400,400,1.1321346999902744,5200,665600,337920,337920,2621440,6553600.0,0,0,0,"{""0.2"": 0, ""0.5"": 0, ""1.0"": 0, ""2.0"": 0, ""4.0"": 0}",0.01151323084044309,0.11445015063848903,1.0,0.1233984375,100,0,0
rsr-M1024-f0.80-u,rsr,0.5,LBQCD-D02-unequal-min030-K10,unequal,missing,LBQCD-D02-unequal-min030-K10/missing,1,update,1024,0.8,400,400,1.1630961000046227,5200,665600,337920,337920,2621440,6553600.0,0,0,0,"{""0.2"": 0, ""0.5"": 0, ""1.0"": 0, ""2.0"": 0, ""4.0"": 0}",0.018794635446421237,0.12048141260207172,1.0,0.1343359375,100,0,0
rsr-M1024-f0.80-u,rsr,0.5,LBQCD-D02-unequal-min030-K10,unequal,missing,LBQCD-D02-unequal-min030-K10/missing,2,update,1024,0.8,400,400,1.1270113000064157,5200,665600,337920,337920,2621440,6553600.0,0,0,0,"{""0.2"": 0, ""0.5"": 0, ""1.0"": 0, ""2.0"": 0, ""4.0"": 0}",0.015946169275053546,0.12368630820533023,1.0,0.09265624999999998,100,0,0
rsr-M512-f0.60-e,rsr,0.5,LBQCD-D02-unequal-min030-K10,unequal,missing,LBQCD-D02-unequal-min030-K10/missing,0,examples,512,0.6,77,77,0.14863970001169946,399,51072,27520,27520,1015808,423936.0,0,0,0,"{""0.2"": 0, ""0.5"": 0, ""1.0"": 0, ""2.0"": 0, ""4.0"": 0}",0.07991406625667863,0.4780040213736684,0.8599999999999999,0.472421875,77,1,0
rsr-M512-f0.60-e,rsr,0.5,LBQCD-D02-unequal-min030-K10,unequal,missing,LBQCD-D02-unequal-min030-K10/missing,1,examples,512,0.6,77,77,0.1286407000006875,399,51072,27520,27520,1015808,423936.0,0,0,0,"{""0.2"": 0, ""0.5"": 0, ""1.0"": 0, ""2.0"": 0, ""4.0"": 0}",0.09014813666795418,0.45683401794683803,0.8599999999999999,0.4671875,77,1,0
rsr-M512-f0.60-e,rsr,0.5,LBQCD-D02-unequal-min030-K10,unequal,missing,LBQCD-D02-unequal-min030-K10/missing,2,examples,512,0.6,77,77,0.16853969999647234,399,51072,27520,27520,1015808,423936.0,0,0,0,"{""0.2"": 0, ""0.5"": 0, ""1.0"": 0, ""2.0"": 0, ""4.0"": 0}",0.14695900155829378,0.539778713973445,0.7899999999999999,0.4460546875,77,1,0
rsr-M512-f0.60-u,rsr,0.5,LBQCD-D02-unequal-min030-K10,unequal,missing,LBQCD-D02-unequal-min030-K10/missing,0,update,512,0.6,400,400,0.6263794999977108,2080,266240,143360,143360,5242880,2211840.0,0,0,0,"{""0.2"": 0, ""0.5"": 0, ""1.0"": 0, ""2.0"": 0, ""4.0"": 0}",0.014995193174694332,0.1275125382715252,0.97,0.11875000000000001,100,0,0
rsr-M512-f0.60-u,rsr,0.5,LBQCD-D02-unequal-min030-K10,unequal,missing,LBQCD-D02-unequal-min030-K10/missing,1,update,512,0.6,400,400,0.590962699992815,2080,266240,143360,143360,5242880,2211840.0,0,0,0,"{""0.2"": 0, ""0.5"": 0, ""1.0"": 0, ""2.0"": 0, ""4.0"": 0}",0.022896516311761816,0.1286108058391628,0.97,0.15062499999999998,100,0,0
rsr-M512-f0.60-u,rsr,0.5,LBQCD-D02-unequal-min030-K10,unequal,missing,LBQCD-D02-unequal-min030-K10/missing,2,update,512,0.6,400,400,0.7135217000031844,2080,266240,143360,143360,5242880,2211840.0,0,0,0,"{""0.2"": 0, ""0.5"": 0, ""1.0"": 0, ""2.0"": 0, ""4.0"": 0}",0.022006850986416193,0.13476909922683677,0.97,0.15417968749999997,100,0,0
rsr-M512-f0.80-e,rsr,0.5,LBQCD-D02-unequal-min030-K10,unequal,missing,LBQCD-D02-unequal-min030-K10/missing,0,examples,512,0.8,61,61,0.11136559999431483,404,51712,26624,26624,393216,451584.0,0,0,0,"{""0.2"": 0, ""0.5"": 0, ""1.0"": 0, ""2.0"": 0, ""4.0"": 0}",0.0826831454826058,0.4777626805849955,0.8599999999999999,0.4714453125,61,1,0
rsr-M512-f0.80-e,rsr,0.5,LBQCD-D02-unequal-min030-K10,unequal,missing,LBQCD-D02-unequal-min030-K10/missing,1,examples,512,0.8,61,61,0.13937129999976605,404,51712,26624,26624,393216,451584.0,0,0,0,"{""0.2"": 0, ""0.5"": 0, ""1.0"": 0, ""2.0"": 0, ""4.0"": 0}",0.09082483203038105,0.46296316586558817,0.8599999999999999,0.4323828125,61,1,0
rsr-M512-f0.80-e,rsr,0.5,LBQCD-D02-unequal-min030-K10,unequal,missing,LBQCD-D02-unequal-min030-K10/missing,2,examples,512,0.8,61,61,0.13076580000051763,404,51712,26624,26624,393216,451584.0,0,0,0,"{""0.2"": 0, ""0.5"": 0, ""1.0"": 0, ""2.0"": 0, ""4.0"": 0}",0.143110235153459,0.5782422388480651,0.7899999999999999,0.4858203125,61,1,0
rsr-M512-f0.80-u,rsr,0.5,LBQCD-D02-unequal-min030-K10,unequal,missing,LBQCD-D02-unequal-min030-K10/missing,0,update,512,0.8,400,400,0.7520535000076052,2640,337920,174080,174080,2621440,2949120.0,0,0,0,"{""0.2"": 0, ""0.5"": 0, ""1.0"": 0, ""2.0"": 0, ""4.0"": 0}",0.011375196471673732,0.11220168373697147,1.0,0.12265625000000001,100,0,0
rsr-M512-f0.80-u,rsr,0.5,LBQCD-D02-unequal-min030-K10,unequal,missing,LBQCD-D02-unequal-min030-K10/missing,1,update,512,0.8,400,400,0.6592895999929169,2640,337920,174080,174080,2621440,2949120.0,0,0,0,"{""0.2"": 0, ""0.5"": 0, ""1.0"": 0, ""2.0"": 0, ""4.0"": 0}",0.020846997730867622,0.12422451884532805,1.0,0.1362890625,100,0,0
rsr-M512-f0.80-u,rsr,0.5,LBQCD-D02-unequal-min030-K10,unequal,missing,LBQCD-D02-unequal-min030-K10/missing,2,update,512,0.8,400,400,0.6733996999973897,2640,337920,174080,174080,2621440,2949120.0,0,0,0,"{""0.2"": 0, ""0.5"": 0, ""1.0"": 0, ""2.0"": 0, ""4.0"": 0}",0.014556796825104357,0.1383641382470116,0.97,0.1115625,100,0,0
paper-0.2,paper,0.2,LBQCD-D03-unequal-min020-K12,unequal,concentrated,LBQCD-D03-unequal-min020-K12/concentrated,0,update,0,0.0,400,400,0.8579836999997497,400,51200,51200,51200,13107200,0.0,0,0,0,"{""0.2"": 0, ""0.5"": 0, ""1.0"": 0, ""2.0"": 0, ""4.0"": 0}",0.012730792916066935,0.1813495890052744,0.9599999999999997,0.15027343749999997,100,0,0
paper-0.2,paper,0.2,LBQCD-D03-unequal-min020-K12,unequal,concentrated,LBQCD-D03-unequal-min020-K12/concentrated,1,update,0,0.0,400,400,0.6850411000050372,400,51200,51200,51200,13107200,0.0,0,0,0,"{""0.2"": 0, ""0.5"": 0, ""1.0"": 0, ""2.0"": 0, ""4.0"": 0}",0.013144531822283145,0.1866259656826783,0.9599999999999997,0.13097656250000003,50,0,0
paper-0.2,paper,0.2,LBQCD-D03-unequal-min020-K12,unequal,concentrated,LBQCD-D03-unequal-min020-K12/concentrated,2,update,0,0.0,400,400,0.897684700001264,400,51200,51200,51200,13107200,0.0,0,0,0,"{""0.2"": 0, ""0.5"": 0, ""1.0"": 0, ""2.0"": 0, ""4.0"": 0}",0.014214705250000126,0.2545263037529239,0.9599999999999997,0.10687499999999997,50,0,0
paper-0.5,paper,0.5,LBQCD-D03-unequal-min020-K12,unequal,concentrated,LBQCD-D03-unequal-min020-K12/concentrated,0,update,0,0.0,400,400,0.8125654000032227,400,51200,51200,51200,13107200,0.0,0,0,0,"{""0.2"": 0, ""0.5"": 0, ""1.0"": 0, ""2.0"": 0, ""4.0"": 0}",0.024744153546066183,0.19762546713776813,0.9599999999999997,0.17222656249999999,50,0,0
paper-0.5,paper,0.5,LBQCD-D03-unequal-min020-K12,unequal,concentrated,LBQCD-D03-unequal-min020-K12/concentrated,1,update,0,0.0,400,400,0.9747090000018943,400,51200,51200,51200,13107200,0.0,0,0,0,"{""0.2"": 0, ""0.5"": 0, ""1.0"": 0, ""2.0"": 0, ""4.0"": 0}",0.012028020949468754,0.19567971463970726,0.9599999999999997,0.13421875,100,0,0
paper-0.5,paper,0.5,LBQCD-D03-unequal-min020-K12,unequal,concentrated,LBQCD-D03-unequal-min020-K12/concentrated,2,update,0,0.0,400,400,0.7937504000001354,400,51200,51200,51200,13107200,0.0,0,0,0,"{""0.2"": 0, ""0.5"": 0, ""1.0"": 0, ""2.0"": 0, ""4.0"": 0}",0.014405302788568886,0.22158551633093052,0.9599999999999997,0.10699218749999995,50,0,0
paper-1,paper,1.0,LBQCD-D03-unequal-min020-K12,unequal,concentrated,LBQCD-D03-unequal-min020-K12/concentrated,0,update,0,0.0,400,400,0.9144403999962378,400,51200,51200,51200,13107200,0.0,0,0,0,"{""0.2"": 0, ""0.5"": 0, ""1.0"": 0, ""2.0"": 0, ""4.0"": 0}",0.02667827764315156,0.210789828929777,0.9599999999999997,0.1869140625,100,0,0
paper-1,paper,1.0,LBQCD-D03-unequal-min020-K12,unequal,concentrated,LBQCD-D03-unequal-min020-K12/concentrated,1,update,0,0.0,400,400,0.6013697000016691,400,51200,51200,51200,13107200,0.0,0,0,0,"{""0.2"": 0, ""0.5"": 0, ""1.0"": 0, ""2.0"": 0, ""4.0"": 0}",0.01401050351080535,0.20047359791908193,0.9599999999999997,0.1601562500000001,100,0,0
paper-1,paper,1.0,LBQCD-D03-unequal-min020-K12,unequal,concentrated,LBQCD-D03-unequal-min020-K12/concentrated,2,update,0,0.0,400,400,0.6467395999934524,400,51200,51200,51200,13107200,0.0,0,0,0,"{""0.2"": 0, ""0.5"": 0, ""1.0"": 0, ""2.0"": 0, ""4.0"": 0}",0.017445688063601583,0.20614122927709475,0.9599999999999997,0.1185546875,50,0,0
paper-2,paper,2.0,LBQCD-D03-unequal-min020-K12,unequal,concentrated,LBQCD-D03-unequal-min020-K12/concentrated,0,update,0,0.0,400,400,0.6366201000055298,400,51200,51200,51200,13107200,0.0,0,0,0,"{""0.2"": 0, ""0.5"": 0, ""1.0"": 0, ""2.0"": 0, ""4.0"": 0}",0.026621643122966443,0.21646847408805744,0.9599999999999997,0.21152343749999988,200,0,0
paper-2,paper,2.0,LBQCD-D03-unequal-min020-K12,unequal,concentrated,LBQCD-D03-unequal-min020-K12/concentrated,1,update,0,0.0,400,400,0.7276338000083342,400,51200,51200,51200,13107200,0.0,0,0,0,"{""0.2"": 0, ""0.5"": 0, ""1.0"": 0, ""2.0"": 0, ""4.0"": 0}",0.016278849026964526,0.2032105785227276,0.9599999999999997,0.1675,150,0,0
paper-2,paper,2.0,LBQCD-D03-unequal-min020-K12,unequal,concentrated,LBQCD-D03-unequal-min020-K12/concentrated,2,update,0,0.0,400,400,0.7284407999977702,400,51200,51200,51200,13107200,0.0,0,0,0,"{""0.2"": 0, ""0.5"": 0, ""1.0"": 0, ""2.0"": 0, ""4.0"": 0}",0.018550001467450006,0.20990420313416355,0.9599999999999997,0.14921874999999993,150,0,0
paper-4,paper,4.0,LBQCD-D03-unequal-min020-K12,unequal,concentrated,LBQCD-D03-unequal-min020-K12/concentrated,0,update,0,0.0,400,400,0.7476652000041213,400,51200,51200,51200,13107200,0.0,0,0,0,"{""0.2"": 0, ""0.5"": 0, ""1.0"": 0, ""2.0"": 0, ""4.0"": 0}",0.03318757174559961,0.2507867283444663,0.9199999999999997,0.26171874999999994,300,0,0
paper-4,paper,4.0,LBQCD-D03-unequal-min020-K12,unequal,concentrated,LBQCD-D03-unequal-min020-K12/concentrated,1,update,0,0.0,400,400,0.8811786000005668,400,51200,51200,51200,13107200,0.0,0,0,0,"{""0.2"": 0, ""0.5"": 0, ""1.0"": 0, ""2.0"": 0, ""4.0"": 0}",0.01518365760271978,0.19990334420090575,0.9199999999999997,0.15863281249999997,150,0,0
paper-4,paper,4.0,LBQCD-D03-unequal-min020-K12,unequal,concentrated,LBQCD-D03-unequal-min020-K12/concentrated,2,update,0,0.0,400,400,0.5093162999983178,400,51200,51200,51200,13107200,0.0,0,0,0,"{""0.2"": 0, ""0.5"": 0, ""1.0"": 0, ""2.0"": 0, ""4.0"": 0}",0.020240250871314203,0.23317224788005766,0.9599999999999997,0.16488281249999995,50,0,0
qld-v1,qld,0.5,LBQCD-D03-unequal-min020-K12,unequal,concentrated,LBQCD-D03-unequal-min020-K12/concentrated,0,update,0,0.7,400,400,0.3472955000033835,400,51200,51200,51200,3932160,501760.0,0,0,0,"{""0.2"": 0, ""0.5"": 0, ""1.0"": 0, ""2.0"": 0, ""4.0"": 0}",0.02499780656081363,0.21448727566548098,0.9599999999999997,0.20496093749999997,100,0,0
qld-v1,qld,0.5,LBQCD-D03-unequal-min020-K12,unequal,concentrated,LBQCD-D03-unequal-min020-K12/concentrated,1,update,0,0.7,400,400,0.4244036000018241,400,51200,51200,51200,3932160,501760.0,0,0,0,"{""0.2"": 0, ""0.5"": 0, ""1.0"": 0, ""2.0"": 0, ""4.0"": 0}",0.01425116998765974,0.21463406035254584,0.9599999999999997,0.14699218749999998,100,0,0
qld-v1,qld,0.5,LBQCD-D03-unequal-min020-K12,unequal,concentrated,LBQCD-D03-unequal-min020-K12/concentrated,2,update,0,0.7,400,400,0.339759900001809,400,51200,51200,51200,3932160,501760.0,0,0,0,"{""0.2"": 0, ""0.5"": 0, ""1.0"": 0, ""2.0"": 0, ""4.0"": 0}",0.014304087182607006,0.24507581006899903,0.9599999999999997,0.14980468750000006,150,0,0
rsr-M1024-f0.60-e,rsr,0.5,LBQCD-D03-unequal-min020-K12,unequal,concentrated,LBQCD-D03-unequal-min020-K12/concentrated,0,examples,1024,0.6,40,40,0.11218430000008084,400,51200,26624,26624,524288,491520.0,0,0,0,"{""0.2"": 0, ""0.5"": 0, ""1.0"": 0, ""2.0"": 0, ""4.0"": 0}",0.16655754259887878,0.7570597737854711,0.5699999999999998,0.7073437500000002,40,1,0
rsr-M1024-f0.60-e,rsr,0.5,LBQCD-D03-unequal-min020-K12,unequal,concentrated,LBQCD-D03-unequal-min020-K12/concentrated,1,examples,1024,0.6,40,40,0.11258660000748932,400,51200,26624,26624,524288,491520.0,0,0,0,"{""0.2"": 0, ""0.5"": 0, ""1.0"": 0, ""2.0"": 0, ""4.0"": 0}",0.23650906862626275,0.8867218819657957,0.5699999999999998,0.8418359375,40,1,0
rsr-M1024-f0.60-e,rsr,0.5,LBQCD-D03-unequal-min020-K12,unequal,concentrated,LBQCD-D03-unequal-min020-K12/concentrated,2,examples,1024,0.6,40,40,0.10719369999424089,400,51200,26624,26624,524288,491520.0,0,0,0,"{""0.2"": 0, ""0.5"": 0, ""1.0"": 0, ""2.0"": 0, ""4.0"": 0}",0.23278628740473906,0.91510327960717,0.5699999999999998,0.8418359375,40,1,0
rsr-M1024-f0.60-u,rsr,0.5,LBQCD-D03-unequal-min020-K12,unequal,concentrated,LBQCD-D03-unequal-min020-K12/concentrated,0,update,1024,0.6,400,400,1.0454176000057487,4000,512000,266240,266240,5242880,4915200.0,0,0,0,"{""0.2"": 0, ""0.5"": 0, ""1.0"": 0, ""2.0"": 0, ""4.0"": 0}",0.01926590294409536,0.19868174823191656,0.9599999999999997,0.15828125,100,0,0
rsr-M1024-f0.60-u,rsr,0.5,LBQCD-D03-unequal-min020-K12,unequal,concentrated,LBQCD-D03-unequal-min020-K12/concentrated,1,update,1024,0.6,400,400,1.0107699999934994,4000,512000,266240,266240,5242880,4915200.0,0,0,0,"{""0.2"": 0, ""0.5"": 0, ""1.0"": 0, ""2.0"": 0, ""4.0"": 0}",0.01262750301982063,0.22112434330610253,0.9599999999999997,0.12847656249999995,100,0,0
rsr-M1024-f0.60-u,rsr,0.5,LBQCD-D03-unequal-min020-K12,unequal,concentrated,LBQCD-D03-unequal-min020-K12/concentrated,2,update,1024,0.6,400,400,1.1609901999909198,4000,512000,266240,266240,5242880,4915200.0,0,0,0,"{""0.2"": 0, ""0.5"": 0, ""1.0"": 0, ""2.0"": 0, ""4.0"": 0}",0.016447879767380602,0.24312943433543774,0.9599999999999997,0.12046874999999996,100,0,0
rsr-M1024-f0.80-e,rsr,0.5,LBQCD-D03-unequal-min020-K12,unequal,concentrated,LBQCD-D03-unequal-min020-K12/concentrated,0,examples,1024,0.8,31,31,0.10844429999997374,406,51968,26368,26368,196608,512000.0,0,0,0,"{""0.2"": 0, ""0.5"": 0, ""1.0"": 0, ""2.0"": 0, ""4.0"": 0}",0.2451576533299491,0.890697329077919,0.5699999999999998,0.9040625,31,1,0
rsr-M1024-f0.80-e,rsr,0.5,LBQCD-D03-unequal-min020-K12,unequal,concentrated,LBQCD-D03-unequal-min020-K12/concentrated,1,examples,1024,0.8,31,31,0.1053472000057809,406,51968,26368,26368,196608,512000.0,0,0,0,"{""0.2"": 0, ""0.5"": 0, ""1.0"": 0, ""2.0"": 0, ""4.0"": 0}",0.3084808336540137,1.0085167941234985,0.5699999999999998,0.9277734375,31,1,0
rsr-M1024-f0.80-e,rsr,0.5,LBQCD-D03-unequal-min020-K12,unequal,concentrated,LBQCD-D03-unequal-min020-K12/concentrated,2,examples,1024,0.8,31,31,0.09633349999785423,406,51968,26368,26368,196608,512000.0,0,0,0,"{""0.2"": 0, ""0.5"": 0, ""1.0"": 0, ""2.0"": 0, ""4.0"": 0}",0.3451707493116518,1.0816253448282602,0.5699999999999998,0.8600000000000001,31,1,0
rsr-M1024-f0.80-u,rsr,0.5,LBQCD-D03-unequal-min020-K12,unequal,concentrated,LBQCD-D03-unequal-min020-K12/concentrated,0,update,1024,0.8,400,400,1.3500084000115748,5200,665600,337920,337920,2621440,6553600.0,0,0,0,"{""0.2"": 0, ""0.5"": 0, ""1.0"": 0, ""2.0"": 0, ""4.0"": 0}",0.01581457697137667,0.19156095163448753,0.9599999999999997,0.11679687500000002,100,0,0
rsr-M1024-f0.80-u,rsr,0.5,LBQCD-D03-unequal-min020-K12,unequal,concentrated,LBQCD-D03-unequal-min020-K12/concentrated,1,update,1024,0.8,400,400,1.2834310999896843,5200,665600,337920,337920,2621440,6553600.0,0,0,0,"{""0.2"": 0, ""0.5"": 0, ""1.0"": 0, ""2.0"": 0, ""4.0"": 0}",0.012682385930758322,0.2195801585308671,0.9599999999999997,0.13796874999999997,100,0,0
rsr-M1024-f0.80-u,rsr,0.5,LBQCD-D03-unequal-min020-K12,unequal,concentrated,LBQCD-D03-unequal-min020-K12/concentrated,2,update,1024,0.8,400,400,1.4111855999944964,5200,665600,337920,337920,2621440,6553600.0,0,0,0,"{""0.2"": 0, ""0.5"": 0, ""1.0"": 0, ""2.0"": 0, ""4.0"": 0}",0.014602330293238985,0.23957243805687375,0.9599999999999997,0.1234765625,100,0,0
rsr-M512-f0.60-e,rsr,0.5,LBQCD-D03-unequal-min020-K12,unequal,concentrated,LBQCD-D03-unequal-min020-K12/concentrated,0,examples,512,0.6,77,77,0.15054570000211243,399,51072,27520,27520,1015808,423936.0,0,0,0,"{""0.2"": 0, ""0.5"": 0, ""1.0"": 0, ""2.0"": 0, ""4.0"": 0}",0.06501757626688409,0.4610792192546653,0.7599999999999999,0.4832421874999999,77,1,0
rsr-M512-f0.60-e,rsr,0.5,LBQCD-D03-unequal-min020-K12,unequal,concentrated,LBQCD-D03-unequal-min020-K12/concentrated,1,examples,512,0.6,77,77,0.13464220000605565,399,51072,27520,27520,1015808,423936.0,0,0,0,"{""0.2"": 0, ""0.5"": 0, ""1.0"": 0, ""2.0"": 0, ""4.0"": 0}",0.10216260705142499,0.5615341039110826,0.7599999999999999,0.5262109374999999,77,1,0
rsr-M512-f0.60-e,rsr,0.5,LBQCD-D03-unequal-min020-K12,unequal,concentrated,LBQCD-D03-unequal-min020-K12/concentrated,2,examples,512,0.6,77,77,0.137899399996968,399,51072,27520,27520,1015808,423936.0,0,0,0,"{""0.2"": 0, ""0.5"": 0, ""1.0"": 0, ""2.0"": 0, ""4.0"": 0}",0.09002779815280526,0.4989066316219028,0.9199999999999997,0.4891015624999999,77,1,0
rsr-M512-f0.60-u,rsr,0.5,LBQCD-D03-unequal-min020-K12,unequal,concentrated,LBQCD-D03-unequal-min020-K12/concentrated,0,update,512,0.6,400,400,0.6559751000022516,2080,266240,143360,143360,5242880,2211840.0,0,0,0,"{""0.2"": 0, ""0.5"": 0, ""1.0"": 0, ""2.0"": 0, ""4.0"": 0}",0.020726157326909966,0.201124991846042,0.9599999999999997,0.18687499999999999,100,0,0
rsr-M512-f0.60-u,rsr,0.5,LBQCD-D03-unequal-min020-K12,unequal,concentrated,LBQCD-D03-unequal-min020-K12/concentrated,1,update,512,0.6,400,400,0.7910629999969387,2080,266240,143360,143360,5242880,2211840.0,0,0,0,"{""0.2"": 0, ""0.5"": 0, ""1.0"": 0, ""2.0"": 0, ""4.0"": 0}",0.01254378808351575,0.2024384262746478,0.9599999999999997,0.13062500000000005,100,0,0
rsr-M512-f0.60-u,rsr,0.5,LBQCD-D03-unequal-min020-K12,unequal,concentrated,LBQCD-D03-unequal-min020-K12/concentrated,2,update,512,0.6,400,400,0.7644672000024002,2080,266240,143360,143360,5242880,2211840.0,0,0,0,"{""0.2"": 0, ""0.5"": 0, ""1.0"": 0, ""2.0"": 0, ""4.0"": 0}",0.015057884431087132,0.2286293262669142,0.9599999999999997,0.11855468750000006,100,0,0
rsr-M512-f0.80-e,rsr,0.5,LBQCD-D03-unequal-min020-K12,unequal,concentrated,LBQCD-D03-unequal-min020-K12/concentrated,0,examples,512,0.8,61,61,0.10855160000210162,404,51712,26624,26624,393216,451584.0,0,0,0,"{""0.2"": 0, ""0.5"": 0, ""1.0"": 0, ""2.0"": 0, ""4.0"": 0}",0.06341798050582659,0.4527249087942047,0.7599999999999999,0.4705468749999999,61,1,0
rsr-M512-f0.80-e,rsr,0.5,LBQCD-D03-unequal-min020-K12,unequal,concentrated,LBQCD-D03-unequal-min020-K12/concentrated,1,examples,512,0.8,61,61,0.10183990000223275,404,51712,26624,26624,393216,451584.0,0,0,0,"{""0.2"": 0, ""0.5"": 0, ""1.0"": 0, ""2.0"": 0, ""4.0"": 0}",0.10072870781813181,0.5557053205887018,0.7599999999999999,0.5610546875,61,1,0
rsr-M512-f0.80-e,rsr,0.5,LBQCD-D03-unequal-min020-K12,unequal,concentrated,LBQCD-D03-unequal-min020-K12/concentrated,2,examples,512,0.8,61,61,0.10560689998965245,404,51712,26624,26624,393216,451584.0,0,0,0,"{""0.2"": 0, ""0.5"": 0, ""1.0"": 0, ""2.0"": 0, ""4.0"": 0}",0.08506235360165171,0.48444930207154585,0.9199999999999997,0.4900781249999999,61,1,0
rsr-M512-f0.80-u,rsr,0.5,LBQCD-D03-unequal-min020-K12,unequal,concentrated,LBQCD-D03-unequal-min020-K12/concentrated,0,update,512,0.8,400,400,0.7936231000057887,2640,337920,174080,174080,2621440,2949120.0,0,0,0,"{""0.2"": 0, ""0.5"": 0, ""1.0"": 0, ""2.0"": 0, ""4.0"": 0}",0.01835486437695444,0.1992417326795242,0.9599999999999997,0.15246093750000003,100,0,0
rsr-M512-f0.80-u,rsr,0.5,LBQCD-D03-unequal-min020-K12,unequal,concentrated,LBQCD-D03-unequal-min020-K12/concentrated,1,update,512,0.8,400,400,0.7993222999939462,2640,337920,174080,174080,2621440,2949120.0,0,0,0,"{""0.2"": 0, ""0.5"": 0, ""1.0"": 0, ""2.0"": 0, ""4.0"": 0}",0.014701533805884903,0.2546927079877677,0.9599999999999997,0.1474609374999999,100,0,0
rsr-M512-f0.80-u,rsr,0.5,LBQCD-D03-unequal-min020-K12,unequal,concentrated,LBQCD-D03-unequal-min020-K12/concentrated,2,update,512,0.8,400,400,0.7939479999913601,2640,337920,174080,174080,2621440,2949120.0,0,0,0,"{""0.2"": 0, ""0.5"": 0, ""1.0"": 0, ""2.0"": 0, ""4.0"": 0}",0.015127636048254622,0.22036261335552315,0.9599999999999997,0.11976562500000004,100,0,0
paper-0.2,paper,0.2,LBQCD-D03-unequal-min020-K12,unequal,missing,LBQCD-D03-unequal-min020-K12/missing,0,update,0,0.0,400,400,0.6991888000047766,400,51200,51200,51200,13107200,0.0,0,0,0,"{""0.2"": 0, ""0.5"": 0, ""1.0"": 0, ""2.0"": 0, ""4.0"": 0}",0.06044094262895516,0.4336544108136424,0.9999999999999998,0.16203125,150,0,0
paper-0.2,paper,0.2,LBQCD-D03-unequal-min020-K12,unequal,missing,LBQCD-D03-unequal-min020-K12/missing,1,update,0,0.0,400,400,0.5118727999943076,400,51200,51200,51200,13107200,0.0,0,0,0,"{""0.2"": 0, ""0.5"": 0, ""1.0"": 0, ""2.0"": 0, ""4.0"": 0}",0.018166571987183744,0.18841396418362522,0.9999999999999998,0.12421875000000004,150,0,0
paper-0.2,paper,0.2,LBQCD-D03-unequal-min020-K12,unequal,missing,LBQCD-D03-unequal-min020-K12/missing,2,update,0,0.0,400,400,0.6508832999970764,400,51200,51200,51200,13107200,0.0,0,0,0,"{""0.2"": 0, ""0.5"": 0, ""1.0"": 0, ""2.0"": 0, ""4.0"": 0}",0.03861245394198143,0.22655001687441906,0.9999999999999998,0.1209375,150,0,0
paper-0.5,paper,0.5,LBQCD-D03-unequal-min020-K12,unequal,missing,LBQCD-D03-unequal-min020-K12/missing,0,update,0,0.0,400,400,0.6596026999905007,400,51200,51200,51200,13107200,0.0,0,0,0,"{""0.2"": 0, ""0.5"": 0, ""1.0"": 0, ""2.0"": 0, ""4.0"": 0}",0.03332367229220434,0.2700719758382332,0.9999999999999998,0.11425781250000003,150,0,0
paper-0.5,paper,0.5,LBQCD-D03-unequal-min020-K12,unequal,missing,LBQCD-D03-unequal-min020-K12/missing,1,update,0,0.0,400,400,0.692736099998001,400,51200,51200,51200,13107200,0.0,0,0,0,"{""0.2"": 0, ""0.5"": 0, ""1.0"": 0, ""2.0"": 0, ""4.0"": 0}",0.029405690238273774,0.1972140186426585,0.9999999999999998,0.13574218750000003,150,0,0
paper-0.5,paper,0.5,LBQCD-D03-unequal-min020-K12,unequal,missing,LBQCD-D03-unequal-min020-K12/missing,2,update,0,0.0,400,400,0.5318119000003207,400,51200,51200,51200,13107200,0.0,0,0,0,"{""0.2"": 0, ""0.5"": 0, ""1.0"": 0, ""2.0"": 0, ""4.0"": 0}",0.03863333540860747,0.21275549013088677,0.9999999999999998,0.10238281250000009,150,0,0
paper-1,paper,1.0,LBQCD-D03-unequal-min020-K12,unequal,missing,LBQCD-D03-unequal-min020-K12/missing,0,update,0,0.0,400,400,0.6211633999919286,400,51200,51200,51200,13107200,0.0,0,0,0,"{""0.2"": 0, ""0.5"": 0, ""1.0"": 0, ""2.0"": 0, ""4.0"": 0}",0.03852209534958373,0.2843659872779431,0.9799999999999998,0.16792968749999995,150,0,0
paper-1,paper,1.0,LBQCD-D03-unequal-min020-K12,unequal,missing,LBQCD-D03-unequal-min020-K12/missing,1,update,0,0.0,400,400,0.7844131000019843,400,51200,51200,51200,13107200,0.0,0,0,0,"{""0.2"": 0, ""0.5"": 0, ""1.0"": 0, ""2.0"": 0, ""4.0"": 0}",0.04347682308979284,0.24754171311890105,0.9799999999999998,0.1915625,200,0,0
paper-1,paper,1.0,LBQCD-D03-unequal-min020-K12,unequal,missing,LBQCD-D03-unequal-min020-K12/missing,2,update,0,0.0,400,400,0.5621650999964913,400,51200,51200,51200,13107200,0.0,0,0,0,"{""0.2"": 0, ""0.5"": 0, ""1.0"": 0, ""2.0"": 0, ""4.0"": 0}",0.053725685182301586,0.27307991274404564,0.9799999999999998,0.19402343749999998,100,0,0
paper-2,paper,2.0,LBQCD-D03-unequal-min020-K12,unequal,missing,LBQCD-D03-unequal-min020-K12/missing,0,update,0,0.0,400,400,0.6450484999950277,400,51200,51200,51200,13107200,0.0,0,0,0,"{""0.2"": 0, ""0.5"": 0, ""1.0"": 0, ""2.0"": 0, ""4.0"": 0}",0.045841918626178035,0.35224738451986154,0.9399999999999997,0.28496093749999996,250,0,0
paper-2,paper,2.0,LBQCD-D03-unequal-min020-K12,unequal,missing,LBQCD-D03-unequal-min020-K12/missing,1,update,0,0.0,400,400,0.5184164999955101,400,51200,51200,51200,13107200,0.0,0,0,0,"{""0.2"": 0, ""0.5"": 0, ""1.0"": 0, ""2.0"": 0, ""4.0"": 0}",0.06555117814724953,0.3237364901809042,0.9399999999999997,0.3161328124999999,300,0,0
paper-2,paper,2.0,LBQCD-D03-unequal-min020-K12,unequal,missing,LBQCD-D03-unequal-min020-K12/missing,2,update,0,0.0,400,400,0.7381366000045091,400,51200,51200,51200,13107200,0.0,0,0,0,"{""0.2"": 0, ""0.5"": 0, ""1.0"": 0, ""2.0"": 0, ""4.0"": 0}",0.07225886304801366,0.31258645947234287,0.9399999999999997,0.3091015624999999,300,0,0
paper-4,paper,4.0,LBQCD-D03-unequal-min020-K12,unequal,missing,LBQCD-D03-unequal-min020-K12/missing,0,update,0,0.0,400,400,0.8549784000060754,400,51200,51200,51200,13107200,0.0,0,0,0,"{""0.2"": 0, ""0.5"": 0, ""1.0"": 0, ""2.0"": 0, ""4.0"": 0}",0.07126734491407083,0.440404974597527,0.8899999999999998,0.41097656249999986,400,1,0
paper-4,paper,4.0,LBQCD-D03-unequal-min020-K12,unequal,missing,LBQCD-D03-unequal-min020-K12/missing,1,update,0,0.0,400,400,0.9113585999875795,400,51200,51200,51200,13107200,0.0,0,0,0,"{""0.2"": 0, ""0.5"": 0, ""1.0"": 0, ""2.0"": 0, ""4.0"": 0}",0.07700519820798046,0.46188742580224884,0.8199999999999998,0.4165234374999999,400,1,0
paper-4,paper,4.0,LBQCD-D03-unequal-min020-K12,unequal,missing,LBQCD-D03-unequal-min020-K12/missing,2,update,0,0.0,400,400,0.769656299991766,400,51200,51200,51200,13107200,0.0,0,0,0,"{""0.2"": 0, ""0.5"": 0, ""1.0"": 0, ""2.0"": 0, ""4.0"": 0}",0.07044889636275853,0.42579129771130386,0.8899999999999998,0.4184765624999999,400,1,0
qld-v1,qld,0.5,LBQCD-D03-unequal-min020-K12,unequal,missing,LBQCD-D03-unequal-min020-K12/missing,0,update,0,0.7,400,400,0.34042400000907946,400,51200,51200,51200,3932160,501760.0,0,0,0,"{""0.2"": 0, ""0.5"": 0, ""1.0"": 0, ""2.0"": 0, ""4.0"": 0}",0.029800663068002553,0.22517295236726345,0.9799999999999998,0.20203124999999997,150,0,0
qld-v1,qld,0.5,LBQCD-D03-unequal-min020-K12,unequal,missing,LBQCD-D03-unequal-min020-K12/missing,1,update,0,0.7,400,400,0.2678184999967925,400,51200,51200,51200,3932160,501760.0,0,0,0,"{""0.2"": 0, ""0.5"": 0, ""1.0"": 0, ""2.0"": 0, ""4.0"": 0}",0.04354896425802801,0.2622926842915012,0.9399999999999997,0.20921874999999998,200,0,0
qld-v1,qld,0.5,LBQCD-D03-unequal-min020-K12,unequal,missing,LBQCD-D03-unequal-min020-K12/missing,2,update,0,0.7,400,400,0.3824505999946268,400,51200,51200,51200,3932160,501760.0,0,0,0,"{""0.2"": 0, ""0.5"": 0, ""1.0"": 0, ""2.0"": 0, ""4.0"": 0}",0.04194607410800488,0.23801101408972405,0.9799999999999998,0.18746093749999995,200,0,0
rsr-M1024-f0.60-e,rsr,0.5,LBQCD-D03-unequal-min020-K12,unequal,missing,LBQCD-D03-unequal-min020-K12/missing,0,examples,1024,0.6,40,40,0.1298473000060767,400,51200,26624,26624,524288,491520.0,0,0,0,"{""0.2"": 0, ""0.5"": 0, ""1.0"": 0, ""2.0"": 0, ""4.0"": 0}",2.241760900923556,3.4195141584894078,0.5499999999999999,1.142578125,40,1,0
rsr-M1024-f0.60-e,rsr,0.5,LBQCD-D03-unequal-min020-K12,unequal,missing,LBQCD-D03-unequal-min020-K12/missing,1,examples,1024,0.6,40,40,0.10874859998875763,400,51200,26624,26624,524288,491520.0,0,0,0,"{""0.2"": 0, ""0.5"": 0, ""1.0"": 0, ""2.0"": 0, ""4.0"": 0}",1.9463013293833784,3.2230217245487065,0.6499999999999999,1.0302343749999998,40,1,0
rsr-M1024-f0.60-e,rsr,0.5,LBQCD-D03-unequal-min020-K12,unequal,missing,LBQCD-D03-unequal-min020-K12/missing,2,examples,1024,0.6,40,40,0.1419958000042243,400,51200,26624,26624,524288,491520.0,0,0,0,"{""0.2"": 0, ""0.5"": 0, ""1.0"": 0, ""2.0"": 0, ""4.0"": 0}",1.7052686425020336,3.1767583703053806,0.6499999999999999,1.0878515624999998,40,1,0
rsr-M1024-f0.60-u,rsr,0.5,LBQCD-D03-unequal-min020-K12,unequal,missing,LBQCD-D03-unequal-min020-K12/missing,0,update,1024,0.6,400,400,1.16205820000323,4000,512000,266240,266240,5242880,4915200.0,0,0,0,"{""0.2"": 0, ""0.5"": 0, ""1.0"": 0, ""2.0"": 0, ""4.0"": 0}",0.02562996053394917,0.21999070917869432,0.9799999999999998,0.19554687499999998,150,0,0
rsr-M1024-f0.60-u,rsr,0.5,LBQCD-D03-unequal-min020-K12,unequal,missing,LBQCD-D03-unequal-min020-K12/missing,1,update,1024,0.6,400,400,1.1744703000003938,4000,512000,266240,266240,5242880,4915200.0,0,0,0,"{""0.2"": 0, ""0.5"": 0, ""1.0"": 0, ""2.0"": 0, ""4.0"": 0}",0.03529541086053234,0.25808487608607183,0.9799999999999998,0.16234374999999998,200,0,0
rsr-M1024-f0.60-u,rsr,0.5,LBQCD-D03-unequal-min020-K12,unequal,missing,LBQCD-D03-unequal-min020-K12/missing,2,update,1024,0.6,400,400,1.1707887999946252,4000,512000,266240,266240,5242880,4915200.0,0,0,0,"{""0.2"": 0, ""0.5"": 0, ""1.0"": 0, ""2.0"": 0, ""4.0"": 0}",0.038076658081961146,0.22945076364961392,0.9799999999999998,0.18453124999999995,150,0,0
rsr-M1024-f0.80-e,rsr,0.5,LBQCD-D03-unequal-min020-K12,unequal,missing,LBQCD-D03-unequal-min020-K12/missing,0,examples,1024,0.8,31,31,0.10353070001292508,406,51968,26368,26368,196608,512000.0,0,0,0,"{""0.2"": 0, ""0.5"": 0, ""1.0"": 0, ""2.0"": 0, ""4.0"": 0}",2.451709855590386,3.494204817081193,0.43999999999999995,1.0891406249999998,31,1,0
rsr-M1024-f0.80-e,rsr,0.5,LBQCD-D03-unequal-min020-K12,unequal,missing,LBQCD-D03-unequal-min020-K12/missing,1,examples,1024,0.8,31,31,0.10348499999963678,406,51968,26368,26368,196608,512000.0,0,0,0,"{""0.2"": 0, ""0.5"": 0, ""1.0"": 0, ""2.0"": 0, ""4.0"": 0}",2.096360733086673,3.2998245842689156,0.5499999999999999,1.1689453125,31,1,0
rsr-M1024-f0.80-e,rsr,0.5,LBQCD-D03-unequal-min020-K12,unequal,missing,LBQCD-D03-unequal-min020-K12/missing,2,examples,1024,0.8,31,31,0.0999186999979429,406,51968,26368,26368,196608,512000.0,0,0,0,"{""0.2"": 0, ""0.5"": 0, ""1.0"": 0, ""2.0"": 0, ""4.0"": 0}",1.8786235871040025,3.2581312276292613,0.5499999999999999,1.0915624999999998,31,1,0
rsr-M1024-f0.80-u,rsr,0.5,LBQCD-D03-unequal-min020-K12,unequal,missing,LBQCD-D03-unequal-min020-K12/missing,0,update,1024,0.8,400,400,1.3749001999967732,5200,665600,337920,337920,2621440,6553600.0,0,0,0,"{""0.2"": 0, ""0.5"": 0, ""1.0"": 0, ""2.0"": 0, ""4.0"": 0}",0.023772046308809358,0.21511666141180433,0.9799999999999998,0.17113281249999998,150,0,0
rsr-M1024-f0.80-u,rsr,0.5,LBQCD-D03-unequal-min020-K12,unequal,missing,LBQCD-D03-unequal-min020-K12/missing,1,update,1024,0.8,400,400,1.2496840999956476,5200,665600,337920,337920,2621440,6553600.0,0,0,0,"{""0.2"": 0, ""0.5"": 0, ""1.0"": 0, ""2.0"": 0, ""4.0"": 0}",0.03153037062494146,0.2437740313900495,0.9799999999999998,0.15976562499999994,200,0,0
rsr-M1024-f0.80-u,rsr,0.5,LBQCD-D03-unequal-min020-K12,unequal,missing,LBQCD-D03-unequal-min020-K12/missing,2,update,1024,0.8,400,400,1.3678049999871291,5200,665600,337920,337920,2621440,6553600.0,0,0,0,"{""0.2"": 0, ""0.5"": 0, ""1.0"": 0, ""2.0"": 0, ""4.0"": 0}",0.03867320281811981,0.22472520550319824,0.9799999999999998,0.17566406250000002,150,0,0
rsr-M512-f0.60-e,rsr,0.5,LBQCD-D03-unequal-min020-K12,unequal,missing,LBQCD-D03-unequal-min020-K12/missing,0,examples,512,0.6,77,77,0.14229400000476744,399,51072,27520,27520,1015808,423936.0,0,0,0,"{""0.2"": 0, ""0.5"": 0, ""1.0"": 0, ""2.0"": 0, ""4.0"": 0}",0.8558979718997342,2.1877078021372016,0.7399999999999999,0.8043359374999999,77,1,0
rsr-M512-f0.60-e,rsr,0.5,LBQCD-D03-unequal-min020-K12,unequal,missing,LBQCD-D03-unequal-min020-K12/missing,1,examples,512,0.6,77,77,0.15131000000110362,399,51072,27520,27520,1015808,423936.0,0,0,0,"{""0.2"": 0, ""0.5"": 0, ""1.0"": 0, ""2.0"": 0, ""4.0"": 0}",0.7383998948181034,1.894976387773796,0.6499999999999999,0.8810546875,77,1,0
rsr-M512-f0.60-e,rsr,0.5,LBQCD-D03-unequal-min020-K12,unequal,missing,LBQCD-D03-unequal-min020-K12/missing,2,examples,512,0.6,77,77,0.1528357000061078,399,51072,27520,27520,1015808,423936.0,0,0,0,"{""0.2"": 0, ""0.5"": 0, ""1.0"": 0, ""2.0"": 0, ""4.0"": 0}",0.640385570735988,1.9006360247275687,0.7399999999999999,0.7453125,77,1,0
rsr-M512-f0.60-u,rsr,0.5,LBQCD-D03-unequal-min020-K12,unequal,missing,LBQCD-D03-unequal-min020-K12/missing,0,update,512,0.6,400,400,0.8586991000047419,2080,266240,143360,143360,5242880,2211840.0,0,0,0,"{""0.2"": 0, ""0.5"": 0, ""1.0"": 0, ""2.0"": 0, ""4.0"": 0}",0.029041545672077174,0.22176208080978715,0.9799999999999998,0.19332031249999995,150,0,0
rsr-M512-f0.60-u,rsr,0.5,LBQCD-D03-unequal-min020-K12,unequal,missing,LBQCD-D03-unequal-min020-K12/missing,1,update,512,0.6,400,400,0.841217900000629,2080,266240,143360,143360,5242880,2211840.0,0,0,0,"{""0.2"": 0, ""0.5"": 0, ""1.0"": 0, ""2.0"": 0, ""4.0"": 0}",0.03896228099265775,0.2683646564988693,0.9799999999999998,0.21996093749999998,200,0,0
rsr-M512-f0.60-u,rsr,0.5,LBQCD-D03-unequal-min020-K12,unequal,missing,LBQCD-D03-unequal-min020-K12/missing,2,update,512,0.6,400,400,0.6971852000133367,2080,266240,143360,143360,5242880,2211840.0,0,0,0,"{""0.2"": 0, ""0.5"": 0, ""1.0"": 0, ""2.0"": 0, ""4.0"": 0}",0.03813511537097325,0.22689095920155355,0.9799999999999998,0.173984375,150,0,0
rsr-M512-f0.80-e,rsr,0.5,LBQCD-D03-unequal-min020-K12,unequal,missing,LBQCD-D03-unequal-min020-K12/missing,0,examples,512,0.8,61,61,0.09994489999371581,404,51712,26624,26624,393216,451584.0,0,0,0,"{""0.2"": 0, ""0.5"": 0, ""1.0"": 0, ""2.0"": 0, ""4.0"": 0}",0.8777692588605155,2.2042946853130894,0.7399999999999999,0.8476171874999998,61,1,0
rsr-M512-f0.80-e,rsr,0.5,LBQCD-D03-unequal-min020-K12,unequal,missing,LBQCD-D03-unequal-min020-K12/missing,1,examples,512,0.8,61,61,0.1138414000015473,404,51712,26624,26624,393216,451584.0,0,0,0,"{""0.2"": 0, ""0.5"": 0, ""1.0"": 0, ""2.0"": 0, ""4.0"": 0}",0.7858917017147786,1.9149382769079974,0.6499999999999999,0.848828125,61,1,0
rsr-M512-f0.80-e,rsr,0.5,LBQCD-D03-unequal-min020-K12,unequal,missing,LBQCD-D03-unequal-min020-K12/missing,2,examples,512,0.8,61,61,0.12613220000639558,404,51712,26624,26624,393216,451584.0,0,0,0,"{""0.2"": 0, ""0.5"": 0, ""1.0"": 0, ""2.0"": 0, ""4.0"": 0}",0.6878825035276281,1.9291027501506903,0.7399999999999999,0.821484375,61,1,0
rsr-M512-f0.80-u,rsr,0.5,LBQCD-D03-unequal-min020-K12,unequal,missing,LBQCD-D03-unequal-min020-K12/missing,0,update,512,0.8,400,400,0.8376739999948768,2640,337920,174080,174080,2621440,2949120.0,0,0,0,"{""0.2"": 0, ""0.5"": 0, ""1.0"": 0, ""2.0"": 0, ""4.0"": 0}",0.02654863117237838,0.2038752197414881,0.9799999999999998,0.16695312499999992,150,0,0
rsr-M512-f0.80-u,rsr,0.5,LBQCD-D03-unequal-min020-K12,unequal,missing,LBQCD-D03-unequal-min020-K12/missing,1,update,512,0.8,400,400,0.7940631000092253,2640,337920,174080,174080,2621440,2949120.0,0,0,0,"{""0.2"": 0, ""0.5"": 0, ""1.0"": 0, ""2.0"": 0, ""4.0"": 0}",0.027344846077055784,0.2297672004681531,0.9799999999999998,0.14316406249999994,200,0,0
rsr-M512-f0.80-u,rsr,0.5,LBQCD-D03-unequal-min020-K12,unequal,missing,LBQCD-D03-unequal-min020-K12/missing,2,update,512,0.8,400,400,0.8469371999963187,2640,337920,174080,174080,2621440,2949120.0,0,0,0,"{""0.2"": 0, ""0.5"": 0, ""1.0"": 0, ""2.0"": 0, ""4.0"": 0}",0.0321244835744503,0.21209494625072783,0.9799999999999998,0.16695312499999995,150,0,0
paper-0.2,paper,0.2,LBQCD-D04-unequal-min015-K14,unequal,concentrated,LBQCD-D04-unequal-min015-K14/concentrated,0,update,0,0.0,400,400,0.6315790000080597,400,51200,51200,51200,13107200,0.0,0,0,0,"{""0.2"": 0, ""0.5"": 0, ""1.0"": 0, ""2.0"": 0, ""4.0"": 0}",0.008356973946688662,0.1422118262365024,1.0,0.10156249999999999,100,0,0
paper-0.2,paper,0.2,LBQCD-D04-unequal-min015-K14,unequal,concentrated,LBQCD-D04-unequal-min015-K14/concentrated,1,update,0,0.0,400,400,0.7293518999940716,400,51200,51200,51200,13107200,0.0,0,0,0,"{""0.2"": 0, ""0.5"": 0, ""1.0"": 0, ""2.0"": 0, ""4.0"": 0}",0.013734692914914692,0.13464030816566794,1.0,0.08910156250000002,100,0,0
paper-0.2,paper,0.2,LBQCD-D04-unequal-min015-K14,unequal,concentrated,LBQCD-D04-unequal-min015-K14/concentrated,2,update,0,0.0,400,400,0.561363100001472,400,51200,51200,51200,13107200,0.0,0,0,0,"{""0.2"": 0, ""0.5"": 0, ""1.0"": 0, ""2.0"": 0, ""4.0"": 0}",0.018323865546784113,0.16860979794154476,1.0,0.10761718750000003,50,0,0
paper-0.5,paper,0.5,LBQCD-D04-unequal-min015-K14,unequal,concentrated,LBQCD-D04-unequal-min015-K14/concentrated,0,update,0,0.0,400,400,0.6071747999958461,400,51200,51200,51200,13107200,0.0,0,0,0,"{""0.2"": 0, ""0.5"": 0, ""1.0"": 0, ""2.0"": 0, ""4.0"": 0}",0.009142904776883842,0.14760810784333023,1.0,0.10124999999999999,100,0,0
paper-0.5,paper,0.5,LBQCD-D04-unequal-min015-K14,unequal,concentrated,LBQCD-D04-unequal-min015-K14/concentrated,1,update,0,0.0,400,400,0.5914216999954078,400,51200,51200,51200,13107200,0.0,0,0,0,"{""0.2"": 0, ""0.5"": 0, ""1.0"": 0, ""2.0"": 0, ""4.0"": 0}",0.01364939281357369,0.14393131070857426,1.0,0.10320312500000002,100,0,0
paper-0.5,paper,0.5,LBQCD-D04-unequal-min015-K14,unequal,concentrated,LBQCD-D04-unequal-min015-K14/concentrated,2,update,0,0.0,400,400,0.6208781000023009,400,51200,51200,51200,13107200,0.0,0,0,0,"{""0.2"": 0, ""0.5"": 0, ""1.0"": 0, ""2.0"": 0, ""4.0"": 0}",0.014437696090213059,0.14856363632528646,0.9850000000000001,0.10191406250000003,100,0,0
paper-1,paper,1.0,LBQCD-D04-unequal-min015-K14,unequal,concentrated,LBQCD-D04-unequal-min015-K14/concentrated,0,update,0,0.0,400,400,0.7015525999886449,400,51200,51200,51200,13107200,0.0,0,0,0,"{""0.2"": 0, ""0.5"": 0, ""1.0"": 0, ""2.0"": 0, ""4.0"": 0}",0.009652325574215581,0.1680417313895598,0.9850000000000001,0.11003906249999999,100,0,0
paper-1,paper,1.0,LBQCD-D04-unequal-min015-K14,unequal,concentrated,LBQCD-D04-unequal-min015-K14/concentrated,1,update,0,0.0,400,400,0.6813459999975748,400,51200,51200,51200,13107200,0.0,0,0,0,"{""0.2"": 0, ""0.5"": 0, ""1.0"": 0, ""2.0"": 0, ""4.0"": 0}",0.016080742711921836,0.15221966313538696,0.9850000000000001,0.12328124999999997,100,0,0
paper-1,paper,1.0,LBQCD-D04-unequal-min015-K14,unequal,concentrated,LBQCD-D04-unequal-min015-K14/concentrated,2,update,0,0.0,400,400,0.5611270999943372,400,51200,51200,51200,13107200,0.0,0,0,0,"{""0.2"": 0, ""0.5"": 0, ""1.0"": 0, ""2.0"": 0, ""4.0"": 0}",0.01539226570498231,0.1668677727859349,0.9850000000000001,0.10480468750000003,100,0,0
paper-2,paper,2.0,LBQCD-D04-unequal-min015-K14,unequal,concentrated,LBQCD-D04-unequal-min015-K14/concentrated,0,update,0,0.0,400,400,0.682164300000295,400,51200,51200,51200,13107200,0.0,0,0,0,"{""0.2"": 0, ""0.5"": 0, ""1.0"": 0, ""2.0"": 0, ""4.0"": 0}",0.010678485759850087,0.17615460101777536,0.9850000000000001,0.10984375,150,0,0
paper-2,paper,2.0,LBQCD-D04-unequal-min015-K14,unequal,concentrated,LBQCD-D04-unequal-min015-K14/concentrated,1,update,0,0.0,400,400,0.6020798999961698,400,51200,51200,51200,13107200,0.0,0,0,0,"{""0.2"": 0, ""0.5"": 0, ""1.0"": 0, ""2.0"": 0, ""4.0"": 0}",0.020411818034373752,0.1636083867873232,0.9850000000000001,0.12027343749999998,150,0,0
paper-2,paper,2.0,LBQCD-D04-unequal-min015-K14,unequal,concentrated,LBQCD-D04-unequal-min015-K14/concentrated,2,update,0,0.0,400,400,0.6385623999958625,400,51200,51200,51200,13107200,0.0,0,0,0,"{""0.2"": 0, ""0.5"": 0, ""1.0"": 0, ""2.0"": 0, ""4.0"": 0}",0.016428416605696494,0.1918606058902809,0.9850000000000001,0.1501953125,100,0,0
paper-4,paper,4.0,LBQCD-D04-unequal-min015-K14,unequal,concentrated,LBQCD-D04-unequal-min015-K14/concentrated,0,update,0,0.0,400,400,0.6214819000015268,400,51200,51200,51200,13107200,0.0,0,0,0,"{""0.2"": 0, ""0.5"": 0, ""1.0"": 0, ""2.0"": 0, ""4.0"": 0}",0.016434277922394713,0.2036161810298919,0.9850000000000001,0.235546875,350,0,0
paper-4,paper,4.0,LBQCD-D04-unequal-min015-K14,unequal,concentrated,LBQCD-D04-unequal-min015-K14/concentrated,1,update,0,0.0,400,400,0.7025309000018751,400,51200,51200,51200,13107200,0.0,0,0,0,"{""0.2"": 0, ""0.5"": 0, ""1.0"": 0, ""2.0"": 0, ""4.0"": 0}",0.03322797655432108,0.2095494788191821,0.9850000000000001,0.231640625,300,0,0
paper-4,paper,4.0,LBQCD-D04-unequal-min015-K14,unequal,concentrated,LBQCD-D04-unequal-min015-K14/concentrated,2,update,0,0.0,400,400,0.6846489000017755,400,51200,51200,51200,13107200,0.0,0,0,0,"{""0.2"": 0, ""0.5"": 0, ""1.0"": 0, ""2.0"": 0, ""4.0"": 0}",0.014918302279587792,0.19539698515479065,0.9850000000000001,0.15382812499999998,100,0,0
qld-v1,qld,0.5,LBQCD-D04-unequal-min015-K14,unequal,concentrated,LBQCD-D04-unequal-min015-K14/concentrated,0,update,0,0.7,400,400,0.3493075000005774,400,51200,51200,51200,3932160,501760.0,0,0,0,"{""0.2"": 0, ""0.5"": 0, ""1.0"": 0, ""2.0"": 0, ""4.0"": 0}",0.008668817865269851,0.1433865420202382,0.9850000000000001,0.1070703125,100,0,0
qld-v1,qld,0.5,LBQCD-D04-unequal-min015-K14,unequal,concentrated,LBQCD-D04-unequal-min015-K14/concentrated,1,update,0,0.7,400,400,0.3420867999957409,400,51200,51200,51200,3932160,501760.0,0,0,0,"{""0.2"": 0, ""0.5"": 0, ""1.0"": 0, ""2.0"": 0, ""4.0"": 0}",0.016653612572482324,0.14642015809597525,0.9850000000000001,0.081796875,100,0,0
qld-v1,qld,0.5,LBQCD-D04-unequal-min015-K14,unequal,concentrated,LBQCD-D04-unequal-min015-K14/concentrated,2,update,0,0.7,400,400,0.27345490000152495,400,51200,51200,51200,3932160,501760.0,0,0,0,"{""0.2"": 0, ""0.5"": 0, ""1.0"": 0, ""2.0"": 0, ""4.0"": 0}",0.014816412955096947,0.14673214173985172,0.9850000000000001,0.11273437500000001,150,0,0
rsr-M1024-f0.60-e,rsr,0.5,LBQCD-D04-unequal-min015-K14,unequal,concentrated,LBQCD-D04-unequal-min015-K14/concentrated,0,examples,1024,0.6,40,40,0.10364370000024792,400,51200,26624,26624,524288,491520.0,0,0,0,"{""0.2"": 0, ""0.5"": 0, ""1.0"": 0, ""2.0"": 0, ""4.0"": 0}",0.7621782897230491,1.5325452476411663,0.525,0.95,40,1,0
rsr-M1024-f0.60-e,rsr,0.5,LBQCD-D04-unequal-min015-K14,unequal,concentrated,LBQCD-D04-unequal-min015-K14/concentrated,1,examples,1024,0.6,40,40,0.10720709999441169,400,51200,26624,26624,524288,491520.0,0,0,0,"{""0.2"": 0, ""0.5"": 0, ""1.0"": 0, ""2.0"": 0, ""4.0"": 0}",0.7271171459664036,1.4377954126059362,0.525,0.963046875,40,1,0
rsr-M1024-f0.60-e,rsr,0.5,LBQCD-D04-unequal-min015-K14,unequal,concentrated,LBQCD-D04-unequal-min015-K14/concentrated,2,examples,1024,0.6,40,40,0.09370579999813344,400,51200,26624,26624,524288,491520.0,0,0,0,"{""0.2"": 0, ""0.5"": 0, ""1.0"": 0, ""2.0"": 0, ""4.0"": 0}",0.47764669616239663,1.3631543092779268,0.645,0.7531640625000001,40,1,0
rsr-M1024-f0.60-u,rsr,0.5,LBQCD-D04-unequal-min015-K14,unequal,concentrated,LBQCD-D04-unequal-min015-K14/concentrated,0,update,1024,0.6,400,400,1.0904064999922412,4000,512000,266240,266240,5242880,4915200.0,0,0,0,"{""0.2"": 0, ""0.5"": 0, ""1.0"": 0, ""2.0"": 0, ""4.0"": 0}",0.011008423807403744,0.15048308604742178,0.9850000000000001,0.1140234375,100,0,0
rsr-M1024-f0.60-u,rsr,0.5,LBQCD-D04-unequal-min015-K14,unequal,concentrated,LBQCD-D04-unequal-min015-K14/concentrated,1,update,1024,0.6,400,400,1.0124132000055397,4000,512000,266240,266240,5242880,4915200.0,0,0,0,"{""0.2"": 0, ""0.5"": 0, ""1.0"": 0, ""2.0"": 0, ""4.0"": 0}",0.013389611628952913,0.14042253410081895,0.9850000000000001,0.08128906250000001,100,0,0
rsr-M1024-f0.60-u,rsr,0.5,LBQCD-D04-unequal-min015-K14,unequal,concentrated,LBQCD-D04-unequal-min015-K14/concentrated,2,update,1024,0.6,400,400,1.1742336000024807,4000,512000,266240,266240,5242880,4915200.0,0,0,0,"{""0.2"": 0, ""0.5"": 0, ""1.0"": 0, ""2.0"": 0, ""4.0"": 0}",0.016422604832493803,0.15223774846103322,0.9850000000000001,0.07113281250000002,100,0,0
rsr-M1024-f0.80-e,rsr,0.5,LBQCD-D04-unequal-min015-K14,unequal,concentrated,LBQCD-D04-unequal-min015-K14/concentrated,0,examples,1024,0.8,31,31,0.10968619999766815,406,51968,26368,26368,196608,512000.0,0,0,0,"{""0.2"": 0, ""0.5"": 0, ""1.0"": 0, ""2.0"": 0, ""4.0"": 0}",0.9191283263659669,1.640609150112932,0.495,0.9500000000000001,31,1,0
rsr-M1024-f0.80-e,rsr,0.5,LBQCD-D04-unequal-min015-K14,unequal,concentrated,LBQCD-D04-unequal-min015-K14/concentrated,1,examples,1024,0.8,31,31,0.09330180000688415,406,51968,26368,26368,196608,512000.0,0,0,0,"{""0.2"": 0, ""0.5"": 0, ""1.0"": 0, ""2.0"": 0, ""4.0"": 0}",0.9070069703633075,1.5670974224118464,0.495,0.9500000000000001,31,1,0
rsr-M1024-f0.80-e,rsr,0.5,LBQCD-D04-unequal-min015-K14,unequal,concentrated,LBQCD-D04-unequal-min015-K14/concentrated,2,examples,1024,0.8,31,31,0.09057240000402089,406,51968,26368,26368,196608,512000.0,0,0,0,"{""0.2"": 0, ""0.5"": 0, ""1.0"": 0, ""2.0"": 0, ""4.0"": 0}",0.5936830353201197,1.471853816102874,0.525,0.95328125,31,1,0
rsr-M1024-f0.80-u,rsr,0.5,LBQCD-D04-unequal-min015-K14,unequal,concentrated,LBQCD-D04-unequal-min015-K14/concentrated,0,update,1024,0.8,400,400,1.1686096000048565,5200,665600,337920,337920,2621440,6553600.0,0,0,0,"{""0.2"": 0, ""0.5"": 0, ""1.0"": 0, ""2.0"": 0, ""4.0"": 0}",0.009080815902633432,0.1491349709314654,0.9850000000000001,0.101328125,100,0,0
rsr-M1024-f0.80-u,rsr,0.5,LBQCD-D04-unequal-min015-K14,unequal,concentrated,LBQCD-D04-unequal-min015-K14/concentrated,1,update,1024,0.8,400,400,1.2623844999907305,5200,665600,337920,337920,2621440,6553600.0,0,0,0,"{""0.2"": 0, ""0.5"": 0, ""1.0"": 0, ""2.0"": 0, ""4.0"": 0}",0.016701683449418248,0.14298773847793386,0.9850000000000001,0.1176953125,100,0,0
rsr-M1024-f0.80-u,rsr,0.5,LBQCD-D04-unequal-min015-K14,unequal,concentrated,LBQCD-D04-unequal-min015-K14/concentrated,2,update,1024,0.8,400,400,1.2149787999951513,5200,665600,337920,337920,2621440,6553600.0,0,0,0,"{""0.2"": 0, ""0.5"": 0, ""1.0"": 0, ""2.0"": 0, ""4.0"": 0}",0.022542255757166618,0.15875823627296098,0.9850000000000001,0.09855468750000003,100,0,0
rsr-M512-f0.60-e,rsr,0.5,LBQCD-D04-unequal-min015-K14,unequal,concentrated,LBQCD-D04-unequal-min015-K14/concentrated,0,examples,512,0.6,77,77,0.1297878000041237,399,51072,27520,27520,1015808,423936.0,0,0,0,"{""0.2"": 0, ""0.5"": 0, ""1.0"": 0, ""2.0"": 0, ""4.0"": 0}",0.15164903274118924,0.6776289977383867,0.8050000000000002,0.540234375,77,1,0
rsr-M512-f0.60-e,rsr,0.5,LBQCD-D04-unequal-min015-K14,unequal,concentrated,LBQCD-D04-unequal-min015-K14/concentrated,1,examples,512,0.6,77,77,0.1621605999971507,399,51072,27520,27520,1015808,423936.0,0,0,0,"{""0.2"": 0, ""0.5"": 0, ""1.0"": 0, ""2.0"": 0, ""4.0"": 0}",0.12768412439410204,0.5324105176384584,0.8250000000000002,0.578359375,77,1,0
rsr-M512-f0.60-e,rsr,0.5,LBQCD-D04-unequal-min015-K14,unequal,concentrated,LBQCD-D04-unequal-min015-K14/concentrated,2,examples,512,0.6,77,77,0.14777790001244284,399,51072,27520,27520,1015808,423936.0,0,0,0,"{""0.2"": 0, ""0.5"": 0, ""1.0"": 0, ""2.0"": 0, ""4.0"": 0}",0.07659584437328437,0.5403187053828243,0.8250000000000002,0.47734375000000007,77,1,0
rsr-M512-f0.60-u,rsr,0.5,LBQCD-D04-unequal-min015-K14,unequal,concentrated,LBQCD-D04-unequal-min015-K14/concentrated,0,update,512,0.6,400,400,0.7232149000046775,2080,266240,143360,143360,5242880,2211840.0,0,0,0,"{""0.2"": 0, ""0.5"": 0, ""1.0"": 0, ""2.0"": 0, ""4.0"": 0}",0.014594753582420239,0.1626046542522611,0.9850000000000001,0.0882421875,100,0,0
rsr-M512-f0.60-u,rsr,0.5,LBQCD-D04-unequal-min015-K14,unequal,concentrated,LBQCD-D04-unequal-min015-K14/concentrated,1,update,512,0.6,400,400,0.747351099998923,2080,266240,143360,143360,5242880,2211840.0,0,0,0,"{""0.2"": 0, ""0.5"": 0, ""1.0"": 0, ""2.0"": 0, ""4.0"": 0}",0.012987240319769722,0.1426876434966165,0.9850000000000001,0.08546875000000001,100,0,0
rsr-M512-f0.60-u,rsr,0.5,LBQCD-D04-unequal-min015-K14,unequal,concentrated,LBQCD-D04-unequal-min015-K14/concentrated,2,update,512,0.6,400,400,0.6696833000023616,2080,266240,143360,143360,5242880,2211840.0,0,0,0,"{""0.2"": 0, ""0.5"": 0, ""1.0"": 0, ""2.0"": 0, ""4.0"": 0}",0.019698521069430264,0.16155560001477665,0.9850000000000001,0.08691406250000001,100,0,0
rsr-M512-f0.80-e,rsr,0.5,LBQCD-D04-unequal-min015-K14,unequal,concentrated,LBQCD-D04-unequal-min015-K14/concentrated,0,examples,512,0.8,61,61,0.09519920000457205,404,51712,26624,26624,393216,451584.0,0,0,0,"{""0.2"": 0, ""0.5"": 0, ""1.0"": 0, ""2.0"": 0, ""4.0"": 0}",0.1740189276961983,0.7190251941537157,0.8050000000000002,0.49785156250000007,61,1,0
rsr-M512-f0.80-e,rsr,0.5,LBQCD-D04-unequal-min015-K14,unequal,concentrated,LBQCD-D04-unequal-min015-K14/concentrated,1,examples,512,0.8,61,61,0.1300693999946816,404,51712,26624,26624,393216,451584.0,0,0,0,"{""0.2"": 0, ""0.5"": 0, ""1.0"": 0, ""2.0"": 0, ""4.0"": 0}",0.13367278495857882,0.5473644188369186,0.8050000000000002,0.5554687500000001,61,1,0
rsr-M512-f0.80-e,rsr,0.5,LBQCD-D04-unequal-min015-K14,unequal,concentrated,LBQCD-D04-unequal-min015-K14/concentrated,2,examples,512,0.8,61,61,0.11837840000225697,404,51712,26624,26624,393216,451584.0,0,0,0,"{""0.2"": 0, ""0.5"": 0, ""1.0"": 0, ""2.0"": 0, ""4.0"": 0}",0.08757421401917842,0.5836724271242159,0.8050000000000002,0.4499609375,61,1,0
rsr-M512-f0.80-u,rsr,0.5,LBQCD-D04-unequal-min015-K14,unequal,concentrated,LBQCD-D04-unequal-min015-K14/concentrated,0,update,512,0.8,400,400,0.8023650999966776,2640,337920,174080,174080,2621440,2949120.0,0,0,0,"{""0.2"": 0, ""0.5"": 0, ""1.0"": 0, ""2.0"": 0, ""4.0"": 0}",0.011776187924663173,0.14953710759252942,0.9850000000000001,0.13351562500000003,100,0,0
rsr-M512-f0.80-u,rsr,0.5,LBQCD-D04-unequal-min015-K14,unequal,concentrated,LBQCD-D04-unequal-min015-K14/concentrated,1,update,512,0.8,400,400,0.7486223000014434,2640,337920,174080,174080,2621440,2949120.0,0,0,0,"{""0.2"": 0, ""0.5"": 0, ""1.0"": 0, ""2.0"": 0, ""4.0"": 0}",0.011739788709539845,0.15751796591425082,0.9850000000000001,0.09027343750000001,100,0,0
rsr-M512-f0.80-u,rsr,0.5,LBQCD-D04-unequal-min015-K14,unequal,concentrated,LBQCD-D04-unequal-min015-K14/concentrated,2,update,512,0.8,400,400,0.7246515000006184,2640,337920,174080,174080,2621440,2949120.0,0,0,0,"{""0.2"": 0, ""0.5"": 0, ""1.0"": 0, ""2.0"": 0, ""4.0"": 0}",0.01543508228565571,0.14425722100868965,0.9850000000000001,0.07074218750000001,100,0,0
paper-0.2,paper,0.2,LBQCD-D04-unequal-min015-K14,unequal,missing,LBQCD-D04-unequal-min015-K14/missing,0,update,0,0.0,400,400,0.7361072999919998,400,51200,51200,51200,13107200,0.0,0,0,0,"{""0.2"": 0, ""0.5"": 0, ""1.0"": 0, ""2.0"": 0, ""4.0"": 0}",0.04710631241108576,0.21403781392701773,1.0,0.1295703125,100,0,0
paper-0.2,paper,0.2,LBQCD-D04-unequal-min015-K14,unequal,missing,LBQCD-D04-unequal-min015-K14/missing,1,update,0,0.0,400,400,0.5507250000082422,400,51200,51200,51200,13107200,0.0,0,0,0,"{""0.2"": 0, ""0.5"": 0, ""1.0"": 0, ""2.0"": 0, ""4.0"": 0}",0.007742642321715287,0.21171412753750807,1.0,0.13117187500000005,100,0,0
paper-0.2,paper,0.2,LBQCD-D04-unequal-min015-K14,unequal,missing,LBQCD-D04-unequal-min015-K14/missing,2,update,0,0.0,400,400,0.6754830999998376,400,51200,51200,51200,13107200,0.0,0,0,0,"{""0.2"": 0, ""0.5"": 0, ""1.0"": 0, ""2.0"": 0, ""4.0"": 0}",0.01861052999536117,0.30500685177293396,1.0,0.18890625,100,0,0
paper-0.5,paper,0.5,LBQCD-D04-unequal-min015-K14,unequal,missing,LBQCD-D04-unequal-min015-K14/missing,0,update,0,0.0,400,400,0.5351770999986911,400,51200,51200,51200,13107200,0.0,0,0,0,"{""0.2"": 0, ""0.5"": 0, ""1.0"": 0, ""2.0"": 0, ""4.0"": 0}",0.021600614904234483,0.13382327082586426,1.0,0.08269531249999999,100,0,0
paper-0.5,paper,0.5,LBQCD-D04-unequal-min015-K14,unequal,missing,LBQCD-D04-unequal-min015-K14/missing,1,update,0,0.0,400,400,0.7707566000026418,400,51200,51200,51200,13107200,0.0,0,0,0,"{""0.2"": 0, ""0.5"": 0, ""1.0"": 0, ""2.0"": 0, ""4.0"": 0}",0.02140536489656686,0.18913490129906493,1.0,0.106484375,150,0,0
paper-0.5,paper,0.5,LBQCD-D04-unequal-min015-K14,unequal,missing,LBQCD-D04-unequal-min015-K14/missing,2,update,0,0.0,400,400,0.8602228999952786,400,51200,51200,51200,13107200,0.0,0,0,0,"{""0.2"": 0, ""0.5"": 0, ""1.0"": 0, ""2.0"": 0, ""4.0"": 0}",0.023260547257993647,0.24525455379539357,1.0,0.12499999999999999,100,0,0
paper-1,paper,1.0,LBQCD-D04-unequal-min015-K14,unequal,missing,LBQCD-D04-unequal-min015-K14/missing,0,update,0,0.0,400,400,0.7464442999917082,400,51200,51200,51200,13107200,0.0,0,0,0,"{""0.2"": 0, ""0.5"": 0, ""1.0"": 0, ""2.0"": 0, ""4.0"": 0}",0.02881938668034678,0.16760031852066962,0.9850000000000001,0.17757812500000003,100,0,0
paper-1,paper,1.0,LBQCD-D04-unequal-min015-K14,unequal,missing,LBQCD-D04-unequal-min015-K14/missing,1,update,0,0.0,400,400,0.5440469000022858,400,51200,51200,51200,13107200,0.0,0,0,0,"{""0.2"": 0, ""0.5"": 0, ""1.0"": 0, ""2.0"": 0, ""4.0"": 0}",0.021608994677775772,0.23435471315190534,1.0,0.1304296875,150,0,0
paper-1,paper,1.0,LBQCD-D04-unequal-min015-K14,unequal,missing,LBQCD-D04-unequal-min015-K14/missing,2,update,0,0.0,400,400,0.5966946999978973,400,51200,51200,51200,13107200,0.0,0,0,0,"{""0.2"": 0, ""0.5"": 0, ""1.0"": 0, ""2.0"": 0, ""4.0"": 0}",0.01950718986968525,0.2251388466598498,0.9850000000000001,0.1201953125,150,0,0
paper-2,paper,2.0,LBQCD-D04-unequal-min015-K14,unequal,missing,LBQCD-D04-unequal-min015-K14/missing,0,update,0,0.0,400,400,0.5913634999888018,400,51200,51200,51200,13107200,0.0,0,0,0,"{""0.2"": 0, ""0.5"": 0, ""1.0"": 0, ""2.0"": 0, ""4.0"": 0}",0.03710649578069525,0.2075301277649252,0.9650000000000001,0.19472656250000003,150,0,0
paper-2,paper,2.0,LBQCD-D04-unequal-min015-K14,unequal,missing,LBQCD-D04-unequal-min015-K14/missing,1,update,0,0.0,400,400,0.7856925000087358,400,51200,51200,51200,13107200,0.0,0,0,0,"{""0.2"": 0, ""0.5"": 0, ""1.0"": 0, ""2.0"": 0, ""4.0"": 0}",0.023278321618271924,0.24419918379763134,0.9650000000000001,0.1941015625,200,0,0
paper-2,paper,2.0,LBQCD-D04-unequal-min015-K14,unequal,missing,LBQCD-D04-unequal-min015-K14/missing,2,update,0,0.0,400,400,0.7456252000120003,400,51200,51200,51200,13107200,0.0,0,0,0,"{""0.2"": 0, ""0.5"": 0, ""1.0"": 0, ""2.0"": 0, ""4.0"": 0}",0.02966983289591152,0.2242988197431825,0.9650000000000001,0.17402343750000004,150,0,0
paper-4,paper,4.0,LBQCD-D04-unequal-min015-K14,unequal,missing,LBQCD-D04-unequal-min015-K14/missing,0,update,0,0.0,400,400,0.6823998000036227,400,51200,51200,51200,13107200,0.0,0,0,0,"{""0.2"": 0, ""0.5"": 0, ""1.0"": 0, ""2.0"": 0, ""4.0"": 0}",0.05846926526710128,0.30667885385458266,0.9450000000000001,0.19949218750000003,300,0,0
paper-4,paper,4.0,LBQCD-D04-unequal-min015-K14,unequal,missing,LBQCD-D04-unequal-min015-K14/missing,1,update,0,0.0,400,400,0.4904538999981014,400,51200,51200,51200,13107200,0.0,0,0,0,"{""0.2"": 0, ""0.5"": 0, ""1.0"": 0, ""2.0"": 0, ""4.0"": 0}",0.08757589776823016,0.5308339086696154,0.915,0.3894140625000001,400,0,0
paper-4,paper,4.0,LBQCD-D04-unequal-min015-K14,unequal,missing,LBQCD-D04-unequal-min015-K14/missing,2,update,0,0.0,400,400,0.7017249000055017,400,51200,51200,51200,13107200,0.0,0,0,0,"{""0.2"": 0, ""0.5"": 0, ""1.0"": 0, ""2.0"": 0, ""4.0"": 0}",0.07272548038676874,0.30558146436196143,0.9450000000000001,0.1812109375,200,0,0
qld-v1,qld,0.5,LBQCD-D04-unequal-min015-K14,unequal,missing,LBQCD-D04-unequal-min015-K14/missing,0,update,0,0.7,400,400,0.3792717000033008,400,51200,51200,51200,3932160,501760.0,0,0,0,"{""0.2"": 0, ""0.5"": 0, ""1.0"": 0, ""2.0"": 0, ""4.0"": 0}",0.018659831205527944,0.16903112527275435,0.9650000000000001,0.1663671875,100,0,0
qld-v1,qld,0.5,LBQCD-D04-unequal-min015-K14,unequal,missing,LBQCD-D04-unequal-min015-K14/missing,1,update,0,0.7,400,400,0.2592467999929795,400,51200,51200,51200,3932160,501760.0,0,0,0,"{""0.2"": 0, ""0.5"": 0, ""1.0"": 0, ""2.0"": 0, ""4.0"": 0}",0.014336694761002633,0.17248036509916548,0.9650000000000001,0.143359375,150,0,0
qld-v1,qld,0.5,LBQCD-D04-unequal-min015-K14,unequal,missing,LBQCD-D04-unequal-min015-K14/missing,2,update,0,0.7,400,400,0.3565689000097336,400,51200,51200,51200,3932160,501760.0,0,0,0,"{""0.2"": 0, ""0.5"": 0, ""1.0"": 0, ""2.0"": 0, ""4.0"": 0}",0.025114419569023383,0.18306321955715804,0.9850000000000001,0.12421875000000003,150,0,0
rsr-M1024-f0.60-e,rsr,0.5,LBQCD-D04-unequal-min015-K14,unequal,missing,LBQCD-D04-unequal-min015-K14/missing,0,examples,1024,0.6,40,40,0.09773080000013579,400,51200,26624,26624,524288,491520.0,0,0,0,"{""0.2"": 0, ""0.5"": 0, ""1.0"": 0, ""2.0"": 0, ""4.0"": 0}",0.8811072064762255,2.1414306812006703,0.7649999999999999,0.7882031250000001,40,1,0
rsr-M1024-f0.60-e,rsr,0.5,LBQCD-D04-unequal-min015-K14,unequal,missing,LBQCD-D04-unequal-min015-K14/missing,1,examples,1024,0.6,40,40,0.11430210000253282,400,51200,26624,26624,524288,491520.0,0,0,0,"{""0.2"": 0, ""0.5"": 0, ""1.0"": 0, ""2.0"": 0, ""4.0"": 0}",0.9442533368924959,2.1912395837246823,0.695,0.8312109375000002,40,1,0
rsr-M1024-f0.60-e,rsr,0.5,LBQCD-D04-unequal-min015-K14,unequal,missing,LBQCD-D04-unequal-min015-K14/missing,2,examples,1024,0.6,40,40,0.09832980000646785,400,51200,26624,26624,524288,491520.0,0,0,0,"{""0.2"": 0, ""0.5"": 0, ""1.0"": 0, ""2.0"": 0, ""4.0"": 0}",0.788863919603779,2.2228010929789477,0.7649999999999999,0.8204687500000002,40,1,0
rsr-M1024-f0.60-u,rsr,0.5,LBQCD-D04-unequal-min015-K14,unequal,missing,LBQCD-D04-unequal-min015-K14/missing,0,update,1024,0.6,400,400,1.0049555000005057,4000,512000,266240,266240,5242880,4915200.0,0,0,0,"{""0.2"": 0, ""0.5"": 0, ""1.0"": 0, ""2.0"": 0, ""4.0"": 0}",0.014875054810334909,0.16336319339793534,0.9850000000000001,0.16695312500000004,100,0,0
rsr-M1024-f0.60-u,rsr,0.5,LBQCD-D04-unequal-min015-K14,unequal,missing,LBQCD-D04-unequal-min015-K14/missing,1,update,1024,0.6,400,400,1.1458867000037571,4000,512000,266240,266240,5242880,4915200.0,0,0,0,"{""0.2"": 0, ""0.5"": 0, ""1.0"": 0, ""2.0"": 0, ""4.0"": 0}",0.014098328678308292,0.16091303227154252,0.9850000000000001,0.13300781250000004,150,0,0
rsr-M1024-f0.60-u,rsr,0.5,LBQCD-D04-unequal-min015-K14,unequal,missing,LBQCD-D04-unequal-min015-K14/missing,2,update,1024,0.6,400,400,1.0502566000068327,4000,512000,266240,266240,5242880,4915200.0,0,0,0,"{""0.2"": 0, ""0.5"": 0, ""1.0"": 0, ""2.0"": 0, ""4.0"": 0}",0.025393699426013328,0.1667473896146727,0.9850000000000001,0.11292968750000003,100,0,0
rsr-M1024-f0.80-e,rsr,0.5,LBQCD-D04-unequal-min015-K14,unequal,missing,LBQCD-D04-unequal-min015-K14/missing,0,examples,1024,0.8,31,31,0.11725100000330713,406,51968,26368,26368,196608,512000.0,0,0,0,"{""0.2"": 0, ""0.5"": 0, ""1.0"": 0, ""2.0"": 0, ""4.0"": 0}",0.9367955899408478,2.224627163384382,0.7649999999999999,0.7751953125000001,31,1,0
rsr-M1024-f0.80-e,rsr,0.5,LBQCD-D04-unequal-min015-K14,unequal,missing,LBQCD-D04-unequal-min015-K14/missing,1,examples,1024,0.8,31,31,0.07899610001186375,406,51968,26368,26368,196608,512000.0,0,0,0,"{""0.2"": 0, ""0.5"": 0, ""1.0"": 0, ""2.0"": 0, ""4.0"": 0}",1.0455547969810688,2.2691508222218366,0.695,0.8124609375000001,31,1,0
rsr-M1024-f0.80-e,rsr,0.5,LBQCD-D04-unequal-min015-K14,unequal,missing,LBQCD-D04-unequal-min015-K14/missing,2,examples,1024,0.8,31,31,0.08245269999315497,406,51968,26368,26368,196608,512000.0,0,0,0,"{""0.2"": 0, ""0.5"": 0, ""1.0"": 0, ""2.0"": 0, ""4.0"": 0}",0.8687698402315727,2.2949458689336506,0.695,0.8995703125000002,31,1,0
rsr-M1024-f0.80-u,rsr,0.5,LBQCD-D04-unequal-min015-K14,unequal,missing,LBQCD-D04-unequal-min015-K14/missing,0,update,1024,0.8,400,400,1.1504839999979595,5200,665600,337920,337920,2621440,6553600.0,0,0,0,"{""0.2"": 0, ""0.5"": 0, ""1.0"": 0, ""2.0"": 0, ""4.0"": 0}",0.009141956733004886,0.2173688922225451,0.9850000000000001,0.11691406250000001,100,0,0
rsr-M1024-f0.80-u,rsr,0.5,LBQCD-D04-unequal-min015-K14,unequal,missing,LBQCD-D04-unequal-min015-K14/missing,1,update,1024,0.8,400,400,1.243021400005091,5200,665600,337920,337920,2621440,6553600.0,0,0,0,"{""0.2"": 0, ""0.5"": 0, ""1.0"": 0, ""2.0"": 0, ""4.0"": 0}",0.017731256313427313,0.16444355815565198,0.9850000000000001,0.09210937500000003,150,0,0
rsr-M1024-f0.80-u,rsr,0.5,LBQCD-D04-unequal-min015-K14,unequal,missing,LBQCD-D04-unequal-min015-K14/missing,2,update,1024,0.8,400,400,1.24255219999759,5200,665600,337920,337920,2621440,6553600.0,0,0,0,"{""0.2"": 0, ""0.5"": 0, ""1.0"": 0, ""2.0"": 0, ""4.0"": 0}",0.02913174088166759,0.16692492252036184,0.9850000000000001,0.11585937500000003,100,0,0
rsr-M512-f0.60-e,rsr,0.5,LBQCD-D04-unequal-min015-K14,unequal,missing,LBQCD-D04-unequal-min015-K14/missing,0,examples,512,0.6,77,77,0.12766630000260193,399,51072,27520,27520,1015808,423936.0,0,0,0,"{""0.2"": 0, ""0.5"": 0, ""1.0"": 0, ""2.0"": 0, ""4.0"": 0}",0.2010387972416492,0.8746664864353537,0.825,0.4733984375,77,1,0
rsr-M512-f0.60-e,rsr,0.5,LBQCD-D04-unequal-min015-K14,unequal,missing,LBQCD-D04-unequal-min015-K14/missing,1,examples,512,0.6,77,77,0.13982779999787454,399,51072,27520,27520,1015808,423936.0,0,0,0,"{""0.2"": 0, ""0.5"": 0, ""1.0"": 0, ""2.0"": 0, ""4.0"": 0}",0.21268032970677897,0.9293705979801137,0.825,0.5710546875,77,1,0
rsr-M512-f0.60-e,rsr,0.5,LBQCD-D04-unequal-min015-K14,unequal,missing,LBQCD-D04-unequal-min015-K14/missing,2,examples,512,0.6,77,77,0.14948639999784064,399,51072,27520,27520,1015808,423936.0,0,0,0,"{""0.2"": 0, ""0.5"": 0, ""1.0"": 0, ""2.0"": 0, ""4.0"": 0}",0.2826534557482292,1.1775400652007968,0.825,0.54078125,77,1,0
rsr-M512-f0.60-u,rsr,0.5,LBQCD-D04-unequal-min015-K14,unequal,missing,LBQCD-D04-unequal-min015-K14/missing,0,update,512,0.6,400,400,0.7011209000047529,2080,266240,143360,143360,5242880,2211840.0,0,0,0,"{""0.2"": 0, ""0.5"": 0, ""1.0"": 0, ""2.0"": 0, ""4.0"": 0}",0.018760733474072477,0.1595747255296028,0.9850000000000001,0.1683203125,100,0,0
rsr-M512-f0.60-u,rsr,0.5,LBQCD-D04-unequal-min015-K14,unequal,missing,LBQCD-D04-unequal-min015-K14/missing,1,update,512,0.6,400,400,0.8055034999997588,2080,266240,143360,143360,5242880,2211840.0,0,0,0,"{""0.2"": 0, ""0.5"": 0, ""1.0"": 0, ""2.0"": 0, ""4.0"": 0}",0.014604411459737232,0.16431185648441612,0.9650000000000001,0.13789062500000004,150,0,0
rsr-M512-f0.60-u,rsr,0.5,LBQCD-D04-unequal-min015-K14,unequal,missing,LBQCD-D04-unequal-min015-K14/missing,2,update,512,0.6,400,400,0.7648315999977058,2080,266240,143360,143360,5242880,2211840.0,0,0,0,"{""0.2"": 0, ""0.5"": 0, ""1.0"": 0, ""2.0"": 0, ""4.0"": 0}",0.024808301754029483,0.17319695319801148,0.9850000000000001,0.14449218750000004,100,0,0
rsr-M512-f0.80-e,rsr,0.5,LBQCD-D04-unequal-min015-K14,unequal,missing,LBQCD-D04-unequal-min015-K14/missing,0,examples,512,0.8,61,61,0.11397229999420233,404,51712,26624,26624,393216,451584.0,0,0,0,"{""0.2"": 0, ""0.5"": 0, ""1.0"": 0, ""2.0"": 0, ""4.0"": 0}",0.20342837047670237,0.8895827363290307,0.825,0.515390625,61,1,0
rsr-M512-f0.80-e,rsr,0.5,LBQCD-D04-unequal-min015-K14,unequal,missing,LBQCD-D04-unequal-min015-K14/missing,1,examples,512,0.8,61,61,0.09554229999775998,404,51712,26624,26624,393216,451584.0,0,0,0,"{""0.2"": 0, ""0.5"": 0, ""1.0"": 0, ""2.0"": 0, ""4.0"": 0}",0.2257419614892342,0.9662840876760432,0.825,0.5964453125000001,61,1,0
rsr-M512-f0.80-e,rsr,0.5,LBQCD-D04-unequal-min015-K14,unequal,missing,LBQCD-D04-unequal-min015-K14/missing,2,examples,512,0.8,61,61,0.11054560000775382,404,51712,26624,26624,393216,451584.0,0,0,0,"{""0.2"": 0, ""0.5"": 0, ""1.0"": 0, ""2.0"": 0, ""4.0"": 0}",0.2859048065352914,1.2044370163807387,0.825,0.5515625000000001,61,1,0
rsr-M512-f0.80-u,rsr,0.5,LBQCD-D04-unequal-min015-K14,unequal,missing,LBQCD-D04-unequal-min015-K14/missing,0,update,512,0.8,400,400,0.698653600004036,2640,337920,174080,174080,2621440,2949120.0,0,0,0,"{""0.2"": 0, ""0.5"": 0, ""1.0"": 0, ""2.0"": 0, ""4.0"": 0}",0.017644871530542616,0.15484090362132716,0.9850000000000001,0.13710937500000003,100,0,0
rsr-M512-f0.80-u,rsr,0.5,LBQCD-D04-unequal-min015-K14,unequal,missing,LBQCD-D04-unequal-min015-K14/missing,1,update,512,0.8,400,400,0.7441361000092002,2640,337920,174080,174080,2621440,2949120.0,0,0,0,"{""0.2"": 0, ""0.5"": 0, ""1.0"": 0, ""2.0"": 0, ""4.0"": 0}",0.013434982776245441,0.15442748667098455,0.9850000000000001,0.11796875000000002,150,0,0
rsr-M512-f0.80-u,rsr,0.5,LBQCD-D04-unequal-min015-K14,unequal,missing,LBQCD-D04-unequal-min015-K14/missing,2,update,512,0.8,400,400,0.7498737999994773,2640,337920,174080,174080,2621440,2949120.0,0,0,0,"{""0.2"": 0, ""0.5"": 0, ""1.0"": 0, ""2.0"": 0, ""4.0"": 0}",0.022894171442318978,0.16100384820853475,0.9850000000000001,0.12339843750000003,100,0,0
paper-0.2,paper,0.2,LBQCD-D05-unequal-min010-K18,unequal,concentrated,LBQCD-D05-unequal-min010-K18/concentrated,0,update,0,0.0,400,400,0.7033983000001172,400,51200,51200,51200,13107200,0.0,0,0,0,"{""0.2"": 0, ""0.5"": 0, ""1.0"": 0, ""2.0"": 0, ""4.0"": 0}",0.016180571878987138,0.1779518740177302,0.9999999999999999,0.08997931985294116,150,0,0
paper-0.2,paper,0.2,LBQCD-D05-unequal-min010-K18,unequal,concentrated,LBQCD-D05-unequal-min010-K18/concentrated,1,update,0,0.0,400,400,0.6932655999989947,400,51200,51200,51200,13107200,0.0,0,0,0,"{""0.2"": 0, ""0.5"": 0, ""1.0"": 0, ""2.0"": 0, ""4.0"": 0}",0.016019651292647374,0.22236443614069595,0.9999999999999999,0.08189568014705884,50,0,0
paper-0.2,paper,0.2,LBQCD-D05-unequal-min010-K18,unequal,concentrated,LBQCD-D05-unequal-min010-K18/concentrated,2,update,0,0.0,400,400,0.5656167999986792,400,51200,51200,51200,13107200,0.0,0,0,0,"{""0.2"": 0, ""0.5"": 0, ""1.0"": 0, ""2.0"": 0, ""4.0"": 0}",0.03368873670869643,0.13203234453377977,0.9999999999999999,0.08365119485294115,100,0,0
paper-0.5,paper,0.5,LBQCD-D05-unequal-min010-K18,unequal,concentrated,LBQCD-D05-unequal-min010-K18/concentrated,0,update,0,0.0,400,400,0.5396461000054842,400,51200,51200,51200,13107200,0.0,0,0,0,"{""0.2"": 0, ""0.5"": 0, ""1.0"": 0, ""2.0"": 0, ""4.0"": 0}",0.015158013832336614,0.156474376923239,0.9899999999999999,0.10189568014705885,100,0,0
paper-0.5,paper,0.5,LBQCD-D05-unequal-min010-K18,unequal,concentrated,LBQCD-D05-unequal-min010-K18/concentrated,1,update,0,0.0,400,400,0.5581056000082754,400,51200,51200,51200,13107200,0.0,0,0,0,"{""0.2"": 0, ""0.5"": 0, ""1.0"": 0, ""2.0"": 0, ""4.0"": 0}",0.008199544145223392,0.14511750412547986,0.9999999999999999,0.10462775735294116,100,0,0
paper-0.5,paper,0.5,LBQCD-D05-unequal-min010-K18,unequal,concentrated,LBQCD-D05-unequal-min010-K18/concentrated,2,update,0,0.0,400,400,0.6652850999962538,400,51200,51200,51200,13107200,0.0,0,0,0,"{""0.2"": 0, ""0.5"": 0, ""1.0"": 0, ""2.0"": 0, ""4.0"": 0}",0.021825103971473858,0.11516160886431581,0.9899999999999999,0.08848345588235296,100,0,0
paper-1,paper,1.0,LBQCD-D05-unequal-min010-K18,unequal,concentrated,LBQCD-D05-unequal-min010-K18/concentrated,0,update,0,0.0,400,400,0.6878413999947952,400,51200,51200,51200,13107200,0.0,0,0,0,"{""0.2"": 0, ""0.5"": 0, ""1.0"": 0, ""2.0"": 0, ""4.0"": 0}",0.021214130323048863,0.13440084077377806,0.9899999999999999,0.11094439338235296,200,0,0
paper-1,paper,1.0,LBQCD-D05-unequal-min010-K18,unequal,concentrated,LBQCD-D05-unequal-min010-K18/concentrated,1,update,0,0.0,400,400,0.6259168000106001,400,51200,51200,51200,13107200,0.0,0,0,0,"{""0.2"": 0, ""0.5"": 0, ""1.0"": 0, ""2.0"": 0, ""4.0"": 0}",0.007969552745659136,0.1365160869206353,0.9899999999999999,0.10925091911764706,200,0,0
paper-1,paper,1.0,LBQCD-D05-unequal-min010-K18,unequal,concentrated,LBQCD-D05-unequal-min010-K18/concentrated,2,update,0,0.0,400,400,0.7291174999991199,400,51200,51200,51200,13107200,0.0,0,0,0,"{""0.2"": 0, ""0.5"": 0, ""1.0"": 0, ""2.0"": 0, ""4.0"": 0}",0.020311354468671716,0.12101001928947407,0.9899999999999999,0.11953584558823527,150,0,0
paper-2,paper,2.0,LBQCD-D05-unequal-min010-K18,unequal,concentrated,LBQCD-D05-unequal-min010-K18/concentrated,0,update,0,0.0,400,400,0.5211080999870319,400,51200,51200,51200,13107200,0.0,0,0,0,"{""0.2"": 0, ""0.5"": 0, ""1.0"": 0, ""2.0"": 0, ""4.0"": 0}",0.029230310221787015,0.13895681760043727,0.9317647058823528,0.18516314338235296,350,0,0
paper-2,paper,2.0,LBQCD-D05-unequal-min010-K18,unequal,concentrated,LBQCD-D05-unequal-min010-K18/concentrated,1,update,0,0.0,400,400,0.6173705000110203,400,51200,51200,51200,13107200,0.0,0,0,0,"{""0.2"": 0, ""0.5"": 0, ""1.0"": 0, ""2.0"": 0, ""4.0"": 0}",0.011038220487669559,0.15794570620634193,0.9317647058823528,0.23841681985294116,200,0,0
paper-2,paper,2.0,LBQCD-D05-unequal-min010-K18,unequal,concentrated,LBQCD-D05-unequal-min010-K18/concentrated,2,update,0,0.0,400,400,0.5112152000074275,400,51200,51200,51200,13107200,0.0,0,0,0,"{""0.2"": 0, ""0.5"": 0, ""1.0"": 0, ""2.0"": 0, ""4.0"": 0}",0.03387466032226438,0.1620063300097798,0.9317647058823528,0.25794806985294116,250,0,0
paper-4,paper,4.0,LBQCD-D05-unequal-min010-K18,unequal,concentrated,LBQCD-D05-unequal-min010-K18/concentrated,0,update,0,0.0,400,400,0.6062532000069041,400,51200,51200,51200,13107200,0.0,0,0,0,"{""0.2"": 0, ""0.5"": 0, ""1.0"": 0, ""2.0"": 0, ""4.0"": 0}",0.027552572874407044,0.15150140784933308,0.9317647058823528,0.22350873161764706,350,0,0
paper-4,paper,4.0,LBQCD-D05-unequal-min010-K18,unequal,concentrated,LBQCD-D05-unequal-min010-K18/concentrated,1,update,0,0.0,400,400,0.6668288000073517,400,51200,51200,51200,13107200,0.0,0,0,0,"{""0.2"": 0, ""0.5"": 0, ""1.0"": 0, ""2.0"": 0, ""4.0"": 0}",0.014646536721667935,0.18540799267725863,0.9317647058823528,0.25527803308823527,350,0,0
paper-4,paper,4.0,LBQCD-D05-unequal-min010-K18,unequal,concentrated,LBQCD-D05-unequal-min010-K18/concentrated,2,update,0,0.0,400,400,0.7011797000013757,400,51200,51200,51200,13107200,0.0,0,0,0,"{""0.2"": 0, ""0.5"": 0, ""1.0"": 0, ""2.0"": 0, ""4.0"": 0}",0.0421881835043143,0.20068272914034033,0.8735294117647058,0.39759650735294116,400,1,0
qld-v1,qld,0.5,LBQCD-D05-unequal-min010-K18,unequal,concentrated,LBQCD-D05-unequal-min010-K18/concentrated,0,update,0,0.7,400,400,0.2820416999893496,400,51200,51200,51200,3932160,501760.0,0,0,0,"{""0.2"": 0, ""0.5"": 0, ""1.0"": 0, ""2.0"": 0, ""4.0"": 0}",0.013716055360304402,0.12934470828148675,0.9899999999999999,0.07974494485294115,200,0,0
qld-v1,qld,0.5,LBQCD-D05-unequal-min010-K18,unequal,concentrated,LBQCD-D05-unequal-min010-K18/concentrated,1,update,0,0.7,400,400,0.29092310000851285,400,51200,51200,51200,3932160,501760.0,0,0,0,"{""0.2"": 0, ""0.5"": 0, ""1.0"": 0, ""2.0"": 0, ""4.0"": 0}",0.011647479306552633,0.204485243900914,0.9899999999999999,0.12806525735294116,200,0,0
qld-v1,qld,0.5,LBQCD-D05-unequal-min010-K18,unequal,concentrated,LBQCD-D05-unequal-min010-K18/concentrated,2,update,0,0.7,400,400,0.2983256000006804,400,51200,51200,51200,3932160,501760.0,0,0,0,"{""0.2"": 0, ""0.5"": 0, ""1.0"": 0, ""2.0"": 0, ""4.0"": 0}",0.021234708680011316,0.12142688521383745,0.9899999999999999,0.11022748161764706,150,0,0
rsr-M1024-f0.60-e,rsr,0.5,LBQCD-D05-unequal-min010-K18,unequal,concentrated,LBQCD-D05-unequal-min010-K18/concentrated,0,examples,1024,0.6,40,40,0.12146680000296328,400,51200,26624,26624,524288,491520.0,0,0,0,"{""0.2"": 0, ""0.5"": 0, ""1.0"": 0, ""2.0"": 0, ""4.0"": 0}",0.2826866376964525,0.8594647686485125,0.5823529411764705,0.848249080882353,40,1,0
rsr-M1024-f0.60-e,rsr,0.5,LBQCD-D05-unequal-min010-K18,unequal,concentrated,LBQCD-D05-unequal-min010-K18/concentrated,1,examples,1024,0.6,40,40,0.10556320000614505,400,51200,26624,26624,524288,491520.0,0,0,0,"{""0.2"": 0, ""0.5"": 0, ""1.0"": 0, ""2.0"": 0, ""4.0"": 0}",0.21861694082228356,0.7071232857579685,0.5823529411764705,0.8682996323529412,40,1,0
rsr-M1024-f0.60-e,rsr,0.5,LBQCD-D05-unequal-min010-K18,unequal,concentrated,LBQCD-D05-unequal-min010-K18/concentrated,2,examples,1024,0.6,40,40,0.09922210000513587,400,51200,26624,26624,524288,491520.0,0,0,0,"{""0.2"": 0, ""0.5"": 0, ""1.0"": 0, ""2.0"": 0, ""4.0"": 0}",0.20760874339437496,0.7188796557529704,0.5823529411764705,0.8890670955882353,40,1,0
rsr-M1024-f0.60-u,rsr,0.5,LBQCD-D05-unequal-min010-K18,unequal,concentrated,LBQCD-D05-unequal-min010-K18/concentrated,0,update,1024,0.6,400,400,1.1185930000065127,4000,512000,266240,266240,5242880,4915200.0,0,0,0,"{""0.2"": 0, ""0.5"": 0, ""1.0"": 0, ""2.0"": 0, ""4.0"": 0}",0.009387907726981837,0.1403555054208867,0.9899999999999999,0.10195772058823527,150,0,0
rsr-M1024-f0.60-u,rsr,0.5,LBQCD-D05-unequal-min010-K18,unequal,concentrated,LBQCD-D05-unequal-min010-K18/concentrated,1,update,1024,0.6,400,400,1.1537897000089288,4000,512000,266240,266240,5242880,4915200.0,0,0,0,"{""0.2"": 0, ""0.5"": 0, ""1.0"": 0, ""2.0"": 0, ""4.0"": 0}",0.008336625452154856,0.1496477717104823,0.9899999999999999,0.11706341911764706,150,0,0
rsr-M1024-f0.60-u,rsr,0.5,LBQCD-D05-unequal-min010-K18,unequal,concentrated,LBQCD-D05-unequal-min010-K18/concentrated,2,update,1024,0.6,400,400,1.015853299992159,4000,512000,266240,266240,5242880,4915200.0,0,0,0,"{""0.2"": 0, ""0.5"": 0, ""1.0"": 0, ""2.0"": 0, ""4.0"": 0}",0.02294813718013522,0.1258985446822999,0.9899999999999999,0.10977022058823527,150,0,0
rsr-M1024-f0.80-e,rsr,0.5,LBQCD-D05-unequal-min010-K18,unequal,concentrated,LBQCD-D05-unequal-min010-K18/concentrated,0,examples,1024,0.8,31,31,0.08865399999194779,406,51968,26368,26368,196608,512000.0,0,0,0,"{""0.2"": 0, ""0.5"": 0, ""1.0"": 0, ""2.0"": 0, ""4.0"": 0}",0.4083319225832067,1.0921831829081066,0.4658823529411764,1.0682352941176472,31,1,0
rsr-M1024-f0.80-e,rsr,0.5,LBQCD-D05-unequal-min010-K18,unequal,concentrated,LBQCD-D05-unequal-min010-K18/concentrated,1,examples,1024,0.8,31,31,0.08937399998831097,406,51968,26368,26368,196608,512000.0,0,0,0,"{""0.2"": 0, ""0.5"": 0, ""1.0"": 0, ""2.0"": 0, ""4.0"": 0}",0.33757312199817946,0.9467113883785438,0.5241176470588235,0.924420955882353,31,1,0
rsr-M1024-f0.80-e,rsr,0.5,LBQCD-D05-unequal-min010-K18,unequal,concentrated,LBQCD-D05-unequal-min010-K18/concentrated,2,examples,1024,0.8,31,31,0.09551769999961834,406,51968,26368,26368,196608,512000.0,0,0,0,"{""0.2"": 0, ""0.5"": 0, ""1.0"": 0, ""2.0"": 0, ""4.0"": 0}",0.2963023061829082,0.9224767948691148,0.4658823529411764,0.9608134191176471,31,1,0
rsr-M1024-f0.80-u,rsr,0.5,LBQCD-D05-unequal-min010-K18,unequal,concentrated,LBQCD-D05-unequal-min010-K18/concentrated,0,update,1024,0.8,400,400,1.1523478000017349,5200,665600,337920,337920,2621440,6553600.0,0,0,0,"{""0.2"": 0, ""0.5"": 0, ""1.0"": 0, ""2.0"": 0, ""4.0"": 0}",0.008079344382384335,0.13015557711277612,0.9899999999999999,0.08483685661764706,150,0,0
rsr-M1024-f0.80-u,rsr,0.5,LBQCD-D05-unequal-min010-K18,unequal,concentrated,LBQCD-D05-unequal-min010-K18/concentrated,1,update,1024,0.8,400,400,1.1921314999926835,5200,665600,337920,337920,2621440,6553600.0,0,0,0,"{""0.2"": 0, ""0.5"": 0, ""1.0"": 0, ""2.0"": 0, ""4.0"": 0}",0.008454508046792153,0.16625576445459492,0.9899999999999999,0.10169806985294116,150,0,0
rsr-M1024-f0.80-u,rsr,0.5,LBQCD-D05-unequal-min010-K18,unequal,concentrated,LBQCD-D05-unequal-min010-K18/concentrated,2,update,1024,0.8,400,400,1.1323622000054456,5200,665600,337920,337920,2621440,6553600.0,0,0,0,"{""0.2"": 0, ""0.5"": 0, ""1.0"": 0, ""2.0"": 0, ""4.0"": 0}",0.014592006057752016,0.13087348459196482,0.9899999999999999,0.08750689338235296,150,0,0
rsr-M512-f0.60-e,rsr,0.5,LBQCD-D05-unequal-min010-K18,unequal,concentrated,LBQCD-D05-unequal-min010-K18/concentrated,0,examples,512,0.6,77,77,0.13800910000281874,399,51072,27520,27520,1015808,423936.0,0,0,0,"{""0.2"": 0, ""0.5"": 0, ""1.0"": 0, ""2.0"": 0, ""4.0"": 0}",0.11279730722004944,0.6363414387104567,0.8152941176470587,0.6920611213235294,77,1,0
rsr-M512-f0.60-e,rsr,0.5,LBQCD-D05-unequal-min010-K18,unequal,concentrated,LBQCD-D05-unequal-min010-K18/concentrated,1,examples,512,0.6,77,77,0.13867829999071546,399,51072,27520,27520,1015808,423936.0,0,0,0,"{""0.2"": 0, ""0.5"": 0, ""1.0"": 0, ""2.0"": 0, ""4.0"": 0}",0.08000085991747063,0.5797783443453263,0.8735294117647058,0.6549517463235294,77,1,0
rsr-M512-f0.60-e,rsr,0.5,LBQCD-D05-unequal-min010-K18,unequal,concentrated,LBQCD-D05-unequal-min010-K18/concentrated,2,examples,512,0.6,77,77,0.11668469999858644,399,51072,27520,27520,1015808,423936.0,0,0,0,"{""0.2"": 0, ""0.5"": 0, ""1.0"": 0, ""2.0"": 0, ""4.0"": 0}",0.13724451562229234,0.5712365802816397,0.8152941176470587,0.7909535845588235,77,1,0
rsr-M512-f0.60-u,rsr,0.5,LBQCD-D05-unequal-min010-K18,unequal,concentrated,LBQCD-D05-unequal-min010-K18/concentrated,0,update,512,0.6,400,400,0.78593230000115,2080,266240,143360,143360,5242880,2211840.0,0,0,0,"{""0.2"": 0, ""0.5"": 0, ""1.0"": 0, ""2.0"": 0, ""4.0"": 0}",0.008227931020494239,0.15577603436760593,0.9899999999999999,0.10462775735294116,150,0,0
rsr-M512-f0.60-u,rsr,0.5,LBQCD-D05-unequal-min010-K18,unequal,concentrated,LBQCD-D05-unequal-min010-K18/concentrated,1,update,512,0.6,400,400,0.6819786999985809,2080,266240,143360,143360,5242880,2211840.0,0,0,0,"{""0.2"": 0, ""0.5"": 0, ""1.0"": 0, ""2.0"": 0, ""4.0"": 0}",0.009948719666310168,0.17607727811603416,0.9899999999999999,0.12025275735294116,150,0,0
rsr-M512-f0.60-u,rsr,0.5,LBQCD-D05-unequal-min010-K18,unequal,concentrated,LBQCD-D05-unequal-min010-K18/concentrated,2,update,512,0.6,400,400,0.7297666000085883,2080,266240,143360,143360,5242880,2211840.0,0,0,0,"{""0.2"": 0, ""0.5"": 0, ""1.0"": 0, ""2.0"": 0, ""4.0"": 0}",0.018661703386236184,0.14638296562823236,0.9899999999999999,0.09213005514705885,150,0,0
rsr-M512-f0.80-e,rsr,0.5,LBQCD-D05-unequal-min010-K18,unequal,concentrated,LBQCD-D05-unequal-min010-K18/concentrated,0,examples,512,0.8,61,61,0.10071470000548288,404,51712,26624,26624,393216,451584.0,0,0,0,"{""0.2"": 0, ""0.5"": 0, ""1.0"": 0, ""2.0"": 0, ""4.0"": 0}",0.09841102872583996,0.5816151483218629,0.8152941176470587,0.7401723345588235,61,1,0
rsr-M512-f0.80-e,rsr,0.5,LBQCD-D05-unequal-min010-K18,unequal,concentrated,LBQCD-D05-unequal-min010-K18/concentrated,1,examples,512,0.8,61,61,0.10234769999806304,404,51712,26624,26624,393216,451584.0,0,0,0,"{""0.2"": 0, ""0.5"": 0, ""1.0"": 0, ""2.0"": 0, ""4.0"": 0}",0.07194093823977266,0.5441307721610428,0.8152941176470587,0.6158892463235294,61,1,0
rsr-M512-f0.80-e,rsr,0.5,LBQCD-D05-unequal-min010-K18,unequal,concentrated,LBQCD-D05-unequal-min010-K18/concentrated,2,examples,512,0.8,61,61,0.1370152000017697,404,51712,26624,26624,393216,451584.0,0,0,0,"{""0.2"": 0, ""0.5"": 0, ""1.0"": 0, ""2.0"": 0, ""4.0"": 0}",0.12865177690177454,0.5531765563239089,0.8152941176470587,0.7572311580882353,61,1,0
rsr-M512-f0.80-u,rsr,0.5,LBQCD-D05-unequal-min010-K18,unequal,concentrated,LBQCD-D05-unequal-min010-K18/concentrated,0,update,512,0.8,400,400,0.7808399999921676,2640,337920,174080,174080,2621440,2949120.0,0,0,0,"{""0.2"": 0, ""0.5"": 0, ""1.0"": 0, ""2.0"": 0, ""4.0"": 0}",0.008060569312787536,0.13822607552326144,0.9899999999999999,0.07290900735294115,150,0,0
rsr-M512-f0.80-u,rsr,0.5,LBQCD-D05-unequal-min010-K18,unequal,concentrated,LBQCD-D05-unequal-min010-K18/concentrated,1,update,512,0.8,400,400,0.770197099991492,2640,337920,174080,174080,2621440,2949120.0,0,0,0,"{""0.2"": 0, ""0.5"": 0, ""1.0"": 0, ""2.0"": 0, ""4.0"": 0}",0.0071589147787540774,0.12143843701594646,0.9899999999999999,0.10482536764705885,150,0,0
rsr-M512-f0.80-u,rsr,0.5,LBQCD-D05-unequal-min010-K18,unequal,concentrated,LBQCD-D05-unequal-min010-K18/concentrated,2,update,512,0.8,400,400,0.7857249000080628,2640,337920,174080,174080,2621440,2949120.0,0,0,0,"{""0.2"": 0, ""0.5"": 0, ""1.0"": 0, ""2.0"": 0, ""4.0"": 0}",0.014515425853232955,0.13273937263076743,0.9899999999999999,0.07800091911764706,150,0,0
paper-0.2,paper,0.2,LBQCD-D05-unequal-min010-K18,unequal,missing,LBQCD-D05-unequal-min010-K18/missing,0,update,0,0.0,400,400,0.5205084000044735,400,51200,51200,51200,13107200,0.0,0,0,0,"{""0.2"": 0, ""0.5"": 0, ""1.0"": 0, ""2.0"": 0, ""4.0"": 0}",0.008714366983845423,0.12821073429816138,0.9999999999999999,0.08091911764705884,150,0,0
paper-0.2,paper,0.2,LBQCD-D05-unequal-min010-K18,unequal,missing,LBQCD-D05-unequal-min010-K18/missing,1,update,0,0.0,400,400,0.5220072999945842,400,51200,51200,51200,13107200,0.0,0,0,0,"{""0.2"": 0, ""0.5"": 0, ""1.0"": 0, ""2.0"": 0, ""4.0"": 0}",0.012458742254102706,0.24392930383746758,0.9999999999999999,0.12441865808823527,150,0,0
paper-0.2,paper,0.2,LBQCD-D05-unequal-min010-K18,unequal,missing,LBQCD-D05-unequal-min010-K18/missing,2,update,0,0.0,400,400,0.5519774999993388,400,51200,51200,51200,13107200,0.0,0,0,0,"{""0.2"": 0, ""0.5"": 0, ""1.0"": 0, ""2.0"": 0, ""4.0"": 0}",0.024504813999870034,0.20621181092189306,0.9999999999999999,0.11341681985294116,100,0,0
paper-0.5,paper,0.5,LBQCD-D05-unequal-min010-K18,unequal,missing,LBQCD-D05-unequal-min010-K18/missing,0,update,0,0.0,400,400,0.7722597000101814,400,51200,51200,51200,13107200,0.0,0,0,0,"{""0.2"": 0, ""0.5"": 0, ""1.0"": 0, ""2.0"": 0, ""4.0"": 0}",0.009410876881835506,0.15669837830591424,0.9999999999999999,0.07948529411764704,150,0,0
paper-0.5,paper,0.5,LBQCD-D05-unequal-min010-K18,unequal,missing,LBQCD-D05-unequal-min010-K18/missing,1,update,0,0.0,400,400,0.7190212000132306,400,51200,51200,51200,13107200,0.0,0,0,0,"{""0.2"": 0, ""0.5"": 0, ""1.0"": 0, ""2.0"": 0, ""4.0"": 0}",0.005584517303092618,0.19829798008457236,0.9999999999999999,0.07917509191176475,150,0,0
paper-0.5,paper,0.5,LBQCD-D05-unequal-min010-K18,unequal,missing,LBQCD-D05-unequal-min010-K18/missing,2,update,0,0.0,400,400,0.5477405999990879,400,51200,51200,51200,13107200,0.0,0,0,0,"{""0.2"": 0, ""0.5"": 0, ""1.0"": 0, ""2.0"": 0, ""4.0"": 0}",0.008322446928958893,0.12422762656489292,0.9999999999999999,0.08653033088235296,100,0,0
paper-1,paper,1.0,LBQCD-D05-unequal-min010-K18,unequal,missing,LBQCD-D05-unequal-min010-K18/missing,0,update,0,0.0,400,400,0.8662332999956561,400,51200,51200,51200,13107200,0.0,0,0,0,"{""0.2"": 0, ""0.5"": 0, ""1.0"": 0, ""2.0"": 0, ""4.0"": 0}",0.009774297134544696,0.17474037282684776,0.9999999999999999,0.14517463235294115,150,0,0
paper-1,paper,1.0,LBQCD-D05-unequal-min010-K18,unequal,missing,LBQCD-D05-unequal-min010-K18/missing,1,update,0,0.0,400,400,0.7099461999896448,400,51200,51200,51200,13107200,0.0,0,0,0,"{""0.2"": 0, ""0.5"": 0, ""1.0"": 0, ""2.0"": 0, ""4.0"": 0}",0.01140849251565923,0.1869083883759178,0.9999999999999999,0.13052619485294115,200,0,0
paper-1,paper,1.0,LBQCD-D05-unequal-min010-K18,unequal,missing,LBQCD-D05-unequal-min010-K18/missing,2,update,0,0.0,400,400,0.5894858999963617,400,51200,51200,51200,13107200,0.0,0,0,0,"{""0.2"": 0, ""0.5"": 0, ""1.0"": 0, ""2.0"": 0, ""4.0"": 0}",0.00822005720413621,0.1840423577365383,0.9999999999999999,0.11536994485294116,150,0,0
paper-2,paper,2.0,LBQCD-D05-unequal-min010-K18,unequal,missing,LBQCD-D05-unequal-min010-K18/missing,0,update,0,0.0,400,400,0.849110399998608,400,51200,51200,51200,13107200,0.0,0,0,0,"{""0.2"": 0, ""0.5"": 0, ""1.0"": 0, ""2.0"": 0, ""4.0"": 0}",0.015090478064907487,0.19364222315623797,0.9999999999999999,0.20038143382352935,300,0,0
paper-2,paper,2.0,LBQCD-D05-unequal-min010-K18,unequal,missing,LBQCD-D05-unequal-min010-K18/missing,1,update,0,0.0,400,400,0.6651734999904875,400,51200,51200,51200,13107200,0.0,0,0,0,"{""0.2"": 0, ""0.5"": 0, ""1.0"": 0, ""2.0"": 0, ""4.0"": 0}",0.012908227225561841,0.23157565688540493,0.9417647058823528,0.23430147058823525,400,0,0
paper-2,paper,2.0,LBQCD-D05-unequal-min010-K18,unequal,missing,LBQCD-D05-unequal-min010-K18/missing,2,update,0,0.0,400,400,0.6051694000052521,400,51200,51200,51200,13107200,0.0,0,0,0,"{""0.2"": 0, ""0.5"": 0, ""1.0"": 0, ""2.0"": 0, ""4.0"": 0}",0.016252317568358876,0.2233345334559467,0.9999999999999999,0.21959099264705884,250,0,0
paper-4,paper,4.0,LBQCD-D05-unequal-min010-K18,unequal,missing,LBQCD-D05-unequal-min010-K18/missing,0,update,0,0.0,400,400,0.8065722000028472,400,51200,51200,51200,13107200,0.0,0,0,0,"{""0.2"": 0, ""0.5"": 0, ""1.0"": 0, ""2.0"": 0, ""4.0"": 0}",0.05387121421298513,0.31408041236260126,0.8835294117647058,0.37056295955882346,400,1,0
paper-4,paper,4.0,LBQCD-D05-unequal-min010-K18,unequal,missing,LBQCD-D05-unequal-min010-K18/missing,1,update,0,0.0,400,400,0.7304948999953922,400,51200,51200,51200,13107200,0.0,0,0,0,"{""0.2"": 0, ""0.5"": 0, ""1.0"": 0, ""2.0"": 0, ""4.0"": 0}",0.03909367031193778,0.36337360625046883,0.8835294117647058,0.39152803308823525,400,1,0
paper-4,paper,4.0,LBQCD-D05-unequal-min010-K18,unequal,missing,LBQCD-D05-unequal-min010-K18/missing,2,update,0,0.0,400,400,0.5710622000042349,400,51200,51200,51200,13107200,0.0,0,0,0,"{""0.2"": 0, ""0.5"": 0, ""1.0"": 0, ""2.0"": 0, ""4.0"": 0}",0.08016348377407745,0.5294185306714295,0.8835294117647058,0.41301240808823525,400,1,0
qld-v1,qld,0.5,LBQCD-D05-unequal-min010-K18,unequal,missing,LBQCD-D05-unequal-min010-K18/missing,0,update,0,0.7,400,400,0.3870433999982197,400,51200,51200,51200,3932160,501760.0,0,0,0,"{""0.2"": 0, ""0.5"": 0, ""1.0"": 0, ""2.0"": 0, ""4.0"": 0}",0.022387703726780117,0.17676265556671283,0.9999999999999999,0.20988740808823525,250,0,0
qld-v1,qld,0.5,LBQCD-D05-unequal-min010-K18,unequal,missing,LBQCD-D05-unequal-min010-K18/missing,1,update,0,0.7,400,400,0.3065152000053786,400,51200,51200,51200,3932160,501760.0,0,0,0,"{""0.2"": 0, ""0.5"": 0, ""1.0"": 0, ""2.0"": 0, ""4.0"": 0}",0.02657261188729665,0.37527593280107074,0.9417647058823528,0.28071920955882346,300,0,0
qld-v1,qld,0.5,LBQCD-D05-unequal-min010-K18,unequal,missing,LBQCD-D05-unequal-min010-K18/missing,2,update,0,0.7,400,400,0.3301246000046376,400,51200,51200,51200,3932160,501760.0,0,0,0,"{""0.2"": 0, ""0.5"": 0, ""1.0"": 0, ""2.0"": 0, ""4.0"": 0}",0.013071855907169638,0.231979567382673,0.9417647058823528,0.26210248161764704,250,0,0
rsr-M1024-f0.60-e,rsr,0.5,LBQCD-D05-unequal-min010-K18,unequal,missing,LBQCD-D05-unequal-min010-K18/missing,0,examples,1024,0.6,40,40,0.11214139999356121,400,51200,26624,26624,524288,491520.0,0,0,0,"{""0.2"": 0, ""0.5"": 0, ""1.0"": 0, ""2.0"": 0, ""4.0"": 0}",3.0162201871047642,4.3005927775471005,0.4758823529411764,1.1320220588235292,40,1,0
rsr-M1024-f0.60-e,rsr,0.5,LBQCD-D05-unequal-min010-K18,unequal,missing,LBQCD-D05-unequal-min010-K18/missing,1,examples,1024,0.6,40,40,0.1454354999877978,400,51200,26624,26624,524288,491520.0,0,0,0,"{""0.2"": 0, ""0.5"": 0, ""1.0"": 0, ""2.0"": 0, ""4.0"": 0}",3.612149156248559,4.562388649554406,0.4758823529411764,1.2162660845588231,40,1,0
rsr-M1024-f0.60-e,rsr,0.5,LBQCD-D05-unequal-min010-K18,unequal,missing,LBQCD-D05-unequal-min010-K18/missing,2,examples,1024,0.6,40,40,0.08930779999354854,400,51200,26624,26624,524288,491520.0,0,0,0,"{""0.2"": 0, ""0.5"": 0, ""1.0"": 0, ""2.0"": 0, ""4.0"": 0}",3.38343112385981,4.513294773078252,0.4758823529411764,1.2214085477941174,40,1,0
rsr-M1024-f0.60-u,rsr,0.5,LBQCD-D05-unequal-min010-K18,unequal,missing,LBQCD-D05-unequal-min010-K18/missing,0,update,1024,0.6,400,400,1.1643746999907307,4000,512000,266240,266240,5242880,4915200.0,0,0,0,"{""0.2"": 0, ""0.5"": 0, ""1.0"": 0, ""2.0"": 0, ""4.0"": 0}",0.022212092162177566,0.16488903379592476,0.9999999999999999,0.19914522058823525,200,0,0
rsr-M1024-f0.60-u,rsr,0.5,LBQCD-D05-unequal-min010-K18,unequal,missing,LBQCD-D05-unequal-min010-K18/missing,1,update,1024,0.6,400,400,1.0629274000093574,4000,512000,266240,266240,5242880,4915200.0,0,0,0,"{""0.2"": 0, ""0.5"": 0, ""1.0"": 0, ""2.0"": 0, ""4.0"": 0}",0.011906509539139964,0.18259055876540156,0.9417647058823528,0.23404181985294115,200,0,0
rsr-M1024-f0.60-u,rsr,0.5,LBQCD-D05-unequal-min010-K18,unequal,missing,LBQCD-D05-unequal-min010-K18/missing,2,update,1024,0.6,400,400,1.1490248999907635,4000,512000,266240,266240,5242880,4915200.0,0,0,0,"{""0.2"": 0, ""0.5"": 0, ""1.0"": 0, ""2.0"": 0, ""4.0"": 0}",0.010364248213280636,0.17516506167538745,0.9417647058823528,0.22473345588235294,200,0,0
rsr-M1024-f0.80-e,rsr,0.5,LBQCD-D05-unequal-min010-K18,unequal,missing,LBQCD-D05-unequal-min010-K18/missing,0,examples,1024,0.8,31,31,0.09696270000131335,406,51968,26368,26368,196608,512000.0,0,0,0,"{""0.2"": 0, ""0.5"": 0, ""1.0"": 0, ""2.0"": 0, ""4.0"": 0}",3.286442495943235,4.39209192553584,0.41764705882352937,1.2025942095588231,31,1,0
rsr-M1024-f0.80-e,rsr,0.5,LBQCD-D05-unequal-min010-K18,unequal,missing,LBQCD-D05-unequal-min010-K18/missing,1,examples,1024,0.8,31,31,0.09266229999775533,406,51968,26368,26368,196608,512000.0,0,0,0,"{""0.2"": 0, ""0.5"": 0, ""1.0"": 0, ""2.0"": 0, ""4.0"": 0}",3.839434238099487,4.631205535163141,0.41764705882352937,1.2936741727941174,31,1,0
rsr-M1024-f0.80-e,rsr,0.5,LBQCD-D05-unequal-min010-K18,unequal,missing,LBQCD-D05-unequal-min010-K18/missing,2,examples,1024,0.8,31,31,0.12519030000839848,406,51968,26368,26368,196608,512000.0,0,0,0,"{""0.2"": 0, ""0.5"": 0, ""1.0"": 0, ""2.0"": 0, ""4.0"": 0}",3.594237571995,4.584156697902817,0.41764705882352937,1.2467991727941174,31,1,0
rsr-M1024-f0.80-u,rsr,0.5,LBQCD-D05-unequal-min010-K18,unequal,missing,LBQCD-D05-unequal-min010-K18/missing,0,update,1024,0.8,400,400,1.2822541000059573,5200,665600,337920,337920,2621440,6553600.0,0,0,0,"{""0.2"": 0, ""0.5"": 0, ""1.0"": 0, ""2.0"": 0, ""4.0"": 0}",0.02425176123168793,0.1726411205512706,0.9999999999999999,0.15031709558823525,200,0,0
rsr-M1024-f0.80-u,rsr,0.5,LBQCD-D05-unequal-min010-K18,unequal,missing,LBQCD-D05-unequal-min010-K18/missing,1,update,1024,0.8,400,400,1.2902117999910843,5200,665600,337920,337920,2621440,6553600.0,0,0,0,"{""0.2"": 0, ""0.5"": 0, ""1.0"": 0, ""2.0"": 0, ""4.0"": 0}",0.012400737906899106,0.14624683432478544,0.9417647058823528,0.20624080882352935,200,0,0
rsr-M1024-f0.80-u,rsr,0.5,LBQCD-D05-unequal-min010-K18,unequal,missing,LBQCD-D05-unequal-min010-K18/missing,2,update,1024,0.8,400,400,1.1763968000013847,5200,665600,337920,337920,2621440,6553600.0,0,0,0,"{""0.2"": 0, ""0.5"": 0, ""1.0"": 0, ""2.0"": 0, ""4.0"": 0}",0.0077282714677764375,0.1399940123722969,0.9999999999999999,0.15103400735294115,200,0,0
rsr-M512-f0.60-e,rsr,0.5,LBQCD-D05-unequal-min010-K18,unequal,missing,LBQCD-D05-unequal-min010-K18/missing,0,examples,512,0.6,77,77,0.14739430000190623,399,51072,27520,27520,1015808,423936.0,0,0,0,"{""0.2"": 0, ""0.5"": 0, ""1.0"": 0, ""2.0"": 0, ""4.0"": 0}",1.2749751961465243,2.8175336977235,0.6505882352941176,0.9083892463235294,77,1,0
rsr-M512-f0.60-e,rsr,0.5,LBQCD-D05-unequal-min010-K18,unequal,missing,LBQCD-D05-unequal-min010-K18/missing,1,examples,512,0.6,77,77,0.1488926000020001,399,51072,27520,27520,1015808,423936.0,0,0,0,"{""0.2"": 0, ""0.5"": 0, ""1.0"": 0, ""2.0"": 0, ""4.0"": 0}",1.8657762266261089,3.0258980558638178,0.5923529411764705,0.9335202205882352,77,1,0
rsr-M512-f0.60-e,rsr,0.5,LBQCD-D05-unequal-min010-K18,unequal,missing,LBQCD-D05-unequal-min010-K18/missing,2,examples,512,0.6,77,77,0.16707189999578986,399,51072,27520,27520,1015808,423936.0,0,0,0,"{""0.2"": 0, ""0.5"": 0, ""1.0"": 0, ""2.0"": 0, ""4.0"": 0}",1.861287244082296,3.2248928250977715,0.5923529411764705,0.9457582720588235,77,1,0
rsr-M512-f0.60-u,rsr,0.5,LBQCD-D05-unequal-min010-K18,unequal,missing,LBQCD-D05-unequal-min010-K18/missing,0,update,512,0.6,400,400,0.6493938000057824,2080,266240,143360,143360,5242880,2211840.0,0,0,0,"{""0.2"": 0, ""0.5"": 0, ""1.0"": 0, ""2.0"": 0, ""4.0"": 0}",0.028764123225748506,0.18267935966078985,0.9999999999999999,0.18078814338235294,200,0,0
rsr-M512-f0.60-u,rsr,0.5,LBQCD-D05-unequal-min010-K18,unequal,missing,LBQCD-D05-unequal-min010-K18/missing,1,update,512,0.6,400,400,0.764568300000974,2080,266240,143360,143360,5242880,2211840.0,0,0,0,"{""0.2"": 0, ""0.5"": 0, ""1.0"": 0, ""2.0"": 0, ""4.0"": 0}",0.011203089621182993,0.19212369076085195,0.9417647058823528,0.23970358455882346,250,0,0
rsr-M512-f0.60-u,rsr,0.5,LBQCD-D05-unequal-min010-K18,unequal,missing,LBQCD-D05-unequal-min010-K18/missing,2,update,512,0.6,400,400,0.7050175999902422,2080,266240,143360,143360,5242880,2211840.0,0,0,0,"{""0.2"": 0, ""0.5"": 0, ""1.0"": 0, ""2.0"": 0, ""4.0"": 0}",0.012102909803809236,0.20218036089510694,0.9417647058823528,0.26040900735294115,300,0,0
rsr-M512-f0.80-e,rsr,0.5,LBQCD-D05-unequal-min010-K18,unequal,missing,LBQCD-D05-unequal-min010-K18/missing,0,examples,512,0.8,61,61,0.10358219999761786,404,51712,26624,26624,393216,451584.0,0,0,0,"{""0.2"": 0, ""0.5"": 0, ""1.0"": 0, ""2.0"": 0, ""4.0"": 0}",1.339069905512586,2.819230361040551,0.5923529411764705,0.9093658088235294,61,1,0
rsr-M512-f0.80-e,rsr,0.5,LBQCD-D05-unequal-min010-K18,unequal,missing,LBQCD-D05-unequal-min010-K18/missing,1,examples,512,0.8,61,61,0.09926180000184104,404,51712,26624,26624,393216,451584.0,0,0,0,"{""0.2"": 0, ""0.5"": 0, ""1.0"": 0, ""2.0"": 0, ""4.0"": 0}",1.9224002341960884,3.0154547246845045,0.5341176470588235,0.9400965073529411,61,1,0
rsr-M512-f0.80-e,rsr,0.5,LBQCD-D05-unequal-min010-K18,unequal,missing,LBQCD-D05-unequal-min010-K18/missing,2,examples,512,0.8,61,61,0.09227160000591539,404,51712,26624,26624,393216,451584.0,0,0,0,"{""0.2"": 0, ""0.5"": 0, ""1.0"": 0, ""2.0"": 0, ""4.0"": 0}",1.9131927900310823,3.229892419478021,0.5923529411764705,0.9962798713235294,61,1,0
rsr-M512-f0.80-u,rsr,0.5,LBQCD-D05-unequal-min010-K18,unequal,missing,LBQCD-D05-unequal-min010-K18/missing,0,update,512,0.8,400,400,0.7298682999971788,2640,337920,174080,174080,2621440,2949120.0,0,0,0,"{""0.2"": 0, ""0.5"": 0, ""1.0"": 0, ""2.0"": 0, ""4.0"": 0}",0.014129645434704408,0.12982396418082742,0.9999999999999999,0.12584099264705884,200,0,0
rsr-M512-f0.80-u,rsr,0.5,LBQCD-D05-unequal-min010-K18,unequal,missing,LBQCD-D05-unequal-min010-K18/missing,1,update,512,0.8,400,400,0.7732214999996359,2640,337920,174080,174080,2621440,2949120.0,0,0,0,"{""0.2"": 0, ""0.5"": 0, ""1.0"": 0, ""2.0"": 0, ""4.0"": 0}",0.01612478092530667,0.17187684514789148,0.9417647058823528,0.21255744485294115,250,0,0
rsr-M512-f0.80-u,rsr,0.5,LBQCD-D05-unequal-min010-K18,unequal,missing,LBQCD-D05-unequal-min010-K18/missing,2,update,512,0.8,400,400,0.7994345000042813,2640,337920,174080,174080,2621440,2949120.0,0,0,0,"{""0.2"": 0, ""0.5"": 0, ""1.0"": 0, ""2.0"": 0, ""4.0"": 0}",0.010544377822757856,0.14321494959235184,0.9417647058823528,0.17277803308823525,250,0,0
paper-0.2,paper,0.2,LBQCD-D06-unequal-min005-K20,unequal,concentrated,LBQCD-D06-unequal-min005-K20/concentrated,0,update,0,0.0,400,400,0.5247216999996454,400,51200,51200,51200,13107200,0.0,0,0,0,"{""0.2"": 0, ""0.5"": 0, ""1.0"": 0, ""2.0"": 0, ""4.0"": 0}",0.05929074439476789,0.39116736711750744,0.9950000000000003,0.15307154605263154,350,0,0
paper-0.2,paper,0.2,LBQCD-D06-unequal-min005-K20,unequal,concentrated,LBQCD-D06-unequal-min005-K20/concentrated,1,update,0,0.0,400,400,0.6522393000050215,400,51200,51200,51200,13107200,0.0,0,0,0,"{""0.2"": 0, ""0.5"": 0, ""1.0"": 0, ""2.0"": 0, ""4.0"": 0}",0.026500984220253265,0.17086470039058219,1.0000000000000002,0.09253495065789481,100,0,0
paper-0.2,paper,0.2,LBQCD-D06-unequal-min005-K20,unequal,concentrated,LBQCD-D06-unequal-min005-K20/concentrated,2,update,0,0.0,400,400,0.529103099994245,400,51200,51200,51200,13107200,0.0,0,0,0,"{""0.2"": 0, ""0.5"": 0, ""1.0"": 0, ""2.0"": 0, ""4.0"": 0}",0.011171431450746283,0.1875510397785809,0.9950000000000003,0.08324629934210519,200,0,0
paper-0.5,paper,0.5,LBQCD-D06-unequal-min005-K20,unequal,concentrated,LBQCD-D06-unequal-min005-K20/concentrated,0,update,0,0.0,400,400,0.741488700004993,400,51200,51200,51200,13107200,0.0,0,0,0,"{""0.2"": 0, ""0.5"": 0, ""1.0"": 0, ""2.0"": 0, ""4.0"": 0}",0.01795032102046079,0.2072948772681891,0.9950000000000003,0.085931332236842,150,0,0
paper-0.5,paper,0.5,LBQCD-D06-unequal-min005-K20,unequal,concentrated,LBQCD-D06-unequal-min005-K20/concentrated,1,update,0,0.0,400,400,0.5638251999916974,400,51200,51200,51200,13107200,0.0,0,0,0,"{""0.2"": 0, ""0.5"": 0, ""1.0"": 0, ""2.0"": 0, ""4.0"": 0}",0.011511567228791542,0.19120018820990814,0.9950000000000003,0.10230057565789481,250,0,0
paper-0.5,paper,0.5,LBQCD-D06-unequal-min005-K20,unequal,concentrated,LBQCD-D06-unequal-min005-K20/concentrated,2,update,0,0.0,400,400,0.7571256999945035,400,51200,51200,51200,13107200,0.0,0,0,0,"{""0.2"": 0, ""0.5"": 0, ""1.0"": 0, ""2.0"": 0, ""4.0"": 0}",0.01011914958210447,0.1891409726784204,0.9950000000000003,0.07275904605263163,250,0,0
paper-1,paper,1.0,LBQCD-D06-unequal-min005-K20,unequal,concentrated,LBQCD-D06-unequal-min005-K20/concentrated,0,update,0,0.0,400,400,0.6822883000131696,400,51200,51200,51200,13107200,0.0,0,0,0,"{""0.2"": 0, ""0.5"": 0, ""1.0"": 0, ""2.0"": 0, ""4.0"": 0}",0.01616510454202924,0.20003554359105807,0.9950000000000003,0.07982935855263155,250,0,0
paper-1,paper,1.0,LBQCD-D06-unequal-min005-K20,unequal,concentrated,LBQCD-D06-unequal-min005-K20/concentrated,1,update,0,0.0,400,400,0.6431119000044418,400,51200,51200,51200,13107200,0.0,0,0,0,"{""0.2"": 0, ""0.5"": 0, ""1.0"": 0, ""2.0"": 0, ""4.0"": 0}",0.009383068393584715,0.24718010664305412,0.9950000000000003,0.16381373355263154,200,0,0
paper-1,paper,1.0,LBQCD-D06-unequal-min005-K20,unequal,concentrated,LBQCD-D06-unequal-min005-K20/concentrated,2,update,0,0.0,400,400,0.5173217999981716,400,51200,51200,51200,13107200,0.0,0,0,0,"{""0.2"": 0, ""0.5"": 0, ""1.0"": 0, ""2.0"": 0, ""4.0"": 0}",0.012112734551344317,0.21257787009791124,0.9950000000000003,0.10253495065789474,200,0,0
paper-2,paper,2.0,LBQCD-D06-unequal-min005-K20,unequal,concentrated,LBQCD-D06-unequal-min005-K20/concentrated,0,update,0,0.0,400,400,0.5770619999966584,400,51200,51200,51200,13107200,0.0,0,0,0,"{""0.2"": 0, ""0.5"": 0, ""1.0"": 0, ""2.0"": 0, ""4.0"": 0}",0.012206853177580967,0.192127959212583,0.9426315789473687,0.18505345394736836,350,0,0
paper-2,paper,2.0,LBQCD-D06-unequal-min005-K20,unequal,concentrated,LBQCD-D06-unequal-min005-K20/concentrated,1,update,0,0.0,400,400,0.5883346000046004,400,51200,51200,51200,13107200,0.0,0,0,0,"{""0.2"": 0, ""0.5"": 0, ""1.0"": 0, ""2.0"": 0, ""4.0"": 0}",0.01791843193385212,0.2939589618191558,0.8902631578947371,0.31225123355263157,400,1,0
paper-2,paper,2.0,LBQCD-D06-unequal-min005-K20,unequal,concentrated,LBQCD-D06-unequal-min005-K20/concentrated,2,update,0,0.0,400,400,0.6122998000064399,400,51200,51200,51200,13107200,0.0,0,0,0,"{""0.2"": 0, ""0.5"": 0, ""1.0"": 0, ""2.0"": 0, ""4.0"": 0}",0.01887252901654346,0.2749292684703124,0.9426315789473687,0.22851151315789472,400,1,0
paper-4,paper,4.0,LBQCD-D06-unequal-min005-K20,unequal,concentrated,LBQCD-D06-unequal-min005-K20/concentrated,0,update,0,0.0,400,400,0.735906400004751,400,51200,51200,51200,13107200,0.0,0,0,0,"{""0.2"": 0, ""0.5"": 0, ""1.0"": 0, ""2.0"": 0, ""4.0"": 0}",0.018904353330176704,0.24549481897560965,0.8378947368421055,0.27904810855263157,400,1,0
paper-4,paper,4.0,LBQCD-D06-unequal-min005-K20,unequal,concentrated,LBQCD-D06-unequal-min005-K20/concentrated,1,update,0,0.0,400,400,0.6836400000029244,400,51200,51200,51200,13107200,0.0,0,0,0,"{""0.2"": 0, ""0.5"": 0, ""1.0"": 0, ""2.0"": 0, ""4.0"": 0}",0.02987538179143634,0.31956351284121276,0.8378947368421055,0.3906208881578947,400,1,0
paper-4,paper,4.0,LBQCD-D06-unequal-min005-K20,unequal,concentrated,LBQCD-D06-unequal-min005-K20/concentrated,2,update,0,0.0,400,400,0.8108556000079261,400,51200,51200,51200,13107200,0.0,0,0,0,"{""0.2"": 0, ""0.5"": 0, ""1.0"": 0, ""2.0"": 0, ""4.0"": 0}",0.036381516492232535,0.3469192908334431,0.8378947368421055,0.3532689144736843,400,1,0
qld-v1,qld,0.5,LBQCD-D06-unequal-min005-K20,unequal,concentrated,LBQCD-D06-unequal-min005-K20/concentrated,0,update,0,0.7,400,400,0.2609182000014698,400,51200,51200,51200,3932160,501760.0,0,0,0,"{""0.2"": 0, ""0.5"": 0, ""1.0"": 0, ""2.0"": 0, ""4.0"": 0}",0.012073319567485363,0.17032513866035423,0.9426315789473687,0.12792557565789472,200,0,0
qld-v1,qld,0.5,LBQCD-D06-unequal-min005-K20,unequal,concentrated,LBQCD-D06-unequal-min005-K20/concentrated,1,update,0,0.7,400,400,0.3973446000018157,400,51200,51200,51200,3932160,501760.0,0,0,0,"{""0.2"": 0, ""0.5"": 0, ""1.0"": 0, ""2.0"": 0, ""4.0"": 0}",0.014839249313983949,0.2208138121705555,0.9426315789473687,0.20116776315789472,350,0,0
qld-v1,qld,0.5,LBQCD-D06-unequal-min005-K20,unequal,concentrated,LBQCD-D06-unequal-min005-K20/concentrated,2,update,0,0.7,400,400,0.37011119999806397,400,51200,51200,51200,3932160,501760.0,0,0,0,"{""0.2"": 0, ""0.5"": 0, ""1.0"": 0, ""2.0"": 0, ""4.0"": 0}",0.013757071999528137,0.21587016966377875,0.9426315789473687,0.19921463815789472,400,1,0
rsr-M1024-f0.60-e,rsr,0.5,LBQCD-D06-unequal-min005-K20,unequal,concentrated,LBQCD-D06-unequal-min005-K20/concentrated,0,examples,1024,0.6,40,40,0.11337130000174511,400,51200,26624,26624,524288,491520.0,0,0,0,"{""0.2"": 0, ""0.5"": 0, ""1.0"": 0, ""2.0"": 0, ""4.0"": 0}",0.7488937270506177,1.874928325097728,0.41894736842105273,1.1621052631578948,40,1,0
rsr-M1024-f0.60-e,rsr,0.5,LBQCD-D06-unequal-min005-K20,unequal,concentrated,LBQCD-D06-unequal-min005-K20/concentrated,1,examples,1024,0.6,40,40,0.1356076999945799,400,51200,26624,26624,524288,491520.0,0,0,0,"{""0.2"": 0, ""0.5"": 0, ""1.0"": 0, ""2.0"": 0, ""4.0"": 0}",0.6189141393160442,1.6832368963615933,0.41894736842105273,1.1621052631578948,40,1,0
rsr-M1024-f0.60-e,rsr,0.5,LBQCD-D06-unequal-min005-K20,unequal,concentrated,LBQCD-D06-unequal-min005-K20/concentrated,2,examples,1024,0.6,40,40,0.10850760000175796,400,51200,26624,26624,524288,491520.0,0,0,0,"{""0.2"": 0, ""0.5"": 0, ""1.0"": 0, ""2.0"": 0, ""4.0"": 0}",0.7032574693616045,1.806395395065386,0.41894736842105273,1.1621052631578948,40,1,0
rsr-M1024-f0.60-u,rsr,0.5,LBQCD-D06-unequal-min005-K20,unequal,concentrated,LBQCD-D06-unequal-min005-K20/concentrated,0,update,1024,0.6,400,400,1.0958843999978853,4000,512000,266240,266240,5242880,4915200.0,0,0,0,"{""0.2"": 0, ""0.5"": 0, ""1.0"": 0, ""2.0"": 0, ""4.0"": 0}",0.01412702253318976,0.17805764877302824,0.9426315789473687,0.11107935855263155,200,0,0
rsr-M1024-f0.60-u,rsr,0.5,LBQCD-D06-unequal-min005-K20,unequal,concentrated,LBQCD-D06-unequal-min005-K20/concentrated,1,update,1024,0.6,400,400,1.0887715999997454,4000,512000,266240,266240,5242880,4915200.0,0,0,0,"{""0.2"": 0, ""0.5"": 0, ""1.0"": 0, ""2.0"": 0, ""4.0"": 0}",0.011538576686078272,0.2158937810730865,0.9426315789473687,0.19628495065789472,200,0,0
rsr-M1024-f0.60-u,rsr,0.5,LBQCD-D06-unequal-min005-K20,unequal,concentrated,LBQCD-D06-unequal-min005-K20/concentrated,2,update,1024,0.6,400,400,1.1751734999998007,4000,512000,266240,266240,5242880,4915200.0,0,0,0,"{""0.2"": 0, ""0.5"": 0, ""1.0"": 0, ""2.0"": 0, ""4.0"": 0}",0.010902275751554669,0.2111690094082838,0.9426315789473687,0.12499588815789474,200,0,0
rsr-M1024-f0.80-e,rsr,0.5,LBQCD-D06-unequal-min005-K20,unequal,concentrated,LBQCD-D06-unequal-min005-K20/concentrated,0,examples,1024,0.8,31,31,0.08443889999762177,406,51968,26368,26368,196608,512000.0,0,0,0,"{""0.2"": 0, ""0.5"": 0, ""1.0"": 0, ""2.0"": 0, ""4.0"": 0}",0.8988039297563244,2.0902469534852006,0.3142105263157896,1.265865542763158,31,1,0
rsr-M1024-f0.80-e,rsr,0.5,LBQCD-D06-unequal-min005-K20,unequal,concentrated,LBQCD-D06-unequal-min005-K20/concentrated,1,examples,1024,0.8,31,31,0.09086770001158584,406,51968,26368,26368,196608,512000.0,0,0,0,"{""0.2"": 0, ""0.5"": 0, ""1.0"": 0, ""2.0"": 0, ""4.0"": 0}",0.751033938902566,1.9130679713650405,0.41894736842105273,1.1621052631578948,31,1,0
rsr-M1024-f0.80-e,rsr,0.5,LBQCD-D06-unequal-min005-K20,unequal,concentrated,LBQCD-D06-unequal-min005-K20/concentrated,2,examples,1024,0.8,31,31,0.11312510000425391,406,51968,26368,26368,196608,512000.0,0,0,0,"{""0.2"": 0, ""0.5"": 0, ""1.0"": 0, ""2.0"": 0, ""4.0"": 0}",0.8625103657358366,2.031906497786276,0.3142105263157896,1.230709292763158,31,1,0
rsr-M1024-f0.80-u,rsr,0.5,LBQCD-D06-unequal-min005-K20,unequal,concentrated,LBQCD-D06-unequal-min005-K20/concentrated,0,update,1024,0.8,400,400,1.2438589999946998,5200,665600,337920,337920,2621440,6553600.0,0,0,0,"{""0.2"": 0, ""0.5"": 0, ""1.0"": 0, ""2.0"": 0, ""4.0"": 0}",0.01805499365567087,0.1956198379877227,0.9950000000000003,0.10033717105263155,200,0,0
rsr-M1024-f0.80-u,rsr,0.5,LBQCD-D06-unequal-min005-K20,unequal,concentrated,LBQCD-D06-unequal-min005-K20/concentrated,1,update,1024,0.8,400,400,1.3410825000028126,5200,665600,337920,337920,2621440,6553600.0,0,0,0,"{""0.2"": 0, ""0.5"": 0, ""1.0"": 0, ""2.0"": 0, ""4.0"": 0}",0.011173993402710636,0.1985172486100532,0.9950000000000003,0.14135279605263154,200,0,0
rsr-M1024-f0.80-u,rsr,0.5,LBQCD-D06-unequal-min005-K20,unequal,concentrated,LBQCD-D06-unequal-min005-K20/concentrated,2,update,1024,0.8,400,400,1.216751200001454,5200,665600,337920,337920,2621440,6553600.0,0,0,0,"{""0.2"": 0, ""0.5"": 0, ""1.0"": 0, ""2.0"": 0, ""4.0"": 0}",0.014660806852065278,0.2702091863748901,0.9950000000000003,0.0981414473684211,200,0,0
rsr-M512-f0.60-e,rsr,0.5,LBQCD-D06-unequal-min005-K20,unequal,concentrated,LBQCD-D06-unequal-min005-K20/concentrated,0,examples,512,0.6,77,77,0.14722600000095554,399,51072,27520,27520,1015808,423936.0,0,0,0,"{""0.2"": 0, ""0.5"": 0, ""1.0"": 0, ""2.0"": 0, ""4.0"": 0}",0.14844524047553076,0.8312108493978841,0.6284210526315792,0.8813445723684212,77,1,0
rsr-M512-f0.60-e,rsr,0.5,LBQCD-D06-unequal-min005-K20,unequal,concentrated,LBQCD-D06-unequal-min005-K20/concentrated,1,examples,512,0.6,77,77,0.15623500000219792,399,51072,27520,27520,1015808,423936.0,0,0,0,"{""0.2"": 0, ""0.5"": 0, ""1.0"": 0, ""2.0"": 0, ""4.0"": 0}",0.19709826087750315,0.9250079987289748,0.6807894736842108,0.8161595394736844,77,1,0
rsr-M512-f0.60-e,rsr,0.5,LBQCD-D06-unequal-min005-K20,unequal,concentrated,LBQCD-D06-unequal-min005-K20/concentrated,2,examples,512,0.6,77,77,0.13985000000684522,399,51072,27520,27520,1015808,423936.0,0,0,0,"{""0.2"": 0, ""0.5"": 0, ""1.0"": 0, ""2.0"": 0, ""4.0"": 0}",0.1359210101067969,0.7874291955641445,0.6807894736842108,0.8081023848684211,77,1,0
rsr-M512-f0.60-u,rsr,0.5,LBQCD-D06-unequal-min005-K20,unequal,concentrated,LBQCD-D06-unequal-min005-K20/concentrated,0,update,512,0.6,400,400,0.6790318999992451,2080,266240,143360,143360,5242880,2211840.0,0,0,0,"{""0.2"": 0, ""0.5"": 0, ""1.0"": 0, ""2.0"": 0, ""4.0"": 0}",0.009531177226897114,0.19227819570283186,0.9426315789473687,0.13207442434210517,200,0,0
rsr-M512-f0.60-u,rsr,0.5,LBQCD-D06-unequal-min005-K20,unequal,concentrated,LBQCD-D06-unequal-min005-K20/concentrated,1,update,512,0.6,400,400,0.8214061000035144,2080,266240,143360,143360,5242880,2211840.0,0,0,0,"{""0.2"": 0, ""0.5"": 0, ""1.0"": 0, ""2.0"": 0, ""4.0"": 0}",0.011982576233799946,0.24504470955052043,0.9426315789473687,0.21068873355263154,200,0,0
rsr-M512-f0.60-u,rsr,0.5,LBQCD-D06-unequal-min005-K20,unequal,concentrated,LBQCD-D06-unequal-min005-K20/concentrated,2,update,512,0.6,400,400,0.7582102000014856,2080,266240,143360,143360,5242880,2211840.0,0,0,0,"{""0.2"": 0, ""0.5"": 0, ""1.0"": 0, ""2.0"": 0, ""4.0"": 0}",0.011666830093620462,0.20123110651869833,0.9426315789473687,0.14330592105263154,400,0,0
rsr-M512-f0.80-e,rsr,0.5,LBQCD-D06-unequal-min005-K20,unequal,concentrated,LBQCD-D06-unequal-min005-K20/concentrated,0,examples,512,0.8,61,61,0.12182590000156779,404,51712,26624,26624,393216,451584.0,0,0,0,"{""0.2"": 0, ""0.5"": 0, ""1.0"": 0, ""2.0"": 0, ""4.0"": 0}",0.1520638184186911,0.8271110340435972,0.6284210526315792,0.8608367598684212,61,1,0
rsr-M512-f0.80-e,rsr,0.5,LBQCD-D06-unequal-min005-K20,unequal,concentrated,LBQCD-D06-unequal-min005-K20/concentrated,1,examples,512,0.8,61,61,0.11217500000202563,404,51712,26624,26624,393216,451584.0,0,0,0,"{""0.2"": 0, ""0.5"": 0, ""1.0"": 0, ""2.0"": 0, ""4.0"": 0}",0.19492408355769797,0.8805471202298893,0.6284210526315792,0.8789041940789476,61,1,0
rsr-M512-f0.80-e,rsr,0.5,LBQCD-D06-unequal-min005-K20,unequal,concentrated,LBQCD-D06-unequal-min005-K20/concentrated,2,examples,512,0.8,61,61,0.10845050000352785,404,51712,26624,26624,393216,451584.0,0,0,0,"{""0.2"": 0, ""0.5"": 0, ""1.0"": 0, ""2.0"": 0, ""4.0"": 0}",0.13861698327321115,0.7711632486009382,0.6284210526315792,0.8708470394736844,61,1,0
rsr-M512-f0.80-u,rsr,0.5,LBQCD-D06-unequal-min005-K20,unequal,concentrated,LBQCD-D06-unequal-min005-K20/concentrated,0,update,512,0.8,400,400,0.7418431999976747,2640,337920,174080,174080,2621440,2949120.0,0,0,0,"{""0.2"": 0, ""0.5"": 0, ""1.0"": 0, ""2.0"": 0, ""4.0"": 0}",0.014570254489655099,0.17115451943397447,0.9950000000000003,0.10204564144736837,200,0,0
rsr-M512-f0.80-u,rsr,0.5,LBQCD-D06-unequal-min005-K20,unequal,concentrated,LBQCD-D06-unequal-min005-K20/concentrated,1,update,512,0.8,400,400,0.774144900002284,2640,337920,174080,174080,2621440,2949120.0,0,0,0,"{""0.2"": 0, ""0.5"": 0, ""1.0"": 0, ""2.0"": 0, ""4.0"": 0}",0.011894097217350463,0.19349570235029614,0.9950000000000003,0.1535608552631579,200,0,0
rsr-M512-f0.80-u,rsr,0.5,LBQCD-D06-unequal-min005-K20,unequal,concentrated,LBQCD-D06-unequal-min005-K20/concentrated,2,update,512,0.8,400,400,0.7785967999952845,2640,337920,174080,174080,2621440,2949120.0,0,0,0,"{""0.2"": 0, ""0.5"": 0, ""1.0"": 0, ""2.0"": 0, ""4.0"": 0}",0.011639368298181019,0.2249382640302789,0.9950000000000003,0.11596217105263155,250,0,0
paper-0.2,paper,0.2,LBQCD-D06-unequal-min005-K20,unequal,missing,LBQCD-D06-unequal-min005-K20/missing,0,update,0,0.0,400,400,0.5645556999952532,400,51200,51200,51200,13107200,0.0,0,0,0,"{""0.2"": 0, ""0.5"": 0, ""1.0"": 0, ""2.0"": 0, ""4.0"": 0}",0.016963625531068338,0.29054228453753334,0.9950000000000003,0.14916529605263154,200,0,0
paper-0.2,paper,0.2,LBQCD-D06-unequal-min005-K20,unequal,missing,LBQCD-D06-unequal-min005-K20/missing,1,update,0,0.0,400,400,0.5794917000021087,400,51200,51200,51200,13107200,0.0,0,0,0,"{""0.2"": 0, ""0.5"": 0, ""1.0"": 0, ""2.0"": 0, ""4.0"": 0}",0.07127933059264357,0.25329999011714066,0.9950000000000003,0.10253495065789474,200,0,0
paper-0.2,paper,0.2,LBQCD-D06-unequal-min005-K20,unequal,missing,LBQCD-D06-unequal-min005-K20/missing,2,update,0,0.0,400,400,0.7192508000007365,400,51200,51200,51200,13107200,0.0,0,0,0,"{""0.2"": 0, ""0.5"": 0, ""1.0"": 0, ""2.0"": 0, ""4.0"": 0}",0.010666959818841804,0.21034206177859718,0.9950000000000003,0.11669407894736837,400,1,0
paper-0.5,paper,0.5,LBQCD-D06-unequal-min005-K20,unequal,missing,LBQCD-D06-unequal-min005-K20/missing,0,update,0,0.0,400,400,0.6371043999970425,400,51200,51200,51200,13107200,0.0,0,0,0,"{""0.2"": 0, ""0.5"": 0, ""1.0"": 0, ""2.0"": 0, ""4.0"": 0}",0.05809992968400568,0.3317156768107284,0.9950000000000003,0.091790707236842,250,0,0
paper-0.5,paper,0.5,LBQCD-D06-unequal-min005-K20,unequal,missing,LBQCD-D06-unequal-min005-K20/missing,1,update,0,0.0,400,400,0.6708130000042729,400,51200,51200,51200,13107200,0.0,0,0,0,"{""0.2"": 0, ""0.5"": 0, ""1.0"": 0, ""2.0"": 0, ""4.0"": 0}",0.09817676246610763,0.430667742445353,0.9950000000000003,0.133795230263158,300,0,0
paper-0.5,paper,0.5,LBQCD-D06-unequal-min005-K20,unequal,missing,LBQCD-D06-unequal-min005-K20/missing,2,update,0,0.0,400,400,0.6762811000080546,400,51200,51200,51200,13107200,0.0,0,0,0,"{""0.2"": 0, ""0.5"": 0, ""1.0"": 0, ""2.0"": 0, ""4.0"": 0}",0.023267939800144077,0.21042371970580534,0.9950000000000003,0.05175370065789474,200,0,0
paper-1,paper,1.0,LBQCD-D06-unequal-min005-K20,unequal,missing,LBQCD-D06-unequal-min005-K20/missing,0,update,0,0.0,400,400,0.5843597000057343,400,51200,51200,51200,13107200,0.0,0,0,0,"{""0.2"": 0, ""0.5"": 0, ""1.0"": 0, ""2.0"": 0, ""4.0"": 0}",0.08323067214384317,0.36369832704107025,0.9950000000000003,0.13451685855263154,300,0,0
paper-1,paper,1.0,LBQCD-D06-unequal-min005-K20,unequal,missing,LBQCD-D06-unequal-min005-K20/missing,1,update,0,0.0,400,400,0.7429942000017036,400,51200,51200,51200,13107200,0.0,0,0,0,"{""0.2"": 0, ""0.5"": 0, ""1.0"": 0, ""2.0"": 0, ""4.0"": 0}",0.07826519825957767,0.37482043268445764,0.9950000000000003,0.12011307565789474,400,1,0
paper-1,paper,1.0,LBQCD-D06-unequal-min005-K20,unequal,missing,LBQCD-D06-unequal-min005-K20/missing,2,update,0,0.0,400,400,0.6414073000050848,400,51200,51200,51200,13107200,0.0,0,0,0,"{""0.2"": 0, ""0.5"": 0, ""1.0"": 0, ""2.0"": 0, ""4.0"": 0}",0.039564507955702766,0.3181821254204214,0.9950000000000003,0.09838404605263155,200,0,0
paper-2,paper,2.0,LBQCD-D06-unequal-min005-K20,unequal,missing,LBQCD-D06-unequal-min005-K20/missing,0,update,0,0.0,400,400,0.5404624000075273,400,51200,51200,51200,13107200,0.0,0,0,0,"{""0.2"": 0, ""0.5"": 0, ""1.0"": 0, ""2.0"": 0, ""4.0"": 0}",0.08717061139554882,0.39000003575905756,0.9426315789473687,0.26146998355263157,400,1,0
paper-2,paper,2.0,LBQCD-D06-unequal-min005-K20,unequal,missing,LBQCD-D06-unequal-min005-K20/missing,1,update,0,0.0,400,400,0.6763081999961287,400,51200,51200,51200,13107200,0.0,0,0,0,"{""0.2"": 0, ""0.5"": 0, ""1.0"": 0, ""2.0"": 0, ""4.0"": 0}",0.07231230523635013,0.3848433344253374,0.9950000000000003,0.2004358552631579,400,0,0
paper-2,paper,2.0,LBQCD-D06-unequal-min005-K20,unequal,missing,LBQCD-D06-unequal-min005-K20/missing,2,update,0,0.0,400,400,0.5072706999926595,400,51200,51200,51200,13107200,0.0,0,0,0,"{""0.2"": 0, ""0.5"": 0, ""1.0"": 0, ""2.0"": 0, ""4.0"": 0}",0.06984154736308934,0.4503961796615368,0.9426315789473687,0.17675370065789472,400,1,0
paper-4,paper,4.0,LBQCD-D06-unequal-min005-K20,unequal,missing,LBQCD-D06-unequal-min005-K20/missing,0,update,0,0.0,400,400,0.5518944000068586,400,51200,51200,51200,13107200,0.0,0,0,0,"{""0.2"": 0, ""0.5"": 0, ""1.0"": 0, ""2.0"": 0, ""4.0"": 0}",0.11023523335987306,0.5143874100796474,0.8902631578947371,0.34716488486842106,400,1,0
paper-4,paper,4.0,LBQCD-D06-unequal-min005-K20,unequal,missing,LBQCD-D06-unequal-min005-K20/missing,1,update,0,0.0,400,400,0.6140539000043646,400,51200,51200,51200,13107200,0.0,0,0,0,"{""0.2"": 0, ""0.5"": 0, ""1.0"": 0, ""2.0"": 0, ""4.0"": 0}",0.0929588346649366,0.47490805260976615,0.9426315789473687,0.2626912006578947,400,1,0
paper-4,paper,4.0,LBQCD-D06-unequal-min005-K20,unequal,missing,LBQCD-D06-unequal-min005-K20/missing,2,update,0,0.0,400,400,0.7487075000099139,400,51200,51200,51200,13107200,0.0,0,0,0,"{""0.2"": 0, ""0.5"": 0, ""1.0"": 0, ""2.0"": 0, ""4.0"": 0}",0.08571890522262571,0.5528290199325423,0.8902631578947371,0.25756373355263157,400,1,0
qld-v1,qld,0.5,LBQCD-D06-unequal-min005-K20,unequal,missing,LBQCD-D06-unequal-min005-K20/missing,0,update,0,0.7,400,400,0.32171679999737535,400,51200,51200,51200,3932160,501760.0,0,0,0,"{""0.2"": 0, ""0.5"": 0, ""1.0"": 0, ""2.0"": 0, ""4.0"": 0}",0.12028965406803849,0.5204290460467583,0.9426315789473687,0.24413651315789472,400,1,0
qld-v1,qld,0.5,LBQCD-D06-unequal-min005-K20,unequal,missing,LBQCD-D06-unequal-min005-K20/missing,1,update,0,0.7,400,400,0.3563527999940561,400,51200,51200,51200,3932160,501760.0,0,0,0,"{""0.2"": 0, ""0.5"": 0, ""1.0"": 0, ""2.0"": 0, ""4.0"": 0}",0.10900097980739343,0.5345109872273975,0.9426315789473687,0.2724568256578947,300,0,0
qld-v1,qld,0.5,LBQCD-D06-unequal-min005-K20,unequal,missing,LBQCD-D06-unequal-min005-K20/missing,2,update,0,0.7,400,400,0.34598369999730494,400,51200,51200,51200,3932160,501760.0,0,0,0,"{""0.2"": 0, ""0.5"": 0, ""1.0"": 0, ""2.0"": 0, ""4.0"": 0}",0.017207479575255036,0.2677677180380173,0.9426315789473687,0.20434004934210517,400,1,0
rsr-M1024-f0.60-e,rsr,0.5,LBQCD-D06-unequal-min005-K20,unequal,missing,LBQCD-D06-unequal-min005-K20/missing,0,examples,1024,0.6,40,40,0.09211060000234284,400,51200,26624,26624,524288,491520.0,0,0,0,"{""0.2"": 0, ""0.5"": 0, ""1.0"": 0, ""2.0"": 0, ""4.0"": 0}",3.503051125692294,5.605634636698817,0.47131578947368435,1.1472142269736842,40,1,0
rsr-M1024-f0.60-e,rsr,0.5,LBQCD-D06-unequal-min005-K20,unequal,missing,LBQCD-D06-unequal-min005-K20/missing,1,examples,1024,0.6,40,40,0.11920099999406375,400,51200,26624,26624,524288,491520.0,0,0,0,"{""0.2"": 0, ""0.5"": 0, ""1.0"": 0, ""2.0"": 0, ""4.0"": 0}",3.7270860118408606,5.696584392520101,0.47131578947368435,1.099118009868421,40,1,0
rsr-M1024-f0.60-e,rsr,0.5,LBQCD-D06-unequal-min005-K20,unequal,missing,LBQCD-D06-unequal-min005-K20/missing,2,examples,1024,0.6,40,40,0.10102210000331979,400,51200,26624,26624,524288,491520.0,0,0,0,"{""0.2"": 0, ""0.5"": 0, ""1.0"": 0, ""2.0"": 0, ""4.0"": 0}",4.358298053379302,5.879257214390731,0.41894736842105273,1.176021792763158,40,1,0
rsr-M1024-f0.60-u,rsr,0.5,LBQCD-D06-unequal-min005-K20,unequal,missing,LBQCD-D06-unequal-min005-K20/missing,0,update,1024,0.6,400,400,1.1587109999964014,4000,512000,266240,266240,5242880,4915200.0,0,0,0,"{""0.2"": 0, ""0.5"": 0, ""1.0"": 0, ""2.0"": 0, ""4.0"": 0}",0.11802732342145283,0.5181378311042283,0.9426315789473687,0.24315995065789472,400,0,0
rsr-M1024-f0.60-u,rsr,0.5,LBQCD-D06-unequal-min005-K20,unequal,missing,LBQCD-D06-unequal-min005-K20/missing,1,update,1024,0.6,400,400,1.1981635999982245,4000,512000,266240,266240,5242880,4915200.0,0,0,0,"{""0.2"": 0, ""0.5"": 0, ""1.0"": 0, ""2.0"": 0, ""4.0"": 0}",0.0644405231489582,0.3640637281212501,0.9426315789473687,0.2260711348684211,300,0,0
rsr-M1024-f0.60-u,rsr,0.5,LBQCD-D06-unequal-min005-K20,unequal,missing,LBQCD-D06-unequal-min005-K20/missing,2,update,1024,0.6,400,400,1.0897799999947893,4000,512000,266240,266240,5242880,4915200.0,0,0,0,"{""0.2"": 0, ""0.5"": 0, ""1.0"": 0, ""2.0"": 0, ""4.0"": 0}",0.03161731977010618,0.2621798832280101,0.9426315789473687,0.19042557565789472,400,1,0
rsr-M1024-f0.80-e,rsr,0.5,LBQCD-D06-unequal-min005-K20,unequal,missing,LBQCD-D06-unequal-min005-K20/missing,0,examples,1024,0.8,31,31,0.08418890000029933,406,51968,26368,26368,196608,512000.0,0,0,0,"{""0.2"": 0, ""0.5"": 0, ""1.0"": 0, ""2.0"": 0, ""4.0"": 0}",3.731134084971756,5.698573860179097,0.41894736842105273,1.1987273848684212,31,1,0
rsr-M1024-f0.80-e,rsr,0.5,LBQCD-D06-unequal-min005-K20,unequal,missing,LBQCD-D06-unequal-min005-K20/missing,1,examples,1024,0.8,31,31,0.08039110001118388,406,51968,26368,26368,196608,512000.0,0,0,0,"{""0.2"": 0, ""0.5"": 0, ""1.0"": 0, ""2.0"": 0, ""4.0"": 0}",3.980511105436264,5.795489047794019,0.41894736842105273,1.1762664473684212,31,1,0
rsr-M1024-f0.80-e,rsr,0.5,LBQCD-D06-unequal-min005-K20,unequal,missing,LBQCD-D06-unequal-min005-K20/missing,2,examples,1024,0.8,31,31,0.12306889999308623,406,51968,26368,26368,196608,512000.0,0,0,0,"{""0.2"": 0, ""0.5"": 0, ""1.0"": 0, ""2.0"": 0, ""4.0"": 0}",4.6134890927812044,5.959416265234978,0.3665789473684212,1.1645476973684212,31,1,0
rsr-M1024-f0.80-u,rsr,0.5,LBQCD-D06-unequal-min005-K20,unequal,missing,LBQCD-D06-unequal-min005-K20/missing,0,update,1024,0.8,400,400,1.2075391999969725,5200,665600,337920,337920,2621440,6553600.0,0,0,0,"{""0.2"": 0, ""0.5"": 0, ""1.0"": 0, ""2.0"": 0, ""4.0"": 0}",0.07883833057685141,0.355364996425631,0.9426315789473687,0.22020970394736836,250,0,0
rsr-M1024-f0.80-u,rsr,0.5,LBQCD-D06-unequal-min005-K20,unequal,missing,LBQCD-D06-unequal-min005-K20/missing,1,update,1024,0.8,400,400,1.2255236999917543,5200,665600,337920,337920,2621440,6553600.0,0,0,0,"{""0.2"": 0, ""0.5"": 0, ""1.0"": 0, ""2.0"": 0, ""4.0"": 0}",0.02762312256573196,0.2274019357220427,0.9426315789473687,0.20482935855263154,250,0,0
rsr-M1024-f0.80-u,rsr,0.5,LBQCD-D06-unequal-min005-K20,unequal,missing,LBQCD-D06-unequal-min005-K20/missing,2,update,1024,0.8,400,400,1.1666546000051312,5200,665600,337920,337920,2621440,6553600.0,0,0,0,"{""0.2"": 0, ""0.5"": 0, ""1.0"": 0, ""2.0"": 0, ""4.0"": 0}",0.04957709271610433,0.35139511645930005,0.9426315789473687,0.1372039473684211,250,0,0
rsr-M512-f0.60-e,rsr,0.5,LBQCD-D06-unequal-min005-K20,unequal,missing,LBQCD-D06-unequal-min005-K20/missing,0,examples,512,0.6,77,77,0.15036699999473058,399,51072,27520,27520,1015808,423936.0,0,0,0,"{""0.2"": 0, ""0.5"": 0, ""1.0"": 0, ""2.0"": 0, ""4.0"": 0}",1.7160076278628074,3.9680823673844565,0.5760526315789476,0.9448211348684212,77,1,0
rsr-M512-f0.60-e,rsr,0.5,LBQCD-D06-unequal-min005-K20,unequal,missing,LBQCD-D06-unequal-min005-K20/missing,1,examples,512,0.6,77,77,0.11849490000167862,399,51072,27520,27520,1015808,423936.0,0,0,0,"{""0.2"": 0, ""0.5"": 0, ""1.0"": 0, ""2.0"": 0, ""4.0"": 0}",1.8204433449042394,4.123714777762307,0.5760526315789476,0.9545867598684212,77,1,0
rsr-M512-f0.60-e,rsr,0.5,LBQCD-D06-unequal-min005-K20,unequal,missing,LBQCD-D06-unequal-min005-K20/missing,2,examples,512,0.6,77,77,0.17287470000155736,399,51072,27520,27520,1015808,423936.0,0,0,0,"{""0.2"": 0, ""0.5"": 0, ""1.0"": 0, ""2.0"": 0, ""4.0"": 0}",2.2729454527324933,4.467292938717479,0.523684210526316,0.9282195723684212,77,1,0
rsr-M512-f0.60-u,rsr,0.5,LBQCD-D06-unequal-min005-K20,unequal,missing,LBQCD-D06-unequal-min005-K20/missing,0,update,512,0.6,400,400,0.6861376000015298,2080,266240,143360,143360,5242880,2211840.0,0,0,0,"{""0.2"": 0, ""0.5"": 0, ""1.0"": 0, ""2.0"": 0, ""4.0"": 0}",0.11235770258282951,0.49652778579470974,0.9426315789473687,0.23632401315789472,350,0,0
rsr-M512-f0.60-u,rsr,0.5,LBQCD-D06-unequal-min005-K20,unequal,missing,LBQCD-D06-unequal-min005-K20/missing,1,update,512,0.6,400,400,0.6566126999969129,2080,266240,143360,143360,5242880,2211840.0,0,0,0,"{""0.2"": 0, ""0.5"": 0, ""1.0"": 0, ""2.0"": 0, ""4.0"": 0}",0.07635494963674994,0.41451205587421286,0.9426315789473687,0.24291529605263154,250,0,0
rsr-M512-f0.60-u,rsr,0.5,LBQCD-D06-unequal-min005-K20,unequal,missing,LBQCD-D06-unequal-min005-K20/missing,2,update,512,0.6,400,400,0.748870800001896,2080,266240,143360,143360,5242880,2211840.0,0,0,0,"{""0.2"": 0, ""0.5"": 0, ""1.0"": 0, ""2.0"": 0, ""4.0"": 0}",0.027378901053650928,0.2555278392819836,0.9426315789473687,0.18505345394736836,400,1,0
rsr-M512-f0.80-e,rsr,0.5,LBQCD-D06-unequal-min005-K20,unequal,missing,LBQCD-D06-unequal-min005-K20/missing,0,examples,512,0.8,61,61,0.0969939000060549,404,51712,26624,26624,393216,451584.0,0,0,0,"{""0.2"": 0, ""0.5"": 0, ""1.0"": 0, ""2.0"": 0, ""4.0"": 0}",1.7051418275808112,3.917460372269343,0.5760526315789476,0.9428680098684212,61,1,0
rsr-M512-f0.80-e,rsr,0.5,LBQCD-D06-unequal-min005-K20,unequal,missing,LBQCD-D06-unequal-min005-K20/missing,1,examples,512,0.8,61,61,0.20929810000234284,404,51712,26624,26624,393216,451584.0,0,0,0,"{""0.2"": 0, ""0.5"": 0, ""1.0"": 0, ""2.0"": 0, ""4.0"": 0}",1.817946275089513,4.105502014365879,0.5760526315789476,0.9526336348684212,61,1,0
rsr-M512-f0.80-e,rsr,0.5,LBQCD-D06-unequal-min005-K20,unequal,missing,LBQCD-D06-unequal-min005-K20/missing,2,examples,512,0.8,61,61,0.09727290000591893,404,51712,26624,26624,393216,451584.0,0,0,0,"{""0.2"": 0, ""0.5"": 0, ""1.0"": 0, ""2.0"": 0, ""4.0"": 0}",2.2833406587091813,4.447861434471219,0.523684210526316,0.9780242598684211,61,1,0
rsr-M512-f0.80-u,rsr,0.5,LBQCD-D06-unequal-min005-K20,unequal,missing,LBQCD-D06-unequal-min005-K20/missing,0,update,512,0.8,400,400,0.6807534000108717,2640,337920,174080,174080,2621440,2949120.0,0,0,0,"{""0.2"": 0, ""0.5"": 0, ""1.0"": 0, ""2.0"": 0, ""4.0"": 0}",0.04220861949940602,0.21487211695846675,0.9426315789473687,0.21923314144736836,250,0,0
rsr-M512-f0.80-u,rsr,0.5,LBQCD-D06-unequal-min005-K20,unequal,missing,LBQCD-D06-unequal-min005-K20/missing,1,update,512,0.8,400,400,0.6667717999953311,2640,337920,174080,174080,2621440,2949120.0,0,0,0,"{""0.2"": 0, ""0.5"": 0, ""1.0"": 0, ""2.0"": 0, ""4.0"": 0}",0.03124178932750965,0.22089009776432972,0.9426315789473687,0.19701685855263154,250,0,0
rsr-M512-f0.80-u,rsr,0.5,LBQCD-D06-unequal-min005-K20,unequal,missing,LBQCD-D06-unequal-min005-K20/missing,2,update,512,0.8,400,400,0.7485866000060923,2640,337920,174080,174080,2621440,2949120.0,0,0,0,"{""0.2"": 0, ""0.5"": 0, ""1.0"": 0, ""2.0"": 0, ""4.0"": 0}",0.014495625504650889,0.20548723797018642,0.9426315789473687,0.18407689144736836,250,0,0
paper-0.2,paper,0.2,LBQCD-D07-equal-K9,control-equal,concentrated,LBQCD-D07-equal-K9/concentrated,0,update,0,0.0,400,400,0.8647506999986945,400,51200,51200,51200,13107200,0.0,0,0,0,"{""0.2"": 0, ""0.5"": 0, ""1.0"": 0, ""2.0"": 0, ""4.0"": 0}",0.008737040230439863,0.14260747045031397,1.0,0.0802951388888889,50,0,0
paper-0.2,paper,0.2,LBQCD-D07-equal-K9,control-equal,concentrated,LBQCD-D07-equal-K9/concentrated,1,update,0,0.0,400,400,0.708165200005169,400,51200,51200,51200,13107200,0.0,0,0,0,"{""0.2"": 0, ""0.5"": 0, ""1.0"": 0, ""2.0"": 0, ""4.0"": 0}",0.01005787977676853,0.12502302851371644,1.0,0.055447048611111105,50,0,0
paper-0.2,paper,0.2,LBQCD-D07-equal-K9,control-equal,concentrated,LBQCD-D07-equal-K9/concentrated,2,update,0,0.0,400,400,0.5804220999998506,400,51200,51200,51200,13107200,0.0,0,0,0,"{""0.2"": 0, ""0.5"": 0, ""1.0"": 0, ""2.0"": 0, ""4.0"": 0}",0.013515301038778738,0.13755051129408802,1.0,0.08138020833333331,50,0,0
paper-0.5,paper,0.5,LBQCD-D07-equal-K9,control-equal,concentrated,LBQCD-D07-equal-K9/concentrated,0,update,0,0.0,400,400,0.8805467000056524,400,51200,51200,51200,13107200,0.0,0,0,0,"{""0.2"": 0, ""0.5"": 0, ""1.0"": 0, ""2.0"": 0, ""4.0"": 0}",0.009343977906437928,0.1463806252171681,1.0,0.0769314236111111,50,0,0
paper-0.5,paper,0.5,LBQCD-D07-equal-K9,control-equal,concentrated,LBQCD-D07-equal-K9/concentrated,1,update,0,0.0,400,400,0.6993499000091106,400,51200,51200,51200,13107200,0.0,0,0,0,"{""0.2"": 0, ""0.5"": 0, ""1.0"": 0, ""2.0"": 0, ""4.0"": 0}",0.00834868363790875,0.13188014705611265,1.0,0.061740451388888895,100,0,0
paper-0.5,paper,0.5,LBQCD-D07-equal-K9,control-equal,concentrated,LBQCD-D07-equal-K9/concentrated,2,update,0,0.0,400,400,0.7316988999955356,400,51200,51200,51200,13107200,0.0,0,0,0,"{""0.2"": 0, ""0.5"": 0, ""1.0"": 0, ""2.0"": 0, ""4.0"": 0}",0.012744266415366745,0.13474100190726776,1.0,0.0857204861111111,50,0,0
paper-1,paper,1.0,LBQCD-D07-equal-K9,control-equal,concentrated,LBQCD-D07-equal-K9/concentrated,0,update,0,0.0,400,400,0.9580467000050703,400,51200,51200,51200,13107200,0.0,0,0,0,"{""0.2"": 0, ""0.5"": 0, ""1.0"": 0, ""2.0"": 0, ""4.0"": 0}",0.009984917812277061,0.15059326648979518,1.0,0.1150173611111111,100,0,0
paper-1,paper,1.0,LBQCD-D07-equal-K9,control-equal,concentrated,LBQCD-D07-equal-K9/concentrated,1,update,0,0.0,400,400,0.7054455000034068,400,51200,51200,51200,13107200,0.0,0,0,0,"{""0.2"": 0, ""0.5"": 0, ""1.0"": 0, ""2.0"": 0, ""4.0"": 0}",0.010666045405493652,0.14713343740612217,1.0,0.0832248263888889,100,0,0
paper-1,paper,1.0,LBQCD-D07-equal-K9,control-equal,concentrated,LBQCD-D07-equal-K9/concentrated,2,update,0,0.0,400,400,0.6921429000067292,400,51200,51200,51200,13107200,0.0,0,0,0,"{""0.2"": 0, ""0.5"": 0, ""1.0"": 0, ""2.0"": 0, ""4.0"": 0}",0.011341401150741781,0.1331605713600316,1.0,0.0788845486111111,150,0,0
paper-2,paper,2.0,LBQCD-D07-equal-K9,control-equal,concentrated,LBQCD-D07-equal-K9/concentrated,0,update,0,0.0,400,400,0.6092609000043012,400,51200,51200,51200,13107200,0.0,0,0,0,"{""0.2"": 0, ""0.5"": 0, ""1.0"": 0, ""2.0"": 0, ""4.0"": 0}",0.010546236221470107,0.14955710140402514,1.0,0.1134982638888889,150,0,0
paper-2,paper,2.0,LBQCD-D07-equal-K9,control-equal,concentrated,LBQCD-D07-equal-K9/concentrated,1,update,0,0.0,400,400,0.6100952999986475,400,51200,51200,51200,13107200,0.0,0,0,0,"{""0.2"": 0, ""0.5"": 0, ""1.0"": 0, ""2.0"": 0, ""4.0"": 0}",0.01272521385736125,0.1617381727571883,1.0,0.1125217013888889,200,0,0
paper-2,paper,2.0,LBQCD-D07-equal-K9,control-equal,concentrated,LBQCD-D07-equal-K9/concentrated,2,update,0,0.0,400,400,0.7188853000116069,400,51200,51200,51200,13107200,0.0,0,0,0,"{""0.2"": 0, ""0.5"": 0, ""1.0"": 0, ""2.0"": 0, ""4.0"": 0}",0.012578799246296679,0.15173928439139625,1.0,0.0734592013888889,150,0,0
paper-4,paper,4.0,LBQCD-D07-equal-K9,control-equal,concentrated,LBQCD-D07-equal-K9/concentrated,0,update,0,0.0,400,400,0.8622021000046516,400,51200,51200,51200,13107200,0.0,0,0,0,"{""0.2"": 0, ""0.5"": 0, ""1.0"": 0, ""2.0"": 0, ""4.0"": 0}",0.011917427661738866,0.15494010378783105,1.0,0.0988498263888889,200,0,0
paper-4,paper,4.0,LBQCD-D07-equal-K9,control-equal,concentrated,LBQCD-D07-equal-K9/concentrated,1,update,0,0.0,400,400,0.7075030999985756,400,51200,51200,51200,13107200,0.0,0,0,0,"{""0.2"": 0, ""0.5"": 0, ""1.0"": 0, ""2.0"": 0, ""4.0"": 0}",0.01750172733204325,0.17512403003268848,0.7777777777777779,0.2510850694444445,350,0,0
paper-4,paper,4.0,LBQCD-D07-equal-K9,control-equal,concentrated,LBQCD-D07-equal-K9/concentrated,2,update,0,0.0,400,400,0.6457794999878388,400,51200,51200,51200,13107200,0.0,0,0,0,"{""0.2"": 0, ""0.5"": 0, ""1.0"": 0, ""2.0"": 0, ""4.0"": 0}",0.015599361095749664,0.17040862054575334,1.0,0.14095052083333331,250,0,0
qld-v1,qld,0.5,LBQCD-D07-equal-K9,control-equal,concentrated,LBQCD-D07-equal-K9/concentrated,0,update,0,0.7,400,400,0.26959539999370463,400,51200,51200,51200,3932160,501760.0,0,0,0,"{""0.2"": 0, ""0.5"": 0, ""1.0"": 0, ""2.0"": 0, ""4.0"": 0}",0.009900184725364358,0.13497310826411038,1.0,0.0705295138888889,50,0,0
qld-v1,qld,0.5,LBQCD-D07-equal-K9,control-equal,concentrated,LBQCD-D07-equal-K9/concentrated,1,update,0,0.7,400,400,0.3344288000080269,400,51200,51200,51200,3932160,501760.0,0,0,0,"{""0.2"": 0, ""0.5"": 0, ""1.0"": 0, ""2.0"": 0, ""4.0"": 0}",0.00919578038494162,0.13071502046987074,1.0,0.07389322916666669,100,0,0
qld-v1,qld,0.5,LBQCD-D07-equal-K9,control-equal,concentrated,LBQCD-D07-equal-K9/concentrated,2,update,0,0.7,400,400,0.3365182999987155,400,51200,51200,51200,3932160,501760.0,0,0,0,"{""0.2"": 0, ""0.5"": 0, ""1.0"": 0, ""2.0"": 0, ""4.0"": 0}",0.014008370398297387,0.13206442819699324,1.0,0.08430989583333331,150,0,0
rsr-M1024-f0.60-e,rsr,0.5,LBQCD-D07-equal-K9,control-equal,concentrated,LBQCD-D07-equal-K9/concentrated,0,examples,1024,0.6,40,40,0.1308156000013696,400,51200,26624,26624,524288,491520.0,0,0,0,"{""0.2"": 0, ""0.5"": 0, ""1.0"": 0, ""2.0"": 0, ""4.0"": 0}",0.03434745936237826,0.27234966855437653,0.7777777777777779,0.5438368055555556,40,1,0
rsr-M1024-f0.60-e,rsr,0.5,LBQCD-D07-equal-K9,control-equal,concentrated,LBQCD-D07-equal-K9/concentrated,1,examples,1024,0.6,40,40,0.12024429999291897,400,51200,26624,26624,524288,491520.0,0,0,0,"{""0.2"": 0, ""0.5"": 0, ""1.0"": 0, ""2.0"": 0, ""4.0"": 0}",0.06629959127703344,0.35823444417351497,0.7777777777777779,0.3934461805555555,40,1,0
rsr-M1024-f0.60-e,rsr,0.5,LBQCD-D07-equal-K9,control-equal,concentrated,LBQCD-D07-equal-K9/concentrated,2,examples,1024,0.6,40,40,0.11636359999829438,400,51200,26624,26624,524288,491520.0,0,0,0,"{""0.2"": 0, ""0.5"": 0, ""1.0"": 0, ""2.0"": 0, ""4.0"": 0}",0.05275448643558889,0.337759413753934,0.7777777777777779,0.5711805555555556,40,1,0
rsr-M1024-f0.60-u,rsr,0.5,LBQCD-D07-equal-K9,control-equal,concentrated,LBQCD-D07-equal-K9/concentrated,0,update,1024,0.6,400,400,1.2952245000051335,4000,512000,266240,266240,5242880,4915200.0,0,0,0,"{""0.2"": 0, ""0.5"": 0, ""1.0"": 0, ""2.0"": 0, ""4.0"": 0}",0.0077216810135740666,0.13482242097787195,1.0,0.037868923611111105,50,0,0
rsr-M1024-f0.60-u,rsr,0.5,LBQCD-D07-equal-K9,control-equal,concentrated,LBQCD-D07-equal-K9/concentrated,1,update,1024,0.6,400,400,1.1366278999921633,4000,512000,266240,266240,5242880,4915200.0,0,0,0,"{""0.2"": 0, ""0.5"": 0, ""1.0"": 0, ""2.0"": 0, ""4.0"": 0}",0.00935583740209367,0.12122191445032561,1.0,0.047526041666666685,100,0,0
rsr-M1024-f0.60-u,rsr,0.5,LBQCD-D07-equal-K9,control-equal,concentrated,LBQCD-D07-equal-K9/concentrated,2,update,1024,0.6,400,400,1.276890099994489,4000,512000,266240,266240,5242880,4915200.0,0,0,0,"{""0.2"": 0, ""0.5"": 0, ""1.0"": 0, ""2.0"": 0, ""4.0"": 0}",0.013453516185904846,0.13214983004262287,1.0,0.08528645833333331,100,0,0
rsr-M1024-f0.80-e,rsr,0.5,LBQCD-D07-equal-K9,control-equal,concentrated,LBQCD-D07-equal-K9/concentrated,0,examples,1024,0.8,31,31,0.12616899999557063,406,51968,26368,26368,196608,512000.0,0,0,0,"{""0.2"": 0, ""0.5"": 0, ""1.0"": 0, ""2.0"": 0, ""4.0"": 0}",0.03722816251569716,0.2712815350873751,0.7777777777777779,0.5271267361111112,31,1,0
rsr-M1024-f0.80-e,rsr,0.5,LBQCD-D07-equal-K9,control-equal,concentrated,LBQCD-D07-equal-K9/concentrated,1,examples,1024,0.8,31,31,0.12438779999502003,406,51968,26368,26368,196608,512000.0,0,0,0,"{""0.2"": 0, ""0.5"": 0, ""1.0"": 0, ""2.0"": 0, ""4.0"": 0}",0.042740555509114486,0.2840772692300406,0.7777777777777779,0.6394314236111112,31,1,0
rsr-M1024-f0.80-e,rsr,0.5,LBQCD-D07-equal-K9,control-equal,concentrated,LBQCD-D07-equal-K9/concentrated,2,examples,1024,0.8,31,31,0.12922439999238122,406,51968,26368,26368,196608,512000.0,0,0,0,"{""0.2"": 0, ""0.5"": 0, ""1.0"": 0, ""2.0"": 0, ""4.0"": 0}",0.045760168252646505,0.28361850183767123,0.7777777777777779,0.6091579861111112,31,1,0
rsr-M1024-f0.80-u,rsr,0.5,LBQCD-D07-equal-K9,control-equal,concentrated,LBQCD-D07-equal-K9/concentrated,0,update,1024,0.8,400,400,1.2946018000075128,5200,665600,337920,337920,2621440,6553600.0,0,0,0,"{""0.2"": 0, ""0.5"": 0, ""1.0"": 0, ""2.0"": 0, ""4.0"": 0}",0.009603263727391287,0.15489839429216148,1.0,0.0857204861111111,50,0,0
rsr-M1024-f0.80-u,rsr,0.5,LBQCD-D07-equal-K9,control-equal,concentrated,LBQCD-D07-equal-K9/concentrated,1,update,1024,0.8,400,400,1.4114971999952104,5200,665600,337920,337920,2621440,6553600.0,0,0,0,"{""0.2"": 0, ""0.5"": 0, ""1.0"": 0, ""2.0"": 0, ""4.0"": 0}",0.00873550019011926,0.12161007798842252,1.0,0.043728298611111105,100,0,0
rsr-M1024-f0.80-u,rsr,0.5,LBQCD-D07-equal-K9,control-equal,concentrated,LBQCD-D07-equal-K9/concentrated,2,update,1024,0.8,400,400,1.3975683999888133,5200,665600,337920,337920,2621440,6553600.0,0,0,0,"{""0.2"": 0, ""0.5"": 0, ""1.0"": 0, ""2.0"": 0, ""4.0"": 0}",0.008883171475497775,0.12604717183343989,1.0,0.0740017361111111,100,0,0
rsr-M512-f0.60-e,rsr,0.5,LBQCD-D07-equal-K9,control-equal,concentrated,LBQCD-D07-equal-K9/concentrated,0,examples,512,0.6,77,77,0.13408859999617562,399,51072,27520,27520,1015808,423936.0,0,0,0,"{""0.2"": 0, ""0.5"": 0, ""1.0"": 0, ""2.0"": 0, ""4.0"": 0}",0.02775996282562776,0.22834913161914633,1.0,0.22493489583333331,50,0,0
rsr-M512-f0.60-e,rsr,0.5,LBQCD-D07-equal-K9,control-equal,concentrated,LBQCD-D07-equal-K9/concentrated,1,examples,512,0.6,77,77,0.12566859999787994,399,51072,27520,27520,1015808,423936.0,0,0,0,"{""0.2"": 0, ""0.5"": 0, ""1.0"": 0, ""2.0"": 0, ""4.0"": 0}",0.024942350277332714,0.19777173715344387,0.7777777777777779,0.3284505208333333,77,1,0
rsr-M512-f0.60-e,rsr,0.5,LBQCD-D07-equal-K9,control-equal,concentrated,LBQCD-D07-equal-K9/concentrated,2,examples,512,0.6,77,77,0.15840709999611136,399,51072,27520,27520,1015808,423936.0,0,0,0,"{""0.2"": 0, ""0.5"": 0, ""1.0"": 0, ""2.0"": 0, ""4.0"": 0}",0.021695624563193405,0.19559487671613232,0.7777777777777779,0.3157552083333333,77,1,0
rsr-M512-f0.60-u,rsr,0.5,LBQCD-D07-equal-K9,control-equal,concentrated,LBQCD-D07-equal-K9/concentrated,0,update,512,0.6,400,400,0.8434000999986893,2080,266240,143360,143360,5242880,2211840.0,0,0,0,"{""0.2"": 0, ""0.5"": 0, ""1.0"": 0, ""2.0"": 0, ""4.0"": 0}",0.007432973955983968,0.12700184177571489,1.0,0.050564236111111105,50,0,0
rsr-M512-f0.60-u,rsr,0.5,LBQCD-D07-equal-K9,control-equal,concentrated,LBQCD-D07-equal-K9/concentrated,1,update,512,0.6,400,400,0.7515140000032261,2080,266240,143360,143360,5242880,2211840.0,0,0,0,"{""0.2"": 0, ""0.5"": 0, ""1.0"": 0, ""2.0"": 0, ""4.0"": 0}",0.0087225834563176,0.12719303786726044,1.0,0.061740451388888895,100,0,0
rsr-M512-f0.60-u,rsr,0.5,LBQCD-D07-equal-K9,control-equal,concentrated,LBQCD-D07-equal-K9/concentrated,2,update,512,0.6,400,400,0.8367020000005141,2080,266240,143360,143360,5242880,2211840.0,0,0,0,"{""0.2"": 0, ""0.5"": 0, ""1.0"": 0, ""2.0"": 0, ""4.0"": 0}",0.011467196414756131,0.12756585682469845,1.0,0.08528645833333331,100,0,0
rsr-M512-f0.80-e,rsr,0.5,LBQCD-D07-equal-K9,control-equal,concentrated,LBQCD-D07-equal-K9/concentrated,0,examples,512,0.8,61,61,0.11901140000554733,404,51712,26624,26624,393216,451584.0,0,0,0,"{""0.2"": 0, ""0.5"": 0, ""1.0"": 0, ""2.0"": 0, ""4.0"": 0}",0.02833272797156683,0.23321465900384006,1.0,0.23958333333333331,50,0,0
rsr-M512-f0.80-e,rsr,0.5,LBQCD-D07-equal-K9,control-equal,concentrated,LBQCD-D07-equal-K9/concentrated,1,examples,512,0.8,61,61,0.10580119999940507,404,51712,26624,26624,393216,451584.0,0,0,0,"{""0.2"": 0, ""0.5"": 0, ""1.0"": 0, ""2.0"": 0, ""4.0"": 0}",0.027005004394584198,0.20448163618142787,0.7777777777777779,0.3963758680555555,61,1,0
rsr-M512-f0.80-e,rsr,0.5,LBQCD-D07-equal-K9,control-equal,concentrated,LBQCD-D07-equal-K9/concentrated,2,examples,512,0.8,61,61,0.14161459999741055,404,51712,26624,26624,393216,451584.0,0,0,0,"{""0.2"": 0, ""0.5"": 0, ""1.0"": 0, ""2.0"": 0, ""4.0"": 0}",0.023950019082396246,0.20011315657332548,0.7777777777777779,0.3802083333333333,61,1,0
rsr-M512-f0.80-u,rsr,0.5,LBQCD-D07-equal-K9,control-equal,concentrated,LBQCD-D07-equal-K9/concentrated,0,update,512,0.8,400,400,0.8296257000038167,2640,337920,174080,174080,2621440,2949120.0,0,0,0,"{""0.2"": 0, ""0.5"": 0, ""1.0"": 0, ""2.0"": 0, ""4.0"": 0}",0.007721694037880145,0.13348787668826212,1.0,0.056423611111111105,50,0,0
rsr-M512-f0.80-u,rsr,0.5,LBQCD-D07-equal-K9,control-equal,concentrated,LBQCD-D07-equal-K9/concentrated,1,update,512,0.8,400,400,0.8370457999990322,2640,337920,174080,174080,2621440,2949120.0,0,0,0,"{""0.2"": 0, ""0.5"": 0, ""1.0"": 0, ""2.0"": 0, ""4.0"": 0}",0.009532297263318057,0.11973487773575843,1.0,0.032877604166666685,100,0,0
rsr-M512-f0.80-u,rsr,0.5,LBQCD-D07-equal-K9,control-equal,concentrated,LBQCD-D07-equal-K9/concentrated,2,update,512,0.8,400,400,0.8684439000062412,2640,337920,174080,174080,2621440,2949120.0,0,0,0,"{""0.2"": 0, ""0.5"": 0, ""1.0"": 0, ""2.0"": 0, ""4.0"": 0}",0.016514873279997566,0.13897875174522037,1.0,0.0866970486111111,100,0,0
paper-0.2,paper,0.2,LBQCD-D07-equal-K9,control-equal,missing,LBQCD-D07-equal-K9/missing,0,update,0,0.0,400,400,0.5010828999947989,400,51200,51200,51200,13107200,0.0,0,0,0,"{""0.2"": 0, ""0.5"": 0, ""1.0"": 0, ""2.0"": 0, ""4.0"": 0}",0.011608960164131155,0.14070723154276055,1.0,0.051974826388888895,100,0,0
paper-0.2,paper,0.2,LBQCD-D07-equal-K9,control-equal,missing,LBQCD-D07-equal-K9/missing,1,update,0,0.0,400,400,0.6128136000043014,400,51200,51200,51200,13107200,0.0,0,0,0,"{""0.2"": 0, ""0.5"": 0, ""1.0"": 0, ""2.0"": 0, ""4.0"": 0}",0.05284784698697331,0.26136093436854674,1.0,0.1072048611111111,100,0,0
paper-0.2,paper,0.2,LBQCD-D07-equal-K9,control-equal,missing,LBQCD-D07-equal-K9/missing,2,update,0,0.0,400,400,0.550014899999951,400,51200,51200,51200,13107200,0.0,0,0,0,"{""0.2"": 0, ""0.5"": 0, ""1.0"": 0, ""2.0"": 0, ""4.0"": 0}",0.03418130435058009,0.31533888084469563,1.0,0.16341145833333331,100,0,0
paper-0.5,paper,0.5,LBQCD-D07-equal-K9,control-equal,missing,LBQCD-D07-equal-K9/missing,0,update,0,0.0,400,400,0.8229400999989593,400,51200,51200,51200,13107200,0.0,0,0,0,"{""0.2"": 0, ""0.5"": 0, ""1.0"": 0, ""2.0"": 0, ""4.0"": 0}",0.013985266204264768,0.1399627535191809,1.0,0.08138020833333331,100,0,0
paper-0.5,paper,0.5,LBQCD-D07-equal-K9,control-equal,missing,LBQCD-D07-equal-K9/missing,1,update,0,0.0,400,400,0.7683908000035444,400,51200,51200,51200,13107200,0.0,0,0,0,"{""0.2"": 0, ""0.5"": 0, ""1.0"": 0, ""2.0"": 0, ""4.0"": 0}",0.02965465586792737,0.19888521294908587,1.0,0.0705295138888889,100,0,0
paper-0.5,paper,0.5,LBQCD-D07-equal-K9,control-equal,missing,LBQCD-D07-equal-K9/missing,2,update,0,0.0,400,400,0.7245868000027258,400,51200,51200,51200,13107200,0.0,0,0,0,"{""0.2"": 0, ""0.5"": 0, ""1.0"": 0, ""2.0"": 0, ""4.0"": 0}",0.01910522872573761,0.21411064527357068,1.0,0.0954861111111111,100,0,0
paper-1,paper,1.0,LBQCD-D07-equal-K9,control-equal,missing,LBQCD-D07-equal-K9/missing,0,update,0,0.0,400,400,0.64582320000045,400,51200,51200,51200,13107200,0.0,0,0,0,"{""0.2"": 0, ""0.5"": 0, ""1.0"": 0, ""2.0"": 0, ""4.0"": 0}",0.01796531288904868,0.16851386266174592,1.0,0.09016927083333331,150,0,0
paper-1,paper,1.0,LBQCD-D07-equal-K9,control-equal,missing,LBQCD-D07-equal-K9/missing,1,update,0,0.0,400,400,0.7021443999983603,400,51200,51200,51200,13107200,0.0,0,0,0,"{""0.2"": 0, ""0.5"": 0, ""1.0"": 0, ""2.0"": 0, ""4.0"": 0}",0.032609617723196926,0.19350559676527568,1.0,0.08919270833333331,150,0,0
paper-1,paper,1.0,LBQCD-D07-equal-K9,control-equal,missing,LBQCD-D07-equal-K9/missing,2,update,0,0.0,400,400,0.5236756999947829,400,51200,51200,51200,13107200,0.0,0,0,0,"{""0.2"": 0, ""0.5"": 0, ""1.0"": 0, ""2.0"": 0, ""4.0"": 0}",0.01887087531387799,0.21111450932621115,1.0,0.10319010416666669,100,0,0
paper-2,paper,2.0,LBQCD-D07-equal-K9,control-equal,missing,LBQCD-D07-equal-K9/missing,0,update,0,0.0,400,400,0.6049771000107285,400,51200,51200,51200,13107200,0.0,0,0,0,"{""0.2"": 0, ""0.5"": 0, ""1.0"": 0, ""2.0"": 0, ""4.0"": 0}",0.01557608492553042,0.17825821251138518,1.0,0.0935329861111111,350,0,0
paper-2,paper,2.0,LBQCD-D07-equal-K9,control-equal,missing,LBQCD-D07-equal-K9/missing,1,update,0,0.0,400,400,0.7043846999877132,400,51200,51200,51200,13107200,0.0,0,0,0,"{""0.2"": 0, ""0.5"": 0, ""1.0"": 0, ""2.0"": 0, ""4.0"": 0}",0.029492247336163402,0.18647916123112382,1.0,0.09440104166666669,200,0,0
paper-2,paper,2.0,LBQCD-D07-equal-K9,control-equal,missing,LBQCD-D07-equal-K9/missing,2,update,0,0.0,400,400,0.875088799992227,400,51200,51200,51200,13107200,0.0,0,0,0,"{""0.2"": 0, ""0.5"": 0, ""1.0"": 0, ""2.0"": 0, ""4.0"": 0}",0.024663222310266963,0.23338489376628524,1.0,0.17936197916666669,300,0,0
paper-4,paper,4.0,LBQCD-D07-equal-K9,control-equal,missing,LBQCD-D07-equal-K9/missing,0,update,0,0.0,400,400,0.6414001999946777,400,51200,51200,51200,13107200,0.0,0,0,0,"{""0.2"": 0, ""0.5"": 0, ""1.0"": 0, ""2.0"": 0, ""4.0"": 0}",0.029425329904345432,0.26290945186713033,0.8888888888888888,0.3333333333333333,400,1,0
paper-4,paper,4.0,LBQCD-D07-equal-K9,control-equal,missing,LBQCD-D07-equal-K9/missing,1,update,0,0.0,400,400,0.650106400004006,400,51200,51200,51200,13107200,0.0,0,0,0,"{""0.2"": 0, ""0.5"": 0, ""1.0"": 0, ""2.0"": 0, ""4.0"": 0}",0.03451690292300569,0.1844995703177911,1.0,0.1945529513888889,400,1,0
paper-4,paper,4.0,LBQCD-D07-equal-K9,control-equal,missing,LBQCD-D07-equal-K9/missing,2,update,0,0.0,400,400,0.7501276999973925,400,51200,51200,51200,13107200,0.0,0,0,0,"{""0.2"": 0, ""0.5"": 0, ""1.0"": 0, ""2.0"": 0, ""4.0"": 0}",0.03906880762684217,0.24747795446097268,0.8888888888888888,0.2463107638888889,400,1,0
qld-v1,qld,0.5,LBQCD-D07-equal-K9,control-equal,missing,LBQCD-D07-equal-K9/missing,0,update,0,0.7,400,400,0.2753811000002315,400,51200,51200,51200,3932160,501760.0,0,0,0,"{""0.2"": 0, ""0.5"": 0, ""1.0"": 0, ""2.0"": 0, ""4.0"": 0}",0.008966486183081379,0.14980581903634138,1.0,0.057834201388888895,150,0,0
qld-v1,qld,0.5,LBQCD-D07-equal-K9,control-equal,missing,LBQCD-D07-equal-K9/missing,1,update,0,0.7,400,400,0.29681210000126157,400,51200,51200,51200,3932160,501760.0,0,0,0,"{""0.2"": 0, ""0.5"": 0, ""1.0"": 0, ""2.0"": 0, ""4.0"": 0}",0.021583058492772533,0.16520044638491882,1.0,0.0793185763888889,200,0,0
qld-v1,qld,0.5,LBQCD-D07-equal-K9,control-equal,missing,LBQCD-D07-equal-K9/missing,2,update,0,0.7,400,400,0.3544453000067733,400,51200,51200,51200,3932160,501760.0,0,0,0,"{""0.2"": 0, ""0.5"": 0, ""1.0"": 0, ""2.0"": 0, ""4.0"": 0}",0.010740958089739294,0.16174851798436918,1.0,0.0715060763888889,300,0,0
rsr-M1024-f0.60-e,rsr,0.5,LBQCD-D07-equal-K9,control-equal,missing,LBQCD-D07-equal-K9/missing,0,examples,1024,0.6,40,40,0.09042189999308903,400,51200,26624,26624,524288,491520.0,0,0,0,"{""0.2"": 0, ""0.5"": 0, ""1.0"": 0, ""2.0"": 0, ""4.0"": 0}",1.4039721342257314,2.272192389368129,0.5555555555555556,0.9388020833333333,40,1,0
rsr-M1024-f0.60-e,rsr,0.5,LBQCD-D07-equal-K9,control-equal,missing,LBQCD-D07-equal-K9/missing,1,examples,1024,0.6,40,40,0.09491819998947904,400,51200,26624,26624,524288,491520.0,0,0,0,"{""0.2"": 0, ""0.5"": 0, ""1.0"": 0, ""2.0"": 0, ""4.0"": 0}",1.6895208747879074,2.395504598579189,0.6666666666666667,0.8122829861111112,40,1,0
rsr-M1024-f0.60-e,rsr,0.5,LBQCD-D07-equal-K9,control-equal,missing,LBQCD-D07-equal-K9/missing,2,examples,1024,0.6,40,40,0.09465600000112318,400,51200,26624,26624,524288,491520.0,0,0,0,"{""0.2"": 0, ""0.5"": 0, ""1.0"": 0, ""2.0"": 0, ""4.0"": 0}",1.329887150613751,2.3281929742646246,0.6666666666666667,0.8743489583333333,40,1,0
rsr-M1024-f0.60-u,rsr,0.5,LBQCD-D07-equal-K9,control-equal,missing,LBQCD-D07-equal-K9/missing,0,update,1024,0.6,400,400,1.2032216999941738,4000,512000,266240,266240,5242880,4915200.0,0,0,0,"{""0.2"": 0, ""0.5"": 0, ""1.0"": 0, ""2.0"": 0, ""4.0"": 0}",0.01005061636757354,0.1532857450355944,1.0,0.055881076388888895,150,0,0
rsr-M1024-f0.60-u,rsr,0.5,LBQCD-D07-equal-K9,control-equal,missing,LBQCD-D07-equal-K9/missing,1,update,1024,0.6,400,400,1.1389944999973522,4000,512000,266240,266240,5242880,4915200.0,0,0,0,"{""0.2"": 0, ""0.5"": 0, ""1.0"": 0, ""2.0"": 0, ""4.0"": 0}",0.023063872125709484,0.1786335947929399,1.0,0.042751736111111105,150,0,0
rsr-M1024-f0.60-u,rsr,0.5,LBQCD-D07-equal-K9,control-equal,missing,LBQCD-D07-equal-K9/missing,2,update,1024,0.6,400,400,1.0810284000035608,4000,512000,266240,266240,5242880,4915200.0,0,0,0,"{""0.2"": 0, ""0.5"": 0, ""1.0"": 0, ""2.0"": 0, ""4.0"": 0}",0.010326803262544093,0.14894589395464075,1.0,0.0715060763888889,150,0,0
rsr-M1024-f0.80-e,rsr,0.5,LBQCD-D07-equal-K9,control-equal,missing,LBQCD-D07-equal-K9/missing,0,examples,1024,0.8,31,31,0.10280009999405593,406,51968,26368,26368,196608,512000.0,0,0,0,"{""0.2"": 0, ""0.5"": 0, ""1.0"": 0, ""2.0"": 0, ""4.0"": 0}",1.5671668457094423,2.352408364452422,0.5555555555555556,0.9622395833333333,31,1,0
rsr-M1024-f0.80-e,rsr,0.5,LBQCD-D07-equal-K9,control-equal,missing,LBQCD-D07-equal-K9/missing,1,examples,1024,0.8,31,31,0.08022939998772927,406,51968,26368,26368,196608,512000.0,0,0,0,"{""0.2"": 0, ""0.5"": 0, ""1.0"": 0, ""2.0"": 0, ""4.0"": 0}",1.8591144781624842,2.4771552785579316,0.5555555555555556,0.9114583333333333,31,1,0
rsr-M1024-f0.80-e,rsr,0.5,LBQCD-D07-equal-K9,control-equal,missing,LBQCD-D07-equal-K9/missing,2,examples,1024,0.8,31,31,0.0977473000093596,406,51968,26368,26368,196608,512000.0,0,0,0,"{""0.2"": 0, ""0.5"": 0, ""1.0"": 0, ""2.0"": 0, ""4.0"": 0}",1.4838488413103352,2.409235509312887,0.6666666666666667,0.8518880208333333,31,1,0
rsr-M1024-f0.80-u,rsr,0.5,LBQCD-D07-equal-K9,control-equal,missing,LBQCD-D07-equal-K9/missing,0,update,1024,0.8,400,400,1.2929629999998724,5200,665600,337920,337920,2621440,6553600.0,0,0,0,"{""0.2"": 0, ""0.5"": 0, ""1.0"": 0, ""2.0"": 0, ""4.0"": 0}",0.010851212496857165,0.16407148525607534,1.0,0.0705295138888889,150,0,0
rsr-M1024-f0.80-u,rsr,0.5,LBQCD-D07-equal-K9,control-equal,missing,LBQCD-D07-equal-K9/missing,1,update,1024,0.8,400,400,1.338388500007568,5200,665600,337920,337920,2621440,6553600.0,0,0,0,"{""0.2"": 0, ""0.5"": 0, ""1.0"": 0, ""2.0"": 0, ""4.0"": 0}",0.024200253124753157,0.17875490632223695,1.0,0.0715060763888889,150,0,0
rsr-M1024-f0.80-u,rsr,0.5,LBQCD-D07-equal-K9,control-equal,missing,LBQCD-D07-equal-K9/missing,2,update,1024,0.8,400,400,1.209803900012048,5200,665600,337920,337920,2621440,6553600.0,0,0,0,"{""0.2"": 0, ""0.5"": 0, ""1.0"": 0, ""2.0"": 0, ""4.0"": 0}",0.01089877285994012,0.1539152654588118,1.0,0.0734592013888889,150,0,0
rsr-M512-f0.60-e,rsr,0.5,LBQCD-D07-equal-K9,control-equal,missing,LBQCD-D07-equal-K9/missing,0,examples,512,0.6,77,77,0.1267089000029955,399,51072,27520,27520,1015808,423936.0,0,0,0,"{""0.2"": 0, ""0.5"": 0, ""1.0"": 0, ""2.0"": 0, ""4.0"": 0}",0.327963587046014,1.0312330728226653,0.7777777777777779,0.5544704861111112,77,1,0
rsr-M512-f0.60-e,rsr,0.5,LBQCD-D07-equal-K9,control-equal,missing,LBQCD-D07-equal-K9/missing,1,examples,512,0.6,77,77,0.13626559999829624,399,51072,27520,27520,1015808,423936.0,0,0,0,"{""0.2"": 0, ""0.5"": 0, ""1.0"": 0, ""2.0"": 0, ""4.0"": 0}",0.3382355038595919,0.9430989840528858,0.7777777777777779,0.4763454861111111,77,1,0
rsr-M512-f0.60-e,rsr,0.5,LBQCD-D07-equal-K9,control-equal,missing,LBQCD-D07-equal-K9/missing,2,examples,512,0.6,77,77,0.19078210000589024,399,51072,27520,27520,1015808,423936.0,0,0,0,"{""0.2"": 0, ""0.5"": 0, ""1.0"": 0, ""2.0"": 0, ""4.0"": 0}",0.26641220471792515,0.9205454044465132,0.7777777777777779,0.4459635416666667,77,1,0
rsr-M512-f0.60-u,rsr,0.5,LBQCD-D07-equal-K9,control-equal,missing,LBQCD-D07-equal-K9/missing,0,update,512,0.6,400,400,0.7196617999870796,2080,266240,143360,143360,5242880,2211840.0,0,0,0,"{""0.2"": 0, ""0.5"": 0, ""1.0"": 0, ""2.0"": 0, ""4.0"": 0}",0.011570597437654762,0.1554074833670858,1.0,0.0632595486111111,150,0,0
rsr-M512-f0.60-u,rsr,0.5,LBQCD-D07-equal-K9,control-equal,missing,LBQCD-D07-equal-K9/missing,1,update,512,0.6,400,400,0.6835628999979235,2080,266240,143360,143360,5242880,2211840.0,0,0,0,"{""0.2"": 0, ""0.5"": 0, ""1.0"": 0, ""2.0"": 0, ""4.0"": 0}",0.013551625296593706,0.15063594501737032,1.0,0.07096354166666669,150,0,0
rsr-M512-f0.60-u,rsr,0.5,LBQCD-D07-equal-K9,control-equal,missing,LBQCD-D07-equal-K9/missing,2,update,512,0.6,400,400,0.6990665000048466,2080,266240,143360,143360,5242880,2211840.0,0,0,0,"{""0.2"": 0, ""0.5"": 0, ""1.0"": 0, ""2.0"": 0, ""4.0"": 0}",0.012009733015705848,0.16317102155687685,1.0,0.0666232638888889,200,0,0
rsr-M512-f0.80-e,rsr,0.5,LBQCD-D07-equal-K9,control-equal,missing,LBQCD-D07-equal-K9/missing,0,examples,512,0.8,61,61,0.1344812000024831,404,51712,26624,26624,393216,451584.0,0,0,0,"{""0.2"": 0, ""0.5"": 0, ""1.0"": 0, ""2.0"": 0, ""4.0"": 0}",0.3871759693905714,1.1156268366012205,0.7777777777777779,0.5671657986111112,61,1,0
rsr-M512-f0.80-e,rsr,0.5,LBQCD-D07-equal-K9,control-equal,missing,LBQCD-D07-equal-K9/missing,1,examples,512,0.8,61,61,0.15689890000794549,404,51712,26624,26624,393216,451584.0,0,0,0,"{""0.2"": 0, ""0.5"": 0, ""1.0"": 0, ""2.0"": 0, ""4.0"": 0}",0.41190647108668177,1.0322538546244948,0.7777777777777779,0.4797092013888889,61,1,0
rsr-M512-f0.80-e,rsr,0.5,LBQCD-D07-equal-K9,control-equal,missing,LBQCD-D07-equal-K9/missing,2,examples,512,0.8,61,61,0.11223189999873284,404,51712,26624,26624,393216,451584.0,0,0,0,"{""0.2"": 0, ""0.5"": 0, ""1.0"": 0, ""2.0"": 0, ""4.0"": 0}",0.3499198289908385,1.001555056372825,0.7777777777777779,0.5543619791666667,61,1,0
rsr-M512-f0.80-u,rsr,0.5,LBQCD-D07-equal-K9,control-equal,missing,LBQCD-D07-equal-K9/missing,0,update,512,0.8,400,400,0.7354233000078239,2640,337920,174080,174080,2621440,2949120.0,0,0,0,"{""0.2"": 0, ""0.5"": 0, ""1.0"": 0, ""2.0"": 0, ""4.0"": 0}",0.00916855407350603,0.1352597664774682,1.0,0.0851779513888889,150,0,0
rsr-M512-f0.80-u,rsr,0.5,LBQCD-D07-equal-K9,control-equal,missing,LBQCD-D07-equal-K9/missing,1,update,512,0.8,400,400,0.7593583000125363,2640,337920,174080,174080,2621440,2949120.0,0,0,0,"{""0.2"": 0, ""0.5"": 0, ""1.0"": 0, ""2.0"": 0, ""4.0"": 0}",0.021041858419443837,0.16403889399962107,1.0,0.050998263888888895,150,0,0
rsr-M512-f0.80-u,rsr,0.5,LBQCD-D07-equal-K9,control-equal,missing,LBQCD-D07-equal-K9/missing,2,update,512,0.8,400,400,0.7688876000029268,2640,337920,174080,174080,2621440,2949120.0,0,0,0,"{""0.2"": 0, ""0.5"": 0, ""1.0"": 0, ""2.0"": 0, ""4.0"": 0}",0.010733276037963257,0.148034679865806,1.0,0.0925564236111111,200,0,0
paper-0.2,paper,0.2,LBQCD-D08-hetero-K15,control-heteroscedastic,concentrated,LBQCD-D08-hetero-K15/concentrated,0,update,0,0.0,400,400,0.8402471000008518,400,51200,51200,51200,13107200,0.0,0,0,0,"{""0.2"": 0, ""0.5"": 0, ""1.0"": 0, ""2.0"": 0, ""4.0"": 0}",0.022947080344777326,0.24923043566778458,0.9999999999999999,0.10182291666666667,100,0,0
paper-0.2,paper,0.2,LBQCD-D08-hetero-K15,control-heteroscedastic,concentrated,LBQCD-D08-hetero-K15/concentrated,1,update,0,0.0,400,400,0.6041436999948928,400,51200,51200,51200,13107200,0.0,0,0,0,"{""0.2"": 0, ""0.5"": 0, ""1.0"": 0, ""2.0"": 0, ""4.0"": 0}",0.05073950334706012,0.24372765883547967,0.9999999999999999,0.08515625,100,0,0
paper-0.2,paper,0.2,LBQCD-D08-hetero-K15,control-heteroscedastic,concentrated,LBQCD-D08-hetero-K15/concentrated,2,update,0,0.0,400,400,0.8270958000066457,400,51200,51200,51200,13107200,0.0,0,0,0,"{""0.2"": 0, ""0.5"": 0, ""1.0"": 0, ""2.0"": 0, ""4.0"": 0}",0.011685221278064706,0.36039323126273454,0.9999999999999999,0.09401041666666667,100,0,0
paper-0.5,paper,0.5,LBQCD-D08-hetero-K15,control-heteroscedastic,concentrated,LBQCD-D08-hetero-K15/concentrated,0,update,0,0.0,400,400,0.7069980000087526,400,51200,51200,51200,13107200,0.0,0,0,0,"{""0.2"": 0, ""0.5"": 0, ""1.0"": 0, ""2.0"": 0, ""4.0"": 0}",0.016665460319294834,0.15104405296740797,0.9999999999999999,0.12526041666666665,150,0,0
paper-0.5,paper,0.5,LBQCD-D08-hetero-K15,control-heteroscedastic,concentrated,LBQCD-D08-hetero-K15/concentrated,1,update,0,0.0,400,400,0.9516629999998258,400,51200,51200,51200,13107200,0.0,0,0,0,"{""0.2"": 0, ""0.5"": 0, ""1.0"": 0, ""2.0"": 0, ""4.0"": 0}",0.04733220233990432,0.22264214693920875,0.9999999999999999,0.11009114583333333,100,0,0
paper-0.5,paper,0.5,LBQCD-D08-hetero-K15,control-heteroscedastic,concentrated,LBQCD-D08-hetero-K15/concentrated,2,update,0,0.0,400,400,0.8655453999963356,400,51200,51200,51200,13107200,0.0,0,0,0,"{""0.2"": 0, ""0.5"": 0, ""1.0"": 0, ""2.0"": 0, ""4.0"": 0}",0.012604880553264586,0.3696107084274448,0.9999999999999999,0.11549479166666667,150,0,0
paper-1,paper,1.0,LBQCD-D08-hetero-K15,control-heteroscedastic,concentrated,LBQCD-D08-hetero-K15/concentrated,0,update,0,0.0,400,400,0.8054749999864725,400,51200,51200,51200,13107200,0.0,0,0,0,"{""0.2"": 0, ""0.5"": 0, ""1.0"": 0, ""2.0"": 0, ""4.0"": 0}",0.014881676605957406,0.14512038756545348,0.9999999999999999,0.11106770833333333,200,0,0
paper-1,paper,1.0,LBQCD-D08-hetero-K15,control-heteroscedastic,concentrated,LBQCD-D08-hetero-K15/concentrated,1,update,0,0.0,400,400,0.7084356999985175,400,51200,51200,51200,13107200,0.0,0,0,0,"{""0.2"": 0, ""0.5"": 0, ""1.0"": 0, ""2.0"": 0, ""4.0"": 0}",0.0498409621969933,0.24283965651854347,0.9999999999999999,0.1291015625,150,0,0
paper-1,paper,1.0,LBQCD-D08-hetero-K15,control-heteroscedastic,concentrated,LBQCD-D08-hetero-K15/concentrated,2,update,0,0.0,400,400,0.8044957000092836,400,51200,51200,51200,13107200,0.0,0,0,0,"{""0.2"": 0, ""0.5"": 0, ""1.0"": 0, ""2.0"": 0, ""4.0"": 0}",0.011532529991457707,0.356086050172497,0.9999999999999999,0.12578125,250,0,0
paper-2,paper,2.0,LBQCD-D08-hetero-K15,control-heteroscedastic,concentrated,LBQCD-D08-hetero-K15/concentrated,0,update,0,0.0,400,400,0.6611308999999892,400,51200,51200,51200,13107200,0.0,0,0,0,"{""0.2"": 0, ""0.5"": 0, ""1.0"": 0, ""2.0"": 0, ""4.0"": 0}",0.014495439828078105,0.16354812313520142,0.9999999999999999,0.12278645833333333,400,0,0
paper-2,paper,2.0,LBQCD-D08-hetero-K15,control-heteroscedastic,concentrated,LBQCD-D08-hetero-K15/concentrated,1,update,0,0.0,400,400,0.6449227999983123,400,51200,51200,51200,13107200,0.0,0,0,0,"{""0.2"": 0, ""0.5"": 0, ""1.0"": 0, ""2.0"": 0, ""4.0"": 0}",0.05391875225873921,0.261477042400374,0.8666666666666666,0.2482421875,300,0,0
paper-2,paper,2.0,LBQCD-D08-hetero-K15,control-heteroscedastic,concentrated,LBQCD-D08-hetero-K15/concentrated,2,update,0,0.0,400,400,0.8393587000027765,400,51200,51200,51200,13107200,0.0,0,0,0,"{""0.2"": 0, ""0.5"": 0, ""1.0"": 0, ""2.0"": 0, ""4.0"": 0}",0.015524392037323587,0.382140596083672,0.8666666666666666,0.3415364583333333,400,1,0
paper-4,paper,4.0,LBQCD-D08-hetero-K15,control-heteroscedastic,concentrated,LBQCD-D08-hetero-K15/concentrated,0,update,0,0.0,400,400,0.7450014000060037,400,51200,51200,51200,13107200,0.0,0,0,0,"{""0.2"": 0, ""0.5"": 0, ""1.0"": 0, ""2.0"": 0, ""4.0"": 0}",0.012751615633293412,0.17873121916877543,0.8666666666666666,0.24251302083333326,400,1,0
paper-4,paper,4.0,LBQCD-D08-hetero-K15,control-heteroscedastic,concentrated,LBQCD-D08-hetero-K15/concentrated,1,update,0,0.0,400,400,0.9929045000026235,400,51200,51200,51200,13107200,0.0,0,0,0,"{""0.2"": 0, ""0.5"": 0, ""1.0"": 0, ""2.0"": 0, ""4.0"": 0}",0.0621095608653186,0.29797080672136195,0.8666666666666666,0.3405598958333333,400,1,0
paper-4,paper,4.0,LBQCD-D08-hetero-K15,control-heteroscedastic,concentrated,LBQCD-D08-hetero-K15/concentrated,2,update,0,0.0,400,400,0.7641079000022728,400,51200,51200,51200,13107200,0.0,0,0,0,"{""0.2"": 0, ""0.5"": 0, ""1.0"": 0, ""2.0"": 0, ""4.0"": 0}",0.021518516525491194,0.4124929415131927,0.8666666666666666,0.3757161458333333,400,1,0
qld-v1,qld,0.5,LBQCD-D08-hetero-K15,control-heteroscedastic,concentrated,LBQCD-D08-hetero-K15/concentrated,0,update,0,0.7,400,400,0.3151099999959115,400,51200,51200,51200,3932160,501760.0,0,0,0,"{""0.2"": 0, ""0.5"": 0, ""1.0"": 0, ""2.0"": 0, ""4.0"": 0}",0.013486508581746826,0.1530306581027235,0.9999999999999999,0.0666015625,200,0,0
qld-v1,qld,0.5,LBQCD-D08-hetero-K15,control-heteroscedastic,concentrated,LBQCD-D08-hetero-K15/concentrated,1,update,0,0.7,400,400,0.38913950001006015,400,51200,51200,51200,3932160,501760.0,0,0,0,"{""0.2"": 0, ""0.5"": 0, ""1.0"": 0, ""2.0"": 0, ""4.0"": 0}",0.0467139048328562,0.233272755746453,0.9999999999999999,0.07005208333333333,150,0,0
qld-v1,qld,0.5,LBQCD-D08-hetero-K15,control-heteroscedastic,concentrated,LBQCD-D08-hetero-K15/concentrated,2,update,0,0.7,400,400,0.41769090000889264,400,51200,51200,51200,3932160,501760.0,0,0,0,"{""0.2"": 0, ""0.5"": 0, ""1.0"": 0, ""2.0"": 0, ""4.0"": 0}",0.006121877142937215,0.28752759291241153,0.9999999999999999,0.09641927083333333,250,0,0
rsr-M1024-f0.60-e,rsr,0.5,LBQCD-D08-hetero-K15,control-heteroscedastic,concentrated,LBQCD-D08-hetero-K15/concentrated,0,examples,1024,0.6,40,40,0.10485570000309963,400,51200,26624,26624,524288,491520.0,0,0,0,"{""0.2"": 0, ""0.5"": 0, ""1.0"": 0, ""2.0"": 0, ""4.0"": 0}",0.1498191280337995,0.5646071534925553,0.6,0.8977864583333333,40,1,0
rsr-M1024-f0.60-e,rsr,0.5,LBQCD-D08-hetero-K15,control-heteroscedastic,concentrated,LBQCD-D08-hetero-K15/concentrated,1,examples,1024,0.6,40,40,0.13125489999947604,400,51200,26624,26624,524288,491520.0,0,0,0,"{""0.2"": 0, ""0.5"": 0, ""1.0"": 0, ""2.0"": 0, ""4.0"": 0}",0.17839541799464564,0.6420403098698155,0.6,0.8792317708333333,40,1,0
rsr-M1024-f0.60-e,rsr,0.5,LBQCD-D08-hetero-K15,control-heteroscedastic,concentrated,LBQCD-D08-hetero-K15/concentrated,2,examples,1024,0.6,40,40,0.11790160000964534,400,51200,26624,26624,524288,491520.0,0,0,0,"{""0.2"": 0, ""0.5"": 0, ""1.0"": 0, ""2.0"": 0, ""4.0"": 0}",0.18623518261012428,0.73041924374755,0.6,0.9744791666666666,40,1,0
rsr-M1024-f0.60-u,rsr,0.5,LBQCD-D08-hetero-K15,control-heteroscedastic,concentrated,LBQCD-D08-hetero-K15/concentrated,0,update,1024,0.6,400,400,1.1603291000064928,4000,512000,266240,266240,5242880,4915200.0,0,0,0,"{""0.2"": 0, ""0.5"": 0, ""1.0"": 0, ""2.0"": 0, ""4.0"": 0}",0.011744773483013393,0.13496044796157033,0.9999999999999999,0.083203125,150,0,0
rsr-M1024-f0.60-u,rsr,0.5,LBQCD-D08-hetero-K15,control-heteroscedastic,concentrated,LBQCD-D08-hetero-K15/concentrated,1,update,1024,0.6,400,400,1.1716107000102056,4000,512000,266240,266240,5242880,4915200.0,0,0,0,"{""0.2"": 0, ""0.5"": 0, ""1.0"": 0, ""2.0"": 0, ""4.0"": 0}",0.02354648019890604,0.15853811129754558,0.9999999999999999,0.0525390625,150,0,0
rsr-M1024-f0.60-u,rsr,0.5,LBQCD-D08-hetero-K15,control-heteroscedastic,concentrated,LBQCD-D08-hetero-K15/concentrated,2,update,1024,0.6,400,400,1.3303080000041518,4000,512000,266240,266240,5242880,4915200.0,0,0,0,"{""0.2"": 0, ""0.5"": 0, ""1.0"": 0, ""2.0"": 0, ""4.0"": 0}",0.007609398911117893,0.26894186377074625,0.9999999999999999,0.08522135416666667,150,0,0
rsr-M1024-f0.80-e,rsr,0.5,LBQCD-D08-hetero-K15,control-heteroscedastic,concentrated,LBQCD-D08-hetero-K15/concentrated,0,examples,1024,0.8,31,31,0.10669259999122005,406,51968,26368,26368,196608,512000.0,0,0,0,"{""0.2"": 0, ""0.5"": 0, ""1.0"": 0, ""2.0"": 0, ""4.0"": 0}",0.2428207182406057,0.707625771680348,0.6,0.8313151041666667,31,1,0
rsr-M1024-f0.80-e,rsr,0.5,LBQCD-D08-hetero-K15,control-heteroscedastic,concentrated,LBQCD-D08-hetero-K15/concentrated,1,examples,1024,0.8,31,31,0.11717769999813754,406,51968,26368,26368,196608,512000.0,0,0,0,"{""0.2"": 0, ""0.5"": 0, ""1.0"": 0, ""2.0"": 0, ""4.0"": 0}",0.245970681179148,0.8015577521361742,0.6,0.8156901041666667,31,1,0
rsr-M1024-f0.80-e,rsr,0.5,LBQCD-D08-hetero-K15,control-heteroscedastic,concentrated,LBQCD-D08-hetero-K15/concentrated,2,examples,1024,0.8,31,31,0.09000799999921583,406,51968,26368,26368,196608,512000.0,0,0,0,"{""0.2"": 0, ""0.5"": 0, ""1.0"": 0, ""2.0"": 0, ""4.0"": 0}",0.2533073522943763,0.8544384046359278,0.6,0.8806640625,31,1,0
rsr-M1024-f0.80-u,rsr,0.5,LBQCD-D08-hetero-K15,control-heteroscedastic,concentrated,LBQCD-D08-hetero-K15/concentrated,0,update,1024,0.8,400,400,1.3903229999996256,5200,665600,337920,337920,2621440,6553600.0,0,0,0,"{""0.2"": 0, ""0.5"": 0, ""1.0"": 0, ""2.0"": 0, ""4.0"": 0}",0.010221846429932846,0.11421554612254567,0.9999999999999999,0.07194010416666667,150,0,0
rsr-M1024-f0.80-u,rsr,0.5,LBQCD-D08-hetero-K15,control-heteroscedastic,concentrated,LBQCD-D08-hetero-K15/concentrated,1,update,1024,0.8,400,400,1.3557275000057416,5200,665600,337920,337920,2621440,6553600.0,0,0,0,"{""0.2"": 0, ""0.5"": 0, ""1.0"": 0, ""2.0"": 0, ""4.0"": 0}",0.01873932005793222,0.13714961925834002,0.9999999999999999,0.050065104166666666,150,0,0
rsr-M1024-f0.80-u,rsr,0.5,LBQCD-D08-hetero-K15,control-heteroscedastic,concentrated,LBQCD-D08-hetero-K15/concentrated,2,update,1024,0.8,400,400,1.227090100001078,5200,665600,337920,337920,2621440,6553600.0,0,0,0,"{""0.2"": 0, ""0.5"": 0, ""1.0"": 0, ""2.0"": 0, ""4.0"": 0}",0.0072325090284244276,0.29006265303691575,0.9999999999999999,0.10234375,150,0,0
rsr-M512-f0.60-e,rsr,0.5,LBQCD-D08-hetero-K15,control-heteroscedastic,concentrated,LBQCD-D08-hetero-K15/concentrated,0,examples,512,0.6,77,77,0.14870020000671502,399,51072,27520,27520,1015808,423936.0,0,0,0,"{""0.2"": 0, ""0.5"": 0, ""1.0"": 0, ""2.0"": 0, ""4.0"": 0}",0.05706182152217476,0.5599227448383137,0.8666666666666666,0.6629557291666666,77,1,0
rsr-M512-f0.60-e,rsr,0.5,LBQCD-D08-hetero-K15,control-heteroscedastic,concentrated,LBQCD-D08-hetero-K15/concentrated,1,examples,512,0.6,77,77,0.1497049000026891,399,51072,27520,27520,1015808,423936.0,0,0,0,"{""0.2"": 0, ""0.5"": 0, ""1.0"": 0, ""2.0"": 0, ""4.0"": 0}",0.13637783385945834,0.5960158190197712,0.8666666666666666,0.6546223958333333,77,1,0
rsr-M512-f0.60-e,rsr,0.5,LBQCD-D08-hetero-K15,control-heteroscedastic,concentrated,LBQCD-D08-hetero-K15/concentrated,2,examples,512,0.6,77,77,0.16730259999167174,399,51072,27520,27520,1015808,423936.0,0,0,0,"{""0.2"": 0, ""0.5"": 0, ""1.0"": 0, ""2.0"": 0, ""4.0"": 0}",0.10346420207285467,0.6485808368462531,0.8666666666666666,0.6692708333333333,77,1,0
rsr-M512-f0.60-u,rsr,0.5,LBQCD-D08-hetero-K15,control-heteroscedastic,concentrated,LBQCD-D08-hetero-K15/concentrated,0,update,512,0.6,400,400,0.7765538999956334,2080,266240,143360,143360,5242880,2211840.0,0,0,0,"{""0.2"": 0, ""0.5"": 0, ""1.0"": 0, ""2.0"": 0, ""4.0"": 0}",0.01703137599786153,0.19036849902643432,0.9999999999999999,0.09641927083333333,150,0,0
rsr-M512-f0.60-u,rsr,0.5,LBQCD-D08-hetero-K15,control-heteroscedastic,concentrated,LBQCD-D08-hetero-K15/concentrated,1,update,512,0.6,400,400,0.7384734999941429,2080,266240,143360,143360,5242880,2211840.0,0,0,0,"{""0.2"": 0, ""0.5"": 0, ""1.0"": 0, ""2.0"": 0, ""4.0"": 0}",0.02420247595086833,0.16289518281344306,0.9999999999999999,0.06712239583333333,150,0,0
rsr-M512-f0.60-u,rsr,0.5,LBQCD-D08-hetero-K15,control-heteroscedastic,concentrated,LBQCD-D08-hetero-K15/concentrated,2,update,512,0.6,400,400,0.8022166999871843,2080,266240,143360,143360,5242880,2211840.0,0,0,0,"{""0.2"": 0, ""0.5"": 0, ""1.0"": 0, ""2.0"": 0, ""4.0"": 0}",0.005908251170769319,0.3204133314538382,0.9999999999999999,0.09837239583333333,150,0,0
rsr-M512-f0.80-e,rsr,0.5,LBQCD-D08-hetero-K15,control-heteroscedastic,concentrated,LBQCD-D08-hetero-K15/concentrated,0,examples,512,0.8,61,61,0.10888639999029692,404,51712,26624,26624,393216,451584.0,0,0,0,"{""0.2"": 0, ""0.5"": 0, ""1.0"": 0, ""2.0"": 0, ""4.0"": 0}",0.053836996943358084,0.5402613437580175,0.8666666666666666,0.6277994791666666,61,1,0
rsr-M512-f0.80-e,rsr,0.5,LBQCD-D08-hetero-K15,control-heteroscedastic,concentrated,LBQCD-D08-hetero-K15/concentrated,1,examples,512,0.8,61,61,0.12961459999496583,404,51712,26624,26624,393216,451584.0,0,0,0,"{""0.2"": 0, ""0.5"": 0, ""1.0"": 0, ""2.0"": 0, ""4.0"": 0}",0.125765783572529,0.5701335885073715,0.8666666666666666,0.6365234375,61,1,0
rsr-M512-f0.80-e,rsr,0.5,LBQCD-D08-hetero-K15,control-heteroscedastic,concentrated,LBQCD-D08-hetero-K15/concentrated,2,examples,512,0.8,61,61,0.14796719999867491,404,51712,26624,26624,393216,451584.0,0,0,0,"{""0.2"": 0, ""0.5"": 0, ""1.0"": 0, ""2.0"": 0, ""4.0"": 0}",0.10201816573308298,0.6252004198600954,0.8666666666666666,0.6756510416666666,61,1,0
rsr-M512-f0.80-u,rsr,0.5,LBQCD-D08-hetero-K15,control-heteroscedastic,concentrated,LBQCD-D08-hetero-K15/concentrated,0,update,512,0.8,400,400,0.8742675999965286,2640,337920,174080,174080,2621440,2949120.0,0,0,0,"{""0.2"": 0, ""0.5"": 0, ""1.0"": 0, ""2.0"": 0, ""4.0"": 0}",0.01247883931975391,0.1939019633622502,0.9999999999999999,0.13593750000000004,150,0,0
rsr-M512-f0.80-u,rsr,0.5,LBQCD-D08-hetero-K15,control-heteroscedastic,concentrated,LBQCD-D08-hetero-K15/concentrated,1,update,512,0.8,400,400,0.8631928000104381,2640,337920,174080,174080,2621440,2949120.0,0,0,0,"{""0.2"": 0, ""0.5"": 0, ""1.0"": 0, ""2.0"": 0, ""4.0"": 0}",0.013782726111900345,0.11222024868121042,0.9999999999999999,0.07005208333333333,150,0,0
rsr-M512-f0.80-u,rsr,0.5,LBQCD-D08-hetero-K15,control-heteroscedastic,concentrated,LBQCD-D08-hetero-K15/concentrated,2,update,512,0.8,400,400,0.8054262999939965,2640,337920,174080,174080,2621440,2949120.0,0,0,0,"{""0.2"": 0, ""0.5"": 0, ""1.0"": 0, ""2.0"": 0, ""4.0"": 0}",0.006503184962104669,0.26035128532406576,0.9999999999999999,0.090625,150,0,0
paper-0.2,paper,0.2,LBQCD-D08-hetero-K15,control-heteroscedastic,missing,LBQCD-D08-hetero-K15/missing,0,update,0,0.0,400,400,0.8913590000011027,400,51200,51200,51200,13107200,0.0,0,0,0,"{""0.2"": 0, ""0.5"": 0, ""1.0"": 0, ""2.0"": 0, ""4.0"": 0}",0.014536137543204042,0.12466954208672286,0.9999999999999999,0.061783854166666666,100,0,0
paper-0.2,paper,0.2,LBQCD-D08-hetero-K15,control-heteroscedastic,missing,LBQCD-D08-hetero-K15/missing,1,update,0,0.0,400,400,0.8905446999997366,400,51200,51200,51200,13107200,0.0,0,0,0,"{""0.2"": 0, ""0.5"": 0, ""1.0"": 0, ""2.0"": 0, ""4.0"": 0}",0.03771411972289407,0.26262927981447554,0.9999999999999999,0.11158854166666667,150,0,0
paper-0.2,paper,0.2,LBQCD-D08-hetero-K15,control-heteroscedastic,missing,LBQCD-D08-hetero-K15/missing,2,update,0,0.0,400,400,0.6551304999884451,400,51200,51200,51200,13107200,0.0,0,0,0,"{""0.2"": 0, ""0.5"": 0, ""1.0"": 0, ""2.0"": 0, ""4.0"": 0}",0.04070607796142944,0.3068124360619739,0.9999999999999999,0.13938802083333335,100,0,0
paper-0.5,paper,0.5,LBQCD-D08-hetero-K15,control-heteroscedastic,missing,LBQCD-D08-hetero-K15/missing,0,update,0,0.0,400,400,0.6753679999965243,400,51200,51200,51200,13107200,0.0,0,0,0,"{""0.2"": 0, ""0.5"": 0, ""1.0"": 0, ""2.0"": 0, ""4.0"": 0}",0.01746738659162217,0.1392338277974952,0.9999999999999999,0.09791666666666667,100,0,0
paper-0.5,paper,0.5,LBQCD-D08-hetero-K15,control-heteroscedastic,missing,LBQCD-D08-hetero-K15/missing,1,update,0,0.0,400,400,0.8338180000137072,400,51200,51200,51200,13107200,0.0,0,0,0,"{""0.2"": 0, ""0.5"": 0, ""1.0"": 0, ""2.0"": 0, ""4.0"": 0}",0.03683060984598274,0.30458803430189973,0.9999999999999999,0.12623697916666665,200,0,0
paper-0.5,paper,0.5,LBQCD-D08-hetero-K15,control-heteroscedastic,missing,LBQCD-D08-hetero-K15/missing,2,update,0,0.0,400,400,0.9148934999975609,400,51200,51200,51200,13107200,0.0,0,0,0,"{""0.2"": 0, ""0.5"": 0, ""1.0"": 0, ""2.0"": 0, ""4.0"": 0}",0.03606985657269668,0.27420638917295276,0.9999999999999999,0.10774739583333333,100,0,0
paper-1,paper,1.0,LBQCD-D08-hetero-K15,control-heteroscedastic,missing,LBQCD-D08-hetero-K15/missing,0,update,0,0.0,400,400,0.8848984000069322,400,51200,51200,51200,13107200,0.0,0,0,0,"{""0.2"": 0, ""0.5"": 0, ""1.0"": 0, ""2.0"": 0, ""4.0"": 0}",0.03019460378229155,0.1588127399329307,0.9999999999999999,0.104296875,100,0,0
paper-1,paper,1.0,LBQCD-D08-hetero-K15,control-heteroscedastic,missing,LBQCD-D08-hetero-K15/missing,1,update,0,0.0,400,400,0.5962266999995336,400,51200,51200,51200,13107200,0.0,0,0,0,"{""0.2"": 0, ""0.5"": 0, ""1.0"": 0, ""2.0"": 0, ""4.0"": 0}",0.050093695387011916,0.39618997750432444,0.9999999999999999,0.12825520833333331,100,0,0
paper-1,paper,1.0,LBQCD-D08-hetero-K15,control-heteroscedastic,missing,LBQCD-D08-hetero-K15/missing,2,update,0,0.0,400,400,0.6089599999977509,400,51200,51200,51200,13107200,0.0,0,0,0,"{""0.2"": 0, ""0.5"": 0, ""1.0"": 0, ""2.0"": 0, ""4.0"": 0}",0.04528591968895235,0.3294986016185072,0.9999999999999999,0.17161458333333335,100,0,0
paper-2,paper,2.0,LBQCD-D08-hetero-K15,control-heteroscedastic,missing,LBQCD-D08-hetero-K15/missing,0,update,0,0.0,400,400,0.6746923000027891,400,51200,51200,51200,13107200,0.0,0,0,0,"{""0.2"": 0, ""0.5"": 0, ""1.0"": 0, ""2.0"": 0, ""4.0"": 0}",0.04015621550030124,0.22280083800319223,0.9333333333333332,0.24498697916666667,150,0,0
paper-2,paper,2.0,LBQCD-D08-hetero-K15,control-heteroscedastic,missing,LBQCD-D08-hetero-K15/missing,1,update,0,0.0,400,400,0.6674882999941474,400,51200,51200,51200,13107200,0.0,0,0,0,"{""0.2"": 0, ""0.5"": 0, ""1.0"": 0, ""2.0"": 0, ""4.0"": 0}",0.0548778511394552,0.4686669228087411,0.9999999999999999,0.16920572916666665,250,0,0
paper-2,paper,2.0,LBQCD-D08-hetero-K15,control-heteroscedastic,missing,LBQCD-D08-hetero-K15/missing,2,update,0,0.0,400,400,0.8408259999996517,400,51200,51200,51200,13107200,0.0,0,0,0,"{""0.2"": 0, ""0.5"": 0, ""1.0"": 0, ""2.0"": 0, ""4.0"": 0}",0.0366655066582382,0.29057077745239485,0.9333333333333332,0.1814453125,150,0,0
paper-4,paper,4.0,LBQCD-D08-hetero-K15,control-heteroscedastic,missing,LBQCD-D08-hetero-K15/missing,0,update,0,0.0,400,400,0.833835800003726,400,51200,51200,51200,13107200,0.0,0,0,0,"{""0.2"": 0, ""0.5"": 0, ""1.0"": 0, ""2.0"": 0, ""4.0"": 0}",0.021821078026690532,0.21524762757741225,0.9333333333333332,0.2567057291666667,300,0,0
paper-4,paper,4.0,LBQCD-D08-hetero-K15,control-heteroscedastic,missing,LBQCD-D08-hetero-K15/missing,1,update,0,0.0,400,400,0.6274802999978419,400,51200,51200,51200,13107200,0.0,0,0,0,"{""0.2"": 0, ""0.5"": 0, ""1.0"": 0, ""2.0"": 0, ""4.0"": 0}",0.05474122692527805,0.5066980812463525,0.9333333333333332,0.3059895833333333,400,0,0
paper-4,paper,4.0,LBQCD-D08-hetero-K15,control-heteroscedastic,missing,LBQCD-D08-hetero-K15/missing,2,update,0,0.0,400,400,0.664694299994153,400,51200,51200,51200,13107200,0.0,0,0,0,"{""0.2"": 0, ""0.5"": 0, ""1.0"": 0, ""2.0"": 0, ""4.0"": 0}",0.05259209277706489,0.3591844466967602,0.9333333333333332,0.2263671875,350,0,0
qld-v1,qld,0.5,LBQCD-D08-hetero-K15,control-heteroscedastic,missing,LBQCD-D08-hetero-K15/missing,0,update,0,0.7,400,400,0.3512598000088474,400,51200,51200,51200,3932160,501760.0,0,0,0,"{""0.2"": 0, ""0.5"": 0, ""1.0"": 0, ""2.0"": 0, ""4.0"": 0}",0.016206406518936234,0.11889365159050565,0.9999999999999999,0.1140625,100,0,0
qld-v1,qld,0.5,LBQCD-D08-hetero-K15,control-heteroscedastic,missing,LBQCD-D08-hetero-K15/missing,1,update,0,0.7,400,400,0.4088557000068249,400,51200,51200,51200,3932160,501760.0,0,0,0,"{""0.2"": 0, ""0.5"": 0, ""1.0"": 0, ""2.0"": 0, ""4.0"": 0}",0.015781450014697107,0.17890159833864896,0.9999999999999999,0.13802083333333331,250,0,0
qld-v1,qld,0.5,LBQCD-D08-hetero-K15,control-heteroscedastic,missing,LBQCD-D08-hetero-K15/missing,2,update,0,0.7,400,400,0.3552505999978166,400,51200,51200,51200,3932160,501760.0,0,0,0,"{""0.2"": 0, ""0.5"": 0, ""1.0"": 0, ""2.0"": 0, ""4.0"": 0}",0.013929789384408586,0.14455001782661908,0.9999999999999999,0.1296875,150,0,0
rsr-M1024-f0.60-e,rsr,0.5,LBQCD-D08-hetero-K15,control-heteroscedastic,missing,LBQCD-D08-hetero-K15/missing,0,examples,1024,0.6,40,40,0.11630770000920165,400,51200,26624,26624,524288,491520.0,0,0,0,"{""0.2"": 0, ""0.5"": 0, ""1.0"": 0, ""2.0"": 0, ""4.0"": 0}",2.7005549314215243,3.786513474657025,0.5333333333333333,1.0305989583333333,40,1,0
rsr-M1024-f0.60-e,rsr,0.5,LBQCD-D08-hetero-K15,control-heteroscedastic,missing,LBQCD-D08-hetero-K15/missing,1,examples,1024,0.6,40,40,0.09904719999758527,400,51200,26624,26624,524288,491520.0,0,0,0,"{""0.2"": 0, ""0.5"": 0, ""1.0"": 0, ""2.0"": 0, ""4.0"": 0}",2.6686395867811328,3.679705641895821,0.5333333333333333,1.0794270833333333,40,1,0
rsr-M1024-f0.60-e,rsr,0.5,LBQCD-D08-hetero-K15,control-heteroscedastic,missing,LBQCD-D08-hetero-K15/missing,2,examples,1024,0.6,40,40,0.11710079999465961,400,51200,26624,26624,524288,491520.0,0,0,0,"{""0.2"": 0, ""0.5"": 0, ""1.0"": 0, ""2.0"": 0, ""4.0"": 0}",2.687242717266863,3.7445864538660514,0.5333333333333333,0.9847005208333333,40,1,0
rsr-M1024-f0.60-u,rsr,0.5,LBQCD-D08-hetero-K15,control-heteroscedastic,missing,LBQCD-D08-hetero-K15/missing,0,update,1024,0.6,400,400,1.2593570000026375,4000,512000,266240,266240,5242880,4915200.0,0,0,0,"{""0.2"": 0, ""0.5"": 0, ""1.0"": 0, ""2.0"": 0, ""4.0"": 0}",0.016619759889548558,0.11489907790371238,0.9999999999999999,0.0916015625,100,0,0
rsr-M1024-f0.60-u,rsr,0.5,LBQCD-D08-hetero-K15,control-heteroscedastic,missing,LBQCD-D08-hetero-K15/missing,1,update,1024,0.6,400,400,1.2223282000049949,4000,512000,266240,266240,5242880,4915200.0,0,0,0,"{""0.2"": 0, ""0.5"": 0, ""1.0"": 0, ""2.0"": 0, ""4.0"": 0}",0.021008065939089438,0.21555780475155586,0.9999999999999999,0.11061197916666667,150,0,0
rsr-M1024-f0.60-u,rsr,0.5,LBQCD-D08-hetero-K15,control-heteroscedastic,missing,LBQCD-D08-hetero-K15/missing,2,update,1024,0.6,400,400,1.2849773000052664,4000,512000,266240,266240,5242880,4915200.0,0,0,0,"{""0.2"": 0, ""0.5"": 0, ""1.0"": 0, ""2.0"": 0, ""4.0"": 0}",0.01045331052259657,0.15122960342330974,0.9999999999999999,0.127734375,150,0,0
rsr-M1024-f0.80-e,rsr,0.5,LBQCD-D08-hetero-K15,control-heteroscedastic,missing,LBQCD-D08-hetero-K15/missing,0,examples,1024,0.8,31,31,0.081950699997833,406,51968,26368,26368,196608,512000.0,0,0,0,"{""0.2"": 0, ""0.5"": 0, ""1.0"": 0, ""2.0"": 0, ""4.0"": 0}",2.9161229265297974,3.8694787904840258,0.5333333333333333,1.0325520833333333,31,1,0
rsr-M1024-f0.80-e,rsr,0.5,LBQCD-D08-hetero-K15,control-heteroscedastic,missing,LBQCD-D08-hetero-K15/missing,1,examples,1024,0.8,31,31,0.12289910000981763,406,51968,26368,26368,196608,512000.0,0,0,0,"{""0.2"": 0, ""0.5"": 0, ""1.0"": 0, ""2.0"": 0, ""4.0"": 0}",2.8737200738160986,3.7627290245458216,0.4666666666666666,1.073046875,31,1,0
rsr-M1024-f0.80-e,rsr,0.5,LBQCD-D08-hetero-K15,control-heteroscedastic,missing,LBQCD-D08-hetero-K15/missing,2,examples,1024,0.8,31,31,0.11205389999668114,406,51968,26368,26368,196608,512000.0,0,0,0,"{""0.2"": 0, ""0.5"": 0, ""1.0"": 0, ""2.0"": 0, ""4.0"": 0}",2.9294499674762484,3.8422985753543912,0.5333333333333333,1.0706380208333333,31,1,0
rsr-M1024-f0.80-u,rsr,0.5,LBQCD-D08-hetero-K15,control-heteroscedastic,missing,LBQCD-D08-hetero-K15/missing,0,update,1024,0.8,400,400,1.3270470999996178,5200,665600,337920,337920,2621440,6553600.0,0,0,0,"{""0.2"": 0, ""0.5"": 0, ""1.0"": 0, ""2.0"": 0, ""4.0"": 0}",0.017225718442576365,0.11730462571156014,0.9999999999999999,0.0984375,100,0,0
rsr-M1024-f0.80-u,rsr,0.5,LBQCD-D08-hetero-K15,control-heteroscedastic,missing,LBQCD-D08-hetero-K15/missing,1,update,1024,0.8,400,400,1.3517857999977423,5200,665600,337920,337920,2621440,6553600.0,0,0,0,"{""0.2"": 0, ""0.5"": 0, ""1.0"": 0, ""2.0"": 0, ""4.0"": 0}",0.0219847090809826,0.23423337367818906,0.9999999999999999,0.100390625,150,0,0
rsr-M1024-f0.80-u,rsr,0.5,LBQCD-D08-hetero-K15,control-heteroscedastic,missing,LBQCD-D08-hetero-K15/missing,2,update,1024,0.8,400,400,1.3623270999960368,5200,665600,337920,337920,2621440,6553600.0,0,0,0,"{""0.2"": 0, ""0.5"": 0, ""1.0"": 0, ""2.0"": 0, ""4.0"": 0}",0.007352567471159421,0.153781646535527,0.9999999999999999,0.116015625,150,0,0
rsr-M512-f0.60-e,rsr,0.5,LBQCD-D08-hetero-K15,control-heteroscedastic,missing,LBQCD-D08-hetero-K15/missing,0,examples,512,0.6,77,77,0.1526560999918729,399,51072,27520,27520,1015808,423936.0,0,0,0,"{""0.2"": 0, ""0.5"": 0, ""1.0"": 0, ""2.0"": 0, ""4.0"": 0}",1.2195706544851719,2.3997902528579442,0.6666666666666666,0.7737630208333333,77,1,0
rsr-M512-f0.60-e,rsr,0.5,LBQCD-D08-hetero-K15,control-heteroscedastic,missing,LBQCD-D08-hetero-K15/missing,1,examples,512,0.6,77,77,0.1256378000107361,399,51072,27520,27520,1015808,423936.0,0,0,0,"{""0.2"": 0, ""0.5"": 0, ""1.0"": 0, ""2.0"": 0, ""4.0"": 0}",1.000783661490516,2.2455583388465126,0.6666666666666666,0.7810546875,77,1,0
rsr-M512-f0.60-e,rsr,0.5,LBQCD-D08-hetero-K15,control-heteroscedastic,missing,LBQCD-D08-hetero-K15/missing,2,examples,512,0.6,77,77,0.1798999000020558,399,51072,27520,27520,1015808,423936.0,0,0,0,"{""0.2"": 0, ""0.5"": 0, ""1.0"": 0, ""2.0"": 0, ""4.0"": 0}",0.9924376054602764,2.2764343636410627,0.6666666666666666,0.7835286458333333,77,1,0
rsr-M512-f0.60-u,rsr,0.5,LBQCD-D08-hetero-K15,control-heteroscedastic,missing,LBQCD-D08-hetero-K15/missing,0,update,512,0.6,400,400,0.9098189999931492,2080,266240,143360,143360,5242880,2211840.0,0,0,0,"{""0.2"": 0, ""0.5"": 0, ""1.0"": 0, ""2.0"": 0, ""4.0"": 0}",0.015824869806138064,0.11928638399130825,0.9999999999999999,0.1326171875,150,0,0
rsr-M512-f0.60-u,rsr,0.5,LBQCD-D08-hetero-K15,control-heteroscedastic,missing,LBQCD-D08-hetero-K15/missing,1,update,512,0.6,400,400,0.8473954999935813,2080,266240,143360,143360,5242880,2211840.0,0,0,0,"{""0.2"": 0, ""0.5"": 0, ""1.0"": 0, ""2.0"": 0, ""4.0"": 0}",0.020244627085912903,0.2342615911156659,0.9999999999999999,0.108203125,150,0,0
rsr-M512-f0.60-u,rsr,0.5,LBQCD-D08-hetero-K15,control-heteroscedastic,missing,LBQCD-D08-hetero-K15/missing,2,update,512,0.6,400,400,0.8070370000059484,2080,266240,143360,143360,5242880,2211840.0,0,0,0,"{""0.2"": 0, ""0.5"": 0, ""1.0"": 0, ""2.0"": 0, ""4.0"": 0}",0.01210701131439107,0.16256186799770467,0.9999999999999999,0.14772135416666665,150,0,0
rsr-M512-f0.80-e,rsr,0.5,LBQCD-D08-hetero-K15,control-heteroscedastic,missing,LBQCD-D08-hetero-K15/missing,0,examples,512,0.8,61,61,0.11458660000062082,404,51712,26624,26624,393216,451584.0,0,0,0,"{""0.2"": 0, ""0.5"": 0, ""1.0"": 0, ""2.0"": 0, ""4.0"": 0}",1.258852038225542,2.4224094905605975,0.6666666666666666,0.8030598958333333,61,1,0
rsr-M512-f0.80-e,rsr,0.5,LBQCD-D08-hetero-K15,control-heteroscedastic,missing,LBQCD-D08-hetero-K15/missing,1,examples,512,0.8,61,61,0.1362420000077691,404,51712,26624,26624,393216,451584.0,0,0,0,"{""0.2"": 0, ""0.5"": 0, ""1.0"": 0, ""2.0"": 0, ""4.0"": 0}",1.0377488424702026,2.2644762238082468,0.6666666666666666,0.7629557291666667,61,1,0
rsr-M512-f0.80-e,rsr,0.5,LBQCD-D08-hetero-K15,control-heteroscedastic,missing,LBQCD-D08-hetero-K15/missing,2,examples,512,0.8,61,61,0.13573409999662545,404,51712,26624,26624,393216,451584.0,0,0,0,"{""0.2"": 0, ""0.5"": 0, ""1.0"": 0, ""2.0"": 0, ""4.0"": 0}",1.0461257337762735,2.307300091761576,0.6666666666666666,0.780078125,61,1,0
rsr-M512-f0.80-u,rsr,0.5,LBQCD-D08-hetero-K15,control-heteroscedastic,missing,LBQCD-D08-hetero-K15/missing,0,update,512,0.8,400,400,0.8030992999993032,2640,337920,174080,174080,2621440,2949120.0,0,0,0,"{""0.2"": 0, ""0.5"": 0, ""1.0"": 0, ""2.0"": 0, ""4.0"": 0}",0.02115693128466667,0.12441571335406816,0.9999999999999999,0.09505208333333333,150,0,0
rsr-M512-f0.80-u,rsr,0.5,LBQCD-D08-hetero-K15,control-heteroscedastic,missing,LBQCD-D08-hetero-K15/missing,1,update,512,0.8,400,400,0.8728498999989824,2640,337920,174080,174080,2621440,2949120.0,0,0,0,"{""0.2"": 0, ""0.5"": 0, ""1.0"": 0, ""2.0"": 0, ""4.0"": 0}",0.021858338672962496,0.2389128528783167,0.9999999999999999,0.11158854166666667,150,0,0
rsr-M512-f0.80-u,rsr,0.5,LBQCD-D08-hetero-K15,control-heteroscedastic,missing,LBQCD-D08-hetero-K15/missing,2,update,512,0.8,400,400,0.8908798999909777,2640,337920,174080,174080,2621440,2949120.0,0,0,0,"{""0.2"": 0, ""0.5"": 0, ""1.0"": 0, ""2.0"": 0, ""4.0"": 0}",0.011740104044487332,0.16261274653151872,0.9999999999999999,0.11458333333333333,150,0,0
paper-0.2,paper,0.2,LBQCD-D09-overlap-K8,control-overlap,concentrated,LBQCD-D09-overlap-K8/concentrated,0,update,0,0.0,400,400,0.5739135999901919,400,51200,51200,51200,13107200,0.0,0,0,0,"{""0.2"": 0, ""0.5"": 0, ""1.0"": 0, ""2.0"": 0, ""4.0"": 0}",0.0013126650273775908,0.03851465097826979,1.0,0.0908203125,50,0,0
paper-0.2,paper,0.2,LBQCD-D09-overlap-K8,control-overlap,concentrated,LBQCD-D09-overlap-K8/concentrated,1,update,0,0.0,400,400,0.5771367999986978,400,51200,51200,51200,13107200,0.0,0,0,0,"{""0.2"": 0, ""0.5"": 0, ""1.0"": 0, ""2.0"": 0, ""4.0"": 0}",0.003639284091852102,0.02867695709199199,1.0,0.08203125,50,0,0
paper-0.2,paper,0.2,LBQCD-D09-overlap-K8,control-overlap,concentrated,LBQCD-D09-overlap-K8/concentrated,2,update,0,0.0,400,400,0.7978013000101782,400,51200,51200,51200,13107200,0.0,0,0,0,"{""0.2"": 0, ""0.5"": 0, ""1.0"": 0, ""2.0"": 0, ""4.0"": 0}",0.0034939067102476296,0.0378457342570309,1.0,0.076171875,50,0,0
paper-0.5,paper,0.5,LBQCD-D09-overlap-K8,control-overlap,concentrated,LBQCD-D09-overlap-K8/concentrated,0,update,0,0.0,400,400,0.9204657999944175,400,51200,51200,51200,13107200,0.0,0,0,0,"{""0.2"": 0, ""0.5"": 0, ""1.0"": 0, ""2.0"": 0, ""4.0"": 0}",0.0021047928343713718,0.047022884707723756,1.0,0.111328125,50,0,0
paper-0.5,paper,0.5,LBQCD-D09-overlap-K8,control-overlap,concentrated,LBQCD-D09-overlap-K8/concentrated,1,update,0,0.0,400,400,0.4795167999982368,400,51200,51200,51200,13107200,0.0,0,0,0,"{""0.2"": 0, ""0.5"": 0, ""1.0"": 0, ""2.0"": 0, ""4.0"": 0}",0.0024543690130575113,0.024859649720024666,1.0,0.046875,50,0,0
paper-0.5,paper,0.5,LBQCD-D09-overlap-K8,control-overlap,concentrated,LBQCD-D09-overlap-K8/concentrated,2,update,0,0.0,400,400,0.7700169000017922,400,51200,51200,51200,13107200,0.0,0,0,0,"{""0.2"": 0, ""0.5"": 0, ""1.0"": 0, ""2.0"": 0, ""4.0"": 0}",0.004268868801782233,0.04325972731076443,1.0,0.0693359375,50,0,0
paper-1,paper,1.0,LBQCD-D09-overlap-K8,control-overlap,concentrated,LBQCD-D09-overlap-K8/concentrated,0,update,0,0.0,400,400,0.635776099996292,400,51200,51200,51200,13107200,0.0,0,0,0,"{""0.2"": 0, ""0.5"": 0, ""1.0"": 0, ""2.0"": 0, ""4.0"": 0}",0.002675203185187547,0.05181089737730469,1.0,0.130859375,50,0,0
paper-1,paper,1.0,LBQCD-D09-overlap-K8,control-overlap,concentrated,LBQCD-D09-overlap-K8/concentrated,1,update,0,0.0,400,400,0.7579070000065258,400,51200,51200,51200,13107200,0.0,0,0,0,"{""0.2"": 0, ""0.5"": 0, ""1.0"": 0, ""2.0"": 0, ""4.0"": 0}",0.0023837975501995734,0.026447356054201766,1.0,0.048828125,50,0,0
paper-1,paper,1.0,LBQCD-D09-overlap-K8,control-overlap,concentrated,LBQCD-D09-overlap-K8/concentrated,2,update,0,0.0,400,400,0.5552415999991354,400,51200,51200,51200,13107200,0.0,0,0,0,"{""0.2"": 0, ""0.5"": 0, ""1.0"": 0, ""2.0"": 0, ""4.0"": 0}",0.007747310363097504,0.04062449982195945,1.0,0.0849609375,50,0,0
paper-2,paper,2.0,LBQCD-D09-overlap-K8,control-overlap,concentrated,LBQCD-D09-overlap-K8/concentrated,0,update,0,0.0,400,400,0.44428399999742396,400,51200,51200,51200,13107200,0.0,0,0,0,"{""0.2"": 0, ""0.5"": 0, ""1.0"": 0, ""2.0"": 0, ""4.0"": 0}",0.0034112804206387626,0.05560150152542866,1.0,0.158203125,50,0,0
paper-2,paper,2.0,LBQCD-D09-overlap-K8,control-overlap,concentrated,LBQCD-D09-overlap-K8/concentrated,1,update,0,0.0,400,400,0.6605137000005925,400,51200,51200,51200,13107200,0.0,0,0,0,"{""0.2"": 0, ""0.5"": 0, ""1.0"": 0, ""2.0"": 0, ""4.0"": 0}",0.0041978069065081725,0.043198877486500024,1.0,0.09375,50,0,0
paper-2,paper,2.0,LBQCD-D09-overlap-K8,control-overlap,concentrated,LBQCD-D09-overlap-K8/concentrated,2,update,0,0.0,400,400,0.6715616000001319,400,51200,51200,51200,13107200,0.0,0,0,0,"{""0.2"": 0, ""0.5"": 0, ""1.0"": 0, ""2.0"": 0, ""4.0"": 0}",0.010171557348621185,0.025702021604938775,1.0,0.095703125,50,0,0
paper-4,paper,4.0,LBQCD-D09-overlap-K8,control-overlap,concentrated,LBQCD-D09-overlap-K8/concentrated,0,update,0,0.0,400,400,0.7493879000103334,400,51200,51200,51200,13107200,0.0,0,0,0,"{""0.2"": 0, ""0.5"": 0, ""1.0"": 0, ""2.0"": 0, ""4.0"": 0}",0.004568249037655625,0.056821834323681396,1.0,0.2216796875,50,0,0
paper-4,paper,4.0,LBQCD-D09-overlap-K8,control-overlap,concentrated,LBQCD-D09-overlap-K8/concentrated,1,update,0,0.0,400,400,0.822554600003059,400,51200,51200,51200,13107200,0.0,0,0,0,"{""0.2"": 0, ""0.5"": 0, ""1.0"": 0, ""2.0"": 0, ""4.0"": 0}",0.010724354604172981,0.08115686081611824,1.0,0.2216796875,50,0,0
paper-4,paper,4.0,LBQCD-D09-overlap-K8,control-overlap,concentrated,LBQCD-D09-overlap-K8/concentrated,2,update,0,0.0,400,400,0.701409599991166,400,51200,51200,51200,13107200,0.0,0,0,0,"{""0.2"": 0, ""0.5"": 0, ""1.0"": 0, ""2.0"": 0, ""4.0"": 0}",0.01778260126664266,0.05854138372887948,1.0,0.2861328125,50,0,0
qld-v1,qld,0.5,LBQCD-D09-overlap-K8,control-overlap,concentrated,LBQCD-D09-overlap-K8/concentrated,0,update,0,0.7,400,400,0.3072290999989491,400,51200,51200,51200,3932160,501760.0,0,0,0,"{""0.2"": 0, ""0.5"": 0, ""1.0"": 0, ""2.0"": 0, ""4.0"": 0}",0.0006764280945090739,0.021974102303537562,1.0,0.048828125,50,0,0
qld-v1,qld,0.5,LBQCD-D09-overlap-K8,control-overlap,concentrated,LBQCD-D09-overlap-K8/concentrated,1,update,0,0.7,400,400,0.2766524000035133,400,51200,51200,51200,3932160,501760.0,0,0,0,"{""0.2"": 0, ""0.5"": 0, ""1.0"": 0, ""2.0"": 0, ""4.0"": 0}",0.0027553002764481027,0.0227672853304435,1.0,0.0556640625,50,0,0
qld-v1,qld,0.5,LBQCD-D09-overlap-K8,control-overlap,concentrated,LBQCD-D09-overlap-K8/concentrated,2,update,0,0.7,400,400,0.2970866000105161,400,51200,51200,51200,3932160,501760.0,0,0,0,"{""0.2"": 0, ""0.5"": 0, ""1.0"": 0, ""2.0"": 0, ""4.0"": 0}",0.002670405985642388,0.02864401103541355,1.0,0.052734375,50,0,0
rsr-M1024-f0.60-e,rsr,0.5,LBQCD-D09-overlap-K8,control-overlap,concentrated,LBQCD-D09-overlap-K8/concentrated,0,examples,1024,0.6,40,40,0.12626089999685064,400,51200,26624,26624,524288,491520.0,0,0,0,"{""0.2"": 0, ""0.5"": 0, ""1.0"": 0, ""2.0"": 0, ""4.0"": 0}",0.004983473264677296,0.06647313175666837,1.0,0.22265625,40,1,0
rsr-M1024-f0.60-e,rsr,0.5,LBQCD-D09-overlap-K8,control-overlap,concentrated,LBQCD-D09-overlap-K8/concentrated,1,examples,1024,0.6,40,40,0.09424160000344273,400,51200,26624,26624,524288,491520.0,0,0,0,"{""0.2"": 0, ""0.5"": 0, ""1.0"": 0, ""2.0"": 0, ""4.0"": 0}",0.003309671757192878,0.036878863349911424,1.0,0.0693359375,40,1,0
rsr-M1024-f0.60-e,rsr,0.5,LBQCD-D09-overlap-K8,control-overlap,concentrated,LBQCD-D09-overlap-K8/concentrated,2,examples,1024,0.6,40,40,0.09595000000263099,400,51200,26624,26624,524288,491520.0,0,0,0,"{""0.2"": 0, ""0.5"": 0, ""1.0"": 0, ""2.0"": 0, ""4.0"": 0}",0.0050649979367280995,0.028253337890573424,1.0,0.0859375,40,1,0
rsr-M1024-f0.60-u,rsr,0.5,LBQCD-D09-overlap-K8,control-overlap,concentrated,LBQCD-D09-overlap-K8/concentrated,0,update,1024,0.6,400,400,1.100894099989091,4000,512000,266240,266240,5242880,4915200.0,0,0,0,"{""0.2"": 0, ""0.5"": 0, ""1.0"": 0, ""2.0"": 0, ""4.0"": 0}",0.0016258877256580817,0.023752034788284908,1.0,0.07421875,50,0,0
rsr-M1024-f0.60-u,rsr,0.5,LBQCD-D09-overlap-K8,control-overlap,concentrated,LBQCD-D09-overlap-K8/concentrated,1,update,1024,0.6,400,400,1.058662600000389,4000,512000,266240,266240,5242880,4915200.0,0,0,0,"{""0.2"": 0, ""0.5"": 0, ""1.0"": 0, ""2.0"": 0, ""4.0"": 0}",0.002799003597408256,0.024647015827011655,1.0,0.0595703125,50,0,0
rsr-M1024-f0.60-u,rsr,0.5,LBQCD-D09-overlap-K8,control-overlap,concentrated,LBQCD-D09-overlap-K8/concentrated,2,update,1024,0.6,400,400,1.1345675000047777,4000,512000,266240,266240,5242880,4915200.0,0,0,0,"{""0.2"": 0, ""0.5"": 0, ""1.0"": 0, ""2.0"": 0, ""4.0"": 0}",0.002287914768236643,0.021827731761866326,1.0,0.0478515625,50,0,0
rsr-M1024-f0.80-e,rsr,0.5,LBQCD-D09-overlap-K8,control-overlap,concentrated,LBQCD-D09-overlap-K8/concentrated,0,examples,1024,0.8,31,31,0.07486039999639615,406,51968,26368,26368,196608,512000.0,0,0,0,"{""0.2"": 0, ""0.5"": 0, ""1.0"": 0, ""2.0"": 0, ""4.0"": 0}",0.00458956319110726,0.05766700966033634,1.0,0.1533203125,31,1,0
rsr-M1024-f0.80-e,rsr,0.5,LBQCD-D09-overlap-K8,control-overlap,concentrated,LBQCD-D09-overlap-K8/concentrated,1,examples,1024,0.8,31,31,0.0829061999975238,406,51968,26368,26368,196608,512000.0,0,0,0,"{""0.2"": 0, ""0.5"": 0, ""1.0"": 0, ""2.0"": 0, ""4.0"": 0}",0.012758008254173059,0.09054288880335173,1.0,0.2021484375,31,1,0
rsr-M1024-f0.80-e,rsr,0.5,LBQCD-D09-overlap-K8,control-overlap,concentrated,LBQCD-D09-overlap-K8/concentrated,2,examples,1024,0.8,31,31,0.09456539999519009,406,51968,26368,26368,196608,512000.0,0,0,0,"{""0.2"": 0, ""0.5"": 0, ""1.0"": 0, ""2.0"": 0, ""4.0"": 0}",0.00733603761663737,0.07018393333123532,1.0,0.2421875,31,1,0
rsr-M1024-f0.80-u,rsr,0.5,LBQCD-D09-overlap-K8,control-overlap,concentrated,LBQCD-D09-overlap-K8/concentrated,0,update,1024,0.8,400,400,1.3862472000037087,5200,665600,337920,337920,2621440,6553600.0,0,0,0,"{""0.2"": 0, ""0.5"": 0, ""1.0"": 0, ""2.0"": 0, ""4.0"": 0}",0.0011956827318548857,0.020338651149685874,1.0,0.068359375,50,0,0
rsr-M1024-f0.80-u,rsr,0.5,LBQCD-D09-overlap-K8,control-overlap,concentrated,LBQCD-D09-overlap-K8/concentrated,1,update,1024,0.8,400,400,1.2039386999967974,5200,665600,337920,337920,2621440,6553600.0,0,0,0,"{""0.2"": 0, ""0.5"": 0, ""1.0"": 0, ""2.0"": 0, ""4.0"": 0}",0.010518765292705567,0.08274429585521301,1.0,0.1513671875,50,0,0
rsr-M1024-f0.80-u,rsr,0.5,LBQCD-D09-overlap-K8,control-overlap,concentrated,LBQCD-D09-overlap-K8/concentrated,2,update,1024,0.8,400,400,1.2260008000012022,5200,665600,337920,337920,2621440,6553600.0,0,0,0,"{""0.2"": 0, ""0.5"": 0, ""1.0"": 0, ""2.0"": 0, ""4.0"": 0}",0.002013960133085302,0.022522080865958305,1.0,0.060546875,50,0,0
rsr-M512-f0.60-e,rsr,0.5,LBQCD-D09-overlap-K8,control-overlap,concentrated,LBQCD-D09-overlap-K8/concentrated,0,examples,512,0.6,77,77,0.14804230000299867,399,51072,27520,27520,1015808,423936.0,0,0,0,"{""0.2"": 0, ""0.5"": 0, ""1.0"": 0, ""2.0"": 0, ""4.0"": 0}",0.0025508839213184142,0.04900430365464019,1.0,0.080078125,50,0,0
rsr-M512-f0.60-e,rsr,0.5,LBQCD-D09-overlap-K8,control-overlap,concentrated,LBQCD-D09-overlap-K8/concentrated,1,examples,512,0.6,77,77,0.16612559999339283,399,51072,27520,27520,1015808,423936.0,0,0,0,"{""0.2"": 0, ""0.5"": 0, ""1.0"": 0, ""2.0"": 0, ""4.0"": 0}",0.0026043685822078055,0.02485994405083501,1.0,0.037109375,50,0,0
rsr-M512-f0.60-e,rsr,0.5,LBQCD-D09-overlap-K8,control-overlap,concentrated,LBQCD-D09-overlap-K8/concentrated,2,examples,512,0.6,77,77,0.21332179999444634,399,51072,27520,27520,1015808,423936.0,0,0,0,"{""0.2"": 0, ""0.5"": 0, ""1.0"": 0, ""2.0"": 0, ""4.0"": 0}",0.0056525267462834705,0.02292468258599705,1.0,0.0849609375,50,0,0
rsr-M512-f0.60-u,rsr,0.5,LBQCD-D09-overlap-K8,control-overlap,concentrated,LBQCD-D09-overlap-K8/concentrated,0,update,512,0.6,400,400,0.6959378000028664,2080,266240,143360,143360,5242880,2211840.0,0,0,0,"{""0.2"": 0, ""0.5"": 0, ""1.0"": 0, ""2.0"": 0, ""4.0"": 0}",0.0028710396939632954,0.04302185501066845,1.0,0.083984375,50,0,0
rsr-M512-f0.60-u,rsr,0.5,LBQCD-D09-overlap-K8,control-overlap,concentrated,LBQCD-D09-overlap-K8/concentrated,1,update,512,0.6,400,400,0.6651318000076571,2080,266240,143360,143360,5242880,2211840.0,0,0,0,"{""0.2"": 0, ""0.5"": 0, ""1.0"": 0, ""2.0"": 0, ""4.0"": 0}",0.00283932576029422,0.032841918195207355,1.0,0.0576171875,50,0,0
rsr-M512-f0.60-u,rsr,0.5,LBQCD-D09-overlap-K8,control-overlap,concentrated,LBQCD-D09-overlap-K8/concentrated,2,update,512,0.6,400,400,0.6261589999921853,2080,266240,143360,143360,5242880,2211840.0,0,0,0,"{""0.2"": 0, ""0.5"": 0, ""1.0"": 0, ""2.0"": 0, ""4.0"": 0}",0.003019363140865816,0.021599232668096977,1.0,0.0546875,50,0,0
rsr-M512-f0.80-e,rsr,0.5,LBQCD-D09-overlap-K8,control-overlap,concentrated,LBQCD-D09-overlap-K8/concentrated,0,examples,512,0.8,61,61,0.08756140001059975,404,51712,26624,26624,393216,451584.0,0,0,0,"{""0.2"": 0, ""0.5"": 0, ""1.0"": 0, ""2.0"": 0, ""4.0"": 0}",0.004148739183564176,0.04999877094033532,1.0,0.1220703125,50,0,0
rsr-M512-f0.80-e,rsr,0.5,LBQCD-D09-overlap-K8,control-overlap,concentrated,LBQCD-D09-overlap-K8/concentrated,1,examples,512,0.8,61,61,0.12518010000349022,404,51712,26624,26624,393216,451584.0,0,0,0,"{""0.2"": 0, ""0.5"": 0, ""1.0"": 0, ""2.0"": 0, ""4.0"": 0}",0.009255906633645283,0.07002959094982554,1.0,0.1552734375,50,0,0
rsr-M512-f0.80-e,rsr,0.5,LBQCD-D09-overlap-K8,control-overlap,concentrated,LBQCD-D09-overlap-K8/concentrated,2,examples,512,0.8,61,61,0.10772630000428762,404,51712,26624,26624,393216,451584.0,0,0,0,"{""0.2"": 0, ""0.5"": 0, ""1.0"": 0, ""2.0"": 0, ""4.0"": 0}",0.005927041938948441,0.028486137913205402,1.0,0.12109375,50,0,0
rsr-M512-f0.80-u,rsr,0.5,LBQCD-D09-overlap-K8,control-overlap,concentrated,LBQCD-D09-overlap-K8/concentrated,0,update,512,0.8,400,400,0.7566687000071397,2640,337920,174080,174080,2621440,2949120.0,0,0,0,"{""0.2"": 0, ""0.5"": 0, ""1.0"": 0, ""2.0"": 0, ""4.0"": 0}",0.003405626212102386,0.03511123386243809,1.0,0.064453125,50,0,0
rsr-M512-f0.80-u,rsr,0.5,LBQCD-D09-overlap-K8,control-overlap,concentrated,LBQCD-D09-overlap-K8/concentrated,1,update,512,0.8,400,400,0.7395835000061197,2640,337920,174080,174080,2621440,2949120.0,0,0,0,"{""0.2"": 0, ""0.5"": 0, ""1.0"": 0, ""2.0"": 0, ""4.0"": 0}",0.00433469023039712,0.03373896678473318,1.0,0.05859375,50,0,0
rsr-M512-f0.80-u,rsr,0.5,LBQCD-D09-overlap-K8,control-overlap,concentrated,LBQCD-D09-overlap-K8/concentrated,2,update,512,0.8,400,400,0.7379747999948449,2640,337920,174080,174080,2621440,2949120.0,0,0,0,"{""0.2"": 0, ""0.5"": 0, ""1.0"": 0, ""2.0"": 0, ""4.0"": 0}",0.0025310122575730176,0.020033080432641615,1.0,0.041015625,50,0,0
paper-0.2,paper,0.2,LBQCD-D09-overlap-K8,control-overlap,missing,LBQCD-D09-overlap-K8/missing,0,update,0,0.0,400,400,0.8119525999936741,400,51200,51200,51200,13107200,0.0,0,0,0,"{""0.2"": 0, ""0.5"": 0, ""1.0"": 0, ""2.0"": 0, ""4.0"": 0}",0.0014160162532721454,0.03314571242679019,1.0,0.078125,50,0,0
paper-0.2,paper,0.2,LBQCD-D09-overlap-K8,control-overlap,missing,LBQCD-D09-overlap-K8/missing,1,update,0,0.0,400,400,0.5835654999973485,400,51200,51200,51200,13107200,0.0,0,0,0,"{""0.2"": 0, ""0.5"": 0, ""1.0"": 0, ""2.0"": 0, ""4.0"": 0}",0.004442967355591798,0.052473491466210526,1.0,0.1044921875,50,0,0
paper-0.2,paper,0.2,LBQCD-D09-overlap-K8,control-overlap,missing,LBQCD-D09-overlap-K8/missing,2,update,0,0.0,400,400,0.4699489999911748,400,51200,51200,51200,13107200,0.0,0,0,0,"{""0.2"": 0, ""0.5"": 0, ""1.0"": 0, ""2.0"": 0, ""4.0"": 0}",0.0008808417418753045,0.024841075255762155,1.0,0.087890625,50,0,0
paper-0.5,paper,0.5,LBQCD-D09-overlap-K8,control-overlap,missing,LBQCD-D09-overlap-K8/missing,0,update,0,0.0,400,400,0.760327200012398,400,51200,51200,51200,13107200,0.0,0,0,0,"{""0.2"": 0, ""0.5"": 0, ""1.0"": 0, ""2.0"": 0, ""4.0"": 0}",0.0013446918980082323,0.03512648067100029,1.0,0.091796875,50,0,0
paper-0.5,paper,0.5,LBQCD-D09-overlap-K8,control-overlap,missing,LBQCD-D09-overlap-K8/missing,1,update,0,0.0,400,400,0.6896586000075331,400,51200,51200,51200,13107200,0.0,0,0,0,"{""0.2"": 0, ""0.5"": 0, ""1.0"": 0, ""2.0"": 0, ""4.0"": 0}",0.0031191351311162796,0.04639224616273401,1.0,0.107421875,50,0,0
paper-0.5,paper,0.5,LBQCD-D09-overlap-K8,control-overlap,missing,LBQCD-D09-overlap-K8/missing,2,update,0,0.0,400,400,0.7677560000010999,400,51200,51200,51200,13107200,0.0,0,0,0,"{""0.2"": 0, ""0.5"": 0, ""1.0"": 0, ""2.0"": 0, ""4.0"": 0}",0.0010470391058434725,0.027638297141795318,1.0,0.0673828125,50,0,0
paper-1,paper,1.0,LBQCD-D09-overlap-K8,control-overlap,missing,LBQCD-D09-overlap-K8/missing,0,update,0,0.0,400,400,0.8560655000037514,400,51200,51200,51200,13107200,0.0,0,0,0,"{""0.2"": 0, ""0.5"": 0, ""1.0"": 0, ""2.0"": 0, ""4.0"": 0}",0.0015545316341312176,0.031704414426234624,1.0,0.0859375,50,0,0
paper-1,paper,1.0,LBQCD-D09-overlap-K8,control-overlap,missing,LBQCD-D09-overlap-K8/missing,1,update,0,0.0,400,400,0.5140652999980375,400,51200,51200,51200,13107200,0.0,0,0,0,"{""0.2"": 0, ""0.5"": 0, ""1.0"": 0, ""2.0"": 0, ""4.0"": 0}",0.0032172109546163563,0.04897726831068059,1.0,0.087890625,50,0,0
paper-1,paper,1.0,LBQCD-D09-overlap-K8,control-overlap,missing,LBQCD-D09-overlap-K8/missing,2,update,0,0.0,400,400,0.5956218999926932,400,51200,51200,51200,13107200,0.0,0,0,0,"{""0.2"": 0, ""0.5"": 0, ""1.0"": 0, ""2.0"": 0, ""4.0"": 0}",0.0010628299548076647,0.036504712795184156,1.0,0.1005859375,50,0,0
paper-2,paper,2.0,LBQCD-D09-overlap-K8,control-overlap,missing,LBQCD-D09-overlap-K8/missing,0,update,0,0.0,400,400,0.5808348999998998,400,51200,51200,51200,13107200,0.0,0,0,0,"{""0.2"": 0, ""0.5"": 0, ""1.0"": 0, ""2.0"": 0, ""4.0"": 0}",0.002165404676982896,0.028498575892321614,1.0,0.0693359375,50,0,0
paper-2,paper,2.0,LBQCD-D09-overlap-K8,control-overlap,missing,LBQCD-D09-overlap-K8/missing,1,update,0,0.0,400,400,0.6607548000029055,400,51200,51200,51200,13107200,0.0,0,0,0,"{""0.2"": 0, ""0.5"": 0, ""1.0"": 0, ""2.0"": 0, ""4.0"": 0}",0.001953021689263812,0.046088263306069396,1.0,0.07421875,50,0,0
paper-2,paper,2.0,LBQCD-D09-overlap-K8,control-overlap,missing,LBQCD-D09-overlap-K8/missing,2,update,0,0.0,400,400,0.7999559000018053,400,51200,51200,51200,13107200,0.0,0,0,0,"{""0.2"": 0, ""0.5"": 0, ""1.0"": 0, ""2.0"": 0, ""4.0"": 0}",0.002889804419033415,0.06082288098893106,1.0,0.17578125,50,0,0
paper-4,paper,4.0,LBQCD-D09-overlap-K8,control-overlap,missing,LBQCD-D09-overlap-K8/missing,0,update,0,0.0,400,400,0.5345536999957403,400,51200,51200,51200,13107200,0.0,0,0,0,"{""0.2"": 0, ""0.5"": 0, ""1.0"": 0, ""2.0"": 0, ""4.0"": 0}",0.0028738056957758884,0.032164180072637216,1.0,0.09375,50,0,0
paper-4,paper,4.0,LBQCD-D09-overlap-K8,control-overlap,missing,LBQCD-D09-overlap-K8/missing,1,update,0,0.0,400,400,0.6059632000105921,400,51200,51200,51200,13107200,0.0,0,0,0,"{""0.2"": 0, ""0.5"": 0, ""1.0"": 0, ""2.0"": 0, ""4.0"": 0}",0.007075210288181588,0.07808293625598557,1.0,0.15625,50,0,0
paper-4,paper,4.0,LBQCD-D09-overlap-K8,control-overlap,missing,LBQCD-D09-overlap-K8/missing,2,update,0,0.0,400,400,0.946925000011106,400,51200,51200,51200,13107200,0.0,0,0,0,"{""0.2"": 0, ""0.5"": 0, ""1.0"": 0, ""2.0"": 0, ""4.0"": 0}",0.005398653747864524,0.07801830675195087,1.0,0.2685546875,50,0,0
qld-v1,qld,0.5,LBQCD-D09-overlap-K8,control-overlap,missing,LBQCD-D09-overlap-K8/missing,0,update,0,0.7,400,400,0.3174780999979703,400,51200,51200,51200,3932160,501760.0,0,0,0,"{""0.2"": 0, ""0.5"": 0, ""1.0"": 0, ""2.0"": 0, ""4.0"": 0}",0.00106182618055084,0.018283110583713506,1.0,0.03515625,50,0,0
qld-v1,qld,0.5,LBQCD-D09-overlap-K8,control-overlap,missing,LBQCD-D09-overlap-K8/missing,1,update,0,0.7,400,400,0.2886333999922499,400,51200,51200,51200,3932160,501760.0,0,0,0,"{""0.2"": 0, ""0.5"": 0, ""1.0"": 0, ""2.0"": 0, ""4.0"": 0}",0.005584840473812025,0.0457068401661821,1.0,0.09375,50,0,0
qld-v1,qld,0.5,LBQCD-D09-overlap-K8,control-overlap,missing,LBQCD-D09-overlap-K8/missing,2,update,0,0.7,400,400,0.3376021000003675,400,51200,51200,51200,3932160,501760.0,0,0,0,"{""0.2"": 0, ""0.5"": 0, ""1.0"": 0, ""2.0"": 0, ""4.0"": 0}",0.000631956243016929,0.020139718607040436,1.0,0.0341796875,50,0,0
rsr-M1024-f0.60-e,rsr,0.5,LBQCD-D09-overlap-K8,control-overlap,missing,LBQCD-D09-overlap-K8/missing,0,examples,1024,0.6,40,40,0.14250769998761825,400,51200,26624,26624,524288,491520.0,0,0,0,"{""0.2"": 0, ""0.5"": 0, ""1.0"": 0, ""2.0"": 0, ""4.0"": 0}",0.16752656921614828,0.5142953641982534,1.0,0.4892578125,40,1,0
rsr-M1024-f0.60-e,rsr,0.5,LBQCD-D09-overlap-K8,control-overlap,missing,LBQCD-D09-overlap-K8/missing,1,examples,1024,0.6,40,40,0.10582939999585506,400,51200,26624,26624,524288,491520.0,0,0,0,"{""0.2"": 0, ""0.5"": 0, ""1.0"": 0, ""2.0"": 0, ""4.0"": 0}",0.14374707959309974,0.4569094231993021,1.0,0.4140625,40,1,0
rsr-M1024-f0.60-e,rsr,0.5,LBQCD-D09-overlap-K8,control-overlap,missing,LBQCD-D09-overlap-K8/missing,2,examples,1024,0.6,40,40,0.12460870000359137,400,51200,26624,26624,524288,491520.0,0,0,0,"{""0.2"": 0, ""0.5"": 0, ""1.0"": 0, ""2.0"": 0, ""4.0"": 0}",0.15116155170542234,0.45837121768693817,1.0,0.48046875,40,1,0
rsr-M1024-f0.60-u,rsr,0.5,LBQCD-D09-overlap-K8,control-overlap,missing,LBQCD-D09-overlap-K8/missing,0,update,1024,0.6,400,400,1.0273684999992838,4000,512000,266240,266240,5242880,4915200.0,0,0,0,"{""0.2"": 0, ""0.5"": 0, ""1.0"": 0, ""2.0"": 0, ""4.0"": 0}",0.004770953874378092,0.03594378978411257,1.0,0.091796875,50,0,0
rsr-M1024-f0.60-u,rsr,0.5,LBQCD-D09-overlap-K8,control-overlap,missing,LBQCD-D09-overlap-K8/missing,1,update,1024,0.6,400,400,1.0547381000069436,4000,512000,266240,266240,5242880,4915200.0,0,0,0,"{""0.2"": 0, ""0.5"": 0, ""1.0"": 0, ""2.0"": 0, ""4.0"": 0}",0.002817098995837597,0.044270718882385256,1.0,0.08203125,50,0,0
rsr-M1024-f0.60-u,rsr,0.5,LBQCD-D09-overlap-K8,control-overlap,missing,LBQCD-D09-overlap-K8/missing,2,update,1024,0.6,400,400,1.2010271999897668,4000,512000,266240,266240,5242880,4915200.0,0,0,0,"{""0.2"": 0, ""0.5"": 0, ""1.0"": 0, ""2.0"": 0, ""4.0"": 0}",0.002459870481621218,0.054658795584072085,1.0,0.08984375,50,0,0
rsr-M1024-f0.80-e,rsr,0.5,LBQCD-D09-overlap-K8,control-overlap,missing,LBQCD-D09-overlap-K8/missing,0,examples,1024,0.8,31,31,0.10310439999739174,406,51968,26368,26368,196608,512000.0,0,0,0,"{""0.2"": 0, ""0.5"": 0, ""1.0"": 0, ""2.0"": 0, ""4.0"": 0}",0.23725542913797004,0.6077158222945578,1.0,0.5703125,31,1,0
rsr-M1024-f0.80-e,rsr,0.5,LBQCD-D09-overlap-K8,control-overlap,missing,LBQCD-D09-overlap-K8/missing,1,examples,1024,0.8,31,31,0.08431900000141468,406,51968,26368,26368,196608,512000.0,0,0,0,"{""0.2"": 0, ""0.5"": 0, ""1.0"": 0, ""2.0"": 0, ""4.0"": 0}",0.2066756169999533,0.5550051843677161,1.0,0.4814453125,31,1,0
rsr-M1024-f0.80-e,rsr,0.5,LBQCD-D09-overlap-K8,control-overlap,missing,LBQCD-D09-overlap-K8/missing,2,examples,1024,0.8,31,31,0.13161029999901075,406,51968,26368,26368,196608,512000.0,0,0,0,"{""0.2"": 0, ""0.5"": 0, ""1.0"": 0, ""2.0"": 0, ""4.0"": 0}",0.24953484574489893,0.5876283492269412,1.0,0.587890625,31,1,0
rsr-M1024-f0.80-u,rsr,0.5,LBQCD-D09-overlap-K8,control-overlap,missing,LBQCD-D09-overlap-K8/missing,0,update,1024,0.8,400,400,1.2311275999963982,5200,665600,337920,337920,2621440,6553600.0,0,0,0,"{""0.2"": 0, ""0.5"": 0, ""1.0"": 0, ""2.0"": 0, ""4.0"": 0}",0.002402678096603994,0.03292282586641645,1.0,0.1025390625,50,0,0
rsr-M1024-f0.80-u,rsr,0.5,LBQCD-D09-overlap-K8,control-overlap,missing,LBQCD-D09-overlap-K8/missing,1,update,1024,0.8,400,400,1.2701374999887776,5200,665600,337920,337920,2621440,6553600.0,0,0,0,"{""0.2"": 0, ""0.5"": 0, ""1.0"": 0, ""2.0"": 0, ""4.0"": 0}",0.002118628623544838,0.02709531360455602,1.0,0.0908203125,50,0,0
rsr-M1024-f0.80-u,rsr,0.5,LBQCD-D09-overlap-K8,control-overlap,missing,LBQCD-D09-overlap-K8/missing,2,update,1024,0.8,400,400,1.2457889000070281,5200,665600,337920,337920,2621440,6553600.0,0,0,0,"{""0.2"": 0, ""0.5"": 0, ""1.0"": 0, ""2.0"": 0, ""4.0"": 0}",0.002731112682755943,0.041735057339612976,1.0,0.0615234375,50,0,0
rsr-M512-f0.60-e,rsr,0.5,LBQCD-D09-overlap-K8,control-overlap,missing,LBQCD-D09-overlap-K8/missing,0,examples,512,0.6,77,77,0.15251709999574814,399,51072,27520,27520,1015808,423936.0,0,0,0,"{""0.2"": 0, ""0.5"": 0, ""1.0"": 0, ""2.0"": 0, ""4.0"": 0}",0.023994909475274606,0.11899897778696897,1.0,0.177734375,50,0,0
rsr-M512-f0.60-e,rsr,0.5,LBQCD-D09-overlap-K8,control-overlap,missing,LBQCD-D09-overlap-K8/missing,1,examples,512,0.6,77,77,0.11141029999998864,399,51072,27520,27520,1015808,423936.0,0,0,0,"{""0.2"": 0, ""0.5"": 0, ""1.0"": 0, ""2.0"": 0, ""4.0"": 0}",0.018672382935282505,0.11850997584551722,1.0,0.203125,50,0,0
rsr-M512-f0.60-e,rsr,0.5,LBQCD-D09-overlap-K8,control-overlap,missing,LBQCD-D09-overlap-K8/missing,2,examples,512,0.6,77,77,0.11976960000174586,399,51072,27520,27520,1015808,423936.0,0,0,0,"{""0.2"": 0, ""0.5"": 0, ""1.0"": 0, ""2.0"": 0, ""4.0"": 0}",0.018500581424545914,0.11751757763958036,1.0,0.142578125,50,0,0
rsr-M512-f0.60-u,rsr,0.5,LBQCD-D09-overlap-K8,control-overlap,missing,LBQCD-D09-overlap-K8/missing,0,update,512,0.6,400,400,0.6726603999995859,2080,266240,143360,143360,5242880,2211840.0,0,0,0,"{""0.2"": 0, ""0.5"": 0, ""1.0"": 0, ""2.0"": 0, ""4.0"": 0}",0.0009458097487262673,0.0266980910764467,1.0,0.0576171875,50,0,0
rsr-M512-f0.60-u,rsr,0.5,LBQCD-D09-overlap-K8,control-overlap,missing,LBQCD-D09-overlap-K8/missing,1,update,512,0.6,400,400,0.7477190000063274,2080,266240,143360,143360,5242880,2211840.0,0,0,0,"{""0.2"": 0, ""0.5"": 0, ""1.0"": 0, ""2.0"": 0, ""4.0"": 0}",0.009859549878690532,0.05312284292746661,1.0,0.08203125,50,0,0
rsr-M512-f0.60-u,rsr,0.5,LBQCD-D09-overlap-K8,control-overlap,missing,LBQCD-D09-overlap-K8/missing,2,update,512,0.6,400,400,0.6584882000024663,2080,266240,143360,143360,5242880,2211840.0,0,0,0,"{""0.2"": 0, ""0.5"": 0, ""1.0"": 0, ""2.0"": 0, ""4.0"": 0}",0.003576966292027528,0.049318082921131656,1.0,0.1220703125,50,0,0
rsr-M512-f0.80-e,rsr,0.5,LBQCD-D09-overlap-K8,control-overlap,missing,LBQCD-D09-overlap-K8/missing,0,examples,512,0.8,61,61,0.0931818000099156,404,51712,26624,26624,393216,451584.0,0,0,0,"{""0.2"": 0, ""0.5"": 0, ""1.0"": 0, ""2.0"": 0, ""4.0"": 0}",0.06628008391339557,0.22889698585114873,1.0,0.2841796875,50,0,0
rsr-M512-f0.80-e,rsr,0.5,LBQCD-D09-overlap-K8,control-overlap,missing,LBQCD-D09-overlap-K8/missing,1,examples,512,0.8,61,61,0.09647720000066329,404,51712,26624,26624,393216,451584.0,0,0,0,"{""0.2"": 0, ""0.5"": 0, ""1.0"": 0, ""2.0"": 0, ""4.0"": 0}",0.046868439388330074,0.20114568529542243,1.0,0.298828125,50,0,0
rsr-M512-f0.80-e,rsr,0.5,LBQCD-D09-overlap-K8,control-overlap,missing,LBQCD-D09-overlap-K8/missing,2,examples,512,0.8,61,61,0.0900753000023542,404,51712,26624,26624,393216,451584.0,0,0,0,"{""0.2"": 0, ""0.5"": 0, ""1.0"": 0, ""2.0"": 0, ""4.0"": 0}",0.07151197191293146,0.25896191534448465,1.0,0.279296875,50,0,0
rsr-M512-f0.80-u,rsr,0.5,LBQCD-D09-overlap-K8,control-overlap,missing,LBQCD-D09-overlap-K8/missing,0,update,512,0.8,400,400,0.6698223999992479,2640,337920,174080,174080,2621440,2949120.0,0,0,0,"{""0.2"": 0, ""0.5"": 0, ""1.0"": 0, ""2.0"": 0, ""4.0"": 0}",0.001168273301287437,0.022737993634500926,1.0,0.0458984375,50,0,0
rsr-M512-f0.80-u,rsr,0.5,LBQCD-D09-overlap-K8,control-overlap,missing,LBQCD-D09-overlap-K8/missing,1,update,512,0.8,400,400,0.7273340999963693,2640,337920,174080,174080,2621440,2949120.0,0,0,0,"{""0.2"": 0, ""0.5"": 0, ""1.0"": 0, ""2.0"": 0, ""4.0"": 0}",0.006169253912169492,0.0378071426280298,1.0,0.08203125,50,0,0
rsr-M512-f0.80-u,rsr,0.5,LBQCD-D09-overlap-K8,control-overlap,missing,LBQCD-D09-overlap-K8/missing,2,update,512,0.8,400,400,0.7306496999954106,2640,337920,174080,174080,2621440,2949120.0,0,0,0,"{""0.2"": 0, ""0.5"": 0, ""1.0"": 0, ""2.0"": 0, ""4.0"": 0}",0.0016939494844775416,0.038360379664235764,1.0,0.0927734375,50,0,0
paper-0.2,paper,0.2,LBQCD-D10-contaminated,control-contaminated,concentrated,LBQCD-D10-contaminated/concentrated,0,update,0,0.0,400,400,0.6698858000017935,400,51200,51200,51200,13107200,0.0,0,0,0,"{""0.2"": 0, ""0.5"": 0, ""1.0"": 0, ""2.0"": 0, ""4.0"": 0}",0.014819581304089002,0.16185613619788045,0.9800000000000001,0.08828124999999996,50,0,0
paper-0.2,paper,0.2,LBQCD-D10-contaminated,control-contaminated,concentrated,LBQCD-D10-contaminated/concentrated,1,update,0,0.0,400,400,0.6463931999896886,400,51200,51200,51200,13107200,0.0,0,0,0,"{""0.2"": 0, ""0.5"": 0, ""1.0"": 0, ""2.0"": 0, ""4.0"": 0}",0.013803136371892233,0.18939740705824556,0.9800000000000001,0.09750000000000002,50,0,0
paper-0.2,paper,0.2,LBQCD-D10-contaminated,control-contaminated,concentrated,LBQCD-D10-contaminated/concentrated,2,update,0,0.0,400,400,0.5708891999965999,400,51200,51200,51200,13107200,0.0,0,0,0,"{""0.2"": 0, ""0.5"": 0, ""1.0"": 0, ""2.0"": 0, ""4.0"": 0}",0.012323749729467703,0.18090363329030093,0.9800000000000001,0.07976562499999994,50,0,0
paper-0.5,paper,0.5,LBQCD-D10-contaminated,control-contaminated,concentrated,LBQCD-D10-contaminated/concentrated,0,update,0,0.0,400,400,0.5866292999999132,400,51200,51200,51200,13107200,0.0,0,0,0,"{""0.2"": 0, ""0.5"": 0, ""1.0"": 0, ""2.0"": 0, ""4.0"": 0}",0.01516210815581509,0.16867722137402985,0.9800000000000001,0.12023437499999999,50,0,0
paper-0.5,paper,0.5,LBQCD-D10-contaminated,control-contaminated,concentrated,LBQCD-D10-contaminated/concentrated,1,update,0,0.0,400,400,0.6364733999944292,400,51200,51200,51200,13107200,0.0,0,0,0,"{""0.2"": 0, ""0.5"": 0, ""1.0"": 0, ""2.0"": 0, ""4.0"": 0}",0.012504889958837806,0.2011371603863197,0.9800000000000001,0.10488281249999996,50,0,0
paper-0.5,paper,0.5,LBQCD-D10-contaminated,control-contaminated,concentrated,LBQCD-D10-contaminated/concentrated,2,update,0,0.0,400,400,0.787495199998375,400,51200,51200,51200,13107200,0.0,0,0,0,"{""0.2"": 0, ""0.5"": 0, ""1.0"": 0, ""2.0"": 0, ""4.0"": 0}",0.011964559768321559,0.18127328682271684,0.9800000000000001,0.08410156249999999,50,0,0
paper-1,paper,1.0,LBQCD-D10-contaminated,control-contaminated,concentrated,LBQCD-D10-contaminated/concentrated,0,update,0,0.0,400,400,0.7411513000115519,400,51200,51200,51200,13107200,0.0,0,0,0,"{""0.2"": 0, ""0.5"": 0, ""1.0"": 0, ""2.0"": 0, ""4.0"": 0}",0.016488857895635256,0.1742359279583623,0.9800000000000001,0.11046874999999999,50,0,0
paper-1,paper,1.0,LBQCD-D10-contaminated,control-contaminated,concentrated,LBQCD-D10-contaminated/concentrated,1,update,0,0.0,400,400,0.5009235000034096,400,51200,51200,51200,13107200,0.0,0,0,0,"{""0.2"": 0, ""0.5"": 0, ""1.0"": 0, ""2.0"": 0, ""4.0"": 0}",0.012616314600365275,0.20091998870014124,0.9800000000000001,0.12316406249999999,100,0,0
paper-1,paper,1.0,LBQCD-D10-contaminated,control-contaminated,concentrated,LBQCD-D10-contaminated/concentrated,2,update,0,0.0,400,400,0.7638769999903161,400,51200,51200,51200,13107200,0.0,0,0,0,"{""0.2"": 0, ""0.5"": 0, ""1.0"": 0, ""2.0"": 0, ""4.0"": 0}",0.010641642354891623,0.18199559790200298,0.9800000000000001,0.1251171875,100,0,0
paper-2,paper,2.0,LBQCD-D10-contaminated,control-contaminated,concentrated,LBQCD-D10-contaminated/concentrated,0,update,0,0.0,400,400,0.7110129999928176,400,51200,51200,51200,13107200,0.0,0,0,0,"{""0.2"": 0, ""0.5"": 0, ""1.0"": 0, ""2.0"": 0, ""4.0"": 0}",0.016631728866537188,0.17484645781509375,0.9800000000000001,0.11171874999999996,50,0,0
paper-2,paper,2.0,LBQCD-D10-contaminated,control-contaminated,concentrated,LBQCD-D10-contaminated/concentrated,1,update,0,0.0,400,400,0.7240273999923375,400,51200,51200,51200,13107200,0.0,0,0,0,"{""0.2"": 0, ""0.5"": 0, ""1.0"": 0, ""2.0"": 0, ""4.0"": 0}",0.013999218363816457,0.2009682485182469,0.9800000000000001,0.1329296875,100,0,0
paper-2,paper,2.0,LBQCD-D10-contaminated,control-contaminated,concentrated,LBQCD-D10-contaminated/concentrated,2,update,0,0.0,400,400,0.7346143999893684,400,51200,51200,51200,13107200,0.0,0,0,0,"{""0.2"": 0, ""0.5"": 0, ""1.0"": 0, ""2.0"": 0, ""4.0"": 0}",0.009582746440529366,0.18729564552502698,0.9800000000000001,0.155390625,100,0,0
paper-4,paper,4.0,LBQCD-D10-contaminated,control-contaminated,concentrated,LBQCD-D10-contaminated/concentrated,0,update,0,0.0,400,400,0.5818163000076311,400,51200,51200,51200,13107200,0.0,0,0,0,"{""0.2"": 0, ""0.5"": 0, ""1.0"": 0, ""2.0"": 0, ""4.0"": 0}",0.019277608021956993,0.18438002469801887,0.9800000000000001,0.11925781249999999,50,0,0
paper-4,paper,4.0,LBQCD-D10-contaminated,control-contaminated,concentrated,LBQCD-D10-contaminated/concentrated,1,update,0,0.0,400,400,0.7362124999926891,400,51200,51200,51200,13107200,0.0,0,0,0,"{""0.2"": 0, ""0.5"": 0, ""1.0"": 0, ""2.0"": 0, ""4.0"": 0}",0.018371092914952314,0.1994823783920629,0.9800000000000001,0.1505078125,150,0,0
paper-4,paper,4.0,LBQCD-D10-contaminated,control-contaminated,concentrated,LBQCD-D10-contaminated/concentrated,2,update,0,0.0,400,400,0.7251996000122745,400,51200,51200,51200,13107200,0.0,0,0,0,"{""0.2"": 0, ""0.5"": 0, ""1.0"": 0, ""2.0"": 0, ""4.0"": 0}",0.00857109409670409,0.18573480586025046,0.9800000000000001,0.14046875000000003,100,0,0
qld-v1,qld,0.5,LBQCD-D10-contaminated,control-contaminated,concentrated,LBQCD-D10-contaminated/concentrated,0,update,0,0.7,400,400,0.24096039999858476,400,51200,51200,51200,3932160,501760.0,0,0,0,"{""0.2"": 0, ""0.5"": 0, ""1.0"": 0, ""2.0"": 0, ""4.0"": 0}",0.01290574501348285,0.16048156207140993,0.9800000000000001,0.08996093749999999,50,0,0
qld-v1,qld,0.5,LBQCD-D10-contaminated,control-contaminated,concentrated,LBQCD-D10-contaminated/concentrated,1,update,0,0.7,400,400,0.31713190001028124,400,51200,51200,51200,3932160,501760.0,0,0,0,"{""0.2"": 0, ""0.5"": 0, ""1.0"": 0, ""2.0"": 0, ""4.0"": 0}",0.01315324857821265,0.20028033341793625,0.9800000000000001,0.1534375,50,0,0
qld-v1,qld,0.5,LBQCD-D10-contaminated,control-contaminated,concentrated,LBQCD-D10-contaminated/concentrated,2,update,0,0.7,400,400,0.3343574000027729,400,51200,51200,51200,3932160,501760.0,0,0,0,"{""0.2"": 0, ""0.5"": 0, ""1.0"": 0, ""2.0"": 0, ""4.0"": 0}",0.019194983761382955,0.19374716087076993,0.9800000000000001,0.07308593750000002,50,0,0
rsr-M1024-f0.60-e,rsr,0.5,LBQCD-D10-contaminated,control-contaminated,concentrated,LBQCD-D10-contaminated/concentrated,0,examples,1024,0.6,40,40,0.1173315000050934,400,51200,26624,26624,524288,491520.0,0,0,0,"{""0.2"": 0, ""0.5"": 0, ""1.0"": 0, ""2.0"": 0, ""4.0"": 0}",0.07991329450089846,0.4028288546866012,0.9800000000000001,0.43121093750000006,40,1,0
rsr-M1024-f0.60-e,rsr,0.5,LBQCD-D10-contaminated,control-contaminated,concentrated,LBQCD-D10-contaminated/concentrated,1,examples,1024,0.6,40,40,0.1370325000025332,400,51200,26624,26624,524288,491520.0,0,0,0,"{""0.2"": 0, ""0.5"": 0, ""1.0"": 0, ""2.0"": 0, ""4.0"": 0}",0.039198703935503065,0.3459222053690472,0.9800000000000001,0.33550781250000006,40,1,0
rsr-M1024-f0.60-e,rsr,0.5,LBQCD-D10-contaminated,control-contaminated,concentrated,LBQCD-D10-contaminated/concentrated,2,examples,1024,0.6,40,40,0.12206830001377966,400,51200,26624,26624,524288,491520.0,0,0,0,"{""0.2"": 0, ""0.5"": 0, ""1.0"": 0, ""2.0"": 0, ""4.0"": 0}",0.06407172554276164,0.42902754795546544,0.9800000000000001,0.49859375000000006,40,1,0
rsr-M1024-f0.60-u,rsr,0.5,LBQCD-D10-contaminated,control-contaminated,concentrated,LBQCD-D10-contaminated/concentrated,0,update,1024,0.6,400,400,1.1271789000020362,4000,512000,266240,266240,5242880,4915200.0,0,0,0,"{""0.2"": 0, ""0.5"": 0, ""1.0"": 0, ""2.0"": 0, ""4.0"": 0}",0.012072197898937098,0.1608677160217187,0.9800000000000001,0.06652343749999999,50,0,0
rsr-M1024-f0.60-u,rsr,0.5,LBQCD-D10-contaminated,control-contaminated,concentrated,LBQCD-D10-contaminated/concentrated,1,update,1024,0.6,400,400,1.1973375999950804,4000,512000,266240,266240,5242880,4915200.0,0,0,0,"{""0.2"": 0, ""0.5"": 0, ""1.0"": 0, ""2.0"": 0, ""4.0"": 0}",0.01347942838554883,0.20102225820642677,0.9800000000000001,0.12875,50,0,0
rsr-M1024-f0.60-u,rsr,0.5,LBQCD-D10-contaminated,control-contaminated,concentrated,LBQCD-D10-contaminated/concentrated,2,update,1024,0.6,400,400,0.968538900007843,4000,512000,266240,266240,5242880,4915200.0,0,0,0,"{""0.2"": 0, ""0.5"": 0, ""1.0"": 0, ""2.0"": 0, ""4.0"": 0}",0.02063538805884524,0.19546091868087553,0.9800000000000001,0.10531250000000002,50,0,0
rsr-M1024-f0.80-e,rsr,0.5,LBQCD-D10-contaminated,control-contaminated,concentrated,LBQCD-D10-contaminated/concentrated,0,examples,1024,0.8,31,31,0.076610799995251,406,51968,26368,26368,196608,512000.0,0,0,0,"{""0.2"": 0, ""0.5"": 0, ""1.0"": 0, ""2.0"": 0, ""4.0"": 0}",0.04520493107205792,0.28515010804086144,0.9800000000000001,0.3067578125,31,1,0
rsr-M1024-f0.80-e,rsr,0.5,LBQCD-D10-contaminated,control-contaminated,concentrated,LBQCD-D10-contaminated/concentrated,1,examples,1024,0.8,31,31,0.0921368999988772,406,51968,26368,26368,196608,512000.0,0,0,0,"{""0.2"": 0, ""0.5"": 0, ""1.0"": 0, ""2.0"": 0, ""4.0"": 0}",0.016571037008645373,0.21211474902013294,0.9800000000000001,0.178828125,31,1,0
rsr-M1024-f0.80-e,rsr,0.5,LBQCD-D10-contaminated,control-contaminated,concentrated,LBQCD-D10-contaminated/concentrated,2,examples,1024,0.8,31,31,0.09156950000033248,406,51968,26368,26368,196608,512000.0,0,0,0,"{""0.2"": 0, ""0.5"": 0, ""1.0"": 0, ""2.0"": 0, ""4.0"": 0}",0.034828063883844074,0.31771957302065057,0.9800000000000001,0.34554687500000003,31,1,0
rsr-M1024-f0.80-u,rsr,0.5,LBQCD-D10-contaminated,control-contaminated,concentrated,LBQCD-D10-contaminated/concentrated,0,update,1024,0.8,400,400,1.2390722000127425,5200,665600,337920,337920,2621440,6553600.0,0,0,0,"{""0.2"": 0, ""0.5"": 0, ""1.0"": 0, ""2.0"": 0, ""4.0"": 0}",0.01285568565531392,0.16739259651787192,0.9800000000000001,0.08898437499999999,50,0,0
rsr-M1024-f0.80-u,rsr,0.5,LBQCD-D10-contaminated,control-contaminated,concentrated,LBQCD-D10-contaminated/concentrated,1,update,1024,0.8,400,400,1.17436479999742,5200,665600,337920,337920,2621440,6553600.0,0,0,0,"{""0.2"": 0, ""0.5"": 0, ""1.0"": 0, ""2.0"": 0, ""4.0"": 0}",0.016338620276172833,0.22117839209890633,0.9800000000000001,0.13656250000000003,50,0,0
rsr-M1024-f0.80-u,rsr,0.5,LBQCD-D10-contaminated,control-contaminated,concentrated,LBQCD-D10-contaminated/concentrated,2,update,1024,0.8,400,400,1.2630534999916563,5200,665600,337920,337920,2621440,6553600.0,0,0,0,"{""0.2"": 0, ""0.5"": 0, ""1.0"": 0, ""2.0"": 0, ""4.0"": 0}",0.020729931210272,0.18996054584346478,0.9800000000000001,0.11214843750000002,50,0,0
rsr-M512-f0.60-e,rsr,0.5,LBQCD-D10-contaminated,control-contaminated,concentrated,LBQCD-D10-contaminated/concentrated,0,examples,512,0.6,77,77,0.13366380000661593,399,51072,27520,27520,1015808,423936.0,0,0,0,"{""0.2"": 0, ""0.5"": 0, ""1.0"": 0, ""2.0"": 0, ""4.0"": 0}",0.02003294529303523,0.19495902525902153,0.9800000000000001,0.14953125,50,0,0
rsr-M512-f0.60-e,rsr,0.5,LBQCD-D10-contaminated,control-contaminated,concentrated,LBQCD-D10-contaminated/concentrated,1,examples,512,0.6,77,77,0.12133050001284573,399,51072,27520,27520,1015808,423936.0,0,0,0,"{""0.2"": 0, ""0.5"": 0, ""1.0"": 0, ""2.0"": 0, ""4.0"": 0}",0.01698008716908883,0.20192288923161558,0.9800000000000001,0.08171874999999994,50,0,0
rsr-M512-f0.60-e,rsr,0.5,LBQCD-D10-contaminated,control-contaminated,concentrated,LBQCD-D10-contaminated/concentrated,2,examples,512,0.6,77,77,0.17228959999920335,399,51072,27520,27520,1015808,423936.0,0,0,0,"{""0.2"": 0, ""0.5"": 0, ""1.0"": 0, ""2.0"": 0, ""4.0"": 0}",0.014477206403029852,0.20078213443479864,0.9800000000000001,0.11925781249999999,50,0,0
rsr-M512-f0.60-u,rsr,0.5,LBQCD-D10-contaminated,control-contaminated,concentrated,LBQCD-D10-contaminated/concentrated,0,update,512,0.6,400,400,0.7426783999981126,2080,266240,143360,143360,5242880,2211840.0,0,0,0,"{""0.2"": 0, ""0.5"": 0, ""1.0"": 0, ""2.0"": 0, ""4.0"": 0}",0.013437626182380535,0.1628367570413534,0.9800000000000001,0.07433593749999999,50,0,0
rsr-M512-f0.60-u,rsr,0.5,LBQCD-D10-contaminated,control-contaminated,concentrated,LBQCD-D10-contaminated/concentrated,1,update,512,0.6,400,400,0.6302715999918291,2080,266240,143360,143360,5242880,2211840.0,0,0,0,"{""0.2"": 0, ""0.5"": 0, ""1.0"": 0, ""2.0"": 0, ""4.0"": 0}",0.01508578646203107,0.20303870350704117,0.9800000000000001,0.08214843749999999,50,0,0
rsr-M512-f0.60-u,rsr,0.5,LBQCD-D10-contaminated,control-contaminated,concentrated,LBQCD-D10-contaminated/concentrated,2,update,512,0.6,400,400,0.7060912000015378,2080,266240,143360,143360,5242880,2211840.0,0,0,0,"{""0.2"": 0, ""0.5"": 0, ""1.0"": 0, ""2.0"": 0, ""4.0"": 0}",0.018561665937359306,0.1948559757891792,0.9800000000000001,0.10292968749999996,50,0,0
rsr-M512-f0.80-e,rsr,0.5,LBQCD-D10-contaminated,control-contaminated,concentrated,LBQCD-D10-contaminated/concentrated,0,examples,512,0.8,61,61,0.09010999999009073,404,51712,26624,26624,393216,451584.0,0,0,0,"{""0.2"": 0, ""0.5"": 0, ""1.0"": 0, ""2.0"": 0, ""4.0"": 0}",0.020413424305405048,0.19547992897817493,0.9800000000000001,0.1505078125,50,0,0
rsr-M512-f0.80-e,rsr,0.5,LBQCD-D10-contaminated,control-contaminated,concentrated,LBQCD-D10-contaminated/concentrated,1,examples,512,0.8,61,61,0.15730489999987185,404,51712,26624,26624,393216,451584.0,0,0,0,"{""0.2"": 0, ""0.5"": 0, ""1.0"": 0, ""2.0"": 0, ""4.0"": 0}",0.01584312305469915,0.20095766021899564,0.9800000000000001,0.09386718749999999,50,0,0
rsr-M512-f0.80-e,rsr,0.5,LBQCD-D10-contaminated,control-contaminated,concentrated,LBQCD-D10-contaminated/concentrated,2,examples,512,0.8,61,61,0.10579700001107994,404,51712,26624,26624,393216,451584.0,0,0,0,"{""0.2"": 0, ""0.5"": 0, ""1.0"": 0, ""2.0"": 0, ""4.0"": 0}",0.013213588551490574,0.2033352299719859,0.9800000000000001,0.139765625,50,0,0
rsr-M512-f0.80-u,rsr,0.5,LBQCD-D10-contaminated,control-contaminated,concentrated,LBQCD-D10-contaminated/concentrated,0,update,512,0.8,400,400,0.7390459000016563,2640,337920,174080,174080,2621440,2949120.0,0,0,0,"{""0.2"": 0, ""0.5"": 0, ""1.0"": 0, ""2.0"": 0, ""4.0"": 0}",0.012647689144737573,0.16733097486347073,0.9800000000000001,0.12023437499999999,50,0,0
rsr-M512-f0.80-u,rsr,0.5,LBQCD-D10-contaminated,control-contaminated,concentrated,LBQCD-D10-contaminated/concentrated,1,update,512,0.8,400,400,0.7987501999887172,2640,337920,174080,174080,2621440,2949120.0,0,0,0,"{""0.2"": 0, ""0.5"": 0, ""1.0"": 0, ""2.0"": 0, ""4.0"": 0}",0.015248793831915908,0.19640653817771553,0.9800000000000001,0.09777343749999999,50,0,0
rsr-M512-f0.80-u,rsr,0.5,LBQCD-D10-contaminated,control-contaminated,concentrated,LBQCD-D10-contaminated/concentrated,2,update,512,0.8,400,400,0.7323975999897812,2640,337920,174080,174080,2621440,2949120.0,0,0,0,"{""0.2"": 0, ""0.5"": 0, ""1.0"": 0, ""2.0"": 0, ""4.0"": 0}",0.019100960232018904,0.197272220554194,0.9800000000000001,0.11703125000000002,50,0,0
paper-0.2,paper,0.2,LBQCD-D10-contaminated,control-contaminated,missing,LBQCD-D10-contaminated/missing,0,update,0,0.0,400,400,0.8510517000104301,400,51200,51200,51200,13107200,0.0,0,0,0,"{""0.2"": 0, ""0.5"": 0, ""1.0"": 0, ""2.0"": 0, ""4.0"": 0}",0.018975892637731473,0.16119744433806568,0.9800000000000001,0.10265624999999999,50,0,0
paper-0.2,paper,0.2,LBQCD-D10-contaminated,control-contaminated,missing,LBQCD-D10-contaminated/missing,1,update,0,0.0,400,400,0.4922965000005206,400,51200,51200,51200,13107200,0.0,0,0,0,"{""0.2"": 0, ""0.5"": 0, ""1.0"": 0, ""2.0"": 0, ""4.0"": 0}",0.015947970908869902,0.1925754515970362,0.9800000000000001,0.11214843750000002,50,0,0
paper-0.2,paper,0.2,LBQCD-D10-contaminated,control-contaminated,missing,LBQCD-D10-contaminated/missing,2,update,0,0.0,400,400,0.7900694999989355,400,51200,51200,51200,13107200,0.0,0,0,0,"{""0.2"": 0, ""0.5"": 0, ""1.0"": 0, ""2.0"": 0, ""4.0"": 0}",0.009928117264507819,0.1564209024339968,0.9800000000000001,0.06039062500000002,50,0,0
paper-0.5,paper,0.5,LBQCD-D10-contaminated,control-contaminated,missing,LBQCD-D10-contaminated/missing,0,update,0,0.0,400,400,0.7248833000048762,400,51200,51200,51200,13107200,0.0,0,0,0,"{""0.2"": 0, ""0.5"": 0, ""1.0"": 0, ""2.0"": 0, ""4.0"": 0}",0.015695555398877126,0.16846785570799058,0.9800000000000001,0.14242187500000003,50,0,0
paper-0.5,paper,0.5,LBQCD-D10-contaminated,control-contaminated,missing,LBQCD-D10-contaminated/missing,1,update,0,0.0,400,400,0.5894711000000825,400,51200,51200,51200,13107200,0.0,0,0,0,"{""0.2"": 0, ""0.5"": 0, ""1.0"": 0, ""2.0"": 0, ""4.0"": 0}",0.025651164566943274,0.15959988878275047,0.9800000000000001,0.09484374999999999,100,0,0
paper-0.5,paper,0.5,LBQCD-D10-contaminated,control-contaminated,missing,LBQCD-D10-contaminated/missing,2,update,0,0.0,400,400,0.435281699988991,400,51200,51200,51200,13107200,0.0,0,0,0,"{""0.2"": 0, ""0.5"": 0, ""1.0"": 0, ""2.0"": 0, ""4.0"": 0}",0.011360074178859758,0.16778880742165087,0.9800000000000001,0.10042968750000002,50,0,0
paper-1,paper,1.0,LBQCD-D10-contaminated,control-contaminated,missing,LBQCD-D10-contaminated/missing,0,update,0,0.0,400,400,0.8700339000060922,400,51200,51200,51200,13107200,0.0,0,0,0,"{""0.2"": 0, ""0.5"": 0, ""1.0"": 0, ""2.0"": 0, ""4.0"": 0}",0.02634071105334579,0.17189612997203374,0.9800000000000001,0.12023437499999999,50,0,0
paper-1,paper,1.0,LBQCD-D10-contaminated,control-contaminated,missing,LBQCD-D10-contaminated/missing,1,update,0,0.0,400,400,0.6208665000012843,400,51200,51200,51200,13107200,0.0,0,0,0,"{""0.2"": 0, ""0.5"": 0, ""1.0"": 0, ""2.0"": 0, ""4.0"": 0}",0.02220511193864705,0.15368139505172457,0.9800000000000001,0.09804687499999996,150,0,0
paper-1,paper,1.0,LBQCD-D10-contaminated,control-contaminated,missing,LBQCD-D10-contaminated/missing,2,update,0,0.0,400,400,0.6718570999946678,400,51200,51200,51200,13107200,0.0,0,0,0,"{""0.2"": 0, ""0.5"": 0, ""1.0"": 0, ""2.0"": 0, ""4.0"": 0}",0.010770154877588256,0.1803602613025023,0.9800000000000001,0.11410156250000002,100,0,0
paper-2,paper,2.0,LBQCD-D10-contaminated,control-contaminated,missing,LBQCD-D10-contaminated/missing,0,update,0,0.0,400,400,0.5476874000014504,400,51200,51200,51200,13107200,0.0,0,0,0,"{""0.2"": 0, ""0.5"": 0, ""1.0"": 0, ""2.0"": 0, ""4.0"": 0}",0.033619301921862466,0.18797541061635656,0.9800000000000001,0.11019531250000002,50,0,0
paper-2,paper,2.0,LBQCD-D10-contaminated,control-contaminated,missing,LBQCD-D10-contaminated/missing,1,update,0,0.0,400,400,0.4848002000071574,400,51200,51200,51200,13107200,0.0,0,0,0,"{""0.2"": 0, ""0.5"": 0, ""1.0"": 0, ""2.0"": 0, ""4.0"": 0}",0.023952365858892488,0.1631711479449959,0.9800000000000001,0.11730468749999999,150,0,0
paper-2,paper,2.0,LBQCD-D10-contaminated,control-contaminated,missing,LBQCD-D10-contaminated/missing,2,update,0,0.0,400,400,0.6320596000005025,400,51200,51200,51200,13107200,0.0,0,0,0,"{""0.2"": 0, ""0.5"": 0, ""1.0"": 0, ""2.0"": 0, ""4.0"": 0}",0.015613762539980813,0.2332274714181873,0.9800000000000001,0.15386718750000006,100,0,0
paper-4,paper,4.0,LBQCD-D10-contaminated,control-contaminated,missing,LBQCD-D10-contaminated/missing,0,update,0,0.0,400,400,0.6586363999958849,400,51200,51200,51200,13107200,0.0,0,0,0,"{""0.2"": 0, ""0.5"": 0, ""1.0"": 0, ""2.0"": 0, ""4.0"": 0}",0.041068603898498424,0.20828871164952806,0.9800000000000001,0.1387890625,50,0,0
paper-4,paper,4.0,LBQCD-D10-contaminated,control-contaminated,missing,LBQCD-D10-contaminated/missing,1,update,0,0.0,400,400,0.7834442000021227,400,51200,51200,51200,13107200,0.0,0,0,0,"{""0.2"": 0, ""0.5"": 0, ""1.0"": 0, ""2.0"": 0, ""4.0"": 0}",0.018611094336893785,0.1868783202455594,0.9800000000000001,0.13027343749999998,100,0,0
paper-4,paper,4.0,LBQCD-D10-contaminated,control-contaminated,missing,LBQCD-D10-contaminated/missing,2,update,0,0.0,400,400,0.6226664999994682,400,51200,51200,51200,13107200,0.0,0,0,0,"{""0.2"": 0, ""0.5"": 0, ""1.0"": 0, ""2.0"": 0, ""4.0"": 0}",0.02793398659050106,0.2502037488322017,0.9800000000000001,0.23910156250000003,100,0,0
qld-v1,qld,0.5,LBQCD-D10-contaminated,control-contaminated,missing,LBQCD-D10-contaminated/missing,0,update,0,0.7,400,400,0.2930685000028461,400,51200,51200,51200,3932160,501760.0,0,0,0,"{""0.2"": 0, ""0.5"": 0, ""1.0"": 0, ""2.0"": 0, ""4.0"": 0}",0.021487618221360805,0.17676063436087625,0.9800000000000001,0.08410156249999999,50,0,0
qld-v1,qld,0.5,LBQCD-D10-contaminated,control-contaminated,missing,LBQCD-D10-contaminated/missing,1,update,0,0.7,400,400,0.26874680000764783,400,51200,51200,51200,3932160,501760.0,0,0,0,"{""0.2"": 0, ""0.5"": 0, ""1.0"": 0, ""2.0"": 0, ""4.0"": 0}",0.027386826360647376,0.16133023895577517,0.9800000000000001,0.08214843749999999,100,0,0
qld-v1,qld,0.5,LBQCD-D10-contaminated,control-contaminated,missing,LBQCD-D10-contaminated/missing,2,update,0,0.7,400,400,0.3039712000027066,400,51200,51200,51200,3932160,501760.0,0,0,0,"{""0.2"": 0, ""0.5"": 0, ""1.0"": 0, ""2.0"": 0, ""4.0"": 0}",0.015569268030477978,0.17135679415516505,0.9800000000000001,0.10656249999999999,100,0,0
rsr-M1024-f0.60-e,rsr,0.5,LBQCD-D10-contaminated,control-contaminated,missing,LBQCD-D10-contaminated/missing,0,examples,1024,0.6,40,40,0.09937880000506993,400,51200,26624,26624,524288,491520.0,0,0,0,"{""0.2"": 0, ""0.5"": 0, ""1.0"": 0, ""2.0"": 0, ""4.0"": 0}",0.41566587467387617,1.3089371206750808,0.9800000000000001,0.5276171875000001,40,1,0
rsr-M1024-f0.60-e,rsr,0.5,LBQCD-D10-contaminated,control-contaminated,missing,LBQCD-D10-contaminated/missing,1,examples,1024,0.6,40,40,0.11564249999355525,400,51200,26624,26624,524288,491520.0,0,0,0,"{""0.2"": 0, ""0.5"": 0, ""1.0"": 0, ""2.0"": 0, ""4.0"": 0}",0.4873577509931608,1.5052876571890768,0.8400000000000001,0.5991796875000001,40,1,0
rsr-M1024-f0.60-e,rsr,0.5,LBQCD-D10-contaminated,control-contaminated,missing,LBQCD-D10-contaminated/missing,2,examples,1024,0.6,40,40,0.11151420000533108,400,51200,26624,26624,524288,491520.0,0,0,0,"{""0.2"": 0, ""0.5"": 0, ""1.0"": 0, ""2.0"": 0, ""4.0"": 0}",0.7194411548482789,1.4482958656969582,0.8400000000000001,0.6275000000000001,40,1,0
rsr-M1024-f0.60-u,rsr,0.5,LBQCD-D10-contaminated,control-contaminated,missing,LBQCD-D10-contaminated/missing,0,update,1024,0.6,400,400,1.096567899992806,4000,512000,266240,266240,5242880,4915200.0,0,0,0,"{""0.2"": 0, ""0.5"": 0, ""1.0"": 0, ""2.0"": 0, ""4.0"": 0}",0.03346446652402979,0.19265439711838972,0.9800000000000001,0.11242187499999999,50,0,0
rsr-M1024-f0.60-u,rsr,0.5,LBQCD-D10-contaminated,control-contaminated,missing,LBQCD-D10-contaminated/missing,1,update,1024,0.6,400,400,1.200757300000987,4000,512000,266240,266240,5242880,4915200.0,0,0,0,"{""0.2"": 0, ""0.5"": 0, ""1.0"": 0, ""2.0"": 0, ""4.0"": 0}",0.01793123952267628,0.17890805579430666,0.9800000000000001,0.07699218750000002,100,0,0
rsr-M1024-f0.60-u,rsr,0.5,LBQCD-D10-contaminated,control-contaminated,missing,LBQCD-D10-contaminated/missing,2,update,1024,0.6,400,400,1.0757997000036994,4000,512000,266240,266240,5242880,4915200.0,0,0,0,"{""0.2"": 0, ""0.5"": 0, ""1.0"": 0, ""2.0"": 0, ""4.0"": 0}",0.015186353636132743,0.17037006829951246,0.9800000000000001,0.07433593749999999,100,0,0
rsr-M1024-f0.80-e,rsr,0.5,LBQCD-D10-contaminated,control-contaminated,missing,LBQCD-D10-contaminated/missing,0,examples,1024,0.8,31,31,0.11393060001137201,406,51968,26368,26368,196608,512000.0,0,0,0,"{""0.2"": 0, ""0.5"": 0, ""1.0"": 0, ""2.0"": 0, ""4.0"": 0}",0.5142836637540102,1.4415453859313032,0.8400000000000001,0.5657031250000001,31,1,0
rsr-M1024-f0.80-e,rsr,0.5,LBQCD-D10-contaminated,control-contaminated,missing,LBQCD-D10-contaminated/missing,1,examples,1024,0.8,31,31,0.09725909998815041,406,51968,26368,26368,196608,512000.0,0,0,0,"{""0.2"": 0, ""0.5"": 0, ""1.0"": 0, ""2.0"": 0, ""4.0"": 0}",0.5812188488602881,1.6110168084001941,0.8400000000000001,0.66,31,1,0
rsr-M1024-f0.80-e,rsr,0.5,LBQCD-D10-contaminated,control-contaminated,missing,LBQCD-D10-contaminated/missing,2,examples,1024,0.8,31,31,0.08631020000029821,406,51968,26368,26368,196608,512000.0,0,0,0,"{""0.2"": 0, ""0.5"": 0, ""1.0"": 0, ""2.0"": 0, ""4.0"": 0}",0.824006464236946,1.5496109272110665,0.8400000000000001,0.7134375000000001,31,1,0
rsr-M1024-f0.80-u,rsr,0.5,LBQCD-D10-contaminated,control-contaminated,missing,LBQCD-D10-contaminated/missing,0,update,1024,0.8,400,400,1.326101500002551,5200,665600,337920,337920,2621440,6553600.0,0,0,0,"{""0.2"": 0, ""0.5"": 0, ""1.0"": 0, ""2.0"": 0, ""4.0"": 0}",0.024529589404533425,0.18858251321700986,0.9800000000000001,0.10210937500000004,50,0,0
rsr-M1024-f0.80-u,rsr,0.5,LBQCD-D10-contaminated,control-contaminated,missing,LBQCD-D10-contaminated/missing,1,update,1024,0.8,400,400,1.2099877999862656,5200,665600,337920,337920,2621440,6553600.0,0,0,0,"{""0.2"": 0, ""0.5"": 0, ""1.0"": 0, ""2.0"": 0, ""4.0"": 0}",0.021356271714498387,0.17439618897350062,0.9800000000000001,0.08703124999999999,100,0,0
rsr-M1024-f0.80-u,rsr,0.5,LBQCD-D10-contaminated,control-contaminated,missing,LBQCD-D10-contaminated/missing,2,update,1024,0.8,400,400,1.3870396999991499,5200,665600,337920,337920,2621440,6553600.0,0,0,0,"{""0.2"": 0, ""0.5"": 0, ""1.0"": 0, ""2.0"": 0, ""4.0"": 0}",0.016938328053077933,0.17565249897574634,0.9800000000000001,0.12093750000000002,100,0,0
rsr-M512-f0.60-e,rsr,0.5,LBQCD-D10-contaminated,control-contaminated,missing,LBQCD-D10-contaminated/missing,0,examples,512,0.6,77,77,0.15536459999566432,399,51072,27520,27520,1015808,423936.0,0,0,0,"{""0.2"": 0, ""0.5"": 0, ""1.0"": 0, ""2.0"": 0, ""4.0"": 0}",0.08401288280301178,0.3132316364900385,0.9800000000000001,0.22499999999999998,50,0,0
rsr-M512-f0.60-e,rsr,0.5,LBQCD-D10-contaminated,control-contaminated,missing,LBQCD-D10-contaminated/missing,1,examples,512,0.6,77,77,0.11126830001012422,399,51072,27520,27520,1015808,423936.0,0,0,0,"{""0.2"": 0, ""0.5"": 0, ""1.0"": 0, ""2.0"": 0, ""4.0"": 0}",0.04680257314506253,0.23377955139474693,0.9800000000000001,0.25109375,77,1,0
rsr-M512-f0.60-e,rsr,0.5,LBQCD-D10-contaminated,control-contaminated,missing,LBQCD-D10-contaminated/missing,2,examples,512,0.6,77,77,0.16769460000796244,399,51072,27520,27520,1015808,423936.0,0,0,0,"{""0.2"": 0, ""0.5"": 0, ""1.0"": 0, ""2.0"": 0, ""4.0"": 0}",0.03388538777011707,0.2584811668469702,0.9800000000000001,0.25179687500000003,77,1,0
rsr-M512-f0.60-u,rsr,0.5,LBQCD-D10-contaminated,control-contaminated,missing,LBQCD-D10-contaminated/missing,0,update,512,0.6,400,400,0.8511451999947894,2080,266240,143360,143360,5242880,2211840.0,0,0,0,"{""0.2"": 0, ""0.5"": 0, ""1.0"": 0, ""2.0"": 0, ""4.0"": 0}",0.03254274144354197,0.19375830018820492,0.9800000000000001,0.11605468750000002,50,0,0
rsr-M512-f0.60-u,rsr,0.5,LBQCD-D10-contaminated,control-contaminated,missing,LBQCD-D10-contaminated/missing,1,update,512,0.6,400,400,0.7299950000015087,2080,266240,143360,143360,5242880,2211840.0,0,0,0,"{""0.2"": 0, ""0.5"": 0, ""1.0"": 0, ""2.0"": 0, ""4.0"": 0}",0.014718305821344924,0.19868696633749605,0.9800000000000001,0.07378906250000004,100,0,0
rsr-M512-f0.60-u,rsr,0.5,LBQCD-D10-contaminated,control-contaminated,missing,LBQCD-D10-contaminated/missing,2,update,512,0.6,400,400,0.8871518000087235,2080,266240,143360,143360,5242880,2211840.0,0,0,0,"{""0.2"": 0, ""0.5"": 0, ""1.0"": 0, ""2.0"": 0, ""4.0"": 0}",0.014988812070444446,0.1695033639225062,0.9800000000000001,0.09066406250000002,100,0,0
rsr-M512-f0.80-e,rsr,0.5,LBQCD-D10-contaminated,control-contaminated,missing,LBQCD-D10-contaminated/missing,0,examples,512,0.8,61,61,0.1576580999972066,404,51712,26624,26624,393216,451584.0,0,0,0,"{""0.2"": 0, ""0.5"": 0, ""1.0"": 0, ""2.0"": 0, ""4.0"": 0}",0.09218959725366882,0.3281112373155514,0.9800000000000001,0.30578125,50,0,0
rsr-M512-f0.80-e,rsr,0.5,LBQCD-D10-contaminated,control-contaminated,missing,LBQCD-D10-contaminated/missing,1,examples,512,0.8,61,61,0.18148790000122972,404,51712,26624,26624,393216,451584.0,0,0,0,"{""0.2"": 0, ""0.5"": 0, ""1.0"": 0, ""2.0"": 0, ""4.0"": 0}",0.05600238846731709,0.27490917959140293,0.9800000000000001,0.3575390625,61,1,0
rsr-M512-f0.80-e,rsr,0.5,LBQCD-D10-contaminated,control-contaminated,missing,LBQCD-D10-contaminated/missing,2,examples,512,0.8,61,61,0.11614009999902919,404,51712,26624,26624,393216,451584.0,0,0,0,"{""0.2"": 0, ""0.5"": 0, ""1.0"": 0, ""2.0"": 0, ""4.0"": 0}",0.04608926108312561,0.2801637686417284,0.9800000000000001,0.303828125,61,1,0
rsr-M512-f0.80-u,rsr,0.5,LBQCD-D10-contaminated,control-contaminated,missing,LBQCD-D10-contaminated/missing,0,update,512,0.8,400,400,0.7671387000009418,2640,337920,174080,174080,2621440,2949120.0,0,0,0,"{""0.2"": 0, ""0.5"": 0, ""1.0"": 0, ""2.0"": 0, ""4.0"": 0}",0.027130059120700656,0.19381232152278677,0.9800000000000001,0.12582031250000003,50,0,0
rsr-M512-f0.80-u,rsr,0.5,LBQCD-D10-contaminated,control-contaminated,missing,LBQCD-D10-contaminated/missing,1,update,512,0.8,400,400,0.8732153000019025,2640,337920,174080,174080,2621440,2949120.0,0,0,0,"{""0.2"": 0, ""0.5"": 0, ""1.0"": 0, ""2.0"": 0, ""4.0"": 0}",0.018745923963003897,0.19387950356926986,0.9800000000000001,0.06945312499999999,100,0,0
rsr-M512-f0.80-u,rsr,0.5,LBQCD-D10-contaminated,control-contaminated,missing,LBQCD-D10-contaminated/missing,2,update,512,0.8,400,400,0.8821524999948451,2640,337920,174080,174080,2621440,2949120.0,0,0,0,"{""0.2"": 0, ""0.5"": 0, ""1.0"": 0, ""2.0"": 0, ""4.0"": 0}",0.014841842810811468,0.17797926350585533,0.9800000000000001,0.09945312500000002,100,0,0
paper-0.2,paper,0.2,LBQCD-D11-heavy-t5,control-heavy-tail,concentrated,LBQCD-D11-heavy-t5/concentrated,0,update,0,0.0,400,400,0.7103911999874981,400,51200,51200,51200,13107200,0.0,0,0,0,"{""0.2"": 0, ""0.5"": 0, ""1.0"": 0, ""2.0"": 0, ""4.0"": 0}",0.018595852609591956,0.054756326498591565,1.0,0.0,1,0,0
paper-0.2,paper,0.2,LBQCD-D11-heavy-t5,control-heavy-tail,concentrated,LBQCD-D11-heavy-t5/concentrated,1,update,0,0.0,400,400,0.4870664000045508,400,51200,51200,51200,13107200,0.0,0,0,0,"{""0.2"": 0, ""0.5"": 0, ""1.0"": 0, ""2.0"": 0, ""4.0"": 0}",0.010222540807300007,0.11822132038957883,1.0,0.0,1,0,0
paper-0.2,paper,0.2,LBQCD-D11-heavy-t5,control-heavy-tail,concentrated,LBQCD-D11-heavy-t5/concentrated,2,update,0,0.0,400,400,0.7001479999889852,400,51200,51200,51200,13107200,0.0,0,0,0,"{""0.2"": 0, ""0.5"": 0, ""1.0"": 0, ""2.0"": 0, ""4.0"": 0}",0.0059658043534276395,0.04244822333459276,1.0,0.0,1,0,0
paper-0.5,paper,0.5,LBQCD-D11-heavy-t5,control-heavy-tail,concentrated,LBQCD-D11-heavy-t5/concentrated,0,update,0,0.0,400,400,0.9241703000006964,400,51200,51200,51200,13107200,0.0,0,0,0,"{""0.2"": 0, ""0.5"": 0, ""1.0"": 0, ""2.0"": 0, ""4.0"": 0}",0.019586630782462366,0.12718393312213355,1.0,0.0,1,0,0
paper-0.5,paper,0.5,LBQCD-D11-heavy-t5,control-heavy-tail,concentrated,LBQCD-D11-heavy-t5/concentrated,1,update,0,0.0,400,400,0.5705976999888662,400,51200,51200,51200,13107200,0.0,0,0,0,"{""0.2"": 0, ""0.5"": 0, ""1.0"": 0, ""2.0"": 0, ""4.0"": 0}",0.007734372153204827,0.08910888197682619,1.0,0.0,1,0,0
paper-0.5,paper,0.5,LBQCD-D11-heavy-t5,control-heavy-tail,concentrated,LBQCD-D11-heavy-t5/concentrated,2,update,0,0.0,400,400,0.7406678999977885,400,51200,51200,51200,13107200,0.0,0,0,0,"{""0.2"": 0, ""0.5"": 0, ""1.0"": 0, ""2.0"": 0, ""4.0"": 0}",0.006745702797690489,0.05294498813040822,1.0,0.0,1,0,0
paper-1,paper,1.0,LBQCD-D11-heavy-t5,control-heavy-tail,concentrated,LBQCD-D11-heavy-t5/concentrated,0,update,0,0.0,400,400,0.6072993999987375,400,51200,51200,51200,13107200,0.0,0,0,0,"{""0.2"": 0, ""0.5"": 0, ""1.0"": 0, ""2.0"": 0, ""4.0"": 0}",0.019713353228908215,0.1370357801722529,1.0,0.0,1,0,0
paper-1,paper,1.0,LBQCD-D11-heavy-t5,control-heavy-tail,concentrated,LBQCD-D11-heavy-t5/concentrated,1,update,0,0.0,400,400,0.5331766000017524,400,51200,51200,51200,13107200,0.0,0,0,0,"{""0.2"": 0, ""0.5"": 0, ""1.0"": 0, ""2.0"": 0, ""4.0"": 0}",0.009350332527435778,0.12195491920764161,1.0,0.0,1,0,0
paper-1,paper,1.0,LBQCD-D11-heavy-t5,control-heavy-tail,concentrated,LBQCD-D11-heavy-t5/concentrated,2,update,0,0.0,400,400,0.47353770000336226,400,51200,51200,51200,13107200,0.0,0,0,0,"{""0.2"": 0, ""0.5"": 0, ""1.0"": 0, ""2.0"": 0, ""4.0"": 0}",0.00594618265558422,0.10415910340927967,1.0,0.0,1,0,0
paper-2,paper,2.0,LBQCD-D11-heavy-t5,control-heavy-tail,concentrated,LBQCD-D11-heavy-t5/concentrated,0,update,0,0.0,400,400,0.49535470000409987,400,51200,51200,51200,13107200,0.0,0,0,0,"{""0.2"": 0, ""0.5"": 0, ""1.0"": 0, ""2.0"": 0, ""4.0"": 0}",0.019320927266459176,0.1268425478785988,1.0,0.0,1,0,0
paper-2,paper,2.0,LBQCD-D11-heavy-t5,control-heavy-tail,concentrated,LBQCD-D11-heavy-t5/concentrated,1,update,0,0.0,400,400,0.5615841999970144,400,51200,51200,51200,13107200,0.0,0,0,0,"{""0.2"": 0, ""0.5"": 0, ""1.0"": 0, ""2.0"": 0, ""4.0"": 0}",0.006467127759599123,0.08256998949240486,1.0,0.0,1,0,0
paper-2,paper,2.0,LBQCD-D11-heavy-t5,control-heavy-tail,concentrated,LBQCD-D11-heavy-t5/concentrated,2,update,0,0.0,400,400,0.6095639999984996,400,51200,51200,51200,13107200,0.0,0,0,0,"{""0.2"": 0, ""0.5"": 0, ""1.0"": 0, ""2.0"": 0, ""4.0"": 0}",0.00879599390058261,0.12952568512986437,1.0,0.0,1,0,0
paper-4,paper,4.0,LBQCD-D11-heavy-t5,control-heavy-tail,concentrated,LBQCD-D11-heavy-t5/concentrated,0,update,0,0.0,400,400,0.6356516999949235,400,51200,51200,51200,13107200,0.0,0,0,0,"{""0.2"": 0, ""0.5"": 0, ""1.0"": 0, ""2.0"": 0, ""4.0"": 0}",0.018503144417332917,0.09522806053674372,1.0,0.0,1,0,0
paper-4,paper,4.0,LBQCD-D11-heavy-t5,control-heavy-tail,concentrated,LBQCD-D11-heavy-t5/concentrated,1,update,0,0.0,400,400,0.4642816999985371,400,51200,51200,51200,13107200,0.0,0,0,0,"{""0.2"": 0, ""0.5"": 0, ""1.0"": 0, ""2.0"": 0, ""4.0"": 0}",0.014809332669195152,0.14346429263242547,1.0,0.0,1,0,0
paper-4,paper,4.0,LBQCD-D11-heavy-t5,control-heavy-tail,concentrated,LBQCD-D11-heavy-t5/concentrated,2,update,0,0.0,400,400,0.5295844000065699,400,51200,51200,51200,13107200,0.0,0,0,0,"{""0.2"": 0, ""0.5"": 0, ""1.0"": 0, ""2.0"": 0, ""4.0"": 0}",0.0294959166148141,0.2494940735814767,1.0,0.0,1,0,0
qld-v1,qld,0.5,LBQCD-D11-heavy-t5,control-heavy-tail,concentrated,LBQCD-D11-heavy-t5/concentrated,0,update,0,0.7,400,400,0.4421105999936117,400,51200,51200,51200,3932160,501760.0,0,0,0,"{""0.2"": 0, ""0.5"": 0, ""1.0"": 0, ""2.0"": 0, ""4.0"": 0}",0.014203402425411626,0.051385957243246565,1.0,0.0,1,0,0
qld-v1,qld,0.5,LBQCD-D11-heavy-t5,control-heavy-tail,concentrated,LBQCD-D11-heavy-t5/concentrated,1,update,0,0.7,400,400,0.2847972000017762,400,51200,51200,51200,3932160,501760.0,0,0,0,"{""0.2"": 0, ""0.5"": 0, ""1.0"": 0, ""2.0"": 0, ""4.0"": 0}",0.003115772906914005,0.058144775076870166,1.0,0.0,1,0,0
qld-v1,qld,0.5,LBQCD-D11-heavy-t5,control-heavy-tail,concentrated,LBQCD-D11-heavy-t5/concentrated,2,update,0,0.7,400,400,0.34715839999262244,400,51200,51200,51200,3932160,501760.0,0,0,0,"{""0.2"": 0, ""0.5"": 0, ""1.0"": 0, ""2.0"": 0, ""4.0"": 0}",0.006478972277704553,0.03692697885740817,1.0,0.0,1,0,0
rsr-M1024-f0.60-e,rsr,0.5,LBQCD-D11-heavy-t5,control-heavy-tail,concentrated,LBQCD-D11-heavy-t5/concentrated,0,examples,1024,0.6,40,40,0.11677409999538213,400,51200,26624,26624,524288,491520.0,0,0,0,"{""0.2"": 0, ""0.5"": 0, ""1.0"": 0, ""2.0"": 0, ""4.0"": 0}",0.06484741871655442,0.3345236342196984,1.0,0.0,1,0,0
rsr-M1024-f0.60-e,rsr,0.5,LBQCD-D11-heavy-t5,control-heavy-tail,concentrated,LBQCD-D11-heavy-t5/concentrated,1,examples,1024,0.6,40,40,0.12937689998943824,400,51200,26624,26624,524288,491520.0,0,0,0,"{""0.2"": 0, ""0.5"": 0, ""1.0"": 0, ""2.0"": 0, ""4.0"": 0}",0.09222479094814462,0.3439376059528699,1.0,0.0,1,0,0
rsr-M1024-f0.60-e,rsr,0.5,LBQCD-D11-heavy-t5,control-heavy-tail,concentrated,LBQCD-D11-heavy-t5/concentrated,2,examples,1024,0.6,40,40,0.10018470000068191,400,51200,26624,26624,524288,491520.0,0,0,0,"{""0.2"": 0, ""0.5"": 0, ""1.0"": 0, ""2.0"": 0, ""4.0"": 0}",0.04762408520223427,0.32087570660670955,1.0,0.0,1,0,0
rsr-M1024-f0.60-u,rsr,0.5,LBQCD-D11-heavy-t5,control-heavy-tail,concentrated,LBQCD-D11-heavy-t5/concentrated,0,update,1024,0.6,400,400,1.0726625999959651,4000,512000,266240,266240,5242880,4915200.0,0,0,0,"{""0.2"": 0, ""0.5"": 0, ""1.0"": 0, ""2.0"": 0, ""4.0"": 0}",0.02548485658818711,0.06460774139817248,1.0,0.0,1,0,0
rsr-M1024-f0.60-u,rsr,0.5,LBQCD-D11-heavy-t5,control-heavy-tail,concentrated,LBQCD-D11-heavy-t5/concentrated,1,update,1024,0.6,400,400,1.000722400000086,4000,512000,266240,266240,5242880,4915200.0,0,0,0,"{""0.2"": 0, ""0.5"": 0, ""1.0"": 0, ""2.0"": 0, ""4.0"": 0}",0.002233731986667653,0.05017218630414316,1.0,0.0,1,0,0
rsr-M1024-f0.60-u,rsr,0.5,LBQCD-D11-heavy-t5,control-heavy-tail,concentrated,LBQCD-D11-heavy-t5/concentrated,2,update,1024,0.6,400,400,1.0792211000079988,4000,512000,266240,266240,5242880,4915200.0,0,0,0,"{""0.2"": 0, ""0.5"": 0, ""1.0"": 0, ""2.0"": 0, ""4.0"": 0}",0.005737187045244063,0.04473610265494045,1.0,0.0,1,0,0
rsr-M1024-f0.80-e,rsr,0.5,LBQCD-D11-heavy-t5,control-heavy-tail,concentrated,LBQCD-D11-heavy-t5/concentrated,0,examples,1024,0.8,31,31,0.08907929999986663,406,51968,26368,26368,196608,512000.0,0,0,0,"{""0.2"": 0, ""0.5"": 0, ""1.0"": 0, ""2.0"": 0, ""4.0"": 0}",0.07572239335336772,0.3677096778635918,1.0,0.0,1,0,0
rsr-M1024-f0.80-e,rsr,0.5,LBQCD-D11-heavy-t5,control-heavy-tail,concentrated,LBQCD-D11-heavy-t5/concentrated,1,examples,1024,0.8,31,31,0.11884389999613632,406,51968,26368,26368,196608,512000.0,0,0,0,"{""0.2"": 0, ""0.5"": 0, ""1.0"": 0, ""2.0"": 0, ""4.0"": 0}",0.11544026813790831,0.3894639157463458,1.0,0.0,1,0,0
rsr-M1024-f0.80-e,rsr,0.5,LBQCD-D11-heavy-t5,control-heavy-tail,concentrated,LBQCD-D11-heavy-t5/concentrated,2,examples,1024,0.8,31,31,0.10310939999180846,406,51968,26368,26368,196608,512000.0,0,0,0,"{""0.2"": 0, ""0.5"": 0, ""1.0"": 0, ""2.0"": 0, ""4.0"": 0}",0.07342410092730689,0.3864536786177644,1.0,0.0,1,0,0
rsr-M1024-f0.80-u,rsr,0.5,LBQCD-D11-heavy-t5,control-heavy-tail,concentrated,LBQCD-D11-heavy-t5/concentrated,0,update,1024,0.8,400,400,1.2410109999909764,5200,665600,337920,337920,2621440,6553600.0,0,0,0,"{""0.2"": 0, ""0.5"": 0, ""1.0"": 0, ""2.0"": 0, ""4.0"": 0}",0.03001301719406979,0.0835444896145277,1.0,0.0,1,0,0
rsr-M1024-f0.80-u,rsr,0.5,LBQCD-D11-heavy-t5,control-heavy-tail,concentrated,LBQCD-D11-heavy-t5/concentrated,1,update,1024,0.8,400,400,1.1120118999970146,5200,665600,337920,337920,2621440,6553600.0,0,0,0,"{""0.2"": 0, ""0.5"": 0, ""1.0"": 0, ""2.0"": 0, ""4.0"": 0}",0.0023084280087353193,0.030863289343223056,1.0,0.0,1,0,0
rsr-M1024-f0.80-u,rsr,0.5,LBQCD-D11-heavy-t5,control-heavy-tail,concentrated,LBQCD-D11-heavy-t5/concentrated,2,update,1024,0.8,400,400,1.1942887000041083,5200,665600,337920,337920,2621440,6553600.0,0,0,0,"{""0.2"": 0, ""0.5"": 0, ""1.0"": 0, ""2.0"": 0, ""4.0"": 0}",0.003965726944616055,0.05296350113781223,1.0,0.0,1,0,0
rsr-M512-f0.60-e,rsr,0.5,LBQCD-D11-heavy-t5,control-heavy-tail,concentrated,LBQCD-D11-heavy-t5/concentrated,0,examples,512,0.6,77,77,0.1014316999935545,399,51072,27520,27520,1015808,423936.0,0,0,0,"{""0.2"": 0, ""0.5"": 0, ""1.0"": 0, ""2.0"": 0, ""4.0"": 0}",0.01838397697776295,0.09963701314115739,1.0,0.0,1,0,0
rsr-M512-f0.60-e,rsr,0.5,LBQCD-D11-heavy-t5,control-heavy-tail,concentrated,LBQCD-D11-heavy-t5/concentrated,1,examples,512,0.6,77,77,0.1365600999997696,399,51072,27520,27520,1015808,423936.0,0,0,0,"{""0.2"": 0, ""0.5"": 0, ""1.0"": 0, ""2.0"": 0, ""4.0"": 0}",0.007300775391107184,0.07934387190358913,1.0,0.0,1,0,0
rsr-M512-f0.60-e,rsr,0.5,LBQCD-D11-heavy-t5,control-heavy-tail,concentrated,LBQCD-D11-heavy-t5/concentrated,2,examples,512,0.6,77,77,0.11718109999492299,399,51072,27520,27520,1015808,423936.0,0,0,0,"{""0.2"": 0, ""0.5"": 0, ""1.0"": 0, ""2.0"": 0, ""4.0"": 0}",0.007826702172502031,0.08463828669820397,1.0,0.0,1,0,0
rsr-M512-f0.60-u,rsr,0.5,LBQCD-D11-heavy-t5,control-heavy-tail,concentrated,LBQCD-D11-heavy-t5/concentrated,0,update,512,0.6,400,400,0.7522135999897728,2080,266240,143360,143360,5242880,2211840.0,0,0,0,"{""0.2"": 0, ""0.5"": 0, ""1.0"": 0, ""2.0"": 0, ""4.0"": 0}",0.009344781574488925,0.05663987235571809,1.0,0.0,1,0,0
rsr-M512-f0.60-u,rsr,0.5,LBQCD-D11-heavy-t5,control-heavy-tail,concentrated,LBQCD-D11-heavy-t5/concentrated,1,update,512,0.6,400,400,0.8417754000111017,2080,266240,143360,143360,5242880,2211840.0,0,0,0,"{""0.2"": 0, ""0.5"": 0, ""1.0"": 0, ""2.0"": 0, ""4.0"": 0}",0.002900141110099508,0.038822425021254714,1.0,0.0,1,0,0
rsr-M512-f0.60-u,rsr,0.5,LBQCD-D11-heavy-t5,control-heavy-tail,concentrated,LBQCD-D11-heavy-t5/concentrated,2,update,512,0.6,400,400,0.6470188000093913,2080,266240,143360,143360,5242880,2211840.0,0,0,0,"{""0.2"": 0, ""0.5"": 0, ""1.0"": 0, ""2.0"": 0, ""4.0"": 0}",0.004845963948487908,0.0318296106472236,1.0,0.0,1,0,0
rsr-M512-f0.80-e,rsr,0.5,LBQCD-D11-heavy-t5,control-heavy-tail,concentrated,LBQCD-D11-heavy-t5/concentrated,0,examples,512,0.8,61,61,0.10203249999904074,404,51712,26624,26624,393216,451584.0,0,0,0,"{""0.2"": 0, ""0.5"": 0, ""1.0"": 0, ""2.0"": 0, ""4.0"": 0}",0.016877870531096795,0.10638445106689084,1.0,0.0,1,0,0
rsr-M512-f0.80-e,rsr,0.5,LBQCD-D11-heavy-t5,control-heavy-tail,concentrated,LBQCD-D11-heavy-t5/concentrated,1,examples,512,0.8,61,61,0.13583939999807626,404,51712,26624,26624,393216,451584.0,0,0,0,"{""0.2"": 0, ""0.5"": 0, ""1.0"": 0, ""2.0"": 0, ""4.0"": 0}",0.010220718354347236,0.09653174629951301,1.0,0.0,1,0,0
rsr-M512-f0.80-e,rsr,0.5,LBQCD-D11-heavy-t5,control-heavy-tail,concentrated,LBQCD-D11-heavy-t5/concentrated,2,examples,512,0.8,61,61,0.11503430000448134,404,51712,26624,26624,393216,451584.0,0,0,0,"{""0.2"": 0, ""0.5"": 0, ""1.0"": 0, ""2.0"": 0, ""4.0"": 0}",0.0058709101204486025,0.10870700590848943,1.0,0.0,1,0,0
rsr-M512-f0.80-u,rsr,0.5,LBQCD-D11-heavy-t5,control-heavy-tail,concentrated,LBQCD-D11-heavy-t5/concentrated,0,update,512,0.8,400,400,0.686617400002433,2640,337920,174080,174080,2621440,2949120.0,0,0,0,"{""0.2"": 0, ""0.5"": 0, ""1.0"": 0, ""2.0"": 0, ""4.0"": 0}",0.014920787379036016,0.09444130327540806,1.0,0.0,1,0,0
rsr-M512-f0.80-u,rsr,0.5,LBQCD-D11-heavy-t5,control-heavy-tail,concentrated,LBQCD-D11-heavy-t5/concentrated,1,update,512,0.8,400,400,0.7091071000031661,2640,337920,174080,174080,2621440,2949120.0,0,0,0,"{""0.2"": 0, ""0.5"": 0, ""1.0"": 0, ""2.0"": 0, ""4.0"": 0}",0.0021115022941764483,0.04102104974792857,1.0,0.0,1,0,0
rsr-M512-f0.80-u,rsr,0.5,LBQCD-D11-heavy-t5,control-heavy-tail,concentrated,LBQCD-D11-heavy-t5/concentrated,2,update,512,0.8,400,400,0.6721336000045994,2640,337920,174080,174080,2621440,2949120.0,0,0,0,"{""0.2"": 0, ""0.5"": 0, ""1.0"": 0, ""2.0"": 0, ""4.0"": 0}",0.005839705462716616,0.03685929270148762,1.0,0.0,1,0,0
paper-0.2,paper,0.2,LBQCD-D11-heavy-t5,control-heavy-tail,missing,LBQCD-D11-heavy-t5/missing,0,update,0,0.0,400,400,0.6821698999992805,400,51200,51200,51200,13107200,0.0,0,0,0,"{""0.2"": 0, ""0.5"": 0, ""1.0"": 0, ""2.0"": 0, ""4.0"": 0}",0.00493420706473624,0.04647506631475994,1.0,0.0,1,0,0
paper-0.2,paper,0.2,LBQCD-D11-heavy-t5,control-heavy-tail,missing,LBQCD-D11-heavy-t5/missing,1,update,0,0.0,400,400,0.5048918999964371,400,51200,51200,51200,13107200,0.0,0,0,0,"{""0.2"": 0, ""0.5"": 0, ""1.0"": 0, ""2.0"": 0, ""4.0"": 0}",0.004461819346003981,0.04563192683227615,1.0,0.0,1,0,0
paper-0.2,paper,0.2,LBQCD-D11-heavy-t5,control-heavy-tail,missing,LBQCD-D11-heavy-t5/missing,2,update,0,0.0,400,400,0.4881848999939393,400,51200,51200,51200,13107200,0.0,0,0,0,"{""0.2"": 0, ""0.5"": 0, ""1.0"": 0, ""2.0"": 0, ""4.0"": 0}",0.010496871166721267,0.10126481396317422,1.0,0.0,1,0,0
paper-0.5,paper,0.5,LBQCD-D11-heavy-t5,control-heavy-tail,missing,LBQCD-D11-heavy-t5/missing,0,update,0,0.0,400,400,0.5991123999992851,400,51200,51200,51200,13107200,0.0,0,0,0,"{""0.2"": 0, ""0.5"": 0, ""1.0"": 0, ""2.0"": 0, ""4.0"": 0}",0.0049707366817304255,0.04914608766725788,1.0,0.0,1,0,0
paper-0.5,paper,0.5,LBQCD-D11-heavy-t5,control-heavy-tail,missing,LBQCD-D11-heavy-t5/missing,1,update,0,0.0,400,400,0.7869690999941668,400,51200,51200,51200,13107200,0.0,0,0,0,"{""0.2"": 0, ""0.5"": 0, ""1.0"": 0, ""2.0"": 0, ""4.0"": 0}",0.004377474283890681,0.058666453268731024,1.0,0.0,1,0,0
paper-0.5,paper,0.5,LBQCD-D11-heavy-t5,control-heavy-tail,missing,LBQCD-D11-heavy-t5/missing,2,update,0,0.0,400,400,0.7055783999967389,400,51200,51200,51200,13107200,0.0,0,0,0,"{""0.2"": 0, ""0.5"": 0, ""1.0"": 0, ""2.0"": 0, ""4.0"": 0}",0.007507694829481437,0.08564299726755374,1.0,0.0,1,0,0
paper-1,paper,1.0,LBQCD-D11-heavy-t5,control-heavy-tail,missing,LBQCD-D11-heavy-t5/missing,0,update,0,0.0,400,400,0.5904190000001108,400,51200,51200,51200,13107200,0.0,0,0,0,"{""0.2"": 0, ""0.5"": 0, ""1.0"": 0, ""2.0"": 0, ""4.0"": 0}",0.008037328400023913,0.0729349614732005,1.0,0.0,1,0,0
paper-1,paper,1.0,LBQCD-D11-heavy-t5,control-heavy-tail,missing,LBQCD-D11-heavy-t5/missing,1,update,0,0.0,400,400,0.5489864000119269,400,51200,51200,51200,13107200,0.0,0,0,0,"{""0.2"": 0, ""0.5"": 0, ""1.0"": 0, ""2.0"": 0, ""4.0"": 0}",0.003883540691270504,0.06665579726815236,1.0,0.0,1,0,0
paper-1,paper,1.0,LBQCD-D11-heavy-t5,control-heavy-tail,missing,LBQCD-D11-heavy-t5/missing,2,update,0,0.0,400,400,0.45561689999885857,400,51200,51200,51200,13107200,0.0,0,0,0,"{""0.2"": 0, ""0.5"": 0, ""1.0"": 0, ""2.0"": 0, ""4.0"": 0}",0.005625387499316403,0.09000663258342345,1.0,0.0,1,0,0
paper-2,paper,2.0,LBQCD-D11-heavy-t5,control-heavy-tail,missing,LBQCD-D11-heavy-t5/missing,0,update,0,0.0,400,400,0.6902759000076912,400,51200,51200,51200,13107200,0.0,0,0,0,"{""0.2"": 0, ""0.5"": 0, ""1.0"": 0, ""2.0"": 0, ""4.0"": 0}",0.010511273066008409,0.08426383949316149,1.0,0.0,1,0,0
paper-2,paper,2.0,LBQCD-D11-heavy-t5,control-heavy-tail,missing,LBQCD-D11-heavy-t5/missing,1,update,0,0.0,400,400,0.5400994999945397,400,51200,51200,51200,13107200,0.0,0,0,0,"{""0.2"": 0, ""0.5"": 0, ""1.0"": 0, ""2.0"": 0, ""4.0"": 0}",0.0036681751158091913,0.08207037920104611,1.0,0.0,1,0,0
paper-2,paper,2.0,LBQCD-D11-heavy-t5,control-heavy-tail,missing,LBQCD-D11-heavy-t5/missing,2,update,0,0.0,400,400,0.7239129999943543,400,51200,51200,51200,13107200,0.0,0,0,0,"{""0.2"": 0, ""0.5"": 0, ""1.0"": 0, ""2.0"": 0, ""4.0"": 0}",0.006894209392398043,0.10130415429602399,1.0,0.0,1,0,0
paper-4,paper,4.0,LBQCD-D11-heavy-t5,control-heavy-tail,missing,LBQCD-D11-heavy-t5/missing,0,update,0,0.0,400,400,0.6460312999988673,400,51200,51200,51200,13107200,0.0,0,0,0,"{""0.2"": 0, ""0.5"": 0, ""1.0"": 0, ""2.0"": 0, ""4.0"": 0}",0.012905198177890043,0.10098682621806775,1.0,0.0,1,0,0
paper-4,paper,4.0,LBQCD-D11-heavy-t5,control-heavy-tail,missing,LBQCD-D11-heavy-t5/missing,1,update,0,0.0,400,400,0.5128288999985671,400,51200,51200,51200,13107200,0.0,0,0,0,"{""0.2"": 0, ""0.5"": 0, ""1.0"": 0, ""2.0"": 0, ""4.0"": 0}",0.011134302188202216,0.14933486651567182,1.0,0.0,1,0,0
paper-4,paper,4.0,LBQCD-D11-heavy-t5,control-heavy-tail,missing,LBQCD-D11-heavy-t5/missing,2,update,0,0.0,400,400,0.533273699998972,400,51200,51200,51200,13107200,0.0,0,0,0,"{""0.2"": 0, ""0.5"": 0, ""1.0"": 0, ""2.0"": 0, ""4.0"": 0}",0.014031110220967147,0.14525047180879003,1.0,0.0,1,0,0
qld-v1,qld,0.5,LBQCD-D11-heavy-t5,control-heavy-tail,missing,LBQCD-D11-heavy-t5/missing,0,update,0,0.7,400,400,0.36922880000201985,400,51200,51200,51200,3932160,501760.0,0,0,0,"{""0.2"": 0, ""0.5"": 0, ""1.0"": 0, ""2.0"": 0, ""4.0"": 0}",0.005511017018168252,0.05023522817901599,1.0,0.0,1,0,0
qld-v1,qld,0.5,LBQCD-D11-heavy-t5,control-heavy-tail,missing,LBQCD-D11-heavy-t5/missing,1,update,0,0.7,400,400,0.3140245000104187,400,51200,51200,51200,3932160,501760.0,0,0,0,"{""0.2"": 0, ""0.5"": 0, ""1.0"": 0, ""2.0"": 0, ""4.0"": 0}",0.003442681707254147,0.048513316271181064,1.0,0.0,1,0,0
qld-v1,qld,0.5,LBQCD-D11-heavy-t5,control-heavy-tail,missing,LBQCD-D11-heavy-t5/missing,2,update,0,0.7,400,400,0.22121160000097007,400,51200,51200,51200,3932160,501760.0,0,0,0,"{""0.2"": 0, ""0.5"": 0, ""1.0"": 0, ""2.0"": 0, ""4.0"": 0}",0.006177117173516988,0.06080573379111805,1.0,0.0,1,0,0
rsr-M1024-f0.60-e,rsr,0.5,LBQCD-D11-heavy-t5,control-heavy-tail,missing,LBQCD-D11-heavy-t5/missing,0,examples,1024,0.6,40,40,0.09545550000621006,400,51200,26624,26624,524288,491520.0,0,0,0,"{""0.2"": 0, ""0.5"": 0, ""1.0"": 0, ""2.0"": 0, ""4.0"": 0}",0.016205803403093633,0.1542808416740854,1.0,0.0,1,0,0
rsr-M1024-f0.60-e,rsr,0.5,LBQCD-D11-heavy-t5,control-heavy-tail,missing,LBQCD-D11-heavy-t5/missing,1,examples,1024,0.6,40,40,0.08717560001241509,400,51200,26624,26624,524288,491520.0,0,0,0,"{""0.2"": 0, ""0.5"": 0, ""1.0"": 0, ""2.0"": 0, ""4.0"": 0}",0.01989850122133685,0.14567780167124286,1.0,0.0,1,0,0
rsr-M1024-f0.60-e,rsr,0.5,LBQCD-D11-heavy-t5,control-heavy-tail,missing,LBQCD-D11-heavy-t5/missing,2,examples,1024,0.6,40,40,0.13800399999308866,400,51200,26624,26624,524288,491520.0,0,0,0,"{""0.2"": 0, ""0.5"": 0, ""1.0"": 0, ""2.0"": 0, ""4.0"": 0}",0.054035902191491125,0.2767621016624283,1.0,0.0,1,0,0
rsr-M1024-f0.60-u,rsr,0.5,LBQCD-D11-heavy-t5,control-heavy-tail,missing,LBQCD-D11-heavy-t5/missing,0,update,1024,0.6,400,400,1.2084470999980113,4000,512000,266240,266240,5242880,4915200.0,0,0,0,"{""0.2"": 0, ""0.5"": 0, ""1.0"": 0, ""2.0"": 0, ""4.0"": 0}",0.0036517094332657596,0.030262467388089395,1.0,0.0,1,0,0
rsr-M1024-f0.60-u,rsr,0.5,LBQCD-D11-heavy-t5,control-heavy-tail,missing,LBQCD-D11-heavy-t5/missing,1,update,1024,0.6,400,400,1.13204979999864,4000,512000,266240,266240,5242880,4915200.0,0,0,0,"{""0.2"": 0, ""0.5"": 0, ""1.0"": 0, ""2.0"": 0, ""4.0"": 0}",0.00134812491282843,0.08061461852099774,1.0,0.0,1,0,0
rsr-M1024-f0.60-u,rsr,0.5,LBQCD-D11-heavy-t5,control-heavy-tail,missing,LBQCD-D11-heavy-t5/missing,2,update,1024,0.6,400,400,1.2126872999942861,4000,512000,266240,266240,5242880,4915200.0,0,0,0,"{""0.2"": 0, ""0.5"": 0, ""1.0"": 0, ""2.0"": 0, ""4.0"": 0}",0.0029038481538792293,0.047191766074538656,1.0,0.0,1,0,0
rsr-M1024-f0.80-e,rsr,0.5,LBQCD-D11-heavy-t5,control-heavy-tail,missing,LBQCD-D11-heavy-t5/missing,0,examples,1024,0.8,31,31,0.09769570000935346,406,51968,26368,26368,196608,512000.0,0,0,0,"{""0.2"": 0, ""0.5"": 0, ""1.0"": 0, ""2.0"": 0, ""4.0"": 0}",0.027703481641298877,0.21589023306931363,1.0,0.0,1,0,0
rsr-M1024-f0.80-e,rsr,0.5,LBQCD-D11-heavy-t5,control-heavy-tail,missing,LBQCD-D11-heavy-t5/missing,1,examples,1024,0.8,31,31,0.08443600000464357,406,51968,26368,26368,196608,512000.0,0,0,0,"{""0.2"": 0, ""0.5"": 0, ""1.0"": 0, ""2.0"": 0, ""4.0"": 0}",0.016571309164090664,0.15047676160885062,1.0,0.0,1,0,0
rsr-M1024-f0.80-e,rsr,0.5,LBQCD-D11-heavy-t5,control-heavy-tail,missing,LBQCD-D11-heavy-t5/missing,2,examples,1024,0.8,31,31,0.07702759999665432,406,51968,26368,26368,196608,512000.0,0,0,0,"{""0.2"": 0, ""0.5"": 0, ""1.0"": 0, ""2.0"": 0, ""4.0"": 0}",0.06596407134099103,0.3079322455419877,1.0,0.0,1,0,0
rsr-M1024-f0.80-u,rsr,0.5,LBQCD-D11-heavy-t5,control-heavy-tail,missing,LBQCD-D11-heavy-t5/missing,0,update,1024,0.8,400,400,1.1531164000043646,5200,665600,337920,337920,2621440,6553600.0,0,0,0,"{""0.2"": 0, ""0.5"": 0, ""1.0"": 0, ""2.0"": 0, ""4.0"": 0}",0.0036798017536441296,0.034486496950700114,1.0,0.0,1,0,0
rsr-M1024-f0.80-u,rsr,0.5,LBQCD-D11-heavy-t5,control-heavy-tail,missing,LBQCD-D11-heavy-t5/missing,1,update,1024,0.8,400,400,1.2943384000100195,5200,665600,337920,337920,2621440,6553600.0,0,0,0,"{""0.2"": 0, ""0.5"": 0, ""1.0"": 0, ""2.0"": 0, ""4.0"": 0}",0.0024805121581181755,0.04457784063943674,1.0,0.0,1,0,0
rsr-M1024-f0.80-u,rsr,0.5,LBQCD-D11-heavy-t5,control-heavy-tail,missing,LBQCD-D11-heavy-t5/missing,2,update,1024,0.8,400,400,1.071239400000195,5200,665600,337920,337920,2621440,6553600.0,0,0,0,"{""0.2"": 0, ""0.5"": 0, ""1.0"": 0, ""2.0"": 0, ""4.0"": 0}",0.007798845217055872,0.06783694188820322,1.0,0.0,1,0,0
rsr-M512-f0.60-e,rsr,0.5,LBQCD-D11-heavy-t5,control-heavy-tail,missing,LBQCD-D11-heavy-t5/missing,0,examples,512,0.6,77,77,0.1412765999994008,399,51072,27520,27520,1015808,423936.0,0,0,0,"{""0.2"": 0, ""0.5"": 0, ""1.0"": 0, ""2.0"": 0, ""4.0"": 0}",0.008114742450914036,0.07718906299041327,1.0,0.0,1,0,0
rsr-M512-f0.60-e,rsr,0.5,LBQCD-D11-heavy-t5,control-heavy-tail,missing,LBQCD-D11-heavy-t5/missing,1,examples,512,0.6,77,77,0.14464470000530127,399,51072,27520,27520,1015808,423936.0,0,0,0,"{""0.2"": 0, ""0.5"": 0, ""1.0"": 0, ""2.0"": 0, ""4.0"": 0}",0.0065487610034669075,0.0745047825669129,1.0,0.0,1,0,0
rsr-M512-f0.60-e,rsr,0.5,LBQCD-D11-heavy-t5,control-heavy-tail,missing,LBQCD-D11-heavy-t5/missing,2,examples,512,0.6,77,77,0.10042290001001675,399,51072,27520,27520,1015808,423936.0,0,0,0,"{""0.2"": 0, ""0.5"": 0, ""1.0"": 0, ""2.0"": 0, ""4.0"": 0}",0.005095684942960865,0.06425239070508267,1.0,0.0,1,0,0
rsr-M512-f0.60-u,rsr,0.5,LBQCD-D11-heavy-t5,control-heavy-tail,missing,LBQCD-D11-heavy-t5/missing,0,update,512,0.6,400,400,0.7144185000070138,2080,266240,143360,143360,5242880,2211840.0,0,0,0,"{""0.2"": 0, ""0.5"": 0, ""1.0"": 0, ""2.0"": 0, ""4.0"": 0}",0.004786109553303497,0.029676640513969572,1.0,0.0,1,0,0
rsr-M512-f0.60-u,rsr,0.5,LBQCD-D11-heavy-t5,control-heavy-tail,missing,LBQCD-D11-heavy-t5/missing,1,update,512,0.6,400,400,0.8037103999959072,2080,266240,143360,143360,5242880,2211840.0,0,0,0,"{""0.2"": 0, ""0.5"": 0, ""1.0"": 0, ""2.0"": 0, ""4.0"": 0}",0.00270484115803038,0.058850697249569685,1.0,0.0,1,0,0
rsr-M512-f0.60-u,rsr,0.5,LBQCD-D11-heavy-t5,control-heavy-tail,missing,LBQCD-D11-heavy-t5/missing,2,update,512,0.6,400,400,0.6340117999934591,2080,266240,143360,143360,5242880,2211840.0,0,0,0,"{""0.2"": 0, ""0.5"": 0, ""1.0"": 0, ""2.0"": 0, ""4.0"": 0}",0.007368441012135074,0.07783887946872108,1.0,0.0,1,0,0
rsr-M512-f0.80-e,rsr,0.5,LBQCD-D11-heavy-t5,control-heavy-tail,missing,LBQCD-D11-heavy-t5/missing,0,examples,512,0.8,61,61,0.09029240001109429,404,51712,26624,26624,393216,451584.0,0,0,0,"{""0.2"": 0, ""0.5"": 0, ""1.0"": 0, ""2.0"": 0, ""4.0"": 0}",0.012532311444669375,0.11448761074087821,1.0,0.0,1,0,0
rsr-M512-f0.80-e,rsr,0.5,LBQCD-D11-heavy-t5,control-heavy-tail,missing,LBQCD-D11-heavy-t5/missing,1,examples,512,0.8,61,61,0.10516290001396555,404,51712,26624,26624,393216,451584.0,0,0,0,"{""0.2"": 0, ""0.5"": 0, ""1.0"": 0, ""2.0"": 0, ""4.0"": 0}",0.006501530004887179,0.09507999675646961,1.0,0.0,1,0,0
rsr-M512-f0.80-e,rsr,0.5,LBQCD-D11-heavy-t5,control-heavy-tail,missing,LBQCD-D11-heavy-t5/missing,2,examples,512,0.8,61,61,0.09652350000396837,404,51712,26624,26624,393216,451584.0,0,0,0,"{""0.2"": 0, ""0.5"": 0, ""1.0"": 0, ""2.0"": 0, ""4.0"": 0}",0.007901512100968011,0.0886601750280628,1.0,0.0,1,0,0
rsr-M512-f0.80-u,rsr,0.5,LBQCD-D11-heavy-t5,control-heavy-tail,missing,LBQCD-D11-heavy-t5/missing,0,update,512,0.8,400,400,0.6588315999979386,2640,337920,174080,174080,2621440,2949120.0,0,0,0,"{""0.2"": 0, ""0.5"": 0, ""1.0"": 0, ""2.0"": 0, ""4.0"": 0}",0.005822787484207392,0.05164090145557602,1.0,0.0,1,0,0
rsr-M512-f0.80-u,rsr,0.5,LBQCD-D11-heavy-t5,control-heavy-tail,missing,LBQCD-D11-heavy-t5/missing,1,update,512,0.8,400,400,0.6201881000015419,2640,337920,174080,174080,2621440,2949120.0,0,0,0,"{""0.2"": 0, ""0.5"": 0, ""1.0"": 0, ""2.0"": 0, ""4.0"": 0}",0.0015125135700462256,0.04558431580040337,1.0,0.0,1,0,0
rsr-M512-f0.80-u,rsr,0.5,LBQCD-D11-heavy-t5,control-heavy-tail,missing,LBQCD-D11-heavy-t5/missing,2,update,512,0.8,400,400,0.7089928000059444,2640,337920,174080,174080,2621440,2949120.0,0,0,0,"{""0.2"": 0, ""0.5"": 0, ""1.0"": 0, ""2.0"": 0, ""4.0"": 0}",0.004269739047727539,0.037157275672494015,1.0,0.0,1,0,0
paper-0.2,paper,0.2,LBQCD-D12-connected-normal,control-connected,concentrated,LBQCD-D12-connected-normal/concentrated,0,update,0,0.0,400,400,0.5801079999946523,400,51200,51200,51200,13107200,0.0,0,0,0,"{""0.2"": 0, ""0.5"": 0, ""1.0"": 0, ""2.0"": 0, ""4.0"": 0}",0.00791797697645058,0.07076641041032768,1.0,0.0,1,0,0
paper-0.2,paper,0.2,LBQCD-D12-connected-normal,control-connected,concentrated,LBQCD-D12-connected-normal/concentrated,1,update,0,0.0,400,400,0.5307559999928344,400,51200,51200,51200,13107200,0.0,0,0,0,"{""0.2"": 0, ""0.5"": 0, ""1.0"": 0, ""2.0"": 0, ""4.0"": 0}",0.007044588634865345,0.06532960978722778,1.0,0.0,1,0,0
paper-0.2,paper,0.2,LBQCD-D12-connected-normal,control-connected,concentrated,LBQCD-D12-connected-normal/concentrated,2,update,0,0.0,400,400,0.5452707000076771,400,51200,51200,51200,13107200,0.0,0,0,0,"{""0.2"": 0, ""0.5"": 0, ""1.0"": 0, ""2.0"": 0, ""4.0"": 0}",0.015498945349883275,0.1357679111509257,1.0,0.0,1,0,0
paper-0.5,paper,0.5,LBQCD-D12-connected-normal,control-connected,concentrated,LBQCD-D12-connected-normal/concentrated,0,update,0,0.0,400,400,0.5782406000071205,400,51200,51200,51200,13107200,0.0,0,0,0,"{""0.2"": 0, ""0.5"": 0, ""1.0"": 0, ""2.0"": 0, ""4.0"": 0}",0.004454982439528576,0.048262786966949266,1.0,0.0,1,0,0
paper-0.5,paper,0.5,LBQCD-D12-connected-normal,control-connected,concentrated,LBQCD-D12-connected-normal/concentrated,1,update,0,0.0,400,400,0.6422677999944426,400,51200,51200,51200,13107200,0.0,0,0,0,"{""0.2"": 0, ""0.5"": 0, ""1.0"": 0, ""2.0"": 0, ""4.0"": 0}",0.00820619910517939,0.08231286896577451,1.0,0.0,1,0,0
paper-0.5,paper,0.5,LBQCD-D12-connected-normal,control-connected,concentrated,LBQCD-D12-connected-normal/concentrated,2,update,0,0.0,400,400,0.6970285999996122,400,51200,51200,51200,13107200,0.0,0,0,0,"{""0.2"": 0, ""0.5"": 0, ""1.0"": 0, ""2.0"": 0, ""4.0"": 0}",0.014193435519432862,0.12437400210651815,1.0,0.0,1,0,0
paper-1,paper,1.0,LBQCD-D12-connected-normal,control-connected,concentrated,LBQCD-D12-connected-normal/concentrated,0,update,0,0.0,400,400,0.5263167999946745,400,51200,51200,51200,13107200,0.0,0,0,0,"{""0.2"": 0, ""0.5"": 0, ""1.0"": 0, ""2.0"": 0, ""4.0"": 0}",0.0058234953497990904,0.0672012190513674,1.0,0.0,1,0,0
paper-1,paper,1.0,LBQCD-D12-connected-normal,control-connected,concentrated,LBQCD-D12-connected-normal/concentrated,1,update,0,0.0,400,400,0.5184455999988131,400,51200,51200,51200,13107200,0.0,0,0,0,"{""0.2"": 0, ""0.5"": 0, ""1.0"": 0, ""2.0"": 0, ""4.0"": 0}",0.00985635548490782,0.09233534325887943,1.0,0.0,1,0,0
paper-1,paper,1.0,LBQCD-D12-connected-normal,control-connected,concentrated,LBQCD-D12-connected-normal/concentrated,2,update,0,0.0,400,400,0.6014686000125948,400,51200,51200,51200,13107200,0.0,0,0,0,"{""0.2"": 0, ""0.5"": 0, ""1.0"": 0, ""2.0"": 0, ""4.0"": 0}",0.012716861982944305,0.11841352671758357,1.0,0.0,1,0,0
paper-2,paper,2.0,LBQCD-D12-connected-normal,control-connected,concentrated,LBQCD-D12-connected-normal/concentrated,0,update,0,0.0,400,400,0.5656255999929272,400,51200,51200,51200,13107200,0.0,0,0,0,"{""0.2"": 0, ""0.5"": 0, ""1.0"": 0, ""2.0"": 0, ""4.0"": 0}",0.0050148675534529286,0.08787251289983576,1.0,0.0,1,0,0
paper-2,paper,2.0,LBQCD-D12-connected-normal,control-connected,concentrated,LBQCD-D12-connected-normal/concentrated,1,update,0,0.0,400,400,0.6705096999939997,400,51200,51200,51200,13107200,0.0,0,0,0,"{""0.2"": 0, ""0.5"": 0, ""1.0"": 0, ""2.0"": 0, ""4.0"": 0}",0.01753465862166248,0.14703643173989198,1.0,0.0,1,0,0
paper-2,paper,2.0,LBQCD-D12-connected-normal,control-connected,concentrated,LBQCD-D12-connected-normal/concentrated,2,update,0,0.0,400,400,0.5956235999910859,400,51200,51200,51200,13107200,0.0,0,0,0,"{""0.2"": 0, ""0.5"": 0, ""1.0"": 0, ""2.0"": 0, ""4.0"": 0}",0.013189539985805965,0.10358542513184958,1.0,0.0,1,0,0
paper-4,paper,4.0,LBQCD-D12-connected-normal,control-connected,concentrated,LBQCD-D12-connected-normal/concentrated,0,update,0,0.0,400,400,0.5558201999956509,400,51200,51200,51200,13107200,0.0,0,0,0,"{""0.2"": 0, ""0.5"": 0, ""1.0"": 0, ""2.0"": 0, ""4.0"": 0}",0.010960373904597143,0.1499525240320675,1.0,0.0,1,0,0
paper-4,paper,4.0,LBQCD-D12-connected-normal,control-connected,concentrated,LBQCD-D12-connected-normal/concentrated,1,update,0,0.0,400,400,0.6910811999987345,400,51200,51200,51200,13107200,0.0,0,0,0,"{""0.2"": 0, ""0.5"": 0, ""1.0"": 0, ""2.0"": 0, ""4.0"": 0}",0.019992358114978348,0.16581424334838465,1.0,0.0,1,0,0
paper-4,paper,4.0,LBQCD-D12-connected-normal,control-connected,concentrated,LBQCD-D12-connected-normal/concentrated,2,update,0,0.0,400,400,0.6316294999996899,400,51200,51200,51200,13107200,0.0,0,0,0,"{""0.2"": 0, ""0.5"": 0, ""1.0"": 0, ""2.0"": 0, ""4.0"": 0}",0.026163814826642096,0.16360797827359397,1.0,0.0,1,0,0
qld-v1,qld,0.5,LBQCD-D12-connected-normal,control-connected,concentrated,LBQCD-D12-connected-normal/concentrated,0,update,0,0.7,400,400,0.3192369000025792,400,51200,51200,51200,3932160,501760.0,0,0,0,"{""0.2"": 0, ""0.5"": 0, ""1.0"": 0, ""2.0"": 0, ""4.0"": 0}",0.003789460425047464,0.03746931850138009,1.0,0.0,1,0,0
qld-v1,qld,0.5,LBQCD-D12-connected-normal,control-connected,concentrated,LBQCD-D12-connected-normal/concentrated,1,update,0,0.7,400,400,0.27361269999528304,400,51200,51200,51200,3932160,501760.0,0,0,0,"{""0.2"": 0, ""0.5"": 0, ""1.0"": 0, ""2.0"": 0, ""4.0"": 0}",0.006393169188756431,0.04852995281202067,1.0,0.0,1,0,0
qld-v1,qld,0.5,LBQCD-D12-connected-normal,control-connected,concentrated,LBQCD-D12-connected-normal/concentrated,2,update,0,0.7,400,400,0.32389519999560434,400,51200,51200,51200,3932160,501760.0,0,0,0,"{""0.2"": 0, ""0.5"": 0, ""1.0"": 0, ""2.0"": 0, ""4.0"": 0}",0.010538931462236834,0.09724491426955074,1.0,0.0,1,0,0
rsr-M1024-f0.60-e,rsr,0.5,LBQCD-D12-connected-normal,control-connected,concentrated,LBQCD-D12-connected-normal/concentrated,0,examples,1024,0.6,40,40,0.10599479998927563,400,51200,26624,26624,524288,491520.0,0,0,0,"{""0.2"": 0, ""0.5"": 0, ""1.0"": 0, ""2.0"": 0, ""4.0"": 0}",0.05746878769370034,0.3425367039127229,1.0,0.0,1,0,0
rsr-M1024-f0.60-e,rsr,0.5,LBQCD-D12-connected-normal,control-connected,concentrated,LBQCD-D12-connected-normal/concentrated,1,examples,1024,0.6,40,40,0.10062240000115708,400,51200,26624,26624,524288,491520.0,0,0,0,"{""0.2"": 0, ""0.5"": 0, ""1.0"": 0, ""2.0"": 0, ""4.0"": 0}",0.06610290783762984,0.3258210787706695,1.0,0.0,1,0,0
rsr-M1024-f0.60-e,rsr,0.5,LBQCD-D12-connected-normal,control-connected,concentrated,LBQCD-D12-connected-normal/concentrated,2,examples,1024,0.6,40,40,0.09855290000268724,400,51200,26624,26624,524288,491520.0,0,0,0,"{""0.2"": 0, ""0.5"": 0, ""1.0"": 0, ""2.0"": 0, ""4.0"": 0}",0.09406085934751163,0.3608137776124614,1.0,0.0,1,0,0
rsr-M1024-f0.60-u,rsr,0.5,LBQCD-D12-connected-normal,control-connected,concentrated,LBQCD-D12-connected-normal/concentrated,0,update,1024,0.6,400,400,0.9955912000004901,4000,512000,266240,266240,5242880,4915200.0,0,0,0,"{""0.2"": 0, ""0.5"": 0, ""1.0"": 0, ""2.0"": 0, ""4.0"": 0}",0.01102986240129189,0.0859055337950402,1.0,0.0,1,0,0
rsr-M1024-f0.60-u,rsr,0.5,LBQCD-D12-connected-normal,control-connected,concentrated,LBQCD-D12-connected-normal/concentrated,1,update,1024,0.6,400,400,1.0414168999996036,4000,512000,266240,266240,5242880,4915200.0,0,0,0,"{""0.2"": 0, ""0.5"": 0, ""1.0"": 0, ""2.0"": 0, ""4.0"": 0}",0.006047464124084634,0.04728344634867667,1.0,0.0,1,0,0
rsr-M1024-f0.60-u,rsr,0.5,LBQCD-D12-connected-normal,control-connected,concentrated,LBQCD-D12-connected-normal/concentrated,2,update,1024,0.6,400,400,0.8648508999904152,4000,512000,266240,266240,5242880,4915200.0,0,0,0,"{""0.2"": 0, ""0.5"": 0, ""1.0"": 0, ""2.0"": 0, ""4.0"": 0}",0.008246198862106091,0.1211395614726668,1.0,0.0,1,0,0
rsr-M1024-f0.80-e,rsr,0.5,LBQCD-D12-connected-normal,control-connected,concentrated,LBQCD-D12-connected-normal/concentrated,0,examples,1024,0.8,31,31,0.14235519999056123,406,51968,26368,26368,196608,512000.0,0,0,0,"{""0.2"": 0, ""0.5"": 0, ""1.0"": 0, ""2.0"": 0, ""4.0"": 0}",0.061861350193227915,0.3544613831961853,1.0,0.0,1,0,0
rsr-M1024-f0.80-e,rsr,0.5,LBQCD-D12-connected-normal,control-connected,concentrated,LBQCD-D12-connected-normal/concentrated,1,examples,1024,0.8,31,31,0.10744890000205487,406,51968,26368,26368,196608,512000.0,0,0,0,"{""0.2"": 0, ""0.5"": 0, ""1.0"": 0, ""2.0"": 0, ""4.0"": 0}",0.06237279896934256,0.3187602269961249,1.0,0.0,1,0,0
rsr-M1024-f0.80-e,rsr,0.5,LBQCD-D12-connected-normal,control-connected,concentrated,LBQCD-D12-connected-normal/concentrated,2,examples,1024,0.8,31,31,0.10354379999625962,406,51968,26368,26368,196608,512000.0,0,0,0,"{""0.2"": 0, ""0.5"": 0, ""1.0"": 0, ""2.0"": 0, ""4.0"": 0}",0.09124820587766358,0.353639640478649,1.0,0.0,1,0,0
rsr-M1024-f0.80-u,rsr,0.5,LBQCD-D12-connected-normal,control-connected,concentrated,LBQCD-D12-connected-normal/concentrated,0,update,1024,0.8,400,400,1.060732400001143,5200,665600,337920,337920,2621440,6553600.0,0,0,0,"{""0.2"": 0, ""0.5"": 0, ""1.0"": 0, ""2.0"": 0, ""4.0"": 0}",0.00533216690520244,0.03896432462513317,1.0,0.0,1,0,0
rsr-M1024-f0.80-u,rsr,0.5,LBQCD-D12-connected-normal,control-connected,concentrated,LBQCD-D12-connected-normal/concentrated,1,update,1024,0.8,400,400,1.077504200002295,5200,665600,337920,337920,2621440,6553600.0,0,0,0,"{""0.2"": 0, ""0.5"": 0, ""1.0"": 0, ""2.0"": 0, ""4.0"": 0}",0.007106805574123243,0.05415664940412422,1.0,0.0,1,0,0
rsr-M1024-f0.80-u,rsr,0.5,LBQCD-D12-connected-normal,control-connected,concentrated,LBQCD-D12-connected-normal/concentrated,2,update,1024,0.8,400,400,1.0318898999976227,5200,665600,337920,337920,2621440,6553600.0,0,0,0,"{""0.2"": 0, ""0.5"": 0, ""1.0"": 0, ""2.0"": 0, ""4.0"": 0}",0.005996266386800508,0.1123957027202999,1.0,0.0,1,0,0
rsr-M512-f0.60-e,rsr,0.5,LBQCD-D12-connected-normal,control-connected,concentrated,LBQCD-D12-connected-normal/concentrated,0,examples,512,0.6,77,77,0.15420939998875838,399,51072,27520,27520,1015808,423936.0,0,0,0,"{""0.2"": 0, ""0.5"": 0, ""1.0"": 0, ""2.0"": 0, ""4.0"": 0}",0.010134576746690493,0.12159329061072585,1.0,0.0,1,0,0
rsr-M512-f0.60-e,rsr,0.5,LBQCD-D12-connected-normal,control-connected,concentrated,LBQCD-D12-connected-normal/concentrated,1,examples,512,0.6,77,77,0.12594359999638982,399,51072,27520,27520,1015808,423936.0,0,0,0,"{""0.2"": 0, ""0.5"": 0, ""1.0"": 0, ""2.0"": 0, ""4.0"": 0}",0.005840282664961505,0.07834694665827104,1.0,0.0,1,0,0
rsr-M512-f0.60-e,rsr,0.5,LBQCD-D12-connected-normal,control-connected,concentrated,LBQCD-D12-connected-normal/concentrated,2,examples,512,0.6,77,77,0.14206920001015533,399,51072,27520,27520,1015808,423936.0,0,0,0,"{""0.2"": 0, ""0.5"": 0, ""1.0"": 0, ""2.0"": 0, ""4.0"": 0}",0.00929433413651326,0.13515586500060287,1.0,0.0,1,0,0
rsr-M512-f0.60-u,rsr,0.5,LBQCD-D12-connected-normal,control-connected,concentrated,LBQCD-D12-connected-normal/concentrated,0,update,512,0.6,400,400,0.6741328000061912,2080,266240,143360,143360,5242880,2211840.0,0,0,0,"{""0.2"": 0, ""0.5"": 0, ""1.0"": 0, ""2.0"": 0, ""4.0"": 0}",0.005425053431811211,0.04490862321524075,1.0,0.0,1,0,0
rsr-M512-f0.60-u,rsr,0.5,LBQCD-D12-connected-normal,control-connected,concentrated,LBQCD-D12-connected-normal/concentrated,1,update,512,0.6,400,400,0.7119564000022365,2080,266240,143360,143360,5242880,2211840.0,0,0,0,"{""0.2"": 0, ""0.5"": 0, ""1.0"": 0, ""2.0"": 0, ""4.0"": 0}",0.006814973226115573,0.06437221838014141,1.0,0.0,1,0,0
rsr-M512-f0.60-u,rsr,0.5,LBQCD-D12-connected-normal,control-connected,concentrated,LBQCD-D12-connected-normal/concentrated,2,update,512,0.6,400,400,0.758467899999232,2080,266240,143360,143360,5242880,2211840.0,0,0,0,"{""0.2"": 0, ""0.5"": 0, ""1.0"": 0, ""2.0"": 0, ""4.0"": 0}",0.0041581488013897605,0.09377451047766908,1.0,0.0,1,0,0
rsr-M512-f0.80-e,rsr,0.5,LBQCD-D12-connected-normal,control-connected,concentrated,LBQCD-D12-connected-normal/concentrated,0,examples,512,0.8,61,61,0.09603839999181218,404,51712,26624,26624,393216,451584.0,0,0,0,"{""0.2"": 0, ""0.5"": 0, ""1.0"": 0, ""2.0"": 0, ""4.0"": 0}",0.008758638370372607,0.11734486184179105,1.0,0.0,1,0,0
rsr-M512-f0.80-e,rsr,0.5,LBQCD-D12-connected-normal,control-connected,concentrated,LBQCD-D12-connected-normal/concentrated,1,examples,512,0.8,61,61,0.14207429999078158,404,51712,26624,26624,393216,451584.0,0,0,0,"{""0.2"": 0, ""0.5"": 0, ""1.0"": 0, ""2.0"": 0, ""4.0"": 0}",0.0054993493219552825,0.07180477376034002,1.0,0.0,1,0,0
rsr-M512-f0.80-e,rsr,0.5,LBQCD-D12-connected-normal,control-connected,concentrated,LBQCD-D12-connected-normal/concentrated,2,examples,512,0.8,61,61,0.11154070000338834,404,51712,26624,26624,393216,451584.0,0,0,0,"{""0.2"": 0, ""0.5"": 0, ""1.0"": 0, ""2.0"": 0, ""4.0"": 0}",0.009411588341009747,0.12874559079110084,1.0,0.0,1,0,0
rsr-M512-f0.80-u,rsr,0.5,LBQCD-D12-connected-normal,control-connected,concentrated,LBQCD-D12-connected-normal/concentrated,0,update,512,0.8,400,400,0.6995139000064228,2640,337920,174080,174080,2621440,2949120.0,0,0,0,"{""0.2"": 0, ""0.5"": 0, ""1.0"": 0, ""2.0"": 0, ""4.0"": 0}",0.007391894508802732,0.06576064148059146,1.0,0.0,1,0,0
rsr-M512-f0.80-u,rsr,0.5,LBQCD-D12-connected-normal,control-connected,concentrated,LBQCD-D12-connected-normal/concentrated,1,update,512,0.8,400,400,0.6722872999962419,2640,337920,174080,174080,2621440,2949120.0,0,0,0,"{""0.2"": 0, ""0.5"": 0, ""1.0"": 0, ""2.0"": 0, ""4.0"": 0}",0.0023173180813111927,0.029888685539611756,1.0,0.0,1,0,0
rsr-M512-f0.80-u,rsr,0.5,LBQCD-D12-connected-normal,control-connected,concentrated,LBQCD-D12-connected-normal/concentrated,2,update,512,0.8,400,400,0.7456781999935629,2640,337920,174080,174080,2621440,2949120.0,0,0,0,"{""0.2"": 0, ""0.5"": 0, ""1.0"": 0, ""2.0"": 0, ""4.0"": 0}",0.0080805451445074,0.12208775257037131,1.0,0.0,1,0,0
paper-0.2,paper,0.2,LBQCD-D12-connected-normal,control-connected,missing,LBQCD-D12-connected-normal/missing,0,update,0,0.0,400,400,0.8164264000079129,400,51200,51200,51200,13107200,0.0,0,0,0,"{""0.2"": 0, ""0.5"": 0, ""1.0"": 0, ""2.0"": 0, ""4.0"": 0}",0.004856007635755777,0.03000442725158777,1.0,0.0,1,0,0
paper-0.2,paper,0.2,LBQCD-D12-connected-normal,control-connected,missing,LBQCD-D12-connected-normal/missing,1,update,0,0.0,400,400,0.7246618000062881,400,51200,51200,51200,13107200,0.0,0,0,0,"{""0.2"": 0, ""0.5"": 0, ""1.0"": 0, ""2.0"": 0, ""4.0"": 0}",0.004960341136188484,0.05222452408454182,1.0,0.0,1,0,0
paper-0.2,paper,0.2,LBQCD-D12-connected-normal,control-connected,missing,LBQCD-D12-connected-normal/missing,2,update,0,0.0,400,400,0.6093900999985635,400,51200,51200,51200,13107200,0.0,0,0,0,"{""0.2"": 0, ""0.5"": 0, ""1.0"": 0, ""2.0"": 0, ""4.0"": 0}",0.004515874253816499,0.06321339760713089,1.0,0.0,1,0,0
paper-0.5,paper,0.5,LBQCD-D12-connected-normal,control-connected,missing,LBQCD-D12-connected-normal/missing,0,update,0,0.0,400,400,0.4993576999986544,400,51200,51200,51200,13107200,0.0,0,0,0,"{""0.2"": 0, ""0.5"": 0, ""1.0"": 0, ""2.0"": 0, ""4.0"": 0}",0.0030003553200124156,0.04224858023994598,1.0,0.0,1,0,0
paper-0.5,paper,0.5,LBQCD-D12-connected-normal,control-connected,missing,LBQCD-D12-connected-normal/missing,1,update,0,0.0,400,400,0.5942057000065688,400,51200,51200,51200,13107200,0.0,0,0,0,"{""0.2"": 0, ""0.5"": 0, ""1.0"": 0, ""2.0"": 0, ""4.0"": 0}",0.007034032742406993,0.031103038492338607,1.0,0.0,1,0,0
paper-0.5,paper,0.5,LBQCD-D12-connected-normal,control-connected,missing,LBQCD-D12-connected-normal/missing,2,update,0,0.0,400,400,0.9064211999939289,400,51200,51200,51200,13107200,0.0,0,0,0,"{""0.2"": 0, ""0.5"": 0, ""1.0"": 0, ""2.0"": 0, ""4.0"": 0}",0.003103626926211467,0.0544515315019073,1.0,0.0,1,0,0
paper-1,paper,1.0,LBQCD-D12-connected-normal,control-connected,missing,LBQCD-D12-connected-normal/missing,0,update,0,0.0,400,400,0.7858640999911586,400,51200,51200,51200,13107200,0.0,0,0,0,"{""0.2"": 0, ""0.5"": 0, ""1.0"": 0, ""2.0"": 0, ""4.0"": 0}",0.004471085504249128,0.0631502137195567,1.0,0.0,1,0,0
paper-1,paper,1.0,LBQCD-D12-connected-normal,control-connected,missing,LBQCD-D12-connected-normal/missing,1,update,0,0.0,400,400,0.5860690999979852,400,51200,51200,51200,13107200,0.0,0,0,0,"{""0.2"": 0, ""0.5"": 0, ""1.0"": 0, ""2.0"": 0, ""4.0"": 0}",0.007336280340312085,0.0377542182535342,1.0,0.0,1,0,0
paper-1,paper,1.0,LBQCD-D12-connected-normal,control-connected,missing,LBQCD-D12-connected-normal/missing,2,update,0,0.0,400,400,0.6174490999983391,400,51200,51200,51200,13107200,0.0,0,0,0,"{""0.2"": 0, ""0.5"": 0, ""1.0"": 0, ""2.0"": 0, ""4.0"": 0}",0.003386129089726131,0.05037928096882157,1.0,0.0,1,0,0
paper-2,paper,2.0,LBQCD-D12-connected-normal,control-connected,missing,LBQCD-D12-connected-normal/missing,0,update,0,0.0,400,400,0.8645254000002751,400,51200,51200,51200,13107200,0.0,0,0,0,"{""0.2"": 0, ""0.5"": 0, ""1.0"": 0, ""2.0"": 0, ""4.0"": 0}",0.00537761046989349,0.07411085431316716,1.0,0.0,1,0,0
paper-2,paper,2.0,LBQCD-D12-connected-normal,control-connected,missing,LBQCD-D12-connected-normal/missing,1,update,0,0.0,400,400,0.7350192999874707,400,51200,51200,51200,13107200,0.0,0,0,0,"{""0.2"": 0, ""0.5"": 0, ""1.0"": 0, ""2.0"": 0, ""4.0"": 0}",0.007085016481104711,0.047716965621005254,1.0,0.0,1,0,0
paper-2,paper,2.0,LBQCD-D12-connected-normal,control-connected,missing,LBQCD-D12-connected-normal/missing,2,update,0,0.0,400,400,0.5915941999992356,400,51200,51200,51200,13107200,0.0,0,0,0,"{""0.2"": 0, ""0.5"": 0, ""1.0"": 0, ""2.0"": 0, ""4.0"": 0}",0.004130874537512819,0.05671691791159325,1.0,0.0,1,0,0
paper-4,paper,4.0,LBQCD-D12-connected-normal,control-connected,missing,LBQCD-D12-connected-normal/missing,0,update,0,0.0,400,400,0.6068070999899646,400,51200,51200,51200,13107200,0.0,0,0,0,"{""0.2"": 0, ""0.5"": 0, ""1.0"": 0, ""2.0"": 0, ""4.0"": 0}",0.006860257171374506,0.09038623195037654,1.0,0.0,1,0,0
paper-4,paper,4.0,LBQCD-D12-connected-normal,control-connected,missing,LBQCD-D12-connected-normal/missing,1,update,0,0.0,400,400,0.5722531000064919,400,51200,51200,51200,13107200,0.0,0,0,0,"{""0.2"": 0, ""0.5"": 0, ""1.0"": 0, ""2.0"": 0, ""4.0"": 0}",0.007955465993183752,0.08661020846642467,1.0,0.0,1,0,0
paper-4,paper,4.0,LBQCD-D12-connected-normal,control-connected,missing,LBQCD-D12-connected-normal/missing,2,update,0,0.0,400,400,0.6605146000074456,400,51200,51200,51200,13107200,0.0,0,0,0,"{""0.2"": 0, ""0.5"": 0, ""1.0"": 0, ""2.0"": 0, ""4.0"": 0}",0.007524273195837594,0.08006747039140746,1.0,0.0,1,0,0
qld-v1,qld,0.5,LBQCD-D12-connected-normal,control-connected,missing,LBQCD-D12-connected-normal/missing,0,update,0,0.7,400,400,0.308285099992645,400,51200,51200,51200,3932160,501760.0,0,0,0,"{""0.2"": 0, ""0.5"": 0, ""1.0"": 0, ""2.0"": 0, ""4.0"": 0}",0.0049502012306874565,0.026815571066405496,1.0,0.0,1,0,0
qld-v1,qld,0.5,LBQCD-D12-connected-normal,control-connected,missing,LBQCD-D12-connected-normal/missing,1,update,0,0.7,400,400,0.32224930000666063,400,51200,51200,51200,3932160,501760.0,0,0,0,"{""0.2"": 0, ""0.5"": 0, ""1.0"": 0, ""2.0"": 0, ""4.0"": 0}",0.005812357555426084,0.05229606008316091,1.0,0.0,1,0,0
qld-v1,qld,0.5,LBQCD-D12-connected-normal,control-connected,missing,LBQCD-D12-connected-normal/missing,2,update,0,0.7,400,400,0.33719489999930374,400,51200,51200,51200,3932160,501760.0,0,0,0,"{""0.2"": 0, ""0.5"": 0, ""1.0"": 0, ""2.0"": 0, ""4.0"": 0}",0.003795319043102152,0.07863565110306626,1.0,0.0,1,0,0
rsr-M1024-f0.60-e,rsr,0.5,LBQCD-D12-connected-normal,control-connected,missing,LBQCD-D12-connected-normal/missing,0,examples,1024,0.6,40,40,0.13274640000599902,400,51200,26624,26624,524288,491520.0,0,0,0,"{""0.2"": 0, ""0.5"": 0, ""1.0"": 0, ""2.0"": 0, ""4.0"": 0}",0.03258758734596601,0.18678926907598378,1.0,0.0,1,0,0
rsr-M1024-f0.60-e,rsr,0.5,LBQCD-D12-connected-normal,control-connected,missing,LBQCD-D12-connected-normal/missing,1,examples,1024,0.6,40,40,0.11600399999588262,400,51200,26624,26624,524288,491520.0,0,0,0,"{""0.2"": 0, ""0.5"": 0, ""1.0"": 0, ""2.0"": 0, ""4.0"": 0}",0.01412077758796948,0.1737230441677659,1.0,0.0,1,0,0
rsr-M1024-f0.60-e,rsr,0.5,LBQCD-D12-connected-normal,control-connected,missing,LBQCD-D12-connected-normal/missing,2,examples,1024,0.6,40,40,0.1206028000015067,400,51200,26624,26624,524288,491520.0,0,0,0,"{""0.2"": 0, ""0.5"": 0, ""1.0"": 0, ""2.0"": 0, ""4.0"": 0}",0.011233721446862077,0.11564697294961522,1.0,0.0,1,0,0
rsr-M1024-f0.60-u,rsr,0.5,LBQCD-D12-connected-normal,control-connected,missing,LBQCD-D12-connected-normal/missing,0,update,1024,0.6,400,400,1.146417299998575,4000,512000,266240,266240,5242880,4915200.0,0,0,0,"{""0.2"": 0, ""0.5"": 0, ""1.0"": 0, ""2.0"": 0, ""4.0"": 0}",0.011171594003768881,0.06384444122709955,1.0,0.0,1,0,0
rsr-M1024-f0.60-u,rsr,0.5,LBQCD-D12-connected-normal,control-connected,missing,LBQCD-D12-connected-normal/missing,1,update,1024,0.6,400,400,1.1352315000112867,4000,512000,266240,266240,5242880,4915200.0,0,0,0,"{""0.2"": 0, ""0.5"": 0, ""1.0"": 0, ""2.0"": 0, ""4.0"": 0}",0.005289533785705514,0.0821760619369336,1.0,0.0,1,0,0
rsr-M1024-f0.60-u,rsr,0.5,LBQCD-D12-connected-normal,control-connected,missing,LBQCD-D12-connected-normal/missing,2,update,1024,0.6,400,400,1.1112381999992067,4000,512000,266240,266240,5242880,4915200.0,0,0,0,"{""0.2"": 0, ""0.5"": 0, ""1.0"": 0, ""2.0"": 0, ""4.0"": 0}",0.0031301880631231516,0.04287800556084589,1.0,0.0,1,0,0
rsr-M1024-f0.80-e,rsr,0.5,LBQCD-D12-connected-normal,control-connected,missing,LBQCD-D12-connected-normal/missing,0,examples,1024,0.8,31,31,0.10692429999471642,406,51968,26368,26368,196608,512000.0,0,0,0,"{""0.2"": 0, ""0.5"": 0, ""1.0"": 0, ""2.0"": 0, ""4.0"": 0}",0.041654233269413865,0.22796300128484348,1.0,0.0,1,0,0
rsr-M1024-f0.80-e,rsr,0.5,LBQCD-D12-connected-normal,control-connected,missing,LBQCD-D12-connected-normal/missing,1,examples,1024,0.8,31,31,0.09969190000265371,406,51968,26368,26368,196608,512000.0,0,0,0,"{""0.2"": 0, ""0.5"": 0, ""1.0"": 0, ""2.0"": 0, ""4.0"": 0}",0.020747435016912563,0.21360011924975467,1.0,0.0,1,0,0
rsr-M1024-f0.80-e,rsr,0.5,LBQCD-D12-connected-normal,control-connected,missing,LBQCD-D12-connected-normal/missing,2,examples,1024,0.8,31,31,0.11738210001203697,406,51968,26368,26368,196608,512000.0,0,0,0,"{""0.2"": 0, ""0.5"": 0, ""1.0"": 0, ""2.0"": 0, ""4.0"": 0}",0.009083231946977355,0.10014164630225551,1.0,0.0,1,0,0
rsr-M1024-f0.80-u,rsr,0.5,LBQCD-D12-connected-normal,control-connected,missing,LBQCD-D12-connected-normal/missing,0,update,1024,0.8,400,400,1.2494355000089854,5200,665600,337920,337920,2621440,6553600.0,0,0,0,"{""0.2"": 0, ""0.5"": 0, ""1.0"": 0, ""2.0"": 0, ""4.0"": 0}",0.006670844593800851,0.03203040730508803,1.0,0.0,1,0,0
rsr-M1024-f0.80-u,rsr,0.5,LBQCD-D12-connected-normal,control-connected,missing,LBQCD-D12-connected-normal/missing,1,update,1024,0.8,400,400,1.3193600999948103,5200,665600,337920,337920,2621440,6553600.0,0,0,0,"{""0.2"": 0, ""0.5"": 0, ""1.0"": 0, ""2.0"": 0, ""4.0"": 0}",0.004728293543477591,0.07273303785158262,1.0,0.0,1,0,0
rsr-M1024-f0.80-u,rsr,0.5,LBQCD-D12-connected-normal,control-connected,missing,LBQCD-D12-connected-normal/missing,2,update,1024,0.8,400,400,1.2249716999940574,5200,665600,337920,337920,2621440,6553600.0,0,0,0,"{""0.2"": 0, ""0.5"": 0, ""1.0"": 0, ""2.0"": 0, ""4.0"": 0}",0.005443563533623186,0.08676659339734344,1.0,0.0,1,0,0
rsr-M512-f0.60-e,rsr,0.5,LBQCD-D12-connected-normal,control-connected,missing,LBQCD-D12-connected-normal/missing,0,examples,512,0.6,77,77,0.13417039999330882,399,51072,27520,27520,1015808,423936.0,0,0,0,"{""0.2"": 0, ""0.5"": 0, ""1.0"": 0, ""2.0"": 0, ""4.0"": 0}",0.012716475053361487,0.08279536741072502,1.0,0.0,1,0,0
rsr-M512-f0.60-e,rsr,0.5,LBQCD-D12-connected-normal,control-connected,missing,LBQCD-D12-connected-normal/missing,1,examples,512,0.6,77,77,0.11673180000798311,399,51072,27520,27520,1015808,423936.0,0,0,0,"{""0.2"": 0, ""0.5"": 0, ""1.0"": 0, ""2.0"": 0, ""4.0"": 0}",0.0077523637739227436,0.11459707346826688,1.0,0.0,1,0,0
rsr-M512-f0.60-e,rsr,0.5,LBQCD-D12-connected-normal,control-connected,missing,LBQCD-D12-connected-normal/missing,2,examples,512,0.6,77,77,0.1306483000080334,399,51072,27520,27520,1015808,423936.0,0,0,0,"{""0.2"": 0, ""0.5"": 0, ""1.0"": 0, ""2.0"": 0, ""4.0"": 0}",0.004657778899189724,0.07542361635864964,1.0,0.0,1,0,0
rsr-M512-f0.60-u,rsr,0.5,LBQCD-D12-connected-normal,control-connected,missing,LBQCD-D12-connected-normal/missing,0,update,512,0.6,400,400,0.7143123999994714,2080,266240,143360,143360,5242880,2211840.0,0,0,0,"{""0.2"": 0, ""0.5"": 0, ""1.0"": 0, ""2.0"": 0, ""4.0"": 0}",0.00980810216625927,0.05609024161088662,1.0,0.0,1,0,0
rsr-M512-f0.60-u,rsr,0.5,LBQCD-D12-connected-normal,control-connected,missing,LBQCD-D12-connected-normal/missing,1,update,512,0.6,400,400,0.8438386999914655,2080,266240,143360,143360,5242880,2211840.0,0,0,0,"{""0.2"": 0, ""0.5"": 0, ""1.0"": 0, ""2.0"": 0, ""4.0"": 0}",0.00606330850736625,0.08903164295256485,1.0,0.0,1,0,0
rsr-M512-f0.60-u,rsr,0.5,LBQCD-D12-connected-normal,control-connected,missing,LBQCD-D12-connected-normal/missing,2,update,512,0.6,400,400,0.7076965000014752,2080,266240,143360,143360,5242880,2211840.0,0,0,0,"{""0.2"": 0, ""0.5"": 0, ""1.0"": 0, ""2.0"": 0, ""4.0"": 0}",0.0023077631235011165,0.03140476467519996,1.0,0.0,1,0,0
rsr-M512-f0.80-e,rsr,0.5,LBQCD-D12-connected-normal,control-connected,missing,LBQCD-D12-connected-normal/missing,0,examples,512,0.8,61,61,0.12808149999182206,404,51712,26624,26624,393216,451584.0,0,0,0,"{""0.2"": 0, ""0.5"": 0, ""1.0"": 0, ""2.0"": 0, ""4.0"": 0}",0.014372888736468692,0.0944871770614831,1.0,0.0,1,0,0
rsr-M512-f0.80-e,rsr,0.5,LBQCD-D12-connected-normal,control-connected,missing,LBQCD-D12-connected-normal/missing,1,examples,512,0.8,61,61,0.11786339999525808,404,51712,26624,26624,393216,451584.0,0,0,0,"{""0.2"": 0, ""0.5"": 0, ""1.0"": 0, ""2.0"": 0, ""4.0"": 0}",0.00784318050112165,0.12080286900269023,1.0,0.0,1,0,0
rsr-M512-f0.80-e,rsr,0.5,LBQCD-D12-connected-normal,control-connected,missing,LBQCD-D12-connected-normal/missing,2,examples,512,0.8,61,61,0.13704970000253525,404,51712,26624,26624,393216,451584.0,0,0,0,"{""0.2"": 0, ""0.5"": 0, ""1.0"": 0, ""2.0"": 0, ""4.0"": 0}",0.007680575395913047,0.10430412418129434,1.0,0.0,1,0,0
rsr-M512-f0.80-u,rsr,0.5,LBQCD-D12-connected-normal,control-connected,missing,LBQCD-D12-connected-normal/missing,0,update,512,0.8,400,400,0.7468462000106229,2640,337920,174080,174080,2621440,2949120.0,0,0,0,"{""0.2"": 0, ""0.5"": 0, ""1.0"": 0, ""2.0"": 0, ""4.0"": 0}",0.005186515875384989,0.02811886990526762,1.0,0.0,1,0,0
rsr-M512-f0.80-u,rsr,0.5,LBQCD-D12-connected-normal,control-connected,missing,LBQCD-D12-connected-normal/missing,1,update,512,0.8,400,400,0.6860741999989841,2640,337920,174080,174080,2621440,2949120.0,0,0,0,"{""0.2"": 0, ""0.5"": 0, ""1.0"": 0, ""2.0"": 0, ""4.0"": 0}",0.005712424649125358,0.07015801897872782,1.0,0.0,1,0,0
rsr-M512-f0.80-u,rsr,0.5,LBQCD-D12-connected-normal,control-connected,missing,LBQCD-D12-connected-normal/missing,2,update,512,0.8,400,400,0.7604745999997249,2640,337920,174080,174080,2621440,2949120.0,0,0,0,"{""0.2"": 0, ""0.5"": 0, ""1.0"": 0, ""2.0"": 0, ""4.0"": 0}",0.0021640714171800024,0.05500176714366683,1.0,0.0,1,0,0
